run_id,protocol,composition,N,seed_index,block_index,interval_s
8Y_H0_N100_POW_seed001,POW,H0,100,1,1,764.5498573371825
8Y_H0_N100_POW_seed001,POW,H0,100,1,2,3151.947633985008
8Y_H0_N100_POW_seed001,POW,H0,100,1,3,54.41255053741315
8Y_H0_N100_POW_seed001,POW,H0,100,1,4,123.18210859939427
8Y_H0_N100_POW_seed001,POW,H0,100,1,5,116.05619480715177
8Y_H0_N100_POW_seed001,POW,H0,100,1,6,784.5033252284202
8Y_H0_N100_POW_seed001,POW,H0,100,1,7,127.02411638185276
8Y_H0_N100_POW_seed001,POW,H0,100,1,8,107.73449777134556
8Y_H0_N100_POW_seed001,POW,H0,100,1,9,177.69130951902753
8Y_H0_N100_POW_seed001,POW,H0,100,1,10,406.120799022111
8Y_H0_N100_POW_seed001,POW,H0,100,1,11,117.24063972073782
8Y_H0_N100_POW_seed001,POW,H0,100,1,12,484.2559828370886
8Y_H0_N100_POW_seed001,POW,H0,100,1,13,526.5837457707521
8Y_H0_N100_POW_seed001,POW,H0,100,1,14,277.355221990837
8Y_H0_N100_POW_seed001,POW,H0,100,1,15,972.9266152584914
8Y_H0_N100_POW_seed001,POW,H0,100,1,16,119.48192402939003
8Y_H0_N100_POW_seed001,POW,H0,100,1,17,771.3414235969503
8Y_H0_N100_POW_seed001,POW,H0,100,1,18,153.16006894961538
8Y_H0_N100_P0_ALL_seed001,P0_ALL,H0,100,1,1,765.2059315864356
8Y_H0_N100_P0_ALL_seed001,P0_ALL,H0,100,1,2,3161.537914859383
8Y_H0_N100_P0_ALL_seed001,P0_ALL,H0,100,1,3,54.41255053741315
8Y_H0_N100_P0_ALL_seed001,P0_ALL,H0,100,1,4,123.18210859939472
8Y_H0_N100_P0_ALL_seed001,P0_ALL,H0,100,1,5,116.05619480715177
8Y_H0_N100_P0_ALL_seed001,P0_ALL,H0,100,1,6,785.7344378168409
8Y_H0_N100_P0_ALL_seed001,P0_ALL,H0,100,1,7,127.02411638185276
8Y_H0_N100_P0_ALL_seed001,P0_ALL,H0,100,1,8,107.73449777134556
8Y_H0_N100_P0_ALL_seed001,P0_ALL,H0,100,1,9,177.69130951902753
8Y_H0_N100_P0_ALL_seed001,P0_ALL,H0,100,1,10,406.120799022111
8Y_H0_N100_P0_ALL_seed001,P0_ALL,H0,100,1,11,117.24063972073782
8Y_H0_N100_P0_ALL_seed001,P0_ALL,H0,100,1,12,484.2559828370886
8Y_H0_N100_P0_ALL_seed001,P0_ALL,H0,100,1,13,526.5837457707521
8Y_H0_N100_P0_ALL_seed001,P0_ALL,H0,100,1,14,277.355221990837
8Y_H0_N100_P0_ALL_seed001,P0_ALL,H0,100,1,15,975.554011795376
8Y_H0_N100_P0_ALL_seed001,P0_ALL,H0,100,1,16,119.48192402938912
8Y_H0_N100_P0_ALL_seed001,P0_ALL,H0,100,1,17,772.9514002450851
8Y_H0_N100_P0_ALL_seed001,P0_ALL,H0,100,1,18,153.16006894961538
8Y_H0_N100_P3_ENERGY_seed001,P3_ENERGY,H0,100,1,1,4361.89599668504
8Y_H0_N100_P3_ENERGY_seed001,P3_ENERGY,H0,100,1,2,724.6924815542761
8Y_H0_N100_P3_ENERGY_seed001,P3_ENERGY,H0,100,1,3,116.62105354931646
8Y_H0_N100_P3_ENERGY_seed001,P3_ENERGY,H0,100,1,4,785.4364448645529
8Y_H0_N100_P3_ENERGY_seed001,P3_ENERGY,H0,100,1,5,126.96886588880807
8Y_H0_N100_P3_ENERGY_seed001,P3_ENERGY,H0,100,1,6,107.71414064905457
8Y_H0_N100_P3_ENERGY_seed001,P3_ENERGY,H0,100,1,7,176.97650014882402
8Y_H0_N100_P3_ENERGY_seed001,P3_ENERGY,H0,100,1,8,406.4879799206301
8Y_H0_N100_P3_ENERGY_seed001,P3_ENERGY,H0,100,1,9,116.32374158019138
8Y_H0_N100_P3_ENERGY_seed001,P3_ENERGY,H0,100,1,10,1127.5179056912402
8Y_H0_N100_P3_ENERGY_seed001,P3_ENERGY,H0,100,1,11,277.430876198845
8Y_H0_N100_P3_ENERGY_seed001,P3_ENERGY,H0,100,1,12,975.6102809347758
8Y_H0_N100_P3_ENERGY_seed001,P3_ENERGY,H0,100,1,13,119.09771423830716
8Y_H0_N100_P4_RESERVE_seed001,P4_RESERVE,H0,100,1,1,1675.2059315864353
8Y_H0_N100_P4_RESERVE_seed001,P4_RESERVE,H0,100,1,2,4070.1907756915843
8Y_H0_N100_P4_RESERVE_seed001,P4_RESERVE,H0,100,1,3,664.1435714085283
8Y_H0_N100_P4_RESERVE_seed001,P4_RESERVE,H0,100,1,4,123.18210859939427
8Y_H0_N100_P4_RESERVE_seed001,P4_RESERVE,H0,100,1,5,116.05619480715177
8Y_H0_N100_P4_RESERVE_seed001,P4_RESERVE,H0,100,1,6,1384.230078587936
8Y_H0_N100_P4_RESERVE_seed001,P4_RESERVE,H0,100,1,7,183.41398946453864
8Y_H0_N100_P4_RESERVE_seed001,P4_RESERVE,H0,100,1,8,126.21946197591751
8Y_H0_N100_P4_RESERVE_seed001,P4_RESERVE,H0,100,1,9,107.330147342087
8Y_H0_N100_P4_RESERVE_seed001,P4_RESERVE,H0,100,1,10,177.07662288902975
8Y_H0_N100_P4_RESERVE_seed001,P4_RESERVE,H0,100,1,11,406.3651654375153
8Y_H0_N100_P4_RESERVE_seed001,P4_RESERVE,H0,100,1,12,116.1916489827563
8Y_H0_N100_POW_seed002,POW,H0,100,2,1,401.07324055795266
8Y_H0_N100_POW_seed002,POW,H0,100,2,2,258.8883344746805
8Y_H0_N100_POW_seed002,POW,H0,100,2,3,77.3101478815039
8Y_H0_N100_POW_seed002,POW,H0,100,2,4,284.36874472661304
8Y_H0_N100_POW_seed002,POW,H0,100,2,5,90.43034989286707
8Y_H0_N100_POW_seed002,POW,H0,100,2,6,226.53011901247623
8Y_H0_N100_POW_seed002,POW,H0,100,2,7,648.2021880392497
8Y_H0_N100_POW_seed002,POW,H0,100,2,8,852.7914842689324
8Y_H0_N100_POW_seed002,POW,H0,100,2,9,35.46935731806025
8Y_H0_N100_POW_seed002,POW,H0,100,2,10,946.5180790518634
8Y_H0_N100_POW_seed002,POW,H0,100,2,11,91.36389759394888
8Y_H0_N100_POW_seed002,POW,H0,100,2,12,670.6193957422965
8Y_H0_N100_POW_seed002,POW,H0,100,2,13,728.1167946458618
8Y_H0_N100_POW_seed002,POW,H0,100,2,14,193.2875314728526
8Y_H0_N100_POW_seed002,POW,H0,100,2,15,140.32687694868218
8Y_H0_N100_POW_seed002,POW,H0,100,2,16,216.9754017204932
8Y_H0_N100_POW_seed002,POW,H0,100,2,17,181.3286361767332
8Y_H0_N100_POW_seed002,POW,H0,100,2,18,70.96900843433377
8Y_H0_N100_POW_seed002,POW,H0,100,2,19,1414.3436097556323
8Y_H0_N100_POW_seed002,POW,H0,100,2,20,151.5316794641767
8Y_H0_N100_POW_seed002,POW,H0,100,2,21,542.1571439182208
8Y_H0_N100_POW_seed002,POW,H0,100,2,22,307.85019697634743
8Y_H0_N100_POW_seed002,POW,H0,100,2,23,306.72574923154025
8Y_H0_N100_POW_seed002,POW,H0,100,2,24,64.4326277221553
8Y_H0_N100_P0_ALL_seed002,P0_ALL,H0,100,2,1,401.07324055795266
8Y_H0_N100_P0_ALL_seed002,P0_ALL,H0,100,2,2,258.8883344746805
8Y_H0_N100_P0_ALL_seed002,P0_ALL,H0,100,2,3,77.3101478815039
8Y_H0_N100_P0_ALL_seed002,P0_ALL,H0,100,2,4,284.36874472661304
8Y_H0_N100_P0_ALL_seed002,P0_ALL,H0,100,2,5,90.43034989286707
8Y_H0_N100_P0_ALL_seed002,P0_ALL,H0,100,2,6,226.53011901247623
8Y_H0_N100_P0_ALL_seed002,P0_ALL,H0,100,2,7,650.1364421723977
8Y_H0_N100_P0_ALL_seed002,P0_ALL,H0,100,2,8,855.2421745122615
8Y_H0_N100_P0_ALL_seed002,P0_ALL,H0,100,2,9,35.46935731806025
8Y_H0_N100_P0_ALL_seed002,P0_ALL,H0,100,2,10,948.95223787346
8Y_H0_N100_P0_ALL_seed002,P0_ALL,H0,100,2,11,91.36389759394888
8Y_H0_N100_P0_ALL_seed002,P0_ALL,H0,100,2,12,674.0340840401309
8Y_H0_N100_P0_ALL_seed002,P0_ALL,H0,100,2,13,730.9581098832077
8Y_H0_N100_P0_ALL_seed002,P0_ALL,H0,100,2,14,193.2875314728526
8Y_H0_N100_P0_ALL_seed002,P0_ALL,H0,100,2,15,140.32687694868218
8Y_H0_N100_P0_ALL_seed002,P0_ALL,H0,100,2,16,216.9754017204932
8Y_H0_N100_P0_ALL_seed002,P0_ALL,H0,100,2,17,181.3286361767332
8Y_H0_N100_P0_ALL_seed002,P0_ALL,H0,100,2,18,70.96900843433377
8Y_H0_N100_P0_ALL_seed002,P0_ALL,H0,100,2,19,1418.7697092727176
8Y_H0_N100_P0_ALL_seed002,P0_ALL,H0,100,2,20,151.5316794641767
8Y_H0_N100_P0_ALL_seed002,P0_ALL,H0,100,2,21,542.1571439182208
8Y_H0_N100_P0_ALL_seed002,P0_ALL,H0,100,2,22,307.85019697634743
8Y_H0_N100_P0_ALL_seed002,P0_ALL,H0,100,2,23,306.72574923154025
8Y_H0_N100_P0_ALL_seed002,P0_ALL,H0,100,2,24,64.4326277221553
8Y_H0_N100_P3_ENERGY_seed002,P3_ENERGY,H0,100,2,1,401.07324055795266
8Y_H0_N100_P3_ENERGY_seed002,P3_ENERGY,H0,100,2,2,363.9647655507682
8Y_H0_N100_P3_ENERGY_seed002,P3_ENERGY,H0,100,2,3,77.3101478815039
8Y_H0_N100_P3_ENERGY_seed002,P3_ENERGY,H0,100,2,4,692.1399035823777
8Y_H0_N100_P3_ENERGY_seed002,P3_ENERGY,H0,100,2,5,226.8694040712992
8Y_H0_N100_P3_ENERGY_seed002,P3_ENERGY,H0,100,2,6,650.3051162593108
8Y_H0_N100_P3_ENERGY_seed002,P3_ENERGY,H0,100,2,7,854.0010242827807
8Y_H0_N100_P3_ENERGY_seed002,P3_ENERGY,H0,100,2,8,1579.5470888191348
8Y_H0_N100_P3_ENERGY_seed002,P3_ENERGY,H0,100,2,9,91.22186775448881
8Y_H0_N100_P3_ENERGY_seed002,P3_ENERGY,H0,100,2,10,673.7403824379608
8Y_H0_N100_P3_ENERGY_seed002,P3_ENERGY,H0,100,2,11,729.8474335826077
8Y_H0_N100_P3_ENERGY_seed002,P3_ENERGY,H0,100,2,12,193.21956487121224
8Y_H0_N100_P3_ENERGY_seed002,P3_ENERGY,H0,100,2,13,1384.424106563818
8Y_H0_N100_P3_ENERGY_seed002,P3_ENERGY,H0,100,2,14,70.68836417062539
8Y_H0_N100_P3_ENERGY_seed002,P3_ENERGY,H0,100,2,15,1955.7353964442182
8Y_H0_N100_P4_RESERVE_seed002,P4_RESERVE,H0,100,2,1,401.07324055795266
8Y_H0_N100_P4_RESERVE_seed002,P4_RESERVE,H0,100,2,2,363.9647655507682
8Y_H0_N100_P4_RESERVE_seed002,P4_RESERVE,H0,100,2,3,77.3101478815039
8Y_H0_N100_P4_RESERVE_seed002,P4_RESERVE,H0,100,2,4,1600.7913052875272
8Y_H0_N100_P4_RESERVE_seed002,P4_RESERVE,H0,100,2,5,226.8694040712994
8Y_H0_N100_P4_RESERVE_seed002,P4_RESERVE,H0,100,2,6,853.6348352089562
8Y_H0_N100_P4_RESERVE_seed002,P4_RESERVE,H0,100,2,7,48.20218803924945
8Y_H0_N100_P4_RESERVE_seed002,P4_RESERVE,H0,100,2,8,1762.4732028822527
8Y_H0_N100_P4_RESERVE_seed002,P4_RESERVE,H0,100,2,9,2487.8197262900067
8Y_H0_N100_P4_RESERVE_seed002,P4_RESERVE,H0,100,2,10,91.31935039932796
8Y_H0_N100_P4_RESERVE_seed002,P4_RESERVE,H0,100,2,11,345.3209540206208
8Y_H0_N100_P4_RESERVE_seed002,P4_RESERVE,H0,100,2,12,70.61939574229837
8Y_H0_N100_P4_RESERVE_seed002,P4_RESERVE,H0,100,2,13,1638.8933937600232
8Y_H0_N100_POW_seed003,POW,H0,100,3,1,113.29759947051208
8Y_H0_N100_POW_seed003,POW,H0,100,3,2,30.593034968530063
8Y_H0_N100_POW_seed003,POW,H0,100,3,3,342.1487207366871
8Y_H0_N100_POW_seed003,POW,H0,100,3,4,462.124555670331
8Y_H0_N100_POW_seed003,POW,H0,100,3,5,1684.394973237374
8Y_H0_N100_POW_seed003,POW,H0,100,3,6,1144.3795437615659
8Y_H0_N100_POW_seed003,POW,H0,100,3,7,625.3283813246258
8Y_H0_N100_POW_seed003,POW,H0,100,3,8,10.101476451972303
8Y_H0_N100_POW_seed003,POW,H0,100,3,9,1540.0729625997856
8Y_H0_N100_POW_seed003,POW,H0,100,3,10,402.1933619659858
8Y_H0_N100_POW_seed003,POW,H0,100,3,11,292.15626641859217
8Y_H0_N100_POW_seed003,POW,H0,100,3,12,32.92501970641388
8Y_H0_N100_POW_seed003,POW,H0,100,3,13,518.634045545241
8Y_H0_N100_POW_seed003,POW,H0,100,3,14,308.8470859447307
8Y_H0_N100_POW_seed003,POW,H0,100,3,15,22.30396498574737
8Y_H0_N100_POW_seed003,POW,H0,100,3,16,1846.8072073856201
8Y_H0_N100_P0_ALL_seed003,P0_ALL,H0,100,3,1,113.29759947051208
8Y_H0_N100_P0_ALL_seed003,P0_ALL,H0,100,3,2,30.593034968530063
8Y_H0_N100_P0_ALL_seed003,P0_ALL,H0,100,3,3,342.1487207366871
8Y_H0_N100_P0_ALL_seed003,P0_ALL,H0,100,3,4,462.124555670331
8Y_H0_N100_P0_ALL_seed003,P0_ALL,H0,100,3,5,1688.9719834933212
8Y_H0_N100_P0_ALL_seed003,P0_ALL,H0,100,3,6,1146.8333493015402
8Y_H0_N100_P0_ALL_seed003,P0_ALL,H0,100,3,7,627.3726378796023
8Y_H0_N100_P0_ALL_seed003,P0_ALL,H0,100,3,8,10.101476451972303
8Y_H0_N100_P0_ALL_seed003,P0_ALL,H0,100,3,9,1545.1960357403022
8Y_H0_N100_P0_ALL_seed003,P0_ALL,H0,100,3,10,402.1933619659858
8Y_H0_N100_P0_ALL_seed003,P0_ALL,H0,100,3,11,292.15626641859217
8Y_H0_N100_P0_ALL_seed003,P0_ALL,H0,100,3,12,32.92501970641388
8Y_H0_N100_P0_ALL_seed003,P0_ALL,H0,100,3,13,518.634045545241
8Y_H0_N100_P0_ALL_seed003,P0_ALL,H0,100,3,14,308.8470859447307
8Y_H0_N100_P0_ALL_seed003,P0_ALL,H0,100,3,15,22.30396498574737
8Y_H0_N100_P0_ALL_seed003,P0_ALL,H0,100,3,16,1853.6017545897666
8Y_H0_N100_P3_ENERGY_seed003,P3_ENERGY,H0,100,3,1,113.29759947051208
8Y_H0_N100_P3_ENERGY_seed003,P3_ENERGY,H0,100,3,2,590.766950760937
8Y_H0_N100_P3_ENERGY_seed003,P3_ENERGY,H0,100,3,3,342.1487207366871
8Y_H0_N100_P3_ENERGY_seed003,P3_ENERGY,H0,100,3,4,462.1245556703311
8Y_H0_N100_P3_ENERGY_seed003,P3_ENERGY,H0,100,3,5,1755.1519666952797
8Y_H0_N100_P3_ENERGY_seed003,P3_ENERGY,H0,100,3,6,1146.499513933174
8Y_H0_N100_P3_ENERGY_seed003,P3_ENERGY,H0,100,3,7,627.3726378796018
8Y_H0_N100_P3_ENERGY_seed003,P3_ENERGY,H0,100,3,8,10.101476451972303
8Y_H0_N100_P3_ENERGY_seed003,P3_ENERGY,H0,100,3,9,1545.1960357403022
8Y_H0_N100_P3_ENERGY_seed003,P3_ENERGY,H0,100,3,10,894.1219821545264
8Y_H0_N100_P3_ENERGY_seed003,P3_ENERGY,H0,100,3,11,32.46819194215823
8Y_H0_N100_P3_ENERGY_seed003,P3_ENERGY,H0,100,3,12,518.6994822236629
8Y_H0_N100_P3_ENERGY_seed003,P3_ENERGY,H0,100,3,13,308.64074572713525
8Y_H0_N100_P3_ENERGY_seed003,P3_ENERGY,H0,100,3,14,21.654048111115117
8Y_H0_N100_P4_RESERVE_seed003,P4_RESERVE,H0,100,3,1,113.29759947051208
8Y_H0_N100_P4_RESERVE_seed003,P4_RESERVE,H0,100,3,2,590.766950760937
8Y_H0_N100_P4_RESERVE_seed003,P4_RESERVE,H0,100,3,3,342.1487207366871
8Y_H0_N100_P4_RESERVE_seed003,P4_RESERVE,H0,100,3,4,462.1245556703311
8Y_H0_N100_P4_RESERVE_seed003,P4_RESERVE,H0,100,3,5,1540.3384321614874
8Y_H0_N100_P4_RESERVE_seed003,P4_RESERVE,H0,100,3,6,552.0377235084238
8Y_H0_N100_P4_RESERVE_seed003,P4_RESERVE,H0,100,3,7,2054.374383646937
8Y_H0_N100_P4_RESERVE_seed003,P4_RESERVE,H0,100,3,8,1535.3208729249181
8Y_H0_N100_P4_RESERVE_seed003,P4_RESERVE,H0,100,3,9,10.065698778021215
8Y_H0_N100_P4_RESERVE_seed003,P4_RESERVE,H0,100,3,10,1094.2050823372447
8Y_H0_N100_POW_seed004,POW,H0,100,4,1,1473.3864965654473
8Y_H0_N100_POW_seed004,POW,H0,100,4,2,482.72516831604844
8Y_H0_N100_POW_seed004,POW,H0,100,4,3,286.2877326950827
8Y_H0_N100_POW_seed004,POW,H0,100,4,4,89.22457187736018
8Y_H0_N100_POW_seed004,POW,H0,100,4,5,545.0307185055995
8Y_H0_N100_POW_seed004,POW,H0,100,4,6,1210.4209184981064
8Y_H0_N100_POW_seed004,POW,H0,100,4,7,153.42661383108134
8Y_H0_N100_POW_seed004,POW,H0,100,4,8,939.5963315151148
8Y_H0_N100_POW_seed004,POW,H0,100,4,9,894.2263992888647
8Y_H0_N100_POW_seed004,POW,H0,100,4,10,241.31551128080991
8Y_H0_N100_POW_seed004,POW,H0,100,4,11,279.61069157020574
8Y_H0_N100_POW_seed004,POW,H0,100,4,12,1238.0597212509965
8Y_H0_N100_POW_seed004,POW,H0,100,4,13,305.98901704178934
8Y_H0_N100_POW_seed004,POW,H0,100,4,14,4.964789033672787
8Y_H0_N100_POW_seed004,POW,H0,100,4,15,1004.7098179272116
8Y_H0_N100_P0_ALL_seed004,P0_ALL,H0,100,4,1,1476.1078779868003
8Y_H0_N100_P0_ALL_seed004,P0_ALL,H0,100,4,2,482.72516831604844
8Y_H0_N100_P0_ALL_seed004,P0_ALL,H0,100,4,3,286.2877326950829
8Y_H0_N100_P0_ALL_seed004,P0_ALL,H0,100,4,4,89.22457187736018
8Y_H0_N100_P0_ALL_seed004,P0_ALL,H0,100,4,5,545.030718505599
8Y_H0_N100_P0_ALL_seed004,P0_ALL,H0,100,4,6,1215.3984501050272
8Y_H0_N100_P0_ALL_seed004,P0_ALL,H0,100,4,7,153.42661383108134
8Y_H0_N100_P0_ALL_seed004,P0_ALL,H0,100,4,8,941.6763038929721
8Y_H0_N100_P0_ALL_seed004,P0_ALL,H0,100,4,9,896.3451063476077
8Y_H0_N100_P0_ALL_seed004,P0_ALL,H0,100,4,10,241.31551128080991
8Y_H0_N100_P0_ALL_seed004,P0_ALL,H0,100,4,11,279.61069157020574
8Y_H0_N100_P0_ALL_seed004,P0_ALL,H0,100,4,12,1242.6999932922636
8Y_H0_N100_P0_ALL_seed004,P0_ALL,H0,100,4,13,305.98901704178934
8Y_H0_N100_P0_ALL_seed004,P0_ALL,H0,100,4,14,4.964789033672787
8Y_H0_N100_P0_ALL_seed004,P0_ALL,H0,100,4,15,1006.0294213642364
8Y_H0_N100_P3_ENERGY_seed004,P3_ENERGY,H0,100,4,1,1771.7049423681005
8Y_H0_N100_P3_ENERGY_seed004,P3_ENERGY,H0,100,4,2,482.72516831604844
8Y_H0_N100_P3_ENERGY_seed004,P3_ENERGY,H0,100,4,3,286.28773269508247
8Y_H0_N100_P3_ENERGY_seed004,P3_ENERGY,H0,100,4,4,89.22457187736018
8Y_H0_N100_P3_ENERGY_seed004,P3_ENERGY,H0,100,4,5,1821.2418453532991
8Y_H0_N100_P3_ENERGY_seed004,P3_ENERGY,H0,100,4,6,153.5391217940105
8Y_H0_N100_P3_ENERGY_seed004,P3_ENERGY,H0,100,4,7,2212.2876195734334
8Y_H0_N100_P3_ENERGY_seed004,P3_ENERGY,H0,100,4,8,387.41485374196327
8Y_H0_N100_P3_ENERGY_seed004,P3_ENERGY,H0,100,4,9,346.5023112247409
8Y_H0_N100_P3_ENERGY_seed004,P3_ENERGY,H0,100,4,10,2412.8130683351774
8Y_H0_N100_P4_RESERVE_seed004,P4_RESERVE,H0,100,4,1,2386.1078779868003
8Y_H0_N100_P4_RESERVE_seed004,P4_RESERVE,H0,100,4,2,482.725168316048
8Y_H0_N100_P4_RESERVE_seed004,P4_RESERVE,H0,100,4,3,286.28773269508247
8Y_H0_N100_P4_RESERVE_seed004,P4_RESERVE,H0,100,4,4,89.22457187736018
8Y_H0_N100_P4_RESERVE_seed004,P4_RESERVE,H0,100,4,5,2726.71695607763
8Y_H0_N100_P4_RESERVE_seed004,P4_RESERVE,H0,100,4,6,153.5391217940105
8Y_H0_N100_P4_RESERVE_seed004,P4_RESERVE,H0,100,4,7,2349.2861244935157
8Y_H0_N100_P4_RESERVE_seed004,P4_RESERVE,H0,100,4,8,406.68398478415475
8Y_H0_N100_P4_RESERVE_seed004,P4_RESERVE,H0,100,4,9,387.40457161358063
8Y_H0_N100_P4_RESERVE_seed004,P4_RESERVE,H0,100,4,10,347.6227048390083
8Y_H0_N100_POW_seed005,POW,H0,100,5,1,49.19279409525949
8Y_H0_N100_POW_seed005,POW,H0,100,5,2,152.06111352398483
8Y_H0_N100_POW_seed005,POW,H0,100,5,3,83.89708208377851
8Y_H0_N100_POW_seed005,POW,H0,100,5,4,1131.7107718701664
8Y_H0_N100_POW_seed005,POW,H0,100,5,5,30.580588854323423
8Y_H0_N100_POW_seed005,POW,H0,100,5,6,1319.5643188605038
8Y_H0_N100_POW_seed005,POW,H0,100,5,7,392.50027513832447
8Y_H0_N100_POW_seed005,POW,H0,100,5,8,172.96623778225967
8Y_H0_N100_POW_seed005,POW,H0,100,5,9,151.59289866170002
8Y_H0_N100_POW_seed005,POW,H0,100,5,10,461.67172673495634
8Y_H0_N100_POW_seed005,POW,H0,100,5,11,559.7136360349691
8Y_H0_N100_POW_seed005,POW,H0,100,5,12,551.1487817253274
8Y_H0_N100_POW_seed005,POW,H0,100,5,13,422.9115351643395
8Y_H0_N100_POW_seed005,POW,H0,100,5,14,140.25437617871557
8Y_H0_N100_POW_seed005,POW,H0,100,5,15,998.9166231462896
8Y_H0_N100_POW_seed005,POW,H0,100,5,16,307.54601009079306
8Y_H0_N100_POW_seed005,POW,H0,100,5,17,2.3682938536449
8Y_H0_N100_POW_seed005,POW,H0,100,5,18,799.1327493107729
8Y_H0_N100_POW_seed005,POW,H0,100,5,19,667.7768804581428
8Y_H0_N100_POW_seed005,POW,H0,100,5,20,79.78567528436724
8Y_H0_N100_POW_seed005,POW,H0,100,5,21,54.866738600629105
8Y_H0_N100_POW_seed005,POW,H0,100,5,22,70.85682114772317
8Y_H0_N100_POW_seed005,POW,H0,100,5,23,903.2765644925039
8Y_H0_N100_POW_seed005,POW,H0,100,5,24,207.41127920350118
8Y_H0_N100_P0_ALL_seed005,P0_ALL,H0,100,5,1,49.19279409525949
8Y_H0_N100_P0_ALL_seed005,P0_ALL,H0,100,5,2,152.06111352398483
8Y_H0_N100_P0_ALL_seed005,P0_ALL,H0,100,5,3,83.89708208377851
8Y_H0_N100_P0_ALL_seed005,P0_ALL,H0,100,5,4,1134.160325723066
8Y_H0_N100_P0_ALL_seed005,P0_ALL,H0,100,5,5,30.580588854323423
8Y_H0_N100_P0_ALL_seed005,P0_ALL,H0,100,5,6,1323.3912516645846
8Y_H0_N100_P0_ALL_seed005,P0_ALL,H0,100,5,7,392.50027513832447
8Y_H0_N100_P0_ALL_seed005,P0_ALL,H0,100,5,8,172.96623778225967
8Y_H0_N100_P0_ALL_seed005,P0_ALL,H0,100,5,9,151.59289866170002
8Y_H0_N100_P0_ALL_seed005,P0_ALL,H0,100,5,10,461.67172673495634
8Y_H0_N100_P0_ALL_seed005,P0_ALL,H0,100,5,11,559.7136360349691
8Y_H0_N100_P0_ALL_seed005,P0_ALL,H0,100,5,12,551.1487817253274
8Y_H0_N100_P0_ALL_seed005,P0_ALL,H0,100,5,13,422.9115351643395
8Y_H0_N100_P0_ALL_seed005,P0_ALL,H0,100,5,14,140.25437617871557
8Y_H0_N100_P0_ALL_seed005,P0_ALL,H0,100,5,15,1001.1918835492197
8Y_H0_N100_P0_ALL_seed005,P0_ALL,H0,100,5,16,307.54601009079306
8Y_H0_N100_P0_ALL_seed005,P0_ALL,H0,100,5,17,2.3682938536449
8Y_H0_N100_P0_ALL_seed005,P0_ALL,H0,100,5,18,801.1667344842263
8Y_H0_N100_P0_ALL_seed005,P0_ALL,H0,100,5,19,670.4820806463949
8Y_H0_N100_P0_ALL_seed005,P0_ALL,H0,100,5,20,79.78567528436724
8Y_H0_N100_P0_ALL_seed005,P0_ALL,H0,100,5,21,54.866738600629105
8Y_H0_N100_P0_ALL_seed005,P0_ALL,H0,100,5,22,70.85682114772317
8Y_H0_N100_P0_ALL_seed005,P0_ALL,H0,100,5,23,905.2428461061627
8Y_H0_N100_P0_ALL_seed005,P0_ALL,H0,100,5,24,207.41127920350118
8Y_H0_N100_P3_ENERGY_seed005,P3_ENERGY,H0,100,5,1,49.19279409525949
8Y_H0_N100_P3_ENERGY_seed005,P3_ENERGY,H0,100,5,2,152.06111352398483
8Y_H0_N100_P3_ENERGY_seed005,P3_ENERGY,H0,100,5,3,83.89708208377851
8Y_H0_N100_P3_ENERGY_seed005,P3_ENERGY,H0,100,5,4,1133.397072490709
8Y_H0_N100_P3_ENERGY_seed005,P3_ENERGY,H0,100,5,5,30.580588854323423
8Y_H0_N100_P3_ENERGY_seed005,P3_ENERGY,H0,100,5,6,1780.9899954157484
8Y_H0_N100_P3_ENERGY_seed005,P3_ENERGY,H0,100,5,7,392.50027513832447
8Y_H0_N100_P3_ENERGY_seed005,P3_ENERGY,H0,100,5,8,1663.354363772139
8Y_H0_N100_P3_ENERGY_seed005,P3_ENERGY,H0,100,5,9,1945.5000554817916
8Y_H0_N100_P3_ENERGY_seed005,P3_ENERGY,H0,100,5,10,1001.2480160909909
8Y_H0_N100_P3_ENERGY_seed005,P3_ENERGY,H0,100,5,11,307.42632754984515
8Y_H0_N100_P3_ENERGY_seed005,P3_ENERGY,H0,100,5,12,258.238931004129
8Y_H0_N100_P3_ENERGY_seed005,P3_ENERGY,H0,100,5,13,801.1959384663751
8Y_H0_N100_P4_RESERVE_seed005,P4_RESERVE,H0,100,5,1,49.19279409525949
8Y_H0_N100_P4_RESERVE_seed005,P4_RESERVE,H0,100,5,2,152.06111352398483
8Y_H0_N100_P4_RESERVE_seed005,P4_RESERVE,H0,100,5,3,83.89708208377851
8Y_H0_N100_P4_RESERVE_seed005,P4_RESERVE,H0,100,5,4,1168.3610986994668
8Y_H0_N100_P4_RESERVE_seed005,P4_RESERVE,H0,100,5,5,533.0159051626538
8Y_H0_N100_P4_RESERVE_seed005,P4_RESERVE,H0,100,5,6,30.580588854323423
8Y_H0_N100_P4_RESERVE_seed005,P4_RESERVE,H0,100,5,7,1030.82694635777
8Y_H0_N100_P4_RESERVE_seed005,P4_RESERVE,H0,100,5,8,2087.7091655668
8Y_H0_N100_P4_RESERVE_seed005,P4_RESERVE,H0,100,5,9,391.62118952697347
8Y_H0_N100_P4_RESERVE_seed005,P4_RESERVE,H0,100,5,10,2571.6233372795823
8Y_H0_N100_P4_RESERVE_seed005,P4_RESERVE,H0,100,5,11,1629.4260734377976
8Y_H0_N100_POW_seed006,POW,H0,100,6,1,1574.6782658794416
8Y_H0_N100_POW_seed006,POW,H0,100,6,2,1884.2114337451465
8Y_H0_N100_POW_seed006,POW,H0,100,6,3,226.38672630253632
8Y_H0_N100_POW_seed006,POW,H0,100,6,4,769.2178928463372
8Y_H0_N100_POW_seed006,POW,H0,100,6,5,816.0760802381837
8Y_H0_N100_POW_seed006,POW,H0,100,6,6,241.52823586203704
8Y_H0_N100_POW_seed006,POW,H0,100,6,7,330.35649828339047
8Y_H0_N100_POW_seed006,POW,H0,100,6,8,2415.328028190963
8Y_H0_N100_POW_seed006,POW,H0,100,6,9,374.1011222752295
8Y_H0_N100_POW_seed006,POW,H0,100,6,10,289.76394081889885
8Y_H0_N100_POW_seed006,POW,H0,100,6,11,134.92852276101257
8Y_H0_N100_P0_ALL_seed006,P0_ALL,H0,100,6,1,1576.7971518196862
8Y_H0_N100_P0_ALL_seed006,P0_ALL,H0,100,6,2,1890.2286968045944
8Y_H0_N100_P0_ALL_seed006,P0_ALL,H0,100,6,3,226.38672630253632
8Y_H0_N100_P0_ALL_seed006,P0_ALL,H0,100,6,4,771.7280033539046
8Y_H0_N100_P0_ALL_seed006,P0_ALL,H0,100,6,5,818.6924411952568
8Y_H0_N100_P0_ALL_seed006,P0_ALL,H0,100,6,6,241.52823586203704
8Y_H0_N100_P0_ALL_seed006,P0_ALL,H0,100,6,7,330.35649828339047
8Y_H0_N100_P0_ALL_seed006,P0_ALL,H0,100,6,8,2423.654785703169
8Y_H0_N100_P0_ALL_seed006,P0_ALL,H0,100,6,9,374.1011222752295
8Y_H0_N100_P0_ALL_seed006,P0_ALL,H0,100,6,10,289.76394081889885
8Y_H0_N100_P0_ALL_seed006,P0_ALL,H0,100,6,11,134.92852276101257
8Y_H0_N100_P3_ENERGY_seed006,P3_ENERGY,H0,100,6,1,1576.5527366620609
8Y_H0_N100_P3_ENERGY_seed006,P3_ENERGY,H0,100,6,2,1889.3549743289118
8Y_H0_N100_P3_ENERGY_seed006,P3_ENERGY,H0,100,6,3,267.60541297050895
8Y_H0_N100_P3_ENERGY_seed006,P3_ENERGY,H0,100,6,4,939.9177479396662
8Y_H0_N100_P3_ENERGY_seed006,P3_ENERGY,H0,100,6,5,1445.9787682145588
8Y_H0_N100_P3_ENERGY_seed006,P3_ENERGY,H0,100,6,6,3024.532818899278
8Y_H0_N100_P3_ENERGY_seed006,P3_ENERGY,H0,100,6,7,373.9492472002057
8Y_H0_N100_P3_ENERGY_seed006,P3_ENERGY,H0,100,6,8,289.1675662218022
8Y_H0_N100_P4_RESERVE_seed006,P4_RESERVE,H0,100,6,1,2486.797151819686
8Y_H0_N100_P4_RESERVE_seed006,P4_RESERVE,H0,100,6,2,2798.220495243782
8Y_H0_N100_P4_RESERVE_seed006,P4_RESERVE,H0,100,6,3,267.60541297050895
8Y_H0_N100_P4_RESERVE_seed006,P4_RESERVE,H0,100,6,4,1134.8794513780294
8Y_H0_N100_P4_RESERVE_seed006,P4_RESERVE,H0,100,6,5,336.59791175018654
8Y_H0_N100_P4_RESERVE_seed006,P4_RESERVE,H0,100,6,6,1679.1227309659907
8Y_H0_N100_P4_RESERVE_seed006,P4_RESERVE,H0,100,6,7,241.39409597728627
8Y_H0_N100_POW_seed007,POW,H0,100,7,1,188.92242280648557
8Y_H0_N100_POW_seed007,POW,H0,100,7,2,2340.591384362821
8Y_H0_N100_POW_seed007,POW,H0,100,7,3,90.88599518044839
8Y_H0_N100_POW_seed007,POW,H0,100,7,4,43.15398894646705
8Y_H0_N100_POW_seed007,POW,H0,100,7,5,1424.1239600272093
8Y_H0_N100_POW_seed007,POW,H0,100,7,6,229.93793525517685
8Y_H0_N100_POW_seed007,POW,H0,100,7,7,1006.740816902493
8Y_H0_N100_POW_seed007,POW,H0,100,7,8,2456.7628328010132
8Y_H0_N100_POW_seed007,POW,H0,100,7,9,758.4279294041389
8Y_H0_N100_POW_seed007,POW,H0,100,7,10,613.6883766677238
8Y_H0_N100_P0_ALL_seed007,P0_ALL,H0,100,7,1,188.92242280648557
8Y_H0_N100_P0_ALL_seed007,P0_ALL,H0,100,7,2,2348.36139948798
8Y_H0_N100_P0_ALL_seed007,P0_ALL,H0,100,7,3,90.88599518044839
8Y_H0_N100_P0_ALL_seed007,P0_ALL,H0,100,7,4,43.15398894646705
8Y_H0_N100_P0_ALL_seed007,P0_ALL,H0,100,7,5,1429.601399082986
8Y_H0_N100_P0_ALL_seed007,P0_ALL,H0,100,7,6,229.93793525517685
8Y_H0_N100_P0_ALL_seed007,P0_ALL,H0,100,7,7,1008.319131091077
8Y_H0_N100_P0_ALL_seed007,P0_ALL,H0,100,7,8,2464.629964798176
8Y_H0_N100_P0_ALL_seed007,P0_ALL,H0,100,7,9,760.3447974414539
8Y_H0_N100_P0_ALL_seed007,P0_ALL,H0,100,7,10,616.0017218555058
8Y_H0_N100_P3_ENERGY_seed007,P3_ENERGY,H0,100,7,1,360.93563612732675
8Y_H0_N100_P3_ENERGY_seed007,P3_ENERGY,H0,100,7,2,2346.703696427596
8Y_H0_N100_P3_ENERGY_seed007,P3_ENERGY,H0,100,7,3,90.88599518044839
8Y_H0_N100_P3_ENERGY_seed007,P3_ENERGY,H0,100,7,4,43.15398894646705
8Y_H0_N100_P3_ENERGY_seed007,P3_ENERGY,H0,100,7,5,1428.0012895618247
8Y_H0_N100_P3_ENERGY_seed007,P3_ENERGY,H0,100,7,6,229.93793525517685
8Y_H0_N100_P3_ENERGY_seed007,P3_ENERGY,H0,100,7,7,1008.319131091077
8Y_H0_N100_P3_ENERGY_seed007,P3_ENERGY,H0,100,7,8,2464.337437870254
8Y_H0_N100_P3_ENERGY_seed007,P3_ENERGY,H0,100,7,9,759.3878904261946
8Y_H0_N100_P4_RESERVE_seed007,P4_RESERVE,H0,100,7,1,360.93563612732675
8Y_H0_N100_P4_RESERVE_seed007,P4_RESERVE,H0,100,7,2,1118.2464640989888
8Y_H0_N100_P4_RESERVE_seed007,P4_RESERVE,H0,100,7,3,2652.602712507373
8Y_H0_N100_P4_RESERVE_seed007,P4_RESERVE,H0,100,7,4,91.58339688049728
8Y_H0_N100_P4_RESERVE_seed007,P4_RESERVE,H0,100,7,5,42.08858188294744
8Y_H0_N100_P4_RESERVE_seed007,P4_RESERVE,H0,100,7,6,437.50314159561367
8Y_H0_N100_P4_RESERVE_seed007,P4_RESERVE,H0,100,7,7,622.6702188170111
8Y_H0_N100_P4_RESERVE_seed007,P4_RESERVE,H0,100,7,8,223.16514632943927
8Y_H0_N100_P4_RESERVE_seed007,P4_RESERVE,H0,100,7,9,230.34069741422536
8Y_H0_N100_P4_RESERVE_seed007,P4_RESERVE,H0,100,7,10,1916.3935735706418
8Y_H0_N100_POW_seed008,POW,H0,100,8,1,164.08610801067454
8Y_H0_N100_POW_seed008,POW,H0,100,8,2,1173.0456559422817
8Y_H0_N100_POW_seed008,POW,H0,100,8,3,64.52904054770966
8Y_H0_N100_POW_seed008,POW,H0,100,8,4,182.45630381289698
8Y_H0_N100_POW_seed008,POW,H0,100,8,5,1119.7153844099444
8Y_H0_N100_POW_seed008,POW,H0,100,8,6,2039.4950126317326
8Y_H0_N100_POW_seed008,POW,H0,100,8,7,67.24347573704108
8Y_H0_N100_POW_seed008,POW,H0,100,8,8,2115.577931482934
8Y_H0_N100_POW_seed008,POW,H0,100,8,9,1330.228841211684
8Y_H0_N100_POW_seed008,POW,H0,100,8,10,250.65544851345294
8Y_H0_N100_POW_seed008,POW,H0,100,8,11,176.3329165959949
8Y_H0_N100_POW_seed008,POW,H0,100,8,12,1133.7205070252076
8Y_H0_N100_P0_ALL_seed008,P0_ALL,H0,100,8,1,164.08610801067454
8Y_H0_N100_P0_ALL_seed008,P0_ALL,H0,100,8,2,1175.9865822932875
8Y_H0_N100_P0_ALL_seed008,P0_ALL,H0,100,8,3,64.52904054770966
8Y_H0_N100_P0_ALL_seed008,P0_ALL,H0,100,8,4,182.45630381289698
8Y_H0_N100_P0_ALL_seed008,P0_ALL,H0,100,8,5,1121.070757851576
8Y_H0_N100_P0_ALL_seed008,P0_ALL,H0,100,8,6,2045.973638119201
8Y_H0_N100_P0_ALL_seed008,P0_ALL,H0,100,8,7,67.24347573704108
8Y_H0_N100_P0_ALL_seed008,P0_ALL,H0,100,8,8,2123.549344381968
8Y_H0_N100_P0_ALL_seed008,P0_ALL,H0,100,8,9,1334.3642846661605
8Y_H0_N100_P0_ALL_seed008,P0_ALL,H0,100,8,10,250.65544851345294
8Y_H0_N100_P0_ALL_seed008,P0_ALL,H0,100,8,11,176.3329165959949
8Y_H0_N100_P0_ALL_seed008,P0_ALL,H0,100,8,12,1136.4836235055518
8Y_H0_N100_P3_ENERGY_seed008,P3_ENERGY,H0,100,8,1,164.08610801067454
8Y_H0_N100_P3_ENERGY_seed008,P3_ENERGY,H0,100,8,2,1990.4101552584345
8Y_H0_N100_P3_ENERGY_seed008,P3_ENERGY,H0,100,8,3,1122.2637044063358
8Y_H0_N100_P3_ENERGY_seed008,P3_ENERGY,H0,100,8,4,2046.0768862995415
8Y_H0_N100_P3_ENERGY_seed008,P3_ENERGY,H0,100,8,5,67.2597752469128
8Y_H0_N100_P3_ENERGY_seed008,P3_ENERGY,H0,100,8,6,2121.8679252768125
8Y_H0_N100_P3_ENERGY_seed008,P3_ENERGY,H0,100,8,7,2126.5437016607057
8Y_H0_N100_P3_ENERGY_seed008,P3_ENERGY,H0,100,8,8,176.93384759128276
8Y_H0_N100_P4_RESERVE_seed008,P4_RESERVE,H0,100,8,1,164.08610801067454
8Y_H0_N100_P4_RESERVE_seed008,P4_RESERVE,H0,100,8,2,2684.225604844747
8Y_H0_N100_P4_RESERVE_seed008,P4_RESERVE,H0,100,8,3,182.59081215078413
8Y_H0_N100_P4_RESERVE_seed008,P4_RESERVE,H0,100,8,4,374.4502084108158
8Y_H0_N100_P4_RESERVE_seed008,P4_RESERVE,H0,100,8,5,519.7153844099444
8Y_H0_N100_P4_RESERVE_seed008,P4_RESERVE,H0,100,8,6,846.0252810826532
8Y_H0_N100_P4_RESERVE_seed008,P4_RESERVE,H0,100,8,7,2351.6991167269425
8Y_H0_N100_P4_RESERVE_seed008,P4_RESERVE,H0,100,8,8,66.74004539023554
8Y_H0_N100_POW_seed009,POW,H0,100,9,1,64.89716742459488
8Y_H0_N100_POW_seed009,POW,H0,100,9,2,480.2304293554026
8Y_H0_N100_POW_seed009,POW,H0,100,9,3,924.982649803477
8Y_H0_N100_POW_seed009,POW,H0,100,9,4,86.67957646473792
8Y_H0_N100_POW_seed009,POW,H0,100,9,5,89.58839842096381
8Y_H0_N100_POW_seed009,POW,H0,100,9,6,1138.8535215589584
8Y_H0_N100_POW_seed009,POW,H0,100,9,7,104.10428773265312
8Y_H0_N100_POW_seed009,POW,H0,100,9,8,171.84550372340345
8Y_H0_N100_POW_seed009,POW,H0,100,9,9,2137.711520505229
8Y_H0_N100_POW_seed009,POW,H0,100,9,10,366.20384771347744
8Y_H0_N100_POW_seed009,POW,H0,100,9,11,1480.6308409259073
8Y_H0_N100_POW_seed009,POW,H0,100,9,12,48.11124133589419
8Y_H0_N100_POW_seed009,POW,H0,100,9,13,59.49941661225239
8Y_H0_N100_POW_seed009,POW,H0,100,9,14,1687.7934814369
8Y_H0_N100_POW_seed009,POW,H0,100,9,15,1068.1775834538948
8Y_H0_N100_P0_ALL_seed009,P0_ALL,H0,100,9,1,64.89716742459488
8Y_H0_N100_P0_ALL_seed009,P0_ALL,H0,100,9,2,480.2304293554026
8Y_H0_N100_P0_ALL_seed009,P0_ALL,H0,100,9,3,926.6857662992402
8Y_H0_N100_P0_ALL_seed009,P0_ALL,H0,100,9,4,86.67957646473792
8Y_H0_N100_P0_ALL_seed009,P0_ALL,H0,100,9,5,89.58839842096381
8Y_H0_N100_P0_ALL_seed009,P0_ALL,H0,100,9,6,1140.6356952172991
8Y_H0_N100_P0_ALL_seed009,P0_ALL,H0,100,9,7,104.10428773265312
8Y_H0_N100_P0_ALL_seed009,P0_ALL,H0,100,9,8,171.84550372340345
8Y_H0_N100_P0_ALL_seed009,P0_ALL,H0,100,9,9,2145.852100278131
8Y_H0_N100_P0_ALL_seed009,P0_ALL,H0,100,9,10,366.20384771347744
8Y_H0_N100_P0_ALL_seed009,P0_ALL,H0,100,9,11,1485.1376525809628
8Y_H0_N100_P0_ALL_seed009,P0_ALL,H0,100,9,12,48.11124133589419
8Y_H0_N100_P0_ALL_seed009,P0_ALL,H0,100,9,13,59.49941661225239
8Y_H0_N100_P0_ALL_seed009,P0_ALL,H0,100,9,14,1691.593979015899
8Y_H0_N100_P0_ALL_seed009,P0_ALL,H0,100,9,15,1069.7120165104225
8Y_H0_N100_P3_ENERGY_seed009,P3_ENERGY,H0,100,9,1,64.89716742459488
8Y_H0_N100_P3_ENERGY_seed009,P3_ENERGY,H0,100,9,2,1575.1716996065986
8Y_H0_N100_P3_ENERGY_seed009,P3_ENERGY,H0,100,9,3,86.82560694638141
8Y_H0_N100_P3_ENERGY_seed009,P3_ENERGY,H0,100,9,4,89.84053516697418
8Y_H0_N100_P3_ENERGY_seed009,P3_ENERGY,H0,100,9,5,1140.7509958801747
8Y_H0_N100_P3_ENERGY_seed009,P3_ENERGY,H0,100,9,6,104.63461666112471
8Y_H0_N100_P3_ENERGY_seed009,P3_ENERGY,H0,100,9,7,172.10455664590063
8Y_H0_N100_P3_ENERGY_seed009,P3_ENERGY,H0,100,9,8,2774.3556346387863
8Y_H0_N100_P3_ENERGY_seed009,P3_ENERGY,H0,100,9,9,1483.5278956465954
8Y_H0_N100_P3_ENERGY_seed009,P3_ENERGY,H0,100,9,10,47.69290040237229
8Y_H0_N100_P3_ENERGY_seed009,P3_ENERGY,H0,100,9,11,59.84409718068491
8Y_H0_N100_P3_ENERGY_seed009,P3_ENERGY,H0,100,9,12,1697.8448899728737
8Y_H0_N100_P4_RESERVE_seed009,P4_RESERVE,H0,100,9,1,64.89716742459488
8Y_H0_N100_P4_RESERVE_seed009,P4_RESERVE,H0,100,9,2,1990.694008297889
8Y_H0_N100_P4_RESERVE_seed009,P4_RESERVE,H0,100,9,3,371.4732185460239
8Y_H0_N100_P4_RESERVE_seed009,P4_RESERVE,H0,100,9,4,86.67957646473769
8Y_H0_N100_P4_RESERVE_seed009,P4_RESERVE,H0,100,9,5,89.58839842096404
8Y_H0_N100_P4_RESERVE_seed009,P4_RESERVE,H0,100,9,6,634.7489368444212
8Y_H0_N100_P4_RESERVE_seed009,P4_RESERVE,H0,100,9,7,538.5682485525786
8Y_H0_N100_P4_RESERVE_seed009,P4_RESERVE,H0,100,9,8,104.95309372228394
8Y_H0_N100_P4_RESERVE_seed009,P4_RESERVE,H0,100,9,9,171.72112244553682
8Y_H0_N100_P4_RESERVE_seed009,P4_RESERVE,H0,100,9,10,3684.5281984125077
8Y_H0_N100_POW_seed010,POW,H0,100,10,1,62.77111503972793
8Y_H0_N100_POW_seed010,POW,H0,100,10,2,111.78021851865103
8Y_H0_N100_POW_seed010,POW,H0,100,10,3,489.4000089456176
8Y_H0_N100_POW_seed010,POW,H0,100,10,4,116.75570526958097
8Y_H0_N100_POW_seed010,POW,H0,100,10,5,906.7651176382607
8Y_H0_N100_POW_seed010,POW,H0,100,10,6,55.15628338104784
8Y_H0_N100_POW_seed010,POW,H0,100,10,7,294.896238661157
8Y_H0_N100_POW_seed010,POW,H0,100,10,8,125.93839262258052
8Y_H0_N100_POW_seed010,POW,H0,100,10,9,165.9587438427975
8Y_H0_N100_POW_seed010,POW,H0,100,10,10,224.42022236963612
8Y_H0_N100_POW_seed010,POW,H0,100,10,11,290.0958708073317
8Y_H0_N100_POW_seed010,POW,H0,100,10,12,58.96001697854672
8Y_H0_N100_POW_seed010,POW,H0,100,10,13,463.07363469681604
8Y_H0_N100_POW_seed010,POW,H0,100,10,14,946.8055917739784
8Y_H0_N100_POW_seed010,POW,H0,100,10,15,293.83446086274216
8Y_H0_N100_POW_seed010,POW,H0,100,10,16,83.08620999298819
8Y_H0_N100_POW_seed010,POW,H0,100,10,17,920.0844295969264
8Y_H0_N100_POW_seed010,POW,H0,100,10,18,1473.0596621083605
8Y_H0_N100_POW_seed010,POW,H0,100,10,19,126.13073302259818
8Y_H0_N100_POW_seed010,POW,H0,100,10,20,254.969186041003
8Y_H0_N100_POW_seed010,POW,H0,100,10,21,239.15327247672485
8Y_H0_N100_POW_seed010,POW,H0,100,10,22,172.54453636271774
8Y_H0_N100_POW_seed010,POW,H0,100,10,23,519.9060473377376
8Y_H0_N100_POW_seed010,POW,H0,100,10,24,165.85001357521833
8Y_H0_N100_POW_seed010,POW,H0,100,10,25,1081.4601918157823
8Y_H0_N100_POW_seed010,POW,H0,100,10,26,108.72435939899151
8Y_H0_N100_P0_ALL_seed010,P0_ALL,H0,100,10,1,62.77111503972793
8Y_H0_N100_P0_ALL_seed010,P0_ALL,H0,100,10,2,111.78021851865103
8Y_H0_N100_P0_ALL_seed010,P0_ALL,H0,100,10,3,489.4000089456176
8Y_H0_N100_P0_ALL_seed010,P0_ALL,H0,100,10,4,116.75570526958097
8Y_H0_N100_P0_ALL_seed010,P0_ALL,H0,100,10,5,909.0693723990229
8Y_H0_N100_P0_ALL_seed010,P0_ALL,H0,100,10,6,55.15628338104784
8Y_H0_N100_P0_ALL_seed010,P0_ALL,H0,100,10,7,294.896238661157
8Y_H0_N100_P0_ALL_seed010,P0_ALL,H0,100,10,8,125.9383926225803
8Y_H0_N100_P0_ALL_seed010,P0_ALL,H0,100,10,9,165.9587438427975
8Y_H0_N100_P0_ALL_seed010,P0_ALL,H0,100,10,10,224.42022236963612
8Y_H0_N100_P0_ALL_seed010,P0_ALL,H0,100,10,11,290.0958708073317
8Y_H0_N100_P0_ALL_seed010,P0_ALL,H0,100,10,12,58.96001697854672
8Y_H0_N100_P0_ALL_seed010,P0_ALL,H0,100,10,13,463.07363469681604
8Y_H0_N100_P0_ALL_seed010,P0_ALL,H0,100,10,14,948.350841576238
8Y_H0_N100_P0_ALL_seed010,P0_ALL,H0,100,10,15,293.83446086274125
8Y_H0_N100_P0_ALL_seed010,P0_ALL,H0,100,10,16,83.08620999298819
8Y_H0_N100_P0_ALL_seed010,P0_ALL,H0,100,10,17,922.0900077796359
8Y_H0_N100_P0_ALL_seed010,P0_ALL,H0,100,10,18,1475.9747582018254
8Y_H0_N100_P0_ALL_seed010,P0_ALL,H0,100,10,19,126.13073302259818
8Y_H0_N100_P0_ALL_seed010,P0_ALL,H0,100,10,20,254.969186041003
8Y_H0_N100_P0_ALL_seed010,P0_ALL,H0,100,10,21,239.15327247672485
8Y_H0_N100_P0_ALL_seed010,P0_ALL,H0,100,10,22,172.54453636271774
8Y_H0_N100_P0_ALL_seed010,P0_ALL,H0,100,10,23,519.9060473377376
8Y_H0_N100_P0_ALL_seed010,P0_ALL,H0,100,10,24,165.85001357521833
8Y_H0_N100_P0_ALL_seed010,P0_ALL,H0,100,10,25,1082.40095439395
8Y_H0_N100_P0_ALL_seed010,P0_ALL,H0,100,10,26,108.72435939899151
8Y_H0_N100_P3_ENERGY_seed010,P3_ENERGY,H0,100,10,1,501.7827432241912
8Y_H0_N100_P3_ENERGY_seed010,P3_ENERGY,H0,100,10,2,111.78021851865105
8Y_H0_N100_P3_ENERGY_seed010,P3_ENERGY,H0,100,10,3,2111.98813149112
8Y_H0_N100_P3_ENERGY_seed010,P3_ENERGY,H0,100,10,4,54.156673710076575
8Y_H0_N100_P3_ENERGY_seed010,P3_ENERGY,H0,100,10,5,417.1568146017994
8Y_H0_N100_P3_ENERGY_seed010,P3_ENERGY,H0,100,10,6,588.2368945299672
8Y_H0_N100_P3_ENERGY_seed010,P3_ENERGY,H0,100,10,7,825.0788683467508
8Y_H0_N100_P3_ENERGY_seed010,P3_ENERGY,H0,100,10,8,757.6330302221095
8Y_H0_N100_P3_ENERGY_seed010,P3_ENERGY,H0,100,10,9,1604.5391620352957
8Y_H0_N100_P3_ENERGY_seed010,P3_ENERGY,H0,100,10,10,685.1305454763524
8Y_H0_N100_P3_ENERGY_seed010,P3_ENERGY,H0,100,10,11,922.0162682147329
8Y_H0_N100_P4_RESERVE_seed010,P4_RESERVE,H0,100,10,1,501.7827432241912
8Y_H0_N100_P4_RESERVE_seed010,P4_RESERVE,H0,100,10,2,111.78021851865105
8Y_H0_N100_P4_RESERVE_seed010,P4_RESERVE,H0,100,10,3,672.7711150397278
8Y_H0_N100_P4_RESERVE_seed010,P4_RESERVE,H0,100,10,4,798.4630356197565
8Y_H0_N100_P4_RESERVE_seed010,P4_RESERVE,H0,100,10,5,426.7557052695811
8Y_H0_N100_P4_RESERVE_seed010,P4_RESERVE,H0,100,10,6,307.5971601839933
8Y_H0_N100_P4_RESERVE_seed010,P4_RESERVE,H0,100,10,7,55.59297898611021
8Y_H0_N100_P4_RESERVE_seed010,P4_RESERVE,H0,100,10,8,417.26074656643914
8Y_H0_N100_P4_RESERVE_seed010,P4_RESERVE,H0,100,10,9,588.2231450643835
8Y_H0_N100_P4_RESERVE_seed010,P4_RESERVE,H0,100,10,10,1733.8077722012968
8Y_H0_N100_P4_RESERVE_seed010,P4_RESERVE,H0,100,10,11,1666.307838083444
8Y_H0_N100_P4_RESERVE_seed010,P4_RESERVE,H0,100,10,12,1804.9501205612387
8Y_H0_N100_P4_RESERVE_seed010,P4_RESERVE,H0,100,10,13,368.3022018924148
8Y_H0_N100_POW_seed011,POW,H0,100,11,1,480.7698839252477
8Y_H0_N100_POW_seed011,POW,H0,100,11,2,678.0243509993609
8Y_H0_N100_POW_seed011,POW,H0,100,11,3,1559.855015665897
8Y_H0_N100_POW_seed011,POW,H0,100,11,4,305.23988183284837
8Y_H0_N100_POW_seed011,POW,H0,100,11,5,230.91520971639193
8Y_H0_N100_POW_seed011,POW,H0,100,11,6,1335.8991941205886
8Y_H0_N100_POW_seed011,POW,H0,100,11,7,423.67517347109424
8Y_H0_N100_POW_seed011,POW,H0,100,11,8,1531.9734066110868
8Y_H0_N100_POW_seed011,POW,H0,100,11,9,279.1797505415925
8Y_H0_N100_POW_seed011,POW,H0,100,11,10,316.6553424648737
8Y_H0_N100_POW_seed011,POW,H0,100,11,11,1747.8820983361911
8Y_H0_N100_POW_seed011,POW,H0,100,11,12,651.3111154561593
8Y_H0_N100_POW_seed011,POW,H0,100,11,13,169.45167611434044
8Y_H0_N100_P0_ALL_seed011,P0_ALL,H0,100,11,1,480.7698839252477
8Y_H0_N100_P0_ALL_seed011,P0_ALL,H0,100,11,2,681.2132175243103
8Y_H0_N100_P0_ALL_seed011,P0_ALL,H0,100,11,3,1565.4572027105614
8Y_H0_N100_P0_ALL_seed011,P0_ALL,H0,100,11,4,305.23988183284837
8Y_H0_N100_P0_ALL_seed011,P0_ALL,H0,100,11,5,230.91520971639193
8Y_H0_N100_P0_ALL_seed011,P0_ALL,H0,100,11,6,1339.349238894045
8Y_H0_N100_P0_ALL_seed011,P0_ALL,H0,100,11,7,423.67517347109424
8Y_H0_N100_P0_ALL_seed011,P0_ALL,H0,100,11,8,1536.2924740712788
8Y_H0_N100_P0_ALL_seed011,P0_ALL,H0,100,11,9,279.1797505415925
8Y_H0_N100_P0_ALL_seed011,P0_ALL,H0,100,11,10,316.6553424648746
8Y_H0_N100_P0_ALL_seed011,P0_ALL,H0,100,11,11,1752.1589766366124
8Y_H0_N100_P0_ALL_seed011,P0_ALL,H0,100,11,12,653.342736647588
8Y_H0_N100_P0_ALL_seed011,P0_ALL,H0,100,11,13,169.45167611434044
8Y_H0_N100_P3_ENERGY_seed011,P3_ENERGY,H0,100,11,1,480.7698839252477
8Y_H0_N100_P3_ENERGY_seed011,P3_ENERGY,H0,100,11,2,680.2132760153463
8Y_H0_N100_P3_ENERGY_seed011,P3_ENERGY,H0,100,11,3,1564.2657052357802
8Y_H0_N100_P3_ENERGY_seed011,P3_ENERGY,H0,100,11,4,305.23988183284837
8Y_H0_N100_P3_ENERGY_seed011,P3_ENERGY,H0,100,11,5,4547.760730131357
8Y_H0_N100_P3_ENERGY_seed011,P3_ENERGY,H0,100,11,6,918.5174189703012
8Y_H0_N100_P4_RESERVE_seed011,P4_RESERVE,H0,100,11,1,480.7698839252477
8Y_H0_N100_P4_RESERVE_seed011,P4_RESERVE,H0,100,11,2,1588.0043257716181
8Y_H0_N100_P4_RESERVE_seed011,P4_RESERVE,H0,100,11,3,2472.760962280193
8Y_H0_N100_P4_RESERVE_seed011,P4_RESERVE,H0,100,11,4,305.23988183284837
8Y_H0_N100_P4_RESERVE_seed011,P4_RESERVE,H0,100,11,5,2343.449508796636
8Y_H0_N100_P4_RESERVE_seed011,P4_RESERVE,H0,100,11,6,1645.1511203645387
8Y_H0_N100_P4_RESERVE_seed011,P4_RESERVE,H0,100,11,7,733.5413499920032
8Y_H0_N100_POW_seed012,POW,H0,100,12,1,452.13799846707786
8Y_H0_N100_POW_seed012,POW,H0,100,12,2,181.49824352237795
8Y_H0_N100_POW_seed012,POW,H0,100,12,3,38.53123428546394
8Y_H0_N100_POW_seed012,POW,H0,100,12,4,451.7780385203615
8Y_H0_N100_POW_seed012,POW,H0,100,12,5,806.3815328208207
8Y_H0_N100_POW_seed012,POW,H0,100,12,6,205.90869607684954
8Y_H0_N100_POW_seed012,POW,H0,100,12,7,408.63519810328125
8Y_H0_N100_POW_seed012,POW,H0,100,12,8,427.2106030472487
8Y_H0_N100_POW_seed012,POW,H0,100,12,9,54.33030881250352
8Y_H0_N100_POW_seed012,POW,H0,100,12,10,477.5562609985777
8Y_H0_N100_POW_seed012,POW,H0,100,12,11,19.514141396219657
8Y_H0_N100_POW_seed012,POW,H0,100,12,12,687.766817930577
8Y_H0_N100_POW_seed012,POW,H0,100,12,13,22.1702771865057
8Y_H0_N100_POW_seed012,POW,H0,100,12,14,180.56821097966076
8Y_H0_N100_POW_seed012,POW,H0,100,12,15,73.59419999621787
8Y_H0_N100_POW_seed012,POW,H0,100,12,16,424.6198592409073
8Y_H0_N100_POW_seed012,POW,H0,100,12,17,291.94693222253045
8Y_H0_N100_POW_seed012,POW,H0,100,12,18,755.9995190408481
8Y_H0_N100_POW_seed012,POW,H0,100,12,19,835.3274827956329
8Y_H0_N100_POW_seed012,POW,H0,100,12,20,386.2336239454171
8Y_H0_N100_POW_seed012,POW,H0,100,12,21,79.50791273562572
8Y_H0_N100_POW_seed012,POW,H0,100,12,22,519.001405920083
8Y_H0_N100_POW_seed012,POW,H0,100,12,23,1639.2653011954362
8Y_H0_N100_P0_ALL_seed012,P0_ALL,H0,100,12,1,452.13799846707786
8Y_H0_N100_P0_ALL_seed012,P0_ALL,H0,100,12,2,181.49824352237795
8Y_H0_N100_P0_ALL_seed012,P0_ALL,H0,100,12,3,38.53123428546394
8Y_H0_N100_P0_ALL_seed012,P0_ALL,H0,100,12,4,451.7780385203615
8Y_H0_N100_P0_ALL_seed012,P0_ALL,H0,100,12,5,808.5035764947779
8Y_H0_N100_P0_ALL_seed012,P0_ALL,H0,100,12,6,205.90869607684954
8Y_H0_N100_P0_ALL_seed012,P0_ALL,H0,100,12,7,408.63519810328125
8Y_H0_N100_P0_ALL_seed012,P0_ALL,H0,100,12,8,427.2106030472487
8Y_H0_N100_P0_ALL_seed012,P0_ALL,H0,100,12,9,54.33030881250352
8Y_H0_N100_P0_ALL_seed012,P0_ALL,H0,100,12,10,477.5562609985777
8Y_H0_N100_P0_ALL_seed012,P0_ALL,H0,100,12,11,19.514141396219657
8Y_H0_N100_P0_ALL_seed012,P0_ALL,H0,100,12,12,690.6066640049803
8Y_H0_N100_P0_ALL_seed012,P0_ALL,H0,100,12,13,22.1702771865057
8Y_H0_N100_P0_ALL_seed012,P0_ALL,H0,100,12,14,180.56821097966076
8Y_H0_N100_P0_ALL_seed012,P0_ALL,H0,100,12,15,73.59419999621787
8Y_H0_N100_P0_ALL_seed012,P0_ALL,H0,100,12,16,424.6198592409073
8Y_H0_N100_P0_ALL_seed012,P0_ALL,H0,100,12,17,291.94693222253045
8Y_H0_N100_P0_ALL_seed012,P0_ALL,H0,100,12,18,758.8215272536381
8Y_H0_N100_P0_ALL_seed012,P0_ALL,H0,100,12,19,838.8204811369233
8Y_H0_N100_P0_ALL_seed012,P0_ALL,H0,100,12,20,386.2336239454171
8Y_H0_N100_P0_ALL_seed012,P0_ALL,H0,100,12,21,79.50791273562572
8Y_H0_N100_P0_ALL_seed012,P0_ALL,H0,100,12,22,519.001405920083
8Y_H0_N100_P0_ALL_seed012,P0_ALL,H0,100,12,23,1643.624712628617
8Y_H0_N100_P3_ENERGY_seed012,P3_ENERGY,H0,100,12,1,1182.3152852683465
8Y_H0_N100_P3_ENERGY_seed012,P3_ENERGY,H0,100,12,2,1054.2737091496315
8Y_H0_N100_P3_ENERGY_seed012,P3_ENERGY,H0,100,12,3,809.5747270129118
8Y_H0_N100_P3_ENERGY_seed012,P3_ENERGY,H0,100,12,4,206.39411959950985
8Y_H0_N100_P3_ENERGY_seed012,P3_ENERGY,H0,100,12,5,1028.8478088574648
8Y_H0_N100_P3_ENERGY_seed012,P3_ENERGY,H0,100,12,6,278.3623623656076
8Y_H0_N100_P3_ENERGY_seed012,P3_ENERGY,H0,100,12,7,477.6316619234085
8Y_H0_N100_P3_ENERGY_seed012,P3_ENERGY,H0,100,12,8,19.89259166080501
8Y_H0_N100_P3_ENERGY_seed012,P3_ENERGY,H0,100,12,9,1225.5587950400068
8Y_H0_N100_P3_ENERGY_seed012,P3_ENERGY,H0,100,12,10,180.56821097966076
8Y_H0_N100_P3_ENERGY_seed012,P3_ENERGY,H0,100,12,11,72.65530578365451
8Y_H0_N100_P3_ENERGY_seed012,P3_ENERGY,H0,100,12,12,423.4016596432457
8Y_H0_N100_P3_ENERGY_seed012,P3_ENERGY,H0,100,12,13,476.20939202724094
8Y_H0_N100_P3_ENERGY_seed012,P3_ENERGY,H0,100,12,14,2086.8424862559386
8Y_H0_N100_P3_ENERGY_seed012,P3_ENERGY,H0,100,12,15,386.2772084443732
8Y_H0_N100_P3_ENERGY_seed012,P3_ENERGY,H0,100,12,16,79.37347457023498
8Y_H0_N100_P4_RESERVE_seed012,P4_RESERVE,H0,100,12,1,1062.137998467078
8Y_H0_N100_P4_RESERVE_seed012,P4_RESERVE,H0,100,12,2,491.46813592252806
8Y_H0_N100_P4_RESERVE_seed012,P4_RESERVE,H0,100,12,3,348.4471556166304
8Y_H0_N100_P4_RESERVE_seed012,P4_RESERVE,H0,100,12,4,451.77803852036163
8Y_H0_N100_P4_RESERVE_seed012,P4_RESERVE,H0,100,12,5,1716.361258794257
8Y_H0_N100_P4_RESERVE_seed012,P4_RESERVE,H0,100,12,6,205.90869607684954
8Y_H0_N100_P4_RESERVE_seed012,P4_RESERVE,H0,100,12,7,1917.4446485497529
8Y_H0_N100_P4_RESERVE_seed012,P4_RESERVE,H0,100,12,8,278.7078836149585
8Y_H0_N100_P4_RESERVE_seed012,P4_RESERVE,H0,100,12,9,477.7794134546757
8Y_H0_N100_P4_RESERVE_seed012,P4_RESERVE,H0,100,12,10,19.989852599163896
8Y_H0_N100_P4_RESERVE_seed012,P4_RESERVE,H0,100,12,11,2134.354516456343
8Y_H0_N100_P4_RESERVE_seed012,P4_RESERVE,H0,100,12,12,180.56821097965985
8Y_H0_N100_P4_RESERVE_seed012,P4_RESERVE,H0,100,12,13,72.97011067849598
8Y_H0_N100_P4_RESERVE_seed012,P4_RESERVE,H0,100,12,14,423.4025674748609
8Y_H0_N100_POW_seed013,POW,H0,100,13,1,645.5536468546811
8Y_H0_N100_POW_seed013,POW,H0,100,13,2,322.08664956289965
8Y_H0_N100_POW_seed013,POW,H0,100,13,3,980.5124517892597
8Y_H0_N100_POW_seed013,POW,H0,100,13,4,111.68155167106215
8Y_H0_N100_POW_seed013,POW,H0,100,13,5,166.83163035231064
8Y_H0_N100_POW_seed013,POW,H0,100,13,6,1393.407650559719
8Y_H0_N100_POW_seed013,POW,H0,100,13,7,78.69171878929865
8Y_H0_N100_POW_seed013,POW,H0,100,13,8,1272.1870481440333
8Y_H0_N100_POW_seed013,POW,H0,100,13,9,513.323447639098
8Y_H0_N100_POW_seed013,POW,H0,100,13,10,439.4743630167113
8Y_H0_N100_POW_seed013,POW,H0,100,13,11,24.488786917703692
8Y_H0_N100_POW_seed013,POW,H0,100,13,12,661.5830829022916
8Y_H0_N100_POW_seed013,POW,H0,100,13,13,31.17952613918078
8Y_H0_N100_POW_seed013,POW,H0,100,13,14,1309.500718113637
8Y_H0_N100_POW_seed013,POW,H0,100,13,15,885.3177259249978
8Y_H0_N100_POW_seed013,POW,H0,100,13,16,278.7108204190954
8Y_H0_N100_P0_ALL_seed013,P0_ALL,H0,100,13,1,646.0935730545866
8Y_H0_N100_P0_ALL_seed013,P0_ALL,H0,100,13,2,322.08664956289965
8Y_H0_N100_P0_ALL_seed013,P0_ALL,H0,100,13,3,982.7734752860375
8Y_H0_N100_P0_ALL_seed013,P0_ALL,H0,100,13,4,111.68155167106215
8Y_H0_N100_P0_ALL_seed013,P0_ALL,H0,100,13,5,166.83163035231064
8Y_H0_N100_P0_ALL_seed013,P0_ALL,H0,100,13,6,1398.7291799057466
8Y_H0_N100_P0_ALL_seed013,P0_ALL,H0,100,13,7,78.69171878929865
8Y_H0_N100_P0_ALL_seed013,P0_ALL,H0,100,13,8,1275.4475322617272
8Y_H0_N100_P0_ALL_seed013,P0_ALL,H0,100,13,9,513.323447639098
8Y_H0_N100_P0_ALL_seed013,P0_ALL,H0,100,13,10,439.4743630167113
8Y_H0_N100_P0_ALL_seed013,P0_ALL,H0,100,13,11,24.488786917703692
8Y_H0_N100_P0_ALL_seed013,P0_ALL,H0,100,13,12,664.0134804426389
8Y_H0_N100_P0_ALL_seed013,P0_ALL,H0,100,13,13,31.17952613918078
8Y_H0_N100_P0_ALL_seed013,P0_ALL,H0,100,13,14,1314.0463476526975
8Y_H0_N100_P0_ALL_seed013,P0_ALL,H0,100,13,15,888.1347140547214
8Y_H0_N100_P0_ALL_seed013,P0_ALL,H0,100,13,16,278.7108204190954
8Y_H0_N100_P3_ENERGY_seed013,P3_ENERGY,H0,100,13,1,646.0935730545866
8Y_H0_N100_P3_ENERGY_seed013,P3_ENERGY,H0,100,13,2,322.08664956289965
8Y_H0_N100_P3_ENERGY_seed013,P3_ENERGY,H0,100,13,3,981.8368228408495
8Y_H0_N100_P3_ENERGY_seed013,P3_ENERGY,H0,100,13,4,111.68155167106215
8Y_H0_N100_P3_ENERGY_seed013,P3_ENERGY,H0,100,13,5,166.83163035231064
8Y_H0_N100_P3_ENERGY_seed013,P3_ENERGY,H0,100,13,6,1397.8972421137023
8Y_H0_N100_P3_ENERGY_seed013,P3_ENERGY,H0,100,13,7,78.69171878929865
8Y_H0_N100_P3_ENERGY_seed013,P3_ENERGY,H0,100,13,8,1275.4475322617272
8Y_H0_N100_P3_ENERGY_seed013,P3_ENERGY,H0,100,13,9,513.323447639098
8Y_H0_N100_P3_ENERGY_seed013,P3_ENERGY,H0,100,13,10,439.4743630167113
8Y_H0_N100_P3_ENERGY_seed013,P3_ENERGY,H0,100,13,11,24.488786917703692
8Y_H0_N100_P3_ENERGY_seed013,P3_ENERGY,H0,100,13,12,664.0134804426389
8Y_H0_N100_P3_ENERGY_seed013,P3_ENERGY,H0,100,13,13,1916.3968397789058
8Y_H0_N100_P3_ENERGY_seed013,P3_ENERGY,H0,100,13,14,887.0561733525046
8Y_H0_N100_P3_ENERGY_seed013,P3_ENERGY,H0,100,13,15,278.79411305830035
8Y_H0_N100_P4_RESERVE_seed013,P4_RESERVE,H0,100,13,1,1556.0935730545866
8Y_H0_N100_P4_RESERVE_seed013,P4_RESERVE,H0,100,13,2,322.08664956289977
8Y_H0_N100_P4_RESERVE_seed013,P4_RESERVE,H0,100,13,3,1890.1968604515437
8Y_H0_N100_P4_RESERVE_seed013,P4_RESERVE,H0,100,13,4,111.68155167106215
8Y_H0_N100_P4_RESERVE_seed013,P4_RESERVE,H0,100,13,5,166.83163035231064
8Y_H0_N100_P4_RESERVE_seed013,P4_RESERVE,H0,100,13,6,499.78312290676695
8Y_H0_N100_P4_RESERVE_seed013,P4_RESERVE,H0,100,13,7,1703.5766882970602
8Y_H0_N100_P4_RESERVE_seed013,P4_RESERVE,H0,100,13,8,77.66240779351756
8Y_H0_N100_P4_RESERVE_seed013,P4_RESERVE,H0,100,13,9,2184.6637035878593
8Y_H0_N100_P4_RESERVE_seed013,P4_RESERVE,H0,100,13,10,512.6889409836404
8Y_H0_N100_P4_RESERVE_seed013,P4_RESERVE,H0,100,13,11,440.5929625494082
8Y_H0_N100_P4_RESERVE_seed013,P4_RESERVE,H0,100,13,12,24.536607093705243
8Y_H0_N100_POW_seed014,POW,H0,100,14,1,215.02370575934947
8Y_H0_N100_POW_seed014,POW,H0,100,14,2,272.80521756129747
8Y_H0_N100_POW_seed014,POW,H0,100,14,3,1210.8834855162527
8Y_H0_N100_POW_seed014,POW,H0,100,14,4,767.1651112838936
8Y_H0_N100_POW_seed014,POW,H0,100,14,5,597.9396470137635
8Y_H0_N100_POW_seed014,POW,H0,100,14,6,165.58306933565018
8Y_H0_N100_POW_seed014,POW,H0,100,14,7,95.07332910380865
8Y_H0_N100_POW_seed014,POW,H0,100,14,8,164.49023857671182
8Y_H0_N100_POW_seed014,POW,H0,100,14,9,16.12004764366384
8Y_H0_N100_POW_seed014,POW,H0,100,14,10,1209.3437957887563
8Y_H0_N100_POW_seed014,POW,H0,100,14,11,100.61514255912516
8Y_H0_N100_POW_seed014,POW,H0,100,14,12,879.5438213618017
8Y_H0_N100_POW_seed014,POW,H0,100,14,13,403.9775334696342
8Y_H0_N100_POW_seed014,POW,H0,100,14,14,24.82625834702958
8Y_H0_N100_POW_seed014,POW,H0,100,14,15,1549.3126739493355
8Y_H0_N100_POW_seed014,POW,H0,100,14,16,289.4982131232273
8Y_H0_N100_POW_seed014,POW,H0,100,14,17,396.64817013585525
8Y_H0_N100_P0_ALL_seed014,P0_ALL,H0,100,14,1,215.02370575934947
8Y_H0_N100_P0_ALL_seed014,P0_ALL,H0,100,14,2,272.80521756129747
8Y_H0_N100_P0_ALL_seed014,P0_ALL,H0,100,14,3,1214.7202844005349
8Y_H0_N100_P0_ALL_seed014,P0_ALL,H0,100,14,4,769.4100718346679
8Y_H0_N100_P0_ALL_seed014,P0_ALL,H0,100,14,5,597.9396470137635
8Y_H0_N100_P0_ALL_seed014,P0_ALL,H0,100,14,6,165.58306933565018
8Y_H0_N100_P0_ALL_seed014,P0_ALL,H0,100,14,7,95.07332910380865
8Y_H0_N100_P0_ALL_seed014,P0_ALL,H0,100,14,8,164.49023857671182
8Y_H0_N100_P0_ALL_seed014,P0_ALL,H0,100,14,9,16.12004764366384
8Y_H0_N100_P0_ALL_seed014,P0_ALL,H0,100,14,10,1215.986451401951
8Y_H0_N100_P0_ALL_seed014,P0_ALL,H0,100,14,11,100.61514255912516
8Y_H0_N100_P0_ALL_seed014,P0_ALL,H0,100,14,12,883.6230754580502
8Y_H0_N100_P0_ALL_seed014,P0_ALL,H0,100,14,13,403.9775334696342
8Y_H0_N100_P0_ALL_seed014,P0_ALL,H0,100,14,14,24.82625834702958
8Y_H0_N100_P0_ALL_seed014,P0_ALL,H0,100,14,15,1553.698210663155
8Y_H0_N100_P0_ALL_seed014,P0_ALL,H0,100,14,16,289.4982131232273
8Y_H0_N100_P0_ALL_seed014,P0_ALL,H0,100,14,17,396.64817013585616
8Y_H0_N100_P3_ENERGY_seed014,P3_ENERGY,H0,100,14,1,872.4187711859604
8Y_H0_N100_P3_ENERGY_seed014,P3_ENERGY,H0,100,14,2,1213.8871099896378
8Y_H0_N100_P3_ENERGY_seed014,P3_ENERGY,H0,100,14,3,768.4337281457838
8Y_H0_N100_P3_ENERGY_seed014,P3_ENERGY,H0,100,14,4,596.4365965479788
8Y_H0_N100_P3_ENERGY_seed014,P3_ENERGY,H0,100,14,5,165.14966836917847
8Y_H0_N100_P3_ENERGY_seed014,P3_ENERGY,H0,100,14,6,766.1110944519055
8Y_H0_N100_P3_ENERGY_seed014,P3_ENERGY,H0,100,14,7,1815.4139170374783
8Y_H0_N100_P3_ENERGY_seed014,P3_ENERGY,H0,100,14,8,100.73260256974936
8Y_H0_N100_P3_ENERGY_seed014,P3_ENERGY,H0,100,14,9,1608.4592330296882
8Y_H0_N100_P3_ENERGY_seed014,P3_ENERGY,H0,100,14,10,25.064522682300776
8Y_H0_N100_P4_RESERVE_seed014,P4_RESERVE,H0,100,14,1,1125.0237057593495
8Y_H0_N100_P4_RESERVE_seed014,P4_RESERVE,H0,100,14,2,272.80521756129747
8Y_H0_N100_P4_RESERVE_seed014,P4_RESERVE,H0,100,14,3,838.2672403112974
8Y_H0_N100_P4_RESERVE_seed014,P4_RESERVE,H0,100,14,4,1520.8064527264842
8Y_H0_N100_P4_RESERVE_seed014,P4_RESERVE,H0,100,14,5,1676.8376561740033
8Y_H0_N100_P4_RESERVE_seed014,P4_RESERVE,H0,100,14,6,579.4004802218706
8Y_H0_N100_P4_RESERVE_seed014,P4_RESERVE,H0,100,14,7,165.27753336242222
8Y_H0_N100_P4_RESERVE_seed014,P4_RESERVE,H0,100,14,8,1109.092905381839
8Y_H0_N100_P4_RESERVE_seed014,P4_RESERVE,H0,100,14,9,164.5542532692034
8Y_H0_N100_P4_RESERVE_seed014,P4_RESERVE,H0,100,14,10,2206.7214336290335
8Y_H0_N100_P4_RESERVE_seed014,P4_RESERVE,H0,100,14,11,9.102893436567683
8Y_H0_N100_P4_RESERVE_seed014,P4_RESERVE,H0,100,14,12,101.37041306267383
8Y_H0_N100_POW_seed015,POW,H0,100,15,1,444.6870885010864
8Y_H0_N100_POW_seed015,POW,H0,100,15,2,916.2624892462256
8Y_H0_N100_POW_seed015,POW,H0,100,15,3,94.8310056364578
8Y_H0_N100_POW_seed015,POW,H0,100,15,4,14.194891146434884
8Y_H0_N100_POW_seed015,POW,H0,100,15,5,1375.8784138146157
8Y_H0_N100_POW_seed015,POW,H0,100,15,6,859.5286054319627
8Y_H0_N100_POW_seed015,POW,H0,100,15,7,335.6954390481178
8Y_H0_N100_POW_seed015,POW,H0,100,15,8,503.59127638870086
8Y_H0_N100_POW_seed015,POW,H0,100,15,9,963.178286298029
8Y_H0_N100_POW_seed015,POW,H0,100,15,10,228.38554129987278
8Y_H0_N100_POW_seed015,POW,H0,100,15,11,1188.694851132861
8Y_H0_N100_POW_seed015,POW,H0,100,15,12,1026.0564251866208
8Y_H0_N100_POW_seed015,POW,H0,100,15,13,815.6385281860357
8Y_H0_N100_POW_seed015,POW,H0,100,15,14,432.3413357624322
8Y_H0_N100_P0_ALL_seed015,P0_ALL,H0,100,15,1,444.6870885010864
8Y_H0_N100_P0_ALL_seed015,P0_ALL,H0,100,15,2,919.1685000120535
8Y_H0_N100_P0_ALL_seed015,P0_ALL,H0,100,15,3,94.8310056364578
8Y_H0_N100_P0_ALL_seed015,P0_ALL,H0,100,15,4,14.194891146434884
8Y_H0_N100_P0_ALL_seed015,P0_ALL,H0,100,15,5,1378.960253008122
8Y_H0_N100_P0_ALL_seed015,P0_ALL,H0,100,15,6,862.3580868010949
8Y_H0_N100_P0_ALL_seed015,P0_ALL,H0,100,15,7,335.6954390481178
8Y_H0_N100_P0_ALL_seed015,P0_ALL,H0,100,15,8,503.5912763887013
8Y_H0_N100_P0_ALL_seed015,P0_ALL,H0,100,15,9,967.5174980351621
8Y_H0_N100_P0_ALL_seed015,P0_ALL,H0,100,15,10,228.38554129987278
8Y_H0_N100_P0_ALL_seed015,P0_ALL,H0,100,15,11,1190.531278608656
8Y_H0_N100_P0_ALL_seed015,P0_ALL,H0,100,15,12,1028.891768477556
8Y_H0_N100_P0_ALL_seed015,P0_ALL,H0,100,15,13,816.4817697846393
8Y_H0_N100_P0_ALL_seed015,P0_ALL,H0,100,15,14,432.3413357624322
8Y_H0_N100_P3_ENERGY_seed015,P3_ENERGY,H0,100,15,1,1518.4382490062044
8Y_H0_N100_P3_ENERGY_seed015,P3_ENERGY,H0,100,15,2,94.84808633903322
8Y_H0_N100_P3_ENERGY_seed015,P3_ENERGY,H0,100,15,3,14.335286785965991
8Y_H0_N100_P3_ENERGY_seed015,P3_ENERGY,H0,100,15,4,1379.4633077424457
8Y_H0_N100_P3_ENERGY_seed015,P3_ENERGY,H0,100,15,5,861.4152872447762
8Y_H0_N100_P3_ENERGY_seed015,P3_ENERGY,H0,100,15,6,335.31932856929916
8Y_H0_N100_P3_ENERGY_seed015,P3_ENERGY,H0,100,15,7,503.9857536164691
8Y_H0_N100_P3_ENERGY_seed015,P3_ENERGY,H0,100,15,8,965.716513365107
8Y_H0_N100_P3_ENERGY_seed015,P3_ENERGY,H0,100,15,9,1794.3050854150752
8Y_H0_N100_P3_ENERGY_seed015,P3_ENERGY,H0,100,15,10,1028.1468552187916
8Y_H0_N100_P3_ENERGY_seed015,P3_ENERGY,H0,100,15,11,817.7237601354027
8Y_H0_N100_P3_ENERGY_seed015,P3_ENERGY,H0,100,15,12,433.2330626165767
8Y_H0_N100_P4_RESERVE_seed015,P4_RESERVE,H0,100,15,1,1354.6870885010865
8Y_H0_N100_P4_RESERVE_seed015,P4_RESERVE,H0,100,15,2,1826.641651453059
8Y_H0_N100_P4_RESERVE_seed015,P4_RESERVE,H0,100,15,3,94.83100563645758
8Y_H0_N100_P4_RESERVE_seed015,P4_RESERVE,H0,100,15,4,14.194891146434657
8Y_H0_N100_P4_RESERVE_seed015,P4_RESERVE,H0,100,15,5,2287.0357590479803
8Y_H0_N100_P4_RESERVE_seed015,P4_RESERVE,H0,100,15,6,1769.6074308800135
8Y_H0_N100_P4_RESERVE_seed015,P4_RESERVE,H0,100,15,7,335.6954390481169
8Y_H0_N100_P4_RESERVE_seed015,P4_RESERVE,H0,100,15,8,503.5912763887018
8Y_H0_N100_POW_seed016,POW,H0,100,16,1,2.4995516114126324
8Y_H0_N100_POW_seed016,POW,H0,100,16,2,355.90413838818705
8Y_H0_N100_POW_seed016,POW,H0,100,16,3,961.5890107184066
8Y_H0_N100_POW_seed016,POW,H0,100,16,4,1715.6335235592705
8Y_H0_N100_POW_seed016,POW,H0,100,16,5,770.0618148815579
8Y_H0_N100_POW_seed016,POW,H0,100,16,6,747.898713166288
8Y_H0_N100_POW_seed016,POW,H0,100,16,7,593.4946851897321
8Y_H0_N100_POW_seed016,POW,H0,100,16,8,47.7124855460479
8Y_H0_N100_POW_seed016,POW,H0,100,16,9,58.58356752944201
8Y_H0_N100_POW_seed016,POW,H0,100,16,10,350.83527418084395
8Y_H0_N100_POW_seed016,POW,H0,100,16,11,114.43137169681904
8Y_H0_N100_POW_seed016,POW,H0,100,16,12,167.39994714203203
8Y_H0_N100_POW_seed016,POW,H0,100,16,13,413.39094093487165
8Y_H0_N100_POW_seed016,POW,H0,100,16,14,387.15888342616745
8Y_H0_N100_POW_seed016,POW,H0,100,16,15,282.89213361822567
8Y_H0_N100_POW_seed016,POW,H0,100,16,16,143.56106404853017
8Y_H0_N100_POW_seed016,POW,H0,100,16,17,919.522315749995
8Y_H0_N100_POW_seed016,POW,H0,100,16,18,173.9581599431158
8Y_H0_N100_POW_seed016,POW,H0,100,16,19,604.3332497270185
8Y_H0_N100_POW_seed016,POW,H0,100,16,20,116.97648864625808
8Y_H0_N100_POW_seed016,POW,H0,100,16,21,100.16481926330925
8Y_H0_N100_POW_seed016,POW,H0,100,16,22,82.03161966066
8Y_H0_N100_POW_seed016,POW,H0,100,16,23,558.2967162864825
8Y_H0_N100_POW_seed016,POW,H0,100,16,24,22.968227757019122
8Y_H0_N100_P0_ALL_seed016,P0_ALL,H0,100,16,1,2.4995516114126324
8Y_H0_N100_P0_ALL_seed016,P0_ALL,H0,100,16,2,355.90413838818705
8Y_H0_N100_P0_ALL_seed016,P0_ALL,H0,100,16,3,962.7370977839266
8Y_H0_N100_P0_ALL_seed016,P0_ALL,H0,100,16,4,1719.5396963739026
8Y_H0_N100_P0_ALL_seed016,P0_ALL,H0,100,16,5,772.6533955914065
8Y_H0_N100_P0_ALL_seed016,P0_ALL,H0,100,16,6,750.3146013945802
8Y_H0_N100_P0_ALL_seed016,P0_ALL,H0,100,16,7,593.4946851897321
8Y_H0_N100_P0_ALL_seed016,P0_ALL,H0,100,16,8,47.7124855460479
8Y_H0_N100_P0_ALL_seed016,P0_ALL,H0,100,16,9,58.58356752944201
8Y_H0_N100_P0_ALL_seed016,P0_ALL,H0,100,16,10,350.83527418084395
8Y_H0_N100_P0_ALL_seed016,P0_ALL,H0,100,16,11,114.43137169681904
8Y_H0_N100_P0_ALL_seed016,P0_ALL,H0,100,16,12,167.39994714203203
8Y_H0_N100_P0_ALL_seed016,P0_ALL,H0,100,16,13,413.39094093487165
8Y_H0_N100_P0_ALL_seed016,P0_ALL,H0,100,16,14,387.15888342616745
8Y_H0_N100_P0_ALL_seed016,P0_ALL,H0,100,16,15,282.89213361822567
8Y_H0_N100_P0_ALL_seed016,P0_ALL,H0,100,16,16,143.56106404853017
8Y_H0_N100_P0_ALL_seed016,P0_ALL,H0,100,16,17,921.9621113110697
8Y_H0_N100_P0_ALL_seed016,P0_ALL,H0,100,16,18,173.9581599431158
8Y_H0_N100_P0_ALL_seed016,P0_ALL,H0,100,16,19,605.1794043098143
8Y_H0_N100_P0_ALL_seed016,P0_ALL,H0,100,16,20,116.97648864625808
8Y_H0_N100_P0_ALL_seed016,P0_ALL,H0,100,16,21,100.16481926330925
8Y_H0_N100_P0_ALL_seed016,P0_ALL,H0,100,16,22,82.03161966066
8Y_H0_N100_P0_ALL_seed016,P0_ALL,H0,100,16,23,558.2967162864825
8Y_H0_N100_P0_ALL_seed016,P0_ALL,H0,100,16,24,22.968227757019122
8Y_H0_N100_P3_ENERGY_seed016,P3_ENERGY,H0,100,16,1,955.6240710799939
8Y_H0_N100_P3_ENERGY_seed016,P3_ENERGY,H0,100,16,2,2922.3215762827795
8Y_H0_N100_P3_ENERGY_seed016,P3_ENERGY,H0,100,16,3,995.9292017263133
8Y_H0_N100_P3_ENERGY_seed016,P3_ENERGY,H0,100,16,4,750.6916272582739
8Y_H0_N100_P3_ENERGY_seed016,P3_ENERGY,H0,100,16,5,649.6010840092858
8Y_H0_N100_P3_ENERGY_seed016,P3_ENERGY,H0,100,16,6,58.37663369658367
8Y_H0_N100_P3_ENERGY_seed016,P3_ENERGY,H0,100,16,7,786.0797387655803
8Y_H0_N100_P3_ENERGY_seed016,P3_ENERGY,H0,100,16,8,404.62803655701646
8Y_H0_N100_P3_ENERGY_seed016,P3_ENERGY,H0,100,16,9,413.364179610001
8Y_H0_N100_P3_ENERGY_seed016,P3_ENERGY,H0,100,16,10,387.0592867542273
8Y_H0_N100_P3_ENERGY_seed016,P3_ENERGY,H0,100,16,11,914.153055966317
8Y_H0_N100_P4_RESERVE_seed016,P4_RESERVE,H0,100,16,1,612.4995516114126
8Y_H0_N100_P4_RESERVE_seed016,P4_RESERVE,H0,100,16,2,355.9041383881871
8Y_H0_N100_P4_RESERVE_seed016,P4_RESERVE,H0,100,16,3,1085.309610398437
8Y_H0_N100_P4_RESERVE_seed016,P4_RESERVE,H0,100,16,4,1870.7013082123135
8Y_H0_N100_P4_RESERVE_seed016,P4_RESERVE,H0,100,16,5,2024.973104373903
8Y_H0_N100_P4_RESERVE_seed016,P4_RESERVE,H0,100,16,6,1904.1550629305211
8Y_H0_N100_P4_RESERVE_seed016,P4_RESERVE,H0,100,16,7,779.9885194061872
8Y_H0_N100_P4_RESERVE_seed016,P4_RESERVE,H0,100,16,8,147.84350957781317
8Y_H0_N100_POW_seed017,POW,H0,100,17,1,276.9228953358947
8Y_H0_N100_POW_seed017,POW,H0,100,17,2,423.45674860162256
8Y_H0_N100_POW_seed017,POW,H0,100,17,3,1443.3360710386223
8Y_H0_N100_POW_seed017,POW,H0,100,17,4,386.77859420612094
8Y_H0_N100_POW_seed017,POW,H0,100,17,5,956.1114337841873
8Y_H0_N100_POW_seed017,POW,H0,100,17,6,183.89186638182127
8Y_H0_N100_POW_seed017,POW,H0,100,17,7,10.28308874943059
8Y_H0_N100_POW_seed017,POW,H0,100,17,8,138.8860979250976
8Y_H0_N100_POW_seed017,POW,H0,100,17,9,150.76969645937243
8Y_H0_N100_POW_seed017,POW,H0,100,17,10,1959.479626511808
8Y_H0_N100_POW_seed017,POW,H0,100,17,11,1859.9305146248498
8Y_H0_N100_POW_seed017,POW,H0,100,17,12,202.9504951736717
8Y_H0_N100_POW_seed017,POW,H0,100,17,13,63.81195771726834
8Y_H0_N100_POW_seed017,POW,H0,100,17,14,213.44552554100937
8Y_H0_N100_P0_ALL_seed017,P0_ALL,H0,100,17,1,276.9228953358947
8Y_H0_N100_P0_ALL_seed017,P0_ALL,H0,100,17,2,423.45674860162256
8Y_H0_N100_P0_ALL_seed017,P0_ALL,H0,100,17,3,1446.3965691229732
8Y_H0_N100_P0_ALL_seed017,P0_ALL,H0,100,17,4,386.77859420612094
8Y_H0_N100_P0_ALL_seed017,P0_ALL,H0,100,17,5,960.2704594428437
8Y_H0_N100_P0_ALL_seed017,P0_ALL,H0,100,17,6,183.89186638182127
8Y_H0_N100_P0_ALL_seed017,P0_ALL,H0,100,17,7,10.28308874943059
8Y_H0_N100_P0_ALL_seed017,P0_ALL,H0,100,17,8,138.8860979250976
8Y_H0_N100_P0_ALL_seed017,P0_ALL,H0,100,17,9,150.76969645937243
8Y_H0_N100_P0_ALL_seed017,P0_ALL,H0,100,17,10,1965.628737551061
8Y_H0_N100_P0_ALL_seed017,P0_ALL,H0,100,17,11,1867.3600991845879
8Y_H0_N100_P0_ALL_seed017,P0_ALL,H0,100,17,12,202.9504951736717
8Y_H0_N100_P0_ALL_seed017,P0_ALL,H0,100,17,13,63.81195771726834
8Y_H0_N100_P0_ALL_seed017,P0_ALL,H0,100,17,14,213.44552554101028
8Y_H0_N100_P3_ENERGY_seed017,P3_ENERGY,H0,100,17,1,276.9228953358947
8Y_H0_N100_P3_ENERGY_seed017,P3_ENERGY,H0,100,17,2,423.45674860162256
8Y_H0_N100_P3_ENERGY_seed017,P3_ENERGY,H0,100,17,3,1446.3965691229732
8Y_H0_N100_P3_ENERGY_seed017,P3_ENERGY,H0,100,17,4,1654.7116102104465
8Y_H0_N100_P3_ENERGY_seed017,P3_ENERGY,H0,100,17,5,610.4065655149589
8Y_H0_N100_P3_ENERGY_seed017,P3_ENERGY,H0,100,17,6,796.9650591668305
8Y_H0_N100_P3_ENERGY_seed017,P3_ENERGY,H0,100,17,7,2015.4533863687866
8Y_H0_N100_P3_ENERGY_seed017,P3_ENERGY,H0,100,17,8,2403.760721012716
8Y_H0_N100_P4_RESERVE_seed017,P4_RESERVE,H0,100,17,1,276.9228953358947
8Y_H0_N100_P4_RESERVE_seed017,P4_RESERVE,H0,100,17,2,423.45674860162256
8Y_H0_N100_P4_RESERVE_seed017,P4_RESERVE,H0,100,17,3,2354.2681373938035
8Y_H0_N100_P4_RESERVE_seed017,P4_RESERVE,H0,100,17,4,2499.1134303466865
8Y_H0_N100_P4_RESERVE_seed017,P4_RESERVE,H0,100,17,5,1518.9602668527978
8Y_H0_N100_P4_RESERVE_seed017,P4_RESERVE,H0,100,17,6,1093.8869053494973
8Y_H0_N100_P4_RESERVE_seed017,P4_RESERVE,H0,100,17,7,195.01856386217332
8Y_H0_N100_POW_seed018,POW,H0,100,18,1,628.2227204420201
8Y_H0_N100_POW_seed018,POW,H0,100,18,2,1662.2824015595538
8Y_H0_N100_POW_seed018,POW,H0,100,18,3,217.57549835799773
8Y_H0_N100_POW_seed018,POW,H0,100,18,4,2454.631370955454
8Y_H0_N100_POW_seed018,POW,H0,100,18,5,1276.2913844758878
8Y_H0_N100_POW_seed018,POW,H0,100,18,6,841.1488745346478
8Y_H0_N100_POW_seed018,POW,H0,100,18,7,314.71581350509496
8Y_H0_N100_POW_seed018,POW,H0,100,18,8,361.8485153301617
8Y_H0_N100_POW_seed018,POW,H0,100,18,9,156.5345141368134
8Y_H0_N100_POW_seed018,POW,H0,100,18,10,85.58607159718395
8Y_H0_N100_POW_seed018,POW,H0,100,18,11,1004.1964022622769
8Y_H0_N100_POW_seed018,POW,H0,100,18,12,272.5594699490375
8Y_H0_N100_POW_seed018,POW,H0,100,18,13,129.33455494489863
8Y_H0_N100_POW_seed018,POW,H0,100,18,14,74.58864585450647
8Y_H0_N100_POW_seed018,POW,H0,100,18,15,360.1211396930048
8Y_H0_N100_P0_ALL_seed018,P0_ALL,H0,100,18,1,628.6518074554781
8Y_H0_N100_P0_ALL_seed018,P0_ALL,H0,100,18,2,1666.0040310629754
8Y_H0_N100_P0_ALL_seed018,P0_ALL,H0,100,18,3,217.57549835799773
8Y_H0_N100_P0_ALL_seed018,P0_ALL,H0,100,18,4,2462.4349796881365
8Y_H0_N100_P0_ALL_seed018,P0_ALL,H0,100,18,5,1279.3799331952632
8Y_H0_N100_P0_ALL_seed018,P0_ALL,H0,100,18,6,843.6774933481947
8Y_H0_N100_P0_ALL_seed018,P0_ALL,H0,100,18,7,314.71581350509496
8Y_H0_N100_P0_ALL_seed018,P0_ALL,H0,100,18,8,361.8485153301617
8Y_H0_N100_P0_ALL_seed018,P0_ALL,H0,100,18,9,156.5345141368134
8Y_H0_N100_P0_ALL_seed018,P0_ALL,H0,100,18,10,85.58607159718395
8Y_H0_N100_P0_ALL_seed018,P0_ALL,H0,100,18,11,1006.3509666255059
8Y_H0_N100_P0_ALL_seed018,P0_ALL,H0,100,18,12,272.5594699490375
8Y_H0_N100_P0_ALL_seed018,P0_ALL,H0,100,18,13,129.33455494489863
8Y_H0_N100_P0_ALL_seed018,P0_ALL,H0,100,18,14,74.58864585450647
8Y_H0_N100_P0_ALL_seed018,P0_ALL,H0,100,18,15,360.1211396930048
8Y_H0_N100_P3_ENERGY_seed018,P3_ENERGY,H0,100,18,1,628.6518074554781
8Y_H0_N100_P3_ENERGY_seed018,P3_ENERGY,H0,100,18,2,1665.4548814681946
8Y_H0_N100_P3_ENERGY_seed018,P3_ENERGY,H0,100,18,3,217.57549835799773
8Y_H0_N100_P3_ENERGY_seed018,P3_ENERGY,H0,100,18,4,2462.35726278599
8Y_H0_N100_P3_ENERGY_seed018,P3_ENERGY,H0,100,18,5,1279.0990605940888
8Y_H0_N100_P3_ENERGY_seed018,P3_ENERGY,H0,100,18,6,2167.711033750873
8Y_H0_N100_P3_ENERGY_seed018,P3_ENERGY,H0,100,18,7,686.9306637217087
8Y_H0_N100_P4_RESERVE_seed018,P4_RESERVE,H0,100,18,1,1538.651807455478
8Y_H0_N100_P4_RESERVE_seed018,P4_RESERVE,H0,100,18,2,2573.794487826727
8Y_H0_N100_P4_RESERVE_seed018,P4_RESERVE,H0,100,18,3,217.57549835799819
8Y_H0_N100_P4_RESERVE_seed018,P4_RESERVE,H0,100,18,4,3370.480707064805
8Y_H0_N100_P4_RESERVE_seed018,P4_RESERVE,H0,100,18,5,2187.6759894004936
8Y_H0_N100_POW_seed019,POW,H0,100,19,1,700.2500075833774
8Y_H0_N100_POW_seed019,POW,H0,100,19,2,328.5629966558198
8Y_H0_N100_POW_seed019,POW,H0,100,19,3,307.38670220551376
8Y_H0_N100_POW_seed019,POW,H0,100,19,4,820.3236440482292
8Y_H0_N100_POW_seed019,POW,H0,100,19,5,109.48436306522717
8Y_H0_N100_POW_seed019,POW,H0,100,19,6,637.0875012403026
8Y_H0_N100_POW_seed019,POW,H0,100,19,7,238.88853496131287
8Y_H0_N100_POW_seed019,POW,H0,100,19,8,123.52236741233082
8Y_H0_N100_POW_seed019,POW,H0,100,19,9,506.9542355648505
8Y_H0_N100_POW_seed019,POW,H0,100,19,10,543.1557680447081
8Y_H0_N100_POW_seed019,POW,H0,100,19,11,367.0023196655211
8Y_H0_N100_POW_seed019,POW,H0,100,19,12,889.415823719416
8Y_H0_N100_POW_seed019,POW,H0,100,19,13,293.1439961308115
8Y_H0_N100_POW_seed019,POW,H0,100,19,14,25.20145342302203
8Y_H0_N100_POW_seed019,POW,H0,100,19,15,399.4030790930474
8Y_H0_N100_POW_seed019,POW,H0,100,19,16,19.741684741943573
8Y_H0_N100_POW_seed019,POW,H0,100,19,17,531.5974753711462
8Y_H0_N100_POW_seed019,POW,H0,100,19,18,2128.2463340892064
8Y_H0_N100_POW_seed019,POW,H0,100,19,19,494.5337042513438
8Y_H0_N100_POW_seed019,POW,H0,100,19,20,385.40818611978284
8Y_H0_N100_POW_seed019,POW,H0,100,19,21,31.88025914119862
8Y_H0_N100_P0_ALL_seed019,P0_ALL,H0,100,19,1,700.2525814282416
8Y_H0_N100_P0_ALL_seed019,P0_ALL,H0,100,19,2,328.5629966558198
8Y_H0_N100_P0_ALL_seed019,P0_ALL,H0,100,19,3,307.38670220551376
8Y_H0_N100_P0_ALL_seed019,P0_ALL,H0,100,19,4,822.091557055049
8Y_H0_N100_P0_ALL_seed019,P0_ALL,H0,100,19,5,109.48436306522717
8Y_H0_N100_P0_ALL_seed019,P0_ALL,H0,100,19,6,639.760222823078
8Y_H0_N100_P0_ALL_seed019,P0_ALL,H0,100,19,7,238.88853496131287
8Y_H0_N100_P0_ALL_seed019,P0_ALL,H0,100,19,8,123.52236741233082
8Y_H0_N100_P0_ALL_seed019,P0_ALL,H0,100,19,9,506.9542355648505
8Y_H0_N100_P0_ALL_seed019,P0_ALL,H0,100,19,10,543.1557680447077
8Y_H0_N100_P0_ALL_seed019,P0_ALL,H0,100,19,11,367.0023196655211
8Y_H0_N100_P0_ALL_seed019,P0_ALL,H0,100,19,12,891.3277412314765
8Y_H0_N100_P0_ALL_seed019,P0_ALL,H0,100,19,13,293.1439961308115
8Y_H0_N100_P0_ALL_seed019,P0_ALL,H0,100,19,14,25.20145342302203
8Y_H0_N100_P0_ALL_seed019,P0_ALL,H0,100,19,15,399.4030790930474
8Y_H0_N100_P0_ALL_seed019,P0_ALL,H0,100,19,16,19.741684741943573
8Y_H0_N100_P0_ALL_seed019,P0_ALL,H0,100,19,17,531.5974753711462
8Y_H0_N100_P0_ALL_seed019,P0_ALL,H0,100,19,18,2133.7259815562584
8Y_H0_N100_P0_ALL_seed019,P0_ALL,H0,100,19,19,494.5337042513438
8Y_H0_N100_P0_ALL_seed019,P0_ALL,H0,100,19,20,385.40818611978284
8Y_H0_N100_P0_ALL_seed019,P0_ALL,H0,100,19,21,31.88025914119862
8Y_H0_N100_P3_ENERGY_seed019,P3_ENERGY,H0,100,19,1,1529.9964280527201
8Y_H0_N100_P3_ENERGY_seed019,P3_ENERGY,H0,100,19,2,306.8578150286121
8Y_H0_N100_P3_ENERGY_seed019,P3_ENERGY,H0,100,19,3,1314.9412072347982
8Y_H0_N100_P3_ENERGY_seed019,P3_ENERGY,H0,100,19,4,1108.511425601439
8Y_H0_N100_P3_ENERGY_seed019,P3_ENERGY,H0,100,19,5,239.81780839390376
8Y_H0_N100_P3_ENERGY_seed019,P3_ENERGY,H0,100,19,6,122.9489435733276
8Y_H0_N100_P3_ENERGY_seed019,P3_ENERGY,H0,100,19,7,507.0891458964097
8Y_H0_N100_P3_ENERGY_seed019,P3_ENERGY,H0,100,19,8,560.1945914287389
8Y_H0_N100_P3_ENERGY_seed019,P3_ENERGY,H0,100,19,9,367.0703815719253
8Y_H0_N100_P3_ENERGY_seed019,P3_ENERGY,H0,100,19,10,1496.057664643442
8Y_H0_N100_P3_ENERGY_seed019,P3_ENERGY,H0,100,19,11,24.849093128938875
8Y_H0_N100_P3_ENERGY_seed019,P3_ENERGY,H0,100,19,12,399.5075415714273
8Y_H0_N100_P3_ENERGY_seed019,P3_ENERGY,H0,100,19,13,345.40887064916205
8Y_H0_N100_P3_ENERGY_seed019,P3_ENERGY,H0,100,19,14,531.1557278623623
8Y_H0_N100_P4_RESERVE_seed019,P4_RESERVE,H0,100,19,1,1610.2525814282415
8Y_H0_N100_P4_RESERVE_seed019,P4_RESERVE,H0,100,19,2,328.5629966558197
8Y_H0_N100_P4_RESERVE_seed019,P4_RESERVE,H0,100,19,3,307.38670220551376
8Y_H0_N100_P4_RESERVE_seed019,P4_RESERVE,H0,100,19,4,2222.171814506754
8Y_H0_N100_P4_RESERVE_seed019,P4_RESERVE,H0,100,19,5,1855.7784746362304
8Y_H0_N100_P4_RESERVE_seed019,P4_RESERVE,H0,100,19,6,239.1497120817112
8Y_H0_N100_P4_RESERVE_seed019,P4_RESERVE,H0,100,19,7,123.32528315616673
8Y_H0_N100_P4_RESERVE_seed019,P4_RESERVE,H0,100,19,8,511.08823690265217
8Y_H0_N100_P4_RESERVE_seed019,P4_RESERVE,H0,100,19,9,560.528508421241
8Y_H0_N100_P4_RESERVE_seed019,P4_RESERVE,H0,100,19,10,366.9138228917336
8Y_H0_N100_P4_RESERVE_seed019,P4_RESERVE,H0,100,19,11,1547.0754188272176
8Y_H0_N100_P4_RESERVE_seed019,P4_RESERVE,H0,100,19,12,292.6261322588598
8Y_H0_N100_P4_RESERVE_seed019,P4_RESERVE,H0,100,19,13,24.987261612430302
8Y_H0_N100_POW_seed020,POW,H0,100,20,1,1152.582266170627
8Y_H0_N100_POW_seed020,POW,H0,100,20,2,109.92577894537249
8Y_H0_N100_POW_seed020,POW,H0,100,20,3,591.9832030627342
8Y_H0_N100_POW_seed020,POW,H0,100,20,4,351.6873516086762
8Y_H0_N100_POW_seed020,POW,H0,100,20,5,254.56341181825974
8Y_H0_N100_POW_seed020,POW,H0,100,20,6,2142.63473737865
8Y_H0_N100_POW_seed020,POW,H0,100,20,7,59.11905759061483
8Y_H0_N100_POW_seed020,POW,H0,100,20,8,5.453855390630451
8Y_H0_N100_POW_seed020,POW,H0,100,20,9,78.83017212582581
8Y_H0_N100_POW_seed020,POW,H0,100,20,10,572.8340995640956
8Y_H0_N100_POW_seed020,POW,H0,100,20,11,81.89790522568092
8Y_H0_N100_POW_seed020,POW,H0,100,20,12,205.97885340289577
8Y_H0_N100_POW_seed020,POW,H0,100,20,13,710.5810414019625
8Y_H0_N100_POW_seed020,POW,H0,100,20,14,25.85452046320188
8Y_H0_N100_POW_seed020,POW,H0,100,20,15,1902.0511616476097
8Y_H0_N100_POW_seed020,POW,H0,100,20,16,185.75523492842512
8Y_H0_N100_POW_seed020,POW,H0,100,20,17,688.6267095096864
8Y_H0_N100_POW_seed020,POW,H0,100,20,18,132.1609621843927
8Y_H0_N100_P0_ALL_seed020,P0_ALL,H0,100,20,1,1152.8909036502182
8Y_H0_N100_P0_ALL_seed020,P0_ALL,H0,100,20,2,109.92577894537249
8Y_H0_N100_P0_ALL_seed020,P0_ALL,H0,100,20,3,591.9832030627342
8Y_H0_N100_P0_ALL_seed020,P0_ALL,H0,100,20,4,351.6873516086762
8Y_H0_N100_P0_ALL_seed020,P0_ALL,H0,100,20,5,254.56341181825974
8Y_H0_N100_P0_ALL_seed020,P0_ALL,H0,100,20,6,2148.9108186709623
8Y_H0_N100_P0_ALL_seed020,P0_ALL,H0,100,20,7,59.11905759061483
8Y_H0_N100_P0_ALL_seed020,P0_ALL,H0,100,20,8,5.453855390630451
8Y_H0_N100_P0_ALL_seed020,P0_ALL,H0,100,20,9,78.83017212582581
8Y_H0_N100_P0_ALL_seed020,P0_ALL,H0,100,20,10,572.8340995640956
8Y_H0_N100_P0_ALL_seed020,P0_ALL,H0,100,20,11,81.89790522568092
8Y_H0_N100_P0_ALL_seed020,P0_ALL,H0,100,20,12,205.97885340289577
8Y_H0_N100_P0_ALL_seed020,P0_ALL,H0,100,20,13,712.5516311511128
8Y_H0_N100_P0_ALL_seed020,P0_ALL,H0,100,20,14,25.85452046320188
8Y_H0_N100_P0_ALL_seed020,P0_ALL,H0,100,20,15,1908.4371138991328
8Y_H0_N100_P0_ALL_seed020,P0_ALL,H0,100,20,16,185.75523492842512
8Y_H0_N100_P0_ALL_seed020,P0_ALL,H0,100,20,17,691.1478511767509
8Y_H0_N100_P0_ALL_seed020,P0_ALL,H0,100,20,18,132.1609621843927
8Y_H0_N100_P3_ENERGY_seed020,P3_ENERGY,H0,100,20,1,1152.8909036502182
8Y_H0_N100_P3_ENERGY_seed020,P3_ENERGY,H0,100,20,2,1194.9332710741382
8Y_H0_N100_P3_ENERGY_seed020,P3_ENERGY,H0,100,20,3,351.54445991045895
8Y_H0_N100_P3_ENERGY_seed020,P3_ENERGY,H0,100,20,4,254.1567565300311
8Y_H0_N100_P3_ENERGY_seed020,P3_ENERGY,H0,100,20,5,2148.812839474165
8Y_H0_N100_P3_ENERGY_seed020,P3_ENERGY,H0,100,20,6,57.58480051717834
8Y_H0_N100_P3_ENERGY_seed020,P3_ENERGY,H0,100,20,7,2115.1460171568942
8Y_H0_N100_P3_ENERGY_seed020,P3_ENERGY,H0,100,20,8,206.05514882189073
8Y_H0_N100_P3_ENERGY_seed020,P3_ENERGY,H0,100,20,9,713.2412571330178
8Y_H0_N100_P3_ENERGY_seed020,P3_ENERGY,H0,100,20,10,77.05070110557426
8Y_H0_N100_P4_RESERVE_seed020,P4_RESERVE,H0,100,20,1,2062.890903650218
8Y_H0_N100_P4_RESERVE_seed020,P4_RESERVE,H0,100,20,2,1019.8209323324227
8Y_H0_N100_P4_RESERVE_seed020,P4_RESERVE,H0,100,20,3,591.9832030627344
8Y_H0_N100_P4_RESERVE_seed020,P4_RESERVE,H0,100,20,4,351.6873516086762
8Y_H0_N100_P4_RESERVE_seed020,P4_RESERVE,H0,100,20,5,254.5634118182602
8Y_H0_N100_P4_RESERVE_seed020,P4_RESERVE,H0,100,20,6,3057.2159965781666
8Y_H0_N100_P4_RESERVE_seed020,P4_RESERVE,H0,100,20,7,59.11905759061483
8Y_H0_N100_P4_RESERVE_seed020,P4_RESERVE,H0,100,20,8,2118.4139866807473
8Y_H0_N100_P4_RESERVE_seed020,P4_RESERVE,H0,100,20,9,309.2192985324491
8Y_H0_N100_POW_seed021,POW,H0,100,21,1,1004.2418174608837
8Y_H0_N100_POW_seed021,POW,H0,100,21,2,534.1038322470591
8Y_H0_N100_POW_seed021,POW,H0,100,21,3,355.30537853912847
8Y_H0_N100_POW_seed021,POW,H0,100,21,4,202.31206610941035
8Y_H0_N100_POW_seed021,POW,H0,100,21,5,54.97836137836157
8Y_H0_N100_POW_seed021,POW,H0,100,21,6,241.60438303186766
8Y_H0_N100_POW_seed021,POW,H0,100,21,7,479.9947399398752
8Y_H0_N100_POW_seed021,POW,H0,100,21,8,190.51717884592563
8Y_H0_N100_POW_seed021,POW,H0,100,21,9,1766.0434135706569
8Y_H0_N100_POW_seed021,POW,H0,100,21,10,582.6413939623708
8Y_H0_N100_POW_seed021,POW,H0,100,21,11,647.4624248019172
8Y_H0_N100_POW_seed021,POW,H0,100,21,12,548.8462243431104
8Y_H0_N100_POW_seed021,POW,H0,100,21,13,437.02227150533236
8Y_H0_N100_POW_seed021,POW,H0,100,21,14,863.3106995773405
8Y_H0_N100_POW_seed021,POW,H0,100,21,15,1721.5422909441495
8Y_H0_N100_POW_seed021,POW,H0,100,21,16,104.05175509517721
8Y_H0_N100_P0_ALL_seed021,P0_ALL,H0,100,21,1,1004.665235498778
8Y_H0_N100_P0_ALL_seed021,P0_ALL,H0,100,21,2,534.1038322470592
8Y_H0_N100_P0_ALL_seed021,P0_ALL,H0,100,21,3,355.30537853912847
8Y_H0_N100_P0_ALL_seed021,P0_ALL,H0,100,21,4,202.31206610941035
8Y_H0_N100_P0_ALL_seed021,P0_ALL,H0,100,21,5,54.97836137836157
8Y_H0_N100_P0_ALL_seed021,P0_ALL,H0,100,21,6,241.60438303186766
8Y_H0_N100_P0_ALL_seed021,P0_ALL,H0,100,21,7,479.9947399398752
8Y_H0_N100_P0_ALL_seed021,P0_ALL,H0,100,21,8,190.51717884592563
8Y_H0_N100_P0_ALL_seed021,P0_ALL,H0,100,21,9,1772.9033859331134
8Y_H0_N100_P0_ALL_seed021,P0_ALL,H0,100,21,10,582.6413939623708
8Y_H0_N100_P0_ALL_seed021,P0_ALL,H0,100,21,11,649.6980826962226
8Y_H0_N100_P0_ALL_seed021,P0_ALL,H0,100,21,12,548.8462243431104
8Y_H0_N100_P0_ALL_seed021,P0_ALL,H0,100,21,13,437.02227150533236
8Y_H0_N100_P0_ALL_seed021,P0_ALL,H0,100,21,14,865.8495740774506
8Y_H0_N100_P0_ALL_seed021,P0_ALL,H0,100,21,15,1724.823850992333
8Y_H0_N100_P0_ALL_seed021,P0_ALL,H0,100,21,16,104.05175509517721
8Y_H0_N100_P3_ENERGY_seed021,P3_ENERGY,H0,100,21,1,1184.5129260899762
8Y_H0_N100_P3_ENERGY_seed021,P3_ENERGY,H0,100,21,2,534.103832247059
8Y_H0_N100_P3_ENERGY_seed021,P3_ENERGY,H0,100,21,3,355.30537853912847
8Y_H0_N100_P3_ENERGY_seed021,P3_ENERGY,H0,100,21,4,2599.702293123797
8Y_H0_N100_P3_ENERGY_seed021,P3_ENERGY,H0,100,21,5,2386.676319887103
8Y_H0_N100_P3_ENERGY_seed021,P3_ENERGY,H0,100,21,6,649.9419232095479
8Y_H0_N100_P3_ENERGY_seed021,P3_ENERGY,H0,100,21,7,548.7613103622252
8Y_H0_N100_P3_ENERGY_seed021,P3_ENERGY,H0,100,21,8,1468.0475535255919
8Y_H0_N100_P4_RESERVE_seed021,P4_RESERVE,H0,100,21,1,1914.6652354987777
8Y_H0_N100_P4_RESERVE_seed021,P4_RESERVE,H0,100,21,2,534.103832247059
8Y_H0_N100_P4_RESERVE_seed021,P4_RESERVE,H0,100,21,3,355.30537853912847
8Y_H0_N100_P4_RESERVE_seed021,P4_RESERVE,H0,100,21,4,512.2569224013896
8Y_H0_N100_P4_RESERVE_seed021,P4_RESERVE,H0,100,21,5,2592.384997256024
8Y_H0_N100_P4_RESERVE_seed021,P4_RESERVE,H0,100,21,6,190.57090388483994
8Y_H0_N100_P4_RESERVE_seed021,P4_RESERVE,H0,100,21,7,664.8986218327973
8Y_H0_N100_P4_RESERVE_seed021,P4_RESERVE,H0,100,21,8,851.3695933881254
8Y_H0_N100_P4_RESERVE_seed021,P4_RESERVE,H0,100,21,9,1824.5217311605966
8Y_H0_N100_POW_seed022,POW,H0,100,22,1,257.08947296244577
8Y_H0_N100_POW_seed022,POW,H0,100,22,2,490.0555639226972
8Y_H0_N100_POW_seed022,POW,H0,100,22,3,204.1511772016372
8Y_H0_N100_POW_seed022,POW,H0,100,22,4,367.6414624497339
8Y_H0_N100_POW_seed022,POW,H0,100,22,5,12.088962614958064
8Y_H0_N100_POW_seed022,POW,H0,100,22,6,539.9334822639228
8Y_H0_N100_POW_seed022,POW,H0,100,22,7,564.8467353293249
8Y_H0_N100_POW_seed022,POW,H0,100,22,8,1694.4169855493255
8Y_H0_N100_POW_seed022,POW,H0,100,22,9,1298.0727412329215
8Y_H0_N100_POW_seed022,POW,H0,100,22,10,46.09166346368056
8Y_H0_N100_POW_seed022,POW,H0,100,22,11,663.217897343754
8Y_H0_N100_POW_seed022,POW,H0,100,22,12,38.43746484851181
8Y_H0_N100_POW_seed022,POW,H0,100,22,13,2242.1079342209023
8Y_H0_N100_POW_seed022,POW,H0,100,22,14,1167.3031590762384
8Y_H0_N100_P0_ALL_seed022,P0_ALL,H0,100,22,1,257.08947296244577
8Y_H0_N100_P0_ALL_seed022,P0_ALL,H0,100,22,2,490.0555639226972
8Y_H0_N100_P0_ALL_seed022,P0_ALL,H0,100,22,3,204.1511772016372
8Y_H0_N100_P0_ALL_seed022,P0_ALL,H0,100,22,4,367.6414624497339
8Y_H0_N100_P0_ALL_seed022,P0_ALL,H0,100,22,5,12.088962614958064
8Y_H0_N100_P0_ALL_seed022,P0_ALL,H0,100,22,6,539.9334822639228
8Y_H0_N100_P0_ALL_seed022,P0_ALL,H0,100,22,7,564.8467353293249
8Y_H0_N100_P0_ALL_seed022,P0_ALL,H0,100,22,8,1698.6094832626768
8Y_H0_N100_P0_ALL_seed022,P0_ALL,H0,100,22,9,1302.6075493972976
8Y_H0_N100_P0_ALL_seed022,P0_ALL,H0,100,22,10,46.09166346368056
8Y_H0_N100_P0_ALL_seed022,P0_ALL,H0,100,22,11,665.0854947057151
8Y_H0_N100_P0_ALL_seed022,P0_ALL,H0,100,22,12,38.43746484851181
8Y_H0_N100_P0_ALL_seed022,P0_ALL,H0,100,22,13,2247.955169215773
8Y_H0_N100_P0_ALL_seed022,P0_ALL,H0,100,22,14,1169.9117887941793
8Y_H0_N100_P3_ENERGY_seed022,P3_ENERGY,H0,100,22,1,1089.3485146740495
8Y_H0_N100_P3_ENERGY_seed022,P3_ENERGY,H0,100,22,2,204.39581912714038
8Y_H0_N100_P3_ENERGY_seed022,P3_ENERGY,H0,100,22,3,367.17234766792944
8Y_H0_N100_P3_ENERGY_seed022,P3_ENERGY,H0,100,22,4,5245.222955076757
8Y_H0_N100_P3_ENERGY_seed022,P3_ENERGY,H0,100,22,5,46.40847200212738
8Y_H0_N100_P3_ENERGY_seed022,P3_ENERGY,H0,100,22,6,664.8085974962642
8Y_H0_N100_P3_ENERGY_seed022,P3_ENERGY,H0,100,22,7,38.25782535214421
8Y_H0_N100_P3_ENERGY_seed022,P3_ENERGY,H0,100,22,8,2247.3140570527057
8Y_H0_N100_P4_RESERVE_seed022,P4_RESERVE,H0,100,22,1,867.0894729624458
8Y_H0_N100_P4_RESERVE_seed022,P4_RESERVE,H0,100,22,2,490.0555639226973
8Y_H0_N100_P4_RESERVE_seed022,P4_RESERVE,H0,100,22,3,204.1511772016372
8Y_H0_N100_P4_RESERVE_seed022,P4_RESERVE,H0,100,22,4,367.6414624497338
8Y_H0_N100_P4_RESERVE_seed022,P4_RESERVE,H0,100,22,5,2652.4450010290593
8Y_H0_N100_P4_RESERVE_seed022,P4_RESERVE,H0,100,22,6,1522.568629327985
8Y_H0_N100_P4_RESERVE_seed022,P4_RESERVE,H0,100,22,7,2075.1824309545264
8Y_H0_N100_POW_seed023,POW,H0,100,23,1,97.26478944698147
8Y_H0_N100_POW_seed023,POW,H0,100,23,2,680.8485943700858
8Y_H0_N100_POW_seed023,POW,H0,100,23,3,387.6268699122669
8Y_H0_N100_POW_seed023,POW,H0,100,23,4,111.81613076099029
8Y_H0_N100_POW_seed023,POW,H0,100,23,5,612.9657039302488
8Y_H0_N100_POW_seed023,POW,H0,100,23,6,439.7347763049238
8Y_H0_N100_POW_seed023,POW,H0,100,23,7,356.73756334706695
8Y_H0_N100_POW_seed023,POW,H0,100,23,8,7.414800206764085
8Y_H0_N100_POW_seed023,POW,H0,100,23,9,605.5566260861137
8Y_H0_N100_POW_seed023,POW,H0,100,23,10,1711.013964710212
8Y_H0_N100_POW_seed023,POW,H0,100,23,11,1338.7086361731117
8Y_H0_N100_POW_seed023,POW,H0,100,23,12,515.9167755485914
8Y_H0_N100_POW_seed023,POW,H0,100,23,13,236.58054744819856
8Y_H0_N100_POW_seed023,POW,H0,100,23,14,774.826072405157
8Y_H0_N100_POW_seed023,POW,H0,100,23,15,294.9795997010333
8Y_H0_N100_POW_seed023,POW,H0,100,23,16,1632.443361019522
8Y_H0_N100_P0_ALL_seed023,P0_ALL,H0,100,23,1,97.26478944698147
8Y_H0_N100_P0_ALL_seed023,P0_ALL,H0,100,23,2,683.9156757720169
8Y_H0_N100_P0_ALL_seed023,P0_ALL,H0,100,23,3,387.6268699122669
8Y_H0_N100_P0_ALL_seed023,P0_ALL,H0,100,23,4,111.81613076099052
8Y_H0_N100_P0_ALL_seed023,P0_ALL,H0,100,23,5,615.8643218886161
8Y_H0_N100_P0_ALL_seed023,P0_ALL,H0,100,23,6,439.734776304924
8Y_H0_N100_P0_ALL_seed023,P0_ALL,H0,100,23,7,356.73756334706695
8Y_H0_N100_P0_ALL_seed023,P0_ALL,H0,100,23,8,7.414800206764085
8Y_H0_N100_P0_ALL_seed023,P0_ALL,H0,100,23,9,608.1969268973166
8Y_H0_N100_P0_ALL_seed023,P0_ALL,H0,100,23,10,1715.6612436341293
8Y_H0_N100_P0_ALL_seed023,P0_ALL,H0,100,23,11,1341.8625480645378
8Y_H0_N100_P0_ALL_seed023,P0_ALL,H0,100,23,12,515.9167755485914
8Y_H0_N100_P0_ALL_seed023,P0_ALL,H0,100,23,13,236.58054744819856
8Y_H0_N100_P0_ALL_seed023,P0_ALL,H0,100,23,14,777.0230896493813
8Y_H0_N100_P0_ALL_seed023,P0_ALL,H0,100,23,15,294.9795997010333
8Y_H0_N100_P0_ALL_seed023,P0_ALL,H0,100,23,16,1638.1463267980816
8Y_H0_N100_P3_ENERGY_seed023,P3_ENERGY,H0,100,23,1,2518.421783479232
8Y_H0_N100_P3_ENERGY_seed023,P3_ENERGY,H0,100,23,2,615.9677185135915
8Y_H0_N100_P3_ENERGY_seed023,P3_ENERGY,H0,100,23,3,439.9504381964298
8Y_H0_N100_P3_ENERGY_seed023,P3_ENERGY,H0,100,23,4,607.738071884
8Y_H0_N100_P3_ENERGY_seed023,P3_ENERGY,H0,100,23,5,1032.8307632724045
8Y_H0_N100_P3_ENERGY_seed023,P3_ENERGY,H0,100,23,6,3147.070797822461
8Y_H0_N100_P3_ENERGY_seed023,P3_ENERGY,H0,100,23,7,516.6424168836948
8Y_H0_N100_P3_ENERGY_seed023,P3_ENERGY,H0,100,23,8,236.52125138904194
8Y_H0_N100_P3_ENERGY_seed023,P3_ENERGY,H0,100,23,9,777.059814544893
8Y_H0_N100_P4_RESERVE_seed023,P4_RESERVE,H0,100,23,1,574.8534822102554
8Y_H0_N100_P4_RESERVE_seed023,P4_RESERVE,H0,100,23,2,707.2647894469815
8Y_H0_N100_P4_RESERVE_seed023,P4_RESERVE,H0,100,23,3,1591.1408352116966
8Y_H0_N100_P4_RESERVE_seed023,P4_RESERVE,H0,100,23,4,111.81613076099029
8Y_H0_N100_P4_RESERVE_seed023,P4_RESERVE,H0,100,23,5,1523.1604525589096
8Y_H0_N100_P4_RESERVE_seed023,P4_RESERVE,H0,100,23,6,326.42074863306243
8Y_H0_N100_P4_RESERVE_seed023,P4_RESERVE,H0,100,23,7,1516.08056895532
8Y_H0_N100_P4_RESERVE_seed023,P4_RESERVE,H0,100,23,8,1939.881759855809
8Y_H0_N100_POW_seed024,POW,H0,100,24,1,1048.5135561391166
8Y_H0_N100_POW_seed024,POW,H0,100,24,2,504.702241067567
8Y_H0_N100_POW_seed024,POW,H0,100,24,3,659.7570443792013
8Y_H0_N100_POW_seed024,POW,H0,100,24,4,11.354649141574555
8Y_H0_N100_POW_seed024,POW,H0,100,24,5,1422.0706921015394
8Y_H0_N100_POW_seed024,POW,H0,100,24,6,156.47263421618527
8Y_H0_N100_POW_seed024,POW,H0,100,24,7,84.41809352708106
8Y_H0_N100_POW_seed024,POW,H0,100,24,8,183.22642570988546
8Y_H0_N100_POW_seed024,POW,H0,100,24,9,3245.166656717651
8Y_H0_N100_POW_seed024,POW,H0,100,24,10,432.4819464829734
8Y_H0_N100_POW_seed024,POW,H0,100,24,11,63.43844766262919
8Y_H0_N100_POW_seed024,POW,H0,100,24,12,531.0479787614904
8Y_H0_N100_P0_ALL_seed024,P0_ALL,H0,100,24,1,1048.5749502289218
8Y_H0_N100_P0_ALL_seed024,P0_ALL,H0,100,24,2,504.702241067567
8Y_H0_N100_P0_ALL_seed024,P0_ALL,H0,100,24,3,660.379816965559
8Y_H0_N100_P0_ALL_seed024,P0_ALL,H0,100,24,4,11.354649141574555
8Y_H0_N100_P0_ALL_seed024,P0_ALL,H0,100,24,5,1426.2169899637624
8Y_H0_N100_P0_ALL_seed024,P0_ALL,H0,100,24,6,156.47263421618527
8Y_H0_N100_P0_ALL_seed024,P0_ALL,H0,100,24,7,84.41809352708106
8Y_H0_N100_P0_ALL_seed024,P0_ALL,H0,100,24,8,183.22642570988546
8Y_H0_N100_P0_ALL_seed024,P0_ALL,H0,100,24,9,3255.237456985609
8Y_H0_N100_P0_ALL_seed024,P0_ALL,H0,100,24,10,432.4819464829734
8Y_H0_N100_P0_ALL_seed024,P0_ALL,H0,100,24,11,63.43844766262919
8Y_H0_N100_P0_ALL_seed024,P0_ALL,H0,100,24,12,531.0479787614904
8Y_H0_N100_P3_ENERGY_seed024,P3_ENERGY,H0,100,24,1,1048.5749502289218
8Y_H0_N100_P3_ENERGY_seed024,P3_ENERGY,H0,100,24,2,504.702241067567
8Y_H0_N100_P3_ENERGY_seed024,P3_ENERGY,H0,100,24,3,1214.5234491706012
8Y_H0_N100_P3_ENERGY_seed024,P3_ENERGY,H0,100,24,4,1425.3282017496526
8Y_H0_N100_P3_ENERGY_seed024,P3_ENERGY,H0,100,24,5,1385.3711114171901
8Y_H0_N100_P3_ENERGY_seed024,P3_ENERGY,H0,100,24,6,3255.3372562531586
8Y_H0_N100_P3_ENERGY_seed024,P3_ENERGY,H0,100,24,7,432.29099867219156
8Y_H0_N100_P3_ENERGY_seed024,P3_ENERGY,H0,100,24,8,285.96159033392723
8Y_H0_N100_P4_RESERVE_seed024,P4_RESERVE,H0,100,24,1,1958.5749502289218
8Y_H0_N100_P4_RESERVE_seed024,P4_RESERVE,H0,100,24,2,504.70224106756723
8Y_H0_N100_P4_RESERVE_seed024,P4_RESERVE,H0,100,24,3,2123.19515137921
8Y_H0_N100_P4_RESERVE_seed024,P4_RESERVE,H0,100,24,4,2333.8637562470567
8Y_H0_N100_P4_RESERVE_seed024,P4_RESERVE,H0,100,24,5,1391.5607403135664
8Y_H0_N100_P4_RESERVE_seed024,P4_RESERVE,H0,100,24,6,1066.44520211292
8Y_H0_N100_P4_RESERVE_seed024,P4_RESERVE,H0,100,24,7,183.28690682426713
8Y_H0_N100_POW_seed025,POW,H0,100,25,1,623.0949748840445
8Y_H0_N100_POW_seed025,POW,H0,100,25,2,391.58816817740274
8Y_H0_N100_POW_seed025,POW,H0,100,25,3,251.727943787884
8Y_H0_N100_POW_seed025,POW,H0,100,25,4,1529.775314350415
8Y_H0_N100_POW_seed025,POW,H0,100,25,5,287.3480630014137
8Y_H0_N100_POW_seed025,POW,H0,100,25,6,559.0727956368682
8Y_H0_N100_POW_seed025,POW,H0,100,25,7,19.118726560081996
8Y_H0_N100_POW_seed025,POW,H0,100,25,8,456.6602500197664
8Y_H0_N100_POW_seed025,POW,H0,100,25,9,213.7661143296591
8Y_H0_N100_POW_seed025,POW,H0,100,25,10,382.78427886814734
8Y_H0_N100_POW_seed025,POW,H0,100,25,11,1727.5719583610544
8Y_H0_N100_POW_seed025,POW,H0,100,25,12,461.00790326958486
8Y_H0_N100_POW_seed025,POW,H0,100,25,13,1722.740575293139
8Y_H0_N100_POW_seed025,POW,H0,100,25,14,388.00928934370677
8Y_H0_N100_POW_seed025,POW,H0,100,25,15,359.6506231788753
8Y_H0_N100_POW_seed025,POW,H0,100,25,16,564.5306159476149
8Y_H0_N100_P0_ALL_seed025,P0_ALL,H0,100,25,1,624.7372014431039
8Y_H0_N100_P0_ALL_seed025,P0_ALL,H0,100,25,2,391.58816817740285
8Y_H0_N100_P0_ALL_seed025,P0_ALL,H0,100,25,3,251.727943787884
8Y_H0_N100_P0_ALL_seed025,P0_ALL,H0,100,25,4,1532.6916640641716
8Y_H0_N100_P0_ALL_seed025,P0_ALL,H0,100,25,5,287.3480630014137
8Y_H0_N100_P0_ALL_seed025,P0_ALL,H0,100,25,6,559.0727956368682
8Y_H0_N100_P0_ALL_seed025,P0_ALL,H0,100,25,7,19.118726560081996
8Y_H0_N100_P0_ALL_seed025,P0_ALL,H0,100,25,8,456.6602500197664
8Y_H0_N100_P0_ALL_seed025,P0_ALL,H0,100,25,9,213.7661143296591
8Y_H0_N100_P0_ALL_seed025,P0_ALL,H0,100,25,10,382.78427886814734
8Y_H0_N100_P0_ALL_seed025,P0_ALL,H0,100,25,11,1732.9807990090212
8Y_H0_N100_P0_ALL_seed025,P0_ALL,H0,100,25,12,461.00790326958486
8Y_H0_N100_P0_ALL_seed025,P0_ALL,H0,100,25,13,1726.535534435121
8Y_H0_N100_P0_ALL_seed025,P0_ALL,H0,100,25,14,388.00928934370677
8Y_H0_N100_P0_ALL_seed025,P0_ALL,H0,100,25,15,359.6506231788753
8Y_H0_N100_P0_ALL_seed025,P0_ALL,H0,100,25,16,564.5306159476149
8Y_H0_N100_P3_ENERGY_seed025,P3_ENERGY,H0,100,25,1,1593.2010449459951
8Y_H0_N100_P3_ENERGY_seed025,P3_ENERGY,H0,100,25,2,251.63906755329594
8Y_H0_N100_P3_ENERGY_seed025,P3_ENERGY,H0,100,25,3,2094.2042678310017
8Y_H0_N100_P3_ENERGY_seed025,P3_ENERGY,H0,100,25,4,559.0177704660359
8Y_H0_N100_P3_ENERGY_seed025,P3_ENERGY,H0,100,25,5,19.159530613134848
8Y_H0_N100_P3_ENERGY_seed025,P3_ENERGY,H0,100,25,6,456.91822230362595
8Y_H0_N100_P3_ENERGY_seed025,P3_ENERGY,H0,100,25,7,213.96292327186984
8Y_H0_N100_P3_ENERGY_seed025,P3_ENERGY,H0,100,25,8,382.4669021693726
8Y_H0_N100_P3_ENERGY_seed025,P3_ENERGY,H0,100,25,9,2266.8139901884942
8Y_H0_N100_P4_RESERVE_seed025,P4_RESERVE,H0,100,25,1,1534.737201443104
8Y_H0_N100_P4_RESERVE_seed025,P4_RESERVE,H0,100,25,2,391.58816817740285
8Y_H0_N100_P4_RESERVE_seed025,P4_RESERVE,H0,100,25,3,251.727943787884
8Y_H0_N100_P4_RESERVE_seed025,P4_RESERVE,H0,100,25,4,3000.615745273859
8Y_H0_N100_P4_RESERVE_seed025,P4_RESERVE,H0,100,25,5,559.0930562767426
8Y_H0_N100_P4_RESERVE_seed025,P4_RESERVE,H0,100,25,6,19.54742269394319
8Y_H0_N100_P4_RESERVE_seed025,P4_RESERVE,H0,100,25,7,456.63550998210576
8Y_H0_N100_P4_RESERVE_seed025,P4_RESERVE,H0,100,25,8,214.73944384189963
8Y_H0_N100_P4_RESERVE_seed025,P4_RESERVE,H0,100,25,9,382.3658330606404
8Y_H0_N100_P4_RESERVE_seed025,P4_RESERVE,H0,100,25,10,939.0852064657074
8Y_H0_N100_POW_seed026,POW,H0,100,26,1,647.906503507829
8Y_H0_N100_POW_seed026,POW,H0,100,26,2,172.3026060550394
8Y_H0_N100_POW_seed026,POW,H0,100,26,3,700.4733704350542
8Y_H0_N100_POW_seed026,POW,H0,100,26,4,71.60517034140776
8Y_H0_N100_POW_seed026,POW,H0,100,26,5,424.89203472801114
8Y_H0_N100_POW_seed026,POW,H0,100,26,6,1377.6971030899974
8Y_H0_N100_POW_seed026,POW,H0,100,26,7,1625.0391741292901
8Y_H0_N100_POW_seed026,POW,H0,100,26,8,215.99118762721537
8Y_H0_N100_POW_seed026,POW,H0,100,26,9,736.7341946168244
8Y_H0_N100_POW_seed026,POW,H0,100,26,10,42.37232633339772
8Y_H0_N100_POW_seed026,POW,H0,100,26,11,50.68077549854661
8Y_H0_N100_POW_seed026,POW,H0,100,26,12,499.6354579617291
8Y_H0_N100_POW_seed026,POW,H0,100,26,13,502.58581007368866
8Y_H0_N100_POW_seed026,POW,H0,100,26,14,359.3365195900369
8Y_H0_N100_POW_seed026,POW,H0,100,26,15,467.7957651691413
8Y_H0_N100_POW_seed026,POW,H0,100,26,16,5.595805794751868
8Y_H0_N100_POW_seed026,POW,H0,100,26,17,1501.7071967522907
8Y_H0_N100_POW_seed026,POW,H0,100,26,18,516.5791481208926
8Y_H0_N100_P0_ALL_seed026,P0_ALL,H0,100,26,1,647.9582798114045
8Y_H0_N100_P0_ALL_seed026,P0_ALL,H0,100,26,2,172.3026060550394
8Y_H0_N100_P0_ALL_seed026,P0_ALL,H0,100,26,3,700.6792033463557
8Y_H0_N100_P0_ALL_seed026,P0_ALL,H0,100,26,4,71.60517034140776
8Y_H0_N100_P0_ALL_seed026,P0_ALL,H0,100,26,5,424.89203472801114
8Y_H0_N100_P0_ALL_seed026,P0_ALL,H0,100,26,6,1383.0392374966925
8Y_H0_N100_P0_ALL_seed026,P0_ALL,H0,100,26,7,1628.4240517656294
8Y_H0_N100_P0_ALL_seed026,P0_ALL,H0,100,26,8,215.99118762721537
8Y_H0_N100_P0_ALL_seed026,P0_ALL,H0,100,26,9,738.7586970256561
8Y_H0_N100_P0_ALL_seed026,P0_ALL,H0,100,26,10,42.37232633339772
8Y_H0_N100_P0_ALL_seed026,P0_ALL,H0,100,26,11,50.68077549854661
8Y_H0_N100_P0_ALL_seed026,P0_ALL,H0,100,26,12,499.6354579617291
8Y_H0_N100_P0_ALL_seed026,P0_ALL,H0,100,26,13,502.58581007368866
8Y_H0_N100_P0_ALL_seed026,P0_ALL,H0,100,26,14,359.3365195900369
8Y_H0_N100_P0_ALL_seed026,P0_ALL,H0,100,26,15,467.7957651691413
8Y_H0_N100_P0_ALL_seed026,P0_ALL,H0,100,26,16,5.595805794751868
8Y_H0_N100_P0_ALL_seed026,P0_ALL,H0,100,26,17,1506.782461569378
8Y_H0_N100_P0_ALL_seed026,P0_ALL,H0,100,26,18,516.5791481208926
8Y_H0_N100_P3_ENERGY_seed026,P3_ENERGY,H0,100,26,1,647.9582798114045
8Y_H0_N100_P3_ENERGY_seed026,P3_ENERGY,H0,100,26,2,1302.3618481639394
8Y_H0_N100_P3_ENERGY_seed026,P3_ENERGY,H0,100,26,3,1026.8105377730358
8Y_H0_N100_P3_ENERGY_seed026,P3_ENERGY,H0,100,26,4,1382.8599291344158
8Y_H0_N100_P3_ENERGY_seed026,P3_ENERGY,H0,100,26,5,1627.6151718079273
8Y_H0_N100_P3_ENERGY_seed026,P3_ENERGY,H0,100,26,6,472.04917463579204
8Y_H0_N100_P3_ENERGY_seed026,P3_ENERGY,H0,100,26,7,739.3546045047469
8Y_H0_N100_P3_ENERGY_seed026,P3_ENERGY,H0,100,26,8,904.3475611166723
8Y_H0_N100_P3_ENERGY_seed026,P3_ENERGY,H0,100,26,9,499.63030929466277
8Y_H0_N100_P3_ENERGY_seed026,P3_ENERGY,H0,100,26,10,502.7084362456244
8Y_H0_N100_P3_ENERGY_seed026,P3_ENERGY,H0,100,26,11,358.66417968736823
8Y_H0_N100_P3_ENERGY_seed026,P3_ENERGY,H0,100,26,12,466.8703156076717
8Y_H0_N100_P3_ENERGY_seed026,P3_ENERGY,H0,100,26,13,5.729652120868195
8Y_H0_N100_P4_RESERVE_seed026,P4_RESERVE,H0,100,26,1,1557.9582798114045
8Y_H0_N100_P4_RESERVE_seed026,P4_RESERVE,H0,100,26,2,782.187256613244
8Y_H0_N100_P4_RESERVE_seed026,P4_RESERVE,H0,100,26,3,1608.9821477308546
8Y_H0_N100_P4_RESERVE_seed026,P4_RESERVE,H0,100,26,4,381.17956784183616
8Y_H0_N100_P4_RESERVE_seed026,P4_RESERVE,H0,100,26,5,424.8920347280109
8Y_H0_N100_P4_RESERVE_seed026,P4_RESERVE,H0,100,26,6,2290.4271472666733
8Y_H0_N100_P4_RESERVE_seed026,P4_RESERVE,H0,100,26,7,2536.1227133466873
8Y_H0_N100_POW_seed027,POW,H0,100,27,1,870.9688611223969
8Y_H0_N100_POW_seed027,POW,H0,100,27,2,573.5746492225226
8Y_H0_N100_POW_seed027,POW,H0,100,27,3,206.95597440680785
8Y_H0_N100_POW_seed027,POW,H0,100,27,4,1410.8950631488092
8Y_H0_N100_POW_seed027,POW,H0,100,27,5,711.2452432920059
8Y_H0_N100_POW_seed027,POW,H0,100,27,6,106.70811980906274
8Y_H0_N100_POW_seed027,POW,H0,100,27,7,1344.5391604784409
8Y_H0_N100_POW_seed027,POW,H0,100,27,8,32.57220604608483
8Y_H0_N100_POW_seed027,POW,H0,100,27,9,333.6952200322503
8Y_H0_N100_POW_seed027,POW,H0,100,27,10,264.1965369657164
8Y_H0_N100_POW_seed027,POW,H0,100,27,11,593.0063667622171
8Y_H0_N100_POW_seed027,POW,H0,100,27,12,376.608347549065
8Y_H0_N100_POW_seed027,POW,H0,100,27,13,15.90092287200423
8Y_H0_N100_POW_seed027,POW,H0,100,27,14,1345.5740892601343
8Y_H0_N100_POW_seed027,POW,H0,100,27,15,423.6679494410273
8Y_H0_N100_POW_seed027,POW,H0,100,27,16,1259.4723898717293
8Y_H0_N100_P0_ALL_seed027,P0_ALL,H0,100,27,1,871.0624570779814
8Y_H0_N100_P0_ALL_seed027,P0_ALL,H0,100,27,2,573.5746492225226
8Y_H0_N100_P0_ALL_seed027,P0_ALL,H0,100,27,3,206.95597440680785
8Y_H0_N100_P0_ALL_seed027,P0_ALL,H0,100,27,4,1415.0039493873583
8Y_H0_N100_P0_ALL_seed027,P0_ALL,H0,100,27,5,712.9234330209092
8Y_H0_N100_P0_ALL_seed027,P0_ALL,H0,100,27,6,106.70811980906274
8Y_H0_N100_P0_ALL_seed027,P0_ALL,H0,100,27,7,1348.2670696633213
8Y_H0_N100_P0_ALL_seed027,P0_ALL,H0,100,27,8,32.57220604608483
8Y_H0_N100_P0_ALL_seed027,P0_ALL,H0,100,27,9,333.6952200322503
8Y_H0_N100_P0_ALL_seed027,P0_ALL,H0,100,27,10,264.1965369657164
8Y_H0_N100_P0_ALL_seed027,P0_ALL,H0,100,27,11,593.0063667622171
8Y_H0_N100_P0_ALL_seed027,P0_ALL,H0,100,27,12,376.608347549065
8Y_H0_N100_P0_ALL_seed027,P0_ALL,H0,100,27,13,15.90092287200423
8Y_H0_N100_P0_ALL_seed027,P0_ALL,H0,100,27,14,1349.5986052018825
8Y_H0_N100_P0_ALL_seed027,P0_ALL,H0,100,27,15,423.6679494410273
8Y_H0_N100_P0_ALL_seed027,P0_ALL,H0,100,27,16,1265.575745690241
8Y_H0_N100_P3_ENERGY_seed027,P3_ENERGY,H0,100,27,1,1776.4570965947387
8Y_H0_N100_P3_ENERGY_seed027,P3_ENERGY,H0,100,27,2,206.02577370274844
8Y_H0_N100_P3_ENERGY_seed027,P3_ENERGY,H0,100,27,3,1415.2385060033414
8Y_H0_N100_P3_ENERGY_seed027,P3_ENERGY,H0,100,27,4,3154.502424382452
8Y_H0_N100_P3_ENERGY_seed027,P3_ENERGY,H0,100,27,5,32.054225868451795
8Y_H0_N100_P3_ENERGY_seed027,P3_ENERGY,H0,100,27,6,1796.3403161045353
8Y_H0_N100_P3_ENERGY_seed027,P3_ENERGY,H0,100,27,7,376.189316206317
8Y_H0_N100_P3_ENERGY_seed027,P3_ENERGY,H0,100,27,8,15.90092287200423
8Y_H0_N100_P4_RESERVE_seed027,P4_RESERVE,H0,100,27,1,1781.0624570779817
8Y_H0_N100_P4_RESERVE_seed027,P4_RESERVE,H0,100,27,2,573.5746492225228
8Y_H0_N100_P4_RESERVE_seed027,P4_RESERVE,H0,100,27,3,206.95597440680785
8Y_H0_N100_P4_RESERVE_seed027,P4_RESERVE,H0,100,27,4,2322.4599910431
8Y_H0_N100_P4_RESERVE_seed027,P4_RESERVE,H0,100,27,5,2827.097881342279
8Y_H0_N100_P4_RESERVE_seed027,P4_RESERVE,H0,100,27,6,716.4753153699648
8Y_H0_N100_P4_RESERVE_seed027,P4_RESERVE,H0,100,27,7,144.53916047843995
8Y_H0_N100_P4_RESERVE_seed027,P4_RESERVE,H0,100,27,8,32.57220604608483
8Y_H0_N100_POW_seed028,POW,H0,100,28,1,1773.1956174817265
8Y_H0_N100_POW_seed028,POW,H0,100,28,2,368.21770325237685
8Y_H0_N100_POW_seed028,POW,H0,100,28,3,820.2887547953092
8Y_H0_N100_POW_seed028,POW,H0,100,28,4,56.3929196878039
8Y_H0_N100_POW_seed028,POW,H0,100,28,5,1265.0165765823072
8Y_H0_N100_POW_seed028,POW,H0,100,28,6,240.77365428273697
8Y_H0_N100_POW_seed028,POW,H0,100,28,7,181.39214021696534
8Y_H0_N100_POW_seed028,POW,H0,100,28,8,728.386568961565
8Y_H0_N100_POW_seed028,POW,H0,100,28,9,193.1201859754592
8Y_H0_N100_POW_seed028,POW,H0,100,28,10,1198.2424794075769
8Y_H0_N100_POW_seed028,POW,H0,100,28,11,273.14962662516973
8Y_H0_N100_POW_seed028,POW,H0,100,28,12,67.26273561155722
8Y_H0_N100_POW_seed028,POW,H0,100,28,13,936.3129634467878
8Y_H0_N100_POW_seed028,POW,H0,100,28,14,1395.0081035665053
8Y_H0_N100_P0_ALL_seed028,P0_ALL,H0,100,28,1,1776.2406202697025
8Y_H0_N100_P0_ALL_seed028,P0_ALL,H0,100,28,2,368.21770325237685
8Y_H0_N100_P0_ALL_seed028,P0_ALL,H0,100,28,3,822.5999264411216
8Y_H0_N100_P0_ALL_seed028,P0_ALL,H0,100,28,4,56.3929196878039
8Y_H0_N100_P0_ALL_seed028,P0_ALL,H0,100,28,5,1268.8871932518919
8Y_H0_N100_P0_ALL_seed028,P0_ALL,H0,100,28,6,240.77365428273697
8Y_H0_N100_P0_ALL_seed028,P0_ALL,H0,100,28,7,181.39214021696534
8Y_H0_N100_P0_ALL_seed028,P0_ALL,H0,100,28,8,729.8929826021867
8Y_H0_N100_P0_ALL_seed028,P0_ALL,H0,100,28,9,193.1201859754592
8Y_H0_N100_P0_ALL_seed028,P0_ALL,H0,100,28,10,1201.1355200702792
8Y_H0_N100_P0_ALL_seed028,P0_ALL,H0,100,28,11,273.14962662516973
8Y_H0_N100_P0_ALL_seed028,P0_ALL,H0,100,28,12,67.26273561155722
8Y_H0_N100_P0_ALL_seed028,P0_ALL,H0,100,28,13,937.7939050922096
8Y_H0_N100_P0_ALL_seed028,P0_ALL,H0,100,28,14,1400.1249885221105
8Y_H0_N100_P3_ENERGY_seed028,P3_ENERGY,H0,100,28,1,1776.2406202697025
8Y_H0_N100_P3_ENERGY_seed028,P3_ENERGY,H0,100,28,2,368.21770325237685
8Y_H0_N100_P3_ENERGY_seed028,P3_ENERGY,H0,100,28,3,1260.5614366030318
8Y_H0_N100_P3_ENERGY_seed028,P3_ENERGY,H0,100,28,4,1269.0321765016697
8Y_H0_N100_P3_ENERGY_seed028,P3_ENERGY,H0,100,28,5,240.6730609838005
8Y_H0_N100_P3_ENERGY_seed028,P3_ENERGY,H0,100,28,6,181.79551431152868
8Y_H0_N100_P3_ENERGY_seed028,P3_ENERGY,H0,100,28,7,732.4088237411397
8Y_H0_N100_P3_ENERGY_seed028,P3_ENERGY,H0,100,28,8,1801.73849424714
8Y_H0_N100_P3_ENERGY_seed028,P3_ENERGY,H0,100,28,9,390.5467568319473
8Y_H0_N100_P3_ENERGY_seed028,P3_ENERGY,H0,100,28,10,1541.973109421895
8Y_H0_N100_P4_RESERVE_seed028,P4_RESERVE,H0,100,28,1,2686.2406202697025
8Y_H0_N100_P4_RESERVE_seed028,P4_RESERVE,H0,100,28,2,368.21770325237685
8Y_H0_N100_P4_RESERVE_seed028,P4_RESERVE,H0,100,28,3,1730.5282683914534
8Y_H0_N100_P4_RESERVE_seed028,P4_RESERVE,H0,100,28,4,56.39291968780344
8Y_H0_N100_P4_RESERVE_seed028,P4_RESERVE,H0,100,28,5,2177.520460853597
8Y_H0_N100_P4_RESERVE_seed028,P4_RESERVE,H0,100,28,6,240.77365428273697
8Y_H0_N100_P4_RESERVE_seed028,P4_RESERVE,H0,100,28,7,181.39214021696534
8Y_H0_N100_P4_RESERVE_seed028,P4_RESERVE,H0,100,28,8,1638.3028845469826
8Y_H0_N100_POW_seed029,POW,H0,100,29,1,691.058495771313
8Y_H0_N100_POW_seed029,POW,H0,100,29,2,170.4990827624647
8Y_H0_N100_POW_seed029,POW,H0,100,29,3,123.12512650807116
8Y_H0_N100_POW_seed029,POW,H0,100,29,4,1282.1288915148898
8Y_H0_N100_POW_seed029,POW,H0,100,29,5,299.99523841990003
8Y_H0_N100_POW_seed029,POW,H0,100,29,6,229.01359918336448
8Y_H0_N100_POW_seed029,POW,H0,100,29,7,227.23079388341012
8Y_H0_N100_POW_seed029,POW,H0,100,29,8,369.536289142603
8Y_H0_N100_POW_seed029,POW,H0,100,29,9,322.42223248900154
8Y_H0_N100_POW_seed029,POW,H0,100,29,10,347.7044351706586
8Y_H0_N100_POW_seed029,POW,H0,100,29,11,345.5262439295616
8Y_H0_N100_POW_seed029,POW,H0,100,29,12,204.37891048322945
8Y_H0_N100_POW_seed029,POW,H0,100,29,13,118.03370745274879
8Y_H0_N100_POW_seed029,POW,H0,100,29,14,729.9260076919509
8Y_H0_N100_POW_seed029,POW,H0,100,29,15,465.5938179690993
8Y_H0_N100_POW_seed029,POW,H0,100,29,16,801.7428941407288
8Y_H0_N100_POW_seed029,POW,H0,100,29,17,643.8224481544066
8Y_H0_N100_POW_seed029,POW,H0,100,29,18,631.5824222668734
8Y_H0_N100_POW_seed029,POW,H0,100,29,19,544.9307702257265
8Y_H0_N100_POW_seed029,POW,H0,100,29,20,174.4459616421682
8Y_H0_N100_POW_seed029,POW,H0,100,29,21,335.6513888640675
8Y_H0_N100_POW_seed029,POW,H0,100,29,22,627.4921119195842
8Y_H0_N100_POW_seed029,POW,H0,100,29,23,215.7340028079143
8Y_H0_N100_P0_ALL_seed029,P0_ALL,H0,100,29,1,691.3122013429171
8Y_H0_N100_P0_ALL_seed029,P0_ALL,H0,100,29,2,170.4990827624647
8Y_H0_N100_P0_ALL_seed029,P0_ALL,H0,100,29,3,123.12512650807116
8Y_H0_N100_P0_ALL_seed029,P0_ALL,H0,100,29,4,1287.375947853865
8Y_H0_N100_P0_ALL_seed029,P0_ALL,H0,100,29,5,299.99523841990003
8Y_H0_N100_P0_ALL_seed029,P0_ALL,H0,100,29,6,229.01359918336448
8Y_H0_N100_P0_ALL_seed029,P0_ALL,H0,100,29,7,227.23079388340966
8Y_H0_N100_P0_ALL_seed029,P0_ALL,H0,100,29,8,369.536289142603
8Y_H0_N100_P0_ALL_seed029,P0_ALL,H0,100,29,9,322.42223248900154
8Y_H0_N100_P0_ALL_seed029,P0_ALL,H0,100,29,10,347.7044351706586
8Y_H0_N100_P0_ALL_seed029,P0_ALL,H0,100,29,11,345.5262439295616
8Y_H0_N100_P0_ALL_seed029,P0_ALL,H0,100,29,12,204.37891048322945
8Y_H0_N100_P0_ALL_seed029,P0_ALL,H0,100,29,13,118.03370745274879
8Y_H0_N100_P0_ALL_seed029,P0_ALL,H0,100,29,14,732.0995870299239
8Y_H0_N100_P0_ALL_seed029,P0_ALL,H0,100,29,15,465.5938179690993
8Y_H0_N100_P0_ALL_seed029,P0_ALL,H0,100,29,16,802.202971509013
8Y_H0_N100_P0_ALL_seed029,P0_ALL,H0,100,29,17,647.6249184382832
8Y_H0_N100_P0_ALL_seed029,P0_ALL,H0,100,29,18,634.0136047697715
8Y_H0_N100_P0_ALL_seed029,P0_ALL,H0,100,29,19,544.9307702257265
8Y_H0_N100_P0_ALL_seed029,P0_ALL,H0,100,29,20,174.4459616421682
8Y_H0_N100_P0_ALL_seed029,P0_ALL,H0,100,29,21,335.6513888640675
8Y_H0_N100_P0_ALL_seed029,P0_ALL,H0,100,29,22,628.6347277209425
8Y_H0_N100_P0_ALL_seed029,P0_ALL,H0,100,29,23,215.7340028079143
8Y_H0_N100_P3_ENERGY_seed029,P3_ENERGY,H0,100,29,1,1929.0024497879356
8Y_H0_N100_P3_ENERGY_seed029,P3_ENERGY,H0,100,29,2,1286.252305385641
8Y_H0_N100_P3_ENERGY_seed029,P3_ENERGY,H0,100,29,3,300.1795963411969
8Y_H0_N100_P3_ENERGY_seed029,P3_ENERGY,H0,100,29,4,828.9960060766994
8Y_H0_N100_P3_ENERGY_seed029,P3_ENERGY,H0,100,29,5,369.51951326724065
8Y_H0_N100_P3_ENERGY_seed029,P3_ENERGY,H0,100,29,6,323.9586753218564
8Y_H0_N100_P3_ENERGY_seed029,P3_ENERGY,H0,100,29,7,947.045393477868
8Y_H0_N100_P3_ENERGY_seed029,P3_ENERGY,H0,100,29,8,204.32678361365743
8Y_H0_N100_P3_ENERGY_seed029,P3_ENERGY,H0,100,29,9,117.929145827904
8Y_H0_N100_P3_ENERGY_seed029,P3_ENERGY,H0,100,29,10,1165.483710943713
8Y_H0_N100_P3_ENERGY_seed029,P3_ENERGY,H0,100,29,11,1403.9368763049015
8Y_H0_N100_P3_ENERGY_seed029,P3_ENERGY,H0,100,29,12,645.9517306983271
8Y_H0_N100_P4_RESERVE_seed029,P4_RESERVE,H0,100,29,1,1601.312201342917
8Y_H0_N100_P4_RESERVE_seed029,P4_RESERVE,H0,100,29,2,1080.3138853205687
8Y_H0_N100_P4_RESERVE_seed029,P4_RESERVE,H0,100,29,3,123.12512650807139
8Y_H0_N100_P4_RESERVE_seed029,P4_RESERVE,H0,100,29,4,2195.609221304037
8Y_H0_N100_P4_RESERVE_seed029,P4_RESERVE,H0,100,29,5,299.9952384199005
8Y_H0_N100_P4_RESERVE_seed029,P4_RESERVE,H0,100,29,6,1738.1115435019747
8Y_H0_N100_P4_RESERVE_seed029,P4_RESERVE,H0,100,29,7,369.7072422695228
8Y_H0_N100_P4_RESERVE_seed029,P4_RESERVE,H0,100,29,8,323.30426606574747
8Y_H0_N100_P4_RESERVE_seed029,P4_RESERVE,H0,100,29,9,838.7920939074147
8Y_H0_N100_P4_RESERVE_seed029,P4_RESERVE,H0,100,29,10,345.4886007162804
8Y_H0_N100_P4_RESERVE_seed029,P4_RESERVE,H0,100,29,11,205.18482000134463
8Y_H0_N100_P4_RESERVE_seed029,P4_RESERVE,H0,100,29,12,117.89463645353499
8Y_H0_N100_P4_RESERVE_seed029,P4_RESERVE,H0,100,29,13,657.540281898142
8Y_H0_N100_POW_seed030,POW,H0,100,30,1,216.54059083974968
8Y_H0_N100_POW_seed030,POW,H0,100,30,2,96.84650776982105
8Y_H0_N100_POW_seed030,POW,H0,100,30,3,318.74735743176456
8Y_H0_N100_POW_seed030,POW,H0,100,30,4,140.5786231382342
8Y_H0_N100_POW_seed030,POW,H0,100,30,5,354.7718935853262
8Y_H0_N100_POW_seed030,POW,H0,100,30,6,48.010737583450236
8Y_H0_N100_POW_seed030,POW,H0,100,30,7,260.7753502551809
8Y_H0_N100_POW_seed030,POW,H0,100,30,8,832.7168809451466
8Y_H0_N100_POW_seed030,POW,H0,100,30,9,315.2590880899379
8Y_H0_N100_POW_seed030,POW,H0,100,30,10,2254.381600397382
8Y_H0_N100_POW_seed030,POW,H0,100,30,11,138.7719775273772
8Y_H0_N100_POW_seed030,POW,H0,100,30,12,243.20138415053316
8Y_H0_N100_POW_seed030,POW,H0,100,30,13,415.8175055278407
8Y_H0_N100_POW_seed030,POW,H0,100,30,14,294.2248375060826
8Y_H0_N100_POW_seed030,POW,H0,100,30,15,31.856226593202337
8Y_H0_N100_POW_seed030,POW,H0,100,30,16,13.35970587900374
8Y_H0_N100_POW_seed030,POW,H0,100,30,17,911.714165916409
8Y_H0_N100_POW_seed030,POW,H0,100,30,18,5.297496196842985
8Y_H0_N100_POW_seed030,POW,H0,100,30,19,263.27232379551697
8Y_H0_N100_POW_seed030,POW,H0,100,30,20,1303.526288402155
8Y_H0_N100_POW_seed030,POW,H0,100,30,21,545.8608965856201
8Y_H0_N100_POW_seed030,POW,H0,100,30,22,13.53933574086659
8Y_H0_N100_POW_seed030,POW,H0,100,30,23,264.7109039567313
8Y_H0_N100_POW_seed030,POW,H0,100,30,24,179.65730154372613
8Y_H0_N100_P0_ALL_seed030,P0_ALL,H0,100,30,1,216.54059083974968
8Y_H0_N100_P0_ALL_seed030,P0_ALL,H0,100,30,2,96.84650776982105
8Y_H0_N100_P0_ALL_seed030,P0_ALL,H0,100,30,3,318.74735743176456
8Y_H0_N100_P0_ALL_seed030,P0_ALL,H0,100,30,4,140.5786231382342
8Y_H0_N100_P0_ALL_seed030,P0_ALL,H0,100,30,5,354.7718935853262
8Y_H0_N100_P0_ALL_seed030,P0_ALL,H0,100,30,6,48.010737583450236
8Y_H0_N100_P0_ALL_seed030,P0_ALL,H0,100,30,7,260.7753502551809
8Y_H0_N100_P0_ALL_seed030,P0_ALL,H0,100,30,8,834.389406877722
8Y_H0_N100_P0_ALL_seed030,P0_ALL,H0,100,30,9,315.2590880899379
8Y_H0_N100_P0_ALL_seed030,P0_ALL,H0,100,30,10,2262.1400317610196
8Y_H0_N100_P0_ALL_seed030,P0_ALL,H0,100,30,11,138.7719775273772
8Y_H0_N100_P0_ALL_seed030,P0_ALL,H0,100,30,12,243.20138415053316
8Y_H0_N100_P0_ALL_seed030,P0_ALL,H0,100,30,13,415.8175055278407
8Y_H0_N100_P0_ALL_seed030,P0_ALL,H0,100,30,14,294.2248375060826
8Y_H0_N100_P0_ALL_seed030,P0_ALL,H0,100,30,15,31.856226593202337
8Y_H0_N100_P0_ALL_seed030,P0_ALL,H0,100,30,16,13.35970587900374
8Y_H0_N100_P0_ALL_seed030,P0_ALL,H0,100,30,17,913.5335154156674
8Y_H0_N100_P0_ALL_seed030,P0_ALL,H0,100,30,18,5.297496196842985
8Y_H0_N100_P0_ALL_seed030,P0_ALL,H0,100,30,19,263.27232379551697
8Y_H0_N100_P0_ALL_seed030,P0_ALL,H0,100,30,20,1308.8714688526952
8Y_H0_N100_P0_ALL_seed030,P0_ALL,H0,100,30,21,545.8608965856201
8Y_H0_N100_P0_ALL_seed030,P0_ALL,H0,100,30,22,13.53933574086659
8Y_H0_N100_P0_ALL_seed030,P0_ALL,H0,100,30,23,264.7109039567313
8Y_H0_N100_P0_ALL_seed030,P0_ALL,H0,100,30,24,179.65730154372613
8Y_H0_N100_P3_ENERGY_seed030,P3_ENERGY,H0,100,30,1,216.54059083974968
8Y_H0_N100_P3_ENERGY_seed030,P3_ENERGY,H0,100,30,2,922.0200824231581
8Y_H0_N100_P3_ENERGY_seed030,P3_ENERGY,H0,100,30,3,139.34548385551489
8Y_H0_N100_P3_ENERGY_seed030,P3_ENERGY,H0,100,30,4,355.1894199457779
8Y_H0_N100_P3_ENERGY_seed030,P3_ENERGY,H0,100,30,5,48.7780249819275
8Y_H0_N100_P3_ENERGY_seed030,P3_ENERGY,H0,100,30,6,260.7657793339963
8Y_H0_N100_P3_ENERGY_seed030,P3_ENERGY,H0,100,30,7,835.4917584407169
8Y_H0_N100_P3_ENERGY_seed030,P3_ENERGY,H0,100,30,8,315.15129945987655
8Y_H0_N100_P3_ENERGY_seed030,P3_ENERGY,H0,100,30,9,2259.738869771917
8Y_H0_N100_P3_ENERGY_seed030,P3_ENERGY,H0,100,30,10,138.86669090711712
8Y_H0_N100_P3_ENERGY_seed030,P3_ENERGY,H0,100,30,11,243.85289633505
8Y_H0_N100_P3_ENERGY_seed030,P3_ENERGY,H0,100,30,12,502.3016092405933
8Y_H0_N100_P3_ENERGY_seed030,P3_ENERGY,H0,100,30,13,633.3319908858066
8Y_H0_N100_P3_ENERGY_seed030,P3_ENERGY,H0,100,30,14,1516.23141972349
8Y_H0_N100_P3_ENERGY_seed030,P3_ENERGY,H0,100,30,15,4.9195927549353655
8Y_H0_N100_P3_ENERGY_seed030,P3_ENERGY,H0,100,30,16,262.6270908469269
8Y_H0_N100_P4_RESERVE_seed030,P4_RESERVE,H0,100,30,1,216.54059083974968
8Y_H0_N100_P4_RESERVE_seed030,P4_RESERVE,H0,100,30,2,1606.0853995800207
8Y_H0_N100_P4_RESERVE_seed030,P4_RESERVE,H0,100,30,3,139.34548385551489
8Y_H0_N100_P4_RESERVE_seed030,P4_RESERVE,H0,100,30,4,355.1894199457779
8Y_H0_N100_P4_RESERVE_seed030,P4_RESERVE,H0,100,30,5,48.7780249819275
8Y_H0_N100_P4_RESERVE_seed030,P4_RESERVE,H0,100,30,6,260.7657793339963
8Y_H0_N100_P4_RESERVE_seed030,P4_RESERVE,H0,100,30,7,1742.9056952520305
8Y_H0_N100_P4_RESERVE_seed030,P4_RESERVE,H0,100,30,8,315.151299459877
8Y_H0_N100_P4_RESERVE_seed030,P4_RESERVE,H0,100,30,9,1799.4185552981207
8Y_H0_N100_P4_RESERVE_seed030,P4_RESERVE,H0,100,30,10,1964.2809409652918
8Y_H0_N100_P4_RESERVE_seed030,P4_RESERVE,H0,100,30,11,138.7719775273781
8Y_H0_N100_P4_RESERVE_seed030,P4_RESERVE,H0,100,30,12,243.20138415053225
8Y_H0_N100_P4_RESERVE_seed030,P4_RESERVE,H0,100,30,13,502.320738594668
8Y_H0_N300_POW_seed001,POW,H0,300,1,1,1140.1770514840036
8Y_H0_N300_POW_seed001,POW,H0,300,1,2,257.6505460268718
8Y_H0_N300_POW_seed001,POW,H0,300,1,3,1011.5268778233558
8Y_H0_N300_POW_seed001,POW,H0,300,1,4,731.2179595990178
8Y_H0_N300_POW_seed001,POW,H0,300,1,5,151.3312582654621
8Y_H0_N300_POW_seed001,POW,H0,300,1,6,54.287803693719525
8Y_H0_N300_POW_seed001,POW,H0,300,1,7,375.76231578172474
8Y_H0_N300_POW_seed001,POW,H0,300,1,8,967.4582171746533
8Y_H0_N300_POW_seed001,POW,H0,300,1,9,180.03573464684087
8Y_H0_N300_POW_seed001,POW,H0,300,1,10,490.0136591475566
8Y_H0_N300_POW_seed001,POW,H0,300,1,11,391.6547227066103
8Y_H0_N300_POW_seed001,POW,H0,300,1,12,2284.2559828370886
8Y_H0_N300_POW_seed001,POW,H0,300,1,13,877.8180132649513
8Y_H0_N300_POW_seed001,POW,H0,300,1,14,823.4096209674954
8Y_H0_N300_POW_seed001,POW,H0,300,1,15,119.06691556707119
8Y_H0_N300_P0_ALL_seed001,P0_ALL,H0,300,1,1,1140.6048253610384
8Y_H0_N300_P0_ALL_seed001,P0_ALL,H0,300,1,2,257.6505460268718
8Y_H0_N300_P0_ALL_seed001,P0_ALL,H0,300,1,3,1016.0205515192938
8Y_H0_N300_P0_ALL_seed001,P0_ALL,H0,300,1,4,733.6924683297138
8Y_H0_N300_P0_ALL_seed001,P0_ALL,H0,300,1,5,151.3312582654621
8Y_H0_N300_P0_ALL_seed001,P0_ALL,H0,300,1,6,54.287803693719525
8Y_H0_N300_P0_ALL_seed001,P0_ALL,H0,300,1,7,375.76231578172474
8Y_H0_N300_P0_ALL_seed001,P0_ALL,H0,300,1,8,969.8085060867952
8Y_H0_N300_P0_ALL_seed001,P0_ALL,H0,300,1,9,180.03573464684087
8Y_H0_N300_P0_ALL_seed001,P0_ALL,H0,300,1,10,490.0136591475566
8Y_H0_N300_P0_ALL_seed001,P0_ALL,H0,300,1,11,391.6547227066103
8Y_H0_N300_P0_ALL_seed001,P0_ALL,H0,300,1,12,2292.367893259131
8Y_H0_N300_P0_ALL_seed001,P0_ALL,H0,300,1,13,880.4921767576961
8Y_H0_N300_P0_ALL_seed001,P0_ALL,H0,300,1,14,827.1243897645836
8Y_H0_N300_P0_ALL_seed001,P0_ALL,H0,300,1,15,119.06691556707119
8Y_H0_N300_P3_ENERGY_seed001,P3_ENERGY,H0,300,1,1,1459.3178707609172
8Y_H0_N300_P3_ENERGY_seed001,P3_ENERGY,H0,300,1,2,1012.7819466909523
8Y_H0_N300_P3_ENERGY_seed001,P3_ENERGY,H0,300,1,3,1356.626839085945
8Y_H0_N300_P3_ENERGY_seed001,P3_ENERGY,H0,300,1,4,54.787426773995776
8Y_H0_N300_P3_ENERGY_seed001,P3_ENERGY,H0,300,1,5,375.5335050896383
8Y_H0_N300_P3_ENERGY_seed001,P3_ENERGY,H0,300,1,6,1518.770923023647
8Y_H0_N300_P3_ENERGY_seed001,P3_ENERGY,H0,300,1,7,1153.801656867463
8Y_H0_N300_P3_ENERGY_seed001,P3_ENERGY,H0,300,1,8,2291.141732112046
8Y_H0_N300_P4_RESERVE_seed001,P4_RESERVE,H0,300,1,1,2050.6048253610384
8Y_H0_N300_P4_RESERVE_seed001,P4_RESERVE,H0,300,1,2,257.6505460268718
8Y_H0_N300_P4_RESERVE_seed001,P4_RESERVE,H0,300,1,3,1418.8537670957207
8Y_H0_N300_P4_RESERVE_seed001,P4_RESERVE,H0,300,1,4,411.0686123021642
8Y_H0_N300_P4_RESERVE_seed001,P4_RESERVE,H0,300,1,5,2243.9122423029603
8Y_H0_N300_P4_RESERVE_seed001,P4_RESERVE,H0,300,1,6,54.28780369371998
8Y_H0_N300_P4_RESERVE_seed001,P4_RESERVE,H0,300,1,7,375.7623157817252
8Y_H0_N300_P4_RESERVE_seed001,P4_RESERVE,H0,300,1,8,2016.1565046992291
8Y_H0_N300_P4_RESERVE_seed001,P4_RESERVE,H0,300,1,9,314.3522325245758
8Y_H0_N300_P4_RESERVE_seed001,P4_RESERVE,H0,300,1,10,676.8990953074972
8Y_H0_N300_POW_seed002,POW,H0,300,2,1,224.33827761743044
8Y_H0_N300_POW_seed002,POW,H0,300,2,2,258.8883344746805
8Y_H0_N300_POW_seed002,POW,H0,300,2,3,189.19872182690597
8Y_H0_N300_POW_seed002,POW,H0,300,2,4,1147.5702242882116
8Y_H0_N300_POW_seed002,POW,H0,300,2,5,226.8694040712992
8Y_H0_N300_POW_seed002,POW,H0,300,2,6,648.5562067789926
8Y_H0_N300_POW_seed002,POW,H0,300,2,7,138.2674901411615
8Y_H0_N300_POW_seed002,POW,H0,300,2,8,2.454171910090281
8Y_H0_N300_POW_seed002,POW,H0,300,2,9,35.46935731806025
8Y_H0_N300_POW_seed002,POW,H0,300,2,10,353.67831954463963
8Y_H0_N300_POW_seed002,POW,H0,300,2,11,374.9768211732189
8Y_H0_N300_POW_seed002,POW,H0,300,2,12,365.9721360979147
8Y_H0_N300_POW_seed002,POW,H0,300,2,13,347.8055494400942
8Y_H0_N300_POW_seed002,POW,H0,300,2,14,372.76237099563514
8Y_H0_N300_POW_seed002,POW,H0,300,2,15,343.0206903757371
8Y_H0_N300_POW_seed002,POW,H0,300,2,16,2016.9754017204932
8Y_H0_N300_P0_ALL_seed002,P0_ALL,H0,300,2,1,224.33827761743044
8Y_H0_N300_P0_ALL_seed002,P0_ALL,H0,300,2,2,258.8883344746805
8Y_H0_N300_P0_ALL_seed002,P0_ALL,H0,300,2,3,189.19872182690597
8Y_H0_N300_P0_ALL_seed002,P0_ALL,H0,300,2,4,1150.658372504577
8Y_H0_N300_P0_ALL_seed002,P0_ALL,H0,300,2,5,226.8694040712994
8Y_H0_N300_P0_ALL_seed002,P0_ALL,H0,300,2,6,650.9162623953935
8Y_H0_N300_P0_ALL_seed002,P0_ALL,H0,300,2,7,138.2674901411615
8Y_H0_N300_P0_ALL_seed002,P0_ALL,H0,300,2,8,2.454171910090281
8Y_H0_N300_P0_ALL_seed002,P0_ALL,H0,300,2,9,35.46935731806025
8Y_H0_N300_P0_ALL_seed002,P0_ALL,H0,300,2,10,353.67831954463963
8Y_H0_N300_P0_ALL_seed002,P0_ALL,H0,300,2,11,374.9768211732189
8Y_H0_N300_P0_ALL_seed002,P0_ALL,H0,300,2,12,365.9721360979147
8Y_H0_N300_P0_ALL_seed002,P0_ALL,H0,300,2,13,347.80554944009464
8Y_H0_N300_P0_ALL_seed002,P0_ALL,H0,300,2,14,372.76237099563514
8Y_H0_N300_P0_ALL_seed002,P0_ALL,H0,300,2,15,343.0206903757371
8Y_H0_N300_P0_ALL_seed002,P0_ALL,H0,300,2,16,2024.8369761743525
8Y_H0_N300_P3_ENERGY_seed002,P3_ENERGY,H0,300,2,1,224.33827761743044
8Y_H0_N300_P3_ENERGY_seed002,P3_ENERGY,H0,300,2,2,258.8883344746805
8Y_H0_N300_P3_ENERGY_seed002,P3_ENERGY,H0,300,2,3,189.19872182690597
8Y_H0_N300_P3_ENERGY_seed002,P3_ENERGY,H0,300,2,4,1432.6199842622805
8Y_H0_N300_P3_ENERGY_seed002,P3_ENERGY,H0,300,2,5,651.1972903499336
8Y_H0_N300_P3_ENERGY_seed002,P3_ENERGY,H0,300,2,6,138.09763080851553
8Y_H0_N300_P3_ENERGY_seed002,P3_ENERGY,H0,300,2,7,413.2975774193901
8Y_H0_N300_P3_ENERGY_seed002,P3_ENERGY,H0,300,2,8,35.42914757323342
8Y_H0_N300_P3_ENERGY_seed002,P3_ENERGY,H0,300,2,9,353.6517000514441
8Y_H0_N300_P3_ENERGY_seed002,P3_ENERGY,H0,300,2,10,375.6496763518103
8Y_H0_N300_P3_ENERGY_seed002,P3_ENERGY,H0,300,2,11,365.6704873294598
8Y_H0_N300_P3_ENERGY_seed002,P3_ENERGY,H0,300,2,12,975.4484853891963
8Y_H0_N300_P3_ENERGY_seed002,P3_ENERGY,H0,300,2,13,2626.38704931373
8Y_H0_N300_P4_RESERVE_seed002,P4_RESERVE,H0,300,2,1,224.33827761743044
8Y_H0_N300_P4_RESERVE_seed002,P4_RESERVE,H0,300,2,2,258.8883344746805
8Y_H0_N300_P4_RESERVE_seed002,P4_RESERVE,H0,300,2,3,189.19872182690597
8Y_H0_N300_P4_RESERVE_seed002,P4_RESERVE,H0,300,2,4,2339.0017075412907
8Y_H0_N300_P4_RESERVE_seed002,P4_RESERVE,H0,300,2,5,1558.0979837428144
8Y_H0_N300_P4_RESERVE_seed002,P4_RESERVE,H0,300,2,6,138.09763080851553
8Y_H0_N300_P4_RESERVE_seed002,P4_RESERVE,H0,300,2,7,413.2975774193901
8Y_H0_N300_P4_RESERVE_seed002,P4_RESERVE,H0,300,2,8,35.42914757323251
8Y_H0_N300_P4_RESERVE_seed002,P4_RESERVE,H0,300,2,9,353.6517000514441
8Y_H0_N300_P4_RESERVE_seed002,P4_RESERVE,H0,300,2,10,375.64967635181074
8Y_H0_N300_P4_RESERVE_seed002,P4_RESERVE,H0,300,2,11,365.6704873294593
8Y_H0_N300_P4_RESERVE_seed002,P4_RESERVE,H0,300,2,12,1308.8209100066579
8Y_H0_N300_P4_RESERVE_seed002,P4_RESERVE,H0,300,2,13,372.90577572361326
8Y_H0_N300_POW_seed003,POW,H0,300,3,1,206.34149504267765
8Y_H0_N300_POW_seed003,POW,H0,300,3,2,30.59303496853005
8Y_H0_N300_POW_seed003,POW,H0,300,3,3,57.40193344372091
8Y_H0_N300_POW_seed003,POW,H0,300,3,4,97.35548051939037
8Y_H0_N300_POW_seed003,POW,H0,300,3,5,134.0119079104386
8Y_H0_N300_POW_seed003,POW,H0,300,3,6,518.175358235171
8Y_H0_N300_POW_seed003,POW,H0,300,3,7,2425.3283813246253
8Y_H0_N300_POW_seed003,POW,H0,300,3,8,3919.1178444923917
8Y_H0_N300_POW_seed003,POW,H0,300,3,9,327.0780915519672
8Y_H0_N300_POW_seed003,POW,H0,300,3,10,262.0473041330206
8Y_H0_N300_POW_seed003,POW,H0,300,3,11,1411.0423155199342
8Y_H0_N300_P0_ALL_seed003,P0_ALL,H0,300,3,1,206.34149504267765
8Y_H0_N300_P0_ALL_seed003,P0_ALL,H0,300,3,2,30.59303496853005
8Y_H0_N300_P0_ALL_seed003,P0_ALL,H0,300,3,3,57.40193344372091
8Y_H0_N300_P0_ALL_seed003,P0_ALL,H0,300,3,4,97.35548051939037
8Y_H0_N300_P0_ALL_seed003,P0_ALL,H0,300,3,5,134.0119079104386
8Y_H0_N300_P0_ALL_seed003,P0_ALL,H0,300,3,6,518.175358235171
8Y_H0_N300_P0_ALL_seed003,P0_ALL,H0,300,3,7,2434.53400032223
8Y_H0_N300_P0_ALL_seed003,P0_ALL,H0,300,3,8,3933.879938478241
8Y_H0_N300_P0_ALL_seed003,P0_ALL,H0,300,3,9,327.0780915519672
8Y_H0_N300_P0_ALL_seed003,P0_ALL,H0,300,3,10,262.0473041330206
8Y_H0_N300_P0_ALL_seed003,P0_ALL,H0,300,3,11,1416.1018570743454
8Y_H0_N300_P3_ENERGY_seed003,P3_ENERGY,H0,300,3,1,630.3384321614876
8Y_H0_N300_P3_ENERGY_seed003,P3_ENERGY,H0,300,3,2,701.030281616099
8Y_H0_N300_P3_ENERGY_seed003,P3_ENERGY,H0,300,3,3,134.0037681176309
8Y_H0_N300_P3_ENERGY_seed003,P3_ENERGY,H0,300,3,4,518.0503371939503
8Y_H0_N300_P3_ENERGY_seed003,P3_ENERGY,H0,300,3,5,2435.0445062096423
8Y_H0_N300_P3_ENERGY_seed003,P3_ENERGY,H0,300,3,6,4556.238179949558
8Y_H0_N300_P4_RESERVE_seed003,P4_RESERVE,H0,300,3,1,742.7372318149127
8Y_H0_N300_P4_RESERVE_seed003,P4_RESERVE,H0,300,3,2,30.59303496852999
8Y_H0_N300_P4_RESERVE_seed003,P4_RESERVE,H0,300,3,3,369.5003055473129
8Y_H0_N300_P4_RESERVE_seed003,P4_RESERVE,H0,300,3,4,97.35548051939031
8Y_H0_N300_P4_RESERVE_seed003,P4_RESERVE,H0,300,3,5,134.0119079104386
8Y_H0_N300_P4_RESERVE_seed003,P4_RESERVE,H0,300,3,6,366.912637797873
8Y_H0_N300_P4_RESERVE_seed003,P4_RESERVE,H0,300,3,7,3342.523127704396
8Y_H0_N300_P4_RESERVE_seed003,P4_RESERVE,H0,300,3,8,3841.0718271901223
8Y_H0_N300_POW_seed004,POW,H0,300,4,1,1769.244876362261
8Y_H0_N300_POW_seed004,POW,H0,300,4,2,352.1910166588068
8Y_H0_N300_POW_seed004,POW,H0,300,4,3,286.28773269508247
8Y_H0_N300_POW_seed004,POW,H0,300,4,4,334.3968289694326
8Y_H0_N300_POW_seed004,POW,H0,300,4,5,279.54765835492844
8Y_H0_N300_POW_seed004,POW,H0,300,4,6,65.30143710982202
8Y_H0_N300_POW_seed004,POW,H0,300,4,7,819.3324998934586
8Y_H0_N300_POW_seed004,POW,H0,300,4,8,240.16840590771199
8Y_H0_N300_POW_seed004,POW,H0,300,4,9,2228.6051448586404
8Y_H0_N300_POW_seed004,POW,H0,300,4,10,632.467464730531
8Y_H0_N300_POW_seed004,POW,H0,300,4,11,300.3858927352303
8Y_H0_N300_POW_seed004,POW,H0,300,4,12,167.37323954763906
8Y_H0_N300_POW_seed004,POW,H0,300,4,13,2.9090003377041285
8Y_H0_N300_POW_seed004,POW,H0,300,4,14,43.463818625794374
8Y_H0_N300_P0_ALL_seed004,P0_ALL,H0,300,4,1,1774.532610911071
8Y_H0_N300_P0_ALL_seed004,P0_ALL,H0,300,4,2,352.1910166588068
8Y_H0_N300_P0_ALL_seed004,P0_ALL,H0,300,4,3,286.28773269508247
8Y_H0_N300_P0_ALL_seed004,P0_ALL,H0,300,4,4,334.3968289694326
8Y_H0_N300_P0_ALL_seed004,P0_ALL,H0,300,4,5,279.54765835492844
8Y_H0_N300_P0_ALL_seed004,P0_ALL,H0,300,4,6,65.30143710982202
8Y_H0_N300_P0_ALL_seed004,P0_ALL,H0,300,4,7,822.5286610221747
8Y_H0_N300_P0_ALL_seed004,P0_ALL,H0,300,4,8,240.16840590771244
8Y_H0_N300_P0_ALL_seed004,P0_ALL,H0,300,4,9,2238.5963196034436
8Y_H0_N300_P0_ALL_seed004,P0_ALL,H0,300,4,10,635.4106141027696
8Y_H0_N300_P0_ALL_seed004,P0_ALL,H0,300,4,11,300.3858927352303
8Y_H0_N300_P0_ALL_seed004,P0_ALL,H0,300,4,12,167.37323954763906
8Y_H0_N300_P0_ALL_seed004,P0_ALL,H0,300,4,13,2.9090003377041285
8Y_H0_N300_P0_ALL_seed004,P0_ALL,H0,300,4,14,43.463818625794374
8Y_H0_N300_P3_ENERGY_seed004,P3_ENERGY,H0,300,4,1,1772.3264888185909
8Y_H0_N300_P3_ENERGY_seed004,P3_ENERGY,H0,300,4,2,888.431052697174
8Y_H0_N300_P3_ENERGY_seed004,P3_ENERGY,H0,300,4,3,1145.8175996912964
8Y_H0_N300_P3_ENERGY_seed004,P3_ENERGY,H0,300,4,4,63.76114510635216
8Y_H0_N300_P3_ENERGY_seed004,P3_ENERGY,H0,300,4,5,822.6162653382935
8Y_H0_N300_P3_ENERGY_seed004,P3_ENERGY,H0,300,4,6,444.4832886886061
8Y_H0_N300_P3_ENERGY_seed004,P3_ENERGY,H0,300,4,7,2236.1158546455226
8Y_H0_N300_P3_ENERGY_seed004,P3_ENERGY,H0,300,4,8,1142.551044600028
8Y_H0_N300_P3_ENERGY_seed004,P3_ENERGY,H0,300,4,9,300.9014913129067
8Y_H0_N300_P3_ENERGY_seed004,P3_ENERGY,H0,300,4,10,167.99739990799753
8Y_H0_N300_P4_RESERVE_seed004,P4_RESERVE,H0,300,4,1,2684.5326109110706
8Y_H0_N300_P4_RESERVE_seed004,P4_RESERVE,H0,300,4,2,660.669487279989
8Y_H0_N300_P4_RESERVE_seed004,P4_RESERVE,H0,300,4,3,286.28773269508247
8Y_H0_N300_P4_RESERVE_seed004,P4_RESERVE,H0,300,4,4,1391.4546354466374
8Y_H0_N300_P4_RESERVE_seed004,P4_RESERVE,H0,300,4,5,545.030718505599
8Y_H0_N300_P4_RESERVE_seed004,P4_RESERVE,H0,300,4,6,65.30143710982156
8Y_H0_N300_P4_RESERVE_seed004,P4_RESERVE,H0,300,4,7,1050.0015112571728
8Y_H0_N300_P4_RESERVE_seed004,P4_RESERVE,H0,300,4,8,219.45586450218252
8Y_H0_N300_P4_RESERVE_seed004,P4_RESERVE,H0,300,4,9,444.26285329558596
8Y_H0_N300_P4_RESERVE_seed004,P4_RESERVE,H0,300,4,10,888.7570433346445
8Y_H0_N300_POW_seed005,POW,H0,300,5,1,49.19279409525949
8Y_H0_N300_POW_seed005,POW,H0,300,5,2,1882.5169405687393
8Y_H0_N300_POW_seed005,POW,H0,300,5,3,369.6289311602525
8Y_H0_N300_POW_seed005,POW,H0,300,5,4,38.52579791540575
8Y_H0_N300_POW_seed005,POW,H0,300,5,5,964.6896177895132
8Y_H0_N300_POW_seed005,POW,H0,300,5,6,772.9972849398396
8Y_H0_N300_POW_seed005,POW,H0,300,5,7,1060.1665298661692
8Y_H0_N300_POW_seed005,POW,H0,300,5,8,114.84546495163886
8Y_H0_N300_POW_seed005,POW,H0,300,5,9,521.4515043388628
8Y_H0_N300_POW_seed005,POW,H0,300,5,10,167.40762596301192
8Y_H0_N300_POW_seed005,POW,H0,300,5,11,140.05633726139968
8Y_H0_N300_POW_seed005,POW,H0,300,5,12,993.5838261779518
8Y_H0_N300_POW_seed005,POW,H0,300,5,13,1630.989493132577
8Y_H0_N300_POW_seed005,POW,H0,300,5,14,210.82132836959318
8Y_H0_N300_POW_seed005,POW,H0,300,5,15,212.38641236430703
8Y_H0_N300_P0_ALL_seed005,P0_ALL,H0,300,5,1,49.19279409525949
8Y_H0_N300_P0_ALL_seed005,P0_ALL,H0,300,5,2,1890.909137246113
8Y_H0_N300_P0_ALL_seed005,P0_ALL,H0,300,5,3,369.6289311602525
8Y_H0_N300_P0_ALL_seed005,P0_ALL,H0,300,5,4,38.52579791540575
8Y_H0_N300_P0_ALL_seed005,P0_ALL,H0,300,5,5,966.634154313143
8Y_H0_N300_P0_ALL_seed005,P0_ALL,H0,300,5,6,775.8066072949841
8Y_H0_N300_P0_ALL_seed005,P0_ALL,H0,300,5,7,1062.4481198838912
8Y_H0_N300_P0_ALL_seed005,P0_ALL,H0,300,5,8,114.84546495163886
8Y_H0_N300_P0_ALL_seed005,P0_ALL,H0,300,5,9,521.4515043388628
8Y_H0_N300_P0_ALL_seed005,P0_ALL,H0,300,5,10,167.40762596301192
8Y_H0_N300_P0_ALL_seed005,P0_ALL,H0,300,5,11,140.05633726139968
8Y_H0_N300_P0_ALL_seed005,P0_ALL,H0,300,5,12,996.0199922365746
8Y_H0_N300_P0_ALL_seed005,P0_ALL,H0,300,5,13,1635.0478272618775
8Y_H0_N300_P0_ALL_seed005,P0_ALL,H0,300,5,14,210.82132836959318
8Y_H0_N300_P0_ALL_seed005,P0_ALL,H0,300,5,15,212.38641236430703
8Y_H0_N300_P3_ENERGY_seed005,P3_ENERGY,H0,300,5,1,49.19279409525949
8Y_H0_N300_P3_ENERGY_seed005,P3_ENERGY,H0,300,5,2,2779.2894585174786
8Y_H0_N300_P3_ENERGY_seed005,P3_ENERGY,H0,300,5,3,38.8757007275708
8Y_H0_N300_P3_ENERGY_seed005,P3_ENERGY,H0,300,5,4,966.2295551663929
8Y_H0_N300_P3_ENERGY_seed005,P3_ENERGY,H0,300,5,5,775.3424494075298
8Y_H0_N300_P3_ENERGY_seed005,P3_ENERGY,H0,300,5,6,1061.760317444945
8Y_H0_N300_P3_ENERGY_seed005,P3_ENERGY,H0,300,5,7,560.4998038915128
8Y_H0_N300_P3_ENERGY_seed005,P3_ENERGY,H0,300,5,8,768.6987478467227
8Y_H0_N300_P3_ENERGY_seed005,P3_ENERGY,H0,300,5,9,141.41685670974402
8Y_H0_N300_P3_ENERGY_seed005,P3_ENERGY,H0,300,5,10,996.2596772237848
8Y_H0_N300_P3_ENERGY_seed005,P3_ENERGY,H0,300,5,11,1637.5877339249773
8Y_H0_N300_P4_RESERVE_seed005,P4_RESERVE,H0,300,5,1,49.19279409525949
8Y_H0_N300_P4_RESERVE_seed005,P4_RESERVE,H0,300,5,2,3400.3502057434407
8Y_H0_N300_P4_RESERVE_seed005,P4_RESERVE,H0,300,5,3,38.8757007275708
8Y_H0_N300_P4_RESERVE_seed005,P4_RESERVE,H0,300,5,4,1873.8932641308052
8Y_H0_N300_P4_RESERVE_seed005,P4_RESERVE,H0,300,5,5,1683.169530923422
8Y_H0_N300_P4_RESERVE_seed005,P4_RESERVE,H0,300,5,6,1969.6450102472345
8Y_H0_N300_P4_RESERVE_seed005,P4_RESERVE,H0,300,5,7,560.4998038915128
8Y_H0_N300_POW_seed006,POW,H0,300,6,1,1574.6782658794416
8Y_H0_N300_POW_seed006,POW,H0,300,6,2,1652.0664815847488
8Y_H0_N300_POW_seed006,POW,H0,300,6,3,87.32711852728698
8Y_H0_N300_POW_seed006,POW,H0,300,6,4,35.675780883896095
8Y_H0_N300_POW_seed006,POW,H0,300,6,5,1.6865233497187546
8Y_H0_N300_POW_seed006,POW,H0,300,6,6,719.9057553710963
8Y_H0_N300_POW_seed006,POW,H0,300,6,7,62.933238589549546
8Y_H0_N300_POW_seed006,POW,H0,300,6,8,61.20454500988035
8Y_H0_N300_POW_seed006,POW,H0,300,6,9,5.95686595569714
8Y_H0_N300_POW_seed006,POW,H0,300,6,10,489.5269609121415
8Y_H0_N300_POW_seed006,POW,H0,300,6,11,204.72451322587676
8Y_H0_N300_POW_seed006,POW,H0,300,6,12,508.4749515113981
8Y_H0_N300_POW_seed006,POW,H0,300,6,13,1438.309513898971
8Y_H0_N300_POW_seed006,POW,H0,300,6,14,289.19922823044726
8Y_H0_N300_POW_seed006,POW,H0,300,6,15,990.0847896348214
8Y_H0_N300_POW_seed006,POW,H0,300,6,16,106.15303305494854
8Y_H0_N300_POW_seed006,POW,H0,300,6,17,376.49782580852116
8Y_H0_N300_POW_seed006,POW,H0,300,6,18,1160.771976549282
8Y_H0_N300_POW_seed006,POW,H0,300,6,19,84.0819733468943
8Y_H0_N300_P0_ALL_seed006,P0_ALL,H0,300,6,1,1576.9650983478214
8Y_H0_N300_P0_ALL_seed006,P0_ALL,H0,300,6,2,1656.5606973552567
8Y_H0_N300_P0_ALL_seed006,P0_ALL,H0,300,6,3,87.32711852728698
8Y_H0_N300_P0_ALL_seed006,P0_ALL,H0,300,6,4,35.675780883896095
8Y_H0_N300_P0_ALL_seed006,P0_ALL,H0,300,6,5,1.6865233497187546
8Y_H0_N300_P0_ALL_seed006,P0_ALL,H0,300,6,6,723.9125188429821
8Y_H0_N300_P0_ALL_seed006,P0_ALL,H0,300,6,7,62.93323858954909
8Y_H0_N300_P0_ALL_seed006,P0_ALL,H0,300,6,8,61.20454500988035
8Y_H0_N300_P0_ALL_seed006,P0_ALL,H0,300,6,9,5.95686595569714
8Y_H0_N300_P0_ALL_seed006,P0_ALL,H0,300,6,10,489.5269609121415
8Y_H0_N300_P0_ALL_seed006,P0_ALL,H0,300,6,11,204.72451322587676
8Y_H0_N300_P0_ALL_seed006,P0_ALL,H0,300,6,12,508.4749515113981
8Y_H0_N300_P0_ALL_seed006,P0_ALL,H0,300,6,13,1442.9604937800523
8Y_H0_N300_P0_ALL_seed006,P0_ALL,H0,300,6,14,289.19922823044726
8Y_H0_N300_P0_ALL_seed006,P0_ALL,H0,300,6,15,992.8945471389734
8Y_H0_N300_P0_ALL_seed006,P0_ALL,H0,300,6,16,106.15303305494854
8Y_H0_N300_P0_ALL_seed006,P0_ALL,H0,300,6,17,376.49782580852116
8Y_H0_N300_P0_ALL_seed006,P0_ALL,H0,300,6,18,1163.730477879466
8Y_H0_N300_P0_ALL_seed006,P0_ALL,H0,300,6,19,84.0819733468943
8Y_H0_N300_P3_ENERGY_seed006,P3_ENERGY,H0,300,6,1,1576.9650983478214
8Y_H0_N300_P3_ENERGY_seed006,P3_ENERGY,H0,300,6,2,4335.500708941238
8Y_H0_N300_P3_ENERGY_seed006,P3_ENERGY,H0,300,6,3,1210.5014324621752
8Y_H0_N300_P3_ENERGY_seed006,P3_ENERGY,H0,300,6,4,489.27487674149415
8Y_H0_N300_P3_ENERGY_seed006,P3_ENERGY,H0,300,6,5,1109.3392244498646
8Y_H0_N300_P4_RESERVE_seed006,P4_RESERVE,H0,300,6,1,2486.9650983478214
8Y_H0_N300_P4_RESERVE_seed006,P4_RESERVE,H0,300,6,2,2563.8750113876113
8Y_H0_N300_P4_RESERVE_seed006,P4_RESERVE,H0,300,6,3,396.8539421116193
8Y_H0_N300_P4_RESERVE_seed006,P4_RESERVE,H0,300,6,4,1546.3207683958917
8Y_H0_N300_P4_RESERVE_seed006,P4_RESERVE,H0,300,6,5,611.3150925670152
8Y_H0_N300_P4_RESERVE_seed006,P4_RESERVE,H0,300,6,6,119.90575537109544
8Y_H0_N300_P4_RESERVE_seed006,P4_RESERVE,H0,300,6,7,516.5069813212431
8Y_H0_N300_P4_RESERVE_seed006,P4_RESERVE,H0,300,6,8,372.3986417669312
8Y_H0_N300_P4_RESERVE_seed006,P4_RESERVE,H0,300,6,9,5.956865955695321
8Y_H0_N300_P4_RESERVE_seed006,P4_RESERVE,H0,300,6,10,489.52696091214057
8Y_H0_N300_POW_seed007,POW,H0,300,7,1,10.655360790520568
8Y_H0_N300_POW_seed007,POW,H0,300,7,2,1181.585901185062
8Y_H0_N300_POW_seed007,POW,H0,300,7,3,1140.6525028618123
8Y_H0_N300_POW_seed007,POW,H0,300,7,4,91.58339688049682
8Y_H0_N300_POW_seed007,POW,H0,300,7,5,580.7396805163903
8Y_H0_N300_POW_seed007,POW,H0,300,7,6,35.15369491441288
8Y_H0_N300_POW_seed007,POW,H0,300,7,7,513.0526195273715
8Y_H0_N300_POW_seed007,POW,H0,300,7,8,578.0070433069877
8Y_H0_N300_POW_seed007,POW,H0,300,7,9,2107.590199632684
8Y_H0_N300_POW_seed007,POW,H0,300,7,10,148.08958202843405
8Y_H0_N300_POW_seed007,POW,H0,300,7,11,1256.7316359225542
8Y_H0_N300_POW_seed007,POW,H0,300,7,12,64.89939414922992
8Y_H0_N300_POW_seed007,POW,H0,300,7,13,159.33623237493612
8Y_H0_N300_POW_seed007,POW,H0,300,7,14,375.95177125520695
8Y_H0_N300_POW_seed007,POW,H0,300,7,15,182.63446384104645
8Y_H0_N300_POW_seed007,POW,H0,300,7,16,271.64644475741625
8Y_H0_N300_POW_seed007,POW,H0,300,7,17,285.7886253979832
8Y_H0_N300_P0_ALL_seed007,P0_ALL,H0,300,7,1,10.655360790520568
8Y_H0_N300_P0_ALL_seed007,P0_ALL,H0,300,7,2,1184.8919223848147
8Y_H0_N300_P0_ALL_seed007,P0_ALL,H0,300,7,3,1143.741488013057
8Y_H0_N300_P0_ALL_seed007,P0_ALL,H0,300,7,4,91.58339688049682
8Y_H0_N300_P0_ALL_seed007,P0_ALL,H0,300,7,5,580.7396805163903
8Y_H0_N300_P0_ALL_seed007,P0_ALL,H0,300,7,6,35.15369491441288
8Y_H0_N300_P0_ALL_seed007,P0_ALL,H0,300,7,7,513.0526195273715
8Y_H0_N300_P0_ALL_seed007,P0_ALL,H0,300,7,8,578.0070433069877
8Y_H0_N300_P0_ALL_seed007,P0_ALL,H0,300,7,9,2114.8944477068044
8Y_H0_N300_P0_ALL_seed007,P0_ALL,H0,300,7,10,148.08958202843405
8Y_H0_N300_P0_ALL_seed007,P0_ALL,H0,300,7,11,1262.6706468270713
8Y_H0_N300_P0_ALL_seed007,P0_ALL,H0,300,7,12,64.89939414922992
8Y_H0_N300_P0_ALL_seed007,P0_ALL,H0,300,7,13,159.33623237493612
8Y_H0_N300_P0_ALL_seed007,P0_ALL,H0,300,7,14,375.95177125520695
8Y_H0_N300_P0_ALL_seed007,P0_ALL,H0,300,7,15,182.63446384104645
8Y_H0_N300_P0_ALL_seed007,P0_ALL,H0,300,7,16,271.64644475741625
8Y_H0_N300_P0_ALL_seed007,P0_ALL,H0,300,7,17,285.7886253979832
8Y_H0_N300_P3_ENERGY_seed007,P3_ENERGY,H0,300,7,1,2949.1098626390512
8Y_H0_N300_P3_ENERGY_seed007,P3_ENERGY,H0,300,7,2,90.97780105413176
8Y_H0_N300_P3_ENERGY_seed007,P3_ENERGY,H0,300,7,3,636.9236212288388
8Y_H0_N300_P3_ENERGY_seed007,P3_ENERGY,H0,300,7,4,512.0738210447166
8Y_H0_N300_P3_ENERGY_seed007,P3_ENERGY,H0,300,7,5,577.4423593357087
8Y_H0_N300_P3_ENERGY_seed007,P3_ENERGY,H0,300,7,6,2113.5461177681746
8Y_H0_N300_P3_ENERGY_seed007,P3_ENERGY,H0,300,7,7,150.05748525174477
8Y_H0_N300_P3_ENERGY_seed007,P3_ENERGY,H0,300,7,8,1261.1664973036086
8Y_H0_N300_P3_ENERGY_seed007,P3_ENERGY,H0,300,7,9,66.47448903293298
8Y_H0_N300_P3_ENERGY_seed007,P3_ENERGY,H0,300,7,10,158.04380158230197
8Y_H0_N300_P3_ENERGY_seed007,P3_ENERGY,H0,300,7,11,968.5011960112952
8Y_H0_N300_P4_RESERVE_seed007,P4_RESERVE,H0,300,7,1,320.65536079052055
8Y_H0_N300_P4_RESERVE_seed007,P4_RESERVE,H0,300,7,2,2091.690563784293
8Y_H0_N300_P4_RESERVE_seed007,P4_RESERVE,H0,300,7,3,2050.805686816866
8Y_H0_N300_P4_RESERVE_seed007,P4_RESERVE,H0,300,7,4,91.58339688049728
8Y_H0_N300_P4_RESERVE_seed007,P4_RESERVE,H0,300,7,5,1544.3626287746965
8Y_H0_N300_P4_RESERVE_seed007,P4_RESERVE,H0,300,7,6,457.42271482364504
8Y_H0_N300_P4_RESERVE_seed007,P4_RESERVE,H0,300,7,7,577.4778765982846
8Y_H0_N300_POW_seed008,POW,H0,300,8,1,164.08610801067454
8Y_H0_N300_POW_seed008,POW,H0,300,8,2,1173.0456559422817
8Y_H0_N300_POW_seed008,POW,H0,300,8,3,236.89568457811833
8Y_H0_N300_POW_seed008,POW,H0,300,8,4,182.45630381289698
8Y_H0_N300_POW_seed008,POW,H0,300,8,5,1119.7153844099444
8Y_H0_N300_POW_seed008,POW,H0,300,8,6,430.63555870929986
8Y_H0_N300_POW_seed008,POW,H0,300,8,7,202.465154196203
8Y_H0_N300_POW_seed008,POW,H0,300,8,8,738.0851441102136
8Y_H0_N300_POW_seed008,POW,H0,300,8,9,67.30248896718331
8Y_H0_N300_POW_seed008,POW,H0,300,8,10,601.072250991585
8Y_H0_N300_POW_seed008,POW,H0,300,8,11,158.54314810903998
8Y_H0_N300_POW_seed008,POW,H0,300,8,12,315.4471687053665
8Y_H0_N300_POW_seed008,POW,H0,300,8,13,50.6947292676532
8Y_H0_N300_POW_seed008,POW,H0,300,8,14,17.706204691867242
8Y_H0_N300_POW_seed008,POW,H0,300,8,15,65.73956937300409
8Y_H0_N300_POW_seed008,POW,H0,300,8,16,981.3943274020085
8Y_H0_N300_POW_seed008,POW,H0,300,8,17,943.0191096261478
8Y_H0_N300_POW_seed008,POW,H0,300,8,18,8.780118677826977
8Y_H0_N300_POW_seed008,POW,H0,300,8,19,1395.3278083964642
8Y_H0_N300_POW_seed008,POW,H0,300,8,20,366.6365179492659
8Y_H0_N300_POW_seed008,POW,H0,300,8,21,587.5070264465339
8Y_H0_N300_P0_ALL_seed008,P0_ALL,H0,300,8,1,164.08610801067454
8Y_H0_N300_P0_ALL_seed008,P0_ALL,H0,300,8,2,1175.9865822932875
8Y_H0_N300_P0_ALL_seed008,P0_ALL,H0,300,8,3,236.89568457811833
8Y_H0_N300_P0_ALL_seed008,P0_ALL,H0,300,8,4,182.45630381289698
8Y_H0_N300_P0_ALL_seed008,P0_ALL,H0,300,8,5,1121.483811993138
8Y_H0_N300_P0_ALL_seed008,P0_ALL,H0,300,8,6,430.63555870929986
8Y_H0_N300_P0_ALL_seed008,P0_ALL,H0,300,8,7,202.465154196203
8Y_H0_N300_P0_ALL_seed008,P0_ALL,H0,300,8,8,741.2151514784232
8Y_H0_N300_P0_ALL_seed008,P0_ALL,H0,300,8,9,67.30248896718331
8Y_H0_N300_P0_ALL_seed008,P0_ALL,H0,300,8,10,608.0167016471178
8Y_H0_N300_P0_ALL_seed008,P0_ALL,H0,300,8,11,158.54314810903998
8Y_H0_N300_P0_ALL_seed008,P0_ALL,H0,300,8,12,315.4471687053665
8Y_H0_N300_P0_ALL_seed008,P0_ALL,H0,300,8,13,50.6947292676532
8Y_H0_N300_P0_ALL_seed008,P0_ALL,H0,300,8,14,17.706204691867242
8Y_H0_N300_P0_ALL_seed008,P0_ALL,H0,300,8,15,65.73956937300409
8Y_H0_N300_P0_ALL_seed008,P0_ALL,H0,300,8,16,984.8658474495314
8Y_H0_N300_P0_ALL_seed008,P0_ALL,H0,300,8,17,946.5552346352679
8Y_H0_N300_P0_ALL_seed008,P0_ALL,H0,300,8,18,8.780118677826977
8Y_H0_N300_P0_ALL_seed008,P0_ALL,H0,300,8,19,1400.4904803135141
8Y_H0_N300_P0_ALL_seed008,P0_ALL,H0,300,8,20,366.6365179492659
8Y_H0_N300_P0_ALL_seed008,P0_ALL,H0,300,8,21,587.5070264465339
8Y_H0_N300_P3_ENERGY_seed008,P3_ENERGY,H0,300,8,1,164.08610801067454
8Y_H0_N300_P3_ENERGY_seed008,P3_ENERGY,H0,300,8,2,1175.9865822932875
8Y_H0_N300_P3_ENERGY_seed008,P3_ENERGY,H0,300,8,3,236.89568457811833
8Y_H0_N300_P3_ENERGY_seed008,P3_ENERGY,H0,300,8,4,182.45630381289698
8Y_H0_N300_P3_ENERGY_seed008,P3_ENERGY,H0,300,8,5,1121.070757851576
8Y_H0_N300_P3_ENERGY_seed008,P3_ENERGY,H0,300,8,6,430.63555870929986
8Y_H0_N300_P3_ENERGY_seed008,P3_ENERGY,H0,300,8,7,202.465154196203
8Y_H0_N300_P3_ENERGY_seed008,P3_ENERGY,H0,300,8,8,1028.55611902684
8Y_H0_N300_P3_ENERGY_seed008,P3_ENERGY,H0,300,8,9,67.30248896718331
8Y_H0_N300_P3_ENERGY_seed008,P3_ENERGY,H0,300,8,10,608.0167016471178
8Y_H0_N300_P3_ENERGY_seed008,P3_ENERGY,H0,300,8,11,158.54314810903998
8Y_H0_N300_P3_ENERGY_seed008,P3_ENERGY,H0,300,8,12,315.4471687053665
8Y_H0_N300_P3_ENERGY_seed008,P3_ENERGY,H0,300,8,13,1335.7137188823417
8Y_H0_N300_P3_ENERGY_seed008,P3_ENERGY,H0,300,8,14,983.7884258426093
8Y_H0_N300_P3_ENERGY_seed008,P3_ENERGY,H0,300,8,15,945.7181508009007
8Y_H0_N300_P4_RESERVE_seed008,P4_RESERVE,H0,300,8,1,164.08610801067454
8Y_H0_N300_P4_RESERVE_seed008,P4_RESERVE,H0,300,8,2,2082.5451957130813
8Y_H0_N300_P4_RESERVE_seed008,P4_RESERVE,H0,300,8,3,236.8956845781181
8Y_H0_N300_P4_RESERVE_seed008,P4_RESERVE,H0,300,8,4,182.45630381289675
8Y_H0_N300_P4_RESERVE_seed008,P4_RESERVE,H0,300,8,5,2029.3022319041638
8Y_H0_N300_P4_RESERVE_seed008,P4_RESERVE,H0,300,8,6,430.6355587092994
8Y_H0_N300_P4_RESERVE_seed008,P4_RESERVE,H0,300,8,7,202.4651541962039
8Y_H0_N300_P4_RESERVE_seed008,P4_RESERVE,H0,300,8,8,1275.2181888653931
8Y_H0_N300_P4_RESERVE_seed008,P4_RESERVE,H0,300,8,9,426.78293128591304
8Y_H0_N300_P4_RESERVE_seed008,P4_RESERVE,H0,300,8,10,66.97156228149743
8Y_H0_N300_P4_RESERVE_seed008,P4_RESERVE,H0,300,8,11,1510.9770541210846
8Y_H0_N300_P4_RESERVE_seed008,P4_RESERVE,H0,300,8,12,157.5757810570194
8Y_H0_N300_P4_RESERVE_seed008,P4_RESERVE,H0,300,8,13,315.19933208317707
8Y_H0_N300_POW_seed009,POW,H0,300,9,1,908.7697217723023
8Y_H0_N300_POW_seed009,POW,H0,300,9,2,698.4236195653716
8Y_H0_N300_POW_seed009,POW,H0,300,9,3,86.82560694638141
8Y_H0_N300_POW_seed009,POW,H0,300,9,4,1205.4288751295155
8Y_H0_N300_POW_seed009,POW,H0,300,9,5,1107.9624530573114
8Y_H0_N300_POW_seed009,POW,H0,300,9,6,3.7214297929654094
8Y_H0_N300_POW_seed009,POW,H0,300,9,7,1079.199669489692
8Y_H0_N300_POW_seed009,POW,H0,300,9,8,1227.898770151116
8Y_H0_N300_POW_seed009,POW,H0,300,9,9,251.42638461828847
8Y_H0_N300_POW_seed009,POW,H0,300,9,10,280.63084092590725
8Y_H0_N300_POW_seed009,POW,H0,300,9,11,670.1769348588723
8Y_H0_N300_POW_seed009,POW,H0,300,9,12,41.67515001994525
8Y_H0_N300_POW_seed009,POW,H0,300,9,13,31.795057854918923
8Y_H0_N300_POW_seed009,POW,H0,300,9,14,702.9643953941586
8Y_H0_N300_POW_seed009,POW,H0,300,9,15,121.87549350008157
8Y_H0_N300_POW_seed009,POW,H0,300,9,16,318.32063961517997
8Y_H0_N300_P0_ALL_seed009,P0_ALL,H0,300,9,1,910.0738645512893
8Y_H0_N300_P0_ALL_seed009,P0_ALL,H0,300,9,2,700.0620080925878
8Y_H0_N300_P0_ALL_seed009,P0_ALL,H0,300,9,3,86.82560694638141
8Y_H0_N300_P0_ALL_seed009,P0_ALL,H0,300,9,4,1211.8829417161228
8Y_H0_N300_P0_ALL_seed009,P0_ALL,H0,300,9,5,1109.1924503726113
8Y_H0_N300_P0_ALL_seed009,P0_ALL,H0,300,9,6,3.7214297929654094
8Y_H0_N300_P0_ALL_seed009,P0_ALL,H0,300,9,7,1081.8324787595488
8Y_H0_N300_P0_ALL_seed009,P0_ALL,H0,300,9,8,1235.1080963245267
8Y_H0_N300_P0_ALL_seed009,P0_ALL,H0,300,9,9,251.42638461828847
8Y_H0_N300_P0_ALL_seed009,P0_ALL,H0,300,9,10,280.63084092590725
8Y_H0_N300_P0_ALL_seed009,P0_ALL,H0,300,9,11,672.2040113408966
8Y_H0_N300_P0_ALL_seed009,P0_ALL,H0,300,9,12,41.67515001994525
8Y_H0_N300_P0_ALL_seed009,P0_ALL,H0,300,9,13,31.795057854918923
8Y_H0_N300_P0_ALL_seed009,P0_ALL,H0,300,9,14,705.5880033578769
8Y_H0_N300_P0_ALL_seed009,P0_ALL,H0,300,9,15,121.87549350008157
8Y_H0_N300_P0_ALL_seed009,P0_ALL,H0,300,9,16,318.32063961517997
8Y_H0_N300_P3_ENERGY_seed009,P3_ENERGY,H0,300,9,1,1902.4832630804028
8Y_H0_N300_P3_ENERGY_seed009,P3_ENERGY,H0,300,9,2,87.88778524791564
8Y_H0_N300_P3_ENERGY_seed009,P3_ENERGY,H0,300,9,3,1209.7778843805768
8Y_H0_N300_P3_ENERGY_seed009,P3_ENERGY,H0,300,9,4,1504.347094905283
8Y_H0_N300_P3_ENERGY_seed009,P3_ENERGY,H0,300,9,5,2437.4497198578583
8Y_H0_N300_P3_ENERGY_seed009,P3_ENERGY,H0,300,9,6,251.58886693086515
8Y_H0_N300_P3_ENERGY_seed009,P3_ENERGY,H0,300,9,7,280.32329479895
8Y_H0_N300_P3_ENERGY_seed009,P3_ENERGY,H0,300,9,8,1201.5140540667398
8Y_H0_N300_P3_ENERGY_seed009,P3_ENERGY,H0,300,9,9,483.24819635070344
8Y_H0_N300_P4_RESERVE_seed009,P4_RESERVE,H0,300,9,1,1820.0738645512893
8Y_H0_N300_P4_RESERVE_seed009,P4_RESERVE,H0,300,9,2,1607.895237747502
8Y_H0_N300_P4_RESERVE_seed009,P4_RESERVE,H0,300,9,3,86.82560694638141
8Y_H0_N300_P4_RESERVE_seed009,P4_RESERVE,H0,300,9,4,710.9848347889961
8Y_H0_N300_P4_RESERVE_seed009,P4_RESERVE,H0,300,9,5,1515.1650828300935
8Y_H0_N300_P4_RESERVE_seed009,P4_RESERVE,H0,300,9,6,2412.340179710185
8Y_H0_N300_P4_RESERVE_seed009,P4_RESERVE,H0,300,9,7,313.62713656533924
8Y_H0_N300_POW_seed010,POW,H0,300,10,1,439.60622963028464
8Y_H0_N300_POW_seed010,POW,H0,300,10,2,9.659047075604235
8Y_H0_N300_POW_seed010,POW,H0,300,10,3,111.81795153564207
8Y_H0_N300_POW_seed010,POW,H0,300,10,4,1077.0018239978895
8Y_H0_N300_POW_seed010,POW,H0,300,10,5,117.05108826429523
8Y_H0_N300_POW_seed010,POW,H0,300,10,6,55.15628338104784
8Y_H0_N300_POW_seed010,POW,H0,300,10,7,417.1942115351346
8Y_H0_N300_POW_seed010,POW,H0,300,10,8,125.93839262258007
8Y_H0_N300_POW_seed010,POW,H0,300,10,9,165.9587438427975
8Y_H0_N300_POW_seed010,POW,H0,300,10,10,18.230823106657226
8Y_H0_N300_POW_seed010,POW,H0,300,10,11,290.0958708073317
8Y_H0_N300_POW_seed010,POW,H0,300,10,12,58.96001697854672
8Y_H0_N300_POW_seed010,POW,H0,300,10,13,238.12067303939693
8Y_H0_N300_POW_seed010,POW,H0,300,10,14,483.31408770632333
8Y_H0_N300_POW_seed010,POW,H0,300,10,15,207.35609271282965
8Y_H0_N300_POW_seed010,POW,H0,300,10,16,593.6940040000877
8Y_H0_N300_POW_seed010,POW,H0,300,10,17,22.382831708308004
8Y_H0_N300_POW_seed010,POW,H0,300,10,18,1115.8168231086129
8Y_H0_N300_POW_seed010,POW,H0,300,10,19,36.086088992424266
8Y_H0_N300_POW_seed010,POW,H0,300,10,20,1750.4149639173665
8Y_H0_N300_POW_seed010,POW,H0,300,10,21,255.09410395816394
8Y_H0_N300_POW_seed010,POW,H0,300,10,22,1152.0862896437975
8Y_H0_N300_POW_seed010,POW,H0,300,10,23,719.8805284008722
8Y_H0_N300_P0_ALL_seed010,P0_ALL,H0,300,10,1,439.60622963028464
8Y_H0_N300_P0_ALL_seed010,P0_ALL,H0,300,10,2,9.659047075604235
8Y_H0_N300_P0_ALL_seed010,P0_ALL,H0,300,10,3,111.81795153564207
8Y_H0_N300_P0_ALL_seed010,P0_ALL,H0,300,10,4,1080.07951222384
8Y_H0_N300_P0_ALL_seed010,P0_ALL,H0,300,10,5,117.05108826429523
8Y_H0_N300_P0_ALL_seed010,P0_ALL,H0,300,10,6,55.15628338104784
8Y_H0_N300_P0_ALL_seed010,P0_ALL,H0,300,10,7,417.1942115351346
8Y_H0_N300_P0_ALL_seed010,P0_ALL,H0,300,10,8,125.93839262258007
8Y_H0_N300_P0_ALL_seed010,P0_ALL,H0,300,10,9,165.9587438427975
8Y_H0_N300_P0_ALL_seed010,P0_ALL,H0,300,10,10,18.230823106657226
8Y_H0_N300_P0_ALL_seed010,P0_ALL,H0,300,10,11,290.0958708073317
8Y_H0_N300_P0_ALL_seed010,P0_ALL,H0,300,10,12,58.96001697854672
8Y_H0_N300_P0_ALL_seed010,P0_ALL,H0,300,10,13,238.12067303939693
8Y_H0_N300_P0_ALL_seed010,P0_ALL,H0,300,10,14,483.31408770632333
8Y_H0_N300_P0_ALL_seed010,P0_ALL,H0,300,10,15,207.35609271282965
8Y_H0_N300_P0_ALL_seed010,P0_ALL,H0,300,10,16,593.6940040000877
8Y_H0_N300_P0_ALL_seed010,P0_ALL,H0,300,10,17,22.382831708308004
8Y_H0_N300_P0_ALL_seed010,P0_ALL,H0,300,10,18,1117.819069163892
8Y_H0_N300_P0_ALL_seed010,P0_ALL,H0,300,10,19,36.086088992424266
8Y_H0_N300_P0_ALL_seed010,P0_ALL,H0,300,10,20,1755.6440015402604
8Y_H0_N300_P0_ALL_seed010,P0_ALL,H0,300,10,21,255.09410395816394
8Y_H0_N300_P0_ALL_seed010,P0_ALL,H0,300,10,22,1154.3007445021103
8Y_H0_N300_P0_ALL_seed010,P0_ALL,H0,300,10,23,722.1424624370848
8Y_H0_N300_P3_ENERGY_seed010,P3_ENERGY,H0,300,10,1,501.7827432241912
8Y_H0_N300_P3_ENERGY_seed010,P3_ENERGY,H0,300,10,2,9.659047075604235
8Y_H0_N300_P3_ENERGY_seed010,P3_ENERGY,H0,300,10,3,111.81795153564201
8Y_H0_N300_P3_ENERGY_seed010,P3_ENERGY,H0,300,10,4,1080.07951222384
8Y_H0_N300_P3_ENERGY_seed010,P3_ENERGY,H0,300,10,5,117.05108826429523
8Y_H0_N300_P3_ENERGY_seed010,P3_ENERGY,H0,300,10,6,55.15628338104784
8Y_H0_N300_P3_ENERGY_seed010,P3_ENERGY,H0,300,10,7,417.1942115351346
8Y_H0_N300_P3_ENERGY_seed010,P3_ENERGY,H0,300,10,8,125.93839262258007
8Y_H0_N300_P3_ENERGY_seed010,P3_ENERGY,H0,300,10,9,165.9587438427975
8Y_H0_N300_P3_ENERGY_seed010,P3_ENERGY,H0,300,10,10,18.230823106657226
8Y_H0_N300_P3_ENERGY_seed010,P3_ENERGY,H0,300,10,11,290.0958708073317
8Y_H0_N300_P3_ENERGY_seed010,P3_ENERGY,H0,300,10,12,58.96001697854672
8Y_H0_N300_P3_ENERGY_seed010,P3_ENERGY,H0,300,10,13,463.07363469681604
8Y_H0_N300_P3_ENERGY_seed010,P3_ENERGY,H0,300,10,14,1998.5931941748158
8Y_H0_N300_P3_ENERGY_seed010,P3_ENERGY,H0,300,10,15,3564.8687532832555
8Y_H0_N300_P3_ENERGY_seed010,P3_ENERGY,H0,300,10,16,254.5838530335095
8Y_H0_N300_P4_RESERVE_seed010,P4_RESERVE,H0,300,10,1,501.7827432241912
8Y_H0_N300_P4_RESERVE_seed010,P4_RESERVE,H0,300,10,2,9.659047075604235
8Y_H0_N300_P4_RESERVE_seed010,P4_RESERVE,H0,300,10,3,111.81795153564201
8Y_H0_N300_P4_RESERVE_seed010,P4_RESERVE,H0,300,10,4,1987.2661349379578
8Y_H0_N300_P4_RESERVE_seed010,P4_RESERVE,H0,300,10,5,117.05108826429569
8Y_H0_N300_P4_RESERVE_seed010,P4_RESERVE,H0,300,10,6,55.156283381047615
8Y_H0_N300_P4_RESERVE_seed010,P4_RESERVE,H0,300,10,7,417.19421153513485
8Y_H0_N300_P4_RESERVE_seed010,P4_RESERVE,H0,300,10,8,125.93839262258007
8Y_H0_N300_P4_RESERVE_seed010,P4_RESERVE,H0,300,10,9,165.9587438427975
8Y_H0_N300_P4_RESERVE_seed010,P4_RESERVE,H0,300,10,10,18.230823106657226
8Y_H0_N300_P4_RESERVE_seed010,P4_RESERVE,H0,300,10,11,290.0958708073317
8Y_H0_N300_P4_RESERVE_seed010,P4_RESERVE,H0,300,10,12,58.96001697854672
8Y_H0_N300_P4_RESERVE_seed010,P4_RESERVE,H0,300,10,13,463.07363469681604
8Y_H0_N300_P4_RESERVE_seed010,P4_RESERVE,H0,300,10,14,2907.1557210318415
8Y_H0_N300_POW_seed011,POW,H0,300,11,1,2349.4431517227426
8Y_H0_N300_POW_seed011,POW,H0,300,11,2,57.84498353144227
8Y_H0_N300_POW_seed011,POW,H0,300,11,3,359.85501566589755
8Y_H0_N300_POW_seed011,POW,H0,300,11,4,305.23988183284837
8Y_H0_N300_POW_seed011,POW,H0,300,11,5,307.8235947874764
8Y_H0_N300_POW_seed011,POW,H0,300,11,6,1293.7699704775764
8Y_H0_N300_POW_seed011,POW,H0,300,11,7,2132.440127334711
8Y_H0_N300_POW_seed011,POW,H0,300,11,8,345.0724845421473
8Y_H0_N300_POW_seed011,POW,H0,300,11,9,223.09934316063118
8Y_H0_N300_POW_seed011,POW,H0,300,11,10,1748.515608666481
8Y_H0_N300_POW_seed011,POW,H0,300,11,11,202.70362493279936
8Y_H0_N300_POW_seed011,POW,H0,300,11,12,355.69231685886734
8Y_H0_N300_POW_seed011,POW,H0,300,11,13,2.4589811736168485
8Y_H0_N300_P0_ALL_seed011,P0_ALL,H0,300,11,1,2355.4567776609256
8Y_H0_N300_P0_ALL_seed011,P0_ALL,H0,300,11,2,57.84498353144227
8Y_H0_N300_P0_ALL_seed011,P0_ALL,H0,300,11,3,359.85501566589755
8Y_H0_N300_P0_ALL_seed011,P0_ALL,H0,300,11,4,305.23988183284837
8Y_H0_N300_P0_ALL_seed011,P0_ALL,H0,300,11,5,307.8235947874764
8Y_H0_N300_P0_ALL_seed011,P0_ALL,H0,300,11,6,1298.6281651806357
8Y_H0_N300_P0_ALL_seed011,P0_ALL,H0,300,11,7,2138.983174517828
8Y_H0_N300_P0_ALL_seed011,P0_ALL,H0,300,11,8,345.0724845421473
8Y_H0_N300_P0_ALL_seed011,P0_ALL,H0,300,11,9,223.09934316063118
8Y_H0_N300_P0_ALL_seed011,P0_ALL,H0,300,11,10,1753.206688661493
8Y_H0_N300_P0_ALL_seed011,P0_ALL,H0,300,11,11,202.70362493279936
8Y_H0_N300_P0_ALL_seed011,P0_ALL,H0,300,11,12,355.69231685886734
8Y_H0_N300_P0_ALL_seed011,P0_ALL,H0,300,11,13,2.4589811736168485
8Y_H0_N300_P3_ENERGY_seed011,P3_ENERGY,H0,300,11,1,2465.8905657620517
8Y_H0_N300_P3_ENERGY_seed011,P3_ENERGY,H0,300,11,2,360.1025720940829
8Y_H0_N300_P3_ENERGY_seed011,P3_ENERGY,H0,300,11,3,305.50648917086846
8Y_H0_N300_P3_ENERGY_seed011,P3_ENERGY,H0,300,11,4,307.6428784520581
8Y_H0_N300_P3_ENERGY_seed011,P3_ENERGY,H0,300,11,5,1340.6808260254816
8Y_H0_N300_P3_ENERGY_seed011,P3_ENERGY,H0,300,11,6,2138.886509350219
8Y_H0_N300_P3_ENERGY_seed011,P3_ENERGY,H0,300,11,7,345.0175712520695
8Y_H0_N300_P3_ENERGY_seed011,P3_ENERGY,H0,300,11,8,2355.839043759521
8Y_H0_N300_P4_RESERVE_seed011,P4_RESERVE,H0,300,11,1,3265.4567776609256
8Y_H0_N300_P4_RESERVE_seed011,P4_RESERVE,H0,300,11,2,57.84498353144227
8Y_H0_N300_P4_RESERVE_seed011,P4_RESERVE,H0,300,11,3,359.85501566589755
8Y_H0_N300_P4_RESERVE_seed011,P4_RESERVE,H0,300,11,4,305.23988183284837
8Y_H0_N300_P4_RESERVE_seed011,P4_RESERVE,H0,300,11,5,307.8235947874764
8Y_H0_N300_P4_RESERVE_seed011,P4_RESERVE,H0,300,11,6,2247.4469968760277
8Y_H0_N300_P4_RESERVE_seed011,P4_RESERVE,H0,300,11,7,2808.5136848800867
8Y_H0_N300_P4_RESERVE_seed011,P4_RESERVE,H0,300,11,8,345.07248454214823
8Y_H0_N300_POW_seed012,POW,H0,300,12,1,781.4681359225281
8Y_H0_N300_POW_seed012,POW,H0,300,12,2,340.6750910797132
8Y_H0_N300_POW_seed012,POW,H0,300,12,3,1351.3646352973826
8Y_H0_N300_POW_seed012,POW,H0,300,12,4,1627.1484070571373
8Y_H0_N300_POW_seed012,POW,H0,300,12,5,459.0748117525145
8Y_H0_N300_POW_seed012,POW,H0,300,12,6,619.9146526385703
8Y_H0_N300_POW_seed012,POW,H0,300,12,7,625.430253995818
8Y_H0_N300_POW_seed012,POW,H0,300,12,8,463.827155981774
8Y_H0_N300_POW_seed012,POW,H0,300,12,9,266.04453153502254
8Y_H0_N300_POW_seed012,POW,H0,300,12,10,2223.2517509574463
8Y_H0_N300_POW_seed012,POW,H0,300,12,11,145.44917372496093
8Y_H0_N300_POW_seed012,POW,H0,300,12,12,466.3852269449544
8Y_H0_N300_POW_seed012,POW,H0,300,12,13,235.36902008719335
8Y_H0_N300_POW_seed012,POW,H0,300,12,14,81.16619467994315
8Y_H0_N300_P0_ALL_seed012,P0_ALL,H0,300,12,1,781.4914553156436
8Y_H0_N300_P0_ALL_seed012,P0_ALL,H0,300,12,2,340.6750910797132
8Y_H0_N300_P0_ALL_seed012,P0_ALL,H0,300,12,3,1355.2600101981138
8Y_H0_N300_P0_ALL_seed012,P0_ALL,H0,300,12,4,1631.7228590460422
8Y_H0_N300_P0_ALL_seed012,P0_ALL,H0,300,12,5,459.0748117525145
8Y_H0_N300_P0_ALL_seed012,P0_ALL,H0,300,12,6,622.4820470491304
8Y_H0_N300_P0_ALL_seed012,P0_ALL,H0,300,12,7,627.317348281058
8Y_H0_N300_P0_ALL_seed012,P0_ALL,H0,300,12,8,463.827155981774
8Y_H0_N300_P0_ALL_seed012,P0_ALL,H0,300,12,9,266.04453153502254
8Y_H0_N300_P0_ALL_seed012,P0_ALL,H0,300,12,10,2231.6630079428223
8Y_H0_N300_P0_ALL_seed012,P0_ALL,H0,300,12,11,145.44917372496093
8Y_H0_N300_P0_ALL_seed012,P0_ALL,H0,300,12,12,466.3852269449544
8Y_H0_N300_P0_ALL_seed012,P0_ALL,H0,300,12,13,235.36902008719335
8Y_H0_N300_P0_ALL_seed012,P0_ALL,H0,300,12,14,81.16619467994315
8Y_H0_N300_P3_ENERGY_seed012,P3_ENERGY,H0,300,12,1,781.4914553156436
8Y_H0_N300_P3_ENERGY_seed012,P3_ENERGY,H0,300,12,2,4039.418861822481
8Y_H0_N300_P3_ENERGY_seed012,P3_ENERGY,H0,300,12,3,459.3564862191415
8Y_H0_N300_P3_ENERGY_seed012,P3_ENERGY,H0,300,12,4,621.7837345710432
8Y_H0_N300_P3_ENERGY_seed012,P3_ENERGY,H0,300,12,5,689.5531199618172
8Y_H0_N300_P3_ENERGY_seed012,P3_ENERGY,H0,300,12,6,867.4303485045548
8Y_H0_N300_P3_ENERGY_seed012,P3_ENERGY,H0,300,12,7,2230.603060019631
8Y_H0_N300_P4_RESERVE_seed012,P4_RESERVE,H0,300,12,1,1691.4914553156436
8Y_H0_N300_P4_RESERVE_seed012,P4_RESERVE,H0,300,12,2,949.7922714936335
8Y_H0_N300_P4_RESERVE_seed012,P4_RESERVE,H0,300,12,3,2263.1795633246793
8Y_H0_N300_P4_RESERVE_seed012,P4_RESERVE,H0,300,12,4,2539.6993568254966
8Y_H0_N300_P4_RESERVE_seed012,P4_RESERVE,H0,300,12,5,459.0748117525145
8Y_H0_N300_P4_RESERVE_seed012,P4_RESERVE,H0,300,12,6,1529.9321669071605
8Y_H0_N300_POW_seed013,POW,H0,300,13,1,645.5536468546811
8Y_H0_N300_POW_seed013,POW,H0,300,13,2,1911.7857428618481
8Y_H0_N300_POW_seed013,POW,H0,300,13,3,183.71218589754744
8Y_H0_N300_POW_seed013,POW,H0,300,13,4,865.8355882831361
8Y_H0_N300_POW_seed013,POW,H0,300,13,5,193.39198974702276
8Y_H0_N300_POW_seed013,POW,H0,300,13,6,547.779594540767
8Y_H0_N300_POW_seed013,POW,H0,300,13,7,161.7877186052292
8Y_H0_N300_POW_seed013,POW,H0,300,13,8,618.7861565536277
8Y_H0_N300_POW_seed013,POW,H0,300,13,9,706.6798994319952
8Y_H0_N300_POW_seed013,POW,H0,300,13,10,24.808257097464775
8Y_H0_N300_POW_seed013,POW,H0,300,13,11,340.2022728148386
8Y_H0_N300_POW_seed013,POW,H0,300,13,12,630.6493748035255
8Y_H0_N300_POW_seed013,POW,H0,300,13,13,362.29976866211746
8Y_H0_N300_POW_seed013,POW,H0,300,13,14,39.84453590381872
8Y_H0_N300_POW_seed013,POW,H0,300,13,15,1346.5710336048132
8Y_H0_N300_POW_seed013,POW,H0,300,13,16,884.9758015404877
8Y_H0_N300_P0_ALL_seed013,P0_ALL,H0,300,13,1,646.0935730545866
8Y_H0_N300_P0_ALL_seed013,P0_ALL,H0,300,13,2,1918.189838947123
8Y_H0_N300_P0_ALL_seed013,P0_ALL,H0,300,13,3,183.71218589754744
8Y_H0_N300_P0_ALL_seed013,P0_ALL,H0,300,13,4,866.9854821730551
8Y_H0_N300_P0_ALL_seed013,P0_ALL,H0,300,13,5,193.39198974702276
8Y_H0_N300_P0_ALL_seed013,P0_ALL,H0,300,13,6,547.779594540767
8Y_H0_N300_P0_ALL_seed013,P0_ALL,H0,300,13,7,161.7877186052292
8Y_H0_N300_P0_ALL_seed013,P0_ALL,H0,300,13,8,620.9837180443874
8Y_H0_N300_P0_ALL_seed013,P0_ALL,H0,300,13,9,708.6014005121724
8Y_H0_N300_P0_ALL_seed013,P0_ALL,H0,300,13,10,24.808257097464775
8Y_H0_N300_P0_ALL_seed013,P0_ALL,H0,300,13,11,340.2022728148386
8Y_H0_N300_P0_ALL_seed013,P0_ALL,H0,300,13,12,633.2793393803759
8Y_H0_N300_P0_ALL_seed013,P0_ALL,H0,300,13,13,362.29976866211746
8Y_H0_N300_P0_ALL_seed013,P0_ALL,H0,300,13,14,39.84453590381872
8Y_H0_N300_P0_ALL_seed013,P0_ALL,H0,300,13,15,1352.5064361564937
8Y_H0_N300_P0_ALL_seed013,P0_ALL,H0,300,13,16,888.0490695410863
8Y_H0_N300_P3_ENERGY_seed013,P3_ENERGY,H0,300,13,1,646.0935730545866
8Y_H0_N300_P3_ENERGY_seed013,P3_ENERGY,H0,300,13,2,1918.0530147317536
8Y_H0_N300_P3_ENERGY_seed013,P3_ENERGY,H0,300,13,3,553.8922878375993
8Y_H0_N300_P3_ENERGY_seed013,P3_ENERGY,H0,300,13,4,1397.7463799901911
8Y_H0_N300_P3_ENERGY_seed013,P3_ENERGY,H0,300,13,5,765.9156005035902
8Y_H0_N300_P3_ENERGY_seed013,P3_ENERGY,H0,300,13,6,951.8796352065701
8Y_H0_N300_P3_ENERGY_seed013,P3_ENERGY,H0,300,13,7,1041.7991129677084
8Y_H0_N300_P3_ENERGY_seed013,P3_ENERGY,H0,300,13,8,24.26182409269495
8Y_H0_N300_P3_ENERGY_seed013,P3_ENERGY,H0,300,13,9,1234.9078802227186
8Y_H0_N300_P3_ENERGY_seed013,P3_ENERGY,H0,300,13,10,362.4171916218129
8Y_H0_N300_P3_ENERGY_seed013,P3_ENERGY,H0,300,13,11,40.61499335303597
8Y_H0_N300_P4_RESERVE_seed013,P4_RESERVE,H0,300,13,1,1556.0935730545866
8Y_H0_N300_P4_RESERVE_seed013,P4_RESERVE,H0,300,13,2,2826.3143686138787
8Y_H0_N300_P4_RESERVE_seed013,P4_RESERVE,H0,300,13,3,553.8922878375988
8Y_H0_N300_P4_RESERVE_seed013,P4_RESERVE,H0,300,13,4,793.6521098002768
8Y_H0_N300_P4_RESERVE_seed013,P4_RESERVE,H0,300,13,5,1703.3652061322791
8Y_H0_N300_P4_RESERVE_seed013,P4_RESERVE,H0,300,13,6,1174.403632807096
8Y_H0_N300_P4_RESERVE_seed013,P4_RESERVE,H0,300,13,7,161.7877186052283
8Y_H0_N300_POW_seed014,POW,H0,300,14,1,632.0116272285555
8Y_H0_N300_POW_seed014,POW,H0,300,14,2,409.3417913343577
8Y_H0_N300_POW_seed014,POW,H0,300,14,3,306.21807996631605
8Y_H0_N300_POW_seed014,POW,H0,300,14,4,1083.6557725073712
8Y_H0_N300_POW_seed014,POW,H0,300,14,5,167.19865183479988
8Y_H0_N300_POW_seed014,POW,H0,300,14,6,172.42119255838952
8Y_H0_N300_POW_seed014,POW,H0,300,14,7,99.86394234905129
8Y_H0_N300_POW_seed014,POW,H0,300,14,8,2588.4517155807066
8Y_H0_N300_POW_seed014,POW,H0,300,14,9,302.17755479022435
8Y_H0_N300_POW_seed014,POW,H0,300,14,10,100.643163658724
8Y_H0_N300_POW_seed014,POW,H0,300,14,11,879.9094706285505
8Y_H0_N300_POW_seed014,POW,H0,300,14,12,625.2388306323546
8Y_H0_N300_POW_seed014,POW,H0,300,14,13,179.50552194506145
8Y_H0_N300_POW_seed014,POW,H0,300,14,14,707.3845025946903
8Y_H0_N300_POW_seed014,POW,H0,300,14,15,432.1850028755871
8Y_H0_N300_POW_seed014,POW,H0,300,14,16,396.6765855586582
8Y_H0_N300_POW_seed014,POW,H0,300,14,17,36.86846948814127
8Y_H0_N300_P0_ALL_seed014,P0_ALL,H0,300,14,1,632.5917698019422
8Y_H0_N300_P0_ALL_seed014,P0_ALL,H0,300,14,2,409.3417913343577
8Y_H0_N300_P0_ALL_seed014,P0_ALL,H0,300,14,3,306.21807996631605
8Y_H0_N300_P0_ALL_seed014,P0_ALL,H0,300,14,4,1085.7927312042402
8Y_H0_N300_P0_ALL_seed014,P0_ALL,H0,300,14,5,167.19865183479988
8Y_H0_N300_P0_ALL_seed014,P0_ALL,H0,300,14,6,172.42119255838952
8Y_H0_N300_P0_ALL_seed014,P0_ALL,H0,300,14,7,99.86394234905129
8Y_H0_N300_P0_ALL_seed014,P0_ALL,H0,300,14,8,2600.006661767155
8Y_H0_N300_P0_ALL_seed014,P0_ALL,H0,300,14,9,302.17755479022435
8Y_H0_N300_P0_ALL_seed014,P0_ALL,H0,300,14,10,100.643163658724
8Y_H0_N300_P0_ALL_seed014,P0_ALL,H0,300,14,11,883.0649664098482
8Y_H0_N300_P0_ALL_seed014,P0_ALL,H0,300,14,12,627.5248293077266
8Y_H0_N300_P0_ALL_seed014,P0_ALL,H0,300,14,13,179.50552194506145
8Y_H0_N300_P0_ALL_seed014,P0_ALL,H0,300,14,14,709.432701841286
8Y_H0_N300_P0_ALL_seed014,P0_ALL,H0,300,14,15,432.1850028755871
8Y_H0_N300_P0_ALL_seed014,P0_ALL,H0,300,14,16,396.6765855586582
8Y_H0_N300_P0_ALL_seed014,P0_ALL,H0,300,14,17,36.86846948814127
8Y_H0_N300_P3_ENERGY_seed014,P3_ENERGY,H0,300,14,1,3493.308331631367
8Y_H0_N300_P3_ENERGY_seed014,P3_ENERGY,H0,300,14,2,167.27509312311986
8Y_H0_N300_P3_ENERGY_seed014,P3_ENERGY,H0,300,14,3,498.76157108897723
8Y_H0_N300_P3_ENERGY_seed014,P3_ENERGY,H0,300,14,4,260.9171979552266
8Y_H0_N300_P3_ENERGY_seed014,P3_ENERGY,H0,300,14,5,3314.1201693163584
8Y_H0_N300_P3_ENERGY_seed014,P3_ENERGY,H0,300,14,6,100.67789835622989
8Y_H0_N300_P3_ENERGY_seed014,P3_ENERGY,H0,300,14,7,882.2053608528913
8Y_H0_N300_P3_ENERGY_seed014,P3_ENERGY,H0,300,14,8,628.9288257663011
8Y_H0_N300_P3_ENERGY_seed014,P3_ENERGY,H0,300,14,9,179.26695433309578
8Y_H0_N300_P4_RESERVE_seed014,P4_RESERVE,H0,300,14,1,1542.591769801942
8Y_H0_N300_P4_RESERVE_seed014,P4_RESERVE,H0,300,14,2,719.2216876567036
8Y_H0_N300_P4_RESERVE_seed014,P4_RESERVE,H0,300,14,3,916.1255342616041
8Y_H0_N300_P4_RESERVE_seed014,P4_RESERVE,H0,300,14,4,1993.6002016921157
8Y_H0_N300_P4_RESERVE_seed014,P4_RESERVE,H0,300,14,5,167.19865183479942
8Y_H0_N300_P4_RESERVE_seed014,P4_RESERVE,H0,300,14,6,498.64854246756386
8Y_H0_N300_P4_RESERVE_seed014,P4_RESERVE,H0,300,14,7,260.62294725534775
8Y_H0_N300_P4_RESERVE_seed014,P4_RESERVE,H0,300,14,8,1751.107859882446
8Y_H0_N300_P4_RESERVE_seed014,P4_RESERVE,H0,300,14,9,1082.140079171786
8Y_H0_N300_P4_RESERVE_seed014,P4_RESERVE,H0,300,14,10,1009.5224039042387
8Y_H0_N300_POW_seed015,POW,H0,300,15,1,24.06108681394605
8Y_H0_N300_POW_seed015,POW,H0,300,15,2,20.149308742877363
8Y_H0_N300_POW_seed015,POW,H0,300,15,3,3175.6279484882616
8Y_H0_N300_POW_seed015,POW,H0,300,15,4,1521.8160488981953
8Y_H0_N300_POW_seed015,POW,H0,300,15,5,171.66560677541838
8Y_H0_N300_POW_seed015,POW,H0,300,15,6,667.2248775777853
8Y_H0_N300_POW_seed015,POW,H0,300,15,7,256.0141329172884
8Y_H0_N300_POW_seed015,POW,H0,300,15,8,792.9915317814293
8Y_H0_N300_POW_seed015,POW,H0,300,15,9,17.326488020489705
8Y_H0_N300_POW_seed015,POW,H0,300,15,10,425.6229275057158
8Y_H0_N300_POW_seed015,POW,H0,300,15,11,2404.7330986555417
8Y_H0_N300_P0_ALL_seed015,P0_ALL,H0,300,15,1,24.06108681394605
8Y_H0_N300_P0_ALL_seed015,P0_ALL,H0,300,15,2,20.149308742877363
8Y_H0_N300_P0_ALL_seed015,P0_ALL,H0,300,15,3,3187.6244116088956
8Y_H0_N300_P0_ALL_seed015,P0_ALL,H0,300,15,4,1525.8481092030179
8Y_H0_N300_P0_ALL_seed015,P0_ALL,H0,300,15,5,171.66560677541838
8Y_H0_N300_P0_ALL_seed015,P0_ALL,H0,300,15,6,670.2061275392016
8Y_H0_N300_P0_ALL_seed015,P0_ALL,H0,300,15,7,256.0141329172884
8Y_H0_N300_P0_ALL_seed015,P0_ALL,H0,300,15,8,794.9095187162584
8Y_H0_N300_P0_ALL_seed015,P0_ALL,H0,300,15,9,17.326488020489705
8Y_H0_N300_P0_ALL_seed015,P0_ALL,H0,300,15,10,425.6229275057158
8Y_H0_N300_P0_ALL_seed015,P0_ALL,H0,300,15,11,2416.312012430033
8Y_H0_N300_P3_ENERGY_seed015,P3_ENERGY,H0,300,15,1,444.6870885010864
8Y_H0_N300_P3_ENERGY_seed015,P3_ENERGY,H0,300,15,2,20.149308742877395
8Y_H0_N300_P3_ENERGY_seed015,P3_ENERGY,H0,300,15,3,3186.427480743609
8Y_H0_N300_P3_ENERGY_seed015,P3_ENERGY,H0,300,15,4,1525.385276101038
8Y_H0_N300_P3_ENERGY_seed015,P3_ENERGY,H0,300,15,5,171.66560677541838
8Y_H0_N300_P3_ENERGY_seed015,P3_ENERGY,H0,300,15,6,670.2061275392016
8Y_H0_N300_P3_ENERGY_seed015,P3_ENERGY,H0,300,15,7,2837.118284369275
8Y_H0_N300_P4_RESERVE_seed015,P4_RESERVE,H0,300,15,1,334.0610868139461
8Y_H0_N300_P4_RESERVE_seed015,P4_RESERVE,H0,300,15,2,20.149308742877338
8Y_H0_N300_P4_RESERVE_seed015,P4_RESERVE,H0,300,15,3,4095.2509123521677
8Y_H0_N300_P4_RESERVE_seed015,P4_RESERVE,H0,300,15,4,2433.4913100825443
8Y_H0_N300_P4_RESERVE_seed015,P4_RESERVE,H0,300,15,5,171.66560677541838
8Y_H0_N300_P4_RESERVE_seed015,P4_RESERVE,H0,300,15,6,1577.4554716181183
8Y_H0_N300_POW_seed016,POW,H0,300,16,1,55.86415738121935
8Y_H0_N300_POW_seed016,POW,H0,300,16,2,449.4045203674641
8Y_H0_N300_POW_seed016,POW,H0,300,16,3,2426.7406246785854
8Y_H0_N300_POW_seed016,POW,H0,300,16,4,1610.6596217789606
8Y_H0_N300_POW_seed016,POW,H0,300,16,5,147.93490902240137
8Y_H0_N300_POW_seed016,POW,H0,300,16,6,593.6035135308903
8Y_H0_N300_POW_seed016,POW,H0,300,16,7,47.695827276895216
8Y_H0_N300_POW_seed016,POW,H0,300,16,8,339.78168162286056
8Y_H0_N300_POW_seed016,POW,H0,300,16,9,647.7470352481214
8Y_H0_N300_POW_seed016,POW,H0,300,16,10,130.91013150698927
8Y_H0_N300_POW_seed016,POW,H0,300,16,11,413.40005021732213
8Y_H0_N300_POW_seed016,POW,H0,300,16,12,387.04650287120785
8Y_H0_N300_POW_seed016,POW,H0,300,16,13,704.1203291190459
8Y_H0_N300_POW_seed016,POW,H0,300,16,14,39.09307170370994
8Y_H0_N300_POW_seed016,POW,H0,300,16,15,421.4631677276939
8Y_H0_N300_POW_seed016,POW,H0,300,16,16,1511.8404646970284
8Y_H0_N300_P0_ALL_seed016,P0_ALL,H0,300,16,1,55.86415738121935
8Y_H0_N300_P0_ALL_seed016,P0_ALL,H0,300,16,2,449.4045203674641
8Y_H0_N300_P0_ALL_seed016,P0_ALL,H0,300,16,3,2437.6541919585725
8Y_H0_N300_P0_ALL_seed016,P0_ALL,H0,300,16,4,1616.1467444024038
8Y_H0_N300_P0_ALL_seed016,P0_ALL,H0,300,16,5,147.93490902240137
8Y_H0_N300_P0_ALL_seed016,P0_ALL,H0,300,16,6,593.6035135308903
8Y_H0_N300_P0_ALL_seed016,P0_ALL,H0,300,16,7,47.695827276895216
8Y_H0_N300_P0_ALL_seed016,P0_ALL,H0,300,16,8,339.78168162286056
8Y_H0_N300_P0_ALL_seed016,P0_ALL,H0,300,16,9,649.8683647880034
8Y_H0_N300_P0_ALL_seed016,P0_ALL,H0,300,16,10,130.91013150698927
8Y_H0_N300_P0_ALL_seed016,P0_ALL,H0,300,16,11,413.40005021732213
8Y_H0_N300_P0_ALL_seed016,P0_ALL,H0,300,16,12,387.04650287120785
8Y_H0_N300_P0_ALL_seed016,P0_ALL,H0,300,16,13,707.4791200851823
8Y_H0_N300_P0_ALL_seed016,P0_ALL,H0,300,16,14,39.09307170370994
8Y_H0_N300_P0_ALL_seed016,P0_ALL,H0,300,16,15,421.46316772769296
8Y_H0_N300_P0_ALL_seed016,P0_ALL,H0,300,16,16,1517.4798607285593
8Y_H0_N300_P3_ENERGY_seed016,P3_ENERGY,H0,300,16,1,1050.366957732093
8Y_H0_N300_P3_ENERGY_seed016,P3_ENERGY,H0,300,16,2,2655.8618368247953
8Y_H0_N300_P3_ENERGY_seed016,P3_ENERGY,H0,300,16,3,1615.8595152011762
8Y_H0_N300_P3_ENERGY_seed016,P3_ENERGY,H0,300,16,4,148.35518266368945
8Y_H0_N300_P3_ENERGY_seed016,P3_ENERGY,H0,300,16,5,593.2688619779483
8Y_H0_N300_P3_ENERGY_seed016,P3_ENERGY,H0,300,16,6,48.44840445881346
8Y_H0_N300_P3_ENERGY_seed016,P3_ENERGY,H0,300,16,7,340.04493038621695
8Y_H0_N300_P3_ENERGY_seed016,P3_ENERGY,H0,300,16,8,1166.620406102973
8Y_H0_N300_P3_ENERGY_seed016,P3_ENERGY,H0,300,16,9,131.41862740861598
8Y_H0_N300_P3_ENERGY_seed016,P3_ENERGY,H0,300,16,10,413.56324226716697
8Y_H0_N300_P3_ENERGY_seed016,P3_ENERGY,H0,300,16,11,387.0592867542273
8Y_H0_N300_P3_ENERGY_seed016,P3_ENERGY,H0,300,16,12,705.5444624530282
8Y_H0_N300_P4_RESERVE_seed016,P4_RESERVE,H0,300,16,1,365.86415738121934
8Y_H0_N300_P4_RESERVE_seed016,P4_RESERVE,H0,300,16,2,449.4045203674641
8Y_H0_N300_P4_RESERVE_seed016,P4_RESERVE,H0,300,16,3,1110.7190969203734
8Y_H0_N300_P4_RESERVE_seed016,P4_RESERVE,H0,300,16,4,1506.2040827217274
8Y_H0_N300_P4_RESERVE_seed016,P4_RESERVE,H0,300,16,5,2139.55526583807
8Y_H0_N300_P4_RESERVE_seed016,P4_RESERVE,H0,300,16,6,1784.501465161241
8Y_H0_N300_P4_RESERVE_seed016,P4_RESERVE,H0,300,16,7,411.73159030944953
8Y_H0_N300_P4_RESERVE_seed016,P4_RESERVE,H0,300,16,8,147.84350957781407
8Y_H0_N300_P4_RESERVE_seed016,P4_RESERVE,H0,300,16,9,592.9500085248737
8Y_H0_N300_P4_RESERVE_seed016,P4_RESERVE,H0,300,16,10,48.06163721639314
8Y_H0_N300_P4_RESERVE_seed016,P4_RESERVE,H0,300,16,11,340.2245058043991
8Y_H0_N300_POW_seed017,POW,H0,300,17,1,276.9228953358947
8Y_H0_N300_POW_seed017,POW,H0,300,17,2,240.01252907570694
8Y_H0_N300_POW_seed017,POW,H0,300,17,3,43.78643051835388
8Y_H0_N300_POW_seed017,POW,H0,300,17,4,1328.9710369576503
8Y_H0_N300_POW_seed017,POW,H0,300,17,5,238.3026880059922
8Y_H0_N300_POW_seed017,POW,H0,300,17,6,40.046131109550515
8Y_H0_N300_POW_seed017,POW,H0,300,17,7,1197.5001711114733
8Y_H0_N300_POW_seed017,POW,H0,300,17,8,794.9315855797381
8Y_H0_N300_POW_seed017,POW,H0,300,17,9,442.30890875679415
8Y_H0_N300_POW_seed017,POW,H0,300,17,10,62.45049910866692
8Y_H0_N300_POW_seed017,POW,H0,300,17,11,684.3011289364667
8Y_H0_N300_POW_seed017,POW,H0,300,17,12,543.837174360152
8Y_H0_N300_POW_seed017,POW,H0,300,17,13,1074.8554754459592
8Y_H0_N300_POW_seed017,POW,H0,300,17,14,535.175030188002
8Y_H0_N300_POW_seed017,POW,H0,300,17,15,474.6116978664777
8Y_H0_N300_POW_seed017,POW,H0,300,17,16,64.06258659650848
8Y_H0_N300_POW_seed017,POW,H0,300,17,17,272.71706139137586
8Y_H0_N300_POW_seed017,POW,H0,300,17,18,392.7441126976155
8Y_H0_N300_POW_seed017,POW,H0,300,17,19,221.2849424362921
8Y_H0_N300_POW_seed017,POW,H0,300,17,20,379.2983893671644
8Y_H0_N300_POW_seed017,POW,H0,300,17,21,64.60576305191535
8Y_H0_N300_POW_seed017,POW,H0,300,17,22,118.83041321195014
8Y_H0_N300_POW_seed017,POW,H0,300,17,23,121.51827590950052
8Y_H0_N300_P0_ALL_seed017,P0_ALL,H0,300,17,1,276.9228953358947
8Y_H0_N300_P0_ALL_seed017,P0_ALL,H0,300,17,2,240.01252907570694
8Y_H0_N300_P0_ALL_seed017,P0_ALL,H0,300,17,3,43.78643051835388
8Y_H0_N300_P0_ALL_seed017,P0_ALL,H0,300,17,4,1333.0674333940215
8Y_H0_N300_P0_ALL_seed017,P0_ALL,H0,300,17,5,238.30268800599197
8Y_H0_N300_P0_ALL_seed017,P0_ALL,H0,300,17,6,40.046131109550515
8Y_H0_N300_P0_ALL_seed017,P0_ALL,H0,300,17,7,1200.69039528238
8Y_H0_N300_P0_ALL_seed017,P0_ALL,H0,300,17,8,796.8669896375009
8Y_H0_N300_P0_ALL_seed017,P0_ALL,H0,300,17,9,442.30890875679324
8Y_H0_N300_P0_ALL_seed017,P0_ALL,H0,300,17,10,62.45049910866692
8Y_H0_N300_P0_ALL_seed017,P0_ALL,H0,300,17,11,686.371425112482
8Y_H0_N300_P0_ALL_seed017,P0_ALL,H0,300,17,12,543.837174360152
8Y_H0_N300_P0_ALL_seed017,P0_ALL,H0,300,17,13,1077.8651459194325
8Y_H0_N300_P0_ALL_seed017,P0_ALL,H0,300,17,14,535.175030188002
8Y_H0_N300_P0_ALL_seed017,P0_ALL,H0,300,17,15,474.6116978664777
8Y_H0_N300_P0_ALL_seed017,P0_ALL,H0,300,17,16,64.06258659650848
8Y_H0_N300_P0_ALL_seed017,P0_ALL,H0,300,17,17,272.7170613913768
8Y_H0_N300_P0_ALL_seed017,P0_ALL,H0,300,17,18,392.7441126976155
8Y_H0_N300_P0_ALL_seed017,P0_ALL,H0,300,17,19,221.2849424362921
8Y_H0_N300_P0_ALL_seed017,P0_ALL,H0,300,17,20,379.2983893671644
8Y_H0_N300_P0_ALL_seed017,P0_ALL,H0,300,17,21,64.60576305191535
8Y_H0_N300_P0_ALL_seed017,P0_ALL,H0,300,17,22,118.83041321195014
8Y_H0_N300_P0_ALL_seed017,P0_ALL,H0,300,17,23,121.51827590950052
8Y_H0_N300_P3_ENERGY_seed017,P3_ENERGY,H0,300,17,1,276.9228953358947
8Y_H0_N300_P3_ENERGY_seed017,P3_ENERGY,H0,300,17,2,240.01252907570694
8Y_H0_N300_P3_ENERGY_seed017,P3_ENERGY,H0,300,17,3,3052.059211665068
8Y_H0_N300_P3_ENERGY_seed017,P3_ENERGY,H0,300,17,4,2001.5075467411302
8Y_H0_N300_P3_ENERGY_seed017,P3_ENERGY,H0,300,17,5,442.03301686483974
8Y_H0_N300_P3_ENERGY_seed017,P3_ENERGY,H0,300,17,6,62.64078415864333
8Y_H0_N300_P3_ENERGY_seed017,P3_ENERGY,H0,300,17,7,761.8580644333879
8Y_H0_N300_P3_ENERGY_seed017,P3_ENERGY,H0,300,17,8,3074.8740319869084
8Y_H0_N300_P4_RESERVE_seed017,P4_RESERVE,H0,300,17,1,276.9228953358947
8Y_H0_N300_P4_RESERVE_seed017,P4_RESERVE,H0,300,17,2,240.01252907570694
8Y_H0_N300_P4_RESERVE_seed017,P4_RESERVE,H0,300,17,3,2155.7526739439554
8Y_H0_N300_P4_RESERVE_seed017,P4_RESERVE,H0,300,17,4,2152.9647657571472
8Y_H0_N300_P4_RESERVE_seed017,P4_RESERVE,H0,300,17,5,847.9118189277369
8Y_H0_N300_P4_RESERVE_seed017,P4_RESERVE,H0,300,17,6,2307.393758432723
8Y_H0_N300_P4_RESERVE_seed017,P4_RESERVE,H0,300,17,7,442.70908366235835
8Y_H0_N300_P4_RESERVE_seed017,P4_RESERVE,H0,300,17,8,62.35774829314687
8Y_H0_N300_P4_RESERVE_seed017,P4_RESERVE,H0,300,17,9,1507.3687264360105
8Y_H0_N300_POW_seed018,POW,H0,300,18,1,1178.8903113783108
8Y_H0_N300_POW_seed018,POW,H0,300,18,2,159.35133797413914
8Y_H0_N300_POW_seed018,POW,H0,300,18,3,1062.2658021666018
8Y_H0_N300_POW_seed018,POW,H0,300,18,4,217.22666771979175
8Y_H0_N300_POW_seed018,POW,H0,300,18,5,484.74276244100747
8Y_H0_N300_POW_seed018,POW,H0,300,18,6,281.57663808090547
8Y_H0_N300_POW_seed018,POW,H0,300,18,7,298.17265968331003
8Y_H0_N300_POW_seed018,POW,H0,300,18,8,654.7440811754486
8Y_H0_N300_POW_seed018,POW,H0,300,18,9,357.5012011217059
8Y_H0_N300_POW_seed018,POW,H0,300,18,10,1757.493914408752
8Y_H0_N300_POW_seed018,POW,H0,300,18,11,399.5961345828664
8Y_H0_N300_POW_seed018,POW,H0,300,18,12,23.094918476055682
8Y_H0_N300_POW_seed018,POW,H0,300,18,13,238.4361303679825
8Y_H0_N300_POW_seed018,POW,H0,300,18,14,199.2528148873007
8Y_H0_N300_POW_seed018,POW,H0,300,18,15,433.63551510851266
8Y_H0_N300_POW_seed018,POW,H0,300,18,16,961.5398814790915
8Y_H0_N300_POW_seed018,POW,H0,300,18,17,728.8358192114429
8Y_H0_N300_POW_seed018,POW,H0,300,18,18,338.85773446396706
8Y_H0_N300_P0_ALL_seed018,P0_ALL,H0,300,18,1,1179.0505033829327
8Y_H0_N300_P0_ALL_seed018,P0_ALL,H0,300,18,2,159.35133797413914
8Y_H0_N300_P0_ALL_seed018,P0_ALL,H0,300,18,3,1065.5278666445904
8Y_H0_N300_P0_ALL_seed018,P0_ALL,H0,300,18,4,217.22666771979175
8Y_H0_N300_P0_ALL_seed018,P0_ALL,H0,300,18,5,484.74276244100747
8Y_H0_N300_P0_ALL_seed018,P0_ALL,H0,300,18,6,281.57663808090547
8Y_H0_N300_P0_ALL_seed018,P0_ALL,H0,300,18,7,298.17265968331003
8Y_H0_N300_P0_ALL_seed018,P0_ALL,H0,300,18,8,658.3415035782637
8Y_H0_N300_P0_ALL_seed018,P0_ALL,H0,300,18,9,357.5012011217059
8Y_H0_N300_P0_ALL_seed018,P0_ALL,H0,300,18,10,1762.1265919586613
8Y_H0_N300_P0_ALL_seed018,P0_ALL,H0,300,18,11,399.5961345828664
8Y_H0_N300_P0_ALL_seed018,P0_ALL,H0,300,18,12,23.094918476055682
8Y_H0_N300_P0_ALL_seed018,P0_ALL,H0,300,18,13,238.4361303679825
8Y_H0_N300_P0_ALL_seed018,P0_ALL,H0,300,18,14,199.2528148873007
8Y_H0_N300_P0_ALL_seed018,P0_ALL,H0,300,18,15,433.63551510851266
8Y_H0_N300_P0_ALL_seed018,P0_ALL,H0,300,18,16,964.1152644775511
8Y_H0_N300_P0_ALL_seed018,P0_ALL,H0,300,18,17,730.7245122076893
8Y_H0_N300_P0_ALL_seed018,P0_ALL,H0,300,18,18,338.85773446396706
8Y_H0_N300_P3_ENERGY_seed018,P3_ENERGY,H0,300,18,1,1179.0505033829327
8Y_H0_N300_P3_ENERGY_seed018,P3_ENERGY,H0,300,18,2,1666.0040310629752
8Y_H0_N300_P3_ENERGY_seed018,P3_ENERGY,H0,300,18,3,217.57549835799773
8Y_H0_N300_P3_ENERGY_seed018,P3_ENERGY,H0,300,18,4,883.6537726256015
8Y_H0_N300_P3_ENERGY_seed018,P3_ENERGY,H0,300,18,5,298.3845740182642
8Y_H0_N300_P3_ENERGY_seed018,P3_ENERGY,H0,300,18,6,657.360303260296
8Y_H0_N300_P3_ENERGY_seed018,P3_ENERGY,H0,300,18,7,3033.17423354151
8Y_H0_N300_P3_ENERGY_seed018,P3_ENERGY,H0,300,18,8,239.0327193275607
8Y_H0_N300_P4_RESERVE_seed018,P4_RESERVE,H0,300,18,1,2089.0505033829327
8Y_H0_N300_P4_RESERVE_seed018,P4_RESERVE,H0,300,18,2,1068.8966726550734
8Y_H0_N300_P4_RESERVE_seed018,P4_RESERVE,H0,300,18,3,1972.5072772306353
8Y_H0_N300_P4_RESERVE_seed018,P4_RESERVE,H0,300,18,4,217.2266677197922
8Y_H0_N300_P4_RESERVE_seed018,P4_RESERVE,H0,300,18,5,1790.5005811657966
8Y_H0_N300_P4_RESERVE_seed018,P4_RESERVE,H0,300,18,6,297.2812570272181
8Y_H0_N300_P4_RESERVE_seed018,P4_RESERVE,H0,300,18,7,1563.9142348056102
8Y_H0_N300_POW_seed019,POW,H0,300,19,1,1452.2778683834701
8Y_H0_N300_POW_seed019,POW,H0,300,19,2,275.82559807153825
8Y_H0_N300_POW_seed019,POW,H0,300,19,3,958.1986481116132
8Y_H0_N300_POW_seed019,POW,H0,300,19,4,520.1189758176383
8Y_H0_N300_POW_seed019,POW,H0,300,19,5,627.2341871432736
8Y_H0_N300_POW_seed019,POW,H0,300,19,6,1235.9865561099527
8Y_H0_N300_POW_seed019,POW,H0,300,19,7,22.65221809214563
8Y_H0_N300_POW_seed019,POW,H0,300,19,8,1219.1815417582702
8Y_H0_N300_POW_seed019,POW,H0,300,19,9,1240.7479617271101
8Y_H0_N300_POW_seed019,POW,H0,300,19,10,14.409616923986505
8Y_H0_N300_POW_seed019,POW,H0,300,19,11,531.4066935652636
8Y_H0_N300_POW_seed019,POW,H0,300,19,12,895.770329287303
8Y_H0_N300_P0_ALL_seed019,P0_ALL,H0,300,19,1,1455.7413958017821
8Y_H0_N300_P0_ALL_seed019,P0_ALL,H0,300,19,2,275.82559807153825
8Y_H0_N300_P0_ALL_seed019,P0_ALL,H0,300,19,3,961.2587074147741
8Y_H0_N300_P0_ALL_seed019,P0_ALL,H0,300,19,4,520.1189758176383
8Y_H0_N300_P0_ALL_seed019,P0_ALL,H0,300,19,5,630.7417741852842
8Y_H0_N300_P0_ALL_seed019,P0_ALL,H0,300,19,6,1241.7561827264453
8Y_H0_N300_P0_ALL_seed019,P0_ALL,H0,300,19,7,22.65221809214563
8Y_H0_N300_P0_ALL_seed019,P0_ALL,H0,300,19,8,1226.7992786630684
8Y_H0_N300_P0_ALL_seed019,P0_ALL,H0,300,19,9,1246.1828066706867
8Y_H0_N300_P0_ALL_seed019,P0_ALL,H0,300,19,10,14.409616923986505
8Y_H0_N300_P0_ALL_seed019,P0_ALL,H0,300,19,11,531.4066935652636
8Y_H0_N300_P0_ALL_seed019,P0_ALL,H0,300,19,12,898.9282718979966
8Y_H0_N300_P3_ENERGY_seed019,P3_ENERGY,H0,300,19,1,1455.5149355353617
8Y_H0_N300_P3_ENERGY_seed019,P3_ENERGY,H0,300,19,2,275.82559807153825
8Y_H0_N300_P3_ENERGY_seed019,P3_ENERGY,H0,300,19,3,1727.1020107217528
8Y_H0_N300_P3_ENERGY_seed019,P3_ENERGY,H0,300,19,4,2445.7084879019785
8Y_H0_N300_P3_ENERGY_seed019,P3_ENERGY,H0,300,19,5,560.4213460641095
8Y_H0_N300_P3_ENERGY_seed019,P3_ENERGY,H0,300,19,6,1789.686124393249
8Y_H0_N300_P3_ENERGY_seed019,P3_ENERGY,H0,300,19,7,1244.5382798874834
8Y_H0_N300_P3_ENERGY_seed019,P3_ENERGY,H0,300,19,8,15.13481990665423
8Y_H0_N300_P4_RESERVE_seed019,P4_RESERVE,H0,300,19,1,2365.741395801782
8Y_H0_N300_P4_RESERVE_seed019,P4_RESERVE,H0,300,19,2,275.8255980715385
8Y_H0_N300_P4_RESERVE_seed019,P4_RESERVE,H0,300,19,3,2472.5255256185833
8Y_H0_N300_P4_RESERVE_seed019,P4_RESERVE,H0,300,19,4,2140.0448682053157
8Y_H0_N300_P4_RESERVE_seed019,P4_RESERVE,H0,300,19,5,1546.272044281388
8Y_H0_N300_P4_RESERVE_seed019,P4_RESERVE,H0,300,19,6,561.9698332996959
8Y_H0_N300_P4_RESERVE_seed019,P4_RESERVE,H0,300,19,7,332.52784642974257
8Y_H0_N300_POW_seed020,POW,H0,300,20,1,2220.0177111250778
8Y_H0_N300_POW_seed020,POW,H0,300,20,2,584.9607033400571
8Y_H0_N300_POW_seed020,POW,H0,300,20,3,688.8797251475025
8Y_H0_N300_POW_seed020,POW,H0,300,20,4,159.73355427972183
8Y_H0_N300_POW_seed020,POW,H0,300,20,5,1416.8623220241934
8Y_H0_N300_POW_seed020,POW,H0,300,20,6,5.432446947803328
8Y_H0_N300_POW_seed020,POW,H0,300,20,7,1283.9207228414589
8Y_H0_N300_POW_seed020,POW,H0,300,20,8,206.05514882189073
8Y_H0_N300_POW_seed020,POW,H0,300,20,9,309.2192985324491
8Y_H0_N300_POW_seed020,POW,H0,300,20,10,265.8405408165172
8Y_H0_N300_POW_seed020,POW,H0,300,20,11,1116.4945549461481
8Y_H0_N300_POW_seed020,POW,H0,300,20,12,57.66976347590389
8Y_H0_N300_POW_seed020,POW,H0,300,20,13,996.0945152493387
8Y_H0_N300_POW_seed020,POW,H0,300,20,14,264.512712280266
8Y_H0_N300_POW_seed020,POW,H0,300,20,15,228.73834081792484
8Y_H0_N300_POW_seed020,POW,H0,300,20,16,135.56845541973962
8Y_H0_N300_P0_ALL_seed020,P0_ALL,H0,300,20,1,2225.523783351432
8Y_H0_N300_P0_ALL_seed020,P0_ALL,H0,300,20,2,584.9607033400571
8Y_H0_N300_P0_ALL_seed020,P0_ALL,H0,300,20,3,691.2527561308884
8Y_H0_N300_P0_ALL_seed020,P0_ALL,H0,300,20,4,159.73355427972183
8Y_H0_N300_P0_ALL_seed020,P0_ALL,H0,300,20,5,1422.0327740805146
8Y_H0_N300_P0_ALL_seed020,P0_ALL,H0,300,20,6,5.432446947803328
8Y_H0_N300_P0_ALL_seed020,P0_ALL,H0,300,20,7,1286.505740866468
8Y_H0_N300_P0_ALL_seed020,P0_ALL,H0,300,20,8,206.05514882189073
8Y_H0_N300_P0_ALL_seed020,P0_ALL,H0,300,20,9,309.2192985324491
8Y_H0_N300_P0_ALL_seed020,P0_ALL,H0,300,20,10,265.8405408165172
8Y_H0_N300_P0_ALL_seed020,P0_ALL,H0,300,20,11,1120.24327651157
8Y_H0_N300_P0_ALL_seed020,P0_ALL,H0,300,20,12,57.66976347590389
8Y_H0_N300_P0_ALL_seed020,P0_ALL,H0,300,20,13,999.5985062985856
8Y_H0_N300_P0_ALL_seed020,P0_ALL,H0,300,20,14,264.512712280266
8Y_H0_N300_P0_ALL_seed020,P0_ALL,H0,300,20,15,228.73834081792484
8Y_H0_N300_P0_ALL_seed020,P0_ALL,H0,300,20,16,135.56845541973962
8Y_H0_N300_P3_ENERGY_seed020,P3_ENERGY,H0,300,20,1,2225.2564682691504
8Y_H0_N300_P3_ENERGY_seed020,P3_ENERGY,H0,300,20,2,584.9607033400566
8Y_H0_N300_P3_ENERGY_seed020,P3_ENERGY,H0,300,20,3,3229.5115929302656
8Y_H0_N300_P3_ENERGY_seed020,P3_ENERGY,H0,300,20,4,5.714942209067885
8Y_H0_N300_P3_ENERGY_seed020,P3_ENERGY,H0,300,20,5,1286.3561246539448
8Y_H0_N300_P3_ENERGY_seed020,P3_ENERGY,H0,300,20,6,206.07916021197616
8Y_H0_N300_P3_ENERGY_seed020,P3_ENERGY,H0,300,20,7,309.2405074629478
8Y_H0_N300_P3_ENERGY_seed020,P3_ENERGY,H0,300,20,8,264.579926346456
8Y_H0_N300_P4_RESERVE_seed020,P4_RESERVE,H0,300,20,1,3135.5237833514316
8Y_H0_N300_P4_RESERVE_seed020,P4_RESERVE,H0,300,20,2,584.9607033400566
8Y_H0_N300_P4_RESERVE_seed020,P4_RESERVE,H0,300,20,3,2200.8484202677
8Y_H0_N300_P4_RESERVE_seed020,P4_RESERVE,H0,300,20,4,2329.300110487643
8Y_H0_N300_P4_RESERVE_seed020,P4_RESERVE,H0,300,20,5,5.48229903155152
8Y_H0_N300_POW_seed021,POW,H0,300,21,1,621.1477004283123
8Y_H0_N300_POW_seed021,POW,H0,300,21,2,537.3102964532428
8Y_H0_N300_POW_seed021,POW,H0,300,21,3,253.76893251845058
8Y_H0_N300_POW_seed021,POW,H0,300,21,4,523.9551693983208
8Y_H0_N300_POW_seed021,POW,H0,300,21,5,54.978361378362024
8Y_H0_N300_POW_seed021,POW,H0,300,21,6,129.39138271269712
8Y_H0_N300_POW_seed021,POW,H0,300,21,7,110.47854366983665
8Y_H0_N300_POW_seed021,POW,H0,300,21,8,1980.0758189828703
8Y_H0_N300_POW_seed021,POW,H0,300,21,9,582.0649243775297
8Y_H0_N300_POW_seed021,POW,H0,300,21,10,53.60542550363334
8Y_H0_N300_POW_seed021,POW,H0,300,21,11,47.46242480191722
8Y_H0_N300_POW_seed021,POW,H0,300,21,12,861.3380967875582
8Y_H0_N300_POW_seed021,POW,H0,300,21,13,167.46466170806616
8Y_H0_N300_POW_seed021,POW,H0,300,21,14,613.8427285527086
8Y_H0_N300_POW_seed021,POW,H0,300,21,15,115.53047857138063
8Y_H0_N300_POW_seed021,POW,H0,300,21,16,862.4709480194779
8Y_H0_N300_POW_seed021,POW,H0,300,21,17,2249.1851477974706
8Y_H0_N300_P0_ALL_seed021,P0_ALL,H0,300,21,1,622.0821345102042
8Y_H0_N300_P0_ALL_seed021,P0_ALL,H0,300,21,2,537.3102964532429
8Y_H0_N300_P0_ALL_seed021,P0_ALL,H0,300,21,3,253.76893251845058
8Y_H0_N300_P0_ALL_seed021,P0_ALL,H0,300,21,4,523.9551693983208
8Y_H0_N300_P0_ALL_seed021,P0_ALL,H0,300,21,5,54.978361378362024
8Y_H0_N300_P0_ALL_seed021,P0_ALL,H0,300,21,6,129.39138271269712
8Y_H0_N300_P0_ALL_seed021,P0_ALL,H0,300,21,7,110.47854366983665
8Y_H0_N300_P0_ALL_seed021,P0_ALL,H0,300,21,8,1987.0840519585304
8Y_H0_N300_P0_ALL_seed021,P0_ALL,H0,300,21,9,582.0649243775297
8Y_H0_N300_P0_ALL_seed021,P0_ALL,H0,300,21,10,53.60542550363334
8Y_H0_N300_P0_ALL_seed021,P0_ALL,H0,300,21,11,47.46242480191722
8Y_H0_N300_P0_ALL_seed021,P0_ALL,H0,300,21,12,864.3913917680038
8Y_H0_N300_P0_ALL_seed021,P0_ALL,H0,300,21,13,167.46466170806616
8Y_H0_N300_P0_ALL_seed021,P0_ALL,H0,300,21,14,615.8761687455435
8Y_H0_N300_P0_ALL_seed021,P0_ALL,H0,300,21,15,115.53047857138063
8Y_H0_N300_P0_ALL_seed021,P0_ALL,H0,300,21,16,865.6699759960602
8Y_H0_N300_P0_ALL_seed021,P0_ALL,H0,300,21,17,2257.8154543818837
8Y_H0_N300_P3_ENERGY_seed021,P3_ENERGY,H0,300,21,1,1739.4590116528948
8Y_H0_N300_P3_ENERGY_seed021,P3_ENERGY,H0,300,21,2,256.49678360849
8Y_H0_N300_P3_ENERGY_seed021,P3_ENERGY,H0,300,21,3,658.1003839687494
8Y_H0_N300_P3_ENERGY_seed021,P3_ENERGY,H0,300,21,4,129.32545720660573
8Y_H0_N300_P3_ENERGY_seed021,P3_ENERGY,H0,300,21,5,2590.2112787374986
8Y_H0_N300_P3_ENERGY_seed021,P3_ENERGY,H0,300,21,6,582.8379777859736
8Y_H0_N300_P3_ENERGY_seed021,P3_ENERGY,H0,300,21,7,53.64444844508125
8Y_H0_N300_P3_ENERGY_seed021,P3_ENERGY,H0,300,21,8,47.34290331255761
8Y_H0_N300_P3_ENERGY_seed021,P3_ENERGY,H0,300,21,9,1103.6082527851286
8Y_H0_N300_P3_ENERGY_seed021,P3_ENERGY,H0,300,21,10,345.7983099527519
8Y_H0_N300_P4_RESERVE_seed021,P4_RESERVE,H0,300,21,1,1532.082134510204
8Y_H0_N300_P4_RESERVE_seed021,P4_RESERVE,H0,300,21,2,537.3102964532427
8Y_H0_N300_P4_RESERVE_seed021,P4_RESERVE,H0,300,21,3,257.0140549672983
8Y_H0_N300_P4_RESERVE_seed021,P4_RESERVE,H0,300,21,4,1564.9278525584527
8Y_H0_N300_P4_RESERVE_seed021,P4_RESERVE,H0,300,21,5,129.46130398419064
8Y_H0_N300_P4_RESERVE_seed021,P4_RESERVE,H0,300,21,6,1432.3854540230477
8Y_H0_N300_P4_RESERVE_seed021,P4_RESERVE,H0,300,21,7,758.1477340792771
8Y_H0_N300_P4_RESERVE_seed021,P4_RESERVE,H0,300,21,8,1943.6013042292243
8Y_H0_N300_P4_RESERVE_seed021,P4_RESERVE,H0,300,21,9,179.71871461631054
8Y_H0_N300_P4_RESERVE_seed021,P4_RESERVE,H0,300,21,10,582.6413939623708
8Y_H0_N300_P4_RESERVE_seed021,P4_RESERVE,H0,300,21,11,54.005773770970336
8Y_H0_N300_P4_RESERVE_seed021,P4_RESERVE,H0,300,21,12,47.16145108048295
8Y_H0_N300_POW_seed022,POW,H0,300,22,1,257.08947296244577
8Y_H0_N300_POW_seed022,POW,H0,300,22,2,250.04883852337622
8Y_H0_N300_POW_seed022,POW,H0,300,22,3,387.65440383527925
8Y_H0_N300_POW_seed022,POW,H0,300,22,4,328.80016477532354
8Y_H0_N300_POW_seed022,POW,H0,300,22,5,714.6249247381822
8Y_H0_N300_POW_seed022,POW,H0,300,22,6,89.75049869271675
8Y_H0_N300_POW_seed022,POW,H0,300,22,7,167.14008061952063
8Y_H0_N300_POW_seed022,POW,H0,300,22,8,870.8516878589153
8Y_H0_N300_POW_seed022,POW,H0,300,22,9,412.4781381299399
8Y_H0_N300_POW_seed022,POW,H0,300,22,10,1190.984023576384
8Y_H0_N300_POW_seed022,POW,H0,300,22,11,1584.5740879474688
8Y_H0_N300_POW_seed022,POW,H0,300,22,12,396.3673302797524
8Y_H0_N300_POW_seed022,POW,H0,300,22,13,524.3528250309419
8Y_H0_N300_POW_seed022,POW,H0,300,22,14,128.2470384490298
8Y_H0_N300_POW_seed022,POW,H0,300,22,15,206.1415254713329
8Y_H0_N300_P0_ALL_seed022,P0_ALL,H0,300,22,1,257.08947296244577
8Y_H0_N300_P0_ALL_seed022,P0_ALL,H0,300,22,2,250.04883852337622
8Y_H0_N300_P0_ALL_seed022,P0_ALL,H0,300,22,3,387.65440383527925
8Y_H0_N300_P0_ALL_seed022,P0_ALL,H0,300,22,4,328.80016477532354
8Y_H0_N300_P0_ALL_seed022,P0_ALL,H0,300,22,5,717.5217939231304
8Y_H0_N300_P0_ALL_seed022,P0_ALL,H0,300,22,6,89.75049869271675
8Y_H0_N300_P0_ALL_seed022,P0_ALL,H0,300,22,7,167.14008061952063
8Y_H0_N300_P0_ALL_seed022,P0_ALL,H0,300,22,8,873.2998353256744
8Y_H0_N300_P0_ALL_seed022,P0_ALL,H0,300,22,9,412.47813812993945
8Y_H0_N300_P0_ALL_seed022,P0_ALL,H0,300,22,10,1192.2033051442977
8Y_H0_N300_P0_ALL_seed022,P0_ALL,H0,300,22,11,1588.5272325672086
8Y_H0_N300_P0_ALL_seed022,P0_ALL,H0,300,22,12,396.3673302797524
8Y_H0_N300_P0_ALL_seed022,P0_ALL,H0,300,22,13,524.3528250309419
8Y_H0_N300_P0_ALL_seed022,P0_ALL,H0,300,22,14,128.2470384490298
8Y_H0_N300_P0_ALL_seed022,P0_ALL,H0,300,22,15,206.1415254713329
8Y_H0_N300_P3_ENERGY_seed022,P3_ENERGY,H0,300,22,1,257.08947296244577
8Y_H0_N300_P3_ENERGY_seed022,P3_ENERGY,H0,300,22,2,250.04883852337622
8Y_H0_N300_P3_ENERGY_seed022,P3_ENERGY,H0,300,22,3,387.65440383527925
8Y_H0_N300_P3_ENERGY_seed022,P3_ENERGY,H0,300,22,4,367.6414624497338
8Y_H0_N300_P3_ENERGY_seed022,P3_ENERGY,H0,300,22,5,1143.6157294677896
8Y_H0_N300_P3_ENERGY_seed022,P3_ENERGY,H0,300,22,6,2079.6870863018157
8Y_H0_N300_P3_ENERGY_seed022,P3_ENERGY,H0,300,22,7,412.48397044030753
8Y_H0_N300_P3_ENERGY_seed022,P3_ENERGY,H0,300,22,8,1193.279924016656
8Y_H0_N300_P3_ENERGY_seed022,P3_ENERGY,H0,300,22,9,1589.1512891610255
8Y_H0_N300_P3_ENERGY_seed022,P3_ENERGY,H0,300,22,10,1333.6214368155315
8Y_H0_N300_P3_ENERGY_seed022,P3_ENERGY,H0,300,22,11,206.30426739062023
8Y_H0_N300_P4_RESERVE_seed022,P4_RESERVE,H0,300,22,1,257.08947296244577
8Y_H0_N300_P4_RESERVE_seed022,P4_RESERVE,H0,300,22,2,250.04883852337622
8Y_H0_N300_P4_RESERVE_seed022,P4_RESERVE,H0,300,22,3,387.65440383527925
8Y_H0_N300_P4_RESERVE_seed022,P4_RESERVE,H0,300,22,4,367.6414624497338
8Y_H0_N300_P4_RESERVE_seed022,P4_RESERVE,H0,300,22,5,2050.705085468421
8Y_H0_N300_P4_RESERVE_seed022,P4_RESERVE,H0,300,22,6,1752.5726396777209
8Y_H0_N300_P4_RESERVE_seed022,P4_RESERVE,H0,300,22,7,399.595421358541
8Y_H0_N300_P4_RESERVE_seed022,P4_RESERVE,H0,300,22,8,270.8516878589153
8Y_H0_N300_P4_RESERVE_seed022,P4_RESERVE,H0,300,22,9,412.4781381299399
8Y_H0_N300_P4_RESERVE_seed022,P4_RESERVE,H0,300,22,10,1624.6305684576464
8Y_H0_N300_POW_seed023,POW,H0,300,23,1,264.85348221025544
8Y_H0_N300_POW_seed023,POW,H0,300,23,2,445.93625736954374
8Y_H0_N300_POW_seed023,POW,H0,300,23,3,80.93476203252658
8Y_H0_N300_POW_seed023,POW,H0,300,23,4,1816.7649723845552
8Y_H0_N300_POW_seed023,POW,H0,300,23,5,441.61335437296066
8Y_H0_N300_POW_seed023,POW,H0,300,23,6,356.49383057235036
8Y_H0_N300_POW_seed023,POW,H0,300,23,7,477.3976924727667
8Y_H0_N300_POW_seed023,POW,H0,300,23,8,605.2844462872295
8Y_H0_N300_POW_seed023,POW,H0,300,23,9,867.0371377391384
8Y_H0_N300_POW_seed023,POW,H0,300,23,10,25.258567361499445
8Y_H0_N300_POW_seed023,POW,H0,300,23,11,354.6246512758289
8Y_H0_N300_POW_seed023,POW,H0,300,23,12,738.6389401145334
8Y_H0_N300_POW_seed023,POW,H0,300,23,13,515.7953003794519
8Y_H0_N300_POW_seed023,POW,H0,300,23,14,781.2992632891792
8Y_H0_N300_POW_seed023,POW,H0,300,23,15,175.27567415385693
8Y_H0_N300_POW_seed023,POW,H0,300,23,16,222.52813045120365
8Y_H0_N300_POW_seed023,POW,H0,300,23,17,894.9883407937696
8Y_H0_N300_P0_ALL_seed023,P0_ALL,H0,300,23,1,264.85348221025544
8Y_H0_N300_P0_ALL_seed023,P0_ALL,H0,300,23,2,445.93625736954374
8Y_H0_N300_P0_ALL_seed023,P0_ALL,H0,300,23,3,80.93476203252658
8Y_H0_N300_P0_ALL_seed023,P0_ALL,H0,300,23,4,1824.2029094758118
8Y_H0_N300_P0_ALL_seed023,P0_ALL,H0,300,23,5,441.61335437296066
8Y_H0_N300_P0_ALL_seed023,P0_ALL,H0,300,23,6,356.49383057235036
8Y_H0_N300_P0_ALL_seed023,P0_ALL,H0,300,23,7,477.3976924727667
8Y_H0_N300_P0_ALL_seed023,P0_ALL,H0,300,23,8,607.8908871349881
8Y_H0_N300_P0_ALL_seed023,P0_ALL,H0,300,23,9,869.6060939165036
8Y_H0_N300_P0_ALL_seed023,P0_ALL,H0,300,23,10,25.258567361499445
8Y_H0_N300_P0_ALL_seed023,P0_ALL,H0,300,23,11,354.6246512758289
8Y_H0_N300_P0_ALL_seed023,P0_ALL,H0,300,23,12,740.9242421542031
8Y_H0_N300_P0_ALL_seed023,P0_ALL,H0,300,23,13,515.7953003794519
8Y_H0_N300_P0_ALL_seed023,P0_ALL,H0,300,23,14,783.7286583520254
8Y_H0_N300_P0_ALL_seed023,P0_ALL,H0,300,23,15,175.27567415385693
8Y_H0_N300_P0_ALL_seed023,P0_ALL,H0,300,23,16,222.52813045120365
8Y_H0_N300_P0_ALL_seed023,P0_ALL,H0,300,23,17,897.51468942056
8Y_H0_N300_P3_ENERGY_seed023,P3_ENERGY,H0,300,23,1,264.85348221025544
8Y_H0_N300_P3_ENERGY_seed023,P3_ENERGY,H0,300,23,2,445.93625736954374
8Y_H0_N300_P3_ENERGY_seed023,P3_ENERGY,H0,300,23,3,80.93476203252658
8Y_H0_N300_P3_ENERGY_seed023,P3_ENERGY,H0,300,23,4,1824.2029094758118
8Y_H0_N300_P3_ENERGY_seed023,P3_ENERGY,H0,300,23,5,441.61335437296066
8Y_H0_N300_P3_ENERGY_seed023,P3_ENERGY,H0,300,23,6,356.49383057235036
8Y_H0_N300_P3_ENERGY_seed023,P3_ENERGY,H0,300,23,7,477.3976924727667
8Y_H0_N300_P3_ENERGY_seed023,P3_ENERGY,H0,300,23,8,607.8908871349881
8Y_H0_N300_P3_ENERGY_seed023,P3_ENERGY,H0,300,23,9,869.6060939165036
8Y_H0_N300_P3_ENERGY_seed023,P3_ENERGY,H0,300,23,10,520.6760532956841
8Y_H0_N300_P3_ENERGY_seed023,P3_ENERGY,H0,300,23,11,1342.5052599340179
8Y_H0_N300_P3_ENERGY_seed023,P3_ENERGY,H0,300,23,12,515.9167755485914
8Y_H0_N300_P3_ENERGY_seed023,P3_ENERGY,H0,300,23,13,783.5573784795733
8Y_H0_N300_P3_ENERGY_seed023,P3_ENERGY,H0,300,23,14,174.8260724051579
8Y_H0_N300_P3_ENERGY_seed023,P3_ENERGY,H0,300,23,15,222.90563894235493
8Y_H0_N300_P3_ENERGY_seed023,P3_ENERGY,H0,300,23,16,897.1944058670724
8Y_H0_N300_P4_RESERVE_seed023,P4_RESERVE,H0,300,23,1,264.85348221025544
8Y_H0_N300_P4_RESERVE_seed023,P4_RESERVE,H0,300,23,2,445.93625736954374
8Y_H0_N300_P4_RESERVE_seed023,P4_RESERVE,H0,300,23,3,80.93476203252658
8Y_H0_N300_P4_RESERVE_seed023,P4_RESERVE,H0,300,23,4,2502.451895106464
8Y_H0_N300_P4_RESERVE_seed023,P4_RESERVE,H0,300,23,5,16.49394683486298
8Y_H0_N300_P4_RESERVE_seed023,P4_RESERVE,H0,300,23,6,439.7347763049238
8Y_H0_N300_P4_RESERVE_seed023,P4_RESERVE,H0,300,23,7,356.5571443915801
8Y_H0_N300_P4_RESERVE_seed023,P4_RESERVE,H0,300,23,8,477.4420383919887
8Y_H0_N300_P4_RESERVE_seed023,P4_RESERVE,H0,300,23,9,1515.8696875030964
8Y_H0_N300_P4_RESERVE_seed023,P4_RESERVE,H0,300,23,10,1776.924665256195
8Y_H0_N300_P4_RESERVE_seed023,P4_RESERVE,H0,300,23,11,520.6186265720607
8Y_H0_N300_POW_seed024,POW,H0,300,24,1,1086.2552172849278
8Y_H0_N300_POW_seed024,POW,H0,300,24,2,293.9281491667234
8Y_H0_N300_POW_seed024,POW,H0,300,24,3,432.50363056471724
8Y_H0_N300_POW_seed024,POW,H0,300,24,4,292.08758310067196
8Y_H0_N300_POW_seed024,POW,H0,300,24,5,249.78972594605966
8Y_H0_N300_POW_seed024,POW,H0,300,24,6,594.9483859321053
8Y_H0_N300_POW_seed024,POW,H0,300,24,7,1640.5870117187742
8Y_H0_N300_POW_seed024,POW,H0,300,24,8,84.73573847767602
8Y_H0_N300_POW_seed024,POW,H0,300,24,9,44.14653021324011
8Y_H0_N300_POW_seed024,POW,H0,300,24,10,255.8368843496828
8Y_H0_N300_POW_seed024,POW,H0,300,24,11,474.81150520999927
8Y_H0_N300_POW_seed024,POW,H0,300,24,12,1897.8417163661834
8Y_H0_N300_POW_seed024,POW,H0,300,24,13,214.52758134021042
8Y_H0_N300_POW_seed024,POW,H0,300,24,14,299.55844969243026
8Y_H0_N300_POW_seed024,POW,H0,300,24,15,523.1951284410216
8Y_H0_N300_P0_ALL_seed024,P0_ALL,H0,300,24,1,1086.6449822247705
8Y_H0_N300_P0_ALL_seed024,P0_ALL,H0,300,24,2,293.9281491667234
8Y_H0_N300_P0_ALL_seed024,P0_ALL,H0,300,24,3,432.50363056471724
8Y_H0_N300_P0_ALL_seed024,P0_ALL,H0,300,24,4,292.08758310067196
8Y_H0_N300_P0_ALL_seed024,P0_ALL,H0,300,24,5,249.78972594605966
8Y_H0_N300_P0_ALL_seed024,P0_ALL,H0,300,24,6,594.9483859321049
8Y_H0_N300_P0_ALL_seed024,P0_ALL,H0,300,24,7,1645.5736085031976
8Y_H0_N300_P0_ALL_seed024,P0_ALL,H0,300,24,8,84.73573847767602
8Y_H0_N300_P0_ALL_seed024,P0_ALL,H0,300,24,9,44.14653021324011
8Y_H0_N300_P0_ALL_seed024,P0_ALL,H0,300,24,10,255.8368843496828
8Y_H0_N300_P0_ALL_seed024,P0_ALL,H0,300,24,11,474.81150520999927
8Y_H0_N300_P0_ALL_seed024,P0_ALL,H0,300,24,12,1905.954032933054
8Y_H0_N300_P0_ALL_seed024,P0_ALL,H0,300,24,13,214.52758134021042
8Y_H0_N300_P0_ALL_seed024,P0_ALL,H0,300,24,14,299.55844969243026
8Y_H0_N300_P0_ALL_seed024,P0_ALL,H0,300,24,15,523.1951284410216
8Y_H0_N300_P3_ENERGY_seed024,P3_ENERGY,H0,300,24,1,3259.0876141360923
8Y_H0_N300_P3_ENERGY_seed024,P3_ENERGY,H0,300,24,2,593.4623357190003
8Y_H0_N300_P3_ENERGY_seed024,P3_ENERGY,H0,300,24,3,1891.0849258129883
8Y_H0_N300_P3_ENERGY_seed024,P3_ENERGY,H0,300,24,4,183.2774058337709
8Y_H0_N300_P3_ENERGY_seed024,P3_ENERGY,H0,300,24,5,3830.4079719065785
8Y_H0_N300_P4_RESERVE_seed024,P4_RESERVE,H0,300,24,1,1996.6449822247705
8Y_H0_N300_P4_RESERVE_seed024,P4_RESERVE,H0,300,24,2,603.8533266896484
8Y_H0_N300_P4_RESERVE_seed024,P4_RESERVE,H0,300,24,3,1801.7158487278466
8Y_H0_N300_P4_RESERVE_seed024,P4_RESERVE,H0,300,24,4,249.82860718292795
8Y_H0_N300_P4_RESERVE_seed024,P4_RESERVE,H0,300,24,5,594.4228197022439
8Y_H0_N300_P4_RESERVE_seed024,P4_RESERVE,H0,300,24,6,2800.301130018368
8Y_H0_N300_P4_RESERVE_seed024,P4_RESERVE,H0,300,24,7,183.28690682426713
8Y_H0_N300_POW_seed025,POW,H0,300,25,1,878.8937025870513
8Y_H0_N300_POW_seed025,POW,H0,300,25,2,456.4826184905029
8Y_H0_N300_POW_seed025,POW,H0,300,25,3,251.727943787884
8Y_H0_N300_POW_seed025,POW,H0,300,25,4,325.60867896287914
8Y_H0_N300_POW_seed025,POW,H0,300,25,5,779.3943481884994
8Y_H0_N300_POW_seed025,POW,H0,300,25,6,39.260812421227456
8Y_H0_N300_POW_seed025,POW,H0,300,25,7,97.95730120771941
8Y_H0_N300_POW_seed025,POW,H0,300,25,8,237.46715177041415
8Y_H0_N300_POW_seed025,POW,H0,300,25,9,183.6277604058082
8Y_H0_N300_POW_seed025,POW,H0,300,25,10,149.67588805049763
8Y_H0_N300_POW_seed025,POW,H0,300,25,11,739.779039042548
8Y_H0_N300_POW_seed025,POW,H0,300,25,12,1297.2857415838607
8Y_H0_N300_POW_seed025,POW,H0,300,25,13,98.15891643490704
8Y_H0_N300_POW_seed025,POW,H0,300,25,14,705.518545044737
8Y_H0_N300_POW_seed025,POW,H0,300,25,15,938.4521353057717
8Y_H0_N300_POW_seed025,POW,H0,300,25,16,564.530615947614
8Y_H0_N300_POW_seed025,POW,H0,300,25,17,1786.8030234688385
8Y_H0_N300_POW_seed025,POW,H0,300,25,18,14.604292775029535
8Y_H0_N300_POW_seed025,POW,H0,300,25,19,113.85628046851889
8Y_H0_N300_POW_seed025,POW,H0,300,25,20,311.13607395723557
8Y_H0_N300_P0_ALL_seed025,P0_ALL,H0,300,25,1,878.9869894725826
8Y_H0_N300_P0_ALL_seed025,P0_ALL,H0,300,25,2,456.4826184905029
8Y_H0_N300_P0_ALL_seed025,P0_ALL,H0,300,25,3,251.727943787884
8Y_H0_N300_P0_ALL_seed025,P0_ALL,H0,300,25,4,325.60867896287914
8Y_H0_N300_P0_ALL_seed025,P0_ALL,H0,300,25,5,781.2247837237571
8Y_H0_N300_P0_ALL_seed025,P0_ALL,H0,300,25,6,39.260812421227456
8Y_H0_N300_P0_ALL_seed025,P0_ALL,H0,300,25,7,97.95730120771941
8Y_H0_N300_P0_ALL_seed025,P0_ALL,H0,300,25,8,237.46715177041415
8Y_H0_N300_P0_ALL_seed025,P0_ALL,H0,300,25,9,183.6277604058082
8Y_H0_N300_P0_ALL_seed025,P0_ALL,H0,300,25,10,149.67588805049763
8Y_H0_N300_P0_ALL_seed025,P0_ALL,H0,300,25,11,743.4726158084377
8Y_H0_N300_P0_ALL_seed025,P0_ALL,H0,300,25,12,1302.2575901098335
8Y_H0_N300_P0_ALL_seed025,P0_ALL,H0,300,25,13,98.15891643490704
8Y_H0_N300_P0_ALL_seed025,P0_ALL,H0,300,25,14,708.2757941160953
8Y_H0_N300_P0_ALL_seed025,P0_ALL,H0,300,25,15,940.8587087988763
8Y_H0_N300_P0_ALL_seed025,P0_ALL,H0,300,25,16,564.530615947614
8Y_H0_N300_P0_ALL_seed025,P0_ALL,H0,300,25,17,1792.282166322424
8Y_H0_N300_P0_ALL_seed025,P0_ALL,H0,300,25,18,14.604292775029535
8Y_H0_N300_P0_ALL_seed025,P0_ALL,H0,300,25,19,113.85628046851889
8Y_H0_N300_P0_ALL_seed025,P0_ALL,H0,300,25,20,311.13607395723557
8Y_H0_N300_P3_ENERGY_seed025,P3_ENERGY,H0,300,25,1,878.9869894725826
8Y_H0_N300_P3_ENERGY_seed025,P3_ENERGY,H0,300,25,2,853.6239054899573
8Y_H0_N300_P3_ENERGY_seed025,P3_ENERGY,H0,300,25,3,1383.4381838918353
8Y_H0_N300_P3_ENERGY_seed025,P3_ENERGY,H0,300,25,4,39.65014571395659
8Y_H0_N300_P3_ENERGY_seed025,P3_ENERGY,H0,300,25,5,97.23631948418415
8Y_H0_N300_P3_ENERGY_seed025,P3_ENERGY,H0,300,25,6,549.8108924051107
8Y_H0_N300_P3_ENERGY_seed025,P3_ENERGY,H0,300,25,7,183.5187561332532
8Y_H0_N300_P3_ENERGY_seed025,P3_ENERGY,H0,300,25,8,214.73944384189917
8Y_H0_N300_P3_ENERGY_seed025,P3_ENERGY,H0,300,25,9,742.9113604804961
8Y_H0_N300_P3_ENERGY_seed025,P3_ENERGY,H0,300,25,10,1905.4398090519608
8Y_H0_N300_P3_ENERGY_seed025,P3_ENERGY,H0,300,25,11,2167.50699460347
8Y_H0_N300_P3_ENERGY_seed025,P3_ENERGY,H0,300,25,12,564.9420366630366
8Y_H0_N300_P4_RESERVE_seed025,P4_RESERVE,H0,300,25,1,1788.9869894725825
8Y_H0_N300_P4_RESERVE_seed025,P4_RESERVE,H0,300,25,2,766.1636905691885
8Y_H0_N300_P4_RESERVE_seed025,P4_RESERVE,H0,300,25,3,251.72794378788376
8Y_H0_N300_P4_RESERVE_seed025,P4_RESERVE,H0,300,25,4,2293.0554929934965
8Y_H0_N300_P4_RESERVE_seed025,P4_RESERVE,H0,300,25,5,39.010618313571285
8Y_H0_N300_P4_RESERVE_seed025,P4_RESERVE,H0,300,25,6,97.34402176614458
8Y_H0_N300_P4_RESERVE_seed025,P4_RESERVE,H0,300,25,7,548.6704486089902
8Y_H0_N300_P4_RESERVE_seed025,P4_RESERVE,H0,300,25,8,183.38452243221946
8Y_H0_N300_P4_RESERVE_seed025,P4_RESERVE,H0,300,25,9,213.7661143296591
8Y_H0_N300_P4_RESERVE_seed025,P4_RESERVE,H0,300,25,10,1649.7775086428073
8Y_H0_N300_P4_RESERVE_seed025,P4_RESERVE,H0,300,25,11,547.3386237087716
8Y_H0_N300_POW_seed026,POW,H0,300,26,1,1372.187256613244
8Y_H0_N300_POW_seed026,POW,H0,300,26,2,747.6448724214213
8Y_H0_N300_POW_seed026,POW,H0,300,26,3,1024.9272791908206
8Y_H0_N300_POW_seed026,POW,H0,300,26,4,481.5310414596461
8Y_H0_N300_POW_seed026,POW,H0,300,26,5,962.8367044929196
8Y_H0_N300_POW_seed026,POW,H0,300,26,6,98.19252997576223
8Y_H0_N300_POW_seed026,POW,H0,300,26,7,419.050161710471
8Y_H0_N300_POW_seed026,POW,H0,300,26,8,423.86649298608427
8Y_H0_N300_POW_seed026,POW,H0,300,26,9,901.1442697463972
8Y_H0_N300_POW_seed026,POW,H0,300,26,10,34.34394430724478
8Y_H0_N300_POW_seed026,POW,H0,300,26,11,1699.6738883614526
8Y_H0_N300_POW_seed026,POW,H0,300,26,12,293.2801512191063
8Y_H0_N300_POW_seed026,POW,H0,300,26,13,1066.9760190160523
8Y_H0_N300_POW_seed026,POW,H0,300,26,14,259.85619157567817
8Y_H0_N300_P0_ALL_seed026,P0_ALL,H0,300,26,1,1374.1992521963969
8Y_H0_N300_P0_ALL_seed026,P0_ALL,H0,300,26,2,750.8908525178874
8Y_H0_N300_P0_ALL_seed026,P0_ALL,H0,300,26,3,1027.4073212529001
8Y_H0_N300_P0_ALL_seed026,P0_ALL,H0,300,26,4,481.5310414596461
8Y_H0_N300_P0_ALL_seed026,P0_ALL,H0,300,26,5,965.2621237728736
8Y_H0_N300_P0_ALL_seed026,P0_ALL,H0,300,26,6,98.19252997576223
8Y_H0_N300_P0_ALL_seed026,P0_ALL,H0,300,26,7,419.050161710471
8Y_H0_N300_P0_ALL_seed026,P0_ALL,H0,300,26,8,423.86649298608427
8Y_H0_N300_P0_ALL_seed026,P0_ALL,H0,300,26,9,904.0886036620941
8Y_H0_N300_P0_ALL_seed026,P0_ALL,H0,300,26,10,34.34394430724478
8Y_H0_N300_P0_ALL_seed026,P0_ALL,H0,300,26,11,1706.1359674949872
8Y_H0_N300_P0_ALL_seed026,P0_ALL,H0,300,26,12,293.2801512191063
8Y_H0_N300_P0_ALL_seed026,P0_ALL,H0,300,26,13,1069.2286637388315
8Y_H0_N300_P0_ALL_seed026,P0_ALL,H0,300,26,14,259.85619157567817
8Y_H0_N300_P3_ENERGY_seed026,P3_ENERGY,H0,300,26,1,1373.472741411016
8Y_H0_N300_P3_ENERGY_seed026,P3_ENERGY,H0,300,26,2,999.2139939179322
8Y_H0_N300_P3_ENERGY_seed026,P3_ENERGY,H0,300,26,3,1026.8347336812403
8Y_H0_N300_P3_ENERGY_seed026,P3_ENERGY,H0,300,26,4,1567.8936163696517
8Y_H0_N300_P3_ENERGY_seed026,P3_ENERGY,H0,300,26,5,97.72972177121483
8Y_H0_N300_P3_ENERGY_seed026,P3_ENERGY,H0,300,26,6,1026.604696679241
8Y_H0_N300_P3_ENERGY_seed026,P3_ENERGY,H0,300,26,7,1238.4758497037355
8Y_H0_N300_P3_ENERGY_seed026,P3_ENERGY,H0,300,26,8,1703.9860261948998
8Y_H0_N300_P3_ENERGY_seed026,P3_ENERGY,H0,300,26,9,502.2055120156001
8Y_H0_N300_P4_RESERVE_seed026,P4_RESERVE,H0,300,26,1,2284.1992521963975
8Y_H0_N300_P4_RESERVE_seed026,P4_RESERVE,H0,300,26,2,1658.1232029221687
8Y_H0_N300_P4_RESERVE_seed026,P4_RESERVE,H0,300,26,3,1935.122789851806
8Y_H0_N300_P4_RESERVE_seed026,P4_RESERVE,H0,300,26,4,1091.0269164306237
8Y_H0_N300_P4_RESERVE_seed026,P4_RESERVE,H0,300,26,5,1872.6332459521818
8Y_H0_N300_P4_RESERVE_seed026,P4_RESERVE,H0,300,26,6,98.19252997576223
8Y_H0_N300_P4_RESERVE_seed026,P4_RESERVE,H0,300,26,7,431.29731838767657
8Y_H0_N300_P4_RESERVE_seed026,P4_RESERVE,H0,300,26,8,423.86649298608427
8Y_H0_N300_POW_seed027,POW,H0,300,27,1,1820.9971341568935
8Y_H0_N300_POW_seed027,POW,H0,300,27,2,800.5249860311169
8Y_H0_N300_POW_seed027,POW,H0,300,27,3,210.32697325740537
8Y_H0_N300_POW_seed027,POW,H0,300,27,4,800.949314875797
8Y_H0_N300_POW_seed027,POW,H0,300,27,5,108.23460307867117
8Y_H0_N300_POW_seed027,POW,H0,300,27,6,1575.5072076001857
8Y_H0_N300_POW_seed027,POW,H0,300,27,7,493.1555048309683
8Y_H0_N300_POW_seed027,POW,H0,300,27,8,131.3570203294248
8Y_H0_N300_POW_seed027,POW,H0,300,27,9,589.7180984491833
8Y_H0_N300_POW_seed027,POW,H0,300,27,10,592.0027386034753
8Y_H0_N300_POW_seed027,POW,H0,300,27,11,886.4977036451464
8Y_H0_N300_POW_seed027,POW,H0,300,27,12,1328.2116177290036
8Y_H0_N300_POW_seed027,POW,H0,300,27,13,423.655574217526
8Y_H0_N300_P0_ALL_seed027,P0_ALL,H0,300,27,1,1825.8785565956882
8Y_H0_N300_P0_ALL_seed027,P0_ALL,H0,300,27,2,803.978005100008
8Y_H0_N300_P0_ALL_seed027,P0_ALL,H0,300,27,3,210.32697325740537
8Y_H0_N300_P0_ALL_seed027,P0_ALL,H0,300,27,4,803.7210122163287
8Y_H0_N300_P0_ALL_seed027,P0_ALL,H0,300,27,5,108.23460307867117
8Y_H0_N300_P0_ALL_seed027,P0_ALL,H0,300,27,6,1581.6989326152748
8Y_H0_N300_P0_ALL_seed027,P0_ALL,H0,300,27,7,493.1555048309683
8Y_H0_N300_P0_ALL_seed027,P0_ALL,H0,300,27,8,131.3570203294248
8Y_H0_N300_P0_ALL_seed027,P0_ALL,H0,300,27,9,589.7180984491833
8Y_H0_N300_P0_ALL_seed027,P0_ALL,H0,300,27,10,592.0027386034753
8Y_H0_N300_P0_ALL_seed027,P0_ALL,H0,300,27,11,887.4733251107373
8Y_H0_N300_P0_ALL_seed027,P0_ALL,H0,300,27,12,1333.5602466090422
8Y_H0_N300_P0_ALL_seed027,P0_ALL,H0,300,27,13,423.655574217526
8Y_H0_N300_P3_ENERGY_seed027,P3_ENERGY,H0,300,27,1,2336.701411067892
8Y_H0_N300_P3_ENERGY_seed027,P3_ENERGY,H0,300,27,2,803.9780051000084
8Y_H0_N300_P3_ENERGY_seed027,P3_ENERGY,H0,300,27,3,210.32697325740537
8Y_H0_N300_P3_ENERGY_seed027,P3_ENERGY,H0,300,27,4,1312.0013289451704
8Y_H0_N300_P3_ENERGY_seed027,P3_ENERGY,H0,300,27,5,1579.9539900068212
8Y_H0_N300_P3_ENERGY_seed027,P3_ENERGY,H0,300,27,6,733.2346913836855
8Y_H0_N300_P3_ENERGY_seed027,P3_ENERGY,H0,300,27,7,1194.1071534232206
8Y_H0_N300_P4_RESERVE_seed027,P4_RESERVE,H0,300,27,1,2735.8785565956878
8Y_H0_N300_P4_RESERVE_seed027,P4_RESERVE,H0,300,27,2,1710.513543371353
8Y_H0_N300_P4_RESERVE_seed027,P4_RESERVE,H0,300,27,3,210.32697325740537
8Y_H0_N300_P4_RESERVE_seed027,P4_RESERVE,H0,300,27,4,2220.2080514970266
8Y_H0_N300_P4_RESERVE_seed027,P4_RESERVE,H0,300,27,5,2488.135211038756
8Y_H0_N300_POW_seed028,POW,H0,300,28,1,936.9006222136184
8Y_H0_N300_POW_seed028,POW,H0,300,28,2,227.15104171376174
8Y_H0_N300_POW_seed028,POW,H0,300,28,3,368.36939448920293
8Y_H0_N300_POW_seed028,POW,H0,300,28,4,364.19066116300246
8Y_H0_N300_POW_seed028,POW,H0,300,28,5,186.4471105415014
8Y_H0_N300_POW_seed028,POW,H0,300,28,6,210.82167425175794
8Y_H0_N300_POW_seed028,POW,H0,300,28,7,687.3855529214493
8Y_H0_N300_POW_seed028,POW,H0,300,28,8,184.92492680903206
8Y_H0_N300_POW_seed028,POW,H0,300,28,9,477.43254440074224
8Y_H0_N300_POW_seed028,POW,H0,300,28,10,1328.3269356612254
8Y_H0_N300_POW_seed028,POW,H0,300,28,11,439.9508765446417
8Y_H0_N300_POW_seed028,POW,H0,300,28,12,123.69680389235236
8Y_H0_N300_POW_seed028,POW,H0,300,28,13,636.0364682066311
8Y_H0_N300_POW_seed028,POW,H0,300,28,14,48.25304512425464
8Y_H0_N300_POW_seed028,POW,H0,300,28,15,66.95882386574067
8Y_H0_N300_POW_seed028,POW,H0,300,28,16,1276.7259898991042
8Y_H0_N300_POW_seed028,POW,H0,300,28,17,445.1486015473092
8Y_H0_N300_P0_ALL_seed028,P0_ALL,H0,300,28,1,936.9208186411915
8Y_H0_N300_P0_ALL_seed028,P0_ALL,H0,300,28,2,227.15104171376174
8Y_H0_N300_P0_ALL_seed028,P0_ALL,H0,300,28,3,368.3693944892027
8Y_H0_N300_P0_ALL_seed028,P0_ALL,H0,300,28,4,364.19066116300246
8Y_H0_N300_P0_ALL_seed028,P0_ALL,H0,300,28,5,186.4471105415014
8Y_H0_N300_P0_ALL_seed028,P0_ALL,H0,300,28,6,210.82167425175794
8Y_H0_N300_P0_ALL_seed028,P0_ALL,H0,300,28,7,690.6110341202711
8Y_H0_N300_P0_ALL_seed028,P0_ALL,H0,300,28,8,184.92492680903206
8Y_H0_N300_P0_ALL_seed028,P0_ALL,H0,300,28,9,477.43254440074224
8Y_H0_N300_P0_ALL_seed028,P0_ALL,H0,300,28,10,1334.1909921871215
8Y_H0_N300_P0_ALL_seed028,P0_ALL,H0,300,28,11,439.9508765446417
8Y_H0_N300_P0_ALL_seed028,P0_ALL,H0,300,28,12,123.69680389235236
8Y_H0_N300_P0_ALL_seed028,P0_ALL,H0,300,28,13,637.7519481778063
8Y_H0_N300_P0_ALL_seed028,P0_ALL,H0,300,28,14,48.25304512425464
8Y_H0_N300_P0_ALL_seed028,P0_ALL,H0,300,28,15,66.95882386574067
8Y_H0_N300_P0_ALL_seed028,P0_ALL,H0,300,28,16,1282.9180443041705
8Y_H0_N300_P0_ALL_seed028,P0_ALL,H0,300,28,17,445.1486015473092
8Y_H0_N300_P3_ENERGY_seed028,P3_ENERGY,H0,300,28,1,936.9208186411915
8Y_H0_N300_P3_ENERGY_seed028,P3_ENERGY,H0,300,28,2,573.7542094204521
8Y_H0_N300_P3_ENERGY_seed028,P3_ENERGY,H0,300,28,3,368.3693944892027
8Y_H0_N300_P3_ENERGY_seed028,P3_ENERGY,H0,300,28,4,1414.9581757242167
8Y_H0_N300_P3_ENERGY_seed028,P3_ENERGY,H0,300,28,5,690.096150002878
8Y_H0_N300_P3_ENERGY_seed028,P3_ENERGY,H0,300,28,6,1080.0222622931024
8Y_H0_N300_P3_ENERGY_seed028,P3_ENERGY,H0,300,28,7,1334.6225308496596
8Y_H0_N300_P3_ENERGY_seed028,P3_ENERGY,H0,300,28,8,1844.8800592548814
8Y_H0_N300_P3_ENERGY_seed028,P3_ENERGY,H0,300,28,9,48.6896199595958
8Y_H0_N300_P3_ENERGY_seed028,P3_ENERGY,H0,300,28,10,66.90107262246056
8Y_H0_N300_P3_ENERGY_seed028,P3_ENERGY,H0,300,28,11,1393.7804771536012
8Y_H0_N300_P4_RESERVE_seed028,P4_RESERVE,H0,300,28,1,1846.9208186411915
8Y_H0_N300_P4_RESERVE_seed028,P4_RESERVE,H0,300,28,2,537.0707884012663
8Y_H0_N300_P4_RESERVE_seed028,P4_RESERVE,H0,300,28,3,368.36939448920293
8Y_H0_N300_P4_RESERVE_seed028,P4_RESERVE,H0,300,28,4,2323.14102768478
8Y_H0_N300_P4_RESERVE_seed028,P4_RESERVE,H0,300,28,5,1096.2365946679483
8Y_H0_N300_P4_RESERVE_seed028,P4_RESERVE,H0,300,28,6,87.22465724883477
8Y_H0_N300_P4_RESERVE_seed028,P4_RESERVE,H0,300,28,7,1987.6856129638209
8Y_H0_N300_P4_RESERVE_seed028,P4_RESERVE,H0,300,28,8,965.2034092963186
8Y_H0_N300_POW_seed029,POW,H0,300,29,1,5.601520580810675
8Y_H0_N300_POW_seed029,POW,H0,300,29,2,680.5342582022233
8Y_H0_N300_POW_seed029,POW,H0,300,29,3,326.253070047453
8Y_H0_N300_POW_seed029,POW,H0,300,29,4,108.4190588759543
8Y_H0_N300_POW_seed029,POW,H0,300,29,5,1231.505258998402
8Y_H0_N300_POW_seed029,POW,H0,300,29,6,505.7323908446924
8Y_H0_N300_POW_seed029,POW,H0,300,29,7,1442.9455739770397
8Y_H0_N300_POW_seed029,POW,H0,300,29,8,327.1230301358237
8Y_H0_N300_POW_seed029,POW,H0,300,29,9,627.3555467285005
8Y_H0_N300_POW_seed029,POW,H0,300,29,10,42.38773834834137
8Y_H0_N300_POW_seed029,POW,H0,300,29,11,1796.3226056895892
8Y_H0_N300_POW_seed029,POW,H0,300,29,12,228.6110182702123
8Y_H0_N300_POW_seed029,POW,H0,300,29,13,1243.179994920447
8Y_H0_N300_POW_seed029,POW,H0,300,29,14,202.139111279379
8Y_H0_N300_POW_seed029,POW,H0,300,29,15,31.84050502048376
8Y_H0_N300_POW_seed029,POW,H0,300,29,16,646.1696956386531
8Y_H0_N300_P0_ALL_seed029,P0_ALL,H0,300,29,1,5.601520580810675
8Y_H0_N300_P0_ALL_seed029,P0_ALL,H0,300,29,2,682.7935082916731
8Y_H0_N300_P0_ALL_seed029,P0_ALL,H0,300,29,3,326.253070047453
8Y_H0_N300_P0_ALL_seed029,P0_ALL,H0,300,29,4,108.4190588759543
8Y_H0_N300_P0_ALL_seed029,P0_ALL,H0,300,29,5,1236.2919199218977
8Y_H0_N300_P0_ALL_seed029,P0_ALL,H0,300,29,6,505.7323908446924
8Y_H0_N300_P0_ALL_seed029,P0_ALL,H0,300,29,7,1448.636032445309
8Y_H0_N300_P0_ALL_seed029,P0_ALL,H0,300,29,8,327.1230301358237
8Y_H0_N300_P0_ALL_seed029,P0_ALL,H0,300,29,9,630.1413684351437
8Y_H0_N300_P0_ALL_seed029,P0_ALL,H0,300,29,10,42.38773834834137
8Y_H0_N300_P0_ALL_seed029,P0_ALL,H0,300,29,11,1801.6730001220158
8Y_H0_N300_P0_ALL_seed029,P0_ALL,H0,300,29,12,228.6110182702114
8Y_H0_N300_P0_ALL_seed029,P0_ALL,H0,300,29,13,1248.2852373957412
8Y_H0_N300_P0_ALL_seed029,P0_ALL,H0,300,29,14,202.139111279379
8Y_H0_N300_P0_ALL_seed029,P0_ALL,H0,300,29,15,31.84050502048376
8Y_H0_N300_P0_ALL_seed029,P0_ALL,H0,300,29,16,648.4872043623291
8Y_H0_N300_P3_ENERGY_seed029,P3_ENERGY,H0,300,29,1,5.601520580810675
8Y_H0_N300_P3_ENERGY_seed029,P3_ENERGY,H0,300,29,2,2292.382620334775
8Y_H0_N300_P3_ENERGY_seed029,P3_ENERGY,H0,300,29,3,2313.7573609717324
8Y_H0_N300_P3_ENERGY_seed029,P3_ENERGY,H0,300,29,4,1526.469426462696
8Y_H0_N300_P3_ENERGY_seed029,P3_ENERGY,H0,300,29,5,327.49298801359237
8Y_H0_N300_P4_RESERVE_seed029,P4_RESERVE,H0,300,29,1,5.601520580810675
8Y_H0_N300_P4_RESERVE_seed029,P4_RESERVE,H0,300,29,2,2192.874649099843
8Y_H0_N300_P4_RESERVE_seed029,P4_RESERVE,H0,300,29,3,485.5123967972386
8Y_H0_N300_P4_RESERVE_seed029,P4_RESERVE,H0,300,29,4,417.78952342941375
8Y_H0_N300_P4_RESERVE_seed029,P4_RESERVE,H0,300,29,5,1393.3156035586262
8Y_H0_N300_P4_RESERVE_seed029,P4_RESERVE,H0,300,29,6,1021.9188451137179
8Y_H0_N300_P4_RESERVE_seed029,P4_RESERVE,H0,300,29,7,448.9708618675131
8Y_H0_N300_P4_RESERVE_seed029,P4_RESERVE,H0,300,29,8,2144.6516159894572
8Y_H0_N300_P4_RESERVE_seed029,P4_RESERVE,H0,300,29,9,327.274243520068
8Y_H0_N300_POW_seed030,POW,H0,300,30,1,233.71579374684234
8Y_H0_N300_POW_seed030,POW,H0,300,30,2,376.8011908625741
8Y_H0_N300_POW_seed030,POW,H0,300,30,3,350.5335366762191
8Y_H0_N300_POW_seed030,POW,H0,300,30,4,955.1894199457781
8Y_H0_N300_POW_seed030,POW,H0,300,30,5,289.13519325168204
8Y_H0_N300_POW_seed030,POW,H0,300,30,6,25.752798961927056
8Y_H0_N300_POW_seed030,POW,H0,300,30,7,1516.1026078087011
8Y_H0_N300_POW_seed030,POW,H0,300,30,8,166.14669540325121
8Y_H0_N300_POW_seed030,POW,H0,300,30,9,636.610835582404
8Y_H0_N300_POW_seed030,POW,H0,300,30,10,418.84267781283233
8Y_H0_N300_POW_seed030,POW,H0,300,30,11,465.5649681597024
8Y_H0_N300_POW_seed030,POW,H0,300,30,12,359.369253190217
8Y_H0_N300_POW_seed030,POW,H0,300,30,13,1812.1855475577386
8Y_H0_N300_POW_seed030,POW,H0,300,30,14,578.2070758186555
8Y_H0_N300_POW_seed030,POW,H0,300,30,15,590.6844861507498
8Y_H0_N300_POW_seed030,POW,H0,300,30,16,195.84135465218242
8Y_H0_N300_POW_seed030,POW,H0,300,30,17,633.79210870317
8Y_H0_N300_P0_ALL_seed030,P0_ALL,H0,300,30,1,233.71579374684234
8Y_H0_N300_P0_ALL_seed030,P0_ALL,H0,300,30,2,376.8011908625741
8Y_H0_N300_P0_ALL_seed030,P0_ALL,H0,300,30,3,350.5335366762191
8Y_H0_N300_P0_ALL_seed030,P0_ALL,H0,300,30,4,957.2598366519362
8Y_H0_N300_P0_ALL_seed030,P0_ALL,H0,300,30,5,289.13519325168204
8Y_H0_N300_P0_ALL_seed030,P0_ALL,H0,300,30,6,25.752798961927056
8Y_H0_N300_P0_ALL_seed030,P0_ALL,H0,300,30,7,1520.8591383316812
8Y_H0_N300_P0_ALL_seed030,P0_ALL,H0,300,30,8,166.14669540325121
8Y_H0_N300_P0_ALL_seed030,P0_ALL,H0,300,30,9,638.8661717942996
8Y_H0_N300_P0_ALL_seed030,P0_ALL,H0,300,30,10,418.84267781283233
8Y_H0_N300_P0_ALL_seed030,P0_ALL,H0,300,30,11,465.5649681597024
8Y_H0_N300_P0_ALL_seed030,P0_ALL,H0,300,30,12,359.369253190217
8Y_H0_N300_P0_ALL_seed030,P0_ALL,H0,300,30,13,1820.6299982632463
8Y_H0_N300_P0_ALL_seed030,P0_ALL,H0,300,30,14,578.2070758186555
8Y_H0_N300_P0_ALL_seed030,P0_ALL,H0,300,30,15,590.6844861507489
8Y_H0_N300_P0_ALL_seed030,P0_ALL,H0,300,30,16,195.84135465218242
8Y_H0_N300_P0_ALL_seed030,P0_ALL,H0,300,30,17,635.684591304982
8Y_H0_N300_P3_ENERGY_seed030,P3_ENERGY,H0,300,30,1,233.71579374684234
8Y_H0_N300_P3_ENERGY_seed030,P3_ENERGY,H0,300,30,2,953.3656747425291
8Y_H0_N300_P3_ENERGY_seed030,P3_ENERGY,H0,300,30,3,957.2062540543682
8Y_H0_N300_P3_ENERGY_seed030,P3_ENERGY,H0,300,30,4,289.40278121241454
8Y_H0_N300_P3_ENERGY_seed030,P3_ENERGY,H0,300,30,5,25.355289320566044
8Y_H0_N300_P3_ENERGY_seed030,P3_ENERGY,H0,300,30,6,1519.65244591394
8Y_H0_N300_P3_ENERGY_seed030,P3_ENERGY,H0,300,30,7,2262.518689894058
8Y_H0_N300_P3_ENERGY_seed030,P3_ENERGY,H0,300,30,8,595.7674992050797
8Y_H0_N300_P3_ENERGY_seed030,P3_ENERGY,H0,300,30,9,359.4795524396077
8Y_H0_N300_P3_ENERGY_seed030,P3_ENERGY,H0,300,30,10,1820.8430482909198
8Y_H0_N300_P4_RESERVE_seed030,P4_RESERVE,H0,300,30,1,233.71579374684234
8Y_H0_N300_P4_RESERVE_seed030,P4_RESERVE,H0,300,30,2,1860.4119936968214
8Y_H0_N300_P4_RESERVE_seed030,P4_RESERVE,H0,300,30,3,1864.818802544335
8Y_H0_N300_P4_RESERVE_seed030,P4_RESERVE,H0,300,30,4,289.4027812124141
8Y_H0_N300_P4_RESERVE_seed030,P4_RESERVE,H0,300,30,5,25.355289320566044
8Y_H0_N300_P4_RESERVE_seed030,P4_RESERVE,H0,300,30,6,1975.2067906890989
8Y_H0_N300_P4_RESERVE_seed030,P4_RESERVE,H0,300,30,7,316.1026078087016
8Y_H0_N300_P4_RESERVE_seed030,P4_RESERVE,H0,300,30,8,2884.5037768503325
8Y_H0_N500_POW_seed001,POW,H0,500,1,1,484.32920721286865
8Y_H0_N500_POW_seed001,POW,H0,500,1,2,364.94243939948973
8Y_H0_N500_POW_seed001,POW,H0,500,1,3,257.14833061347235
8Y_H0_N500_POW_seed001,POW,H0,500,1,4,771.0505859144289
8Y_H0_N500_POW_seed001,POW,H0,500,1,5,486.1658833673471
8Y_H0_N500_POW_seed001,POW,H0,500,1,6,751.2817782910952
8Y_H0_N500_POW_seed001,POW,H0,500,1,7,2.320556000616307
8Y_H0_N500_POW_seed001,POW,H0,500,1,8,375.6549933071419
8Y_H0_N500_POW_seed001,POW,H0,500,1,9,1380.0357346468409
8Y_H0_N500_POW_seed001,POW,H0,500,1,10,490.0136591475566
8Y_H0_N500_POW_seed001,POW,H0,500,1,11,391.6547227066103
8Y_H0_N500_P0_ALL_seed001,P0_ALL,H0,500,1,1,484.32920721286865
8Y_H0_N500_P0_ALL_seed001,P0_ALL,H0,500,1,2,364.94243939948973
8Y_H0_N500_P0_ALL_seed001,P0_ALL,H0,500,1,3,257.14833061347235
8Y_H0_N500_P0_ALL_seed001,P0_ALL,H0,500,1,4,772.6601402991428
8Y_H0_N500_P0_ALL_seed001,P0_ALL,H0,500,1,5,486.1658833673473
8Y_H0_N500_P0_ALL_seed001,P0_ALL,H0,500,1,6,753.6808843383046
8Y_H0_N500_P0_ALL_seed001,P0_ALL,H0,500,1,7,2.320556000616307
8Y_H0_N500_P0_ALL_seed001,P0_ALL,H0,500,1,8,375.6549933071419
8Y_H0_N500_P0_ALL_seed001,P0_ALL,H0,500,1,9,1385.9463479723422
8Y_H0_N500_P0_ALL_seed001,P0_ALL,H0,500,1,10,490.0136591475566
8Y_H0_N500_P0_ALL_seed001,P0_ALL,H0,500,1,11,391.6547227066103
8Y_H0_N500_P3_ENERGY_seed001,P3_ENERGY,H0,500,1,1,1140.6048253610384
8Y_H0_N500_P3_ENERGY_seed001,P3_ENERGY,H0,500,1,2,257.6505460268718
8Y_H0_N500_P3_ENERGY_seed001,P3_ENERGY,H0,500,1,3,2563.09969266722
8Y_H0_N500_P3_ENERGY_seed001,P3_ENERGY,H0,500,1,4,54.787426773995776
8Y_H0_N500_P3_ENERGY_seed001,P3_ENERGY,H0,500,1,5,375.53350508963786
8Y_H0_N500_P3_ENERGY_seed001,P3_ENERGY,H0,500,1,6,1384.6054841430323
8Y_H0_N500_P3_ENERGY_seed001,P3_ENERGY,H0,500,1,7,490.1323111180063
8Y_H0_N500_P3_ENERGY_seed001,P3_ENERGY,H0,500,1,8,392.53991772850986
8Y_H0_N500_P4_RESERVE_seed001,P4_RESERVE,H0,500,1,1,1094.3292072128686
8Y_H0_N500_P4_RESERVE_seed001,P4_RESERVE,H0,500,1,2,542.7598434734298
8Y_H0_N500_P4_RESERVE_seed001,P4_RESERVE,H0,500,1,3,257.14833061347235
8Y_H0_N500_P4_RESERVE_seed001,P4_RESERVE,H0,500,1,4,2886.682090860571
8Y_H0_N500_P4_RESERVE_seed001,P4_RESERVE,H0,500,1,5,151.33125826546166
8Y_H0_N500_P4_RESERVE_seed001,P4_RESERVE,H0,500,1,6,54.28780369371998
8Y_H0_N500_P4_RESERVE_seed001,P4_RESERVE,H0,500,1,7,375.7623157817252
8Y_H0_N500_P4_RESERVE_seed001,P4_RESERVE,H0,500,1,8,1510.89912432473
8Y_H0_N500_P4_RESERVE_seed001,P4_RESERVE,H0,500,1,9,180.03573464684087
8Y_H0_N500_P4_RESERVE_seed001,P4_RESERVE,H0,500,1,10,315.2981449158233
8Y_H0_N500_P4_RESERVE_seed001,P4_RESERVE,H0,500,1,11,391.6547227066103
8Y_H0_N500_POW_seed002,POW,H0,500,2,1,224.33827761743044
8Y_H0_N500_POW_seed002,POW,H0,500,2,2,258.8883344746805
8Y_H0_N500_POW_seed002,POW,H0,500,2,3,627.1414898101112
8Y_H0_N500_POW_seed002,POW,H0,500,2,4,547.5702242882116
8Y_H0_N500_POW_seed002,POW,H0,500,2,5,239.77952148101667
8Y_H0_N500_POW_seed002,POW,H0,500,2,6,648.5562067789926
8Y_H0_N500_POW_seed002,POW,H0,500,2,7,138.2674901411615
8Y_H0_N500_POW_seed002,POW,H0,500,2,8,2.454171910090281
8Y_H0_N500_POW_seed002,POW,H0,500,2,9,35.46935731806025
8Y_H0_N500_POW_seed002,POW,H0,500,2,10,353.67831954463963
8Y_H0_N500_POW_seed002,POW,H0,500,2,11,965.6704873294598
8Y_H0_N500_POW_seed002,POW,H0,500,2,12,973.4265785986031
8Y_H0_N500_POW_seed002,POW,H0,500,2,13,343.18180850366116
8Y_H0_N500_POW_seed002,POW,H0,500,2,14,502.05819002183125
8Y_H0_N500_POW_seed002,POW,H0,500,2,15,914.2261433705708
8Y_H0_N500_POW_seed002,POW,H0,500,2,16,686.2873423010597
8Y_H0_N500_POW_seed002,POW,H0,500,2,17,1689.531093896534
8Y_H0_N500_POW_seed002,POW,H0,500,2,18,711.6512927575695
8Y_H0_N500_P0_ALL_seed002,P0_ALL,H0,500,2,1,224.33827761743044
8Y_H0_N500_P0_ALL_seed002,P0_ALL,H0,500,2,2,258.8883344746805
8Y_H0_N500_P0_ALL_seed002,P0_ALL,H0,500,2,3,630.5323237457616
8Y_H0_N500_P0_ALL_seed002,P0_ALL,H0,500,2,4,547.5702242882116
8Y_H0_N500_P0_ALL_seed002,P0_ALL,H0,500,2,5,239.77952148101667
8Y_H0_N500_P0_ALL_seed002,P0_ALL,H0,500,2,6,651.1291588370416
8Y_H0_N500_P0_ALL_seed002,P0_ALL,H0,500,2,7,138.2674901411615
8Y_H0_N500_P0_ALL_seed002,P0_ALL,H0,500,2,8,2.454171910090281
8Y_H0_N500_P0_ALL_seed002,P0_ALL,H0,500,2,9,35.46935731806025
8Y_H0_N500_P0_ALL_seed002,P0_ALL,H0,500,2,10,353.67831954463963
8Y_H0_N500_P0_ALL_seed002,P0_ALL,H0,500,2,11,968.1324459837242
8Y_H0_N500_P0_ALL_seed002,P0_ALL,H0,500,2,12,975.8728774530973
8Y_H0_N500_P0_ALL_seed002,P0_ALL,H0,500,2,13,343.18180850366116
8Y_H0_N500_P0_ALL_seed002,P0_ALL,H0,500,2,14,502.05819002183125
8Y_H0_N500_P0_ALL_seed002,P0_ALL,H0,500,2,15,917.824684204269
8Y_H0_N500_P0_ALL_seed002,P0_ALL,H0,500,2,16,689.2381143185439
8Y_H0_N500_P0_ALL_seed002,P0_ALL,H0,500,2,17,1695.3335554541036
8Y_H0_N500_P0_ALL_seed002,P0_ALL,H0,500,2,18,713.2830159525765
8Y_H0_N500_P3_ENERGY_seed002,P3_ENERGY,H0,500,2,1,224.33827761743044
8Y_H0_N500_P3_ENERGY_seed002,P3_ENERGY,H0,500,2,2,258.8883344746805
8Y_H0_N500_P3_ENERGY_seed002,P3_ENERGY,H0,500,2,3,1752.633084258157
8Y_H0_N500_P3_ENERGY_seed002,P3_ENERGY,H0,500,2,4,239.64150196379842
8Y_H0_N500_P3_ENERGY_seed002,P3_ENERGY,H0,500,2,5,651.1972903499336
8Y_H0_N500_P3_ENERGY_seed002,P3_ENERGY,H0,500,2,6,138.09763080851553
8Y_H0_N500_P3_ENERGY_seed002,P3_ENERGY,H0,500,2,7,2.197000516840035
8Y_H0_N500_P3_ENERGY_seed002,P3_ENERGY,H0,500,2,8,35.42914757323342
8Y_H0_N500_P3_ENERGY_seed002,P3_ENERGY,H0,500,2,9,353.6517000514441
8Y_H0_N500_P3_ENERGY_seed002,P3_ENERGY,H0,500,2,10,968.6877580087385
8Y_H0_N500_P3_ENERGY_seed002,P3_ENERGY,H0,500,2,11,976.5880641805816
8Y_H0_N500_P3_ENERGY_seed002,P3_ENERGY,H0,500,2,12,343.0763158900081
8Y_H0_N500_P4_RESERVE_seed002,P4_RESERVE,H0,500,2,1,224.33827761743044
8Y_H0_N500_P4_RESERVE_seed002,P4_RESERVE,H0,500,2,2,258.8883344746805
8Y_H0_N500_P4_RESERVE_seed002,P4_RESERVE,H0,500,2,3,1859.933265800586
8Y_H0_N500_P4_RESERVE_seed002,P4_RESERVE,H0,500,2,4,547.5702242882116
8Y_H0_N500_P4_RESERVE_seed002,P4_RESERVE,H0,500,2,5,239.77952148101667
8Y_H0_N500_P4_RESERVE_seed002,P4_RESERVE,H0,500,2,6,1537.0909591432496
8Y_H0_N500_P4_RESERVE_seed002,P4_RESERVE,H0,500,2,7,138.26749014116194
8Y_H0_N500_P4_RESERVE_seed002,P4_RESERVE,H0,500,2,8,2.4541719100898263
8Y_H0_N500_P4_RESERVE_seed002,P4_RESERVE,H0,500,2,9,35.46935731806025
8Y_H0_N500_P4_RESERVE_seed002,P4_RESERVE,H0,500,2,10,353.67831954463963
8Y_H0_N500_P4_RESERVE_seed002,P4_RESERVE,H0,500,2,11,1874.813014372532
8Y_H0_N500_P4_RESERVE_seed002,P4_RESERVE,H0,500,2,12,1882.8243473347538
8Y_H0_N500_P4_RESERVE_seed002,P4_RESERVE,H0,500,2,13,343.18180850366116
8Y_H0_N500_POW_seed003,POW,H0,500,3,1,206.34149504267765
8Y_H0_N500_POW_seed003,POW,H0,500,3,2,30.59303496853005
8Y_H0_N500_POW_seed003,POW,H0,500,3,3,57.40193344372091
8Y_H0_N500_POW_seed003,POW,H0,500,3,4,97.35548051939037
8Y_H0_N500_POW_seed003,POW,H0,500,3,5,134.0119079104386
8Y_H0_N500_POW_seed003,POW,H0,500,3,6,1510.6446365822421
8Y_H0_N500_POW_seed003,POW,H0,500,3,7,685.8751564814143
8Y_H0_N500_POW_seed003,POW,H0,500,3,8,25.616419185757422
8Y_H0_N500_POW_seed003,POW,H0,500,3,9,2283.915484016582
8Y_H0_N500_POW_seed003,POW,H0,500,3,10,2140.3638738106256
8Y_H0_N500_POW_seed003,POW,H0,500,3,11,1758.2740705401047
8Y_H0_N500_P0_ALL_seed003,P0_ALL,H0,500,3,1,206.34149504267765
8Y_H0_N500_P0_ALL_seed003,P0_ALL,H0,500,3,2,30.59303496853005
8Y_H0_N500_P0_ALL_seed003,P0_ALL,H0,500,3,3,57.40193344372091
8Y_H0_N500_P0_ALL_seed003,P0_ALL,H0,500,3,4,97.35548051939037
8Y_H0_N500_P0_ALL_seed003,P0_ALL,H0,500,3,5,134.0119079104386
8Y_H0_N500_P0_ALL_seed003,P0_ALL,H0,500,3,6,1515.2594622502866
8Y_H0_N500_P0_ALL_seed003,P0_ALL,H0,500,3,7,688.8544133312939
8Y_H0_N500_P0_ALL_seed003,P0_ALL,H0,500,3,8,25.616419185757422
8Y_H0_N500_P0_ALL_seed003,P0_ALL,H0,500,3,9,2292.329201933012
8Y_H0_N500_P0_ALL_seed003,P0_ALL,H0,500,3,10,2148.08164271463
8Y_H0_N500_P0_ALL_seed003,P0_ALL,H0,500,3,11,1763.7319823232365
8Y_H0_N500_P3_ENERGY_seed003,P3_ENERGY,H0,500,3,1,206.34149504267765
8Y_H0_N500_P3_ENERGY_seed003,P3_ENERGY,H0,500,3,2,30.59303496853005
8Y_H0_N500_P3_ENERGY_seed003,P3_ENERGY,H0,500,3,3,57.40193344372091
8Y_H0_N500_P3_ENERGY_seed003,P3_ENERGY,H0,500,3,4,97.35548051939037
8Y_H0_N500_P3_ENERGY_seed003,P3_ENERGY,H0,500,3,5,134.0119079104386
8Y_H0_N500_P3_ENERGY_seed003,P3_ENERGY,H0,500,3,6,3037.4481791999856
8Y_H0_N500_P3_ENERGY_seed003,P3_ENERGY,H0,500,3,7,4557.942701567534
8Y_H0_N500_P4_RESERVE_seed003,P4_RESERVE,H0,500,3,1,206.34149504267765
8Y_H0_N500_P4_RESERVE_seed003,P4_RESERVE,H0,500,3,2,30.59303496853005
8Y_H0_N500_P4_RESERVE_seed003,P4_RESERVE,H0,500,3,3,57.40193344372091
8Y_H0_N500_P4_RESERVE_seed003,P4_RESERVE,H0,500,3,4,97.35548051939037
8Y_H0_N500_P4_RESERVE_seed003,P4_RESERVE,H0,500,3,5,134.0119079104386
8Y_H0_N500_P4_RESERVE_seed003,P4_RESERVE,H0,500,3,6,3945.2762612428805
8Y_H0_N500_P4_RESERVE_seed003,P4_RESERVE,H0,500,3,7,1820.9063371372376
8Y_H0_N500_P4_RESERVE_seed003,P4_RESERVE,H0,500,3,8,1595.2150253123918
8Y_H0_N500_POW_seed004,POW,H0,500,4,1,248.3828732913716
8Y_H0_N500_POW_seed004,POW,H0,500,4,2,1169.307365573002
8Y_H0_N500_POW_seed004,POW,H0,500,4,3,886.2877326950827
8Y_H0_N500_POW_seed004,POW,H0,500,4,4,530.3511773678633
8Y_H0_N500_POW_seed004,POW,H0,500,4,5,545.030718505599
8Y_H0_N500_POW_seed004,POW,H0,500,4,6,892.5942576796651
8Y_H0_N500_POW_seed004,POW,H0,500,4,7,17.285146644246197
8Y_H0_N500_POW_seed004,POW,H0,500,4,8,240.16840590771153
8Y_H0_N500_POW_seed004,POW,H0,500,4,9,2228.6051448586404
8Y_H0_N500_POW_seed004,POW,H0,500,4,10,632.467464730531
8Y_H0_N500_POW_seed004,POW,H0,500,4,11,1203.4100196769105
8Y_H0_N500_P0_ALL_seed004,P0_ALL,H0,500,4,1,248.3828732913716
8Y_H0_N500_P0_ALL_seed004,P0_ALL,H0,500,4,2,1172.052970689906
8Y_H0_N500_P0_ALL_seed004,P0_ALL,H0,500,4,3,890.2645035027049
8Y_H0_N500_P0_ALL_seed004,P0_ALL,H0,500,4,4,530.3511773678633
8Y_H0_N500_P0_ALL_seed004,P0_ALL,H0,500,4,5,545.030718505599
8Y_H0_N500_P0_ALL_seed004,P0_ALL,H0,500,4,6,895.282979623852
8Y_H0_N500_P0_ALL_seed004,P0_ALL,H0,500,4,7,17.285146644246197
8Y_H0_N500_P0_ALL_seed004,P0_ALL,H0,500,4,8,240.16840590771153
8Y_H0_N500_P0_ALL_seed004,P0_ALL,H0,500,4,9,2238.8714964201545
8Y_H0_N500_P0_ALL_seed004,P0_ALL,H0,500,4,10,635.4106141027696
8Y_H0_N500_P0_ALL_seed004,P0_ALL,H0,500,4,11,1208.9194622716905
8Y_H0_N500_P3_ENERGY_seed004,P3_ENERGY,H0,500,4,1,1774.532610911071
8Y_H0_N500_P3_ENERGY_seed004,P3_ENERGY,H0,500,4,2,888.8620339940903
8Y_H0_N500_P3_ENERGY_seed004,P3_ENERGY,H0,500,4,3,530.9730862019214
8Y_H0_N500_P3_ENERGY_seed004,P3_ENERGY,H0,500,4,4,543.8453893287265
8Y_H0_N500_P3_ENERGY_seed004,P3_ENERGY,H0,500,4,5,1426.2084537350893
8Y_H0_N500_P3_ENERGY_seed004,P3_ENERGY,H0,500,4,6,240.5073011201357
8Y_H0_N500_P3_ENERGY_seed004,P3_ENERGY,H0,500,4,7,2236.339145194288
8Y_H0_N500_P3_ENERGY_seed004,P3_ENERGY,H0,500,4,8,636.2524192966175
8Y_H0_N500_P3_ENERGY_seed004,P3_ENERGY,H0,500,4,9,1207.3612830240054
8Y_H0_N500_P4_RESERVE_seed004,P4_RESERVE,H0,500,4,1,697.644011193094
8Y_H0_N500_P4_RESERVE_seed004,P4_RESERVE,H0,500,4,2,2079.360597373232
8Y_H0_N500_P4_RESERVE_seed004,P4_RESERVE,H0,500,4,3,1796.2914049770516
8Y_H0_N500_P4_RESERVE_seed004,P4_RESERVE,H0,500,4,4,530.3511773678638
8Y_H0_N500_P4_RESERVE_seed004,P4_RESERVE,H0,500,4,5,545.030718505599
8Y_H0_N500_P4_RESERVE_seed004,P4_RESERVE,H0,500,4,6,2130.442086869769
8Y_H0_N500_P4_RESERVE_seed004,P4_RESERVE,H0,500,4,7,241.05609522555733
8Y_H0_N500_P4_RESERVE_seed004,P4_RESERVE,H0,500,4,8,1699.1030358078224
8Y_H0_N500_POW_seed005,POW,H0,500,5,1,49.19279409525949
8Y_H0_N500_POW_seed005,POW,H0,500,5,2,215.68788509552985
8Y_H0_N500_POW_seed005,POW,H0,500,5,3,1282.5780262791293
8Y_H0_N500_POW_seed005,POW,H0,500,5,4,523.1559120428478
8Y_H0_N500_POW_seed005,POW,H0,500,5,5,38.55873616337976
8Y_H0_N500_POW_seed005,POW,H0,500,5,6,963.9490198492431
8Y_H0_N500_POW_seed005,POW,H0,500,5,7,1114.1444858143363
8Y_H0_N500_POW_seed005,POW,H0,500,5,8,1059.9725812744118
8Y_H0_N500_POW_seed005,POW,H0,500,5,9,115.21255112874132
8Y_H0_N500_POW_seed005,POW,H0,500,5,10,522.1154285787825
8Y_H0_N500_POW_seed005,POW,H0,500,5,11,167.0588933562176
8Y_H0_N500_POW_seed005,POW,H0,500,5,12,34.495332191909256
8Y_H0_N500_POW_seed005,POW,H0,500,5,13,190.87197791897506
8Y_H0_N500_POW_seed005,POW,H0,500,5,14,393.521404071932
8Y_H0_N500_POW_seed005,POW,H0,500,5,15,875.3446492985349
8Y_H0_N500_POW_seed005,POW,H0,500,5,16,430.7066506064357
8Y_H0_N500_POW_seed005,POW,H0,500,5,17,329.4110127414333
8Y_H0_N500_POW_seed005,POW,H0,500,5,18,212.17765733899978
8Y_H0_N500_POW_seed005,POW,H0,500,5,19,1104.9723639620934
8Y_H0_N500_P0_ALL_seed005,P0_ALL,H0,500,5,1,49.19279409525949
8Y_H0_N500_P0_ALL_seed005,P0_ALL,H0,500,5,2,215.68788509552985
8Y_H0_N500_P0_ALL_seed005,P0_ALL,H0,500,5,3,1287.9598588000124
8Y_H0_N500_P0_ALL_seed005,P0_ALL,H0,500,5,4,523.1559120428478
8Y_H0_N500_P0_ALL_seed005,P0_ALL,H0,500,5,5,38.55873616337976
8Y_H0_N500_P0_ALL_seed005,P0_ALL,H0,500,5,6,966.6474087209672
8Y_H0_N500_P0_ALL_seed005,P0_ALL,H0,500,5,7,1117.2127764605443
8Y_H0_N500_P0_ALL_seed005,P0_ALL,H0,500,5,8,1062.4049258432951
8Y_H0_N500_P0_ALL_seed005,P0_ALL,H0,500,5,9,115.21255112874132
8Y_H0_N500_P0_ALL_seed005,P0_ALL,H0,500,5,10,522.1154285787825
8Y_H0_N500_P0_ALL_seed005,P0_ALL,H0,500,5,11,167.0588933562176
8Y_H0_N500_P0_ALL_seed005,P0_ALL,H0,500,5,12,34.495332191909256
8Y_H0_N500_P0_ALL_seed005,P0_ALL,H0,500,5,13,190.87197791897506
8Y_H0_N500_P0_ALL_seed005,P0_ALL,H0,500,5,14,393.521404071932
8Y_H0_N500_P0_ALL_seed005,P0_ALL,H0,500,5,15,877.2987909314816
8Y_H0_N500_P0_ALL_seed005,P0_ALL,H0,500,5,16,430.7066506064357
8Y_H0_N500_P0_ALL_seed005,P0_ALL,H0,500,5,17,329.4110127414342
8Y_H0_N500_P0_ALL_seed005,P0_ALL,H0,500,5,18,212.17765733899978
8Y_H0_N500_P0_ALL_seed005,P0_ALL,H0,500,5,19,1107.1680314934492
8Y_H0_N500_P3_ENERGY_seed005,P3_ENERGY,H0,500,5,1,49.19279409525949
8Y_H0_N500_P3_ENERGY_seed005,P3_ENERGY,H0,500,5,2,1890.909137246113
8Y_H0_N500_P3_ENERGY_seed005,P3_ENERGY,H0,500,5,3,523.0442005610369
8Y_H0_N500_P3_ENERGY_seed005,P3_ENERGY,H0,500,5,4,38.52579791540575
8Y_H0_N500_P3_ENERGY_seed005,P3_ENERGY,H0,500,5,5,966.634154313143
8Y_H0_N500_P3_ENERGY_seed005,P3_ENERGY,H0,500,5,6,1131.7851086423743
8Y_H0_N500_P3_ENERGY_seed005,P3_ENERGY,H0,500,5,7,1062.448119883892
8Y_H0_N500_P3_ENERGY_seed005,P3_ENERGY,H0,500,5,8,114.84546495163886
8Y_H0_N500_P3_ENERGY_seed005,P3_ENERGY,H0,500,5,9,521.4515043388628
8Y_H0_N500_P3_ENERGY_seed005,P3_ENERGY,H0,500,5,10,167.40762596301192
8Y_H0_N500_P3_ENERGY_seed005,P3_ENERGY,H0,500,5,11,1600.4221703326702
8Y_H0_N500_P3_ENERGY_seed005,P3_ENERGY,H0,500,5,12,1635.7203153274313
8Y_H0_N500_P4_RESERVE_seed005,P4_RESERVE,H0,500,5,1,49.19279409525949
8Y_H0_N500_P4_RESERVE_seed005,P4_RESERVE,H0,500,5,2,1726.5507598926008
8Y_H0_N500_P4_RESERVE_seed005,P4_RESERVE,H0,500,5,3,1592.5409987892776
8Y_H0_N500_P4_RESERVE_seed005,P4_RESERVE,H0,500,5,4,523.1559120428474
8Y_H0_N500_P4_RESERVE_seed005,P4_RESERVE,H0,500,5,5,38.55873616337976
8Y_H0_N500_P4_RESERVE_seed005,P4_RESERVE,H0,500,5,6,1873.9329856606528
8Y_H0_N500_P4_RESERVE_seed005,P4_RESERVE,H0,500,5,7,2038.1738527767639
8Y_H0_N500_P4_RESERVE_seed005,P4_RESERVE,H0,500,5,8,1970.1533985440346
8Y_H0_N500_P4_RESERVE_seed005,P4_RESERVE,H0,500,5,9,115.21255112874314
8Y_H0_N500_POW_seed006,POW,H0,500,6,1,669.0152727338522
8Y_H0_N500_POW_seed006,POW,H0,500,6,2,374.76520944285573
8Y_H0_N500_POW_seed006,POW,H0,500,6,3,1347.8141566393876
8Y_H0_N500_POW_seed006,POW,H0,500,6,4,87.3129667751009
8Y_H0_N500_POW_seed006,POW,H0,500,6,5,601.6865233497188
8Y_H0_N500_POW_seed006,POW,H0,500,6,6,352.9156448299623
8Y_H0_N500_POW_seed006,POW,H0,500,6,7,41.48240973773454
8Y_H0_N500_POW_seed006,POW,H0,500,6,8,63.022878845860305
8Y_H0_N500_POW_seed006,POW,H0,500,6,9,605.9568659556962
8Y_H0_N500_POW_seed006,POW,H0,500,6,10,489.5269609121415
8Y_H0_N500_POW_seed006,POW,H0,500,6,11,204.72451322587676
8Y_H0_N500_POW_seed006,POW,H0,500,6,12,262.4219948164873
8Y_H0_N500_POW_seed006,POW,H0,500,6,13,301.09415703310424
8Y_H0_N500_POW_seed006,POW,H0,500,6,14,811.3148628106946
8Y_H0_N500_POW_seed006,POW,H0,500,6,15,289.9624467880976
8Y_H0_N500_POW_seed006,POW,H0,500,6,16,290.37066288405003
8Y_H0_N500_POW_seed006,POW,H0,500,6,17,600.0729343362718
8Y_H0_N500_POW_seed006,POW,H0,500,6,18,1576.3133624335078
8Y_H0_N500_POW_seed006,POW,H0,500,6,19,430.97029041982387
8Y_H0_N500_P0_ALL_seed006,P0_ALL,H0,500,6,1,669.1533139359576
8Y_H0_N500_P0_ALL_seed006,P0_ALL,H0,500,6,2,374.76520944285585
8Y_H0_N500_P0_ALL_seed006,P0_ALL,H0,500,6,3,1352.6995658768578
8Y_H0_N500_P0_ALL_seed006,P0_ALL,H0,500,6,4,87.3129667751009
8Y_H0_N500_P0_ALL_seed006,P0_ALL,H0,500,6,5,603.7718074816503
8Y_H0_N500_P0_ALL_seed006,P0_ALL,H0,500,6,6,352.9156448299623
8Y_H0_N500_P0_ALL_seed006,P0_ALL,H0,500,6,7,41.48240973773454
8Y_H0_N500_P0_ALL_seed006,P0_ALL,H0,500,6,8,63.02287884585985
8Y_H0_N500_P0_ALL_seed006,P0_ALL,H0,500,6,9,608.827710321134
8Y_H0_N500_P0_ALL_seed006,P0_ALL,H0,500,6,10,489.5269609121415
8Y_H0_N500_P0_ALL_seed006,P0_ALL,H0,500,6,11,204.72451322587676
8Y_H0_N500_P0_ALL_seed006,P0_ALL,H0,500,6,12,262.4219948164873
8Y_H0_N500_P0_ALL_seed006,P0_ALL,H0,500,6,13,301.09415703310424
8Y_H0_N500_P0_ALL_seed006,P0_ALL,H0,500,6,14,815.1062632103076
8Y_H0_N500_P0_ALL_seed006,P0_ALL,H0,500,6,15,289.9624467880976
8Y_H0_N500_P0_ALL_seed006,P0_ALL,H0,500,6,16,290.37066288405003
8Y_H0_N500_P0_ALL_seed006,P0_ALL,H0,500,6,17,600.0729343362718
8Y_H0_N500_P0_ALL_seed006,P0_ALL,H0,500,6,18,107.26646817533947
8Y_H0_N500_P0_ALL_seed006,P0_ALL,H0,500,6,19,1583.0639304283595
8Y_H0_N500_P3_ENERGY_seed006,P3_ENERGY,H0,500,6,1,1576.9650983478214
8Y_H0_N500_P3_ENERGY_seed006,P3_ENERGY,H0,500,6,2,1656.5606973552567
8Y_H0_N500_P3_ENERGY_seed006,P3_ENERGY,H0,500,6,3,87.32711852728698
8Y_H0_N500_P3_ENERGY_seed006,P3_ENERGY,H0,500,6,4,605.8494761873089
8Y_H0_N500_P3_ENERGY_seed006,P3_ENERGY,H0,500,6,5,722.4788778025395
8Y_H0_N500_P3_ENERGY_seed006,P3_ENERGY,H0,500,6,6,62.533951430085835
8Y_H0_N500_P3_ENERGY_seed006,P3_ENERGY,H0,500,6,7,608.9421985791978
8Y_H0_N500_P3_ENERGY_seed006,P3_ENERGY,H0,500,6,8,488.7151104240238
8Y_H0_N500_P3_ENERGY_seed006,P3_ENERGY,H0,500,6,9,204.5075295248289
8Y_H0_N500_P3_ENERGY_seed006,P3_ENERGY,H0,500,6,10,507.4213960190036
8Y_H0_N500_P3_ENERGY_seed006,P3_ENERGY,H0,500,6,11,2096.5288063511016
8Y_H0_N500_P3_ENERGY_seed006,P3_ENERGY,H0,500,6,12,1202.0527976311205
8Y_H0_N500_P3_ENERGY_seed006,P3_ENERGY,H0,500,6,13,106.94957957905353
8Y_H0_N500_P4_RESERVE_seed006,P4_RESERVE,H0,500,6,1,1579.1533139359576
8Y_H0_N500_P4_RESERVE_seed006,P4_RESERVE,H0,500,6,2,374.76520944285585
8Y_H0_N500_P4_RESERVE_seed006,P4_RESERVE,H0,500,6,3,2260.204338650053
8Y_H0_N500_P4_RESERVE_seed006,P4_RESERVE,H0,500,6,4,87.3129667751009
8Y_H0_N500_P4_RESERVE_seed006,P4_RESERVE,H0,500,6,5,1511.643562091518
8Y_H0_N500_P4_RESERVE_seed006,P4_RESERVE,H0,500,6,6,661.2423437629668
8Y_H0_N500_P4_RESERVE_seed006,P4_RESERVE,H0,500,6,7,119.9004832900082
8Y_H0_N500_P4_RESERVE_seed006,P4_RESERVE,H0,500,6,8,63.02287884585985
8Y_H0_N500_P4_RESERVE_seed006,P4_RESERVE,H0,500,6,9,1516.2182964597705
8Y_H0_N500_P4_RESERVE_seed006,P4_RESERVE,H0,500,6,10,489.52696091214057
8Y_H0_N500_P4_RESERVE_seed006,P4_RESERVE,H0,500,6,11,204.72451322587585
8Y_H0_N500_P4_RESERVE_seed006,P4_RESERVE,H0,500,6,12,508.4749515113981
8Y_H0_N500_POW_seed007,POW,H0,500,7,1,10.655360790520568
8Y_H0_N500_POW_seed007,POW,H0,500,7,2,97.60741853753242
8Y_H0_N500_POW_seed007,POW,H0,500,7,3,875.2929710958904
8Y_H0_N500_POW_seed007,POW,H0,500,7,4,1782.2664347439984
8Y_H0_N500_POW_seed007,POW,H0,500,7,5,34.49943695957427
8Y_H0_N500_POW_seed007,POW,H0,500,7,6,513.0944407123252
8Y_H0_N500_POW_seed007,POW,H0,500,7,7,566.8506687752347
8Y_H0_N500_POW_seed007,POW,H0,500,7,8,1778.8392554288316
8Y_H0_N500_POW_seed007,POW,H0,500,7,9,307.59019963268383
8Y_H0_N500_POW_seed007,POW,H0,500,7,10,148.08958202843405
8Y_H0_N500_POW_seed007,POW,H0,500,7,11,419.1682090130653
8Y_H0_N500_POW_seed007,POW,H0,500,7,12,772.3971955792495
8Y_H0_N500_POW_seed007,POW,H0,500,7,13,65.10305672334835
8Y_H0_N500_POW_seed007,POW,H0,500,7,14,157.06437027169432
8Y_H0_N500_POW_seed007,POW,H0,500,7,15,966.6462637637715
8Y_H0_N500_POW_seed007,POW,H0,500,7,16,885.6899062865232
8Y_H0_N500_P0_ALL_seed007,P0_ALL,H0,500,7,1,10.655360790520568
8Y_H0_N500_P0_ALL_seed007,P0_ALL,H0,500,7,2,97.60741853753242
8Y_H0_N500_P0_ALL_seed007,P0_ALL,H0,500,7,3,878.4645882371094
8Y_H0_N500_P0_ALL_seed007,P0_ALL,H0,500,7,4,1786.079169401354
8Y_H0_N500_P0_ALL_seed007,P0_ALL,H0,500,7,5,34.49943695957427
8Y_H0_N500_P0_ALL_seed007,P0_ALL,H0,500,7,6,513.0944407123252
8Y_H0_N500_P0_ALL_seed007,P0_ALL,H0,500,7,7,566.8506687752347
8Y_H0_N500_P0_ALL_seed007,P0_ALL,H0,500,7,8,1784.429943694748
8Y_H0_N500_P0_ALL_seed007,P0_ALL,H0,500,7,9,307.59019963268383
8Y_H0_N500_P0_ALL_seed007,P0_ALL,H0,500,7,10,148.08958202843405
8Y_H0_N500_P0_ALL_seed007,P0_ALL,H0,500,7,11,419.1682090130653
8Y_H0_N500_P0_ALL_seed007,P0_ALL,H0,500,7,12,775.7160811587146
8Y_H0_N500_P0_ALL_seed007,P0_ALL,H0,500,7,13,65.10305672334925
8Y_H0_N500_P0_ALL_seed007,P0_ALL,H0,500,7,14,157.06437027169432
8Y_H0_N500_P0_ALL_seed007,P0_ALL,H0,500,7,15,969.1492319017461
8Y_H0_N500_P0_ALL_seed007,P0_ALL,H0,500,7,16,888.9137101965352
8Y_H0_N500_P3_ENERGY_seed007,P3_ENERGY,H0,500,7,1,10.655360790520568
8Y_H0_N500_P3_ENERGY_seed007,P3_ENERGY,H0,500,7,2,3594.5201641139824
8Y_H0_N500_P3_ENERGY_seed007,P3_ENERGY,H0,500,7,3,34.483488894192305
8Y_H0_N500_P3_ENERGY_seed007,P3_ENERGY,H0,500,7,4,512.0738210447166
8Y_H0_N500_P3_ENERGY_seed007,P3_ENERGY,H0,500,7,5,577.4423593357087
8Y_H0_N500_P3_ENERGY_seed007,P3_ENERGY,H0,500,7,6,2113.8815541346403
8Y_H0_N500_P3_ENERGY_seed007,P3_ENERGY,H0,500,7,7,150.05748525174477
8Y_H0_N500_P3_ENERGY_seed007,P3_ENERGY,H0,500,7,8,1376.566860751087
8Y_H0_N500_P3_ENERGY_seed007,P3_ENERGY,H0,500,7,9,66.47448903293298
8Y_H0_N500_P3_ENERGY_seed007,P3_ENERGY,H0,500,7,10,158.04380158230197
8Y_H0_N500_P3_ENERGY_seed007,P3_ENERGY,H0,500,7,11,969.3066085013088
8Y_H0_N500_P4_RESERVE_seed007,P4_RESERVE,H0,500,7,1,10.655360790520568
8Y_H0_N500_P4_RESERVE_seed007,P4_RESERVE,H0,500,7,2,1607.362458847829
8Y_H0_N500_P4_RESERVE_seed007,P4_RESERVE,H0,500,7,3,1785.7769951998748
8Y_H0_N500_P4_RESERVE_seed007,P4_RESERVE,H0,500,7,4,2090.7642256183112
8Y_H0_N500_P4_RESERVE_seed007,P4_RESERVE,H0,500,7,5,34.49943695957427
8Y_H0_N500_P4_RESERVE_seed007,P4_RESERVE,H0,500,7,6,513.0944407123252
8Y_H0_N500_P4_RESERVE_seed007,P4_RESERVE,H0,500,7,7,577.4778765982846
8Y_H0_N500_P4_RESERVE_seed007,P4_RESERVE,H0,500,7,8,3023.159189167194
8Y_H0_N500_P4_RESERVE_seed007,P4_RESERVE,H0,500,7,9,147.89156551007
8Y_H0_N500_POW_seed008,POW,H0,500,8,1,164.08610801067454
8Y_H0_N500_POW_seed008,POW,H0,500,8,2,2166.2552119685984
8Y_H0_N500_POW_seed008,POW,H0,500,8,3,778.4936559804914
8Y_H0_N500_POW_seed008,POW,H0,500,8,4,50.221827534339354
8Y_H0_N500_POW_seed008,POW,H0,500,8,5,201.15326257344032
8Y_H0_N500_POW_seed008,POW,H0,500,8,6,737.9301699127172
8Y_H0_N500_POW_seed008,POW,H0,500,8,7,269.5720846371796
8Y_H0_N500_POW_seed008,POW,H0,500,8,8,601.0799922775686
8Y_H0_N500_POW_seed008,POW,H0,500,8,9,265.61198397319276
8Y_H0_N500_POW_seed008,POW,H0,500,8,10,409.7066281199268
8Y_H0_N500_POW_seed008,POW,H0,500,8,11,617.5743110944613
8Y_H0_N500_POW_seed008,POW,H0,500,8,12,129.90884067034312
8Y_H0_N500_POW_seed008,POW,H0,500,8,13,1153.4956286612532
8Y_H0_N500_POW_seed008,POW,H0,500,8,14,381.54627384571813
8Y_H0_N500_POW_seed008,POW,H0,500,8,15,386.9750498643207
8Y_H0_N500_POW_seed008,POW,H0,500,8,16,9.1777497214498
8Y_H0_N500_POW_seed008,POW,H0,500,8,17,780.2506948344926
8Y_H0_N500_POW_seed008,POW,H0,500,8,18,99.79025943326087
8Y_H0_N500_POW_seed008,POW,H0,500,8,19,366.59119236160586
8Y_H0_N500_P0_ALL_seed008,P0_ALL,H0,500,8,1,164.08610801067454
8Y_H0_N500_P0_ALL_seed008,P0_ALL,H0,500,8,2,2173.8941464843388
8Y_H0_N500_P0_ALL_seed008,P0_ALL,H0,500,8,3,782.6626038850932
8Y_H0_N500_P0_ALL_seed008,P0_ALL,H0,500,8,4,50.221827534339354
8Y_H0_N500_P0_ALL_seed008,P0_ALL,H0,500,8,5,201.15326257344032
8Y_H0_N500_P0_ALL_seed008,P0_ALL,H0,500,8,6,740.9922273364455
8Y_H0_N500_P0_ALL_seed008,P0_ALL,H0,500,8,7,269.5720846371796
8Y_H0_N500_P0_ALL_seed008,P0_ALL,H0,500,8,8,604.0895556280675
8Y_H0_N500_P0_ALL_seed008,P0_ALL,H0,500,8,9,265.61198397319276
8Y_H0_N500_P0_ALL_seed008,P0_ALL,H0,500,8,10,409.7066281199268
8Y_H0_N500_P0_ALL_seed008,P0_ALL,H0,500,8,11,620.3369183344521
8Y_H0_N500_P0_ALL_seed008,P0_ALL,H0,500,8,12,129.90884067034312
8Y_H0_N500_P0_ALL_seed008,P0_ALL,H0,500,8,13,984.4452460916473
8Y_H0_N500_P0_ALL_seed008,P0_ALL,H0,500,8,14,553.2174215883406
8Y_H0_N500_P0_ALL_seed008,P0_ALL,H0,500,8,15,343.3777346604247
8Y_H0_N500_P0_ALL_seed008,P0_ALL,H0,500,8,16,9.1777497214498
8Y_H0_N500_P0_ALL_seed008,P0_ALL,H0,500,8,17,180.2506948344926
8Y_H0_N500_P0_ALL_seed008,P0_ALL,H0,500,8,18,703.0276412703697
8Y_H0_N500_P0_ALL_seed008,P0_ALL,H0,500,8,19,366.59119236160586
8Y_H0_N500_P3_ENERGY_seed008,P3_ENERGY,H0,500,8,1,164.08610801067454
8Y_H0_N500_P3_ENERGY_seed008,P3_ENERGY,H0,500,8,2,2173.7326398623877
8Y_H0_N500_P3_ENERGY_seed008,P3_ENERGY,H0,500,8,3,1122.2637044063358
8Y_H0_N500_P3_ENERGY_seed008,P3_ENERGY,H0,500,8,4,803.0331981320696
8Y_H0_N500_P3_ENERGY_seed008,P3_ENERGY,H0,500,8,5,740.6439050732379
8Y_H0_N500_P3_ENERGY_seed008,P3_ENERGY,H0,500,8,6,1207.4833902891523
8Y_H0_N500_P3_ENERGY_seed008,P3_ENERGY,H0,500,8,7,1011.680077062214
8Y_H0_N500_P3_ENERGY_seed008,P3_ENERGY,H0,500,8,8,621.1942457337464
8Y_H0_N500_P3_ENERGY_seed008,P3_ENERGY,H0,500,8,9,130.22884121168408
8Y_H0_N500_P3_ENERGY_seed008,P3_ENERGY,H0,500,8,10,988.8188607306429
8Y_H0_N500_P3_ENERGY_seed008,P3_ENERGY,H0,500,8,11,946.4297131110943
8Y_H0_N500_P3_ENERGY_seed008,P3_ENERGY,H0,500,8,12,9.644050170565606
8Y_H0_N500_P4_RESERVE_seed008,P4_RESERVE,H0,500,8,1,164.08610801067454
8Y_H0_N500_P4_RESERVE_seed008,P4_RESERVE,H0,500,8,2,933.4621491749037
8Y_H0_N500_P4_RESERVE_seed008,P4_RESERVE,H0,500,8,3,2477.963483467367
8Y_H0_N500_P4_RESERVE_seed008,P4_RESERVE,H0,500,8,4,2029.3323358058678
8Y_H0_N500_P4_RESERVE_seed008,P4_RESERVE,H0,500,8,5,487.86807295658764
8Y_H0_N500_P4_RESERVE_seed008,P4_RESERVE,H0,500,8,6,201.14867339987268
8Y_H0_N500_P4_RESERVE_seed008,P4_RESERVE,H0,500,8,7,1560.3452422712044
8Y_H0_N500_P4_RESERVE_seed008,P4_RESERVE,H0,500,8,8,2113.871890143212
8Y_H0_N500_POW_seed009,POW,H0,500,9,1,688.5739329470067
8Y_H0_N500_POW_seed009,POW,H0,500,9,2,678.2838958349279
8Y_H0_N500_POW_seed009,POW,H0,500,9,3,86.82560694638141
8Y_H0_N500_POW_seed009,POW,H0,500,9,4,1205.4288751295157
8Y_H0_N500_POW_seed009,POW,H0,500,9,5,1643.8516103041452
8Y_H0_N500_POW_seed009,POW,H0,500,9,6,40.090928863719455
8Y_H0_N500_POW_seed009,POW,H0,500,9,7,394.80463189794864
8Y_H0_N500_POW_seed009,POW,H0,500,9,8,47.24512494443479
8Y_H0_N500_POW_seed009,POW,H0,500,9,9,485.6108592633818
8Y_H0_N500_POW_seed009,POW,H0,500,9,10,28.016320831122357
8Y_H0_N500_POW_seed009,POW,H0,500,9,11,880.2388992575425
8Y_H0_N500_POW_seed009,POW,H0,500,9,12,132.72460534290258
8Y_H0_N500_POW_seed009,POW,H0,500,9,13,828.0169376134263
8Y_H0_N500_POW_seed009,POW,H0,500,9,14,30.500676518020555
8Y_H0_N500_POW_seed009,POW,H0,500,9,15,100.96354955472634
8Y_H0_N500_POW_seed009,POW,H0,500,9,16,6.952603228162843
8Y_H0_N500_POW_seed009,POW,H0,500,9,17,121.6591049381268
8Y_H0_N500_POW_seed009,POW,H0,500,9,18,319.0482053229125
8Y_H0_N500_POW_seed009,POW,H0,500,9,19,899.9042361964057
8Y_H0_N500_P0_ALL_seed009,P0_ALL,H0,500,9,1,688.8471067558111
8Y_H0_N500_P0_ALL_seed009,P0_ALL,H0,500,9,2,681.2149827559621
8Y_H0_N500_P0_ALL_seed009,P0_ALL,H0,500,9,3,86.82560694638141
8Y_H0_N500_P0_ALL_seed009,P0_ALL,H0,500,9,4,1212.0155332800232
8Y_H0_N500_P0_ALL_seed009,P0_ALL,H0,500,9,5,1647.2116301260726
8Y_H0_N500_P0_ALL_seed009,P0_ALL,H0,500,9,6,40.090928863719455
8Y_H0_N500_P0_ALL_seed009,P0_ALL,H0,500,9,7,394.80463189794864
8Y_H0_N500_P0_ALL_seed009,P0_ALL,H0,500,9,8,47.24512494443479
8Y_H0_N500_P0_ALL_seed009,P0_ALL,H0,500,9,9,485.61085926338274
8Y_H0_N500_P0_ALL_seed009,P0_ALL,H0,500,9,10,28.016320831122357
8Y_H0_N500_P0_ALL_seed009,P0_ALL,H0,500,9,11,882.7891984415783
8Y_H0_N500_P0_ALL_seed009,P0_ALL,H0,500,9,12,132.72460534290258
8Y_H0_N500_P0_ALL_seed009,P0_ALL,H0,500,9,13,830.4493569819842
8Y_H0_N500_P0_ALL_seed009,P0_ALL,H0,500,9,14,30.500676518020555
8Y_H0_N500_P0_ALL_seed009,P0_ALL,H0,500,9,15,100.96354955472634
8Y_H0_N500_P0_ALL_seed009,P0_ALL,H0,500,9,16,6.952603228162843
8Y_H0_N500_P0_ALL_seed009,P0_ALL,H0,500,9,17,121.6591049381268
8Y_H0_N500_P0_ALL_seed009,P0_ALL,H0,500,9,18,319.0482053229125
8Y_H0_N500_P0_ALL_seed009,P0_ALL,H0,500,9,19,903.5623230003766
8Y_H0_N500_P3_ENERGY_seed009,P3_ENERGY,H0,500,9,1,910.0738645512893
8Y_H0_N500_P3_ENERGY_seed009,P3_ENERGY,H0,500,9,2,1036.2381175082728
8Y_H0_N500_P3_ENERGY_seed009,P3_ENERGY,H0,500,9,3,86.82560694638141
8Y_H0_N500_P3_ENERGY_seed009,P3_ENERGY,H0,500,9,4,1211.8829417161228
8Y_H0_N500_P3_ENERGY_seed009,P3_ENERGY,H0,500,9,5,2805.508960628815
8Y_H0_N500_P3_ENERGY_seed009,P3_ENERGY,H0,500,9,6,1233.966626998229
8Y_H0_N500_P3_ENERGY_seed009,P3_ENERGY,H0,500,9,7,883.5446374707872
8Y_H0_N500_P3_ENERGY_seed009,P3_ENERGY,H0,500,9,8,1433.8418589968542
8Y_H0_N500_P3_ENERGY_seed009,P3_ENERGY,H0,500,9,9,30.574514488451314
8Y_H0_N500_P4_RESERVE_seed009,P4_RESERVE,H0,500,9,1,1598.8471067558112
8Y_H0_N500_P4_RESERVE_seed009,P4_RESERVE,H0,500,9,2,1589.0482124108762
8Y_H0_N500_P4_RESERVE_seed009,P4_RESERVE,H0,500,9,3,86.82560694638141
8Y_H0_N500_P4_RESERVE_seed009,P4_RESERVE,H0,500,9,4,2119.349647603391
8Y_H0_N500_P4_RESERVE_seed009,P4_RESERVE,H0,500,9,5,986.6432055916848
8Y_H0_N500_P4_RESERVE_seed009,P4_RESERVE,H0,500,9,6,2555.24417530331
8Y_H0_N500_P4_RESERVE_seed009,P4_RESERVE,H0,500,9,7,394.80463189794864
8Y_H0_N500_POW_seed010,POW,H0,500,10,1,606.8643689311323
8Y_H0_N500_POW_seed010,POW,H0,500,10,2,113.01893459392727
8Y_H0_N500_POW_seed010,POW,H0,500,10,3,1076.8249952751548
8Y_H0_N500_POW_seed010,POW,H0,500,10,4,117.35964517980346
8Y_H0_N500_POW_seed010,POW,H0,500,10,5,54.127971117046854
8Y_H0_N500_POW_seed010,POW,H0,500,10,6,363.7773458677866
8Y_H0_N500_POW_seed010,POW,H0,500,10,7,566.983312936914
8Y_H0_N500_POW_seed010,POW,H0,500,10,8,617.4558119590042
8Y_H0_N500_POW_seed010,POW,H0,500,10,9,177.74194423637346
8Y_H0_N500_POW_seed010,POW,H0,500,10,10,51.65729125608959
8Y_H0_N500_POW_seed010,POW,H0,500,10,11,161.43487900862237
8Y_H0_N500_POW_seed010,POW,H0,500,10,12,270.6129544031851
8Y_H0_N500_POW_seed010,POW,H0,500,10,13,207.33287341003688
8Y_H0_N500_POW_seed010,POW,H0,500,10,14,793.1764388963729
8Y_H0_N500_POW_seed010,POW,H0,500,10,15,1115.9105839515887
8Y_H0_N500_POW_seed010,POW,H0,500,10,16,36.9975050872672
8Y_H0_N500_POW_seed010,POW,H0,500,10,17,1750.597731278489
8Y_H0_N500_POW_seed010,POW,H0,500,10,18,254.01787852766574
8Y_H0_N500_POW_seed010,POW,H0,500,10,19,817.780516521043
8Y_H0_N500_POW_seed010,POW,H0,500,10,20,409.5569169204973
8Y_H0_N500_POW_seed010,POW,H0,500,10,21,120.1521848039356
8Y_H0_N500_P0_ALL_seed010,P0_ALL,H0,500,10,1,607.3195264169975
8Y_H0_N500_P0_ALL_seed010,P0_ALL,H0,500,10,2,113.01893459392727
8Y_H0_N500_P0_ALL_seed010,P0_ALL,H0,500,10,3,1080.3039001379038
8Y_H0_N500_P0_ALL_seed010,P0_ALL,H0,500,10,4,117.35964517980346
8Y_H0_N500_P0_ALL_seed010,P0_ALL,H0,500,10,5,54.127971117046854
8Y_H0_N500_P0_ALL_seed010,P0_ALL,H0,500,10,6,363.7773458677866
8Y_H0_N500_P0_ALL_seed010,P0_ALL,H0,500,10,7,566.983312936914
8Y_H0_N500_P0_ALL_seed010,P0_ALL,H0,500,10,8,620.8176981485376
8Y_H0_N500_P0_ALL_seed010,P0_ALL,H0,500,10,9,177.74194423637346
8Y_H0_N500_P0_ALL_seed010,P0_ALL,H0,500,10,10,51.65729125608959
8Y_H0_N500_P0_ALL_seed010,P0_ALL,H0,500,10,11,161.43487900862237
8Y_H0_N500_P0_ALL_seed010,P0_ALL,H0,500,10,12,270.61295440318463
8Y_H0_N500_P0_ALL_seed010,P0_ALL,H0,500,10,13,207.33287341003688
8Y_H0_N500_P0_ALL_seed010,P0_ALL,H0,500,10,14,795.7775955060933
8Y_H0_N500_P0_ALL_seed010,P0_ALL,H0,500,10,15,1119.2391702714613
8Y_H0_N500_P0_ALL_seed010,P0_ALL,H0,500,10,16,36.9975050872672
8Y_H0_N500_P0_ALL_seed010,P0_ALL,H0,500,10,17,1757.4807239584416
8Y_H0_N500_P0_ALL_seed010,P0_ALL,H0,500,10,18,254.01787852766483
8Y_H0_N500_P0_ALL_seed010,P0_ALL,H0,500,10,19,821.1408933694202
8Y_H0_N500_P0_ALL_seed010,P0_ALL,H0,500,10,20,409.5569169204973
8Y_H0_N500_P0_ALL_seed010,P0_ALL,H0,500,10,21,120.1521848039356
8Y_H0_N500_P3_ENERGY_seed010,P3_ENERGY,H0,500,10,1,607.3195264169975
8Y_H0_N500_P3_ENERGY_seed010,P3_ENERGY,H0,500,10,2,113.01893459392727
8Y_H0_N500_P3_ENERGY_seed010,P3_ENERGY,H0,500,10,3,1080.3039001379038
8Y_H0_N500_P3_ENERGY_seed010,P3_ENERGY,H0,500,10,4,117.35964517980346
8Y_H0_N500_P3_ENERGY_seed010,P3_ENERGY,H0,500,10,5,54.127971117046854
8Y_H0_N500_P3_ENERGY_seed010,P3_ENERGY,H0,500,10,6,417.66629080878783
8Y_H0_N500_P3_ENERGY_seed010,P3_ENERGY,H0,500,10,7,566.9833129369135
8Y_H0_N500_P3_ENERGY_seed010,P3_ENERGY,H0,500,10,8,619.6084911320959
8Y_H0_N500_P3_ENERGY_seed010,P3_ENERGY,H0,500,10,9,1009.6580556119279
8Y_H0_N500_P3_ENERGY_seed010,P3_ENERGY,H0,500,10,10,237.9664420365798
8Y_H0_N500_P3_ENERGY_seed010,P3_ENERGY,H0,500,10,11,484.05126937061596
8Y_H0_N500_P3_ENERGY_seed010,P3_ENERGY,H0,500,10,12,207.45094720508314
8Y_H0_N500_P3_ENERGY_seed010,P3_ENERGY,H0,500,10,13,796.4545425053066
8Y_H0_N500_P3_ENERGY_seed010,P3_ENERGY,H0,500,10,14,1117.5413433896465
8Y_H0_N500_P3_ENERGY_seed010,P3_ENERGY,H0,500,10,15,35.96639739401144
8Y_H0_N500_P3_ENERGY_seed010,P3_ENERGY,H0,500,10,16,1755.5322743081897
8Y_H0_N500_P3_ENERGY_seed010,P3_ENERGY,H0,500,10,17,253.8407771870152
8Y_H0_N500_P4_RESERVE_seed010,P4_RESERVE,H0,500,10,1,1517.3195264169976
8Y_H0_N500_P4_RESERVE_seed010,P4_RESERVE,H0,500,10,2,113.01893459392727
8Y_H0_N500_P4_RESERVE_seed010,P4_RESERVE,H0,500,10,3,808.8775633412795
8Y_H0_N500_P4_RESERVE_seed010,P4_RESERVE,H0,500,10,4,477.001823997889
8Y_H0_N500_P4_RESERVE_seed010,P4_RESERVE,H0,500,10,5,117.05108826429569
8Y_H0_N500_P4_RESERVE_seed010,P4_RESERVE,H0,500,10,6,55.156283381047615
8Y_H0_N500_P4_RESERVE_seed010,P4_RESERVE,H0,500,10,7,417.19421153513485
8Y_H0_N500_P4_RESERVE_seed010,P4_RESERVE,H0,500,10,8,567.7272722345292
8Y_H0_N500_P4_RESERVE_seed010,P4_RESERVE,H0,500,10,9,1529.0486077582082
8Y_H0_N500_P4_RESERVE_seed010,P4_RESERVE,H0,500,10,10,1917.2377804954313
8Y_H0_N500_P4_RESERVE_seed010,P4_RESERVE,H0,500,10,11,237.79594012769758
8Y_H0_N500_P4_RESERVE_seed010,P4_RESERVE,H0,500,10,12,483.4938778969954
8Y_H0_N500_P4_RESERVE_seed010,P4_RESERVE,H0,500,10,13,207.33287341003597
8Y_H0_N500_P4_RESERVE_seed010,P4_RESERVE,H0,500,10,14,487.7312431343744
8Y_H0_N500_P4_RESERVE_seed010,P4_RESERVE,H0,500,10,15,193.28217905661768
8Y_H0_N500_POW_seed011,POW,H0,500,11,1,51.69513703340499
8Y_H0_N500_POW_seed011,POW,H0,500,11,2,988.8285728749345
8Y_H0_N500_POW_seed011,POW,H0,500,11,3,126.35912728706853
8Y_H0_N500_POW_seed011,POW,H0,500,11,4,58.05091157430002
8Y_H0_N500_POW_seed011,POW,H0,500,11,5,905.5044367485852
8Y_H0_N500_POW_seed011,POW,H0,500,11,6,307.76362023464526
8Y_H0_N500_POW_seed011,POW,H0,500,11,7,1293.848939700374
8Y_H0_N500_POW_seed011,POW,H0,500,11,8,186.37635238980056
8Y_H0_N500_POW_seed011,POW,H0,500,11,9,1746.6972343381403
8Y_H0_N500_POW_seed011,POW,H0,500,11,10,344.4921993770895
8Y_H0_N500_POW_seed011,POW,H0,500,11,11,223.53368309813231
8Y_H0_N500_POW_seed011,POW,H0,500,11,12,238.20806591916153
8Y_H0_N500_POW_seed011,POW,H0,500,11,13,517.7465315595264
8Y_H0_N500_POW_seed011,POW,H0,500,11,14,335.37367847749374
8Y_H0_N500_POW_seed011,POW,H0,500,11,15,203.16795555416593
8Y_H0_N500_POW_seed011,POW,H0,500,11,16,78.85776572170471
8Y_H0_N500_POW_seed011,POW,H0,500,11,17,1.380450026609651
8Y_H0_N500_POW_seed011,POW,H0,500,11,18,485.0937812828188
8Y_H0_N500_POW_seed011,POW,H0,500,11,19,619.7073130926083
8Y_H0_N500_POW_seed011,POW,H0,500,11,20,329.6253183464869
8Y_H0_N500_POW_seed011,POW,H0,500,11,21,729.224443059069
8Y_H0_N500_P0_ALL_seed011,P0_ALL,H0,500,11,1,51.69513703340499
8Y_H0_N500_P0_ALL_seed011,P0_ALL,H0,500,11,2,991.8670935850996
8Y_H0_N500_P0_ALL_seed011,P0_ALL,H0,500,11,3,126.35912728706853
8Y_H0_N500_P0_ALL_seed011,P0_ALL,H0,500,11,4,58.05091157430002
8Y_H0_N500_P0_ALL_seed011,P0_ALL,H0,500,11,5,907.5405258048893
8Y_H0_N500_P0_ALL_seed011,P0_ALL,H0,500,11,6,307.76362023464526
8Y_H0_N500_P0_ALL_seed011,P0_ALL,H0,500,11,7,1301.1039087156187
8Y_H0_N500_P0_ALL_seed011,P0_ALL,H0,500,11,8,186.37635238980056
8Y_H0_N500_P0_ALL_seed011,P0_ALL,H0,500,11,9,1752.8126422303135
8Y_H0_N500_P0_ALL_seed011,P0_ALL,H0,500,11,10,344.4921993770895
8Y_H0_N500_P0_ALL_seed011,P0_ALL,H0,500,11,11,223.53368309813231
8Y_H0_N500_P0_ALL_seed011,P0_ALL,H0,500,11,12,238.20806591916153
8Y_H0_N500_P0_ALL_seed011,P0_ALL,H0,500,11,13,517.7465315595264
8Y_H0_N500_P0_ALL_seed011,P0_ALL,H0,500,11,14,335.37367847749374
8Y_H0_N500_P0_ALL_seed011,P0_ALL,H0,500,11,15,203.16795555416593
8Y_H0_N500_P0_ALL_seed011,P0_ALL,H0,500,11,16,78.85776572170471
8Y_H0_N500_P0_ALL_seed011,P0_ALL,H0,500,11,17,1.380450026609651
8Y_H0_N500_P0_ALL_seed011,P0_ALL,H0,500,11,18,485.0937812828188
8Y_H0_N500_P0_ALL_seed011,P0_ALL,H0,500,11,19,623.1910979242994
8Y_H0_N500_P0_ALL_seed011,P0_ALL,H0,500,11,20,329.6253183464887
8Y_H0_N500_P0_ALL_seed011,P0_ALL,H0,500,11,21,731.8612210308529
8Y_H0_N500_P3_ENERGY_seed011,P3_ENERGY,H0,500,11,1,2465.8905657620517
8Y_H0_N500_P3_ENERGY_seed011,P3_ENERGY,H0,500,11,2,909.2725930204006
8Y_H0_N500_P3_ENERGY_seed011,P3_ENERGY,H0,500,11,3,308.18587203165407
8Y_H0_N500_P3_ENERGY_seed011,P3_ENERGY,H0,500,11,4,1298.1098433577572
8Y_H0_N500_P3_ENERGY_seed011,P3_ENERGY,H0,500,11,5,2753.7431072816134
8Y_H0_N500_P3_ENERGY_seed011,P3_ENERGY,H0,500,11,6,222.91066985070302
8Y_H0_N500_P3_ENERGY_seed011,P3_ENERGY,H0,500,11,7,1753.3398693416584
8Y_H0_N500_P3_ENERGY_seed011,P3_ENERGY,H0,500,11,8,203.45118291105427
8Y_H0_N500_P4_RESERVE_seed011,P4_RESERVE,H0,500,11,1,961.695137033405
8Y_H0_N500_P4_RESERVE_seed011,P4_RESERVE,H0,500,11,2,1898.658201832408
8Y_H0_N500_P4_RESERVE_seed011,P4_RESERVE,H0,500,11,3,736.2467278835288
8Y_H0_N500_P4_RESERVE_seed011,P4_RESERVE,H0,500,11,4,58.05091157429979
8Y_H0_N500_P4_RESERVE_seed011,P4_RESERVE,H0,500,11,5,1009.1599115911558
8Y_H0_N500_P4_RESERVE_seed011,P4_RESERVE,H0,500,11,6,305.54833058649183
8Y_H0_N500_P4_RESERVE_seed011,P4_RESERVE,H0,500,11,7,308.2782089215607
8Y_H0_N500_P4_RESERVE_seed011,P4_RESERVE,H0,500,11,8,2206.7315335819003
8Y_H0_N500_POW_seed012,POW,H0,500,12,1,794.6244444982052
8Y_H0_N500_POW_seed012,POW,H0,500,12,2,340.67509107971307
8Y_H0_N500_POW_seed012,POW,H0,500,12,3,715.8966737035278
8Y_H0_N500_POW_seed012,POW,H0,500,12,4,150.89056554761942
8Y_H0_N500_POW_seed012,POW,H0,500,12,5,456.40837554861923
8Y_H0_N500_POW_seed012,POW,H0,500,12,6,2349.2205817586564
8Y_H0_N500_POW_seed012,POW,H0,500,12,7,19.61124513745017
8Y_H0_N500_POW_seed012,POW,H0,500,12,8,346.9158720319974
8Y_H0_N500_POW_seed012,POW,H0,500,12,9,887.0179138950962
8Y_H0_N500_POW_seed012,POW,H0,500,12,10,265.9358525546231
8Y_H0_N500_POW_seed012,POW,H0,500,12,11,1044.0120535086116
8Y_H0_N500_POW_seed012,POW,H0,500,12,12,760.8097358510258
8Y_H0_N500_POW_seed012,POW,H0,500,12,13,144.722206834208
8Y_H0_N500_POW_seed012,POW,H0,500,12,14,211.01712737389244
8Y_H0_N500_POW_seed012,POW,H0,500,12,15,236.9899360329964
8Y_H0_N500_POW_seed012,POW,H0,500,12,16,123.98367991095256
8Y_H0_N500_POW_seed012,POW,H0,500,12,17,585.9111289444645
8Y_H0_N500_P0_ALL_seed012,P0_ALL,H0,500,12,1,795.4946621887974
8Y_H0_N500_P0_ALL_seed012,P0_ALL,H0,500,12,2,340.67509107971307
8Y_H0_N500_P0_ALL_seed012,P0_ALL,H0,500,12,3,718.9928178444461
8Y_H0_N500_P0_ALL_seed012,P0_ALL,H0,500,12,4,150.89056554761942
8Y_H0_N500_P0_ALL_seed012,P0_ALL,H0,500,12,5,456.40837554861946
8Y_H0_N500_P0_ALL_seed012,P0_ALL,H0,500,12,6,2355.5696597933247
8Y_H0_N500_P0_ALL_seed012,P0_ALL,H0,500,12,7,19.61124513745017
8Y_H0_N500_P0_ALL_seed012,P0_ALL,H0,500,12,8,346.9158720319974
8Y_H0_N500_P0_ALL_seed012,P0_ALL,H0,500,12,9,889.6616802451235
8Y_H0_N500_P0_ALL_seed012,P0_ALL,H0,500,12,10,265.9358525546231
8Y_H0_N500_P0_ALL_seed012,P0_ALL,H0,500,12,11,1046.5232514402205
8Y_H0_N500_P0_ALL_seed012,P0_ALL,H0,500,12,12,763.5866264490569
8Y_H0_N500_P0_ALL_seed012,P0_ALL,H0,500,12,13,144.722206834208
8Y_H0_N500_P0_ALL_seed012,P0_ALL,H0,500,12,14,211.01712737389244
8Y_H0_N500_P0_ALL_seed012,P0_ALL,H0,500,12,15,236.9899360329964
8Y_H0_N500_P0_ALL_seed012,P0_ALL,H0,500,12,16,123.98367991095256
8Y_H0_N500_P0_ALL_seed012,P0_ALL,H0,500,12,17,585.9111289444645
8Y_H0_N500_P3_ENERGY_seed012,P3_ENERGY,H0,500,12,1,795.4946621887974
8Y_H0_N500_P3_ENERGY_seed012,P3_ENERGY,H0,500,12,2,340.67509107971307
8Y_H0_N500_P3_ENERGY_seed012,P3_ENERGY,H0,500,12,3,1355.260010198114
8Y_H0_N500_P3_ENERGY_seed012,P3_ENERGY,H0,500,12,4,3030.491838242807
8Y_H0_N500_P3_ENERGY_seed012,P3_ENERGY,H0,500,12,5,2073.2071803335366
8Y_H0_N500_P3_ENERGY_seed012,P3_ENERGY,H0,500,12,6,2231.263014332688
8Y_H0_N500_P3_ENERGY_seed012,P3_ENERGY,H0,500,12,7,144.7361574749175
8Y_H0_N500_P4_RESERVE_seed012,P4_RESERVE,H0,500,12,1,1705.4946621887975
8Y_H0_N500_P4_RESERVE_seed012,P4_RESERVE,H0,500,12,2,340.6750910797132
8Y_H0_N500_P4_RESERVE_seed012,P4_RESERVE,H0,500,12,3,1908.7989520721567
8Y_H0_N500_P4_RESERVE_seed012,P4_RESERVE,H0,500,12,4,150.89056554761964
8Y_H0_N500_P4_RESERVE_seed012,P4_RESERVE,H0,500,12,5,480.2906029668129
8Y_H0_N500_P4_RESERVE_seed012,P4_RESERVE,H0,500,12,6,725.7552343221323
8Y_H0_N500_P4_RESERVE_seed012,P4_RESERVE,H0,500,12,7,2567.802968855407
8Y_H0_N500_P4_RESERVE_seed012,P4_RESERVE,H0,500,12,8,19.89259166080501
8Y_H0_N500_POW_seed013,POW,H0,500,13,1,645.5536468546811
8Y_H0_N500_POW_seed013,POW,H0,500,13,2,1050.6664218504022
8Y_H0_N500_POW_seed013,POW,H0,500,13,3,1168.0154808861232
8Y_H0_N500_POW_seed013,POW,H0,500,13,4,183.80328706378168
8Y_H0_N500_POW_seed013,POW,H0,500,13,5,1366.7202735776077
8Y_H0_N500_POW_seed013,POW,H0,500,13,6,62.00794963882345
8Y_H0_N500_POW_seed013,POW,H0,500,13,7,1220.8343313879668
8Y_H0_N500_POW_seed013,POW,H0,500,13,8,270.0237369101578
8Y_H0_N500_POW_seed013,POW,H0,500,13,9,360.6191122213386
8Y_H0_N500_POW_seed013,POW,H0,500,13,10,24.808257097464775
8Y_H0_N500_POW_seed013,POW,H0,500,13,11,255.27142458981962
8Y_H0_N500_POW_seed013,POW,H0,500,13,12,2274.1256593672624
8Y_H0_N500_POW_seed013,POW,H0,500,13,13,392.99056942153584
8Y_H0_N500_P0_ALL_seed013,P0_ALL,H0,500,13,1,646.0935730545866
8Y_H0_N500_P0_ALL_seed013,P0_ALL,H0,500,13,2,1051.9750536314414
8Y_H0_N500_P0_ALL_seed013,P0_ALL,H0,500,13,3,1169.0330358015121
8Y_H0_N500_P0_ALL_seed013,P0_ALL,H0,500,13,4,183.80328706378168
8Y_H0_N500_P0_ALL_seed013,P0_ALL,H0,500,13,5,1372.519348935275
8Y_H0_N500_P0_ALL_seed013,P0_ALL,H0,500,13,6,62.00794963882345
8Y_H0_N500_P0_ALL_seed013,P0_ALL,H0,500,13,7,1226.4183642029457
8Y_H0_N500_P0_ALL_seed013,P0_ALL,H0,500,13,8,270.0237369101578
8Y_H0_N500_P0_ALL_seed013,P0_ALL,H0,500,13,9,360.6191122213386
8Y_H0_N500_P0_ALL_seed013,P0_ALL,H0,500,13,10,24.808257097464775
8Y_H0_N500_P0_ALL_seed013,P0_ALL,H0,500,13,11,255.27142458981962
8Y_H0_N500_P0_ALL_seed013,P0_ALL,H0,500,13,12,2281.5882431068094
8Y_H0_N500_P0_ALL_seed013,P0_ALL,H0,500,13,13,392.99056942153584
8Y_H0_N500_P3_ENERGY_seed013,P3_ENERGY,H0,500,13,1,646.0935730545866
8Y_H0_N500_P3_ENERGY_seed013,P3_ENERGY,H0,500,13,2,2372.910864958545
8Y_H0_N500_P3_ENERGY_seed013,P3_ENERGY,H0,500,13,3,183.71218589754744
8Y_H0_N500_P3_ENERGY_seed013,P3_ENERGY,H0,500,13,4,1398.1869153181533
8Y_H0_N500_P3_ENERGY_seed013,P3_ENERGY,H0,500,13,5,2073.8452116364397
8Y_H0_N500_P3_ENERGY_seed013,P3_ENERGY,H0,500,13,6,1042.3011362345105
8Y_H0_N500_P3_ENERGY_seed013,P3_ENERGY,H0,500,13,7,24.195695708797757
8Y_H0_N500_P3_ENERGY_seed013,P3_ENERGY,H0,500,13,8,339.7504393684985
8Y_H0_N500_P4_RESERVE_seed013,P4_RESERVE,H0,500,13,1,1556.0935730545866
8Y_H0_N500_P4_RESERVE_seed013,P4_RESERVE,H0,500,13,2,1959.237852319838
8Y_H0_N500_P4_RESERVE_seed013,P4_RESERVE,H0,500,13,3,2076.222306994676
8Y_H0_N500_P4_RESERVE_seed013,P4_RESERVE,H0,500,13,4,183.80328706378168
8Y_H0_N500_P4_RESERVE_seed013,P4_RESERVE,H0,500,13,5,2306.170334160106
8Y_H0_N500_P4_RESERVE_seed013,P4_RESERVE,H0,500,13,6,476.45353929883095
8Y_H0_N500_POW_seed014,POW,H0,500,14,1,241.7966190584755
8Y_H0_N500_POW_seed014,POW,H0,500,14,2,32.09329791419853
8Y_H0_N500_POW_seed014,POW,H0,500,14,3,409.2712463201487
8Y_H0_N500_POW_seed014,POW,H0,500,14,4,1157.073199914618
8Y_H0_N500_POW_seed014,POW,H0,500,14,5,483.5014140345602
8Y_H0_N500_POW_seed014,POW,H0,500,14,6,167.0896245539625
8Y_H0_N500_POW_seed014,POW,H0,500,14,7,215.79289555102696
8Y_H0_N500_POW_seed014,POW,H0,500,14,8,100.2652837230471
8Y_H0_N500_POW_seed014,POW,H0,500,14,9,1277.0909640671211
8Y_H0_N500_POW_seed014,POW,H0,500,14,10,315.5623890990896
8Y_H0_N500_POW_seed014,POW,H0,500,14,11,188.23419657365503
8Y_H0_N500_POW_seed014,POW,H0,500,14,12,302.6892612781621
8Y_H0_N500_POW_seed014,POW,H0,500,14,13,34.077575917378454
8Y_H0_N500_POW_seed014,POW,H0,500,14,14,881.9552526663729
8Y_H0_N500_POW_seed014,POW,H0,500,14,15,624.899944450578
8Y_H0_N500_POW_seed014,POW,H0,500,14,16,179.8312760431172
8Y_H0_N500_POW_seed014,POW,H0,500,14,17,565.8931637865207
8Y_H0_N500_POW_seed014,POW,H0,500,14,18,108.22526769286833
8Y_H0_N500_POW_seed014,POW,H0,500,14,19,431.33537501848787
8Y_H0_N500_POW_seed014,POW,H0,500,14,20,99.35812332067508
8Y_H0_N500_POW_seed014,POW,H0,500,14,21,36.83253450154007
8Y_H0_N500_POW_seed014,POW,H0,500,14,22,1931.909121224182
8Y_H0_N500_POW_seed014,POW,H0,500,14,23,160.12078792234206
8Y_H0_N500_P0_ALL_seed014,P0_ALL,H0,500,14,1,241.7966190584755
8Y_H0_N500_P0_ALL_seed014,P0_ALL,H0,500,14,2,32.09329791419853
8Y_H0_N500_P0_ALL_seed014,P0_ALL,H0,500,14,3,409.2712463201487
8Y_H0_N500_P0_ALL_seed014,P0_ALL,H0,500,14,4,1160.1319790784935
8Y_H0_N500_P0_ALL_seed014,P0_ALL,H0,500,14,5,483.5014140345602
8Y_H0_N500_P0_ALL_seed014,P0_ALL,H0,500,14,6,167.0896245539625
8Y_H0_N500_P0_ALL_seed014,P0_ALL,H0,500,14,7,215.79289555102696
8Y_H0_N500_P0_ALL_seed014,P0_ALL,H0,500,14,8,100.2652837230471
8Y_H0_N500_P0_ALL_seed014,P0_ALL,H0,500,14,9,1281.8278333869398
8Y_H0_N500_P0_ALL_seed014,P0_ALL,H0,500,14,10,315.5623890990896
8Y_H0_N500_P0_ALL_seed014,P0_ALL,H0,500,14,11,188.23419657365503
8Y_H0_N500_P0_ALL_seed014,P0_ALL,H0,500,14,12,302.6892612781621
8Y_H0_N500_P0_ALL_seed014,P0_ALL,H0,500,14,13,34.077575917378454
8Y_H0_N500_P0_ALL_seed014,P0_ALL,H0,500,14,14,882.2892125319122
8Y_H0_N500_P0_ALL_seed014,P0_ALL,H0,500,14,15,627.870513511868
8Y_H0_N500_P0_ALL_seed014,P0_ALL,H0,500,14,16,179.8312760431172
8Y_H0_N500_P0_ALL_seed014,P0_ALL,H0,500,14,17,565.8931637865207
8Y_H0_N500_P0_ALL_seed014,P0_ALL,H0,500,14,18,108.22526769286833
8Y_H0_N500_P0_ALL_seed014,P0_ALL,H0,500,14,19,431.33537501848787
8Y_H0_N500_P0_ALL_seed014,P0_ALL,H0,500,14,20,99.35812332067508
8Y_H0_N500_P0_ALL_seed014,P0_ALL,H0,500,14,21,36.83253450154007
8Y_H0_N500_P0_ALL_seed014,P0_ALL,H0,500,14,22,1939.0809524289189
8Y_H0_N500_P0_ALL_seed014,P0_ALL,H0,500,14,23,160.12078792234206
8Y_H0_N500_P3_ENERGY_seed014,P3_ENERGY,H0,500,14,1,632.5917698019422
8Y_H0_N500_P3_ENERGY_seed014,P3_ENERGY,H0,500,14,2,409.3417913343577
8Y_H0_N500_P3_ENERGY_seed014,P3_ENERGY,H0,500,14,3,1688.1533110870068
8Y_H0_N500_P3_ENERGY_seed014,P3_ENERGY,H0,500,14,4,167.16511128389402
8Y_H0_N500_P3_ENERGY_seed014,P3_ENERGY,H0,500,14,5,498.66141159910603
8Y_H0_N500_P3_ENERGY_seed014,P3_ENERGY,H0,500,14,6,99.73666230698063
8Y_H0_N500_P3_ENERGY_seed014,P3_ENERGY,H0,500,14,7,2599.976576830813
8Y_H0_N500_P3_ENERGY_seed014,P3_ENERGY,H0,500,14,8,301.75355515276897
8Y_H0_N500_P3_ENERGY_seed014,P3_ENERGY,H0,500,14,9,100.89546031796544
8Y_H0_N500_P3_ENERGY_seed014,P3_ENERGY,H0,500,14,10,883.8268865990358
8Y_H0_N500_P3_ENERGY_seed014,P3_ENERGY,H0,500,14,11,629.2008334603452
8Y_H0_N500_P3_ENERGY_seed014,P3_ENERGY,H0,500,14,12,179.55431356751524
8Y_H0_N500_P3_ENERGY_seed014,P3_ENERGY,H0,500,14,13,709.8180758039571
8Y_H0_N500_P3_ENERGY_seed014,P3_ENERGY,H0,500,14,14,431.60339398256474
8Y_H0_N500_P3_ENERGY_seed014,P3_ENERGY,H0,500,14,15,349.3126739493364
8Y_H0_N500_P3_ENERGY_seed014,P3_ENERGY,H0,500,14,16,36.59200662153671
8Y_H0_N500_P4_RESERVE_seed014,P4_RESERVE,H0,500,14,1,551.7966190584755
8Y_H0_N500_P4_RESERVE_seed014,P4_RESERVE,H0,500,14,2,32.093297914198615
8Y_H0_N500_P4_RESERVE_seed014,P4_RESERVE,H0,500,14,3,409.27124632014863
8Y_H0_N500_P4_RESERVE_seed014,P4_RESERVE,H0,500,14,4,2596.309674877378
8Y_H0_N500_P4_RESERVE_seed014,P4_RESERVE,H0,500,14,5,167.19865183479988
8Y_H0_N500_P4_RESERVE_seed014,P4_RESERVE,H0,500,14,6,498.6485424675643
8Y_H0_N500_P4_RESERVE_seed014,P4_RESERVE,H0,500,14,7,99.86394234905129
8Y_H0_N500_P4_RESERVE_seed014,P4_RESERVE,H0,500,14,8,628.0185496346985
8Y_H0_N500_P4_RESERVE_seed014,P4_RESERVE,H0,500,14,9,2067.0371470565624
8Y_H0_N500_P4_RESERVE_seed014,P4_RESERVE,H0,500,14,10,1699.1399206089745
8Y_H0_N500_P4_RESERVE_seed014,P4_RESERVE,H0,500,14,11,301.7142022425469
8Y_H0_N500_P4_RESERVE_seed014,P4_RESERVE,H0,500,14,12,101.37041306267383
8Y_H0_N500_P4_RESERVE_seed014,P4_RESERVE,H0,500,14,13,386.7642812820177
8Y_H0_N500_P4_RESERVE_seed014,P4_RESERVE,H0,500,14,14,281.9552526663738
8Y_H0_N500_POW_seed015,POW,H0,500,15,1,24.06108681394605
8Y_H0_N500_POW_seed015,POW,H0,500,15,2,20.149308742877363
8Y_H0_N500_POW_seed015,POW,H0,500,15,3,1624.9302579677892
8Y_H0_N500_POW_seed015,POW,H0,500,15,4,893.3255309083586
8Y_H0_N500_POW_seed015,POW,H0,500,15,5,175.87841381461567
8Y_H0_N500_POW_seed015,POW,H0,500,15,6,1097.237355827749
8Y_H0_N500_POW_seed015,POW,H0,500,15,7,270.23723622633906
8Y_H0_N500_POW_seed015,POW,H0,500,15,8,171.56504518766724
8Y_H0_N500_POW_seed015,POW,H0,500,15,9,667.2114901086397
8Y_H0_N500_POW_seed015,POW,H0,500,15,10,256.76689376398735
8Y_H0_N500_POW_seed015,POW,H0,500,15,11,793.1477793770646
8Y_H0_N500_POW_seed015,POW,H0,500,15,12,17.347280333417075
8Y_H0_N500_POW_seed015,POW,H0,500,15,13,249.7421260169549
8Y_H0_N500_POW_seed015,POW,H0,500,15,14,2010.7408424166215
8Y_H0_N500_POW_seed015,POW,H0,500,15,15,5.87018746961985
8Y_H0_N500_P0_ALL_seed015,P0_ALL,H0,500,15,1,24.06108681394605
8Y_H0_N500_P0_ALL_seed015,P0_ALL,H0,500,15,2,20.149308742877363
8Y_H0_N500_P0_ALL_seed015,P0_ALL,H0,500,15,3,1630.3205528324813
8Y_H0_N500_P0_ALL_seed015,P0_ALL,H0,500,15,4,895.8344910673059
8Y_H0_N500_P0_ALL_seed015,P0_ALL,H0,500,15,5,175.87841381461567
8Y_H0_N500_P0_ALL_seed015,P0_ALL,H0,500,15,6,1100.2847471973723
8Y_H0_N500_P0_ALL_seed015,P0_ALL,H0,500,15,7,270.2372362263395
8Y_H0_N500_P0_ALL_seed015,P0_ALL,H0,500,15,8,171.56504518766724
8Y_H0_N500_P0_ALL_seed015,P0_ALL,H0,500,15,9,670.7378552471719
8Y_H0_N500_P0_ALL_seed015,P0_ALL,H0,500,15,10,256.76689376398735
8Y_H0_N500_P0_ALL_seed015,P0_ALL,H0,500,15,11,796.0867607534501
8Y_H0_N500_P0_ALL_seed015,P0_ALL,H0,500,15,12,17.347280333417075
8Y_H0_N500_P0_ALL_seed015,P0_ALL,H0,500,15,13,249.7421260169549
8Y_H0_N500_P0_ALL_seed015,P0_ALL,H0,500,15,14,2021.084670967045
8Y_H0_N500_P0_ALL_seed015,P0_ALL,H0,500,15,15,5.87018746961985
8Y_H0_N500_P3_ENERGY_seed015,P3_ENERGY,H0,500,15,1,24.06108681394605
8Y_H0_N500_P3_ENERGY_seed015,P3_ENERGY,H0,500,15,2,20.149308742877363
8Y_H0_N500_P3_ENERGY_seed015,P3_ENERGY,H0,500,15,3,3187.6244116088956
8Y_H0_N500_P3_ENERGY_seed015,P3_ENERGY,H0,500,15,4,1979.2266075612224
8Y_H0_N500_P3_ENERGY_seed015,P3_ENERGY,H0,500,15,5,669.7503387685147
8Y_H0_N500_P3_ENERGY_seed015,P3_ENERGY,H0,500,15,6,255.61532676705974
8Y_H0_N500_P3_ENERGY_seed015,P3_ENERGY,H0,500,15,7,795.1873413202702
8Y_H0_N500_P3_ENERGY_seed015,P3_ENERGY,H0,500,15,8,17.61039024625279
8Y_H0_N500_P3_ENERGY_seed015,P3_ENERGY,H0,500,15,9,426.53312124992226
8Y_H0_N500_P3_ENERGY_seed015,P3_ENERGY,H0,500,15,10,2415.551786983302
8Y_H0_N500_P4_RESERVE_seed015,P4_RESERVE,H0,500,15,1,24.06108681394605
8Y_H0_N500_P4_RESERVE_seed015,P4_RESERVE,H0,500,15,2,20.149308742877363
8Y_H0_N500_P4_RESERVE_seed015,P4_RESERVE,H0,500,15,3,721.8595551297722
8Y_H0_N500_P4_RESERVE_seed015,P4_RESERVE,H0,500,15,4,3493.5503939689725
8Y_H0_N500_P4_RESERVE_seed015,P4_RESERVE,H0,500,15,5,603.2547146644911
8Y_H0_N500_P4_RESERVE_seed015,P4_RESERVE,H0,500,15,6,795.5773260503875
8Y_H0_N500_P4_RESERVE_seed015,P4_RESERVE,H0,500,15,7,1681.823311367817
8Y_H0_N500_P4_RESERVE_seed015,P4_RESERVE,H0,500,15,8,1107.1673321348617
8Y_H0_N500_P4_RESERVE_seed015,P4_RESERVE,H0,500,15,9,67.21149010863883
8Y_H0_N500_P4_RESERVE_seed015,P4_RESERVE,H0,500,15,10,256.76689376398645
8Y_H0_N500_P4_RESERVE_seed015,P4_RESERVE,H0,500,15,11,879.6638053855895
8Y_H0_N500_P4_RESERVE_seed015,P4_RESERVE,H0,500,15,12,192.8164816521985
8Y_H0_N500_P4_RESERVE_seed015,P4_RESERVE,H0,500,15,13,17.70591747385697
8Y_H0_N500_POW_seed016,POW,H0,500,16,1,500.71909692037354
8Y_H0_N500_POW_seed016,POW,H0,500,16,2,596.4676608744229
8Y_H0_N500_POW_seed016,POW,H0,500,16,3,1588.723098954964
8Y_H0_N500_POW_seed016,POW,H0,500,16,4,846.6458143590812
8Y_H0_N500_POW_seed016,POW,H0,500,16,5,184.4197880049287
8Y_H0_N500_POW_seed016,POW,H0,500,16,6,128.40581403971646
8Y_H0_N500_POW_seed016,POW,H0,500,16,7,187.2679731411481
8Y_H0_N500_POW_seed016,POW,H0,500,16,8,1247.7124855460484
8Y_H0_N500_POW_seed016,POW,H0,500,16,9,340.6715076518276
8Y_H0_N500_POW_seed016,POW,H0,500,16,10,647.2195080884994
8Y_H0_N500_POW_seed016,POW,H0,500,16,11,131.75477172899627
8Y_H0_N500_POW_seed016,POW,H0,500,16,12,42.70858659031819
8Y_H0_N500_POW_seed016,POW,H0,500,16,13,386.90943697193325
8Y_H0_N500_POW_seed016,POW,H0,500,16,14,912.8322751164887
8Y_H0_N500_POW_seed016,POW,H0,500,16,15,40.20363745623308
8Y_H0_N500_POW_seed016,POW,H0,500,16,16,421.4990493172054
8Y_H0_N500_POW_seed016,POW,H0,500,16,17,1512.0811118271758
8Y_H0_N500_P0_ALL_seed016,P0_ALL,H0,500,16,1,500.71909692037354
8Y_H0_N500_P0_ALL_seed016,P0_ALL,H0,500,16,2,596.4676608744229
8Y_H0_N500_P0_ALL_seed016,P0_ALL,H0,500,16,3,1595.4197777779204
8Y_H0_N500_P0_ALL_seed016,P0_ALL,H0,500,16,4,848.0852667884892
8Y_H0_N500_P0_ALL_seed016,P0_ALL,H0,500,16,5,184.4197880049287
8Y_H0_N500_P0_ALL_seed016,P0_ALL,H0,500,16,6,128.40581403971646
8Y_H0_N500_P0_ALL_seed016,P0_ALL,H0,500,16,7,187.2679731411481
8Y_H0_N500_P0_ALL_seed016,P0_ALL,H0,500,16,8,1255.057535034619
8Y_H0_N500_P0_ALL_seed016,P0_ALL,H0,500,16,9,340.6715076518276
8Y_H0_N500_P0_ALL_seed016,P0_ALL,H0,500,16,10,650.3708662881963
8Y_H0_N500_P0_ALL_seed016,P0_ALL,H0,500,16,11,131.75477172899627
8Y_H0_N500_P0_ALL_seed016,P0_ALL,H0,500,16,12,42.70858659031819
8Y_H0_N500_P0_ALL_seed016,P0_ALL,H0,500,16,13,386.90943697193325
8Y_H0_N500_P0_ALL_seed016,P0_ALL,H0,500,16,14,915.4563920526762
8Y_H0_N500_P0_ALL_seed016,P0_ALL,H0,500,16,15,40.20363745623308
8Y_H0_N500_P0_ALL_seed016,P0_ALL,H0,500,16,16,421.4990493172054
8Y_H0_N500_P0_ALL_seed016,P0_ALL,H0,500,16,17,1517.8331008273872
8Y_H0_N500_P3_ENERGY_seed016,P3_ENERGY,H0,500,16,1,500.71909692037354
8Y_H0_N500_P3_ENERGY_seed016,P3_ENERGY,H0,500,16,2,596.4676608744229
8Y_H0_N500_P3_ENERGY_seed016,P3_ENERGY,H0,500,16,3,2657.7912144223646
8Y_H0_N500_P3_ENERGY_seed016,P3_ENERGY,H0,500,16,4,731.0842593806751
8Y_H0_N500_P3_ENERGY_seed016,P3_ENERGY,H0,500,16,5,482.40496506725503
8Y_H0_N500_P3_ENERGY_seed016,P3_ENERGY,H0,500,16,6,1253.2430251776268
8Y_H0_N500_P3_ENERGY_seed016,P3_ENERGY,H0,500,16,7,340.04493038621695
8Y_H0_N500_P3_ENERGY_seed016,P3_ENERGY,H0,500,16,8,649.6361084446717
8Y_H0_N500_P3_ENERGY_seed016,P3_ENERGY,H0,500,16,9,131.41862740861598
8Y_H0_N500_P3_ENERGY_seed016,P3_ENERGY,H0,500,16,10,553.777401433651
8Y_H0_N500_P3_ENERGY_seed016,P3_ENERGY,H0,500,16,11,387.6818744196262
8Y_H0_N500_P3_ENERGY_seed016,P3_ENERGY,H0,500,16,12,914.329298554363
8Y_H0_N500_P3_ENERGY_seed016,P3_ENERGY,H0,500,16,13,39.36649830709575
8Y_H0_N500_P3_ENERGY_seed016,P3_ENERGY,H0,500,16,14,421.66341968160486
8Y_H0_N500_P4_RESERVE_seed016,P4_RESERVE,H0,500,16,1,500.71909692037354
8Y_H0_N500_P4_RESERVE_seed016,P4_RESERVE,H0,500,16,2,596.4676608744229
8Y_H0_N500_P4_RESERVE_seed016,P4_RESERVE,H0,500,16,3,3564.989224466983
8Y_H0_N500_P4_RESERVE_seed016,P4_RESERVE,H0,500,16,4,1638.104433418379
8Y_H0_N500_P4_RESERVE_seed016,P4_RESERVE,H0,500,16,5,482.40496506725503
8Y_H0_N500_P4_RESERVE_seed016,P4_RESERVE,H0,500,16,6,794.0986421689922
8Y_H0_N500_P4_RESERVE_seed016,P4_RESERVE,H0,500,16,7,1557.8161844859233
8Y_H0_N500_P4_RESERVE_seed016,P4_RESERVE,H0,500,16,8,339.78168162286056
8Y_H0_N500_POW_seed017,POW,H0,500,17,1,310.39506030797173
8Y_H0_N500_POW_seed017,POW,H0,500,17,2,240.01252907570694
8Y_H0_N500_POW_seed017,POW,H0,500,17,3,43.78643051835388
8Y_H0_N500_POW_seed017,POW,H0,500,17,4,62.74554943972589
8Y_H0_N500_POW_seed017,POW,H0,500,17,5,527.8732019205188
8Y_H0_N500_POW_seed017,POW,H0,500,17,6,839.0342070815077
8Y_H0_N500_POW_seed017,POW,H0,500,17,7,756.7734778884087
8Y_H0_N500_POW_seed017,POW,H0,500,17,8,272.37238182039755
8Y_H0_N500_POW_seed017,POW,H0,500,17,9,575.106790995786
8Y_H0_N500_POW_seed017,POW,H0,500,17,10,195.27813436150882
8Y_H0_N500_POW_seed017,POW,H0,500,17,11,146.98840889727717
8Y_H0_N500_POW_seed017,POW,H0,500,17,12,63.269112470585696
8Y_H0_N500_POW_seed017,POW,H0,500,17,13,685.1358749040246
8Y_H0_N500_POW_seed017,POW,H0,500,17,14,544.3085050817072
8Y_H0_N500_POW_seed017,POW,H0,500,17,15,489.552809451935
8Y_H0_N500_POW_seed017,POW,H0,500,17,16,474.7690877375326
8Y_H0_N500_POW_seed017,POW,H0,500,17,17,97.13741017422126
8Y_H0_N500_POW_seed017,POW,H0,500,17,18,473.8924578149381
8Y_H0_N500_POW_seed017,POW,H0,500,17,19,64.27698288158444
8Y_H0_N500_POW_seed017,POW,H0,500,17,20,272.62807337274535
8Y_H0_N500_POW_seed017,POW,H0,500,17,21,392.7655827079752
8Y_H0_N500_POW_seed017,POW,H0,500,17,22,1073.7204879684014
8Y_H0_N500_POW_seed017,POW,H0,500,17,23,471.781529820395
8Y_H0_N500_POW_seed017,POW,H0,500,17,24,118.75349366735463
8Y_H0_N500_POW_seed017,POW,H0,500,17,25,120.88483173111126
8Y_H0_N500_P0_ALL_seed017,P0_ALL,H0,500,17,1,310.39506030797173
8Y_H0_N500_P0_ALL_seed017,P0_ALL,H0,500,17,2,240.01252907570694
8Y_H0_N500_P0_ALL_seed017,P0_ALL,H0,500,17,3,43.78643051835388
8Y_H0_N500_P0_ALL_seed017,P0_ALL,H0,500,17,4,62.74554943972589
8Y_H0_N500_P0_ALL_seed017,P0_ALL,H0,500,17,5,527.8732019205188
8Y_H0_N500_P0_ALL_seed017,P0_ALL,H0,500,17,6,840.9215224346383
8Y_H0_N500_P0_ALL_seed017,P0_ALL,H0,500,17,7,760.2584231178291
8Y_H0_N500_P0_ALL_seed017,P0_ALL,H0,500,17,8,272.37238182039755
8Y_H0_N500_P0_ALL_seed017,P0_ALL,H0,500,17,9,575.106790995786
8Y_H0_N500_P0_ALL_seed017,P0_ALL,H0,500,17,10,195.27813436150882
8Y_H0_N500_P0_ALL_seed017,P0_ALL,H0,500,17,11,146.98840889727717
8Y_H0_N500_P0_ALL_seed017,P0_ALL,H0,500,17,12,63.269112470585696
8Y_H0_N500_P0_ALL_seed017,P0_ALL,H0,500,17,13,687.4802504427093
8Y_H0_N500_P0_ALL_seed017,P0_ALL,H0,500,17,14,544.3085050817072
8Y_H0_N500_P0_ALL_seed017,P0_ALL,H0,500,17,15,489.552809451935
8Y_H0_N500_P0_ALL_seed017,P0_ALL,H0,500,17,16,474.7690877375326
8Y_H0_N500_P0_ALL_seed017,P0_ALL,H0,500,17,17,97.13741017422126
8Y_H0_N500_P0_ALL_seed017,P0_ALL,H0,500,17,18,473.8924578149381
8Y_H0_N500_P0_ALL_seed017,P0_ALL,H0,500,17,19,64.27698288158444
8Y_H0_N500_P0_ALL_seed017,P0_ALL,H0,500,17,20,272.62807337274535
8Y_H0_N500_P0_ALL_seed017,P0_ALL,H0,500,17,21,392.7655827079752
8Y_H0_N500_P0_ALL_seed017,P0_ALL,H0,500,17,22,1075.777280659152
8Y_H0_N500_P0_ALL_seed017,P0_ALL,H0,500,17,23,471.781529820395
8Y_H0_N500_P0_ALL_seed017,P0_ALL,H0,500,17,24,118.75349366735463
8Y_H0_N500_P0_ALL_seed017,P0_ALL,H0,500,17,25,120.88483173111126
8Y_H0_N500_P3_ENERGY_seed017,P3_ENERGY,H0,500,17,1,839.8127553439917
8Y_H0_N500_P3_ENERGY_seed017,P3_ENERGY,H0,500,17,2,44.87769411595934
8Y_H0_N500_P3_ENERGY_seed017,P3_ENERGY,H0,500,17,3,2046.669578275726
8Y_H0_N500_P3_ENERGY_seed017,P3_ENERGY,H0,500,17,4,1802.4509997444948
8Y_H0_N500_P3_ENERGY_seed017,P3_ENERGY,H0,500,17,5,798.2050108008971
8Y_H0_N500_P3_ENERGY_seed017,P3_ENERGY,H0,500,17,6,664.9971536287767
8Y_H0_N500_P3_ENERGY_seed017,P3_ENERGY,H0,500,17,7,686.96742780371
8Y_H0_N500_P3_ENERGY_seed017,P3_ENERGY,H0,500,17,8,543.684087583847
8Y_H0_N500_P3_ENERGY_seed017,P3_ENERGY,H0,500,17,9,1076.8452591188034
8Y_H0_N500_P3_ENERGY_seed017,P3_ENERGY,H0,500,17,10,535.3127513091003
8Y_H0_N500_P3_ENERGY_seed017,P3_ENERGY,H0,500,17,11,475.05740389541825
8Y_H0_N500_P3_ENERGY_seed017,P3_ENERGY,H0,500,17,12,64.51143036937901
8Y_H0_N500_P3_ENERGY_seed017,P3_ENERGY,H0,500,17,13,273.26054359054797
8Y_H0_N500_P4_RESERVE_seed017,P4_RESERVE,H0,500,17,1,920.3950603079718
8Y_H0_N500_P4_RESERVE_seed017,P4_RESERVE,H0,500,17,2,240.01252907570688
8Y_H0_N500_P4_RESERVE_seed017,P4_RESERVE,H0,500,17,3,43.78643051835388
8Y_H0_N500_P4_RESERVE_seed017,P4_RESERVE,H0,500,17,4,2173.981993018341
8Y_H0_N500_P4_RESERVE_seed017,P4_RESERVE,H0,500,17,5,238.30268800599197
8Y_H0_N500_P4_RESERVE_seed017,P4_RESERVE,H0,500,17,6,837.8700411841032
8Y_H0_N500_P4_RESERVE_seed017,P4_RESERVE,H0,500,17,7,2107.827321866347
8Y_H0_N500_P4_RESERVE_seed017,P4_RESERVE,H0,500,17,8,1666.7529270212108
8Y_H0_N500_P4_RESERVE_seed017,P4_RESERVE,H0,500,17,9,1572.4088512481485
8Y_H0_N500_POW_seed018,POW,H0,500,18,1,523.8401688400858
8Y_H0_N500_POW_seed018,POW,H0,500,18,2,578.9287680840054
8Y_H0_N500_POW_seed018,POW,H0,500,18,3,229.38655345487518
8Y_H0_N500_POW_seed018,POW,H0,500,18,4,646.4046520878912
8Y_H0_N500_POW_seed018,POW,H0,500,18,5,425.529410767168
8Y_H0_N500_POW_seed018,POW,H0,500,18,6,483.5920243624705
8Y_H0_N500_POW_seed018,POW,H0,500,18,7,349.6629724949257
8Y_H0_N500_POW_seed018,POW,H0,500,18,8,298.0198984626154
8Y_H0_N500_POW_seed018,POW,H0,500,18,9,653.9399504898211
8Y_H0_N500_POW_seed018,POW,H0,500,18,10,389.25179699996625
8Y_H0_N500_POW_seed018,POW,H0,500,18,11,1662.6656874567525
8Y_H0_N500_POW_seed018,POW,H0,500,18,12,399.4826444703385
8Y_H0_N500_POW_seed018,POW,H0,500,18,13,22.391756585143412
8Y_H0_N500_POW_seed018,POW,H0,500,18,14,238.43286871484088
8Y_H0_N500_POW_seed018,POW,H0,500,18,15,198.95851479339944
8Y_H0_N500_POW_seed018,POW,H0,500,18,16,433.51196320456165
8Y_H0_N500_POW_seed018,POW,H0,500,18,17,87.08883599613637
8Y_H0_N500_POW_seed018,POW,H0,500,18,18,362.83926439329935
8Y_H0_N500_POW_seed018,POW,H0,500,18,19,555.9170924993277
8Y_H0_N500_POW_seed018,POW,H0,500,18,20,128.50949778941867
8Y_H0_N500_POW_seed018,POW,H0,500,18,21,339.8868061959729
8Y_H0_N500_POW_seed018,POW,H0,500,18,22,752.0990872161365
8Y_H0_N500_P0_ALL_seed018,P0_ALL,H0,500,18,1,523.8401688400858
8Y_H0_N500_P0_ALL_seed018,P0_ALL,H0,500,18,2,578.9287680840054
8Y_H0_N500_P0_ALL_seed018,P0_ALL,H0,500,18,3,229.38655345487518
8Y_H0_N500_P0_ALL_seed018,P0_ALL,H0,500,18,4,650.5301992765767
8Y_H0_N500_P0_ALL_seed018,P0_ALL,H0,500,18,5,425.5294107671682
8Y_H0_N500_P0_ALL_seed018,P0_ALL,H0,500,18,6,483.5920243624705
8Y_H0_N500_P0_ALL_seed018,P0_ALL,H0,500,18,7,349.6629724949257
8Y_H0_N500_P0_ALL_seed018,P0_ALL,H0,500,18,8,298.0198984626154
8Y_H0_N500_P0_ALL_seed018,P0_ALL,H0,500,18,9,657.1227920770111
8Y_H0_N500_P0_ALL_seed018,P0_ALL,H0,500,18,10,389.25179699996534
8Y_H0_N500_P0_ALL_seed018,P0_ALL,H0,500,18,11,1667.410806750544
8Y_H0_N500_P0_ALL_seed018,P0_ALL,H0,500,18,12,399.4826444703385
8Y_H0_N500_P0_ALL_seed018,P0_ALL,H0,500,18,13,22.391756585143412
8Y_H0_N500_P0_ALL_seed018,P0_ALL,H0,500,18,14,238.43286871484088
8Y_H0_N500_P0_ALL_seed018,P0_ALL,H0,500,18,15,198.95851479339944
8Y_H0_N500_P0_ALL_seed018,P0_ALL,H0,500,18,16,433.51196320456165
8Y_H0_N500_P0_ALL_seed018,P0_ALL,H0,500,18,17,87.08883599613637
8Y_H0_N500_P0_ALL_seed018,P0_ALL,H0,500,18,18,362.83926439329935
8Y_H0_N500_P0_ALL_seed018,P0_ALL,H0,500,18,19,555.9170924993277
8Y_H0_N500_P0_ALL_seed018,P0_ALL,H0,500,18,20,128.50949778941867
8Y_H0_N500_P0_ALL_seed018,P0_ALL,H0,500,18,21,339.8868061959729
8Y_H0_N500_P0_ALL_seed018,P0_ALL,H0,500,18,22,754.6663335616449
8Y_H0_N500_P3_ENERGY_seed018,P3_ENERGY,H0,500,18,1,1179.0505033829327
8Y_H0_N500_P3_ENERGY_seed018,P3_ENERGY,H0,500,18,2,2230.76387088979
8Y_H0_N500_P3_ENERGY_seed018,P3_ENERGY,H0,500,18,3,484.72305668822946
8Y_H0_N500_P3_ENERGY_seed018,P3_ENERGY,H0,500,18,4,349.63039823621284
8Y_H0_N500_P3_ENERGY_seed018,P3_ENERGY,H0,500,18,5,298.3845740182642
8Y_H0_N500_P3_ENERGY_seed018,P3_ENERGY,H0,500,18,6,657.360303260296
8Y_H0_N500_P3_ENERGY_seed018,P3_ENERGY,H0,500,18,7,482.9126533515282
8Y_H0_N500_P3_ENERGY_seed018,P3_ENERGY,H0,500,18,8,2208.1071603929922
8Y_H0_N500_P3_ENERGY_seed018,P3_ENERGY,H0,500,18,9,22.156210639663186
8Y_H0_N500_P3_ENERGY_seed018,P3_ENERGY,H0,500,18,10,238.51642207307032
8Y_H0_N500_P3_ENERGY_seed018,P3_ENERGY,H0,500,18,11,199.5909205885464
8Y_H0_N500_P3_ENERGY_seed018,P3_ENERGY,H0,500,18,12,433.95330545925026
8Y_H0_N500_P3_ENERGY_seed018,P3_ENERGY,H0,500,18,13,964.0919035577335
8Y_H0_N500_P4_RESERVE_seed018,P4_RESERVE,H0,500,18,1,1133.8401688400859
8Y_H0_N500_P4_RESERVE_seed018,P4_RESERVE,H0,500,18,2,578.9287680840052
8Y_H0_N500_P4_RESERVE_seed018,P4_RESERVE,H0,500,18,3,539.2813928170071
8Y_H0_N500_P4_RESERVE_seed018,P4_RESERVE,H0,500,18,4,1556.9022498461718
8Y_H0_N500_P4_RESERVE_seed018,P4_RESERVE,H0,500,18,5,425.5294107671675
8Y_H0_N500_P4_RESERVE_seed018,P4_RESERVE,H0,500,18,6,483.5920243624705
8Y_H0_N500_P4_RESERVE_seed018,P4_RESERVE,H0,500,18,7,349.6629724949262
8Y_H0_N500_P4_RESERVE_seed018,P4_RESERVE,H0,500,18,8,298.01989846261586
8Y_H0_N500_P4_RESERVE_seed018,P4_RESERVE,H0,500,18,9,1564.0090305348622
8Y_H0_N500_P4_RESERVE_seed018,P4_RESERVE,H0,500,18,10,483.60886451134047
8Y_H0_N500_POW_seed019,POW,H0,500,19,1,500.3825536520192
8Y_H0_N500_POW_seed019,POW,H0,500,19,2,853.6482364500366
8Y_H0_N500_POW_seed019,POW,H0,500,19,3,275.762490953485
8Y_H0_N500_POW_seed019,POW,H0,500,19,4,228.40450595438574
8Y_H0_N500_POW_seed019,POW,H0,500,19,5,359.41224614470434
8Y_H0_N500_POW_seed019,POW,H0,500,19,6,494.0672972963707
8Y_H0_N500_POW_seed019,POW,H0,500,19,7,101.76880241808385
8Y_H0_N500_POW_seed019,POW,H0,500,19,8,27.304381070551244
8Y_H0_N500_POW_seed019,POW,H0,500,19,9,125.61202002549817
8Y_H0_N500_POW_seed019,POW,H0,500,19,10,629.4453453269712
8Y_H0_N500_POW_seed019,POW,H0,500,19,11,22.742275487641564
8Y_H0_N500_POW_seed019,POW,H0,500,19,12,1219.19826115267
8Y_H0_N500_POW_seed019,POW,H0,500,19,13,1241.2885589795023
8Y_H0_N500_POW_seed019,POW,H0,500,19,14,14.622002899112886
8Y_H0_N500_POW_seed019,POW,H0,500,19,15,212.85929849853255
8Y_H0_N500_POW_seed019,POW,H0,500,19,16,897.2478456083718
8Y_H0_N500_POW_seed019,POW,H0,500,19,17,1195.6596208014034
8Y_H0_N500_POW_seed019,POW,H0,500,19,18,585.4043302749742
8Y_H0_N500_P0_ALL_seed019,P0_ALL,H0,500,19,1,500.3825536520192
8Y_H0_N500_P0_ALL_seed019,P0_ALL,H0,500,19,2,856.5100822131442
8Y_H0_N500_P0_ALL_seed019,P0_ALL,H0,500,19,3,275.7624909534852
8Y_H0_N500_P0_ALL_seed019,P0_ALL,H0,500,19,4,228.40450595438574
8Y_H0_N500_P0_ALL_seed019,P0_ALL,H0,500,19,5,359.41224614470434
8Y_H0_N500_P0_ALL_seed019,P0_ALL,H0,500,19,6,494.0672972963707
8Y_H0_N500_P0_ALL_seed019,P0_ALL,H0,500,19,7,101.76880241808385
8Y_H0_N500_P0_ALL_seed019,P0_ALL,H0,500,19,8,27.304381070551244
8Y_H0_N500_P0_ALL_seed019,P0_ALL,H0,500,19,9,125.61202002549817
8Y_H0_N500_P0_ALL_seed019,P0_ALL,H0,500,19,10,632.3223768264816
8Y_H0_N500_P0_ALL_seed019,P0_ALL,H0,500,19,11,22.742275487641564
8Y_H0_N500_P0_ALL_seed019,P0_ALL,H0,500,19,12,1226.5258253151405
8Y_H0_N500_P0_ALL_seed019,P0_ALL,H0,500,19,13,1245.5934129506277
8Y_H0_N500_P0_ALL_seed019,P0_ALL,H0,500,19,14,14.622002899112886
8Y_H0_N500_P0_ALL_seed019,P0_ALL,H0,500,19,15,212.85929849853255
8Y_H0_N500_P0_ALL_seed019,P0_ALL,H0,500,19,16,898.6793199391022
8Y_H0_N500_P0_ALL_seed019,P0_ALL,H0,500,19,17,1199.8992860072703
8Y_H0_N500_P0_ALL_seed019,P0_ALL,H0,500,19,18,585.4043302749742
8Y_H0_N500_P3_ENERGY_seed019,P3_ENERGY,H0,500,19,1,1455.7413958017821
8Y_H0_N500_P3_ENERGY_seed019,P3_ENERGY,H0,500,19,2,275.82559807153825
8Y_H0_N500_P3_ENERGY_seed019,P3_ENERGY,H0,500,19,3,961.2587074147741
8Y_H0_N500_P3_ENERGY_seed019,P3_ENERGY,H0,500,19,4,1231.9089678358368
8Y_H0_N500_P3_ENERGY_seed019,P3_ENERGY,H0,500,19,5,1243.9769937730011
8Y_H0_N500_P3_ENERGY_seed019,P3_ENERGY,H0,500,19,6,23.847687716853216
8Y_H0_N500_P3_ENERGY_seed019,P3_ENERGY,H0,500,19,7,1224.0022700644477
8Y_H0_N500_P3_ENERGY_seed019,P3_ENERGY,H0,500,19,8,1247.6874957699065
8Y_H0_N500_P3_ENERGY_seed019,P3_ENERGY,H0,500,19,9,14.405815208226159
8Y_H0_N500_P3_ENERGY_seed019,P3_ENERGY,H0,500,19,10,531.6954938847766
8Y_H0_N500_P3_ENERGY_seed019,P3_ENERGY,H0,500,19,11,898.0688009754667
8Y_H0_N500_P4_RESERVE_seed019,P4_RESERVE,H0,500,19,1,810.3825536520192
8Y_H0_N500_P4_RESERVE_seed019,P4_RESERVE,H0,500,19,2,1762.4173366393381
8Y_H0_N500_P4_RESERVE_seed019,P4_RESERVE,H0,500,19,3,275.7624909534852
8Y_H0_N500_P4_RESERVE_seed019,P4_RESERVE,H0,500,19,4,1738.0253640021206
8Y_H0_N500_P4_RESERVE_seed019,P4_RESERVE,H0,500,19,5,2004.052027051037
8Y_H0_N500_P4_RESERVE_seed019,P4_RESERVE,H0,500,19,6,27.362194016606736
8Y_H0_N500_P4_RESERVE_seed019,P4_RESERVE,H0,500,19,7,411.5060834118185
8Y_H0_N500_P4_RESERVE_seed019,P4_RESERVE,H0,500,19,8,1548.4004996369267
8Y_H0_N500_P4_RESERVE_seed019,P4_RESERVE,H0,500,19,9,23.223162196014528
8Y_H0_N500_P4_RESERVE_seed019,P4_RESERVE,H0,500,19,10,735.3423665767659
8Y_H0_N500_POW_seed020,POW,H0,500,20,1,396.82776328989786
8Y_H0_N500_POW_seed020,POW,H0,500,20,2,5616.993833059721
8Y_H0_N500_POW_seed020,POW,H0,500,20,3,5.476419836699279
8Y_H0_N500_POW_seed020,POW,H0,500,20,4,427.57897784618217
8Y_H0_N500_POW_seed020,POW,H0,500,20,5,1191.7410118957632
8Y_H0_N500_POW_seed020,POW,H0,500,20,6,354.2249948572862
8Y_H0_N500_POW_seed020,POW,H0,500,20,7,795.0152227322542
8Y_H0_N500_POW_seed020,POW,H0,500,20,8,104.8945934164476
8Y_H0_N500_POW_seed020,POW,H0,500,20,9,517.0314881164377
8Y_H0_N500_POW_seed020,POW,H0,500,20,10,48.85822257604559
8Y_H0_N500_P0_ALL_seed020,P0_ALL,H0,500,20,1,396.82776328989786
8Y_H0_N500_P0_ALL_seed020,P0_ALL,H0,500,20,2,5640.291688431145
8Y_H0_N500_P0_ALL_seed020,P0_ALL,H0,500,20,3,5.476419836699279
8Y_H0_N500_P0_ALL_seed020,P0_ALL,H0,500,20,4,427.57897784618217
8Y_H0_N500_P0_ALL_seed020,P0_ALL,H0,500,20,5,1194.651373776086
8Y_H0_N500_P0_ALL_seed020,P0_ALL,H0,500,20,6,354.2249948572862
8Y_H0_N500_P0_ALL_seed020,P0_ALL,H0,500,20,7,796.72739207003
8Y_H0_N500_P0_ALL_seed020,P0_ALL,H0,500,20,8,104.8945934164476
8Y_H0_N500_P0_ALL_seed020,P0_ALL,H0,500,20,9,517.0314881164377
8Y_H0_N500_P0_ALL_seed020,P0_ALL,H0,500,20,10,48.85822257604559
8Y_H0_N500_P3_ENERGY_seed020,P3_ENERGY,H0,500,20,1,6239.985250479299
8Y_H0_N500_P3_ENERGY_seed020,P3_ENERGY,H0,500,20,2,6.165238246682748
8Y_H0_N500_P3_ENERGY_seed020,P3_ENERGY,H0,500,20,3,3278.733526426071
8Y_H0_N500_P4_RESERVE_seed020,P4_RESERVE,H0,500,20,1,1006.8277632898978
8Y_H0_N500_P4_RESERVE_seed020,P4_RESERVE,H0,500,20,2,6548.032660242141
8Y_H0_N500_P4_RESERVE_seed020,P4_RESERVE,H0,500,20,3,5.476419836699279
8Y_H0_N500_P4_RESERVE_seed020,P4_RESERVE,H0,500,20,4,896.6830179738945
8Y_H0_N500_P4_RESERVE_seed020,P4_RESERVE,H0,500,20,5,1036.1981839871587
8Y_H0_N500_POW_seed021,POW,H0,500,21,1,986.097349946582
8Y_H0_N500_POW_seed021,POW,H0,500,21,2,414.7500826597163
8Y_H0_N500_POW_seed021,POW,H0,500,21,3,253.76893251845058
8Y_H0_N500_POW_seed021,POW,H0,500,21,4,523.9551693983208
8Y_H0_N500_POW_seed021,POW,H0,500,21,5,263.68420146227345
8Y_H0_N500_POW_seed021,POW,H0,500,21,6,241.60438303186766
8Y_H0_N500_POW_seed021,POW,H0,500,21,7,110.47854366983665
8Y_H0_N500_POW_seed021,POW,H0,500,21,8,1896.3143899331212
8Y_H0_N500_POW_seed021,POW,H0,500,21,9,582.0649243775297
8Y_H0_N500_POW_seed021,POW,H0,500,21,10,13.663985211022009
8Y_H0_N500_POW_seed021,POW,H0,500,21,11,47.46242480191722
8Y_H0_N500_POW_seed021,POW,H0,500,21,12,78.67746295787492
8Y_H0_N500_POW_seed021,POW,H0,500,21,13,301.2364333979622
8Y_H0_N500_POW_seed021,POW,H0,500,21,14,165.79049340360416
8Y_H0_N500_POW_seed021,POW,H0,500,21,15,315.91807170744414
8Y_H0_N500_POW_seed021,POW,H0,500,21,16,893.3259489588545
8Y_H0_N500_POW_seed021,POW,H0,500,21,17,837.3652770618219
8Y_H0_N500_POW_seed021,POW,H0,500,21,18,1733.9389200778614
8Y_H0_N500_P0_ALL_seed021,P0_ALL,H0,500,21,1,986.2159123986719
8Y_H0_N500_P0_ALL_seed021,P0_ALL,H0,500,21,2,414.7500826597163
8Y_H0_N500_P0_ALL_seed021,P0_ALL,H0,500,21,3,253.76893251845058
8Y_H0_N500_P0_ALL_seed021,P0_ALL,H0,500,21,4,523.9551693983208
8Y_H0_N500_P0_ALL_seed021,P0_ALL,H0,500,21,5,263.68420146227345
8Y_H0_N500_P0_ALL_seed021,P0_ALL,H0,500,21,6,241.60438303186766
8Y_H0_N500_P0_ALL_seed021,P0_ALL,H0,500,21,7,110.47854366983665
8Y_H0_N500_P0_ALL_seed021,P0_ALL,H0,500,21,8,1904.0631183813157
8Y_H0_N500_P0_ALL_seed021,P0_ALL,H0,500,21,9,582.0649243775297
8Y_H0_N500_P0_ALL_seed021,P0_ALL,H0,500,21,10,13.663985211022009
8Y_H0_N500_P0_ALL_seed021,P0_ALL,H0,500,21,11,47.46242480191722
8Y_H0_N500_P0_ALL_seed021,P0_ALL,H0,500,21,12,78.67746295787492
8Y_H0_N500_P0_ALL_seed021,P0_ALL,H0,500,21,13,301.2364333979622
8Y_H0_N500_P0_ALL_seed021,P0_ALL,H0,500,21,14,165.79049340360416
8Y_H0_N500_P0_ALL_seed021,P0_ALL,H0,500,21,15,315.91807170744414
8Y_H0_N500_P0_ALL_seed021,P0_ALL,H0,500,21,16,895.9719821738227
8Y_H0_N500_P0_ALL_seed021,P0_ALL,H0,500,21,17,839.8910791642847
8Y_H0_N500_P0_ALL_seed021,P0_ALL,H0,500,21,18,1739.7380362238746
8Y_H0_N500_P3_ENERGY_seed021,P3_ENERGY,H0,500,21,1,2058.799479860632
8Y_H0_N500_P3_ENERGY_seed021,P3_ENERGY,H0,500,21,2,524.1059630617733
8Y_H0_N500_P3_ENERGY_seed021,P3_ENERGY,H0,500,21,3,263.3522574387903
8Y_H0_N500_P3_ENERGY_seed021,P3_ENERGY,H0,500,21,4,241.38458600677995
8Y_H0_N500_P3_ENERGY_seed021,P3_ENERGY,H0,500,21,5,110.43019540925616
8Y_H0_N500_P3_ENERGY_seed021,P3_ENERGY,H0,500,21,6,1988.78967388396
8Y_H0_N500_P3_ENERGY_seed021,P3_ENERGY,H0,500,21,7,582.216467316568
8Y_H0_N500_P3_ENERGY_seed021,P3_ENERGY,H0,500,21,8,53.54430293366204
8Y_H0_N500_P3_ENERGY_seed021,P3_ENERGY,H0,500,21,9,47.61740922770787
8Y_H0_N500_P3_ENERGY_seed021,P3_ENERGY,H0,500,21,10,1370.2801235730903
8Y_H0_N500_P3_ENERGY_seed021,P3_ENERGY,H0,500,21,11,1499.3789027009852
8Y_H0_N500_P4_RESERVE_seed021,P4_RESERVE,H0,500,21,1,1896.215912398672
8Y_H0_N500_P4_RESERVE_seed021,P4_RESERVE,H0,500,21,2,1024.1017118430211
8Y_H0_N500_P4_RESERVE_seed021,P4_RESERVE,H0,500,21,3,253.76893251845013
8Y_H0_N500_P4_RESERVE_seed021,P4_RESERVE,H0,500,21,4,523.9551693983212
8Y_H0_N500_P4_RESERVE_seed021,P4_RESERVE,H0,500,21,5,263.68420146227345
8Y_H0_N500_P4_RESERVE_seed021,P4_RESERVE,H0,500,21,6,241.60438303186766
8Y_H0_N500_P4_RESERVE_seed021,P4_RESERVE,H0,500,21,7,110.47854366983665
8Y_H0_N500_P4_RESERVE_seed021,P4_RESERVE,H0,500,21,8,2895.4267210134485
8Y_H0_N500_P4_RESERVE_seed021,P4_RESERVE,H0,500,21,9,582.0649243775297
8Y_H0_N500_P4_RESERVE_seed021,P4_RESERVE,H0,500,21,10,53.60542550363334
8Y_H0_N500_P4_RESERVE_seed021,P4_RESERVE,H0,500,21,11,47.46242480191722
8Y_H0_N500_POW_seed022,POW,H0,500,22,1,257.08947296244577
8Y_H0_N500_POW_seed022,POW,H0,500,22,2,208.51831921378295
8Y_H0_N500_POW_seed022,POW,H0,500,22,3,387.65440383527925
8Y_H0_N500_POW_seed022,POW,H0,500,22,4,367.6414624497338
8Y_H0_N500_POW_seed022,POW,H0,500,22,5,714.6249247381822
8Y_H0_N500_POW_seed022,POW,H0,500,22,6,1228.7440731792497
8Y_H0_N500_POW_seed022,POW,H0,500,22,7,2154.468985442646
8Y_H0_N500_POW_seed022,POW,H0,500,22,8,654.4701082223673
8Y_H0_N500_POW_seed022,POW,H0,500,22,9,390.9776022754295
8Y_H0_N500_POW_seed022,POW,H0,500,22,10,197.17492993350788
8Y_H0_N500_POW_seed022,POW,H0,500,22,11,524.8113869065901
8Y_H0_N500_POW_seed022,POW,H0,500,22,12,128.19782571891392
8Y_H0_N500_POW_seed022,POW,H0,500,22,13,1832.00118926935
8Y_H0_N500_POW_seed022,POW,H0,500,22,14,134.4821230565758
8Y_H0_N500_POW_seed022,POW,H0,500,22,15,578.0289163879042
8Y_H0_N500_P0_ALL_seed022,P0_ALL,H0,500,22,1,257.08947296244577
8Y_H0_N500_P0_ALL_seed022,P0_ALL,H0,500,22,2,208.51831921378295
8Y_H0_N500_P0_ALL_seed022,P0_ALL,H0,500,22,3,387.65440383527925
8Y_H0_N500_P0_ALL_seed022,P0_ALL,H0,500,22,4,367.6414624497338
8Y_H0_N500_P0_ALL_seed022,P0_ALL,H0,500,22,5,717.5217939231304
8Y_H0_N500_P0_ALL_seed022,P0_ALL,H0,500,22,6,1234.7993762119283
8Y_H0_N500_P0_ALL_seed022,P0_ALL,H0,500,22,7,2163.4898131888394
8Y_H0_N500_P0_ALL_seed022,P0_ALL,H0,500,22,8,656.6887088402473
8Y_H0_N500_P0_ALL_seed022,P0_ALL,H0,500,22,9,390.9776022754295
8Y_H0_N500_P0_ALL_seed022,P0_ALL,H0,500,22,10,197.17492993350788
8Y_H0_N500_P0_ALL_seed022,P0_ALL,H0,500,22,11,524.8113869065901
8Y_H0_N500_P0_ALL_seed022,P0_ALL,H0,500,22,12,128.19782571891392
8Y_H0_N500_P0_ALL_seed022,P0_ALL,H0,500,22,13,1840.1059878006845
8Y_H0_N500_P0_ALL_seed022,P0_ALL,H0,500,22,14,134.4821230565758
8Y_H0_N500_P0_ALL_seed022,P0_ALL,H0,500,22,15,578.0289163879042
8Y_H0_N500_P3_ENERGY_seed022,P3_ENERGY,H0,500,22,1,257.08947296244577
8Y_H0_N500_P3_ENERGY_seed022,P3_ENERGY,H0,500,22,2,250.04883852337622
8Y_H0_N500_P3_ENERGY_seed022,P3_ENERGY,H0,500,22,3,387.65440383527925
8Y_H0_N500_P3_ENERGY_seed022,P3_ENERGY,H0,500,22,4,367.6414624497338
8Y_H0_N500_P3_ENERGY_seed022,P3_ENERGY,H0,500,22,5,717.5217939231304
8Y_H0_N500_P3_ENERGY_seed022,P3_ENERGY,H0,500,22,6,4208.003756312859
8Y_H0_N500_P3_ENERGY_seed022,P3_ENERGY,H0,500,22,7,1597.522073221291
8Y_H0_N500_P3_ENERGY_seed022,P3_ENERGY,H0,500,22,8,1127.123115772003
8Y_H0_N500_P3_ENERGY_seed022,P3_ENERGY,H0,500,22,9,128.23594939036957
8Y_H0_N500_P4_RESERVE_seed022,P4_RESERVE,H0,500,22,1,257.08947296244577
8Y_H0_N500_P4_RESERVE_seed022,P4_RESERVE,H0,500,22,2,250.04883852337622
8Y_H0_N500_P4_RESERVE_seed022,P4_RESERVE,H0,500,22,3,387.65440383527925
8Y_H0_N500_P4_RESERVE_seed022,P4_RESERVE,H0,500,22,4,367.6414624497338
8Y_H0_N500_P4_RESERVE_seed022,P4_RESERVE,H0,500,22,5,870.9980961473489
8Y_H0_N500_P4_RESERVE_seed022,P4_RESERVE,H0,500,22,6,114.37952775495978
8Y_H0_N500_P4_RESERVE_seed022,P4_RESERVE,H0,500,22,7,818.3807808830834
8Y_H0_N500_P4_RESERVE_seed022,P4_RESERVE,H0,500,22,8,4511.262140626766
8Y_H0_N500_P4_RESERVE_seed022,P4_RESERVE,H0,500,22,9,638.3037743480472
8Y_H0_N500_POW_seed023,POW,H0,500,23,1,239.817921515706
8Y_H0_N500_POW_seed023,POW,H0,500,23,2,394.107193362276
8Y_H0_N500_POW_seed023,POW,H0,500,23,3,80.93476203252658
8Y_H0_N500_POW_seed023,POW,H0,500,23,4,370.6241201135322
8Y_H0_N500_POW_seed023,POW,H0,500,23,5,1447.470768387572
8Y_H0_N500_POW_seed023,POW,H0,500,23,6,559.205083531243
8Y_H0_N500_POW_seed023,POW,H0,500,23,7,1077.3976924727672
8Y_H0_N500_POW_seed023,POW,H0,500,23,8,356.79104438523063
8Y_H0_N500_POW_seed023,POW,H0,500,23,9,5.556626086113283
8Y_H0_N500_POW_seed023,POW,H0,500,23,10,501.64985274058836
8Y_H0_N500_POW_seed023,POW,H0,500,23,11,266.42548550956417
8Y_H0_N500_POW_seed023,POW,H0,500,23,12,520.6285940382804
8Y_H0_N500_POW_seed023,POW,H0,500,23,13,425.9933938101585
8Y_H0_N500_POW_seed023,POW,H0,500,23,14,739.4515819843309
8Y_H0_N500_POW_seed023,POW,H0,500,23,15,516.7345370600015
8Y_H0_N500_POW_seed023,POW,H0,500,23,16,541.6290241335264
8Y_H0_N500_POW_seed023,POW,H0,500,23,17,775.0952357118804
8Y_H0_N500_P0_ALL_seed023,P0_ALL,H0,500,23,1,239.817921515706
8Y_H0_N500_P0_ALL_seed023,P0_ALL,H0,500,23,2,394.107193362276
8Y_H0_N500_P0_ALL_seed023,P0_ALL,H0,500,23,3,80.93476203252658
8Y_H0_N500_P0_ALL_seed023,P0_ALL,H0,500,23,4,370.6241201135322
8Y_H0_N500_P0_ALL_seed023,P0_ALL,H0,500,23,5,1454.2510114927716
8Y_H0_N500_P0_ALL_seed023,P0_ALL,H0,500,23,6,559.205083531243
8Y_H0_N500_P0_ALL_seed023,P0_ALL,H0,500,23,7,1080.9378835152124
8Y_H0_N500_P0_ALL_seed023,P0_ALL,H0,500,23,8,356.79104438523063
8Y_H0_N500_P0_ALL_seed023,P0_ALL,H0,500,23,9,5.556626086113283
8Y_H0_N500_P0_ALL_seed023,P0_ALL,H0,500,23,10,501.64985274058836
8Y_H0_N500_P0_ALL_seed023,P0_ALL,H0,500,23,11,266.42548550956417
8Y_H0_N500_P0_ALL_seed023,P0_ALL,H0,500,23,12,520.6285940382804
8Y_H0_N500_P0_ALL_seed023,P0_ALL,H0,500,23,13,425.9933938101585
8Y_H0_N500_P0_ALL_seed023,P0_ALL,H0,500,23,14,741.6843608834815
8Y_H0_N500_P0_ALL_seed023,P0_ALL,H0,500,23,15,516.7345370600015
8Y_H0_N500_P0_ALL_seed023,P0_ALL,H0,500,23,16,541.6290241335264
8Y_H0_N500_P0_ALL_seed023,P0_ALL,H0,500,23,17,777.94779164376
8Y_H0_N500_P3_ENERGY_seed023,P3_ENERGY,H0,500,23,1,1283.0511058014363
8Y_H0_N500_P3_ENERGY_seed023,P3_ENERGY,H0,500,23,2,2056.751674340655
8Y_H0_N500_P3_ENERGY_seed023,P3_ENERGY,H0,500,23,3,1684.4910270009805
8Y_H0_N500_P3_ENERGY_seed023,P3_ENERGY,H0,500,23,4,356.76485612204215
8Y_H0_N500_P3_ENERGY_seed023,P3_ENERGY,H0,500,23,5,5.566102778166169
8Y_H0_N500_P3_ENERGY_seed023,P3_ENERGY,H0,500,23,6,868.8235512784549
8Y_H0_N500_P3_ENERGY_seed023,P3_ENERGY,H0,500,23,7,520.713806867926
8Y_H0_N500_P3_ENERGY_seed023,P3_ENERGY,H0,500,23,8,1344.3244526599874
8Y_H0_N500_P3_ENERGY_seed023,P3_ENERGY,H0,500,23,9,516.0086677245354
8Y_H0_N500_P4_RESERVE_seed023,P4_RESERVE,H0,500,23,1,849.817921515706
8Y_H0_N500_P4_RESERVE_seed023,P4_RESERVE,H0,500,23,2,1003.5659373111065
8Y_H0_N500_P4_RESERVE_seed023,P4_RESERVE,H0,500,23,3,80.93476203252658
8Y_H0_N500_P4_RESERVE_seed023,P4_RESERVE,H0,500,23,4,1880.4458332985334
8Y_H0_N500_P4_RESERVE_seed023,P4_RESERVE,H0,500,23,5,1756.4142406523201
8Y_H0_N500_P4_RESERVE_seed023,P4_RESERVE,H0,500,23,6,2068.6771702281167
8Y_H0_N500_P4_RESERVE_seed023,P4_RESERVE,H0,500,23,7,477.3976924727667
8Y_H0_N500_P4_RESERVE_seed023,P4_RESERVE,H0,500,23,8,356.79104438523063
8Y_H0_N500_P4_RESERVE_seed023,P4_RESERVE,H0,500,23,9,5.556626086114193
8Y_H0_N500_POW_seed024,POW,H0,500,24,1,155.19843309779782
8Y_H0_N500_POW_seed024,POW,H0,500,24,2,600.4942995304255
8Y_H0_N500_POW_seed024,POW,H0,500,24,3,432.50363056471724
8Y_H0_N500_POW_seed024,POW,H0,500,24,4,213.3750028621091
8Y_H0_N500_POW_seed024,POW,H0,500,24,5,66.03211529505734
8Y_H0_N500_POW_seed024,POW,H0,500,24,6,2484.1526369894314
8Y_H0_N500_POW_seed024,POW,H0,500,24,7,44.01392522629021
8Y_H0_N500_POW_seed024,POW,H0,500,24,8,1074.8811049915562
8Y_H0_N500_POW_seed024,POW,H0,500,24,9,1247.1935879241855
8Y_H0_N500_POW_seed024,POW,H0,500,24,10,845.1364073242103
8Y_H0_N500_POW_seed024,POW,H0,500,24,11,819.6274519510189
8Y_H0_N500_POW_seed024,POW,H0,500,24,12,93.52037476767964
8Y_H0_N500_POW_seed024,POW,H0,500,24,13,266.06548109800224
8Y_H0_N500_POW_seed024,POW,H0,500,24,14,182.86103932060178
8Y_H0_N500_POW_seed024,POW,H0,500,24,15,437.791030436847
8Y_H0_N500_P0_ALL_seed024,P0_ALL,H0,500,24,1,155.19843309779782
8Y_H0_N500_P0_ALL_seed024,P0_ALL,H0,500,24,2,600.4942995304255
8Y_H0_N500_P0_ALL_seed024,P0_ALL,H0,500,24,3,54.90303736701799
8Y_H0_N500_P0_ALL_seed024,P0_ALL,H0,500,24,4,213.3750028621091
8Y_H0_N500_P0_ALL_seed024,P0_ALL,H0,500,24,5,291.71392531421134
8Y_H0_N500_P0_ALL_seed024,P0_ALL,H0,500,24,6,65.72271637656513
8Y_H0_N500_P0_ALL_seed024,P0_ALL,H0,500,24,7,2495.7640045315225
8Y_H0_N500_P0_ALL_seed024,P0_ALL,H0,500,24,8,44.05057522676725
8Y_H0_N500_P0_ALL_seed024,P0_ALL,H0,500,24,9,1077.303565829211
8Y_H0_N500_P0_ALL_seed024,P0_ALL,H0,500,24,10,1253.8324515271552
8Y_H0_N500_P0_ALL_seed024,P0_ALL,H0,500,24,11,848.2092533979485
8Y_H0_N500_P0_ALL_seed024,P0_ALL,H0,500,24,12,820.821373701473
8Y_H0_N500_P0_ALL_seed024,P0_ALL,H0,500,24,13,93.8818977561159
8Y_H0_N500_P0_ALL_seed024,P0_ALL,H0,500,24,14,182.86103932060087
8Y_H0_N500_P0_ALL_seed024,P0_ALL,H0,500,24,15,1040.9882524335517
8Y_H0_N500_P3_ENERGY_seed024,P3_ENERGY,H0,500,24,1,1497.2770231088425
8Y_H0_N500_P3_ENERGY_seed024,P3_ENERGY,H0,500,24,2,431.2519762046709
8Y_H0_N500_P3_ENERGY_seed024,P3_ENERGY,H0,500,24,3,291.73984292350997
8Y_H0_N500_P3_ENERGY_seed024,P3_ENERGY,H0,500,24,4,3097.037313002598
8Y_H0_N500_P3_ENERGY_seed024,P3_ENERGY,H0,500,24,5,44.16863159098739
8Y_H0_N500_P3_ENERGY_seed024,P3_ENERGY,H0,500,24,6,1076.5786381122107
8Y_H0_N500_P3_ENERGY_seed024,P3_ENERGY,H0,500,24,7,2781.798377987242
8Y_H0_N500_P4_RESERVE_seed024,P4_RESERVE,H0,500,24,1,465.1984330977978
8Y_H0_N500_P4_RESERVE_seed024,P4_RESERVE,H0,500,24,2,1803.8796499416892
8Y_H0_N500_P4_RESERVE_seed024,P4_RESERVE,H0,500,24,3,432.50363056471724
8Y_H0_N500_P4_RESERVE_seed024,P4_RESERVE,H0,500,24,4,292.08758310067196
8Y_H0_N500_P4_RESERVE_seed024,P4_RESERVE,H0,500,24,5,964.3899123120455
8Y_H0_N500_P4_RESERVE_seed024,P4_RESERVE,H0,500,24,6,823.0303929135148
8Y_H0_N500_P4_RESERVE_seed024,P4_RESERVE,H0,500,24,7,2179.1447711449055
8Y_H0_N500_P4_RESERVE_seed024,P4_RESERVE,H0,500,24,8,84.73573847767602
8Y_H0_N500_P4_RESERVE_seed024,P4_RESERVE,H0,500,24,9,44.14653021324011
8Y_H0_N500_P4_RESERVE_seed024,P4_RESERVE,H0,500,24,10,1983.9634928719688
8Y_H0_N500_POW_seed025,POW,H0,500,25,1,528.1358521684162
8Y_H0_N500_POW_seed025,POW,H0,500,25,2,279.0383474370806
8Y_H0_N500_POW_seed025,POW,H0,500,25,3,851.727943787884
8Y_H0_N500_POW_seed025,POW,H0,500,25,4,325.60867896287914
8Y_H0_N500_POW_seed025,POW,H0,500,25,5,779.3943481884992
8Y_H0_N500_POW_seed025,POW,H0,500,25,6,697.3440217661441
8Y_H0_N500_POW_seed025,POW,H0,500,25,7,237.56078198827026
8Y_H0_N500_POW_seed025,POW,H0,500,25,8,173.54801310807852
8Y_H0_N500_POW_seed025,POW,H0,500,25,9,148.86001521411026
8Y_H0_N500_POW_seed025,POW,H0,500,25,10,1135.1486241443795
8Y_H0_N500_POW_seed025,POW,H0,500,25,11,1297.0738850653352
8Y_H0_N500_POW_seed025,POW,H0,500,25,12,98.43644256463813
8Y_H0_N500_POW_seed025,POW,H0,500,25,13,43.25420907204716
8Y_H0_N500_POW_seed025,POW,H0,500,25,14,1450.0390538461552
8Y_H0_N500_POW_seed025,POW,H0,500,25,15,564.7450188270368
8Y_H0_N500_POW_seed025,POW,H0,500,25,16,338.4850115294721
8Y_H0_N500_POW_seed025,POW,H0,500,25,17,386.9620803059115
8Y_H0_N500_POW_seed025,POW,H0,500,25,18,587.3703135500255
8Y_H0_N500_P0_ALL_seed025,P0_ALL,H0,500,25,1,528.1358521684162
8Y_H0_N500_P0_ALL_seed025,P0_ALL,H0,500,25,2,279.0383474370806
8Y_H0_N500_P0_ALL_seed025,P0_ALL,H0,500,25,3,854.0782917640622
8Y_H0_N500_P0_ALL_seed025,P0_ALL,H0,500,25,4,325.60867896287914
8Y_H0_N500_P0_ALL_seed025,P0_ALL,H0,500,25,5,781.2247837237569
8Y_H0_N500_P0_ALL_seed025,P0_ALL,H0,500,25,6,700.2185098543969
8Y_H0_N500_P0_ALL_seed025,P0_ALL,H0,500,25,7,237.56078198827026
8Y_H0_N500_P0_ALL_seed025,P0_ALL,H0,500,25,8,173.54801310807852
8Y_H0_N500_P0_ALL_seed025,P0_ALL,H0,500,25,9,148.86001521411026
8Y_H0_N500_P0_ALL_seed025,P0_ALL,H0,500,25,10,1138.5208640062583
8Y_H0_N500_P0_ALL_seed025,P0_ALL,H0,500,25,11,1303.549689043909
8Y_H0_N500_P0_ALL_seed025,P0_ALL,H0,500,25,12,98.43644256463813
8Y_H0_N500_P0_ALL_seed025,P0_ALL,H0,500,25,13,43.25420907204807
8Y_H0_N500_P0_ALL_seed025,P0_ALL,H0,500,25,14,1456.00086436109
8Y_H0_N500_P0_ALL_seed025,P0_ALL,H0,500,25,15,564.7450188270368
8Y_H0_N500_P0_ALL_seed025,P0_ALL,H0,500,25,16,338.4850115294721
8Y_H0_N500_P0_ALL_seed025,P0_ALL,H0,500,25,17,386.9620803059097
8Y_H0_N500_P0_ALL_seed025,P0_ALL,H0,500,25,18,587.3703135500255
8Y_H0_N500_P3_ENERGY_seed025,P3_ENERGY,H0,500,25,1,878.9869894725826
8Y_H0_N500_P3_ENERGY_seed025,P3_ENERGY,H0,500,25,2,854.021317328528
8Y_H0_N500_P3_ENERGY_seed025,P3_ENERGY,H0,500,25,3,325.51892594684364
8Y_H0_N500_P3_ENERGY_seed025,P3_ENERGY,H0,500,25,4,782.8102183377227
8Y_H0_N500_P3_ENERGY_seed025,P3_ENERGY,H0,500,25,5,699.9300901988408
8Y_H0_N500_P3_ENERGY_seed025,P3_ENERGY,H0,500,25,6,237.37205148627208
8Y_H0_N500_P3_ENERGY_seed025,P3_ENERGY,H0,500,25,7,183.5187561332532
8Y_H0_N500_P3_ENERGY_seed025,P3_ENERGY,H0,500,25,8,150.94596536912013
8Y_H0_N500_P3_ENERGY_seed025,P3_ENERGY,H0,500,25,9,2506.4520525069865
8Y_H0_N500_P3_ENERGY_seed025,P3_ENERGY,H0,500,25,10,97.91958954256461
8Y_H0_N500_P3_ENERGY_seed025,P3_ENERGY,H0,500,25,11,2227.7853871726
8Y_H0_N500_P3_ENERGY_seed025,P3_ENERGY,H0,500,25,12,564.9420366630366
8Y_H0_N500_P3_ENERGY_seed025,P3_ENERGY,H0,500,25,13,338.45037380960093
8Y_H0_N500_P4_RESERVE_seed025,P4_RESERVE,H0,500,25,1,838.1358521684162
8Y_H0_N500_P4_RESERVE_seed025,P4_RESERVE,H0,500,25,2,279.0383474370806
8Y_H0_N500_P4_RESERVE_seed025,P4_RESERVE,H0,500,25,3,1761.68377065039
8Y_H0_N500_P4_RESERVE_seed025,P4_RESERVE,H0,500,25,4,325.60867896287937
8Y_H0_N500_P4_RESERVE_seed025,P4_RESERVE,H0,500,25,5,1688.8499824013288
8Y_H0_N500_P4_RESERVE_seed025,P4_RESERVE,H0,500,25,6,1607.8175377995958
8Y_H0_N500_P4_RESERVE_seed025,P4_RESERVE,H0,500,25,7,237.5607819882698
8Y_H0_N500_P4_RESERVE_seed025,P4_RESERVE,H0,500,25,8,183.38452243221946
8Y_H0_N500_P4_RESERVE_seed025,P4_RESERVE,H0,500,25,9,148.8600152141098
8Y_H0_N500_P4_RESERVE_seed025,P4_RESERVE,H0,500,25,10,2286.678327423215
8Y_H0_N500_POW_seed026,POW,H0,500,26,1,9.905775603211328
8Y_H0_N500_POW_seed026,POW,H0,500,26,2,1906.5533888925106
8Y_H0_N500_POW_seed026,POW,H0,500,26,3,1024.9272791908204
8Y_H0_N500_POW_seed026,POW,H0,500,26,4,1563.1841421194495
8Y_H0_N500_POW_seed026,POW,H0,500,26,5,121.30927598402013
8Y_H0_N500_POW_seed026,POW,H0,500,26,6,144.60517409325257
8Y_H0_N500_POW_seed026,POW,H0,500,26,7,425.0391741292906
8Y_H0_N500_POW_seed026,POW,H0,500,26,8,901.1442697463972
8Y_H0_N500_POW_seed026,POW,H0,500,26,9,136.73419461682442
8Y_H0_N500_POW_seed026,POW,H0,500,26,10,1699.6421722747282
8Y_H0_N500_POW_seed026,POW,H0,500,26,11,293.2482707858844
8Y_H0_N500_POW_seed026,POW,H0,500,26,12,1145.130520184217
8Y_H0_N500_POW_seed026,POW,H0,500,26,13,87.16083641118894
8Y_H0_N500_POW_seed026,POW,H0,500,26,14,275.8866364017704
8Y_H0_N500_P0_ALL_seed026,P0_ALL,H0,500,26,1,9.905775603211328
8Y_H0_N500_P0_ALL_seed026,P0_ALL,H0,500,26,2,1914.4889016167663
8Y_H0_N500_P0_ALL_seed026,P0_ALL,H0,500,26,3,1028.1339667678806
8Y_H0_N500_P0_ALL_seed026,P0_ALL,H0,500,26,4,1569.150229982104
8Y_H0_N500_P0_ALL_seed026,P0_ALL,H0,500,26,5,121.30927598402013
8Y_H0_N500_P0_ALL_seed026,P0_ALL,H0,500,26,6,144.60517409325257
8Y_H0_N500_P0_ALL_seed026,P0_ALL,H0,500,26,7,425.0391741292906
8Y_H0_N500_P0_ALL_seed026,P0_ALL,H0,500,26,8,903.4222300361607
8Y_H0_N500_P0_ALL_seed026,P0_ALL,H0,500,26,9,136.73419461682442
8Y_H0_N500_P0_ALL_seed026,P0_ALL,H0,500,26,10,1705.612878086613
8Y_H0_N500_P0_ALL_seed026,P0_ALL,H0,500,26,11,293.2482707858844
8Y_H0_N500_P0_ALL_seed026,P0_ALL,H0,500,26,12,1148.999159282137
8Y_H0_N500_P0_ALL_seed026,P0_ALL,H0,500,26,13,87.16083641118894
8Y_H0_N500_P0_ALL_seed026,P0_ALL,H0,500,26,14,275.8866364017704
8Y_H0_N500_P3_ENERGY_seed026,P3_ENERGY,H0,500,26,1,2555.3863552924604
8Y_H0_N500_P3_ENERGY_seed026,P3_ENERGY,H0,500,26,2,1027.7771569649226
8Y_H0_N500_P3_ENERGY_seed026,P3_ENERGY,H0,500,26,3,1567.6836500167278
8Y_H0_N500_P3_ENERGY_seed026,P3_ENERGY,H0,500,26,4,122.36068084398812
8Y_H0_N500_P3_ENERGY_seed026,P3_ENERGY,H0,500,26,5,418.87849121459385
8Y_H0_N500_P3_ENERGY_seed026,P3_ENERGY,H0,500,26,6,423.77903382903514
8Y_H0_N500_P3_ENERGY_seed026,P3_ENERGY,H0,500,26,7,903.89297643797
8Y_H0_N500_P3_ENERGY_seed026,P3_ENERGY,H0,500,26,8,136.97637733623105
8Y_H0_N500_P3_ENERGY_seed026,P3_ENERGY,H0,500,26,9,1705.8445148746541
8Y_H0_N500_P3_ENERGY_seed026,P3_ENERGY,H0,500,26,10,293.102458731777
8Y_H0_N500_P4_RESERVE_seed026,P4_RESERVE,H0,500,26,1,319.90577560321134
8Y_H0_N500_P4_RESERVE_seed026,P4_RESERVE,H0,500,26,2,2863.1900740286073
8Y_H0_N500_P4_RESERVE_seed026,P4_RESERVE,H0,500,26,3,1016.5322559860001
8Y_H0_N500_P4_RESERVE_seed026,P4_RESERVE,H0,500,26,4,425.0321404369215
8Y_H0_N500_P4_RESERVE_seed026,P4_RESERVE,H0,500,26,5,2474.6832004317803
8Y_H0_N500_P4_RESERVE_seed026,P4_RESERVE,H0,500,26,6,122.03482380651258
8Y_H0_N500_P4_RESERVE_seed026,P4_RESERVE,H0,500,26,7,419.050161710471
8Y_H0_N500_P4_RESERVE_seed026,P4_RESERVE,H0,500,26,8,423.86649298608427
8Y_H0_N500_P4_RESERVE_seed026,P4_RESERVE,H0,500,26,9,1810.821963146369
8Y_H0_N500_POW_seed027,POW,H0,500,27,1,398.8765778770134
8Y_H0_N500_POW_seed027,POW,H0,500,27,2,1411.4109007999905
8Y_H0_N500_POW_seed027,POW,H0,500,27,3,1096.4194982252634
8Y_H0_N500_POW_seed027,POW,H0,500,27,4,553.5332912620306
8Y_H0_N500_POW_seed027,POW,H0,500,27,5,801.429556328866
8Y_H0_N500_POW_seed027,POW,H0,500,27,6,106.70811980906274
8Y_H0_N500_POW_seed027,POW,H0,500,27,7,1432.2290702372702
8Y_H0_N500_POW_seed027,POW,H0,500,27,8,74.46664569045879
8Y_H0_N500_POW_seed027,POW,H0,500,27,9,482.3334406122158
8Y_H0_N500_POW_seed027,POW,H0,500,27,10,1684.3455514352736
8Y_H0_N500_POW_seed027,POW,H0,500,27,11,402.0375614308514
8Y_H0_N500_POW_seed027,POW,H0,500,27,12,1328.2116177290027
8Y_H0_N500_P0_ALL_seed027,P0_ALL,H0,500,27,1,398.8765778770134
8Y_H0_N500_P0_ALL_seed027,P0_ALL,H0,500,27,2,1418.7079052949812
8Y_H0_N500_P0_ALL_seed027,P0_ALL,H0,500,27,3,1098.8072523447258
8Y_H0_N500_P0_ALL_seed027,P0_ALL,H0,500,27,4,553.5332912620306
8Y_H0_N500_P0_ALL_seed027,P0_ALL,H0,500,27,5,803.1147502332096
8Y_H0_N500_P0_ALL_seed027,P0_ALL,H0,500,27,6,106.70811980906274
8Y_H0_N500_P0_ALL_seed027,P0_ALL,H0,500,27,7,1437.257408418699
8Y_H0_N500_P0_ALL_seed027,P0_ALL,H0,500,27,8,74.46664569045879
8Y_H0_N500_P0_ALL_seed027,P0_ALL,H0,500,27,9,482.3334406122158
8Y_H0_N500_P0_ALL_seed027,P0_ALL,H0,500,27,10,1689.213002955472
8Y_H0_N500_P0_ALL_seed027,P0_ALL,H0,500,27,11,402.0375614308505
8Y_H0_N500_P0_ALL_seed027,P0_ALL,H0,500,27,12,1333.605358686793
8Y_H0_N500_P3_ENERGY_seed027,P3_ENERGY,H0,500,27,1,3508.7044899767275
8Y_H0_N500_P3_ENERGY_seed027,P3_ENERGY,H0,500,27,2,1406.8869878262199
8Y_H0_N500_P3_ENERGY_seed027,P3_ENERGY,H0,500,27,3,107.03120469598616
8Y_H0_N500_P3_ENERGY_seed027,P3_ENERGY,H0,500,27,4,2300.907211619946
8Y_H0_N500_P3_ENERGY_seed027,P3_ENERGY,H0,500,27,5,482.11746607196346
8Y_H0_N500_P4_RESERVE_seed027,P4_RESERVE,H0,500,27,1,708.8765778770135
8Y_H0_N500_P4_RESERVE_seed027,P4_RESERVE,H0,500,27,2,2927.679266498551
8Y_H0_N500_P4_RESERVE_seed027,P4_RESERVE,H0,500,27,3,496.41949822526294
8Y_H0_N500_P4_RESERVE_seed027,P4_RESERVE,H0,500,27,4,862.3492257258358
8Y_H0_N500_P4_RESERVE_seed027,P4_RESERVE,H0,500,27,5,1710.9670617467546
8Y_H0_N500_P4_RESERVE_seed027,P4_RESERVE,H0,500,27,6,106.70811980906274
8Y_H0_N500_P4_RESERVE_seed027,P4_RESERVE,H0,500,27,7,2948.04343931548
8Y_H0_N500_POW_seed028,POW,H0,500,28,1,1427.0707884012663
8Y_H0_N500_POW_seed028,POW,H0,500,28,2,368.21770325237685
8Y_H0_N500_POW_seed028,POW,H0,500,28,3,5.0331438638938835
8Y_H0_N500_POW_seed028,POW,H0,500,28,4,262.04213567864576
8Y_H0_N500_POW_seed028,POW,H0,500,28,5,822.8509452740745
8Y_H0_N500_POW_seed028,POW,H0,500,28,6,566.4088748640584
8Y_H0_N500_POW_seed028,POW,H0,500,28,7,184.99543657575623
8Y_H0_N500_POW_seed028,POW,H0,500,28,8,1292.248423310627
8Y_H0_N500_POW_seed028,POW,H0,500,28,9,92.92853254836791
8Y_H0_N500_POW_seed028,POW,H0,500,28,10,439.64772123870716
8Y_H0_N500_POW_seed028,POW,H0,500,28,11,123.81981707725208
8Y_H0_N500_POW_seed028,POW,H0,500,28,12,408.2010994521688
8Y_H0_N500_POW_seed028,POW,H0,500,28,13,36.03646820663107
8Y_H0_N500_POW_seed028,POW,H0,500,28,14,840.8961845748845
8Y_H0_N500_POW_seed028,POW,H0,500,28,15,1389.2876214601738
8Y_H0_N500_POW_seed028,POW,H0,500,28,16,445.3332656557686
8Y_H0_N500_P0_ALL_seed028,P0_ALL,H0,500,28,1,1429.7924230584126
8Y_H0_N500_P0_ALL_seed028,P0_ALL,H0,500,28,2,368.21770325237685
8Y_H0_N500_P0_ALL_seed028,P0_ALL,H0,500,28,3,5.0331438638938835
8Y_H0_N500_P0_ALL_seed028,P0_ALL,H0,500,28,4,262.04213567864576
8Y_H0_N500_P0_ALL_seed028,P0_ALL,H0,500,28,5,823.9733598294429
8Y_H0_N500_P0_ALL_seed028,P0_ALL,H0,500,28,6,566.4088748640584
8Y_H0_N500_P0_ALL_seed028,P0_ALL,H0,500,28,7,184.99543657575623
8Y_H0_N500_P0_ALL_seed028,P0_ALL,H0,500,28,8,1298.3402934778724
8Y_H0_N500_P0_ALL_seed028,P0_ALL,H0,500,28,9,92.92853254836791
8Y_H0_N500_P0_ALL_seed028,P0_ALL,H0,500,28,10,439.64772123870716
8Y_H0_N500_P0_ALL_seed028,P0_ALL,H0,500,28,11,123.81981707725208
8Y_H0_N500_P0_ALL_seed028,P0_ALL,H0,500,28,12,408.2010994521688
8Y_H0_N500_P0_ALL_seed028,P0_ALL,H0,500,28,13,36.03646820663107
8Y_H0_N500_P0_ALL_seed028,P0_ALL,H0,500,28,14,843.4613231058747
8Y_H0_N500_P0_ALL_seed028,P0_ALL,H0,500,28,15,1394.7049359305856
8Y_H0_N500_P0_ALL_seed028,P0_ALL,H0,500,28,16,445.3332656557686
8Y_H0_N500_P3_ENERGY_seed028,P3_ENERGY,H0,500,28,1,1429.7924230584126
8Y_H0_N500_P3_ENERGY_seed028,P3_ENERGY,H0,500,28,2,368.21770325237685
8Y_H0_N500_P3_ENERGY_seed028,P3_ENERGY,H0,500,28,3,363.6504587073332
8Y_H0_N500_P3_ENERGY_seed028,P3_ENERGY,H0,500,28,4,2597.9946337538818
8Y_H0_N500_P3_ENERGY_seed028,P3_ENERGY,H0,500,28,5,2851.1619664884065
8Y_H0_N500_P3_ENERGY_seed028,P3_ENERGY,H0,500,28,6,123.70195639561643
8Y_H0_N500_P3_ENERGY_seed028,P3_ENERGY,H0,500,28,7,639.1555771559188
8Y_H0_N500_P3_ENERGY_seed028,P3_ENERGY,H0,500,28,8,843.5467332535572
8Y_H0_N500_P4_RESERVE_seed028,P4_RESERVE,H0,500,28,1,2339.7924230584126
8Y_H0_N500_P4_RESERVE_seed028,P4_RESERVE,H0,500,28,2,368.21770325237685
8Y_H0_N500_P4_RESERVE_seed028,P4_RESERVE,H0,500,28,3,313.6140270503547
8Y_H0_N500_P4_RESERVE_seed028,P4_RESERVE,H0,500,28,4,2375.758583338647
8Y_H0_N500_P4_RESERVE_seed028,P4_RESERVE,H0,500,28,5,1695.0470302854055
8Y_H0_N500_P4_RESERVE_seed028,P4_RESERVE,H0,500,28,6,1176.1223685854056
8Y_H0_N500_P4_RESERVE_seed028,P4_RESERVE,H0,500,28,7,1602.071145274629
8Y_H0_N500_POW_seed029,POW,H0,500,29,1,1735.4157508305518
8Y_H0_N500_POW_seed029,POW,H0,500,29,2,129.6546605718613
8Y_H0_N500_POW_seed029,POW,H0,500,29,3,51.071517893198006
8Y_H0_N500_POW_seed029,POW,H0,500,29,4,1232.265553440171
8Y_H0_N500_POW_seed029,POW,H0,500,29,5,505.4728734216442
8Y_H0_N500_POW_seed029,POW,H0,500,29,6,23.97463980709699
8Y_H0_N500_POW_seed029,POW,H0,500,29,7,499.305103848611
8Y_H0_N500_POW_seed029,POW,H0,500,29,8,243.30933217041547
8Y_H0_N500_POW_seed029,POW,H0,500,29,9,175.1115093782073
8Y_H0_N500_POW_seed029,POW,H0,500,29,10,1364.7210754149564
8Y_H0_N500_POW_seed029,POW,H0,500,29,11,551.9873491301532
8Y_H0_N500_POW_seed029,POW,H0,500,29,12,1428.6110182702123
8Y_H0_N500_POW_seed029,POW,H0,500,29,13,1999.8382148818746
8Y_H0_N500_POW_seed029,POW,H0,500,29,14,32.773782281659805
8Y_H0_N500_P0_ALL_seed029,P0_ALL,H0,500,29,1,1738.1203873428103
8Y_H0_N500_P0_ALL_seed029,P0_ALL,H0,500,29,2,129.6546605718613
8Y_H0_N500_P0_ALL_seed029,P0_ALL,H0,500,29,3,51.071517893198006
8Y_H0_N500_P0_ALL_seed029,P0_ALL,H0,500,29,4,1238.018073644818
8Y_H0_N500_P0_ALL_seed029,P0_ALL,H0,500,29,5,505.4728734216442
8Y_H0_N500_P0_ALL_seed029,P0_ALL,H0,500,29,6,23.97463980709699
8Y_H0_N500_P0_ALL_seed029,P0_ALL,H0,500,29,7,499.30510384861054
8Y_H0_N500_P0_ALL_seed029,P0_ALL,H0,500,29,8,243.30933217041547
8Y_H0_N500_P0_ALL_seed029,P0_ALL,H0,500,29,9,175.1115093782073
8Y_H0_N500_P0_ALL_seed029,P0_ALL,H0,500,29,10,1371.5040740419836
8Y_H0_N500_P0_ALL_seed029,P0_ALL,H0,500,29,11,551.9873491301532
8Y_H0_N500_P0_ALL_seed029,P0_ALL,H0,500,29,12,1434.0192637277523
8Y_H0_N500_P0_ALL_seed029,P0_ALL,H0,500,29,13,2008.2486277884982
8Y_H0_N500_P3_ENERGY_seed029,P3_ENERGY,H0,500,29,1,2130.5457813267262
8Y_H0_N500_P3_ENERGY_seed029,P3_ENERGY,H0,500,29,2,411.9195215434206
8Y_H0_N500_P3_ENERGY_seed029,P3_ENERGY,H0,500,29,3,1237.6948242696099
8Y_H0_N500_P3_ENERGY_seed029,P3_ENERGY,H0,500,29,4,506.183761655946
8Y_H0_N500_P3_ENERGY_seed029,P3_ENERGY,H0,500,29,5,1448.6232274079566
8Y_H0_N500_P3_ENERGY_seed029,P3_ENERGY,H0,500,29,6,347.7527716532204
8Y_H0_N500_P3_ENERGY_seed029,P3_ENERGY,H0,500,29,7,3843.3366737049764
8Y_H0_N500_P4_RESERVE_seed029,P4_RESERVE,H0,500,29,1,2648.1203873428103
8Y_H0_N500_P4_RESERVE_seed029,P4_RESERVE,H0,500,29,2,326.18865328175934
8Y_H0_N500_P4_RESERVE_seed029,P4_RESERVE,H0,500,29,3,412.0334970059862
8Y_H0_N500_P4_RESERVE_seed029,P4_RESERVE,H0,500,29,4,739.5806384129173
8Y_H0_N500_P4_RESERVE_seed029,P4_RESERVE,H0,500,29,5,660.9099668832132
8Y_H0_N500_P4_RESERVE_seed029,P4_RESERVE,H0,500,29,6,31.369540987921937
8Y_H0_N500_P4_RESERVE_seed029,P4_RESERVE,H0,500,29,7,392.5315070618608
8Y_H0_N500_P4_RESERVE_seed029,P4_RESERVE,H0,500,29,8,2300.3437576998977
8Y_H0_N500_P4_RESERVE_seed029,P4_RESERVE,H0,500,29,9,347.64080893250684
8Y_H0_N500_P4_RESERVE_seed029,P4_RESERVE,H0,500,29,10,483.7313567057563
8Y_H0_N500_P4_RESERVE_seed029,P4_RESERVE,H0,500,29,11,1532.6889081830304
8Y_H0_N500_POW_seed030,POW,H0,500,30,1,2438.8125749512037
8Y_H0_N500_POW_seed030,POW,H0,500,30,2,289.31097454903875
8Y_H0_N500_POW_seed030,POW,H0,500,30,3,25.203866900691082
8Y_H0_N500_POW_seed030,POW,H0,500,30,4,717.7872001997912
8Y_H0_N500_POW_seed030,POW,H0,500,30,5,484.3151821217384
8Y_H0_N500_POW_seed030,POW,H0,500,30,6,1140.0020682592735
8Y_H0_N500_POW_seed030,POW,H0,500,30,7,36.447560675359455
8Y_H0_N500_POW_seed030,POW,H0,500,30,8,217.8942281088248
8Y_H0_N500_POW_seed030,POW,H0,500,30,9,44.281220821845636
8Y_H0_N500_POW_seed030,POW,H0,500,30,10,4190.67696904866
8Y_H0_N500_POW_seed030,POW,H0,500,30,11,196.03435872228692
8Y_H0_N500_P0_ALL_seed030,P0_ALL,H0,500,30,1,2446.597142322739
8Y_H0_N500_P0_ALL_seed030,P0_ALL,H0,500,30,2,289.31097454903875
8Y_H0_N500_P0_ALL_seed030,P0_ALL,H0,500,30,3,25.203866900691082
8Y_H0_N500_P0_ALL_seed030,P0_ALL,H0,500,30,4,719.5982473557956
8Y_H0_N500_P0_ALL_seed030,P0_ALL,H0,500,30,5,484.3151821217384
8Y_H0_N500_P0_ALL_seed030,P0_ALL,H0,500,30,6,1143.5418602413015
8Y_H0_N500_P0_ALL_seed030,P0_ALL,H0,500,30,7,36.447560675359455
8Y_H0_N500_P0_ALL_seed030,P0_ALL,H0,500,30,8,217.8942281088248
8Y_H0_N500_P0_ALL_seed030,P0_ALL,H0,500,30,9,44.281220821845636
8Y_H0_N500_P0_ALL_seed030,P0_ALL,H0,500,30,10,4208.960953651171
8Y_H0_N500_P0_ALL_seed030,P0_ALL,H0,500,30,11,196.03435872228692
8Y_H0_N500_P3_ENERGY_seed030,P3_ENERGY,H0,500,30,1,2761.546886859142
8Y_H0_N500_P3_ENERGY_seed030,P3_ENERGY,H0,500,30,2,289.31097454903875
8Y_H0_N500_P3_ENERGY_seed030,P3_ENERGY,H0,500,30,3,25.203866900691082
8Y_H0_N500_P3_ENERGY_seed030,P3_ENERGY,H0,500,30,4,3053.5638643050665
8Y_H0_N500_P3_ENERGY_seed030,P3_ENERGY,H0,500,30,5,454.90207188446493
8Y_H0_N500_P3_ENERGY_seed030,P3_ENERGY,H0,500,30,6,595.7029101552971
8Y_H0_N500_P4_RESERVE_seed030,P4_RESERVE,H0,500,30,1,3356.597142322739
8Y_H0_N500_P4_RESERVE_seed030,P4_RESERVE,H0,500,30,2,289.31097454903875
8Y_H0_N500_P4_RESERVE_seed030,P4_RESERVE,H0,500,30,3,25.203866900691082
8Y_H0_N500_P4_RESERVE_seed030,P4_RESERVE,H0,500,30,4,2833.60204444448
8Y_H0_N500_P4_RESERVE_seed030,P4_RESERVE,H0,500,30,5,1393.580509535006
8Y_H0_N500_P4_RESERVE_seed030,P4_RESERVE,H0,500,30,6,36.59446482924977
8Y_H0_N500_P4_RESERVE_seed030,P4_RESERVE,H0,500,30,7,454.98709778819557
8Y_H0_N500_P4_RESERVE_seed030,P4_RESERVE,H0,500,30,8,595.7674992050815
8Y_H0_N500_P4_RESERVE_seed030,P4_RESERVE,H0,500,30,9,767.0730099731791
8Y_H2_N100_POW_seed001,POW,H2,100,1,1,764.5498573371825
8Y_H2_N100_POW_seed001,POW,H2,100,1,2,3170.8512459542144
8Y_H2_N100_POW_seed001,POW,H2,100,1,3,54.41255053741315
8Y_H2_N100_POW_seed001,POW,H2,100,1,4,123.18210859939427
8Y_H2_N100_POW_seed001,POW,H2,100,1,5,428.1092304831527
8Y_H2_N100_POW_seed001,POW,H2,100,1,6,1494.7387958903246
8Y_H2_N100_POW_seed001,POW,H2,100,1,7,122.65933434650651
8Y_H2_N100_POW_seed001,POW,H2,100,1,8,305.59855280570173
8Y_H2_N100_POW_seed001,POW,H2,100,1,9,456.84877460551706
8Y_H2_N100_POW_seed001,POW,H2,100,1,10,325.25499135751124
8Y_H2_N100_POW_seed001,POW,H2,100,1,11,484.4450880057393
8Y_H2_N100_POW_seed001,POW,H2,100,1,12,547.5650696821958
8Y_H2_N100_POW_seed001,POW,H2,100,1,13,277.8180132649504
8Y_H2_N100_POW_seed001,POW,H2,100,1,14,1334.6115521745578
8Y_H2_N100_P0_ALL_seed001,P0_ALL,H2,100,1,1,765.2059315864356
8Y_H2_N100_P0_ALL_seed001,P0_ALL,H2,100,1,2,3180.4415268285893
8Y_H2_N100_P0_ALL_seed001,P0_ALL,H2,100,1,3,54.41255053741315
8Y_H2_N100_P0_ALL_seed001,P0_ALL,H2,100,1,4,123.18210859939472
8Y_H2_N100_P0_ALL_seed001,P0_ALL,H2,100,1,5,428.1092304831527
8Y_H2_N100_P0_ALL_seed001,P0_ALL,H2,100,1,6,1498.176686441434
8Y_H2_N100_P0_ALL_seed001,P0_ALL,H2,100,1,7,122.65933434650651
8Y_H2_N100_P0_ALL_seed001,P0_ALL,H2,100,1,8,305.59855280570173
8Y_H2_N100_P0_ALL_seed001,P0_ALL,H2,100,1,9,456.84877460551706
8Y_H2_N100_P0_ALL_seed001,P0_ALL,H2,100,1,10,325.25499135751124
8Y_H2_N100_P0_ALL_seed001,P0_ALL,H2,100,1,11,484.4450880057393
8Y_H2_N100_P0_ALL_seed001,P0_ALL,H2,100,1,12,547.5650696821958
8Y_H2_N100_P0_ALL_seed001,P0_ALL,H2,100,1,13,277.8180132649504
8Y_H2_N100_P0_ALL_seed001,P0_ALL,H2,100,1,14,1339.6463019314451
8Y_H2_N100_P3_ENERGY_seed001,P3_ENERGY,H2,100,1,1,765.2059315864356
8Y_H2_N100_P3_ENERGY_seed001,P3_ENERGY,H2,100,1,2,3663.6302401910416
8Y_H2_N100_P3_ENERGY_seed001,P3_ENERGY,H2,100,1,3,123.39434524480657
8Y_H2_N100_P3_ENERGY_seed001,P3_ENERGY,H2,100,1,4,429.16438439589274
8Y_H2_N100_P3_ENERGY_seed001,P3_ENERGY,H2,100,1,5,1498.769074099957
8Y_H2_N100_P3_ENERGY_seed001,P3_ENERGY,H2,100,1,6,551.3226074543218
8Y_H2_N100_P3_ENERGY_seed001,P3_ENERGY,H2,100,1,7,306.1778540368841
8Y_H2_N100_P3_ENERGY_seed001,P3_ENERGY,H2,100,1,8,926.6265933882196
8Y_H2_N100_P3_ENERGY_seed001,P3_ENERGY,H2,100,1,9,484.730088381375
8Y_H2_N100_P3_ENERGY_seed001,P3_ENERGY,H2,100,1,10,547.7298724586362
8Y_H2_N100_P3_ENERGY_seed001,P3_ENERGY,H2,100,1,11,277.430876198845
8Y_H2_N100_P4_RESERVE_seed001,P4_RESERVE,H2,100,1,1,1675.2059315864353
8Y_H2_N100_P4_RESERVE_seed001,P4_RESERVE,H2,100,1,2,4089.0943876607907
8Y_H2_N100_P4_RESERVE_seed001,P4_RESERVE,H2,100,1,3,54.41255053741315
8Y_H2_N100_P4_RESERVE_seed001,P4_RESERVE,H2,100,1,4,123.18210859939427
8Y_H2_N100_P4_RESERVE_seed001,P4_RESERVE,H2,100,1,5,428.1092304831527
8Y_H2_N100_P4_RESERVE_seed001,P4_RESERVE,H2,100,1,6,1897.8693625253518
8Y_H2_N100_P4_RESERVE_seed001,P4_RESERVE,H2,100,1,7,294.2923447864978
8Y_H2_N100_P4_RESERVE_seed001,P4_RESERVE,H2,100,1,8,552.0838292331373
8Y_H2_N100_P4_RESERVE_seed001,P4_RESERVE,H2,100,1,9,305.6457681072934
8Y_H2_N100_POW_seed002,POW,H2,100,2,1,858.317996372107
8Y_H2_N100_POW_seed002,POW,H2,100,2,2,243.7981703691355
8Y_H2_N100_POW_seed002,POW,H2,100,2,3,284.8696264699754
8Y_H2_N100_POW_seed002,POW,H2,100,2,4,101.75875433958754
8Y_H2_N100_POW_seed002,POW,H2,100,2,5,255.16181135694092
8Y_H2_N100_POW_seed002,POW,H2,100,2,6,648.5562067789924
8Y_H2_N100_POW_seed002,POW,H2,100,2,7,884.3599104989321
8Y_H2_N100_POW_seed002,POW,H2,100,2,8,35.42914757323342
8Y_H2_N100_POW_seed002,POW,H2,100,2,9,946.1905888206602
8Y_H2_N100_POW_seed002,POW,H2,100,2,10,102.6868551099069
8Y_H2_N100_POW_seed002,POW,H2,100,2,11,679.4988602677786
8Y_H2_N100_POW_seed002,POW,H2,100,2,12,134.3307810397455
8Y_H2_N100_POW_seed002,POW,H2,100,2,13,144.1272765361382
8Y_H2_N100_POW_seed002,POW,H2,100,2,14,740.2453604901912
8Y_H2_N100_POW_seed002,POW,H2,100,2,15,217.69097667909136
8Y_H2_N100_POW_seed002,POW,H2,100,2,16,671.4273864429842
8Y_H2_N100_POW_seed002,POW,H2,100,2,17,1414.5615331236613
8Y_H2_N100_POW_seed002,POW,H2,100,2,18,169.71773888892312
8Y_H2_N100_POW_seed002,POW,H2,100,2,19,163.21254715171563
8Y_H2_N100_POW_seed002,POW,H2,100,2,20,308.73752222941766
8Y_H2_N100_POW_seed002,POW,H2,100,2,21,344.8140991508553
8Y_H2_N100_POW_seed002,POW,H2,100,2,22,154.7293242667256
8Y_H2_N100_P0_ALL_seed002,P0_ALL,H2,100,2,1,860.5509448231547
8Y_H2_N100_P0_ALL_seed002,P0_ALL,H2,100,2,2,243.79817036913562
8Y_H2_N100_P0_ALL_seed002,P0_ALL,H2,100,2,3,284.8696264699754
8Y_H2_N100_P0_ALL_seed002,P0_ALL,H2,100,2,4,101.75875433958754
8Y_H2_N100_P0_ALL_seed002,P0_ALL,H2,100,2,5,255.16181135694092
8Y_H2_N100_P0_ALL_seed002,P0_ALL,H2,100,2,6,649.7656953777273
8Y_H2_N100_P0_ALL_seed002,P0_ALL,H2,100,2,7,885.557712938406
8Y_H2_N100_P0_ALL_seed002,P0_ALL,H2,100,2,8,35.42914757323342
8Y_H2_N100_P0_ALL_seed002,P0_ALL,H2,100,2,9,948.5862075798832
8Y_H2_N100_P0_ALL_seed002,P0_ALL,H2,100,2,10,102.6868551099069
8Y_H2_N100_P0_ALL_seed002,P0_ALL,H2,100,2,11,682.8756826879198
8Y_H2_N100_P0_ALL_seed002,P0_ALL,H2,100,2,12,134.33078103974458
8Y_H2_N100_P0_ALL_seed002,P0_ALL,H2,100,2,13,144.1272765361382
8Y_H2_N100_P0_ALL_seed002,P0_ALL,H2,100,2,14,742.7643623194508
8Y_H2_N100_P0_ALL_seed002,P0_ALL,H2,100,2,15,217.69097667909136
8Y_H2_N100_P0_ALL_seed002,P0_ALL,H2,100,2,16,672.4911880675318
8Y_H2_N100_P0_ALL_seed002,P0_ALL,H2,100,2,17,1418.4872085551815
8Y_H2_N100_P0_ALL_seed002,P0_ALL,H2,100,2,18,169.71773888892312
8Y_H2_N100_P0_ALL_seed002,P0_ALL,H2,100,2,19,163.21254715171563
8Y_H2_N100_P0_ALL_seed002,P0_ALL,H2,100,2,20,308.73752222941766
8Y_H2_N100_P0_ALL_seed002,P0_ALL,H2,100,2,21,344.8140991508553
8Y_H2_N100_P0_ALL_seed002,P0_ALL,H2,100,2,22,154.7293242667256
8Y_H2_N100_P3_ENERGY_seed002,P3_ENERGY,H2,100,2,1,1445.2340917220208
8Y_H2_N100_P3_ENERGY_seed002,P3_ENERGY,H2,100,2,2,285.3166641454675
8Y_H2_N100_P3_ENERGY_seed002,P3_ENERGY,H2,100,2,3,1855.4202698887382
8Y_H2_N100_P3_ENERGY_seed002,P3_ENERGY,H2,100,2,4,1240.9882030423341
8Y_H2_N100_P3_ENERGY_seed002,P3_ENERGY,H2,100,2,5,947.4936810222271
8Y_H2_N100_P3_ENERGY_seed002,P3_ENERGY,H2,100,2,6,256.1453968663327
8Y_H2_N100_P3_ENERGY_seed002,P3_ENERGY,H2,100,2,7,987.113024577413
8Y_H2_N100_P3_ENERGY_seed002,P3_ENERGY,H2,100,2,8,134.37939072684003
8Y_H2_N100_P3_ENERGY_seed002,P3_ENERGY,H2,100,2,9,2023.1052128919946
8Y_H2_N100_P3_ENERGY_seed002,P3_ENERGY,H2,100,2,10,672.4029027810429
8Y_H2_N100_P4_RESERVE_seed002,P4_RESERVE,H2,100,2,1,1770.5509448231549
8Y_H2_N100_P4_RESERVE_seed002,P4_RESERVE,H2,100,2,2,243.7981703691355
8Y_H2_N100_P4_RESERVE_seed002,P4_RESERVE,H2,100,2,3,284.86962646997563
8Y_H2_N100_P4_RESERVE_seed002,P4_RESERVE,H2,100,2,4,2215.1547354789695
8Y_H2_N100_P4_RESERVE_seed002,P4_RESERVE,H2,100,2,5,48.434417852816296
8Y_H2_N100_P4_RESERVE_seed002,P4_RESERVE,H2,100,2,6,1164.6316431937294
8Y_H2_N100_P4_RESERVE_seed002,P4_RESERVE,H2,100,2,7,1545.9562030047528
8Y_H2_N100_P4_RESERVE_seed002,P4_RESERVE,H2,100,2,8,1794.068554784527
8Y_H2_N100_P4_RESERVE_seed002,P4_RESERVE,H2,100,2,9,255.6604235463019
8Y_H2_N100_POW_seed003,POW,H2,100,3,1,127.45979536009588
8Y_H2_N100_POW_seed003,POW,H2,100,3,2,30.59303496853005
8Y_H2_N100_POW_seed003,POW,H2,100,3,3,342.14872073668715
8Y_H2_N100_POW_seed003,POW,H2,100,3,4,519.7843045985857
8Y_H2_N100_POW_seed003,POW,H2,100,3,5,395.5924340169786
8Y_H2_N100_POW_seed003,POW,H2,100,3,6,1084.5686399610076
8Y_H2_N100_POW_seed003,POW,H2,100,3,7,612.3807968248757
8Y_H2_N100_POW_seed003,POW,H2,100,3,8,628.7811752901102
8Y_H2_N100_POW_seed003,POW,H2,100,3,9,10.06569877802167
8Y_H2_N100_POW_seed003,POW,H2,100,3,10,1540.072962599786
8Y_H2_N100_POW_seed003,POW,H2,100,3,11,402.3265382803829
8Y_H2_N100_POW_seed003,POW,H2,100,3,12,293.74445775162894
8Y_H2_N100_POW_seed003,POW,H2,100,3,13,1118.634045545241
8Y_H2_N100_POW_seed003,POW,H2,100,3,14,282.305448218729
8Y_H2_N100_POW_seed003,POW,H2,100,3,15,25.00699970761889
8Y_H2_N100_POW_seed003,POW,H2,100,3,16,2226.5562518802853
8Y_H2_N100_P0_ALL_seed003,P0_ALL,H2,100,3,1,127.45979536009588
8Y_H2_N100_P0_ALL_seed003,P0_ALL,H2,100,3,2,30.59303496853005
8Y_H2_N100_P0_ALL_seed003,P0_ALL,H2,100,3,3,342.14872073668715
8Y_H2_N100_P0_ALL_seed003,P0_ALL,H2,100,3,4,519.7843045985857
8Y_H2_N100_P0_ALL_seed003,P0_ALL,H2,100,3,5,395.5924340169786
8Y_H2_N100_P0_ALL_seed003,P0_ALL,H2,100,3,6,1086.7714353157662
8Y_H2_N100_P0_ALL_seed003,P0_ALL,H2,100,3,7,613.7125848139735
8Y_H2_N100_P0_ALL_seed003,P0_ALL,H2,100,3,8,630.7139459891728
8Y_H2_N100_P0_ALL_seed003,P0_ALL,H2,100,3,9,10.06569877802167
8Y_H2_N100_P0_ALL_seed003,P0_ALL,H2,100,3,10,1545.010036849938
8Y_H2_N100_P0_ALL_seed003,P0_ALL,H2,100,3,11,402.3265382803829
8Y_H2_N100_P0_ALL_seed003,P0_ALL,H2,100,3,12,293.74445775162894
8Y_H2_N100_P0_ALL_seed003,P0_ALL,H2,100,3,13,1121.7294459987088
8Y_H2_N100_P0_ALL_seed003,P0_ALL,H2,100,3,14,282.305448218729
8Y_H2_N100_P0_ALL_seed003,P0_ALL,H2,100,3,15,25.00699970761889
8Y_H2_N100_P0_ALL_seed003,P0_ALL,H2,100,3,16,2233.598931954082
8Y_H2_N100_P3_ENERGY_seed003,P3_ENERGY,H2,100,3,1,193.29127878334822
8Y_H2_N100_P3_ENERGY_seed003,P3_ENERGY,H2,100,3,2,944.3593613620305
8Y_H2_N100_P3_ENERGY_seed003,P3_ENERGY,H2,100,3,3,2289.272227079723
8Y_H2_N100_P3_ENERGY_seed003,P3_ENERGY,H2,100,3,4,2335.3034210224505
8Y_H2_N100_P3_ENERGY_seed003,P3_ENERGY,H2,100,3,5,10.469912317081253
8Y_H2_N100_P3_ENERGY_seed003,P3_ENERGY,H2,100,3,6,1544.8631516308133
8Y_H2_N100_P3_ENERGY_seed003,P3_ENERGY,H2,100,3,7,402.889695619303
8Y_H2_N100_P3_ENERGY_seed003,P3_ENERGY,H2,100,3,8,292.3745533186884
8Y_H2_N100_P3_ENERGY_seed003,P3_ENERGY,H2,100,3,9,1121.0521011026676
8Y_H2_N100_P3_ENERGY_seed003,P3_ENERGY,H2,100,3,10,283.7289836827913
8Y_H2_N100_P4_RESERVE_seed003,P4_RESERVE,H2,100,3,1,193.29127878334822
8Y_H2_N100_P4_RESERVE_seed003,P4_RESERVE,H2,100,3,2,855.8706435459769
8Y_H2_N100_P4_RESERVE_seed003,P4_RESERVE,H2,100,3,3,340.0587797322264
8Y_H2_N100_P4_RESERVE_seed003,P4_RESERVE,H2,100,3,4,1037.459795360096
8Y_H2_N100_P4_RESERVE_seed003,P4_RESERVE,H2,100,3,5,1905.6975112488772
8Y_H2_N100_P4_RESERVE_seed003,P4_RESERVE,H2,100,3,6,484.56863996100765
8Y_H2_N100_P4_RESERVE_seed003,P4_RESERVE,H2,100,3,7,1428.9377653738193
8Y_H2_N100_P4_RESERVE_seed003,P4_RESERVE,H2,100,3,8,2642.7794308689354
8Y_H2_N100_P4_RESERVE_seed003,P4_RESERVE,H2,100,3,9,10.097635355999955
8Y_H2_N100_POW_seed004,POW,H2,100,4,1,1473.3864965654473
8Y_H2_N100_POW_seed004,POW,H2,100,4,2,543.039413369396
8Y_H2_N100_POW_seed004,POW,H2,100,4,3,322.05104744042274
8Y_H2_N100_POW_seed004,POW,H2,100,4,4,89.22457187736018
8Y_H2_N100_POW_seed004,POW,H2,100,4,5,545.0307185055995
8Y_H2_N100_POW_seed004,POW,H2,100,4,6,1699.7195696943354
8Y_H2_N100_POW_seed004,POW,H2,100,4,7,237.43827081673862
8Y_H2_N100_POW_seed004,POW,H2,100,4,8,939.5963315151148
8Y_H2_N100_POW_seed004,POW,H2,100,4,9,667.9449085357237
8Y_H2_N100_POW_seed004,POW,H2,100,4,10,241.31551128080991
8Y_H2_N100_POW_seed004,POW,H2,100,4,11,279.61069157020574
8Y_H2_N100_POW_seed004,POW,H2,100,4,12,275.11804966452746
8Y_H2_N100_POW_seed004,POW,H2,100,4,13,491.9199780926656
8Y_H2_N100_POW_seed004,POW,H2,100,4,14,37.919763643993974
8Y_H2_N100_POW_seed004,POW,H2,100,4,15,306.05591903898494
8Y_H2_N100_POW_seed004,POW,H2,100,4,16,1603.1584471793458
8Y_H2_N100_P0_ALL_seed004,P0_ALL,H2,100,4,1,1476.1078779868003
8Y_H2_N100_P0_ALL_seed004,P0_ALL,H2,100,4,2,543.039413369396
8Y_H2_N100_P0_ALL_seed004,P0_ALL,H2,100,4,3,322.05104744042296
8Y_H2_N100_P0_ALL_seed004,P0_ALL,H2,100,4,4,89.22457187736018
8Y_H2_N100_P0_ALL_seed004,P0_ALL,H2,100,4,5,545.030718505599
8Y_H2_N100_P0_ALL_seed004,P0_ALL,H2,100,4,6,1704.8144251204776
8Y_H2_N100_P0_ALL_seed004,P0_ALL,H2,100,4,7,237.43827081673862
8Y_H2_N100_P0_ALL_seed004,P0_ALL,H2,100,4,8,941.6763038929721
8Y_H2_N100_P0_ALL_seed004,P0_ALL,H2,100,4,9,670.5882573340386
8Y_H2_N100_P0_ALL_seed004,P0_ALL,H2,100,4,10,241.31551128080991
8Y_H2_N100_P0_ALL_seed004,P0_ALL,H2,100,4,11,279.61069157020574
8Y_H2_N100_P0_ALL_seed004,P0_ALL,H2,100,4,12,275.11804966452746
8Y_H2_N100_P0_ALL_seed004,P0_ALL,H2,100,4,13,491.9199780926656
8Y_H2_N100_P0_ALL_seed004,P0_ALL,H2,100,4,14,37.919763643993974
8Y_H2_N100_P0_ALL_seed004,P0_ALL,H2,100,4,15,306.05591903898494
8Y_H2_N100_P0_ALL_seed004,P0_ALL,H2,100,4,16,1608.3442282676087
8Y_H2_N100_P3_ENERGY_seed004,P3_ENERGY,H2,100,4,1,1476.1078779868003
8Y_H2_N100_P3_ENERGY_seed004,P3_ENERGY,H2,100,4,2,1294.2316954213384
8Y_H2_N100_P3_ENERGY_seed004,P3_ENERGY,H2,100,4,3,543.9931421328447
8Y_H2_N100_P3_ENERGY_seed004,P3_ENERGY,H2,100,4,4,2041.1594073946007
8Y_H2_N100_P3_ENERGY_seed004,P3_ENERGY,H2,100,4,5,944.3567244137539
8Y_H2_N100_P3_ENERGY_seed004,P3_ENERGY,H2,100,4,6,895.9214736222375
8Y_H2_N100_P3_ENERGY_seed004,P3_ENERGY,H2,100,4,7,239.68189077398165
8Y_H2_N100_P3_ENERGY_seed004,P3_ENERGY,H2,100,4,8,877.4252607488424
8Y_H2_N100_P3_ENERGY_seed004,P3_ENERGY,H2,100,4,9,492.6730766391338
8Y_H2_N100_P3_ENERGY_seed004,P3_ENERGY,H2,100,4,10,38.23108293653786
8Y_H2_N100_P3_ENERGY_seed004,P3_ENERGY,H2,100,4,11,306.8969489279989
8Y_H2_N100_P4_RESERVE_seed004,P4_RESERVE,H2,100,4,1,2386.1078779868003
8Y_H2_N100_P4_RESERVE_seed004,P4_RESERVE,H2,100,4,2,1152.8280994458773
8Y_H2_N100_P4_RESERVE_seed004,P4_RESERVE,H2,100,4,3,785.9896340520509
8Y_H2_N100_P4_RESERVE_seed004,P4_RESERVE,H2,100,4,4,89.22457187736018
8Y_H2_N100_P4_RESERVE_seed004,P4_RESERVE,H2,100,4,5,461.10421100859367
8Y_H2_N100_P4_RESERVE_seed004,P4_RESERVE,H2,100,4,6,1377.6249182209458
8Y_H2_N100_P4_RESERVE_seed004,P4_RESERVE,H2,100,4,7,2349.944417270518
8Y_H2_N100_P4_RESERVE_seed004,P4_RESERVE,H2,100,4,8,1109.6138016064633
8Y_H2_N100_POW_seed005,POW,H2,100,5,1,55.3418941725
8Y_H2_N100_POW_seed005,POW,H2,100,5,2,152.06111352398486
8Y_H2_N100_POW_seed005,POW,H2,100,5,3,507.2102490198433
8Y_H2_N100_POW_seed005,POW,H2,100,5,4,1198.1527738099778
8Y_H2_N100_POW_seed005,POW,H2,100,5,5,415.6054671451186
8Y_H2_N100_POW_seed005,POW,H2,100,5,6,511.2079937065596
8Y_H2_N100_POW_seed005,POW,H2,100,5,7,720.1053329238307
8Y_H2_N100_POW_seed005,POW,H2,100,5,8,772.9662377822597
8Y_H2_N100_POW_seed005,POW,H2,100,5,9,151.59289866170093
8Y_H2_N100_POW_seed005,POW,H2,100,5,10,124.31393500996728
8Y_H2_N100_POW_seed005,POW,H2,100,5,11,559.7136360349696
8Y_H2_N100_POW_seed005,POW,H2,100,5,12,551.1487817253274
8Y_H2_N100_POW_seed005,POW,H2,100,5,13,422.9115351643395
8Y_H2_N100_POW_seed005,POW,H2,100,5,14,140.25437617871557
8Y_H2_N100_POW_seed005,POW,H2,100,5,15,998.9166231462896
8Y_H2_N100_POW_seed005,POW,H2,100,5,16,551.8052182777019
8Y_H2_N100_POW_seed005,POW,H2,100,5,17,2.3682938536449
8Y_H2_N100_POW_seed005,POW,H2,100,5,18,668.1121261476437
8Y_H2_N100_POW_seed005,POW,H2,100,5,19,1197.8518063604515
8Y_H2_N100_P0_ALL_seed005,P0_ALL,H2,100,5,1,55.3418941725
8Y_H2_N100_P0_ALL_seed005,P0_ALL,H2,100,5,2,152.06111352398486
8Y_H2_N100_P0_ALL_seed005,P0_ALL,H2,100,5,3,507.2102490198433
8Y_H2_N100_P0_ALL_seed005,P0_ALL,H2,100,5,4,1200.6023276628775
8Y_H2_N100_P0_ALL_seed005,P0_ALL,H2,100,5,5,415.60546714511884
8Y_H2_N100_P0_ALL_seed005,P0_ALL,H2,100,5,6,511.2079937065596
8Y_H2_N100_P0_ALL_seed005,P0_ALL,H2,100,5,7,722.3706335982683
8Y_H2_N100_P0_ALL_seed005,P0_ALL,H2,100,5,8,774.6976870833696
8Y_H2_N100_P0_ALL_seed005,P0_ALL,H2,100,5,9,151.59289866170093
8Y_H2_N100_P0_ALL_seed005,P0_ALL,H2,100,5,10,124.31393500996728
8Y_H2_N100_P0_ALL_seed005,P0_ALL,H2,100,5,11,559.7136360349696
8Y_H2_N100_P0_ALL_seed005,P0_ALL,H2,100,5,12,551.1487817253274
8Y_H2_N100_P0_ALL_seed005,P0_ALL,H2,100,5,13,422.9115351643395
8Y_H2_N100_P0_ALL_seed005,P0_ALL,H2,100,5,14,140.25437617871557
8Y_H2_N100_P0_ALL_seed005,P0_ALL,H2,100,5,15,1001.1918835492197
8Y_H2_N100_P0_ALL_seed005,P0_ALL,H2,100,5,16,551.8052182777019
8Y_H2_N100_P0_ALL_seed005,P0_ALL,H2,100,5,17,2.3682938536449
8Y_H2_N100_P0_ALL_seed005,P0_ALL,H2,100,5,18,669.5169736408488
8Y_H2_N100_P0_ALL_seed005,P0_ALL,H2,100,5,19,1199.1245576486217
8Y_H2_N100_P3_ENERGY_seed005,P3_ENERGY,H2,100,5,1,751.8748133905744
8Y_H2_N100_P3_ENERGY_seed005,P3_ENERGY,H2,100,5,2,506.31360303130236
8Y_H2_N100_P3_ENERGY_seed005,P3_ENERGY,H2,100,5,3,2316.9591753360924
8Y_H2_N100_P3_ENERGY_seed005,P3_ENERGY,H2,100,5,4,1113.6664516159854
8Y_H2_N100_P3_ENERGY_seed005,P3_ENERGY,H2,100,5,5,1355.0577470821436
8Y_H2_N100_P3_ENERGY_seed005,P3_ENERGY,H2,100,5,6,124.40623263288126
8Y_H2_N100_P3_ENERGY_seed005,P3_ENERGY,H2,100,5,7,560.4998038915128
8Y_H2_N100_P3_ENERGY_seed005,P3_ENERGY,H2,100,5,8,551.082782947934
8Y_H2_N100_P3_ENERGY_seed005,P3_ENERGY,H2,100,5,9,422.89927345455
8Y_H2_N100_P3_ENERGY_seed005,P3_ENERGY,H2,100,5,10,140.5265560782318
8Y_H2_N100_P3_ENERGY_seed005,P3_ENERGY,H2,100,5,11,1000.233862864312
8Y_H2_N100_P3_ENERGY_seed005,P3_ENERGY,H2,100,5,12,551.6850982274646
8Y_H2_N100_P3_ENERGY_seed005,P3_ENERGY,H2,100,5,13,2.075036448713945
8Y_H2_N100_P4_RESERVE_seed005,P4_RESERVE,H2,100,5,1,568.3610986994668
8Y_H2_N100_P4_RESERVE_seed005,P4_RESERVE,H2,100,5,2,152.0611135239849
8Y_H2_N100_P4_RESERVE_seed005,P4_RESERVE,H2,100,5,3,507.21024901984333
8Y_H2_N100_P4_RESERVE_seed005,P4_RESERVE,H2,100,5,4,965.3418941724999
8Y_H2_N100_P4_RESERVE_seed005,P4_RESERVE,H2,100,5,5,2623.8090716659617
8Y_H2_N100_P4_RESERVE_seed005,P4_RESERVE,H2,100,5,6,1207.9780803514623
8Y_H2_N100_P4_RESERVE_seed005,P4_RESERVE,H2,100,5,7,511.46883731143316
8Y_H2_N100_P4_RESERVE_seed005,P4_RESERVE,H2,100,5,8,429.1374553755186
8Y_H2_N100_P4_RESERVE_seed005,P4_RESERVE,H2,100,5,9,1025.5561482895928
8Y_H2_N100_P4_RESERVE_seed005,P4_RESERVE,H2,100,5,10,151.89962228304285
8Y_H2_N100_P4_RESERVE_seed005,P4_RESERVE,H2,100,5,11,124.23878015990158
8Y_H2_N100_P4_RESERVE_seed005,P4_RESERVE,H2,100,5,12,482.9396409994024
8Y_H2_N100_P4_RESERVE_seed005,P4_RESERVE,H2,100,5,13,551.1593385064334
8Y_H2_N100_P4_RESERVE_seed005,P4_RESERVE,H2,100,5,14,423.20790813760505
8Y_H2_N100_P4_RESERVE_seed005,P4_RESERVE,H2,100,5,15,141.37806535347954
8Y_H2_N100_POW_seed006,POW,H2,100,6,1,135.0415803977987
8Y_H2_N100_POW_seed006,POW,H2,100,6,2,1004.0199861845645
8Y_H2_N100_POW_seed006,POW,H2,100,6,3,855.7178099314538
8Y_H2_N100_POW_seed006,POW,H2,100,6,4,974.1612469616164
8Y_H2_N100_POW_seed006,POW,H2,100,6,5,224.88418002330218
8Y_H2_N100_POW_seed006,POW,H2,100,6,6,769.1256625957944
8Y_H2_N100_POW_seed006,POW,H2,100,6,7,37.32299563629931
8Y_H2_N100_POW_seed006,POW,H2,100,6,8,216.40462327596606
8Y_H2_N100_POW_seed006,POW,H2,100,6,9,930.0366891336107
8Y_H2_N100_POW_seed006,POW,H2,100,6,10,2417.0671387431858
8Y_H2_N100_POW_seed006,POW,H2,100,6,11,420.540041382269
8Y_H2_N100_POW_seed006,POW,H2,100,6,12,325.39379183635356
8Y_H2_N100_POW_seed006,POW,H2,100,6,13,135.83135855771798
8Y_H2_N100_P0_ALL_seed006,P0_ALL,H2,100,6,1,135.0415803977987
8Y_H2_N100_P0_ALL_seed006,P0_ALL,H2,100,6,2,1006.2701716372292
8Y_H2_N100_P0_ALL_seed006,P0_ALL,H2,100,6,3,857.5826365775754
8Y_H2_N100_P0_ALL_seed006,P0_ALL,H2,100,6,4,975.8192705119184
8Y_H2_N100_P0_ALL_seed006,P0_ALL,H2,100,6,5,224.88418002330218
8Y_H2_N100_P0_ALL_seed006,P0_ALL,H2,100,6,6,770.5076950642292
8Y_H2_N100_P0_ALL_seed006,P0_ALL,H2,100,6,7,37.32299563629931
8Y_H2_N100_P0_ALL_seed006,P0_ALL,H2,100,6,8,216.40462327596606
8Y_H2_N100_P0_ALL_seed006,P0_ALL,H2,100,6,9,931.7897999807719
8Y_H2_N100_P0_ALL_seed006,P0_ALL,H2,100,6,10,2424.237535539173
8Y_H2_N100_P0_ALL_seed006,P0_ALL,H2,100,6,11,420.540041382269
8Y_H2_N100_P0_ALL_seed006,P0_ALL,H2,100,6,12,325.39379183635356
8Y_H2_N100_P0_ALL_seed006,P0_ALL,H2,100,6,13,135.83135855771798
8Y_H2_N100_P3_ENERGY_seed006,P3_ENERGY,H2,100,6,1,135.0415803977987
8Y_H2_N100_P3_ENERGY_seed006,P3_ENERGY,H2,100,6,2,1006.2701716372292
8Y_H2_N100_P3_ENERGY_seed006,P3_ENERGY,H2,100,6,3,857.1026339791927
8Y_H2_N100_P3_ENERGY_seed006,P3_ENERGY,H2,100,6,4,975.8192705119179
8Y_H2_N100_P3_ENERGY_seed006,P3_ENERGY,H2,100,6,5,1373.0947990836248
8Y_H2_N100_P3_ENERGY_seed006,P3_ENERGY,H2,100,6,6,817.5788105474385
8Y_H2_N100_P3_ENERGY_seed006,P3_ENERGY,H2,100,6,7,931.3199713492932
8Y_H2_N100_P4_RESERVE_seed006,P4_RESERVE,H2,100,6,1,135.0415803977987
8Y_H2_N100_P4_RESERVE_seed006,P4_RESERVE,H2,100,6,2,1914.2619700764155
8Y_H2_N100_P4_RESERVE_seed006,P4_RESERVE,H2,100,6,3,731.5130520678081
8Y_H2_N100_P4_RESERVE_seed006,P4_RESERVE,H2,100,6,4,255.45026333343276
8Y_H2_N100_P4_RESERVE_seed006,P4_RESERVE,H2,100,6,5,1882.8469997324905
8Y_H2_N100_P4_RESERVE_seed006,P4_RESERVE,H2,100,6,6,2280.538853690593
8Y_H2_N100_P4_RESERVE_seed006,P4_RESERVE,H2,100,6,7,1727.0159118427719
8Y_H2_N100_P4_RESERVE_seed006,P4_RESERVE,H2,100,6,8,347.22239800597345
8Y_H2_N100_P4_RESERVE_seed006,P4_RESERVE,H2,100,6,9,330.0366891336125
8Y_H2_N100_POW_seed007,POW,H2,100,7,1,188.92242280648557
8Y_H2_N100_POW_seed007,POW,H2,100,7,2,789.7029686918135
8Y_H2_N100_POW_seed007,POW,H2,100,7,3,1088.1574366425475
8Y_H2_N100_POW_seed007,POW,H2,100,7,4,91.58339688049682
8Y_H2_N100_POW_seed007,POW,H2,100,7,5,42.08858188294698
8Y_H2_N100_POW_seed007,POW,H2,100,7,6,1423.3467931065788
8Y_H2_N100_POW_seed007,POW,H2,100,7,7,230.04484932619425
8Y_H2_N100_POW_seed007,POW,H2,100,7,8,3487.060526649719
8Y_H2_N100_POW_seed007,POW,H2,100,7,9,64.82499950290821
8Y_H2_N100_POW_seed007,POW,H2,100,7,10,777.6577241996893
8Y_H2_N100_POW_seed007,POW,H2,100,7,11,613.097790153166
8Y_H2_N100_P0_ALL_seed007,P0_ALL,H2,100,7,1,188.92242280648557
8Y_H2_N100_P0_ALL_seed007,P0_ALL,H2,100,7,2,791.0206087109173
8Y_H2_N100_P0_ALL_seed007,P0_ALL,H2,100,7,3,1090.332261010039
8Y_H2_N100_P0_ALL_seed007,P0_ALL,H2,100,7,4,91.58339688049682
8Y_H2_N100_P0_ALL_seed007,P0_ALL,H2,100,7,5,42.08858188294698
8Y_H2_N100_P0_ALL_seed007,P0_ALL,H2,100,7,6,1427.0047912359632
8Y_H2_N100_P0_ALL_seed007,P0_ALL,H2,100,7,7,230.04484932619425
8Y_H2_N100_P0_ALL_seed007,P0_ALL,H2,100,7,8,3497.6453549781795
8Y_H2_N100_P0_ALL_seed007,P0_ALL,H2,100,7,9,64.82499950290821
8Y_H2_N100_P0_ALL_seed007,P0_ALL,H2,100,7,10,779.9566624866047
8Y_H2_N100_P0_ALL_seed007,P0_ALL,H2,100,7,11,615.3100049982859
8Y_H2_N100_P3_ENERGY_seed007,P3_ENERGY,H2,100,7,1,188.92242280648557
8Y_H2_N100_P3_ENERGY_seed007,P3_ENERGY,H2,100,7,2,791.0206087109173
8Y_H2_N100_P3_ENERGY_seed007,P3_ENERGY,H2,100,7,3,1296.3743855174312
8Y_H2_N100_P3_ENERGY_seed007,P3_ENERGY,H2,100,7,4,43.15398894646705
8Y_H2_N100_P3_ENERGY_seed007,P3_ENERGY,H2,100,7,5,1429.601399082986
8Y_H2_N100_P3_ENERGY_seed007,P3_ENERGY,H2,100,7,6,229.93793525517685
8Y_H2_N100_P3_ENERGY_seed007,P3_ENERGY,H2,100,7,7,3496.9440322474243
8Y_H2_N100_P3_ENERGY_seed007,P3_ENERGY,H2,100,7,8,2421.307188828353
8Y_H2_N100_P4_RESERVE_seed007,P4_RESERVE,H2,100,7,1,188.92242280648557
8Y_H2_N100_P4_RESERVE_seed007,P4_RESERVE,H2,100,7,2,1699.2612432825647
8Y_H2_N100_P4_RESERVE_seed007,P4_RESERVE,H2,100,7,3,2204.7710507008205
8Y_H2_N100_P4_RESERVE_seed007,P4_RESERVE,H2,100,7,4,43.1539889464666
8Y_H2_N100_P4_RESERVE_seed007,P4_RESERVE,H2,100,7,5,2335.959290179824
8Y_H2_N100_P4_RESERVE_seed007,P4_RESERVE,H2,100,7,6,229.93793525517685
8Y_H2_N100_P4_RESERVE_seed007,P4_RESERVE,H2,100,7,7,2005.0483991889823
8Y_H2_N100_POW_seed008,POW,H2,100,8,1,164.08610801067454
8Y_H2_N100_POW_seed008,POW,H2,100,8,2,1173.0456559422817
8Y_H2_N100_POW_seed008,POW,H2,100,8,3,64.52904054770966
8Y_H2_N100_POW_seed008,POW,H2,100,8,4,205.25607679304903
8Y_H2_N100_POW_seed008,POW,H2,100,8,5,1184.6040083600421
8Y_H2_N100_POW_seed008,POW,H2,100,8,6,1957.8473075719785
8Y_H2_N100_POW_seed008,POW,H2,100,8,7,67.24347573704108
8Y_H2_N100_POW_seed008,POW,H2,100,8,8,1459.7989503024664
8Y_H2_N100_POW_seed008,POW,H2,100,8,9,354.21598493298734
8Y_H2_N100_POW_seed008,POW,H2,100,8,10,1221.8710242209336
8Y_H2_N100_POW_seed008,POW,H2,100,8,11,249.8271184679852
8Y_H2_N100_POW_seed008,POW,H2,100,8,12,176.00972304624065
8Y_H2_N100_POW_seed008,POW,H2,100,8,13,156.64402559186965
8Y_H2_N100_POW_seed008,POW,H2,100,8,14,534.1316609295118
8Y_H2_N100_POW_seed008,POW,H2,100,8,15,830.7650091458472
8Y_H2_N100_P0_ALL_seed008,P0_ALL,H2,100,8,1,164.08610801067454
8Y_H2_N100_P0_ALL_seed008,P0_ALL,H2,100,8,2,1175.9865822932875
8Y_H2_N100_P0_ALL_seed008,P0_ALL,H2,100,8,3,64.52904054770966
8Y_H2_N100_P0_ALL_seed008,P0_ALL,H2,100,8,4,205.25607679304903
8Y_H2_N100_P0_ALL_seed008,P0_ALL,H2,100,8,5,1185.9593818016738
8Y_H2_N100_P0_ALL_seed008,P0_ALL,H2,100,8,6,1963.7870593749626
8Y_H2_N100_P0_ALL_seed008,P0_ALL,H2,100,8,7,67.24347573704108
8Y_H2_N100_P0_ALL_seed008,P0_ALL,H2,100,8,8,1464.3285879278237
8Y_H2_N100_P0_ALL_seed008,P0_ALL,H2,100,8,9,354.21598493298734
8Y_H2_N100_P0_ALL_seed008,P0_ALL,H2,100,8,10,1229.8355715962225
8Y_H2_N100_P0_ALL_seed008,P0_ALL,H2,100,8,11,249.8271184679852
8Y_H2_N100_P0_ALL_seed008,P0_ALL,H2,100,8,12,176.00972304624065
8Y_H2_N100_P0_ALL_seed008,P0_ALL,H2,100,8,13,156.64402559186965
8Y_H2_N100_P0_ALL_seed008,P0_ALL,H2,100,8,14,534.1316609295118
8Y_H2_N100_P0_ALL_seed008,P0_ALL,H2,100,8,15,832.101762970573
8Y_H2_N100_P3_ENERGY_seed008,P3_ENERGY,H2,100,8,1,164.08610801067454
8Y_H2_N100_P3_ENERGY_seed008,P3_ENERGY,H2,100,8,2,1267.2986899610278
8Y_H2_N100_P3_ENERGY_seed008,P3_ENERGY,H2,100,8,3,222.79712345138728
8Y_H2_N100_P3_ENERGY_seed008,P3_ENERGY,H2,100,8,4,3167.7755949975776
8Y_H2_N100_P3_ENERGY_seed008,P3_ENERGY,H2,100,8,5,67.2597752469128
8Y_H2_N100_P3_ENERGY_seed008,P3_ENERGY,H2,100,8,6,1462.4685100177267
8Y_H2_N100_P3_ENERGY_seed008,P3_ENERGY,H2,100,8,7,476.947056786943
8Y_H2_N100_P3_ENERGY_seed008,P3_ENERGY,H2,100,8,8,1224.7690470123116
8Y_H2_N100_P3_ENERGY_seed008,P3_ENERGY,H2,100,8,9,249.63408037775298
8Y_H2_N100_P3_ENERGY_seed008,P3_ENERGY,H2,100,8,10,175.65872662335096
8Y_H2_N100_P3_ENERGY_seed008,P3_ENERGY,H2,100,8,11,156.9917127911158
8Y_H2_N100_P3_ENERGY_seed008,P3_ENERGY,H2,100,8,12,533.7205070252076
8Y_H2_N100_P4_RESERVE_seed008,P4_RESERVE,H2,100,8,1,164.08610801067454
8Y_H2_N100_P4_RESERVE_seed008,P4_RESERVE,H2,100,8,2,2177.1598703273407
8Y_H2_N100_P4_RESERVE_seed008,P4_RESERVE,H2,100,8,3,222.79712345138705
8Y_H2_N100_P4_RESERVE_seed008,P4_RESERVE,H2,100,8,4,1715.3110319734778
8Y_H2_N100_P4_RESERVE_seed008,P4_RESERVE,H2,100,8,5,2094.1741456576183
8Y_H2_N100_P4_RESERVE_seed008,P4_RESERVE,H2,100,8,6,1667.4856955182122
8Y_H2_N100_P4_RESERVE_seed008,P4_RESERVE,H2,100,8,7,67.24347573704108
8Y_H2_N100_POW_seed009,POW,H2,100,9,1,106.50787770949454
8Y_H2_N100_POW_seed009,POW,H2,100,9,2,480.23042935540263
8Y_H2_N100_POW_seed009,POW,H2,100,9,3,714.9957725674952
8Y_H2_N100_POW_seed009,POW,H2,100,9,4,97.48256864563086
8Y_H2_N100_POW_seed009,POW,H2,100,9,5,1738.7205075599074
8Y_H2_N100_POW_seed009,POW,H2,100,9,6,117.6266051561006
8Y_H2_N100_POW_seed009,POW,H2,100,9,7,1020.904033068693
8Y_H2_N100_POW_seed009,POW,H2,100,9,8,1521.1550599371176
8Y_H2_N100_POW_seed009,POW,H2,100,9,9,1318.578325483164
8Y_H2_N100_POW_seed009,POW,H2,100,9,10,281.126531719734
8Y_H2_N100_POW_seed009,POW,H2,100,9,11,47.76422128759623
8Y_H2_N100_POW_seed009,POW,H2,100,9,12,309.74142836253577
8Y_H2_N100_POW_seed009,POW,H2,100,9,13,543.6369549979172
8Y_H2_N100_POW_seed009,POW,H2,100,9,14,275.7401737494929
8Y_H2_N100_POW_seed009,POW,H2,100,9,15,487.75608120015386
8Y_H2_N100_P0_ALL_seed009,P0_ALL,H2,100,9,1,106.50787770949454
8Y_H2_N100_P0_ALL_seed009,P0_ALL,H2,100,9,2,480.23042935540263
8Y_H2_N100_P0_ALL_seed009,P0_ALL,H2,100,9,3,716.39894028028
8Y_H2_N100_P0_ALL_seed009,P0_ALL,H2,100,9,4,97.48256864563086
8Y_H2_N100_P0_ALL_seed009,P0_ALL,H2,100,9,5,1742.8510876178293
8Y_H2_N100_P0_ALL_seed009,P0_ALL,H2,100,9,6,117.6266051561006
8Y_H2_N100_P0_ALL_seed009,P0_ALL,H2,100,9,7,1023.5618269468737
8Y_H2_N100_P0_ALL_seed009,P0_ALL,H2,100,9,8,1525.5335734127011
8Y_H2_N100_P0_ALL_seed009,P0_ALL,H2,100,9,9,1323.5002679043282
8Y_H2_N100_P0_ALL_seed009,P0_ALL,H2,100,9,10,281.126531719734
8Y_H2_N100_P0_ALL_seed009,P0_ALL,H2,100,9,11,47.76422128759623
8Y_H2_N100_P0_ALL_seed009,P0_ALL,H2,100,9,12,309.74142836253577
8Y_H2_N100_P0_ALL_seed009,P0_ALL,H2,100,9,13,543.6369549979181
8Y_H2_N100_P0_ALL_seed009,P0_ALL,H2,100,9,14,275.7401737494929
8Y_H2_N100_P0_ALL_seed009,P0_ALL,H2,100,9,15,487.75608120015386
8Y_H2_N100_P3_ENERGY_seed009,P3_ENERGY,H2,100,9,1,106.50787770949454
8Y_H2_N100_P3_ENERGY_seed009,P3_ENERGY,H2,100,9,2,480.23042935540263
8Y_H2_N100_P3_ENERGY_seed009,P3_ENERGY,H2,100,9,3,716.39894028028
8Y_H2_N100_P3_ENERGY_seed009,P3_ENERGY,H2,100,9,4,2346.692000672697
8Y_H2_N100_P3_ENERGY_seed009,P3_ENERGY,H2,100,9,5,1623.986362895117
8Y_H2_N100_P3_ENERGY_seed009,P3_ENERGY,H2,100,9,6,1524.5155190846008
8Y_H2_N100_P3_ENERGY_seed009,P3_ENERGY,H2,100,9,7,1322.4714365546033
8Y_H2_N100_P3_ENERGY_seed009,P3_ENERGY,H2,100,9,8,280.32329479895
8Y_H2_N100_P3_ENERGY_seed009,P3_ENERGY,H2,100,9,9,48.15091461529846
8Y_H2_N100_P3_ENERGY_seed009,P3_ENERGY,H2,100,9,10,1480.3762854714496
8Y_H2_N100_P4_RESERVE_seed009,P4_RESERVE,H2,100,9,1,106.50787770949454
8Y_H2_N100_P4_RESERVE_seed009,P4_RESERVE,H2,100,9,2,480.23042935540263
8Y_H2_N100_P4_RESERVE_seed009,P4_RESERVE,H2,100,9,3,1624.5537236829155
8Y_H2_N100_P4_RESERVE_seed009,P4_RESERVE,H2,100,9,4,1927.277616418729
8Y_H2_N100_P4_RESERVE_seed009,P4_RESERVE,H2,100,9,5,1007.2269793504875
8Y_H2_N100_P4_RESERVE_seed009,P4_RESERVE,H2,100,9,6,538.8535215589582
8Y_H2_N100_P4_RESERVE_seed009,P4_RESERVE,H2,100,9,7,2535.028394617544
8Y_H2_N100_P4_RESERVE_seed009,P4_RESERVE,H2,100,9,8,1026.9278195141887
8Y_H2_N100_POW_seed010,POW,H2,100,10,1,62.77111503972793
8Y_H2_N100_POW_seed010,POW,H2,100,10,2,125.64163916335761
8Y_H2_N100_POW_seed010,POW,H2,100,10,3,489.4000089456175
8Y_H2_N100_POW_seed010,POW,H2,100,10,4,116.75570526958097
8Y_H2_N100_POW_seed010,POW,H2,100,10,5,867.1571128431553
8Y_H2_N100_POW_seed010,POW,H2,100,10,6,61.888500495266726
8Y_H2_N100_POW_seed010,POW,H2,100,10,7,189.31680070810626
8Y_H2_N100_POW_seed010,POW,H2,100,10,8,125.9383926225803
8Y_H2_N100_POW_seed010,POW,H2,100,10,9,165.95874384279728
8Y_H2_N100_POW_seed010,POW,H2,100,10,10,252.34694657409045
8Y_H2_N100_POW_seed010,POW,H2,100,10,11,290.0958708073317
8Y_H2_N100_POW_seed010,POW,H2,100,10,12,58.96001697854672
8Y_H2_N100_POW_seed010,POW,H2,100,10,13,346.8100165663582
8Y_H2_N100_POW_seed010,POW,H2,100,10,14,971.0605103487533
8Y_H2_N100_POW_seed010,POW,H2,100,10,15,293.83446086274216
8Y_H2_N100_POW_seed010,POW,H2,100,10,16,93.42780351372858
8Y_H2_N100_POW_seed010,POW,H2,100,10,17,947.6521324378264
8Y_H2_N100_POW_seed010,POW,H2,100,10,18,288.58018371514845
8Y_H2_N100_POW_seed010,POW,H2,100,10,19,1326.1307330225982
8Y_H2_N100_POW_seed010,POW,H2,100,10,20,286.6915351593816
8Y_H2_N100_POW_seed010,POW,H2,100,10,21,239.15327247672485
8Y_H2_N100_POW_seed010,POW,H2,100,10,22,1120.0015600620172
8Y_H2_N100_POW_seed010,POW,H2,100,10,23,186.4646199217823
8Y_H2_N100_POW_seed010,POW,H2,100,10,24,1081.0822533407863
8Y_H2_N100_P0_ALL_seed010,P0_ALL,H2,100,10,1,62.77111503972793
8Y_H2_N100_P0_ALL_seed010,P0_ALL,H2,100,10,2,125.64163916335761
8Y_H2_N100_P0_ALL_seed010,P0_ALL,H2,100,10,3,489.4000089456175
8Y_H2_N100_P0_ALL_seed010,P0_ALL,H2,100,10,4,116.75570526958097
8Y_H2_N100_P0_ALL_seed010,P0_ALL,H2,100,10,5,869.5778367635614
8Y_H2_N100_P0_ALL_seed010,P0_ALL,H2,100,10,6,61.888500495266726
8Y_H2_N100_P0_ALL_seed010,P0_ALL,H2,100,10,7,189.31680070810626
8Y_H2_N100_P0_ALL_seed010,P0_ALL,H2,100,10,8,125.9383926225803
8Y_H2_N100_P0_ALL_seed010,P0_ALL,H2,100,10,9,165.95874384279728
8Y_H2_N100_P0_ALL_seed010,P0_ALL,H2,100,10,10,252.34694657409045
8Y_H2_N100_P0_ALL_seed010,P0_ALL,H2,100,10,11,290.0958708073317
8Y_H2_N100_P0_ALL_seed010,P0_ALL,H2,100,10,12,58.96001697854672
8Y_H2_N100_P0_ALL_seed010,P0_ALL,H2,100,10,13,346.8100165663582
8Y_H2_N100_P0_ALL_seed010,P0_ALL,H2,100,10,14,972.6010217030707
8Y_H2_N100_P0_ALL_seed010,P0_ALL,H2,100,10,15,293.83446086274125
8Y_H2_N100_P0_ALL_seed010,P0_ALL,H2,100,10,16,93.42780351372858
8Y_H2_N100_P0_ALL_seed010,P0_ALL,H2,100,10,17,948.8661786042276
8Y_H2_N100_P0_ALL_seed010,P0_ALL,H2,100,10,18,288.58018371514845
8Y_H2_N100_P0_ALL_seed010,P0_ALL,H2,100,10,19,1329.3078243762266
8Y_H2_N100_P0_ALL_seed010,P0_ALL,H2,100,10,20,286.6915351593816
8Y_H2_N100_P0_ALL_seed010,P0_ALL,H2,100,10,21,239.15327247672485
8Y_H2_N100_P0_ALL_seed010,P0_ALL,H2,100,10,22,1123.2191486691554
8Y_H2_N100_P0_ALL_seed010,P0_ALL,H2,100,10,23,186.4646199217823
8Y_H2_N100_P3_ENERGY_seed010,P3_ENERGY,H2,100,10,1,62.77111503972793
8Y_H2_N100_P3_ENERGY_seed010,P3_ENERGY,H2,100,10,2,484.1650040740032
8Y_H2_N100_P3_ENERGY_seed010,P3_ENERGY,H2,100,10,3,489.4000089456174
8Y_H2_N100_P3_ENERGY_seed010,P3_ENERGY,H2,100,10,4,116.75570526958086
8Y_H2_N100_P3_ENERGY_seed010,P3_ENERGY,H2,100,10,5,868.577379819154
8Y_H2_N100_P3_ENERGY_seed010,P3_ENERGY,H2,100,10,6,790.7569094791086
8Y_H2_N100_P3_ENERGY_seed010,P3_ENERGY,H2,100,10,7,588.5742362462574
8Y_H2_N100_P3_ENERGY_seed010,P3_ENERGY,H2,100,10,8,166.4855175649177
8Y_H2_N100_P3_ENERGY_seed010,P3_ENERGY,H2,100,10,9,485.75401117748834
8Y_H2_N100_P3_ENERGY_seed010,P3_ENERGY,H2,100,10,10,290.0309619728564
8Y_H2_N100_P3_ENERGY_seed010,P3_ENERGY,H2,100,10,11,59.25008012555827
8Y_H2_N100_P3_ENERGY_seed010,P3_ENERGY,H2,100,10,12,347.1623505045236
8Y_H2_N100_P3_ENERGY_seed010,P3_ENERGY,H2,100,10,13,972.8193971236096
8Y_H2_N100_P3_ENERGY_seed010,P3_ENERGY,H2,100,10,14,332.199042791216
8Y_H2_N100_P3_ENERGY_seed010,P3_ENERGY,H2,100,10,15,170.58988887136002
8Y_H2_N100_P3_ENERGY_seed010,P3_ENERGY,H2,100,10,16,1491.7964786395678
8Y_H2_N100_P3_ENERGY_seed010,P3_ENERGY,H2,100,10,17,1755.280388160335
8Y_H2_N100_P4_RESERVE_seed010,P4_RESERVE,H2,100,10,1,62.77111503972793
8Y_H2_N100_P4_RESERVE_seed010,P4_RESERVE,H2,100,10,2,484.1650040740032
8Y_H2_N100_P4_RESERVE_seed010,P4_RESERVE,H2,100,10,3,489.4000089456174
8Y_H2_N100_P4_RESERVE_seed010,P4_RESERVE,H2,100,10,4,116.75570526958086
8Y_H2_N100_P4_RESERVE_seed010,P4_RESERVE,H2,100,10,5,1474.5055734189543
8Y_H2_N100_P4_RESERVE_seed010,P4_RESERVE,H2,100,10,6,267.10684124578256
8Y_H2_N100_P4_RESERVE_seed010,P4_RESERVE,H2,100,10,7,734.7527122176239
8Y_H2_N100_P4_RESERVE_seed010,P4_RESERVE,H2,100,10,8,190.06076000572148
8Y_H2_N100_P4_RESERVE_seed010,P4_RESERVE,H2,100,10,9,588.223145064384
8Y_H2_N100_P4_RESERVE_seed010,P4_RESERVE,H2,100,10,10,166.02365267727237
8Y_H2_N100_P4_RESERVE_seed010,P4_RESERVE,H2,100,10,11,485.9463553246269
8Y_H2_N100_P4_RESERVE_seed010,P4_RESERVE,H2,100,10,12,290.5141304771314
8Y_H2_N100_P4_RESERVE_seed010,P4_RESERVE,H2,100,10,13,58.73905678820938
8Y_H2_N100_P4_RESERVE_seed010,P4_RESERVE,H2,100,10,14,346.80559177397845
8Y_H2_N100_P4_RESERVE_seed010,P4_RESERVE,H2,100,10,15,1635.8679018126177
8Y_H2_N100_P4_RESERVE_seed010,P4_RESERVE,H2,100,10,16,331.8638055661013
8Y_H2_N100_P4_RESERVE_seed010,P4_RESERVE,H2,100,10,17,171.09122175119046
8Y_H2_N100_POW_seed011,POW,H2,100,11,1,480.7698839252477
8Y_H2_N100_POW_seed011,POW,H2,100,11,2,2805.0477914407197
8Y_H2_N100_POW_seed011,POW,H2,100,11,3,305.50648917086846
8Y_H2_N100_POW_seed011,POW,H2,100,11,4,231.11000966308393
8Y_H2_N100_POW_seed011,POW,H2,100,11,5,26.295850519423766
8Y_H2_N100_POW_seed011,POW,H2,100,11,6,735.8991941205886
8Y_H2_N100_POW_seed011,POW,H2,100,11,7,109.10769510225782
8Y_H2_N100_POW_seed011,POW,H2,100,11,8,104.58846943675962
8Y_H2_N100_POW_seed011,POW,H2,100,11,9,974.0250053376512
8Y_H2_N100_POW_seed011,POW,H2,100,11,10,253.9877733463445
8Y_H2_N100_POW_seed011,POW,H2,100,11,11,40.00211799725457
8Y_H2_N100_POW_seed011,POW,H2,100,11,12,1251.5187443484801
8Y_H2_N100_POW_seed011,POW,H2,100,11,13,651.4480030046971
8Y_H2_N100_POW_seed011,POW,H2,100,11,14,339.3125862228608
8Y_H2_N100_POW_seed011,POW,H2,100,11,15,1399.0898997300828
8Y_H2_N100_P0_ALL_seed011,P0_ALL,H2,100,11,1,480.7698839252477
8Y_H2_N100_P0_ALL_seed011,P0_ALL,H2,100,11,2,2816.922079541379
8Y_H2_N100_P0_ALL_seed011,P0_ALL,H2,100,11,3,305.50648917086846
8Y_H2_N100_P0_ALL_seed011,P0_ALL,H2,100,11,4,231.11000966308393
8Y_H2_N100_P0_ALL_seed011,P0_ALL,H2,100,11,5,26.295850519423766
8Y_H2_N100_P0_ALL_seed011,P0_ALL,H2,100,11,6,736.6084798885349
8Y_H2_N100_P0_ALL_seed011,P0_ALL,H2,100,11,7,109.10769510225782
8Y_H2_N100_P0_ALL_seed011,P0_ALL,H2,100,11,8,104.58846943675962
8Y_H2_N100_P0_ALL_seed011,P0_ALL,H2,100,11,9,977.1384430675125
8Y_H2_N100_P0_ALL_seed011,P0_ALL,H2,100,11,10,253.9877733463445
8Y_H2_N100_P0_ALL_seed011,P0_ALL,H2,100,11,11,40.00211799725457
8Y_H2_N100_P0_ALL_seed011,P0_ALL,H2,100,11,12,1254.5141346038572
8Y_H2_N100_P0_ALL_seed011,P0_ALL,H2,100,11,13,653.6590173177128
8Y_H2_N100_P0_ALL_seed011,P0_ALL,H2,100,11,14,339.3125862228617
8Y_H2_N100_P0_ALL_seed011,P0_ALL,H2,100,11,15,1401.801870911746
8Y_H2_N100_P3_ENERGY_seed011,P3_ENERGY,H2,100,11,1,480.7698839252477
8Y_H2_N100_P3_ENERGY_seed011,P3_ENERGY,H2,100,11,2,3318.2056743195863
8Y_H2_N100_P3_ENERGY_seed011,P3_ENERGY,H2,100,11,3,231.23700919900102
8Y_H2_N100_P3_ENERGY_seed011,P3_ENERGY,H2,100,11,4,1339.4826182832721
8Y_H2_N100_P3_ENERGY_seed011,P3_ENERGY,H2,100,11,5,109.53559105487238
8Y_H2_N100_P3_ENERGY_seed011,P3_ENERGY,H2,100,11,6,104.38296606222684
8Y_H2_N100_P3_ENERGY_seed011,P3_ENERGY,H2,100,11,7,1457.134156992025
8Y_H2_N100_P3_ENERGY_seed011,P3_ENERGY,H2,100,11,8,39.85149192611243
8Y_H2_N100_P3_ENERGY_seed011,P3_ENERGY,H2,100,11,9,1750.5996014415232
8Y_H2_N100_P3_ENERGY_seed011,P3_ENERGY,H2,100,11,10,652.5413466856589
8Y_H2_N100_P3_ENERGY_seed011,P3_ENERGY,H2,100,11,11,340.290674018941
8Y_H2_N100_P4_RESERVE_seed011,P4_RESERVE,H2,100,11,1,480.7698839252477
8Y_H2_N100_P4_RESERVE_seed011,P4_RESERVE,H2,100,11,2,4226.752133350325
8Y_H2_N100_P4_RESERVE_seed011,P4_RESERVE,H2,100,11,3,231.23700919900057
8Y_H2_N100_P4_RESERVE_seed011,P4_RESERVE,H2,100,11,4,1537.3881940698493
8Y_H2_N100_P4_RESERVE_seed011,P4_RESERVE,H2,100,11,5,134.83801938847137
8Y_H2_N100_P4_RESERVE_seed011,P4_RESERVE,H2,100,11,6,108.88342354522229
8Y_H2_N100_P4_RESERVE_seed011,P4_RESERVE,H2,100,11,7,104.75531916450382
8Y_H2_N100_P4_RESERVE_seed011,P4_RESERVE,H2,100,11,8,1878.4650014228982
8Y_H2_N100_P4_RESERVE_seed011,P4_RESERVE,H2,100,11,9,254.3543162690039
8Y_H2_N100_P4_RESERVE_seed011,P4_RESERVE,H2,100,11,10,40.87731421150238
8Y_H2_N100_POW_seed012,POW,H2,100,12,1,452.13799846707786
8Y_H2_N100_POW_seed012,POW,H2,100,12,2,126.42060351967518
8Y_H2_N100_POW_seed012,POW,H2,100,12,3,38.53123428546394
8Y_H2_N100_POW_seed012,POW,H2,100,12,4,508.20329050443286
8Y_H2_N100_POW_seed012,POW,H2,100,12,5,806.3815328208207
8Y_H2_N100_POW_seed012,POW,H2,100,12,6,1007.4770318776718
8Y_H2_N100_POW_seed012,POW,H2,100,12,7,480.2632093502925
8Y_H2_N100_POW_seed012,POW,H2,100,12,8,54.77713190455415
8Y_H2_N100_POW_seed012,POW,H2,100,12,9,620.3828002911432
8Y_H2_N100_POW_seed012,POW,H2,100,12,10,687.4167112622749
8Y_H2_N100_POW_seed012,POW,H2,100,12,11,22.648753325986036
8Y_H2_N100_POW_seed012,POW,H2,100,12,12,180.56821097966076
8Y_H2_N100_POW_seed012,POW,H2,100,12,13,142.86308585108782
8Y_H2_N100_POW_seed012,POW,H2,100,12,14,423.4025674748609
8Y_H2_N100_POW_seed012,POW,H2,100,12,15,291.8010800664024
8Y_H2_N100_POW_seed012,POW,H2,100,12,16,755.8085221465262
8Y_H2_N100_POW_seed012,POW,H2,100,12,17,730.2982790241495
8Y_H2_N100_POW_seed012,POW,H2,100,12,18,434.0288826582082
8Y_H2_N100_POW_seed012,POW,H2,100,12,19,562.8418172848269
8Y_H2_N100_POW_seed012,POW,H2,100,12,20,519.3844393964773
8Y_H2_N100_P0_ALL_seed012,P0_ALL,H2,100,12,1,452.13799846707786
8Y_H2_N100_P0_ALL_seed012,P0_ALL,H2,100,12,2,126.42060351967518
8Y_H2_N100_P0_ALL_seed012,P0_ALL,H2,100,12,3,38.53123428546394
8Y_H2_N100_P0_ALL_seed012,P0_ALL,H2,100,12,4,508.20329050443286
8Y_H2_N100_P0_ALL_seed012,P0_ALL,H2,100,12,5,808.5035764947779
8Y_H2_N100_P0_ALL_seed012,P0_ALL,H2,100,12,6,1009.9945286917205
8Y_H2_N100_P0_ALL_seed012,P0_ALL,H2,100,12,7,480.2632093502925
8Y_H2_N100_P0_ALL_seed012,P0_ALL,H2,100,12,8,54.77713190455415
8Y_H2_N100_P0_ALL_seed012,P0_ALL,H2,100,12,9,621.8126749065609
8Y_H2_N100_P0_ALL_seed012,P0_ALL,H2,100,12,10,689.5101723516464
8Y_H2_N100_P0_ALL_seed012,P0_ALL,H2,100,12,11,22.648753325986036
8Y_H2_N100_P0_ALL_seed012,P0_ALL,H2,100,12,12,180.56821097966076
8Y_H2_N100_P0_ALL_seed012,P0_ALL,H2,100,12,13,142.86308585108782
8Y_H2_N100_P0_ALL_seed012,P0_ALL,H2,100,12,14,423.4025674748609
8Y_H2_N100_P0_ALL_seed012,P0_ALL,H2,100,12,15,291.8010800664024
8Y_H2_N100_P0_ALL_seed012,P0_ALL,H2,100,12,16,758.5734037752281
8Y_H2_N100_P0_ALL_seed012,P0_ALL,H2,100,12,17,732.2320623648629
8Y_H2_N100_P0_ALL_seed012,P0_ALL,H2,100,12,18,434.0288826582082
8Y_H2_N100_P0_ALL_seed012,P0_ALL,H2,100,12,19,562.8418172848269
8Y_H2_N100_P0_ALL_seed012,P0_ALL,H2,100,12,20,519.3844393964773
8Y_H2_N100_P3_ENERGY_seed012,P3_ENERGY,H2,100,12,1,452.13799846707786
8Y_H2_N100_P3_ENERGY_seed012,P3_ENERGY,H2,100,12,2,181.49824352237795
8Y_H2_N100_P3_ENERGY_seed012,P3_ENERGY,H2,100,12,3,38.53123428546394
8Y_H2_N100_P3_ENERGY_seed012,P3_ENERGY,H2,100,12,4,1412.1120126476412
8Y_H2_N100_P3_ENERGY_seed012,P3_ENERGY,H2,100,12,5,1010.9201692136257
8Y_H2_N100_P3_ENERGY_seed012,P3_ENERGY,H2,100,12,6,1824.4948488437171
8Y_H2_N100_P3_ENERGY_seed012,P3_ENERGY,H2,100,12,7,1226.2135183040846
8Y_H2_N100_P3_ENERGY_seed012,P3_ENERGY,H2,100,12,8,180.56821097966076
8Y_H2_N100_P3_ENERGY_seed012,P3_ENERGY,H2,100,12,9,1024.7167997055049
8Y_H2_N100_P3_ENERGY_seed012,P3_ENERGY,H2,100,12,10,292.0601657748757
8Y_H2_N100_P3_ENERGY_seed012,P3_ENERGY,H2,100,12,11,2040.229889051354
8Y_H2_N100_P4_RESERVE_seed012,P4_RESERVE,H2,100,12,1,452.13799846707786
8Y_H2_N100_P4_RESERVE_seed012,P4_RESERVE,H2,100,12,2,181.49824352237795
8Y_H2_N100_P4_RESERVE_seed012,P4_RESERVE,H2,100,12,3,38.53123428546394
8Y_H2_N100_P4_RESERVE_seed012,P4_RESERVE,H2,100,12,4,1636.4544348777308
8Y_H2_N100_P4_RESERVE_seed012,P4_RESERVE,H2,100,12,5,206.38153282082067
8Y_H2_N100_P4_RESERVE_seed012,P4_RESERVE,H2,100,12,6,1917.4446485497533
8Y_H2_N100_P4_RESERVE_seed012,P4_RESERVE,H2,100,12,7,2732.959120512437
8Y_H2_N100_P4_RESERVE_seed012,P4_RESERVE,H2,100,12,8,363.96955821216216
8Y_H2_N100_P4_RESERVE_seed012,P4_RESERVE,H2,100,12,9,1390.0369811176315
8Y_H2_N100_P4_RESERVE_seed012,P4_RESERVE,H2,100,12,10,22.219063005288263
8Y_H2_N100_P4_RESERVE_seed012,P4_RESERVE,H2,100,12,11,180.56821097965985
8Y_H2_N100_POW_seed013,POW,H2,100,13,1,464.8196839548693
8Y_H2_N100_POW_seed013,POW,H2,100,13,2,51.33904914482406
8Y_H2_N100_POW_seed013,POW,H2,100,13,3,797.6986541952344
8Y_H2_N100_POW_seed013,POW,H2,100,13,4,529.7473525135852
8Y_H2_N100_POW_seed013,POW,H2,100,13,5,125.41501317823122
8Y_H2_N100_POW_seed013,POW,H2,100,13,6,293.10397224503413
8Y_H2_N100_POW_seed013,POW,H2,100,13,7,77.812060493844
8Y_H2_N100_POW_seed013,POW,H2,100,13,8,544.0985519875017
8Y_H2_N100_POW_seed013,POW,H2,100,13,9,217.09277240011852
8Y_H2_N100_POW_seed013,POW,H2,100,13,10,1872.792570230944
8Y_H2_N100_POW_seed013,POW,H2,100,13,11,1025.3486463000072
8Y_H2_N100_POW_seed013,POW,H2,100,13,12,27.53953590274341
8Y_H2_N100_POW_seed013,POW,H2,100,13,13,1231.1795261391808
8Y_H2_N100_POW_seed013,POW,H2,100,13,14,1323.1586467042644
8Y_H2_N100_P0_ALL_seed013,P0_ALL,H2,100,13,1,464.8196839548693
8Y_H2_N100_P0_ALL_seed013,P0_ALL,H2,100,13,2,51.33904914482406
8Y_H2_N100_P0_ALL_seed013,P0_ALL,H2,100,13,3,797.8975557863366
8Y_H2_N100_P0_ALL_seed013,P0_ALL,H2,100,13,4,529.7473525135852
8Y_H2_N100_P0_ALL_seed013,P0_ALL,H2,100,13,5,125.41501317823122
8Y_H2_N100_P0_ALL_seed013,P0_ALL,H2,100,13,6,293.10397224503413
8Y_H2_N100_P0_ALL_seed013,P0_ALL,H2,100,13,7,77.812060493844
8Y_H2_N100_P0_ALL_seed013,P0_ALL,H2,100,13,8,544.0985519875017
8Y_H2_N100_P0_ALL_seed013,P0_ALL,H2,100,13,9,217.09277240011852
8Y_H2_N100_P0_ALL_seed013,P0_ALL,H2,100,13,10,1878.3804334919887
8Y_H2_N100_P0_ALL_seed013,P0_ALL,H2,100,13,11,1027.0736125995672
8Y_H2_N100_P0_ALL_seed013,P0_ALL,H2,100,13,12,27.53953590274341
8Y_H2_N100_P0_ALL_seed013,P0_ALL,H2,100,13,13,1235.2697845171251
8Y_H2_N100_P0_ALL_seed013,P0_ALL,H2,100,13,14,1327.7042762433248
8Y_H2_N100_P3_ENERGY_seed013,P3_ENERGY,H2,100,13,1,464.8196839548693
8Y_H2_N100_P3_ENERGY_seed013,P3_ENERGY,H2,100,13,2,2333.736485608807
8Y_H2_N100_P3_ENERGY_seed013,P3_ENERGY,H2,100,13,3,190.26174038052568
8Y_H2_N100_P3_ENERGY_seed013,P3_ENERGY,H2,100,13,4,679.1582637856277
8Y_H2_N100_P3_ENERGY_seed013,P3_ENERGY,H2,100,13,5,543.5925590950164
8Y_H2_N100_P3_ENERGY_seed013,P3_ENERGY,H2,100,13,6,2479.3891263200258
8Y_H2_N100_P3_ENERGY_seed013,P3_ENERGY,H2,100,13,7,1026.3886273496137
8Y_H2_N100_P3_ENERGY_seed013,P3_ENERGY,H2,100,13,8,27.26475290173221
8Y_H2_N100_P3_ENERGY_seed013,P3_ENERGY,H2,100,13,9,1234.650770518454
8Y_H2_N100_P4_RESERVE_seed013,P4_RESERVE,H2,100,13,1,464.8196839548693
8Y_H2_N100_P4_RESERVE_seed013,P4_RESERVE,H2,100,13,2,1561.787792762729
8Y_H2_N100_P4_RESERVE_seed013,P4_RESERVE,H2,100,13,3,505.12203936074
8Y_H2_N100_P4_RESERVE_seed013,P4_RESERVE,H2,100,13,4,529.7473525135852
8Y_H2_N100_P4_RESERVE_seed013,P4_RESERVE,H2,100,13,5,191.35089816099207
8Y_H2_N100_P4_RESERVE_seed013,P4_RESERVE,H2,100,13,6,1587.5098270577473
8Y_H2_N100_P4_RESERVE_seed013,P4_RESERVE,H2,100,13,7,544.0652948898733
8Y_H2_N100_P4_RESERVE_seed013,P4_RESERVE,H2,100,13,8,1635.9054266420044
8Y_H2_N100_P4_RESERVE_seed013,P4_RESERVE,H2,100,13,9,903.100514474645
8Y_H2_N100_P4_RESERVE_seed013,P4_RESERVE,H2,100,13,10,1582.2669791801663
8Y_H2_N100_POW_seed014,POW,H2,100,14,1,94.52000666543329
8Y_H2_N100_POW_seed014,POW,H2,100,14,2,528.3040257668895
8Y_H2_N100_POW_seed014,POW,H2,100,14,3,704.2877795700589
8Y_H2_N100_POW_seed014,POW,H2,100,14,4,540.5663297114277
8Y_H2_N100_POW_seed014,POW,H2,100,14,5,788.0476050016694
8Y_H2_N100_POW_seed014,POW,H2,100,14,6,172.08130324410467
8Y_H2_N100_POW_seed014,POW,H2,100,14,7,293.07007133999286
8Y_H2_N100_POW_seed014,POW,H2,100,14,8,16.136044833269807
8Y_H2_N100_POW_seed014,POW,H2,100,14,9,164.5542532692034
8Y_H2_N100_POW_seed014,POW,H2,100,14,10,1137.586517474433
8Y_H2_N100_POW_seed014,POW,H2,100,14,11,609.1028934365695
8Y_H2_N100_POW_seed014,POW,H2,100,14,12,113.94599122251657
8Y_H2_N100_POW_seed014,POW,H2,100,14,13,305.39143681845235
8Y_H2_N100_POW_seed014,POW,H2,100,14,14,281.95525266637287
8Y_H2_N100_POW_seed014,POW,H2,100,14,15,627.9700136745278
8Y_H2_N100_POW_seed014,POW,H2,100,14,16,846.1605059214235
8Y_H2_N100_POW_seed014,POW,H2,100,14,17,348.9437128331174
8Y_H2_N100_POW_seed014,POW,H2,100,14,18,218.6516008565295
8Y_H2_N100_POW_seed014,POW,H2,100,14,19,396.704137273573
8Y_H2_N100_P0_ALL_seed014,P0_ALL,H2,100,14,1,94.52000666543329
8Y_H2_N100_P0_ALL_seed014,P0_ALL,H2,100,14,2,528.3040257668895
8Y_H2_N100_P0_ALL_seed014,P0_ALL,H2,100,14,3,706.4597672174749
8Y_H2_N100_P0_ALL_seed014,P0_ALL,H2,100,14,4,540.5663297114277
8Y_H2_N100_P0_ALL_seed014,P0_ALL,H2,100,14,5,790.1662355565522
8Y_H2_N100_P0_ALL_seed014,P0_ALL,H2,100,14,6,172.08130324410467
8Y_H2_N100_P0_ALL_seed014,P0_ALL,H2,100,14,7,293.07007133999286
8Y_H2_N100_P0_ALL_seed014,P0_ALL,H2,100,14,8,16.136044833269807
8Y_H2_N100_P0_ALL_seed014,P0_ALL,H2,100,14,9,164.5542532692034
8Y_H2_N100_P0_ALL_seed014,P0_ALL,H2,100,14,10,1141.2960740929993
8Y_H2_N100_P0_ALL_seed014,P0_ALL,H2,100,14,11,612.5469608080448
8Y_H2_N100_P0_ALL_seed014,P0_ALL,H2,100,14,12,113.94599122251657
8Y_H2_N100_P0_ALL_seed014,P0_ALL,H2,100,14,13,305.39143681845235
8Y_H2_N100_P0_ALL_seed014,P0_ALL,H2,100,14,14,281.95525266637287
8Y_H2_N100_P0_ALL_seed014,P0_ALL,H2,100,14,15,630.3993329480509
8Y_H2_N100_P0_ALL_seed014,P0_ALL,H2,100,14,16,849.1901492317711
8Y_H2_N100_P0_ALL_seed014,P0_ALL,H2,100,14,17,348.9437128331174
8Y_H2_N100_P0_ALL_seed014,P0_ALL,H2,100,14,18,218.6516008565295
8Y_H2_N100_P0_ALL_seed014,P0_ALL,H2,100,14,19,396.7041372735721
8Y_H2_N100_P3_ENERGY_seed014,P3_ENERGY,H2,100,14,1,94.52000666543329
8Y_H2_N100_P3_ENERGY_seed014,P3_ENERGY,H2,100,14,2,528.3040257668895
8Y_H2_N100_P3_ENERGY_seed014,P3_ENERGY,H2,100,14,3,706.1506018643175
8Y_H2_N100_P3_ENERGY_seed014,P3_ENERGY,H2,100,14,4,1473.4791373456417
8Y_H2_N100_P3_ENERGY_seed014,P3_ENERGY,H2,100,14,5,172.43150626810393
8Y_H2_N100_P3_ENERGY_seed014,P3_ENERGY,H2,100,14,6,618.0824077899738
8Y_H2_N100_P3_ENERGY_seed014,P3_ENERGY,H2,100,14,7,164.53405094715754
8Y_H2_N100_P3_ENERGY_seed014,P3_ENERGY,H2,100,14,8,1140.5097755483416
8Y_H2_N100_P3_ENERGY_seed014,P3_ENERGY,H2,100,14,9,610.411365455695
8Y_H2_N100_P3_ENERGY_seed014,P3_ENERGY,H2,100,14,10,909.08197725218
8Y_H2_N100_P3_ENERGY_seed014,P3_ENERGY,H2,100,14,11,458.3505678237134
8Y_H2_N100_P3_ENERGY_seed014,P3_ENERGY,H2,100,14,12,828.9602306616334
8Y_H2_N100_P3_ENERGY_seed014,P3_ENERGY,H2,100,14,13,848.8607068089832
8Y_H2_N100_P3_ENERGY_seed014,P3_ENERGY,H2,100,14,14,820.4945321400992
8Y_H2_N100_P4_RESERVE_seed014,P4_RESERVE,H2,100,14,1,94.52000666543329
8Y_H2_N100_P4_RESERVE_seed014,P4_RESERVE,H2,100,14,2,525.0237057593496
8Y_H2_N100_P4_RESERVE_seed014,P4_RESERVE,H2,100,14,3,1614.928832840546
8Y_H2_N100_P4_RESERVE_seed014,P4_RESERVE,H2,100,14,4,2381.286607833517
8Y_H2_N100_P4_RESERVE_seed014,P4_RESERVE,H2,100,14,5,172.43150626810439
8Y_H2_N100_P4_RESERVE_seed014,P4_RESERVE,H2,100,14,6,497.6405265165622
8Y_H2_N100_P4_RESERVE_seed014,P4_RESERVE,H2,100,14,7,16.099452044363716
8Y_H2_N100_P4_RESERVE_seed014,P4_RESERVE,H2,100,14,8,164.49023857671182
8Y_H2_N100_P4_RESERVE_seed014,P4_RESERVE,H2,100,14,9,1942.4864634008682
8Y_H2_N100_P4_RESERVE_seed014,P4_RESERVE,H2,100,14,10,1519.2667443005885
8Y_H2_N100_POW_seed015,POW,H2,100,15,1,372.95811457116105
8Y_H2_N100_POW_seed015,POW,H2,100,15,2,816.7521981929924
8Y_H2_N100_POW_seed015,POW,H2,100,15,3,226.53084237085022
8Y_H2_N100_POW_seed015,POW,H2,100,15,4,1953.6256810253608
8Y_H2_N100_POW_seed015,POW,H2,100,15,5,534.6529780300166
8Y_H2_N100_POW_seed015,POW,H2,100,15,6,935.3193285692987
8Y_H2_N100_POW_seed015,POW,H2,100,15,7,566.8945874192295
8Y_H2_N100_POW_seed015,POW,H2,100,15,8,542.369196239024
8Y_H2_N100_POW_seed015,POW,H2,100,15,9,8.150819408838288
8Y_H2_N100_POW_seed015,POW,H2,100,15,10,228.38554129987278
8Y_H2_N100_POW_seed015,POW,H2,100,15,11,221.36962903004587
8Y_H2_N100_POW_seed015,POW,H2,100,15,12,1679.2535859012596
8Y_H2_N100_POW_seed015,POW,H2,100,15,13,815.6385281860357
8Y_H2_N100_POW_seed015,POW,H2,100,15,14,486.37669560739414
8Y_H2_N100_P0_ALL_seed015,P0_ALL,H2,100,15,1,372.95811457116105
8Y_H2_N100_P0_ALL_seed015,P0_ALL,H2,100,15,2,818.4897499968681
8Y_H2_N100_P0_ALL_seed015,P0_ALL,H2,100,15,3,226.53084237085022
8Y_H2_N100_P0_ALL_seed015,P0_ALL,H2,100,15,4,1958.6484216096906
8Y_H2_N100_P0_ALL_seed015,P0_ALL,H2,100,15,5,534.6529780300166
8Y_H2_N100_P0_ALL_seed015,P0_ALL,H2,100,15,6,938.3893089814806
8Y_H2_N100_P0_ALL_seed015,P0_ALL,H2,100,15,7,566.8945874192295
8Y_H2_N100_P0_ALL_seed015,P0_ALL,H2,100,15,8,542.369196239024
8Y_H2_N100_P0_ALL_seed015,P0_ALL,H2,100,15,9,8.150819408838288
8Y_H2_N100_P0_ALL_seed015,P0_ALL,H2,100,15,10,228.38554129987278
8Y_H2_N100_P0_ALL_seed015,P0_ALL,H2,100,15,11,221.36962903004587
8Y_H2_N100_P0_ALL_seed015,P0_ALL,H2,100,15,12,1683.0466570534527
8Y_H2_N100_P0_ALL_seed015,P0_ALL,H2,100,15,13,816.4817697846383
8Y_H2_N100_P0_ALL_seed015,P0_ALL,H2,100,15,14,486.37669560739414
8Y_H2_N100_P3_ENERGY_seed015,P3_ENERGY,H2,100,15,1,372.95811457116105
8Y_H2_N100_P3_ENERGY_seed015,P3_ENERGY,H2,100,15,2,818.4043334853586
8Y_H2_N100_P3_ENERGY_seed015,P3_ENERGY,H2,100,15,3,226.53084237085022
8Y_H2_N100_P3_ENERGY_seed015,P3_ENERGY,H2,100,15,4,1958.1574589726508
8Y_H2_N100_P3_ENERGY_seed015,P3_ENERGY,H2,100,15,5,534.6529780300166
8Y_H2_N100_P3_ENERGY_seed015,P3_ENERGY,H2,100,15,6,937.0999118739728
8Y_H2_N100_P3_ENERGY_seed015,P3_ENERGY,H2,100,15,7,1142.370971733476
8Y_H2_N100_P3_ENERGY_seed015,P3_ENERGY,H2,100,15,8,830.332704546152
8Y_H2_N100_P4_RESERVE_seed015,P4_RESERVE,H2,100,15,1,372.95811457116105
8Y_H2_N100_P4_RESERVE_seed015,P4_RESERVE,H2,100,15,2,1725.9629014378731
8Y_H2_N100_P4_RESERVE_seed015,P4_RESERVE,H2,100,15,3,226.53084237085022
8Y_H2_N100_P4_RESERVE_seed015,P4_RESERVE,H2,100,15,4,2866.4822384199433
8Y_H2_N100_P4_RESERVE_seed015,P4_RESERVE,H2,100,15,5,534.6529780300161
8Y_H2_N100_P4_RESERVE_seed015,P4_RESERVE,H2,100,15,6,1707.4801975128157
8Y_H2_N100_P4_RESERVE_seed015,P4_RESERVE,H2,100,15,7,2051.2309623781002
8Y_H2_N100_POW_seed016,POW,H2,100,16,1,2.4995516114126324
8Y_H2_N100_POW_seed016,POW,H2,100,16,2,400.3238207375155
8Y_H2_N100_POW_seed016,POW,H2,100,16,3,961.5890107184066
8Y_H2_N100_POW_seed016,POW,H2,100,16,4,1407.792118055334
8Y_H2_N100_POW_seed016,POW,H2,100,16,5,770.0618148815579
8Y_H2_N100_POW_seed016,POW,H2,100,16,6,766.3759558132006
8Y_H2_N100_POW_seed016,POW,H2,100,16,7,593.4946851897321
8Y_H2_N100_POW_seed016,POW,H2,100,16,8,53.668811410984745
8Y_H2_N100_POW_seed016,POW,H2,100,16,9,383.13782967602583
8Y_H2_N100_POW_seed016,POW,H2,100,16,10,259.98919379094787
8Y_H2_N100_POW_seed016,POW,H2,100,16,11,114.43137169681904
8Y_H2_N100_POW_seed016,POW,H2,100,16,12,167.39994714203203
8Y_H2_N100_POW_seed016,POW,H2,100,16,13,465.0586662802889
8Y_H2_N100_POW_seed016,POW,H2,100,16,14,882.8930367195544
8Y_H2_N100_POW_seed016,POW,H2,100,16,15,143.39598105993446
8Y_H2_N100_POW_seed016,POW,H2,100,16,16,1078.1318461186693
8Y_H2_N100_POW_seed016,POW,H2,100,16,17,715.3722806802652
8Y_H2_N100_POW_seed016,POW,H2,100,16,18,4.304664206267262
8Y_H2_N100_POW_seed016,POW,H2,100,16,19,700.146123654371
8Y_H2_N100_POW_seed016,POW,H2,100,16,20,82.24957378637373
8Y_H2_N100_P0_ALL_seed016,P0_ALL,H2,100,16,1,2.4995516114126324
8Y_H2_N100_P0_ALL_seed016,P0_ALL,H2,100,16,2,400.3238207375155
8Y_H2_N100_P0_ALL_seed016,P0_ALL,H2,100,16,3,962.7370977839266
8Y_H2_N100_P0_ALL_seed016,P0_ALL,H2,100,16,4,1412.306745796976
8Y_H2_N100_P0_ALL_seed016,P0_ALL,H2,100,16,5,772.6533955914065
8Y_H2_N100_P0_ALL_seed016,P0_ALL,H2,100,16,6,768.7918440414937
8Y_H2_N100_P0_ALL_seed016,P0_ALL,H2,100,16,7,593.4946851897321
8Y_H2_N100_P0_ALL_seed016,P0_ALL,H2,100,16,8,53.668811410984745
8Y_H2_N100_P0_ALL_seed016,P0_ALL,H2,100,16,9,383.13782967602583
8Y_H2_N100_P0_ALL_seed016,P0_ALL,H2,100,16,10,259.98919379094787
8Y_H2_N100_P0_ALL_seed016,P0_ALL,H2,100,16,11,114.43137169681904
8Y_H2_N100_P0_ALL_seed016,P0_ALL,H2,100,16,12,167.39994714203203
8Y_H2_N100_P0_ALL_seed016,P0_ALL,H2,100,16,13,465.0586662802889
8Y_H2_N100_P0_ALL_seed016,P0_ALL,H2,100,16,14,884.8466991111372
8Y_H2_N100_P0_ALL_seed016,P0_ALL,H2,100,16,15,143.39598105993446
8Y_H2_N100_P0_ALL_seed016,P0_ALL,H2,100,16,16,1079.4337347478995
8Y_H2_N100_P0_ALL_seed016,P0_ALL,H2,100,16,17,718.2880333937192
8Y_H2_N100_P0_ALL_seed016,P0_ALL,H2,100,16,18,4.304664206267262
8Y_H2_N100_P0_ALL_seed016,P0_ALL,H2,100,16,19,702.206114036866
8Y_H2_N100_P0_ALL_seed016,P0_ALL,H2,100,16,20,82.24957378637373
8Y_H2_N100_P3_ENERGY_seed016,P3_ENERGY,H2,100,16,1,2.4995516114126324
8Y_H2_N100_P3_ENERGY_seed016,P3_ENERGY,H2,100,16,2,475.34828494716237
8Y_H2_N100_P3_ENERGY_seed016,P3_ENERGY,H2,100,16,3,962.3143336806074
8Y_H2_N100_P3_ENERGY_seed016,P3_ENERGY,H2,100,16,4,1412.3067457969762
8Y_H2_N100_P3_ENERGY_seed016,P3_ENERGY,H2,100,16,5,771.8899796078917
8Y_H2_N100_P3_ENERGY_seed016,P3_ENERGY,H2,100,16,6,873.0287368893519
8Y_H2_N100_P3_ENERGY_seed016,P3_ENERGY,H2,100,16,7,593.4946851897321
8Y_H2_N100_P3_ENERGY_seed016,P3_ENERGY,H2,100,16,8,285.80618639156
8Y_H2_N100_P3_ENERGY_seed016,P3_ENERGY,H2,100,16,9,443.4439585495529
8Y_H2_N100_P3_ENERGY_seed016,P3_ENERGY,H2,100,16,10,259.98919379094787
8Y_H2_N100_P3_ENERGY_seed016,P3_ENERGY,H2,100,16,11,114.43137169681904
8Y_H2_N100_P3_ENERGY_seed016,P3_ENERGY,H2,100,16,12,167.39994714203203
8Y_H2_N100_P3_ENERGY_seed016,P3_ENERGY,H2,100,16,13,1484.8339739379544
8Y_H2_N100_P3_ENERGY_seed016,P3_ENERGY,H2,100,16,14,143.6778358734955
8Y_H2_N100_P3_ENERGY_seed016,P3_ENERGY,H2,100,16,15,1080.7519103193008
8Y_H2_N100_P3_ENERGY_seed016,P3_ENERGY,H2,100,16,16,717.0348709078717
8Y_H2_N100_P4_RESERVE_seed016,P4_RESERVE,H2,100,16,1,2.4995516114126324
8Y_H2_N100_P4_RESERVE_seed016,P4_RESERVE,H2,100,16,2,475.34828494716237
8Y_H2_N100_P4_RESERVE_seed016,P4_RESERVE,H2,100,16,3,816.9996861725785
8Y_H2_N100_P4_RESERVE_seed016,P4_RESERVE,H2,100,16,4,360.6964605328735
8Y_H2_N100_P4_RESERVE_seed016,P4_RESERVE,H2,100,16,5,1009.777029295484
8Y_H2_N100_P4_RESERVE_seed016,P4_RESERVE,H2,100,16,6,1717.5394945992916
8Y_H2_N100_P4_RESERVE_seed016,P4_RESERVE,H2,100,16,7,1680.0324876785944
8Y_H2_N100_P4_RESERVE_seed016,P4_RESERVE,H2,100,16,8,851.364569163361
8Y_H2_N100_P4_RESERVE_seed016,P4_RESERVE,H2,100,16,9,272.0251319272429
8Y_H2_N100_P4_RESERVE_seed016,P4_RESERVE,H2,100,16,10,594.3230822127016
8Y_H2_N100_P4_RESERVE_seed016,P4_RESERVE,H2,100,16,11,284.6977728164584
8Y_H2_N100_P4_RESERVE_seed016,P4_RESERVE,H2,100,16,12,443.43979712229793
8Y_H2_N100_P4_RESERVE_seed016,P4_RESERVE,H2,100,16,13,260.2987518201862
8Y_H2_N100_P4_RESERVE_seed016,P4_RESERVE,H2,100,16,14,114.10663735158778
8Y_H2_N100_P4_RESERVE_seed016,P4_RESERVE,H2,100,16,15,167.21592799881
8Y_H2_N100_POW_seed017,POW,H2,100,17,1,311.53825344255563
8Y_H2_N100_POW_seed017,POW,H2,100,17,2,476.275374728992
8Y_H2_N100_POW_seed017,POW,H2,100,17,3,672.14225449017
8Y_H2_N100_POW_seed017,POW,H2,100,17,4,986.7785942061209
8Y_H2_N100_POW_seed017,POW,H2,100,17,5,956.1114337841873
8Y_H2_N100_POW_seed017,POW,H2,100,17,6,183.89186638182127
8Y_H2_N100_POW_seed017,POW,H2,100,17,7,738.5390611424182
8Y_H2_N100_POW_seed017,POW,H2,100,17,8,150.76969645937243
8Y_H2_N100_POW_seed017,POW,H2,100,17,9,1958.78115043865
8Y_H2_N100_POW_seed017,POW,H2,100,17,10,669.4195216288717
8Y_H2_N100_POW_seed017,POW,H2,100,17,11,659.9305146248498
8Y_H2_N100_POW_seed017,POW,H2,100,17,12,202.9504951736717
8Y_H2_N100_POW_seed017,POW,H2,100,17,13,63.81195771726834
8Y_H2_N100_POW_seed017,POW,H2,100,17,14,213.44552554101028
8Y_H2_N100_P0_ALL_seed017,P0_ALL,H2,100,17,1,311.53825344255563
8Y_H2_N100_P0_ALL_seed017,P0_ALL,H2,100,17,2,476.275374728992
8Y_H2_N100_P0_ALL_seed017,P0_ALL,H2,100,17,3,674.5059209279787
8Y_H2_N100_P0_ALL_seed017,P0_ALL,H2,100,17,4,988.7384581478836
8Y_H2_N100_P0_ALL_seed017,P0_ALL,H2,100,17,5,960.2704594428437
8Y_H2_N100_P0_ALL_seed017,P0_ALL,H2,100,17,6,183.89186638182127
8Y_H2_N100_P0_ALL_seed017,P0_ALL,H2,100,17,7,740.3264606076173
8Y_H2_N100_P0_ALL_seed017,P0_ALL,H2,100,17,8,150.76969645937243
8Y_H2_N100_P0_ALL_seed017,P0_ALL,H2,100,17,9,1964.7760763652632
8Y_H2_N100_P0_ALL_seed017,P0_ALL,H2,100,17,10,672.3282217773613
8Y_H2_N100_P0_ALL_seed017,P0_ALL,H2,100,17,11,661.4224408829696
8Y_H2_N100_P0_ALL_seed017,P0_ALL,H2,100,17,12,202.9504951736717
8Y_H2_N100_P0_ALL_seed017,P0_ALL,H2,100,17,13,63.81195771726834
8Y_H2_N100_P0_ALL_seed017,P0_ALL,H2,100,17,14,213.44552554101028
8Y_H2_N100_P3_ENERGY_seed017,P3_ENERGY,H2,100,17,1,1876.5599479381121
8Y_H2_N100_P3_ENERGY_seed017,P3_ENERGY,H2,100,17,2,988.3986963654816
8Y_H2_N100_P3_ENERGY_seed017,P3_ENERGY,H2,100,17,3,958.8531270967433
8Y_H2_N100_P3_ENERGY_seed017,P3_ENERGY,H2,100,17,4,211.88945012448312
8Y_H2_N100_P3_ENERGY_seed017,P3_ENERGY,H2,100,17,5,742.0700773708145
8Y_H2_N100_P3_ENERGY_seed017,P3_ENERGY,H2,100,17,6,150.76969645937243
8Y_H2_N100_P3_ENERGY_seed017,P3_ENERGY,H2,100,17,7,1966.5797840152054
8Y_H2_N100_P3_ENERGY_seed017,P3_ENERGY,H2,100,17,8,670.8093944653392
8Y_H2_N100_P3_ENERGY_seed017,P3_ENERGY,H2,100,17,9,661.2062608931537
8Y_H2_N100_P3_ENERGY_seed017,P3_ENERGY,H2,100,17,10,203.16172254949743
8Y_H2_N100_P3_ENERGY_seed017,P3_ENERGY,H2,100,17,11,64.09121040153332
8Y_H2_N100_P3_ENERGY_seed017,P3_ENERGY,H2,100,17,12,213.31854569527786
8Y_H2_N100_P4_RESERVE_seed017,P4_RESERVE,H2,100,17,1,621.5382534425556
8Y_H2_N100_P4_RESERVE_seed017,P4_RESERVE,H2,100,17,2,1085.3676398976486
8Y_H2_N100_P4_RESERVE_seed017,P4_RESERVE,H2,100,17,3,1582.3774891988087
8Y_H2_N100_P4_RESERVE_seed017,P4_RESERVE,H2,100,17,4,1896.813171840036
8Y_H2_N100_P4_RESERVE_seed017,P4_RESERVE,H2,100,17,5,1866.6040112004139
8Y_H2_N100_P4_RESERVE_seed017,P4_RESERVE,H2,100,17,6,210.9767321401623
8Y_H2_N100_P4_RESERVE_seed017,P4_RESERVE,H2,100,17,7,493.8869053494973
8Y_H2_N100_P4_RESERVE_seed017,P4_RESERVE,H2,100,17,8,138.8860979250976
8Y_H2_N100_P4_RESERVE_seed017,P4_RESERVE,H2,100,17,9,150.76969645937243
8Y_H2_N100_POW_seed018,POW,H2,100,18,1,628.2227204420201
8Y_H2_N100_POW_seed018,POW,H2,100,18,2,1662.2824015595538
8Y_H2_N100_POW_seed018,POW,H2,100,18,3,244.72779367262046
8Y_H2_N100_POW_seed018,POW,H2,100,18,4,2461.3630192476403
8Y_H2_N100_POW_seed018,POW,H2,100,18,5,904.5657077186115
8Y_H2_N100_POW_seed018,POW,H2,100,18,6,77.03538878919335
8Y_H2_N100_POW_seed018,POW,H2,100,18,7,840.719996094087
8Y_H2_N100_POW_seed018,POW,H2,100,18,8,313.7762172176408
8Y_H2_N100_POW_seed018,POW,H2,100,18,9,361.55048074882325
8Y_H2_N100_POW_seed018,POW,H2,100,18,10,156.59034663397233
8Y_H2_N100_POW_seed018,POW,H2,100,18,11,85.4987947461268
8Y_H2_N100_POW_seed018,POW,H2,100,18,12,135.4136135137669
8Y_H2_N100_POW_seed018,POW,H2,100,18,13,455.12273912870387
8Y_H2_N100_POW_seed018,POW,H2,100,18,14,276.8253298824711
8Y_H2_N100_POW_seed018,POW,H2,100,18,15,144.3306099377878
8Y_H2_N100_POW_seed018,POW,H2,100,18,16,396.86666372261607
8Y_H2_N100_POW_seed018,POW,H2,100,18,17,360.17607159510226
8Y_H2_N100_P0_ALL_seed018,P0_ALL,H2,100,18,1,628.6518074554781
8Y_H2_N100_P0_ALL_seed018,P0_ALL,H2,100,18,2,1666.0040310629754
8Y_H2_N100_P0_ALL_seed018,P0_ALL,H2,100,18,3,244.72779367262046
8Y_H2_N100_P0_ALL_seed018,P0_ALL,H2,100,18,4,2469.166627980323
8Y_H2_N100_P0_ALL_seed018,P0_ALL,H2,100,18,5,906.0677414949378
8Y_H2_N100_P0_ALL_seed018,P0_ALL,H2,100,18,6,77.03538878919335
8Y_H2_N100_P0_ALL_seed018,P0_ALL,H2,100,18,7,842.2415694866995
8Y_H2_N100_P0_ALL_seed018,P0_ALL,H2,100,18,8,313.7762172176408
8Y_H2_N100_P0_ALL_seed018,P0_ALL,H2,100,18,9,361.55048074882325
8Y_H2_N100_P0_ALL_seed018,P0_ALL,H2,100,18,10,156.59034663397233
8Y_H2_N100_P0_ALL_seed018,P0_ALL,H2,100,18,11,85.4987947461268
8Y_H2_N100_P0_ALL_seed018,P0_ALL,H2,100,18,12,135.4136135137669
8Y_H2_N100_P0_ALL_seed018,P0_ALL,H2,100,18,13,455.12273912870296
8Y_H2_N100_P0_ALL_seed018,P0_ALL,H2,100,18,14,276.8253298824711
8Y_H2_N100_P0_ALL_seed018,P0_ALL,H2,100,18,15,144.3306099377878
8Y_H2_N100_P0_ALL_seed018,P0_ALL,H2,100,18,16,396.86666372261607
8Y_H2_N100_P0_ALL_seed018,P0_ALL,H2,100,18,17,360.17607159510226
8Y_H2_N100_P3_ENERGY_seed018,P3_ENERGY,H2,100,18,1,628.6518074554781
8Y_H2_N100_P3_ENERGY_seed018,P3_ENERGY,H2,100,18,2,1665.963083775907
8Y_H2_N100_P3_ENERGY_seed018,P3_ENERGY,H2,100,18,3,4516.257596184509
8Y_H2_N100_P3_ENERGY_seed018,P3_ENERGY,H2,100,18,4,76.06571151647222
8Y_H2_N100_P3_ENERGY_seed018,P3_ENERGY,H2,100,18,5,842.8077928923294
8Y_H2_N100_P3_ENERGY_seed018,P3_ENERGY,H2,100,18,6,964.7040584241386
8Y_H2_N100_P3_ENERGY_seed018,P3_ENERGY,H2,100,18,7,156.49753354564746
8Y_H2_N100_P3_ENERGY_seed018,P3_ENERGY,H2,100,18,8,85.75597200261836
8Y_H2_N100_P3_ENERGY_seed018,P3_ENERGY,H2,100,18,9,135.45618481665224
8Y_H2_N100_P3_ENERGY_seed018,P3_ENERGY,H2,100,18,10,909.8175038295867
8Y_H2_N100_P4_RESERVE_seed018,P4_RESERVE,H2,100,18,1,1538.651807455478
8Y_H2_N100_P4_RESERVE_seed018,P4_RESERVE,H2,100,18,2,2573.794487826727
8Y_H2_N100_P4_RESERVE_seed018,P4_RESERVE,H2,100,18,3,581.5214813740367
8Y_H2_N100_P4_RESERVE_seed018,P4_RESERVE,H2,100,18,4,854.3705367294706
8Y_H2_N100_P4_RESERVE_seed018,P4_RESERVE,H2,100,18,5,1386.8036538061033
8Y_H2_N100_P4_RESERVE_seed018,P4_RESERVE,H2,100,18,6,2513.243356910383
8Y_H2_N100_POW_seed019,POW,H2,100,19,1,700.2500075833774
8Y_H2_N100_POW_seed019,POW,H2,100,19,2,18.436878135153734
8Y_H2_N100_POW_seed019,POW,H2,100,19,3,86.0181306969721
8Y_H2_N100_POW_seed019,POW,H2,100,19,4,344.9391172660248
8Y_H2_N100_POW_seed019,POW,H2,100,19,5,220.71690396897952
8Y_H2_N100_POW_seed019,POW,H2,100,19,6,123.55857180235762
8Y_H2_N100_POW_seed019,POW,H2,100,19,7,637.2264415119489
8Y_H2_N100_POW_seed019,POW,H2,100,19,8,268.7918590862764
8Y_H2_N100_POW_seed019,POW,H2,100,19,9,138.43140222841384
8Y_H2_N100_POW_seed019,POW,H2,100,19,10,10.348021375693861
8Y_H2_N100_POW_seed019,POW,H2,100,19,11,98.99107070599166
8Y_H2_N100_POW_seed019,POW,H2,100,19,12,412.90703683705533
8Y_H2_N100_POW_seed019,POW,H2,100,19,13,888.9464330667829
8Y_H2_N100_POW_seed019,POW,H2,100,19,14,619.0826189861086
8Y_H2_N100_POW_seed019,POW,H2,100,19,15,449.3133163722332
8Y_H2_N100_POW_seed019,POW,H2,100,19,16,239.05673236402345
8Y_H2_N100_POW_seed019,POW,H2,100,19,17,597.9732422424286
8Y_H2_N100_POW_seed019,POW,H2,100,19,18,927.6833719000815
8Y_H2_N100_POW_seed019,POW,H2,100,19,19,1195.7312167286218
8Y_H2_N100_POW_seed019,POW,H2,100,19,20,32.443220479886804
8Y_H2_N100_POW_seed019,POW,H2,100,19,21,385.1025104583314
8Y_H2_N100_POW_seed019,POW,H2,100,19,22,414.1111141321344
8Y_H2_N100_POW_seed019,POW,H2,100,19,23,401.1834221164645
8Y_H2_N100_POW_seed019,POW,H2,100,19,24,387.3743459114339
8Y_H2_N100_POW_seed019,POW,H2,100,19,25,218.96507534059856
8Y_H2_N100_P0_ALL_seed019,P0_ALL,H2,100,19,1,700.2525814282416
8Y_H2_N100_P0_ALL_seed019,P0_ALL,H2,100,19,2,18.436878135153734
8Y_H2_N100_P0_ALL_seed019,P0_ALL,H2,100,19,3,86.0181306969721
8Y_H2_N100_P0_ALL_seed019,P0_ALL,H2,100,19,4,344.9391172660248
8Y_H2_N100_P0_ALL_seed019,P0_ALL,H2,100,19,5,220.71690396897952
8Y_H2_N100_P0_ALL_seed019,P0_ALL,H2,100,19,6,123.55857180235762
8Y_H2_N100_P0_ALL_seed019,P0_ALL,H2,100,19,7,639.3522346756411
8Y_H2_N100_P0_ALL_seed019,P0_ALL,H2,100,19,8,268.7918590862764
8Y_H2_N100_P0_ALL_seed019,P0_ALL,H2,100,19,9,138.43140222841384
8Y_H2_N100_P0_ALL_seed019,P0_ALL,H2,100,19,10,10.348021375693861
8Y_H2_N100_P0_ALL_seed019,P0_ALL,H2,100,19,11,98.99107070599166
8Y_H2_N100_P0_ALL_seed019,P0_ALL,H2,100,19,12,412.90703683705533
8Y_H2_N100_P0_ALL_seed019,P0_ALL,H2,100,19,13,890.9201395560767
8Y_H2_N100_P0_ALL_seed019,P0_ALL,H2,100,19,14,621.4352972780084
8Y_H2_N100_P0_ALL_seed019,P0_ALL,H2,100,19,15,449.3133163722332
8Y_H2_N100_P0_ALL_seed019,P0_ALL,H2,100,19,16,239.05673236402345
8Y_H2_N100_P0_ALL_seed019,P0_ALL,H2,100,19,17,597.9732422424286
8Y_H2_N100_P0_ALL_seed019,P0_ALL,H2,100,19,18,930.1314194282577
8Y_H2_N100_P0_ALL_seed019,P0_ALL,H2,100,19,19,1198.166617821823
8Y_H2_N100_P0_ALL_seed019,P0_ALL,H2,100,19,20,32.443220479886804
8Y_H2_N100_P0_ALL_seed019,P0_ALL,H2,100,19,21,385.10251045833047
8Y_H2_N100_P0_ALL_seed019,P0_ALL,H2,100,19,22,414.1111141321344
8Y_H2_N100_P0_ALL_seed019,P0_ALL,H2,100,19,23,401.1834221164645
8Y_H2_N100_P0_ALL_seed019,P0_ALL,H2,100,19,24,387.3743459114339
8Y_H2_N100_P0_ALL_seed019,P0_ALL,H2,100,19,25,218.96507534059856
8Y_H2_N100_P3_ENERGY_seed019,P3_ENERGY,H2,100,19,1,700.2525814282416
8Y_H2_N100_P3_ENERGY_seed019,P3_ENERGY,H2,100,19,2,519.373591771434
8Y_H2_N100_P3_ENERGY_seed019,P3_ENERGY,H2,100,19,3,1423.4195468400085
8Y_H2_N100_P3_ENERGY_seed019,P3_ENERGY,H2,100,19,4,1240.9506969185068
8Y_H2_N100_P3_ENERGY_seed019,P3_ENERGY,H2,100,19,5,1213.7329285361902
8Y_H2_N100_P3_ENERGY_seed019,P3_ENERGY,H2,100,19,6,544.0339267730415
8Y_H2_N100_P3_ENERGY_seed019,P3_ENERGY,H2,100,19,7,1492.17670303254
8Y_H2_N100_P3_ENERGY_seed019,P3_ENERGY,H2,100,19,8,621.2506625095921
8Y_H2_N100_P3_ENERGY_seed019,P3_ENERGY,H2,100,19,9,840.6098351827977
8Y_H2_N100_P4_RESERVE_seed019,P4_RESERVE,H2,100,19,1,1610.2525814282415
8Y_H2_N100_P4_RESERVE_seed019,P4_RESERVE,H2,100,19,2,328.0960394562187
8Y_H2_N100_P4_RESERVE_seed019,P4_RESERVE,H2,100,19,3,395.13170539957355
8Y_H2_N100_P4_RESERVE_seed019,P4_RESERVE,H2,100,19,4,654.9391172660248
8Y_H2_N100_P4_RESERVE_seed019,P4_RESERVE,H2,100,19,5,220.7169039689793
8Y_H2_N100_P4_RESERVE_seed019,P4_RESERVE,H2,100,19,6,2150.027952908213
8Y_H2_N100_P4_RESERVE_seed019,P4_RESERVE,H2,100,19,7,879.4693271339374
8Y_H2_N100_P4_RESERVE_seed019,P4_RESERVE,H2,100,19,8,578.7082688839428
8Y_H2_N100_P4_RESERVE_seed019,P4_RESERVE,H2,100,19,9,10.381449276030253
8Y_H2_N100_P4_RESERVE_seed019,P4_RESERVE,H2,100,19,10,543.1557680447077
8Y_H2_N100_P4_RESERVE_seed019,P4_RESERVE,H2,100,19,11,1633.5406094837645
8Y_H2_N100_P4_RESERVE_seed019,P4_RESERVE,H2,100,19,12,289.41582371941513
8Y_H2_N100_POW_seed020,POW,H2,100,20,1,381.8768581784186
8Y_H2_N100_POW_seed020,POW,H2,100,20,2,469.49088798945627
8Y_H2_N100_POW_seed020,POW,H2,100,20,3,109.99614893516673
8Y_H2_N100_POW_seed020,POW,H2,100,20,4,995.6052666521077
8Y_H2_N100_POW_seed020,POW,H2,100,20,5,286.2909778052626
8Y_H2_N100_POW_seed020,POW,H2,100,20,6,1260.6753371585892
8Y_H2_N100_POW_seed020,POW,H2,100,20,7,385.38999172691
8Y_H2_N100_POW_seed020,POW,H2,100,20,8,65.74865751660082
8Y_H2_N100_POW_seed020,POW,H2,100,20,9,5.700633406843281
8Y_H2_N100_POW_seed020,POW,H2,100,20,10,79.05457724438065
8Y_H2_N100_POW_seed020,POW,H2,100,20,11,572.8340995640956
8Y_H2_N100_POW_seed020,POW,H2,100,20,12,82.48079508820956
8Y_H2_N100_POW_seed020,POW,H2,100,20,13,231.61217754992867
8Y_H2_N100_POW_seed020,POW,H2,100,20,14,349.1141176956835
8Y_H2_N100_POW_seed020,POW,H2,100,20,15,110.60943590002626
8Y_H2_N100_POW_seed020,POW,H2,100,20,16,24.556806505886925
8Y_H2_N100_POW_seed020,POW,H2,100,20,17,1100.9801453723694
8Y_H2_N100_POW_seed020,POW,H2,100,20,18,701.8446741539237
8Y_H2_N100_POW_seed020,POW,H2,100,20,19,89.39210063325118
8Y_H2_N100_POW_seed020,POW,H2,100,20,20,0.6955295275138269
8Y_H2_N100_POW_seed020,POW,H2,100,20,21,316.8729498742159
8Y_H2_N100_POW_seed020,POW,H2,100,20,22,60.55000245539213
8Y_H2_N100_POW_seed020,POW,H2,100,20,23,1120.8176565116783
8Y_H2_N100_POW_seed020,POW,H2,100,20,24,584.3013957798066
8Y_H2_N100_P0_ALL_seed020,P0_ALL,H2,100,20,1,381.8768581784186
8Y_H2_N100_P0_ALL_seed020,P0_ALL,H2,100,20,2,469.49088798945627
8Y_H2_N100_P0_ALL_seed020,P0_ALL,H2,100,20,3,109.99614893516673
8Y_H2_N100_P0_ALL_seed020,P0_ALL,H2,100,20,4,997.0644306978447
8Y_H2_N100_P0_ALL_seed020,P0_ALL,H2,100,20,5,286.2909778052626
8Y_H2_N100_P0_ALL_seed020,P0_ALL,H2,100,20,6,1264.2201545215794
8Y_H2_N100_P0_ALL_seed020,P0_ALL,H2,100,20,7,385.38999172691
8Y_H2_N100_P0_ALL_seed020,P0_ALL,H2,100,20,8,65.74865751660082
8Y_H2_N100_P0_ALL_seed020,P0_ALL,H2,100,20,9,5.700633406843281
8Y_H2_N100_P0_ALL_seed020,P0_ALL,H2,100,20,10,79.05457724438065
8Y_H2_N100_P0_ALL_seed020,P0_ALL,H2,100,20,11,572.834099564096
8Y_H2_N100_P0_ALL_seed020,P0_ALL,H2,100,20,12,82.48079508820956
8Y_H2_N100_P0_ALL_seed020,P0_ALL,H2,100,20,13,231.61217754992867
8Y_H2_N100_P0_ALL_seed020,P0_ALL,H2,100,20,14,349.1141176956835
8Y_H2_N100_P0_ALL_seed020,P0_ALL,H2,100,20,15,110.60943590002626
8Y_H2_N100_P0_ALL_seed020,P0_ALL,H2,100,20,16,24.556806505886925
8Y_H2_N100_P0_ALL_seed020,P0_ALL,H2,100,20,17,1103.7317698408542
8Y_H2_N100_P0_ALL_seed020,P0_ALL,H2,100,20,18,704.5497221159812
8Y_H2_N100_P0_ALL_seed020,P0_ALL,H2,100,20,19,89.39210063325118
8Y_H2_N100_P0_ALL_seed020,P0_ALL,H2,100,20,20,0.6955295275138269
8Y_H2_N100_P0_ALL_seed020,P0_ALL,H2,100,20,21,316.8729498742159
8Y_H2_N100_P0_ALL_seed020,P0_ALL,H2,100,20,22,60.55000245539213
8Y_H2_N100_P0_ALL_seed020,P0_ALL,H2,100,20,23,1123.0590573189784
8Y_H2_N100_P0_ALL_seed020,P0_ALL,H2,100,20,24,584.3013957798066
8Y_H2_N100_P3_ENERGY_seed020,P3_ENERGY,H2,100,20,1,381.8768581784186
8Y_H2_N100_P3_ENERGY_seed020,P3_ENERGY,H2,100,20,2,711.8144734759273
8Y_H2_N100_P3_ENERGY_seed020,P3_ENERGY,H2,100,20,3,4278.48103044602
8Y_H2_N100_P3_ENERGY_seed020,P3_ENERGY,H2,100,20,4,5.714942209067885
8Y_H2_N100_P3_ENERGY_seed020,P3_ENERGY,H2,100,20,5,79.40269312316468
8Y_H2_N100_P3_ENERGY_seed020,P3_ENERGY,H2,100,20,6,572.8340995640956
8Y_H2_N100_P3_ENERGY_seed020,P3_ENERGY,H2,100,20,7,83.92072284145888
8Y_H2_N100_P3_ENERGY_seed020,P3_ENERGY,H2,100,20,8,304.22790261411956
8Y_H2_N100_P3_ENERGY_seed020,P3_ENERGY,H2,100,20,9,712.6392312210473
8Y_H2_N100_P3_ENERGY_seed020,P3_ENERGY,H2,100,20,10,24.730629949714057
8Y_H2_N100_P3_ENERGY_seed020,P3_ENERGY,H2,100,20,11,1102.0999819305562
8Y_H2_N100_P3_ENERGY_seed020,P3_ENERGY,H2,100,20,12,703.6648126787277
8Y_H2_N100_P3_ENERGY_seed020,P3_ENERGY,H2,100,20,13,88.88725254884957
8Y_H2_N100_P3_ENERGY_seed020,P3_ENERGY,H2,100,20,14,0.49259223446642864
8Y_H2_N100_P4_RESERVE_seed020,P4_RESERVE,H2,100,20,1,381.8768581784186
8Y_H2_N100_P4_RESERVE_seed020,P4_RESERVE,H2,100,20,2,897.2158621889675
8Y_H2_N100_P4_RESERVE_seed020,P4_RESERVE,H2,100,20,3,109.99614893516673
8Y_H2_N100_P4_RESERVE_seed020,P4_RESERVE,H2,100,20,4,1979.695885571006
8Y_H2_N100_P4_RESERVE_seed020,P4_RESERVE,H2,100,20,5,2462.496266090665
8Y_H2_N100_P4_RESERVE_seed020,P4_RESERVE,H2,100,20,6,1195.5480596797652
8Y_H2_N100_P4_RESERVE_seed020,P4_RESERVE,H2,100,20,7,370.4787760238314
8Y_H2_N100_P4_RESERVE_seed020,P4_RESERVE,H2,100,20,8,65.74865751660036
8Y_H2_N100_P4_RESERVE_seed020,P4_RESERVE,H2,100,20,9,5.700633406842826
8Y_H2_N100_P4_RESERVE_seed020,P4_RESERVE,H2,100,20,10,79.0545772443802
8Y_H2_N100_P4_RESERVE_seed020,P4_RESERVE,H2,100,20,11,572.8340995640956
8Y_H2_N100_P4_RESERVE_seed020,P4_RESERVE,H2,100,20,12,82.48079508820865
8Y_H2_N100_P4_RESERVE_seed020,P4_RESERVE,H2,100,20,13,304.06847570456557
8Y_H2_N100_P4_RESERVE_seed020,P4_RESERVE,H2,100,20,14,526.8408543389942
8Y_H2_N100_P4_RESERVE_seed020,P4_RESERVE,H2,100,20,15,110.60943590002535
8Y_H2_N100_P4_RESERVE_seed020,P4_RESERVE,H2,100,20,16,24.556806505886925
8Y_H2_N100_POW_seed021,POW,H2,100,21,1,824.0926587948188
8Y_H2_N100_POW_seed021,POW,H2,100,21,2,534.103832247059
8Y_H2_N100_POW_seed021,POW,H2,100,21,3,802.3120661094104
8Y_H2_N100_POW_seed021,POW,H2,100,21,4,55.947384910488836
8Y_H2_N100_POW_seed021,POW,H2,100,21,5,241.9846831545383
8Y_H2_N100_POW_seed021,POW,H2,100,21,6,479.1152529539022
8Y_H2_N100_POW_seed021,POW,H2,100,21,7,214.35868050042563
8Y_H2_N100_POW_seed021,POW,H2,100,21,8,1765.2880691203968
8Y_H2_N100_POW_seed021,POW,H2,100,21,9,582.0649243775297
8Y_H2_N100_POW_seed021,POW,H2,100,21,10,654.3714150716341
8Y_H2_N100_POW_seed021,POW,H2,100,21,11,1037.0660576769924
8Y_H2_N100_POW_seed021,POW,H2,100,21,12,2425.051630971845
8Y_H2_N100_POW_seed021,POW,H2,100,21,13,103.77056041406286
8Y_H2_N100_P0_ALL_seed021,P0_ALL,H2,100,21,1,824.1822014616603
8Y_H2_N100_P0_ALL_seed021,P0_ALL,H2,100,21,2,534.1038322470592
8Y_H2_N100_P0_ALL_seed021,P0_ALL,H2,100,21,3,804.5465090743119
8Y_H2_N100_P0_ALL_seed021,P0_ALL,H2,100,21,4,55.947384910488836
8Y_H2_N100_P0_ALL_seed021,P0_ALL,H2,100,21,5,241.9846831545383
8Y_H2_N100_P0_ALL_seed021,P0_ALL,H2,100,21,6,479.1152529539022
8Y_H2_N100_P0_ALL_seed021,P0_ALL,H2,100,21,7,214.35868050042563
8Y_H2_N100_P0_ALL_seed021,P0_ALL,H2,100,21,8,1769.6571815655302
8Y_H2_N100_P0_ALL_seed021,P0_ALL,H2,100,21,9,582.0649243775297
8Y_H2_N100_P0_ALL_seed021,P0_ALL,H2,100,21,10,655.0477322445358
8Y_H2_N100_P0_ALL_seed021,P0_ALL,H2,100,21,11,1039.1451559474363
8Y_H2_N100_P0_ALL_seed021,P0_ALL,H2,100,21,12,2433.7519352907584
8Y_H2_N100_P0_ALL_seed021,P0_ALL,H2,100,21,13,103.77056041406286
8Y_H2_N100_P3_ENERGY_seed021,P3_ENERGY,H2,100,21,1,1004.665235498778
8Y_H2_N100_P3_ENERGY_seed021,P3_ENERGY,H2,100,21,2,534.1038322470592
8Y_H2_N100_P3_ENERGY_seed021,P3_ENERGY,H2,100,21,3,803.724101403021
8Y_H2_N100_P3_ENERGY_seed021,P3_ENERGY,H2,100,21,4,55.947384910488836
8Y_H2_N100_P3_ENERGY_seed021,P3_ENERGY,H2,100,21,5,241.9846831545383
8Y_H2_N100_P3_ENERGY_seed021,P3_ENERGY,H2,100,21,6,479.1152529539022
8Y_H2_N100_P3_ENERGY_seed021,P3_ENERGY,H2,100,21,7,314.40126658785084
8Y_H2_N100_P3_ENERGY_seed021,P3_ENERGY,H2,100,21,8,1769.576578765642
8Y_H2_N100_P3_ENERGY_seed021,P3_ENERGY,H2,100,21,9,582.0649243775297
8Y_H2_N100_P3_ENERGY_seed021,P3_ENERGY,H2,100,21,10,748.0860781521033
8Y_H2_N100_P3_ENERGY_seed021,P3_ENERGY,H2,100,21,11,1039.1451559474363
8Y_H2_N100_P4_RESERVE_seed021,P4_RESERVE,H2,100,21,1,1734.1822014616603
8Y_H2_N100_P4_RESERVE_seed021,P4_RESERVE,H2,100,21,2,534.1038322470592
8Y_H2_N100_P4_RESERVE_seed021,P4_RESERVE,H2,100,21,3,1712.308052654283
8Y_H2_N100_P4_RESERVE_seed021,P4_RESERVE,H2,100,21,4,55.947384910488836
8Y_H2_N100_P4_RESERVE_seed021,P4_RESERVE,H2,100,21,5,241.98468315453783
8Y_H2_N100_P4_RESERVE_seed021,P4_RESERVE,H2,100,21,6,479.1152529539022
8Y_H2_N100_P4_RESERVE_seed021,P4_RESERVE,H2,100,21,7,314.40126658785084
8Y_H2_N100_P4_RESERVE_seed021,P4_RESERVE,H2,100,21,8,1724.3995686934795
8Y_H2_N100_P4_RESERVE_seed021,P4_RESERVE,H2,100,21,9,566.0434135706564
8Y_H2_N100_P4_RESERVE_seed021,P4_RESERVE,H2,100,21,10,582.6413939623708
8Y_H2_N100_P4_RESERVE_seed021,P4_RESERVE,H2,100,21,11,1656.0025837084931
8Y_H2_N100_POW_seed022,POW,H2,100,22,1,257.08947296244577
8Y_H2_N100_POW_seed022,POW,H2,100,22,2,829.890876365494
8Y_H2_N100_POW_seed022,POW,H2,100,22,3,413.04545250602996
8Y_H2_N100_POW_seed022,POW,H2,100,22,4,11.847278878793077
8Y_H2_N100_POW_seed022,POW,H2,100,22,5,540.0633801883816
8Y_H2_N100_POW_seed022,POW,H2,100,22,6,565.6677520981816
8Y_H2_N100_POW_seed022,POW,H2,100,22,7,1694.8583371151813
8Y_H2_N100_POW_seed022,POW,H2,100,22,8,1297.640272078992
8Y_H2_N100_POW_seed022,POW,H2,100,22,9,1162.088123208714
8Y_H2_N100_POW_seed022,POW,H2,100,22,10,265.68619267863505
8Y_H2_N100_POW_seed022,POW,H2,100,22,11,129.82664720333923
8Y_H2_N100_POW_seed022,POW,H2,100,22,12,1105.013774255809
8Y_H2_N100_POW_seed022,POW,H2,100,22,13,1097.3359491471601
8Y_H2_N100_P0_ALL_seed022,P0_ALL,H2,100,22,1,257.08947296244577
8Y_H2_N100_P0_ALL_seed022,P0_ALL,H2,100,22,2,831.4547547785987
8Y_H2_N100_P0_ALL_seed022,P0_ALL,H2,100,22,3,413.04545250602996
8Y_H2_N100_P0_ALL_seed022,P0_ALL,H2,100,22,4,11.847278878793077
8Y_H2_N100_P0_ALL_seed022,P0_ALL,H2,100,22,5,540.0633801883821
8Y_H2_N100_P0_ALL_seed022,P0_ALL,H2,100,22,6,565.6677520981816
8Y_H2_N100_P0_ALL_seed022,P0_ALL,H2,100,22,7,1700.1308168892606
8Y_H2_N100_P0_ALL_seed022,P0_ALL,H2,100,22,8,1302.7931715582017
8Y_H2_N100_P0_ALL_seed022,P0_ALL,H2,100,22,9,1164.6346377682585
8Y_H2_N100_P0_ALL_seed022,P0_ALL,H2,100,22,10,265.68619267863505
8Y_H2_N100_P0_ALL_seed022,P0_ALL,H2,100,22,11,129.82664720333923
8Y_H2_N100_P0_ALL_seed022,P0_ALL,H2,100,22,12,1107.8212041313118
8Y_H2_N100_P0_ALL_seed022,P0_ALL,H2,100,22,13,1098.7660440218315
8Y_H2_N100_P3_ENERGY_seed022,P3_ENERGY,H2,100,22,1,257.08947296244577
8Y_H2_N100_P3_ENERGY_seed022,P3_ENERGY,H2,100,22,2,1189.1467971774796
8Y_H2_N100_P3_ENERGY_seed022,P3_ENERGY,H2,100,22,3,1745.3894578703746
8Y_H2_N100_P3_ENERGY_seed022,P3_ENERGY,H2,100,22,4,3818.1438574205004
8Y_H2_N100_P3_ENERGY_seed022,P3_ENERGY,H2,100,22,5,1165.076549621378
8Y_H2_N100_P3_ENERGY_seed022,P3_ENERGY,H2,100,22,6,265.5011343505257
8Y_H2_N100_P4_RESERVE_seed022,P4_RESERVE,H2,100,22,1,257.08947296244577
8Y_H2_N100_P4_RESERVE_seed022,P4_RESERVE,H2,100,22,2,2097.284071242222
8Y_H2_N100_P4_RESERVE_seed022,P4_RESERVE,H2,100,22,3,839.4554282796985
8Y_H2_N100_P4_RESERVE_seed022,P4_RESERVE,H2,100,22,4,1022.8579106301877
8Y_H2_N100_P4_RESERVE_seed022,P4_RESERVE,H2,100,22,5,321.6263279301402
8Y_H2_N100_P4_RESERVE_seed022,P4_RESERVE,H2,100,22,6,2074.6023975169583
8Y_H2_N100_P4_RESERVE_seed022,P4_RESERVE,H2,100,22,7,2606.432785185769
8Y_H2_N100_POW_seed023,POW,H2,100,23,1,97.26478944698147
8Y_H2_N100_POW_seed023,POW,H2,100,23,2,680.8485943700858
8Y_H2_N100_POW_seed023,POW,H2,100,23,3,387.6268699122669
8Y_H2_N100_POW_seed023,POW,H2,100,23,4,1216.7649723845548
8Y_H2_N100_POW_seed023,POW,H2,100,23,5,441.61335437296066
8Y_H2_N100_POW_seed023,POW,H2,100,23,6,156.84749006354332
8Y_H2_N100_POW_seed023,POW,H2,100,23,7,335.5859670516461
8Y_H2_N100_POW_seed023,POW,H2,100,23,8,605.284446287229
8Y_H2_N100_POW_seed023,POW,H2,100,23,9,222.95243258984692
8Y_H2_N100_POW_seed023,POW,H2,100,23,10,172.04716556832682
8Y_H2_N100_POW_seed023,POW,H2,100,23,11,510.4933984381287
8Y_H2_N100_POW_seed023,POW,H2,100,23,12,1355.942444321293
8Y_H2_N100_POW_seed023,POW,H2,100,23,13,580.2640942018588
8Y_H2_N100_POW_seed023,POW,H2,100,23,14,236.7045978764254
8Y_H2_N100_POW_seed023,POW,H2,100,23,15,95.24452351926357
8Y_H2_N100_POW_seed023,POW,H2,100,23,16,197.15804868629857
8Y_H2_N100_POW_seed023,POW,H2,100,23,17,1531.817284107312
8Y_H2_N100_POW_seed023,POW,H2,100,23,18,433.0141011854612
8Y_H2_N100_POW_seed023,POW,H2,100,23,19,530.6594455798331
8Y_H2_N100_P0_ALL_seed023,P0_ALL,H2,100,23,1,97.26478944698147
8Y_H2_N100_P0_ALL_seed023,P0_ALL,H2,100,23,2,683.9156757720169
8Y_H2_N100_P0_ALL_seed023,P0_ALL,H2,100,23,3,387.6268699122669
8Y_H2_N100_P0_ALL_seed023,P0_ALL,H2,100,23,4,1221.6407422363684
8Y_H2_N100_P0_ALL_seed023,P0_ALL,H2,100,23,5,441.61335437296066
8Y_H2_N100_P0_ALL_seed023,P0_ALL,H2,100,23,6,156.84749006354332
8Y_H2_N100_P0_ALL_seed023,P0_ALL,H2,100,23,7,335.5859670516461
8Y_H2_N100_P0_ALL_seed023,P0_ALL,H2,100,23,8,607.8268233331892
8Y_H2_N100_P0_ALL_seed023,P0_ALL,H2,100,23,9,222.95243258984738
8Y_H2_N100_P0_ALL_seed023,P0_ALL,H2,100,23,10,172.04716556832682
8Y_H2_N100_P0_ALL_seed023,P0_ALL,H2,100,23,11,510.4933984381287
8Y_H2_N100_P0_ALL_seed023,P0_ALL,H2,100,23,12,1360.1408621736318
8Y_H2_N100_P0_ALL_seed023,P0_ALL,H2,100,23,13,580.2640942018588
8Y_H2_N100_P0_ALL_seed023,P0_ALL,H2,100,23,14,236.7045978764254
8Y_H2_N100_P0_ALL_seed023,P0_ALL,H2,100,23,15,95.24452351926357
8Y_H2_N100_P0_ALL_seed023,P0_ALL,H2,100,23,16,197.15804868629948
8Y_H2_N100_P0_ALL_seed023,P0_ALL,H2,100,23,17,1535.7003080518116
8Y_H2_N100_P0_ALL_seed023,P0_ALL,H2,100,23,18,433.0141011854612
8Y_H2_N100_P0_ALL_seed023,P0_ALL,H2,100,23,19,530.6594455798331
8Y_H2_N100_P3_ENERGY_seed023,P3_ENERGY,H2,100,23,1,97.26478944698147
8Y_H2_N100_P3_ENERGY_seed023,P3_ENERGY,H2,100,23,2,682.6459566723441
8Y_H2_N100_P3_ENERGY_seed023,P3_ENERGY,H2,100,23,3,387.6268699122669
8Y_H2_N100_P3_ENERGY_seed023,P3_ENERGY,H2,100,23,4,1220.4162888523513
8Y_H2_N100_P3_ENERGY_seed023,P3_ENERGY,H2,100,23,5,441.61335437296066
8Y_H2_N100_P3_ENERGY_seed023,P3_ENERGY,H2,100,23,6,156.84749006354332
8Y_H2_N100_P3_ENERGY_seed023,P3_ENERGY,H2,100,23,7,335.5859670516461
8Y_H2_N100_P3_ENERGY_seed023,P3_ENERGY,H2,100,23,8,1032.2571715915328
8Y_H2_N100_P3_ENERGY_seed023,P3_ENERGY,H2,100,23,9,222.95243258984738
8Y_H2_N100_P3_ENERGY_seed023,P3_ENERGY,H2,100,23,10,172.04716556832682
8Y_H2_N100_P3_ENERGY_seed023,P3_ENERGY,H2,100,23,11,3243.5213739196715
8Y_H2_N100_P3_ENERGY_seed023,P3_ENERGY,H2,100,23,12,381.9128090719287
8Y_H2_N100_P3_ENERGY_seed023,P3_ENERGY,H2,100,23,13,457.678993698848
8Y_H2_N100_P4_RESERVE_seed023,P4_RESERVE,H2,100,23,1,97.26478944698147
8Y_H2_N100_P4_RESERVE_seed023,P4_RESERVE,H2,100,23,2,1591.1408352116966
8Y_H2_N100_P4_RESERVE_seed023,P4_RESERVE,H2,100,23,3,387.6268699122668
8Y_H2_N100_P4_RESERVE_seed023,P4_RESERVE,H2,100,23,4,2129.680048830182
8Y_H2_N100_P4_RESERVE_seed023,P4_RESERVE,H2,100,23,5,441.6133543729611
8Y_H2_N100_P4_RESERVE_seed023,P4_RESERVE,H2,100,23,6,156.84749006354377
8Y_H2_N100_P4_RESERVE_seed023,P4_RESERVE,H2,100,23,7,335.58596705164655
8Y_H2_N100_P4_RESERVE_seed023,P4_RESERVE,H2,100,23,8,1939.881759855809
8Y_H2_N100_P4_RESERVE_seed023,P4_RESERVE,H2,100,23,9,222.95243258984738
8Y_H2_N100_P4_RESERVE_seed023,P4_RESERVE,H2,100,23,10,172.04716556832682
8Y_H2_N100_P4_RESERVE_seed023,P4_RESERVE,H2,100,23,11,1515.890584950148
8Y_H2_N100_POW_seed024,POW,H2,100,24,1,694.9166552703961
8Y_H2_N100_POW_seed024,POW,H2,100,24,2,1259.0659567047246
8Y_H2_N100_POW_seed024,POW,H2,100,24,3,12.282763872399755
8Y_H2_N100_POW_seed024,POW,H2,100,24,4,1655.1670657372724
8Y_H2_N100_POW_seed024,POW,H2,100,24,5,157.12711909124164
8Y_H2_N100_POW_seed024,POW,H2,100,24,6,84.15263698943136
8Y_H2_N100_POW_seed024,POW,H2,100,24,7,206.11228356654328
8Y_H2_N100_POW_seed024,POW,H2,100,24,8,4086.6243101249793
8Y_H2_N100_POW_seed024,POW,H2,100,24,9,63.379909857028906
8Y_H2_N100_P0_ALL_seed024,P0_ALL,H2,100,24,1,696.3439637683041
8Y_H2_N100_P0_ALL_seed024,P0_ALL,H2,100,24,2,1264.5810308505254
8Y_H2_N100_P0_ALL_seed024,P0_ALL,H2,100,24,3,12.282763872399755
8Y_H2_N100_P0_ALL_seed024,P0_ALL,H2,100,24,4,1658.734631854268
8Y_H2_N100_P0_ALL_seed024,P0_ALL,H2,100,24,5,157.12711909124164
8Y_H2_N100_P0_ALL_seed024,P0_ALL,H2,100,24,6,84.15263698943136
8Y_H2_N100_P0_ALL_seed024,P0_ALL,H2,100,24,7,206.11228356654328
8Y_H2_N100_P0_ALL_seed024,P0_ALL,H2,100,24,8,4097.730514244984
8Y_H2_N100_P0_ALL_seed024,P0_ALL,H2,100,24,9,63.379909857028906
8Y_H2_N100_P3_ENERGY_seed024,P3_ENERGY,H2,100,24,1,696.3439637683041
8Y_H2_N100_P3_ENERGY_seed024,P3_ENERGY,H2,100,24,2,1264.3348718571863
8Y_H2_N100_P3_ENERGY_seed024,P3_ENERGY,H2,100,24,3,2261.15209704501
8Y_H2_N100_P3_ENERGY_seed024,P3_ENERGY,H2,100,24,4,685.7058742199497
8Y_H2_N100_P3_ENERGY_seed024,P3_ENERGY,H2,100,24,5,4880.594916468926
8Y_H2_N100_P4_RESERVE_seed024,P4_RESERVE,H2,100,24,1,1606.3439637683039
8Y_H2_N100_P4_RESERVE_seed024,P4_RESERVE,H2,100,24,2,2171.0735589246096
8Y_H2_N100_P4_RESERVE_seed024,P4_RESERVE,H2,100,24,3,622.1967695524727
8Y_H2_N100_P4_RESERVE_seed024,P4_RESERVE,H2,100,24,4,2567.2350839286037
8Y_H2_N100_P4_RESERVE_seed024,P4_RESERVE,H2,100,24,5,466.4452021129191
8Y_H2_N100_P4_RESERVE_seed024,P4_RESERVE,H2,100,24,6,84.15263698943181
8Y_H2_N100_P4_RESERVE_seed024,P4_RESERVE,H2,100,24,7,1716.01685169337
8Y_H2_N100_POW_seed025,POW,H2,100,25,1,623.0949748840445
8Y_H2_N100_POW_seed025,POW,H2,100,25,2,440.49518433970536
8Y_H2_N100_POW_seed025,POW,H2,100,25,3,118.50330137344554
8Y_H2_N100_POW_seed025,POW,H2,100,25,4,1529.7753143504149
8Y_H2_N100_POW_seed025,POW,H2,100,25,5,287.3480630014137
8Y_H2_N100_POW_seed025,POW,H2,100,25,6,138.9409021086899
8Y_H2_N100_POW_seed025,POW,H2,100,25,7,21.443132495961436
8Y_H2_N100_POW_seed025,POW,H2,100,25,8,513.7349498260978
8Y_H2_N100_POW_seed025,POW,H2,100,25,9,213.9108932657432
8Y_H2_N100_POW_seed025,POW,H2,100,25,10,430.5687379561755
8Y_H2_N100_POW_seed025,POW,H2,100,25,11,1727.5719583610544
8Y_H2_N100_POW_seed025,POW,H2,100,25,12,518.5951750277172
8Y_H2_N100_POW_seed025,POW,H2,100,25,13,1635.0321438220271
8Y_H2_N100_POW_seed025,POW,H2,100,25,14,388.00928934370677
8Y_H2_N100_POW_seed025,POW,H2,100,25,15,404.5986476241196
8Y_H2_N100_POW_seed025,POW,H2,100,25,16,564.5306159476149
8Y_H2_N100_P0_ALL_seed025,P0_ALL,H2,100,25,1,624.7372014431039
8Y_H2_N100_P0_ALL_seed025,P0_ALL,H2,100,25,2,440.49518433970525
8Y_H2_N100_P0_ALL_seed025,P0_ALL,H2,100,25,3,118.50330137344554
8Y_H2_N100_P0_ALL_seed025,P0_ALL,H2,100,25,4,1532.6916640641712
8Y_H2_N100_P0_ALL_seed025,P0_ALL,H2,100,25,5,287.3480630014137
8Y_H2_N100_P0_ALL_seed025,P0_ALL,H2,100,25,6,138.9409021086899
8Y_H2_N100_P0_ALL_seed025,P0_ALL,H2,100,25,7,21.443132495961436
8Y_H2_N100_P0_ALL_seed025,P0_ALL,H2,100,25,8,513.7349498260978
8Y_H2_N100_P0_ALL_seed025,P0_ALL,H2,100,25,9,213.9108932657432
8Y_H2_N100_P0_ALL_seed025,P0_ALL,H2,100,25,10,430.56873795617594
8Y_H2_N100_P0_ALL_seed025,P0_ALL,H2,100,25,11,1732.9807990090212
8Y_H2_N100_P0_ALL_seed025,P0_ALL,H2,100,25,12,518.5951750277172
8Y_H2_N100_P0_ALL_seed025,P0_ALL,H2,100,25,13,1639.6761230530574
8Y_H2_N100_P0_ALL_seed025,P0_ALL,H2,100,25,14,388.00928934370677
8Y_H2_N100_P0_ALL_seed025,P0_ALL,H2,100,25,15,404.5986476241196
8Y_H2_N100_P0_ALL_seed025,P0_ALL,H2,100,25,16,564.5306159476149
8Y_H2_N100_P3_ENERGY_seed025,P3_ENERGY,H2,100,25,1,624.7372014431039
8Y_H2_N100_P3_ENERGY_seed025,P3_ENERGY,H2,100,25,2,719.8083717484208
8Y_H2_N100_P3_ENERGY_seed025,P3_ENERGY,H2,100,25,3,1532.705274723133
8Y_H2_N100_P3_ENERGY_seed025,P3_ENERGY,H2,100,25,4,286.85234488529613
8Y_H2_N100_P3_ENERGY_seed025,P3_ENERGY,H2,100,25,5,139.06509108389628
8Y_H2_N100_P3_ENERGY_seed025,P3_ENERGY,H2,100,25,6,1417.926771874198
8Y_H2_N100_P3_ENERGY_seed025,P3_ENERGY,H2,100,25,7,2332.552780041673
8Y_H2_N100_P3_ENERGY_seed025,P3_ENERGY,H2,100,25,8,2240.268056051801
8Y_H2_N100_P3_ENERGY_seed025,P3_ENERGY,H2,100,25,9,387.8550013988024
8Y_H2_N100_P4_RESERVE_seed025,P4_RESERVE,H2,100,25,1,1534.737201443104
8Y_H2_N100_P4_RESERVE_seed025,P4_RESERVE,H2,100,25,2,1350.1631877194172
8Y_H2_N100_P4_RESERVE_seed025,P4_RESERVE,H2,100,25,3,118.50330137344554
8Y_H2_N100_P4_RESERVE_seed025,P4_RESERVE,H2,100,25,4,2440.9317807743605
8Y_H2_N100_P4_RESERVE_seed025,P4_RESERVE,H2,100,25,5,287.3480630014128
8Y_H2_N100_P4_RESERVE_seed025,P4_RESERVE,H2,100,25,6,138.94090210868944
8Y_H2_N100_P4_RESERVE_seed025,P4_RESERVE,H2,100,25,7,2326.5111749230264
8Y_H2_N100_P4_RESERVE_seed025,P4_RESERVE,H2,100,25,8,930.9195680973371
8Y_H2_N100_POW_seed026,POW,H2,100,26,1,458.7539994607624
8Y_H2_N100_POW_seed026,POW,H2,100,26,2,133.28700867690765
8Y_H2_N100_POW_seed026,POW,H2,100,26,3,172.48554608718098
8Y_H2_N100_POW_seed026,POW,H2,100,26,4,995.7286561321209
8Y_H2_N100_POW_seed026,POW,H2,100,26,5,71.27811987643713
8Y_H2_N100_POW_seed026,POW,H2,100,26,6,259.2271434004854
8Y_H2_N100_POW_seed026,POW,H2,100,26,7,1400.6221776392986
8Y_H2_N100_POW_seed026,POW,H2,100,26,8,1538.2665005245053
8Y_H2_N100_POW_seed026,POW,H2,100,26,9,216.30610986497322
8Y_H2_N100_POW_seed026,POW,H2,100,26,10,42.37232633339772
8Y_H2_N100_POW_seed026,POW,H2,100,26,11,136.84793836630706
8Y_H2_N100_POW_seed026,POW,H2,100,26,12,650.6906837495471
8Y_H2_N100_POW_seed026,POW,H2,100,26,13,562.2069982901585
8Y_H2_N100_POW_seed026,POW,H2,100,26,14,47.766868300656824
8Y_H2_N100_POW_seed026,POW,H2,100,26,15,690.1962153116783
8Y_H2_N100_POW_seed026,POW,H2,100,26,16,47.19473100365394
8Y_H2_N100_POW_seed026,POW,H2,100,26,17,114.64887997569258
8Y_H2_N100_POW_seed026,POW,H2,100,26,18,913.3357407377807
8Y_H2_N100_POW_seed026,POW,H2,100,26,19,516.8137518253916
8Y_H2_N100_POW_seed026,POW,H2,100,26,20,834.611584025226
8Y_H2_N100_P0_ALL_seed026,P0_ALL,H2,100,26,1,458.7539994607624
8Y_H2_N100_P0_ALL_seed026,P0_ALL,H2,100,26,2,133.28700867690765
8Y_H2_N100_P0_ALL_seed026,P0_ALL,H2,100,26,3,172.48554608718098
8Y_H2_N100_P0_ALL_seed026,P0_ALL,H2,100,26,4,997.5520306160843
8Y_H2_N100_P0_ALL_seed026,P0_ALL,H2,100,26,5,71.27811987643713
8Y_H2_N100_P0_ALL_seed026,P0_ALL,H2,100,26,6,259.2271434004856
8Y_H2_N100_P0_ALL_seed026,P0_ALL,H2,100,26,7,1403.6955879975008
8Y_H2_N100_P0_ALL_seed026,P0_ALL,H2,100,26,8,1542.4593570955371
8Y_H2_N100_P0_ALL_seed026,P0_ALL,H2,100,26,9,216.30610986497322
8Y_H2_N100_P0_ALL_seed026,P0_ALL,H2,100,26,10,42.37232633339772
8Y_H2_N100_P0_ALL_seed026,P0_ALL,H2,100,26,11,136.84793836630706
8Y_H2_N100_P0_ALL_seed026,P0_ALL,H2,100,26,12,653.2360168055357
8Y_H2_N100_P0_ALL_seed026,P0_ALL,H2,100,26,13,562.2069982901585
8Y_H2_N100_P0_ALL_seed026,P0_ALL,H2,100,26,14,47.766868300656824
8Y_H2_N100_P0_ALL_seed026,P0_ALL,H2,100,26,15,692.6655709219003
8Y_H2_N100_P0_ALL_seed026,P0_ALL,H2,100,26,16,47.19473100365394
8Y_H2_N100_P0_ALL_seed026,P0_ALL,H2,100,26,17,114.64887997569258
8Y_H2_N100_P0_ALL_seed026,P0_ALL,H2,100,26,18,915.9150751244397
8Y_H2_N100_P0_ALL_seed026,P0_ALL,H2,100,26,19,516.8137518253916
8Y_H2_N100_P0_ALL_seed026,P0_ALL,H2,100,26,20,838.302349544374
8Y_H2_N100_P3_ENERGY_seed026,P3_ENERGY,H2,100,26,1,458.7539994607624
8Y_H2_N100_P3_ENERGY_seed026,P3_ENERGY,H2,100,26,2,133.28700867690765
8Y_H2_N100_P3_ENERGY_seed026,P3_ENERGY,H2,100,26,3,172.48554608718098
8Y_H2_N100_P3_ENERGY_seed026,P3_ENERGY,H2,100,26,4,997.5520306160843
8Y_H2_N100_P3_ENERGY_seed026,P3_ENERGY,H2,100,26,5,71.27811987643713
8Y_H2_N100_P3_ENERGY_seed026,P3_ENERGY,H2,100,26,6,259.2271434004856
8Y_H2_N100_P3_ENERGY_seed026,P3_ENERGY,H2,100,26,7,1720.2985660146846
8Y_H2_N100_P3_ENERGY_seed026,P3_ENERGY,H2,100,26,8,1542.2834008605992
8Y_H2_N100_P3_ENERGY_seed026,P3_ENERGY,H2,100,26,9,216.30610986497322
8Y_H2_N100_P3_ENERGY_seed026,P3_ENERGY,H2,100,26,10,42.37232633339772
8Y_H2_N100_P3_ENERGY_seed026,P3_ENERGY,H2,100,26,11,136.84793836630706
8Y_H2_N100_P3_ENERGY_seed026,P3_ENERGY,H2,100,26,12,903.5191833614799
8Y_H2_N100_P3_ENERGY_seed026,P3_ENERGY,H2,100,26,13,649.6405915823998
8Y_H2_N100_P3_ENERGY_seed026,P3_ENERGY,H2,100,26,14,1920.763456096979
8Y_H2_N100_P4_RESERVE_seed026,P4_RESERVE,H2,100,26,1,458.7539994607624
8Y_H2_N100_P4_RESERVE_seed026,P4_RESERVE,H2,100,26,2,133.28700867690765
8Y_H2_N100_P4_RESERVE_seed026,P4_RESERVE,H2,100,26,3,172.48554608718098
8Y_H2_N100_P4_RESERVE_seed026,P4_RESERVE,H2,100,26,4,1905.5705044486479
8Y_H2_N100_P4_RESERVE_seed026,P4_RESERVE,H2,100,26,5,71.27811987643736
8Y_H2_N100_P4_RESERVE_seed026,P4_RESERVE,H2,100,26,6,259.2271434004856
8Y_H2_N100_P4_RESERVE_seed026,P4_RESERVE,H2,100,26,7,2628.4930465543753
8Y_H2_N100_P4_RESERVE_seed026,P4_RESERVE,H2,100,26,8,787.9110482370188
8Y_H2_N100_P4_RESERVE_seed026,P4_RESERVE,H2,100,26,9,1848.024356934543
8Y_H2_N100_P4_RESERVE_seed026,P4_RESERVE,H2,100,26,10,217.32537309532745
8Y_H2_N100_P4_RESERVE_seed026,P4_RESERVE,H2,100,26,11,42.890640518386135
8Y_H2_N100_P4_RESERVE_seed026,P4_RESERVE,H2,100,26,12,137.21454744206494
8Y_H2_N100_POW_seed027,POW,H2,100,27,1,870.9688611223969
8Y_H2_N100_POW_seed027,POW,H2,100,27,2,806.0257737027484
8Y_H2_N100_POW_seed027,POW,H2,100,27,3,1436.585149358583
8Y_H2_N100_POW_seed027,POW,H2,100,27,4,711.7420673951301
8Y_H2_N100_POW_seed027,POW,H2,100,27,5,108.23460307867117
8Y_H2_N100_POW_seed027,POW,H2,100,27,6,1032.7046853631346
8Y_H2_N100_POW_seed027,POW,H2,100,27,7,112.26473534784964
8Y_H2_N100_POW_seed027,POW,H2,100,27,8,934.5763779341614
8Y_H2_N100_POW_seed027,POW,H2,100,27,9,264.78260105448317
8Y_H2_N100_POW_seed027,POW,H2,100,27,10,336.46072577496216
8Y_H2_N100_POW_seed027,POW,H2,100,27,11,2768.159559581066
8Y_H2_N100_POW_seed027,POW,H2,100,27,12,17.953699677604163
8Y_H2_N100_P0_ALL_seed027,P0_ALL,H2,100,27,1,871.0624570779814
8Y_H2_N100_P0_ALL_seed027,P0_ALL,H2,100,27,2,808.8669236879653
8Y_H2_N100_P0_ALL_seed027,P0_ALL,H2,100,27,3,1442.8459492253521
8Y_H2_N100_P0_ALL_seed027,P0_ALL,H2,100,27,4,713.9548958269233
8Y_H2_N100_P0_ALL_seed027,P0_ALL,H2,100,27,5,108.23460307867117
8Y_H2_N100_P0_ALL_seed027,P0_ALL,H2,100,27,6,1033.402119071457
8Y_H2_N100_P0_ALL_seed027,P0_ALL,H2,100,27,7,112.26473534784964
8Y_H2_N100_P0_ALL_seed027,P0_ALL,H2,100,27,8,936.6704575613894
8Y_H2_N100_P0_ALL_seed027,P0_ALL,H2,100,27,9,264.78260105448317
8Y_H2_N100_P0_ALL_seed027,P0_ALL,H2,100,27,10,336.46072577496216
8Y_H2_N100_P0_ALL_seed027,P0_ALL,H2,100,27,11,2778.8380488849753
8Y_H2_N100_P0_ALL_seed027,P0_ALL,H2,100,27,12,17.953699677604163
8Y_H2_N100_P3_ENERGY_seed027,P3_ENERGY,H2,100,27,1,871.0624570779814
8Y_H2_N100_P3_ENERGY_seed027,P3_ENERGY,H2,100,27,2,807.8438087329239
8Y_H2_N100_P3_ENERGY_seed027,P3_ENERGY,H2,100,27,3,2520.0849308647894
8Y_H2_N100_P3_ENERGY_seed027,P3_ENERGY,H2,100,27,4,107.01866036703632
8Y_H2_N100_P3_ENERGY_seed027,P3_ENERGY,H2,100,27,5,1033.331713346065
8Y_H2_N100_P3_ENERGY_seed027,P3_ENERGY,H2,100,27,6,144.91529956707382
8Y_H2_N100_P3_ENERGY_seed027,P3_ENERGY,H2,100,27,7,935.9726732861272
8Y_H2_N100_P3_ENERGY_seed027,P3_ENERGY,H2,100,27,8,264.46123437304595
8Y_H2_N100_P3_ENERGY_seed027,P3_ENERGY,H2,100,27,9,601.1180948282727
8Y_H2_N100_P4_RESERVE_seed027,P4_RESERVE,H2,100,27,1,1781.0624570779817
8Y_H2_N100_P4_RESERVE_seed027,P4_RESERVE,H2,100,27,2,1715.8124685318733
8Y_H2_N100_P4_RESERVE_seed027,P4_RESERVE,H2,100,27,3,2350.3887199545775
8Y_H2_N100_P4_RESERVE_seed027,P4_RESERVE,H2,100,27,4,1621.410937482663
8Y_H2_N100_P4_RESERVE_seed027,P4_RESERVE,H2,100,27,5,108.23460307867208
8Y_H2_N100_P4_RESERVE_seed027,P4_RESERVE,H2,100,27,6,1941.4765227401112
8Y_H2_N100_P4_RESERVE_seed027,P4_RESERVE,H2,100,27,7,144.53916047843995
8Y_H2_N100_POW_seed028,POW,H2,100,28,1,773.1561802315321
8Y_H2_N100_POW_seed028,POW,H2,100,28,2,2.3056683844221197
8Y_H2_N100_POW_seed028,POW,H2,100,28,3,414.35836424430465
8Y_H2_N100_POW_seed028,POW,H2,100,28,4,820.9620347621474
8Y_H2_N100_POW_seed028,POW,H2,100,28,5,56.246719567090395
8Y_H2_N100_POW_seed028,POW,H2,100,28,6,2070.848028996808
8Y_H2_N100_POW_seed028,POW,H2,100,28,7,669.2408723414619
8Y_H2_N100_POW_seed028,POW,H2,100,28,8,144.41318247693744
8Y_H2_N100_POW_seed028,POW,H2,100,28,9,193.1201859754592
8Y_H2_N100_POW_seed028,POW,H2,100,28,10,1472.14862589529
8Y_H2_N100_POW_seed028,POW,H2,100,28,11,66.9583845957759
8Y_H2_N100_POW_seed028,POW,H2,100,28,12,938.4720681659282
8Y_H2_N100_POW_seed028,POW,H2,100,28,13,702.3335626567632
8Y_H2_N100_POW_seed028,POW,H2,100,28,14,195.00810356650436
8Y_H2_N100_P0_ALL_seed028,P0_ALL,H2,100,28,1,773.1960743470404
8Y_H2_N100_P0_ALL_seed028,P0_ALL,H2,100,28,2,2.3056683844221197
8Y_H2_N100_P0_ALL_seed028,P0_ALL,H2,100,28,3,414.3583642443044
8Y_H2_N100_P0_ALL_seed028,P0_ALL,H2,100,28,4,822.1600248682128
8Y_H2_N100_P0_ALL_seed028,P0_ALL,H2,100,28,5,56.246719567090395
8Y_H2_N100_P0_ALL_seed028,P0_ALL,H2,100,28,6,2077.9165998041462
8Y_H2_N100_P0_ALL_seed028,P0_ALL,H2,100,28,7,673.2976544074281
8Y_H2_N100_P0_ALL_seed028,P0_ALL,H2,100,28,8,144.41318247693744
8Y_H2_N100_P0_ALL_seed028,P0_ALL,H2,100,28,9,193.1201859754592
8Y_H2_N100_P0_ALL_seed028,P0_ALL,H2,100,28,10,1476.69141879553
8Y_H2_N100_P0_ALL_seed028,P0_ALL,H2,100,28,11,66.9583845957759
8Y_H2_N100_P0_ALL_seed028,P0_ALL,H2,100,28,12,938.4870217715052
8Y_H2_N100_P0_ALL_seed028,P0_ALL,H2,100,28,13,704.0578202619308
8Y_H2_N100_P0_ALL_seed028,P0_ALL,H2,100,28,14,195.00810356650436
8Y_H2_N100_P3_ENERGY_seed028,P3_ENERGY,H2,100,28,1,773.1960743470404
8Y_H2_N100_P3_ENERGY_seed028,P3_ENERGY,H2,100,28,2,2026.9499432047924
8Y_H2_N100_P3_ENERGY_seed028,P3_ENERGY,H2,100,28,3,56.139993280528415
8Y_H2_N100_P3_ENERGY_seed028,P3_ENERGY,H2,100,28,4,3079.5131262488285
8Y_H2_N100_P3_ENERGY_seed028,P3_ENERGY,H2,100,28,5,794.392565500154
8Y_H2_N100_P3_ENERGY_seed028,P3_ENERGY,H2,100,28,6,1475.9682150978715
8Y_H2_N100_P3_ENERGY_seed028,P3_ENERGY,H2,100,28,7,1541.123872211887
8Y_H2_N100_P4_RESERVE_seed028,P4_RESERVE,H2,100,28,1,1683.1960743470404
8Y_H2_N100_P4_RESERVE_seed028,P4_RESERVE,H2,100,28,2,611.7470764456966
8Y_H2_N100_P4_RESERVE_seed028,P4_RESERVE,H2,100,28,3,1924.6554856694352
8Y_H2_N100_P4_RESERVE_seed028,P4_RESERVE,H2,100,28,4,220.9620347621467
8Y_H2_N100_P4_RESERVE_seed028,P4_RESERVE,H2,100,28,5,56.24671956709062
8Y_H2_N100_P4_RESERVE_seed028,P4_RESERVE,H2,100,28,6,3988.4760258543247
8Y_H2_N100_P4_RESERVE_seed028,P4_RESERVE,H2,100,28,7,1180.6693421389828
8Y_H2_N100_P4_RESERVE_seed028,P4_RESERVE,H2,100,28,8,193.487663758895
8Y_H2_N100_POW_seed029,POW,H2,100,29,1,691.058495771313
8Y_H2_N100_POW_seed029,POW,H2,100,29,2,170.4990827624647
8Y_H2_N100_POW_seed029,POW,H2,100,29,3,123.12512650807116
8Y_H2_N100_POW_seed029,POW,H2,100,29,4,290.09042773581075
8Y_H2_N100_POW_seed029,POW,H2,100,29,5,2029.3232913964234
8Y_H2_N100_POW_seed029,POW,H2,100,29,6,323.4847623236078
8Y_H2_N100_POW_seed029,POW,H2,100,29,7,415.8818071012997
8Y_H2_N100_POW_seed029,POW,H2,100,29,8,363.5657559563706
8Y_H2_N100_POW_seed029,POW,H2,100,29,9,347.64080893250684
8Y_H2_N100_POW_seed029,POW,H2,100,29,10,695.4467527751322
8Y_H2_N100_POW_seed029,POW,H2,100,29,11,118.00518657631346
8Y_H2_N100_POW_seed029,POW,H2,100,29,12,730.0437390730758
8Y_H2_N100_POW_seed029,POW,H2,100,29,13,465.7526815284691
8Y_H2_N100_POW_seed029,POW,H2,100,29,14,825.1781999811938
8Y_H2_N100_POW_seed029,POW,H2,100,29,15,643.2554869767391
8Y_H2_N100_POW_seed029,POW,H2,100,29,16,340.5801340165435
8Y_H2_N100_POW_seed029,POW,H2,100,29,17,35.83000089851885
8Y_H2_N100_POW_seed029,POW,H2,100,29,18,775.3356715206264
8Y_H2_N100_POW_seed029,POW,H2,100,29,19,377.42192024041833
8Y_H2_N100_P0_ALL_seed029,P0_ALL,H2,100,29,1,691.3122013429171
8Y_H2_N100_P0_ALL_seed029,P0_ALL,H2,100,29,2,170.4990827624647
8Y_H2_N100_P0_ALL_seed029,P0_ALL,H2,100,29,3,123.12512650807116
8Y_H2_N100_P0_ALL_seed029,P0_ALL,H2,100,29,4,290.0904277358105
8Y_H2_N100_P0_ALL_seed029,P0_ALL,H2,100,29,5,2037.6204470692232
8Y_H2_N100_P0_ALL_seed029,P0_ALL,H2,100,29,6,323.4847623236078
8Y_H2_N100_P0_ALL_seed029,P0_ALL,H2,100,29,7,415.8818071012997
8Y_H2_N100_P0_ALL_seed029,P0_ALL,H2,100,29,8,363.5657559563706
8Y_H2_N100_P0_ALL_seed029,P0_ALL,H2,100,29,9,347.64080893250684
8Y_H2_N100_P0_ALL_seed029,P0_ALL,H2,100,29,10,698.9025175904517
8Y_H2_N100_P0_ALL_seed029,P0_ALL,H2,100,29,11,118.00518657631346
8Y_H2_N100_P0_ALL_seed029,P0_ALL,H2,100,29,12,732.3978960625855
8Y_H2_N100_P0_ALL_seed029,P0_ALL,H2,100,29,13,465.7526815284691
8Y_H2_N100_P0_ALL_seed029,P0_ALL,H2,100,29,14,827.3015495274722
8Y_H2_N100_P0_ALL_seed029,P0_ALL,H2,100,29,15,645.8368051793423
8Y_H2_N100_P0_ALL_seed029,P0_ALL,H2,100,29,16,340.5801340165435
8Y_H2_N100_P0_ALL_seed029,P0_ALL,H2,100,29,17,35.83000089851885
8Y_H2_N100_P0_ALL_seed029,P0_ALL,H2,100,29,18,777.0555420712335
8Y_H2_N100_P0_ALL_seed029,P0_ALL,H2,100,29,19,377.42192024041833
8Y_H2_N100_P3_ENERGY_seed029,P3_ENERGY,H2,100,29,1,1928.0114001680956
8Y_H2_N100_P3_ENERGY_seed029,P3_ENERGY,H2,100,29,2,289.5587014303185
8Y_H2_N100_P3_ENERGY_seed029,P3_ENERGY,H2,100,29,3,2035.764552705481
8Y_H2_N100_P3_ENERGY_seed029,P3_ENERGY,H2,100,29,4,323.39993266982583
8Y_H2_N100_P3_ENERGY_seed029,P3_ENERGY,H2,100,29,5,574.4792010011233
8Y_H2_N100_P3_ENERGY_seed029,P3_ENERGY,H2,100,29,6,949.6173657668924
8Y_H2_N100_P3_ENERGY_seed029,P3_ENERGY,H2,100,29,7,697.6374591101212
8Y_H2_N100_P3_ENERGY_seed029,P3_ENERGY,H2,100,29,8,118.16277915500268
8Y_H2_N100_P3_ENERGY_seed029,P3_ENERGY,H2,100,29,9,732.3722991833401
8Y_H2_N100_P3_ENERGY_seed029,P3_ENERGY,H2,100,29,10,465.735148448628
8Y_H2_N100_P3_ENERGY_seed029,P3_ENERGY,H2,100,29,11,827.1042998695848
8Y_H2_N100_P3_ENERGY_seed029,P3_ENERGY,H2,100,29,12,644.5810032208392
8Y_H2_N100_P3_ENERGY_seed029,P3_ENERGY,H2,100,29,13,341.214561550094
8Y_H2_N100_P4_RESERVE_seed029,P4_RESERVE,H2,100,29,1,1601.312201342917
8Y_H2_N100_P4_RESERVE_seed029,P4_RESERVE,H2,100,29,2,480.3138853205687
8Y_H2_N100_P4_RESERVE_seed029,P4_RESERVE,H2,100,29,3,123.12512650807139
8Y_H2_N100_P4_RESERVE_seed029,P4_RESERVE,H2,100,29,4,290.09042773581086
8Y_H2_N100_P4_RESERVE_seed029,P4_RESERVE,H2,100,29,5,2945.496770812226
8Y_H2_N100_P4_RESERVE_seed029,P4_RESERVE,H2,100,29,6,323.48476232360827
8Y_H2_N100_P4_RESERVE_seed029,P4_RESERVE,H2,100,29,7,574.9643323576847
8Y_H2_N100_P4_RESERVE_seed029,P4_RESERVE,H2,100,29,8,1857.6206161077198
8Y_H2_N100_P4_RESERVE_seed029,P4_RESERVE,H2,100,29,9,1605.5585703231664
8Y_H2_N100_P4_RESERVE_seed029,P4_RESERVE,H2,100,29,10,118.2830642969966
8Y_H2_N100_POW_seed030,POW,H2,100,30,1,216.54059083974968
8Y_H2_N100_POW_seed030,POW,H2,100,30,2,96.84650776982105
8Y_H2_N100_POW_seed030,POW,H2,100,30,3,358.5873684713343
8Y_H2_N100_POW_seed030,POW,H2,100,30,4,559.7554696187854
8Y_H2_N100_POW_seed030,POW,H2,100,30,5,399.0763932928776
8Y_H2_N100_POW_seed030,POW,H2,100,30,6,289.18858325972883
8Y_H2_N100_POW_seed030,POW,H2,100,30,7,293.31477185300423
8Y_H2_N100_POW_seed030,POW,H2,100,30,8,861.7336996609006
8Y_H2_N100_POW_seed030,POW,H2,100,30,9,315.2590880899379
8Y_H2_N100_POW_seed030,POW,H2,100,30,10,2311.1319378548824
8Y_H2_N100_POW_seed030,POW,H2,100,30,11,595.7488227681224
8Y_H2_N100_POW_seed030,POW,H2,100,30,12,404.26214514644835
8Y_H2_N100_POW_seed030,POW,H2,100,30,13,415.8175055278407
8Y_H2_N100_POW_seed030,POW,H2,100,30,14,294.2248375060826
8Y_H2_N100_POW_seed030,POW,H2,100,30,15,35.82297007872421
8Y_H2_N100_POW_seed030,POW,H2,100,30,16,13.35970587900374
8Y_H2_N100_POW_seed030,POW,H2,100,30,17,1205.7265681019317
8Y_H2_N100_POW_seed030,POW,H2,100,30,18,295.19086058202083
8Y_H2_N100_P0_ALL_seed030,P0_ALL,H2,100,30,1,216.54059083974968
8Y_H2_N100_P0_ALL_seed030,P0_ALL,H2,100,30,2,96.84650776982105
8Y_H2_N100_P0_ALL_seed030,P0_ALL,H2,100,30,3,358.5873684713343
8Y_H2_N100_P0_ALL_seed030,P0_ALL,H2,100,30,4,559.7554696187854
8Y_H2_N100_P0_ALL_seed030,P0_ALL,H2,100,30,5,399.0763932928776
8Y_H2_N100_P0_ALL_seed030,P0_ALL,H2,100,30,6,289.18858325972883
8Y_H2_N100_P0_ALL_seed030,P0_ALL,H2,100,30,7,293.31477185300423
8Y_H2_N100_P0_ALL_seed030,P0_ALL,H2,100,30,8,863.4062255934759
8Y_H2_N100_P0_ALL_seed030,P0_ALL,H2,100,30,9,315.2590880899379
8Y_H2_N100_P0_ALL_seed030,P0_ALL,H2,100,30,10,2318.89036921852
8Y_H2_N100_P0_ALL_seed030,P0_ALL,H2,100,30,11,595.7488227681224
8Y_H2_N100_P0_ALL_seed030,P0_ALL,H2,100,30,12,404.26214514644835
8Y_H2_N100_P0_ALL_seed030,P0_ALL,H2,100,30,13,415.8175055278407
8Y_H2_N100_P0_ALL_seed030,P0_ALL,H2,100,30,14,294.2248375060826
8Y_H2_N100_P0_ALL_seed030,P0_ALL,H2,100,30,15,35.82297007872421
8Y_H2_N100_P0_ALL_seed030,P0_ALL,H2,100,30,16,13.35970587900374
8Y_H2_N100_P0_ALL_seed030,P0_ALL,H2,100,30,17,1208.9729945601775
8Y_H2_N100_P0_ALL_seed030,P0_ALL,H2,100,30,18,295.19086058202083
8Y_H2_N100_P3_ENERGY_seed030,P3_ENERGY,H2,100,30,1,216.54059083974968
8Y_H2_N100_P3_ENERGY_seed030,P3_ENERGY,H2,100,30,2,96.84650776982105
8Y_H2_N100_P3_ENERGY_seed030,P3_ENERGY,H2,100,30,3,1651.9541954221613
8Y_H2_N100_P3_ENERGY_seed030,P3_ENERGY,H2,100,30,4,289.40278121241454
8Y_H2_N100_P3_ENERGY_seed030,P3_ENERGY,H2,100,30,5,2124.953577297221
8Y_H2_N100_P3_ENERGY_seed030,P3_ENERGY,H2,100,30,6,3004.830717341153
8Y_H2_N100_P3_ENERGY_seed030,P3_ENERGY,H2,100,30,7,462.0973793558269
8Y_H2_N100_P3_ENERGY_seed030,P3_ENERGY,H2,100,30,8,416.19767547664287
8Y_H2_N100_P3_ENERGY_seed030,P3_ENERGY,H2,100,30,9,295.1020520162947
8Y_H2_N100_P4_RESERVE_seed030,P4_RESERVE,H2,100,30,1,216.54059083974968
8Y_H2_N100_P4_RESERVE_seed030,P4_RESERVE,H2,100,30,2,96.84650776982105
8Y_H2_N100_P4_RESERVE_seed030,P4_RESERVE,H2,100,30,3,572.9302781553306
8Y_H2_N100_P4_RESERVE_seed030,P4_RESERVE,H2,100,30,4,882.7158501493382
8Y_H2_N100_P4_RESERVE_seed030,P4_RESERVE,H2,100,30,5,449.10899896740375
8Y_H2_N100_P4_RESERVE_seed030,P4_RESERVE,H2,100,30,6,289.18858325972906
8Y_H2_N100_P4_RESERVE_seed030,P4_RESERVE,H2,100,30,7,1904.2090817097692
8Y_H2_N100_P4_RESERVE_seed030,P4_RESERVE,H2,100,30,8,1268.5602319366471
8Y_H2_N100_P4_RESERVE_seed030,P4_RESERVE,H2,100,30,9,315.2590880899379
8Y_H2_N100_P4_RESERVE_seed030,P4_RESERVE,H2,100,30,10,1008.7406396993174
8Y_H2_N100_P4_RESERVE_seed030,P4_RESERVE,H2,100,30,11,2405.771701856569
8Y_H2_N300_POW_seed001,POW,H2,300,1,1,367.7577778490484
8Y_H2_N300_POW_seed001,POW,H2,300,1,2,542.75984347343
8Y_H2_N300_POW_seed001,POW,H2,300,1,3,289.2837180313761
8Y_H2_N300_POW_seed001,POW,H2,300,1,4,1931.2179595990178
8Y_H2_N300_POW_seed001,POW,H2,300,1,5,170.2348702346685
8Y_H2_N300_POW_seed001,POW,H2,300,1,6,61.05575267817085
8Y_H2_N300_POW_seed001,POW,H2,300,1,7,422.69570175259787
8Y_H2_N300_POW_seed001,POW,H2,300,1,8,282.1178643532189
8Y_H2_N300_POW_seed001,POW,H2,300,1,9,366.97856434105233
8Y_H2_N300_POW_seed001,POW,H2,300,1,10,179.8997905093911
8Y_H2_N300_POW_seed001,POW,H2,300,1,11,260.8614575296324
8Y_H2_N300_POW_seed001,POW,H2,300,1,12,392.48075341345793
8Y_H2_N300_POW_seed001,POW,H2,300,1,13,598.3348474136801
8Y_H2_N300_POW_seed001,POW,H2,300,1,14,88.09559748161246
8Y_H2_N300_POW_seed001,POW,H2,300,1,15,636.1010712408797
8Y_H2_N300_POW_seed001,POW,H2,300,1,16,719.388279375612
8Y_H2_N300_POW_seed001,POW,H2,300,1,17,823.7580622022106
8Y_H2_N300_POW_seed001,POW,H2,300,1,18,134.3359898786939
8Y_H2_N300_POW_seed001,POW,H2,300,1,19,271.76055285777875
8Y_H2_N300_P0_ALL_seed001,P0_ALL,H2,300,1,1,367.7577778490484
8Y_H2_N300_P0_ALL_seed001,P0_ALL,H2,300,1,2,542.75984347343
8Y_H2_N300_P0_ALL_seed001,P0_ALL,H2,300,1,3,289.2837180313761
8Y_H2_N300_P0_ALL_seed001,P0_ALL,H2,300,1,4,1939.7186336363966
8Y_H2_N300_P0_ALL_seed001,P0_ALL,H2,300,1,5,170.2348702346685
8Y_H2_N300_P0_ALL_seed001,P0_ALL,H2,300,1,6,61.05575267817085
8Y_H2_N300_P0_ALL_seed001,P0_ALL,H2,300,1,7,422.69570175259787
8Y_H2_N300_P0_ALL_seed001,P0_ALL,H2,300,1,8,282.1178643532189
8Y_H2_N300_P0_ALL_seed001,P0_ALL,H2,300,1,9,366.9785643410519
8Y_H2_N300_P0_ALL_seed001,P0_ALL,H2,300,1,10,179.8997905093911
8Y_H2_N300_P0_ALL_seed001,P0_ALL,H2,300,1,11,260.8614575296324
8Y_H2_N300_P0_ALL_seed001,P0_ALL,H2,300,1,12,392.48075341345793
8Y_H2_N300_P0_ALL_seed001,P0_ALL,H2,300,1,13,598.3348474136801
8Y_H2_N300_P0_ALL_seed001,P0_ALL,H2,300,1,14,88.09559748161246
8Y_H2_N300_P0_ALL_seed001,P0_ALL,H2,300,1,15,637.1016403638441
8Y_H2_N300_P0_ALL_seed001,P0_ALL,H2,300,1,16,721.5914569579099
8Y_H2_N300_P0_ALL_seed001,P0_ALL,H2,300,1,17,826.0217012448284
8Y_H2_N300_P0_ALL_seed001,P0_ALL,H2,300,1,18,134.3359898786939
8Y_H2_N300_P0_ALL_seed001,P0_ALL,H2,300,1,19,271.76055285777875
8Y_H2_N300_P3_ENERGY_seed001,P3_ENERGY,H2,300,1,1,367.7577778490484
8Y_H2_N300_P3_ENERGY_seed001,P3_ENERGY,H2,300,1,2,542.75984347343
8Y_H2_N300_P3_ENERGY_seed001,P3_ENERGY,H2,300,1,3,2540.526421362946
8Y_H2_N300_P3_ENERGY_seed001,P3_ENERGY,H2,300,1,4,2087.883155110273
8Y_H2_N300_P3_ENERGY_seed001,P3_ENERGY,H2,300,1,5,366.9617454952895
8Y_H2_N300_P3_ENERGY_seed001,P3_ENERGY,H2,300,1,6,180.45871938589517
8Y_H2_N300_P3_ENERGY_seed001,P3_ENERGY,H2,300,1,7,260.25228238529326
8Y_H2_N300_P3_ENERGY_seed001,P3_ENERGY,H2,300,1,8,392.53991772850986
8Y_H2_N300_P3_ENERGY_seed001,P3_ENERGY,H2,300,1,9,600.9697301606366
8Y_H2_N300_P3_ENERGY_seed001,P3_ENERGY,H2,300,1,10,89.31568827617775
8Y_H2_N300_P3_ENERGY_seed001,P3_ENERGY,H2,300,1,11,636.6467071532716
8Y_H2_N300_P3_ENERGY_seed001,P3_ENERGY,H2,300,1,12,721.6199731184342
8Y_H2_N300_P3_ENERGY_seed001,P3_ENERGY,H2,300,1,13,826.9367498598258
8Y_H2_N300_P3_ENERGY_seed001,P3_ENERGY,H2,300,1,14,136.7939960024305
8Y_H2_N300_P4_RESERVE_seed001,P4_RESERVE,H2,300,1,1,367.7577778490484
8Y_H2_N300_P4_RESERVE_seed001,P4_RESERVE,H2,300,1,2,542.75984347343
8Y_H2_N300_P4_RESERVE_seed001,P4_RESERVE,H2,300,1,3,818.8537670957207
8Y_H2_N300_P4_RESERVE_seed001,P4_RESERVE,H2,300,1,4,2403.039434299667
8Y_H2_N300_P4_RESERVE_seed001,P4_RESERVE,H2,300,1,5,131.34875983653365
8Y_H2_N300_P4_RESERVE_seed001,P4_RESERVE,H2,300,1,6,1680.3446508596016
8Y_H2_N300_P4_RESERVE_seed001,P4_RESERVE,H2,300,1,7,1792.343830418432
8Y_H2_N300_P4_RESERVE_seed001,P4_RESERVE,H2,300,1,8,367.4582171746533
8Y_H2_N300_P4_RESERVE_seed001,P4_RESERVE,H2,300,1,9,180.03573464684087
8Y_H2_N300_P4_RESERVE_seed001,P4_RESERVE,H2,300,1,10,260.04122469447793
8Y_H2_N300_P4_RESERVE_seed001,P4_RESERVE,H2,300,1,11,391.6547227066112
8Y_H2_N300_P4_RESERVE_seed001,P4_RESERVE,H2,300,1,12,599.4149850108915
8Y_H2_N300_P4_RESERVE_seed001,P4_RESERVE,H2,300,1,13,88.19753032820154
8Y_H2_N300_POW_seed002,POW,H2,300,2,1,252.38054547600373
8Y_H2_N300_POW_seed002,POW,H2,300,2,2,291.1781008473638
8Y_H2_N300_POW_seed002,POW,H2,300,2,3,514.118418328352
8Y_H2_N300_POW_seed002,POW,H2,300,2,4,1147.5702242882119
8Y_H2_N300_POW_seed002,POW,H2,300,2,5,269.7188352083276
8Y_H2_N300_POW_seed002,POW,H2,300,2,6,109.17323040469728
8Y_H2_N300_POW_seed002,POW,H2,300,2,7,54.18795860752152
8Y_H2_N300_POW_seed002,POW,H2,300,2,8,155.468012181218
8Y_H2_N300_POW_seed002,POW,H2,300,2,9,3.115694069701476
8Y_H2_N300_POW_seed002,POW,H2,300,2,10,39.99350826744512
8Y_H2_N300_POW_seed002,POW,H2,300,2,11,397.9015260676133
8Y_H2_N300_POW_seed002,POW,H2,300,2,12,978.8059715565373
8Y_H2_N300_POW_seed002,POW,H2,300,2,13,347.8055494400942
8Y_H2_N300_POW_seed002,POW,H2,300,2,14,419.3516146281654
8Y_H2_N300_POW_seed002,POW,H2,300,2,15,343.0206903757371
8Y_H2_N300_POW_seed002,POW,H2,300,2,16,2044.0886977354066
8Y_H2_N300_P0_ALL_seed002,P0_ALL,H2,300,2,1,252.38054547600373
8Y_H2_N300_P0_ALL_seed002,P0_ALL,H2,300,2,2,291.1781008473638
8Y_H2_N300_P0_ALL_seed002,P0_ALL,H2,300,2,3,514.118418328352
8Y_H2_N300_P0_ALL_seed002,P0_ALL,H2,300,2,4,1150.6583725045768
8Y_H2_N300_P0_ALL_seed002,P0_ALL,H2,300,2,5,269.7188352083276
8Y_H2_N300_P0_ALL_seed002,P0_ALL,H2,300,2,6,109.17323040469728
8Y_H2_N300_P0_ALL_seed002,P0_ALL,H2,300,2,7,54.18795860752152
8Y_H2_N300_P0_ALL_seed002,P0_ALL,H2,300,2,8,155.468012181218
8Y_H2_N300_P0_ALL_seed002,P0_ALL,H2,300,2,9,3.115694069701476
8Y_H2_N300_P0_ALL_seed002,P0_ALL,H2,300,2,10,39.99350826744512
8Y_H2_N300_P0_ALL_seed002,P0_ALL,H2,300,2,11,397.9015260676133
8Y_H2_N300_P0_ALL_seed002,P0_ALL,H2,300,2,12,981.4422950667108
8Y_H2_N300_P0_ALL_seed002,P0_ALL,H2,300,2,13,347.8055494400942
8Y_H2_N300_P0_ALL_seed002,P0_ALL,H2,300,2,14,419.3516146281654
8Y_H2_N300_P0_ALL_seed002,P0_ALL,H2,300,2,15,343.0206903757371
8Y_H2_N300_P0_ALL_seed002,P0_ALL,H2,300,2,16,2051.950272189266
8Y_H2_N300_P3_ENERGY_seed002,P3_ENERGY,H2,300,2,1,1716.3831805935845
8Y_H2_N300_P3_ENERGY_seed002,P3_ENERGY,H2,300,2,2,1148.6140666147523
8Y_H2_N300_P3_ENERGY_seed002,P3_ENERGY,H2,300,2,3,711.4403258986567
8Y_H2_N300_P3_ENERGY_seed002,P3_ENERGY,H2,300,2,4,872.1708655839507
8Y_H2_N300_P3_ENERGY_seed002,P3_ENERGY,H2,300,2,5,2.3682594476758823
8Y_H2_N300_P3_ENERGY_seed002,P3_ENERGY,H2,300,2,6,114.7538698367116
8Y_H2_N300_P3_ENERGY_seed002,P3_ENERGY,H2,300,2,7,1583.363107760797
8Y_H2_N300_P3_ENERGY_seed002,P3_ENERGY,H2,300,2,8,347.64249919467875
8Y_H2_N300_P3_ENERGY_seed002,P3_ENERGY,H2,300,2,9,945.2512032858813
8Y_H2_N300_P4_RESERVE_seed002,P4_RESERVE,H2,300,2,1,1162.3805454760038
8Y_H2_N300_P4_RESERVE_seed002,P4_RESERVE,H2,300,2,2,900.6077627447901
8Y_H2_N300_P4_RESERVE_seed002,P4_RESERVE,H2,300,2,3,514.1184183283522
8Y_H2_N300_P4_RESERVE_seed002,P4_RESERVE,H2,300,2,4,2057.0400957835877
8Y_H2_N300_P4_RESERVE_seed002,P4_RESERVE,H2,300,2,5,708.8209100066579
8Y_H2_N300_P4_RESERVE_seed002,P4_RESERVE,H2,300,2,6,109.17323040469819
8Y_H2_N300_P4_RESERVE_seed002,P4_RESERVE,H2,300,2,7,1780.3608752729951
8Y_H2_N300_P4_RESERVE_seed002,P4_RESERVE,H2,300,2,8,2.4541719100898263
8Y_H2_N300_P4_RESERVE_seed002,P4_RESERVE,H2,300,2,9,114.29760152688232
8Y_H2_N300_P4_RESERVE_seed002,P4_RESERVE,H2,300,2,10,663.8719390107117
8Y_H2_N300_P4_RESERVE_seed002,P4_RESERVE,H2,300,2,11,1179.453752652371
8Y_H2_N300_P4_RESERVE_seed002,P4_RESERVE,H2,300,2,12,378.80597155653777
8Y_H2_N300_P4_RESERVE_seed002,P4_RESERVE,H2,300,2,13,347.8055494400942
8Y_H2_N300_POW_seed003,POW,H2,300,3,1,206.34149504267765
8Y_H2_N300_POW_seed003,POW,H2,300,3,2,34.350373713094314
8Y_H2_N300_POW_seed003,POW,H2,300,3,3,57.40193344372091
8Y_H2_N300_POW_seed003,POW,H2,300,3,4,109.52364314543894
8Y_H2_N300_POW_seed003,POW,H2,300,3,5,150.7617537115239
8Y_H2_N300_POW_seed003,POW,H2,300,3,6,604.4225914836961
8Y_H2_N300_POW_seed003,POW,H2,300,3,7,1453.2092133906237
8Y_H2_N300_POW_seed003,POW,H2,300,3,8,28.78117529011024
8Y_H2_N300_POW_seed003,POW,H2,300,3,9,3650.868717542519
8Y_H2_N300_POW_seed003,POW,H2,300,3,10,327.180057462655
8Y_H2_N300_POW_seed003,POW,H2,300,3,11,262.3465612715663
8Y_H2_N300_POW_seed003,POW,H2,300,3,12,452.29709220152836
8Y_H2_N300_POW_seed003,POW,H2,300,3,13,121.09109236643872
8Y_H2_N300_POW_seed003,POW,H2,300,3,14,0.31110643002011784
8Y_H2_N300_POW_seed003,POW,H2,300,3,15,26.878259939659074
8Y_H2_N300_POW_seed003,POW,H2,300,3,16,188.6866656423781
8Y_H2_N300_POW_seed003,POW,H2,300,3,17,562.1387944943635
8Y_H2_N300_POW_seed003,POW,H2,300,3,18,535.3807585666709
8Y_H2_N300_POW_seed003,POW,H2,300,3,19,467.1940356609248
8Y_H2_N300_P0_ALL_seed003,P0_ALL,H2,300,3,1,206.34149504267765
8Y_H2_N300_P0_ALL_seed003,P0_ALL,H2,300,3,2,34.350373713094314
8Y_H2_N300_P0_ALL_seed003,P0_ALL,H2,300,3,3,57.40193344372091
8Y_H2_N300_P0_ALL_seed003,P0_ALL,H2,300,3,4,109.52364314543894
8Y_H2_N300_P0_ALL_seed003,P0_ALL,H2,300,3,5,150.7617537115239
8Y_H2_N300_P0_ALL_seed003,P0_ALL,H2,300,3,6,607.6066156198281
8Y_H2_N300_P0_ALL_seed003,P0_ALL,H2,300,3,7,1457.9545118935682
8Y_H2_N300_P0_ALL_seed003,P0_ALL,H2,300,3,8,28.78117529011024
8Y_H2_N300_P0_ALL_seed003,P0_ALL,H2,300,3,9,3665.4528632669403
8Y_H2_N300_P0_ALL_seed003,P0_ALL,H2,300,3,10,327.180057462655
8Y_H2_N300_P0_ALL_seed003,P0_ALL,H2,300,3,11,262.3465612715663
8Y_H2_N300_P0_ALL_seed003,P0_ALL,H2,300,3,12,452.29709220152836
8Y_H2_N300_P0_ALL_seed003,P0_ALL,H2,300,3,13,121.09109236643872
8Y_H2_N300_P0_ALL_seed003,P0_ALL,H2,300,3,14,0.31110643002011784
8Y_H2_N300_P0_ALL_seed003,P0_ALL,H2,300,3,15,26.878259939659074
8Y_H2_N300_P0_ALL_seed003,P0_ALL,H2,300,3,16,188.6866656423781
8Y_H2_N300_P0_ALL_seed003,P0_ALL,H2,300,3,17,562.1387944943626
8Y_H2_N300_P0_ALL_seed003,P0_ALL,H2,300,3,18,535.3807585666709
8Y_H2_N300_P0_ALL_seed003,P0_ALL,H2,300,3,19,467.1940356609248
8Y_H2_N300_P3_ENERGY_seed003,P3_ENERGY,H2,300,3,1,206.34149504267765
8Y_H2_N300_P3_ENERGY_seed003,P3_ENERGY,H2,300,3,2,59.60218302420998
8Y_H2_N300_P3_ENERGY_seed003,P3_ENERGY,H2,300,3,3,57.40193344372091
8Y_H2_N300_P3_ENERGY_seed003,P3_ENERGY,H2,300,3,4,918.871827137224
8Y_H2_N300_P3_ENERGY_seed003,P3_ENERGY,H2,300,3,5,606.8097846079982
8Y_H2_N300_P3_ENERGY_seed003,P3_ENERGY,H2,300,3,6,1457.6667259946173
8Y_H2_N300_P3_ENERGY_seed003,P3_ENERGY,H2,300,3,7,313.0545697892421
8Y_H2_N300_P3_ENERGY_seed003,P3_ENERGY,H2,300,3,8,3810.31738868875
8Y_H2_N300_P3_ENERGY_seed003,P3_ENERGY,H2,300,3,9,443.7354351150698
8Y_H2_N300_P3_ENERGY_seed003,P3_ENERGY,H2,300,3,10,262.0473041330206
8Y_H2_N300_P3_ENERGY_seed003,P3_ENERGY,H2,300,3,11,453.7685766059112
8Y_H2_N300_P3_ENERGY_seed003,P3_ENERGY,H2,300,3,12,120.96323864824262
8Y_H2_N300_P3_ENERGY_seed003,P3_ENERGY,H2,300,3,13,0.36366859899317205
8Y_H2_N300_P3_ENERGY_seed003,P3_ENERGY,H2,300,3,14,26.511296094511636
8Y_H2_N300_P3_ENERGY_seed003,P3_ENERGY,H2,300,3,15,791.2566458672009
8Y_H2_N300_P3_ENERGY_seed003,P3_ENERGY,H2,300,3,16,467.31144841400055
8Y_H2_N300_P4_RESERVE_seed003,P4_RESERVE,H2,300,3,1,206.34149504267765
8Y_H2_N300_P4_RESERVE_seed003,P4_RESERVE,H2,300,3,2,59.60218302420998
8Y_H2_N300_P4_RESERVE_seed003,P4_RESERVE,H2,300,3,3,57.40193344372091
8Y_H2_N300_P4_RESERVE_seed003,P4_RESERVE,H2,300,3,4,1544.095770906052
8Y_H2_N300_P4_RESERVE_seed003,P4_RESERVE,H2,300,3,5,1514.4142338076085
8Y_H2_N300_P4_RESERVE_seed003,P4_RESERVE,H2,300,3,6,1060.7485056048577
8Y_H2_N300_P4_RESERVE_seed003,P4_RESERVE,H2,300,3,7,1763.1848438734442
8Y_H2_N300_P4_RESERVE_seed003,P4_RESERVE,H2,300,3,8,312.7079400198709
8Y_H2_N300_P4_RESERVE_seed003,P4_RESERVE,H2,300,3,9,2141.1226090468235
8Y_H2_N300_POW_seed004,POW,H2,300,4,1,862.5786753888447
8Y_H2_N300_POW_seed004,POW,H2,300,4,2,504.40803267807405
8Y_H2_N300_POW_seed004,POW,H2,300,4,3,351.29728348525214
8Y_H2_N300_POW_seed004,POW,H2,300,4,4,322.0212881317916
8Y_H2_N300_POW_seed004,POW,H2,300,4,5,334.53853609025373
8Y_H2_N300_POW_seed004,POW,H2,300,4,6,188.12978278437276
8Y_H2_N300_POW_seed004,POW,H2,300,4,7,64.31893870863996
8Y_H2_N300_POW_seed004,POW,H2,300,4,8,458.9467521678048
8Y_H2_N300_POW_seed004,POW,H2,300,4,9,245.8183651217705
8Y_H2_N300_POW_seed004,POW,H2,300,4,10,240.32657706575083
8Y_H2_N300_POW_seed004,POW,H2,300,4,11,2282.478547696623
8Y_H2_N300_POW_seed004,POW,H2,300,4,12,79.08483114076535
8Y_H2_N300_POW_seed004,POW,H2,300,4,13,32.63105171661573
8Y_H2_N300_POW_seed004,POW,H2,300,4,14,300.3160024844392
8Y_H2_N300_POW_seed004,POW,H2,300,4,15,603.010123849217
8Y_H2_N300_POW_seed004,POW,H2,300,4,16,43.85728249522617
8Y_H2_N300_POW_seed004,POW,H2,300,4,17,1335.8277923334845
8Y_H2_N300_POW_seed004,POW,H2,300,4,18,1134.3165811112322
8Y_H2_N300_POW_seed004,POW,H2,300,4,19,466.7375858542546
8Y_H2_N300_P0_ALL_seed004,P0_ALL,H2,300,4,1,863.1811490637158
8Y_H2_N300_P0_ALL_seed004,P0_ALL,H2,300,4,2,504.40803267807405
8Y_H2_N300_P0_ALL_seed004,P0_ALL,H2,300,4,3,351.29728348525214
8Y_H2_N300_P0_ALL_seed004,P0_ALL,H2,300,4,4,322.02128813179183
8Y_H2_N300_P0_ALL_seed004,P0_ALL,H2,300,4,5,334.53853609025373
8Y_H2_N300_P0_ALL_seed004,P0_ALL,H2,300,4,6,188.12978278437276
8Y_H2_N300_P0_ALL_seed004,P0_ALL,H2,300,4,7,64.31893870863996
8Y_H2_N300_P0_ALL_seed004,P0_ALL,H2,300,4,8,458.9467521678048
8Y_H2_N300_P0_ALL_seed004,P0_ALL,H2,300,4,9,245.8183651217705
8Y_H2_N300_P0_ALL_seed004,P0_ALL,H2,300,4,10,240.32657706575083
8Y_H2_N300_P0_ALL_seed004,P0_ALL,H2,300,4,11,2290.818188281481
8Y_H2_N300_P0_ALL_seed004,P0_ALL,H2,300,4,12,79.08483114076535
8Y_H2_N300_P0_ALL_seed004,P0_ALL,H2,300,4,13,32.63105171661573
8Y_H2_N300_P0_ALL_seed004,P0_ALL,H2,300,4,14,300.3160024844392
8Y_H2_N300_P0_ALL_seed004,P0_ALL,H2,300,4,15,606.0215034523017
8Y_H2_N300_P0_ALL_seed004,P0_ALL,H2,300,4,16,43.85728249522617
8Y_H2_N300_P0_ALL_seed004,P0_ALL,H2,300,4,17,1339.2232177084907
8Y_H2_N300_P0_ALL_seed004,P0_ALL,H2,300,4,18,1136.0583240891156
8Y_H2_N300_P0_ALL_seed004,P0_ALL,H2,300,4,19,466.7375858542546
8Y_H2_N300_P3_ENERGY_seed004,P3_ENERGY,H2,300,4,1,863.1811490637158
8Y_H2_N300_P3_ENERGY_seed004,P3_ENERGY,H2,300,4,2,953.3783955506192
8Y_H2_N300_P3_ENERGY_seed004,P3_ENERGY,H2,300,4,3,936.8099465070561
8Y_H2_N300_P3_ENERGY_seed004,P3_ENERGY,H2,300,4,4,279.1560776602264
8Y_H2_N300_P3_ENERGY_seed004,P3_ENERGY,H2,300,4,5,63.73108596333714
8Y_H2_N300_P3_ENERGY_seed004,P3_ENERGY,H2,300,4,6,458.7653721804704
8Y_H2_N300_P3_ENERGY_seed004,P3_ENERGY,H2,300,4,7,842.0799543099592
8Y_H2_N300_P3_ENERGY_seed004,P3_ENERGY,H2,300,4,8,2491.7024620525326
8Y_H2_N300_P3_ENERGY_seed004,P3_ENERGY,H2,300,4,9,32.5933222514941
8Y_H2_N300_P3_ENERGY_seed004,P3_ENERGY,H2,300,4,10,300.4105277723911
8Y_H2_N300_P3_ENERGY_seed004,P3_ENERGY,H2,300,4,11,605.9010428854017
8Y_H2_N300_P3_ENERGY_seed004,P3_ENERGY,H2,300,4,12,1942.2976504388462
8Y_H2_N300_P4_RESERVE_seed004,P4_RESERVE,H2,300,4,1,1773.1811490637158
8Y_H2_N300_P4_RESERVE_seed004,P4_RESERVE,H2,300,4,2,814.3455434673331
8Y_H2_N300_P4_RESERVE_seed004,P4_RESERVE,H2,300,4,3,351.29728348525214
8Y_H2_N300_P4_RESERVE_seed004,P4_RESERVE,H2,300,4,4,1832.0547197223918
8Y_H2_N300_P4_RESERVE_seed004,P4_RESERVE,H2,300,4,5,279.547658354928
8Y_H2_N300_P4_RESERVE_seed004,P4_RESERVE,H2,300,4,6,65.30143710982156
8Y_H2_N300_P4_RESERVE_seed004,P4_RESERVE,H2,300,4,7,458.58810957274545
8Y_H2_N300_P4_RESERVE_seed004,P4_RESERVE,H2,300,4,8,1698.1888340853502
8Y_H2_N300_POW_seed005,POW,H2,300,5,1,55.3418941725
8Y_H2_N300_POW_seed005,POW,H2,300,5,2,1882.5169405687393
8Y_H2_N300_POW_seed005,POW,H2,300,5,3,523.0442005610366
8Y_H2_N300_POW_seed005,POW,H2,300,5,4,38.52579791540575
8Y_H2_N300_POW_seed005,POW,H2,300,5,5,994.4236170046679
8Y_H2_N300_POW_seed005,POW,H2,300,5,6,1128.103461995794
8Y_H2_N300_POW_seed005,POW,H2,300,5,7,1117.601592270822
8Y_H2_N300_POW_seed005,POW,H2,300,5,8,114.84546495163886
8Y_H2_N300_POW_seed005,POW,H2,300,5,9,521.4515043388628
8Y_H2_N300_POW_seed005,POW,H2,300,5,10,188.2850994235123
8Y_H2_N300_POW_seed005,POW,H2,300,5,11,942.7512810814014
8Y_H2_N300_POW_seed005,POW,H2,300,5,12,393.5838261779518
8Y_H2_N300_POW_seed005,POW,H2,300,5,13,430.9894931325771
8Y_H2_N300_POW_seed005,POW,H2,300,5,14,1410.8213283695932
8Y_H2_N300_POW_seed005,POW,H2,300,5,15,212.38641236430703
8Y_H2_N300_P0_ALL_seed005,P0_ALL,H2,300,5,1,55.3418941725
8Y_H2_N300_P0_ALL_seed005,P0_ALL,H2,300,5,2,1890.909137246113
8Y_H2_N300_P0_ALL_seed005,P0_ALL,H2,300,5,3,523.0442005610366
8Y_H2_N300_P0_ALL_seed005,P0_ALL,H2,300,5,4,38.52579791540575
8Y_H2_N300_P0_ALL_seed005,P0_ALL,H2,300,5,5,997.4490824503218
8Y_H2_N300_P0_ALL_seed005,P0_ALL,H2,300,5,6,1131.7851086423752
8Y_H2_N300_P0_ALL_seed005,P0_ALL,H2,300,5,7,1119.883182288545
8Y_H2_N300_P0_ALL_seed005,P0_ALL,H2,300,5,8,114.84546495163886
8Y_H2_N300_P0_ALL_seed005,P0_ALL,H2,300,5,9,521.4515043388628
8Y_H2_N300_P0_ALL_seed005,P0_ALL,H2,300,5,10,188.2850994235123
8Y_H2_N300_P0_ALL_seed005,P0_ALL,H2,300,5,11,946.6486097692123
8Y_H2_N300_P0_ALL_seed005,P0_ALL,H2,300,5,12,393.5838261779518
8Y_H2_N300_P0_ALL_seed005,P0_ALL,H2,300,5,13,430.9894931325771
8Y_H2_N300_P0_ALL_seed005,P0_ALL,H2,300,5,14,1415.3505147145006
8Y_H2_N300_P0_ALL_seed005,P0_ALL,H2,300,5,15,212.38641236430703
8Y_H2_N300_P3_ENERGY_seed005,P3_ENERGY,H2,300,5,1,2490.2202248803837
8Y_H2_N300_P3_ENERGY_seed005,P3_ENERGY,H2,300,5,2,524.1259101132323
8Y_H2_N300_P3_ENERGY_seed005,P3_ENERGY,H2,300,5,3,38.8757007275708
8Y_H2_N300_P3_ENERGY_seed005,P3_ENERGY,H2,300,5,4,996.7294630204342
8Y_H2_N300_P3_ENERGY_seed005,P3_ENERGY,H2,300,5,5,1130.8090988040867
8Y_H2_N300_P3_ENERGY_seed005,P3_ENERGY,H2,300,5,6,1183.7467843776321
8Y_H2_N300_P3_ENERGY_seed005,P3_ENERGY,H2,300,5,7,115.51705017057247
8Y_H2_N300_P3_ENERGY_seed005,P3_ENERGY,H2,300,5,8,522.8514551353137
8Y_H2_N300_P3_ENERGY_seed005,P3_ENERGY,H2,300,5,9,214.4446948900486
8Y_H2_N300_P3_ENERGY_seed005,P3_ENERGY,H2,300,5,10,947.0847086330486
8Y_H2_N300_P3_ENERGY_seed005,P3_ENERGY,H2,300,5,11,393.24489847873883
8Y_H2_N300_P3_ENERGY_seed005,P3_ENERGY,H2,300,5,12,430.8035149009811
8Y_H2_N300_P4_RESERVE_seed005,P4_RESERVE,H2,300,5,1,665.3418941725
8Y_H2_N300_P4_RESERVE_seed005,P4_RESERVE,H2,300,5,2,2797.480907514807
8Y_H2_N300_P4_RESERVE_seed005,P4_RESERVE,H2,300,5,3,523.0442005610362
8Y_H2_N300_P4_RESERVE_seed005,P4_RESERVE,H2,300,5,4,38.52579791540575
8Y_H2_N300_P4_RESERVE_seed005,P4_RESERVE,H2,300,5,5,1904.8381166089093
8Y_H2_N300_P4_RESERVE_seed005,P4_RESERVE,H2,300,5,6,1116.0137596337263
8Y_H2_N300_P4_RESERVE_seed005,P4_RESERVE,H2,300,5,7,529.308746595505
8Y_H2_N300_P4_RESERVE_seed005,P4_RESERVE,H2,300,5,8,1919.3765000315107
8Y_H2_N300_P4_RESERVE_seed005,P4_RESERVE,H2,300,5,9,115.21255112874314
8Y_H2_N300_POW_seed006,POW,H2,300,6,1,149.37874633476508
8Y_H2_N300_POW_seed006,POW,H2,300,6,2,1021.5999956312223
8Y_H2_N300_POW_seed006,POW,H2,300,6,3,1651.541782370552
8Y_H2_N300_POW_seed006,POW,H2,300,6,4,87.31296677510136
8Y_H2_N300_POW_seed006,POW,H2,300,6,5,36.86643788880474
8Y_H2_N300_POW_seed006,POW,H2,300,6,6,1.399239266828772
8Y_H2_N300_POW_seed006,POW,H2,300,6,7,734.8733849689493
8Y_H2_N300_POW_seed006,POW,H2,300,6,8,63.02287884585985
8Y_H2_N300_POW_seed006,POW,H2,300,6,9,60.69206349818205
8Y_H2_N300_POW_seed006,POW,H2,300,6,10,6.131448740169617
8Y_H2_N300_POW_seed006,POW,H2,300,6,11,399.63624142148683
8Y_H2_N300_POW_seed006,POW,H2,300,6,12,204.55632846364188
8Y_H2_N300_POW_seed006,POW,H2,300,6,13,570.111570072956
8Y_H2_N300_POW_seed006,POW,H2,300,6,14,1224.0609465392954
8Y_H2_N300_POW_seed006,POW,H2,300,6,15,326.10577636642756
8Y_H2_N300_POW_seed006,POW,H2,300,6,16,1200.0266781459177
8Y_H2_N300_POW_seed006,POW,H2,300,6,17,105.96827466500326
8Y_H2_N300_POW_seed006,POW,H2,300,6,18,376.28954368602535
8Y_H2_N300_POW_seed006,POW,H2,300,6,19,912.1618280371731
8Y_H2_N300_POW_seed006,POW,H2,300,6,20,84.46360851880854
8Y_H2_N300_POW_seed006,POW,H2,300,6,21,324.70918523123873
8Y_H2_N300_POW_seed006,POW,H2,300,6,22,206.43541515871038
8Y_H2_N300_P0_ALL_seed006,P0_ALL,H2,300,6,1,149.37874633476508
8Y_H2_N300_P0_ALL_seed006,P0_ALL,H2,300,6,2,1025.134233322023
8Y_H2_N300_P0_ALL_seed006,P0_ALL,H2,300,6,3,1656.6347594621534
8Y_H2_N300_P0_ALL_seed006,P0_ALL,H2,300,6,4,87.31296677510136
8Y_H2_N300_P0_ALL_seed006,P0_ALL,H2,300,6,5,36.86643788880474
8Y_H2_N300_P0_ALL_seed006,P0_ALL,H2,300,6,6,1.399239266828772
8Y_H2_N300_P0_ALL_seed006,P0_ALL,H2,300,6,7,737.7757485199886
8Y_H2_N300_P0_ALL_seed006,P0_ALL,H2,300,6,8,63.02287884585985
8Y_H2_N300_P0_ALL_seed006,P0_ALL,H2,300,6,9,60.69206349818205
8Y_H2_N300_P0_ALL_seed006,P0_ALL,H2,300,6,10,6.131448740169617
8Y_H2_N300_P0_ALL_seed006,P0_ALL,H2,300,6,11,399.63624142148683
8Y_H2_N300_P0_ALL_seed006,P0_ALL,H2,300,6,12,204.55632846364188
8Y_H2_N300_P0_ALL_seed006,P0_ALL,H2,300,6,13,570.111570072956
8Y_H2_N300_P0_ALL_seed006,P0_ALL,H2,300,6,14,1229.642580886857
8Y_H2_N300_P0_ALL_seed006,P0_ALL,H2,300,6,15,326.10577636642756
8Y_H2_N300_P0_ALL_seed006,P0_ALL,H2,300,6,16,1203.32085193696
8Y_H2_N300_P0_ALL_seed006,P0_ALL,H2,300,6,17,105.96827466500326
8Y_H2_N300_P0_ALL_seed006,P0_ALL,H2,300,6,18,376.28954368602626
8Y_H2_N300_P0_ALL_seed006,P0_ALL,H2,300,6,19,915.5494006938225
8Y_H2_N300_P0_ALL_seed006,P0_ALL,H2,300,6,20,84.46360851880854
8Y_H2_N300_P3_ENERGY_seed006,P3_ENERGY,H2,300,6,1,149.37874633476508
8Y_H2_N300_P3_ENERGY_seed006,P3_ENERGY,H2,300,6,2,2861.081052608868
8Y_H2_N300_P3_ENERGY_seed006,P3_ENERGY,H2,300,6,3,87.32711852728698
8Y_H2_N300_P3_ENERGY_seed006,P3_ENERGY,H2,300,6,4,605.4472483296263
8Y_H2_N300_P3_ENERGY_seed006,P3_ENERGY,H2,300,6,5,808.5717636531949
8Y_H2_N300_P3_ENERGY_seed006,P3_ENERGY,H2,300,6,6,62.533951430085835
8Y_H2_N300_P3_ENERGY_seed006,P3_ENERGY,H2,300,6,7,61.151765773493025
8Y_H2_N300_P3_ENERGY_seed006,P3_ENERGY,H2,300,6,8,6.1480840120084395
8Y_H2_N300_P3_ENERGY_seed006,P3_ENERGY,H2,300,6,9,399.66037334218436
8Y_H2_N300_P3_ENERGY_seed006,P3_ENERGY,H2,300,6,10,204.58022750827058
8Y_H2_N300_P3_ENERGY_seed006,P3_ENERGY,H2,300,6,11,1831.6151351202097
8Y_H2_N300_P3_ENERGY_seed006,P3_ENERGY,H2,300,6,12,1912.400126610537
8Y_H2_N300_P3_ENERGY_seed006,P3_ENERGY,H2,300,6,13,376.3050961559711
8Y_H2_N300_P4_RESERVE_seed006,P4_RESERVE,H2,300,6,1,149.37874633476508
8Y_H2_N300_P4_RESERVE_seed006,P4_RESERVE,H2,300,6,2,2533.799884536187
8Y_H2_N300_P4_RESERVE_seed006,P4_RESERVE,H2,300,6,3,1961.5289033077497
8Y_H2_N300_P4_RESERVE_seed006,P4_RESERVE,H2,300,6,4,87.3129667751009
8Y_H2_N300_P4_RESERVE_seed006,P4_RESERVE,H2,300,6,5,1511.643562091518
8Y_H2_N300_P4_RESERVE_seed006,P4_RESERVE,H2,300,6,6,345.1974967192664
8Y_H2_N300_P4_RESERVE_seed006,P4_RESERVE,H2,300,6,7,206.83763117358103
8Y_H2_N300_P4_RESERVE_seed006,P4_RESERVE,H2,300,6,8,63.02287884585985
8Y_H2_N300_P4_RESERVE_seed006,P4_RESERVE,H2,300,6,9,60.692063498182506
8Y_H2_N300_P4_RESERVE_seed006,P4_RESERVE,H2,300,6,10,6.131448740169617
8Y_H2_N300_P4_RESERVE_seed006,P4_RESERVE,H2,300,6,11,399.6362414214873
8Y_H2_N300_P4_RESERVE_seed006,P4_RESERVE,H2,300,6,12,204.55632846364188
8Y_H2_N300_POW_seed007,POW,H2,300,7,1,10.655360790520568
8Y_H2_N300_POW_seed007,POW,H2,300,7,2,1152.082811981071
8Y_H2_N300_POW_seed007,POW,H2,300,7,3,2303.315324016002
8Y_H2_N300_POW_seed007,POW,H2,300,7,4,35.341407426219575
8Y_H2_N300_POW_seed007,POW,H2,300,7,5,372.21191558231976
8Y_H2_N300_POW_seed007,POW,H2,300,7,6,495.3043448014628
8Y_H2_N300_POW_seed007,POW,H2,300,7,7,2107.0884735792843
8Y_H2_N300_POW_seed007,POW,H2,300,7,8,166.43093168517225
8Y_H2_N300_POW_seed007,POW,H2,300,7,9,1371.7457662863671
8Y_H2_N300_POW_seed007,POW,H2,300,7,10,73.07337303035365
8Y_H2_N300_POW_seed007,POW,H2,300,7,11,177.05644482638945
8Y_H2_N300_POW_seed007,POW,H2,300,7,12,375.94125574673853
8Y_H2_N300_POW_seed007,POW,H2,300,7,13,183.36839311094627
8Y_H2_N300_POW_seed007,POW,H2,300,7,14,272.97712745296485
8Y_H2_N300_POW_seed007,POW,H2,300,7,15,321.5464182909036
8Y_H2_N300_P0_ALL_seed007,P0_ALL,H2,300,7,1,10.655360790520568
8Y_H2_N300_P0_ALL_seed007,P0_ALL,H2,300,7,2,1155.2197935921777
8Y_H2_N300_P0_ALL_seed007,P0_ALL,H2,300,7,3,2312.2423482141876
8Y_H2_N300_P0_ALL_seed007,P0_ALL,H2,300,7,4,35.341407426219575
8Y_H2_N300_P0_ALL_seed007,P0_ALL,H2,300,7,5,372.21191558231976
8Y_H2_N300_P0_ALL_seed007,P0_ALL,H2,300,7,6,495.3043448014628
8Y_H2_N300_P0_ALL_seed007,P0_ALL,H2,300,7,7,2114.5405661242567
8Y_H2_N300_P0_ALL_seed007,P0_ALL,H2,300,7,8,166.43093168517225
8Y_H2_N300_P0_ALL_seed007,P0_ALL,H2,300,7,9,1377.8008765307004
8Y_H2_N300_P0_ALL_seed007,P0_ALL,H2,300,7,10,73.07337303035365
8Y_H2_N300_P0_ALL_seed007,P0_ALL,H2,300,7,11,177.05644482638945
8Y_H2_N300_P0_ALL_seed007,P0_ALL,H2,300,7,12,375.94125574673853
8Y_H2_N300_P0_ALL_seed007,P0_ALL,H2,300,7,13,183.36839311094627
8Y_H2_N300_P0_ALL_seed007,P0_ALL,H2,300,7,14,272.97712745296485
8Y_H2_N300_P0_ALL_seed007,P0_ALL,H2,300,7,15,321.5464182909036
8Y_H2_N300_P3_ENERGY_seed007,P3_ENERGY,H2,300,7,1,10.655360790520568
8Y_H2_N300_P3_ENERGY_seed007,P3_ENERGY,H2,300,7,2,1155.2197935921777
8Y_H2_N300_P3_ENERGY_seed007,P3_ENERGY,H2,300,7,3,2310.938401169714
8Y_H2_N300_P3_ENERGY_seed007,P3_ENERGY,H2,300,7,4,35.341407426219575
8Y_H2_N300_P3_ENERGY_seed007,P3_ENERGY,H2,300,7,5,372.21191558231976
8Y_H2_N300_P3_ENERGY_seed007,P3_ENERGY,H2,300,7,6,2715.6320154449854
8Y_H2_N300_P3_ENERGY_seed007,P3_ENERGY,H2,300,7,7,1977.9081717338859
8Y_H2_N300_P3_ENERGY_seed007,P3_ENERGY,H2,300,7,8,1088.2745471052767
8Y_H2_N300_P4_RESERVE_seed007,P4_RESERVE,H2,300,7,1,10.655360790520568
8Y_H2_N300_P4_RESERVE_seed007,P4_RESERVE,H2,300,7,2,2062.0184349916562
8Y_H2_N300_P4_RESERVE_seed007,P4_RESERVE,H2,300,7,3,3219.3065470179954
8Y_H2_N300_P4_RESERVE_seed007,P4_RESERVE,H2,300,7,4,35.34140742621912
8Y_H2_N300_P4_RESERVE_seed007,P4_RESERVE,H2,300,7,5,372.2119155823202
8Y_H2_N300_P4_RESERVE_seed007,P4_RESERVE,H2,300,7,6,2608.02563006728
8Y_H2_N300_POW_seed008,POW,H2,300,8,1,184.59687459718688
8Y_H2_N300_POW_seed008,POW,H2,300,8,2,330.9005656423225
8Y_H2_N300_POW_seed008,POW,H2,300,8,3,1406.6070808747759
8Y_H2_N300_POW_seed008,POW,H2,300,8,4,1184.3907572499804
8Y_H2_N300_POW_seed008,POW,H2,300,8,5,429.9361112725205
8Y_H2_N300_POW_seed008,POW,H2,300,8,6,226.27969624530806
8Y_H2_N300_POW_seed008,POW,H2,300,8,7,267.3369499598343
8Y_H2_N300_POW_seed008,POW,H2,300,8,8,138.0851441102136
8Y_H2_N300_POW_seed008,POW,H2,300,8,9,382.95138029886675
8Y_H2_N300_POW_seed008,POW,H2,300,8,10,601.072250991585
8Y_H2_N300_POW_seed008,POW,H2,300,8,11,158.54314810903998
8Y_H2_N300_POW_seed008,POW,H2,300,8,12,409.486950662882
8Y_H2_N300_POW_seed008,POW,H2,300,8,13,50.6947292676532
8Y_H2_N300_POW_seed008,POW,H2,300,8,14,17.706204691867242
8Y_H2_N300_POW_seed008,POW,H2,300,8,15,65.73956937300409
8Y_H2_N300_POW_seed008,POW,H2,300,8,16,1029.057106939883
8Y_H2_N300_POW_seed008,POW,H2,300,8,17,985.8799393880918
8Y_H2_N300_POW_seed008,POW,H2,300,8,18,8.780118677826977
8Y_H2_N300_POW_seed008,POW,H2,300,8,19,1395.3278083964624
8Y_H2_N300_POW_seed008,POW,H2,300,8,20,135.00934875311214
8Y_H2_N300_POW_seed008,POW,H2,300,8,21,587.5070264465339
8Y_H2_N300_P0_ALL_seed008,P0_ALL,H2,300,8,1,184.59687459718688
8Y_H2_N300_P0_ALL_seed008,P0_ALL,H2,300,8,2,330.9005656423225
8Y_H2_N300_P0_ALL_seed008,P0_ALL,H2,300,8,3,1411.211525941713
8Y_H2_N300_P0_ALL_seed008,P0_ALL,H2,300,8,4,1186.1786393223983
8Y_H2_N300_P0_ALL_seed008,P0_ALL,H2,300,8,5,429.9361112725205
8Y_H2_N300_P0_ALL_seed008,P0_ALL,H2,300,8,6,226.27969624530806
8Y_H2_N300_P0_ALL_seed008,P0_ALL,H2,300,8,7,267.3369499598343
8Y_H2_N300_P0_ALL_seed008,P0_ALL,H2,300,8,8,138.0851441102136
8Y_H2_N300_P0_ALL_seed008,P0_ALL,H2,300,8,9,382.95138029886675
8Y_H2_N300_P0_ALL_seed008,P0_ALL,H2,300,8,10,608.0167016471178
8Y_H2_N300_P0_ALL_seed008,P0_ALL,H2,300,8,11,158.54314810903998
8Y_H2_N300_P0_ALL_seed008,P0_ALL,H2,300,8,12,409.486950662882
8Y_H2_N300_P0_ALL_seed008,P0_ALL,H2,300,8,13,50.6947292676532
8Y_H2_N300_P0_ALL_seed008,P0_ALL,H2,300,8,14,17.706204691867242
8Y_H2_N300_P0_ALL_seed008,P0_ALL,H2,300,8,15,65.73956937300409
8Y_H2_N300_P0_ALL_seed008,P0_ALL,H2,300,8,16,1032.528626987406
8Y_H2_N300_P0_ALL_seed008,P0_ALL,H2,300,8,17,989.4160643972118
8Y_H2_N300_P0_ALL_seed008,P0_ALL,H2,300,8,18,8.780118677826977
8Y_H2_N300_P0_ALL_seed008,P0_ALL,H2,300,8,19,1400.2071147904835
8Y_H2_N300_P0_ALL_seed008,P0_ALL,H2,300,8,20,135.00934875311214
8Y_H2_N300_P3_ENERGY_seed008,P3_ENERGY,H2,300,8,1,929.5820870651638
8Y_H2_N300_P3_ENERGY_seed008,P3_ENERGY,H2,300,8,2,1409.9902520599971
8Y_H2_N300_P3_ENERGY_seed008,P3_ENERGY,H2,300,8,3,1635.3234354378355
8Y_H2_N300_P3_ENERGY_seed008,P3_ENERGY,H2,300,8,4,868.2511352744982
8Y_H2_N300_P3_ENERGY_seed008,P3_ENERGY,H2,300,8,5,372.15373486028057
8Y_H2_N300_P3_ENERGY_seed008,P3_ENERGY,H2,300,8,6,383.30812869399597
8Y_H2_N300_P3_ENERGY_seed008,P3_ENERGY,H2,300,8,7,603.2976144668664
8Y_H2_N300_P3_ENERGY_seed008,P3_ENERGY,H2,300,8,8,157.53007468161286
8Y_H2_N300_P3_ENERGY_seed008,P3_ENERGY,H2,300,8,9,409.3062706038836
8Y_H2_N300_P3_ENERGY_seed008,P3_ENERGY,H2,300,8,10,622.139834957231
8Y_H2_N300_P3_ENERGY_seed008,P3_ENERGY,H2,300,8,11,65.73956937300409
8Y_H2_N300_P3_ENERGY_seed008,P3_ENERGY,H2,300,8,12,2194.5018758824426
8Y_H2_N300_P3_ENERGY_seed008,P3_ENERGY,H2,300,8,13,8.594714410301094
8Y_H2_N300_P4_RESERVE_seed008,P4_RESERVE,H2,300,8,1,794.5968745971869
8Y_H2_N300_P4_RESERVE_seed008,P4_RESERVE,H2,300,8,2,330.9005656423225
8Y_H2_N300_P4_RESERVE_seed008,P4_RESERVE,H2,300,8,3,2318.2333432428986
8Y_H2_N300_P4_RESERVE_seed008,P4_RESERVE,H2,300,8,4,2094.220959755965
8Y_H2_N300_P4_RESERVE_seed008,P4_RESERVE,H2,300,8,5,429.93611127252007
8Y_H2_N300_P4_RESERVE_seed008,P4_RESERVE,H2,300,8,6,1777.8186804420357
8Y_H2_N300_P4_RESERVE_seed008,P4_RESERVE,H2,300,8,7,372.488565352116
8Y_H2_N300_P4_RESERVE_seed008,P4_RESERVE,H2,300,8,8,383.41438719797134
8Y_H2_N300_POW_seed009,POW,H2,300,9,1,635.4750599861973
8Y_H2_N300_POW_seed009,POW,H2,300,9,2,698.4236195653716
8Y_H2_N300_POW_seed009,POW,H2,300,9,3,97.62859912727436
8Y_H2_N300_POW_seed009,POW,H2,300,9,4,1108.3213612724803
8Y_H2_N300_POW_seed009,POW,H2,300,9,5,5.832373675054896
8Y_H2_N300_POW_seed009,POW,H2,300,9,6,1107.5439467479055
8Y_H2_N300_POW_seed009,POW,H2,300,9,7,4.2591103073082195
8Y_H2_N300_POW_seed009,POW,H2,300,9,8,399.12268585996617
8Y_H2_N300_POW_seed009,POW,H2,300,9,9,479.5312137461774
8Y_H2_N300_POW_seed009,POW,H2,300,9,10,1231.5004100466722
8Y_H2_N300_POW_seed009,POW,H2,300,9,11,315.2572171180782
8Y_H2_N300_POW_seed009,POW,H2,300,9,12,1270.5596252221603
8Y_H2_N300_POW_seed009,POW,H2,300,9,13,41.364039337650865
8Y_H2_N300_POW_seed009,POW,H2,300,9,14,30.500676518020555
8Y_H2_N300_POW_seed009,POW,H2,300,9,15,703.1767261929399
8Y_H2_N300_POW_seed009,POW,H2,300,9,16,121.81227521069923
8Y_H2_N300_POW_seed009,POW,H2,300,9,17,357.9177236089072
8Y_H2_N300_P0_ALL_seed009,P0_ALL,H2,300,9,1,635.6530184064401
8Y_H2_N300_P0_ALL_seed009,P0_ALL,H2,300,9,2,700.0620080925877
8Y_H2_N300_P0_ALL_seed009,P0_ALL,H2,300,9,3,97.62859912727436
8Y_H2_N300_P0_ALL_seed009,P0_ALL,H2,300,9,4,1111.1101361990568
8Y_H2_N300_P0_ALL_seed009,P0_ALL,H2,300,9,5,5.832373675054896
8Y_H2_N300_P0_ALL_seed009,P0_ALL,H2,300,9,6,1110.759410923191
8Y_H2_N300_P0_ALL_seed009,P0_ALL,H2,300,9,7,4.2591103073082195
8Y_H2_N300_P0_ALL_seed009,P0_ALL,H2,300,9,8,399.12268585996617
8Y_H2_N300_P0_ALL_seed009,P0_ALL,H2,300,9,9,479.5312137461774
8Y_H2_N300_P0_ALL_seed009,P0_ALL,H2,300,9,10,1237.157949049195
8Y_H2_N300_P0_ALL_seed009,P0_ALL,H2,300,9,11,315.2572171180782
8Y_H2_N300_P0_ALL_seed009,P0_ALL,H2,300,9,12,1275.7285440882106
8Y_H2_N300_P0_ALL_seed009,P0_ALL,H2,300,9,13,41.364039337650865
8Y_H2_N300_P0_ALL_seed009,P0_ALL,H2,300,9,14,30.500676518020555
8Y_H2_N300_P0_ALL_seed009,P0_ALL,H2,300,9,15,705.7552441025055
8Y_H2_N300_P0_ALL_seed009,P0_ALL,H2,300,9,16,121.81227521069923
8Y_H2_N300_P0_ALL_seed009,P0_ALL,H2,300,9,17,357.9177236089072
8Y_H2_N300_P3_ENERGY_seed009,P3_ENERGY,H2,300,9,1,635.6530184064401
8Y_H2_N300_P3_ENERGY_seed009,P3_ENERGY,H2,300,9,2,700.0620080925877
8Y_H2_N300_P3_ENERGY_seed009,P3_ENERGY,H2,300,9,3,401.11384056980023
8Y_H2_N300_P3_ENERGY_seed009,P3_ENERGY,H2,300,9,4,1111.1101361990568
8Y_H2_N300_P3_ENERGY_seed009,P3_ENERGY,H2,300,9,5,509.0947058221914
8Y_H2_N300_P3_ENERGY_seed009,P3_ENERGY,H2,300,9,6,1110.759410923191
8Y_H2_N300_P3_ENERGY_seed009,P3_ENERGY,H2,300,9,7,4.259110307309129
8Y_H2_N300_P3_ENERGY_seed009,P3_ENERGY,H2,300,9,8,399.1226858599666
8Y_H2_N300_P3_ENERGY_seed009,P3_ENERGY,H2,300,9,9,479.53121374617785
8Y_H2_N300_P3_ENERGY_seed009,P3_ENERGY,H2,300,9,10,3685.0390985770628
8Y_H2_N300_P3_ENERGY_seed009,P3_ENERGY,H2,300,9,11,41.758343719999175
8Y_H2_N300_P3_ENERGY_seed009,P3_ENERGY,H2,300,9,12,31.64551722791657
8Y_H2_N300_P3_ENERGY_seed009,P3_ENERGY,H2,300,9,13,705.9953993240124
8Y_H2_N300_P4_RESERVE_seed009,P4_RESERVE,H2,300,9,1,1545.6530184064402
8Y_H2_N300_P4_RESERVE_seed009,P4_RESERVE,H2,300,9,2,1607.8952377475023
8Y_H2_N300_P4_RESERVE_seed009,P4_RESERVE,H2,300,9,3,401.11384056980023
8Y_H2_N300_P4_RESERVE_seed009,P4_RESERVE,H2,300,9,4,707.2269793504879
8Y_H2_N300_P4_RESERVE_seed009,P4_RESERVE,H2,300,9,5,508.2835441692905
8Y_H2_N300_P4_RESERVE_seed009,P4_RESERVE,H2,300,9,6,509.0113292898541
8Y_H2_N300_P4_RESERVE_seed009,P4_RESERVE,H2,300,9,7,1074.573572335883
8Y_H2_N300_P4_RESERVE_seed009,P4_RESERVE,H2,300,9,8,506.88856540212237
8Y_H2_N300_P4_RESERVE_seed009,P4_RESERVE,H2,300,9,9,5.386746234848033
8Y_H2_N300_P4_RESERVE_seed009,P4_RESERVE,H2,300,9,10,398.6873555806296
8Y_H2_N300_P4_RESERVE_seed009,P4_RESERVE,H2,300,9,11,479.5530739253036
8Y_H2_N300_P4_RESERVE_seed009,P4_RESERVE,H2,300,9,12,2107.650353143549
8Y_H2_N300_POW_seed010,POW,H2,300,10,1,439.60622963028464
8Y_H2_N300_POW_seed010,POW,H2,300,10,2,9.659047075604235
8Y_H2_N300_POW_seed010,POW,H2,300,10,3,125.75549027103813
8Y_H2_N300_POW_seed010,POW,H2,300,10,4,1077.001823997889
8Y_H2_N300_POW_seed010,POW,H2,300,10,5,131.64554328555096
8Y_H2_N300_POW_seed010,POW,H2,300,10,6,61.888500495266726
8Y_H2_N300_POW_seed010,POW,H2,300,10,7,469.32877634566876
8Y_H2_N300_POW_seed010,POW,H2,300,10,8,213.72371596377843
8Y_H2_N300_POW_seed010,POW,H2,300,10,9,241.46152362931662
8Y_H2_N300_POW_seed010,POW,H2,300,10,10,20.389921220007636
8Y_H2_N300_POW_seed010,POW,H2,300,10,11,237.79594012769667
8Y_H2_N300_POW_seed010,POW,H2,300,10,12,458.13841838977396
8Y_H2_N300_POW_seed010,POW,H2,300,10,13,326.25461326170125
8Y_H2_N300_POW_seed010,POW,H2,300,10,14,483.3140877063238
8Y_H2_N300_POW_seed010,POW,H2,300,10,15,207.3560927128292
8Y_H2_N300_POW_seed010,POW,H2,300,10,16,593.6940040000882
8Y_H2_N300_POW_seed010,POW,H2,300,10,17,22.382831708308004
8Y_H2_N300_POW_seed010,POW,H2,300,10,18,111.96640173869764
8Y_H2_N300_POW_seed010,POW,H2,300,10,19,516.0921443487186
8Y_H2_N300_POW_seed010,POW,H2,300,10,20,35.90149639388437
8Y_H2_N300_POW_seed010,POW,H2,300,10,21,1098.4848279893868
8Y_H2_N300_POW_seed010,POW,H2,300,10,22,599.0890986046034
8Y_H2_N300_POW_seed010,POW,H2,300,10,23,25.28439327580236
8Y_H2_N300_POW_seed010,POW,H2,300,10,24,1151.9057882198704
8Y_H2_N300_POW_seed010,POW,H2,300,10,25,719.2352481463204
8Y_H2_N300_P0_ALL_seed010,P0_ALL,H2,300,10,1,439.60622963028464
8Y_H2_N300_P0_ALL_seed010,P0_ALL,H2,300,10,2,9.659047075604235
8Y_H2_N300_P0_ALL_seed010,P0_ALL,H2,300,10,3,125.75549027103813
8Y_H2_N300_P0_ALL_seed010,P0_ALL,H2,300,10,4,1080.07951222384
8Y_H2_N300_P0_ALL_seed010,P0_ALL,H2,300,10,5,131.64554328555096
8Y_H2_N300_P0_ALL_seed010,P0_ALL,H2,300,10,6,61.888500495266726
8Y_H2_N300_P0_ALL_seed010,P0_ALL,H2,300,10,7,469.32877634566876
8Y_H2_N300_P0_ALL_seed010,P0_ALL,H2,300,10,8,213.72371596377843
8Y_H2_N300_P0_ALL_seed010,P0_ALL,H2,300,10,9,241.46152362931662
8Y_H2_N300_P0_ALL_seed010,P0_ALL,H2,300,10,10,20.389921220007636
8Y_H2_N300_P0_ALL_seed010,P0_ALL,H2,300,10,11,237.79594012769667
8Y_H2_N300_P0_ALL_seed010,P0_ALL,H2,300,10,12,458.1384183897735
8Y_H2_N300_P0_ALL_seed010,P0_ALL,H2,300,10,13,326.25461326170125
8Y_H2_N300_P0_ALL_seed010,P0_ALL,H2,300,10,14,483.3140877063238
8Y_H2_N300_P0_ALL_seed010,P0_ALL,H2,300,10,15,207.3560927128292
8Y_H2_N300_P0_ALL_seed010,P0_ALL,H2,300,10,16,593.6940040000882
8Y_H2_N300_P0_ALL_seed010,P0_ALL,H2,300,10,17,22.382831708308004
8Y_H2_N300_P0_ALL_seed010,P0_ALL,H2,300,10,18,111.96640173869764
8Y_H2_N300_P0_ALL_seed010,P0_ALL,H2,300,10,19,516.0921443487186
8Y_H2_N300_P0_ALL_seed010,P0_ALL,H2,300,10,20,35.90149639388437
8Y_H2_N300_P0_ALL_seed010,P0_ALL,H2,300,10,21,1099.6161177796648
8Y_H2_N300_P0_ALL_seed010,P0_ALL,H2,300,10,22,599.0890986046034
8Y_H2_N300_P0_ALL_seed010,P0_ALL,H2,300,10,23,25.28439327580236
8Y_H2_N300_P0_ALL_seed010,P0_ALL,H2,300,10,24,1154.4961826563149
8Y_H2_N300_P0_ALL_seed010,P0_ALL,H2,300,10,25,722.3936693025244
8Y_H2_N300_P3_ENERGY_seed010,P3_ENERGY,H2,300,10,1,439.60622963028464
8Y_H2_N300_P3_ENERGY_seed010,P3_ENERGY,H2,300,10,2,9.659047075604235
8Y_H2_N300_P3_ENERGY_seed010,P3_ENERGY,H2,300,10,3,258.22138243165233
8Y_H2_N300_P3_ENERGY_seed010,P3_ENERGY,H2,300,10,4,1078.6013821953889
8Y_H2_N300_P3_ENERGY_seed010,P3_ENERGY,H2,300,10,5,221.00448771231072
8Y_H2_N300_P3_ENERGY_seed010,P3_ENERGY,H2,300,10,6,210.10747698963883
8Y_H2_N300_P3_ENERGY_seed010,P3_ENERGY,H2,300,10,7,1444.7023519935774
8Y_H2_N300_P3_ENERGY_seed010,P3_ENERGY,H2,300,10,8,839.4259376036912
8Y_H2_N300_P3_ENERGY_seed010,P3_ENERGY,H2,300,10,9,1130.870676254096
8Y_H2_N300_P3_ENERGY_seed010,P3_ENERGY,H2,300,10,10,483.39951819806174
8Y_H2_N300_P3_ENERGY_seed010,P3_ENERGY,H2,300,10,11,207.3346618207088
8Y_H2_N300_P3_ENERGY_seed010,P3_ENERGY,H2,300,10,12,593.6012379972581
8Y_H2_N300_P3_ENERGY_seed010,P3_ENERGY,H2,300,10,13,22.074639451915573
8Y_H2_N300_P3_ENERGY_seed010,P3_ENERGY,H2,300,10,14,112.20517955354262
8Y_H2_N300_P3_ENERGY_seed010,P3_ENERGY,H2,300,10,15,638.385662437443
8Y_H2_N300_P3_ENERGY_seed010,P3_ENERGY,H2,300,10,16,1830.9413783483851
8Y_H2_N300_P4_RESERVE_seed010,P4_RESERVE,H2,300,10,1,439.60622963028464
8Y_H2_N300_P4_RESERVE_seed010,P4_RESERVE,H2,300,10,2,9.659047075604235
8Y_H2_N300_P4_RESERVE_seed010,P4_RESERVE,H2,300,10,3,258.22138243165233
8Y_H2_N300_P4_RESERVE_seed010,P4_RESERVE,H2,300,10,4,1987.2661349379578
8Y_H2_N300_P4_RESERVE_seed010,P4_RESERVE,H2,300,10,5,221.0044877123105
8Y_H2_N300_P4_RESERVE_seed010,P4_RESERVE,H2,300,10,6,210.10747698963905
8Y_H2_N300_P4_RESERVE_seed010,P4_RESERVE,H2,300,10,7,1035.4379608370946
8Y_H2_N300_P4_RESERVE_seed010,P4_RESERVE,H2,300,10,8,1751.3277950811516
8Y_H2_N300_P4_RESERVE_seed010,P4_RESERVE,H2,300,10,9,370.5900336001614
8Y_H2_N300_P4_RESERVE_seed010,P4_RESERVE,H2,300,10,10,237.70146608744017
8Y_H2_N300_P4_RESERVE_seed010,P4_RESERVE,H2,300,10,11,741.3501602908364
8Y_H2_N300_P4_RESERVE_seed010,P4_RESERVE,H2,300,10,12,529.2167742991896
8Y_H2_N300_P4_RESERVE_seed010,P4_RESERVE,H2,300,10,13,483.8176322465288
8Y_H2_N300_P4_RESERVE_seed010,P4_RESERVE,H2,300,10,14,207.36707947184186
8Y_H2_N300_P4_RESERVE_seed010,P4_RESERVE,H2,300,10,15,593.3756211596228
8Y_H2_N300_P4_RESERVE_seed010,P4_RESERVE,H2,300,10,16,22.51457617597771
8Y_H2_N300_P4_RESERVE_seed010,P4_RESERVE,H2,300,10,17,112.36687482968773
8Y_H2_N300_POW_seed011,POW,H2,300,11,1,175.76542990516782
8Y_H2_N300_POW_seed011,POW,H2,300,11,2,1231.3135078603339
8Y_H2_N300_POW_seed011,POW,H2,300,11,3,57.821288371361106
8Y_H2_N300_POW_seed011,POW,H2,300,11,4,93.25058756295925
8Y_H2_N300_POW_seed011,POW,H2,300,11,5,343.6503610381433
8Y_H2_N300_POW_seed011,POW,H2,300,11,6,42.98929220531704
8Y_H2_N300_POW_seed011,POW,H2,300,11,7,564.0898223040917
8Y_H2_N300_POW_seed011,POW,H2,300,11,8,636.6597967938533
8Y_H2_N300_POW_seed011,POW,H2,300,11,9,2156.5758566458317
8Y_H2_N300_POW_seed011,POW,H2,300,11,10,387.5083868933343
8Y_H2_N300_POW_seed011,POW,H2,300,11,11,223.53368309813231
8Y_H2_N300_POW_seed011,POW,H2,300,11,12,1204.8612644097539
8Y_H2_N300_POW_seed011,POW,H2,300,11,13,202.74700696161653
8Y_H2_N300_POW_seed011,POW,H2,300,11,14,400.47935408588273
8Y_H2_N300_POW_seed011,POW,H2,300,11,15,1.1472271345319314
8Y_H2_N300_POW_seed011,POW,H2,300,11,16,485.17514855157606
8Y_H2_N300_P0_ALL_seed011,P0_ALL,H2,300,11,1,175.76542990516782
8Y_H2_N300_P0_ALL_seed011,P0_ALL,H2,300,11,2,1237.5632590471882
8Y_H2_N300_P0_ALL_seed011,P0_ALL,H2,300,11,3,57.821288371361106
8Y_H2_N300_P0_ALL_seed011,P0_ALL,H2,300,11,4,93.25058756295925
8Y_H2_N300_P0_ALL_seed011,P0_ALL,H2,300,11,5,343.6503610381433
8Y_H2_N300_P0_ALL_seed011,P0_ALL,H2,300,11,6,42.98929220531704
8Y_H2_N300_P0_ALL_seed011,P0_ALL,H2,300,11,7,564.089822304092
8Y_H2_N300_P0_ALL_seed011,P0_ALL,H2,300,11,8,638.9855196538283
8Y_H2_N300_P0_ALL_seed011,P0_ALL,H2,300,11,9,2165.59968898528
8Y_H2_N300_P0_ALL_seed011,P0_ALL,H2,300,11,10,387.5083868933343
8Y_H2_N300_P0_ALL_seed011,P0_ALL,H2,300,11,11,223.53368309813231
8Y_H2_N300_P0_ALL_seed011,P0_ALL,H2,300,11,12,1209.573155319632
8Y_H2_N300_P0_ALL_seed011,P0_ALL,H2,300,11,13,202.74700696161653
8Y_H2_N300_P0_ALL_seed011,P0_ALL,H2,300,11,14,400.47935408588273
8Y_H2_N300_P0_ALL_seed011,P0_ALL,H2,300,11,15,1.1472271345319314
8Y_H2_N300_P0_ALL_seed011,P0_ALL,H2,300,11,16,485.17514855157606
8Y_H2_N300_P3_ENERGY_seed011,P3_ENERGY,H2,300,11,1,1835.2332175073377
8Y_H2_N300_P3_ENERGY_seed011,P3_ENERGY,H2,300,11,2,57.844983531442494
8Y_H2_N300_P3_ENERGY_seed011,P3_ENERGY,H2,300,11,3,1247.1794097363145
8Y_H2_N300_P3_ENERGY_seed011,P3_ENERGY,H2,300,11,4,563.9162169592983
8Y_H2_N300_P3_ENERGY_seed011,P3_ENERGY,H2,300,11,5,695.738443863057
8Y_H2_N300_P3_ENERGY_seed011,P3_ENERGY,H2,300,11,6,2943.4440448494897
8Y_H2_N300_P3_ENERGY_seed011,P3_ENERGY,H2,300,11,7,223.610015328215
8Y_H2_N300_P3_ENERGY_seed011,P3_ENERGY,H2,300,11,8,2009.2691850088686
8Y_H2_N300_P4_RESERVE_seed011,P4_RESERVE,H2,300,11,1,485.7654299051678
8Y_H2_N300_P4_RESERVE_seed011,P4_RESERVE,H2,300,11,2,2144.354367294496
8Y_H2_N300_P4_RESERVE_seed011,P4_RESERVE,H2,300,11,3,57.82128837136088
8Y_H2_N300_P4_RESERVE_seed011,P4_RESERVE,H2,300,11,4,1603.3779234201038
8Y_H2_N300_P4_RESERVE_seed011,P4_RESERVE,H2,300,11,5,42.9923540150603
8Y_H2_N300_P4_RESERVE_seed011,P4_RESERVE,H2,300,11,6,564.139067511017
8Y_H2_N300_P4_RESERVE_seed011,P4_RESERVE,H2,300,11,7,1605.0769745506313
8Y_H2_N300_P4_RESERVE_seed011,P4_RESERVE,H2,300,11,8,955.9890042321522
8Y_H2_N300_P4_RESERVE_seed011,P4_RESERVE,H2,300,11,9,346.64125264434915
8Y_H2_N300_POW_seed012,POW,H2,300,12,1,818.9524818046146
8Y_H2_N300_POW_seed012,POW,H2,300,12,2,275.718590981504
8Y_H2_N300_POW_seed012,POW,H2,300,12,3,716.8507169956986
8Y_H2_N300_POW_seed012,POW,H2,300,12,4,150.89056554761942
8Y_H2_N300_POW_seed012,POW,H2,300,12,5,3022.261723066319
8Y_H2_N300_POW_seed012,POW,H2,300,12,6,624.7866816324331
8Y_H2_N300_POW_seed012,POW,H2,300,12,7,462.7414901451966
8Y_H2_N300_POW_seed012,POW,H2,300,12,8,299.2168846026334
8Y_H2_N300_POW_seed012,POW,H2,300,12,9,2132.4026625679817
8Y_H2_N300_POW_seed012,POW,H2,300,12,10,144.8396467047387
8Y_H2_N300_POW_seed012,POW,H2,300,12,11,466.3261522342291
8Y_H2_N300_POW_seed012,POW,H2,300,12,12,129.88392409235712
8Y_H2_N300_P0_ALL_seed012,P0_ALL,H2,300,12,1,819.8226994952068
8Y_H2_N300_P0_ALL_seed012,P0_ALL,H2,300,12,2,275.718590981504
8Y_H2_N300_P0_ALL_seed012,P0_ALL,H2,300,12,3,720.3344766625985
8Y_H2_N300_P0_ALL_seed012,P0_ALL,H2,300,12,4,150.89056554761942
8Y_H2_N300_P0_ALL_seed012,P0_ALL,H2,300,12,5,3032.997936050374
8Y_H2_N300_P0_ALL_seed012,P0_ALL,H2,300,12,6,627.2007686539109
8Y_H2_N300_P0_ALL_seed012,P0_ALL,H2,300,12,7,462.7414901451966
8Y_H2_N300_P0_ALL_seed012,P0_ALL,H2,300,12,8,299.2168846026334
8Y_H2_N300_P0_ALL_seed012,P0_ALL,H2,300,12,9,2140.4589982532325
8Y_H2_N300_P0_ALL_seed012,P0_ALL,H2,300,12,10,144.8396467047387
8Y_H2_N300_P0_ALL_seed012,P0_ALL,H2,300,12,11,466.3261522342291
8Y_H2_N300_P0_ALL_seed012,P0_ALL,H2,300,12,12,129.88392409235712
8Y_H2_N300_P3_ENERGY_seed012,P3_ENERGY,H2,300,12,1,1477.7457290112507
8Y_H2_N300_P3_ENERGY_seed012,P3_ENERGY,H2,300,12,2,833.3242912584601
8Y_H2_N300_P3_ENERGY_seed012,P3_ENERGY,H2,300,12,3,151.3646352973824
8Y_H2_N300_P3_ENERGY_seed012,P3_ENERGY,H2,300,12,4,4241.622345113541
8Y_H2_N300_P4_RESERVE_seed012,P4_RESERVE,H2,300,12,1,1729.822699495207
8Y_H2_N300_P4_RESERVE_seed012,P4_RESERVE,H2,300,12,2,275.7185909815039
8Y_H2_N300_P4_RESERVE_seed012,P4_RESERVE,H2,300,12,3,669.7881269789532
8Y_H2_N300_P4_RESERVE_seed012,P4_RESERVE,H2,300,12,4,231.10431747443909
8Y_H2_N300_P4_RESERVE_seed012,P4_RESERVE,H2,300,12,5,150.8799720987431
8Y_H2_N300_P4_RESERVE_seed012,P4_RESERVE,H2,300,12,6,1628.2540297891642
8Y_H2_N300_P4_RESERVE_seed012,P4_RESERVE,H2,300,12,7,3943.487382217042
8Y_H2_N300_P4_RESERVE_seed012,P4_RESERVE,H2,300,12,8,631.9386425160537
8Y_H2_N300_POW_seed013,POW,H2,300,13,1,93.85818437063722
8Y_H2_N300_POW_seed013,POW,H2,300,13,2,51.33904914482406
8Y_H2_N300_POW_seed013,POW,H2,300,13,3,711.7743944285542
8Y_H2_N300_POW_seed013,POW,H2,300,13,4,876.1192189026182
8Y_H2_N300_POW_seed013,POW,H2,300,13,5,183.80096395944156
8Y_H2_N300_POW_seed013,POW,H2,300,13,6,864.4570885618587
8Y_H2_N300_POW_seed013,POW,H2,300,13,7,218.10438140702217
8Y_H2_N300_POW_seed013,POW,H2,300,13,8,547.4773299491981
8Y_H2_N300_POW_seed013,POW,H2,300,13,9,822.2186696388558
8Y_H2_N300_POW_seed013,POW,H2,300,13,10,17.92209924053077
8Y_H2_N300_POW_seed013,POW,H2,300,13,11,139.90227284549928
8Y_H2_N300_POW_seed013,POW,H2,300,13,12,106.48155634588147
8Y_H2_N300_POW_seed013,POW,H2,300,13,13,27.306780592320138
8Y_H2_N300_POW_seed013,POW,H2,300,13,14,339.87198099827583
8Y_H2_N300_POW_seed013,POW,H2,300,13,15,1612.900375496094
8Y_H2_N300_POW_seed013,POW,H2,300,13,16,39.5355695692233
8Y_H2_N300_POW_seed013,POW,H2,300,13,17,126.8831547216223
8Y_H2_N300_POW_seed013,POW,H2,300,13,18,747.0520950196333
8Y_H2_N300_POW_seed013,POW,H2,300,13,19,921.8771873985979
8Y_H2_N300_POW_seed013,POW,H2,300,13,20,659.7723673566325
8Y_H2_N300_POW_seed013,POW,H2,300,13,21,171.0125276837971
8Y_H2_N300_P0_ALL_seed013,P0_ALL,H2,300,13,1,93.85818437063722
8Y_H2_N300_P0_ALL_seed013,P0_ALL,H2,300,13,2,51.33904914482406
8Y_H2_N300_P0_ALL_seed013,P0_ALL,H2,300,13,3,714.5853967845653
8Y_H2_N300_P0_ALL_seed013,P0_ALL,H2,300,13,4,878.7904086828516
8Y_H2_N300_P0_ALL_seed013,P0_ALL,H2,300,13,5,183.80096395944156
8Y_H2_N300_P0_ALL_seed013,P0_ALL,H2,300,13,6,867.4937383631122
8Y_H2_N300_P0_ALL_seed013,P0_ALL,H2,300,13,7,218.10438140702217
8Y_H2_N300_P0_ALL_seed013,P0_ALL,H2,300,13,8,547.4773299491981
8Y_H2_N300_P0_ALL_seed013,P0_ALL,H2,300,13,9,823.9135273453089
8Y_H2_N300_P0_ALL_seed013,P0_ALL,H2,300,13,10,17.92209924053077
8Y_H2_N300_P0_ALL_seed013,P0_ALL,H2,300,13,11,139.90227284549928
8Y_H2_N300_P0_ALL_seed013,P0_ALL,H2,300,13,12,106.48155634588147
8Y_H2_N300_P0_ALL_seed013,P0_ALL,H2,300,13,13,27.306780592320138
8Y_H2_N300_P0_ALL_seed013,P0_ALL,H2,300,13,14,339.87198099827583
8Y_H2_N300_P0_ALL_seed013,P0_ALL,H2,300,13,15,1617.8540216574465
8Y_H2_N300_P0_ALL_seed013,P0_ALL,H2,300,13,16,39.5355695692233
8Y_H2_N300_P0_ALL_seed013,P0_ALL,H2,300,13,17,126.8831547216223
8Y_H2_N300_P0_ALL_seed013,P0_ALL,H2,300,13,18,748.7894444331532
8Y_H2_N300_P0_ALL_seed013,P0_ALL,H2,300,13,19,923.0447714007541
8Y_H2_N300_P0_ALL_seed013,P0_ALL,H2,300,13,20,661.0499874251473
8Y_H2_N300_P0_ALL_seed013,P0_ALL,H2,300,13,21,171.0125276837971
8Y_H2_N300_P3_ENERGY_seed013,P3_ENERGY,H2,300,13,1,93.85818437063722
8Y_H2_N300_P3_ENERGY_seed013,P3_ENERGY,H2,300,13,2,419.382091398901
8Y_H2_N300_P3_ENERGY_seed013,P3_ENERGY,H2,300,13,3,714.4542811163893
8Y_H2_N300_P3_ENERGY_seed013,P3_ENERGY,H2,300,13,4,1386.224280873482
8Y_H2_N300_P3_ENERGY_seed013,P3_ENERGY,H2,300,13,5,866.2726067455455
8Y_H2_N300_P3_ENERGY_seed013,P3_ENERGY,H2,300,13,6,325.71202594377473
8Y_H2_N300_P3_ENERGY_seed013,P3_ENERGY,H2,300,13,7,547.5254371269507
8Y_H2_N300_P3_ENERGY_seed013,P3_ENERGY,H2,300,13,8,825.2121761919489
8Y_H2_N300_P3_ENERGY_seed013,P3_ENERGY,H2,300,13,9,18.420667194527596
8Y_H2_N300_P3_ENERGY_seed013,P3_ENERGY,H2,300,13,10,140.01717411093705
8Y_H2_N300_P3_ENERGY_seed013,P3_ENERGY,H2,300,13,11,106.61181099552232
8Y_H2_N300_P3_ENERGY_seed013,P3_ENERGY,H2,300,13,12,425.4125459634097
8Y_H2_N300_P3_ENERGY_seed013,P3_ENERGY,H2,300,13,13,340.3513512395557
8Y_H2_N300_P3_ENERGY_seed013,P3_ENERGY,H2,300,13,14,1617.1912511822147
8Y_H2_N300_P3_ENERGY_seed013,P3_ENERGY,H2,300,13,15,40.09158660517278
8Y_H2_N300_P3_ENERGY_seed013,P3_ENERGY,H2,300,13,16,126.85680055830744
8Y_H2_N300_P3_ENERGY_seed013,P3_ENERGY,H2,300,13,17,748.7649467707661
8Y_H2_N300_P3_ENERGY_seed013,P3_ENERGY,H2,300,13,18,1184.7478977861374
8Y_H2_N300_P4_RESERVE_seed013,P4_RESERVE,H2,300,13,1,93.85818437063722
8Y_H2_N300_P4_RESERVE_seed013,P4_RESERVE,H2,300,13,2,419.382091398901
8Y_H2_N300_P4_RESERVE_seed013,P4_RESERVE,H2,300,13,3,361.24786656282345
8Y_H2_N300_P4_RESERVE_seed013,P4_RESERVE,H2,300,13,4,111.50197971985915
8Y_H2_N300_P4_RESERVE_seed013,P4_RESERVE,H2,300,13,5,2296.3784088416132
8Y_H2_N300_P4_RESERVE_seed013,P4_RESERVE,H2,300,13,6,1774.514335236744
8Y_H2_N300_P4_RESERVE_seed013,P4_RESERVE,H2,300,13,7,325.76743948115563
8Y_H2_N300_P4_RESERVE_seed013,P4_RESERVE,H2,300,13,8,547.4773299491981
8Y_H2_N300_P4_RESERVE_seed013,P4_RESERVE,H2,300,13,9,1186.1151285137967
8Y_H2_N300_P4_RESERVE_seed013,P4_RESERVE,H2,300,13,10,221.69928250293742
8Y_H2_N300_P4_RESERVE_seed013,P4_RESERVE,H2,300,13,11,17.65282570186173
8Y_H2_N300_P4_RESERVE_seed013,P4_RESERVE,H2,300,13,12,141.1337952930171
8Y_H2_N300_P4_RESERVE_seed013,P4_RESERVE,H2,300,13,13,106.60046905065883
8Y_H2_N300_P4_RESERVE_seed013,P4_RESERVE,H2,300,13,14,423.84261529360265
8Y_H2_N300_P4_RESERVE_seed013,P4_RESERVE,H2,300,13,15,339.5453075703308
8Y_H2_N300_POW_seed014,POW,H2,300,14,1,632.0116272285555
8Y_H2_N300_POW_seed014,POW,H2,300,14,2,409.3417913343577
8Y_H2_N300_POW_seed014,POW,H2,300,14,3,306.21807996631605
8Y_H2_N300_POW_seed014,POW,H2,300,14,4,1030.0653274806346
8Y_H2_N300_POW_seed014,POW,H2,300,14,5,188.04760500166913
8Y_H2_N300_POW_seed014,POW,H2,300,14,6,172.42119255838952
8Y_H2_N300_POW_seed014,POW,H2,300,14,7,99.86394234905129
8Y_H2_N300_POW_seed014,POW,H2,300,14,8,1529.32366972617
8Y_H2_N300_POW_seed014,POW,H2,300,14,9,788.382137981006
8Y_H2_N300_POW_seed014,POW,H2,300,14,10,82.7966568913871
8Y_H2_N300_POW_seed014,POW,H2,300,14,11,113.1907207189679
8Y_H2_N300_POW_seed014,POW,H2,300,14,12,675.7161033262182
8Y_H2_N300_POW_seed014,POW,H2,300,14,13,627.6900963850485
8Y_H2_N300_POW_seed014,POW,H2,300,14,14,179.3575777594915
8Y_H2_N300_POW_seed014,POW,H2,300,14,15,720.899231055203
8Y_H2_N300_POW_seed014,POW,H2,300,14,16,432.34514637997654
8Y_H2_N300_POW_seed014,POW,H2,300,14,17,392.5616887787746
8Y_H2_N300_POW_seed014,POW,H2,300,14,18,36.82286238692359
8Y_H2_N300_POW_seed014,POW,H2,300,14,19,901.1462987009327
8Y_H2_N300_POW_seed014,POW,H2,300,14,20,204.88665734294955
8Y_H2_N300_POW_seed014,POW,H2,300,14,21,150.7081803807523
8Y_H2_N300_P0_ALL_seed014,P0_ALL,H2,300,14,1,632.5917698019422
8Y_H2_N300_P0_ALL_seed014,P0_ALL,H2,300,14,2,409.3417913343577
8Y_H2_N300_P0_ALL_seed014,P0_ALL,H2,300,14,3,306.21807996631605
8Y_H2_N300_P0_ALL_seed014,P0_ALL,H2,300,14,4,1032.5920307398746
8Y_H2_N300_P0_ALL_seed014,P0_ALL,H2,300,14,5,188.04760500166913
8Y_H2_N300_P0_ALL_seed014,P0_ALL,H2,300,14,6,172.42119255838952
8Y_H2_N300_P0_ALL_seed014,P0_ALL,H2,300,14,7,99.86394234905129
8Y_H2_N300_P0_ALL_seed014,P0_ALL,H2,300,14,8,1535.704665550113
8Y_H2_N300_P0_ALL_seed014,P0_ALL,H2,300,14,9,790.8110216461237
8Y_H2_N300_P0_ALL_seed014,P0_ALL,H2,300,14,10,82.7966568913871
8Y_H2_N300_P0_ALL_seed014,P0_ALL,H2,300,14,11,113.1907207189679
8Y_H2_N300_P0_ALL_seed014,P0_ALL,H2,300,14,12,678.7164442458316
8Y_H2_N300_P0_ALL_seed014,P0_ALL,H2,300,14,13,630.4808790444595
8Y_H2_N300_P0_ALL_seed014,P0_ALL,H2,300,14,14,179.3575777594915
8Y_H2_N300_P0_ALL_seed014,P0_ALL,H2,300,14,15,724.1464351619325
8Y_H2_N300_P0_ALL_seed014,P0_ALL,H2,300,14,16,432.34514637997654
8Y_H2_N300_P0_ALL_seed014,P0_ALL,H2,300,14,17,392.5616887787746
8Y_H2_N300_P0_ALL_seed014,P0_ALL,H2,300,14,18,36.82286238692359
8Y_H2_N300_P0_ALL_seed014,P0_ALL,H2,300,14,19,904.619688621664
8Y_H2_N300_P0_ALL_seed014,P0_ALL,H2,300,14,20,204.88665734294955
8Y_H2_N300_P0_ALL_seed014,P0_ALL,H2,300,14,21,150.7081803807523
8Y_H2_N300_P3_ENERGY_seed014,P3_ENERGY,H2,300,14,1,632.5917698019422
8Y_H2_N300_P3_ENERGY_seed014,P3_ENERGY,H2,300,14,2,409.3417913343577
8Y_H2_N300_P3_ENERGY_seed014,P3_ENERGY,H2,300,14,3,306.21807996631605
8Y_H2_N300_P3_ENERGY_seed014,P3_ENERGY,H2,300,14,4,1032.039906135889
8Y_H2_N300_P3_ENERGY_seed014,P3_ENERGY,H2,300,14,5,297.4563399960107
8Y_H2_N300_P3_ENERGY_seed014,P3_ENERGY,H2,300,14,6,240.71048416914527
8Y_H2_N300_P3_ENERGY_seed014,P3_ENERGY,H2,300,14,7,2137.643013861875
8Y_H2_N300_P3_ENERGY_seed014,P3_ENERGY,H2,300,14,8,1286.504175138938
8Y_H2_N300_P3_ENERGY_seed014,P3_ENERGY,H2,300,14,9,168.2914704138575
8Y_H2_N300_P3_ENERGY_seed014,P3_ENERGY,H2,300,14,10,677.8601287405636
8Y_H2_N300_P3_ENERGY_seed014,P3_ENERGY,H2,300,14,11,1384.2677551331699
8Y_H2_N300_P3_ENERGY_seed014,P3_ENERGY,H2,300,14,12,776.063395590334
8Y_H2_N300_P4_RESERVE_seed014,P4_RESERVE,H2,300,14,1,1542.591769801942
8Y_H2_N300_P4_RESERVE_seed014,P4_RESERVE,H2,300,14,2,409.3417913343576
8Y_H2_N300_P4_RESERVE_seed014,P4_RESERVE,H2,300,14,3,306.2180799663163
8Y_H2_N300_P4_RESERVE_seed014,P4_RESERVE,H2,300,14,4,1940.3995012277492
8Y_H2_N300_P4_RESERVE_seed014,P4_RESERVE,H2,300,14,5,297.4563399960107
8Y_H2_N300_P4_RESERVE_seed014,P4_RESERVE,H2,300,14,6,240.71048416914618
8Y_H2_N300_P4_RESERVE_seed014,P4_RESERVE,H2,300,14,7,1698.0664954894128
8Y_H2_N300_P4_RESERVE_seed014,P4_RESERVE,H2,300,14,8,482.14007917178697
8Y_H2_N300_P4_RESERVE_seed014,P4_RESERVE,H2,300,14,9,329.1539891522343
8Y_H2_N300_P4_RESERVE_seed014,P4_RESERVE,H2,300,14,10,2071.2717011455625
8Y_H2_N300_P4_RESERVE_seed014,P4_RESERVE,H2,300,14,11,83.40507760864239
8Y_H2_N300_P4_RESERVE_seed014,P4_RESERVE,H2,300,14,12,168.68495292730404
8Y_H2_N300_POW_seed015,POW,H2,300,15,1,24.06108681394605
8Y_H2_N300_POW_seed015,POW,H2,300,15,2,22.651950428918365
8Y_H2_N300_POW_seed015,POW,H2,300,15,3,643.7617716036266
8Y_H2_N300_POW_seed015,POW,H2,300,15,4,228.75541130397073
8Y_H2_N300_POW_seed015,POW,H2,300,15,5,1397.8172761896403
8Y_H2_N300_POW_seed015,POW,H2,300,15,6,1972.023381008038
8Y_H2_N300_POW_seed015,POW,H2,300,15,7,675.5908288900537
8Y_H2_N300_POW_seed015,POW,H2,300,15,8,255.61452904132057
8Y_H2_N300_POW_seed015,POW,H2,300,15,9,792.9890797553171
8Y_H2_N300_POW_seed015,POW,H2,300,15,10,17.61881967649424
8Y_H2_N300_POW_seed015,POW,H2,300,15,11,248.27391709128096
8Y_H2_N300_POW_seed015,POW,H2,300,15,12,1205.125537459272
8Y_H2_N300_POW_seed015,POW,H2,300,15,13,1509.1518787103596
8Y_H2_N300_P0_ALL_seed015,P0_ALL,H2,300,15,1,24.06108681394605
8Y_H2_N300_P0_ALL_seed015,P0_ALL,H2,300,15,2,22.651950428918365
8Y_H2_N300_P0_ALL_seed015,P0_ALL,H2,300,15,3,645.7533865219445
8Y_H2_N300_P0_ALL_seed015,P0_ALL,H2,300,15,4,228.75541130397073
8Y_H2_N300_P0_ALL_seed015,P0_ALL,H2,300,15,5,1401.8379592529502
8Y_H2_N300_P0_ALL_seed015,P0_ALL,H2,300,15,6,1979.648392308558
8Y_H2_N300_P0_ALL_seed015,P0_ALL,H2,300,15,7,678.0579899433887
8Y_H2_N300_P0_ALL_seed015,P0_ALL,H2,300,15,8,255.61452904132057
8Y_H2_N300_P0_ALL_seed015,P0_ALL,H2,300,15,9,796.2134312805156
8Y_H2_N300_P0_ALL_seed015,P0_ALL,H2,300,15,10,17.61881967649424
8Y_H2_N300_P0_ALL_seed015,P0_ALL,H2,300,15,11,248.27391709128096
8Y_H2_N300_P0_ALL_seed015,P0_ALL,H2,300,15,12,1210.7739886621584
8Y_H2_N300_P0_ALL_seed015,P0_ALL,H2,300,15,13,1513.750050013744
8Y_H2_N300_P3_ENERGY_seed015,P3_ENERGY,H2,300,15,1,24.06108681394605
8Y_H2_N300_P3_ENERGY_seed015,P3_ENERGY,H2,300,15,2,394.2286782182871
8Y_H2_N300_P3_ENERGY_seed015,P3_ENERGY,H2,300,15,3,645.3585966166572
8Y_H2_N300_P3_ENERGY_seed015,P3_ENERGY,H2,300,15,4,228.75541130397073
8Y_H2_N300_P3_ENERGY_seed015,P3_ENERGY,H2,300,15,5,3785.4234874388467
8Y_H2_N300_P3_ENERGY_seed015,P3_ENERGY,H2,300,15,6,933.4282809071819
8Y_H2_N300_P3_ENERGY_seed015,P3_ENERGY,H2,300,15,7,256.0141329172884
8Y_H2_N300_P3_ENERGY_seed015,P3_ENERGY,H2,300,15,8,908.4897235587732
8Y_H2_N300_P3_ENERGY_seed015,P3_ENERGY,H2,300,15,9,17.326488020489705
8Y_H2_N300_P3_ENERGY_seed015,P3_ENERGY,H2,300,15,10,247.2315989649478
8Y_H2_N300_P3_ENERGY_seed015,P3_ENERGY,H2,300,15,11,1209.6214221040364
8Y_H2_N300_P4_RESERVE_seed015,P4_RESERVE,H2,300,15,1,24.06108681394605
8Y_H2_N300_P4_RESERVE_seed015,P4_RESERVE,H2,300,15,2,394.2286782182871
8Y_H2_N300_P4_RESERVE_seed015,P4_RESERVE,H2,300,15,3,1110.2729903275724
8Y_H2_N300_P4_RESERVE_seed015,P4_RESERVE,H2,300,15,4,43.16248954781827
8Y_H2_N300_P4_RESERVE_seed015,P4_RESERVE,H2,300,15,5,228.61103288548134
8Y_H2_N300_P4_RESERVE_seed015,P4_RESERVE,H2,300,15,6,932.5236956374624
8Y_H2_N300_P4_RESERVE_seed015,P4_RESERVE,H2,300,15,7,3514.7568395401836
8Y_H2_N300_P4_RESERVE_seed015,P4_RESERVE,H2,300,15,8,171.56504518766724
8Y_H2_N300_P4_RESERVE_seed015,P4_RESERVE,H2,300,15,9,1841.6921604006357
8Y_H2_N300_P4_RESERVE_seed015,P4_RESERVE,H2,300,15,10,256.76689376398645
8Y_H2_N300_POW_seed016,POW,H2,300,16,1,55.86415738121935
8Y_H2_N300_POW_seed016,POW,H2,300,16,2,3.409779060954385
8Y_H2_N300_POW_seed016,POW,H2,300,16,3,632.5806441094643
8Y_H2_N300_POW_seed016,POW,H2,300,16,4,661.9075570787265
8Y_H2_N300_POW_seed016,POW,H2,300,16,5,25.735547134431272
8Y_H2_N300_POW_seed016,POW,H2,300,16,6,820.0975771964918
8Y_H2_N300_POW_seed016,POW,H2,300,16,7,543.5956927677685
8Y_H2_N300_POW_seed016,POW,H2,300,16,8,1253.6688114109847
8Y_H2_N300_POW_seed016,POW,H2,300,16,9,383.13782967602674
8Y_H2_N300_POW_seed016,POW,H2,300,16,10,612.3781389932565
8Y_H2_N300_POW_seed016,POW,H2,300,16,11,148.0743459565001
8Y_H2_N300_POW_seed016,POW,H2,300,16,12,285.56930609089795
8Y_H2_N300_POW_seed016,POW,H2,300,16,13,481.2803444565652
8Y_H2_N300_POW_seed016,POW,H2,300,16,14,951.8388819040283
8Y_H2_N300_POW_seed016,POW,H2,300,16,15,40.20363745623308
8Y_H2_N300_POW_seed016,POW,H2,300,16,16,421.4990493172054
8Y_H2_N300_POW_seed016,POW,H2,300,16,17,813.5905371012968
8Y_H2_N300_POW_seed016,POW,H2,300,16,18,351.9148128407078
8Y_H2_N300_POW_seed016,POW,H2,300,16,19,884.0832300473849
8Y_H2_N300_POW_seed016,POW,H2,300,16,20,193.79267327028174
8Y_H2_N300_POW_seed016,POW,H2,300,16,21,147.75859910763938
8Y_H2_N300_POW_seed016,POW,H2,300,16,22,25.291148198462906
8Y_H2_N300_P0_ALL_seed016,P0_ALL,H2,300,16,1,55.86415738121935
8Y_H2_N300_P0_ALL_seed016,P0_ALL,H2,300,16,2,3.409779060954385
8Y_H2_N300_P0_ALL_seed016,P0_ALL,H2,300,16,3,635.938756651204
8Y_H2_N300_P0_ALL_seed016,P0_ALL,H2,300,16,4,664.8141846931796
8Y_H2_N300_P0_ALL_seed016,P0_ALL,H2,300,16,5,25.735547134431272
8Y_H2_N300_P0_ALL_seed016,P0_ALL,H2,300,16,6,822.1935740173083
8Y_H2_N300_P0_ALL_seed016,P0_ALL,H2,300,16,7,543.5956927677685
8Y_H2_N300_P0_ALL_seed016,P0_ALL,H2,300,16,8,1258.4629480938725
8Y_H2_N300_P0_ALL_seed016,P0_ALL,H2,300,16,9,383.13782967602674
8Y_H2_N300_P0_ALL_seed016,P0_ALL,H2,300,16,10,614.9634377738257
8Y_H2_N300_P0_ALL_seed016,P0_ALL,H2,300,16,11,148.0743459565001
8Y_H2_N300_P0_ALL_seed016,P0_ALL,H2,300,16,12,285.56930609089795
8Y_H2_N300_P0_ALL_seed016,P0_ALL,H2,300,16,13,481.2803444565652
8Y_H2_N300_P0_ALL_seed016,P0_ALL,H2,300,16,14,954.4629988402157
8Y_H2_N300_P0_ALL_seed016,P0_ALL,H2,300,16,15,40.20363745623308
8Y_H2_N300_P0_ALL_seed016,P0_ALL,H2,300,16,16,421.4990493172054
8Y_H2_N300_P0_ALL_seed016,P0_ALL,H2,300,16,17,816.5556479096176
8Y_H2_N300_P0_ALL_seed016,P0_ALL,H2,300,16,18,351.9148128407087
8Y_H2_N300_P0_ALL_seed016,P0_ALL,H2,300,16,19,886.7181398096782
8Y_H2_N300_P0_ALL_seed016,P0_ALL,H2,300,16,20,193.79267327028174
8Y_H2_N300_P0_ALL_seed016,P0_ALL,H2,300,16,21,147.75859910763756
8Y_H2_N300_P0_ALL_seed016,P0_ALL,H2,300,16,22,25.291148198462906
8Y_H2_N300_P3_ENERGY_seed016,P3_ENERGY,H2,300,16,1,55.86415738121935
8Y_H2_N300_P3_ENERGY_seed016,P3_ENERGY,H2,300,16,2,3.409779060954385
8Y_H2_N300_P3_ENERGY_seed016,P3_ENERGY,H2,300,16,3,635.938756651204
8Y_H2_N300_P3_ENERGY_seed016,P3_ENERGY,H2,300,16,4,1231.3651476815596
8Y_H2_N300_P3_ENERGY_seed016,P3_ENERGY,H2,300,16,5,823.0158938203456
8Y_H2_N300_P3_ENERGY_seed016,P3_ENERGY,H2,300,16,6,3661.050637633833
8Y_H2_N300_P3_ENERGY_seed016,P3_ENERGY,H2,300,16,7,1060.1329479532387
8Y_H2_N300_P3_ENERGY_seed016,P3_ENERGY,H2,300,16,8,481.6072836728745
8Y_H2_N300_P3_ENERGY_seed016,P3_ENERGY,H2,300,16,9,1244.459041639846
8Y_H2_N300_P3_ENERGY_seed016,P3_ENERGY,H2,300,16,10,421.76114702584346
8Y_H2_N300_P4_RESERVE_seed016,P4_RESERVE,H2,300,16,1,55.86415738121935
8Y_H2_N300_P4_RESERVE_seed016,P4_RESERVE,H2,300,16,2,3.409779060954385
8Y_H2_N300_P4_RESERVE_seed016,P4_RESERVE,H2,300,16,3,1542.5653622237003
8Y_H2_N300_P4_RESERVE_seed016,P4_RESERVE,H2,300,16,4,2138.3853217192627
8Y_H2_N300_P4_RESERVE_seed016,P4_RESERVE,H2,300,16,5,371.81893987538706
8Y_H2_N300_P4_RESERVE_seed016,P4_RESERVE,H2,300,16,6,220.09757719649133
8Y_H2_N300_P4_RESERVE_seed016,P4_RESERVE,H2,300,16,7,1786.9106417809626
8Y_H2_N300_P4_RESERVE_seed016,P4_RESERVE,H2,300,16,8,2654.8849400736744
8Y_H2_N300_POW_seed017,POW,H2,300,17,1,869.6327689713796
8Y_H2_N300_POW_seed017,POW,H2,300,17,2,44.87769411595934
8Y_H2_N300_POW_seed017,POW,H2,300,17,3,1329.6484316368628
8Y_H2_N300_POW_seed017,POW,H2,300,17,4,238.37853813749234
8Y_H2_N300_POW_seed017,POW,H2,300,17,5,40.02831180481962
8Y_H2_N300_POW_seed017,POW,H2,300,17,6,706.3414785640284
8Y_H2_N300_POW_seed017,POW,H2,300,17,7,97.0835875928442
8Y_H2_N300_POW_seed017,POW,H2,300,17,8,219.24352472340252
8Y_H2_N300_POW_seed017,POW,H2,300,17,9,662.9655849262886
8Y_H2_N300_POW_seed017,POW,H2,300,17,10,684.6871390929873
8Y_H2_N300_POW_seed017,POW,H2,300,17,11,543.696956999257
8Y_H2_N300_POW_seed017,POW,H2,300,17,12,707.0123030383975
8Y_H2_N300_POW_seed017,POW,H2,300,17,13,535.5841467763312
8Y_H2_N300_POW_seed017,POW,H2,300,17,14,473.85566670471053
8Y_H2_N300_POW_seed017,POW,H2,300,17,15,72.16502752396082
8Y_H2_N300_POW_seed017,POW,H2,300,17,16,306.92697583321933
8Y_H2_N300_POW_seed017,POW,H2,300,17,17,392.9292208653542
8Y_H2_N300_POW_seed017,POW,H2,300,17,18,387.62557477715836
8Y_H2_N300_POW_seed017,POW,H2,300,17,19,379.2801939294095
8Y_H2_N300_POW_seed017,POW,H2,300,17,20,457.7301267816256
8Y_H2_N300_POW_seed017,POW,H2,300,17,21,134.07377050459036
8Y_H2_N300_POW_seed017,POW,H2,300,17,22,136.86856979185723
8Y_H2_N300_POW_seed017,POW,H2,300,17,23,395.9045790971686
8Y_H2_N300_POW_seed017,POW,H2,300,17,24,152.285600316598
8Y_H2_N300_P0_ALL_seed017,P0_ALL,H2,300,17,1,869.7719555595204
8Y_H2_N300_P0_ALL_seed017,P0_ALL,H2,300,17,2,44.87769411595934
8Y_H2_N300_P0_ALL_seed017,P0_ALL,H2,300,17,3,1336.3893338923922
8Y_H2_N300_P0_ALL_seed017,P0_ALL,H2,300,17,4,238.37853813749234
8Y_H2_N300_P0_ALL_seed017,P0_ALL,H2,300,17,5,40.02831180481962
8Y_H2_N300_P0_ALL_seed017,P0_ALL,H2,300,17,6,709.0501953162948
8Y_H2_N300_P0_ALL_seed017,P0_ALL,H2,300,17,7,97.0835875928442
8Y_H2_N300_P0_ALL_seed017,P0_ALL,H2,300,17,8,219.24352472340252
8Y_H2_N300_P0_ALL_seed017,P0_ALL,H2,300,17,9,664.5124466841839
8Y_H2_N300_P0_ALL_seed017,P0_ALL,H2,300,17,10,686.7368191297055
8Y_H2_N300_P0_ALL_seed017,P0_ALL,H2,300,17,11,543.696956999257
8Y_H2_N300_P0_ALL_seed017,P0_ALL,H2,300,17,12,709.6775363700535
8Y_H2_N300_P0_ALL_seed017,P0_ALL,H2,300,17,13,535.5841467763312
8Y_H2_N300_P0_ALL_seed017,P0_ALL,H2,300,17,14,473.85566670471053
8Y_H2_N300_P0_ALL_seed017,P0_ALL,H2,300,17,15,72.16502752396082
8Y_H2_N300_P0_ALL_seed017,P0_ALL,H2,300,17,16,306.92697583321933
8Y_H2_N300_P0_ALL_seed017,P0_ALL,H2,300,17,17,392.9292208653542
8Y_H2_N300_P0_ALL_seed017,P0_ALL,H2,300,17,18,387.62557477715836
8Y_H2_N300_P0_ALL_seed017,P0_ALL,H2,300,17,19,379.2801939294095
8Y_H2_N300_P0_ALL_seed017,P0_ALL,H2,300,17,20,457.7301267816256
8Y_H2_N300_P0_ALL_seed017,P0_ALL,H2,300,17,21,134.07377050459036
8Y_H2_N300_P0_ALL_seed017,P0_ALL,H2,300,17,22,136.86856979185723
8Y_H2_N300_P0_ALL_seed017,P0_ALL,H2,300,17,23,395.9045790971686
8Y_H2_N300_P0_ALL_seed017,P0_ALL,H2,300,17,24,152.285600316598
8Y_H2_N300_P3_ENERGY_seed017,P3_ENERGY,H2,300,17,1,1245.592275318786
8Y_H2_N300_P3_ENERGY_seed017,P3_ENERGY,H2,300,17,2,1334.107400791917
8Y_H2_N300_P3_ENERGY_seed017,P3_ENERGY,H2,300,17,3,238.5092305098119
8Y_H2_N300_P3_ENERGY_seed017,P3_ENERGY,H2,300,17,4,40.00580220252641
8Y_H2_N300_P3_ENERGY_seed017,P3_ENERGY,H2,300,17,5,1199.966938343921
8Y_H2_N300_P3_ENERGY_seed017,P3_ENERGY,H2,300,17,6,97.1698925411606
8Y_H2_N300_P3_ENERGY_seed017,P3_ENERGY,H2,300,17,7,1267.3680554581788
8Y_H2_N300_P3_ENERGY_seed017,P3_ENERGY,H2,300,17,8,687.032280973066
8Y_H2_N300_P3_ENERGY_seed017,P3_ENERGY,H2,300,17,9,543.7461934600988
8Y_H2_N300_P3_ENERGY_seed017,P3_ENERGY,H2,300,17,10,708.9941531759932
8Y_H2_N300_P3_ENERGY_seed017,P3_ENERGY,H2,300,17,11,535.011514717241
8Y_H2_N300_P4_RESERVE_seed017,P4_RESERVE,H2,300,17,1,1779.7719555595204
8Y_H2_N300_P4_RESERVE_seed017,P4_RESERVE,H2,300,17,2,44.87769411595923
8Y_H2_N300_P4_RESERVE_seed017,P4_RESERVE,H2,300,17,3,2243.56670152524
8Y_H2_N300_P4_RESERVE_seed017,P4_RESERVE,H2,300,17,4,238.37853813749234
8Y_H2_N300_P4_RESERVE_seed017,P4_RESERVE,H2,300,17,5,40.02831180482008
8Y_H2_N300_P4_RESERVE_seed017,P4_RESERVE,H2,300,17,6,2107.864062125115
8Y_H2_N300_P4_RESERVE_seed017,P4_RESERVE,H2,300,17,7,97.08358759284329
8Y_H2_N300_P4_RESERVE_seed017,P4_RESERVE,H2,300,17,8,2174.9699437951285
8Y_H2_N300_POW_seed018,POW,H2,300,18,1,1167.1533287381792
8Y_H2_N300_POW_seed018,POW,H2,300,18,2,159.35133797413914
8Y_H2_N300_POW_seed018,POW,H2,300,18,3,1676.957350789593
8Y_H2_N300_POW_seed018,POW,H2,300,18,4,483.8019431853095
8Y_H2_N300_POW_seed018,POW,H2,300,18,5,280.97971972524556
8Y_H2_N300_POW_seed018,POW,H2,300,18,6,334.44130611817036
8Y_H2_N300_POW_seed018,POW,H2,300,18,7,662.004296934666
8Y_H2_N300_POW_seed018,POW,H2,300,18,8,357.5601690757794
8Y_H2_N300_POW_seed018,POW,H2,300,18,9,1756.4948416846355
8Y_H2_N300_POW_seed018,POW,H2,300,18,10,399.53422912264887
8Y_H2_N300_POW_seed018,POW,H2,300,18,11,26.073859094741238
8Y_H2_N300_POW_seed018,POW,H2,300,18,12,268.3959710095687
8Y_H2_N300_POW_seed018,POW,H2,300,18,13,198.42536350622322
8Y_H2_N300_POW_seed018,POW,H2,300,18,14,434.03802853453635
8Y_H2_N300_POW_seed018,POW,H2,300,18,15,1008.4530696104794
8Y_H2_N300_POW_seed018,POW,H2,300,18,16,727.064556895335
8Y_H2_N300_P0_ALL_seed018,P0_ALL,H2,300,18,1,1167.313520742801
8Y_H2_N300_P0_ALL_seed018,P0_ALL,H2,300,18,2,159.35133797413914
8Y_H2_N300_P0_ALL_seed018,P0_ALL,H2,300,18,3,1682.1985775359985
8Y_H2_N300_P0_ALL_seed018,P0_ALL,H2,300,18,4,483.8019431853095
8Y_H2_N300_P0_ALL_seed018,P0_ALL,H2,300,18,5,280.97971972524556
8Y_H2_N300_P0_ALL_seed018,P0_ALL,H2,300,18,6,334.44130611817036
8Y_H2_N300_P0_ALL_seed018,P0_ALL,H2,300,18,7,662.9736026516603
8Y_H2_N300_P0_ALL_seed018,P0_ALL,H2,300,18,8,357.5601690757794
8Y_H2_N300_P0_ALL_seed018,P0_ALL,H2,300,18,9,1761.4928204838088
8Y_H2_N300_P0_ALL_seed018,P0_ALL,H2,300,18,10,399.53422912264887
8Y_H2_N300_P0_ALL_seed018,P0_ALL,H2,300,18,11,26.073859094741238
8Y_H2_N300_P0_ALL_seed018,P0_ALL,H2,300,18,12,268.3959710095687
8Y_H2_N300_P0_ALL_seed018,P0_ALL,H2,300,18,13,198.42536350622322
8Y_H2_N300_P0_ALL_seed018,P0_ALL,H2,300,18,14,434.03802853453635
8Y_H2_N300_P0_ALL_seed018,P0_ALL,H2,300,18,15,1009.0655464706688
8Y_H2_N300_P0_ALL_seed018,P0_ALL,H2,300,18,16,729.6297412071399
8Y_H2_N300_P3_ENERGY_seed018,P3_ENERGY,H2,300,18,1,4094.216286680504
8Y_H2_N300_P3_ENERGY_seed018,P3_ENERGY,H2,300,18,2,280.4345581858943
8Y_H2_N300_P3_ENERGY_seed018,P3_ENERGY,H2,300,18,3,536.2532621681621
8Y_H2_N300_P3_ENERGY_seed018,P3_ENERGY,H2,300,18,4,1562.4817403551033
8Y_H2_N300_P3_ENERGY_seed018,P3_ENERGY,H2,300,18,5,1761.7956927703435
8Y_H2_N300_P3_ENERGY_seed018,P3_ENERGY,H2,300,18,6,399.6202581835587
8Y_H2_N300_P4_RESERVE_seed018,P4_RESERVE,H2,300,18,1,2077.3135207428013
8Y_H2_N300_P4_RESERVE_seed018,P4_RESERVE,H2,300,18,2,468.8966726550734
8Y_H2_N300_P4_RESERVE_seed018,P4_RESERVE,H2,300,18,3,3191.5325144872468
8Y_H2_N300_P4_RESERVE_seed018,P4_RESERVE,H2,300,18,4,281.6107153468174
8Y_H2_N300_P4_RESERVE_seed018,P4_RESERVE,H2,300,18,5,536.9755963426123
8Y_H2_N300_P4_RESERVE_seed018,P4_RESERVE,H2,300,18,6,2446.9736981648903
8Y_H2_N300_POW_seed019,POW,H2,300,19,1,1452.2778683834701
8Y_H2_N300_POW_seed019,POW,H2,300,19,2,275.82559807153825
8Y_H2_N300_POW_seed019,POW,H2,300,19,3,958.1986481116132
8Y_H2_N300_POW_seed019,POW,H2,300,19,4,1227.3078306952034
8Y_H2_N300_POW_seed019,POW,H2,300,19,5,970.5455401889644
8Y_H2_N300_POW_seed019,POW,H2,300,19,6,38.14585842730503
8Y_H2_N300_POW_seed019,POW,H2,300,19,7,22.65221809214563
8Y_H2_N300_POW_seed019,POW,H2,300,19,8,1102.6196817162318
8Y_H2_N300_POW_seed019,POW,H2,300,19,9,19.153276901527533
8Y_H2_N300_POW_seed019,POW,H2,300,19,10,1245.5157398221672
8Y_H2_N300_POW_seed019,POW,H2,300,19,11,14.767431491072784
8Y_H2_N300_POW_seed019,POW,H2,300,19,12,597.4868505485829
8Y_H2_N300_POW_seed019,POW,H2,300,19,13,896.5177333066222
8Y_H2_N300_POW_seed019,POW,H2,300,19,14,182.69775890535675
8Y_H2_N300_POW_seed019,POW,H2,300,19,15,21.295077080634655
8Y_H2_N300_P0_ALL_seed019,P0_ALL,H2,300,19,1,1455.7413958017821
8Y_H2_N300_P0_ALL_seed019,P0_ALL,H2,300,19,2,275.82559807153825
8Y_H2_N300_P0_ALL_seed019,P0_ALL,H2,300,19,3,961.2587074147741
8Y_H2_N300_P0_ALL_seed019,P0_ALL,H2,300,19,4,1231.9089678358368
8Y_H2_N300_P0_ALL_seed019,P0_ALL,H2,300,19,5,973.9887729494371
8Y_H2_N300_P0_ALL_seed019,P0_ALL,H2,300,19,6,38.14585842730503
8Y_H2_N300_P0_ALL_seed019,P0_ALL,H2,300,19,7,22.65221809214563
8Y_H2_N300_P0_ALL_seed019,P0_ALL,H2,300,19,8,1106.6512907959132
8Y_H2_N300_P0_ALL_seed019,P0_ALL,H2,300,19,9,19.153276901527533
8Y_H2_N300_P0_ALL_seed019,P0_ALL,H2,300,19,10,1251.561079338975
8Y_H2_N300_P0_ALL_seed019,P0_ALL,H2,300,19,11,14.767431491072784
8Y_H2_N300_P0_ALL_seed019,P0_ALL,H2,300,19,12,597.4868505485829
8Y_H2_N300_P0_ALL_seed019,P0_ALL,H2,300,19,13,897.8222326512068
8Y_H2_N300_P0_ALL_seed019,P0_ALL,H2,300,19,14,182.69775890535675
8Y_H2_N300_P0_ALL_seed019,P0_ALL,H2,300,19,15,21.295077080634655
8Y_H2_N300_P3_ENERGY_seed019,P3_ENERGY,H2,300,19,1,1454.9787518058126
8Y_H2_N300_P3_ENERGY_seed019,P3_ENERGY,H2,300,19,2,275.82559807153825
8Y_H2_N300_P3_ENERGY_seed019,P3_ENERGY,H2,300,19,3,960.3526794833779
8Y_H2_N300_P3_ENERGY_seed019,P3_ENERGY,H2,300,19,4,2778.8037190617456
8Y_H2_N300_P3_ENERGY_seed019,P3_ENERGY,H2,300,19,5,38.20075551215996
8Y_H2_N300_P3_ENERGY_seed019,P3_ENERGY,H2,300,19,6,23.847687716853216
8Y_H2_N300_P3_ENERGY_seed019,P3_ENERGY,H2,300,19,7,1105.2700790592035
8Y_H2_N300_P3_ENERGY_seed019,P3_ENERGY,H2,300,19,8,19.181541758270214
8Y_H2_N300_P3_ENERGY_seed019,P3_ENERGY,H2,300,19,9,1822.9815864274415
8Y_H2_N300_P3_ENERGY_seed019,P3_ENERGY,H2,300,19,10,1501.149533359363
8Y_H2_N300_P4_RESERVE_seed019,P4_RESERVE,H2,300,19,1,2365.741395801782
8Y_H2_N300_P4_RESERVE_seed019,P4_RESERVE,H2,300,19,2,275.8255980715385
8Y_H2_N300_P4_RESERVE_seed019,P4_RESERVE,H2,300,19,3,1868.1880000894612
8Y_H2_N300_P4_RESERVE_seed019,P4_RESERVE,H2,300,19,4,2742.1390408522548
8Y_H2_N300_P4_RESERVE_seed019,P4_RESERVE,H2,300,19,5,370.5455401889649
8Y_H2_N300_P4_RESERVE_seed019,P4_RESERVE,H2,300,19,6,38.14585842730503
8Y_H2_N300_P4_RESERVE_seed019,P4_RESERVE,H2,300,19,7,22.65221809214563
8Y_H2_N300_P4_RESERVE_seed019,P4_RESERVE,H2,300,19,8,1712.7627870964297
8Y_H2_N300_P4_RESERVE_seed019,P4_RESERVE,H2,300,19,9,19.153276901526624
8Y_H2_N300_POW_seed020,POW,H2,300,20,1,443.34770093644795
8Y_H2_N300_POW_seed020,POW,H2,300,20,2,101.72799786348855
8Y_H2_N300_POW_seed020,POW,H2,300,20,3,1020.8424740814513
8Y_H2_N300_POW_seed020,POW,H2,300,20,4,1288.4239519646062
8Y_H2_N300_POW_seed020,POW,H2,300,20,5,160.20087900407725
8Y_H2_N300_POW_seed020,POW,H2,300,20,6,1444.0926392732204
8Y_H2_N300_POW_seed020,POW,H2,300,20,7,6.115857108341515
8Y_H2_N300_POW_seed020,POW,H2,300,20,8,3264.579926346456
8Y_H2_N300_POW_seed020,POW,H2,300,20,9,1117.0314881164368
8Y_H2_N300_POW_seed020,POW,H2,300,20,10,58.092965623574855
8Y_H2_N300_POW_seed020,POW,H2,300,20,11,1045.6331129474802
8Y_H2_N300_P0_ALL_seed020,P0_ALL,H2,300,20,1,443.34770093644795
8Y_H2_N300_P0_ALL_seed020,P0_ALL,H2,300,20,2,101.72799786348855
8Y_H2_N300_P0_ALL_seed020,P0_ALL,H2,300,20,3,1022.7219496607046
8Y_H2_N300_P0_ALL_seed020,P0_ALL,H2,300,20,4,1293.9787063266226
8Y_H2_N300_P0_ALL_seed020,P0_ALL,H2,300,20,5,160.20087900407725
8Y_H2_N300_P0_ALL_seed020,P0_ALL,H2,300,20,6,1448.9659916081273
8Y_H2_N300_P0_ALL_seed020,P0_ALL,H2,300,20,7,6.115857108341515
8Y_H2_N300_P0_ALL_seed020,P0_ALL,H2,300,20,8,3276.816590443792
8Y_H2_N300_P0_ALL_seed020,P0_ALL,H2,300,20,9,1119.536423037186
8Y_H2_N300_P0_ALL_seed020,P0_ALL,H2,300,20,10,58.092965623574855
8Y_H2_N300_P0_ALL_seed020,P0_ALL,H2,300,20,11,1049.4265785413027
8Y_H2_N300_P3_ENERGY_seed020,P3_ENERGY,H2,300,20,1,443.34770093644795
8Y_H2_N300_P3_ENERGY_seed020,P3_ENERGY,H2,300,20,2,101.72799786348855
8Y_H2_N300_P3_ENERGY_seed020,P3_ENERGY,H2,300,20,3,1022.647632634944
8Y_H2_N300_P3_ENERGY_seed020,P3_ENERGY,H2,300,20,4,1293.9787063266226
8Y_H2_N300_P3_ENERGY_seed020,P3_ENERGY,H2,300,20,5,160.20087900407725
8Y_H2_N300_P3_ENERGY_seed020,P3_ENERGY,H2,300,20,6,5682.552800362102
8Y_H2_N300_P3_ENERGY_seed020,P3_ENERGY,H2,300,20,7,1118.924003318174
8Y_H2_N300_P3_ENERGY_seed020,P3_ENERGY,H2,300,20,8,57.50863727449541
8Y_H2_N300_P4_RESERVE_seed020,P4_RESERVE,H2,300,20,1,443.34770093644795
8Y_H2_N300_P4_RESERVE_seed020,P4_RESERVE,H2,300,20,2,101.72799786348855
8Y_H2_N300_P4_RESERVE_seed020,P4_RESERVE,H2,300,20,3,1930.1294324524083
8Y_H2_N300_P4_RESERVE_seed020,P4_RESERVE,H2,300,20,4,2200.8428287577904
8Y_H2_N300_P4_RESERVE_seed020,P4_RESERVE,H2,300,20,5,160.20087900407725
8Y_H2_N300_P4_RESERVE_seed020,P4_RESERVE,H2,300,20,6,4164.082244866268
8Y_H2_N300_P4_RESERVE_seed020,P4_RESERVE,H2,300,20,7,615.9369144465109
8Y_H2_N300_POW_seed021,POW,H2,300,21,1,621.1477004283123
8Y_H2_N300_POW_seed021,POW,H2,300,21,2,537.3102964532428
8Y_H2_N300_POW_seed021,POW,H2,300,21,3,253.76893251845058
8Y_H2_N300_POW_seed021,POW,H2,300,21,4,523.9551693983208
8Y_H2_N300_POW_seed021,POW,H2,300,21,5,263.6842014622739
8Y_H2_N300_POW_seed021,POW,H2,300,21,6,129.39138271269712
8Y_H2_N300_POW_seed021,POW,H2,300,21,7,110.47854366983665
8Y_H2_N300_POW_seed021,POW,H2,300,21,8,1980.0758189828698
8Y_H2_N300_POW_seed021,POW,H2,300,21,9,562.7677241004221
8Y_H2_N300_POW_seed021,POW,H2,300,21,10,53.60542550363334
8Y_H2_N300_POW_seed021,POW,H2,300,21,11,53.34995993961638
8Y_H2_N300_POW_seed021,POW,H2,300,21,12,861.3380967875582
8Y_H2_N300_POW_seed021,POW,H2,300,21,13,167.46466170806616
8Y_H2_N300_POW_seed021,POW,H2,300,21,14,613.8427285527086
8Y_H2_N300_POW_seed021,POW,H2,300,21,15,115.53047857138063
8Y_H2_N300_POW_seed021,POW,H2,300,21,16,1208.132563717676
8Y_H2_N300_POW_seed021,POW,H2,300,21,17,1649.1851477974715
8Y_H2_N300_P0_ALL_seed021,P0_ALL,H2,300,21,1,622.0821345102042
8Y_H2_N300_P0_ALL_seed021,P0_ALL,H2,300,21,2,537.3102964532429
8Y_H2_N300_P0_ALL_seed021,P0_ALL,H2,300,21,3,253.76893251845058
8Y_H2_N300_P0_ALL_seed021,P0_ALL,H2,300,21,4,523.9551693983208
8Y_H2_N300_P0_ALL_seed021,P0_ALL,H2,300,21,5,263.6842014622739
8Y_H2_N300_P0_ALL_seed021,P0_ALL,H2,300,21,6,129.39138271269712
8Y_H2_N300_P0_ALL_seed021,P0_ALL,H2,300,21,7,110.47854366983665
8Y_H2_N300_P0_ALL_seed021,P0_ALL,H2,300,21,8,1987.313077390727
8Y_H2_N300_P0_ALL_seed021,P0_ALL,H2,300,21,9,562.7677241004221
8Y_H2_N300_P0_ALL_seed021,P0_ALL,H2,300,21,10,53.60542550363334
8Y_H2_N300_P0_ALL_seed021,P0_ALL,H2,300,21,11,53.34995993961638
8Y_H2_N300_P0_ALL_seed021,P0_ALL,H2,300,21,12,864.3913917680038
8Y_H2_N300_P0_ALL_seed021,P0_ALL,H2,300,21,13,167.46466170806616
8Y_H2_N300_P0_ALL_seed021,P0_ALL,H2,300,21,14,615.8761687455435
8Y_H2_N300_P0_ALL_seed021,P0_ALL,H2,300,21,15,115.53047857138063
8Y_H2_N300_P0_ALL_seed021,P0_ALL,H2,300,21,16,1214.056072037647
8Y_H2_N300_P0_ALL_seed021,P0_ALL,H2,300,21,17,1655.6129895910935
8Y_H2_N300_P3_ENERGY_seed021,P3_ENERGY,H2,300,21,1,622.0821345102042
8Y_H2_N300_P3_ENERGY_seed021,P3_ENERGY,H2,300,21,2,537.3102964532429
8Y_H2_N300_P3_ENERGY_seed021,P3_ENERGY,H2,300,21,3,253.76893251845058
8Y_H2_N300_P3_ENERGY_seed021,P3_ENERGY,H2,300,21,4,866.1196663181768
8Y_H2_N300_P3_ENERGY_seed021,P3_ENERGY,H2,300,21,5,129.46130398419064
8Y_H2_N300_P3_ENERGY_seed021,P3_ENERGY,H2,300,21,6,2590.0291387761804
8Y_H2_N300_P3_ENERGY_seed021,P3_ENERGY,H2,300,21,7,657.5551596697178
8Y_H2_N300_P3_ENERGY_seed021,P3_ENERGY,H2,300,21,8,446.17847438364606
8Y_H2_N300_P3_ENERGY_seed021,P3_ENERGY,H2,300,21,9,862.653752437709
8Y_H2_N300_P3_ENERGY_seed021,P3_ENERGY,H2,300,21,10,165.86750389795998
8Y_H2_N300_P3_ENERGY_seed021,P3_ENERGY,H2,300,21,11,614.8435187617788
8Y_H2_N300_P3_ENERGY_seed021,P3_ENERGY,H2,300,21,12,115.44637797110863
8Y_H2_N300_P3_ENERGY_seed021,P3_ENERGY,H2,300,21,13,1212.111036774615
8Y_H2_N300_P4_RESERVE_seed021,P4_RESERVE,H2,300,21,1,1532.082134510204
8Y_H2_N300_P4_RESERVE_seed021,P4_RESERVE,H2,300,21,2,537.3102964532427
8Y_H2_N300_P4_RESERVE_seed021,P4_RESERVE,H2,300,21,3,253.76893251845013
8Y_H2_N300_P4_RESERVE_seed021,P4_RESERVE,H2,300,21,4,1773.5703866381182
8Y_H2_N300_P4_RESERVE_seed021,P4_RESERVE,H2,300,21,5,129.46130398419064
8Y_H2_N300_P4_RESERVE_seed021,P4_RESERVE,H2,300,21,6,1943.6013042292243
8Y_H2_N300_P4_RESERVE_seed021,P4_RESERVE,H2,300,21,7,420.1907044505597
8Y_H2_N300_P4_RESERVE_seed021,P4_RESERVE,H2,300,21,8,881.5407851727496
8Y_H2_N300_P4_RESERVE_seed021,P4_RESERVE,H2,300,21,9,179.71871461630963
8Y_H2_N300_P4_RESERVE_seed021,P4_RESERVE,H2,300,21,10,1563.873123783107
8Y_H2_N300_P4_RESERVE_seed021,P4_RESERVE,H2,300,21,11,445.1599515098151
8Y_H2_N300_POW_seed022,POW,H2,300,22,1,289.2256559915904
8Y_H2_N300_POW_seed022,POW,H2,300,22,2,281.27993118129535
8Y_H2_N300_POW_seed022,POW,H2,300,22,3,436.08947483732595
8Y_H2_N300_POW_seed022,POW,H2,300,22,4,328.80016477532354
8Y_H2_N300_POW_seed022,POW,H2,300,22,5,714.6249247381825
8Y_H2_N300_POW_seed022,POW,H2,300,22,6,89.75049869271652
8Y_H2_N300_POW_seed022,POW,H2,300,22,7,167.14008061952018
8Y_H2_N300_POW_seed022,POW,H2,300,22,8,585.2522764903979
8Y_H2_N300_POW_seed022,POW,H2,300,22,9,271.42484268859107
8Y_H2_N300_POW_seed022,POW,H2,300,22,10,412.48472333871314
8Y_H2_N300_POW_seed022,POW,H2,300,22,11,790.8982027574402
8Y_H2_N300_POW_seed022,POW,H2,300,22,12,427.5084430143552
8Y_H2_N300_POW_seed022,POW,H2,300,22,13,990.9244765826306
8Y_H2_N300_POW_seed022,POW,H2,300,22,14,221.01326603262987
8Y_H2_N300_POW_seed022,POW,H2,300,22,15,524.3649100881494
8Y_H2_N300_POW_seed022,POW,H2,300,22,16,144.97501073163403
8Y_H2_N300_POW_seed022,POW,H2,300,22,17,1952.2833741691593
8Y_H2_N300_POW_seed022,POW,H2,300,22,18,1178.691529270267
8Y_H2_N300_P0_ALL_seed022,P0_ALL,H2,300,22,1,289.2256559915904
8Y_H2_N300_P0_ALL_seed022,P0_ALL,H2,300,22,2,281.27993118129535
8Y_H2_N300_P0_ALL_seed022,P0_ALL,H2,300,22,3,436.08947483732595
8Y_H2_N300_P0_ALL_seed022,P0_ALL,H2,300,22,4,328.80016477532354
8Y_H2_N300_P0_ALL_seed022,P0_ALL,H2,300,22,5,717.5217939231306
8Y_H2_N300_P0_ALL_seed022,P0_ALL,H2,300,22,6,89.75049869271652
8Y_H2_N300_P0_ALL_seed022,P0_ALL,H2,300,22,7,167.14008061952018
8Y_H2_N300_P0_ALL_seed022,P0_ALL,H2,300,22,8,585.2522764903979
8Y_H2_N300_P0_ALL_seed022,P0_ALL,H2,300,22,9,271.42484268859107
8Y_H2_N300_P0_ALL_seed022,P0_ALL,H2,300,22,10,412.4847233387136
8Y_H2_N300_P0_ALL_seed022,P0_ALL,H2,300,22,11,793.9718423490849
8Y_H2_N300_P0_ALL_seed022,P0_ALL,H2,300,22,12,427.5084430143552
8Y_H2_N300_P0_ALL_seed022,P0_ALL,H2,300,22,13,993.0571826156074
8Y_H2_N300_P0_ALL_seed022,P0_ALL,H2,300,22,14,221.01326603262987
8Y_H2_N300_P0_ALL_seed022,P0_ALL,H2,300,22,15,524.3649100881494
8Y_H2_N300_P0_ALL_seed022,P0_ALL,H2,300,22,16,144.97501073163403
8Y_H2_N300_P0_ALL_seed022,P0_ALL,H2,300,22,17,1959.4173785193643
8Y_H2_N300_P0_ALL_seed022,P0_ALL,H2,300,22,18,1180.9150656850325
8Y_H2_N300_P3_ENERGY_seed022,P3_ENERGY,H2,300,22,1,968.136407554425
8Y_H2_N300_P3_ENERGY_seed022,P3_ENERGY,H2,300,22,2,931.3396488970875
8Y_H2_N300_P3_ENERGY_seed022,P3_ENERGY,H2,300,22,3,716.3402232277965
8Y_H2_N300_P3_ENERGY_seed022,P3_ENERGY,H2,300,22,4,89.86473916642944
8Y_H2_N300_P3_ENERGY_seed022,P3_ENERGY,H2,300,22,5,166.95939701716316
8Y_H2_N300_P3_ENERGY_seed022,P3_ENERGY,H2,300,22,6,585.6190029984227
8Y_H2_N300_P3_ENERGY_seed022,P3_ENERGY,H2,300,22,7,271.5773917110778
8Y_H2_N300_P3_ENERGY_seed022,P3_ENERGY,H2,300,22,8,412.566597020028
8Y_H2_N300_P3_ENERGY_seed022,P3_ENERGY,H2,300,22,9,1630.0847645852173
8Y_H2_N300_P3_ENERGY_seed022,P3_ENERGY,H2,300,22,10,1425.7233752153206
8Y_H2_N300_P3_ENERGY_seed022,P3_ENERGY,H2,300,22,11,524.8113869065901
8Y_H2_N300_P4_RESERVE_seed022,P4_RESERVE,H2,300,22,1,899.2256559915904
8Y_H2_N300_P4_RESERVE_seed022,P4_RESERVE,H2,300,22,2,367.6615322177654
8Y_H2_N300_P4_RESERVE_seed022,P4_RESERVE,H2,300,22,3,1791.6699357534558
8Y_H2_N300_P4_RESERVE_seed022,P4_RESERVE,H2,300,22,4,1345.9155083063615
8Y_H2_N300_P4_RESERVE_seed022,P4_RESERVE,H2,300,22,5,114.62492473818202
8Y_H2_N300_P4_RESERVE_seed022,P4_RESERVE,H2,300,22,6,89.75049869271606
8Y_H2_N300_P4_RESERVE_seed022,P4_RESERVE,H2,300,22,7,167.14008061952063
8Y_H2_N300_P4_RESERVE_seed022,P4_RESERVE,H2,300,22,8,585.2522764903979
8Y_H2_N300_P4_RESERVE_seed022,P4_RESERVE,H2,300,22,9,271.4248426885906
8Y_H2_N300_P4_RESERVE_seed022,P4_RESERVE,H2,300,22,10,412.4847233387136
8Y_H2_N300_P4_RESERVE_seed022,P4_RESERVE,H2,300,22,11,2538.609144505349
8Y_H2_N300_POW_seed023,POW,H2,300,23,1,700.9289774303111
8Y_H2_N300_POW_seed023,POW,H2,300,23,2,90.93216315684731
8Y_H2_N300_POW_seed023,POW,H2,300,23,3,2046.7629413998175
8Y_H2_N300_POW_seed023,POW,H2,300,23,4,1677.9206842723293
8Y_H2_N300_POW_seed023,POW,H2,300,23,5,372.87843033494573
8Y_H2_N300_POW_seed023,POW,H2,300,23,6,6.778685971235973
8Y_H2_N300_POW_seed023,POW,H2,300,23,7,290.6593897715902
8Y_H2_N300_POW_seed023,POW,H2,300,23,8,299.4738143768809
8Y_H2_N300_POW_seed023,POW,H2,300,23,9,25.377620645997922
8Y_H2_N300_POW_seed023,POW,H2,300,23,10,354.13363313320133
8Y_H2_N300_POW_seed023,POW,H2,300,23,11,756.0121403798712
8Y_H2_N300_POW_seed023,POW,H2,300,23,12,580.3855693709984
8Y_H2_N300_POW_seed023,POW,H2,300,23,13,781.4057249719881
8Y_H2_N300_POW_seed023,POW,H2,300,23,14,196.66319365907202
8Y_H2_N300_POW_seed023,POW,H2,300,23,15,1450.668801856853
8Y_H2_N300_P0_ALL_seed023,P0_ALL,H2,300,23,1,701.9193659460068
8Y_H2_N300_P0_ALL_seed023,P0_ALL,H2,300,23,2,90.93216315684731
8Y_H2_N300_P0_ALL_seed023,P0_ALL,H2,300,23,3,2056.910797043205
8Y_H2_N300_P0_ALL_seed023,P0_ALL,H2,300,23,4,1681.9834847732022
8Y_H2_N300_P0_ALL_seed023,P0_ALL,H2,300,23,5,372.87843033494573
8Y_H2_N300_P0_ALL_seed023,P0_ALL,H2,300,23,6,6.778685971235973
8Y_H2_N300_P0_ALL_seed023,P0_ALL,H2,300,23,7,290.6593897715902
8Y_H2_N300_P0_ALL_seed023,P0_ALL,H2,300,23,8,299.4738143768809
8Y_H2_N300_P0_ALL_seed023,P0_ALL,H2,300,23,9,25.377620645997922
8Y_H2_N300_P0_ALL_seed023,P0_ALL,H2,300,23,10,354.13363313320133
8Y_H2_N300_P0_ALL_seed023,P0_ALL,H2,300,23,11,758.8544699874856
8Y_H2_N300_P0_ALL_seed023,P0_ALL,H2,300,23,12,580.3855693709984
8Y_H2_N300_P0_ALL_seed023,P0_ALL,H2,300,23,13,783.5573784795743
8Y_H2_N300_P0_ALL_seed023,P0_ALL,H2,300,23,14,196.66319365907202
8Y_H2_N300_P0_ALL_seed023,P0_ALL,H2,300,23,15,1455.7261113912482
8Y_H2_N300_P3_ENERGY_seed023,P3_ENERGY,H2,300,23,1,1047.2316894427743
8Y_H2_N300_P3_ENERGY_seed023,P3_ENERGY,H2,300,23,2,390.27475011477395
8Y_H2_N300_P3_ENERGY_seed023,P3_ENERGY,H2,300,23,3,2056.6657801428837
8Y_H2_N300_P3_ENERGY_seed023,P3_ENERGY,H2,300,23,4,1681.4865278800398
8Y_H2_N300_P3_ENERGY_seed023,P3_ENERGY,H2,300,23,5,372.87843033494573
8Y_H2_N300_P3_ENERGY_seed023,P3_ENERGY,H2,300,23,6,892.4318903220192
8Y_H2_N300_P3_ENERGY_seed023,P3_ENERGY,H2,300,23,7,626.9599490403125
8Y_H2_N300_P3_ENERGY_seed023,P3_ENERGY,H2,300,23,8,354.1266739859848
8Y_H2_N300_P4_RESERVE_seed023,P4_RESERVE,H2,300,23,1,1611.9193659460068
8Y_H2_N300_P4_RESERVE_seed023,P4_RESERVE,H2,300,23,2,390.27475011477395
8Y_H2_N300_P4_RESERVE_seed023,P4_RESERVE,H2,300,23,3,700.7522536438651
8Y_H2_N300_P4_RESERVE_seed023,P4_RESERVE,H2,300,23,4,2359.545955448313
8Y_H2_N300_P4_RESERVE_seed023,P4_RESERVE,H2,300,23,5,2590.8817301251693
8Y_H2_N300_P4_RESERVE_seed023,P4_RESERVE,H2,300,23,6,372.95294031882895
8Y_H2_N300_P4_RESERVE_seed023,P4_RESERVE,H2,300,23,7,730.2308694967705
8Y_H2_N300_P4_RESERVE_seed023,P4_RESERVE,H2,300,23,8,290.283357539045
8Y_H2_N300_POW_seed024,POW,H2,300,24,1,1086.2552172849278
8Y_H2_N300_POW_seed024,POW,H2,300,24,2,293.9281491667234
8Y_H2_N300_POW_seed024,POW,H2,300,24,3,432.50363056471724
8Y_H2_N300_POW_seed024,POW,H2,300,24,4,292.08758310067196
8Y_H2_N300_POW_seed024,POW,H2,300,24,5,151.2610037708455
8Y_H2_N300_POW_seed024,POW,H2,300,24,6,2240.8721673184846
8Y_H2_N300_POW_seed024,POW,H2,300,24,7,94.91205309791712
8Y_H2_N300_POW_seed024,POW,H2,300,24,8,44.05057522676816
8Y_H2_N300_POW_seed024,POW,H2,300,24,9,256.1374714931326
8Y_H2_N300_POW_seed024,POW,H2,300,24,10,474.8198038549872
8Y_H2_N300_POW_seed024,POW,H2,300,24,11,1898.4110739295975
8Y_H2_N300_POW_seed024,POW,H2,300,24,12,213.97514070872603
8Y_H2_N300_POW_seed024,POW,H2,300,24,13,523.2034366292446
8Y_H2_N300_POW_seed024,POW,H2,300,24,14,522.3688478987197
8Y_H2_N300_POW_seed024,POW,H2,300,24,15,336.99699134255025
8Y_H2_N300_P0_ALL_seed024,P0_ALL,H2,300,24,1,1086.6449822247705
8Y_H2_N300_P0_ALL_seed024,P0_ALL,H2,300,24,2,293.9281491667234
8Y_H2_N300_P0_ALL_seed024,P0_ALL,H2,300,24,3,432.50363056471724
8Y_H2_N300_P0_ALL_seed024,P0_ALL,H2,300,24,4,292.08758310067196
8Y_H2_N300_P0_ALL_seed024,P0_ALL,H2,300,24,5,151.2610037708455
8Y_H2_N300_P0_ALL_seed024,P0_ALL,H2,300,24,6,2248.654587517615
8Y_H2_N300_P0_ALL_seed024,P0_ALL,H2,300,24,7,94.91205309791712
8Y_H2_N300_P0_ALL_seed024,P0_ALL,H2,300,24,8,44.05057522676816
8Y_H2_N300_P0_ALL_seed024,P0_ALL,H2,300,24,9,256.1374714931326
8Y_H2_N300_P0_ALL_seed024,P0_ALL,H2,300,24,10,474.8198038549872
8Y_H2_N300_P0_ALL_seed024,P0_ALL,H2,300,24,11,1904.9664168996105
8Y_H2_N300_P0_ALL_seed024,P0_ALL,H2,300,24,12,213.97514070872603
8Y_H2_N300_P0_ALL_seed024,P0_ALL,H2,300,24,13,523.2034366292446
8Y_H2_N300_P0_ALL_seed024,P0_ALL,H2,300,24,14,522.3688478987197
8Y_H2_N300_P0_ALL_seed024,P0_ALL,H2,300,24,15,336.99699134255025
8Y_H2_N300_P3_ENERGY_seed024,P3_ENERGY,H2,300,24,1,1497.2770231088425
8Y_H2_N300_P3_ENERGY_seed024,P3_ENERGY,H2,300,24,2,431.2519762046709
8Y_H2_N300_P3_ENERGY_seed024,P3_ENERGY,H2,300,24,3,291.73984292350997
8Y_H2_N300_P3_ENERGY_seed024,P3_ENERGY,H2,300,24,4,151.15204957991773
8Y_H2_N300_P3_ENERGY_seed024,P3_ENERGY,H2,300,24,5,2248.6776137753027
8Y_H2_N300_P3_ENERGY_seed024,P3_ENERGY,H2,300,24,6,536.2191721930931
8Y_H2_N300_P3_ENERGY_seed024,P3_ENERGY,H2,300,24,7,1679.1758561557308
8Y_H2_N300_P3_ENERGY_seed024,P3_ENERGY,H2,300,24,8,1904.4504506298963
8Y_H2_N300_P3_ENERGY_seed024,P3_ENERGY,H2,300,24,9,214.24020551486865
8Y_H2_N300_P3_ENERGY_seed024,P3_ENERGY,H2,300,24,10,523.6130288022268
8Y_H2_N300_P3_ENERGY_seed024,P3_ENERGY,H2,300,24,11,521.9573042894535
8Y_H2_N300_P4_RESERVE_seed024,P4_RESERVE,H2,300,24,1,1996.6449822247705
8Y_H2_N300_P4_RESERVE_seed024,P4_RESERVE,H2,300,24,2,293.9281491667234
8Y_H2_N300_P4_RESERVE_seed024,P4_RESERVE,H2,300,24,3,432.50363056471724
8Y_H2_N300_P4_RESERVE_seed024,P4_RESERVE,H2,300,24,4,292.08758310067196
8Y_H2_N300_P4_RESERVE_seed024,P4_RESERVE,H2,300,24,5,151.2610037708455
8Y_H2_N300_P4_RESERVE_seed024,P4_RESERVE,H2,300,24,6,2362.452470628102
8Y_H2_N300_P4_RESERVE_seed024,P4_RESERVE,H2,300,24,7,440.5870117187733
8Y_H2_N300_P4_RESERVE_seed024,P4_RESERVE,H2,300,24,8,535.3824294450405
8Y_H2_N300_P4_RESERVE_seed024,P4_RESERVE,H2,300,24,9,2587.8682347105805
8Y_H2_N300_P4_RESERVE_seed024,P4_RESERVE,H2,300,24,10,353.73879886253235
8Y_H2_N300_POW_seed025,POW,H2,300,25,1,913.7554167843855
8Y_H2_N300_POW_seed025,POW,H2,300,25,2,456.4826184905028
8Y_H2_N300_POW_seed025,POW,H2,300,25,3,283.18104382176034
8Y_H2_N300_POW_seed025,POW,H2,300,25,4,325.60867896287914
8Y_H2_N300_POW_seed025,POW,H2,300,25,5,703.2487300077053
8Y_H2_N300_POW_seed025,POW,H2,300,25,6,697.3440217661441
8Y_H2_N300_POW_seed025,POW,H2,300,25,7,237.56078198827026
8Y_H2_N300_POW_seed025,POW,H2,300,25,8,183.38452243221946
8Y_H2_N300_POW_seed025,POW,H2,300,25,9,148.86001521411026
8Y_H2_N300_POW_seed025,POW,H2,300,25,10,511.9446650364757
8Y_H2_N300_POW_seed025,POW,H2,300,25,11,1240.9673256449178
8Y_H2_N300_POW_seed025,POW,H2,300,25,12,97.28574158386073
8Y_H2_N300_POW_seed025,POW,H2,300,25,13,98.15891643490704
8Y_H2_N300_POW_seed025,POW,H2,300,25,14,117.69558786249945
8Y_H2_N300_POW_seed025,POW,H2,300,25,15,105.57583852708194
8Y_H2_N300_POW_seed025,POW,H2,300,25,16,938.7592064006049
8Y_H2_N300_POW_seed025,POW,H2,300,25,17,379.91975167682176
8Y_H2_N300_POW_seed025,POW,H2,300,25,18,1614.9398032076497
8Y_H2_N300_POW_seed025,POW,H2,300,25,19,326.7495323788553
8Y_H2_N300_POW_seed025,POW,H2,300,25,20,113.80960582563057
8Y_H2_N300_POW_seed025,POW,H2,300,25,21,16.027137118151586
8Y_H2_N300_P0_ALL_seed025,P0_ALL,H2,300,25,1,913.8487036699169
8Y_H2_N300_P0_ALL_seed025,P0_ALL,H2,300,25,2,456.4826184905028
8Y_H2_N300_P0_ALL_seed025,P0_ALL,H2,300,25,3,283.18104382176057
8Y_H2_N300_P0_ALL_seed025,P0_ALL,H2,300,25,4,325.60867896287914
8Y_H2_N300_P0_ALL_seed025,P0_ALL,H2,300,25,5,705.6623296847176
8Y_H2_N300_P0_ALL_seed025,P0_ALL,H2,300,25,6,700.2185098543969
8Y_H2_N300_P0_ALL_seed025,P0_ALL,H2,300,25,7,237.56078198827026
8Y_H2_N300_P0_ALL_seed025,P0_ALL,H2,300,25,8,183.38452243221946
8Y_H2_N300_P0_ALL_seed025,P0_ALL,H2,300,25,9,148.86001521411026
8Y_H2_N300_P0_ALL_seed025,P0_ALL,H2,300,25,10,511.9446650364757
8Y_H2_N300_P0_ALL_seed025,P0_ALL,H2,300,25,11,1247.7005844440955
8Y_H2_N300_P0_ALL_seed025,P0_ALL,H2,300,25,12,97.28574158386073
8Y_H2_N300_P0_ALL_seed025,P0_ALL,H2,300,25,13,98.15891643490704
8Y_H2_N300_P0_ALL_seed025,P0_ALL,H2,300,25,14,117.69558786249945
8Y_H2_N300_P0_ALL_seed025,P0_ALL,H2,300,25,15,105.57583852708194
8Y_H2_N300_P0_ALL_seed025,P0_ALL,H2,300,25,16,940.6513762503264
8Y_H2_N300_P0_ALL_seed025,P0_ALL,H2,300,25,17,379.91975167682176
8Y_H2_N300_P0_ALL_seed025,P0_ALL,H2,300,25,18,1618.8653356047298
8Y_H2_N300_P0_ALL_seed025,P0_ALL,H2,300,25,19,326.7495323788553
8Y_H2_N300_P0_ALL_seed025,P0_ALL,H2,300,25,20,113.80960582563057
8Y_H2_N300_P0_ALL_seed025,P0_ALL,H2,300,25,21,16.027137118151586
8Y_H2_N300_P3_ENERGY_seed025,P3_ENERGY,H2,300,25,1,1659.0981180469244
8Y_H2_N300_P3_ENERGY_seed025,P3_ENERGY,H2,300,25,2,1909.9362200798041
8Y_H2_N300_P3_ENERGY_seed025,P3_ENERGY,H2,300,25,3,699.7239769126481
8Y_H2_N300_P3_ENERGY_seed025,P3_ENERGY,H2,300,25,4,237.6823480666808
8Y_H2_N300_P3_ENERGY_seed025,P3_ENERGY,H2,300,25,5,183.57883978477093
8Y_H2_N300_P3_ENERGY_seed025,P3_ENERGY,H2,300,25,6,148.42845625921382
8Y_H2_N300_P3_ENERGY_seed025,P3_ENERGY,H2,300,25,7,1848.2475106665715
8Y_H2_N300_P3_ENERGY_seed025,P3_ENERGY,H2,300,25,8,97.67146351431984
8Y_H2_N300_P3_ENERGY_seed025,P3_ENERGY,H2,300,25,9,98.22850538983312
8Y_H2_N300_P3_ENERGY_seed025,P3_ENERGY,H2,300,25,10,707.8917337518842
8Y_H2_N300_P3_ENERGY_seed025,P3_ENERGY,H2,300,25,11,942.8751545994946
8Y_H2_N300_P4_RESERVE_seed025,P4_RESERVE,H2,300,25,1,1823.8487036699169
8Y_H2_N300_P4_RESERVE_seed025,P4_RESERVE,H2,300,25,2,456.48261849050255
8Y_H2_N300_P4_RESERVE_seed025,P4_RESERVE,H2,300,25,3,1793.1234910878734
8Y_H2_N300_P4_RESERVE_seed025,P4_RESERVE,H2,300,25,4,1613.3407671564714
8Y_H2_N300_P4_RESERVE_seed025,P4_RESERVE,H2,300,25,5,980.2208610439984
8Y_H2_N300_P4_RESERVE_seed025,P4_RESERVE,H2,300,25,6,97.34402176614458
8Y_H2_N300_P4_RESERVE_seed025,P4_RESERVE,H2,300,25,7,237.5607819882698
8Y_H2_N300_P4_RESERVE_seed025,P4_RESERVE,H2,300,25,8,183.38452243221946
8Y_H2_N300_P4_RESERVE_seed025,P4_RESERVE,H2,300,25,9,148.8600152141098
8Y_H2_N300_P4_RESERVE_seed025,P4_RESERVE,H2,300,25,10,1972.350597555711
8Y_H2_N300_POW_seed026,POW,H2,300,26,1,445.36433557974124
8Y_H2_N300_POW_seed026,POW,H2,300,26,2,1947.644872421421
8Y_H2_N300_POW_seed026,POW,H2,300,26,3,1029.0565565876946
8Y_H2_N300_POW_seed026,POW,H2,300,26,4,481.5310414596461
8Y_H2_N300_POW_seed026,POW,H2,300,26,5,931.1088532836993
8Y_H2_N300_POW_seed026,POW,H2,300,26,6,122.03482380651258
8Y_H2_N300_POW_seed026,POW,H2,300,26,7,419.050161710471
8Y_H2_N300_POW_seed026,POW,H2,300,26,8,476.82424334489406
8Y_H2_N300_POW_seed026,POW,H2,300,26,9,112.42910640038644
8Y_H2_N300_POW_seed026,POW,H2,300,26,10,301.3870391961809
8Y_H2_N300_POW_seed026,POW,H2,300,26,11,153.93847450076737
8Y_H2_N300_POW_seed026,POW,H2,300,26,12,128.5863190898126
8Y_H2_N300_POW_seed026,POW,H2,300,26,13,25.037654233241483
8Y_H2_N300_POW_seed026,POW,H2,300,26,14,298.7130113160556
8Y_H2_N300_POW_seed026,POW,H2,300,26,15,293.44143848096155
8Y_H2_N300_POW_seed026,POW,H2,300,26,16,1459.9071591640113
8Y_H2_N300_P0_ALL_seed026,P0_ALL,H2,300,26,1,445.36433557974124
8Y_H2_N300_P0_ALL_seed026,P0_ALL,H2,300,26,2,1955.6965801815518
8Y_H2_N300_P0_ALL_seed026,P0_ALL,H2,300,26,3,1031.253010131964
8Y_H2_N300_P0_ALL_seed026,P0_ALL,H2,300,26,4,481.5310414596461
8Y_H2_N300_P0_ALL_seed026,P0_ALL,H2,300,26,5,933.6615120492361
8Y_H2_N300_P0_ALL_seed026,P0_ALL,H2,300,26,6,122.03482380651258
8Y_H2_N300_P0_ALL_seed026,P0_ALL,H2,300,26,7,419.050161710471
8Y_H2_N300_P0_ALL_seed026,P0_ALL,H2,300,26,8,476.82424334489406
8Y_H2_N300_P0_ALL_seed026,P0_ALL,H2,300,26,9,112.42910640038644
8Y_H2_N300_P0_ALL_seed026,P0_ALL,H2,300,26,10,301.3870391961809
8Y_H2_N300_P0_ALL_seed026,P0_ALL,H2,300,26,11,153.93847450076737
8Y_H2_N300_P0_ALL_seed026,P0_ALL,H2,300,26,12,128.5863190898126
8Y_H2_N300_P0_ALL_seed026,P0_ALL,H2,300,26,13,25.037654233241483
8Y_H2_N300_P0_ALL_seed026,P0_ALL,H2,300,26,14,298.7130113160556
8Y_H2_N300_P0_ALL_seed026,P0_ALL,H2,300,26,15,293.44143848096155
8Y_H2_N300_P0_ALL_seed026,P0_ALL,H2,300,26,16,1465.8714505698463
8Y_H2_N300_P3_ENERGY_seed026,P3_ENERGY,H2,300,26,1,445.36433557974124
8Y_H2_N300_P3_ENERGY_seed026,P3_ENERGY,H2,300,26,2,1955.6965801815518
8Y_H2_N300_P3_ENERGY_seed026,P3_ENERGY,H2,300,26,3,1031.253010131964
8Y_H2_N300_P3_ENERGY_seed026,P3_ENERGY,H2,300,26,4,481.5310414596461
8Y_H2_N300_P3_ENERGY_seed026,P3_ENERGY,H2,300,26,5,933.6615120492361
8Y_H2_N300_P3_ENERGY_seed026,P3_ENERGY,H2,300,26,6,122.03482380651258
8Y_H2_N300_P3_ENERGY_seed026,P3_ENERGY,H2,300,26,7,1317.9378019446467
8Y_H2_N300_P3_ENERGY_seed026,P3_ENERGY,H2,300,26,8,302.01968933785884
8Y_H2_N300_P3_ENERGY_seed026,P3_ENERGY,H2,300,26,9,154.65147407070253
8Y_H2_N300_P3_ENERGY_seed026,P3_ENERGY,H2,300,26,10,626.2533285559921
8Y_H2_N300_P3_ENERGY_seed026,P3_ENERGY,H2,300,26,11,297.5228607386871
8Y_H2_N300_P3_ENERGY_seed026,P3_ENERGY,H2,300,26,12,293.2801512191063
8Y_H2_N300_P3_ENERGY_seed026,P3_ENERGY,H2,300,26,13,1467.1739578169545
8Y_H2_N300_P4_RESERVE_seed026,P4_RESERVE,H2,300,26,1,445.36433557974124
8Y_H2_N300_P4_RESERVE_seed026,P4_RESERVE,H2,300,26,2,2862.9289305858333
8Y_H2_N300_P4_RESERVE_seed026,P4_RESERVE,H2,300,26,3,1938.9684787308693
8Y_H2_N300_P4_RESERVE_seed026,P4_RESERVE,H2,300,26,4,481.53104145964517
8Y_H2_N300_P4_RESERVE_seed026,P4_RESERVE,H2,300,26,5,1841.0326342285452
8Y_H2_N300_P4_RESERVE_seed026,P4_RESERVE,H2,300,26,6,122.03482380651258
8Y_H2_N300_P4_RESERVE_seed026,P4_RESERVE,H2,300,26,7,1918.5699412528202
8Y_H2_N300_P4_RESERVE_seed026,P4_RESERVE,H2,300,26,8,111.94387813499452
8Y_H2_N300_POW_seed027,POW,H2,300,27,1,1820.9971341568935
8Y_H2_N300_POW_seed027,POW,H2,300,27,2,1096.1066545677036
8Y_H2_N300_POW_seed027,POW,H2,300,27,3,1401.3590738412481
8Y_H2_N300_POW_seed027,POW,H2,300,27,4,120.32806639112368
8Y_H2_N300_POW_seed027,POW,H2,300,27,5,632.9799405437516
8Y_H2_N300_POW_seed027,POW,H2,300,27,6,1092.661890703429
8Y_H2_N300_POW_seed027,POW,H2,300,27,7,131.96052077640525
8Y_H2_N300_POW_seed027,POW,H2,300,27,8,142.92689127189897
8Y_H2_N300_POW_seed027,POW,H2,300,27,9,1484.7726485662915
8Y_H2_N300_POW_seed027,POW,H2,300,27,10,1302.5126076382403
8Y_H2_N300_P0_ALL_seed027,P0_ALL,H2,300,27,1,1825.8785565956882
8Y_H2_N300_P0_ALL_seed027,P0_ALL,H2,300,27,2,1099.9963437043943
8Y_H2_N300_P0_ALL_seed027,P0_ALL,H2,300,27,3,1406.1837264340697
8Y_H2_N300_P0_ALL_seed027,P0_ALL,H2,300,27,4,120.32806639112368
8Y_H2_N300_P0_ALL_seed027,P0_ALL,H2,300,27,5,634.4628053749166
8Y_H2_N300_P0_ALL_seed027,P0_ALL,H2,300,27,6,1096.1988908801695
8Y_H2_N300_P0_ALL_seed027,P0_ALL,H2,300,27,7,131.96052077640525
8Y_H2_N300_P0_ALL_seed027,P0_ALL,H2,300,27,8,142.92689127189897
8Y_H2_N300_P0_ALL_seed027,P0_ALL,H2,300,27,9,1490.4165481579448
8Y_H2_N300_P0_ALL_seed027,P0_ALL,H2,300,27,10,1306.8413701385625
8Y_H2_N300_P3_ENERGY_seed027,P3_ENERGY,H2,300,27,1,1825.6022887134259
8Y_H2_N300_P3_ENERGY_seed027,P3_ENERGY,H2,300,27,2,1098.7422425118962
8Y_H2_N300_P3_ENERGY_seed027,P3_ENERGY,H2,300,27,3,1406.0734508887158
8Y_H2_N300_P3_ENERGY_seed027,P3_ENERGY,H2,300,27,4,1236.2311665142224
8Y_H2_N300_P3_ENERGY_seed027,P3_ENERGY,H2,300,27,5,1095.06234794779
8Y_H2_N300_P3_ENERGY_seed027,P3_ENERGY,H2,300,27,6,132.15991083971312
8Y_H2_N300_P3_ENERGY_seed027,P3_ENERGY,H2,300,27,7,589.8467843840417
8Y_H2_N300_P3_ENERGY_seed027,P3_ENERGY,H2,300,27,8,1490.6724309256797
8Y_H2_N300_P4_RESERVE_seed027,P4_RESERVE,H2,300,27,1,2735.8785565956878
8Y_H2_N300_P4_RESERVE_seed027,P4_RESERVE,H2,300,27,2,2006.5318819757404
8Y_H2_N300_P4_RESERVE_seed027,P4_RESERVE,H2,300,27,3,2313.726497163296
8Y_H2_N300_P4_RESERVE_seed027,P4_RESERVE,H2,300,27,4,729.7847213940513
8Y_H2_N300_P4_RESERVE_seed027,P4_RESERVE,H2,300,27,5,1542.6440264068542
8Y_H2_N300_POW_seed028,POW,H2,300,28,1,936.9006222136184
8Y_H2_N300_POW_seed028,POW,H2,300,28,2,2.3056683844221197
8Y_H2_N300_POW_seed028,POW,H2,300,28,3,414.35836424430465
8Y_H2_N300_POW_seed028,POW,H2,300,28,4,364.19066116300246
8Y_H2_N300_POW_seed028,POW,H2,300,28,5,186.4471105415014
8Y_H2_N300_POW_seed028,POW,H2,300,28,6,210.82167425175794
8Y_H2_N300_POW_seed028,POW,H2,300,28,7,687.3855529214493
8Y_H2_N300_POW_seed028,POW,H2,300,28,8,184.92492680903206
8Y_H2_N300_POW_seed028,POW,H2,300,28,9,140.13303378148794
8Y_H2_N300_POW_seed028,POW,H2,300,28,10,1447.345349152356
8Y_H2_N300_POW_seed028,POW,H2,300,28,11,439.9508765446417
8Y_H2_N300_POW_seed028,POW,H2,300,28,12,123.69680389235236
8Y_H2_N300_POW_seed028,POW,H2,300,28,13,640.4861176126324
8Y_H2_N300_POW_seed028,POW,H2,300,28,14,48.25304512425464
8Y_H2_N300_POW_seed028,POW,H2,300,28,15,571.2815444280768
8Y_H2_N300_POW_seed028,POW,H2,300,28,16,1276.7259898991042
8Y_H2_N300_POW_seed028,POW,H2,300,28,17,445.1486015473092
8Y_H2_N300_POW_seed028,POW,H2,300,28,18,782.6483259579963
8Y_H2_N300_POW_seed028,POW,H2,300,28,19,856.5745553591405
8Y_H2_N300_POW_seed028,POW,H2,300,28,20,160.54111150991048
8Y_H2_N300_P0_ALL_seed028,P0_ALL,H2,300,28,1,936.9208186411915
8Y_H2_N300_P0_ALL_seed028,P0_ALL,H2,300,28,2,2.3056683844221197
8Y_H2_N300_P0_ALL_seed028,P0_ALL,H2,300,28,3,414.3583642443044
8Y_H2_N300_P0_ALL_seed028,P0_ALL,H2,300,28,4,364.19066116300246
8Y_H2_N300_P0_ALL_seed028,P0_ALL,H2,300,28,5,186.4471105415014
8Y_H2_N300_P0_ALL_seed028,P0_ALL,H2,300,28,6,210.82167425175794
8Y_H2_N300_P0_ALL_seed028,P0_ALL,H2,300,28,7,690.6110341202711
8Y_H2_N300_P0_ALL_seed028,P0_ALL,H2,300,28,8,184.92492680903206
8Y_H2_N300_P0_ALL_seed028,P0_ALL,H2,300,28,9,140.13303378148794
8Y_H2_N300_P0_ALL_seed028,P0_ALL,H2,300,28,10,1452.9053466237287
8Y_H2_N300_P0_ALL_seed028,P0_ALL,H2,300,28,11,439.9508765446417
8Y_H2_N300_P0_ALL_seed028,P0_ALL,H2,300,28,12,123.69680389235236
8Y_H2_N300_P0_ALL_seed028,P0_ALL,H2,300,28,13,642.2015975838076
8Y_H2_N300_P0_ALL_seed028,P0_ALL,H2,300,28,14,48.25304512425464
8Y_H2_N300_P0_ALL_seed028,P0_ALL,H2,300,28,15,571.2815444280768
8Y_H2_N300_P0_ALL_seed028,P0_ALL,H2,300,28,16,1282.9180443041705
8Y_H2_N300_P0_ALL_seed028,P0_ALL,H2,300,28,17,445.1486015473092
8Y_H2_N300_P0_ALL_seed028,P0_ALL,H2,300,28,18,785.7887895204685
8Y_H2_N300_P0_ALL_seed028,P0_ALL,H2,300,28,19,859.0879149820739
8Y_H2_N300_P0_ALL_seed028,P0_ALL,H2,300,28,20,160.54111150991048
8Y_H2_N300_P3_ENERGY_seed028,P3_ENERGY,H2,300,28,1,936.9208186411915
8Y_H2_N300_P3_ENERGY_seed028,P3_ENERGY,H2,300,28,2,227.15104171376174
8Y_H2_N300_P3_ENERGY_seed028,P3_ENERGY,H2,300,28,3,966.3782908269798
8Y_H2_N300_P3_ENERGY_seed028,P3_ENERGY,H2,300,28,4,496.4714584103208
8Y_H2_N300_P3_ENERGY_seed028,P3_ENERGY,H2,300,28,5,210.83609421134634
8Y_H2_N300_P3_ENERGY_seed028,P3_ENERGY,H2,300,28,6,688.4408542020169
8Y_H2_N300_P3_ENERGY_seed028,P3_ENERGY,H2,300,28,7,184.99543657575623
8Y_H2_N300_P3_ENERGY_seed028,P3_ENERGY,H2,300,28,8,140.72484464640684
8Y_H2_N300_P3_ENERGY_seed028,P3_ENERGY,H2,300,28,9,1451.465879587683
8Y_H2_N300_P3_ENERGY_seed028,P3_ENERGY,H2,300,28,10,725.3240497439401
8Y_H2_N300_P3_ENERGY_seed028,P3_ENERGY,H2,300,28,11,842.9271524192563
8Y_H2_N300_P3_ENERGY_seed028,P3_ENERGY,H2,300,28,12,47.923664923881006
8Y_H2_N300_P3_ENERGY_seed028,P3_ENERGY,H2,300,28,13,1883.5983503384277
8Y_H2_N300_P4_RESERVE_seed028,P4_RESERVE,H2,300,28,1,1846.9208186411915
8Y_H2_N300_P4_RESERVE_seed028,P4_RESERVE,H2,300,28,2,227.15104171376151
8Y_H2_N300_P4_RESERVE_seed028,P4_RESERVE,H2,300,28,3,311.7470764456966
8Y_H2_N300_P4_RESERVE_seed028,P4_RESERVE,H2,300,28,4,364.1906611630029
8Y_H2_N300_P4_RESERVE_seed028,P4_RESERVE,H2,300,28,5,496.45751633546206
8Y_H2_N300_P4_RESERVE_seed028,P4_RESERVE,H2,300,28,6,210.82167425175794
8Y_H2_N300_P4_RESERVE_seed028,P4_RESERVE,H2,300,28,7,496.23659466794834
8Y_H2_N300_P4_RESERVE_seed028,P4_RESERVE,H2,300,28,8,87.80809654859877
8Y_H2_N300_P4_RESERVE_seed028,P4_RESERVE,H2,300,28,9,185.0576709496636
8Y_H2_N300_P4_RESERVE_seed028,P4_RESERVE,H2,300,28,10,140.16077015793053
8Y_H2_N300_P4_RESERVE_seed028,P4_RESERVE,H2,300,28,11,1924.6554856694347
8Y_H2_N300_P4_RESERVE_seed028,P4_RESERVE,H2,300,28,12,247.80032889358063
8Y_H2_N300_P4_RESERVE_seed028,P4_RESERVE,H2,300,28,13,1634.9944550994069
8Y_H2_N300_P4_RESERVE_seed028,P4_RESERVE,H2,300,28,14,1751.0670706302462
8Y_H2_N300_P4_RESERVE_seed028,P4_RESERVE,H2,300,28,15,48.00240171070436
8Y_H2_N300_POW_seed029,POW,H2,300,29,1,169.8440875380258
8Y_H2_N300_POW_seed029,POW,H2,300,29,2,431.7070554590786
8Y_H2_N300_POW_seed029,POW,H2,300,29,3,80.23704171397048
8Y_H2_N300_POW_seed029,POW,H2,300,29,4,325.8604275800943
8Y_H2_N300_POW_seed029,POW,H2,300,29,5,107.98476280762725
8Y_H2_N300_POW_seed029,POW,H2,300,29,6,41.7249742675001
8Y_H2_N300_POW_seed029,POW,H2,300,29,7,631.9149426262693
8Y_H2_N300_POW_seed029,POW,H2,300,29,8,109.24847499146654
8Y_H2_N300_POW_seed029,POW,H2,300,29,9,294.1009242187613
8Y_H2_N300_POW_seed029,POW,H2,300,29,10,842.6021610705866
8Y_H2_N300_POW_seed029,POW,H2,300,29,11,256.5021604394883
8Y_H2_N300_POW_seed029,POW,H2,300,29,12,627.13649331839
8Y_H2_N300_POW_seed029,POW,H2,300,29,13,41.5450523480431
8Y_H2_N300_POW_seed029,POW,H2,300,29,14,1047.892715355339
8Y_H2_N300_POW_seed029,POW,H2,300,29,15,106.65081967980132
8Y_H2_N300_POW_seed029,POW,H2,300,29,16,229.4620240961376
8Y_H2_N300_POW_seed029,POW,H2,300,29,17,1447.4209285138259
8Y_H2_N300_POW_seed029,POW,H2,300,29,18,225.10258438702022
8Y_H2_N300_POW_seed029,POW,H2,300,29,19,35.62331875907421
8Y_H2_N300_POW_seed029,POW,H2,300,29,20,651.4432018043644
8Y_H2_N300_POW_seed029,POW,H2,300,29,21,1230.635192434167
8Y_H2_N300_POW_seed029,POW,H2,300,29,22,242.6036613764627
8Y_H2_N300_POW_seed029,POW,H2,300,29,23,662.5103358202541
8Y_H2_N300_P0_ALL_seed029,P0_ALL,H2,300,29,1,169.8440875380258
8Y_H2_N300_P0_ALL_seed029,P0_ALL,H2,300,29,2,431.7070554590786
8Y_H2_N300_P0_ALL_seed029,P0_ALL,H2,300,29,3,80.23704171397048
8Y_H2_N300_P0_ALL_seed029,P0_ALL,H2,300,29,4,325.8604275800943
8Y_H2_N300_P0_ALL_seed029,P0_ALL,H2,300,29,5,107.98476280762725
8Y_H2_N300_P0_ALL_seed029,P0_ALL,H2,300,29,6,41.7249742675001
8Y_H2_N300_P0_ALL_seed029,P0_ALL,H2,300,29,7,635.4671301543935
8Y_H2_N300_P0_ALL_seed029,P0_ALL,H2,300,29,8,109.24847499146654
8Y_H2_N300_P0_ALL_seed029,P0_ALL,H2,300,29,9,294.1009242187613
8Y_H2_N300_P0_ALL_seed029,P0_ALL,H2,300,29,10,845.3457245509435
8Y_H2_N300_P0_ALL_seed029,P0_ALL,H2,300,29,11,256.5021604394883
8Y_H2_N300_P0_ALL_seed029,P0_ALL,H2,300,29,12,629.8735949103866
8Y_H2_N300_P0_ALL_seed029,P0_ALL,H2,300,29,13,41.5450523480431
8Y_H2_N300_P0_ALL_seed029,P0_ALL,H2,300,29,14,1049.5924833766371
8Y_H2_N300_P0_ALL_seed029,P0_ALL,H2,300,29,15,106.65081967980132
8Y_H2_N300_P0_ALL_seed029,P0_ALL,H2,300,29,16,229.4620240961367
8Y_H2_N300_P0_ALL_seed029,P0_ALL,H2,300,29,17,1452.4748951816018
8Y_H2_N300_P0_ALL_seed029,P0_ALL,H2,300,29,18,225.10258438702022
8Y_H2_N300_P0_ALL_seed029,P0_ALL,H2,300,29,19,35.62331875907421
8Y_H2_N300_P0_ALL_seed029,P0_ALL,H2,300,29,20,653.4301086323067
8Y_H2_N300_P0_ALL_seed029,P0_ALL,H2,300,29,21,1236.0257963504846
8Y_H2_N300_P0_ALL_seed029,P0_ALL,H2,300,29,22,242.6036613764627
8Y_H2_N300_P0_ALL_seed029,P0_ALL,H2,300,29,23,665.1979141800566
8Y_H2_N300_P3_ENERGY_seed029,P3_ENERGY,H2,300,29,1,169.8440875380258
8Y_H2_N300_P3_ENERGY_seed029,P3_ENERGY,H2,300,29,2,431.7070554590786
8Y_H2_N300_P3_ENERGY_seed029,P3_ENERGY,H2,300,29,3,928.2744573627582
8Y_H2_N300_P3_ENERGY_seed029,P3_ENERGY,H2,300,29,4,108.4190588759543
8Y_H2_N300_P3_ENERGY_seed029,P3_ENERGY,H2,300,29,5,42.849557860617324
8Y_H2_N300_P3_ENERGY_seed029,P3_ENERGY,H2,300,29,6,633.9932677161826
8Y_H2_N300_P3_ENERGY_seed029,P3_ENERGY,H2,300,29,7,505.42765284740926
8Y_H2_N300_P3_ENERGY_seed029,P3_ENERGY,H2,300,29,8,294.3288038355231
8Y_H2_N300_P3_ENERGY_seed029,P3_ENERGY,H2,300,29,9,845.5811390378985
8Y_H2_N300_P3_ENERGY_seed029,P3_ENERGY,H2,300,29,10,257.18430958553927
8Y_H2_N300_P3_ENERGY_seed029,P3_ENERGY,H2,300,29,11,630.3965451101403
8Y_H2_N300_P3_ENERGY_seed029,P3_ENERGY,H2,300,29,12,41.86030564020348
8Y_H2_N300_P3_ENERGY_seed029,P3_ENERGY,H2,300,29,13,1049.7192523846552
8Y_H2_N300_P3_ENERGY_seed029,P3_ENERGY,H2,300,29,14,271.9851950118418
8Y_H2_N300_P3_ENERGY_seed029,P3_ENERGY,H2,300,29,15,228.65684786041584
8Y_H2_N300_P3_ENERGY_seed029,P3_ENERGY,H2,300,29,16,1451.5023987408513
8Y_H2_N300_P3_ENERGY_seed029,P3_ENERGY,H2,300,29,17,831.4190560663264
8Y_H2_N300_P4_RESERVE_seed029,P4_RESERVE,H2,300,29,1,169.8440875380258
8Y_H2_N300_P4_RESERVE_seed029,P4_RESERVE,H2,300,29,2,431.7070554590786
8Y_H2_N300_P4_RESERVE_seed029,P4_RESERVE,H2,300,29,3,1590.2701876611918
8Y_H2_N300_P4_RESERVE_seed029,P4_RESERVE,H2,300,29,4,108.4190588759543
8Y_H2_N300_P4_RESERVE_seed029,P4_RESERVE,H2,300,29,5,42.84955786061755
8Y_H2_N300_P4_RESERVE_seed029,P4_RESERVE,H2,300,29,6,1541.2959827756267
8Y_H2_N300_P4_RESERVE_seed029,P4_RESERVE,H2,300,29,7,505.4276528474097
8Y_H2_N300_P4_RESERVE_seed029,P4_RESERVE,H2,300,29,8,294.3288038355222
8Y_H2_N300_P4_RESERVE_seed029,P4_RESERVE,H2,300,29,9,1752.7978946636185
8Y_H2_N300_P4_RESERVE_seed029,P4_RESERVE,H2,300,29,10,257.1843095855402
8Y_H2_N300_P4_RESERVE_seed029,P4_RESERVE,H2,300,29,11,1537.5413756960006
8Y_H2_N300_P4_RESERVE_seed029,P4_RESERVE,H2,300,29,12,41.86030564020439
8Y_H2_N300_P4_RESERVE_seed029,P4_RESERVE,H2,300,29,13,1019.2121117614206
8Y_H2_N300_P4_RESERVE_seed029,P4_RESERVE,H2,300,29,14,447.89271535533953
8Y_H2_N300_POW_seed030,POW,H2,300,30,1,975.6603653417307
8Y_H2_N300_POW_seed030,POW,H2,300,30,2,1181.562455240171
8Y_H2_N300_POW_seed030,POW,H2,300,30,3,400.4109819467785
8Y_H2_N300_POW_seed030,POW,H2,300,30,4,325.53894300815546
8Y_H2_N300_POW_seed030,POW,H2,300,30,5,28.49147160278926
8Y_H2_N300_POW_seed030,POW,H2,300,30,6,1324.9444088549221
8Y_H2_N300_POW_seed030,POW,H2,300,30,7,166.43251187702845
8Y_H2_N300_POW_seed030,POW,H2,300,30,8,204.21820983496946
8Y_H2_N300_POW_seed030,POW,H2,300,30,9,36.610835582404434
8Y_H2_N300_POW_seed030,POW,H2,300,30,10,418.84267781283233
8Y_H2_N300_POW_seed030,POW,H2,300,30,11,465.5649681597024
8Y_H2_N300_POW_seed030,POW,H2,300,30,12,505.2964662060722
8Y_H2_N300_POW_seed030,POW,H2,300,30,13,2074.1019103900626
8Y_H2_N300_POW_seed030,POW,H2,300,30,14,578.2070758186546
8Y_H2_N300_POW_seed030,POW,H2,300,30,15,590.6844861507489
8Y_H2_N300_POW_seed030,POW,H2,300,30,16,195.84135465218242
8Y_H2_N300_POW_seed030,POW,H2,300,30,17,124.77341254287057
8Y_H2_N300_P0_ALL_seed030,P0_ALL,H2,300,30,1,975.7700237071369
8Y_H2_N300_P0_ALL_seed030,P0_ALL,H2,300,30,2,1184.994645541008
8Y_H2_N300_P0_ALL_seed030,P0_ALL,H2,300,30,3,400.4109819467785
8Y_H2_N300_P0_ALL_seed030,P0_ALL,H2,300,30,4,325.53894300815546
8Y_H2_N300_P0_ALL_seed030,P0_ALL,H2,300,30,5,28.49147160278926
8Y_H2_N300_P0_ALL_seed030,P0_ALL,H2,300,30,6,1328.632528014481
8Y_H2_N300_P0_ALL_seed030,P0_ALL,H2,300,30,7,166.43251187702845
8Y_H2_N300_P0_ALL_seed030,P0_ALL,H2,300,30,8,204.21820983496946
8Y_H2_N300_P0_ALL_seed030,P0_ALL,H2,300,30,9,36.610835582404434
8Y_H2_N300_P0_ALL_seed030,P0_ALL,H2,300,30,10,418.84267781283233
8Y_H2_N300_P0_ALL_seed030,P0_ALL,H2,300,30,11,465.5649681597024
8Y_H2_N300_P0_ALL_seed030,P0_ALL,H2,300,30,12,505.2964662060722
8Y_H2_N300_P0_ALL_seed030,P0_ALL,H2,300,30,13,2083.045807308944
8Y_H2_N300_P0_ALL_seed030,P0_ALL,H2,300,30,14,578.2070758186546
8Y_H2_N300_P0_ALL_seed030,P0_ALL,H2,300,30,15,590.6844861507489
8Y_H2_N300_P0_ALL_seed030,P0_ALL,H2,300,30,16,195.84135465218242
8Y_H2_N300_P0_ALL_seed030,P0_ALL,H2,300,30,17,124.77341254287057
8Y_H2_N300_P3_ENERGY_seed030,P3_ENERGY,H2,300,30,1,975.7700237071369
8Y_H2_N300_P3_ENERGY_seed030,P3_ENERGY,H2,300,30,2,1183.7342709838051
8Y_H2_N300_P3_ENERGY_seed030,P3_ENERGY,H2,300,30,3,1068.0245760567013
8Y_H2_N300_P3_ENERGY_seed030,P3_ENERGY,H2,300,30,4,1931.4517286848945
8Y_H2_N300_P3_ENERGY_seed030,P3_ENERGY,H2,300,30,5,165.88662928295707
8Y_H2_N300_P3_ENERGY_seed030,P3_ENERGY,H2,300,30,6,204.15879153670357
8Y_H2_N300_P3_ENERGY_seed030,P3_ENERGY,H2,300,30,7,36.447560675359455
8Y_H2_N300_P3_ENERGY_seed030,P3_ENERGY,H2,300,30,8,1067.4220859851903
8Y_H2_N300_P3_ENERGY_seed030,P3_ENERGY,H2,300,30,9,504.65672688918676
8Y_H2_N300_P3_ENERGY_seed030,P3_ENERGY,H2,300,30,10,2081.641848692897
8Y_H2_N300_P3_ENERGY_seed030,P3_ENERGY,H2,300,30,11,578.6745930125417
8Y_H2_N300_P4_RESERVE_seed030,P4_RESERVE,H2,300,30,1,1885.7700237071372
8Y_H2_N300_P4_RESERVE_seed030,P4_RESERVE,H2,300,30,2,2092.0409644953
8Y_H2_N300_P4_RESERVE_seed030,P4_RESERVE,H2,300,30,3,708.7406396993174
8Y_H2_N300_P4_RESERVE_seed030,P4_RESERVE,H2,300,30,4,464.9048521713039
8Y_H2_N300_P4_RESERVE_seed030,P4_RESERVE,H2,300,30,5,935.2254548983719
8Y_H2_N300_P4_RESERVE_seed030,P4_RESERVE,H2,300,30,6,902.8548833073082
8Y_H2_N300_P4_RESERVE_seed030,P4_RESERVE,H2,300,30,7,1244.770046250802
8Y_H2_N300_P4_RESERVE_seed030,P4_RESERVE,H2,300,30,8,124.33229033823045
8Y_H2_N300_P4_RESERVE_seed030,P4_RESERVE,H2,300,30,9,165.87837208366363
8Y_H2_N300_P4_RESERVE_seed030,P4_RESERVE,H2,300,30,10,204.09270728580304
8Y_H2_N300_P4_RESERVE_seed030,P4_RESERVE,H2,300,30,11,37.40132285730397
8Y_H2_N300_P4_RESERVE_seed030,P4_RESERVE,H2,300,30,12,938.2257534756718
8Y_H2_N500_POW_seed001,POW,H2,500,1,1,484.32920721286865
8Y_H2_N500_POW_seed001,POW,H2,500,1,2,364.94243939948973
8Y_H2_N500_POW_seed001,POW,H2,500,1,3,289.28371803137634
8Y_H2_N500_POW_seed001,POW,H2,500,1,4,771.0505859144289
8Y_H2_N500_POW_seed001,POW,H2,500,1,5,486.1658833673471
8Y_H2_N500_POW_seed001,POW,H2,500,1,6,770.1853902603016
8Y_H2_N500_POW_seed001,POW,H2,500,1,7,2.320556000616307
8Y_H2_N500_POW_seed001,POW,H2,500,1,8,718.2520688492095
8Y_H2_N500_POW_seed001,POW,H2,500,1,9,780.0357346468409
8Y_H2_N500_POW_seed001,POW,H2,500,1,10,490.0136591475566
8Y_H2_N500_POW_seed001,POW,H2,500,1,11,440.6011262620732
8Y_H2_N500_POW_seed001,POW,H2,500,1,12,2188.7089118450804
8Y_H2_N500_POW_seed001,POW,H2,500,1,13,1898.3710663678967
8Y_H2_N500_POW_seed001,POW,H2,500,1,14,134.6115521745578
8Y_H2_N500_POW_seed001,POW,H2,500,1,15,35.24608276429899
8Y_H2_N500_P0_ALL_seed001,P0_ALL,H2,500,1,1,484.32920721286865
8Y_H2_N500_P0_ALL_seed001,P0_ALL,H2,500,1,2,364.94243939948973
8Y_H2_N500_P0_ALL_seed001,P0_ALL,H2,500,1,3,289.28371803137634
8Y_H2_N500_P0_ALL_seed001,P0_ALL,H2,500,1,4,772.6601402991428
8Y_H2_N500_P0_ALL_seed001,P0_ALL,H2,500,1,5,486.1658833673473
8Y_H2_N500_P0_ALL_seed001,P0_ALL,H2,500,1,6,772.584496307511
8Y_H2_N500_P0_ALL_seed001,P0_ALL,H2,500,1,7,2.320556000616307
8Y_H2_N500_P0_ALL_seed001,P0_ALL,H2,500,1,8,720.8178541963593
8Y_H2_N500_P0_ALL_seed001,P0_ALL,H2,500,1,9,783.2189799723292
8Y_H2_N500_P0_ALL_seed001,P0_ALL,H2,500,1,10,490.0136591475566
8Y_H2_N500_P0_ALL_seed001,P0_ALL,H2,500,1,11,440.6011262620732
8Y_H2_N500_P0_ALL_seed001,P0_ALL,H2,500,1,12,2197.0949274746263
8Y_H2_N500_P0_ALL_seed001,P0_ALL,H2,500,1,13,1908.4003543964027
8Y_H2_N500_P0_ALL_seed001,P0_ALL,H2,500,1,14,134.6115521745578
8Y_H2_N500_P0_ALL_seed001,P0_ALL,H2,500,1,15,35.24608276429899
8Y_H2_N500_P3_ENERGY_seed001,P3_ENERGY,H2,500,1,1,484.32920721286865
8Y_H2_N500_P3_ENERGY_seed001,P3_ENERGY,H2,500,1,2,364.94243939948973
8Y_H2_N500_P3_ENERGY_seed001,P3_ENERGY,H2,500,1,3,509.3386053372419
8Y_H2_N500_P3_ENERGY_seed001,P3_ENERGY,H2,500,1,4,875.0996285473793
8Y_H2_N500_P3_ENERGY_seed001,P3_ENERGY,H2,500,1,5,486.1658833673473
8Y_H2_N500_P3_ENERGY_seed001,P3_ENERGY,H2,500,1,6,1206.5288462085223
8Y_H2_N500_P3_ENERGY_seed001,P3_ENERGY,H2,500,1,7,720.774931847398
8Y_H2_N500_P3_ENERGY_seed001,P3_ENERGY,H2,500,1,8,168.30055088391873
8Y_H2_N500_P3_ENERGY_seed001,P3_ENERGY,H2,500,1,9,180.03573464684087
8Y_H2_N500_P3_ENERGY_seed001,P3_ENERGY,H2,500,1,10,490.0136591475566
8Y_H2_N500_P3_ENERGY_seed001,P3_ENERGY,H2,500,1,11,2797.993236176959
8Y_H2_N500_P4_RESERVE_seed001,P4_RESERVE,H2,500,1,1,484.32920721286865
8Y_H2_N500_P4_RESERVE_seed001,P4_RESERVE,H2,500,1,2,364.94243939948973
8Y_H2_N500_P4_RESERVE_seed001,P4_RESERVE,H2,500,1,3,509.3386053372419
8Y_H2_N500_P4_RESERVE_seed001,P4_RESERVE,H2,500,1,4,1680.4352973238292
8Y_H2_N500_P4_RESERVE_seed001,P4_RESERVE,H2,500,1,5,486.1658833673473
8Y_H2_N500_P4_RESERVE_seed001,P4_RESERVE,H2,500,1,6,899.2185743574523
8Y_H2_N500_P4_RESERVE_seed001,P4_RESERVE,H2,500,1,7,480.13256147357333
8Y_H2_N500_P4_RESERVE_seed001,P4_RESERVE,H2,500,1,8,0.34374088832100824
8Y_H2_N500_P4_RESERVE_seed001,P4_RESERVE,H2,500,1,9,1628.2207904630359
8Y_H2_N500_P4_RESERVE_seed001,P4_RESERVE,H2,500,1,10,1689.7654845846155
8Y_H2_N500_P4_RESERVE_seed001,P4_RESERVE,H2,500,1,11,1571.0080340048316
8Y_H2_N500_POW_seed002,POW,H2,500,2,1,252.38054547600373
8Y_H2_N500_POW_seed002,POW,H2,500,2,2,349.83056536309164
8Y_H2_N500_POW_seed002,POW,H2,500,2,3,627.1414898101112
8Y_H2_N500_POW_seed002,POW,H2,500,2,4,367.77703876514306
8Y_H2_N500_POW_seed002,POW,H2,500,2,5,269.7188352083276
8Y_H2_N500_POW_seed002,POW,H2,500,2,6,654.5419773472645
8Y_H2_N500_POW_seed002,POW,H2,500,2,7,89.89150332275176
8Y_H2_N500_POW_seed002,POW,H2,500,2,8,4.876741277312249
8Y_H2_N500_POW_seed002,POW,H2,500,2,9,39.88446226977976
8Y_H2_N500_POW_seed002,POW,H2,500,2,10,397.5553273811661
8Y_H2_N500_POW_seed002,POW,H2,500,2,11,979.1057253638692
8Y_H2_N500_POW_seed002,POW,H2,500,2,12,1020.0158222311329
8Y_H2_N500_POW_seed002,POW,H2,500,2,13,284.1526929819738
8Y_H2_N500_POW_seed002,POW,H2,500,2,14,502.05819002183125
8Y_H2_N500_POW_seed002,POW,H2,500,2,15,914.2261433705708
8Y_H2_N500_POW_seed002,POW,H2,500,2,16,276.9904250651007
8Y_H2_N500_POW_seed002,POW,H2,500,2,17,86.6724694845716
8Y_H2_N500_POW_seed002,POW,H2,500,2,18,235.63318679325675
8Y_H2_N500_POW_seed002,POW,H2,500,2,19,1089.114983787349
8Y_H2_N500_POW_seed002,POW,H2,500,2,20,711.6434672222676
8Y_H2_N500_POW_seed002,POW,H2,500,2,21,816.1594006079213
8Y_H2_N500_P0_ALL_seed002,P0_ALL,H2,500,2,1,252.38054547600373
8Y_H2_N500_P0_ALL_seed002,P0_ALL,H2,500,2,2,349.83056536309164
8Y_H2_N500_P0_ALL_seed002,P0_ALL,H2,500,2,3,630.5323237457613
8Y_H2_N500_P0_ALL_seed002,P0_ALL,H2,500,2,4,367.77703876514283
8Y_H2_N500_P0_ALL_seed002,P0_ALL,H2,500,2,5,269.7188352083276
8Y_H2_N500_P0_ALL_seed002,P0_ALL,H2,500,2,6,657.1149294053139
8Y_H2_N500_P0_ALL_seed002,P0_ALL,H2,500,2,7,89.89150332275176
8Y_H2_N500_P0_ALL_seed002,P0_ALL,H2,500,2,8,4.876741277312249
8Y_H2_N500_P0_ALL_seed002,P0_ALL,H2,500,2,9,39.88446226977976
8Y_H2_N500_P0_ALL_seed002,P0_ALL,H2,500,2,10,397.5553273811661
8Y_H2_N500_P0_ALL_seed002,P0_ALL,H2,500,2,11,982.0584375603626
8Y_H2_N500_P0_ALL_seed002,P0_ALL,H2,500,2,12,1022.4621210856271
8Y_H2_N500_P0_ALL_seed002,P0_ALL,H2,500,2,13,284.1526929819738
8Y_H2_N500_P0_ALL_seed002,P0_ALL,H2,500,2,14,502.05819002183125
8Y_H2_N500_P0_ALL_seed002,P0_ALL,H2,500,2,15,917.824684204269
8Y_H2_N500_P0_ALL_seed002,P0_ALL,H2,500,2,16,276.9904250651007
8Y_H2_N500_P0_ALL_seed002,P0_ALL,H2,500,2,17,86.6724694845716
8Y_H2_N500_P0_ALL_seed002,P0_ALL,H2,500,2,18,235.63318679325675
8Y_H2_N500_P0_ALL_seed002,P0_ALL,H2,500,2,19,1092.500085643218
8Y_H2_N500_P0_ALL_seed002,P0_ALL,H2,500,2,20,714.0176192702329
8Y_H2_N500_P0_ALL_seed002,P0_ALL,H2,500,2,21,818.0739123741096
8Y_H2_N500_P3_ENERGY_seed002,P3_ENERGY,H2,500,2,1,949.933265800586
8Y_H2_N500_P3_ENERGY_seed002,P3_ENERGY,H2,500,2,2,628.8302436563342
8Y_H2_N500_P3_ENERGY_seed002,P3_ENERGY,H2,500,2,3,1001.7940280668356
8Y_H2_N500_P3_ENERGY_seed002,P3_ENERGY,H2,500,2,4,1294.3168956713848
8Y_H2_N500_P3_ENERGY_seed002,P3_ENERGY,H2,500,2,5,4.748467910453655
8Y_H2_N500_P3_ENERGY_seed002,P3_ENERGY,H2,500,2,6,2186.565659918026
8Y_H2_N500_P3_ENERGY_seed002,P3_ENERGY,H2,500,2,7,1548.6120486898799
8Y_H2_N500_P3_ENERGY_seed002,P3_ENERGY,H2,500,2,8,502.07669506338425
8Y_H2_N500_P3_ENERGY_seed002,P3_ENERGY,H2,500,2,9,917.2549437216694
8Y_H2_N500_P3_ENERGY_seed002,P3_ENERGY,H2,500,2,10,277.2938039444398
8Y_H2_N500_P3_ENERGY_seed002,P3_ENERGY,H2,500,2,11,86.7301179661481
8Y_H2_N500_P3_ENERGY_seed002,P3_ENERGY,H2,500,2,12,234.81226697263628
8Y_H2_N500_P4_RESERVE_seed002,P4_RESERVE,H2,500,2,1,862.3805454760037
8Y_H2_N500_P4_RESERVE_seed002,P4_RESERVE,H2,500,2,2,349.8305653630915
8Y_H2_N500_P4_RESERVE_seed002,P4_RESERVE,H2,500,2,3,1537.7290151883515
8Y_H2_N500_P4_RESERVE_seed002,P4_RESERVE,H2,500,2,4,1908.9625390865026
8Y_H2_N500_P4_RESERVE_seed002,P4_RESERVE,H2,500,2,5,879.4537526523709
8Y_H2_N500_P4_RESERVE_seed002,P4_RESERVE,H2,500,2,6,1276.9929686985943
8Y_H2_N500_P4_RESERVE_seed002,P4_RESERVE,H2,500,2,7,89.89150332275221
8Y_H2_N500_P4_RESERVE_seed002,P4_RESERVE,H2,500,2,8,4.876741277313158
8Y_H2_N500_P4_RESERVE_seed002,P4_RESERVE,H2,500,2,9,663.8719390107117
8Y_H2_N500_P4_RESERVE_seed002,P4_RESERVE,H2,500,2,10,765.3354619282472
8Y_H2_N500_P4_RESERVE_seed002,P4_RESERVE,H2,500,2,11,600.3548612832092
8Y_H2_N500_P4_RESERVE_seed002,P4_RESERVE,H2,500,2,12,378.80597155653777
8Y_H2_N500_POW_seed003,POW,H2,500,3,1,232.13417792062904
8Y_H2_N500_POW_seed003,POW,H2,500,3,2,34.350373713094314
8Y_H2_N500_POW_seed003,POW,H2,500,3,3,64.51600129909173
8Y_H2_N500_POW_seed003,POW,H2,500,3,4,1125.4361411276195
8Y_H2_N500_POW_seed003,POW,H2,500,3,5,115.99770772638476
8Y_H2_N500_POW_seed003,POW,H2,500,3,6,910.6446365822421
8Y_H2_N500_POW_seed003,POW,H2,500,3,7,685.8751564814143
8Y_H2_N500_POW_seed003,POW,H2,500,3,8,28.78117529011024
8Y_H2_N500_POW_seed003,POW,H2,500,3,9,2283.9154840165825
8Y_H2_N500_POW_seed003,POW,H2,500,3,10,2127.180057462655
8Y_H2_N500_POW_seed003,POW,H2,500,3,11,714.9560637636787
8Y_H2_N500_POW_seed003,POW,H2,500,3,12,558.0759449064481
8Y_H2_N500_POW_seed003,POW,H2,500,3,13,1092.1304497286746
8Y_H2_N500_P0_ALL_seed003,P0_ALL,H2,500,3,1,232.13417792062904
8Y_H2_N500_P0_ALL_seed003,P0_ALL,H2,500,3,2,34.350373713094314
8Y_H2_N500_P0_ALL_seed003,P0_ALL,H2,500,3,3,64.51600129909173
8Y_H2_N500_P0_ALL_seed003,P0_ALL,H2,500,3,4,1130.6741292938254
8Y_H2_N500_P0_ALL_seed003,P0_ALL,H2,500,3,5,115.99770772638476
8Y_H2_N500_P0_ALL_seed003,P0_ALL,H2,500,3,6,913.1440564379823
8Y_H2_N500_P0_ALL_seed003,P0_ALL,H2,500,3,7,688.8544133312939
8Y_H2_N500_P0_ALL_seed003,P0_ALL,H2,500,3,8,28.78117529011024
8Y_H2_N500_P0_ALL_seed003,P0_ALL,H2,500,3,9,2292.3292019330133
8Y_H2_N500_P0_ALL_seed003,P0_ALL,H2,500,3,10,2133.6877445399678
8Y_H2_N500_P0_ALL_seed003,P0_ALL,H2,500,3,11,717.8646487425822
8Y_H2_N500_P0_ALL_seed003,P0_ALL,H2,500,3,12,558.0759449064499
8Y_H2_N500_P3_ENERGY_seed003,P3_ENERGY,H2,500,3,1,2932.0833121241676
8Y_H2_N500_P3_ENERGY_seed003,P3_ENERGY,H2,500,3,2,116.67550458029245
8Y_H2_N500_P3_ENERGY_seed003,P3_ENERGY,H2,500,3,3,912.665614192967
8Y_H2_N500_P3_ENERGY_seed003,P3_ENERGY,H2,500,3,4,688.1692041156089
8Y_H2_N500_P3_ENERGY_seed003,P3_ENERGY,H2,500,3,5,524.394978023397
8Y_H2_N500_P3_ENERGY_seed003,P3_ENERGY,H2,500,3,6,2291.221760349911
8Y_H2_N500_P3_ENERGY_seed003,P3_ENERGY,H2,500,3,7,2134.63414134921
8Y_H2_N500_P4_RESERVE_seed003,P4_RESERVE,H2,500,3,1,1142.134177920629
8Y_H2_N500_P4_RESERVE_seed003,P4_RESERVE,H2,500,3,2,643.8161184767907
8Y_H2_N500_P4_RESERVE_seed003,P4_RESERVE,H2,500,3,3,1574.358885142767
8Y_H2_N500_P4_RESERVE_seed003,P4_RESERVE,H2,500,3,4,525.4361411276195
8Y_H2_N500_P4_RESERVE_seed003,P4_RESERVE,H2,500,3,5,115.99770772638476
8Y_H2_N500_P4_RESERVE_seed003,P4_RESERVE,H2,500,3,6,1175.8739528487022
8Y_H2_N500_P4_RESERVE_seed003,P4_RESERVE,H2,500,3,7,310.7375057357576
8Y_H2_N500_P4_RESERVE_seed003,P4_RESERVE,H2,500,3,8,1595.2184820910752
8Y_H2_N500_P4_RESERVE_seed003,P4_RESERVE,H2,500,3,9,524.4767792629273
8Y_H2_N500_P4_RESERVE_seed003,P4_RESERVE,H2,500,3,10,338.4826840215137
8Y_H2_N500_POW_seed004,POW,H2,500,4,1,248.3828732913716
8Y_H2_N500_POW_seed004,POW,H2,500,4,2,1104.408032678074
8Y_H2_N500_POW_seed004,POW,H2,500,4,3,922.0510474404227
8Y_H2_N500_POW_seed004,POW,H2,500,4,4,440.0413468315437
8Y_H2_N500_POW_seed004,POW,H2,500,4,5,279.54765835492844
8Y_H2_N500_POW_seed004,POW,H2,500,4,6,470.5602309112196
8Y_H2_N500_POW_seed004,POW,H2,500,4,7,292.77750314879677
8Y_H2_N500_POW_seed004,POW,H2,500,4,8,17.153667705802945
8Y_H2_N500_POW_seed004,POW,H2,500,4,9,239.9907628351025
8Y_H2_N500_POW_seed004,POW,H2,500,4,10,2282.999280562334
8Y_H2_N500_POW_seed004,POW,H2,500,4,11,833.3626458392755
8Y_H2_N500_POW_seed004,POW,H2,500,4,12,1203.2518813268898
8Y_H2_N500_POW_seed004,POW,H2,500,4,13,43.91337530308738
8Y_H2_N500_POW_seed004,POW,H2,500,4,14,1431.891742899783
8Y_H2_N500_P0_ALL_seed004,P0_ALL,H2,500,4,1,248.3828732913716
8Y_H2_N500_P0_ALL_seed004,P0_ALL,H2,500,4,2,1107.153637794978
8Y_H2_N500_P0_ALL_seed004,P0_ALL,H2,500,4,3,926.0278182480449
8Y_H2_N500_P0_ALL_seed004,P0_ALL,H2,500,4,4,440.0413468315437
8Y_H2_N500_P0_ALL_seed004,P0_ALL,H2,500,4,5,279.54765835492844
8Y_H2_N500_P0_ALL_seed004,P0_ALL,H2,500,4,6,470.5602309112196
8Y_H2_N500_P0_ALL_seed004,P0_ALL,H2,500,4,7,292.77750314879677
8Y_H2_N500_P0_ALL_seed004,P0_ALL,H2,500,4,8,17.153667705802945
8Y_H2_N500_P0_ALL_seed004,P0_ALL,H2,500,4,9,239.9907628351025
8Y_H2_N500_P0_ALL_seed004,P0_ALL,H2,500,4,10,2293.616830585848
8Y_H2_N500_P0_ALL_seed004,P0_ALL,H2,500,4,11,836.6935819985401
8Y_H2_N500_P0_ALL_seed004,P0_ALL,H2,500,4,12,1210.503477104162
8Y_H2_N500_P0_ALL_seed004,P0_ALL,H2,500,4,13,43.91337530308738
8Y_H2_N500_P0_ALL_seed004,P0_ALL,H2,500,4,14,1436.8002350027436
8Y_H2_N500_P3_ENERGY_seed004,P3_ENERGY,H2,500,4,1,248.3828732913716
8Y_H2_N500_P3_ENERGY_seed004,P3_ENERGY,H2,500,4,2,2850.4549489399856
8Y_H2_N500_P3_ENERGY_seed004,P3_ENERGY,H2,500,4,3,279.7779864942845
8Y_H2_N500_P3_ENERGY_seed004,P3_ENERGY,H2,500,4,4,470.67960525994295
8Y_H2_N500_P3_ENERGY_seed004,P3_ENERGY,H2,500,4,5,292.0869470800799
8Y_H2_N500_P3_ENERGY_seed004,P3_ENERGY,H2,500,4,6,17.251048811141118
8Y_H2_N500_P3_ENERGY_seed004,P3_ENERGY,H2,500,4,7,241.05609522555642
8Y_H2_N500_P3_ENERGY_seed004,P3_ENERGY,H2,500,4,8,5466.246036366996
8Y_H2_N500_P4_RESERVE_seed004,P4_RESERVE,H2,500,4,1,248.3828732913716
8Y_H2_N500_P4_RESERVE_seed004,P4_RESERVE,H2,500,4,2,2619.633278016143
8Y_H2_N500_P4_RESERVE_seed004,P4_RESERVE,H2,500,4,3,1831.9329754227556
8Y_H2_N500_P4_RESERVE_seed004,P4_RESERVE,H2,500,4,4,279.1560776602264
8Y_H2_N500_P4_RESERVE_seed004,P4_RESERVE,H2,500,4,5,470.5026951887785
8Y_H2_N500_P4_RESERVE_seed004,P4_RESERVE,H2,500,4,6,292.59425767966513
8Y_H2_N500_P4_RESERVE_seed004,P4_RESERVE,H2,500,4,7,17.285146644246197
8Y_H2_N500_P4_RESERVE_seed004,P4_RESERVE,H2,500,4,8,240.16840590771244
8Y_H2_N500_POW_seed005,POW,H2,500,5,1,815.4975529637334
8Y_H2_N500_POW_seed005,POW,H2,500,5,2,1292.8191074539511
8Y_H2_N500_POW_seed005,POW,H2,500,5,3,303.47965985940255
8Y_H2_N500_POW_seed005,POW,H2,500,5,4,43.336674137137834
8Y_H2_N500_POW_seed005,POW,H2,500,5,5,558.5694194484036
8Y_H2_N500_POW_seed005,POW,H2,500,5,6,409.43225574994995
8Y_H2_N500_POW_seed005,POW,H2,500,5,7,1114.144485814336
8Y_H2_N500_POW_seed005,POW,H2,500,5,8,1181.6893285901915
8Y_H2_N500_POW_seed005,POW,H2,500,5,9,1343.52189286074
8Y_H2_N500_POW_seed005,POW,H2,500,5,10,34.49880494447825
8Y_H2_N500_POW_seed005,POW,H2,500,5,11,190.68943173281696
8Y_H2_N500_POW_seed005,POW,H2,500,5,12,442.7087686700788
8Y_H2_N500_POW_seed005,POW,H2,500,5,13,875.1748625392256
8Y_H2_N500_POW_seed005,POW,H2,500,5,14,484.7483046887537
8Y_H2_N500_POW_seed005,POW,H2,500,5,15,75.89999631261162
8Y_H2_N500_POW_seed005,POW,H2,500,5,16,238.62272270460744
8Y_H2_N500_POW_seed005,POW,H2,500,5,17,538.7630900375443
8Y_H2_N500_P0_ALL_seed005,P0_ALL,H2,500,5,1,816.5507598926006
8Y_H2_N500_P0_ALL_seed005,P0_ALL,H2,500,5,2,1299.2360529589387
8Y_H2_N500_P0_ALL_seed005,P0_ALL,H2,500,5,3,303.47965985940255
8Y_H2_N500_P0_ALL_seed005,P0_ALL,H2,500,5,4,43.336674137137834
8Y_H2_N500_P0_ALL_seed005,P0_ALL,H2,500,5,5,558.5694194484036
8Y_H2_N500_P0_ALL_seed005,P0_ALL,H2,500,5,6,409.43225574994995
8Y_H2_N500_P0_ALL_seed005,P0_ALL,H2,500,5,7,1117.2127764605443
8Y_H2_N500_P0_ALL_seed005,P0_ALL,H2,500,5,8,1184.0927783810257
8Y_H2_N500_P0_ALL_seed005,P0_ALL,H2,500,5,9,1350.252673339869
8Y_H2_N500_P0_ALL_seed005,P0_ALL,H2,500,5,10,34.49880494447825
8Y_H2_N500_P0_ALL_seed005,P0_ALL,H2,500,5,11,190.68943173281696
8Y_H2_N500_P0_ALL_seed005,P0_ALL,H2,500,5,12,442.7087686700788
8Y_H2_N500_P0_ALL_seed005,P0_ALL,H2,500,5,13,877.1589014048932
8Y_H2_N500_P0_ALL_seed005,P0_ALL,H2,500,5,14,484.7483046887537
8Y_H2_N500_P0_ALL_seed005,P0_ALL,H2,500,5,15,75.89999631261162
8Y_H2_N500_P0_ALL_seed005,P0_ALL,H2,500,5,16,238.62272270460744
8Y_H2_N500_P0_ALL_seed005,P0_ALL,H2,500,5,17,538.7630900375443
8Y_H2_N500_P3_ENERGY_seed005,P3_ENERGY,H2,500,5,1,816.5507598926006
8Y_H2_N500_P3_ENERGY_seed005,P3_ENERGY,H2,500,5,2,1752.2787745373398
8Y_H2_N500_P3_ENERGY_seed005,P3_ENERGY,H2,500,5,3,303.47965985940255
8Y_H2_N500_P3_ENERGY_seed005,P3_ENERGY,H2,500,5,4,1162.4498218690005
8Y_H2_N500_P3_ENERGY_seed005,P3_ENERGY,H2,500,5,5,1719.4484181476487
8Y_H2_N500_P3_ENERGY_seed005,P3_ENERGY,H2,500,5,6,1184.3060784376803
8Y_H2_N500_P3_ENERGY_seed005,P3_ENERGY,H2,500,5,7,1347.887181428222
8Y_H2_N500_P3_ENERGY_seed005,P3_ENERGY,H2,500,5,8,34.42234058459508
8Y_H2_N500_P3_ENERGY_seed005,P3_ENERGY,H2,500,5,9,190.29089890053
8Y_H2_N500_P3_ENERGY_seed005,P3_ENERGY,H2,500,5,10,1479.025422228735
8Y_H2_N500_P4_RESERVE_seed005,P4_RESERVE,H2,500,5,1,1726.5507598926006
8Y_H2_N500_P4_RESERVE_seed005,P4_RESERVE,H2,500,5,2,2205.807823227633
8Y_H2_N500_P4_RESERVE_seed005,P4_RESERVE,H2,500,5,3,303.4796598594021
8Y_H2_N500_P4_RESERVE_seed005,P4_RESERVE,H2,500,5,4,1198.4197368063005
8Y_H2_N500_P4_RESERVE_seed005,P4_RESERVE,H2,500,5,5,558.569419448404
8Y_H2_N500_P4_RESERVE_seed005,P4_RESERVE,H2,500,5,6,653.2978276771582
8Y_H2_N500_P4_RESERVE_seed005,P4_RESERVE,H2,500,5,7,1105.4837114456868
8Y_H2_N500_P4_RESERVE_seed005,P4_RESERVE,H2,500,5,8,515.3727826119193
8Y_H2_N500_P4_RESERVE_seed005,P4_RESERVE,H2,500,5,9,1019.349220223894
8Y_H2_N500_P4_RESERVE_seed005,P4_RESERVE,H2,500,5,10,581.6342585720831
8Y_H2_N500_POW_seed006,POW,H2,500,6,1,639.9256126345106
8Y_H2_N500_POW_seed006,POW,H2,500,6,2,421.5999956312223
8Y_H2_N500_POW_seed006,POW,H2,500,6,3,1347.8141566393879
8Y_H2_N500_POW_seed006,POW,H2,500,6,4,98.16972323957498
8Y_H2_N500_POW_seed006,POW,H2,500,6,5,601.6865233497188
8Y_H2_N500_POW_seed006,POW,H2,500,6,6,352.9156448299623
8Y_H2_N500_POW_seed006,POW,H2,500,6,7,41.48240973773454
8Y_H2_N500_POW_seed006,POW,H2,500,6,8,103.5620562036961
8Y_H2_N500_POW_seed006,POW,H2,500,6,9,1251.637061535127
8Y_H2_N500_POW_seed006,POW,H2,500,6,10,230.13135012270232
8Y_H2_N500_POW_seed006,POW,H2,500,6,11,261.70985926307094
8Y_H2_N500_POW_seed006,POW,H2,500,6,12,301.09415703310424
8Y_H2_N500_POW_seed006,POW,H2,500,6,13,570.3116005424235
8Y_H2_N500_POW_seed006,POW,H2,500,6,14,211.31486281069465
8Y_H2_N500_POW_seed006,POW,H2,500,6,15,890.6133035129224
8Y_H2_N500_POW_seed006,POW,H2,500,6,16,600.0266781459177
8Y_H2_N500_POW_seed006,POW,H2,500,6,17,119.20517562922942
8Y_H2_N500_POW_seed006,POW,H2,500,6,18,1030.7446240779673
8Y_H2_N500_P0_ALL_seed006,P0_ALL,H2,500,6,1,640.2680216855413
8Y_H2_N500_P0_ALL_seed006,P0_ALL,H2,500,6,2,421.5999956312223
8Y_H2_N500_P0_ALL_seed006,P0_ALL,H2,500,6,3,1352.6995658768578
8Y_H2_N500_P0_ALL_seed006,P0_ALL,H2,500,6,4,98.16972323957498
8Y_H2_N500_P0_ALL_seed006,P0_ALL,H2,500,6,5,603.7718074816503
8Y_H2_N500_P0_ALL_seed006,P0_ALL,H2,500,6,6,352.9156448299623
8Y_H2_N500_P0_ALL_seed006,P0_ALL,H2,500,6,7,41.48240973773454
8Y_H2_N500_P0_ALL_seed006,P0_ALL,H2,500,6,8,103.5620562036961
8Y_H2_N500_P0_ALL_seed006,P0_ALL,H2,500,6,9,1258.183032865818
8Y_H2_N500_P0_ALL_seed006,P0_ALL,H2,500,6,10,230.13135012270232
8Y_H2_N500_P0_ALL_seed006,P0_ALL,H2,500,6,11,261.70985926307094
8Y_H2_N500_P0_ALL_seed006,P0_ALL,H2,500,6,12,301.09415703310424
8Y_H2_N500_P0_ALL_seed006,P0_ALL,H2,500,6,13,570.3116005424235
8Y_H2_N500_P0_ALL_seed006,P0_ALL,H2,500,6,14,211.31486281069465
8Y_H2_N500_P0_ALL_seed006,P0_ALL,H2,500,6,15,893.2551666667141
8Y_H2_N500_P0_ALL_seed006,P0_ALL,H2,500,6,16,600.0266781459177
8Y_H2_N500_P0_ALL_seed006,P0_ALL,H2,500,6,17,119.20517562922942
8Y_H2_N500_P0_ALL_seed006,P0_ALL,H2,500,6,18,336.1444043176716
8Y_H2_N500_P0_ALL_seed006,P0_ALL,H2,500,6,19,1034.8324157293027
8Y_H2_N500_P3_ENERGY_seed006,P3_ENERGY,H2,500,6,1,669.1533139359576
8Y_H2_N500_P3_ENERGY_seed006,P3_ENERGY,H2,500,6,2,1955.1081741310481
8Y_H2_N500_P3_ENERGY_seed006,P3_ENERGY,H2,500,6,3,1205.9138273095814
8Y_H2_N500_P3_ENERGY_seed006,P3_ENERGY,H2,500,6,4,352.9745282547342
8Y_H2_N500_P3_ENERGY_seed006,P3_ENERGY,H2,500,6,5,41.695998816299834
8Y_H2_N500_P3_ENERGY_seed006,P3_ENERGY,H2,500,6,6,103.47578739274923
8Y_H2_N500_P3_ENERGY_seed006,P3_ENERGY,H2,500,6,7,1256.167458098811
8Y_H2_N500_P3_ENERGY_seed006,P3_ENERGY,H2,500,6,8,864.1576298912732
8Y_H2_N500_P3_ENERGY_seed006,P3_ENERGY,H2,500,6,9,300.69714050626317
8Y_H2_N500_P3_ENERGY_seed006,P3_ENERGY,H2,500,6,10,813.9864228420238
8Y_H2_N500_P3_ENERGY_seed006,P3_ENERGY,H2,500,6,11,892.8774854555031
8Y_H2_N500_P3_ENERGY_seed006,P3_ENERGY,H2,500,6,12,599.9532593952845
8Y_H2_N500_P3_ENERGY_seed006,P3_ENERGY,H2,500,6,13,938.6168133773626
8Y_H2_N500_P4_RESERVE_seed006,P4_RESERVE,H2,500,6,1,1550.2680216855413
8Y_H2_N500_P4_RESERVE_seed006,P4_RESERVE,H2,500,6,2,731.5130520678083
8Y_H2_N500_P4_RESERVE_seed006,P4_RESERVE,H2,500,6,3,2260.204338650053
8Y_H2_N500_P4_RESERVE_seed006,P4_RESERVE,H2,500,6,4,1417.959368633884
8Y_H2_N500_P4_RESERVE_seed006,P4_RESERVE,H2,500,6,5,1007.7106985760929
8Y_H2_N500_P4_RESERVE_seed006,P4_RESERVE,H2,500,6,6,1.399239266828772
8Y_H2_N500_P4_RESERVE_seed006,P4_RESERVE,H2,500,6,7,352.9399540398008
8Y_H2_N500_P4_RESERVE_seed006,P4_RESERVE,H2,500,6,8,42.708362721839876
8Y_H2_N500_P4_RESERVE_seed006,P4_RESERVE,H2,500,6,9,103.44622311951844
8Y_H2_N500_P4_RESERVE_seed006,P4_RESERVE,H2,500,6,10,2165.3250373078927
8Y_H2_N500_POW_seed007,POW,H2,500,7,1,697.2676341561602
8Y_H2_N500_POW_seed007,POW,H2,500,7,2,531.1035409477219
8Y_H2_N500_POW_seed007,POW,H2,500,7,3,275.2929710958904
8Y_H2_N500_POW_seed007,POW,H2,500,7,4,179.29248398005052
8Y_H2_N500_POW_seed007,POW,H2,500,7,5,780.3011268452121
8Y_H2_N500_POW_seed007,POW,H2,500,7,6,166.82966309687572
8Y_H2_N500_POW_seed007,POW,H2,500,7,7,577.0204281361266
8Y_H2_N500_POW_seed007,POW,H2,500,7,8,495.3200401171457
8Y_H2_N500_POW_seed007,POW,H2,500,7,9,1778.621371795718
8Y_H2_N500_POW_seed007,POW,H2,500,7,10,83.63549520103152
8Y_H2_N500_POW_seed007,POW,H2,500,7,11,166.2662297872521
8Y_H2_N500_POW_seed007,POW,H2,500,7,12,419.66993158307923
8Y_H2_N500_POW_seed007,POW,H2,500,7,13,771.7308338726289
8Y_H2_N500_POW_seed007,POW,H2,500,7,14,74.44065355684234
8Y_H2_N500_POW_seed007,POW,H2,500,7,15,195.87501234556566
8Y_H2_N500_POW_seed007,POW,H2,500,7,16,2226.489057616136
8Y_H2_N500_P0_ALL_seed007,P0_ALL,H2,500,7,1,697.3624588478286
8Y_H2_N500_P0_ALL_seed007,P0_ALL,H2,500,7,2,531.1035409477219
8Y_H2_N500_P0_ALL_seed007,P0_ALL,H2,500,7,3,275.2929710958906
8Y_H2_N500_P0_ALL_seed007,P0_ALL,H2,500,7,4,179.29248398005052
8Y_H2_N500_P0_ALL_seed007,P0_ALL,H2,500,7,5,784.3947594343579
8Y_H2_N500_P0_ALL_seed007,P0_ALL,H2,500,7,6,166.82966309687572
8Y_H2_N500_P0_ALL_seed007,P0_ALL,H2,500,7,7,577.0204281361266
8Y_H2_N500_P0_ALL_seed007,P0_ALL,H2,500,7,8,495.3200401171457
8Y_H2_N500_P0_ALL_seed007,P0_ALL,H2,500,7,9,1784.3432898526894
8Y_H2_N500_P0_ALL_seed007,P0_ALL,H2,500,7,10,83.63549520103152
8Y_H2_N500_P0_ALL_seed007,P0_ALL,H2,500,7,11,166.2662297872521
8Y_H2_N500_P0_ALL_seed007,P0_ALL,H2,500,7,12,419.66993158307923
8Y_H2_N500_P0_ALL_seed007,P0_ALL,H2,500,7,13,774.3790156290543
8Y_H2_N500_P0_ALL_seed007,P0_ALL,H2,500,7,14,74.44065355684234
8Y_H2_N500_P0_ALL_seed007,P0_ALL,H2,500,7,15,195.87501234556566
8Y_H2_N500_P0_ALL_seed007,P0_ALL,H2,500,7,16,2236.7704498654475
8Y_H2_N500_P3_ENERGY_seed007,P3_ENERGY,H2,500,7,1,1097.0218523792548
8Y_H2_N500_P3_ENERGY_seed007,P3_ENERGY,H2,500,7,2,531.103540947722
8Y_H2_N500_P3_ENERGY_seed007,P3_ENERGY,H2,500,7,3,275.2929710958906
8Y_H2_N500_P3_ENERGY_seed007,P3_ENERGY,H2,500,7,4,179.29248398005075
8Y_H2_N500_P3_ENERGY_seed007,P3_ENERGY,H2,500,7,5,6443.2326436486055
8Y_H2_N500_P3_ENERGY_seed007,P3_ENERGY,H2,500,7,6,774.307244884998
8Y_H2_N500_P4_RESERVE_seed007,P4_RESERVE,H2,500,7,1,1607.3624588478287
8Y_H2_N500_P4_RESERVE_seed007,P4_RESERVE,H2,500,7,2,531.1035409477217
8Y_H2_N500_P4_RESERVE_seed007,P4_RESERVE,H2,500,7,3,275.2929710958906
8Y_H2_N500_P4_RESERVE_seed007,P4_RESERVE,H2,500,7,4,179.29248398005075
8Y_H2_N500_P4_RESERVE_seed007,P4_RESERVE,H2,500,7,5,3198.614888014833
8Y_H2_N500_P4_RESERVE_seed007,P4_RESERVE,H2,500,7,6,1089.8643866899756
8Y_H2_N500_P4_RESERVE_seed007,P4_RESERVE,H2,500,7,7,1075.8505745382981
8Y_H2_N500_P4_RESERVE_seed007,P4_RESERVE,H2,500,7,8,804.7029751212322
8Y_H2_N500_POW_seed008,POW,H2,500,8,1,184.59687459718688
8Y_H2_N500_POW_seed008,POW,H2,500,8,2,2166.2552119685984
8Y_H2_N500_POW_seed008,POW,H2,500,8,3,778.4936559804914
8Y_H2_N500_POW_seed008,POW,H2,500,8,4,50.221827534339354
8Y_H2_N500_POW_seed008,POW,H2,500,8,5,1338.2648762895296
8Y_H2_N500_POW_seed008,POW,H2,500,8,6,268.6767702679781
8Y_H2_N500_POW_seed008,POW,H2,500,8,7,601.1117586375549
8Y_H2_N500_POW_seed008,POW,H2,500,8,8,265.64627119753186
8Y_H2_N500_POW_seed008,POW,H2,500,8,9,650.7837542194566
8Y_H2_N500_POW_seed008,POW,H2,500,8,10,476.5367647645071
8Y_H2_N500_POW_seed008,POW,H2,500,8,11,1352.7077622628613
8Y_H2_N500_POW_seed008,POW,H2,500,8,12,986.4437780582748
8Y_H2_N500_POW_seed008,POW,H2,500,8,13,9.666030830789168
8Y_H2_N500_POW_seed008,POW,H2,500,8,14,181.2956132039144
8Y_H2_N500_P0_ALL_seed008,P0_ALL,H2,500,8,1,184.59687459718688
8Y_H2_N500_P0_ALL_seed008,P0_ALL,H2,500,8,2,2173.8941464843388
8Y_H2_N500_P0_ALL_seed008,P0_ALL,H2,500,8,3,782.6626038850932
8Y_H2_N500_P0_ALL_seed008,P0_ALL,H2,500,8,4,50.221827534339354
8Y_H2_N500_P0_ALL_seed008,P0_ALL,H2,500,8,5,1343.9005777623988
8Y_H2_N500_P0_ALL_seed008,P0_ALL,H2,500,8,6,268.6767702679781
8Y_H2_N500_P0_ALL_seed008,P0_ALL,H2,500,8,7,604.5028684818762
8Y_H2_N500_P0_ALL_seed008,P0_ALL,H2,500,8,8,265.64627119753186
8Y_H2_N500_P0_ALL_seed008,P0_ALL,H2,500,8,9,654.3481152076956
8Y_H2_N500_P0_ALL_seed008,P0_ALL,H2,500,8,10,476.5367647645071
8Y_H2_N500_P0_ALL_seed008,P0_ALL,H2,500,8,11,1357.233836808914
8Y_H2_N500_P0_ALL_seed008,P0_ALL,H2,500,8,12,989.0245291693791
8Y_H2_N500_P0_ALL_seed008,P0_ALL,H2,500,8,13,9.666030830789168
8Y_H2_N500_P0_ALL_seed008,P0_ALL,H2,500,8,14,181.2956132039144
8Y_H2_N500_P3_ENERGY_seed008,P3_ENERGY,H2,500,8,1,323.46214917490374
8Y_H2_N500_P3_ENERGY_seed008,P3_ENERGY,H2,500,8,2,2171.6489748929434
8Y_H2_N500_P3_ENERGY_seed008,P3_ENERGY,H2,500,8,3,782.6626038850932
8Y_H2_N500_P3_ENERGY_seed008,P3_ENERGY,H2,500,8,4,50.221827534339354
8Y_H2_N500_P3_ENERGY_seed008,P3_ENERGY,H2,500,8,5,1343.9005777623988
8Y_H2_N500_P3_ENERGY_seed008,P3_ENERGY,H2,500,8,6,268.6767702679781
8Y_H2_N500_P3_ENERGY_seed008,P3_ENERGY,H2,500,8,7,1005.8983011067585
8Y_H2_N500_P3_ENERGY_seed008,P3_ENERGY,H2,500,8,8,265.64627119753186
8Y_H2_N500_P3_ENERGY_seed008,P3_ENERGY,H2,500,8,9,654.3481152076956
8Y_H2_N500_P4_RESERVE_seed008,P4_RESERVE,H2,500,8,1,323.46214917490374
8Y_H2_N500_P4_RESERVE_seed008,P4_RESERVE,H2,500,8,2,794.5968745971868
8Y_H2_N500_P4_RESERVE_seed008,P4_RESERVE,H2,500,8,3,2477.963483467367
8Y_H2_N500_P4_RESERVE_seed008,P4_RESERVE,H2,500,8,4,1688.2363064547544
8Y_H2_N500_P4_RESERVE_seed008,P4_RESERVE,H2,500,8,5,50.265796155688804
8Y_H2_N500_P4_RESERVE_seed008,P4_RESERVE,H2,500,8,6,2250.6223364100333
8Y_H2_N500_P4_RESERVE_seed008,P4_RESERVE,H2,500,8,7,269.5720846371796
8Y_H2_N500_P4_RESERVE_seed008,P4_RESERVE,H2,500,8,8,1913.936188426328
8Y_H2_N500_POW_seed009,POW,H2,500,9,1,688.5739329470067
8Y_H2_N500_POW_seed009,POW,H2,500,9,2,678.2838958349279
8Y_H2_N500_POW_seed009,POW,H2,500,9,3,164.78199300912547
8Y_H2_N500_POW_seed009,POW,H2,500,9,4,1206.057194383182
8Y_H2_N500_POW_seed009,POW,H2,500,9,5,1643.8516103041457
8Y_H2_N500_POW_seed009,POW,H2,500,9,6,40.090928863719455
8Y_H2_N500_POW_seed009,POW,H2,500,9,7,647.6040735419692
8Y_H2_N500_POW_seed009,POW,H2,500,9,8,485.7229526558931
8Y_H2_N500_POW_seed009,POW,H2,500,9,9,128.36602478984787
8Y_H2_N500_POW_seed009,POW,H2,500,9,10,1309.0626196358135
8Y_H2_N500_POW_seed009,POW,H2,500,9,11,315.2572171180782
8Y_H2_N500_POW_seed009,POW,H2,500,9,12,256.9783811445586
8Y_H2_N500_POW_seed009,POW,H2,500,9,13,35.60422220322653
8Y_H2_N500_POW_seed009,POW,H2,500,9,14,100.67424749612564
8Y_H2_N500_POW_seed009,POW,H2,500,9,15,6.8799475110490675
8Y_H2_N500_POW_seed009,POW,H2,500,9,16,121.81227521069923
8Y_H2_N500_POW_seed009,POW,H2,500,9,17,1500.4167726448259
8Y_H2_N500_P0_ALL_seed009,P0_ALL,H2,500,9,1,688.8471067558111
8Y_H2_N500_P0_ALL_seed009,P0_ALL,H2,500,9,2,681.2149827559621
8Y_H2_N500_P0_ALL_seed009,P0_ALL,H2,500,9,3,164.78199300912547
8Y_H2_N500_P0_ALL_seed009,P0_ALL,H2,500,9,4,1212.6438525336894
8Y_H2_N500_P0_ALL_seed009,P0_ALL,H2,500,9,5,1647.211630126073
8Y_H2_N500_P0_ALL_seed009,P0_ALL,H2,500,9,6,40.090928863719455
8Y_H2_N500_P0_ALL_seed009,P0_ALL,H2,500,9,7,650.824800818832
8Y_H2_N500_P0_ALL_seed009,P0_ALL,H2,500,9,8,485.722952655894
8Y_H2_N500_P0_ALL_seed009,P0_ALL,H2,500,9,9,128.36602478984787
8Y_H2_N500_P0_ALL_seed009,P0_ALL,H2,500,9,10,1311.822844645032
8Y_H2_N500_P0_ALL_seed009,P0_ALL,H2,500,9,11,315.2572171180782
8Y_H2_N500_P0_ALL_seed009,P0_ALL,H2,500,9,12,256.9783811445586
8Y_H2_N500_P0_ALL_seed009,P0_ALL,H2,500,9,13,35.60422220322653
8Y_H2_N500_P0_ALL_seed009,P0_ALL,H2,500,9,14,100.67424749612564
8Y_H2_N500_P0_ALL_seed009,P0_ALL,H2,500,9,15,6.8799475110490675
8Y_H2_N500_P0_ALL_seed009,P0_ALL,H2,500,9,16,121.81227521069923
8Y_H2_N500_P0_ALL_seed009,P0_ALL,H2,500,9,17,1505.246989447346
8Y_H2_N500_P3_ENERGY_seed009,P3_ENERGY,H2,500,9,1,688.8471067558111
8Y_H2_N500_P3_ENERGY_seed009,P3_ENERGY,H2,500,9,2,681.159367938736
8Y_H2_N500_P3_ENERGY_seed009,P3_ENERGY,H2,500,9,3,1884.9675158192615
8Y_H2_N500_P3_ENERGY_seed009,P3_ENERGY,H2,500,9,4,1647.2019688067412
8Y_H2_N500_P3_ENERGY_seed009,P3_ENERGY,H2,500,9,5,1251.1852110872678
8Y_H2_N500_P3_ENERGY_seed009,P3_ENERGY,H2,500,9,6,485.83757918813717
8Y_H2_N500_P3_ENERGY_seed009,P3_ENERGY,H2,500,9,7,129.15617024403218
8Y_H2_N500_P3_ENERGY_seed009,P3_ENERGY,H2,500,9,8,1311.3520876573539
8Y_H2_N500_P3_ENERGY_seed009,P3_ENERGY,H2,500,9,9,1907.6789425939542
8Y_H2_N500_P3_ENERGY_seed009,P3_ENERGY,H2,500,9,10,6.372882068400941
8Y_H2_N500_P4_RESERVE_seed009,P4_RESERVE,H2,500,9,1,1598.8471067558112
8Y_H2_N500_P4_RESERVE_seed009,P4_RESERVE,H2,500,9,2,1589.0482124108762
8Y_H2_N500_P4_RESERVE_seed009,P4_RESERVE,H2,500,9,3,774.5735723358835
8Y_H2_N500_P4_RESERVE_seed009,P4_RESERVE,H2,500,9,4,2119.9779668570573
8Y_H2_N500_P4_RESERVE_seed009,P4_RESERVE,H2,500,9,5,2555.244175303311
8Y_H2_N500_P4_RESERVE_seed009,P4_RESERVE,H2,500,9,6,349.81697230054306
8Y_H2_N500_POW_seed010,POW,H2,500,10,1,578.342124311841
8Y_H2_N500_POW_seed010,POW,H2,500,10,2,10.517074445786648
8Y_H2_N500_POW_seed010,POW,H2,500,10,3,125.75549027103807
8Y_H2_N500_POW_seed010,POW,H2,500,10,4,1585.7721123561694
8Y_H2_N500_POW_seed010,POW,H2,500,10,5,236.11420291463764
8Y_H2_N500_POW_seed010,POW,H2,500,10,6,363.7773458677866
8Y_H2_N500_POW_seed010,POW,H2,500,10,7,37.08993899180132
8Y_H2_N500_POW_seed010,POW,H2,500,10,8,619.6149100723546
8Y_H2_N500_POW_seed010,POW,H2,500,10,9,43.36126059203298
8Y_H2_N500_POW_seed010,POW,H2,500,10,10,51.65729125608959
8Y_H2_N500_POW_seed010,POW,H2,500,10,11,161.43487900862237
8Y_H2_N500_POW_seed010,POW,H2,500,10,12,270.61295440318463
8Y_H2_N500_POW_seed010,POW,H2,500,10,13,140.6543972785512
8Y_H2_N500_POW_seed010,POW,H2,500,10,14,1051.086703342814
8Y_H2_N500_POW_seed010,POW,H2,500,10,15,452.89882093667075
8Y_H2_N500_POW_seed010,POW,H2,500,10,16,515.840504461521
8Y_H2_N500_POW_seed010,POW,H2,500,10,17,65.3094958064521
8Y_H2_N500_POW_seed010,POW,H2,500,10,18,974.2656037140541
8Y_H2_N500_POW_seed010,POW,H2,500,10,19,956.9067282087353
8Y_H2_N500_POW_seed010,POW,H2,500,10,20,625.7228958494306
8Y_H2_N500_POW_seed010,POW,H2,500,10,21,409.4875175401503
8Y_H2_N500_POW_seed010,POW,H2,500,10,22,135.18644039916762
8Y_H2_N500_P0_ALL_seed010,P0_ALL,H2,500,10,1,578.342124311841
8Y_H2_N500_P0_ALL_seed010,P0_ALL,H2,500,10,2,10.517074445786648
8Y_H2_N500_P0_ALL_seed010,P0_ALL,H2,500,10,3,125.75549027103807
8Y_H2_N500_P0_ALL_seed010,P0_ALL,H2,500,10,4,1591.1257358624432
8Y_H2_N500_P0_ALL_seed010,P0_ALL,H2,500,10,5,236.11420291463764
8Y_H2_N500_P0_ALL_seed010,P0_ALL,H2,500,10,6,363.7773458677866
8Y_H2_N500_P0_ALL_seed010,P0_ALL,H2,500,10,7,37.08993899180132
8Y_H2_N500_P0_ALL_seed010,P0_ALL,H2,500,10,8,622.976796261888
8Y_H2_N500_P0_ALL_seed010,P0_ALL,H2,500,10,9,43.36126059203298
8Y_H2_N500_P0_ALL_seed010,P0_ALL,H2,500,10,10,51.65729125608959
8Y_H2_N500_P0_ALL_seed010,P0_ALL,H2,500,10,11,161.43487900862237
8Y_H2_N500_P0_ALL_seed010,P0_ALL,H2,500,10,12,270.6129544031851
8Y_H2_N500_P0_ALL_seed010,P0_ALL,H2,500,10,13,140.6543972785512
8Y_H2_N500_P0_ALL_seed010,P0_ALL,H2,500,10,14,1053.7005248339337
8Y_H2_N500_P0_ALL_seed010,P0_ALL,H2,500,10,15,452.89882093667075
8Y_H2_N500_P0_ALL_seed010,P0_ALL,H2,500,10,16,515.840504461521
8Y_H2_N500_P0_ALL_seed010,P0_ALL,H2,500,10,17,65.3094958064521
8Y_H2_N500_P0_ALL_seed010,P0_ALL,H2,500,10,18,978.3889033541
8Y_H2_N500_P0_ALL_seed010,P0_ALL,H2,500,10,19,959.5406101273056
8Y_H2_N500_P0_ALL_seed010,P0_ALL,H2,500,10,20,627.8849946751579
8Y_H2_N500_P0_ALL_seed010,P0_ALL,H2,500,10,21,409.4875175401503
8Y_H2_N500_P0_ALL_seed010,P0_ALL,H2,500,10,22,135.18644039916762
8Y_H2_N500_P3_ENERGY_seed010,P3_ENERGY,H2,500,10,1,578.342124311841
8Y_H2_N500_P3_ENERGY_seed010,P3_ENERGY,H2,500,10,2,801.5197313891967
8Y_H2_N500_P3_ENERGY_seed010,P3_ENERGY,H2,500,10,3,1589.8685048808438
8Y_H2_N500_P3_ENERGY_seed010,P3_ENERGY,H2,500,10,4,1241.4810566589658
8Y_H2_N500_P3_ENERGY_seed010,P3_ENERGY,H2,500,10,5,835.2354191846207
8Y_H2_N500_P3_ENERGY_seed010,P3_ENERGY,H2,500,10,6,42.850463715642036
8Y_H2_N500_P3_ENERGY_seed010,P3_ENERGY,H2,500,10,7,763.1069192499554
8Y_H2_N500_P3_ENERGY_seed010,P3_ENERGY,H2,500,10,8,270.0913250069898
8Y_H2_N500_P3_ENERGY_seed010,P3_ENERGY,H2,500,10,9,140.36971107846875
8Y_H2_N500_P3_ENERGY_seed010,P3_ENERGY,H2,500,10,10,1163.9971432168213
8Y_H2_N500_P3_ENERGY_seed010,P3_ENERGY,H2,500,10,11,1118.2512258495753
8Y_H2_N500_P3_ENERGY_seed010,P3_ENERGY,H2,500,10,12,65.54539623798155
8Y_H2_N500_P3_ENERGY_seed010,P3_ENERGY,H2,500,10,13,1160.651334572678
8Y_H2_N500_P4_RESERVE_seed010,P4_RESERVE,H2,500,10,1,578.342124311841
8Y_H2_N500_P4_RESERVE_seed010,P4_RESERVE,H2,500,10,2,1518.17755378718
8Y_H2_N500_P4_RESERVE_seed010,P4_RESERVE,H2,500,10,3,735.4379608370941
8Y_H2_N500_P4_RESERVE_seed010,P4_RESERVE,H2,500,10,4,1895.9101886034664
8Y_H2_N500_P4_RESERVE_seed010,P4_RESERVE,H2,500,10,5,1747.2919421090564
8Y_H2_N500_P4_RESERVE_seed010,P4_RESERVE,H2,500,10,6,37.19668584675037
8Y_H2_N500_P4_RESERVE_seed010,P4_RESERVE,H2,500,10,7,1723.1342726750663
8Y_H2_N500_P4_RESERVE_seed010,P4_RESERVE,H2,500,10,8,42.142239042164874
8Y_H2_N500_P4_RESERVE_seed010,P4_RESERVE,H2,500,10,9,539.6826064935285
8Y_H2_N500_P4_RESERVE_seed010,P4_RESERVE,H2,500,10,10,161.03623655453157
8Y_H2_N500_P4_RESERVE_seed010,P4_RESERVE,H2,500,10,11,269.87507689238737
8Y_H2_N500_P4_RESERVE_seed010,P4_RESERVE,H2,500,10,12,140.5699436041741
8Y_H2_N500_POW_seed011,POW,H2,500,11,1,51.69513703340499
8Y_H2_N500_POW_seed011,POW,H2,500,11,2,988.8285728749345
8Y_H2_N500_POW_seed011,POW,H2,500,11,3,126.35912728706853
8Y_H2_N500_POW_seed011,POW,H2,500,11,4,399.36141124571895
8Y_H2_N500_POW_seed011,POW,H2,500,11,5,943.650361038143
8Y_H2_N500_POW_seed011,POW,H2,500,11,6,346.2068360526532
8Y_H2_N500_POW_seed011,POW,H2,500,11,7,1293.8489397003736
8Y_H2_N500_POW_seed011,POW,H2,500,11,8,186.37635238980056
8Y_H2_N500_POW_seed011,POW,H2,500,11,9,781.3183955063478
8Y_H2_N500_POW_seed011,POW,H2,500,11,10,546.7615815188838
8Y_H2_N500_POW_seed011,POW,H2,500,11,11,387.6374953601253
8Y_H2_N500_POW_seed011,POW,H2,500,11,12,838.2080659191615
8Y_H2_N500_POW_seed011,POW,H2,500,11,13,517.7465315595264
8Y_H2_N500_POW_seed011,POW,H2,500,11,14,4.708805055914127
8Y_H2_N500_POW_seed011,POW,H2,500,11,15,678.225802630348
8Y_H2_N500_POW_seed011,POW,H2,500,11,16,1.1821439481009293
8Y_H2_N500_POW_seed011,POW,H2,500,11,17,484.90602908492383
8Y_H2_N500_POW_seed011,POW,H2,500,11,18,620.02360011368
8Y_H2_N500_POW_seed011,POW,H2,500,11,19,329.86279516112336
8Y_H2_N500_P0_ALL_seed011,P0_ALL,H2,500,11,1,51.69513703340499
8Y_H2_N500_P0_ALL_seed011,P0_ALL,H2,500,11,2,991.8670935850996
8Y_H2_N500_P0_ALL_seed011,P0_ALL,H2,500,11,3,126.35912728706853
8Y_H2_N500_P0_ALL_seed011,P0_ALL,H2,500,11,4,399.36141124571895
8Y_H2_N500_P0_ALL_seed011,P0_ALL,H2,500,11,5,945.6864500944475
8Y_H2_N500_P0_ALL_seed011,P0_ALL,H2,500,11,6,346.2068360526532
8Y_H2_N500_P0_ALL_seed011,P0_ALL,H2,500,11,7,1301.1039087156182
8Y_H2_N500_P0_ALL_seed011,P0_ALL,H2,500,11,8,186.37635238980056
8Y_H2_N500_P0_ALL_seed011,P0_ALL,H2,500,11,9,784.3542181873354
8Y_H2_N500_P0_ALL_seed011,P0_ALL,H2,500,11,10,546.7615815188838
8Y_H2_N500_P0_ALL_seed011,P0_ALL,H2,500,11,11,387.6374953601253
8Y_H2_N500_P0_ALL_seed011,P0_ALL,H2,500,11,12,841.0578162373567
8Y_H2_N500_P0_ALL_seed011,P0_ALL,H2,500,11,13,517.7465315595264
8Y_H2_N500_P0_ALL_seed011,P0_ALL,H2,500,11,14,4.708805055914127
8Y_H2_N500_P0_ALL_seed011,P0_ALL,H2,500,11,15,681.7684656076608
8Y_H2_N500_P0_ALL_seed011,P0_ALL,H2,500,11,16,1.1821439481009293
8Y_H2_N500_P0_ALL_seed011,P0_ALL,H2,500,11,17,484.90602908492383
8Y_H2_N500_P0_ALL_seed011,P0_ALL,H2,500,11,18,622.9117199870725
8Y_H2_N500_P0_ALL_seed011,P0_ALL,H2,500,11,19,329.86279516112154
8Y_H2_N500_P3_ENERGY_seed011,P3_ENERGY,H2,500,11,1,51.69513703340499
8Y_H2_N500_P3_ENERGY_seed011,P3_ENERGY,H2,500,11,2,991.2265271559527
8Y_H2_N500_P3_ENERGY_seed011,P3_ENERGY,H2,500,11,3,126.35912728706853
8Y_H2_N500_P3_ENERGY_seed011,P3_ENERGY,H2,500,11,4,399.36141124571895
8Y_H2_N500_P3_ENERGY_seed011,P3_ENERGY,H2,500,11,5,1582.4454410467679
8Y_H2_N500_P3_ENERGY_seed011,P3_ENERGY,H2,500,11,6,1299.0169142681907
8Y_H2_N500_P3_ENERGY_seed011,P3_ENERGY,H2,500,11,7,185.8568385364697
8Y_H2_N500_P3_ENERGY_seed011,P3_ENERGY,H2,500,11,8,783.7391477322681
8Y_H2_N500_P3_ENERGY_seed011,P3_ENERGY,H2,500,11,9,546.6972343381403
8Y_H2_N500_P3_ENERGY_seed011,P3_ENERGY,H2,500,11,10,2324.394962829162
8Y_H2_N500_P3_ENERGY_seed011,P3_ENERGY,H2,500,11,11,1283.111808053147
8Y_H2_N500_P3_ENERGY_seed011,P3_ENERGY,H2,500,11,12,383.08829389149105
8Y_H2_N500_P4_RESERVE_seed011,P4_RESERVE,H2,500,11,1,51.69513703340499
8Y_H2_N500_P4_RESERVE_seed011,P4_RESERVE,H2,500,11,2,1898.6582018324077
8Y_H2_N500_P4_RESERVE_seed011,P4_RESERVE,H2,500,11,3,126.35912728706876
8Y_H2_N500_P4_RESERVE_seed011,P4_RESERVE,H2,500,11,4,399.36141124571895
8Y_H2_N500_P4_RESERVE_seed011,P4_RESERVE,H2,500,11,5,2490.6902628602847
8Y_H2_N500_P4_RESERVE_seed011,P4_RESERVE,H2,500,11,6,1854.284861089991
8Y_H2_N500_P4_RESERVE_seed011,P4_RESERVE,H2,500,11,7,93.8489397003732
8Y_H2_N500_P4_RESERVE_seed011,P4_RESERVE,H2,500,11,8,186.37635238980056
8Y_H2_N500_P4_RESERVE_seed011,P4_RESERVE,H2,500,11,9,955.9890042321522
8Y_H2_N500_P4_RESERVE_seed011,P4_RESERVE,H2,500,11,10,181.53098554049848
8Y_H2_N500_P4_RESERVE_seed011,P4_RESERVE,H2,500,11,11,546.9840531914397
8Y_H2_N500_POW_seed012,POW,H2,500,12,1,818.9524818046146
8Y_H2_N500_POW_seed012,POW,H2,500,12,2,383.14913467246845
8Y_H2_N500_POW_seed012,POW,H2,500,12,3,715.8966737035278
8Y_H2_N500_POW_seed012,POW,H2,500,12,4,150.89056554761942
8Y_H2_N500_POW_seed012,POW,H2,500,12,5,456.40837554861946
8Y_H2_N500_POW_seed012,POW,H2,500,12,6,1506.1682096772097
8Y_H2_N500_POW_seed012,POW,H2,500,12,7,121.85232682057404
8Y_H2_N500_POW_seed012,POW,H2,500,12,8,22.330214547409923
8Y_H2_N500_POW_seed012,POW,H2,500,12,9,221.12073766781396
8Y_H2_N500_POW_seed012,POW,H2,500,12,10,24.673149018137337
8Y_H2_N500_POW_seed012,POW,H2,500,12,11,287.269041389477
8Y_H2_N500_POW_seed012,POW,H2,500,12,12,298.00426350483485
8Y_H2_N500_POW_seed012,POW,H2,500,12,13,1044.2294293702143
8Y_H2_N500_POW_seed012,POW,H2,500,12,14,254.1534865139265
8Y_H2_N500_POW_seed012,POW,H2,500,12,15,161.34935731923088
8Y_H2_N500_POW_seed012,POW,H2,500,12,16,162.81999967786032
8Y_H2_N500_POW_seed012,POW,H2,500,12,17,211.362121627918
8Y_H2_N500_POW_seed012,POW,H2,500,12,18,129.6349252965192
8Y_H2_N500_POW_seed012,POW,H2,500,12,19,123.60401803643981
8Y_H2_N500_POW_seed012,POW,H2,500,12,20,432.8748731351943
8Y_H2_N500_POW_seed012,POW,H2,500,12,21,1607.080474649476
8Y_H2_N500_POW_seed012,POW,H2,500,12,22,745.6544272633237
8Y_H2_N500_P0_ALL_seed012,P0_ALL,H2,500,12,1,819.8226994952068
8Y_H2_N500_P0_ALL_seed012,P0_ALL,H2,500,12,2,383.14913467246845
8Y_H2_N500_P0_ALL_seed012,P0_ALL,H2,500,12,3,718.9928178444461
8Y_H2_N500_P0_ALL_seed012,P0_ALL,H2,500,12,4,150.89056554761964
8Y_H2_N500_P0_ALL_seed012,P0_ALL,H2,500,12,5,456.40837554861946
8Y_H2_N500_P0_ALL_seed012,P0_ALL,H2,500,12,6,1510.7057315846241
8Y_H2_N500_P0_ALL_seed012,P0_ALL,H2,500,12,7,121.85232682057358
8Y_H2_N500_P0_ALL_seed012,P0_ALL,H2,500,12,8,22.330214547409923
8Y_H2_N500_P0_ALL_seed012,P0_ALL,H2,500,12,9,221.12073766781396
8Y_H2_N500_P0_ALL_seed012,P0_ALL,H2,500,12,10,24.673149018137337
8Y_H2_N500_P0_ALL_seed012,P0_ALL,H2,500,12,11,287.269041389477
8Y_H2_N500_P0_ALL_seed012,P0_ALL,H2,500,12,12,298.00426350483485
8Y_H2_N500_P0_ALL_seed012,P0_ALL,H2,500,12,13,1047.0659223365028
8Y_H2_N500_P0_ALL_seed012,P0_ALL,H2,500,12,14,254.1534865139265
8Y_H2_N500_P0_ALL_seed012,P0_ALL,H2,500,12,15,161.34935731923088
8Y_H2_N500_P0_ALL_seed012,P0_ALL,H2,500,12,16,162.81999967786032
8Y_H2_N500_P0_ALL_seed012,P0_ALL,H2,500,12,17,211.362121627918
8Y_H2_N500_P0_ALL_seed012,P0_ALL,H2,500,12,18,129.6349252965192
8Y_H2_N500_P0_ALL_seed012,P0_ALL,H2,500,12,19,123.60401803643981
8Y_H2_N500_P0_ALL_seed012,P0_ALL,H2,500,12,20,432.8748731351943
8Y_H2_N500_P0_ALL_seed012,P0_ALL,H2,500,12,21,1612.2794489120497
8Y_H2_N500_P0_ALL_seed012,P0_ALL,H2,500,12,22,748.85276406718
8Y_H2_N500_P3_ENERGY_seed012,P3_ENERGY,H2,500,12,1,2524.927460380488
8Y_H2_N500_P3_ENERGY_seed012,P3_ENERGY,H2,500,12,2,150.56378166067043
8Y_H2_N500_P3_ENERGY_seed012,P3_ENERGY,H2,500,12,3,2112.3513933256063
8Y_H2_N500_P3_ENERGY_seed012,P3_ENERGY,H2,500,12,4,121.21308664626304
8Y_H2_N500_P3_ENERGY_seed012,P3_ENERGY,H2,500,12,5,406.5674697637751
8Y_H2_N500_P3_ENERGY_seed012,P3_ENERGY,H2,500,12,6,221.49411741085896
8Y_H2_N500_P3_ENERGY_seed012,P3_ENERGY,H2,500,12,7,25.43025399581802
8Y_H2_N500_P3_ENERGY_seed012,P3_ENERGY,H2,500,12,8,287.14926164542067
8Y_H2_N500_P3_ENERGY_seed012,P3_ENERGY,H2,500,12,9,550.0800212399336
8Y_H2_N500_P3_ENERGY_seed012,P3_ENERGY,H2,500,12,10,1046.2832911940604
8Y_H2_N500_P3_ENERGY_seed012,P3_ENERGY,H2,500,12,11,763.3751340769822
8Y_H2_N500_P3_ENERGY_seed012,P3_ENERGY,H2,500,12,12,813.0914302225192
8Y_H2_N500_P3_ENERGY_seed012,P3_ENERGY,H2,500,12,13,463.96037284634076
8Y_H2_N500_P3_ENERGY_seed012,P3_ENERGY,H2,500,12,14,124.15368746635613
8Y_H2_N500_P4_RESERVE_seed012,P4_RESERVE,H2,500,12,1,1729.822699495207
8Y_H2_N500_P4_RESERVE_seed012,P4_RESERVE,H2,500,12,2,1292.2663150863887
8Y_H2_N500_P4_RESERVE_seed012,P4_RESERVE,H2,500,12,3,1626.3716969303941
8Y_H2_N500_P4_RESERVE_seed012,P4_RESERVE,H2,500,12,4,150.8905655476201
8Y_H2_N500_P4_RESERVE_seed012,P4_RESERVE,H2,500,12,5,1966.2226215908659
8Y_H2_N500_P4_RESERVE_seed012,P4_RESERVE,H2,500,12,6,1816.0126874672087
8Y_H2_N500_P4_RESERVE_seed012,P4_RESERVE,H2,500,12,7,121.8523268205754
8Y_H2_N500_P4_RESERVE_seed012,P4_RESERVE,H2,500,12,8,407.04468331610406
8Y_H2_N500_P4_RESERVE_seed012,P4_RESERVE,H2,500,12,9,221.12073766781396
8Y_H2_N500_P4_RESERVE_seed012,P4_RESERVE,H2,500,12,10,24.673149018137337
8Y_H2_N500_P4_RESERVE_seed012,P4_RESERVE,H2,500,12,11,287.26904138947793
8Y_H2_N500_POW_seed013,POW,H2,500,13,1,220.5508961278571
8Y_H2_N500_POW_seed013,POW,H2,500,13,2,387.86302166451117
8Y_H2_N500_POW_seed013,POW,H2,500,13,3,1048.734427243253
8Y_H2_N500_POW_seed013,POW,H2,500,13,4,876.1192189026183
8Y_H2_N500_POW_seed013,POW,H2,500,13,5,183.80096395944156
8Y_H2_N500_POW_seed013,POW,H2,500,13,6,1366.9513665355935
8Y_H2_N500_POW_seed013,POW,H2,500,13,7,62.026109690844805
8Y_H2_N500_POW_seed013,POW,H2,500,13,8,1221.5633880469159
8Y_H2_N500_POW_seed013,POW,H2,500,13,9,269.0743659456839
8Y_H2_N500_POW_seed013,POW,H2,500,13,10,63.59932504160406
8Y_H2_N500_POW_seed013,POW,H2,500,13,11,27.49171572674095
8Y_H2_N500_POW_seed013,POW,H2,500,13,12,255.281227016887
8Y_H2_N500_POW_seed013,POW,H2,500,13,13,2332.9348093353474
8Y_H2_N500_POW_seed013,POW,H2,500,13,14,392.38539207457507
8Y_H2_N500_POW_seed013,POW,H2,500,13,15,1213.2024502410277
8Y_H2_N500_P0_ALL_seed013,P0_ALL,H2,500,13,1,220.5508961278571
8Y_H2_N500_P0_ALL_seed013,P0_ALL,H2,500,13,2,387.86302166451117
8Y_H2_N500_P0_ALL_seed013,P0_ALL,H2,500,13,3,1052.0073259761034
8Y_H2_N500_P0_ALL_seed013,P0_ALL,H2,500,13,4,878.7904086828514
8Y_H2_N500_P0_ALL_seed013,P0_ALL,H2,500,13,5,183.80096395944156
8Y_H2_N500_P0_ALL_seed013,P0_ALL,H2,500,13,6,1371.930499286233
8Y_H2_N500_P0_ALL_seed013,P0_ALL,H2,500,13,7,62.02610969084526
8Y_H2_N500_P0_ALL_seed013,P0_ALL,H2,500,13,8,1226.7023998589293
8Y_H2_N500_P0_ALL_seed013,P0_ALL,H2,500,13,9,269.0743659456839
8Y_H2_N500_P0_ALL_seed013,P0_ALL,H2,500,13,10,63.59932504160406
8Y_H2_N500_P0_ALL_seed013,P0_ALL,H2,500,13,11,27.49171572674095
8Y_H2_N500_P0_ALL_seed013,P0_ALL,H2,500,13,12,255.281227016887
8Y_H2_N500_P0_ALL_seed013,P0_ALL,H2,500,13,13,2341.7775752591597
8Y_H2_N500_P0_ALL_seed013,P0_ALL,H2,500,13,14,392.38539207457507
8Y_H2_N500_P0_ALL_seed013,P0_ALL,H2,500,13,15,1218.7139379262608
8Y_H2_N500_P3_ENERGY_seed013,P3_ENERGY,H2,500,13,1,220.5508961278571
8Y_H2_N500_P3_ENERGY_seed013,P3_ENERGY,H2,500,13,2,387.86302166451117
8Y_H2_N500_P3_ENERGY_seed013,P3_ENERGY,H2,500,13,3,1052.0073259761034
8Y_H2_N500_P3_ENERGY_seed013,P3_ENERGY,H2,500,13,4,1388.108937563951
8Y_H2_N500_P3_ENERGY_seed013,P3_ENERGY,H2,500,13,5,1372.5193489352746
8Y_H2_N500_P3_ENERGY_seed013,P3_ENERGY,H2,500,13,6,62.00794963882345
8Y_H2_N500_P3_ENERGY_seed013,P3_ENERGY,H2,500,13,7,1471.4916808768603
8Y_H2_N500_P3_ENERGY_seed013,P3_ENERGY,H2,500,13,8,270.0237369101578
8Y_H2_N500_P3_ENERGY_seed013,P3_ENERGY,H2,500,13,9,62.22569497749555
8Y_H2_N500_P3_ENERGY_seed013,P3_ENERGY,H2,500,13,10,454.14831296674856
8Y_H2_N500_P3_ENERGY_seed013,P3_ENERGY,H2,500,13,11,255.27142458981962
8Y_H2_N500_P3_ENERGY_seed013,P3_ENERGY,H2,500,13,12,2801.9353701132386
8Y_H2_N500_P4_RESERVE_seed013,P4_RESERVE,H2,500,13,1,220.5508961278571
8Y_H2_N500_P4_RESERVE_seed013,P4_RESERVE,H2,500,13,2,387.86302166451117
8Y_H2_N500_P4_RESERVE_seed013,P4_RESERVE,H2,500,13,3,1959.1965971692669
8Y_H2_N500_P4_RESERVE_seed013,P4_RESERVE,H2,500,13,4,2296.251180411042
8Y_H2_N500_P4_RESERVE_seed013,P4_RESERVE,H2,500,13,5,886.1151285137967
8Y_H2_N500_P4_RESERVE_seed013,P4_RESERVE,H2,500,13,6,1676.822144469982
8Y_H2_N500_P4_RESERVE_seed013,P4_RESERVE,H2,500,13,7,62.02610969084526
8Y_H2_N500_P4_RESERVE_seed013,P4_RESERVE,H2,500,13,8,527.0195379061515
8Y_H2_N500_P4_RESERVE_seed013,P4_RESERVE,H2,500,13,9,1776.358778045178
8Y_H2_N500_POW_seed014,POW,H2,500,14,1,241.7966190584755
8Y_H2_N500_POW_seed014,POW,H2,500,14,2,36.0947376617452
8Y_H2_N500_POW_seed014,POW,H2,500,14,3,1757.4780237658542
8Y_H2_N500_POW_seed014,POW,H2,500,14,4,544.0684945033718
8Y_H2_N500_POW_seed014,POW,H2,500,14,5,188.04760500166913
8Y_H2_N500_POW_seed014,POW,H2,500,14,6,172.42119255838952
8Y_H2_N500_POW_seed014,POW,H2,500,14,7,99.86394234905129
8Y_H2_N500_POW_seed014,POW,H2,500,14,8,1277.0052438867701
8Y_H2_N500_POW_seed014,POW,H2,500,14,9,315.0905021294557
8Y_H2_N500_POW_seed014,POW,H2,500,14,10,188.61784450100458
8Y_H2_N500_POW_seed014,POW,H2,500,14,11,339.376100591714
8Y_H2_N500_POW_seed014,POW,H2,500,14,12,34.67672783282342
8Y_H2_N500_POW_seed014,POW,H2,500,14,13,915.1532570475929
8Y_H2_N500_POW_seed014,POW,H2,500,14,14,627.8963275709793
8Y_H2_N500_POW_seed014,POW,H2,500,14,15,581.5039817253846
8Y_H2_N500_POW_seed014,POW,H2,500,14,16,565.32655719791
8Y_H2_N500_POW_seed014,POW,H2,500,14,17,121.39357345876397
8Y_H2_N500_POW_seed014,POW,H2,500,14,18,431.50039076469966
8Y_H2_N500_POW_seed014,POW,H2,500,14,19,98.97594334818314
8Y_H2_N500_POW_seed014,POW,H2,500,14,20,296.95749172037904
8Y_H2_N500_P0_ALL_seed014,P0_ALL,H2,500,14,1,241.7966190584755
8Y_H2_N500_P0_ALL_seed014,P0_ALL,H2,500,14,2,36.0947376617452
8Y_H2_N500_P0_ALL_seed014,P0_ALL,H2,500,14,3,1762.3859580420399
8Y_H2_N500_P0_ALL_seed014,P0_ALL,H2,500,14,4,544.0684945033713
8Y_H2_N500_P0_ALL_seed014,P0_ALL,H2,500,14,5,188.04760500166913
8Y_H2_N500_P0_ALL_seed014,P0_ALL,H2,500,14,6,172.42119255838952
8Y_H2_N500_P0_ALL_seed014,P0_ALL,H2,500,14,7,99.86394234905129
8Y_H2_N500_P0_ALL_seed014,P0_ALL,H2,500,14,8,1283.0977527903037
8Y_H2_N500_P0_ALL_seed014,P0_ALL,H2,500,14,9,315.0905021294557
8Y_H2_N500_P0_ALL_seed014,P0_ALL,H2,500,14,10,188.61784450100458
8Y_H2_N500_P0_ALL_seed014,P0_ALL,H2,500,14,11,339.376100591714
8Y_H2_N500_P0_ALL_seed014,P0_ALL,H2,500,14,12,34.67672783282342
8Y_H2_N500_P0_ALL_seed014,P0_ALL,H2,500,14,13,917.0849183237842
8Y_H2_N500_P0_ALL_seed014,P0_ALL,H2,500,14,14,629.9374080914031
8Y_H2_N500_P0_ALL_seed014,P0_ALL,H2,500,14,15,581.5039817253846
8Y_H2_N500_P0_ALL_seed014,P0_ALL,H2,500,14,16,565.32655719791
8Y_H2_N500_P0_ALL_seed014,P0_ALL,H2,500,14,17,121.39357345876397
8Y_H2_N500_P0_ALL_seed014,P0_ALL,H2,500,14,18,431.50039076469966
8Y_H2_N500_P0_ALL_seed014,P0_ALL,H2,500,14,19,98.97594334818314
8Y_H2_N500_P0_ALL_seed014,P0_ALL,H2,500,14,20,296.95749172037904
8Y_H2_N500_P3_ENERGY_seed014,P3_ENERGY,H2,500,14,1,241.7966190584755
8Y_H2_N500_P3_ENERGY_seed014,P3_ENERGY,H2,500,14,2,2365.8985744272645
8Y_H2_N500_P3_ENERGY_seed014,P3_ENERGY,H2,500,14,3,920.9039056704701
8Y_H2_N500_P3_ENERGY_seed014,P3_ENERGY,H2,500,14,4,172.1764631790761
8Y_H2_N500_P3_ENERGY_seed014,P3_ENERGY,H2,500,14,5,99.59612864671726
8Y_H2_N500_P3_ENERGY_seed014,P3_ENERGY,H2,500,14,6,1281.6784162306008
8Y_H2_N500_P3_ENERGY_seed014,P3_ENERGY,H2,500,14,7,314.26134089326115
8Y_H2_N500_P3_ENERGY_seed014,P3_ENERGY,H2,500,14,8,188.45171558070706
8Y_H2_N500_P3_ENERGY_seed014,P3_ENERGY,H2,500,14,9,635.9721407379284
8Y_H2_N500_P3_ENERGY_seed014,P3_ENERGY,H2,500,14,10,2994.04376642183
8Y_H2_N500_P4_RESERVE_seed014,P4_RESERVE,H2,500,14,1,241.7966190584755
8Y_H2_N500_P4_RESERVE_seed014,P4_RESERVE,H2,500,14,2,1546.5932095494888
8Y_H2_N500_P4_RESERVE_seed014,P4_RESERVE,H2,500,14,3,2067.134444000945
8Y_H2_N500_P4_RESERVE_seed014,P4_RESERVE,H2,500,14,4,1828.3997289057065
8Y_H2_N500_P4_RESERVE_seed014,P4_RESERVE,H2,500,14,5,172.48764802146889
8Y_H2_N500_P4_RESERVE_seed014,P4_RESERVE,H2,500,14,6,99.73666230698018
8Y_H2_N500_P4_RESERVE_seed014,P4_RESERVE,H2,500,14,7,497.6405265165622
8Y_H2_N500_P4_RESERVE_seed014,P4_RESERVE,H2,500,14,8,1586.8612246343519
8Y_H2_N500_P4_RESERVE_seed014,P4_RESERVE,H2,500,14,9,315.0905021294557
8Y_H2_N500_P4_RESERVE_seed014,P4_RESERVE,H2,500,14,10,188.61784450100458
8Y_H2_N500_POW_seed015,POW,H2,500,15,1,27.068703032675845
8Y_H2_N500_POW_seed015,POW,H2,500,15,2,22.651950428918365
8Y_H2_N500_POW_seed015,POW,H2,500,15,3,1080.3749850987303
8Y_H2_N500_POW_seed015,POW,H2,500,15,4,425.31177981791484
8Y_H2_N500_POW_seed015,POW,H2,500,15,5,893.5292805466263
8Y_H2_N500_POW_seed015,POW,H2,500,15,6,199.20002213523503
8Y_H2_N500_POW_seed015,POW,H2,500,15,7,1097.8284450541541
8Y_H2_N500_POW_seed015,POW,H2,500,15,8,270.07384547251786
8Y_H2_N500_POW_seed015,POW,H2,500,15,9,193.1232875880537
8Y_H2_N500_POW_seed015,POW,H2,500,15,10,973.2987542100782
8Y_H2_N500_POW_seed015,POW,H2,500,15,11,553.3031889686572
8Y_H2_N500_POW_seed015,POW,H2,500,15,12,792.8164816521976
8Y_H2_N500_POW_seed015,POW,H2,500,15,13,19.87070084770403
8Y_H2_N500_POW_seed015,POW,H2,500,15,14,64.09252169988031
8Y_H2_N500_POW_seed015,POW,H2,500,15,15,2011.6755112707815
8Y_H2_N500_POW_seed015,POW,H2,500,15,16,6.2495473652761575
8Y_H2_N500_POW_seed015,POW,H2,500,15,17,1363.5394172600336
8Y_H2_N500_P0_ALL_seed015,P0_ALL,H2,500,15,1,27.068703032675845
8Y_H2_N500_P0_ALL_seed015,P0_ALL,H2,500,15,2,22.651950428918365
8Y_H2_N500_P0_ALL_seed015,P0_ALL,H2,500,15,3,1082.7286358501317
8Y_H2_N500_P0_ALL_seed015,P0_ALL,H2,500,15,4,425.31177981791484
8Y_H2_N500_P0_ALL_seed015,P0_ALL,H2,500,15,5,896.8661190436321
8Y_H2_N500_P0_ALL_seed015,P0_ALL,H2,500,15,6,199.20002213523503
8Y_H2_N500_P0_ALL_seed015,P0_ALL,H2,500,15,7,1100.288234086383
8Y_H2_N500_P0_ALL_seed015,P0_ALL,H2,500,15,8,270.07384547251786
8Y_H2_N500_P0_ALL_seed015,P0_ALL,H2,500,15,9,193.12328758805415
8Y_H2_N500_P0_ALL_seed015,P0_ALL,H2,500,15,10,975.6560601438096
8Y_H2_N500_P0_ALL_seed015,P0_ALL,H2,500,15,11,553.3031889686572
8Y_H2_N500_P0_ALL_seed015,P0_ALL,H2,500,15,12,796.3147248064561
8Y_H2_N500_P0_ALL_seed015,P0_ALL,H2,500,15,13,19.87070084770403
8Y_H2_N500_P0_ALL_seed015,P0_ALL,H2,500,15,14,64.09252169988031
8Y_H2_N500_P0_ALL_seed015,P0_ALL,H2,500,15,15,2018.5837967473508
8Y_H2_N500_P0_ALL_seed015,P0_ALL,H2,500,15,16,6.2495473652761575
8Y_H2_N500_P3_ENERGY_seed015,P3_ENERGY,H2,500,15,1,411.85955512977216
8Y_H2_N500_P3_ENERGY_seed015,P3_ENERGY,H2,500,15,2,1685.9164637910917
8Y_H2_N500_P3_ENERGY_seed015,P3_ENERGY,H2,500,15,3,1497.8952651699751
8Y_H2_N500_P3_ENERGY_seed015,P3_ENERGY,H2,500,15,4,485.93510176701466
8Y_H2_N500_P3_ENERGY_seed015,P3_ENERGY,H2,500,15,5,1101.1675511845442
8Y_H2_N500_P3_ENERGY_seed015,P3_ENERGY,H2,500,15,6,269.9842400800735
8Y_H2_N500_P3_ENERGY_seed015,P3_ENERGY,H2,500,15,7,1684.3477894941052
8Y_H2_N500_P3_ENERGY_seed015,P3_ENERGY,H2,500,15,8,553.2550876081623
8Y_H2_N500_P3_ENERGY_seed015,P3_ENERGY,H2,500,15,9,796.7934045514085
8Y_H2_N500_P3_ENERGY_seed015,P3_ENERGY,H2,500,15,10,666.6915148349108
8Y_H2_N500_P4_RESERVE_seed015,P4_RESERVE,H2,500,15,1,411.85955512977216
8Y_H2_N500_P4_RESERVE_seed015,P4_RESERVE,H2,500,15,2,937.0687030326758
8Y_H2_N500_P4_RESERVE_seed015,P4_RESERVE,H2,500,15,3,632.5236956374624
8Y_H2_N500_P4_RESERVE_seed015,P4_RESERVE,H2,500,15,4,480.9449018074688
8Y_H2_N500_P4_RESERVE_seed015,P4_RESERVE,H2,500,15,5,734.9006068052549
8Y_H2_N500_P4_RESERVE_seed015,P4_RESERVE,H2,500,15,6,1803.4756918035278
8Y_H2_N500_P4_RESERVE_seed015,P4_RESERVE,H2,500,15,7,485.60503118721226
8Y_H2_N500_P4_RESERVE_seed015,P4_RESERVE,H2,500,15,8,2008.7752530409061
8Y_H2_N500_P4_RESERVE_seed015,P4_RESERVE,H2,500,15,9,269.83122358825494
8Y_H2_N500_POW_seed016,POW,H2,500,16,1,500.71909692037354
8Y_H2_N500_POW_seed016,POW,H2,500,16,2,289.54441904104385
8Y_H2_N500_POW_seed016,POW,H2,500,16,3,1062.3931975874436
8Y_H2_N500_POW_seed016,POW,H2,500,16,4,388.74668200841165
8Y_H2_N500_POW_seed016,POW,H2,500,16,5,874.5308405004703
8Y_H2_N500_POW_seed016,POW,H2,500,16,6,184.2236982250165
8Y_H2_N500_POW_seed016,POW,H2,500,16,7,143.95781609157848
8Y_H2_N500_POW_seed016,POW,H2,500,16,8,187.4257201402529
8Y_H2_N500_POW_seed016,POW,H2,500,16,9,1253.6388810792537
8Y_H2_N500_POW_seed016,POW,H2,500,16,10,1253.1130521067917
8Y_H2_N500_POW_seed016,POW,H2,500,16,11,436.03155333103496
8Y_H2_N500_POW_seed016,POW,H2,500,16,12,42.70858659031819
8Y_H2_N500_POW_seed016,POW,H2,500,16,13,480.9745033456775
8Y_H2_N500_POW_seed016,POW,H2,500,16,14,1243.9666422641913
8Y_H2_N500_POW_seed016,POW,H2,500,16,15,474.14330372567565
8Y_H2_N500_P0_ALL_seed016,P0_ALL,H2,500,16,1,500.71909692037354
8Y_H2_N500_P0_ALL_seed016,P0_ALL,H2,500,16,2,289.54441904104385
8Y_H2_N500_P0_ALL_seed016,P0_ALL,H2,500,16,3,1066.1743838266011
8Y_H2_N500_P0_ALL_seed016,P0_ALL,H2,500,16,4,388.7466820084119
8Y_H2_N500_P0_ALL_seed016,P0_ALL,H2,500,16,5,877.409210361343
8Y_H2_N500_P0_ALL_seed016,P0_ALL,H2,500,16,6,184.2236982250165
8Y_H2_N500_P0_ALL_seed016,P0_ALL,H2,500,16,7,143.95781609157848
8Y_H2_N500_P0_ALL_seed016,P0_ALL,H2,500,16,8,187.4257201402529
8Y_H2_N500_P0_ALL_seed016,P0_ALL,H2,500,16,9,1259.5183866803513
8Y_H2_N500_P0_ALL_seed016,P0_ALL,H2,500,16,10,1259.018531118717
8Y_H2_N500_P0_ALL_seed016,P0_ALL,H2,500,16,11,436.03155333103496
8Y_H2_N500_P0_ALL_seed016,P0_ALL,H2,500,16,12,42.70858659031819
8Y_H2_N500_P0_ALL_seed016,P0_ALL,H2,500,16,13,480.9745033456775
8Y_H2_N500_P0_ALL_seed016,P0_ALL,H2,500,16,14,1250.5078807274385
8Y_H2_N500_P0_ALL_seed016,P0_ALL,H2,500,16,15,474.14330372567565
8Y_H2_N500_P3_ENERGY_seed016,P3_ENERGY,H2,500,16,1,500.71909692037354
8Y_H2_N500_P3_ENERGY_seed016,P3_ENERGY,H2,500,16,2,289.54441904104385
8Y_H2_N500_P3_ENERGY_seed016,P3_ENERGY,H2,500,16,3,1065.2766180590058
8Y_H2_N500_P3_ENERGY_seed016,P3_ENERGY,H2,500,16,4,586.8498507401102
8Y_H2_N500_P3_ENERGY_seed016,P3_ENERGY,H2,500,16,5,877.2032525928353
8Y_H2_N500_P3_ENERGY_seed016,P3_ENERGY,H2,500,16,6,184.2236982250165
8Y_H2_N500_P3_ENERGY_seed016,P3_ENERGY,H2,500,16,7,790.2238664876163
8Y_H2_N500_P3_ENERGY_seed016,P3_ENERGY,H2,500,16,8,3327.992036225103
8Y_H2_N500_P3_ENERGY_seed016,P3_ENERGY,H2,500,16,9,645.6104127188319
8Y_H2_N500_P3_ENERGY_seed016,P3_ENERGY,H2,500,16,10,480.9945953458173
8Y_H2_N500_P4_RESERVE_seed016,P4_RESERVE,H2,500,16,1,500.71909692037354
8Y_H2_N500_P4_RESERVE_seed016,P4_RESERVE,H2,500,16,2,289.54441904104385
8Y_H2_N500_P4_RESERVE_seed016,P4_RESERVE,H2,500,16,3,1972.8009893990966
8Y_H2_N500_P4_RESERVE_seed016,P4_RESERVE,H2,500,16,4,586.8498507401105
8Y_H2_N500_P4_RESERVE_seed016,P4_RESERVE,H2,500,16,5,698.4909475026448
8Y_H2_N500_P4_RESERVE_seed016,P4_RESERVE,H2,500,16,6,274.78237534185337
8Y_H2_N500_P4_RESERVE_seed016,P4_RESERVE,H2,500,16,7,184.15184469625
8Y_H2_N500_P4_RESERVE_seed016,P4_RESERVE,H2,500,16,8,1697.3845129448982
8Y_H2_N500_P4_RESERVE_seed016,P4_RESERVE,H2,500,16,9,1785.7259910237835
8Y_H2_N500_POW_seed017,POW,H2,500,17,1,310.39506030797173
8Y_H2_N500_POW_seed017,POW,H2,500,17,2,269.9717292912357
8Y_H2_N500_POW_seed017,POW,H2,500,17,3,43.78643051835388
8Y_H2_N500_POW_seed017,POW,H2,500,17,4,62.74554943972589
8Y_H2_N500_POW_seed017,POW,H2,500,17,5,527.8732019205189
8Y_H2_N500_POW_seed017,POW,H2,500,17,6,1956.7606956831494
8Y_H2_N500_POW_seed017,POW,H2,500,17,7,272.53281372409947
8Y_H2_N500_POW_seed017,POW,H2,500,17,8,574.0082356138973
8Y_H2_N500_POW_seed017,POW,H2,500,17,9,590.4615853970045
8Y_H2_N500_POW_seed017,POW,H2,500,17,10,146.0201380786266
8Y_H2_N500_POW_seed017,POW,H2,500,17,11,70.05246836358583
8Y_H2_N500_POW_seed017,POW,H2,500,17,12,684.0344586181309
8Y_H2_N500_POW_seed017,POW,H2,500,17,13,462.78646401784044
8Y_H2_N500_POW_seed017,POW,H2,500,17,14,489.74537674271596
8Y_H2_N500_POW_seed017,POW,H2,500,17,15,475.4225320141222
8Y_H2_N500_POW_seed017,POW,H2,500,17,16,97.41167813010361
8Y_H2_N500_POW_seed017,POW,H2,500,17,17,473.70552677006526
8Y_H2_N500_POW_seed017,POW,H2,500,17,18,318.5015787573593
8Y_H2_N500_POW_seed017,POW,H2,500,17,19,219.15448477904647
8Y_H2_N500_POW_seed017,POW,H2,500,17,20,442.05182870904446
8Y_H2_N500_POW_seed017,POW,H2,500,17,21,1073.221015493511
8Y_H2_N500_P0_ALL_seed017,P0_ALL,H2,500,17,1,310.39506030797173
8Y_H2_N500_P0_ALL_seed017,P0_ALL,H2,500,17,2,269.9717292912357
8Y_H2_N500_P0_ALL_seed017,P0_ALL,H2,500,17,3,43.78643051835388
8Y_H2_N500_P0_ALL_seed017,P0_ALL,H2,500,17,4,62.74554943972589
8Y_H2_N500_P0_ALL_seed017,P0_ALL,H2,500,17,5,527.8732019205189
8Y_H2_N500_P0_ALL_seed017,P0_ALL,H2,500,17,6,1964.692460401341
8Y_H2_N500_P0_ALL_seed017,P0_ALL,H2,500,17,7,272.53281372409947
8Y_H2_N500_P0_ALL_seed017,P0_ALL,H2,500,17,8,574.0082356138973
8Y_H2_N500_P0_ALL_seed017,P0_ALL,H2,500,17,9,590.4615853970045
8Y_H2_N500_P0_ALL_seed017,P0_ALL,H2,500,17,10,146.0201380786266
8Y_H2_N500_P0_ALL_seed017,P0_ALL,H2,500,17,11,70.05246836358583
8Y_H2_N500_P0_ALL_seed017,P0_ALL,H2,500,17,12,686.7213581876831
8Y_H2_N500_P0_ALL_seed017,P0_ALL,H2,500,17,13,462.78646401784044
8Y_H2_N500_P0_ALL_seed017,P0_ALL,H2,500,17,14,489.74537674271596
8Y_H2_N500_P0_ALL_seed017,P0_ALL,H2,500,17,15,475.4225320141222
8Y_H2_N500_P0_ALL_seed017,P0_ALL,H2,500,17,16,97.41167813010361
8Y_H2_N500_P0_ALL_seed017,P0_ALL,H2,500,17,17,473.70552677006526
8Y_H2_N500_P0_ALL_seed017,P0_ALL,H2,500,17,18,318.5015787573593
8Y_H2_N500_P0_ALL_seed017,P0_ALL,H2,500,17,19,219.15448477904647
8Y_H2_N500_P0_ALL_seed017,P0_ALL,H2,500,17,20,442.05182870904446
8Y_H2_N500_P0_ALL_seed017,P0_ALL,H2,500,17,21,1076.8505897575233
8Y_H2_N500_P3_ENERGY_seed017,P3_ENERGY,H2,500,17,1,310.39506030797173
8Y_H2_N500_P3_ENERGY_seed017,P3_ENERGY,H2,500,17,2,645.913772195519
8Y_H2_N500_P3_ENERGY_seed017,P3_ENERGY,H2,500,17,3,60.9376104721639
8Y_H2_N500_P3_ENERGY_seed017,P3_ENERGY,H2,500,17,4,527.9859893004736
8Y_H2_N500_P3_ENERGY_seed017,P3_ENERGY,H2,500,17,5,1964.798608771518
8Y_H2_N500_P3_ENERGY_seed017,P3_ENERGY,H2,500,17,6,597.566155284529
8Y_H2_N500_P3_ENERGY_seed017,P3_ENERGY,H2,500,17,7,574.0115599557121
8Y_H2_N500_P3_ENERGY_seed017,P3_ENERGY,H2,500,17,8,748.6587661758158
8Y_H2_N500_P3_ENERGY_seed017,P3_ENERGY,H2,500,17,9,353.66776661905897
8Y_H2_N500_P3_ENERGY_seed017,P3_ENERGY,H2,500,17,10,686.7738527819411
8Y_H2_N500_P3_ENERGY_seed017,P3_ENERGY,H2,500,17,11,1093.2225197884127
8Y_H2_N500_P3_ENERGY_seed017,P3_ENERGY,H2,500,17,12,474.80522713357095
8Y_H2_N500_P3_ENERGY_seed017,P3_ENERGY,H2,500,17,13,97.58857289903972
8Y_H2_N500_P3_ENERGY_seed017,P3_ENERGY,H2,500,17,14,473.85566670471053
8Y_H2_N500_P3_ENERGY_seed017,P3_ENERGY,H2,500,17,15,387.6208840125473
8Y_H2_N500_P3_ENERGY_seed017,P3_ENERGY,H2,500,17,16,218.90485201443335
8Y_H2_N500_P4_RESERVE_seed017,P4_RESERVE,H2,500,17,1,310.39506030797173
8Y_H2_N500_P4_RESERVE_seed017,P4_RESERVE,H2,500,17,2,1553.7618767845395
8Y_H2_N500_P4_RESERVE_seed017,P4_RESERVE,H2,500,17,3,60.937610472164124
8Y_H2_N500_P4_RESERVE_seed017,P4_RESERVE,H2,500,17,4,527.9859893004736
8Y_H2_N500_P4_RESERVE_seed017,P4_RESERVE,H2,500,17,5,2872.1943684056996
8Y_H2_N500_P4_RESERVE_seed017,P4_RESERVE,H2,500,17,6,597.5661552845295
8Y_H2_N500_P4_RESERVE_seed017,P4_RESERVE,H2,500,17,7,574.0115599557121
8Y_H2_N500_P4_RESERVE_seed017,P4_RESERVE,H2,500,17,8,1656.4905666436625
8Y_H2_N500_P4_RESERVE_seed017,P4_RESERVE,H2,500,17,9,353.66776661905897
8Y_H2_N500_POW_seed018,POW,H2,500,18,1,523.8401688400858
8Y_H2_N500_POW_seed018,POW,H2,500,18,2,567.191785443874
8Y_H2_N500_POW_seed018,POW,H2,500,18,3,159.69776400982687
8Y_H2_N500_POW_seed018,POW,H2,500,18,4,646.4046520878912
8Y_H2_N500_POW_seed018,POW,H2,500,18,5,1084.7427624410075
8Y_H2_N500_POW_seed018,POW,H2,500,18,6,934.4413061181708
8Y_H2_N500_POW_seed018,POW,H2,500,18,7,662.004296934666
8Y_H2_N500_POW_seed018,POW,H2,500,18,8,390.54706696914127
8Y_H2_N500_POW_seed018,POW,H2,500,18,9,1587.8342051990248
8Y_H2_N500_POW_seed018,POW,H2,500,18,10,449.4580469679113
8Y_H2_N500_POW_seed018,POW,H2,500,18,11,26.073859094741238
8Y_H2_N500_POW_seed018,POW,H2,500,18,12,31.380231947208813
8Y_H2_N500_POW_seed018,POW,H2,500,18,13,223.18855884628738
8Y_H2_N500_POW_seed018,POW,H2,500,18,14,419.9626290534088
8Y_H2_N500_POW_seed018,POW,H2,500,18,15,87.31757753259353
8Y_H2_N500_POW_seed018,POW,H2,500,18,16,406.72594914269393
8Y_H2_N500_POW_seed018,POW,H2,500,18,17,556.1468983955438
8Y_H2_N500_POW_seed018,POW,H2,500,18,18,938.8577344639671
8Y_H2_N500_P0_ALL_seed018,P0_ALL,H2,500,18,1,523.8401688400858
8Y_H2_N500_P0_ALL_seed018,P0_ALL,H2,500,18,2,567.191785443874
8Y_H2_N500_P0_ALL_seed018,P0_ALL,H2,500,18,3,159.69776400982687
8Y_H2_N500_P0_ALL_seed018,P0_ALL,H2,500,18,4,650.5301992765767
8Y_H2_N500_P0_ALL_seed018,P0_ALL,H2,500,18,5,1086.4633673725095
8Y_H2_N500_P0_ALL_seed018,P0_ALL,H2,500,18,6,937.6025024354904
8Y_H2_N500_P0_ALL_seed018,P0_ALL,H2,500,18,7,662.9736026516603
8Y_H2_N500_P0_ALL_seed018,P0_ALL,H2,500,18,8,390.54706696914127
8Y_H2_N500_P0_ALL_seed018,P0_ALL,H2,500,18,9,1591.908808798682
8Y_H2_N500_P0_ALL_seed018,P0_ALL,H2,500,18,10,449.4580469679113
8Y_H2_N500_P0_ALL_seed018,P0_ALL,H2,500,18,11,26.073859094741238
8Y_H2_N500_P0_ALL_seed018,P0_ALL,H2,500,18,12,31.380231947208813
8Y_H2_N500_P0_ALL_seed018,P0_ALL,H2,500,18,13,223.18855884628738
8Y_H2_N500_P0_ALL_seed018,P0_ALL,H2,500,18,14,419.9626290534088
8Y_H2_N500_P0_ALL_seed018,P0_ALL,H2,500,18,15,87.31757753259353
8Y_H2_N500_P0_ALL_seed018,P0_ALL,H2,500,18,16,406.72594914269484
8Y_H2_N500_P0_ALL_seed018,P0_ALL,H2,500,18,17,556.1468983955438
8Y_H2_N500_P0_ALL_seed018,P0_ALL,H2,500,18,18,942.3309037601812
8Y_H2_N500_P3_ENERGY_seed018,P3_ENERGY,H2,500,18,1,523.8401688400858
8Y_H2_N500_P3_ENERGY_seed018,P3_ENERGY,H2,500,18,2,762.8033382003315
8Y_H2_N500_P3_ENERGY_seed018,P3_ENERGY,H2,500,18,3,648.5202552971596
8Y_H2_N500_P3_ENERGY_seed018,P3_ENERGY,H2,500,18,4,1087.3811885453865
8Y_H2_N500_P3_ENERGY_seed018,P3_ENERGY,H2,500,18,5,2799.7536254886954
8Y_H2_N500_P3_ENERGY_seed018,P3_ENERGY,H2,500,18,6,1591.408273683529
8Y_H2_N500_P3_ENERGY_seed018,P3_ENERGY,H2,500,18,7,1236.701149098034
8Y_H2_N500_P3_ENERGY_seed018,P3_ENERGY,H2,500,18,8,1292.9807346111957
8Y_H2_N500_P4_RESERVE_seed018,P4_RESERVE,H2,500,18,1,523.8401688400858
8Y_H2_N500_P4_RESERVE_seed018,P4_RESERVE,H2,500,18,2,877.1533287381791
8Y_H2_N500_P4_RESERVE_seed018,P4_RESERVE,H2,500,18,3,159.69776400982687
8Y_H2_N500_P4_RESERVE_seed018,P4_RESERVE,H2,500,18,4,1556.902249846172
8Y_H2_N500_P4_RESERVE_seed018,P4_RESERVE,H2,500,18,5,1993.6137959854777
8Y_H2_N500_P4_RESERVE_seed018,P4_RESERVE,H2,500,18,6,2700.9350055238383
8Y_H2_N500_P4_RESERVE_seed018,P4_RESERVE,H2,500,18,7,944.4403669348167
8Y_H2_N500_P4_RESERVE_seed018,P4_RESERVE,H2,500,18,8,370.58484690604746
8Y_H2_N500_POW_seed019,POW,H2,500,19,1,500.3825536520192
8Y_H2_N500_POW_seed019,POW,H2,500,19,2,885.1829766723451
8Y_H2_N500_POW_seed019,POW,H2,500,19,3,310.2107868386388
8Y_H2_N500_POW_seed019,POW,H2,500,19,4,228.40450595438574
8Y_H2_N500_POW_seed019,POW,H2,500,19,5,1094.307147938632
8Y_H2_N500_POW_seed019,POW,H2,500,19,6,102.44572635562872
8Y_H2_N500_POW_seed019,POW,H2,500,19,7,27.495593232744795
8Y_H2_N500_POW_seed019,POW,H2,500,19,8,125.75597715082677
8Y_H2_N500_POW_seed019,POW,H2,500,19,9,628.8338845997737
8Y_H2_N500_POW_seed019,POW,H2,500,19,10,339.2043374001555
8Y_H2_N500_POW_seed019,POW,H2,500,19,11,625.910326070356
8Y_H2_N500_POW_seed019,POW,H2,500,19,12,19.198261152670057
8Y_H2_N500_POW_seed019,POW,H2,500,19,13,1246.3239012516888
8Y_H2_N500_POW_seed019,POW,H2,500,19,14,812.6718294031871
8Y_H2_N500_POW_seed019,POW,H2,500,19,15,933.674089922657
8Y_H2_N500_POW_seed019,POW,H2,500,19,16,1783.824864594536
8Y_H2_N500_P0_ALL_seed019,P0_ALL,H2,500,19,1,500.3825536520192
8Y_H2_N500_P0_ALL_seed019,P0_ALL,H2,500,19,2,888.0448224354529
8Y_H2_N500_P0_ALL_seed019,P0_ALL,H2,500,19,3,310.2107868386388
8Y_H2_N500_P0_ALL_seed019,P0_ALL,H2,500,19,4,228.40450595438574
8Y_H2_N500_P0_ALL_seed019,P0_ALL,H2,500,19,5,1097.412577929061
8Y_H2_N500_P0_ALL_seed019,P0_ALL,H2,500,19,6,102.44572635562872
8Y_H2_N500_P0_ALL_seed019,P0_ALL,H2,500,19,7,27.495593232744795
8Y_H2_N500_P0_ALL_seed019,P0_ALL,H2,500,19,8,125.75597715082677
8Y_H2_N500_P0_ALL_seed019,P0_ALL,H2,500,19,9,633.4968528503614
8Y_H2_N500_P0_ALL_seed019,P0_ALL,H2,500,19,10,339.2043374001555
8Y_H2_N500_P0_ALL_seed019,P0_ALL,H2,500,19,11,628.5280409967036
8Y_H2_N500_P0_ALL_seed019,P0_ALL,H2,500,19,12,19.198261152670057
8Y_H2_N500_P0_ALL_seed019,P0_ALL,H2,500,19,13,1250.628755222814
8Y_H2_N500_P0_ALL_seed019,P0_ALL,H2,500,19,14,815.8744517217629
8Y_H2_N500_P0_ALL_seed019,P0_ALL,H2,500,19,15,935.1841460567794
8Y_H2_N500_P0_ALL_seed019,P0_ALL,H2,500,19,16,1789.4377526394064
8Y_H2_N500_P3_ENERGY_seed019,P3_ENERGY,H2,500,19,1,500.3825536520192
8Y_H2_N500_P3_ENERGY_seed019,P3_ENERGY,H2,500,19,2,2035.1857985074632
8Y_H2_N500_P3_ENERGY_seed019,P3_ENERGY,H2,500,19,3,1096.0275429231706
8Y_H2_N500_P3_ENERGY_seed019,P3_ENERGY,H2,500,19,4,103.55007671766953
8Y_H2_N500_P3_ENERGY_seed019,P3_ENERGY,H2,500,19,5,27.23418714327363
8Y_H2_N500_P3_ENERGY_seed019,P3_ENERGY,H2,500,19,6,126.2380554170536
8Y_H2_N500_P3_ENERGY_seed019,P3_ENERGY,H2,500,19,7,631.525204816036
8Y_H2_N500_P3_ENERGY_seed019,P3_ENERGY,H2,500,19,8,338.6144827218386
8Y_H2_N500_P3_ENERGY_seed019,P3_ENERGY,H2,500,19,9,1227.6192620219235
8Y_H2_N500_P3_ENERGY_seed019,P3_ENERGY,H2,500,19,10,2623.1460562617085
8Y_H2_N500_P4_RESERVE_seed019,P4_RESERVE,H2,500,19,1,500.3825536520192
8Y_H2_N500_P4_RESERVE_seed019,P4_RESERVE,H2,500,19,2,2399.0053169108674
8Y_H2_N500_P4_RESERVE_seed019,P4_RESERVE,H2,500,19,3,226.4948446697381
8Y_H2_N500_P4_RESERVE_seed019,P4_RESERVE,H2,500,19,4,1220.0347193334928
8Y_H2_N500_P4_RESERVE_seed019,P4_RESERVE,H2,500,19,5,494.3071479386317
8Y_H2_N500_P4_RESERVE_seed019,P4_RESERVE,H2,500,19,6,102.44572635562872
8Y_H2_N500_P4_RESERVE_seed019,P4_RESERVE,H2,500,19,7,27.495593232744795
8Y_H2_N500_P4_RESERVE_seed019,P4_RESERVE,H2,500,19,8,125.75597715082677
8Y_H2_N500_P4_RESERVE_seed019,P4_RESERVE,H2,500,19,9,1539.4015865682077
8Y_H2_N500_P4_RESERVE_seed019,P4_RESERVE,H2,500,19,10,339.20433740015505
8Y_H2_N500_P4_RESERVE_seed019,P4_RESERVE,H2,500,19,11,2131.9877398150556
8Y_H2_N500_POW_seed020,POW,H2,500,20,1,396.82776328989786
8Y_H2_N500_POW_seed020,POW,H2,500,20,2,3088.782504789999
8Y_H2_N500_POW_seed020,POW,H2,500,20,3,2019.9700182285774
8Y_H2_N500_POW_seed020,POW,H2,500,20,4,271.73025449361376
8Y_H2_N500_POW_seed020,POW,H2,500,20,5,427.67030790779154
8Y_H2_N500_POW_seed020,POW,H2,500,20,6,1191.7088947736547
8Y_H2_N500_POW_seed020,POW,H2,500,20,7,353.7494294955268
8Y_H2_N500_POW_seed020,POW,H2,500,20,8,794.4462651038875
8Y_H2_N500_POW_seed020,POW,H2,500,20,9,104.8945934164476
8Y_H2_N500_POW_seed020,POW,H2,500,20,10,598.809440304618
8Y_H2_N500_POW_seed020,POW,H2,500,20,11,49.73863148305463
8Y_H2_N500_POW_seed020,POW,H2,500,20,12,333.1369604313404
8Y_H2_N500_POW_seed020,POW,H2,500,20,13,96.59939149207457
8Y_H2_N500_POW_seed020,POW,H2,500,20,14,264.512712280266
8Y_H2_N500_P0_ALL_seed020,P0_ALL,H2,500,20,1,396.82776328989786
8Y_H2_N500_P0_ALL_seed020,P0_ALL,H2,500,20,2,3100.9735887647935
8Y_H2_N500_P0_ALL_seed020,P0_ALL,H2,500,20,3,2027.1203907263694
8Y_H2_N500_P0_ALL_seed020,P0_ALL,H2,500,20,4,271.73025449361376
8Y_H2_N500_P0_ALL_seed020,P0_ALL,H2,500,20,5,427.67030790779154
8Y_H2_N500_P0_ALL_seed020,P0_ALL,H2,500,20,6,1194.6823297756537
8Y_H2_N500_P0_ALL_seed020,P0_ALL,H2,500,20,7,353.7494294955268
8Y_H2_N500_P0_ALL_seed020,P0_ALL,H2,500,20,8,796.3080819809356
8Y_H2_N500_P0_ALL_seed020,P0_ALL,H2,500,20,9,104.8945934164476
8Y_H2_N500_P0_ALL_seed020,P0_ALL,H2,500,20,10,598.809440304618
8Y_H2_N500_P0_ALL_seed020,P0_ALL,H2,500,20,11,49.73863148305463
8Y_H2_N500_P0_ALL_seed020,P0_ALL,H2,500,20,12,333.1369604313404
8Y_H2_N500_P0_ALL_seed020,P0_ALL,H2,500,20,13,96.59939149207457
8Y_H2_N500_P3_ENERGY_seed020,P3_ENERGY,H2,500,20,1,396.82776328989786
8Y_H2_N500_P3_ENERGY_seed020,P3_ENERGY,H2,500,20,2,3099.083705889842
8Y_H2_N500_P3_ENERGY_seed020,P3_ENERGY,H2,500,20,3,2026.0646817817446
8Y_H2_N500_P3_ENERGY_seed020,P3_ENERGY,H2,500,20,4,271.73025449361376
8Y_H2_N500_P3_ENERGY_seed020,P3_ENERGY,H2,500,20,5,427.67030790779154
8Y_H2_N500_P3_ENERGY_seed020,P3_ENERGY,H2,500,20,6,1194.6823297756537
8Y_H2_N500_P3_ENERGY_seed020,P3_ENERGY,H2,500,20,7,353.7494294955268
8Y_H2_N500_P3_ENERGY_seed020,P3_ENERGY,H2,500,20,8,796.3080819809356
8Y_H2_N500_P3_ENERGY_seed020,P3_ENERGY,H2,500,20,9,104.8945934164476
8Y_H2_N500_P3_ENERGY_seed020,P3_ENERGY,H2,500,20,10,651.4002904763474
8Y_H2_N500_P3_ENERGY_seed020,P3_ENERGY,H2,500,20,11,333.11707548358936
8Y_H2_N500_P3_ENERGY_seed020,P3_ENERGY,H2,500,20,12,97.47626801155639
8Y_H2_N500_P4_RESERVE_seed020,P4_RESERVE,H2,500,20,1,396.82776328989786
8Y_H2_N500_P4_RESERVE_seed020,P4_RESERVE,H2,500,20,2,4008.7145605757905
8Y_H2_N500_P4_RESERVE_seed020,P4_RESERVE,H2,500,20,3,2934.5278735180736
8Y_H2_N500_P4_RESERVE_seed020,P4_RESERVE,H2,500,20,4,271.73025449361376
8Y_H2_N500_P4_RESERVE_seed020,P4_RESERVE,H2,500,20,5,427.67030790779154
8Y_H2_N500_P4_RESERVE_seed020,P4_RESERVE,H2,500,20,6,853.9459568069024
8Y_H2_N500_P4_RESERVE_seed020,P4_RESERVE,H2,500,20,7,591.8449853015245
8Y_H2_N500_P4_RESERVE_seed020,P4_RESERVE,H2,500,20,8,353.6438078995943
8Y_H2_N500_POW_seed021,POW,H2,500,21,1,986.097349946582
8Y_H2_N500_POW_seed021,POW,H2,500,21,2,414.7500826597163
8Y_H2_N500_POW_seed021,POW,H2,500,21,3,253.76893251845058
8Y_H2_N500_POW_seed021,POW,H2,500,21,4,345.8174474575428
8Y_H2_N500_POW_seed021,POW,H2,500,21,5,196.25094251184987
8Y_H2_N500_POW_seed021,POW,H2,500,21,6,271.77557481649137
8Y_H2_N500_POW_seed021,POW,H2,500,21,7,110.47854366983665
8Y_H2_N500_POW_seed021,POW,H2,500,21,8,1896.3143899331217
8Y_H2_N500_POW_seed021,POW,H2,500,21,9,562.7677241004221
8Y_H2_N500_POW_seed021,POW,H2,500,21,10,13.663985211022009
8Y_H2_N500_POW_seed021,POW,H2,500,21,11,309.1512304474236
8Y_H2_N500_POW_seed021,POW,H2,500,21,12,78.67746295787492
8Y_H2_N500_POW_seed021,POW,H2,500,21,13,301.2364333979622
8Y_H2_N500_POW_seed021,POW,H2,500,21,14,186.48788003607115
8Y_H2_N500_POW_seed021,POW,H2,500,21,15,315.91807170744414
8Y_H2_N500_POW_seed021,POW,H2,500,21,16,929.8635177143806
8Y_H2_N500_POW_seed021,POW,H2,500,21,17,837.3652770618219
8Y_H2_N500_POW_seed021,POW,H2,500,21,18,1733.9389200778623
8Y_H2_N500_POW_seed021,POW,H2,500,21,19,224.07168847759385
8Y_H2_N500_P0_ALL_seed021,P0_ALL,H2,500,21,1,986.2159123986719
8Y_H2_N500_P0_ALL_seed021,P0_ALL,H2,500,21,2,414.7500826597163
8Y_H2_N500_P0_ALL_seed021,P0_ALL,H2,500,21,3,253.76893251845058
8Y_H2_N500_P0_ALL_seed021,P0_ALL,H2,500,21,4,345.8174474575428
8Y_H2_N500_P0_ALL_seed021,P0_ALL,H2,500,21,5,196.25094251184987
8Y_H2_N500_P0_ALL_seed021,P0_ALL,H2,500,21,6,271.77557481649137
8Y_H2_N500_P0_ALL_seed021,P0_ALL,H2,500,21,7,110.47854366983665
8Y_H2_N500_P0_ALL_seed021,P0_ALL,H2,500,21,8,1904.0631183813152
8Y_H2_N500_P0_ALL_seed021,P0_ALL,H2,500,21,9,562.7677241004221
8Y_H2_N500_P0_ALL_seed021,P0_ALL,H2,500,21,10,13.663985211022009
8Y_H2_N500_P0_ALL_seed021,P0_ALL,H2,500,21,11,309.1512304474236
8Y_H2_N500_P0_ALL_seed021,P0_ALL,H2,500,21,12,78.67746295787492
8Y_H2_N500_P0_ALL_seed021,P0_ALL,H2,500,21,13,301.2364333979622
8Y_H2_N500_P0_ALL_seed021,P0_ALL,H2,500,21,14,186.48788003607115
8Y_H2_N500_P0_ALL_seed021,P0_ALL,H2,500,21,15,315.91807170744414
8Y_H2_N500_P0_ALL_seed021,P0_ALL,H2,500,21,16,932.5095509293487
8Y_H2_N500_P0_ALL_seed021,P0_ALL,H2,500,21,17,839.8910791642847
8Y_H2_N500_P0_ALL_seed021,P0_ALL,H2,500,21,18,1739.7380362238746
8Y_H2_N500_P0_ALL_seed021,P0_ALL,H2,500,21,19,224.07168847759385
8Y_H2_N500_P3_ENERGY_seed021,P3_ENERGY,H2,500,21,1,986.2159123986719
8Y_H2_N500_P3_ENERGY_seed021,P3_ENERGY,H2,500,21,2,414.7500826597163
8Y_H2_N500_P3_ENERGY_seed021,P3_ENERGY,H2,500,21,3,253.76893251845058
8Y_H2_N500_P3_ENERGY_seed021,P3_ENERGY,H2,500,21,4,345.8174474575428
8Y_H2_N500_P3_ENERGY_seed021,P3_ENERGY,H2,500,21,5,196.25094251184987
8Y_H2_N500_P3_ENERGY_seed021,P3_ENERGY,H2,500,21,6,433.75467547745575
8Y_H2_N500_P3_ENERGY_seed021,P3_ENERGY,H2,500,21,7,110.47854366983665
8Y_H2_N500_P3_ENERGY_seed021,P3_ENERGY,H2,500,21,8,1902.9135767510552
8Y_H2_N500_P3_ENERGY_seed021,P3_ENERGY,H2,500,21,9,616.125876676766
8Y_H2_N500_P3_ENERGY_seed021,P3_ENERGY,H2,500,21,10,309.33148471869936
8Y_H2_N500_P3_ENERGY_seed021,P3_ENERGY,H2,500,21,11,79.0583689736468
8Y_H2_N500_P3_ENERGY_seed021,P3_ENERGY,H2,500,21,12,301.4047966628086
8Y_H2_N500_P3_ENERGY_seed021,P3_ENERGY,H2,500,21,13,268.0750919753191
8Y_H2_N500_P3_ENERGY_seed021,P3_ENERGY,H2,500,21,14,316.0471840323771
8Y_H2_N500_P3_ENERGY_seed021,P3_ENERGY,H2,500,21,15,2048.3156826187424
8Y_H2_N500_P4_RESERVE_seed021,P4_RESERVE,H2,500,21,1,1896.215912398672
8Y_H2_N500_P4_RESERVE_seed021,P4_RESERVE,H2,500,21,2,414.7500826597163
8Y_H2_N500_P4_RESERVE_seed021,P4_RESERVE,H2,500,21,3,253.76893251845013
8Y_H2_N500_P4_RESERVE_seed021,P4_RESERVE,H2,500,21,4,345.8174474575426
8Y_H2_N500_P4_RESERVE_seed021,P4_RESERVE,H2,500,21,5,196.25094251184964
8Y_H2_N500_P4_RESERVE_seed021,P4_RESERVE,H2,500,21,6,433.75467547745575
8Y_H2_N500_P4_RESERVE_seed021,P4_RESERVE,H2,500,21,7,110.47854366983665
8Y_H2_N500_P4_RESERVE_seed021,P4_RESERVE,H2,500,21,8,1906.3304286990015
8Y_H2_N500_P4_RESERVE_seed021,P4_RESERVE,H2,500,21,9,1607.4679754878425
8Y_H2_N500_P4_RESERVE_seed021,P4_RESERVE,H2,500,21,10,881.5407851727496
8Y_H2_N500_P4_RESERVE_seed021,P4_RESERVE,H2,500,21,11,13.642014162104715
8Y_H2_N500_P4_RESERVE_seed021,P4_RESERVE,H2,500,21,12,308.86626424733277
8Y_H2_N500_P4_RESERVE_seed021,P4_RESERVE,H2,500,21,13,78.77396126532949
8Y_H2_N500_P4_RESERVE_seed021,P4_RESERVE,H2,500,21,14,301.96043725536947
8Y_H2_N500_P4_RESERVE_seed021,P4_RESERVE,H2,500,21,15,266.8903872707979
8Y_H2_N500_P4_RESERVE_seed021,P4_RESERVE,H2,500,21,16,315.55770942049276
8Y_H2_N500_POW_seed022,POW,H2,500,22,1,289.2256559915904
8Y_H2_N500_POW_seed022,POW,H2,500,22,2,208.51831921378295
8Y_H2_N500_POW_seed022,POW,H2,500,22,3,436.08947483732595
8Y_H2_N500_POW_seed022,POW,H2,500,22,4,328.8001647753233
8Y_H2_N500_POW_seed022,POW,H2,500,22,5,714.6249247381822
8Y_H2_N500_POW_seed022,POW,H2,500,22,6,1052.4152598820913
8Y_H2_N500_POW_seed022,POW,H2,500,22,7,28.513800454031752
8Y_H2_N500_POW_seed022,POW,H2,500,22,8,1120.33021949257
8Y_H2_N500_POW_seed022,POW,H2,500,22,9,954.3362346712274
8Y_H2_N500_POW_seed022,POW,H2,500,22,10,654.0924455696013
8Y_H2_N500_POW_seed022,POW,H2,500,22,11,150.12746594066812
8Y_H2_N500_POW_seed022,POW,H2,500,22,12,199.91969947992766
8Y_H2_N500_POW_seed022,POW,H2,500,22,13,524.3528250309419
8Y_H2_N500_POW_seed022,POW,H2,500,22,14,144.24691398700634
8Y_H2_N500_POW_seed022,POW,H2,500,22,15,1832.081491167727
8Y_H2_N500_POW_seed022,POW,H2,500,22,16,133.96180304276277
8Y_H2_N500_POW_seed022,POW,H2,500,22,17,578.2838776857461
8Y_H2_N500_POW_seed022,POW,H2,500,22,18,13.159411593975165
8Y_H2_N500_POW_seed022,POW,H2,500,22,19,69.35836964982082
8Y_H2_N500_P0_ALL_seed022,P0_ALL,H2,500,22,1,289.2256559915904
8Y_H2_N500_P0_ALL_seed022,P0_ALL,H2,500,22,2,208.51831921378295
8Y_H2_N500_P0_ALL_seed022,P0_ALL,H2,500,22,3,436.08947483732595
8Y_H2_N500_P0_ALL_seed022,P0_ALL,H2,500,22,4,328.8001647753233
8Y_H2_N500_P0_ALL_seed022,P0_ALL,H2,500,22,5,717.5217939231304
8Y_H2_N500_P0_ALL_seed022,P0_ALL,H2,500,22,6,1055.7471949682483
8Y_H2_N500_P0_ALL_seed022,P0_ALL,H2,500,22,7,28.513800454031752
8Y_H2_N500_P0_ALL_seed022,P0_ALL,H2,500,22,8,1122.3619512645582
8Y_H2_N500_P0_ALL_seed022,P0_ALL,H2,500,22,9,956.5983800068107
8Y_H2_N500_P0_ALL_seed022,P0_ALL,H2,500,22,10,656.4969453190415
8Y_H2_N500_P0_ALL_seed022,P0_ALL,H2,500,22,11,150.12746594066812
8Y_H2_N500_P0_ALL_seed022,P0_ALL,H2,500,22,12,199.91969947992766
8Y_H2_N500_P0_ALL_seed022,P0_ALL,H2,500,22,13,524.3528250309419
8Y_H2_N500_P0_ALL_seed022,P0_ALL,H2,500,22,14,144.24691398700634
8Y_H2_N500_P0_ALL_seed022,P0_ALL,H2,500,22,15,1841.0957477988431
8Y_H2_N500_P0_ALL_seed022,P0_ALL,H2,500,22,16,133.96180304276277
8Y_H2_N500_P0_ALL_seed022,P0_ALL,H2,500,22,17,578.2838776857461
8Y_H2_N500_P0_ALL_seed022,P0_ALL,H2,500,22,18,13.159411593975165
8Y_H2_N500_P0_ALL_seed022,P0_ALL,H2,500,22,19,69.35836964982082
8Y_H2_N500_P3_ENERGY_seed022,P3_ENERGY,H2,500,22,1,808.624532273616
8Y_H2_N500_P3_ENERGY_seed022,P3_ENERGY,H2,500,22,2,561.704048766118
8Y_H2_N500_P3_ENERGY_seed022,P3_ENERGY,H2,500,22,3,328.86509773980106
8Y_H2_N500_P3_ENERGY_seed022,P3_ENERGY,H2,500,22,4,717.0234373110768
8Y_H2_N500_P3_ENERGY_seed022,P3_ENERGY,H2,500,22,5,1054.8283674364034
8Y_H2_N500_P3_ENERGY_seed022,P3_ENERGY,H2,500,22,6,28.74407317924988
8Y_H2_N500_P3_ENERGY_seed022,P3_ENERGY,H2,500,22,7,1122.278310862801
8Y_H2_N500_P3_ENERGY_seed022,P3_ENERGY,H2,500,22,8,957.445410414588
8Y_H2_N500_P3_ENERGY_seed022,P3_ENERGY,H2,500,22,9,656.4903579691445
8Y_H2_N500_P3_ENERGY_seed022,P3_ENERGY,H2,500,22,10,150.53622564201578
8Y_H2_N500_P3_ENERGY_seed022,P3_ENERGY,H2,500,22,11,197.01711835458354
8Y_H2_N500_P3_ENERGY_seed022,P3_ENERGY,H2,500,22,12,524.2396703350705
8Y_H2_N500_P3_ENERGY_seed022,P3_ENERGY,H2,500,22,13,232.32867517339946
8Y_H2_N500_P3_ENERGY_seed022,P3_ENERGY,H2,500,22,14,2543.5034448598726
8Y_H2_N500_P4_RESERVE_seed022,P4_RESERVE,H2,500,22,1,899.2256559915904
8Y_H2_N500_P4_RESERVE_seed022,P4_RESERVE,H2,500,22,2,208.5183192137829
8Y_H2_N500_P4_RESERVE_seed022,P4_RESERVE,H2,500,22,3,561.0930032817278
8Y_H2_N500_P4_RESERVE_seed022,P4_RESERVE,H2,500,22,4,328.8001647753233
8Y_H2_N500_P4_RESERVE_seed022,P4_RESERVE,H2,500,22,5,722.8579106301879
8Y_H2_N500_P4_RESERVE_seed022,P4_RESERVE,H2,500,22,6,114.37952775495978
8Y_H2_N500_P4_RESERVE_seed022,P4_RESERVE,H2,500,22,7,1045.915508306362
8Y_H2_N500_P4_RESERVE_seed022,P4_RESERVE,H2,500,22,8,452.4911172631587
8Y_H2_N500_P4_RESERVE_seed022,P4_RESERVE,H2,500,22,9,29.196446874324465
8Y_H2_N500_P4_RESERVE_seed022,P4_RESERVE,H2,500,22,10,2029.7740430373096
8Y_H2_N500_P4_RESERVE_seed022,P4_RESERVE,H2,500,22,11,1864.1582279790446
8Y_H2_N500_P4_RESERVE_seed022,P4_RESERVE,H2,500,22,12,1564.5162376903227
8Y_H2_N500_P4_RESERVE_seed022,P4_RESERVE,H2,500,22,13,149.86043260484075
8Y_H2_N500_POW_seed023,POW,H2,500,23,1,239.817921515706
8Y_H2_N500_POW_seed023,POW,H2,500,23,2,394.107193362276
8Y_H2_N500_POW_seed023,POW,H2,500,23,3,91.01833081928805
8Y_H2_N500_POW_seed023,POW,H2,500,23,4,370.62412011353206
8Y_H2_N500_POW_seed023,POW,H2,500,23,5,1956.5633149453852
8Y_H2_N500_POW_seed023,POW,H2,500,23,6,1601.109743831702
8Y_H2_N500_POW_seed023,POW,H2,500,23,7,6.055931223927473
8Y_H2_N500_POW_seed023,POW,H2,500,23,8,501.3646589230084
8Y_H2_N500_POW_seed023,POW,H2,500,23,9,285.86413218520283
8Y_H2_N500_POW_seed023,POW,H2,500,23,10,954.1336331332013
8Y_H2_N500_POW_seed023,POW,H2,500,23,11,1780.479308103626
8Y_H2_N500_POW_seed023,POW,H2,500,23,12,542.6899411176273
8Y_H2_N500_POW_seed023,POW,H2,500,23,13,797.0878419745914
8Y_H2_N500_POW_seed023,POW,H2,500,23,14,45.36791629649997
8Y_H2_N500_P0_ALL_seed023,P0_ALL,H2,500,23,1,239.817921515706
8Y_H2_N500_P0_ALL_seed023,P0_ALL,H2,500,23,2,394.107193362276
8Y_H2_N500_P0_ALL_seed023,P0_ALL,H2,500,23,3,91.01833081928805
8Y_H2_N500_P0_ALL_seed023,P0_ALL,H2,500,23,4,370.62412011353206
8Y_H2_N500_P0_ALL_seed023,P0_ALL,H2,500,23,5,1967.7200683852916
8Y_H2_N500_P0_ALL_seed023,P0_ALL,H2,500,23,6,1607.6417258607325
8Y_H2_N500_P0_ALL_seed023,P0_ALL,H2,500,23,7,6.055931223927473
8Y_H2_N500_P0_ALL_seed023,P0_ALL,H2,500,23,8,501.3646589230084
8Y_H2_N500_P0_ALL_seed023,P0_ALL,H2,500,23,9,285.86413218520283
8Y_H2_N500_P0_ALL_seed023,P0_ALL,H2,500,23,10,957.7918479876353
8Y_H2_N500_P0_ALL_seed023,P0_ALL,H2,500,23,11,1786.8215768400105
8Y_H2_N500_P0_ALL_seed023,P0_ALL,H2,500,23,12,542.6899411176273
8Y_H2_N500_P0_ALL_seed023,P0_ALL,H2,500,23,13,799.8988724456831
8Y_H2_N500_P0_ALL_seed023,P0_ALL,H2,500,23,14,45.36791629649997
8Y_H2_N500_P3_ENERGY_seed023,P3_ENERGY,H2,500,23,1,239.817921515706
8Y_H2_N500_P3_ENERGY_seed023,P3_ENERGY,H2,500,23,2,394.107193362276
8Y_H2_N500_P3_ENERGY_seed023,P3_ENERGY,H2,500,23,3,971.945213546803
8Y_H2_N500_P3_ENERGY_seed023,P3_ENERGY,H2,500,23,4,2081.559565021098
8Y_H2_N500_P3_ENERGY_seed023,P3_ENERGY,H2,500,23,5,2106.1832117050817
8Y_H2_N500_P3_ENERGY_seed023,P3_ENERGY,H2,500,23,6,501.28561004358835
8Y_H2_N500_P3_ENERGY_seed023,P3_ENERGY,H2,500,23,7,286.7696069356198
8Y_H2_N500_P3_ENERGY_seed023,P3_ENERGY,H2,500,23,8,957.4928187397163
8Y_H2_N500_P4_RESERVE_seed023,P4_RESERVE,H2,500,23,1,239.817921515706
8Y_H2_N500_P4_RESERVE_seed023,P4_RESERVE,H2,500,23,2,394.107193362276
8Y_H2_N500_P4_RESERVE_seed023,P4_RESERVE,H2,500,23,3,1880.445833298534
8Y_H2_N500_P4_RESERVE_seed023,P4_RESERVE,H2,500,23,4,700.7522536438651
8Y_H2_N500_P4_RESERVE_seed023,P4_RESERVE,H2,500,23,5,2388.3025599294433
8Y_H2_N500_P4_RESERVE_seed023,P4_RESERVE,H2,500,23,6,465.6019872184379
8Y_H2_N500_P4_RESERVE_seed023,P4_RESERVE,H2,500,23,7,2412.5214896713724
8Y_H2_N500_P4_RESERVE_seed023,P4_RESERVE,H2,500,23,8,501.3646589230084
8Y_H2_N500_P4_RESERVE_seed023,P4_RESERVE,H2,500,23,9,285.86413218520283
8Y_H2_N500_POW_seed024,POW,H2,500,24,1,155.19843309779782
8Y_H2_N500_POW_seed024,POW,H2,500,24,2,486.8194086090735
8Y_H2_N500_POW_seed024,POW,H2,500,24,3,54.90303736701799
8Y_H2_N500_POW_seed024,POW,H2,500,24,4,213.17529459333184
8Y_H2_N500_POW_seed024,POW,H2,500,24,5,666.0321152950573
8Y_H2_N500_POW_seed024,POW,H2,500,24,6,2494.6465965602674
8Y_H2_N500_POW_seed024,POW,H2,500,24,7,44.01392522629021
8Y_H2_N500_POW_seed024,POW,H2,500,24,8,255.6541371115818
8Y_H2_N500_POW_seed024,POW,H2,500,24,9,473.97652448841563
8Y_H2_N500_POW_seed024,POW,H2,500,24,10,1247.223085366909
8Y_H2_N500_POW_seed024,POW,H2,500,24,11,818.0228011277322
8Y_H2_N500_POW_seed024,POW,H2,500,24,12,1293.5203747676806
8Y_H2_N500_POW_seed024,POW,H2,500,24,13,182.693515412353
8Y_H2_N500_POW_seed024,POW,H2,500,24,14,1038.032749996053
8Y_H2_N500_P0_ALL_seed024,P0_ALL,H2,500,24,1,155.19843309779782
8Y_H2_N500_P0_ALL_seed024,P0_ALL,H2,500,24,2,486.8194086090735
8Y_H2_N500_P0_ALL_seed024,P0_ALL,H2,500,24,3,54.90303736701799
8Y_H2_N500_P0_ALL_seed024,P0_ALL,H2,500,24,4,213.17529459333184
8Y_H2_N500_P0_ALL_seed024,P0_ALL,H2,500,24,5,670.0612937888477
8Y_H2_N500_P0_ALL_seed024,P0_ALL,H2,500,24,6,2506.1512875909757
8Y_H2_N500_P0_ALL_seed024,P0_ALL,H2,500,24,7,44.01392522629067
8Y_H2_N500_P0_ALL_seed024,P0_ALL,H2,500,24,8,255.6541371115818
8Y_H2_N500_P0_ALL_seed024,P0_ALL,H2,500,24,9,473.97652448841563
8Y_H2_N500_P0_ALL_seed024,P0_ALL,H2,500,24,10,1253.8324515271552
8Y_H2_N500_P0_ALL_seed024,P0_ALL,H2,500,24,11,821.2293347390596
8Y_H2_N500_P0_ALL_seed024,P0_ALL,H2,500,24,12,1298.322208738632
8Y_H2_N500_P0_ALL_seed024,P0_ALL,H2,500,24,13,182.693515412353
8Y_H2_N500_P0_ALL_seed024,P0_ALL,H2,500,24,14,1040.5209609456433
8Y_H2_N500_P3_ENERGY_seed024,P3_ENERGY,H2,500,24,1,155.19843309779782
8Y_H2_N500_P3_ENERGY_seed024,P3_ENERGY,H2,500,24,2,486.8194086090735
8Y_H2_N500_P3_ENERGY_seed024,P3_ENERGY,H2,500,24,3,815.6454023231194
8Y_H2_N500_P3_ENERGY_seed024,P3_ENERGY,H2,500,24,4,4263.006091158199
8Y_H2_N500_P3_ENERGY_seed024,P3_ENERGY,H2,500,24,5,255.99624740047057
8Y_H2_N500_P3_ENERGY_seed024,P3_ENERGY,H2,500,24,6,474.9600268563845
8Y_H2_N500_P3_ENERGY_seed024,P3_ENERGY,H2,500,24,7,1252.5041724810899
8Y_H2_N500_P3_ENERGY_seed024,P3_ENERGY,H2,500,24,8,820.4207796563442
8Y_H2_N500_P4_RESERVE_seed024,P4_RESERVE,H2,500,24,1,155.19843309779782
8Y_H2_N500_P4_RESERVE_seed024,P4_RESERVE,H2,500,24,2,486.8194086090735
8Y_H2_N500_P4_RESERVE_seed024,P4_RESERVE,H2,500,24,3,1564.471583233274
8Y_H2_N500_P4_RESERVE_seed024,P4_RESERVE,H2,500,24,4,1240.5849894524276
8Y_H2_N500_P4_RESERVE_seed024,P4_RESERVE,H2,500,24,5,1575.6993018493076
8Y_H2_N500_P4_RESERVE_seed024,P4_RESERVE,H2,500,24,6,3362.096451724711
8Y_H2_N500_P4_RESERVE_seed024,P4_RESERVE,H2,500,24,7,256.60292679135455
8Y_H2_N500_P4_RESERVE_seed024,P4_RESERVE,H2,500,24,8,474.88110499155664
8Y_H2_N500_P4_RESERVE_seed024,P4_RESERVE,H2,500,24,9,704.4457954402169
8Y_H2_N500_POW_seed025,POW,H2,500,25,1,528.1358521684162
8Y_H2_N500_POW_seed025,POW,H2,500,25,2,1483.0921675871725
8Y_H2_N500_POW_seed025,POW,H2,500,25,3,325.51892594684386
8Y_H2_N500_POW_seed025,POW,H2,500,25,4,970.9109689287061
8Y_H2_N500_POW_seed025,POW,H2,500,25,5,709.3727265130346
8Y_H2_N500_POW_seed025,POW,H2,500,25,6,267.03939716984223
8Y_H2_N500_POW_seed025,POW,H2,500,25,7,173.57890224893345
8Y_H2_N500_POW_seed025,POW,H2,500,25,8,25.641559177661293
8Y_H2_N500_POW_seed025,POW,H2,500,25,9,1134.8050792737904
8Y_H2_N500_POW_seed025,POW,H2,500,25,10,1309.1597168540584
8Y_H2_N500_POW_seed025,POW,H2,500,25,11,110.69927857971925
8Y_H2_N500_POW_seed025,POW,H2,500,25,12,43.201356091854905
8Y_H2_N500_POW_seed025,POW,H2,500,25,13,1035.959308594077
8Y_H2_N500_POW_seed025,POW,H2,500,25,14,250.03905384615518
8Y_H2_N500_POW_seed025,POW,H2,500,25,15,981.0623549188058
8Y_H2_N500_POW_seed025,POW,H2,500,25,16,387.00625920908533
8Y_H2_N500_P0_ALL_seed025,P0_ALL,H2,500,25,1,528.1358521684162
8Y_H2_N500_P0_ALL_seed025,P0_ALL,H2,500,25,2,1488.319170134753
8Y_H2_N500_P0_ALL_seed025,P0_ALL,H2,500,25,3,325.5189259468434
8Y_H2_N500_P0_ALL_seed025,P0_ALL,H2,500,25,4,973.0710478194183
8Y_H2_N500_P0_ALL_seed025,P0_ALL,H2,500,25,5,712.0664972276913
8Y_H2_N500_P0_ALL_seed025,P0_ALL,H2,500,25,6,267.03939716984223
8Y_H2_N500_P0_ALL_seed025,P0_ALL,H2,500,25,7,173.57890224893345
8Y_H2_N500_P0_ALL_seed025,P0_ALL,H2,500,25,8,25.641559177661293
8Y_H2_N500_P0_ALL_seed025,P0_ALL,H2,500,25,9,1137.9394629041217
8Y_H2_N500_P0_ALL_seed025,P0_ALL,H2,500,25,10,1314.3333552649365
8Y_H2_N500_P0_ALL_seed025,P0_ALL,H2,500,25,11,110.69927857971925
8Y_H2_N500_P0_ALL_seed025,P0_ALL,H2,500,25,12,43.201356091855814
8Y_H2_N500_P0_ALL_seed025,P0_ALL,H2,500,25,13,1038.445677983651
8Y_H2_N500_P0_ALL_seed025,P0_ALL,H2,500,25,14,250.03905384615427
8Y_H2_N500_P0_ALL_seed025,P0_ALL,H2,500,25,15,984.0749784955551
8Y_H2_N500_P0_ALL_seed025,P0_ALL,H2,500,25,16,387.00625920908715
8Y_H2_N500_P3_ENERGY_seed025,P3_ENERGY,H2,500,25,1,528.1358521684162
8Y_H2_N500_P3_ENERGY_seed025,P3_ENERGY,H2,500,25,2,2132.6318834580343
8Y_H2_N500_P3_ENERGY_seed025,P3_ENERGY,H2,500,25,3,2873.3061623680446
8Y_H2_N500_P3_ENERGY_seed025,P3_ENERGY,H2,500,25,4,172.97437650450684
8Y_H2_N500_P3_ENERGY_seed025,P3_ENERGY,H2,500,25,5,25.796385070363613
8Y_H2_N500_P3_ENERGY_seed025,P3_ENERGY,H2,500,25,6,1137.1200632023574
8Y_H2_N500_P3_ENERGY_seed025,P3_ENERGY,H2,500,25,7,2454.319067365017
8Y_H2_N500_P4_RESERVE_seed025,P4_RESERVE,H2,500,25,1,528.1358521684162
8Y_H2_N500_P4_RESERVE_seed025,P4_RESERVE,H2,500,25,2,2999.1892487580762
8Y_H2_N500_P4_RESERVE_seed025,P4_RESERVE,H2,500,25,3,2484.0126499320063
8Y_H2_N500_P4_RESERVE_seed025,P4_RESERVE,H2,500,25,4,1619.9343617868162
8Y_H2_N500_P4_RESERVE_seed025,P4_RESERVE,H2,500,25,5,173.28678296786984
8Y_H2_N500_P4_RESERVE_seed025,P4_RESERVE,H2,500,25,6,25.70860372523839
8Y_H2_N500_P4_RESERVE_seed025,P4_RESERVE,H2,500,25,7,1177.0059693923422
8Y_H2_N500_P4_RESERVE_seed025,P4_RESERVE,H2,500,25,8,535.2223702337378
8Y_H2_N500_POW_seed026,POW,H2,500,26,1,9.905775603211328
8Y_H2_N500_POW_seed026,POW,H2,500,26,2,1906.5533888925106
8Y_H2_N500_POW_seed026,POW,H2,500,26,3,1029.0565565876948
8Y_H2_N500_POW_seed026,POW,H2,500,26,4,1937.522834388884
8Y_H2_N500_POW_seed026,POW,H2,500,26,5,144.71227167772759
8Y_H2_N500_POW_seed026,POW,H2,500,26,6,31.96862689419413
8Y_H2_N500_POW_seed026,POW,H2,500,26,7,1353.9617109706578
8Y_H2_N500_POW_seed026,POW,H2,500,26,8,338.7382722176135
8Y_H2_N500_POW_seed026,POW,H2,500,26,9,1117.0753892951325
8Y_H2_N500_POW_seed026,POW,H2,500,26,10,329.7372144678566
8Y_H2_N500_POW_seed026,POW,H2,500,26,11,1146.520451777009
8Y_H2_N500_POW_seed026,POW,H2,500,26,12,87.11924966569859
8Y_H2_N500_POW_seed026,POW,H2,500,26,13,276.3379565011892
8Y_H2_N500_P0_ALL_seed026,P0_ALL,H2,500,26,1,9.905775603211328
8Y_H2_N500_P0_ALL_seed026,P0_ALL,H2,500,26,2,1914.4889016167663
8Y_H2_N500_P0_ALL_seed026,P0_ALL,H2,500,26,3,1031.9796556469444
8Y_H2_N500_P0_ALL_seed026,P0_ALL,H2,500,26,4,1945.8223317238612
8Y_H2_N500_P0_ALL_seed026,P0_ALL,H2,500,26,5,144.71227167772759
8Y_H2_N500_P0_ALL_seed026,P0_ALL,H2,500,26,6,31.96862689419413
8Y_H2_N500_P0_ALL_seed026,P0_ALL,H2,500,26,7,1359.7016444439496
8Y_H2_N500_P0_ALL_seed026,P0_ALL,H2,500,26,8,338.7382722176135
8Y_H2_N500_P0_ALL_seed026,P0_ALL,H2,500,26,9,1120.2649119142116
8Y_H2_N500_P0_ALL_seed026,P0_ALL,H2,500,26,10,329.7372144678566
8Y_H2_N500_P0_ALL_seed026,P0_ALL,H2,500,26,11,1148.7547325935193
8Y_H2_N500_P0_ALL_seed026,P0_ALL,H2,500,26,12,87.11924966569859
8Y_H2_N500_P0_ALL_seed026,P0_ALL,H2,500,26,13,276.3379565011892
8Y_H2_N500_P3_ENERGY_seed026,P3_ENERGY,H2,500,26,1,9.905775603211328
8Y_H2_N500_P3_ENERGY_seed026,P3_ENERGY,H2,500,26,2,2385.381209289991
8Y_H2_N500_P3_ENERGY_seed026,P3_ENERGY,H2,500,26,3,1031.9796556469446
8Y_H2_N500_P3_ENERGY_seed026,P3_ENERGY,H2,500,26,4,2008.1692639124058
8Y_H2_N500_P3_ENERGY_seed026,P3_ENERGY,H2,500,26,5,144.71227167772759
8Y_H2_N500_P3_ENERGY_seed026,P3_ENERGY,H2,500,26,6,31.96862689419413
8Y_H2_N500_P3_ENERGY_seed026,P3_ENERGY,H2,500,26,7,1359.586651568201
8Y_H2_N500_P3_ENERGY_seed026,P3_ENERGY,H2,500,26,8,1720.735747331487
8Y_H2_N500_P4_RESERVE_seed026,P4_RESERVE,H2,500,26,1,9.905775603211328
8Y_H2_N500_P4_RESERVE_seed026,P4_RESERVE,H2,500,26,2,3293.4177801960673
8Y_H2_N500_P4_RESERVE_seed026,P4_RESERVE,H2,500,26,3,416.5322559860001
8Y_H2_N500_P4_RESERVE_seed026,P4_RESERVE,H2,500,26,4,429.17316867649106
8Y_H2_N500_P4_RESERVE_seed026,P4_RESERVE,H2,500,26,5,2913.9028050940933
8Y_H2_N500_P4_RESERVE_seed026,P4_RESERVE,H2,500,26,6,144.60517409325257
8Y_H2_N500_P4_RESERVE_seed026,P4_RESERVE,H2,500,26,7,32.51190246238184
8Y_H2_N500_P4_RESERVE_seed026,P4_RESERVE,H2,500,26,8,2249.863915084662
8Y_H2_N500_POW_seed027,POW,H2,500,27,1,398.8765778770134
8Y_H2_N500_POW_seed027,POW,H2,500,27,2,1411.4109007999905
8Y_H2_N500_POW_seed027,POW,H2,500,27,3,1158.4292952027868
8Y_H2_N500_POW_seed027,POW,H2,500,27,4,553.5332912620306
8Y_H2_N500_POW_seed027,POW,H2,500,27,5,801.429556328866
8Y_H2_N500_POW_seed027,POW,H2,500,27,6,120.0175258331501
8Y_H2_N500_POW_seed027,POW,H2,500,27,7,1432.2290702372702
8Y_H2_N500_POW_seed027,POW,H2,500,27,8,74.46664569045879
8Y_H2_N500_POW_seed027,POW,H2,500,27,9,1189.0239598282042
8Y_H2_N500_POW_seed027,POW,H2,500,27,10,1084.3455514352727
8Y_H2_N500_POW_seed027,POW,H2,500,27,11,402.0375614308505
8Y_H2_N500_POW_seed027,POW,H2,500,27,12,1344.170334168437
8Y_H2_N500_P0_ALL_seed027,P0_ALL,H2,500,27,1,398.8765778770134
8Y_H2_N500_P0_ALL_seed027,P0_ALL,H2,500,27,2,1418.7079052949812
8Y_H2_N500_P0_ALL_seed027,P0_ALL,H2,500,27,3,1160.8170493222492
8Y_H2_N500_P0_ALL_seed027,P0_ALL,H2,500,27,4,553.5332912620306
8Y_H2_N500_P0_ALL_seed027,P0_ALL,H2,500,27,5,803.1147502332096
8Y_H2_N500_P0_ALL_seed027,P0_ALL,H2,500,27,6,120.0175258331501
8Y_H2_N500_P0_ALL_seed027,P0_ALL,H2,500,27,7,1437.257408418699
8Y_H2_N500_P0_ALL_seed027,P0_ALL,H2,500,27,8,74.46664569045879
8Y_H2_N500_P0_ALL_seed027,P0_ALL,H2,500,27,9,1192.412719512724
8Y_H2_N500_P0_ALL_seed027,P0_ALL,H2,500,27,10,1086.5262024249641
8Y_H2_N500_P0_ALL_seed027,P0_ALL,H2,500,27,11,402.0375614308505
8Y_H2_N500_P0_ALL_seed027,P0_ALL,H2,500,27,12,1349.5640751262272
8Y_H2_N500_P3_ENERGY_seed027,P3_ENERGY,H2,500,27,1,398.8765778770134
8Y_H2_N500_P3_ENERGY_seed027,P3_ENERGY,H2,500,27,2,3565.7993619982212
8Y_H2_N500_P3_ENERGY_seed027,P3_ENERGY,H2,500,27,3,803.6183494313436
8Y_H2_N500_P3_ENERGY_seed027,P3_ENERGY,H2,500,27,4,2039.338358799163
8Y_H2_N500_P3_ENERGY_seed027,P3_ENERGY,H2,500,27,5,74.06230206116106
8Y_H2_N500_P3_ENERGY_seed027,P3_ENERGY,H2,500,27,6,1191.980868986664
8Y_H2_N500_P3_ENERGY_seed027,P3_ENERGY,H2,500,27,7,1086.6582615908137
8Y_H2_N500_P3_ENERGY_seed027,P3_ENERGY,H2,500,27,8,402.53678958684577
8Y_H2_N500_P4_RESERVE_seed027,P4_RESERVE,H2,500,27,1,398.8765778770134
8Y_H2_N500_P4_RESERVE_seed027,P4_RESERVE,H2,500,27,2,2324.9590908871614
8Y_H2_N500_P4_RESERVE_seed027,P4_RESERVE,H2,500,27,3,2666.2900298941936
8Y_H2_N500_P4_RESERVE_seed027,P4_RESERVE,H2,500,27,4,1711.1770538720693
8Y_H2_N500_P4_RESERVE_seed027,P4_RESERVE,H2,500,27,5,1630.714998075725
8Y_H2_N500_POW_seed028,POW,H2,500,28,1,2213.900682282513
8Y_H2_N500_POW_seed028,POW,H2,500,28,2,3.8109564599976693
8Y_H2_N500_POW_seed028,POW,H2,500,28,3,186.38960863762895
8Y_H2_N500_POW_seed028,POW,H2,500,28,4,821.8071120039494
8Y_H2_N500_POW_seed028,POW,H2,500,28,5,566.5057217108838
8Y_H2_N500_POW_seed028,POW,H2,500,28,6,184.80935600972498
8Y_H2_N500_POW_seed028,POW,H2,500,28,7,1291.8852678768244
8Y_H2_N500_POW_seed028,POW,H2,500,28,8,92.9664095890248
8Y_H2_N500_POW_seed028,POW,H2,500,28,9,439.4663374960446
8Y_H2_N500_POW_seed028,POW,H2,500,28,10,1008.1547928289056
8Y_H2_N500_POW_seed028,POW,H2,500,28,11,40.13226515842325
8Y_H2_N500_POW_seed028,POW,H2,500,28,12,871.5825402871787
8Y_H2_N500_POW_seed028,POW,H2,500,28,13,1285.0781504371917
8Y_H2_N500_POW_seed028,POW,H2,500,28,14,445.2978595122968
8Y_H2_N500_P0_ALL_seed028,P0_ALL,H2,500,28,1,2220.0062315897494
8Y_H2_N500_P0_ALL_seed028,P0_ALL,H2,500,28,2,3.8109564599976693
8Y_H2_N500_P0_ALL_seed028,P0_ALL,H2,500,28,3,186.38960863762895
8Y_H2_N500_P0_ALL_seed028,P0_ALL,H2,500,28,4,825.6785545393263
8Y_H2_N500_P0_ALL_seed028,P0_ALL,H2,500,28,5,566.5057217108838
8Y_H2_N500_P0_ALL_seed028,P0_ALL,H2,500,28,6,184.80935600972498
8Y_H2_N500_P0_ALL_seed028,P0_ALL,H2,500,28,7,1299.624906808102
8Y_H2_N500_P0_ALL_seed028,P0_ALL,H2,500,28,8,92.9664095890248
8Y_H2_N500_P0_ALL_seed028,P0_ALL,H2,500,28,9,439.4663374960446
8Y_H2_N500_P0_ALL_seed028,P0_ALL,H2,500,28,10,1011.2681422593969
8Y_H2_N500_P0_ALL_seed028,P0_ALL,H2,500,28,11,40.13226515842325
8Y_H2_N500_P0_ALL_seed028,P0_ALL,H2,500,28,12,873.5951510515688
8Y_H2_N500_P0_ALL_seed028,P0_ALL,H2,500,28,13,1290.2875293215802
8Y_H2_N500_P0_ALL_seed028,P0_ALL,H2,500,28,14,445.2978595122968
8Y_H2_N500_P3_ENERGY_seed028,P3_ENERGY,H2,500,28,1,2411.863265154078
8Y_H2_N500_P3_ENERGY_seed028,P3_ENERGY,H2,500,28,2,187.25708792675186
8Y_H2_N500_P3_ENERGY_seed028,P3_ENERGY,H2,500,28,3,824.1212660501724
8Y_H2_N500_P3_ENERGY_seed028,P3_ENERGY,H2,500,28,4,566.3083509616072
8Y_H2_N500_P3_ENERGY_seed028,P3_ENERGY,H2,500,28,5,185.8640964843753
8Y_H2_N500_P3_ENERGY_seed028,P3_ENERGY,H2,500,28,6,1295.744694272019
8Y_H2_N500_P3_ENERGY_seed028,P3_ENERGY,H2,500,28,7,93.12817582878415
8Y_H2_N500_P3_ENERGY_seed028,P3_ENERGY,H2,500,28,8,439.46440424654065
8Y_H2_N500_P3_ENERGY_seed028,P3_ENERGY,H2,500,28,9,2979.4019722161383
8Y_H2_N500_P4_RESERVE_seed028,P4_RESERVE,H2,500,28,1,3130.006231589749
8Y_H2_N500_P4_RESERVE_seed028,P4_RESERVE,H2,500,28,2,3.8109564599976693
8Y_H2_N500_P4_RESERVE_seed028,P4_RESERVE,H2,500,28,3,186.38960863762895
8Y_H2_N500_P4_RESERVE_seed028,P4_RESERVE,H2,500,28,4,1731.5415116278737
8Y_H2_N500_P4_RESERVE_seed028,P4_RESERVE,H2,500,28,5,566.5057217108833
8Y_H2_N500_P4_RESERVE_seed028,P4_RESERVE,H2,500,28,6,184.80935600972498
8Y_H2_N500_P4_RESERVE_seed028,P4_RESERVE,H2,500,28,7,2206.318113193891
8Y_H2_N500_P4_RESERVE_seed028,P4_RESERVE,H2,500,28,8,92.9664095890248
8Y_H2_N500_P4_RESERVE_seed028,P4_RESERVE,H2,500,28,9,439.4663374960446
8Y_H2_N500_POW_seed029,POW,H2,500,29,1,1280.2336006485782
8Y_H2_N500_POW_seed029,POW,H2,500,29,2,129.6546605718613
8Y_H2_N500_POW_seed029,POW,H2,500,29,3,51.071517893198006
8Y_H2_N500_POW_seed029,POW,H2,500,29,4,1236.158010954649
8Y_H2_N500_POW_seed029,POW,H2,500,29,5,110.2600913360875
8Y_H2_N500_POW_seed029,POW,H2,500,29,6,23.97463980709699
8Y_H2_N500_POW_seed029,POW,H2,500,29,7,499.30510384861054
8Y_H2_N500_POW_seed029,POW,H2,500,29,8,243.30933217041547
8Y_H2_N500_POW_seed029,POW,H2,500,29,9,175.1115093782073
8Y_H2_N500_POW_seed029,POW,H2,500,29,10,1364.7210754149569
8Y_H2_N500_POW_seed029,POW,H2,500,29,11,551.9873491301532
8Y_H2_N500_POW_seed029,POW,H2,500,29,12,780.9478439537861
8Y_H2_N500_POW_seed029,POW,H2,500,29,13,674.2379079568691
8Y_H2_N500_POW_seed029,POW,H2,500,29,14,1427.11135091078
8Y_H2_N500_POW_seed029,POW,H2,500,29,15,35.766208543376706
8Y_H2_N500_POW_seed029,POW,H2,500,29,16,651.8844688119971
8Y_H2_N500_P0_ALL_seed029,P0_ALL,H2,500,29,1,1282.8746490998428
8Y_H2_N500_P0_ALL_seed029,P0_ALL,H2,500,29,2,129.6546605718613
8Y_H2_N500_P0_ALL_seed029,P0_ALL,H2,500,29,3,51.071517893198006
8Y_H2_N500_P0_ALL_seed029,P0_ALL,H2,500,29,4,1241.9105311592955
8Y_H2_N500_P0_ALL_seed029,P0_ALL,H2,500,29,5,110.2600913360875
8Y_H2_N500_P0_ALL_seed029,P0_ALL,H2,500,29,6,23.97463980709699
8Y_H2_N500_P0_ALL_seed029,P0_ALL,H2,500,29,7,499.30510384861054
8Y_H2_N500_P0_ALL_seed029,P0_ALL,H2,500,29,8,243.30933217041547
8Y_H2_N500_P0_ALL_seed029,P0_ALL,H2,500,29,9,175.1115093782073
8Y_H2_N500_P0_ALL_seed029,P0_ALL,H2,500,29,10,1371.5040740419836
8Y_H2_N500_P0_ALL_seed029,P0_ALL,H2,500,29,11,551.9873491301532
8Y_H2_N500_P0_ALL_seed029,P0_ALL,H2,500,29,12,784.58197419934
8Y_H2_N500_P0_ALL_seed029,P0_ALL,H2,500,29,13,676.5200028690597
8Y_H2_N500_P0_ALL_seed029,P0_ALL,H2,500,29,14,1430.1692673902435
8Y_H2_N500_P0_ALL_seed029,P0_ALL,H2,500,29,15,35.766208543376706
8Y_H2_N500_P0_ALL_seed029,P0_ALL,H2,500,29,16,655.1256364436595
8Y_H2_N500_P3_ENERGY_seed029,P3_ENERGY,H2,500,29,1,1281.9907085922907
8Y_H2_N500_P3_ENERGY_seed029,P3_ENERGY,H2,500,29,2,129.6546605718613
8Y_H2_N500_P3_ENERGY_seed029,P3_ENERGY,H2,500,29,3,51.071517893198006
8Y_H2_N500_P3_ENERGY_seed029,P3_ENERGY,H2,500,29,4,1288.2209127392193
8Y_H2_N500_P3_ENERGY_seed029,P3_ENERGY,H2,500,29,5,625.2147881100154
8Y_H2_N500_P3_ENERGY_seed029,P3_ENERGY,H2,500,29,6,497.17094048198896
8Y_H2_N500_P3_ENERGY_seed029,P3_ENERGY,H2,500,29,7,242.94557397703966
8Y_H2_N500_P3_ENERGY_seed029,P3_ENERGY,H2,500,29,8,174.29313239380826
8Y_H2_N500_P3_ENERGY_seed029,P3_ENERGY,H2,500,29,9,1370.4849575023745
8Y_H2_N500_P3_ENERGY_seed029,P3_ENERGY,H2,500,29,10,552.3810547989015
8Y_H2_N500_P3_ENERGY_seed029,P3_ENERGY,H2,500,29,11,1199.0561228091346
8Y_H2_N500_P3_ENERGY_seed029,P3_ENERGY,H2,500,29,12,675.5014512747812
8Y_H2_N500_P3_ENERGY_seed029,P3_ENERGY,H2,500,29,13,1496.968587506095
8Y_H2_N500_P4_RESERVE_seed029,P4_RESERVE,H2,500,29,1,2192.874649099843
8Y_H2_N500_P4_RESERVE_seed029,P4_RESERVE,H2,500,29,2,129.6546605718613
8Y_H2_N500_P4_RESERVE_seed029,P4_RESERVE,H2,500,29,3,51.071517893198234
8Y_H2_N500_P4_RESERVE_seed029,P4_RESERVE,H2,500,29,4,2055.6315420242095
8Y_H2_N500_P4_RESERVE_seed029,P4_RESERVE,H2,500,29,5,82.66303234849693
8Y_H2_N500_P4_RESERVE_seed029,P4_RESERVE,H2,500,29,6,1532.5814416902622
8Y_H2_N500_P4_RESERVE_seed029,P4_RESERVE,H2,500,29,7,499.305103848611
8Y_H2_N500_P4_RESERVE_seed029,P4_RESERVE,H2,500,29,8,243.30933217041547
8Y_H2_N500_P4_RESERVE_seed029,P4_RESERVE,H2,500,29,9,175.1115093782073
8Y_H2_N500_P4_RESERVE_seed029,P4_RESERVE,H2,500,29,10,945.0322745080175
8Y_H2_N500_P4_RESERVE_seed029,P4_RESERVE,H2,500,29,11,719.2121117614206
8Y_H2_N500_P4_RESERVE_seed029,P4_RESERVE,H2,500,29,12,166.3474144826214
8Y_H2_N500_P4_RESERVE_seed029,P4_RESERVE,H2,500,29,13,552.2077809477087
8Y_H2_N500_POW_seed030,POW,H2,500,30,1,329.687950062931
8Y_H2_N500_POW_seed030,POW,H2,500,30,2,1839.1599966989352
8Y_H2_N500_POW_seed030,POW,H2,500,30,3,326.0045696064544
8Y_H2_N500_POW_seed030,POW,H2,500,30,4,292.88255980200984
8Y_H2_N500_POW_seed030,POW,H2,500,30,5,718.765817818944
8Y_H2_N500_POW_seed030,POW,H2,500,30,6,440.0919074226822
8Y_H2_N500_POW_seed030,POW,H2,500,30,7,508.8978143247309
8Y_H2_N500_POW_seed030,POW,H2,500,30,8,539.5623934331743
8Y_H2_N500_POW_seed030,POW,H2,500,30,9,41.15816932029884
8Y_H2_N500_POW_seed030,POW,H2,500,30,10,217.66119831537617
8Y_H2_N500_POW_seed030,POW,H2,500,30,11,44.39166054736961
8Y_H2_N500_POW_seed030,POW,H2,500,30,12,26.84909979852273
8Y_H2_N500_POW_seed030,POW,H2,500,30,13,2375.093933367172
8Y_H2_N500_POW_seed030,POW,H2,500,30,14,1190.672446106557
8Y_H2_N500_POW_seed030,POW,H2,500,30,15,195.6468711712514
8Y_H2_N500_P0_ALL_seed030,P0_ALL,H2,500,30,1,329.687950062931
8Y_H2_N500_P0_ALL_seed030,P0_ALL,H2,500,30,2,1847.0002487715205
8Y_H2_N500_P0_ALL_seed030,P0_ALL,H2,500,30,3,326.0045696064544
8Y_H2_N500_P0_ALL_seed030,P0_ALL,H2,500,30,4,292.88255980200984
8Y_H2_N500_P0_ALL_seed030,P0_ALL,H2,500,30,5,720.4386415981803
8Y_H2_N500_P0_ALL_seed030,P0_ALL,H2,500,30,6,440.0919074226822
8Y_H2_N500_P0_ALL_seed030,P0_ALL,H2,500,30,7,508.8978143247309
8Y_H2_N500_P0_ALL_seed030,P0_ALL,H2,500,30,8,539.5623934331743
8Y_H2_N500_P0_ALL_seed030,P0_ALL,H2,500,30,9,41.15816932029884
8Y_H2_N500_P0_ALL_seed030,P0_ALL,H2,500,30,10,217.66119831537526
8Y_H2_N500_P0_ALL_seed030,P0_ALL,H2,500,30,11,44.39166054736961
8Y_H2_N500_P0_ALL_seed030,P0_ALL,H2,500,30,12,26.84909979852273
8Y_H2_N500_P0_ALL_seed030,P0_ALL,H2,500,30,13,2384.0277701179775
8Y_H2_N500_P0_ALL_seed030,P0_ALL,H2,500,30,14,1194.1527865747403
8Y_H2_N500_P0_ALL_seed030,P0_ALL,H2,500,30,15,195.6468711712514
8Y_H2_N500_P3_ENERGY_seed030,P3_ENERGY,H2,500,30,1,329.687950062931
8Y_H2_N500_P3_ENERGY_seed030,P3_ENERGY,H2,500,30,2,1845.9419385257634
8Y_H2_N500_P3_ENERGY_seed030,P3_ENERGY,H2,500,30,3,2850.8244342894423
8Y_H2_N500_P3_ENERGY_seed030,P3_ENERGY,H2,500,30,4,508.88451164941307
8Y_H2_N500_P3_ENERGY_seed030,P3_ENERGY,H2,500,30,5,539.6151504566151
8Y_H2_N500_P3_ENERGY_seed030,P3_ENERGY,H2,500,30,6,457.3365399764698
8Y_H2_N500_P3_ENERGY_seed030,P3_ENERGY,H2,500,30,7,217.67548376770264
8Y_H2_N500_P3_ENERGY_seed030,P3_ENERGY,H2,500,30,8,44.60753744728481
8Y_H2_N500_P3_ENERGY_seed030,P3_ENERGY,H2,500,30,9,25.98326520311639
8Y_H2_N500_P3_ENERGY_seed030,P3_ENERGY,H2,500,30,10,2383.280333450598
8Y_H2_N500_P4_RESERVE_seed030,P4_RESERVE,H2,500,30,1,329.687950062931
8Y_H2_N500_P4_RESERVE_seed030,P4_RESERVE,H2,500,30,2,2754.046567725813
8Y_H2_N500_P4_RESERVE_seed030,P4_RESERVE,H2,500,30,3,1803.2805160574412
8Y_H2_N500_P4_RESERVE_seed030,P4_RESERVE,H2,500,30,4,1627.1738091456054
8Y_H2_N500_P4_RESERVE_seed030,P4_RESERVE,H2,500,30,5,439.5356535681558
8Y_H2_N500_P4_RESERVE_seed030,P4_RESERVE,H2,500,30,6,508.515236178082
8Y_H2_N500_P4_RESERVE_seed030,P4_RESERVE,H2,500,30,7,539.540403300598
8Y_H2_N500_P4_RESERVE_seed030,P4_RESERVE,H2,500,30,8,457.12106972750826
8Y_H2_N500_P4_RESERVE_seed030,P4_RESERVE,H2,500,30,9,217.64046865304044
8Y_H2_N500_P4_RESERVE_seed030,P4_RESERVE,H2,500,30,10,45.457219371126484
8Y_H2_N500_P4_RESERVE_seed030,P4_RESERVE,H2,500,30,11,26.17421674061734
8Y_H2_N500_P4_RESERVE_seed030,P4_RESERVE,H2,500,30,12,820.7530479690777
8Y_H4_N100_POW_seed001,POW,H4,100,1,1,764.5498573371825
8Y_H4_N100_POW_seed001,POW,H4,100,1,2,1690.49640791118
8Y_H4_N100_POW_seed001,POW,H4,100,1,3,1370.9524616456633
8Y_H4_N100_POW_seed001,POW,H4,100,1,4,90.49914408600398
8Y_H4_N100_POW_seed001,POW,H4,100,1,5,205.37460207539698
8Y_H4_N100_POW_seed001,POW,H4,100,1,6,533.2588543476868
8Y_H4_N100_POW_seed001,POW,H4,100,1,7,806.2783191174094
8Y_H4_N100_POW_seed001,POW,H4,100,1,8,255.68584849498166
8Y_H4_N100_POW_seed001,POW,H4,100,1,9,120.7374755036144
8Y_H4_N100_POW_seed001,POW,H4,100,1,10,948.3629089596207
8Y_H4_N100_POW_seed001,POW,H4,100,1,11,538.3003449477519
8Y_H4_N100_POW_seed001,POW,H4,100,1,12,484.2559828370886
8Y_H4_N100_POW_seed001,POW,H4,100,1,13,547.7193242557696
8Y_H4_N100_POW_seed001,POW,H4,100,1,14,460.21411032975993
8Y_H4_N100_P0_ALL_seed001,P0_ALL,H4,100,1,1,765.2059315864356
8Y_H4_N100_P0_ALL_seed001,P0_ALL,H4,100,1,2,1693.5421811401623
8Y_H4_N100_P0_ALL_seed001,P0_ALL,H4,100,1,3,1375.5304510551514
8Y_H4_N100_P0_ALL_seed001,P0_ALL,H4,100,1,4,90.49914408600398
8Y_H4_N100_P0_ALL_seed001,P0_ALL,H4,100,1,5,205.37460207539743
8Y_H4_N100_P0_ALL_seed001,P0_ALL,H4,100,1,6,533.2588543476868
8Y_H4_N100_P0_ALL_seed001,P0_ALL,H4,100,1,7,808.4975930880928
8Y_H4_N100_P0_ALL_seed001,P0_ALL,H4,100,1,8,255.68584849498166
8Y_H4_N100_P0_ALL_seed001,P0_ALL,H4,100,1,9,120.7374755036144
8Y_H4_N100_P0_ALL_seed001,P0_ALL,H4,100,1,10,950.1178140025295
8Y_H4_N100_P0_ALL_seed001,P0_ALL,H4,100,1,11,538.3003449477519
8Y_H4_N100_P0_ALL_seed001,P0_ALL,H4,100,1,12,484.2559828370886
8Y_H4_N100_P0_ALL_seed001,P0_ALL,H4,100,1,13,547.7193242557687
8Y_H4_N100_P0_ALL_seed001,P0_ALL,H4,100,1,14,460.21411032975993
8Y_H4_N100_P3_ENERGY_seed001,P3_ENERGY,H4,100,1,1,765.2059315864356
8Y_H4_N100_P3_ENERGY_seed001,P3_ENERGY,H4,100,1,2,1692.2995086517114
8Y_H4_N100_P3_ENERGY_seed001,P3_ENERGY,H4,100,1,3,2279.690318027869
8Y_H4_N100_P3_ENERGY_seed001,P3_ENERGY,H4,100,1,4,204.39823930630064
8Y_H4_N100_P3_ENERGY_seed001,P3_ENERGY,H4,100,1,5,533.2269347595357
8Y_H4_N100_P3_ENERGY_seed001,P3_ENERGY,H4,100,1,6,1458.4071710158796
8Y_H4_N100_P3_ENERGY_seed001,P3_ENERGY,H4,100,1,7,492.75918495366113
8Y_H4_N100_P3_ENERGY_seed001,P3_ENERGY,H4,100,1,8,951.4889228105121
8Y_H4_N100_P3_ENERGY_seed001,P3_ENERGY,H4,100,1,9,561.7161582656736
8Y_H4_N100_P3_ENERGY_seed001,P3_ENERGY,H4,100,1,10,484.38232489658367
8Y_H4_N100_P3_ENERGY_seed001,P3_ENERGY,H4,100,1,11,547.7043252448675
8Y_H4_N100_P4_RESERVE_seed001,P4_RESERVE,H4,100,1,1,1675.2059315864353
8Y_H4_N100_P4_RESERVE_seed001,P4_RESERVE,H4,100,1,2,2602.1950419723626
8Y_H4_N100_P4_RESERVE_seed001,P4_RESERVE,H4,100,1,3,2282.773223480709
8Y_H4_N100_P4_RESERVE_seed001,P4_RESERVE,H4,100,1,4,399.8552887205369
8Y_H4_N100_P4_RESERVE_seed001,P4_RESERVE,H4,100,1,5,205.37460207539698
8Y_H4_N100_P4_RESERVE_seed001,P4_RESERVE,H4,100,1,6,533.2588543476868
8Y_H4_N100_P4_RESERVE_seed001,P4_RESERVE,H4,100,1,7,1898.5849372161429
8Y_H4_N100_P4_RESERVE_seed001,P4_RESERVE,H4,100,1,8,255.68584849498257
8Y_H4_N100_POW_seed002,POW,H4,100,2,1,858.317996372107
8Y_H4_N100_POW_seed002,POW,H4,100,2,2,243.7981703691355
8Y_H4_N100_POW_seed002,POW,H4,100,2,3,472.28839405214535
8Y_H4_N100_POW_seed002,POW,H4,100,2,4,101.75875433958754
8Y_H4_N100_POW_seed002,POW,H4,100,2,5,255.16181135694092
8Y_H4_N100_POW_seed002,POW,H4,100,2,6,680.1407008580486
8Y_H4_N100_POW_seed002,POW,H4,100,2,7,884.3599104989321
8Y_H4_N100_POW_seed002,POW,H4,100,2,8,58.725947033642115
8Y_H4_N100_POW_seed002,POW,H4,100,2,9,946.1905888206602
8Y_H4_N100_POW_seed002,POW,H4,100,2,10,102.6868551099069
8Y_H4_N100_POW_seed002,POW,H4,100,2,11,679.4988602677786
8Y_H4_N100_POW_seed002,POW,H4,100,2,12,134.33078103974458
8Y_H4_N100_POW_seed002,POW,H4,100,2,13,144.1272765361382
8Y_H4_N100_POW_seed002,POW,H4,100,2,14,217.43158564317946
8Y_H4_N100_POW_seed002,POW,H4,100,2,15,140.32687694868218
8Y_H4_N100_POW_seed002,POW,H4,100,2,16,216.9754017204932
8Y_H4_N100_POW_seed002,POW,H4,100,2,17,674.984326683355
8Y_H4_N100_POW_seed002,POW,H4,100,2,18,1414.38691746328
8Y_H4_N100_POW_seed002,POW,H4,100,2,19,169.86221341646888
8Y_H4_N100_POW_seed002,POW,H4,100,2,20,162.368702857053
8Y_H4_N100_POW_seed002,POW,H4,100,2,21,191.14484619940777
8Y_H4_N100_POW_seed002,POW,H4,100,2,22,344.8487718452034
8Y_H4_N100_POW_seed002,POW,H4,100,2,23,154.2969090346014
8Y_H4_N100_POW_seed002,POW,H4,100,2,24,242.74650237048263
8Y_H4_N100_P0_ALL_seed002,P0_ALL,H4,100,2,1,860.5509448231547
8Y_H4_N100_P0_ALL_seed002,P0_ALL,H4,100,2,2,243.79817036913562
8Y_H4_N100_P0_ALL_seed002,P0_ALL,H4,100,2,3,472.28839405214535
8Y_H4_N100_P0_ALL_seed002,P0_ALL,H4,100,2,4,101.75875433958754
8Y_H4_N100_P0_ALL_seed002,P0_ALL,H4,100,2,5,255.16181135694092
8Y_H4_N100_P0_ALL_seed002,P0_ALL,H4,100,2,6,681.3501894567835
8Y_H4_N100_P0_ALL_seed002,P0_ALL,H4,100,2,7,885.557712938406
8Y_H4_N100_P0_ALL_seed002,P0_ALL,H4,100,2,8,58.725947033642115
8Y_H4_N100_P0_ALL_seed002,P0_ALL,H4,100,2,9,948.5862075798841
8Y_H4_N100_P0_ALL_seed002,P0_ALL,H4,100,2,10,102.6868551099069
8Y_H4_N100_P0_ALL_seed002,P0_ALL,H4,100,2,11,682.8756826879198
8Y_H4_N100_P0_ALL_seed002,P0_ALL,H4,100,2,12,134.33078103974458
8Y_H4_N100_P0_ALL_seed002,P0_ALL,H4,100,2,13,144.1272765361382
8Y_H4_N100_P0_ALL_seed002,P0_ALL,H4,100,2,14,217.43158564317946
8Y_H4_N100_P0_ALL_seed002,P0_ALL,H4,100,2,15,140.32687694868218
8Y_H4_N100_P0_ALL_seed002,P0_ALL,H4,100,2,16,216.9754017204932
8Y_H4_N100_P0_ALL_seed002,P0_ALL,H4,100,2,17,676.2945373196399
8Y_H4_N100_P0_ALL_seed002,P0_ALL,H4,100,2,18,1417.1076568337257
8Y_H4_N100_P0_ALL_seed002,P0_ALL,H4,100,2,19,169.86221341646888
8Y_H4_N100_P0_ALL_seed002,P0_ALL,H4,100,2,20,162.368702857053
8Y_H4_N100_P0_ALL_seed002,P0_ALL,H4,100,2,21,191.14484619940777
8Y_H4_N100_P0_ALL_seed002,P0_ALL,H4,100,2,22,344.8487718452034
8Y_H4_N100_P0_ALL_seed002,P0_ALL,H4,100,2,23,154.2969090346014
8Y_H4_N100_P0_ALL_seed002,P0_ALL,H4,100,2,24,242.74650237048263
8Y_H4_N100_P3_ENERGY_seed002,P3_ENERGY,H4,100,2,1,860.5509448231547
8Y_H4_N100_P3_ENERGY_seed002,P3_ENERGY,H4,100,2,2,243.79817036913562
8Y_H4_N100_P3_ENERGY_seed002,P3_ENERGY,H4,100,2,3,472.28839405214535
8Y_H4_N100_P3_ENERGY_seed002,P3_ENERGY,H4,100,2,4,1888.8798512879496
8Y_H4_N100_P3_ENERGY_seed002,P3_ENERGY,H4,100,2,5,1261.917953137514
8Y_H4_N100_P3_ENERGY_seed002,P3_ENERGY,H4,100,2,6,947.6347940332907
8Y_H4_N100_P3_ENERGY_seed002,P3_ENERGY,H4,100,2,7,255.85925905251497
8Y_H4_N100_P3_ENERGY_seed002,P3_ENERGY,H4,100,2,8,1339.9465706822775
8Y_H4_N100_P3_ENERGY_seed002,P3_ENERGY,H4,100,2,9,1343.5434247597223
8Y_H4_N100_P3_ENERGY_seed002,P3_ENERGY,H4,100,2,10,217.21372969912227
8Y_H4_N100_P3_ENERGY_seed002,P3_ENERGY,H4,100,2,11,676.6979261985434
8Y_H4_N100_P4_RESERVE_seed002,P4_RESERVE,H4,100,2,1,1770.5509448231549
8Y_H4_N100_P4_RESERVE_seed002,P4_RESERVE,H4,100,2,2,243.7981703691355
8Y_H4_N100_P4_RESERVE_seed002,P4_RESERVE,H4,100,2,3,472.2883940521456
8Y_H4_N100_P4_RESERVE_seed002,P4_RESERVE,H4,100,2,4,1859.2052794296796
8Y_H4_N100_P4_RESERVE_seed002,P4_RESERVE,H4,100,2,5,711.7299832066428
8Y_H4_N100_P4_RESERVE_seed002,P4_RESERVE,H4,100,2,6,80.14070085804815
8Y_H4_N100_P4_RESERVE_seed002,P4_RESERVE,H4,100,2,7,1764.9030099186239
8Y_H4_N100_P4_RESERVE_seed002,P4_RESERVE,H4,100,2,8,58.725947033642115
8Y_H4_N100_P4_RESERVE_seed002,P4_RESERVE,H4,100,2,9,1856.26306238486
8Y_H4_N100_P4_RESERVE_seed002,P4_RESERVE,H4,100,2,10,255.63564005269473
8Y_H4_N100_P4_RESERVE_seed002,P4_RESERVE,H4,100,2,11,894.0101375440317
8Y_H4_N100_POW_seed003,POW,H4,100,3,1,127.45979536009588
8Y_H4_N100_POW_seed003,POW,H4,100,3,2,30.59303496853005
8Y_H4_N100_POW_seed003,POW,H4,100,3,3,567.5713357521497
8Y_H4_N100_POW_seed003,POW,H4,100,3,4,519.7843045985858
8Y_H4_N100_POW_seed003,POW,H4,100,3,5,395.5924340169786
8Y_H4_N100_POW_seed003,POW,H4,100,3,6,1084.5686399610076
8Y_H4_N100_POW_seed003,POW,H4,100,3,7,339.813648897436
8Y_H4_N100_POW_seed003,POW,H4,100,3,8,11.56992291256256
8Y_H4_N100_POW_seed003,POW,H4,100,3,9,628.8774198362867
8Y_H4_N100_POW_seed003,POW,H4,100,3,10,16.5734758908593
8Y_H4_N100_POW_seed003,POW,H4,100,3,11,1684.599423273024
8Y_H4_N100_POW_seed003,POW,H4,100,3,12,74.51754066513604
8Y_H4_N100_POW_seed003,POW,H4,100,3,13,368.48642420311717
8Y_H4_N100_POW_seed003,POW,H4,100,3,14,512.162984470754
8Y_H4_N100_POW_seed003,POW,H4,100,3,15,209.33417456398
8Y_H4_N100_POW_seed003,POW,H4,100,3,16,282.31925336174027
8Y_H4_N100_POW_seed003,POW,H4,100,3,17,24.483893533731134
8Y_H4_N100_POW_seed003,POW,H4,100,3,18,1851.8232814179091
8Y_H4_N100_P0_ALL_seed003,P0_ALL,H4,100,3,1,127.45979536009588
8Y_H4_N100_P0_ALL_seed003,P0_ALL,H4,100,3,2,30.59303496853005
8Y_H4_N100_P0_ALL_seed003,P0_ALL,H4,100,3,3,567.5713357521497
8Y_H4_N100_P0_ALL_seed003,P0_ALL,H4,100,3,4,519.7843045985858
8Y_H4_N100_P0_ALL_seed003,P0_ALL,H4,100,3,5,395.5924340169786
8Y_H4_N100_P0_ALL_seed003,P0_ALL,H4,100,3,6,1086.7714353157658
8Y_H4_N100_P0_ALL_seed003,P0_ALL,H4,100,3,7,339.813648897436
8Y_H4_N100_P0_ALL_seed003,P0_ALL,H4,100,3,8,11.56992291256256
8Y_H4_N100_P0_ALL_seed003,P0_ALL,H4,100,3,9,631.7016246249832
8Y_H4_N100_P0_ALL_seed003,P0_ALL,H4,100,3,10,16.5734758908593
8Y_H4_N100_P0_ALL_seed003,P0_ALL,H4,100,3,11,1688.8821552845052
8Y_H4_N100_P0_ALL_seed003,P0_ALL,H4,100,3,12,74.51754066513604
8Y_H4_N100_P0_ALL_seed003,P0_ALL,H4,100,3,13,368.48642420311717
8Y_H4_N100_P0_ALL_seed003,P0_ALL,H4,100,3,14,512.162984470754
8Y_H4_N100_P0_ALL_seed003,P0_ALL,H4,100,3,15,209.33417456398
8Y_H4_N100_P0_ALL_seed003,P0_ALL,H4,100,3,16,282.31925336174027
8Y_H4_N100_P0_ALL_seed003,P0_ALL,H4,100,3,17,24.483893533731134
8Y_H4_N100_P0_ALL_seed003,P0_ALL,H4,100,3,18,1856.9651147339691
8Y_H4_N100_P3_ENERGY_seed003,P3_ENERGY,H4,100,3,1,630.3384321614876
8Y_H4_N100_P3_ENERGY_seed003,P3_ENERGY,H4,100,3,2,569.4738750527731
8Y_H4_N100_P3_ENERGY_seed003,P3_ENERGY,H4,100,3,3,997.2812678556916
8Y_H4_N100_P3_ENERGY_seed003,P3_ENERGY,H4,100,3,4,1085.6401317002415
8Y_H4_N100_P3_ENERGY_seed003,P3_ENERGY,H4,100,3,5,339.43381162075957
8Y_H4_N100_P3_ENERGY_seed003,P3_ENERGY,H4,100,3,6,1823.111140564833
8Y_H4_N100_P3_ENERGY_seed003,P3_ENERGY,H4,100,3,7,1688.4298432665128
8Y_H4_N100_P3_ENERGY_seed003,P3_ENERGY,H4,100,3,8,971.1267019640245
8Y_H4_N100_P3_ENERGY_seed003,P3_ENERGY,H4,100,3,9,512.1749311532549
8Y_H4_N100_P3_ENERGY_seed003,P3_ENERGY,H4,100,3,10,209.64439728404977
8Y_H4_N100_P3_ENERGY_seed003,P3_ENERGY,H4,100,3,11,282.14952399901995
8Y_H4_N100_P4_RESERVE_seed003,P4_RESERVE,H4,100,3,1,555.8706435459769
8Y_H4_N100_P4_RESERVE_seed003,P4_RESERVE,H4,100,3,2,30.59303496852999
8Y_H4_N100_P4_RESERVE_seed003,P4_RESERVE,H4,100,3,3,567.5713357521497
8Y_H4_N100_P4_RESERVE_seed003,P4_RESERVE,H4,100,3,4,1037.459795360096
8Y_H4_N100_P4_RESERVE_seed003,P4_RESERVE,H4,100,3,5,395.5924340169786
8Y_H4_N100_P4_RESERVE_seed003,P4_RESERVE,H4,100,3,6,1994.468045720385
8Y_H4_N100_P4_RESERVE_seed003,P4_RESERVE,H4,100,3,7,339.813648897436
8Y_H4_N100_P4_RESERVE_seed003,P4_RESERVE,H4,100,3,8,1428.9377653738193
8Y_H4_N100_P4_RESERVE_seed003,P4_RESERVE,H4,100,3,9,2128.4560223604767
8Y_H4_N100_POW_seed004,POW,H4,100,4,1,1473.3864965654473
8Y_H4_N100_POW_seed004,POW,H4,100,4,2,543.039413369396
8Y_H4_N100_POW_seed004,POW,H4,100,4,3,322.05104744042274
8Y_H4_N100_POW_seed004,POW,H4,100,4,4,147.66674687366685
8Y_H4_N100_POW_seed004,POW,H4,100,4,5,545.0307185055995
8Y_H4_N100_POW_seed004,POW,H4,100,4,6,1211.7211778993715
8Y_H4_N100_POW_seed004,POW,H4,100,4,7,393.99556996119645
8Y_H4_N100_POW_seed004,POW,H4,100,4,8,939.5963315151148
8Y_H4_N100_POW_seed004,POW,H4,100,4,9,667.9449085357237
8Y_H4_N100_POW_seed004,POW,H4,100,4,10,154.28113127264623
8Y_H4_N100_POW_seed004,POW,H4,100,4,11,279.61069157020574
8Y_H4_N100_POW_seed004,POW,H4,100,4,12,1262.9847378043705
8Y_H4_N100_POW_seed004,POW,H4,100,4,13,440.256243253496
8Y_H4_N100_POW_seed004,POW,H4,100,4,14,5.578846144006093
8Y_H4_N100_POW_seed004,POW,H4,100,4,15,726.1708497806048
8Y_H4_N100_P0_ALL_seed004,P0_ALL,H4,100,4,1,1476.1078779868003
8Y_H4_N100_P0_ALL_seed004,P0_ALL,H4,100,4,2,543.039413369396
8Y_H4_N100_P0_ALL_seed004,P0_ALL,H4,100,4,3,322.05104744042296
8Y_H4_N100_P0_ALL_seed004,P0_ALL,H4,100,4,4,147.66674687366685
8Y_H4_N100_P0_ALL_seed004,P0_ALL,H4,100,4,5,545.030718505599
8Y_H4_N100_P0_ALL_seed004,P0_ALL,H4,100,4,6,1216.6987095062914
8Y_H4_N100_P0_ALL_seed004,P0_ALL,H4,100,4,7,393.99556996119645
8Y_H4_N100_P0_ALL_seed004,P0_ALL,H4,100,4,8,941.6763038929721
8Y_H4_N100_P0_ALL_seed004,P0_ALL,H4,100,4,9,670.5882573340386
8Y_H4_N100_P0_ALL_seed004,P0_ALL,H4,100,4,10,154.28113127264623
8Y_H4_N100_P0_ALL_seed004,P0_ALL,H4,100,4,11,279.61069157020574
8Y_H4_N100_P0_ALL_seed004,P0_ALL,H4,100,4,12,1267.6250098456376
8Y_H4_N100_P0_ALL_seed004,P0_ALL,H4,100,4,13,440.2562432534951
8Y_H4_N100_P0_ALL_seed004,P0_ALL,H4,100,4,14,5.578846144006093
8Y_H4_N100_P0_ALL_seed004,P0_ALL,H4,100,4,15,727.4904532176297
8Y_H4_N100_P3_ENERGY_seed004,P3_ENERGY,H4,100,4,1,1476.1078779868003
8Y_H4_N100_P3_ENERGY_seed004,P3_ENERGY,H4,100,4,2,1352.673870417645
8Y_H4_N100_P3_ENERGY_seed004,P3_ENERGY,H4,100,4,3,543.9931421328447
8Y_H4_N100_P3_ENERGY_seed004,P3_ENERGY,H4,100,4,4,2197.8937280877
8Y_H4_N100_P3_ENERGY_seed004,P3_ENERGY,H4,100,4,5,944.3567244137539
8Y_H4_N100_P3_ENERGY_seed004,P3_ENERGY,H4,100,4,6,1090.2401857651794
8Y_H4_N100_P3_ENERGY_seed004,P3_ENERGY,H4,100,4,7,153.85748013235752
8Y_H4_N100_P3_ENERGY_seed004,P3_ENERGY,H4,100,4,8,278.35366413304746
8Y_H4_N100_P3_ENERGY_seed004,P3_ENERGY,H4,100,4,9,1266.3954180884175
8Y_H4_N100_P3_ENERGY_seed004,P3_ENERGY,H4,100,4,10,440.3730303862976
8Y_H4_N100_P4_RESERVE_seed004,P4_RESERVE,H4,100,4,1,2386.1078779868003
8Y_H4_N100_P4_RESERVE_seed004,P4_RESERVE,H4,100,4,2,852.8280994458773
8Y_H4_N100_P4_RESERVE_seed004,P4_RESERVE,H4,100,4,3,785.9896340520504
8Y_H4_N100_P4_RESERVE_seed004,P4_RESERVE,H4,100,4,4,147.6667468736664
8Y_H4_N100_P4_RESERVE_seed004,P4_RESERVE,H4,100,4,5,545.030718505599
8Y_H4_N100_P4_RESERVE_seed004,P4_RESERVE,H4,100,4,6,1977.7221304318564
8Y_H4_N100_P4_RESERVE_seed004,P4_RESERVE,H4,100,4,7,1903.9387167318273
8Y_H4_N100_P4_RESERVE_seed004,P4_RESERVE,H4,100,4,8,621.7022401755785
8Y_H4_N100_P4_RESERVE_seed004,P4_RESERVE,H4,100,4,9,340.03439392697146
8Y_H4_N100_POW_seed005,POW,H4,100,5,1,55.3418941725
8Y_H4_N100_POW_seed005,POW,H4,100,5,2,252.16293402296102
8Y_H4_N100_POW_seed005,POW,H4,100,5,3,1798.2621044827588
8Y_H4_N100_POW_seed005,POW,H4,100,5,4,415.6500404240287
8Y_H4_N100_POW_seed005,POW,H4,100,5,5,1319.1995230761231
8Y_H4_N100_POW_seed005,POW,H4,100,5,6,441.0005952631327
8Y_H4_N100_POW_seed005,POW,H4,100,5,7,173.02556059693325
8Y_H4_N100_POW_seed005,POW,H4,100,5,8,144.74424231224384
8Y_H4_N100_POW_seed005,POW,H4,100,5,9,124.67019054266893
8Y_H4_N100_POW_seed005,POW,H4,100,5,10,41.41354870599571
8Y_H4_N100_POW_seed005,POW,H4,100,5,11,292.48509064744394
8Y_H4_N100_POW_seed005,POW,H4,100,5,12,330.11940053710805
8Y_H4_N100_POW_seed005,POW,H4,100,5,13,233.47239190769596
8Y_H4_N100_POW_seed005,POW,H4,100,5,14,751.6762320315029
8Y_H4_N100_POW_seed005,POW,H4,100,5,15,405.72637812161065
8Y_H4_N100_POW_seed005,POW,H4,100,5,16,161.04333473319366
8Y_H4_N100_POW_seed005,POW,H4,100,5,17,281.1603092441592
8Y_H4_N100_POW_seed005,POW,H4,100,5,18,224.01711276434253
8Y_H4_N100_POW_seed005,POW,H4,100,5,19,712.1372871751928
8Y_H4_N100_POW_seed005,POW,H4,100,5,20,89.72523508673567
8Y_H4_N100_POW_seed005,POW,H4,100,5,21,54.866738600629105
8Y_H4_N100_POW_seed005,POW,H4,100,5,22,228.22565807815772
8Y_H4_N100_POW_seed005,POW,H4,100,5,23,463.0094647021542
8Y_H4_N100_POW_seed005,POW,H4,100,5,24,53.46155670052576
8Y_H4_N100_POW_seed005,POW,H4,100,5,25,206.56388676798088
8Y_H4_N100_POW_seed005,POW,H4,100,5,26,79.0223673085311
8Y_H4_N100_POW_seed005,POW,H4,100,5,27,659.2616370503747
8Y_H4_N100_P0_ALL_seed005,P0_ALL,H4,100,5,1,55.3418941725
8Y_H4_N100_P0_ALL_seed005,P0_ALL,H4,100,5,2,252.16293402296102
8Y_H4_N100_P0_ALL_seed005,P0_ALL,H4,100,5,3,1802.5125530917476
8Y_H4_N100_P0_ALL_seed005,P0_ALL,H4,100,5,4,415.6500404240287
8Y_H4_N100_P0_ALL_seed005,P0_ALL,H4,100,5,5,1323.39170848408
8Y_H4_N100_P0_ALL_seed005,P0_ALL,H4,100,5,6,441.0005952631327
8Y_H4_N100_P0_ALL_seed005,P0_ALL,H4,100,5,7,173.02556059693325
8Y_H4_N100_P0_ALL_seed005,P0_ALL,H4,100,5,8,144.74424231224384
8Y_H4_N100_P0_ALL_seed005,P0_ALL,H4,100,5,9,124.67019054266893
8Y_H4_N100_P0_ALL_seed005,P0_ALL,H4,100,5,10,41.41354870599571
8Y_H4_N100_P0_ALL_seed005,P0_ALL,H4,100,5,11,292.48509064744394
8Y_H4_N100_P0_ALL_seed005,P0_ALL,H4,100,5,12,330.11940053710805
8Y_H4_N100_P0_ALL_seed005,P0_ALL,H4,100,5,13,233.47239190769596
8Y_H4_N100_P0_ALL_seed005,P0_ALL,H4,100,5,14,754.1110063529741
8Y_H4_N100_P0_ALL_seed005,P0_ALL,H4,100,5,15,405.72637812161065
8Y_H4_N100_P0_ALL_seed005,P0_ALL,H4,100,5,16,161.04333473319366
8Y_H4_N100_P0_ALL_seed005,P0_ALL,H4,100,5,17,281.1603092441592
8Y_H4_N100_P0_ALL_seed005,P0_ALL,H4,100,5,18,224.01711276434253
8Y_H4_N100_P0_ALL_seed005,P0_ALL,H4,100,5,19,714.8424873634449
8Y_H4_N100_P0_ALL_seed005,P0_ALL,H4,100,5,20,89.72523508673385
8Y_H4_N100_P0_ALL_seed005,P0_ALL,H4,100,5,21,54.866738600629105
8Y_H4_N100_P0_ALL_seed005,P0_ALL,H4,100,5,22,228.22565807815772
8Y_H4_N100_P0_ALL_seed005,P0_ALL,H4,100,5,23,463.0094647021542
8Y_H4_N100_P0_ALL_seed005,P0_ALL,H4,100,5,24,53.46155670052576
8Y_H4_N100_P0_ALL_seed005,P0_ALL,H4,100,5,25,206.56388676798088
8Y_H4_N100_P0_ALL_seed005,P0_ALL,H4,100,5,26,79.0223673085311
8Y_H4_N100_P3_ENERGY_seed005,P3_ENERGY,H4,100,5,1,258.36109869946677
8Y_H4_N100_P3_ENERGY_seed005,P3_ENERGY,H4,100,5,2,252.16293402296094
8Y_H4_N100_P3_ENERGY_seed005,P3_ENERGY,H4,100,5,3,3729.9639383652025
8Y_H4_N100_P3_ENERGY_seed005,P3_ENERGY,H4,100,5,4,775.3523096922418
8Y_H4_N100_P3_ENERGY_seed005,P3_ENERGY,H4,100,5,5,144.30298898523688
8Y_H4_N100_P3_ENERGY_seed005,P3_ENERGY,H4,100,5,6,124.40623263288126
8Y_H4_N100_P3_ENERGY_seed005,P3_ENERGY,H4,100,5,7,41.4840438074998
8Y_H4_N100_P3_ENERGY_seed005,P3_ENERGY,H4,100,5,8,292.4677330960303
8Y_H4_N100_P3_ENERGY_seed005,P3_ENERGY,H4,100,5,9,833.9226373410993
8Y_H4_N100_P3_ENERGY_seed005,P3_ENERGY,H4,100,5,10,754.8331627095286
8Y_H4_N100_P3_ENERGY_seed005,P3_ENERGY,H4,100,5,11,405.7280869281358
8Y_H4_N100_P3_ENERGY_seed005,P3_ENERGY,H4,100,5,12,159.67598093538527
8Y_H4_N100_P3_ENERGY_seed005,P3_ENERGY,H4,100,5,13,282.4733884197358
8Y_H4_N100_P3_ENERGY_seed005,P3_ENERGY,H4,100,5,14,1315.5775866269796
8Y_H4_N100_P3_ENERGY_seed005,P3_ENERGY,H4,100,5,15,578.549129683397
8Y_H4_N100_P4_RESERVE_seed005,P4_RESERVE,H4,100,5,1,258.36109869946677
8Y_H4_N100_P4_RESERVE_seed005,P4_RESERVE,H4,100,5,2,252.16293402296094
8Y_H4_N100_P4_RESERVE_seed005,P4_RESERVE,H4,100,5,3,965.3418941725
8Y_H4_N100_P4_RESERVE_seed005,P4_RESERVE,H4,100,5,4,809.3246277790831
8Y_H4_N100_P4_RESERVE_seed005,P4_RESERVE,H4,100,5,5,2710.8282107886744
8Y_H4_N100_P4_RESERVE_seed005,P4_RESERVE,H4,100,5,6,1025.5561482895928
8Y_H4_N100_P4_RESERVE_seed005,P4_RESERVE,H4,100,5,7,120.10533292383025
8Y_H4_N100_P4_RESERVE_seed005,P4_RESERVE,H4,100,5,8,1683.1551521397387
8Y_H4_N100_P4_RESERVE_seed005,P4_RESERVE,H4,100,5,9,144.5956386478838
8Y_H4_N100_P4_RESERVE_seed005,P4_RESERVE,H4,100,5,10,124.31393500996728
8Y_H4_N100_P4_RESERVE_seed005,P4_RESERVE,H4,100,5,11,40.697875950956586
8Y_H4_N100_P4_RESERVE_seed005,P4_RESERVE,H4,100,5,12,292.48509064744394
8Y_H4_N100_P4_RESERVE_seed005,P4_RESERVE,H4,100,5,13,824.4435573263218
8Y_H4_N100_P4_RESERVE_seed005,P4_RESERVE,H4,100,5,14,232.5889244510272
8Y_H4_N100_POW_seed006,POW,H4,100,6,1,1439.2406038713664
8Y_H4_N100_POW_seed006,POW,H4,100,6,2,855.4383618629415
8Y_H4_N100_POW_seed006,POW,H4,100,6,3,782.9412193253265
8Y_H4_N100_POW_seed006,POW,H4,100,6,4,224.93599327592574
8Y_H4_N100_POW_seed006,POW,H4,100,6,5,768.9138278070322
8Y_H4_N100_POW_seed006,POW,H4,100,6,6,37.4781636084067
8Y_H4_N100_POW_seed006,POW,H4,100,6,7,216.05568274122197
8Y_H4_N100_POW_seed006,POW,H4,100,6,8,271.88180785833083
8Y_H4_N100_POW_seed006,POW,H4,100,6,9,128.62708047204796
8Y_H4_N100_POW_seed006,POW,H4,100,6,10,2417.0671387431858
8Y_H4_N100_POW_seed006,POW,H4,100,6,11,420.540041382269
8Y_H4_N100_POW_seed006,POW,H4,100,6,12,325.39379183635356
8Y_H4_N100_POW_seed006,POW,H4,100,6,13,224.0035529700035
8Y_H4_N100_POW_seed006,POW,H4,100,6,14,702.8839742130422
8Y_H4_N100_P0_ALL_seed006,P0_ALL,H4,100,6,1,1441.6129421187165
8Y_H4_N100_P0_ALL_seed006,P0_ALL,H4,100,6,2,857.4821831686381
8Y_H4_N100_P0_ALL_seed006,P0_ALL,H4,100,6,3,784.2683745748031
8Y_H4_N100_P0_ALL_seed006,P0_ALL,H4,100,6,4,224.93599327592574
8Y_H4_N100_P0_ALL_seed006,P0_ALL,H4,100,6,5,771.4855415795341
8Y_H4_N100_P0_ALL_seed006,P0_ALL,H4,100,6,6,37.4781636084067
8Y_H4_N100_P0_ALL_seed006,P0_ALL,H4,100,6,7,216.05568274122197
8Y_H4_N100_P0_ALL_seed006,P0_ALL,H4,100,6,8,271.88180785833083
8Y_H4_N100_P0_ALL_seed006,P0_ALL,H4,100,6,9,128.62708047204796
8Y_H4_N100_P0_ALL_seed006,P0_ALL,H4,100,6,10,2424.237535539173
8Y_H4_N100_P0_ALL_seed006,P0_ALL,H4,100,6,11,420.540041382269
8Y_H4_N100_P0_ALL_seed006,P0_ALL,H4,100,6,12,325.39379183635356
8Y_H4_N100_P0_ALL_seed006,P0_ALL,H4,100,6,13,224.0035529700035
8Y_H4_N100_P0_ALL_seed006,P0_ALL,H4,100,6,14,704.0506983851774
8Y_H4_N100_P3_ENERGY_seed006,P3_ENERGY,H4,100,6,1,1441.6129421187165
8Y_H4_N100_P3_ENERGY_seed006,P3_ENERGY,H4,100,6,2,857.4821831686381
8Y_H4_N100_P3_ENERGY_seed006,P3_ENERGY,H4,100,6,3,1428.124560481625
8Y_H4_N100_P3_ENERGY_seed006,P3_ENERGY,H4,100,6,4,771.7280033539046
8Y_H4_N100_P3_ENERGY_seed006,P3_ENERGY,H4,100,6,5,37.944499354735854
8Y_H4_N100_P3_ENERGY_seed006,P3_ENERGY,H4,100,6,6,216.16966433879315
8Y_H4_N100_P3_ENERGY_seed006,P3_ENERGY,H4,100,6,7,729.9427984923932
8Y_H4_N100_P3_ENERGY_seed006,P3_ENERGY,H4,100,6,8,4434.307849445368
8Y_H4_N100_P4_RESERVE_seed006,P4_RESERVE,H4,100,6,1,2351.612942118716
8Y_H4_N100_P4_RESERVE_seed006,P4_RESERVE,H4,100,6,2,1765.4739816078245
8Y_H4_N100_P4_RESERVE_seed006,P4_RESERVE,H4,100,6,3,1692.1662390952106
8Y_H4_N100_P4_RESERVE_seed006,P4_RESERVE,H4,100,6,4,224.9359932759262
8Y_H4_N100_P4_RESERVE_seed006,P4_RESERVE,H4,100,6,5,909.9459676234928
8Y_H4_N100_P4_RESERVE_seed006,P4_RESERVE,H4,100,6,6,169.12566259579398
8Y_H4_N100_P4_RESERVE_seed006,P4_RESERVE,H4,100,6,7,37.32299563629931
8Y_H4_N100_P4_RESERVE_seed006,P4_RESERVE,H4,100,6,8,216.40462327596651
8Y_H4_N100_P4_RESERVE_seed006,P4_RESERVE,H4,100,6,9,1638.3175985756452
8Y_H4_N100_POW_seed007,POW,H4,100,7,1,313.53082933842285
8Y_H4_N100_POW_seed007,POW,H4,100,7,2,789.7029686918136
8Y_H4_N100_POW_seed007,POW,H4,100,7,3,1088.1574366425475
8Y_H4_N100_POW_seed007,POW,H4,100,7,4,151.43954827738207
8Y_H4_N100_POW_seed007,POW,H4,100,7,5,69.76044258295906
8Y_H4_N100_POW_seed007,POW,H4,100,7,6,1570.5393131298206
8Y_H4_N100_POW_seed007,POW,H4,100,7,7,381.5531291977968
8Y_H4_N100_POW_seed007,POW,H4,100,7,8,3663.848625383781
8Y_H4_N100_POW_seed007,POW,H4,100,7,9,778.0418520215262
8Y_H4_N100_POW_seed007,POW,H4,100,7,10,613.6883766677238
8Y_H4_N100_P0_ALL_seed007,P0_ALL,H4,100,7,1,313.53082933842285
8Y_H4_N100_P0_ALL_seed007,P0_ALL,H4,100,7,2,791.0206087109173
8Y_H4_N100_P0_ALL_seed007,P0_ALL,H4,100,7,3,1090.3322610100386
8Y_H4_N100_P0_ALL_seed007,P0_ALL,H4,100,7,4,151.43954827738207
8Y_H4_N100_P0_ALL_seed007,P0_ALL,H4,100,7,5,69.76044258295906
8Y_H4_N100_P0_ALL_seed007,P0_ALL,H4,100,7,6,1574.197311259205
8Y_H4_N100_P0_ALL_seed007,P0_ALL,H4,100,7,7,381.55312919779635
8Y_H4_N100_P0_ALL_seed007,P0_ALL,H4,100,7,8,3676.5323443477746
8Y_H4_N100_P0_ALL_seed007,P0_ALL,H4,100,7,9,779.9587200588421
8Y_H4_N100_P0_ALL_seed007,P0_ALL,H4,100,7,10,616.0017218555058
8Y_H4_N100_P3_ENERGY_seed007,P3_ENERGY,H4,100,7,1,313.53082933842285
8Y_H4_N100_P3_ENERGY_seed007,P3_ENERGY,H4,100,7,2,791.0206087109173
8Y_H4_N100_P3_ENERGY_seed007,P3_ENERGY,H4,100,7,3,1356.2305369143164
8Y_H4_N100_P3_ENERGY_seed007,P3_ENERGY,H4,100,7,4,70.82584964647913
8Y_H4_N100_P3_ENERGY_seed007,P3_ENERGY,H4,100,7,5,1576.7939191062283
8Y_H4_N100_P3_ENERGY_seed007,P3_ENERGY,H4,100,7,6,381.44621512677895
8Y_H4_N100_P4_RESERVE_seed007,P4_RESERVE,H4,100,7,1,313.53082933842285
8Y_H4_N100_P4_RESERVE_seed007,P4_RESERVE,H4,100,7,2,1699.2612432825647
8Y_H4_N100_P4_RESERVE_seed007,P4_RESERVE,H4,100,7,3,1998.3106205976012
8Y_H4_N100_P4_RESERVE_seed007,P4_RESERVE,H4,100,7,4,151.43954827738253
8Y_H4_N100_P4_RESERVE_seed007,P4_RESERVE,H4,100,7,5,69.76044258295951
8Y_H4_N100_P4_RESERVE_seed007,P4_RESERVE,H4,100,7,6,2482.0400120632385
8Y_H4_N100_P4_RESERVE_seed007,P4_RESERVE,H4,100,7,7,381.5531291977959
8Y_H4_N100_P4_RESERVE_seed007,P4_RESERVE,H4,100,7,8,804.7029751212312
8Y_H4_N100_POW_seed008,POW,H4,100,8,1,272.3131154219705
8Y_H4_N100_POW_seed008,POW,H4,100,8,2,1173.0456559422814
8Y_H4_N100_POW_seed008,POW,H4,100,8,3,107.03875247824772
8Y_H4_N100_POW_seed008,POW,H4,100,8,4,205.25607679304903
8Y_H4_N100_POW_seed008,POW,H4,100,8,5,614.972023519339
8Y_H4_N100_POW_seed008,POW,H4,100,8,6,2510.677345913618
8Y_H4_N100_POW_seed008,POW,H4,100,8,7,259.0995272268483
8Y_H4_N100_POW_seed008,POW,H4,100,8,8,433.5459824861082
8Y_H4_N100_POW_seed008,POW,H4,100,8,9,954.2159849329873
8Y_H4_N100_POW_seed008,POW,H4,100,8,10,1330.3663626275766
8Y_H4_N100_POW_seed008,POW,H4,100,8,11,249.8271184679852
8Y_H4_N100_POW_seed008,POW,H4,100,8,12,291.69312816074216
8Y_H4_N100_POW_seed008,POW,H4,100,8,13,288.7747243307949
8Y_H4_N100_POW_seed008,POW,H4,100,8,14,447.8636150932616
8Y_H4_N100_POW_seed008,POW,H4,100,8,15,830.7650091458472
8Y_H4_N100_P0_ALL_seed008,P0_ALL,H4,100,8,1,272.3131154219705
8Y_H4_N100_P0_ALL_seed008,P0_ALL,H4,100,8,2,1175.9865822932875
8Y_H4_N100_P0_ALL_seed008,P0_ALL,H4,100,8,3,107.03875247824772
8Y_H4_N100_P0_ALL_seed008,P0_ALL,H4,100,8,4,205.25607679304903
8Y_H4_N100_P0_ALL_seed008,P0_ALL,H4,100,8,5,616.7728244811506
8Y_H4_N100_P0_ALL_seed008,P0_ALL,H4,100,8,6,2519.9504605342677
8Y_H4_N100_P0_ALL_seed008,P0_ALL,H4,100,8,7,259.0995272268483
8Y_H4_N100_P0_ALL_seed008,P0_ALL,H4,100,8,8,433.5459824861082
8Y_H4_N100_P0_ALL_seed008,P0_ALL,H4,100,8,9,956.320566123034
8Y_H4_N100_P0_ALL_seed008,P0_ALL,H4,100,8,10,1339.5231578767944
8Y_H4_N100_P0_ALL_seed008,P0_ALL,H4,100,8,11,249.8271184679852
8Y_H4_N100_P0_ALL_seed008,P0_ALL,H4,100,8,12,291.69312816074216
8Y_H4_N100_P0_ALL_seed008,P0_ALL,H4,100,8,13,288.7747243307949
8Y_H4_N100_P0_ALL_seed008,P0_ALL,H4,100,8,14,447.8636150932616
8Y_H4_N100_P0_ALL_seed008,P0_ALL,H4,100,8,15,832.101762970573
8Y_H4_N100_P3_ENERGY_seed008,P3_ENERGY,H4,100,8,1,272.3131154219705
8Y_H4_N100_P3_ENERGY_seed008,P3_ENERGY,H4,100,8,2,1174.106862103233
8Y_H4_N100_P3_ENERGY_seed008,P3_ENERGY,H4,100,8,3,107.03875247824772
8Y_H4_N100_P3_ENERGY_seed008,P3_ENERGY,H4,100,8,4,369.30416463881215
8Y_H4_N100_P3_ENERGY_seed008,P3_ENERGY,H4,100,8,5,616.1602268019265
8Y_H4_N100_P3_ENERGY_seed008,P3_ENERGY,H4,100,8,6,2519.0322548278227
8Y_H4_N100_P3_ENERGY_seed008,P3_ENERGY,H4,100,8,7,259.0995272268483
8Y_H4_N100_P3_ENERGY_seed008,P3_ENERGY,H4,100,8,8,433.5459824861082
8Y_H4_N100_P3_ENERGY_seed008,P3_ENERGY,H4,100,8,9,2538.8323854579676
8Y_H4_N100_P3_ENERGY_seed008,P3_ENERGY,H4,100,8,10,250.65544851345294
8Y_H4_N100_P3_ENERGY_seed008,P3_ENERGY,H4,100,8,11,292.0163217104964
8Y_H4_N100_P3_ENERGY_seed008,P3_ENERGY,H4,100,8,12,289.98168716948203
8Y_H4_N100_P3_ENERGY_seed008,P3_ENERGY,H4,100,8,13,447.2692856655285
8Y_H4_N100_P4_RESERVE_seed008,P4_RESERVE,H4,100,8,1,272.3131154219705
8Y_H4_N100_P4_RESERVE_seed008,P4_RESERVE,H4,100,8,2,2082.5451957130813
8Y_H4_N100_P4_RESERVE_seed008,P4_RESERVE,H4,100,8,3,107.03875247824772
8Y_H4_N100_P4_RESERVE_seed008,P4_RESERVE,H4,100,8,4,369.3041646388119
8Y_H4_N100_P4_RESERVE_seed008,P4_RESERVE,H4,100,8,5,1525.004298533739
8Y_H4_N100_P4_RESERVE_seed008,P4_RESERVE,H4,100,8,6,2696.1011482191498
8Y_H4_N100_P4_RESERVE_seed008,P4_RESERVE,H4,100,8,7,1621.0809205134574
8Y_H4_N100_P4_RESERVE_seed008,P4_RESERVE,H4,100,8,8,259.7989503024655
8Y_H4_N100_P4_RESERVE_seed008,P4_RESERVE,H4,100,8,9,433.3037158248717
8Y_H4_N100_POW_seed009,POW,H4,100,9,1,106.50787770949454
8Y_H4_N100_POW_seed009,POW,H4,100,9,2,89.26197538920691
8Y_H4_N100_POW_seed009,POW,H4,100,9,3,714.995772567495
8Y_H4_N100_POW_seed009,POW,H4,100,9,4,97.48256864563075
8Y_H4_N100_POW_seed009,POW,H4,100,9,5,1096.328077913172
8Y_H4_N100_POW_seed009,POW,H4,100,9,6,282.9362674983204
8Y_H4_N100_POW_seed009,POW,H4,100,9,7,117.096276227629
8Y_H4_N100_POW_seed009,POW,H4,100,9,8,1021.6956275105499
8Y_H4_N100_POW_seed009,POW,H4,100,9,9,1520.7789863912658
8Y_H4_N100_POW_seed009,POW,H4,100,9,10,411.92737184935686
8Y_H4_N100_POW_seed009,POW,H4,100,9,11,586.9047340587576
8Y_H4_N100_POW_seed009,POW,H4,100,9,12,118.75345234123142
8Y_H4_N100_POW_seed009,POW,H4,100,9,13,336.90703676739395
8Y_H4_N100_POW_seed009,POW,H4,100,9,14,79.37388446661589
8Y_H4_N100_POW_seed009,POW,H4,100,9,15,67.25479216888834
8Y_H4_N100_POW_seed009,POW,H4,100,9,16,543.6190261564998
8Y_H4_N100_POW_seed009,POW,H4,100,9,17,717.9175022248746
8Y_H4_N100_POW_seed009,POW,H4,100,9,18,1126.3476347637834
8Y_H4_N100_POW_seed009,POW,H4,100,9,19,610.6956208547981
8Y_H4_N100_P0_ALL_seed009,P0_ALL,H4,100,9,1,106.50787770949454
8Y_H4_N100_P0_ALL_seed009,P0_ALL,H4,100,9,2,89.26197538920691
8Y_H4_N100_P0_ALL_seed009,P0_ALL,H4,100,9,3,716.39894028028
8Y_H4_N100_P0_ALL_seed009,P0_ALL,H4,100,9,4,97.48256864563075
8Y_H4_N100_P0_ALL_seed009,P0_ALL,H4,100,9,5,1099.4877803149384
8Y_H4_N100_P0_ALL_seed009,P0_ALL,H4,100,9,6,282.9362674983204
8Y_H4_N100_P0_ALL_seed009,P0_ALL,H4,100,9,7,117.096276227629
8Y_H4_N100_P0_ALL_seed009,P0_ALL,H4,100,9,8,1023.704891599526
8Y_H4_N100_P0_ALL_seed009,P0_ALL,H4,100,9,9,1525.675581040431
8Y_H4_N100_P0_ALL_seed009,P0_ALL,H4,100,9,10,411.92737184935686
8Y_H4_N100_P0_ALL_seed009,P0_ALL,H4,100,9,11,586.9047340587576
8Y_H4_N100_P0_ALL_seed009,P0_ALL,H4,100,9,12,118.75345234123142
8Y_H4_N100_P0_ALL_seed009,P0_ALL,H4,100,9,13,336.90703676739395
8Y_H4_N100_P0_ALL_seed009,P0_ALL,H4,100,9,14,79.37388446661589
8Y_H4_N100_P0_ALL_seed009,P0_ALL,H4,100,9,15,67.25479216888834
8Y_H4_N100_P0_ALL_seed009,P0_ALL,H4,100,9,16,543.6190261564998
8Y_H4_N100_P0_ALL_seed009,P0_ALL,H4,100,9,17,718.8906266724161
8Y_H4_N100_P0_ALL_seed009,P0_ALL,H4,100,9,18,1128.9167598529257
8Y_H4_N100_P0_ALL_seed009,P0_ALL,H4,100,9,19,612.4918222723936
8Y_H4_N100_P3_ENERGY_seed009,P3_ENERGY,H4,100,9,1,106.50787770949454
8Y_H4_N100_P3_ENERGY_seed009,P3_ENERGY,H4,100,9,2,89.26197538920691
8Y_H4_N100_P3_ENERGY_seed009,P3_ENERGY,H4,100,9,3,716.39894028028
8Y_H4_N100_P3_ENERGY_seed009,P3_ENERGY,H4,100,9,4,244.33631475398238
8Y_H4_N100_P3_ENERGY_seed009,P3_ENERGY,H4,100,9,5,1099.4877803149384
8Y_H4_N100_P3_ENERGY_seed009,P3_ENERGY,H4,100,9,6,282.9362674983204
8Y_H4_N100_P3_ENERGY_seed009,P3_ENERGY,H4,100,9,7,1626.8480806630732
8Y_H4_N100_P3_ENERGY_seed009,P3_ENERGY,H4,100,9,8,1523.5875944658756
8Y_H4_N100_P3_ENERGY_seed009,P3_ENERGY,H4,100,9,9,465.169550402341
8Y_H4_N100_P3_ENERGY_seed009,P3_ENERGY,H4,100,9,10,586.8841780774019
8Y_H4_N100_P3_ENERGY_seed009,P3_ENERGY,H4,100,9,11,118.90580765728919
8Y_H4_N100_P3_ENERGY_seed009,P3_ENERGY,H4,100,9,12,335.9657161825435
8Y_H4_N100_P3_ENERGY_seed009,P3_ENERGY,H4,100,9,13,79.17094048460967
8Y_H4_N100_P3_ENERGY_seed009,P3_ENERGY,H4,100,9,14,1921.8923498938193
8Y_H4_N100_P4_RESERVE_seed009,P4_RESERVE,H4,100,9,1,106.50787770949454
8Y_H4_N100_P4_RESERVE_seed009,P4_RESERVE,H4,100,9,2,89.26197538920691
8Y_H4_N100_P4_RESERVE_seed009,P4_RESERVE,H4,100,9,3,1624.5537236829155
8Y_H4_N100_P4_RESERVE_seed009,P4_RESERVE,H4,100,9,4,244.33631475398215
8Y_H4_N100_P4_RESERVE_seed009,P4_RESERVE,H4,100,9,5,1927.2776164187285
8Y_H4_N100_P4_RESERVE_seed009,P4_RESERVE,H4,100,9,6,282.9362674983199
8Y_H4_N100_P4_RESERVE_seed009,P4_RESERVE,H4,100,9,7,1007.2269793504875
8Y_H4_N100_P4_RESERVE_seed009,P4_RESERVE,H4,100,9,8,1931.0248119921953
8Y_H4_N100_P4_RESERVE_seed009,P4_RESERVE,H4,100,9,9,1627.269929251741
8Y_H4_N100_P4_RESERVE_seed009,P4_RESERVE,H4,100,9,10,320.94245963342655
8Y_H4_N100_P4_RESERVE_seed009,P4_RESERVE,H4,100,9,11,465.4082632113805
8Y_H4_N100_POW_seed010,POW,H4,100,10,1,104.1733398531655
8Y_H4_N100_POW_seed010,POW,H4,100,10,2,125.64163916335762
8Y_H4_N100_POW_seed010,POW,H4,100,10,3,35.39305903503208
8Y_H4_N100_POW_seed010,POW,H4,100,10,4,1544.8227991848269
8Y_H4_N100_POW_seed010,POW,H4,100,10,5,60.86018823126574
8Y_H4_N100_POW_seed010,POW,H4,100,10,6,189.86948090097144
8Y_H4_N100_POW_seed010,POW,H4,100,10,7,36.13079117873076
8Y_H4_N100_POW_seed010,POW,H4,100,10,8,275.7762380762888
8Y_H4_N100_POW_seed010,POW,H4,100,10,9,251.7077443772564
8Y_H4_N100_POW_seed010,POW,H4,100,10,10,481.1565497615011
8Y_H4_N100_POW_seed010,POW,H4,100,10,11,75.5080939384411
8Y_H4_N100_POW_seed010,POW,H4,100,10,12,111.12265486417209
8Y_H4_N100_POW_seed010,POW,H4,100,10,13,970.8850909579187
8Y_H4_N100_POW_seed010,POW,H4,100,10,14,293.78164833414485
8Y_H4_N100_POW_seed010,POW,H4,100,10,15,93.34382928335253
8Y_H4_N100_POW_seed010,POW,H4,100,10,16,947.4946660783762
8Y_H4_N100_POW_seed010,POW,H4,100,10,17,726.065921041285
8Y_H4_N100_POW_seed010,POW,H4,100,10,18,307.16912675150525
8Y_H4_N100_POW_seed010,POW,H4,100,10,19,476.8476143309981
8Y_H4_N100_POW_seed010,POW,H4,100,10,20,286.6915351593816
8Y_H4_N100_POW_seed010,POW,H4,100,10,21,396.67761636873274
8Y_H4_N100_POW_seed010,POW,H4,100,10,22,194.07505836450127
8Y_H4_N100_POW_seed010,POW,H4,100,10,23,13.54567800060886
8Y_H4_N100_POW_seed010,POW,H4,100,10,24,186.51888677928946
8Y_H4_N100_POW_seed010,POW,H4,100,10,25,907.4410530570258
8Y_H4_N100_POW_seed010,POW,H4,100,10,26,264.58276655773625
8Y_H4_N100_P0_ALL_seed010,P0_ALL,H4,100,10,1,104.1733398531655
8Y_H4_N100_P0_ALL_seed010,P0_ALL,H4,100,10,2,125.64163916335762
8Y_H4_N100_P0_ALL_seed010,P0_ALL,H4,100,10,3,35.39305903503208
8Y_H4_N100_P0_ALL_seed010,P0_ALL,H4,100,10,4,1549.0327689238416
8Y_H4_N100_P0_ALL_seed010,P0_ALL,H4,100,10,5,60.86018823126574
8Y_H4_N100_P0_ALL_seed010,P0_ALL,H4,100,10,6,189.86948090097167
8Y_H4_N100_P0_ALL_seed010,P0_ALL,H4,100,10,7,36.13079117873076
8Y_H4_N100_P0_ALL_seed010,P0_ALL,H4,100,10,8,275.7762380762888
8Y_H4_N100_P0_ALL_seed010,P0_ALL,H4,100,10,9,251.7077443772564
8Y_H4_N100_P0_ALL_seed010,P0_ALL,H4,100,10,10,481.1565497615011
8Y_H4_N100_P0_ALL_seed010,P0_ALL,H4,100,10,11,75.5080939384411
8Y_H4_N100_P0_ALL_seed010,P0_ALL,H4,100,10,12,111.12265486417209
8Y_H4_N100_P0_ALL_seed010,P0_ALL,H4,100,10,13,972.8559991062039
8Y_H4_N100_P0_ALL_seed010,P0_ALL,H4,100,10,14,293.78164833414485
8Y_H4_N100_P0_ALL_seed010,P0_ALL,H4,100,10,15,93.34382928335253
8Y_H4_N100_P0_ALL_seed010,P0_ALL,H4,100,10,16,949.0371106772845
8Y_H4_N100_P0_ALL_seed010,P0_ALL,H4,100,10,17,728.1448729699587
8Y_H4_N100_P0_ALL_seed010,P0_ALL,H4,100,10,18,307.16912675150525
8Y_H4_N100_P0_ALL_seed010,P0_ALL,H4,100,10,19,476.8476143309981
8Y_H4_N100_P0_ALL_seed010,P0_ALL,H4,100,10,20,286.6915351593816
8Y_H4_N100_P0_ALL_seed010,P0_ALL,H4,100,10,21,396.67761636873274
8Y_H4_N100_P0_ALL_seed010,P0_ALL,H4,100,10,22,194.07505836450127
8Y_H4_N100_P0_ALL_seed010,P0_ALL,H4,100,10,23,13.54567800060886
8Y_H4_N100_P0_ALL_seed010,P0_ALL,H4,100,10,24,186.51888677928946
8Y_H4_N100_P0_ALL_seed010,P0_ALL,H4,100,10,25,908.3818156351917
8Y_H4_N100_P0_ALL_seed010,P0_ALL,H4,100,10,26,264.58276655773625
8Y_H4_N100_P3_ENERGY_seed010,P3_ENERGY,H4,100,10,1,871.5727973713604
8Y_H4_N100_P3_ENERGY_seed010,P3_ENERGY,H4,100,10,2,34.67115196316013
8Y_H4_N100_P3_ENERGY_seed010,P3_ENERGY,H4,100,10,3,2594.9724111502323
8Y_H4_N100_P3_ENERGY_seed010,P3_ENERGY,H4,100,10,4,35.90245896855049
8Y_H4_N100_P3_ENERGY_seed010,P3_ENERGY,H4,100,10,5,1086.8226544637173
8Y_H4_N100_P3_ENERGY_seed010,P3_ENERGY,H4,100,10,6,677.0601838912307
8Y_H4_N100_P3_ENERGY_seed010,P3_ENERGY,H4,100,10,7,111.12265486417164
8Y_H4_N100_P3_ENERGY_seed010,P3_ENERGY,H4,100,10,8,972.9877407901231
8Y_H4_N100_P3_ENERGY_seed010,P3_ENERGY,H4,100,10,9,294.1851743697589
8Y_H4_N100_P3_ENERGY_seed010,P3_ENERGY,H4,100,10,10,283.5458692093198
8Y_H4_N100_P3_ENERGY_seed010,P3_ENERGY,H4,100,10,11,949.7230778565427
8Y_H4_N100_P3_ENERGY_seed010,P3_ENERGY,H4,100,10,12,729.4994977318511
8Y_H4_N100_P3_ENERGY_seed010,P3_ENERGY,H4,100,10,13,1078.246976535711
8Y_H4_N100_P4_RESERVE_seed010,P4_RESERVE,H4,100,10,1,414.1733398531655
8Y_H4_N100_P4_RESERVE_seed010,P4_RESERVE,H4,100,10,2,271.6108088414265
8Y_H4_N100_P4_RESERVE_seed010,P4_RESERVE,H4,100,10,3,35.393059035032024
8Y_H4_N100_P4_RESERVE_seed010,P4_RESERVE,H4,100,10,4,434.752712217624
8Y_H4_N100_P4_RESERVE_seed010,P4_RESERVE,H4,100,10,5,1474.5055734189546
8Y_H4_N100_P4_RESERVE_seed010,P4_RESERVE,H4,100,10,6,1195.0442265415327
8Y_H4_N100_P4_RESERVE_seed010,P4_RESERVE,H4,100,10,7,1699.3241785759315
8Y_H4_N100_P4_RESERVE_seed010,P4_RESERVE,H4,100,10,8,36.15801755449502
8Y_H4_N100_P4_RESERVE_seed010,P4_RESERVE,H4,100,10,9,1996.223532628289
8Y_H4_N100_P4_RESERVE_seed010,P4_RESERVE,H4,100,10,10,670.5900336001614
8Y_H4_N100_P4_RESERVE_seed010,P4_RESERVE,H4,100,10,11,75.50809393844065
8Y_H4_N100_P4_RESERVE_seed010,P4_RESERVE,H4,100,10,12,111.12265486417164
8Y_H4_N100_P4_RESERVE_seed010,P4_RESERVE,H4,100,10,13,584.9895548350632
8Y_H4_N100_P4_RESERVE_seed010,P4_RESERVE,H4,100,10,14,371.06051034875236
8Y_H4_N100_P4_RESERVE_seed010,P4_RESERVE,H4,100,10,15,293.8344608627431
8Y_H4_N100_P4_RESERVE_seed010,P4_RESERVE,H4,100,10,16,283.0619958807056
8Y_H4_N100_POW_seed011,POW,H4,100,11,1,457.96366391168266
8Y_H4_N100_POW_seed011,POW,H4,100,11,2,687.7531528878703
8Y_H4_N100_POW_seed011,POW,H4,100,11,3,1604.8002350125346
8Y_H4_N100_POW_seed011,POW,H4,100,11,4,506.5204483017478
8Y_H4_N100_POW_seed011,POW,H4,100,11,5,230.91520971639193
8Y_H4_N100_POW_seed011,POW,H4,100,11,6,26.447129696872253
8Y_H4_N100_POW_seed011,POW,H4,100,11,7,8.62404471863465
8Y_H4_N100_POW_seed011,POW,H4,100,11,8,223.35290725943287
8Y_H4_N100_POW_seed011,POW,H4,100,11,9,109.10462864665715
8Y_H4_N100_POW_seed011,POW,H4,100,11,10,104.50788098139401
8Y_H4_N100_POW_seed011,POW,H4,100,11,11,973.4821703661705
8Y_H4_N100_POW_seed011,POW,H4,100,11,12,254.2369221606741
8Y_H4_N100_POW_seed011,POW,H4,100,11,13,40.846078865263735
8Y_H4_N100_POW_seed011,POW,H4,100,11,14,945.528063659458
8Y_H4_N100_POW_seed011,POW,H4,100,11,15,6.9276151910635235
8Y_H4_N100_POW_seed011,POW,H4,100,11,16,684.6824245832522
8Y_H4_N100_POW_seed011,POW,H4,100,11,17,472.97182983056337
8Y_H4_N100_POW_seed011,POW,H4,100,11,18,1398.641393681578
8Y_H4_N100_POW_seed011,POW,H4,100,11,19,1026.5452391134222
8Y_H4_N100_P0_ALL_seed011,P0_ALL,H4,100,11,1,457.96366391168266
8Y_H4_N100_P0_ALL_seed011,P0_ALL,H4,100,11,2,690.9420194128197
8Y_H4_N100_P0_ALL_seed011,P0_ALL,H4,100,11,3,1610.402422057198
8Y_H4_N100_P0_ALL_seed011,P0_ALL,H4,100,11,4,506.5204483017478
8Y_H4_N100_P0_ALL_seed011,P0_ALL,H4,100,11,5,230.91520971639193
8Y_H4_N100_P0_ALL_seed011,P0_ALL,H4,100,11,6,26.447129696872253
8Y_H4_N100_P0_ALL_seed011,P0_ALL,H4,100,11,7,8.62404471863465
8Y_H4_N100_P0_ALL_seed011,P0_ALL,H4,100,11,8,223.35290725943287
8Y_H4_N100_P0_ALL_seed011,P0_ALL,H4,100,11,9,109.10462864665715
8Y_H4_N100_P0_ALL_seed011,P0_ALL,H4,100,11,10,104.50788098139401
8Y_H4_N100_P0_ALL_seed011,P0_ALL,H4,100,11,11,976.1704550436548
8Y_H4_N100_P0_ALL_seed011,P0_ALL,H4,100,11,12,254.2369221606741
8Y_H4_N100_P0_ALL_seed011,P0_ALL,H4,100,11,13,40.846078865263735
8Y_H4_N100_P0_ALL_seed011,P0_ALL,H4,100,11,14,948.3839367914234
8Y_H4_N100_P0_ALL_seed011,P0_ALL,H4,100,11,15,6.9276151910635235
8Y_H4_N100_P0_ALL_seed011,P0_ALL,H4,100,11,16,687.9575401591819
8Y_H4_N100_P0_ALL_seed011,P0_ALL,H4,100,11,17,472.97182983056337
8Y_H4_N100_P0_ALL_seed011,P0_ALL,H4,100,11,18,1402.5285029468469
8Y_H4_N100_P0_ALL_seed011,P0_ALL,H4,100,11,19,1029.354589741888
8Y_H4_N100_P3_ENERGY_seed011,P3_ENERGY,H4,100,11,1,457.96366391168266
8Y_H4_N100_P3_ENERGY_seed011,P3_ENERGY,H4,100,11,2,3519.913705390857
8Y_H4_N100_P3_ENERGY_seed011,P3_ENERGY,H4,100,11,3,231.23700919900057
8Y_H4_N100_P3_ENERGY_seed011,P3_ENERGY,H4,100,11,4,26.825144713887312
8Y_H4_N100_P3_ENERGY_seed011,P3_ENERGY,H4,100,11,5,8.13559838312267
8Y_H4_N100_P3_ENERGY_seed011,P3_ENERGY,H4,100,11,6,224.52614899106356
8Y_H4_N100_P3_ENERGY_seed011,P3_ENERGY,H4,100,11,7,109.10769510225782
8Y_H4_N100_P3_ENERGY_seed011,P3_ENERGY,H4,100,11,8,104.58846943675962
8Y_H4_N100_P3_ENERGY_seed011,P3_ENERGY,H4,100,11,9,1457.228988773868
8Y_H4_N100_P3_ENERGY_seed011,P3_ENERGY,H4,100,11,10,40.87731421150147
8Y_H4_N100_P3_ENERGY_seed011,P3_ENERGY,H4,100,11,11,2490.9424672767673
8Y_H4_N100_P3_ENERGY_seed011,P3_ENERGY,H4,100,11,12,473.59827746472
8Y_H4_N100_P4_RESERVE_seed011,P4_RESERVE,H4,100,11,1,457.96366391168266
8Y_H4_N100_P4_RESERVE_seed011,P4_RESERVE,H4,100,11,2,1597.7331276601278
8Y_H4_N100_P4_RESERVE_seed011,P4_RESERVE,H4,100,11,3,3121.066672144033
8Y_H4_N100_P4_RESERVE_seed011,P4_RESERVE,H4,100,11,4,231.11000966308438
8Y_H4_N100_P4_RESERVE_seed011,P4_RESERVE,H4,100,11,5,26.295850519423766
8Y_H4_N100_P4_RESERVE_seed011,P4_RESERVE,H4,100,11,6,8.712346976619301
8Y_H4_N100_P4_RESERVE_seed011,P4_RESERVE,H4,100,11,7,223.70136928834563
8Y_H4_N100_P4_RESERVE_seed011,P4_RESERVE,H4,100,11,8,109.0281396393375
8Y_H4_N100_P4_RESERVE_seed011,P4_RESERVE,H4,100,11,9,104.8163651268751
8Y_H4_N100_P4_RESERVE_seed011,P4_RESERVE,H4,100,11,10,820.3951382192181
8Y_H4_N100_P4_RESERVE_seed011,P4_RESERVE,H4,100,11,11,1764.0642612625024
8Y_H4_N100_P4_RESERVE_seed011,P4_RESERVE,H4,100,11,12,39.96744066771862
8Y_H4_N100_POW_seed012,POW,H4,100,12,1,452.13799846707786
8Y_H4_N100_POW_seed012,POW,H4,100,12,2,126.42060351967518
8Y_H4_N100_POW_seed012,POW,H4,100,12,3,63.88999650068831
8Y_H4_N100_POW_seed012,POW,H4,100,12,4,508.20329050443297
8Y_H4_N100_POW_seed012,POW,H4,100,12,5,942.4637819333011
8Y_H4_N100_POW_seed012,POW,H4,100,12,6,231.52519016917267
8Y_H4_N100_POW_seed012,POW,H4,100,12,7,304.5548505617089
8Y_H4_N100_POW_seed012,POW,H4,100,12,8,480.5480491800695
8Y_H4_N100_POW_seed012,POW,H4,100,12,9,54.33030881250352
8Y_H4_N100_POW_seed012,POW,H4,100,12,10,632.8522272483747
8Y_H4_N100_POW_seed012,POW,H4,100,12,11,687.4378555130093
8Y_H4_N100_POW_seed012,POW,H4,100,12,12,37.09725171111404
8Y_H4_N100_POW_seed012,POW,H4,100,12,13,264.72985657651134
8Y_H4_N100_POW_seed012,POW,H4,100,12,14,143.55643538244294
8Y_H4_N100_POW_seed012,POW,H4,100,12,15,60.17038800528826
8Y_H4_N100_POW_seed012,POW,H4,100,12,16,292.1013306967243
8Y_H4_N100_POW_seed012,POW,H4,100,12,17,756.0966538853263
8Y_H4_N100_POW_seed012,POW,H4,100,12,18,729.6349252965192
8Y_H4_N100_POW_seed012,POW,H4,100,12,19,434.2891074807221
8Y_H4_N100_P0_ALL_seed012,P0_ALL,H4,100,12,1,452.13799846707786
8Y_H4_N100_P0_ALL_seed012,P0_ALL,H4,100,12,2,126.42060351967518
8Y_H4_N100_P0_ALL_seed012,P0_ALL,H4,100,12,3,63.88999650068831
8Y_H4_N100_P0_ALL_seed012,P0_ALL,H4,100,12,4,508.20329050443297
8Y_H4_N100_P0_ALL_seed012,P0_ALL,H4,100,12,5,944.5858256072584
8Y_H4_N100_P0_ALL_seed012,P0_ALL,H4,100,12,6,231.52519016917267
8Y_H4_N100_P0_ALL_seed012,P0_ALL,H4,100,12,7,304.55485056170846
8Y_H4_N100_P0_ALL_seed012,P0_ALL,H4,100,12,8,480.5480491800695
8Y_H4_N100_P0_ALL_seed012,P0_ALL,H4,100,12,9,54.33030881250352
8Y_H4_N100_P0_ALL_seed012,P0_ALL,H4,100,12,10,634.4511457635135
8Y_H4_N100_P0_ALL_seed012,P0_ALL,H4,100,12,11,689.0868957093599
8Y_H4_N100_P0_ALL_seed012,P0_ALL,H4,100,12,12,37.09725171111404
8Y_H4_N100_P0_ALL_seed012,P0_ALL,H4,100,12,13,264.72985657651134
8Y_H4_N100_P0_ALL_seed012,P0_ALL,H4,100,12,14,143.55643538244294
8Y_H4_N100_P0_ALL_seed012,P0_ALL,H4,100,12,15,60.17038800528826
8Y_H4_N100_P0_ALL_seed012,P0_ALL,H4,100,12,16,292.1013306967243
8Y_H4_N100_P0_ALL_seed012,P0_ALL,H4,100,12,17,758.7593758929706
8Y_H4_N100_P0_ALL_seed012,P0_ALL,H4,100,12,18,732.0092951290726
8Y_H4_N100_P0_ALL_seed012,P0_ALL,H4,100,12,19,434.2891074807221
8Y_H4_N100_P3_ENERGY_seed012,P3_ENERGY,H4,100,12,1,452.13799846707786
8Y_H4_N100_P3_ENERGY_seed012,P3_ENERGY,H4,100,12,2,301.1899927478752
8Y_H4_N100_P3_ENERGY_seed012,P3_ENERGY,H4,100,12,3,63.88999650068831
8Y_H4_N100_P3_ENERGY_seed012,P3_ENERGY,H4,100,12,4,1548.1942617601217
8Y_H4_N100_P3_ENERGY_seed012,P3_ENERGY,H4,100,12,5,906.8398216720534
8Y_H4_N100_P3_ENERGY_seed012,P3_ENERGY,H4,100,12,6,656.2329411221181
8Y_H4_N100_P3_ENERGY_seed012,P3_ENERGY,H4,100,12,7,634.5174245964081
8Y_H4_N100_P3_ENERGY_seed012,P3_ENERGY,H4,100,12,8,690.0174754952513
8Y_H4_N100_P3_ENERGY_seed012,P3_ENERGY,H4,100,12,9,37.74063554351778
8Y_H4_N100_P3_ENERGY_seed012,P3_ENERGY,H4,100,12,10,265.9358525546231
8Y_H4_N100_P3_ENERGY_seed012,P3_ENERGY,H4,100,12,11,451.4963661639604
8Y_H4_N100_P3_ENERGY_seed012,P3_ENERGY,H4,100,12,12,60.38211602730189
8Y_H4_N100_P3_ENERGY_seed012,P3_ENERGY,H4,100,12,13,292.1583045277184
8Y_H4_N100_P3_ENERGY_seed012,P3_ENERGY,H4,100,12,14,757.5547725996166
8Y_H4_N100_P3_ENERGY_seed012,P3_ENERGY,H4,100,12,15,992.8458043483415
8Y_H4_N100_P3_ENERGY_seed012,P3_ENERGY,H4,100,12,16,464.3174347271315
8Y_H4_N100_P4_RESERVE_seed012,P4_RESERVE,H4,100,12,1,452.13799846707786
8Y_H4_N100_P4_RESERVE_seed012,P4_RESERVE,H4,100,12,2,301.1899927478752
8Y_H4_N100_P4_RESERVE_seed012,P4_RESERVE,H4,100,12,3,63.88999650068831
8Y_H4_N100_P4_RESERVE_seed012,P4_RESERVE,H4,100,12,4,1636.4544348777308
8Y_H4_N100_P4_RESERVE_seed012,P4_RESERVE,H4,100,12,5,342.4637819333011
8Y_H4_N100_P4_RESERVE_seed012,P4_RESERVE,H4,100,12,6,1813.3643010081805
8Y_H4_N100_P4_RESERVE_seed012,P4_RESERVE,H4,100,12,7,1564.047312958277
8Y_H4_N100_P4_RESERVE_seed012,P4_RESERVE,H4,100,12,8,840.5483708436795
8Y_H4_N100_P4_RESERVE_seed012,P4_RESERVE,H4,100,12,9,33.245174940354445
8Y_H4_N100_P4_RESERVE_seed012,P4_RESERVE,H4,100,12,10,1597.7023374309483
8Y_H4_N100_P4_RESERVE_seed012,P4_RESERVE,H4,100,12,11,37.258756022609305
8Y_H4_N100_P4_RESERVE_seed012,P4_RESERVE,H4,100,12,12,264.9132497069095
8Y_H4_N100_P4_RESERVE_seed012,P4_RESERVE,H4,100,12,13,451.3946732521126
8Y_H4_N100_P4_RESERVE_seed012,P4_RESERVE,H4,100,12,14,60.383023858916204
8Y_H4_N100_P4_RESERVE_seed012,P4_RESERVE,H4,100,12,15,291.8010800664033
8Y_H4_N100_POW_seed013,POW,H4,100,13,1,651.2478665628234
8Y_H4_N100_POW_seed013,POW,H4,100,13,2,795.1289321817505
8Y_H4_N100_POW_seed013,POW,H4,100,13,3,428.0351262498875
8Y_H4_N100_POW_seed013,POW,H4,100,13,4,125.6111163135447
8Y_H4_N100_POW_seed013,POW,H4,100,13,5,187.66167489475538
8Y_H4_N100_POW_seed013,POW,H4,100,13,6,1417.5209337313267
8Y_H4_N100_POW_seed013,POW,H4,100,13,7,129.6612188526965
8Y_H4_N100_POW_seed013,POW,H4,100,13,8,1319.664812098401
8Y_H4_N100_POW_seed013,POW,H4,100,13,9,1094.6671518676712
8Y_H4_N100_POW_seed013,POW,H4,100,13,10,27.811185906502033
8Y_H4_N100_POW_seed013,POW,H4,100,13,11,1252.6265407786777
8Y_H4_N100_POW_seed013,POW,H4,100,13,12,1279.01273507318
8Y_H4_N100_POW_seed013,POW,H4,100,13,13,920.6723484169415
8Y_H4_N100_P0_ALL_seed013,P0_ALL,H4,100,13,1,651.7877927627289
8Y_H4_N100_P0_ALL_seed013,P0_ALL,H4,100,13,2,797.3114137257433
8Y_H4_N100_P0_ALL_seed013,P0_ALL,H4,100,13,3,428.0351262498875
8Y_H4_N100_P0_ALL_seed013,P0_ALL,H4,100,13,4,125.6111163135447
8Y_H4_N100_P0_ALL_seed013,P0_ALL,H4,100,13,5,187.66167489475538
8Y_H4_N100_P0_ALL_seed013,P0_ALL,H4,100,13,6,1422.8424630773543
8Y_H4_N100_P0_ALL_seed013,P0_ALL,H4,100,13,7,129.6612188526965
8Y_H4_N100_P0_ALL_seed013,P0_ALL,H4,100,13,8,1322.9252962160954
8Y_H4_N100_P0_ALL_seed013,P0_ALL,H4,100,13,9,1097.098140327963
8Y_H4_N100_P0_ALL_seed013,P0_ALL,H4,100,13,10,27.811185906502033
8Y_H4_N100_P0_ALL_seed013,P0_ALL,H4,100,13,11,1255.2726191916381
8Y_H4_N100_P0_ALL_seed013,P0_ALL,H4,100,13,12,1282.7332064311095
8Y_H4_N100_P0_ALL_seed013,P0_ALL,H4,100,13,13,922.8220751370209
8Y_H4_N100_P3_ENERGY_seed013,P3_ENERGY,H4,100,13,1,1999.0267281823658
8Y_H4_N100_P3_ENERGY_seed013,P3_ENERGY,H4,100,13,2,916.749535649883
8Y_H4_N100_P3_ENERGY_seed013,P3_ENERGY,H4,100,13,3,2535.1031984058386
8Y_H4_N100_P3_ENERGY_seed013,P3_ENERGY,H4,100,13,4,1324.038593462611
8Y_H4_N100_P4_RESERVE_seed013,P4_RESERVE,H4,100,13,1,1561.787792762729
8Y_H4_N100_P4_RESERVE_seed013,P4_RESERVE,H4,100,13,2,1705.5256520075293
8Y_H4_N100_P4_RESERVE_seed013,P4_RESERVE,H4,100,13,3,737.7039759761556
8Y_H4_N100_P4_RESERVE_seed013,P4_RESERVE,H4,100,13,4,315.180470283854
8Y_H4_N100_P4_RESERVE_seed013,P4_RESERVE,H4,100,13,5,562.0663975895295
8Y_H4_N100_P4_RESERVE_seed013,P4_RESERVE,H4,100,13,6,735.366187060923
8Y_H4_N100_P4_RESERVE_seed013,P4_RESERVE,H4,100,13,7,797.4705057203637
8Y_H4_N100_P4_RESERVE_seed013,P4_RESERVE,H4,100,13,8,1638.2682108413283
8Y_H4_N100_POW_seed014,POW,H4,100,14,1,215.02370575934947
8Y_H4_N100_POW_seed014,POW,H4,100,14,2,42.54079161546781
8Y_H4_N100_POW_seed014,POW,H4,100,14,3,1733.759568647817
8Y_H4_N100_POW_seed014,POW,H4,100,14,4,788.0140644507628
8Y_H4_N100_POW_seed014,POW,H4,100,14,5,172.43150626810393
8Y_H4_N100_POW_seed014,POW,H4,100,14,6,292.2113536907045
8Y_H4_N100_POW_seed014,POW,H4,100,14,7,16.09945204436326
8Y_H4_N100_POW_seed014,POW,H4,100,14,8,272.9597079137088
8Y_H4_N100_POW_seed014,POW,H4,100,14,9,443.3888957239369
8Y_H4_N100_POW_seed014,POW,H4,100,14,10,537.5865174744331
8Y_H4_N100_POW_seed014,POW,H4,100,14,11,615.0651725021871
8Y_H4_N100_POW_seed014,POW,H4,100,14,12,113.94599122251657
8Y_H4_N100_POW_seed014,POW,H4,100,14,13,305.39143681845235
8Y_H4_N100_POW_seed014,POW,H4,100,14,14,281.95525266637287
8Y_H4_N100_POW_seed014,POW,H4,100,14,15,627.9700136745278
8Y_H4_N100_POW_seed014,POW,H4,100,14,16,846.1605059214235
8Y_H4_N100_POW_seed014,POW,H4,100,14,17,348.9437128331174
8Y_H4_N100_POW_seed014,POW,H4,100,14,18,218.6516008565295
8Y_H4_N100_POW_seed014,POW,H4,100,14,19,396.704137273573
8Y_H4_N100_P0_ALL_seed014,P0_ALL,H4,100,14,1,215.02370575934947
8Y_H4_N100_P0_ALL_seed014,P0_ALL,H4,100,14,2,42.54079161546781
8Y_H4_N100_P0_ALL_seed014,P0_ALL,H4,100,14,3,1737.7944870491183
8Y_H4_N100_P0_ALL_seed014,P0_ALL,H4,100,14,4,790.2590250015371
8Y_H4_N100_P0_ALL_seed014,P0_ALL,H4,100,14,5,172.43150626810393
8Y_H4_N100_P0_ALL_seed014,P0_ALL,H4,100,14,6,292.2113536907045
8Y_H4_N100_P0_ALL_seed014,P0_ALL,H4,100,14,7,16.09945204436326
8Y_H4_N100_P0_ALL_seed014,P0_ALL,H4,100,14,8,272.9597079137088
8Y_H4_N100_P0_ALL_seed014,P0_ALL,H4,100,14,9,443.3888957239369
8Y_H4_N100_P0_ALL_seed014,P0_ALL,H4,100,14,10,537.5865174744331
8Y_H4_N100_P0_ALL_seed014,P0_ALL,H4,100,14,11,618.5092398736624
8Y_H4_N100_P0_ALL_seed014,P0_ALL,H4,100,14,12,113.94599122251657
8Y_H4_N100_P0_ALL_seed014,P0_ALL,H4,100,14,13,305.39143681845235
8Y_H4_N100_P0_ALL_seed014,P0_ALL,H4,100,14,14,281.95525266637287
8Y_H4_N100_P0_ALL_seed014,P0_ALL,H4,100,14,15,630.3993329480509
8Y_H4_N100_P0_ALL_seed014,P0_ALL,H4,100,14,16,849.1901492317711
8Y_H4_N100_P0_ALL_seed014,P0_ALL,H4,100,14,17,348.9437128331174
8Y_H4_N100_P0_ALL_seed014,P0_ALL,H4,100,14,18,218.6516008565295
8Y_H4_N100_P0_ALL_seed014,P0_ALL,H4,100,14,19,396.704137273573
8Y_H4_N100_P3_ENERGY_seed014,P3_ENERGY,H4,100,14,1,215.02370575934947
8Y_H4_N100_P3_ENERGY_seed014,P3_ENERGY,H4,100,14,2,42.54079161546781
8Y_H4_N100_P3_ENERGY_seed014,P3_ENERGY,H4,100,14,3,2854.086575663419
8Y_H4_N100_P3_ENERGY_seed014,P3_ENERGY,H4,100,14,4,172.44441181332832
8Y_H4_N100_P3_ENERGY_seed014,P3_ENERGY,H4,100,14,5,432.52238486565693
8Y_H4_N100_P3_ENERGY_seed014,P3_ENERGY,H4,100,14,6,16.449655068362517
8Y_H4_N100_P3_ENERGY_seed014,P3_ENERGY,H4,100,14,7,273.00352028415455
8Y_H4_N100_P3_ENERGY_seed014,P3_ENERGY,H4,100,14,8,443.4659870983028
8Y_H4_N100_P3_ENERGY_seed014,P3_ENERGY,H4,100,14,9,538.5999078302957
8Y_H4_N100_P3_ENERGY_seed014,P3_ENERGY,H4,100,14,10,618.7263874235159
8Y_H4_N100_P3_ENERGY_seed014,P3_ENERGY,H4,100,14,11,907.1425498084373
8Y_H4_N100_P3_ENERGY_seed014,P3_ENERGY,H4,100,14,12,279.54382136180175
8Y_H4_N100_P3_ENERGY_seed014,P3_ENERGY,H4,100,14,13,977.0305723863839
8Y_H4_N100_P3_ENERGY_seed014,P3_ENERGY,H4,100,14,14,848.4066679350481
8Y_H4_N100_P3_ENERGY_seed014,P3_ENERGY,H4,100,14,15,349.09663828896373
8Y_H4_N100_P3_ENERGY_seed014,P3_ENERGY,H4,100,14,16,218.46074672445502
8Y_H4_N100_P3_ENERGY_seed014,P3_ENERGY,H4,100,14,17,396.6481701358571
8Y_H4_N100_P4_RESERVE_seed014,P4_RESERVE,H4,100,14,1,215.02370575934947
8Y_H4_N100_P4_RESERVE_seed014,P4_RESERVE,H4,100,14,2,42.54079161546781
8Y_H4_N100_P4_RESERVE_seed014,P4_RESERVE,H4,100,14,3,3764.0460044090487
8Y_H4_N100_P4_RESERVE_seed014,P4_RESERVE,H4,100,14,4,172.44441181332832
8Y_H4_N100_P4_RESERVE_seed014,P4_RESERVE,H4,100,14,5,432.522384865656
8Y_H4_N100_P4_RESERVE_seed014,P4_RESERVE,H4,100,14,6,16.449655068363427
8Y_H4_N100_P4_RESERVE_seed014,P4_RESERVE,H4,100,14,7,273.00352028415455
8Y_H4_N100_P4_RESERVE_seed014,P4_RESERVE,H4,100,14,8,443.46598709830323
8Y_H4_N100_P4_RESERVE_seed014,P4_RESERVE,H4,100,14,9,538.5999078302957
8Y_H4_N100_P4_RESERVE_seed014,P4_RESERVE,H4,100,14,10,602.0240520372163
8Y_H4_N100_P4_RESERVE_seed014,P4_RESERVE,H4,100,14,11,15.065172502187124
8Y_H4_N100_P4_RESERVE_seed014,P4_RESERVE,H4,100,14,12,467.2057449423637
8Y_H4_N100_P4_RESERVE_seed014,P4_RESERVE,H4,100,14,13,305.39143681845235
8Y_H4_N100_P4_RESERVE_seed014,P4_RESERVE,H4,100,14,14,281.95525266637287
8Y_H4_N100_P4_RESERVE_seed014,P4_RESERVE,H4,100,14,15,1886.00832853876
8Y_H4_N100_POW_seed015,POW,H4,100,15,1,372.95811457116105
8Y_H4_N100_POW_seed015,POW,H4,100,15,2,1426.8881900824708
8Y_H4_N100_POW_seed015,POW,H4,100,15,3,16.039649333622265
8Y_H4_N100_POW_seed015,POW,H4,100,15,4,148.62439117791178
8Y_H4_N100_POW_seed015,POW,H4,100,15,5,797.8172761896401
8Y_H4_N100_POW_seed015,POW,H4,100,15,6,1756.423404498004
8Y_H4_N100_POW_seed015,POW,H4,100,15,7,566.8945874192295
8Y_H4_N100_POW_seed015,POW,H4,100,15,8,608.9957920319384
8Y_H4_N100_POW_seed015,POW,H4,100,15,9,228.3226624786348
8Y_H4_N100_POW_seed015,POW,H4,100,15,10,221.51419343997532
8Y_H4_N100_POW_seed015,POW,H4,100,15,11,1678.7978795494364
8Y_H4_N100_POW_seed015,POW,H4,100,15,12,956.9597363051907
8Y_H4_N100_POW_seed015,POW,H4,100,15,13,486.60303175076115
8Y_H4_N100_POW_seed015,POW,H4,100,15,14,720.4176551198834
8Y_H4_N100_P0_ALL_seed015,P0_ALL,H4,100,15,1,372.95811457116105
8Y_H4_N100_P0_ALL_seed015,P0_ALL,H4,100,15,2,1430.7633877675082
8Y_H4_N100_P0_ALL_seed015,P0_ALL,H4,100,15,3,16.039649333622265
8Y_H4_N100_P0_ALL_seed015,P0_ALL,H4,100,15,4,148.62439117791178
8Y_H4_N100_P0_ALL_seed015,P0_ALL,H4,100,15,5,799.2442788551107
8Y_H4_N100_P0_ALL_seed015,P0_ALL,H4,100,15,6,1762.3465288351076
8Y_H4_N100_P0_ALL_seed015,P0_ALL,H4,100,15,7,566.8945874192295
8Y_H4_N100_P0_ALL_seed015,P0_ALL,H4,100,15,8,610.163170485298
8Y_H4_N100_P0_ALL_seed015,P0_ALL,H4,100,15,9,228.3226624786348
8Y_H4_N100_P0_ALL_seed015,P0_ALL,H4,100,15,10,221.51419343997532
8Y_H4_N100_P0_ALL_seed015,P0_ALL,H4,100,15,11,1683.5645263775496
8Y_H4_N100_P0_ALL_seed015,P0_ALL,H4,100,15,12,959.7081200519387
8Y_H4_N100_P0_ALL_seed015,P0_ALL,H4,100,15,13,486.60303175076115
8Y_H4_N100_P3_ENERGY_seed015,P3_ENERGY,H4,100,15,1,372.95811457116105
8Y_H4_N100_P3_ENERGY_seed015,P3_ENERGY,H4,100,15,2,1430.2025522557408
8Y_H4_N100_P3_ENERGY_seed015,P3_ENERGY,H4,100,15,3,750.7651597463782
8Y_H4_N100_P3_ENERGY_seed015,P3_ENERGY,H4,100,15,4,2964.3624307747627
8Y_H4_N100_P3_ENERGY_seed015,P3_ENERGY,H4,100,15,5,1430.3912220673992
8Y_H4_N100_P3_ENERGY_seed015,P3_ENERGY,H4,100,15,6,228.65292085690362
8Y_H4_N100_P4_RESERVE_seed015,P4_RESERVE,H4,100,15,1,372.95811457116105
8Y_H4_N100_P4_RESERVE_seed015,P4_RESERVE,H4,100,15,2,2338.2365392085135
8Y_H4_N100_P4_RESERVE_seed015,P4_RESERVE,H4,100,15,3,325.3392349146525
8Y_H4_N100_P4_RESERVE_seed015,P4_RESERVE,H4,100,15,4,148.624391177912
8Y_H4_N100_P4_RESERVE_seed015,P4_RESERVE,H4,100,15,5,3514.7970668612656
8Y_H4_N100_P4_RESERVE_seed015,P4_RESERVE,H4,100,15,6,2076.4167965375927
8Y_H4_N100_P4_RESERVE_seed015,P4_RESERVE,H4,100,15,7,226.03639524870778
8Y_H4_N100_P4_RESERVE_seed015,P4_RESERVE,H4,100,15,8,228.41405819381725
8Y_H4_N100_POW_seed016,POW,H4,100,16,1,2.4995516114126324
8Y_H4_N100_POW_seed016,POW,H4,100,16,2,400.3238207375155
8Y_H4_N100_POW_seed016,POW,H4,100,16,3,961.5890107184066
8Y_H4_N100_POW_seed016,POW,H4,100,16,4,1008.830380459734
8Y_H4_N100_POW_seed016,POW,H4,100,16,5,208.9041750910228
8Y_H4_N100_POW_seed016,POW,H4,100,16,6,770.135975579035
8Y_H4_N100_POW_seed016,POW,H4,100,16,7,767.2901772296905
8Y_H4_N100_POW_seed016,POW,H4,100,16,8,539.4971427355631
8Y_H4_N100_POW_seed016,POW,H4,100,16,9,53.63888107925413
8Y_H4_N100_POW_seed016,POW,H4,100,16,10,226.01474240983134
8Y_H4_N100_POW_seed016,POW,H4,100,16,11,350.7991932352779
8Y_H4_N100_POW_seed016,POW,H4,100,16,12,126.73518146107199
8Y_H4_N100_POW_seed016,POW,H4,100,16,13,167.70250891321575
8Y_H4_N100_POW_seed016,POW,H4,100,16,14,465.36626982982125
8Y_H4_N100_POW_seed016,POW,H4,100,16,15,882.834351673574
8Y_H4_N100_POW_seed016,POW,H4,100,16,16,143.89134817414924
8Y_H4_N100_POW_seed016,POW,H4,100,16,17,1183.2744150912595
8Y_H4_N100_POW_seed016,POW,H4,100,16,18,196.31321126730472
8Y_H4_N100_POW_seed016,POW,H4,100,16,19,604.402330583709
8Y_H4_N100_POW_seed016,POW,H4,100,16,20,87.46860158343952
8Y_H4_N100_POW_seed016,POW,H4,100,16,21,64.9145667344128
8Y_H4_N100_POW_seed016,POW,H4,100,16,22,136.41573673782477
8Y_H4_N100_POW_seed016,POW,H4,100,16,23,86.45243180637772
8Y_H4_N100_POW_seed016,POW,H4,100,16,24,35.58636854655924
8Y_H4_N100_P0_ALL_seed016,P0_ALL,H4,100,16,1,2.4995516114126324
8Y_H4_N100_P0_ALL_seed016,P0_ALL,H4,100,16,2,400.3238207375155
8Y_H4_N100_P0_ALL_seed016,P0_ALL,H4,100,16,3,962.7370977839266
8Y_H4_N100_P0_ALL_seed016,P0_ALL,H4,100,16,4,1011.1367583931628
8Y_H4_N100_P0_ALL_seed016,P0_ALL,H4,100,16,5,208.9041750910228
8Y_H4_N100_P0_ALL_seed016,P0_ALL,H4,100,16,6,772.8103170565591
8Y_H4_N100_P0_ALL_seed016,P0_ALL,H4,100,16,7,770.3633463339625
8Y_H4_N100_P0_ALL_seed016,P0_ALL,H4,100,16,8,539.4971427355631
8Y_H4_N100_P0_ALL_seed016,P0_ALL,H4,100,16,9,53.63888107925413
8Y_H4_N100_P0_ALL_seed016,P0_ALL,H4,100,16,10,226.01474240983134
8Y_H4_N100_P0_ALL_seed016,P0_ALL,H4,100,16,11,350.7991932352779
8Y_H4_N100_P0_ALL_seed016,P0_ALL,H4,100,16,12,126.73518146107199
8Y_H4_N100_P0_ALL_seed016,P0_ALL,H4,100,16,13,167.70250891321575
8Y_H4_N100_P0_ALL_seed016,P0_ALL,H4,100,16,14,465.36626982982125
8Y_H4_N100_P0_ALL_seed016,P0_ALL,H4,100,16,15,884.1560731084592
8Y_H4_N100_P0_ALL_seed016,P0_ALL,H4,100,16,16,143.89134817414924
8Y_H4_N100_P0_ALL_seed016,P0_ALL,H4,100,16,17,1184.9603085738527
8Y_H4_N100_P0_ALL_seed016,P0_ALL,H4,100,16,18,196.31321126730472
8Y_H4_N100_P0_ALL_seed016,P0_ALL,H4,100,16,19,608.1693205587308
8Y_H4_N100_P0_ALL_seed016,P0_ALL,H4,100,16,20,87.46860158343952
8Y_H4_N100_P0_ALL_seed016,P0_ALL,H4,100,16,21,64.9145667344128
8Y_H4_N100_P0_ALL_seed016,P0_ALL,H4,100,16,22,136.41573673782477
8Y_H4_N100_P0_ALL_seed016,P0_ALL,H4,100,16,23,86.45243180637772
8Y_H4_N100_P0_ALL_seed016,P0_ALL,H4,100,16,24,35.58636854655924
8Y_H4_N100_P3_ENERGY_seed016,P3_ENERGY,H4,100,16,1,2.4995516114126324
8Y_H4_N100_P3_ENERGY_seed016,P3_ENERGY,H4,100,16,2,475.34828494716237
8Y_H4_N100_P3_ENERGY_seed016,P3_ENERGY,H4,100,16,3,962.2142195496426
8Y_H4_N100_P3_ENERGY_seed016,P3_ENERGY,H4,100,16,4,1011.1367583931626
8Y_H4_N100_P3_ENERGY_seed016,P3_ENERGY,H4,100,16,5,208.9041750910228
8Y_H4_N100_P3_ENERGY_seed016,P3_ENERGY,H4,100,16,6,772.8264192580482
8Y_H4_N100_P3_ENERGY_seed016,P3_ENERGY,H4,100,16,7,1745.630523643732
8Y_H4_N100_P3_ENERGY_seed016,P3_ENERGY,H4,100,16,8,470.4033071461945
8Y_H4_N100_P3_ENERGY_seed016,P3_ENERGY,H4,100,16,9,226.59665330412645
8Y_H4_N100_P3_ENERGY_seed016,P3_ENERGY,H4,100,16,10,350.83527418084395
8Y_H4_N100_P3_ENERGY_seed016,P3_ENERGY,H4,100,16,11,302.52234690591376
8Y_H4_N100_P3_ENERGY_seed016,P3_ENERGY,H4,100,16,12,167.39994714203203
8Y_H4_N100_P3_ENERGY_seed016,P3_ENERGY,H4,100,16,13,1484.54491198687
8Y_H4_N100_P3_ENERGY_seed016,P3_ENERGY,H4,100,16,14,143.51681943997937
8Y_H4_N100_P3_ENERGY_seed016,P3_ENERGY,H4,100,16,15,1185.0420068587719
8Y_H4_N100_P4_RESERVE_seed016,P4_RESERVE,H4,100,16,1,2.4995516114126324
8Y_H4_N100_P4_RESERVE_seed016,P4_RESERVE,H4,100,16,2,475.34828494716237
8Y_H4_N100_P4_RESERVE_seed016,P4_RESERVE,H4,100,16,3,709.7770292954842
8Y_H4_N100_P4_RESERVE_seed016,P4_RESERVE,H4,100,16,4,360.6964605328735
8Y_H4_N100_P4_RESERVE_seed016,P4_RESERVE,H4,100,16,5,1919.0591419865116
8Y_H4_N100_P4_RESERVE_seed016,P4_RESERVE,H4,100,16,6,208.20891428468394
8Y_H4_N100_P4_RESERVE_seed016,P4_RESERVE,H4,100,16,7,1680.0324876785949
8Y_H4_N100_P4_RESERVE_seed016,P4_RESERVE,H4,100,16,8,2051.4395351099447
8Y_H4_N100_P4_RESERVE_seed016,P4_RESERVE,H4,100,16,9,539.3884143131472
8Y_H4_N100_P4_RESERVE_seed016,P4_RESERVE,H4,100,16,10,470.10975635360046
8Y_H4_N100_P4_RESERVE_seed016,P4_RESERVE,H4,100,16,11,226.08417007540447
8Y_H4_N100_P4_RESERVE_seed016,P4_RESERVE,H4,100,16,12,350.45249719022104
8Y_H4_N100_P4_RESERVE_seed016,P4_RESERVE,H4,100,16,13,302.8874367588778
8Y_H4_N100_P4_RESERVE_seed016,P4_RESERVE,H4,100,16,14,167.84085916511685
8Y_H4_N100_POW_seed017,POW,H4,100,17,1,311.53825344255563
8Y_H4_N100_POW_seed017,POW,H4,100,17,2,476.275374728992
8Y_H4_N100_POW_seed017,POW,H4,100,17,3,1473.516139026044
8Y_H4_N100_POW_seed017,POW,H4,100,17,4,386.77859420612094
8Y_H4_N100_POW_seed017,POW,H4,100,17,5,956.1114337841873
8Y_H4_N100_POW_seed017,POW,H4,100,17,6,183.89186638182127
8Y_H4_N100_POW_seed017,POW,H4,100,17,7,205.22581279747328
8Y_H4_N100_POW_seed017,POW,H4,100,17,8,138.88609792509806
8Y_H4_N100_POW_seed017,POW,H4,100,17,9,150.76969645937243
8Y_H4_N100_POW_seed017,POW,H4,100,17,10,2034.7107557795898
8Y_H4_N100_POW_seed017,POW,H4,100,17,11,1899.191592719495
8Y_H4_N100_POW_seed017,POW,H4,100,17,12,336.7214126020335
8Y_H4_N100_POW_seed017,POW,H4,100,17,13,63.81195771726743
8Y_H4_N100_POW_seed017,POW,H4,100,17,14,353.67371362044287
8Y_H4_N100_P0_ALL_seed017,P0_ALL,H4,100,17,1,311.53825344255563
8Y_H4_N100_P0_ALL_seed017,P0_ALL,H4,100,17,2,476.275374728992
8Y_H4_N100_P0_ALL_seed017,P0_ALL,H4,100,17,3,1476.5766371103948
8Y_H4_N100_P0_ALL_seed017,P0_ALL,H4,100,17,4,386.77859420612094
8Y_H4_N100_P0_ALL_seed017,P0_ALL,H4,100,17,5,960.2704594428437
8Y_H4_N100_P0_ALL_seed017,P0_ALL,H4,100,17,6,183.89186638182127
8Y_H4_N100_P0_ALL_seed017,P0_ALL,H4,100,17,7,205.22581279747328
8Y_H4_N100_P0_ALL_seed017,P0_ALL,H4,100,17,8,138.8860979250976
8Y_H4_N100_P0_ALL_seed017,P0_ALL,H4,100,17,9,150.76969645937243
8Y_H4_N100_P0_ALL_seed017,P0_ALL,H4,100,17,10,2042.3441979240788
8Y_H4_N100_P0_ALL_seed017,P0_ALL,H4,100,17,11,1906.621177279234
8Y_H4_N100_P0_ALL_seed017,P0_ALL,H4,100,17,12,336.7214126020335
8Y_H4_N100_P0_ALL_seed017,P0_ALL,H4,100,17,13,63.81195771726743
8Y_H4_N100_P0_ALL_seed017,P0_ALL,H4,100,17,14,353.67371362044287
8Y_H4_N100_P3_ENERGY_seed017,P3_ENERGY,H4,100,17,1,3395.8682198035326
8Y_H4_N100_P3_ENERGY_seed017,P3_ENERGY,H4,100,17,2,957.176141725487
8Y_H4_N100_P3_ENERGY_seed017,P3_ENERGY,H4,100,17,3,184.0518395715617
8Y_H4_N100_P3_ENERGY_seed017,P3_ENERGY,H4,100,17,4,204.67600990506799
8Y_H4_N100_P3_ENERGY_seed017,P3_ENERGY,H4,100,17,5,139.48668082493805
8Y_H4_N100_P3_ENERGY_seed017,P3_ENERGY,H4,100,17,6,150.76969645937243
8Y_H4_N100_P3_ENERGY_seed017,P3_ENERGY,H4,100,17,7,2071.2980754071905
8Y_H4_N100_P3_ENERGY_seed017,P3_ENERGY,H4,100,17,8,1904.6772309556573
8Y_H4_N100_P3_ENERGY_seed017,P3_ENERGY,H4,100,17,9,337.0723735645479
8Y_H4_N100_P3_ENERGY_seed017,P3_ENERGY,H4,100,17,10,63.796415231561696
8Y_H4_N100_P3_ENERGY_seed017,P3_ENERGY,H4,100,17,11,354.0816712249034
8Y_H4_N100_P4_RESERVE_seed017,P4_RESERVE,H4,100,17,1,621.5382534425556
8Y_H4_N100_P4_RESERVE_seed017,P4_RESERVE,H4,100,17,2,1085.3676398976486
8Y_H4_N100_P4_RESERVE_seed017,P4_RESERVE,H4,100,17,3,2986.7674748528975
8Y_H4_N100_P4_RESERVE_seed017,P4_RESERVE,H4,100,17,4,1866.055255989544
8Y_H4_N100_P4_RESERVE_seed017,P4_RESERVE,H4,100,17,5,185.7358094893725
8Y_H4_N100_P4_RESERVE_seed017,P4_RESERVE,H4,100,17,6,204.20237353026914
8Y_H4_N100_P4_RESERVE_seed017,P4_RESERVE,H4,100,17,7,138.53906114241818
8Y_H4_N100_P4_RESERVE_seed017,P4_RESERVE,H4,100,17,8,150.76969645937243
8Y_H4_N100_POW_seed018,POW,H4,100,18,1,646.83770626548
8Y_H4_N100_POW_seed018,POW,H4,100,18,2,1634.9777990180173
8Y_H4_N100_POW_seed018,POW,H4,100,18,3,244.72779367262046
8Y_H4_N100_POW_seed018,POW,H4,100,18,4,2461.3630192476403
8Y_H4_N100_POW_seed018,POW,H4,100,18,5,1326.4157785649186
8Y_H4_N100_POW_seed018,POW,H4,100,18,6,841.1488745346478
8Y_H4_N100_POW_seed018,POW,H4,100,18,7,314.71581350509496
8Y_H4_N100_POW_seed018,POW,H4,100,18,8,600.2771638488684
8Y_H4_N100_POW_seed018,POW,H4,100,18,9,111.64855763986179
8Y_H4_N100_POW_seed018,POW,H4,100,18,10,1190.6258694087155
8Y_H4_N100_POW_seed018,POW,H4,100,18,11,277.1428011095959
8Y_H4_N100_POW_seed018,POW,H4,100,18,12,264.0317131479187
8Y_H4_N100_P0_ALL_seed018,P0_ALL,H4,100,18,1,647.2667932789382
8Y_H4_N100_P0_ALL_seed018,P0_ALL,H4,100,18,2,1638.6994285214396
8Y_H4_N100_P0_ALL_seed018,P0_ALL,H4,100,18,3,244.72779367262046
8Y_H4_N100_P0_ALL_seed018,P0_ALL,H4,100,18,4,2469.166627980322
8Y_H4_N100_P0_ALL_seed018,P0_ALL,H4,100,18,5,1329.504327284294
8Y_H4_N100_P0_ALL_seed018,P0_ALL,H4,100,18,6,843.6774933481947
8Y_H4_N100_P0_ALL_seed018,P0_ALL,H4,100,18,7,314.71581350509496
8Y_H4_N100_P0_ALL_seed018,P0_ALL,H4,100,18,8,600.2771638488684
8Y_H4_N100_P0_ALL_seed018,P0_ALL,H4,100,18,9,142.11614376988564
8Y_H4_N100_P0_ALL_seed018,P0_ALL,H4,100,18,10,111.45403385233476
8Y_H4_N100_P0_ALL_seed018,P0_ALL,H4,100,18,11,1056.8339960744615
8Y_H4_N100_P0_ALL_seed018,P0_ALL,H4,100,18,12,264.0317131479187
8Y_H4_N100_P0_ALL_seed018,P0_ALL,H4,100,18,13,145.35730518205128
8Y_H4_N100_P3_ENERGY_seed018,P3_ENERGY,H4,100,18,1,647.2667932789382
8Y_H4_N100_P3_ENERGY_seed018,P3_ENERGY,H4,100,18,2,1638.6584812343708
8Y_H4_N100_P3_ENERGY_seed018,P3_ENERGY,H4,100,18,3,4939.542167175597
8Y_H4_N100_P3_ENERGY_seed018,P3_ENERGY,H4,100,18,4,842.2595165119155
8Y_H4_N100_P3_ENERGY_seed018,P3_ENERGY,H4,100,18,5,314.2626411886158
8Y_H4_N100_P3_ENERGY_seed018,P3_ENERGY,H4,100,18,6,600.2135800331362
8Y_H4_N100_P3_ENERGY_seed018,P3_ENERGY,H4,100,18,7,141.93069981152075
8Y_H4_N100_P4_RESERVE_seed018,P4_RESERVE,H4,100,18,1,1557.2667932789382
8Y_H4_N100_P4_RESERVE_seed018,P4_RESERVE,H4,100,18,2,2546.489885285191
8Y_H4_N100_P4_RESERVE_seed018,P4_RESERVE,H4,100,18,3,581.5214813740367
8Y_H4_N100_P4_RESERVE_seed018,P4_RESERVE,H4,100,18,4,854.3705367294706
8Y_H4_N100_P4_RESERVE_seed018,P4_RESERVE,H4,100,18,5,1386.8036538061024
8Y_H4_N100_P4_RESERVE_seed018,P4_RESERVE,H4,100,18,6,2513.243356910383
8Y_H4_N100_POW_seed019,POW,H4,100,19,1,766.3723530107113
8Y_H4_N100_POW_seed019,POW,H4,100,19,2,18.436878135153734
8Y_H4_N100_POW_seed019,POW,H4,100,19,3,86.0181306969721
8Y_H4_N100_POW_seed019,POW,H4,100,19,4,344.9391172660247
8Y_H4_N100_POW_seed019,POW,H4,100,19,5,365.7618050125702
8Y_H4_N100_POW_seed019,POW,H4,100,19,6,123.55857180235762
8Y_H4_N100_POW_seed019,POW,H4,100,19,7,637.2264415119489
8Y_H4_N100_POW_seed019,POW,H4,100,19,8,268.7918590862764
8Y_H4_N100_POW_seed019,POW,H4,100,19,9,138.43140222841384
8Y_H4_N100_POW_seed019,POW,H4,100,19,10,135.20486718767143
8Y_H4_N100_POW_seed019,POW,H4,100,19,11,22.46987091004212
8Y_H4_N100_POW_seed019,POW,H4,100,19,12,412.90703683705533
8Y_H4_N100_POW_seed019,POW,H4,100,19,13,888.9464330667829
8Y_H4_N100_POW_seed019,POW,H4,100,19,14,628.2983791430634
8Y_H4_N100_POW_seed019,POW,H4,100,19,15,449.3133163722332
8Y_H4_N100_POW_seed019,POW,H4,100,19,16,32.238639761751074
8Y_H4_N100_POW_seed019,POW,H4,100,19,17,597.9732422424286
8Y_H4_N100_POW_seed019,POW,H4,100,19,18,928.2463340892073
8Y_H4_N100_POW_seed019,POW,H4,100,19,19,629.8394340667828
8Y_H4_N100_POW_seed019,POW,H4,100,19,20,12.6615680757659
8Y_H4_N100_POW_seed019,POW,H4,100,19,21,385.10251045833047
8Y_H4_N100_POW_seed019,POW,H4,100,19,22,414.1111141321344
8Y_H4_N100_POW_seed019,POW,H4,100,19,23,401.1834221164645
8Y_H4_N100_POW_seed019,POW,H4,100,19,24,963.2008142877621
8Y_H4_N100_P0_ALL_seed019,P0_ALL,H4,100,19,1,766.3749268555755
8Y_H4_N100_P0_ALL_seed019,P0_ALL,H4,100,19,2,18.436878135153734
8Y_H4_N100_P0_ALL_seed019,P0_ALL,H4,100,19,3,86.0181306969721
8Y_H4_N100_P0_ALL_seed019,P0_ALL,H4,100,19,4,344.93911726602494
8Y_H4_N100_P0_ALL_seed019,P0_ALL,H4,100,19,5,365.7618050125702
8Y_H4_N100_P0_ALL_seed019,P0_ALL,H4,100,19,6,123.55857180235762
8Y_H4_N100_P0_ALL_seed019,P0_ALL,H4,100,19,7,639.3522346756408
8Y_H4_N100_P0_ALL_seed019,P0_ALL,H4,100,19,8,268.7918590862764
8Y_H4_N100_P0_ALL_seed019,P0_ALL,H4,100,19,9,138.43140222841384
8Y_H4_N100_P0_ALL_seed019,P0_ALL,H4,100,19,10,135.20486718767143
8Y_H4_N100_P0_ALL_seed019,P0_ALL,H4,100,19,11,22.46987091004212
8Y_H4_N100_P0_ALL_seed019,P0_ALL,H4,100,19,12,412.90703683705533
8Y_H4_N100_P0_ALL_seed019,P0_ALL,H4,100,19,13,890.9201395560767
8Y_H4_N100_P0_ALL_seed019,P0_ALL,H4,100,19,14,630.1144561067722
8Y_H4_N100_P0_ALL_seed019,P0_ALL,H4,100,19,15,449.3133163722332
8Y_H4_N100_P0_ALL_seed019,P0_ALL,H4,100,19,16,32.238639761751074
8Y_H4_N100_P0_ALL_seed019,P0_ALL,H4,100,19,17,597.9732422424286
8Y_H4_N100_P0_ALL_seed019,P0_ALL,H4,100,19,18,930.1314194282577
8Y_H4_N100_P0_ALL_seed019,P0_ALL,H4,100,19,19,632.2748351599839
8Y_H4_N100_P0_ALL_seed019,P0_ALL,H4,100,19,20,12.6615680757659
8Y_H4_N100_P0_ALL_seed019,P0_ALL,H4,100,19,21,385.10251045833047
8Y_H4_N100_P0_ALL_seed019,P0_ALL,H4,100,19,22,414.1111141321353
8Y_H4_N100_P0_ALL_seed019,P0_ALL,H4,100,19,23,401.1834221164645
8Y_H4_N100_P0_ALL_seed019,P0_ALL,H4,100,19,24,966.0323333411307
8Y_H4_N100_P3_ENERGY_seed019,P3_ENERGY,H4,100,19,1,766.3749268555755
8Y_H4_N100_P3_ENERGY_seed019,P3_ENERGY,H4,100,19,2,18.436878135153734
8Y_H4_N100_P3_ENERGY_seed019,P3_ENERGY,H4,100,19,3,86.0181306969721
8Y_H4_N100_P3_ENERGY_seed019,P3_ENERGY,H4,100,19,4,344.93911726602494
8Y_H4_N100_P3_ENERGY_seed019,P3_ENERGY,H4,100,19,5,365.7618050125702
8Y_H4_N100_P3_ENERGY_seed019,P3_ENERGY,H4,100,19,6,1241.8193054424
8Y_H4_N100_P3_ENERGY_seed019,P3_ENERGY,H4,100,19,7,1079.046758871792
8Y_H4_N100_P3_ENERGY_seed019,P3_ENERGY,H4,100,19,8,134.47465311622454
8Y_H4_N100_P3_ENERGY_seed019,P3_ENERGY,H4,100,19,9,22.210202786188347
8Y_H4_N100_P3_ENERGY_seed019,P3_ENERGY,H4,100,19,10,1492.2443269408018
8Y_H4_N100_P3_ENERGY_seed019,P3_ENERGY,H4,100,19,11,1837.3563244759944
8Y_H4_N100_P3_ENERGY_seed019,P3_ENERGY,H4,100,19,12,1530.8647379362556
8Y_H4_N100_P4_RESERVE_seed019,P4_RESERVE,H4,100,19,1,1676.3749268555755
8Y_H4_N100_P4_RESERVE_seed019,P4_RESERVE,H4,100,19,2,18.43687813515362
8Y_H4_N100_P4_RESERVE_seed019,P4_RESERVE,H4,100,19,3,86.0181306969721
8Y_H4_N100_P4_RESERVE_seed019,P4_RESERVE,H4,100,19,4,344.9391172660246
8Y_H4_N100_P4_RESERVE_seed019,P4_RESERVE,H4,100,19,5,365.7618050125702
8Y_H4_N100_P4_RESERVE_seed019,P4_RESERVE,H4,100,19,6,1854.7815626331194
8Y_H4_N100_P4_RESERVE_seed019,P4_RESERVE,H4,100,19,7,37.226441511948906
8Y_H4_N100_P4_RESERVE_seed019,P4_RESERVE,H4,100,19,8,1987.0188165798918
8Y_H4_N100_P4_RESERVE_seed019,P4_RESERVE,H4,100,19,9,134.64755556427644
8Y_H4_N100_P4_RESERVE_seed019,P4_RESERVE,H4,100,19,10,22.367029969862415
8Y_H4_N100_P4_RESERVE_seed019,P4_RESERVE,H4,100,19,11,879.4693271339374
8Y_H4_N100_P4_RESERVE_seed019,P4_RESERVE,H4,100,19,12,578.7082688839428
8Y_H4_N100_P4_RESERVE_seed019,P4_RESERVE,H4,100,19,13,288.94643306678336
8Y_H4_N100_P4_RESERVE_seed019,P4_RESERVE,H4,100,19,14,1033.0947635097
8Y_H4_N100_POW_seed020,POW,H4,100,20,1,1069.387248091415
8Y_H4_N100_POW_seed020,POW,H4,100,20,2,109.92577894537249
8Y_H4_N100_POW_seed020,POW,H4,100,20,3,350.25898738040996
8Y_H4_N100_POW_seed020,POW,H4,100,20,4,395.60526665210773
8Y_H4_N100_POW_seed020,POW,H4,100,20,5,286.2909778052626
8Y_H4_N100_POW_seed020,POW,H4,100,20,6,1260.6753371585892
8Y_H4_N100_POW_seed020,POW,H4,100,20,7,385.38999172691
8Y_H4_N100_POW_seed020,POW,H4,100,20,8,64.19374125156628
8Y_H4_N100_POW_seed020,POW,H4,100,20,9,9.181368571440089
8Y_H4_N100_POW_seed020,POW,H4,100,20,10,79.05457724438065
8Y_H4_N100_POW_seed020,POW,H4,100,20,11,572.834099564096
8Y_H4_N100_POW_seed020,POW,H4,100,20,12,82.48079508820956
8Y_H4_N100_POW_seed020,POW,H4,100,20,13,231.61217754992867
8Y_H4_N100_POW_seed020,POW,H4,100,20,14,737.7212568632385
8Y_H4_N100_POW_seed020,POW,H4,100,20,15,24.890796180757206
8Y_H4_N100_POW_seed020,POW,H4,100,20,16,1198.318134604635
8Y_H4_N100_POW_seed020,POW,H4,100,20,17,768.7397875248353
8Y_H4_N100_POW_seed020,POW,H4,100,20,18,88.6267095096855
8Y_H4_N100_POW_seed020,POW,H4,100,20,19,468.27568076648276
8Y_H4_N100_POW_seed020,POW,H4,100,20,20,314.47767280066
8Y_H4_N100_POW_seed020,POW,H4,100,20,21,59.83238419026384
8Y_H4_N100_P0_ALL_seed020,P0_ALL,H4,100,20,1,1069.6958855710063
8Y_H4_N100_P0_ALL_seed020,P0_ALL,H4,100,20,2,109.92577894537249
8Y_H4_N100_P0_ALL_seed020,P0_ALL,H4,100,20,3,350.25898738040996
8Y_H4_N100_P0_ALL_seed020,P0_ALL,H4,100,20,4,395.60526665210796
8Y_H4_N100_P0_ALL_seed020,P0_ALL,H4,100,20,5,286.2909778052626
8Y_H4_N100_P0_ALL_seed020,P0_ALL,H4,100,20,6,1264.2201545215794
8Y_H4_N100_P0_ALL_seed020,P0_ALL,H4,100,20,7,385.38999172691
8Y_H4_N100_P0_ALL_seed020,P0_ALL,H4,100,20,8,64.19374125156628
8Y_H4_N100_P0_ALL_seed020,P0_ALL,H4,100,20,9,9.181368571440089
8Y_H4_N100_P0_ALL_seed020,P0_ALL,H4,100,20,10,79.05457724438065
8Y_H4_N100_P0_ALL_seed020,P0_ALL,H4,100,20,11,572.8340995640956
8Y_H4_N100_P0_ALL_seed020,P0_ALL,H4,100,20,12,82.48079508820956
8Y_H4_N100_P0_ALL_seed020,P0_ALL,H4,100,20,13,231.61217754992867
8Y_H4_N100_P0_ALL_seed020,P0_ALL,H4,100,20,14,739.8931288126341
8Y_H4_N100_P0_ALL_seed020,P0_ALL,H4,100,20,15,24.890796180757206
8Y_H4_N100_P0_ALL_seed020,P0_ALL,H4,100,20,16,1201.4315459281715
8Y_H4_N100_P0_ALL_seed020,P0_ALL,H4,100,20,17,771.1431426871713
8Y_H4_N100_P0_ALL_seed020,P0_ALL,H4,100,20,18,88.6267095096855
8Y_H4_N100_P0_ALL_seed020,P0_ALL,H4,100,20,19,468.27568076648186
8Y_H4_N100_P0_ALL_seed020,P0_ALL,H4,100,20,20,314.47767280066
8Y_H4_N100_P0_ALL_seed020,P0_ALL,H4,100,20,21,59.83238419026384
8Y_H4_N100_P3_ENERGY_seed020,P3_ENERGY,H4,100,20,1,1187.317967203483
8Y_H4_N100_P3_ENERGY_seed020,P3_ENERGY,H4,100,20,2,109.92577894537249
8Y_H4_N100_P3_ENERGY_seed020,P3_ENERGY,H4,100,20,3,3071.2431458694364
8Y_H4_N100_P3_ENERGY_seed020,P3_ENERGY,H4,100,20,4,818.6951446555559
8Y_H4_N100_P3_ENERGY_seed020,P3_ENERGY,H4,100,20,5,8.963034196148328
8Y_H4_N100_P3_ENERGY_seed020,P3_ENERGY,H4,100,20,6,79.07701746397288
8Y_H4_N100_P3_ENERGY_seed020,P3_ENERGY,H4,100,20,7,572.8340995640956
8Y_H4_N100_P3_ENERGY_seed020,P3_ENERGY,H4,100,20,8,81.71897219693528
8Y_H4_N100_P3_ENERGY_seed020,P3_ENERGY,H4,100,20,9,304.1030587311334
8Y_H4_N100_P3_ENERGY_seed020,P3_ENERGY,H4,100,20,10,738.1116355285048
8Y_H4_N100_P3_ENERGY_seed020,P3_ENERGY,H4,100,20,11,24.578562567207882
8Y_H4_N100_P3_ENERGY_seed020,P3_ENERGY,H4,100,20,12,1200.2045122386317
8Y_H4_N100_P3_ENERGY_seed020,P3_ENERGY,H4,100,20,13,770.7721807428334
8Y_H4_N100_P3_ENERGY_seed020,P3_ENERGY,H4,100,20,14,88.88725254884957
8Y_H4_N100_P3_ENERGY_seed020,P3_ENERGY,H4,100,20,15,467.3968830995491
8Y_H4_N100_P4_RESERVE_seed020,P4_RESERVE,H4,100,20,1,1979.6958855710063
8Y_H4_N100_P4_RESERVE_seed020,P4_RESERVE,H4,100,20,2,109.92577894537226
8Y_H4_N100_P4_RESERVE_seed020,P4_RESERVE,H4,100,20,3,1861.3677924552408
8Y_H4_N100_P4_RESERVE_seed020,P4_RESERVE,H4,100,20,4,1305.261086846525
8Y_H4_N100_P4_RESERVE_seed020,P4_RESERVE,H4,100,20,5,895.5480596797652
8Y_H4_N100_P4_RESERVE_seed020,P4_RESERVE,H4,100,20,6,1212.3447706015704
8Y_H4_N100_P4_RESERVE_seed020,P4_RESERVE,H4,100,20,7,60.56181566742089
8Y_H4_N100_P4_RESERVE_seed020,P4_RESERVE,H4,100,20,8,1727.1701726241627
8Y_H4_N100_P4_RESERVE_seed020,P4_RESERVE,H4,100,20,9,9.181368571440544
8Y_H4_N100_P4_RESERVE_seed020,P4_RESERVE,H4,100,20,10,79.0545772443802
8Y_H4_N100_P4_RESERVE_seed020,P4_RESERVE,H4,100,20,11,572.8340995640956
8Y_H4_N100_P4_RESERVE_seed020,P4_RESERVE,H4,100,20,12,82.48079508820774
8Y_H4_N100_POW_seed021,POW,H4,100,21,1,824.0926587948188
8Y_H4_N100_POW_seed021,POW,H4,100,21,2,513.8163867184155
8Y_H4_N100_POW_seed021,POW,H4,100,21,3,335.7155681188376
8Y_H4_N100_POW_seed021,POW,H4,100,21,4,440.76680861496743
8Y_H4_N100_POW_seed021,POW,H4,100,21,5,91.18809067233451
8Y_H4_N100_POW_seed021,POW,H4,100,21,6,241.60438303186766
8Y_H4_N100_POW_seed021,POW,H4,100,21,7,599.5773504102008
8Y_H4_N100_POW_seed021,POW,H4,100,21,8,214.30052068704572
8Y_H4_N100_POW_seed021,POW,H4,100,21,9,1766.0434135706564
8Y_H4_N100_POW_seed021,POW,H4,100,21,10,529.3966687634038
8Y_H4_N100_POW_seed021,POW,H4,100,21,11,262.35820905953915
8Y_H4_N100_POW_seed021,POW,H4,100,21,12,53.04898621818302
8Y_H4_N100_POW_seed021,POW,H4,100,21,13,862.385224135307
8Y_H4_N100_POW_seed021,POW,H4,100,21,14,1824.5804241979486
8Y_H4_N100_POW_seed021,POW,H4,100,21,15,39.15041752059551
8Y_H4_N100_POW_seed021,POW,H4,100,21,16,172.43857528720582
8Y_H4_N100_POW_seed021,POW,H4,100,21,17,713.7636951582972
8Y_H4_N100_P0_ALL_seed021,P0_ALL,H4,100,21,1,824.1822014616603
8Y_H4_N100_P0_ALL_seed021,P0_ALL,H4,100,21,2,513.8163867184155
8Y_H4_N100_P0_ALL_seed021,P0_ALL,H4,100,21,3,335.7155681188374
8Y_H4_N100_P0_ALL_seed021,P0_ALL,H4,100,21,4,440.76680861496743
8Y_H4_N100_P0_ALL_seed021,P0_ALL,H4,100,21,5,91.18809067233451
8Y_H4_N100_P0_ALL_seed021,P0_ALL,H4,100,21,6,241.60438303186766
8Y_H4_N100_P0_ALL_seed021,P0_ALL,H4,100,21,7,599.5773504102008
8Y_H4_N100_P0_ALL_seed021,P0_ALL,H4,100,21,8,214.30052068704572
8Y_H4_N100_P0_ALL_seed021,P0_ALL,H4,100,21,9,1772.903385933113
8Y_H4_N100_P0_ALL_seed021,P0_ALL,H4,100,21,10,529.3966687634038
8Y_H4_N100_P0_ALL_seed021,P0_ALL,H4,100,21,11,262.35820905953915
8Y_H4_N100_P0_ALL_seed021,P0_ALL,H4,100,21,12,53.04898621818302
8Y_H4_N100_P0_ALL_seed021,P0_ALL,H4,100,21,13,864.9176491165781
8Y_H4_N100_P0_ALL_seed021,P0_ALL,H4,100,21,14,1831.9786348602302
8Y_H4_N100_P0_ALL_seed021,P0_ALL,H4,100,21,15,39.15041752059551
8Y_H4_N100_P0_ALL_seed021,P0_ALL,H4,100,21,16,172.43857528720582
8Y_H4_N100_P0_ALL_seed021,P0_ALL,H4,100,21,17,715.0524013338181
8Y_H4_N100_P3_ENERGY_seed021,P3_ENERGY,H4,100,21,1,1129.6728841314803
8Y_H4_N100_P3_ENERGY_seed021,P3_ENERGY,H4,100,21,2,513.8163867184153
8Y_H4_N100_P3_ENERGY_seed021,P3_ENERGY,H4,100,21,3,335.8378445226126
8Y_H4_N100_P3_ENERGY_seed021,P3_ENERGY,H4,100,21,4,440.76680861496743
8Y_H4_N100_P3_ENERGY_seed021,P3_ENERGY,H4,100,21,5,843.0047218616628
8Y_H4_N100_P3_ENERGY_seed021,P3_ENERGY,H4,100,21,6,598.6978634242278
8Y_H4_N100_P3_ENERGY_seed021,P3_ENERGY,H4,100,21,7,2372.158757973232
8Y_H4_N100_P3_ENERGY_seed021,P3_ENERGY,H4,100,21,8,529.0674264006329
8Y_H4_N100_P3_ENERGY_seed021,P3_ENERGY,H4,100,21,9,261.9301688677424
8Y_H4_N100_P3_ENERGY_seed021,P3_ENERGY,H4,100,21,10,421.5491179146866
8Y_H4_N100_P3_ENERGY_seed021,P3_ENERGY,H4,100,21,11,864.5081085774118
8Y_H4_N100_P4_RESERVE_seed021,P4_RESERVE,H4,100,21,1,1734.1822014616603
8Y_H4_N100_P4_RESERVE_seed021,P4_RESERVE,H4,100,21,2,513.8163867184155
8Y_H4_N100_P4_RESERVE_seed021,P4_RESERVE,H4,100,21,3,335.7155681188374
8Y_H4_N100_P4_RESERVE_seed021,P4_RESERVE,H4,100,21,4,440.76680861496743
8Y_H4_N100_P4_RESERVE_seed021,P4_RESERVE,H4,100,21,5,401.10835112677023
8Y_H4_N100_P4_RESERVE_seed021,P4_RESERVE,H4,100,21,6,241.60438303186766
8Y_H4_N100_P4_RESERVE_seed021,P4_RESERVE,H4,100,21,7,599.5773504102003
8Y_H4_N100_P4_RESERVE_seed021,P4_RESERVE,H4,100,21,8,1724.1481454080104
8Y_H4_N100_P4_RESERVE_seed021,P4_RESERVE,H4,100,21,9,2077.98297854839
8Y_H4_N100_P4_RESERVE_seed021,P4_RESERVE,H4,100,21,10,529.3966687634038
8Y_H4_N100_P4_RESERVE_seed021,P4_RESERVE,H4,100,21,11,262.35820905953915
8Y_H4_N100_P4_RESERVE_seed021,P4_RESERVE,H4,100,21,12,420.7622265088303
8Y_H4_N100_POW_seed022,POW,H4,100,22,1,426.6591253419313
8Y_H4_N100_POW_seed022,POW,H4,100,22,2,829.890876365494
8Y_H4_N100_POW_seed022,POW,H4,100,22,3,413.04545250602996
8Y_H4_N100_POW_seed022,POW,H4,100,22,4,11.847278878793077
8Y_H4_N100_POW_seed022,POW,H4,100,22,5,320.50109548811156
8Y_H4_N100_POW_seed022,POW,H4,100,22,6,565.6677520981816
8Y_H4_N100_POW_seed022,POW,H4,100,22,7,1694.8583371151813
8Y_H4_N100_POW_seed022,POW,H4,100,22,8,1297.640272078992
8Y_H4_N100_POW_seed022,POW,H4,100,22,9,1295.6846556635219
8Y_H4_N100_POW_seed022,POW,H4,100,22,10,43.44158423233603
8Y_H4_N100_POW_seed022,POW,H4,100,22,11,2297.4499656751414
8Y_H4_N100_P0_ALL_seed022,P0_ALL,H4,100,22,1,426.6591253419313
8Y_H4_N100_P0_ALL_seed022,P0_ALL,H4,100,22,2,831.454754778599
8Y_H4_N100_P0_ALL_seed022,P0_ALL,H4,100,22,3,413.04545250602996
8Y_H4_N100_P0_ALL_seed022,P0_ALL,H4,100,22,4,11.847278878793077
8Y_H4_N100_P0_ALL_seed022,P0_ALL,H4,100,22,5,320.50109548811156
8Y_H4_N100_P0_ALL_seed022,P0_ALL,H4,100,22,6,565.6677520981814
8Y_H4_N100_P0_ALL_seed022,P0_ALL,H4,100,22,7,1700.1308168892601
8Y_H4_N100_P0_ALL_seed022,P0_ALL,H4,100,22,8,1302.7931715582017
8Y_H4_N100_P0_ALL_seed022,P0_ALL,H4,100,22,9,1299.778402281664
8Y_H4_N100_P0_ALL_seed022,P0_ALL,H4,100,22,10,43.44158423233603
8Y_H4_N100_P0_ALL_seed022,P0_ALL,H4,100,22,11,2303.611718139444
8Y_H4_N100_P3_ENERGY_seed022,P3_ENERGY,H4,100,22,1,482.75722517070375
8Y_H4_N100_P3_ENERGY_seed022,P3_ENERGY,H4,100,22,2,1818.881990061775
8Y_H4_N100_P3_ENERGY_seed022,P3_ENERGY,H4,100,22,3,321.97109524657844
8Y_H4_N100_P3_ENERGY_seed022,P3_ENERGY,H4,100,22,4,564.7653394484064
8Y_H4_N100_P3_ENERGY_seed022,P3_ENERGY,H4,100,22,5,1697.919391617836
8Y_H4_N100_P3_ENERGY_seed022,P3_ENERGY,H4,100,22,6,1302.9080516458962
8Y_H4_N100_P3_ENERGY_seed022,P3_ENERGY,H4,100,22,7,1430.27583626037
8Y_H4_N100_P3_ENERGY_seed022,P3_ENERGY,H4,100,22,8,128.947413849055
8Y_H4_N100_P4_RESERVE_seed022,P4_RESERVE,H4,100,22,1,482.75722517070375
8Y_H4_N100_P4_RESERVE_seed022,P4_RESERVE,H4,100,22,2,2342.184544221383
8Y_H4_N100_P4_RESERVE_seed022,P4_RESERVE,H4,100,22,3,12.656929627641148
8Y_H4_N100_P4_RESERVE_seed022,P4_RESERVE,H4,100,22,4,320.28575569632267
8Y_H4_N100_P4_RESERVE_seed022,P4_RESERVE,H4,100,22,5,564.9234442285019
8Y_H4_N100_P4_RESERVE_seed022,P4_RESERVE,H4,100,22,6,1022.8579106301881
8Y_H4_N100_P4_RESERVE_seed022,P4_RESERVE,H4,100,22,7,2004.4538492672327
8Y_H4_N100_P4_RESERVE_seed022,P4_RESERVE,H4,100,22,8,2210.4860743347563
8Y_H4_N100_POW_seed023,POW,H4,100,23,1,97.26478944698147
8Y_H4_N100_POW_seed023,POW,H4,100,23,2,734.0555992758349
8Y_H4_N100_POW_seed023,POW,H4,100,23,3,335.02991633821864
8Y_H4_N100_POW_seed023,POW,H4,100,23,4,1227.5956789297668
8Y_H4_N100_POW_seed023,POW,H4,100,23,5,585.4824052667223
8Y_H4_N100_POW_seed023,POW,H4,100,23,6,156.84749006354332
8Y_H4_N100_POW_seed023,POW,H4,100,23,7,556.6609919502262
8Y_H4_N100_POW_seed023,POW,H4,100,23,8,605.2844462872295
8Y_H4_N100_POW_seed023,POW,H4,100,23,9,1710.7010167626395
8Y_H4_N100_POW_seed023,POW,H4,100,23,10,1355.8808141429727
8Y_H4_N100_POW_seed023,POW,H4,100,23,11,580.479308103626
8Y_H4_N100_POW_seed023,POW,H4,100,23,12,393.9937590770742
8Y_H4_N100_POW_seed023,POW,H4,100,23,13,95.45510591544553
8Y_H4_N100_POW_seed023,POW,H4,100,23,14,18.372346108897545
8Y_H4_N100_POW_seed023,POW,H4,100,23,15,1531.8254811954448
8Y_H4_N100_P0_ALL_seed023,P0_ALL,H4,100,23,1,97.26478944698147
8Y_H4_N100_P0_ALL_seed023,P0_ALL,H4,100,23,2,737.122680677766
8Y_H4_N100_P0_ALL_seed023,P0_ALL,H4,100,23,3,335.02991633821864
8Y_H4_N100_P0_ALL_seed023,P0_ALL,H4,100,23,4,1232.4714487815804
8Y_H4_N100_P0_ALL_seed023,P0_ALL,H4,100,23,5,585.4824052667223
8Y_H4_N100_P0_ALL_seed023,P0_ALL,H4,100,23,6,156.84749006354332
8Y_H4_N100_P0_ALL_seed023,P0_ALL,H4,100,23,7,556.6609919502262
8Y_H4_N100_P0_ALL_seed023,P0_ALL,H4,100,23,8,607.8268233331901
8Y_H4_N100_P0_ALL_seed023,P0_ALL,H4,100,23,9,1714.8273140106667
8Y_H4_N100_P0_ALL_seed023,P0_ALL,H4,100,23,10,1359.7303553086385
8Y_H4_N100_P0_ALL_seed023,P0_ALL,H4,100,23,11,580.479308103626
8Y_H4_N100_P0_ALL_seed023,P0_ALL,H4,100,23,12,393.9937590770742
8Y_H4_N100_P0_ALL_seed023,P0_ALL,H4,100,23,13,95.45510591544553
8Y_H4_N100_P0_ALL_seed023,P0_ALL,H4,100,23,14,18.372346108897545
8Y_H4_N100_P3_ENERGY_seed023,P3_ENERGY,H4,100,23,1,97.26478944698147
8Y_H4_N100_P3_ENERGY_seed023,P3_ENERGY,H4,100,23,2,755.2301140496771
8Y_H4_N100_P3_ENERGY_seed023,P3_ENERGY,H4,100,23,3,335.02991633821864
8Y_H4_N100_P3_ENERGY_seed023,P3_ENERGY,H4,100,23,4,1231.2469953975633
8Y_H4_N100_P3_ENERGY_seed023,P3_ENERGY,H4,100,23,5,585.4824052667223
8Y_H4_N100_P3_ENERGY_seed023,P3_ENERGY,H4,100,23,6,156.84749006354332
8Y_H4_N100_P3_ENERGY_seed023,P3_ENERGY,H4,100,23,7,556.6609919502262
8Y_H4_N100_P3_ENERGY_seed023,P3_ENERGY,H4,100,23,8,607.8268233331892
8Y_H4_N100_P3_ENERGY_seed023,P3_ENERGY,H4,100,23,9,1714.8273140106667
8Y_H4_N100_P3_ENERGY_seed023,P3_ENERGY,H4,100,23,10,1381.298881838572
8Y_H4_N100_P3_ENERGY_seed023,P3_ENERGY,H4,100,23,11,994.2596767658379
8Y_H4_N100_P3_ENERGY_seed023,P3_ENERGY,H4,100,23,12,95.25409948190281
8Y_H4_N100_P3_ENERGY_seed023,P3_ENERGY,H4,100,23,13,18.648285507444598
8Y_H4_N100_P4_RESERVE_seed023,P4_RESERVE,H4,100,23,1,97.26478944698147
8Y_H4_N100_P4_RESERVE_seed023,P4_RESERVE,H4,100,23,2,1663.7249925890296
8Y_H4_N100_P4_RESERVE_seed023,P4_RESERVE,H4,100,23,3,335.0299163382183
8Y_H4_N100_P4_RESERVE_seed023,P4_RESERVE,H4,100,23,4,2140.5107553753937
8Y_H4_N100_P4_RESERVE_seed023,P4_RESERVE,H4,100,23,5,585.4824052667227
8Y_H4_N100_P4_RESERVE_seed023,P4_RESERVE,H4,100,23,6,156.84749006354377
8Y_H4_N100_P4_RESERVE_seed023,P4_RESERVE,H4,100,23,7,556.6609919502262
8Y_H4_N100_P4_RESERVE_seed023,P4_RESERVE,H4,100,23,8,1515.4514115974662
8Y_H4_N100_P4_RESERVE_seed023,P4_RESERVE,H4,100,23,9,2622.500074616448
8Y_H4_N100_POW_seed024,POW,H4,100,24,1,1104.5777463496743
8Y_H4_N100_POW_seed024,POW,H4,100,24,2,1297.823716656867
8Y_H4_N100_POW_seed024,POW,H4,100,24,3,12.282763872399755
8Y_H4_N100_POW_seed024,POW,H4,100,24,4,1413.0280704113989
8Y_H4_N100_POW_seed024,POW,H4,100,24,5,157.12711909124164
8Y_H4_N100_POW_seed024,POW,H4,100,24,6,84.15263698943136
8Y_H4_N100_POW_seed024,POW,H4,100,24,7,206.11228356654283
8Y_H4_N100_POW_seed024,POW,H4,100,24,8,4086.6243101249793
8Y_H4_N100_POW_seed024,POW,H4,100,24,9,105.16377722178186
8Y_H4_N100_POW_seed024,POW,H4,100,24,10,595.6099470489771
8Y_H4_N100_P0_ALL_seed024,P0_ALL,H4,100,24,1,1104.6391404394797
8Y_H4_N100_P0_ALL_seed024,P0_ALL,H4,100,24,2,1303.3387908026677
8Y_H4_N100_P0_ALL_seed024,P0_ALL,H4,100,24,3,12.282763872399755
8Y_H4_N100_P0_ALL_seed024,P0_ALL,H4,100,24,4,1416.8516405820328
8Y_H4_N100_P0_ALL_seed024,P0_ALL,H4,100,24,5,157.12711909124164
8Y_H4_N100_P0_ALL_seed024,P0_ALL,H4,100,24,6,84.15263698943136
8Y_H4_N100_P0_ALL_seed024,P0_ALL,H4,100,24,7,206.11228356654283
8Y_H4_N100_P0_ALL_seed024,P0_ALL,H4,100,24,8,4097.730514244985
8Y_H4_N100_P0_ALL_seed024,P0_ALL,H4,100,24,9,105.16377722178186
8Y_H4_N100_P0_ALL_seed024,P0_ALL,H4,100,24,10,595.6099470489771
8Y_H4_N100_P3_ENERGY_seed024,P3_ENERGY,H4,100,24,1,2503.6554114059436
8Y_H4_N100_P3_ENERGY_seed024,P3_ENERGY,H4,100,24,2,2021.1733051194742
8Y_H4_N100_P3_ENERGY_seed024,P3_ENERGY,H4,100,24,3,157.2146604132704
8Y_H4_N100_P3_ENERGY_seed024,P3_ENERGY,H4,100,24,4,84.07942413615092
8Y_H4_N100_P3_ENERGY_seed024,P3_ENERGY,H4,100,24,5,4921.678603024672
8Y_H4_N100_P4_RESERVE_seed024,P4_RESERVE,H4,100,24,1,2014.6391404394794
8Y_H4_N100_P4_RESERVE_seed024,P4_RESERVE,H4,100,24,2,2209.831318876752
8Y_H4_N100_P4_RESERVE_seed024,P4_RESERVE,H4,100,24,3,622.1967695524727
8Y_H4_N100_P4_RESERVE_seed024,P4_RESERVE,H4,100,24,4,2325.3520926563697
8Y_H4_N100_P4_RESERVE_seed024,P4_RESERVE,H4,100,24,5,157.12711909124118
8Y_H4_N100_P4_RESERVE_seed024,P4_RESERVE,H4,100,24,6,84.15263698943181
8Y_H4_N100_P4_RESERVE_seed024,P4_RESERVE,H4,100,24,7,1159.4477920769841
8Y_H4_N100_P4_RESERVE_seed024,P4_RESERVE,H4,100,24,8,463.0382149832094
8Y_H4_N100_P4_RESERVE_seed024,P4_RESERVE,H4,100,24,9,515.4285049794998
8Y_H4_N100_POW_seed025,POW,H4,100,25,1,638.3278306586271
8Y_H4_N100_POW_seed025,POW,H4,100,25,2,440.49518433970525
8Y_H4_N100_POW_seed025,POW,H4,100,25,3,417.69326346837397
8Y_H4_N100_POW_seed025,POW,H4,100,25,4,383.48043198481173
8Y_H4_N100_POW_seed025,POW,H4,100,25,5,1146.3427285984903
8Y_H4_N100_POW_seed025,POW,H4,100,25,6,475.3421729409497
8Y_H4_N100_POW_seed025,POW,H4,100,25,7,138.74382752206202
8Y_H4_N100_POW_seed025,POW,H4,100,25,8,21.1549588803573
8Y_H4_N100_POW_seed025,POW,H4,100,25,9,513.8964480259601
8Y_H4_N100_POW_seed025,POW,H4,100,25,10,354.90190038472156
8Y_H4_N100_POW_seed025,POW,H4,100,25,11,430.28144663299827
8Y_H4_N100_POW_seed025,POW,H4,100,25,12,1428.937233816031
8Y_H4_N100_POW_seed025,POW,H4,100,25,13,518.5277385981108
8Y_H4_N100_POW_seed025,POW,H4,100,25,14,369.63322182720003
8Y_H4_N100_POW_seed025,POW,H4,100,25,15,281.7968764969555
8Y_H4_N100_POW_seed025,POW,H4,100,25,16,435.0466413892791
8Y_H4_N100_POW_seed025,POW,H4,100,25,17,30.52020889178857
8Y_H4_N100_POW_seed025,POW,H4,100,25,18,404.90456935095426
8Y_H4_N100_POW_seed025,POW,H4,100,25,19,564.7074419615692
8Y_H4_N100_POW_seed025,POW,H4,100,25,20,528.2559151880596
8Y_H4_N100_P0_ALL_seed025,P0_ALL,H4,100,25,1,639.9700572176865
8Y_H4_N100_P0_ALL_seed025,P0_ALL,H4,100,25,2,440.49518433970536
8Y_H4_N100_P0_ALL_seed025,P0_ALL,H4,100,25,3,417.69326346837397
8Y_H4_N100_P0_ALL_seed025,P0_ALL,H4,100,25,4,383.48043198481173
8Y_H4_N100_P0_ALL_seed025,P0_ALL,H4,100,25,5,1148.2951590479902
8Y_H4_N100_P0_ALL_seed025,P0_ALL,H4,100,25,6,475.34217294094924
8Y_H4_N100_P0_ALL_seed025,P0_ALL,H4,100,25,7,138.74382752206202
8Y_H4_N100_P0_ALL_seed025,P0_ALL,H4,100,25,8,21.1549588803573
8Y_H4_N100_P0_ALL_seed025,P0_ALL,H4,100,25,9,513.8964480259601
8Y_H4_N100_P0_ALL_seed025,P0_ALL,H4,100,25,10,354.90190038472156
8Y_H4_N100_P0_ALL_seed025,P0_ALL,H4,100,25,11,430.28144663299827
8Y_H4_N100_P0_ALL_seed025,P0_ALL,H4,100,25,12,1433.0176013186556
8Y_H4_N100_P0_ALL_seed025,P0_ALL,H4,100,25,13,518.5277385981108
8Y_H4_N100_P0_ALL_seed025,P0_ALL,H4,100,25,14,369.63322182720003
8Y_H4_N100_P0_ALL_seed025,P0_ALL,H4,100,25,15,281.7968764969555
8Y_H4_N100_P0_ALL_seed025,P0_ALL,H4,100,25,16,435.0466413892791
8Y_H4_N100_P0_ALL_seed025,P0_ALL,H4,100,25,17,30.52020889178857
8Y_H4_N100_P0_ALL_seed025,P0_ALL,H4,100,25,18,404.90456935095426
8Y_H4_N100_P0_ALL_seed025,P0_ALL,H4,100,25,19,564.7074419615692
8Y_H4_N100_P0_ALL_seed025,P0_ALL,H4,100,25,20,528.2559151880596
8Y_H4_N100_P3_ENERGY_seed025,P3_ENERGY,H4,100,25,1,639.9700572176865
8Y_H4_N100_P3_ENERGY_seed025,P3_ENERGY,H4,100,25,2,1019.5892251704473
8Y_H4_N100_P3_ENERGY_seed025,P3_ENERGY,H4,100,25,3,383.8196337890349
8Y_H4_N100_P3_ENERGY_seed025,P3_ENERGY,H4,100,25,4,1147.9557707419726
8Y_H4_N100_P3_ENERGY_seed025,P3_ENERGY,H4,100,25,5,476.19155764173274
8Y_H4_N100_P3_ENERGY_seed025,P3_ENERGY,H4,100,25,6,138.9409021086899
8Y_H4_N100_P3_ENERGY_seed025,P3_ENERGY,H4,100,25,7,1559.5728538152803
8Y_H4_N100_P3_ENERGY_seed025,P3_ENERGY,H4,100,25,8,2032.7909454194778
8Y_H4_N100_P3_ENERGY_seed025,P3_ENERGY,H4,100,25,9,971.1474215326771
8Y_H4_N100_P3_ENERGY_seed025,P3_ENERGY,H4,100,25,10,281.42252884075606
8Y_H4_N100_P3_ENERGY_seed025,P3_ENERGY,H4,100,25,11,435.458872111838
8Y_H4_N100_P3_ENERGY_seed025,P3_ENERGY,H4,100,25,12,30.54600435583052
8Y_H4_N100_P3_ENERGY_seed025,P3_ENERGY,H4,100,25,13,543.0065269529987
8Y_H4_N100_P4_RESERVE_seed025,P4_RESERVE,H4,100,25,1,1549.9700572176864
8Y_H4_N100_P4_RESERVE_seed025,P4_RESERVE,H4,100,25,2,1350.163187719417
8Y_H4_N100_P4_RESERVE_seed025,P4_RESERVE,H4,100,25,3,417.69326346837397
8Y_H4_N100_P4_RESERVE_seed025,P4_RESERVE,H4,100,25,4,383.48043198481173
8Y_H4_N100_P4_RESERVE_seed025,P4_RESERVE,H4,100,25,5,2056.3693386596597
8Y_H4_N100_P4_RESERVE_seed025,P4_RESERVE,H4,100,25,6,475.34217294094924
8Y_H4_N100_P4_RESERVE_seed025,P4_RESERVE,H4,100,25,7,138.74382752206202
8Y_H4_N100_P4_RESERVE_seed025,P4_RESERVE,H4,100,25,8,2467.729520331396
8Y_H4_N100_POW_seed026,POW,H4,100,26,1,732.9786022133286
8Y_H4_N100_POW_seed026,POW,H4,100,26,2,172.3026060550394
8Y_H4_N100_POW_seed026,POW,H4,100,26,3,1073.9852286577593
8Y_H4_N100_POW_seed026,POW,H4,100,26,4,118.55339593921485
8Y_H4_N100_POW_seed026,POW,H4,100,26,5,258.8877846919927
8Y_H4_N100_POW_seed026,POW,H4,100,26,6,1399.904097655397
8Y_H4_N100_POW_seed026,POW,H4,100,26,7,1677.9969244881004
8Y_H4_N100_POW_seed026,POW,H4,100,26,8,358.3862441710262
8Y_H4_N100_POW_seed026,POW,H4,100,26,9,826.9140297188842
8Y_H4_N100_POW_seed026,POW,H4,100,26,10,70.27307995735646
8Y_H4_N100_POW_seed026,POW,H4,100,26,11,50.68077549854661
8Y_H4_N100_POW_seed026,POW,H4,100,26,12,562.076963368906
8Y_H4_N100_POW_seed026,POW,H4,100,26,13,565.3561378252671
8Y_H4_N100_POW_seed026,POW,H4,100,26,14,690.1493659878624
8Y_H4_N100_POW_seed026,POW,H4,100,26,15,47.277626359984424
8Y_H4_N100_P0_ALL_seed026,P0_ALL,H4,100,26,1,733.6421732183406
8Y_H4_N100_P0_ALL_seed026,P0_ALL,H4,100,26,2,172.3026060550394
8Y_H4_N100_P0_ALL_seed026,P0_ALL,H4,100,26,3,1076.230785516716
8Y_H4_N100_P0_ALL_seed026,P0_ALL,H4,100,26,4,118.55339593921508
8Y_H4_N100_P0_ALL_seed026,P0_ALL,H4,100,26,5,258.8877846919927
8Y_H4_N100_P0_ALL_seed026,P0_ALL,H4,100,26,6,1405.2462320620925
8Y_H4_N100_P0_ALL_seed026,P0_ALL,H4,100,26,7,1681.3818021244388
8Y_H4_N100_P0_ALL_seed026,P0_ALL,H4,100,26,8,358.3862441710262
8Y_H4_N100_P0_ALL_seed026,P0_ALL,H4,100,26,9,828.9385321277159
8Y_H4_N100_P0_ALL_seed026,P0_ALL,H4,100,26,10,70.27307995735646
8Y_H4_N100_P0_ALL_seed026,P0_ALL,H4,100,26,11,50.68077549854661
8Y_H4_N100_P0_ALL_seed026,P0_ALL,H4,100,26,12,562.076963368906
8Y_H4_N100_P0_ALL_seed026,P0_ALL,H4,100,26,13,565.3561378252671
8Y_H4_N100_P0_ALL_seed026,P0_ALL,H4,100,26,14,692.5266512769595
8Y_H4_N100_P0_ALL_seed026,P0_ALL,H4,100,26,15,47.277626359984424
8Y_H4_N100_P3_ENERGY_seed026,P3_ENERGY,H4,100,26,1,733.6421732183406
8Y_H4_N100_P3_ENERGY_seed026,P3_ENERGY,H4,100,26,2,172.3026060550394
8Y_H4_N100_P3_ENERGY_seed026,P3_ENERGY,H4,100,26,3,1322.401438276283
8Y_H4_N100_P3_ENERGY_seed026,P3_ENERGY,H4,100,26,4,258.87257697085533
8Y_H4_N100_P3_ENERGY_seed026,P3_ENERGY,H4,100,26,5,1644.7826252813697
8Y_H4_N100_P3_ENERGY_seed026,P3_ENERGY,H4,100,26,6,2166.6675330242824
8Y_H4_N100_P3_ENERGY_seed026,P3_ENERGY,H4,100,26,7,829.0546448629002
8Y_H4_N100_P3_ENERGY_seed026,P3_ENERGY,H4,100,26,8,70.22672375752154
8Y_H4_N100_P3_ENERGY_seed026,P3_ENERGY,H4,100,26,9,50.675390487018376
8Y_H4_N100_P3_ENERGY_seed026,P3_ENERGY,H4,100,26,10,2457.4474345171357
8Y_H4_N100_P4_RESERVE_seed026,P4_RESERVE,H4,100,26,1,1643.6421732183405
8Y_H4_N100_P4_RESERVE_seed026,P4_RESERVE,H4,100,26,2,172.30260605503918
8Y_H4_N100_P4_RESERVE_seed026,P4_RESERVE,H4,100,26,3,2231.2152425096347
8Y_H4_N100_P4_RESERVE_seed026,P4_RESERVE,H4,100,26,4,258.87257697085533
8Y_H4_N100_P4_RESERVE_seed026,P4_RESERVE,H4,100,26,5,1988.2239999035
8Y_H4_N100_P4_RESERVE_seed026,P4_RESERVE,H4,100,26,6,442.14497728090646
8Y_H4_N100_P4_RESERVE_seed026,P4_RESERVE,H4,100,26,7,2313.085397532379
8Y_H4_N100_P4_RESERVE_seed026,P4_RESERVE,H4,100,26,8,358.3862441710244
8Y_H4_N100_POW_seed027,POW,H4,100,27,1,1049.6930035648288
8Y_H4_N100_POW_seed027,POW,H4,100,27,2,941.7006145058144
8Y_H4_N100_POW_seed027,POW,H4,100,27,3,1436.5851493585828
8Y_H4_N100_POW_seed027,POW,H4,100,27,4,711.7420673951297
8Y_H4_N100_POW_seed027,POW,H4,100,27,5,178.46300257800976
8Y_H4_N100_POW_seed027,POW,H4,100,27,6,240.22583543068413
8Y_H4_N100_POW_seed027,POW,H4,100,27,7,544.0806734858907
8Y_H4_N100_POW_seed027,POW,H4,100,27,8,111.22207558062382
8Y_H4_N100_POW_seed027,POW,H4,100,27,9,680.8212810887853
8Y_H4_N100_POW_seed027,POW,H4,100,27,10,438.2269233604584
8Y_H4_N100_POW_seed027,POW,H4,100,27,11,337.46435393370393
8Y_H4_N100_POW_seed027,POW,H4,100,27,12,1070.8908620259617
8Y_H4_N100_POW_seed027,POW,H4,100,27,13,1364.3501364763151
8Y_H4_N100_POW_seed027,POW,H4,100,27,14,5.722468222033058
8Y_H4_N100_P0_ALL_seed027,P0_ALL,H4,100,27,1,1049.7865995204133
8Y_H4_N100_P0_ALL_seed027,P0_ALL,H4,100,27,2,944.541764491031
8Y_H4_N100_P0_ALL_seed027,P0_ALL,H4,100,27,3,1442.8459492253521
8Y_H4_N100_P0_ALL_seed027,P0_ALL,H4,100,27,4,713.9548958269233
8Y_H4_N100_P0_ALL_seed027,P0_ALL,H4,100,27,5,178.46300257800976
8Y_H4_N100_P0_ALL_seed027,P0_ALL,H4,100,27,6,240.22583543068413
8Y_H4_N100_P0_ALL_seed027,P0_ALL,H4,100,27,7,544.0806734858907
8Y_H4_N100_P0_ALL_seed027,P0_ALL,H4,100,27,8,111.22207558062382
8Y_H4_N100_P0_ALL_seed027,P0_ALL,H4,100,27,9,682.297882701132
8Y_H4_N100_P0_ALL_seed027,P0_ALL,H4,100,27,10,438.2269233604584
8Y_H4_N100_P0_ALL_seed027,P0_ALL,H4,100,27,11,337.46435393370393
8Y_H4_N100_P0_ALL_seed027,P0_ALL,H4,100,27,12,1073.9109903337385
8Y_H4_N100_P0_ALL_seed027,P0_ALL,H4,100,27,13,1368.4455532564607
8Y_H4_N100_P0_ALL_seed027,P0_ALL,H4,100,27,14,5.722468222033058
8Y_H4_N100_P3_ENERGY_seed027,P3_ENERGY,H4,100,27,1,2144.8082583435657
8Y_H4_N100_P3_ENERGY_seed027,P3_ENERGY,H4,100,27,2,2518.1933724387914
8Y_H4_N100_P3_ENERGY_seed027,P3_ENERGY,H4,100,27,3,177.25960419532385
8Y_H4_N100_P3_ENERGY_seed027,P3_ENERGY,H4,100,27,4,240.2422229973572
8Y_H4_N100_P3_ENERGY_seed027,P3_ENERGY,H4,100,27,5,544.3397420506917
8Y_H4_N100_P3_ENERGY_seed027,P3_ENERGY,H4,100,27,6,375.5072076001861
8Y_H4_N100_P3_ENERGY_seed027,P3_ENERGY,H4,100,27,7,682.4797057118676
8Y_H4_N100_P3_ENERGY_seed027,P3_ENERGY,H4,100,27,8,438.49162076778794
8Y_H4_N100_P3_ENERGY_seed027,P3_ENERGY,H4,100,27,9,601.1180948282727
8Y_H4_N100_P4_RESERVE_seed027,P4_RESERVE,H4,100,27,1,1959.7865995204136
8Y_H4_N100_P4_RESERVE_seed027,P4_RESERVE,H4,100,27,2,1851.487309334939
8Y_H4_N100_P4_RESERVE_seed027,P4_RESERVE,H4,100,27,3,2350.388719954578
8Y_H4_N100_P4_RESERVE_seed027,P4_RESERVE,H4,100,27,4,1621.410937482663
8Y_H4_N100_P4_RESERVE_seed027,P4_RESERVE,H4,100,27,5,178.46300257800976
8Y_H4_N100_P4_RESERVE_seed027,P4_RESERVE,H4,100,27,6,240.22583543068413
8Y_H4_N100_P4_RESERVE_seed027,P4_RESERVE,H4,100,27,7,544.0806734858925
8Y_H4_N100_P4_RESERVE_seed027,P4_RESERVE,H4,100,27,8,375.6954249606588
8Y_H4_N100_POW_seed028,POW,H4,100,28,1,1201.7470764456964
8Y_H4_N100_POW_seed028,POW,H4,100,28,2,414.2066730074787
8Y_H4_N100_POW_seed028,POW,H4,100,28,3,965.5540640011695
8Y_H4_N100_POW_seed028,POW,H4,100,28,4,93.33807648788707
8Y_H4_N100_POW_seed028,POW,H4,100,28,5,524.5280890910617
8Y_H4_N100_POW_seed028,POW,H4,100,28,6,1470.848028996808
8Y_H4_N100_POW_seed028,POW,H4,100,28,7,204.05185351916862
8Y_H4_N100_POW_seed028,POW,H4,100,28,8,744.4131824769374
8Y_H4_N100_POW_seed028,POW,H4,100,28,9,193.1201859754592
8Y_H4_N100_POW_seed028,POW,H4,100,28,10,1472.14862589529
8Y_H4_N100_POW_seed028,POW,H4,100,28,11,66.9583845957759
8Y_H4_N100_POW_seed028,POW,H4,100,28,12,1160.2878449658865
8Y_H4_N100_POW_seed028,POW,H4,100,28,13,702.3335626567641
8Y_H4_N100_POW_seed028,POW,H4,100,28,14,323.61951933128876
8Y_H4_N100_P0_ALL_seed028,P0_ALL,H4,100,28,1,1204.7920792336724
8Y_H4_N100_P0_ALL_seed028,P0_ALL,H4,100,28,2,414.2066730074787
8Y_H4_N100_P0_ALL_seed028,P0_ALL,H4,100,28,3,967.8652356469829
8Y_H4_N100_P0_ALL_seed028,P0_ALL,H4,100,28,4,93.33807648788707
8Y_H4_N100_P0_ALL_seed028,P0_ALL,H4,100,28,5,524.5280890910617
8Y_H4_N100_P0_ALL_seed028,P0_ALL,H4,100,28,6,1475.5528325743685
8Y_H4_N100_P0_ALL_seed028,P0_ALL,H4,100,28,7,204.05185351916862
8Y_H4_N100_P0_ALL_seed028,P0_ALL,H4,100,28,8,746.812705846216
8Y_H4_N100_P0_ALL_seed028,P0_ALL,H4,100,28,9,193.1201859754592
8Y_H4_N100_P0_ALL_seed028,P0_ALL,H4,100,28,10,1476.69141879553
8Y_H4_N100_P0_ALL_seed028,P0_ALL,H4,100,28,11,66.9583845957759
8Y_H4_N100_P0_ALL_seed028,P0_ALL,H4,100,28,12,1160.3027985714625
8Y_H4_N100_P0_ALL_seed028,P0_ALL,H4,100,28,13,704.0805072592157
8Y_H4_N100_P0_ALL_seed028,P0_ALL,H4,100,28,14,323.61951933128876
8Y_H4_N100_P3_ENERGY_seed028,P3_ENERGY,H4,100,28,1,3373.6454008355204
8Y_H4_N100_P3_ENERGY_seed028,P3_ENERGY,H4,100,28,2,93.11554797582812
8Y_H4_N100_P3_ENERGY_seed028,P3_ENERGY,H4,100,28,3,524.8152705894763
8Y_H4_N100_P3_ENERGY_seed028,P3_ENERGY,H4,100,28,4,3805.7452863992576
8Y_H4_N100_P3_ENERGY_seed028,P3_ENERGY,H4,100,28,5,1475.4409016856225
8Y_H4_N100_P3_ENERGY_seed028,P3_ENERGY,H4,100,28,6,66.96427296692491
8Y_H4_N100_P4_RESERVE_seed028,P4_RESERVE,H4,100,28,1,2114.7920792336727
8Y_H4_N100_P4_RESERVE_seed028,P4_RESERVE,H4,100,28,2,1323.9006822825131
8Y_H4_N100_P4_RESERVE_seed028,P4_RESERVE,H4,100,28,3,1875.7935775973137
8Y_H4_N100_P4_RESERVE_seed028,P4_RESERVE,H4,100,28,4,93.33807648788661
8Y_H4_N100_P4_RESERVE_seed028,P4_RESERVE,H4,100,28,5,524.5280890910617
8Y_H4_N100_P4_RESERVE_seed028,P4_RESERVE,H4,100,28,6,3587.6971606285406
8Y_H4_N100_POW_seed029,POW,H4,100,29,1,691.058495771313
8Y_H4_N100_POW_seed029,POW,H4,100,29,2,170.4990827624647
8Y_H4_N100_POW_seed029,POW,H4,100,29,3,204.07695529527757
8Y_H4_N100_POW_seed029,POW,H4,100,29,4,2137.5563788429236
8Y_H4_N100_POW_seed029,POW,H4,100,29,5,229.32329139642343
8Y_H4_N100_POW_seed029,POW,H4,100,29,6,536.7646201563248
8Y_H4_N100_POW_seed029,POW,H4,100,29,7,344.2253638558441
8Y_H4_N100_POW_seed029,POW,H4,100,29,8,363.5657559563706
8Y_H4_N100_POW_seed029,POW,H4,100,29,9,576.8695055036214
8Y_H4_N100_POW_seed029,POW,H4,100,29,10,323.97684891518384
8Y_H4_N100_POW_seed029,POW,H4,100,29,11,230.71927709919783
8Y_H4_N100_POW_seed029,POW,H4,100,29,12,195.62161279673091
8Y_H4_N100_POW_seed029,POW,H4,100,29,13,729.938348017522
8Y_H4_N100_POW_seed029,POW,H4,100,29,14,466.08735668342524
8Y_H4_N100_POW_seed029,POW,H4,100,29,15,825.8137799504202
8Y_H4_N100_POW_seed029,POW,H4,100,29,16,671.5210436189354
8Y_H4_N100_POW_seed029,POW,H4,100,29,17,340.7716348901213
8Y_H4_N100_POW_seed029,POW,H4,100,29,18,35.50812578976547
8Y_H4_N100_POW_seed029,POW,H4,100,29,19,215.88065801990524
8Y_H4_N100_POW_seed029,POW,H4,100,29,20,273.7665675098633
8Y_H4_N100_POW_seed029,POW,H4,100,29,21,377.4962677886251
8Y_H4_N100_P0_ALL_seed029,P0_ALL,H4,100,29,1,691.3122013429171
8Y_H4_N100_P0_ALL_seed029,P0_ALL,H4,100,29,2,170.4990827624647
8Y_H4_N100_P0_ALL_seed029,P0_ALL,H4,100,29,3,204.07695529527757
8Y_H4_N100_P0_ALL_seed029,P0_ALL,H4,100,29,4,2144.350978028596
8Y_H4_N100_P0_ALL_seed029,P0_ALL,H4,100,29,5,229.32329139642343
8Y_H4_N100_P0_ALL_seed029,P0_ALL,H4,100,29,6,536.7646201563248
8Y_H4_N100_P0_ALL_seed029,P0_ALL,H4,100,29,7,344.22536385584453
8Y_H4_N100_P0_ALL_seed029,P0_ALL,H4,100,29,8,363.5657559563706
8Y_H4_N100_P0_ALL_seed029,P0_ALL,H4,100,29,9,576.8695055036214
8Y_H4_N100_P0_ALL_seed029,P0_ALL,H4,100,29,10,323.97684891518384
8Y_H4_N100_P0_ALL_seed029,P0_ALL,H4,100,29,11,230.71927709919873
8Y_H4_N100_P0_ALL_seed029,P0_ALL,H4,100,29,12,195.62161279673091
8Y_H4_N100_P0_ALL_seed029,P0_ALL,H4,100,29,13,732.0683416017473
8Y_H4_N100_P0_ALL_seed029,P0_ALL,H4,100,29,14,466.08735668342524
8Y_H4_N100_P0_ALL_seed029,P0_ALL,H4,100,29,15,828.1082150463217
8Y_H4_N100_P0_ALL_seed029,P0_ALL,H4,100,29,16,673.4712183260663
8Y_H4_N100_P0_ALL_seed029,P0_ALL,H4,100,29,17,340.7716348901213
8Y_H4_N100_P0_ALL_seed029,P0_ALL,H4,100,29,18,35.50812578976547
8Y_H4_N100_P0_ALL_seed029,P0_ALL,H4,100,29,19,215.88065801990524
8Y_H4_N100_P0_ALL_seed029,P0_ALL,H4,100,29,20,273.7665675098633
8Y_H4_N100_P0_ALL_seed029,P0_ALL,H4,100,29,21,377.4962677886251
8Y_H4_N100_P3_ENERGY_seed029,P3_ENERGY,H4,100,29,1,691.3122013429171
8Y_H4_N100_P3_ENERGY_seed029,P3_ENERGY,H4,100,29,2,170.4990827624647
8Y_H4_N100_P3_ENERGY_seed029,P3_ENERGY,H4,100,29,3,204.07695529527757
8Y_H4_N100_P3_ENERGY_seed029,P3_ENERGY,H4,100,29,4,2638.165446376549
8Y_H4_N100_P3_ENERGY_seed029,P3_ENERGY,H4,100,29,5,536.6869221416505
8Y_H4_N100_P3_ENERGY_seed029,P3_ENERGY,H4,100,29,6,344.16182898842453
8Y_H4_N100_P3_ENERGY_seed029,P3_ENERGY,H4,100,29,7,1179.2764917751583
8Y_H4_N100_P3_ENERGY_seed029,P3_ENERGY,H4,100,29,8,323.92105592602
8Y_H4_N100_P3_ENERGY_seed029,P3_ENERGY,H4,100,29,9,238.51799453884632
8Y_H4_N100_P3_ENERGY_seed029,P3_ENERGY,H4,100,29,10,196.01004064019253
8Y_H4_N100_P3_ENERGY_seed029,P3_ENERGY,H4,100,29,11,730.8265406589908
8Y_H4_N100_P3_ENERGY_seed029,P3_ENERGY,H4,100,29,12,466.22824550264886
8Y_H4_N100_P3_ENERGY_seed029,P3_ENERGY,H4,100,29,13,1877.9202492402637
8Y_H4_N100_P3_ENERGY_seed029,P3_ENERGY,H4,100,29,14,340.73899757591244
8Y_H4_N100_P4_RESERVE_seed029,P4_RESERVE,H4,100,29,1,1601.312201342917
8Y_H4_N100_P4_RESERVE_seed029,P4_RESERVE,H4,100,29,2,170.4990827624647
8Y_H4_N100_P4_RESERVE_seed029,P4_RESERVE,H4,100,29,3,204.07695529527746
8Y_H4_N100_P4_RESERVE_seed029,P4_RESERVE,H4,100,29,4,3548.446179729471
8Y_H4_N100_P4_RESERVE_seed029,P4_RESERVE,H4,100,29,5,536.6869221416509
8Y_H4_N100_P4_RESERVE_seed029,P4_RESERVE,H4,100,29,6,344.16182898842453
8Y_H4_N100_P4_RESERVE_seed029,P4_RESERVE,H4,100,29,7,1247.4503381623344
8Y_H4_N100_P4_RESERVE_seed029,P4_RESERVE,H4,100,29,8,577.0397912625585
8Y_H4_N100_P4_RESERVE_seed029,P4_RESERVE,H4,100,29,9,323.4798803966187
8Y_H4_N100_P4_RESERVE_seed029,P4_RESERVE,H4,100,29,10,238.53337011339318
8Y_H4_N100_P4_RESERVE_seed029,P4_RESERVE,H4,100,29,11,195.73216291950848
8Y_H4_N100_POW_seed030,POW,H4,100,30,1,213.28097700524498
8Y_H4_N100_POW_seed030,POW,H4,100,30,2,159.80427869782736
8Y_H4_N100_POW_seed030,POW,H4,100,30,3,358.58736847133434
8Y_H4_N100_POW_seed030,POW,H4,100,30,4,157.98884591059812
8Y_H4_N100_POW_seed030,POW,H4,100,30,5,143.37540937031554
8Y_H4_N100_POW_seed030,POW,H4,100,30,6,289.18858325972883
8Y_H4_N100_POW_seed030,POW,H4,100,30,7,293.31477185300446
8Y_H4_N100_POW_seed030,POW,H4,100,30,8,861.7336996609006
8Y_H4_N100_POW_seed030,POW,H4,100,30,9,523.076078599036
8Y_H4_N100_POW_seed030,POW,H4,100,30,10,2311.1319378548824
8Y_H4_N100_POW_seed030,POW,H4,100,30,11,358.9389342504064
8Y_H4_N100_POW_seed030,POW,H4,100,30,12,22.595591818324465
8Y_H4_N100_POW_seed030,POW,H4,100,30,13,415.8175055278407
8Y_H4_N100_POW_seed030,POW,H4,100,30,14,488.06772373078
8Y_H4_N100_POW_seed030,POW,H4,100,30,15,35.82297007872421
8Y_H4_N100_POW_seed030,POW,H4,100,30,16,13.35970587900374
8Y_H4_N100_POW_seed030,POW,H4,100,30,17,1205.7265681019308
8Y_H4_N100_POW_seed030,POW,H4,100,30,18,295.19086058202174
8Y_H4_N100_POW_seed030,POW,H4,100,30,19,1371.7233550523115
8Y_H4_N100_POW_seed030,POW,H4,100,30,20,169.08192100788256
8Y_H4_N100_POW_seed030,POW,H4,100,30,21,55.02328590196339
8Y_H4_N100_P0_ALL_seed030,P0_ALL,H4,100,30,1,213.28097700524498
8Y_H4_N100_P0_ALL_seed030,P0_ALL,H4,100,30,2,159.80427869782736
8Y_H4_N100_P0_ALL_seed030,P0_ALL,H4,100,30,3,358.58736847133434
8Y_H4_N100_P0_ALL_seed030,P0_ALL,H4,100,30,4,157.98884591059812
8Y_H4_N100_P0_ALL_seed030,P0_ALL,H4,100,30,5,143.37540937031554
8Y_H4_N100_P0_ALL_seed030,P0_ALL,H4,100,30,6,289.18858325972883
8Y_H4_N100_P0_ALL_seed030,P0_ALL,H4,100,30,7,293.31477185300446
8Y_H4_N100_P0_ALL_seed030,P0_ALL,H4,100,30,8,863.4062255934759
8Y_H4_N100_P0_ALL_seed030,P0_ALL,H4,100,30,9,523.0760785990356
8Y_H4_N100_P0_ALL_seed030,P0_ALL,H4,100,30,10,2318.8903692185195
8Y_H4_N100_P0_ALL_seed030,P0_ALL,H4,100,30,11,358.9389342504064
8Y_H4_N100_P0_ALL_seed030,P0_ALL,H4,100,30,12,22.595591818324465
8Y_H4_N100_P0_ALL_seed030,P0_ALL,H4,100,30,13,415.8175055278407
8Y_H4_N100_P0_ALL_seed030,P0_ALL,H4,100,30,14,488.06772373078
8Y_H4_N100_P0_ALL_seed030,P0_ALL,H4,100,30,15,35.82297007872421
8Y_H4_N100_P0_ALL_seed030,P0_ALL,H4,100,30,16,13.35970587900374
8Y_H4_N100_P0_ALL_seed030,P0_ALL,H4,100,30,17,1208.9729945601775
8Y_H4_N100_P0_ALL_seed030,P0_ALL,H4,100,30,18,295.19086058202174
8Y_H4_N100_P0_ALL_seed030,P0_ALL,H4,100,30,19,1375.7090038501328
8Y_H4_N100_P0_ALL_seed030,P0_ALL,H4,100,30,20,169.08192100788256
8Y_H4_N100_P0_ALL_seed030,P0_ALL,H4,100,30,21,55.02328590196339
8Y_H4_N100_P3_ENERGY_seed030,P3_ENERGY,H4,100,30,1,213.28097700524498
8Y_H4_N100_P3_ENERGY_seed030,P3_ENERGY,H4,100,30,2,159.80427869782736
8Y_H4_N100_P3_ENERGY_seed030,P3_ENERGY,H4,100,30,3,1346.2206058250733
8Y_H4_N100_P3_ENERGY_seed030,P3_ENERGY,H4,100,30,4,289.40278121241454
8Y_H4_N100_P3_ENERGY_seed030,P3_ENERGY,H4,100,30,5,2332.7705678063185
8Y_H4_N100_P3_ENERGY_seed030,P3_ENERGY,H4,100,30,6,2768.020828823437
8Y_H4_N100_P3_ENERGY_seed030,P3_ENERGY,H4,100,30,7,21.805463135637183
8Y_H4_N100_P3_ENERGY_seed030,P3_ENERGY,H4,100,30,8,416.1976754766438
8Y_H4_N100_P3_ENERGY_seed030,P3_ENERGY,H4,100,30,9,488.944938240993
8Y_H4_N100_P3_ENERGY_seed030,P3_ENERGY,H4,100,30,10,614.3603853167879
8Y_H4_N100_P4_RESERVE_seed030,P4_RESERVE,H4,100,30,1,213.28097700524498
8Y_H4_N100_P4_RESERVE_seed030,P4_RESERVE,H4,100,30,2,159.80427869782736
8Y_H4_N100_P4_RESERVE_seed030,P4_RESERVE,H4,100,30,3,572.9302781553306
8Y_H4_N100_P4_RESERVE_seed030,P4_RESERVE,H4,100,30,4,882.7158501493384
8Y_H4_N100_P4_RESERVE_seed030,P4_RESERVE,H4,100,30,5,143.37540937031554
8Y_H4_N100_P4_RESERVE_seed030,P4_RESERVE,H4,100,30,6,289.1885832597286
8Y_H4_N100_P4_RESERVE_seed030,P4_RESERVE,H4,100,30,7,1904.2090817097692
8Y_H4_N100_P4_RESERVE_seed030,P4_RESERVE,H4,100,30,8,766.6918451026704
8Y_H4_N100_P4_RESERVE_seed030,P4_RESERVE,H4,100,30,9,523.0760785990351
8Y_H4_N100_P4_RESERVE_seed030,P4_RESERVE,H4,100,30,10,1008.7406396993174
8Y_H4_N100_P4_RESERVE_seed030,P4_RESERVE,H4,100,30,11,1469.738553306327
8Y_H4_N100_P4_RESERVE_seed030,P4_RESERVE,H4,100,30,12,902.8548833073091
8Y_H4_N300_POW_seed001,POW,H4,300,1,1,367.7577778490484
8Y_H4_N300_POW_seed001,POW,H4,300,1,2,191.31508056185083
8Y_H4_N300_POW_seed001,POW,H4,300,1,3,289.2837180313762
8Y_H4_N300_POW_seed001,POW,H4,300,1,4,1062.4224980695808
8Y_H4_N300_POW_seed001,POW,H4,300,1,5,817.4352087566265
8Y_H4_N300_POW_seed001,POW,H4,300,1,6,170.18539026030157
8Y_H4_N300_POW_seed001,POW,H4,300,1,7,61.00955751827814
8Y_H4_N300_POW_seed001,POW,H4,300,1,8,422.58837927801505
8Y_H4_N300_POW_seed001,POW,H4,300,1,9,282.396035422591
8Y_H4_N300_POW_seed001,POW,H4,300,1,10,114.54661289568367
8Y_H4_N300_POW_seed001,POW,H4,300,1,11,179.84783174606036
8Y_H4_N300_POW_seed001,POW,H4,300,1,12,260.04032186156246
8Y_H4_N300_POW_seed001,POW,H4,300,1,13,392.00381989123525
8Y_H4_N300_POW_seed001,POW,H4,300,1,14,688.0955974816125
8Y_H4_N300_POW_seed001,POW,H4,300,1,15,636.1010712408797
8Y_H4_N300_POW_seed001,POW,H4,300,1,16,2172.100945317542
8Y_H4_N300_POW_seed001,POW,H4,300,1,17,133.58833391762346
8Y_H4_N300_POW_seed001,POW,H4,300,1,18,450.2659313664353
8Y_H4_N300_P0_ALL_seed001,P0_ALL,H4,300,1,1,367.7577778490484
8Y_H4_N300_P0_ALL_seed001,P0_ALL,H4,300,1,2,191.31508056185083
8Y_H4_N300_P0_ALL_seed001,P0_ALL,H4,300,1,3,289.2837180313762
8Y_H4_N300_P0_ALL_seed001,P0_ALL,H4,300,1,4,1065.991347716234
8Y_H4_N300_P0_ALL_seed001,P0_ALL,H4,300,1,5,819.0579791042658
8Y_H4_N300_P0_ALL_seed001,P0_ALL,H4,300,1,6,170.18539026030157
8Y_H4_N300_P0_ALL_seed001,P0_ALL,H4,300,1,7,61.00955751827814
8Y_H4_N300_P0_ALL_seed001,P0_ALL,H4,300,1,8,422.58837927801505
8Y_H4_N300_P0_ALL_seed001,P0_ALL,H4,300,1,9,282.396035422591
8Y_H4_N300_P0_ALL_seed001,P0_ALL,H4,300,1,10,114.54661289568367
8Y_H4_N300_P0_ALL_seed001,P0_ALL,H4,300,1,11,179.84783174606036
8Y_H4_N300_P0_ALL_seed001,P0_ALL,H4,300,1,12,260.04032186156246
8Y_H4_N300_P0_ALL_seed001,P0_ALL,H4,300,1,13,392.00381989123525
8Y_H4_N300_P0_ALL_seed001,P0_ALL,H4,300,1,14,691.4893699081094
8Y_H4_N300_P0_ALL_seed001,P0_ALL,H4,300,1,15,637.1016403638441
8Y_H4_N300_P0_ALL_seed001,P0_ALL,H4,300,1,16,2178.681831722658
8Y_H4_N300_P0_ALL_seed001,P0_ALL,H4,300,1,17,133.58833391762437
8Y_H4_N300_P0_ALL_seed001,P0_ALL,H4,300,1,18,450.2659313664353
8Y_H4_N300_P3_ENERGY_seed001,P3_ENERGY,H4,300,1,1,367.7577778490484
8Y_H4_N300_P3_ENERGY_seed001,P3_ENERGY,H4,300,1,2,191.31508056185083
8Y_H4_N300_P3_ENERGY_seed001,P3_ENERGY,H4,300,1,3,509.3386053372419
8Y_H4_N300_P3_ENERGY_seed001,P3_ENERGY,H4,300,1,4,2025.7799882758418
8Y_H4_N300_P3_ENERGY_seed001,P3_ENERGY,H4,300,1,5,506.25984010499496
8Y_H4_N300_P3_ENERGY_seed001,P3_ENERGY,H4,300,1,6,1486.4013289918576
8Y_H4_N300_P3_ENERGY_seed001,P3_ENERGY,H4,300,1,7,114.72289553454812
8Y_H4_N300_P3_ENERGY_seed001,P3_ENERGY,H4,300,1,8,179.85723221250555
8Y_H4_N300_P3_ENERGY_seed001,P3_ENERGY,H4,300,1,9,260.85888183709176
8Y_H4_N300_P3_ENERGY_seed001,P3_ENERGY,H4,300,1,10,392.2735913507877
8Y_H4_N300_P3_ENERGY_seed001,P3_ENERGY,H4,300,1,11,689.9236283846285
8Y_H4_N300_P3_ENERGY_seed001,P3_ENERGY,H4,300,1,12,637.9788683300603
8Y_H4_N300_P3_ENERGY_seed001,P3_ENERGY,H4,300,1,13,2179.616592231526
8Y_H4_N300_P3_ENERGY_seed001,P3_ENERGY,H4,300,1,14,226.87330269197446
8Y_H4_N300_P4_RESERVE_seed001,P4_RESERVE,H4,300,1,1,367.7577778490484
8Y_H4_N300_P4_RESERVE_seed001,P4_RESERVE,H4,300,1,2,191.31508056185083
8Y_H4_N300_P4_RESERVE_seed001,P4_RESERVE,H4,300,1,3,509.3386053372419
8Y_H4_N300_P4_RESERVE_seed001,P4_RESERVE,H4,300,1,4,2403.0394342996674
8Y_H4_N300_P4_RESERVE_seed001,P4_RESERVE,H4,300,1,5,217.43520875662625
8Y_H4_N300_P4_RESERVE_seed001,P4_RESERVE,H4,300,1,6,506.3759995448222
8Y_H4_N300_P4_RESERVE_seed001,P4_RESERVE,H4,300,1,7,1680.3446508596016
8Y_H4_N300_P4_RESERVE_seed001,P4_RESERVE,H4,300,1,8,282.1178643532194
8Y_H4_N300_P4_RESERVE_seed001,P4_RESERVE,H4,300,1,9,114.4465974911327
8Y_H4_N300_P4_RESERVE_seed001,P4_RESERVE,H4,300,1,10,179.8997905093911
8Y_H4_N300_P4_RESERVE_seed001,P4_RESERVE,H4,300,1,11,260.8614575296324
8Y_H4_N300_P4_RESERVE_seed001,P4_RESERVE,H4,300,1,12,392.48075341345793
8Y_H4_N300_P4_RESERVE_seed001,P4_RESERVE,H4,300,1,13,1599.1984141489465
8Y_H4_N300_POW_seed002,POW,H4,300,2,1,252.38054547600373
8Y_H4_N300_POW_seed002,POW,H4,300,2,2,291.1781008473638
8Y_H4_N300_POW_seed002,POW,H4,300,2,3,259.9520340235571
8Y_H4_N300_POW_seed002,POW,H4,300,2,4,1142.1637762383982
8Y_H4_N300_POW_seed002,POW,H4,300,2,5,255.1618113569407
8Y_H4_N300_POW_seed002,POW,H4,300,2,6,109.17323040469728
8Y_H4_N300_POW_seed002,POW,H4,300,2,7,54.18795860752152
8Y_H4_N300_POW_seed002,POW,H4,300,2,8,155.468012181218
8Y_H4_N300_POW_seed002,POW,H4,300,2,9,3.115694069701476
8Y_H4_N300_POW_seed002,POW,H4,300,2,10,39.99350826744512
8Y_H4_N300_POW_seed002,POW,H4,300,2,11,397.9015260676133
8Y_H4_N300_POW_seed002,POW,H4,300,2,12,978.8059715565378
8Y_H4_N300_POW_seed002,POW,H4,300,2,13,577.0637666658436
8Y_H4_N300_POW_seed002,POW,H4,300,2,14,419.3516146281654
8Y_H4_N300_POW_seed002,POW,H4,300,2,15,118.76502569456261
8Y_H4_N300_POW_seed002,POW,H4,300,2,16,2044.0886977354066
8Y_H4_N300_P0_ALL_seed002,P0_ALL,H4,300,2,1,252.38054547600373
8Y_H4_N300_P0_ALL_seed002,P0_ALL,H4,300,2,2,291.1781008473638
8Y_H4_N300_P0_ALL_seed002,P0_ALL,H4,300,2,3,259.9520340235571
8Y_H4_N300_P0_ALL_seed002,P0_ALL,H4,300,2,4,1145.2519244547632
8Y_H4_N300_P0_ALL_seed002,P0_ALL,H4,300,2,5,255.1618113569407
8Y_H4_N300_P0_ALL_seed002,P0_ALL,H4,300,2,6,109.17323040469728
8Y_H4_N300_P0_ALL_seed002,P0_ALL,H4,300,2,7,54.18795860752152
8Y_H4_N300_P0_ALL_seed002,P0_ALL,H4,300,2,8,155.468012181218
8Y_H4_N300_P0_ALL_seed002,P0_ALL,H4,300,2,9,3.115694069701476
8Y_H4_N300_P0_ALL_seed002,P0_ALL,H4,300,2,10,39.99350826744512
8Y_H4_N300_P0_ALL_seed002,P0_ALL,H4,300,2,11,397.9015260676133
8Y_H4_N300_P0_ALL_seed002,P0_ALL,H4,300,2,12,981.4422950667113
8Y_H4_N300_P0_ALL_seed002,P0_ALL,H4,300,2,13,577.0637666658436
8Y_H4_N300_P0_ALL_seed002,P0_ALL,H4,300,2,14,419.3516146281654
8Y_H4_N300_P0_ALL_seed002,P0_ALL,H4,300,2,15,118.76502569456261
8Y_H4_N300_P0_ALL_seed002,P0_ALL,H4,300,2,16,2051.950272189266
8Y_H4_N300_P3_ENERGY_seed002,P3_ENERGY,H4,300,2,1,1462.2167962887945
8Y_H4_N300_P3_ENERGY_seed002,P3_ENERGY,H4,300,2,2,1143.2076185649387
8Y_H4_N300_P3_ENERGY_seed002,P3_ENERGY,H4,300,2,3,399.19450178646684
8Y_H4_N300_P3_ENERGY_seed002,P3_ENERGY,H4,300,2,4,108.50662492294032
8Y_H4_N300_P3_ENERGY_seed002,P3_ENERGY,H4,300,2,5,873.456845302796
8Y_H4_N300_P3_ENERGY_seed002,P3_ENERGY,H4,300,2,6,2.2083907546393675
8Y_H4_N300_P3_ENERGY_seed002,P3_ENERGY,H4,300,2,7,189.07657590991494
8Y_H4_N300_P3_ENERGY_seed002,P3_ENERGY,H4,300,2,8,568.9120772253718
8Y_H4_N300_P3_ENERGY_seed002,P3_ENERGY,H4,300,2,9,980.8120925997664
8Y_H4_N300_P3_ENERGY_seed002,P3_ENERGY,H4,300,2,10,1323.9528472988586
8Y_H4_N300_P4_RESERVE_seed002,P4_RESERVE,H4,300,2,1,1162.3805454760038
8Y_H4_N300_P4_RESERVE_seed002,P4_RESERVE,H4,300,2,2,900.6077627447901
8Y_H4_N300_P4_RESERVE_seed002,P4_RESERVE,H4,300,2,3,259.9520340235572
8Y_H4_N300_P4_RESERVE_seed002,P4_RESERVE,H4,300,2,4,2051.6336477337736
8Y_H4_N300_P4_RESERVE_seed002,P4_RESERVE,H4,300,2,5,399.4400857320916
8Y_H4_N300_P4_RESERVE_seed002,P4_RESERVE,H4,300,2,6,109.17323040469819
8Y_H4_N300_P4_RESERVE_seed002,P4_RESERVE,H4,300,2,7,564.6316431937294
8Y_H4_N300_P4_RESERVE_seed002,P4_RESERVE,H4,300,2,8,270.5110590826698
8Y_H4_N300_P4_RESERVE_seed002,P4_RESERVE,H4,300,2,9,3.1156940697010214
8Y_H4_N300_P4_RESERVE_seed002,P4_RESERVE,H4,300,2,10,189.24544959323794
8Y_H4_N300_P4_RESERVE_seed002,P4_RESERVE,H4,300,2,11,568.4944881235742
8Y_H4_N300_P4_RESERVE_seed002,P4_RESERVE,H4,300,2,12,1888.8181570122697
8Y_H4_N300_P4_RESERVE_seed002,P4_RESERVE,H4,300,2,13,1179.453752652371
8Y_H4_N300_POW_seed003,POW,H4,300,3,1,331.58020922322766
8Y_H4_N300_POW_seed003,POW,H4,300,3,2,34.35037371309437
8Y_H4_N300_POW_seed003,POW,H4,300,3,3,94.9400562465733
8Y_H4_N300_POW_seed003,POW,H4,300,3,4,109.52364314543894
8Y_H4_N300_POW_seed003,POW,H4,300,3,5,150.76175371152397
8Y_H4_N300_POW_seed003,POW,H4,300,3,6,582.90791071025
8Y_H4_N300_POW_seed003,POW,H4,300,3,7,5.238517627248939
8Y_H4_N300_POW_seed003,POW,H4,300,3,8,1828.78117529011
8Y_H4_N300_POW_seed003,POW,H4,300,3,9,3650.868717542519
8Y_H4_N300_POW_seed003,POW,H4,300,3,10,188.77920186592655
8Y_H4_N300_POW_seed003,POW,H4,300,3,11,435.04585646038595
8Y_H4_N300_POW_seed003,POW,H4,300,3,12,452.29709220152836
8Y_H4_N300_POW_seed003,POW,H4,300,3,13,783.704658722856
8Y_H4_N300_POW_seed003,POW,H4,300,3,14,1033.0176681771445
8Y_H4_N300_P0_ALL_seed003,P0_ALL,H4,300,3,1,331.58020922322766
8Y_H4_N300_P0_ALL_seed003,P0_ALL,H4,300,3,2,34.35037371309437
8Y_H4_N300_P0_ALL_seed003,P0_ALL,H4,300,3,3,94.9400562465733
8Y_H4_N300_P0_ALL_seed003,P0_ALL,H4,300,3,4,109.52364314543894
8Y_H4_N300_P0_ALL_seed003,P0_ALL,H4,300,3,5,150.76175371152397
8Y_H4_N300_P0_ALL_seed003,P0_ALL,H4,300,3,6,582.90791071025
8Y_H4_N300_P0_ALL_seed003,P0_ALL,H4,300,3,7,5.238517627248939
8Y_H4_N300_P0_ALL_seed003,P0_ALL,H4,300,3,8,1835.4348866425055
8Y_H4_N300_P0_ALL_seed003,P0_ALL,H4,300,3,9,3665.4528632669403
8Y_H4_N300_P0_ALL_seed003,P0_ALL,H4,300,3,10,188.77920186592655
8Y_H4_N300_P0_ALL_seed003,P0_ALL,H4,300,3,11,435.04585646038595
8Y_H4_N300_P0_ALL_seed003,P0_ALL,H4,300,3,12,452.29709220152836
8Y_H4_N300_P0_ALL_seed003,P0_ALL,H4,300,3,13,786.1983827154008
8Y_H4_N300_P0_ALL_seed003,P0_ALL,H4,300,3,14,1036.319972811476
8Y_H4_N300_P3_ENERGY_seed003,P3_ENERGY,H4,300,3,1,331.58020922322766
8Y_H4_N300_P3_ENERGY_seed003,P3_ENERGY,H4,300,3,2,98.84706540648017
8Y_H4_N300_P3_ENERGY_seed003,P3_ENERGY,H4,300,3,3,94.9400562465733
8Y_H4_N300_P3_ENERGY_seed003,P3_ENERGY,H4,300,3,4,1127.6772026821209
8Y_H4_N300_P3_ENERGY_seed003,P3_ENERGY,H4,300,3,5,606.8097846079984
8Y_H4_N300_P3_ENERGY_seed003,P3_ENERGY,H4,300,3,6,2325.8716981605517
8Y_H4_N300_P3_ENERGY_seed003,P3_ENERGY,H4,300,3,7,3665.2939002951143
8Y_H4_N300_P3_ENERGY_seed003,P3_ENERGY,H4,300,3,8,188.17664987359603
8Y_H4_N300_P3_ENERGY_seed003,P3_ENERGY,H4,300,3,9,1054.203442796259
8Y_H4_N300_P4_RESERVE_seed003,P4_RESERVE,H4,300,3,1,331.58020922322766
8Y_H4_N300_P4_RESERVE_seed003,P4_RESERVE,H4,300,3,2,98.84706540648017
8Y_H4_N300_P4_RESERVE_seed003,P4_RESERVE,H4,300,3,3,94.9400562465733
8Y_H4_N300_P4_RESERVE_seed003,P4_RESERVE,H4,300,3,4,753.7654314305753
8Y_H4_N300_P4_RESERVE_seed003,P4_RESERVE,H4,300,3,5,525.7442691864153
8Y_H4_N300_P4_RESERVE_seed003,P4_RESERVE,H4,300,3,6,643.8161184767905
8Y_H4_N300_P4_RESERVE_seed003,P4_RESERVE,H4,300,3,7,5.2385176272487115
8Y_H4_N300_P4_RESERVE_seed003,P4_RESERVE,H4,300,3,8,2262.9384258647956
8Y_H4_N300_P4_RESERVE_seed003,P4_RESERVE,H4,300,3,9,519.0591163247209
8Y_H4_N300_P4_RESERVE_seed003,P4_RESERVE,H4,300,3,10,1019.5135831143434
8Y_H4_N300_P4_RESERVE_seed003,P4_RESERVE,H4,300,3,11,1475.8739528487022
8Y_H4_N300_P4_RESERVE_seed003,P4_RESERVE,H4,300,3,12,338.4826840215137
8Y_H4_N300_P4_RESERVE_seed003,P4_RESERVE,H4,300,3,13,1492.5931156876359
8Y_H4_N300_POW_seed004,POW,H4,300,4,1,440.4785114781171
8Y_H4_N300_POW_seed004,POW,H4,300,4,2,1104.4080326780738
8Y_H4_N300_POW_seed004,POW,H4,300,4,3,463.4095123433797
8Y_H4_N300_POW_seed004,POW,H4,300,4,4,322.0212881317916
8Y_H4_N300_POW_seed004,POW,H4,300,4,5,440.1529339722242
8Y_H4_N300_POW_seed004,POW,H4,300,4,6,188.12978278437276
8Y_H4_N300_POW_seed004,POW,H4,300,4,7,84.36253146733497
8Y_H4_N300_POW_seed004,POW,H4,300,4,8,458.9467521678048
8Y_H4_N300_POW_seed004,POW,H4,300,4,9,245.8183651217705
8Y_H4_N300_POW_seed004,POW,H4,300,4,10,240.32657706575083
8Y_H4_N300_POW_seed004,POW,H4,300,4,11,2282.478547696623
8Y_H4_N300_POW_seed004,POW,H4,300,4,12,654.4698979447676
8Y_H4_N300_POW_seed004,POW,H4,300,4,13,498.3418302283271
8Y_H4_N300_POW_seed004,POW,H4,300,4,14,215.90829934230806
8Y_H4_N300_POW_seed004,POW,H4,300,4,15,4.9082270650678765
8Y_H4_N300_POW_seed004,POW,H4,300,4,16,43.85728249522617
8Y_H4_N300_P0_ALL_seed004,P0_ALL,H4,300,4,1,440.4785114781171
8Y_H4_N300_P0_ALL_seed004,P0_ALL,H4,300,4,2,1107.153637794978
8Y_H4_N300_P0_ALL_seed004,P0_ALL,H4,300,4,3,463.4095123433797
8Y_H4_N300_P0_ALL_seed004,P0_ALL,H4,300,4,4,322.0212881317916
8Y_H4_N300_P0_ALL_seed004,P0_ALL,H4,300,4,5,440.1529339722242
8Y_H4_N300_P0_ALL_seed004,P0_ALL,H4,300,4,6,188.12978278437276
8Y_H4_N300_P0_ALL_seed004,P0_ALL,H4,300,4,7,84.36253146733497
8Y_H4_N300_P0_ALL_seed004,P0_ALL,H4,300,4,8,458.9467521678048
8Y_H4_N300_P0_ALL_seed004,P0_ALL,H4,300,4,9,245.8183651217705
8Y_H4_N300_P0_ALL_seed004,P0_ALL,H4,300,4,10,240.32657706575083
8Y_H4_N300_P0_ALL_seed004,P0_ALL,H4,300,4,11,2290.8181882814815
8Y_H4_N300_P0_ALL_seed004,P0_ALL,H4,300,4,12,656.1614379401399
8Y_H4_N300_P0_ALL_seed004,P0_ALL,H4,300,4,13,498.3418302283271
8Y_H4_N300_P0_ALL_seed004,P0_ALL,H4,300,4,14,215.90829934230806
8Y_H4_N300_P0_ALL_seed004,P0_ALL,H4,300,4,15,4.9082270650678765
8Y_H4_N300_P0_ALL_seed004,P0_ALL,H4,300,4,16,43.85728249522617
8Y_H4_N300_P3_ENERGY_seed004,P3_ENERGY,H4,300,4,1,440.4785114781171
8Y_H4_N300_P3_ENERGY_seed004,P3_ENERGY,H4,300,4,2,1670.6751253784178
8Y_H4_N300_P3_ENERGY_seed004,P3_ENERGY,H4,300,4,3,1042.1919200018697
8Y_H4_N300_P3_ENERGY_seed004,P3_ENERGY,H4,300,4,4,279.1560776602264
8Y_H4_N300_P3_ENERGY_seed004,P3_ENERGY,H4,300,4,5,84.16546965246607
8Y_H4_N300_P3_ENERGY_seed004,P3_ENERGY,H4,300,4,6,458.7653721804704
8Y_H4_N300_P3_ENERGY_seed004,P3_ENERGY,H4,300,4,7,842.0799543099597
8Y_H4_N300_P3_ENERGY_seed004,P3_ENERGY,H4,300,4,8,3068.177500864196
8Y_H4_N300_P3_ENERGY_seed004,P3_ENERGY,H4,300,4,9,498.4363555162781
8Y_H4_N300_P3_ENERGY_seed004,P3_ENERGY,H4,300,4,10,607.9996550138039
8Y_H4_N300_P3_ENERGY_seed004,P3_ENERGY,H4,300,4,11,43.58101047305718
8Y_H4_N300_P4_RESERVE_seed004,P4_RESERVE,H4,300,4,1,440.4785114781171
8Y_H4_N300_P4_RESERVE_seed004,P4_RESERVE,H4,300,4,2,2014.4612644783042
8Y_H4_N300_P4_RESERVE_seed004,P4_RESERVE,H4,300,4,3,463.4095123433799
8Y_H4_N300_P4_RESERVE_seed004,P4_RESERVE,H4,300,4,4,631.8698104566006
8Y_H4_N300_P4_RESERVE_seed004,P4_RESERVE,H4,300,4,5,440.1529339722242
8Y_H4_N300_P4_RESERVE_seed004,P4_RESERVE,H4,300,4,6,280.2201309605439
8Y_H4_N300_P4_RESERVE_seed004,P4_RESERVE,H4,300,4,7,84.36253146733543
8Y_H4_N300_P4_RESERVE_seed004,P4_RESERVE,H4,300,4,8,458.94675216780524
8Y_H4_N300_P4_RESERVE_seed004,P4_RESERVE,H4,300,4,9,1749.9764883949547
8Y_H4_N300_P4_RESERVE_seed004,P4_RESERVE,H4,300,4,10,1698.1888340853493
8Y_H4_N300_POW_seed005,POW,H4,300,5,1,55.3418941725
8Y_H4_N300_POW_seed005,POW,H4,300,5,2,1936.8773781230736
8Y_H4_N300_POW_seed005,POW,H4,300,5,3,468.53983722000544
8Y_H4_N300_POW_seed005,POW,H4,300,5,4,63.91080844983571
8Y_H4_N300_POW_seed005,POW,H4,300,5,5,952.5869215214334
8Y_H4_N300_POW_seed005,POW,H4,300,5,6,1118.640826236027
8Y_H4_N300_POW_seed005,POW,H4,300,5,7,1117.601592270822
8Y_H4_N300_POW_seed005,POW,H4,300,5,8,190.5761287574096
8Y_H4_N300_POW_seed005,POW,H4,300,5,9,564.3060495149202
8Y_H4_N300_POW_seed005,POW,H4,300,5,10,188.2850994235123
8Y_H4_N300_POW_seed005,POW,H4,300,5,11,942.7512810814014
8Y_H4_N300_POW_seed005,POW,H4,300,5,12,216.61921148029614
8Y_H4_N300_POW_seed005,POW,H4,300,5,13,1422.8107248061706
8Y_H4_N300_POW_seed005,POW,H4,300,5,14,349.85216253748695
8Y_H4_N300_POW_seed005,POW,H4,300,5,15,212.38641236430703
8Y_H4_N300_P0_ALL_seed005,P0_ALL,H4,300,5,1,55.3418941725
8Y_H4_N300_P0_ALL_seed005,P0_ALL,H4,300,5,2,1945.2695748004473
8Y_H4_N300_P0_ALL_seed005,P0_ALL,H4,300,5,3,468.53983722000544
8Y_H4_N300_P0_ALL_seed005,P0_ALL,H4,300,5,4,63.91080844983571
8Y_H4_N300_P0_ALL_seed005,P0_ALL,H4,300,5,5,955.6123869670873
8Y_H4_N300_P0_ALL_seed005,P0_ALL,H4,300,5,6,1121.000158820596
8Y_H4_N300_P0_ALL_seed005,P0_ALL,H4,300,5,7,1119.883182288545
8Y_H4_N300_P0_ALL_seed005,P0_ALL,H4,300,5,8,190.5761287574096
8Y_H4_N300_P0_ALL_seed005,P0_ALL,H4,300,5,9,564.3060495149202
8Y_H4_N300_P0_ALL_seed005,P0_ALL,H4,300,5,10,188.2850994235123
8Y_H4_N300_P0_ALL_seed005,P0_ALL,H4,300,5,11,946.6486097692123
8Y_H4_N300_P0_ALL_seed005,P0_ALL,H4,300,5,12,216.61921148029614
8Y_H4_N300_P0_ALL_seed005,P0_ALL,H4,300,5,13,1426.9660285141645
8Y_H4_N300_P0_ALL_seed005,P0_ALL,H4,300,5,14,349.85216253748695
8Y_H4_N300_P0_ALL_seed005,P0_ALL,H4,300,5,15,212.38641236430703
8Y_H4_N300_P3_ENERGY_seed005,P3_ENERGY,H4,300,5,1,2544.5806624347233
8Y_H4_N300_P3_ENERGY_seed005,P3_ENERGY,H4,300,5,2,469.6215467722013
8Y_H4_N300_P3_ENERGY_seed005,P3_ENERGY,H4,300,5,3,64.26071126200077
8Y_H4_N300_P3_ENERGY_seed005,P3_ENERGY,H4,300,5,4,954.8927675371997
8Y_H4_N300_P3_ENERGY_seed005,P3_ENERGY,H4,300,5,5,1130.8090988040867
8Y_H4_N300_P3_ENERGY_seed005,P3_ENERGY,H4,300,5,6,1184.3060784376803
8Y_H4_N300_P3_ENERGY_seed005,P3_ENERGY,H4,300,5,7,191.24771397634322
8Y_H4_N300_P3_ENERGY_seed005,P3_ENERGY,H4,300,5,8,565.7060003113711
8Y_H4_N300_P3_ENERGY_seed005,P3_ENERGY,H4,300,5,9,355.1723474688688
8Y_H4_N300_P3_ENERGY_seed005,P3_ENERGY,H4,300,5,10,947.0847086330486
8Y_H4_N300_P3_ENERGY_seed005,P3_ENERGY,H4,300,5,11,216.28028378108138
8Y_H4_N300_P4_RESERVE_seed005,P4_RESERVE,H4,300,5,1,365.3418941725
8Y_H4_N300_P4_RESERVE_seed005,P4_RESERVE,H4,300,5,2,2851.8413450691414
8Y_H4_N300_P4_RESERVE_seed005,P4_RESERVE,H4,300,5,3,468.5398372200052
8Y_H4_N300_P4_RESERVE_seed005,P4_RESERVE,H4,300,5,4,63.91080844983571
8Y_H4_N300_P4_RESERVE_seed005,P4_RESERVE,H4,300,5,5,1863.0014211256744
8Y_H4_N300_P4_RESERVE_seed005,P4_RESERVE,H4,300,5,6,1116.0137596337263
8Y_H4_N300_P4_RESERVE_seed005,P4_RESERVE,H4,300,5,7,529.308746595505
8Y_H4_N300_P4_RESERVE_seed005,P4_RESERVE,H4,300,5,8,1919.3765000315107
8Y_H4_N300_P4_RESERVE_seed005,P4_RESERVE,H4,300,5,9,190.94321493451207
8Y_H4_N300_P4_RESERVE_seed005,P4_RESERVE,H4,300,5,10,564.9699737548381
8Y_H4_N300_POW_seed006,POW,H4,300,6,1,1621.513052067808
8Y_H4_N300_POW_seed006,POW,H4,300,6,2,1425.5712692539046
8Y_H4_N300_POW_seed006,POW,H4,300,6,3,144.61376119665283
8Y_H4_N300_POW_seed006,POW,H4,300,6,4,35.675780883896095
8Y_H4_N300_POW_seed006,POW,H4,300,6,5,1.6865233497187546
8Y_H4_N300_POW_seed006,POW,H4,300,6,6,734.878657050037
8Y_H4_N300_POW_seed006,POW,H4,300,6,7,104.08978954220629
8Y_H4_N300_POW_seed006,POW,H4,300,6,8,101.0562739124266
8Y_H4_N300_POW_seed006,POW,H4,300,6,9,9.832266618012909
8Y_H4_N300_POW_seed006,POW,H4,300,6,10,233.1991548811884
8Y_H4_N300_POW_seed006,POW,H4,300,6,11,204.72451322587676
8Y_H4_N300_POW_seed006,POW,H4,300,6,12,571.8163825967704
8Y_H4_N300_POW_seed006,POW,H4,300,6,13,1594.7600207790947
8Y_H4_N300_POW_seed006,POW,H4,300,6,14,325.3425578087772
8Y_H4_N300_POW_seed006,POW,H4,300,6,15,1200.2812314140983
8Y_H4_N300_POW_seed006,POW,H4,300,6,16,520.2222840924351
8Y_H4_N300_POW_seed006,POW,H4,300,6,17,825.3836423450666
8Y_H4_N300_POW_seed006,POW,H4,300,6,18,140.0341770942814
8Y_H4_N300_P0_ALL_seed006,P0_ALL,H4,300,6,1,1623.7998845361933
8Y_H4_N300_P0_ALL_seed006,P0_ALL,H4,300,6,2,1430.0654850244125
8Y_H4_N300_P0_ALL_seed006,P0_ALL,H4,300,6,3,144.61376119665283
8Y_H4_N300_P0_ALL_seed006,P0_ALL,H4,300,6,4,35.675780883896095
8Y_H4_N300_P0_ALL_seed006,P0_ALL,H4,300,6,5,1.6865233497187546
8Y_H4_N300_P0_ALL_seed006,P0_ALL,H4,300,6,6,738.8854205219222
8Y_H4_N300_P0_ALL_seed006,P0_ALL,H4,300,6,7,104.08978954220629
8Y_H4_N300_P0_ALL_seed006,P0_ALL,H4,300,6,8,101.0562739124266
8Y_H4_N300_P0_ALL_seed006,P0_ALL,H4,300,6,9,9.832266618012909
8Y_H4_N300_P0_ALL_seed006,P0_ALL,H4,300,6,10,233.1991548811884
8Y_H4_N300_P0_ALL_seed006,P0_ALL,H4,300,6,11,204.72451322587676
8Y_H4_N300_P0_ALL_seed006,P0_ALL,H4,300,6,12,571.8163825967704
8Y_H4_N300_P0_ALL_seed006,P0_ALL,H4,300,6,13,1599.411000660176
8Y_H4_N300_P0_ALL_seed006,P0_ALL,H4,300,6,14,325.3425578087772
8Y_H4_N300_P0_ALL_seed006,P0_ALL,H4,300,6,15,1203.1824545756908
8Y_H4_N300_P0_ALL_seed006,P0_ALL,H4,300,6,16,175.99887424093686
8Y_H4_N300_P0_ALL_seed006,P0_ALL,H4,300,6,17,519.9185387580546
8Y_H4_N300_P0_ALL_seed006,P0_ALL,H4,300,6,18,828.069263084617
8Y_H4_N300_P0_ALL_seed006,P0_ALL,H4,300,6,19,139.2620688390034
8Y_H4_N300_P3_ENERGY_seed006,P3_ENERGY,H4,300,6,1,3235.1617095893525
8Y_H4_N300_P3_ENERGY_seed006,P3_ENERGY,H4,300,6,2,144.28927857328654
8Y_H4_N300_P3_ENERGY_seed006,P3_ENERGY,H4,300,6,3,35.24894370455786
8Y_H4_N300_P3_ENERGY_seed006,P3_ENERGY,H4,300,6,4,1.3734249812705457
8Y_H4_N300_P3_ENERGY_seed006,P3_ENERGY,H4,300,6,5,944.7784960140143
8Y_H4_N300_P3_ENERGY_seed006,P3_ENERGY,H4,300,6,6,103.69050238274303
8Y_H4_N300_P3_ENERGY_seed006,P3_ENERGY,H4,300,6,7,101.00349467603883
8Y_H4_N300_P3_ENERGY_seed006,P3_ENERGY,H4,300,6,8,10.023484674324209
8Y_H4_N300_P3_ENERGY_seed006,P3_ENERGY,H4,300,6,9,232.38784223472976
8Y_H4_N300_P3_ENERGY_seed006,P3_ENERGY,H4,300,6,10,204.58022750827058
8Y_H4_N300_P3_ENERGY_seed006,P3_ENERGY,H4,300,6,11,2201.1489594111526
8Y_H4_N300_P3_ENERGY_seed006,P3_ENERGY,H4,300,6,12,1803.8957341922378
8Y_H4_N300_P3_ENERGY_seed006,P3_ENERGY,H4,300,6,13,176.79542076504185
8Y_H4_N300_P3_ENERGY_seed006,P3_ENERGY,H4,300,6,14,519.8950046007649
8Y_H4_N300_P4_RESERVE_seed006,P4_RESERVE,H4,300,6,1,2533.7998845361876
8Y_H4_N300_P4_RESERVE_seed006,P4_RESERVE,H4,300,6,2,2337.379799056766
8Y_H4_N300_P4_RESERVE_seed006,P4_RESERVE,H4,300,6,3,144.61376119665238
8Y_H4_N300_P4_RESERVE_seed006,P4_RESERVE,H4,300,6,4,35.67578088389564
8Y_H4_N300_P4_RESERVE_seed006,P4_RESERVE,H4,300,6,5,1.6865233497182999
8Y_H4_N300_P4_RESERVE_seed006,P4_RESERVE,H4,300,6,6,1852.7486300531027
8Y_H4_N300_P4_RESERVE_seed006,P4_RESERVE,H4,300,6,7,104.08978954220584
8Y_H4_N300_P4_RESERVE_seed006,P4_RESERVE,H4,300,6,8,101.05627391242615
8Y_H4_N300_P4_RESERVE_seed006,P4_RESERVE,H4,300,6,9,9.832266618012909
8Y_H4_N300_P4_RESERVE_seed006,P4_RESERVE,H4,300,6,10,233.1991548811884
8Y_H4_N300_P4_RESERVE_seed006,P4_RESERVE,H4,300,6,11,204.72451322587676
8Y_H4_N300_P4_RESERVE_seed006,P4_RESERVE,H4,300,6,12,2248.69267368036
8Y_H4_N300_POW_seed007,POW,H4,300,7,1,17.68336471618307
8Y_H4_N300_POW_seed007,POW,H4,300,7,2,785.9007109028682
8Y_H4_N300_POW_seed007,POW,H4,300,7,3,1343.4576314841893
8Y_H4_N300_POW_seed007,POW,H4,300,7,4,267.2953599844768
8Y_H4_N300_POW_seed007,POW,H4,300,7,5,57.12782056470769
8Y_H4_N300_POW_seed007,POW,H4,300,7,6,371.8311058945178
8Y_H4_N300_POW_seed007,POW,H4,300,7,7,494.79087340844217
8Y_H4_N300_POW_seed007,POW,H4,300,7,8,1923.3273295948125
8Y_H4_N300_POW_seed007,POW,H4,300,7,9,166.35634408408805
8Y_H4_N300_POW_seed007,POW,H4,300,7,10,1372.607726768806
8Y_H4_N300_POW_seed007,POW,H4,300,7,11,73.27542476307372
8Y_H4_N300_POW_seed007,POW,H4,300,7,12,87.54538685401349
8Y_H4_N300_POW_seed007,POW,H4,300,7,13,903.7993684803587
8Y_H4_N300_POW_seed007,POW,H4,300,7,14,452.1481235549809
8Y_H4_N300_POW_seed007,POW,H4,300,7,15,321.5464182909036
8Y_H4_N300_P0_ALL_seed007,P0_ALL,H4,300,7,1,17.68336471618307
8Y_H4_N300_P0_ALL_seed007,P0_ALL,H4,300,7,2,789.2067321026209
8Y_H4_N300_P0_ALL_seed007,P0_ALL,H4,300,7,3,1349.4344063357048
8Y_H4_N300_P0_ALL_seed007,P0_ALL,H4,300,7,4,267.2953599844768
8Y_H4_N300_P0_ALL_seed007,P0_ALL,H4,300,7,5,57.12782056470769
8Y_H4_N300_P0_ALL_seed007,P0_ALL,H4,300,7,6,371.8311058945178
8Y_H4_N300_P0_ALL_seed007,P0_ALL,H4,300,7,7,494.79087340844217
8Y_H4_N300_P0_ALL_seed007,P0_ALL,H4,300,7,8,1931.5457815009222
8Y_H4_N300_P0_ALL_seed007,P0_ALL,H4,300,7,9,166.35634408408805
8Y_H4_N300_P0_ALL_seed007,P0_ALL,H4,300,7,10,1376.6033759522388
8Y_H4_N300_P0_ALL_seed007,P0_ALL,H4,300,7,11,73.27542476307372
8Y_H4_N300_P0_ALL_seed007,P0_ALL,H4,300,7,12,87.54538685401349
8Y_H4_N300_P0_ALL_seed007,P0_ALL,H4,300,7,13,905.5563160970569
8Y_H4_N300_P0_ALL_seed007,P0_ALL,H4,300,7,14,452.14812355498
8Y_H4_N300_P0_ALL_seed007,P0_ALL,H4,300,7,15,321.5464182909036
8Y_H4_N300_P3_ENERGY_seed007,P3_ENERGY,H4,300,7,1,17.68336471618307
8Y_H4_N300_P3_ENERGY_seed007,P3_ENERGY,H4,300,7,2,789.2067321026209
8Y_H4_N300_P3_ENERGY_seed007,P3_ENERGY,H4,300,7,3,2073.1746044574274
8Y_H4_N300_P3_ENERGY_seed007,P3_ENERGY,H4,300,7,4,57.969791031353
8Y_H4_N300_P3_ENERGY_seed007,P3_ENERGY,H4,300,7,5,372.1465055207268
8Y_H4_N300_P3_ENERGY_seed007,P3_ENERGY,H4,300,7,6,2531.8181355172123
8Y_H4_N300_P3_ENERGY_seed007,P3_ENERGY,H4,300,7,7,1977.908171733884
8Y_H4_N300_P3_ENERGY_seed007,P3_ENERGY,H4,300,7,8,690.1101911711676
8Y_H4_N300_P3_ENERGY_seed007,P3_ENERGY,H4,300,7,9,906.139447135125
8Y_H4_N300_P3_ENERGY_seed007,P3_ENERGY,H4,300,7,10,451.03373500506314
8Y_H4_N300_P4_RESERVE_seed007,P4_RESERVE,H4,300,7,1,17.68336471618307
8Y_H4_N300_P4_RESERVE_seed007,P4_RESERVE,H4,300,7,2,1696.0053735020995
8Y_H4_N300_P4_RESERVE_seed007,P4_RESERVE,H4,300,7,3,2859.7030351433846
8Y_H4_N300_P4_RESERVE_seed007,P4_RESERVE,H4,300,7,4,57.96979103135254
8Y_H4_N300_P4_RESERVE_seed007,P4_RESERVE,H4,300,7,5,372.14650552072726
8Y_H4_N300_P4_RESERVE_seed007,P4_RESERVE,H4,300,7,6,2608.025630067279
8Y_H4_N300_P4_RESERVE_seed007,P4_RESERVE,H4,300,7,7,1633.3090769866885
8Y_H4_N300_POW_seed008,POW,H4,300,8,1,184.59687459718688
8Y_H4_N300_POW_seed008,POW,H4,300,8,2,2007.237265073601
8Y_H4_N300_POW_seed008,POW,H4,300,8,3,574.1156077519004
8Y_H4_N300_POW_seed008,POW,H4,300,8,4,584.3907572499802
8Y_H4_N300_POW_seed008,POW,H4,300,8,5,576.7424492671662
8Y_H4_N300_POW_seed008,POW,H4,300,8,6,226.27969624530851
8Y_H4_N300_POW_seed008,POW,H4,300,8,7,1.1475292280038047
8Y_H4_N300_POW_seed008,POW,H4,300,8,8,138.08514411021315
8Y_H4_N300_POW_seed008,POW,H4,300,8,9,382.95138029886675
8Y_H4_N300_POW_seed008,POW,H4,300,8,10,601.6525775745349
8Y_H4_N300_POW_seed008,POW,H4,300,8,11,262.39533416824906
8Y_H4_N300_POW_seed008,POW,H4,300,8,12,14.26638134381028
8Y_H4_N300_POW_seed008,POW,H4,300,8,13,50.6947292676532
8Y_H4_N300_POW_seed008,POW,H4,300,8,14,29.179051055613854
8Y_H4_N300_POW_seed008,POW,H4,300,8,15,109.09971087434678
8Y_H4_N300_POW_seed008,POW,H4,300,8,16,825.0002711927928
8Y_H4_N300_POW_seed008,POW,H4,300,8,17,985.8799393880918
8Y_H4_N300_POW_seed008,POW,H4,300,8,18,14.432991115169898
8Y_H4_N300_POW_seed008,POW,H4,300,8,19,1523.8897576666977
8Y_H4_N300_POW_seed008,POW,H4,300,8,20,102.92256670951792
8Y_H4_N300_POW_seed008,POW,H4,300,8,21,587.5070264465339
8Y_H4_N300_P0_ALL_seed008,P0_ALL,H4,300,8,1,184.59687459718688
8Y_H4_N300_P0_ALL_seed008,P0_ALL,H4,300,8,2,2013.823695533411
8Y_H4_N300_P0_ALL_seed008,P0_ALL,H4,300,8,3,574.1156077519004
8Y_H4_N300_P0_ALL_seed008,P0_ALL,H4,300,8,4,584.3907572499802
8Y_H4_N300_P0_ALL_seed008,P0_ALL,H4,300,8,5,576.7424492671662
8Y_H4_N300_P0_ALL_seed008,P0_ALL,H4,300,8,6,226.27969624530851
8Y_H4_N300_P0_ALL_seed008,P0_ALL,H4,300,8,7,1.1475292280038047
8Y_H4_N300_P0_ALL_seed008,P0_ALL,H4,300,8,8,138.08514411021315
8Y_H4_N300_P0_ALL_seed008,P0_ALL,H4,300,8,9,382.95138029886675
8Y_H4_N300_P0_ALL_seed008,P0_ALL,H4,300,8,10,608.5970282300677
8Y_H4_N300_P0_ALL_seed008,P0_ALL,H4,300,8,11,262.39533416824906
8Y_H4_N300_P0_ALL_seed008,P0_ALL,H4,300,8,12,14.26638134381028
8Y_H4_N300_P0_ALL_seed008,P0_ALL,H4,300,8,13,50.6947292676532
8Y_H4_N300_P0_ALL_seed008,P0_ALL,H4,300,8,14,29.179051055613854
8Y_H4_N300_P0_ALL_seed008,P0_ALL,H4,300,8,15,109.09971087434678
8Y_H4_N300_P0_ALL_seed008,P0_ALL,H4,300,8,16,827.9617085798209
8Y_H4_N300_P0_ALL_seed008,P0_ALL,H4,300,8,17,989.4160643972118
8Y_H4_N300_P0_ALL_seed008,P0_ALL,H4,300,8,18,14.432991115169898
8Y_H4_N300_P0_ALL_seed008,P0_ALL,H4,300,8,19,1528.7690640607198
8Y_H4_N300_P0_ALL_seed008,P0_ALL,H4,300,8,20,102.92256670951792
8Y_H4_N300_P0_ALL_seed008,P0_ALL,H4,300,8,21,587.5070264465339
8Y_H4_N300_P3_ENERGY_seed008,P3_ENERGY,H4,300,8,1,2748.3459784409442
8Y_H4_N300_P3_ENERGY_seed008,P3_ENERGY,H4,300,8,2,574.8727009569411
8Y_H4_N300_P3_ENERGY_seed008,P3_ENERGY,H4,300,8,3,1179.446956666835
8Y_H4_N300_P3_ENERGY_seed008,P3_ENERGY,H4,300,8,4,602.320686568205
8Y_H4_N300_P3_ENERGY_seed008,P3_ENERGY,H4,300,8,5,138.26487628952964
8Y_H4_N300_P3_ENERGY_seed008,P3_ENERGY,H4,300,8,6,383.30812869399597
8Y_H4_N300_P3_ENERGY_seed008,P3_ENERGY,H4,300,8,7,603.8779410498164
8Y_H4_N300_P3_ENERGY_seed008,P3_ENERGY,H4,300,8,8,617.2564501009583
8Y_H4_N300_P3_ENERGY_seed008,P3_ENERGY,H4,300,8,9,50.78375421945657
8Y_H4_N300_P3_ENERGY_seed008,P3_ENERGY,H4,300,8,10,29.701141217136865
8Y_H4_N300_P3_ENERGY_seed008,P3_ENERGY,H4,300,8,11,109.09971087434769
8Y_H4_N300_P3_ENERGY_seed008,P3_ENERGY,H4,300,8,12,1428.2965843316542
8Y_H4_N300_P3_ENERGY_seed008,P3_ENERGY,H4,300,8,13,617.0465304970694
8Y_H4_N300_P4_RESERVE_seed008,P4_RESERVE,H4,300,8,1,794.5968745971869
8Y_H4_N300_P4_RESERVE_seed008,P4_RESERVE,H4,300,8,2,2920.382308953205
8Y_H4_N300_P4_RESERVE_seed008,P4_RESERVE,H4,300,8,3,574.1156077518999
8Y_H4_N300_P4_RESERVE_seed008,P4_RESERVE,H4,300,8,4,893.9977399401432
8Y_H4_N300_P4_RESERVE_seed008,P4_RESERVE,H4,300,8,5,576.7424492671662
8Y_H4_N300_P4_RESERVE_seed008,P4_RESERVE,H4,300,8,6,1510.4765807139802
8Y_H4_N300_P4_RESERVE_seed008,P4_RESERVE,H4,300,8,7,138.83981461599706
8Y_H4_N300_P4_RESERVE_seed008,P4_RESERVE,H4,300,8,8,383.41438719797134
8Y_H4_N300_P4_RESERVE_seed008,P4_RESERVE,H4,300,8,9,1511.6451371491985
8Y_H4_N300_P4_RESERVE_seed008,P4_RESERVE,H4,300,8,10,536.6673470172736
8Y_H4_N300_POW_seed009,POW,H4,300,9,1,908.7697217723023
8Y_H4_N300_POW_seed009,POW,H4,300,9,2,598.4328947752151
8Y_H4_N300_POW_seed009,POW,H4,300,9,3,162.80110526163753
8Y_H4_N300_POW_seed009,POW,H4,300,9,4,97.48256864563086
8Y_H4_N300_POW_seed009,POW,H4,300,9,5,1205.8323736750544
8Y_H4_N300_POW_seed009,POW,H4,300,9,6,805.4716467409353
8Y_H4_N300_POW_seed009,POW,H4,300,9,7,6.651476978064238
8Y_H4_N300_POW_seed009,POW,H4,300,9,8,833.8973265404024
8Y_H4_N300_POW_seed009,POW,H4,300,9,9,1231.7509163200139
8Y_H4_N300_POW_seed009,POW,H4,300,9,10,315.64915878644297
8Y_H4_N300_POW_seed009,POW,H4,300,9,11,1270.1769348588723
8Y_H4_N300_POW_seed009,POW,H4,300,9,12,37.46234944404023
8Y_H4_N300_POW_seed009,POW,H4,300,9,13,51.894429977875916
8Y_H4_N300_POW_seed009,POW,H4,300,9,14,705.3005421458438
8Y_H4_N300_POW_seed009,POW,H4,300,9,15,121.87549350008157
8Y_H4_N300_POW_seed009,POW,H4,300,9,16,358.045663964489
8Y_H4_N300_P0_ALL_seed009,P0_ALL,H4,300,9,1,910.0738645512944
8Y_H4_N300_P0_ALL_seed009,P0_ALL,H4,300,9,2,598.432894775215
8Y_H4_N300_P0_ALL_seed009,P0_ALL,H4,300,9,3,162.80110526163753
8Y_H4_N300_P0_ALL_seed009,P0_ALL,H4,300,9,4,97.48256864563086
8Y_H4_N300_P0_ALL_seed009,P0_ALL,H4,300,9,5,1210.2907301918838
8Y_H4_N300_P0_ALL_seed009,P0_ALL,H4,300,9,6,808.6871109162207
8Y_H4_N300_P0_ALL_seed009,P0_ALL,H4,300,9,7,6.651476978064238
8Y_H4_N300_P0_ALL_seed009,P0_ALL,H4,300,9,8,837.3306991188178
8Y_H4_N300_P0_ALL_seed009,P0_ALL,H4,300,9,9,1236.9157950526105
8Y_H4_N300_P0_ALL_seed009,P0_ALL,H4,300,9,10,315.64915878644297
8Y_H4_N300_P0_ALL_seed009,P0_ALL,H4,300,9,11,1274.819008682769
8Y_H4_N300_P0_ALL_seed009,P0_ALL,H4,300,9,12,37.46234944404023
8Y_H4_N300_P0_ALL_seed009,P0_ALL,H4,300,9,13,51.894429977875916
8Y_H4_N300_P0_ALL_seed009,P0_ALL,H4,300,9,14,707.220188716662
8Y_H4_N300_P0_ALL_seed009,P0_ALL,H4,300,9,15,121.87549350008157
8Y_H4_N300_P0_ALL_seed009,P0_ALL,H4,300,9,16,358.045663964489
8Y_H4_N300_P3_ENERGY_seed009,P3_ENERGY,H4,300,9,1,910.0738645512944
8Y_H4_N300_P3_ENERGY_seed009,P3_ENERGY,H4,300,9,2,598.432894775215
8Y_H4_N300_P3_ENERGY_seed009,P3_ENERGY,H4,300,9,3,162.80110526163753
8Y_H4_N300_P3_ENERGY_seed009,P3_ENERGY,H4,300,9,4,291.7120261931441
8Y_H4_N300_P3_ENERGY_seed009,P3_ENERGY,H4,300,9,5,3018.9770928089265
8Y_H4_N300_P3_ENERGY_seed009,P3_ENERGY,H4,300,9,6,4889.724475693365
8Y_H4_N300_P3_ENERGY_seed009,P3_ENERGY,H4,300,9,7,38.30783327943391
8Y_H4_N300_P3_ENERGY_seed009,P3_ENERGY,H4,300,9,8,50.764092374454776
8Y_H4_N300_P4_RESERVE_seed009,P4_RESERVE,H4,300,9,1,1820.0738645512893
8Y_H4_N300_P4_RESERVE_seed009,P4_RESERVE,H4,300,9,2,598.4328947752151
8Y_H4_N300_P4_RESERVE_seed009,P4_RESERVE,H4,300,9,3,162.80110526163753
8Y_H4_N300_P4_RESERVE_seed009,P4_RESERVE,H4,300,9,4,291.7120261931441
8Y_H4_N300_P4_RESERVE_seed009,P4_RESERVE,H4,300,9,5,727.2443069669457
8Y_H4_N300_P4_RESERVE_seed009,P4_RESERVE,H4,300,9,6,407.22697935048745
8Y_H4_N300_P4_RESERVE_seed009,P4_RESERVE,H4,300,9,7,1998.3043695078259
8Y_H4_N300_P4_RESERVE_seed009,P4_RESERVE,H4,300,9,8,1074.573572335883
8Y_H4_N300_P4_RESERVE_seed009,P4_RESERVE,H4,300,9,9,7.779112905604052
8Y_H4_N300_P4_RESERVE_seed009,P4_RESERVE,H4,300,9,10,1714.7735048748018
8Y_H4_N300_P4_RESERVE_seed009,P4_RESERVE,H4,300,9,11,915.6548306712666
8Y_H4_N300_POW_seed010,POW,H4,300,10,1,203.13082920560666
8Y_H4_N300_POW_seed010,POW,H4,300,10,2,14.186609562095754
8Y_H4_N300_POW_seed010,POW,H4,300,10,3,125.75549027103807
8Y_H4_N300_POW_seed010,POW,H4,300,10,4,708.2165636802067
8Y_H4_N300_POW_seed010,POW,H4,300,10,5,131.64554328555096
8Y_H4_N300_POW_seed010,POW,H4,300,10,6,61.888500495266726
8Y_H4_N300_POW_seed010,POW,H4,300,10,7,469.32877634566876
8Y_H4_N300_POW_seed010,POW,H4,300,10,8,213.72371596377843
8Y_H4_N300_POW_seed010,POW,H4,300,10,9,619.4750015854188
8Y_H4_N300_POW_seed010,POW,H4,300,10,10,1058.961677466686
8Y_H4_N300_POW_seed010,POW,H4,300,10,11,86.48778621290194
8Y_H4_N300_POW_seed010,POW,H4,300,10,12,57.485413253510615
8Y_H4_N300_POW_seed010,POW,H4,300,10,13,207.33287341003688
8Y_H4_N300_POW_seed010,POW,H4,300,10,14,593.4844273595281
8Y_H4_N300_POW_seed010,POW,H4,300,10,15,22.10053554434853
8Y_H4_N300_POW_seed010,POW,H4,300,10,16,1115.840504461521
8Y_H4_N300_POW_seed010,POW,H4,300,10,17,59.20600747554363
8Y_H4_N300_POW_seed010,POW,H4,300,10,18,1097.762579380611
8Y_H4_N300_POW_seed010,POW,H4,300,10,19,599.5345423621784
8Y_H4_N300_POW_seed010,POW,H4,300,10,20,356.84159714625093
8Y_H4_N300_POW_seed010,POW,H4,300,10,21,551.3850253123228
8Y_H4_N300_POW_seed010,POW,H4,300,10,22,1387.2002316124053
8Y_H4_N300_P0_ALL_seed010,P0_ALL,H4,300,10,1,203.13082920560666
8Y_H4_N300_P0_ALL_seed010,P0_ALL,H4,300,10,2,14.186609562095754
8Y_H4_N300_P0_ALL_seed010,P0_ALL,H4,300,10,3,125.75549027103807
8Y_H4_N300_P0_ALL_seed010,P0_ALL,H4,300,10,4,711.2942519061571
8Y_H4_N300_P0_ALL_seed010,P0_ALL,H4,300,10,5,131.64554328555096
8Y_H4_N300_P0_ALL_seed010,P0_ALL,H4,300,10,6,61.888500495266726
8Y_H4_N300_P0_ALL_seed010,P0_ALL,H4,300,10,7,469.32877634566876
8Y_H4_N300_P0_ALL_seed010,P0_ALL,H4,300,10,8,213.7237159637782
8Y_H4_N300_P0_ALL_seed010,P0_ALL,H4,300,10,9,623.0347127784571
8Y_H4_N300_P0_ALL_seed010,P0_ALL,H4,300,10,10,1060.4846736810441
8Y_H4_N300_P0_ALL_seed010,P0_ALL,H4,300,10,11,86.48778621290194
8Y_H4_N300_P0_ALL_seed010,P0_ALL,H4,300,10,12,57.485413253510615
8Y_H4_N300_P0_ALL_seed010,P0_ALL,H4,300,10,13,207.33287341003688
8Y_H4_N300_P0_ALL_seed010,P0_ALL,H4,300,10,14,593.484427359529
8Y_H4_N300_P0_ALL_seed010,P0_ALL,H4,300,10,15,22.10053554434853
8Y_H4_N300_P0_ALL_seed010,P0_ALL,H4,300,10,16,1117.943725155943
8Y_H4_N300_P0_ALL_seed010,P0_ALL,H4,300,10,17,59.20600747554363
8Y_H4_N300_P0_ALL_seed010,P0_ALL,H4,300,10,18,1099.7898603314352
8Y_H4_N300_P0_ALL_seed010,P0_ALL,H4,300,10,19,599.5345423621784
8Y_H4_N300_P0_ALL_seed010,P0_ALL,H4,300,10,20,286.6915351593816
8Y_H4_N300_P0_ALL_seed010,P0_ALL,H4,300,10,21,1154.4373783505189
8Y_H4_N300_P0_ALL_seed010,P0_ALL,H4,300,10,22,789.0963875750804
8Y_H4_N300_P3_ENERGY_seed010,P3_ENERGY,H4,300,10,1,203.13082920560666
8Y_H4_N300_P3_ENERGY_seed010,P3_ENERGY,H4,300,10,2,14.186609562095754
8Y_H4_N300_P3_ENERGY_seed010,P3_ENERGY,H4,300,10,3,1312.9904199252878
8Y_H4_N300_P3_ENERGY_seed010,P3_ENERGY,H4,300,10,4,734.3771026215361
8Y_H4_N300_P3_ENERGY_seed010,P3_ENERGY,H4,300,10,5,3702.1620788658543
8Y_H4_N300_P3_ENERGY_seed010,P3_ENERGY,H4,300,10,6,57.546539718552594
8Y_H4_N300_P3_ENERGY_seed010,P3_ENERGY,H4,300,10,7,207.82609950894403
8Y_H4_N300_P3_ENERGY_seed010,P3_ENERGY,H4,300,10,8,594.4940090233285
8Y_H4_N300_P3_ENERGY_seed010,P3_ENERGY,H4,300,10,9,22.293604301587948
8Y_H4_N300_P3_ENERGY_seed010,P3_ENERGY,H4,300,10,10,1118.3189475661447
8Y_H4_N300_P3_ENERGY_seed010,P3_ENERGY,H4,300,10,11,185.48832088030122
8Y_H4_N300_P3_ENERGY_seed010,P3_ENERGY,H4,300,10,12,1099.3744620392963
8Y_H4_N300_P4_RESERVE_seed010,P4_RESERVE,H4,300,10,1,203.13082920560666
8Y_H4_N300_P4_RESERVE_seed010,P4_RESERVE,H4,300,10,2,14.186609562095754
8Y_H4_N300_P4_RESERVE_seed010,P4_RESERVE,H4,300,10,3,2220.9671578524285
8Y_H4_N300_P4_RESERVE_seed010,P4_RESERVE,H4,300,10,4,1643.0418553641052
8Y_H4_N300_P4_RESERVE_seed010,P4_RESERVE,H4,300,10,5,741.3501602908364
8Y_H4_N300_P4_RESERVE_seed010,P4_RESERVE,H4,300,10,6,370.5900336001614
8Y_H4_N300_P4_RESERVE_seed010,P4_RESERVE,H4,300,10,7,779.2111253379717
8Y_H4_N300_P4_RESERVE_seed010,P4_RESERVE,H4,300,10,8,1723.1342726750663
8Y_H4_N300_P4_RESERVE_seed010,P4_RESERVE,H4,300,10,9,1529.8155099534142
8Y_H4_N300_P4_RESERVE_seed010,P4_RESERVE,H4,300,10,10,57.3910535545765
8Y_H4_N300_P4_RESERVE_seed010,P4_RESERVE,H4,300,10,11,207.3346618207088
8Y_H4_N300_POW_seed011,POW,H4,300,11,1,175.76542990516782
8Y_H4_N300_POW_seed011,POW,H4,300,11,2,884.5329409710278
8Y_H4_N300_POW_seed011,POW,H4,300,11,3,31.354091401338565
8Y_H4_N300_POW_seed011,POW,H4,300,11,4,96.18664233056847
8Y_H4_N300_POW_seed011,POW,H4,300,11,5,92.79197787183557
8Y_H4_N300_POW_seed011,POW,H4,300,11,6,343.6942548760494
8Y_H4_N300_POW_seed011,POW,H4,300,11,7,43.11292672738114
8Y_H4_N300_POW_seed011,POW,H4,300,11,8,1236.6597967938528
8Y_H4_N300_POW_seed011,POW,H4,300,11,9,2156.5758566458317
8Y_H4_N300_POW_seed011,POW,H4,300,11,10,387.5083868933343
8Y_H4_N300_POW_seed011,POW,H4,300,11,11,370.50805703281276
8Y_H4_N300_POW_seed011,POW,H4,300,11,12,929.8014464996368
8Y_H4_N300_POW_seed011,POW,H4,300,11,13,4.342745064310293
8Y_H4_N300_POW_seed011,POW,H4,300,11,14,48.75357502259703
8Y_H4_N300_POW_seed011,POW,H4,300,11,15,399.64965252296497
8Y_H4_N300_POW_seed011,POW,H4,300,11,16,1.7114671046892909
8Y_H4_N300_POW_seed011,POW,H4,300,11,17,484.90602908492383
8Y_H4_N300_POW_seed011,POW,H4,300,11,18,2227.818934998367
8Y_H4_N300_P0_ALL_seed011,P0_ALL,H4,300,11,1,175.76542990516782
8Y_H4_N300_P0_ALL_seed011,P0_ALL,H4,300,11,2,887.0880676566649
8Y_H4_N300_P0_ALL_seed011,P0_ALL,H4,300,11,3,31.354091401338565
8Y_H4_N300_P0_ALL_seed011,P0_ALL,H4,300,11,4,96.18664233056847
8Y_H4_N300_P0_ALL_seed011,P0_ALL,H4,300,11,5,92.79197787183557
8Y_H4_N300_P0_ALL_seed011,P0_ALL,H4,300,11,6,343.6942548760494
8Y_H4_N300_P0_ALL_seed011,P0_ALL,H4,300,11,7,43.11292672738114
8Y_H4_N300_P0_ALL_seed011,P0_ALL,H4,300,11,8,1242.1383675192212
8Y_H4_N300_P0_ALL_seed011,P0_ALL,H4,300,11,9,2165.599688985279
8Y_H4_N300_P0_ALL_seed011,P0_ALL,H4,300,11,10,387.5083868933343
8Y_H4_N300_P0_ALL_seed011,P0_ALL,H4,300,11,11,370.50805703281276
8Y_H4_N300_P0_ALL_seed011,P0_ALL,H4,300,11,12,933.0216128486254
8Y_H4_N300_P0_ALL_seed011,P0_ALL,H4,300,11,13,4.342745064310293
8Y_H4_N300_P0_ALL_seed011,P0_ALL,H4,300,11,14,48.75357502259703
8Y_H4_N300_P0_ALL_seed011,P0_ALL,H4,300,11,15,399.64965252296497
8Y_H4_N300_P0_ALL_seed011,P0_ALL,H4,300,11,16,1.7114671046892909
8Y_H4_N300_P0_ALL_seed011,P0_ALL,H4,300,11,17,484.90602908492383
8Y_H4_N300_P0_ALL_seed011,P0_ALL,H4,300,11,18,2233.9475954777618
8Y_H4_N300_P3_ENERGY_seed011,P3_ENERGY,H4,300,11,1,175.76542990516782
8Y_H4_N300_P3_ENERGY_seed011,P3_ENERGY,H4,300,11,2,886.0769976872593
8Y_H4_N300_P3_ENERGY_seed011,P3_ENERGY,H4,300,11,3,31.354091401338565
8Y_H4_N300_P3_ENERGY_seed011,P3_ENERGY,H4,300,11,4,96.18664233056847
8Y_H4_N300_P3_ENERGY_seed011,P3_ENERGY,H4,300,11,5,92.79197787183557
8Y_H4_N300_P3_ENERGY_seed011,P3_ENERGY,H4,300,11,6,645.546578149489
8Y_H4_N300_P3_ENERGY_seed011,P3_ENERGY,H4,300,11,7,1240.8768485806145
8Y_H4_N300_P3_ENERGY_seed011,P3_ENERGY,H4,300,11,8,2162.914820629856
8Y_H4_N300_P3_ENERGY_seed011,P3_ENERGY,H4,300,11,9,972.1526809232746
8Y_H4_N300_P3_ENERGY_seed011,P3_ENERGY,H4,300,11,10,932.5835943672619
8Y_H4_N300_P3_ENERGY_seed011,P3_ENERGY,H4,300,11,11,651.447857109556
8Y_H4_N300_P3_ENERGY_seed011,P3_ENERGY,H4,300,11,12,603.6880353409597
8Y_H4_N300_P3_ENERGY_seed011,P3_ENERGY,H4,300,11,13,484.8597430215341
8Y_H4_N300_P4_RESERVE_seed011,P4_RESERVE,H4,300,11,1,175.76542990516782
8Y_H4_N300_P4_RESERVE_seed011,P4_RESERVE,H4,300,11,2,1793.879175903973
8Y_H4_N300_P4_RESERVE_seed011,P4_RESERVE,H4,300,11,3,31.354091401338565
8Y_H4_N300_P4_RESERVE_seed011,P4_RESERVE,H4,300,11,4,96.18664233056825
8Y_H4_N300_P4_RESERVE_seed011,P4_RESERVE,H4,300,11,5,92.79197787183557
8Y_H4_N300_P4_RESERVE_seed011,P4_RESERVE,H4,300,11,6,1553.414638484519
8Y_H4_N300_P4_RESERVE_seed011,P4_RESERVE,H4,300,11,7,2149.1225976413534
8Y_H4_N300_P4_RESERVE_seed011,P4_RESERVE,H4,300,11,8,955.9890042321522
8Y_H4_N300_P4_RESERVE_seed011,P4_RESERVE,H4,300,11,9,2265.4444246945386
8Y_H4_N300_POW_seed012,POW,H4,300,12,1,804.1516577889814
8Y_H4_N300_POW_seed012,POW,H4,300,12,2,275.718590981504
8Y_H4_N300_POW_seed012,POW,H4,300,12,3,716.8507169956986
8Y_H4_N300_POW_seed012,POW,H4,300,12,4,150.89056554761942
8Y_H4_N300_POW_seed012,POW,H4,300,12,5,3022.261723066318
8Y_H4_N300_POW_seed012,POW,H4,300,12,6,624.7866816324331
8Y_H4_N300_POW_seed012,POW,H4,300,12,7,462.7414901451966
8Y_H4_N300_POW_seed012,POW,H4,300,12,8,299.2168846026334
8Y_H4_N300_POW_seed012,POW,H4,300,12,9,2132.4026625679817
8Y_H4_N300_POW_seed012,POW,H4,300,12,10,32.611284998662086
8Y_H4_N300_POW_seed012,POW,H4,300,12,11,435.27791736967265
8Y_H4_N300_POW_seed012,POW,H4,300,12,12,129.88392409235712
8Y_H4_N300_P0_ALL_seed012,P0_ALL,H4,300,12,1,804.1749771821023
8Y_H4_N300_P0_ALL_seed012,P0_ALL,H4,300,12,2,275.7185909815039
8Y_H4_N300_P0_ALL_seed012,P0_ALL,H4,300,12,3,720.3344766625985
8Y_H4_N300_P0_ALL_seed012,P0_ALL,H4,300,12,4,150.89056554761942
8Y_H4_N300_P0_ALL_seed012,P0_ALL,H4,300,12,5,3032.9979360503735
8Y_H4_N300_P0_ALL_seed012,P0_ALL,H4,300,12,6,627.2007686539109
8Y_H4_N300_P0_ALL_seed012,P0_ALL,H4,300,12,7,462.7414901451966
8Y_H4_N300_P0_ALL_seed012,P0_ALL,H4,300,12,8,299.2168846026334
8Y_H4_N300_P0_ALL_seed012,P0_ALL,H4,300,12,9,2140.458998253239
8Y_H4_N300_P0_ALL_seed012,P0_ALL,H4,300,12,10,32.611284998662086
8Y_H4_N300_P0_ALL_seed012,P0_ALL,H4,300,12,11,435.27791736967265
8Y_H4_N300_P0_ALL_seed012,P0_ALL,H4,300,12,12,129.88392409235712
8Y_H4_N300_P3_ENERGY_seed012,P3_ENERGY,H4,300,12,1,1083.7372955593705
8Y_H4_N300_P3_ENERGY_seed012,P3_ENERGY,H4,300,12,2,275.7185909815039
8Y_H4_N300_P3_ENERGY_seed012,P3_ENERGY,H4,300,12,3,720.3344766625987
8Y_H4_N300_P3_ENERGY_seed012,P3_ENERGY,H4,300,12,4,150.89056554761964
8Y_H4_N300_P3_ENERGY_seed012,P3_ENERGY,H4,300,12,5,4240.1637534482015
8Y_H4_N300_P3_ENERGY_seed012,P3_ENERGY,H4,300,12,6,463.0494046342692
8Y_H4_N300_P3_ENERGY_seed012,P3_ENERGY,H4,300,12,7,2743.3167763358188
8Y_H4_N300_P3_ENERGY_seed012,P3_ENERGY,H4,300,12,8,32.243379202192955
8Y_H4_N300_P4_RESERVE_seed012,P4_RESERVE,H4,300,12,1,1714.174977182097
8Y_H4_N300_P4_RESERVE_seed012,P4_RESERVE,H4,300,12,2,275.7185909815041
8Y_H4_N300_P4_RESERVE_seed012,P4_RESERVE,H4,300,12,3,1628.2540297891633
8Y_H4_N300_P4_RESERVE_seed012,P4_RESERVE,H4,300,12,4,150.89056554761964
8Y_H4_N300_P4_RESERVE_seed012,P4_RESERVE,H4,300,12,5,5146.612016611302
8Y_H4_N300_P4_RESERVE_seed012,P4_RESERVE,H4,300,12,6,463.0494046342683
8Y_H4_N300_POW_seed013,POW,H4,300,13,1,651.2478665628233
8Y_H4_N300_POW_seed013,POW,H4,300,13,2,2077.0711666570483
8Y_H4_N300_POW_seed013,POW,H4,300,13,3,183.71218589754744
8Y_H4_N300_POW_seed013,POW,H4,300,13,4,865.8355882831361
8Y_H4_N300_POW_seed013,POW,H4,300,13,5,217.50527291863045
8Y_H4_N300_POW_seed013,POW,H4,300,13,6,547.779594540767
8Y_H4_N300_POW_seed013,POW,H4,300,13,7,823.238353845295
8Y_H4_N300_POW_seed013,POW,H4,300,13,8,30.42288710025423
8Y_H4_N300_POW_seed013,POW,H4,300,13,9,287.47103021301973
8Y_H4_N300_POW_seed013,POW,H4,300,13,10,106.57685646074606
8Y_H4_N300_POW_seed013,POW,H4,300,13,11,27.49171572674095
8Y_H4_N300_POW_seed013,POW,H4,300,13,12,339.7271843974331
8Y_H4_N300_POW_seed013,POW,H4,300,13,13,1607.5313984621544
8Y_H4_N300_POW_seed013,POW,H4,300,13,14,65.84970064023128
8Y_H4_N300_POW_seed013,POW,H4,300,13,15,241.07626069864455
8Y_H4_N300_POW_seed013,POW,H4,300,13,16,746.7382417508943
8Y_H4_N300_POW_seed013,POW,H4,300,13,17,920.6369535035919
8Y_H4_N300_P0_ALL_seed013,P0_ALL,H4,300,13,1,651.7877927627341
8Y_H4_N300_P0_ALL_seed013,P0_ALL,H4,300,13,2,2082.8898619488436
8Y_H4_N300_P0_ALL_seed013,P0_ALL,H4,300,13,3,183.71218589754744
8Y_H4_N300_P0_ALL_seed013,P0_ALL,H4,300,13,4,866.9854821730551
8Y_H4_N300_P0_ALL_seed013,P0_ALL,H4,300,13,5,217.50527291863045
8Y_H4_N300_P0_ALL_seed013,P0_ALL,H4,300,13,6,547.779594540767
8Y_H4_N300_P0_ALL_seed013,P0_ALL,H4,300,13,7,824.8658865556736
8Y_H4_N300_P0_ALL_seed013,P0_ALL,H4,300,13,8,30.42288710025423
8Y_H4_N300_P0_ALL_seed013,P0_ALL,H4,300,13,9,287.47103021301973
8Y_H4_N300_P0_ALL_seed013,P0_ALL,H4,300,13,10,106.57685646074606
8Y_H4_N300_P0_ALL_seed013,P0_ALL,H4,300,13,11,27.49171572674095
8Y_H4_N300_P0_ALL_seed013,P0_ALL,H4,300,13,12,339.7271843974331
8Y_H4_N300_P0_ALL_seed013,P0_ALL,H4,300,13,13,1611.7410067534029
8Y_H4_N300_P0_ALL_seed013,P0_ALL,H4,300,13,14,65.84970064023128
8Y_H4_N300_P0_ALL_seed013,P0_ALL,H4,300,13,15,241.07626069864455
8Y_H4_N300_P0_ALL_seed013,P0_ALL,H4,300,13,16,749.6570999205824
8Y_H4_N300_P0_ALL_seed013,P0_ALL,H4,300,13,17,923.453039455735
8Y_H4_N300_P3_ENERGY_seed013,P3_ENERGY,H4,300,13,1,1018.8904638075378
8Y_H4_N300_P3_ENERGY_seed013,P3_ENERGY,H4,300,13,2,2180.105275264138
8Y_H4_N300_P3_ENERGY_seed013,P3_ENERGY,H4,300,13,3,183.71218589754744
8Y_H4_N300_P3_ENERGY_seed013,P3_ENERGY,H4,300,13,4,866.9854821730551
8Y_H4_N300_P3_ENERGY_seed013,P3_ENERGY,H4,300,13,5,540.5432234995878
8Y_H4_N300_P3_ENERGY_seed013,P3_ENERGY,H4,300,13,6,547.779594540767
8Y_H4_N300_P3_ENERGY_seed013,P3_ENERGY,H4,300,13,7,824.4785415875449
8Y_H4_N300_P3_ENERGY_seed013,P3_ENERGY,H4,300,13,8,30.42288710025423
8Y_H4_N300_P3_ENERGY_seed013,P3_ENERGY,H4,300,13,9,287.47103021301973
8Y_H4_N300_P3_ENERGY_seed013,P3_ENERGY,H4,300,13,10,106.57685646074606
8Y_H4_N300_P3_ENERGY_seed013,P3_ENERGY,H4,300,13,11,590.3538224242266
8Y_H4_N300_P3_ENERGY_seed013,P3_ENERGY,H4,300,13,12,339.7271843974331
8Y_H4_N300_P3_ENERGY_seed013,P3_ENERGY,H4,300,13,13,1616.4220093284575
8Y_H4_N300_P3_ENERGY_seed013,P3_ENERGY,H4,300,13,14,65.84970064023037
8Y_H4_N300_P3_ENERGY_seed013,P3_ENERGY,H4,300,13,15,241.07626069864455
8Y_H4_N300_P4_RESERVE_seed013,P4_RESERVE,H4,300,13,1,1561.787792762729
8Y_H4_N300_P4_RESERVE_seed013,P4_RESERVE,H4,300,13,2,2991.0143916155985
8Y_H4_N300_P4_RESERVE_seed013,P4_RESERVE,H4,300,13,3,183.7121858975479
8Y_H4_N300_P4_RESERVE_seed013,P4_RESERVE,H4,300,13,4,603.100514474645
8Y_H4_N300_P4_RESERVE_seed013,P4_RESERVE,H4,300,13,5,265.02713927871537
8Y_H4_N300_P4_RESERVE_seed013,P4_RESERVE,H4,300,13,6,540.5181539322866
8Y_H4_N300_P4_RESERVE_seed013,P4_RESERVE,H4,300,13,7,547.5254371269502
8Y_H4_N300_P4_RESERVE_seed013,P4_RESERVE,H4,300,13,8,527.0195379061515
8Y_H4_N300_P4_RESERVE_seed013,P4_RESERVE,H4,300,13,9,222.21866963885532
8Y_H4_N300_P4_RESERVE_seed013,P4_RESERVE,H4,300,13,10,29.558829787157265
8Y_H4_N300_P4_RESERVE_seed013,P4_RESERVE,H4,300,13,11,287.68788468736784
8Y_H4_N300_P4_RESERVE_seed013,P4_RESERVE,H4,300,13,12,106.48155634588147
8Y_H4_N300_P4_RESERVE_seed013,P4_RESERVE,H4,300,13,13,590.6061198343104
8Y_H4_N300_P4_RESERVE_seed013,P4_RESERVE,H4,300,13,14,339.87198099827583
8Y_H4_N300_POW_seed014,POW,H4,300,14,1,653.1256792303686
8Y_H4_N300_POW_seed014,POW,H4,300,14,2,180.442513229871
8Y_H4_N300_POW_seed014,POW,H4,300,14,3,306.21807996631594
8Y_H4_N300_POW_seed014,POW,H4,300,14,4,493.1528206909172
8Y_H4_N300_POW_seed014,POW,H4,300,14,5,430.12415949288766
8Y_H4_N300_POW_seed014,POW,H4,300,14,6,187.93857772083174
8Y_H4_N300_POW_seed014,POW,H4,300,14,7,172.49494755051546
8Y_H4_N300_POW_seed014,POW,H4,300,14,8,100.2652837230471
8Y_H4_N300_POW_seed014,POW,H4,300,14,9,1327.3949239881372
8Y_H4_N300_POW_seed014,POW,H4,300,14,10,788.6178445010046
8Y_H4_N300_POW_seed014,POW,H4,300,14,11,83.4050776086433
8Y_H4_N300_POW_seed014,POW,H4,300,14,12,113.94599122251657
8Y_H4_N300_POW_seed014,POW,H4,300,14,13,915.1532570475929
8Y_H4_N300_POW_seed014,POW,H4,300,14,14,627.8963275709793
8Y_H4_N300_POW_seed014,POW,H4,300,14,15,298.02423146993624
8Y_H4_N300_POW_seed014,POW,H4,300,14,16,720.933719836622
8Y_H4_N300_POW_seed014,POW,H4,300,14,17,431.3128318802537
8Y_H4_N300_POW_seed014,POW,H4,300,14,18,392.7449581951814
8Y_H4_N300_POW_seed014,POW,H4,300,14,19,60.80699872951482
8Y_H4_N300_POW_seed014,POW,H4,300,14,20,1099.2202363633642
8Y_H4_N300_P0_ALL_seed014,P0_ALL,H4,300,14,1,653.7058218037605
8Y_H4_N300_P0_ALL_seed014,P0_ALL,H4,300,14,2,180.442513229871
8Y_H4_N300_P0_ALL_seed014,P0_ALL,H4,300,14,3,306.21807996631617
8Y_H4_N300_P0_ALL_seed014,P0_ALL,H4,300,14,4,493.1528206909172
8Y_H4_N300_P0_ALL_seed014,P0_ALL,H4,300,14,5,430.12415949288766
8Y_H4_N300_P0_ALL_seed014,P0_ALL,H4,300,14,6,187.93857772083174
8Y_H4_N300_P0_ALL_seed014,P0_ALL,H4,300,14,7,172.49494755051546
8Y_H4_N300_P0_ALL_seed014,P0_ALL,H4,300,14,8,100.2652837230471
8Y_H4_N300_P0_ALL_seed014,P0_ALL,H4,300,14,9,1332.7262096850563
8Y_H4_N300_P0_ALL_seed014,P0_ALL,H4,300,14,10,792.6372846662844
8Y_H4_N300_P0_ALL_seed014,P0_ALL,H4,300,14,11,83.4050776086433
8Y_H4_N300_P0_ALL_seed014,P0_ALL,H4,300,14,12,113.94599122251657
8Y_H4_N300_P0_ALL_seed014,P0_ALL,H4,300,14,13,917.0849183237842
8Y_H4_N300_P0_ALL_seed014,P0_ALL,H4,300,14,14,629.9374080914031
8Y_H4_N300_P0_ALL_seed014,P0_ALL,H4,300,14,15,298.02423146993624
8Y_H4_N300_P0_ALL_seed014,P0_ALL,H4,300,14,16,723.4841997037001
8Y_H4_N300_P0_ALL_seed014,P0_ALL,H4,300,14,17,431.3128318802537
8Y_H4_N300_P0_ALL_seed014,P0_ALL,H4,300,14,18,392.74495819518233
8Y_H4_N300_P0_ALL_seed014,P0_ALL,H4,300,14,19,60.80699872951482
8Y_H4_N300_P0_ALL_seed014,P0_ALL,H4,300,14,20,1101.190008065436
8Y_H4_N300_P3_ENERGY_seed014,P3_ENERGY,H4,300,14,1,653.7058218037605
8Y_H4_N300_P3_ENERGY_seed014,P3_ENERGY,H4,300,14,2,180.442513229871
8Y_H4_N300_P3_ENERGY_seed014,P3_ENERGY,H4,300,14,3,306.21807996631617
8Y_H4_N300_P3_ENERGY_seed014,P3_ENERGY,H4,300,14,4,493.1528206909172
8Y_H4_N300_P3_ENERGY_seed014,P3_ENERGY,H4,300,14,5,430.12415949288766
8Y_H4_N300_P3_ENERGY_seed014,P3_ENERGY,H4,300,14,6,774.9769572475384
8Y_H4_N300_P3_ENERGY_seed014,P3_ENERGY,H4,300,14,7,99.86394234905129
8Y_H4_N300_P3_ENERGY_seed014,P3_ENERGY,H4,300,14,8,1331.5873013100877
8Y_H4_N300_P3_ENERGY_seed014,P3_ENERGY,H4,300,14,9,790.8110216461237
8Y_H4_N300_P3_ENERGY_seed014,P3_ENERGY,H4,300,14,10,82.7966568913871
8Y_H4_N300_P3_ENERGY_seed014,P3_ENERGY,H4,300,14,11,279.03561883350267
8Y_H4_N300_P3_ENERGY_seed014,P3_ENERGY,H4,300,14,12,2705.5470689646963
8Y_H4_N300_P3_ENERGY_seed014,P3_ENERGY,H4,300,14,13,891.2476863854235
8Y_H4_N300_P3_ENERGY_seed014,P3_ENERGY,H4,300,14,14,431.60339398256474
8Y_H4_N300_P4_RESERVE_seed014,P4_RESERVE,H4,300,14,1,1563.7058218037553
8Y_H4_N300_P4_RESERVE_seed014,P4_RESERVE,H4,300,14,2,180.44251322987088
8Y_H4_N300_P4_RESERVE_seed014,P4_RESERVE,H4,300,14,3,306.21807996631605
8Y_H4_N300_P4_RESERVE_seed014,P4_RESERVE,H4,300,14,4,493.15282069091745
8Y_H4_N300_P4_RESERVE_seed014,P4_RESERVE,H4,300,14,5,430.12415949288743
8Y_H4_N300_P4_RESERVE_seed014,P4_RESERVE,H4,300,14,6,1682.5676774924386
8Y_H4_N300_P4_RESERVE_seed014,P4_RESERVE,H4,300,14,7,99.86394234905129
8Y_H4_N300_P4_RESERVE_seed014,P4_RESERVE,H4,300,14,8,497.6405265165622
8Y_H4_N300_P4_RESERVE_seed014,P4_RESERVE,H4,300,14,9,1638.3608630128365
8Y_H4_N300_P4_RESERVE_seed014,P4_RESERVE,H4,300,14,10,1171.4795318180322
8Y_H4_N300_P4_RESERVE_seed014,P4_RESERVE,H4,300,14,11,188.23419657365594
8Y_H4_N300_P4_RESERVE_seed014,P4_RESERVE,H4,300,14,12,82.40585435064713
8Y_H4_N300_P4_RESERVE_seed014,P4_RESERVE,H4,300,14,13,279.17211230317844
8Y_H4_N300_POW_seed015,POW,H4,300,15,1,39.931165350804086
8Y_H4_N300_POW_seed015,POW,H4,300,15,2,22.65195042891836
8Y_H4_N300_POW_seed015,POW,H4,300,15,3,71.87187857620617
8Y_H4_N300_POW_seed015,POW,H4,300,15,4,2598.1318263198827
8Y_H4_N300_POW_seed015,POW,H4,300,15,5,1561.547340218288
8Y_H4_N300_POW_seed015,POW,H4,300,15,6,285.181677478241
8Y_H4_N300_POW_seed015,POW,H4,300,15,7,675.5908288900537
8Y_H4_N300_POW_seed015,POW,H4,300,15,8,424.14619295808916
8Y_H4_N300_POW_seed015,POW,H4,300,15,9,792.9890797553171
8Y_H4_N300_POW_seed015,POW,H4,300,15,10,29.041590958242523
8Y_H4_N300_POW_seed015,POW,H4,300,15,11,445.58205111504867
8Y_H4_N300_POW_seed015,POW,H4,300,15,12,2408.1999253749045
8Y_H4_N300_P0_ALL_seed015,P0_ALL,H4,300,15,1,39.931165350804086
8Y_H4_N300_P0_ALL_seed015,P0_ALL,H4,300,15,2,22.65195042891836
8Y_H4_N300_P0_ALL_seed015,P0_ALL,H4,300,15,3,71.87187857620617
8Y_H4_N300_P0_ALL_seed015,P0_ALL,H4,300,15,4,2607.113638660655
8Y_H4_N300_P0_ALL_seed015,P0_ALL,H4,300,15,5,1566.3760379784208
8Y_H4_N300_P0_ALL_seed015,P0_ALL,H4,300,15,6,285.181677478241
8Y_H4_N300_P0_ALL_seed015,P0_ALL,H4,300,15,7,678.0579899433887
8Y_H4_N300_P0_ALL_seed015,P0_ALL,H4,300,15,8,424.14619295808916
8Y_H4_N300_P0_ALL_seed015,P0_ALL,H4,300,15,9,796.2134312805156
8Y_H4_N300_P0_ALL_seed015,P0_ALL,H4,300,15,10,29.041590958242523
8Y_H4_N300_P0_ALL_seed015,P0_ALL,H4,300,15,11,445.58205111504867
8Y_H4_N300_P0_ALL_seed015,P0_ALL,H4,300,15,12,2419.4431437434623
8Y_H4_N300_P3_ENERGY_seed015,P3_ENERGY,H4,300,15,1,39.931165350804086
8Y_H4_N300_P3_ENERGY_seed015,P3_ENERGY,H4,300,15,2,394.22867821828714
8Y_H4_N300_P3_ENERGY_seed015,P3_ENERGY,H4,300,15,3,71.87187857620614
8Y_H4_N300_P3_ENERGY_seed015,P3_ENERGY,H4,300,15,4,5102.957796474702
8Y_H4_N300_P3_ENERGY_seed015,P3_ENERGY,H4,300,15,5,1153.4914577848876
8Y_H4_N300_P3_ENERGY_seed015,P3_ENERGY,H4,300,15,6,424.14699068382834
8Y_H4_N300_P3_ENERGY_seed015,P3_ENERGY,H4,300,15,7,794.7345077045547
8Y_H4_N300_P3_ENERGY_seed015,P3_ENERGY,H4,300,15,8,1047.2643840671444
8Y_H4_N300_P4_RESERVE_seed015,P4_RESERVE,H4,300,15,1,39.931165350804086
8Y_H4_N300_P4_RESERVE_seed015,P4_RESERVE,H4,300,15,2,394.22867821828714
8Y_H4_N300_P4_RESERVE_seed015,P4_RESERVE,H4,300,15,3,71.87187857620614
8Y_H4_N300_P4_RESERVE_seed015,P4_RESERVE,H4,300,15,4,1110.2729903275724
8Y_H4_N300_P4_RESERVE_seed015,P4_RESERVE,H4,300,15,5,932.5236956374627
8Y_H4_N300_P4_RESERVE_seed015,P4_RESERVE,H4,300,15,6,3514.7568395401827
8Y_H4_N300_P4_RESERVE_seed015,P4_RESERVE,H4,300,15,7,1794.98160783802
8Y_H4_N300_P4_RESERVE_seed015,P4_RESERVE,H4,300,15,8,1871.468411077668
8Y_H4_N300_POW_seed016,POW,H4,300,16,1,92.71072927095977
8Y_H4_N300_POW_seed016,POW,H4,300,16,2,505.57994155211804
8Y_H4_N300_POW_seed016,POW,H4,300,16,3,1862.0296008039102
8Y_H4_N300_POW_seed016,POW,H4,300,16,4,43.14848333042801
8Y_H4_N300_POW_seed016,POW,H4,300,16,5,1742.677721648532
8Y_H4_N300_POW_seed016,POW,H4,300,16,6,166.37595581320147
8Y_H4_N300_POW_seed016,POW,H4,300,16,7,587.3575003380702
8Y_H4_N300_POW_seed016,POW,H4,300,16,8,53.668811410984745
8Y_H4_N300_POW_seed016,POW,H4,300,16,9,383.13782967602583
8Y_H4_N300_POW_seed016,POW,H4,300,16,10,612.3781389932565
8Y_H4_N300_POW_seed016,POW,H4,300,16,11,148.0743459565001
8Y_H4_N300_POW_seed016,POW,H4,300,16,12,285.56930609089795
8Y_H4_N300_POW_seed016,POW,H4,300,16,13,481.2803444565652
8Y_H4_N300_POW_seed016,POW,H4,300,16,14,951.8388819040283
8Y_H4_N300_POW_seed016,POW,H4,300,16,15,65.91952724814291
8Y_H4_N300_POW_seed016,POW,H4,300,16,16,138.73751998853822
8Y_H4_N300_POW_seed016,POW,H4,300,16,17,1551.0431866775325
8Y_H4_N300_P0_ALL_seed016,P0_ALL,H4,300,16,1,92.71072927095977
8Y_H4_N300_P0_ALL_seed016,P0_ALL,H4,300,16,2,505.57994155211804
8Y_H4_N300_P0_ALL_seed016,P0_ALL,H4,300,16,3,1871.608225896466
8Y_H4_N300_P0_ALL_seed016,P0_ALL,H4,300,16,4,43.14848333042801
8Y_H4_N300_P0_ALL_seed016,P0_ALL,H4,300,16,5,1747.7269488216639
8Y_H4_N300_P0_ALL_seed016,P0_ALL,H4,300,16,6,166.37595581320056
8Y_H4_N300_P0_ALL_seed016,P0_ALL,H4,300,16,7,587.3575003380702
8Y_H4_N300_P0_ALL_seed016,P0_ALL,H4,300,16,8,53.668811410984745
8Y_H4_N300_P0_ALL_seed016,P0_ALL,H4,300,16,9,383.13782967602583
8Y_H4_N300_P0_ALL_seed016,P0_ALL,H4,300,16,10,614.9634377738257
8Y_H4_N300_P0_ALL_seed016,P0_ALL,H4,300,16,11,148.0743459565001
8Y_H4_N300_P0_ALL_seed016,P0_ALL,H4,300,16,12,285.56930609089795
8Y_H4_N300_P0_ALL_seed016,P0_ALL,H4,300,16,13,481.2803444565652
8Y_H4_N300_P0_ALL_seed016,P0_ALL,H4,300,16,14,954.4629988402157
8Y_H4_N300_P0_ALL_seed016,P0_ALL,H4,300,16,15,65.91952724814291
8Y_H4_N300_P0_ALL_seed016,P0_ALL,H4,300,16,16,138.73751998853822
8Y_H4_N300_P0_ALL_seed016,P0_ALL,H4,300,16,17,1555.2858034474275
8Y_H4_N300_P3_ENERGY_seed016,P3_ENERGY,H4,300,16,1,92.71072927095977
8Y_H4_N300_P3_ENERGY_seed016,P3_ENERGY,H4,300,16,2,528.7186570971458
8Y_H4_N300_P3_ENERGY_seed016,P3_ENERGY,H4,300,16,3,1870.402723906121
8Y_H4_N300_P3_ENERGY_seed016,P3_ENERGY,H4,300,16,4,43.14848333042801
8Y_H4_N300_P3_ENERGY_seed016,P3_ENERGY,H4,300,16,5,4831.6068158786165
8Y_H4_N300_P3_ENERGY_seed016,P3_ENERGY,H4,300,16,6,1686.0723379938536
8Y_H4_N300_P4_RESERVE_seed016,P4_RESERVE,H4,300,16,1,92.71072927095977
8Y_H4_N300_P4_RESERVE_seed016,P4_RESERVE,H4,300,16,2,528.7186570971458
8Y_H4_N300_P4_RESERVE_seed016,P4_RESERVE,H4,300,16,3,816.9996861725785
8Y_H4_N300_P4_RESERVE_seed016,P4_RESERVE,H4,300,16,4,2016.5423789167467
8Y_H4_N300_P4_RESERVE_seed016,P4_RESERVE,H4,300,16,5,62.3634058596831
8Y_H4_N300_P4_RESERVE_seed016,P4_RESERVE,H4,300,16,6,43.58507245286273
8Y_H4_N300_P4_RESERVE_seed016,P4_RESERVE,H4,300,16,7,2691.9794788258064
8Y_H4_N300_P4_RESERVE_seed016,P4_RESERVE,H4,300,16,8,885.5847979126984
8Y_H4_N300_P4_RESERVE_seed016,P4_RESERVE,H4,300,16,9,2279.111988865883
8Y_H4_N300_POW_seed017,POW,H4,300,17,1,869.6327689713795
8Y_H4_N300_POW_seed017,POW,H4,300,17,2,44.87769411595934
8Y_H4_N300_POW_seed017,POW,H4,300,17,3,1414.6117240876747
8Y_H4_N300_POW_seed017,POW,H4,300,17,4,395.2990995579148
8Y_H4_N300_POW_seed017,POW,H4,300,17,5,66.39615205523933
8Y_H4_N300_POW_seed017,POW,H4,300,17,6,706.3414785640284
8Y_H4_N300_POW_seed017,POW,H4,300,17,7,819.9277750168267
8Y_H4_N300_POW_seed017,POW,H4,300,17,8,497.27913495067423
8Y_H4_N300_POW_seed017,POW,H4,300,17,9,104.02846963882348
8Y_H4_N300_POW_seed017,POW,H4,300,17,10,684.6871390929873
8Y_H4_N300_POW_seed017,POW,H4,300,17,11,561.3472877665426
8Y_H4_N300_POW_seed017,POW,H4,300,17,12,130.61053292103043
8Y_H4_N300_POW_seed017,POW,H4,300,17,13,107.42299827152783
8Y_H4_N300_POW_seed017,POW,H4,300,17,14,426.2866962989701
8Y_H4_N300_POW_seed017,POW,H4,300,17,15,474.6116978664777
8Y_H4_N300_POW_seed017,POW,H4,300,17,16,72.03189509974163
8Y_H4_N300_POW_seed017,POW,H4,300,17,17,306.76872234243274
8Y_H4_N300_POW_seed017,POW,H4,300,17,18,7.290705296265514
8Y_H4_N300_POW_seed017,POW,H4,300,17,19,248.86282989644224
8Y_H4_N300_POW_seed017,POW,H4,300,17,20,379.2983893671644
8Y_H4_N300_POW_seed017,POW,H4,300,17,21,457.86403770435754
8Y_H4_N300_POW_seed017,POW,H4,300,17,22,133.6549641157235
8Y_H4_N300_POW_seed017,POW,H4,300,17,23,136.62285223469917
8Y_H4_N300_POW_seed017,POW,H4,300,17,24,394.9959839277708
8Y_H4_N300_POW_seed017,POW,H4,300,17,25,421.5256756441031
8Y_H4_N300_P0_ALL_seed017,P0_ALL,H4,300,17,1,869.7719555595255
8Y_H4_N300_P0_ALL_seed017,P0_ALL,H4,300,17,2,44.87769411595934
8Y_H4_N300_P0_ALL_seed017,P0_ALL,H4,300,17,3,1421.3526263432045
8Y_H4_N300_P0_ALL_seed017,P0_ALL,H4,300,17,4,395.2990995579148
8Y_H4_N300_P0_ALL_seed017,P0_ALL,H4,300,17,5,66.39615205523933
8Y_H4_N300_P0_ALL_seed017,P0_ALL,H4,300,17,6,709.0501953162948
8Y_H4_N300_P0_ALL_seed017,P0_ALL,H4,300,17,7,822.1030542532226
8Y_H4_N300_P0_ALL_seed017,P0_ALL,H4,300,17,8,497.27913495067423
8Y_H4_N300_P0_ALL_seed017,P0_ALL,H4,300,17,9,104.02846963882348
8Y_H4_N300_P0_ALL_seed017,P0_ALL,H4,300,17,10,686.7368191297055
8Y_H4_N300_P0_ALL_seed017,P0_ALL,H4,300,17,11,561.3472877665426
8Y_H4_N300_P0_ALL_seed017,P0_ALL,H4,300,17,12,130.61053292103043
8Y_H4_N300_P0_ALL_seed017,P0_ALL,H4,300,17,13,107.42299827152783
8Y_H4_N300_P0_ALL_seed017,P0_ALL,H4,300,17,14,426.2866962989701
8Y_H4_N300_P0_ALL_seed017,P0_ALL,H4,300,17,15,474.6116978664777
8Y_H4_N300_P0_ALL_seed017,P0_ALL,H4,300,17,16,72.03189509974163
8Y_H4_N300_P0_ALL_seed017,P0_ALL,H4,300,17,17,306.76872234243274
8Y_H4_N300_P0_ALL_seed017,P0_ALL,H4,300,17,18,7.290705296265514
8Y_H4_N300_P0_ALL_seed017,P0_ALL,H4,300,17,19,248.86282989644224
8Y_H4_N300_P0_ALL_seed017,P0_ALL,H4,300,17,20,379.2983893671635
8Y_H4_N300_P0_ALL_seed017,P0_ALL,H4,300,17,21,457.86403770435754
8Y_H4_N300_P0_ALL_seed017,P0_ALL,H4,300,17,22,133.6549641157235
8Y_H4_N300_P0_ALL_seed017,P0_ALL,H4,300,17,23,136.62285223469917
8Y_H4_N300_P0_ALL_seed017,P0_ALL,H4,300,17,24,394.9959839277708
8Y_H4_N300_P0_ALL_seed017,P0_ALL,H4,300,17,25,421.5256756441031
8Y_H4_N300_P3_ENERGY_seed017,P3_ENERGY,H4,300,17,1,1142.5535369998124
8Y_H4_N300_P3_ENERGY_seed017,P3_ENERGY,H4,300,17,2,44.87769411595923
8Y_H4_N300_P3_ENERGY_seed017,P3_ENERGY,H4,300,17,3,1421.3526263432047
8Y_H4_N300_P3_ENERGY_seed017,P3_ENERGY,H4,300,17,4,668.7215044211794
8Y_H4_N300_P3_ENERGY_seed017,P3_ENERGY,H4,300,17,5,707.2245245101362
8Y_H4_N300_P3_ENERGY_seed017,P3_ENERGY,H4,300,17,6,1910.6426370193044
8Y_H4_N300_P3_ENERGY_seed017,P3_ENERGY,H4,300,17,7,686.96742780371
8Y_H4_N300_P3_ENERGY_seed017,P3_ENERGY,H4,300,17,8,561.3344183511326
8Y_H4_N300_P3_ENERGY_seed017,P3_ENERGY,H4,300,17,9,130.67466055678597
8Y_H4_N300_P3_ENERGY_seed017,P3_ENERGY,H4,300,17,10,107.90180875122314
8Y_H4_N300_P3_ENERGY_seed017,P3_ENERGY,H4,300,17,11,426.1231808282091
8Y_H4_N300_P3_ENERGY_seed017,P3_ENERGY,H4,300,17,12,474.09791681299976
8Y_H4_N300_P4_RESERVE_seed017,P4_RESERVE,H4,300,17,1,1779.7719555595204
8Y_H4_N300_P4_RESERVE_seed017,P4_RESERVE,H4,300,17,2,44.87769411595923
8Y_H4_N300_P4_RESERVE_seed017,P4_RESERVE,H4,300,17,3,2328.5299939760525
8Y_H4_N300_P4_RESERVE_seed017,P4_RESERVE,H4,300,17,4,1576.478129859016
8Y_H4_N300_P4_RESERVE_seed017,P4_RESERVE,H4,300,17,5,1615.9151423226722
8Y_H4_N300_P4_RESERVE_seed017,P4_RESERVE,H4,300,17,6,2331.131400623436
8Y_H4_N300_P4_RESERVE_seed017,P4_RESERVE,H4,300,17,7,103.34141600061957
8Y_H4_N300_POW_seed018,POW,H4,300,18,1,1167.153328738179
8Y_H4_N300_POW_seed018,POW,H4,300,18,2,159.35133797413914
8Y_H4_N300_POW_seed018,POW,H4,300,18,3,1120.022578535197
8Y_H4_N300_POW_seed018,POW,H4,300,18,4,477.32695538735516
8Y_H4_N300_POW_seed018,POW,H4,300,18,5,9.299055001133638
8Y_H4_N300_POW_seed018,POW,H4,300,18,6,466.50942814921837
8Y_H4_N300_POW_seed018,POW,H4,300,18,7,335.33270877426276
8Y_H4_N300_POW_seed018,POW,H4,300,18,8,661.4757294676342
8Y_H4_N300_POW_seed018,POW,H4,300,18,9,443.7622630939604
8Y_H4_N300_POW_seed018,POW,H4,300,18,10,1628.999525403191
8Y_H4_N300_POW_seed018,POW,H4,300,18,11,245.24961340109803
8Y_H4_N300_POW_seed018,POW,H4,300,18,12,25.861255642202195
8Y_H4_N300_POW_seed018,POW,H4,300,18,13,268.22297321741644
8Y_H4_N300_POW_seed018,POW,H4,300,18,14,329.9181349536484
8Y_H4_N300_POW_seed018,POW,H4,300,18,15,221.23896600820171
8Y_H4_N300_POW_seed018,POW,H4,300,18,16,1006.7259491426948
8Y_H4_N300_POW_seed018,POW,H4,300,18,17,727.4694737392583
8Y_H4_N300_POW_seed018,POW,H4,300,18,18,338.85773446396706
8Y_H4_N300_P0_ALL_seed018,P0_ALL,H4,300,18,1,1167.3135207428063
8Y_H4_N300_P0_ALL_seed018,P0_ALL,H4,300,18,2,159.35133797413914
8Y_H4_N300_P0_ALL_seed018,P0_ALL,H4,300,18,3,1123.284643013186
8Y_H4_N300_P0_ALL_seed018,P0_ALL,H4,300,18,4,477.32695538735516
8Y_H4_N300_P0_ALL_seed018,P0_ALL,H4,300,18,5,9.299055001133638
8Y_H4_N300_P0_ALL_seed018,P0_ALL,H4,300,18,6,466.50942814921837
8Y_H4_N300_P0_ALL_seed018,P0_ALL,H4,300,18,7,335.33270877426276
8Y_H4_N300_P0_ALL_seed018,P0_ALL,H4,300,18,8,665.0731518704488
8Y_H4_N300_P0_ALL_seed018,P0_ALL,H4,300,18,9,443.7622630939604
8Y_H4_N300_P0_ALL_seed018,P0_ALL,H4,300,18,10,1633.6322029531002
8Y_H4_N300_P0_ALL_seed018,P0_ALL,H4,300,18,11,245.24961340109803
8Y_H4_N300_P0_ALL_seed018,P0_ALL,H4,300,18,12,25.861255642202195
8Y_H4_N300_P0_ALL_seed018,P0_ALL,H4,300,18,13,268.22297321741644
8Y_H4_N300_P0_ALL_seed018,P0_ALL,H4,300,18,14,329.9181349536484
8Y_H4_N300_P0_ALL_seed018,P0_ALL,H4,300,18,15,221.23896600820171
8Y_H4_N300_P0_ALL_seed018,P0_ALL,H4,300,18,16,1009.3013321411527
8Y_H4_N300_P0_ALL_seed018,P0_ALL,H4,300,18,17,729.3544595724488
8Y_H4_N300_P0_ALL_seed018,P0_ALL,H4,300,18,18,338.85773446396706
8Y_H4_N300_P3_ENERGY_seed018,P3_ENERGY,H4,300,18,1,1361.7860568300096
8Y_H4_N300_P3_ENERGY_seed018,P3_ENERGY,H4,300,18,2,2290.710808767436
8Y_H4_N300_P3_ENERGY_seed018,P3_ENERGY,H4,300,18,3,466.11383832388765
8Y_H4_N300_P3_ENERGY_seed018,P3_ENERGY,H4,300,18,4,536.3658748270436
8Y_H4_N300_P3_ENERGY_seed018,P3_ENERGY,H4,300,18,5,1647.5085699325928
8Y_H4_N300_P3_ENERGY_seed018,P3_ENERGY,H4,300,18,6,1631.5688912056548
8Y_H4_N300_P3_ENERGY_seed018,P3_ENERGY,H4,300,18,7,245.06903359182525
8Y_H4_N300_P3_ENERGY_seed018,P3_ENERGY,H4,300,18,8,594.3286123819544
8Y_H4_N300_P3_ENERGY_seed018,P3_ENERGY,H4,300,18,9,931.1256999690722
8Y_H4_N300_P3_ENERGY_seed018,P3_ENERGY,H4,300,18,10,221.42681956933302
8Y_H4_N300_P4_RESERVE_seed018,P4_RESERVE,H4,300,18,1,2077.3135207428013
8Y_H4_N300_P4_RESERVE_seed018,P4_RESERVE,H4,300,18,2,159.35133797413937
8Y_H4_N300_P4_RESERVE_seed018,P4_RESERVE,H4,300,18,3,2631.953167231934
8Y_H4_N300_P4_RESERVE_seed018,P4_RESERVE,H4,300,18,4,483.801943185309
8Y_H4_N300_P4_RESERVE_seed018,P4_RESERVE,H4,300,18,5,318.0577730932455
8Y_H4_N300_P4_RESERVE_seed018,P4_RESERVE,H4,300,18,6,536.5919001012016
8Y_H4_N300_P4_RESERVE_seed018,P4_RESERVE,H4,300,18,7,1086.8036538061033
8Y_H4_N300_P4_RESERVE_seed018,P4_RESERVE,H4,300,18,8,1570.6458830977972
8Y_H4_N300_P4_RESERVE_seed018,P4_RESERVE,H4,300,18,9,901.7340467933464
8Y_H4_N300_POW_seed019,POW,H4,300,19,1,1618.6739092321418
8Y_H4_N300_POW_seed019,POW,H4,300,19,2,457.59536672895365
8Y_H4_N300_POW_seed019,POW,H4,300,19,3,1194.3872555708767
8Y_H4_N300_POW_seed019,POW,H4,300,19,4,1227.3078306952038
8Y_H4_N300_POW_seed019,POW,H4,300,19,5,386.5216493772232
8Y_H4_N300_POW_seed019,POW,H4,300,19,6,370.6471712176535
8Y_H4_N300_POW_seed019,POW,H4,300,19,7,63.60942128445731
8Y_H4_N300_POW_seed019,POW,H4,300,19,8,32.49169738812452
8Y_H4_N300_POW_seed019,POW,H4,300,19,9,1219.1532769015275
8Y_H4_N300_POW_seed019,POW,H4,300,19,10,1245.5157398221672
8Y_H4_N300_POW_seed019,POW,H4,300,19,11,24.154966316218633
8Y_H4_N300_POW_seed019,POW,H4,300,19,12,597.4868505485838
8Y_H4_N300_POW_seed019,POW,H4,300,19,13,1091.44791808435
8Y_H4_N300_P0_ALL_seed019,P0_ALL,H4,300,19,1,1622.1374366504588
8Y_H4_N300_P0_ALL_seed019,P0_ALL,H4,300,19,2,457.59536672895365
8Y_H4_N300_P0_ALL_seed019,P0_ALL,H4,300,19,3,1197.4473148740376
8Y_H4_N300_P0_ALL_seed019,P0_ALL,H4,300,19,4,1231.9089678358368
8Y_H4_N300_P0_ALL_seed019,P0_ALL,H4,300,19,5,386.5216493772232
8Y_H4_N300_P0_ALL_seed019,P0_ALL,H4,300,19,6,370.6471712176535
8Y_H4_N300_P0_ALL_seed019,P0_ALL,H4,300,19,7,63.60942128445731
8Y_H4_N300_P0_ALL_seed019,P0_ALL,H4,300,19,8,32.49169738812452
8Y_H4_N300_P0_ALL_seed019,P0_ALL,H4,300,19,9,1225.4651944024763
8Y_H4_N300_P0_ALL_seed019,P0_ALL,H4,300,19,10,1251.561079338975
8Y_H4_N300_P0_ALL_seed019,P0_ALL,H4,300,19,11,24.154966316218633
8Y_H4_N300_P0_ALL_seed019,P0_ALL,H4,300,19,12,597.4868505485838
8Y_H4_N300_P0_ALL_seed019,P0_ALL,H4,300,19,13,1092.7524174289356
8Y_H4_N300_P3_ENERGY_seed019,P3_ENERGY,H4,300,19,1,1622.1374366504588
8Y_H4_N300_P3_ENERGY_seed019,P3_ENERGY,H4,300,19,2,457.59536672895365
8Y_H4_N300_P3_ENERGY_seed019,P3_ENERGY,H4,300,19,3,1196.5412869426418
8Y_H4_N300_P3_ENERGY_seed019,P3_ENERGY,H4,300,19,4,1231.3331618444695
8Y_H4_N300_P3_ENERGY_seed019,P3_ENERGY,H4,300,19,5,386.5216493772232
8Y_H4_N300_P3_ENERGY_seed019,P3_ENERGY,H4,300,19,6,370.6471712176535
8Y_H4_N300_P3_ENERGY_seed019,P3_ENERGY,H4,300,19,7,63.60942128445731
8Y_H4_N300_P3_ENERGY_seed019,P3_ENERGY,H4,300,19,8,32.49169738812452
8Y_H4_N300_P3_ENERGY_seed019,P3_ENERGY,H4,300,19,9,1225.3496733638322
8Y_H4_N300_P3_ENERGY_seed019,P3_ENERGY,H4,300,19,10,1305.3647159474212
8Y_H4_N300_P3_ENERGY_seed019,P3_ENERGY,H4,300,19,11,24.154966316218633
8Y_H4_N300_P3_ENERGY_seed019,P3_ENERGY,H4,300,19,12,1696.8683097195562
8Y_H4_N300_P4_RESERVE_seed019,P4_RESERVE,H4,300,19,1,2532.1374366504538
8Y_H4_N300_P4_RESERVE_seed019,P4_RESERVE,H4,300,19,2,457.59536672895365
8Y_H4_N300_P4_RESERVE_seed019,P4_RESERVE,H4,300,19,3,2104.3766075487247
8Y_H4_N300_P4_RESERVE_seed019,P4_RESERVE,H4,300,19,4,2139.538238270926
8Y_H4_N300_P4_RESERVE_seed019,P4_RESERVE,H4,300,19,5,386.5216493772232
8Y_H4_N300_P4_RESERVE_seed019,P4_RESERVE,H4,300,19,6,370.6471712176535
8Y_H4_N300_P4_RESERVE_seed019,P4_RESERVE,H4,300,19,7,63.60942128445731
8Y_H4_N300_P4_RESERVE_seed019,P4_RESERVE,H4,300,19,8,32.49169738812452
8Y_H4_N300_P4_RESERVE_seed019,P4_RESERVE,H4,300,19,9,880.2977875380002
8Y_H4_N300_POW_seed020,POW,H4,300,20,1,1866.6460148897509
8Y_H4_N300_POW_seed020,POW,H4,300,20,2,1288.7825047899992
8Y_H4_N300_POW_seed020,POW,H4,300,20,3,265.6897722138265
8Y_H4_N300_POW_seed020,POW,H4,300,20,4,1443.953897245462
8Y_H4_N300_POW_seed020,POW,H4,300,20,5,6.141969841414721
8Y_H4_N300_POW_seed020,POW,H4,300,20,6,1291.7372336129383
8Y_H4_N300_POW_seed020,POW,H4,300,20,7,1460.4024123245163
8Y_H4_N300_POW_seed020,POW,H4,300,20,8,695.833545396039
8Y_H4_N300_POW_seed020,POW,H4,300,20,9,57.87569594093475
8Y_H4_N300_POW_seed020,POW,H4,300,20,10,828.7160841757996
8Y_H4_N300_POW_seed020,POW,H4,300,20,11,264.3197008700172
8Y_H4_N300_P0_ALL_seed020,P0_ALL,H4,300,20,1,1872.15208711611
8Y_H4_N300_P0_ALL_seed020,P0_ALL,H4,300,20,2,1293.1074484567027
8Y_H4_N300_P0_ALL_seed020,P0_ALL,H4,300,20,3,265.6897722138265
8Y_H4_N300_P0_ALL_seed020,P0_ALL,H4,300,20,4,1449.5410905243853
8Y_H4_N300_P0_ALL_seed020,P0_ALL,H4,300,20,5,6.141969841414721
8Y_H4_N300_P0_ALL_seed020,P0_ALL,H4,300,20,6,1297.3395603587287
8Y_H4_N300_P0_ALL_seed020,P0_ALL,H4,300,20,7,1465.9683674201297
8Y_H4_N300_P0_ALL_seed020,P0_ALL,H4,300,20,8,698.1642002507324
8Y_H4_N300_P0_ALL_seed020,P0_ALL,H4,300,20,9,57.87569594093475
8Y_H4_N300_P0_ALL_seed020,P0_ALL,H4,300,20,10,831.8285217677894
8Y_H4_N300_P0_ALL_seed020,P0_ALL,H4,300,20,11,264.3197008700172
8Y_H4_N300_P3_ENERGY_seed020,P3_ENERGY,H4,300,20,1,1872.15208711611
8Y_H4_N300_P3_ENERGY_seed020,P3_ENERGY,H4,300,20,2,1292.6111643957022
8Y_H4_N300_P3_ENERGY_seed020,P3_ENERGY,H4,300,20,3,265.6897722138265
8Y_H4_N300_P3_ENERGY_seed020,P3_ENERGY,H4,300,20,4,5680.052941494298
8Y_H4_N300_P3_ENERGY_seed020,P3_ENERGY,H4,300,20,5,697.6994999721246
8Y_H4_N300_P3_ENERGY_seed020,P3_ENERGY,H4,300,20,6,57.46261198401589
8Y_H4_N300_P4_RESERVE_seed020,P4_RESERVE,H4,300,20,1,2782.1520871161047
8Y_H4_N300_P4_RESERVE_seed020,P4_RESERVE,H4,300,20,2,2200.8484202677
8Y_H4_N300_P4_RESERVE_seed020,P4_RESERVE,H4,300,20,3,265.6897722138265
8Y_H4_N300_P4_RESERVE_seed020,P4_RESERVE,H4,300,20,4,2958.8220967755606
8Y_H4_N300_P4_RESERVE_seed020,P4_RESERVE,H4,300,20,5,615.9369144465109
8Y_H4_N300_POW_seed021,POW,H4,300,21,1,635.0961836895395
8Y_H4_N300_POW_seed021,POW,H4,300,21,2,383.1259499969375
8Y_H4_N300_POW_seed021,POW,H4,300,21,3,253.76893251845058
8Y_H4_N300_POW_seed021,POW,H4,300,21,4,523.9551693983208
8Y_H4_N300_POW_seed021,POW,H4,300,21,5,437.3682333014383
8Y_H4_N300_POW_seed021,POW,H4,300,21,6,214.63570553172622
8Y_H4_N300_POW_seed021,POW,H4,300,21,7,110.47854366983665
8Y_H4_N300_POW_seed021,POW,H4,300,21,8,2098.549822221333
8Y_H4_N300_POW_seed021,POW,H4,300,21,9,562.7677241004221
8Y_H4_N300_POW_seed021,POW,H4,300,21,10,88.89381082694672
8Y_H4_N300_POW_seed021,POW,H4,300,21,11,53.34995993961638
8Y_H4_N300_POW_seed021,POW,H4,300,21,12,1475.0111036172511
8Y_H4_N300_POW_seed021,POW,H4,300,21,13,621.1183079233369
8Y_H4_N300_POW_seed021,POW,H4,300,21,14,190.80473624423303
8Y_H4_N300_POW_seed021,POW,H4,300,21,15,895.5137593347254
8Y_H4_N300_POW_seed021,POW,H4,300,21,16,8.132563717676021
8Y_H4_N300_POW_seed021,POW,H4,300,21,17,18.143160480200095
8Y_H4_N300_P0_ALL_seed021,P0_ALL,H4,300,21,1,636.0306177714366
8Y_H4_N300_P0_ALL_seed021,P0_ALL,H4,300,21,2,383.1259499969375
8Y_H4_N300_P0_ALL_seed021,P0_ALL,H4,300,21,3,253.76893251845058
8Y_H4_N300_P0_ALL_seed021,P0_ALL,H4,300,21,4,523.9551693983208
8Y_H4_N300_P0_ALL_seed021,P0_ALL,H4,300,21,5,437.3682333014383
8Y_H4_N300_P0_ALL_seed021,P0_ALL,H4,300,21,6,214.63570553172622
8Y_H4_N300_P0_ALL_seed021,P0_ALL,H4,300,21,7,110.47854366983665
8Y_H4_N300_P0_ALL_seed021,P0_ALL,H4,300,21,8,2105.787080629189
8Y_H4_N300_P0_ALL_seed021,P0_ALL,H4,300,21,9,562.7677241004221
8Y_H4_N300_P0_ALL_seed021,P0_ALL,H4,300,21,10,88.89381082694672
8Y_H4_N300_P0_ALL_seed021,P0_ALL,H4,300,21,11,53.34995993961638
8Y_H4_N300_P0_ALL_seed021,P0_ALL,H4,300,21,12,1480.576114736402
8Y_H4_N300_P0_ALL_seed021,P0_ALL,H4,300,21,13,623.3971282530556
8Y_H4_N300_P0_ALL_seed021,P0_ALL,H4,300,21,14,190.80473624423303
8Y_H4_N300_P0_ALL_seed021,P0_ALL,H4,300,21,15,897.1577868058057
8Y_H4_N300_P0_ALL_seed021,P0_ALL,H4,300,21,16,8.132563717676021
8Y_H4_N300_P0_ALL_seed021,P0_ALL,H4,300,21,17,18.143160480200095
8Y_H4_N300_P3_ENERGY_seed021,P3_ENERGY,H4,300,21,1,636.0306177714366
8Y_H4_N300_P3_ENERGY_seed021,P3_ENERGY,H4,300,21,2,383.1259499969375
8Y_H4_N300_P3_ENERGY_seed021,P3_ENERGY,H4,300,21,3,253.76893251845058
8Y_H4_N300_P3_ENERGY_seed021,P3_ENERGY,H4,300,21,4,523.9551693983208
8Y_H4_N300_P3_ENERGY_seed021,P3_ENERGY,H4,300,21,5,437.3682333014383
8Y_H4_N300_P3_ENERGY_seed021,P3_ENERGY,H4,300,21,6,214.63570553172622
8Y_H4_N300_P3_ENERGY_seed021,P3_ENERGY,H4,300,21,7,110.47854366983665
8Y_H4_N300_P3_ENERGY_seed021,P3_ENERGY,H4,300,21,8,2103.3629250508134
8Y_H4_N300_P3_ENERGY_seed021,P3_ENERGY,H4,300,21,9,691.2189572118505
8Y_H4_N300_P3_ENERGY_seed021,P3_ENERGY,H4,300,21,10,261.1364189432088
8Y_H4_N300_P3_ENERGY_seed021,P3_ENERGY,H4,300,21,11,1479.630299041004
8Y_H4_N300_P4_RESERVE_seed021,P4_RESERVE,H4,300,21,1,1546.0306177714313
8Y_H4_N300_P4_RESERVE_seed021,P4_RESERVE,H4,300,21,2,383.1259499969376
8Y_H4_N300_P4_RESERVE_seed021,P4_RESERVE,H4,300,21,3,253.76893251845058
8Y_H4_N300_P4_RESERVE_seed021,P4_RESERVE,H4,300,21,4,523.9551693983212
8Y_H4_N300_P4_RESERVE_seed021,P4_RESERVE,H4,300,21,5,437.36823330143807
8Y_H4_N300_P4_RESERVE_seed021,P4_RESERVE,H4,300,21,6,214.63570553172622
8Y_H4_N300_P4_RESERVE_seed021,P4_RESERVE,H4,300,21,7,110.47854366983665
8Y_H4_N300_P4_RESERVE_seed021,P4_RESERVE,H4,300,21,8,3013.900724251911
8Y_H4_N300_P4_RESERVE_seed021,P4_RESERVE,H4,300,21,9,881.5407851727496
8Y_H4_N300_P4_RESERVE_seed021,P4_RESERVE,H4,300,21,10,88.89381082694672
8Y_H4_N300_P4_RESERVE_seed021,P4_RESERVE,H4,300,21,11,262.11306959441845
8Y_H4_N300_POW_seed022,POW,H4,300,22,1,289.2256559915904
8Y_H4_N300_POW_seed022,POW,H4,300,22,2,281.27993118129535
8Y_H4_N300_POW_seed022,POW,H4,300,22,3,436.08947483732595
8Y_H4_N300_POW_seed022,POW,H4,300,22,4,328.80016477532354
8Y_H4_N300_POW_seed022,POW,H4,300,22,5,714.6249247381825
8Y_H4_N300_POW_seed022,POW,H4,300,22,6,148.84535107813736
8Y_H4_N300_POW_seed022,POW,H4,300,22,7,277.19325055577065
8Y_H4_N300_POW_seed022,POW,H4,300,22,8,1049.4346648825758
8Y_H4_N300_POW_seed022,POW,H4,300,22,9,543.0070632971783
8Y_H4_N300_POW_seed022,POW,H4,300,22,10,791.6055931949468
8Y_H4_N300_POW_seed022,POW,H4,300,22,11,1591.8286648381318
8Y_H4_N300_POW_seed022,POW,H4,300,22,12,396.3673302797524
8Y_H4_N300_POW_seed022,POW,H4,300,22,13,524.3528250309419
8Y_H4_N300_POW_seed022,POW,H4,300,22,14,144.24691398700634
8Y_H4_N300_P0_ALL_seed022,P0_ALL,H4,300,22,1,289.2256559915904
8Y_H4_N300_P0_ALL_seed022,P0_ALL,H4,300,22,2,281.27993118129535
8Y_H4_N300_P0_ALL_seed022,P0_ALL,H4,300,22,3,436.08947483732595
8Y_H4_N300_P0_ALL_seed022,P0_ALL,H4,300,22,4,328.80016477532354
8Y_H4_N300_P0_ALL_seed022,P0_ALL,H4,300,22,5,717.5217939231306
8Y_H4_N300_P0_ALL_seed022,P0_ALL,H4,300,22,6,148.84535107813736
8Y_H4_N300_P0_ALL_seed022,P0_ALL,H4,300,22,7,277.1932505557702
8Y_H4_N300_P0_ALL_seed022,P0_ALL,H4,300,22,8,1051.882812349335
8Y_H4_N300_P0_ALL_seed022,P0_ALL,H4,300,22,9,543.0070632971783
8Y_H4_N300_P0_ALL_seed022,P0_ALL,H4,300,22,10,792.8248747628604
8Y_H4_N300_P0_ALL_seed022,P0_ALL,H4,300,22,11,1596.4846725384468
8Y_H4_N300_P0_ALL_seed022,P0_ALL,H4,300,22,12,396.3673302797524
8Y_H4_N300_P0_ALL_seed022,P0_ALL,H4,300,22,13,524.3528250309419
8Y_H4_N300_P0_ALL_seed022,P0_ALL,H4,300,22,14,144.24691398700634
8Y_H4_N300_P3_ENERGY_seed022,P3_ENERGY,H4,300,22,1,2134.4569936183007
8Y_H4_N300_P3_ENERGY_seed022,P3_ENERGY,H4,300,22,2,716.4040917978887
8Y_H4_N300_P3_ENERGY_seed022,P3_ENERGY,H4,300,22,3,149.7511739355832
8Y_H4_N300_P3_ENERGY_seed022,P3_ENERGY,H4,300,22,4,277.1955707081929
8Y_H4_N300_P3_ENERGY_seed022,P3_ENERGY,H4,300,22,5,1052.8579980188106
8Y_H4_N300_P3_ENERGY_seed022,P3_ENERGY,H4,300,22,6,545.7708310060452
8Y_H4_N300_P3_ENERGY_seed022,P3_ENERGY,H4,300,22,7,2802.600226041859
8Y_H4_N300_P3_ENERGY_seed022,P3_ENERGY,H4,300,22,8,398.02877631836964
8Y_H4_N300_P3_ENERGY_seed022,P3_ENERGY,H4,300,22,9,524.1729078382732
8Y_H4_N300_P3_ENERGY_seed022,P3_ENERGY,H4,300,22,10,231.42939201786066
8Y_H4_N300_P4_RESERVE_seed022,P4_RESERVE,H4,300,22,1,899.2256559915904
8Y_H4_N300_P4_RESERVE_seed022,P4_RESERVE,H4,300,22,2,891.0799707126334
8Y_H4_N300_P4_RESERVE_seed022,P4_RESERVE,H4,300,22,3,1839.092438915659
8Y_H4_N300_P4_RESERVE_seed022,P4_RESERVE,H4,300,22,4,1345.9155083063615
8Y_H4_N300_P4_RESERVE_seed022,P4_RESERVE,H4,300,22,5,114.62492473818202
8Y_H4_N300_P4_RESERVE_seed022,P4_RESERVE,H4,300,22,6,148.84535107813736
8Y_H4_N300_P4_RESERVE_seed022,P4_RESERVE,H4,300,22,7,277.19325055577065
8Y_H4_N300_P4_RESERVE_seed022,P4_RESERVE,H4,300,22,8,827.0393310307581
8Y_H4_N300_P4_RESERVE_seed022,P4_RESERVE,H4,300,22,9,450.00781971225115
8Y_H4_N300_P4_RESERVE_seed022,P4_RESERVE,H4,300,22,10,543.013648505952
8Y_H4_N300_POW_seed023,POW,H4,300,23,1,297.96015874078427
8Y_H4_N300_POW_seed023,POW,H4,300,23,2,93.58715690217088
8Y_H4_N300_POW_seed023,POW,H4,300,23,3,91.01833081928794
8Y_H4_N300_POW_seed023,POW,H4,300,23,4,1456.21669578107
8Y_H4_N300_POW_seed023,POW,H4,300,23,5,18.546526224133686
8Y_H4_N300_POW_seed023,POW,H4,300,23,6,494.70113531953484
8Y_H4_N300_POW_seed023,POW,H4,300,23,7,358.17807196248896
8Y_H4_N300_POW_seed023,POW,H4,300,23,8,458.677323511758
8Y_H4_N300_POW_seed023,POW,H4,300,23,9,606.2092883788819
8Y_H4_N300_POW_seed023,POW,H4,300,23,10,900.3885758291217
8Y_H4_N300_POW_seed023,POW,H4,300,23,11,41.5889153742437
8Y_H4_N300_POW_seed023,POW,H4,300,23,12,355.55549484304356
8Y_H4_N300_POW_seed023,POW,H4,300,23,13,756.1085879718366
8Y_H4_N300_POW_seed023,POW,H4,300,23,14,581.099416418273
8Y_H4_N300_POW_seed023,POW,H4,300,23,15,901.449188613894
8Y_H4_N300_POW_seed023,POW,H4,300,23,16,197.15804868629857
8Y_H4_N300_POW_seed023,POW,H4,300,23,17,1451.3752443025296
8Y_H4_N300_P0_ALL_seed023,P0_ALL,H4,300,23,1,297.96015874078427
8Y_H4_N300_P0_ALL_seed023,P0_ALL,H4,300,23,2,93.58715690217088
8Y_H4_N300_P0_ALL_seed023,P0_ALL,H4,300,23,3,91.01833081928794
8Y_H4_N300_P0_ALL_seed023,P0_ALL,H4,300,23,4,1461.0739297248124
8Y_H4_N300_P0_ALL_seed023,P0_ALL,H4,300,23,5,18.546526224133686
8Y_H4_N300_P0_ALL_seed023,P0_ALL,H4,300,23,6,494.70113531953484
8Y_H4_N300_P0_ALL_seed023,P0_ALL,H4,300,23,7,358.17807196248896
8Y_H4_N300_P0_ALL_seed023,P0_ALL,H4,300,23,8,458.677323511758
8Y_H4_N300_P0_ALL_seed023,P0_ALL,H4,300,23,9,608.8495891900848
8Y_H4_N300_P0_ALL_seed023,P0_ALL,H4,300,23,10,903.5044015640478
8Y_H4_N300_P0_ALL_seed023,P0_ALL,H4,300,23,11,41.5889153742437
8Y_H4_N300_P0_ALL_seed023,P0_ALL,H4,300,23,12,355.55549484304356
8Y_H4_N300_P0_ALL_seed023,P0_ALL,H4,300,23,13,757.88545285904
8Y_H4_N300_P0_ALL_seed023,P0_ALL,H4,300,23,14,581.099416418273
8Y_H4_N300_P0_ALL_seed023,P0_ALL,H4,300,23,15,903.5488185926433
8Y_H4_N300_P0_ALL_seed023,P0_ALL,H4,300,23,16,197.15804868629948
8Y_H4_N300_P0_ALL_seed023,P0_ALL,H4,300,23,17,1456.8233228536901
8Y_H4_N300_P3_ENERGY_seed023,P3_ENERGY,H4,300,23,1,694.8825889754066
8Y_H4_N300_P3_ENERGY_seed023,P3_ENERGY,H4,300,23,2,390.27475011477395
8Y_H4_N300_P3_ENERGY_seed023,P3_ENERGY,H4,300,23,3,1463.2448142273795
8Y_H4_N300_P3_ENERGY_seed023,P3_ENERGY,H4,300,23,4,409.0882618382584
8Y_H4_N300_P3_ENERGY_seed023,P3_ENERGY,H4,300,23,5,962.2161089900665
8Y_H4_N300_P3_ENERGY_seed023,P3_ENERGY,H4,300,23,6,459.8892502810204
8Y_H4_N300_P3_ENERGY_seed023,P3_ENERGY,H4,300,23,7,1022.6913529760559
8Y_H4_N300_P3_ENERGY_seed023,P3_ENERGY,H4,300,23,8,1704.3012889436368
8Y_H4_N300_P3_ENERGY_seed023,P3_ENERGY,H4,300,23,9,354.3027195173836
8Y_H4_N300_P4_RESERVE_seed023,P4_RESERVE,H4,300,23,1,907.9601587407842
8Y_H4_N300_P4_RESERVE_seed023,P4_RESERVE,H4,300,23,2,93.58715690217093
8Y_H4_N300_P4_RESERVE_seed023,P4_RESERVE,H4,300,23,3,390.8980111321699
8Y_H4_N300_P4_RESERVE_seed023,P4_RESERVE,H4,300,23,4,1601.2244039984585
8Y_H4_N300_P4_RESERVE_seed023,P4_RESERVE,H4,300,23,5,256.2998411870808
8Y_H4_N300_P4_RESERVE_seed023,P4_RESERVE,H4,300,23,6,409.00994115339245
8Y_H4_N300_P4_RESERVE_seed023,P4_RESERVE,H4,300,23,7,1868.2210861842445
8Y_H4_N300_P4_RESERVE_seed023,P4_RESERVE,H4,300,23,8,458.677323511758
8Y_H4_N300_P4_RESERVE_seed023,P4_RESERVE,H4,300,23,9,1528.9381403183024
8Y_H4_N300_P4_RESERVE_seed023,P4_RESERVE,H4,300,23,10,1104.6970932707818
8Y_H4_N300_P4_RESERVE_seed023,P4_RESERVE,H4,300,23,11,1010.9732318106726
8Y_H4_N300_POW_seed024,POW,H4,300,24,1,1086.2552172849278
8Y_H4_N300_POW_seed024,POW,H4,300,24,2,487.74630081308715
8Y_H4_N300_POW_seed024,POW,H4,300,24,3,432.50363056471724
8Y_H4_N300_POW_seed024,POW,H4,300,24,4,484.4385818504852
8Y_H4_N300_POW_seed024,POW,H4,300,24,5,206.5142397756531
8Y_H4_N300_POW_seed024,POW,H4,300,24,6,2240.8721673184846
8Y_H4_N300_POW_seed024,POW,H4,300,24,7,94.91205309791712
8Y_H4_N300_POW_seed024,POW,H4,300,24,8,44.05057522676816
8Y_H4_N300_POW_seed024,POW,H4,300,24,9,184.5557484610399
8Y_H4_N300_POW_seed024,POW,H4,300,24,10,474.8198038549872
8Y_H4_N300_POW_seed024,POW,H4,300,24,11,961.9795295562053
8Y_H4_N300_POW_seed024,POW,H4,300,24,12,384.5215015316526
8Y_H4_N300_POW_seed024,POW,H4,300,24,13,162.9535805907335
8Y_H4_N300_POW_seed024,POW,H4,300,24,14,218.80594198587733
8Y_H4_N300_POW_seed024,POW,H4,300,24,15,1123.1951284410225
8Y_H4_N300_POW_seed024,POW,H4,300,24,16,337.5601252378947
8Y_H4_N300_P0_ALL_seed024,P0_ALL,H4,300,24,1,1086.6449822247755
8Y_H4_N300_P0_ALL_seed024,P0_ALL,H4,300,24,2,487.74630081308715
8Y_H4_N300_P0_ALL_seed024,P0_ALL,H4,300,24,3,432.50363056471724
8Y_H4_N300_P0_ALL_seed024,P0_ALL,H4,300,24,4,484.4385818504852
8Y_H4_N300_P0_ALL_seed024,P0_ALL,H4,300,24,5,206.5142397756531
8Y_H4_N300_P0_ALL_seed024,P0_ALL,H4,300,24,6,2248.6545875176143
8Y_H4_N300_P0_ALL_seed024,P0_ALL,H4,300,24,7,94.91205309791712
8Y_H4_N300_P0_ALL_seed024,P0_ALL,H4,300,24,8,44.05057522676816
8Y_H4_N300_P0_ALL_seed024,P0_ALL,H4,300,24,9,184.5557484610399
8Y_H4_N300_P0_ALL_seed024,P0_ALL,H4,300,24,10,474.8198038549872
8Y_H4_N300_P0_ALL_seed024,P0_ALL,H4,300,24,11,964.0067415654776
8Y_H4_N300_P0_ALL_seed024,P0_ALL,H4,300,24,12,384.5215015316526
8Y_H4_N300_P0_ALL_seed024,P0_ALL,H4,300,24,13,162.9535805907335
8Y_H4_N300_P0_ALL_seed024,P0_ALL,H4,300,24,14,218.80594198587733
8Y_H4_N300_P0_ALL_seed024,P0_ALL,H4,300,24,15,1124.4895668232748
8Y_H4_N300_P0_ALL_seed024,P0_ALL,H4,300,24,16,337.5601252378947
8Y_H4_N300_P3_ENERGY_seed024,P3_ENERGY,H4,300,24,1,1086.6449822247755
8Y_H4_N300_P3_ENERGY_seed024,P3_ENERGY,H4,300,24,2,487.74630081308715
8Y_H4_N300_P3_ENERGY_seed024,P3_ENERGY,H4,300,24,3,432.50363056471724
8Y_H4_N300_P3_ENERGY_seed024,P3_ENERGY,H4,300,24,4,484.4385818504852
8Y_H4_N300_P3_ENERGY_seed024,P3_ENERGY,H4,300,24,5,206.5142397756531
8Y_H4_N300_P3_ENERGY_seed024,P3_ENERGY,H4,300,24,6,2247.3591793643627
8Y_H4_N300_P3_ENERGY_seed024,P3_ENERGY,H4,300,24,7,235.06270473546556
8Y_H4_N300_P3_ENERGY_seed024,P3_ENERGY,H4,300,24,8,44.05057522676816
8Y_H4_N300_P3_ENERGY_seed024,P3_ENERGY,H4,300,24,9,184.5557484610399
8Y_H4_N300_P3_ENERGY_seed024,P3_ENERGY,H4,300,24,10,474.8198038549872
8Y_H4_N300_P3_ENERGY_seed024,P3_ENERGY,H4,300,24,11,964.0067415654776
8Y_H4_N300_P3_ENERGY_seed024,P3_ENERGY,H4,300,24,12,384.5215015316526
8Y_H4_N300_P3_ENERGY_seed024,P3_ENERGY,H4,300,24,13,162.9535805907335
8Y_H4_N300_P3_ENERGY_seed024,P3_ENERGY,H4,300,24,14,218.80594198587733
8Y_H4_N300_P3_ENERGY_seed024,P3_ENERGY,H4,300,24,15,1124.4895668232766
8Y_H4_N300_P4_RESERVE_seed024,P4_RESERVE,H4,300,24,1,1996.6449822247705
8Y_H4_N300_P4_RESERVE_seed024,P4_RESERVE,H4,300,24,2,487.74630081308715
8Y_H4_N300_P4_RESERVE_seed024,P4_RESERVE,H4,300,24,3,432.50363056471724
8Y_H4_N300_P4_RESERVE_seed024,P4_RESERVE,H4,300,24,4,484.4385818504852
8Y_H4_N300_P4_RESERVE_seed024,P4_RESERVE,H4,300,24,5,206.5142397756531
8Y_H4_N300_P4_RESERVE_seed024,P4_RESERVE,H4,300,24,6,3156.0284343639337
8Y_H4_N300_P4_RESERVE_seed024,P4_RESERVE,H4,300,24,7,235.06270473546556
8Y_H4_N300_P4_RESERVE_seed024,P4_RESERVE,H4,300,24,8,44.05057522676816
8Y_H4_N300_P4_RESERVE_seed024,P4_RESERVE,H4,300,24,9,184.5557484610399
8Y_H4_N300_P4_RESERVE_seed024,P4_RESERVE,H4,300,24,10,474.8198038549872
8Y_H4_N300_P4_RESERVE_seed024,P4_RESERVE,H4,300,24,11,1715.7959786319961
8Y_H4_N300_P4_RESERVE_seed024,P4_RESERVE,H4,300,24,12,384.52150153165167
8Y_H4_N300_P4_RESERVE_seed024,P4_RESERVE,H4,300,24,13,162.9535805907326
8Y_H4_N300_POW_seed025,POW,H4,300,25,1,913.7554167843853
8Y_H4_N300_POW_seed025,POW,H4,300,25,2,196.93384155173612
8Y_H4_N300_POW_seed025,POW,H4,300,25,3,283.18104382176034
8Y_H4_N300_POW_seed025,POW,H4,300,25,4,325.60867896287914
8Y_H4_N300_POW_seed025,POW,H4,300,25,5,897.2404879139947
8Y_H4_N300_POW_seed025,POW,H4,300,25,6,761.3828721966224
8Y_H4_N300_POW_seed025,POW,H4,300,25,7,394.1032784770341
8Y_H4_N300_POW_seed025,POW,H4,300,25,8,304.3199760876737
8Y_H4_N300_POW_seed025,POW,H4,300,25,9,148.86001521411026
8Y_H4_N300_POW_seed025,POW,H4,300,25,10,511.9446650364762
8Y_H4_N300_POW_seed025,POW,H4,300,25,11,157.20700073204807
8Y_H4_N300_POW_seed025,POW,H4,300,25,12,641.1369377603633
8Y_H4_N300_POW_seed025,POW,H4,300,25,13,161.14524278998306
8Y_H4_N300_POW_seed025,POW,H4,300,25,14,162.78784474552322
8Y_H4_N300_POW_seed025,POW,H4,300,25,15,118.75458997975602
8Y_H4_N300_POW_seed025,POW,H4,300,25,16,175.10344093622462
8Y_H4_N300_POW_seed025,POW,H4,300,25,17,561.7016628384354
8Y_H4_N300_POW_seed025,POW,H4,300,25,18,10.972433992047627
8Y_H4_N300_POW_seed025,POW,H4,300,25,19,380.08178218526155
8Y_H4_N300_POW_seed025,POW,H4,300,25,20,1614.741339561856
8Y_H4_N300_POW_seed025,POW,H4,300,25,21,16.027137118151586
8Y_H4_N300_POW_seed025,POW,H4,300,25,22,189.20001996128667
8Y_H4_N300_P0_ALL_seed025,P0_ALL,H4,300,25,1,913.8487036699219
8Y_H4_N300_P0_ALL_seed025,P0_ALL,H4,300,25,2,196.93384155173612
8Y_H4_N300_P0_ALL_seed025,P0_ALL,H4,300,25,3,283.18104382176034
8Y_H4_N300_P0_ALL_seed025,P0_ALL,H4,300,25,4,325.60867896287914
8Y_H4_N300_P0_ALL_seed025,P0_ALL,H4,300,25,5,899.0709234492526
8Y_H4_N300_P0_ALL_seed025,P0_ALL,H4,300,25,6,764.2573602848752
8Y_H4_N300_P0_ALL_seed025,P0_ALL,H4,300,25,7,394.1032784770341
8Y_H4_N300_P0_ALL_seed025,P0_ALL,H4,300,25,8,304.3199760876737
8Y_H4_N300_P0_ALL_seed025,P0_ALL,H4,300,25,9,148.8600152141098
8Y_H4_N300_P0_ALL_seed025,P0_ALL,H4,300,25,10,511.9446650364762
8Y_H4_N300_P0_ALL_seed025,P0_ALL,H4,300,25,11,157.20700073204807
8Y_H4_N300_P0_ALL_seed025,P0_ALL,H4,300,25,12,643.7798418636949
8Y_H4_N300_P0_ALL_seed025,P0_ALL,H4,300,25,13,161.14524278998306
8Y_H4_N300_P0_ALL_seed025,P0_ALL,H4,300,25,14,162.78784474552322
8Y_H4_N300_P0_ALL_seed025,P0_ALL,H4,300,25,15,118.75458997975602
8Y_H4_N300_P0_ALL_seed025,P0_ALL,H4,300,25,16,175.10344093622462
8Y_H4_N300_P0_ALL_seed025,P0_ALL,H4,300,25,17,561.7016628384354
8Y_H4_N300_P0_ALL_seed025,P0_ALL,H4,300,25,18,10.972433992047627
8Y_H4_N300_P0_ALL_seed025,P0_ALL,H4,300,25,19,380.08178218526155
8Y_H4_N300_P0_ALL_seed025,P0_ALL,H4,300,25,20,1619.8690828018398
8Y_H4_N300_P0_ALL_seed025,P0_ALL,H4,300,25,21,16.027137118151586
8Y_H4_N300_P0_ALL_seed025,P0_ALL,H4,300,25,22,189.20001996128667
8Y_H4_N300_P3_ENERGY_seed025,P3_ENERGY,H4,300,25,1,1399.5493411081627
8Y_H4_N300_P3_ENERGY_seed025,P3_ENERGY,H4,300,25,2,927.9221690636334
8Y_H4_N300_P3_ENERGY_seed025,P3_ENERGY,H4,300,25,3,898.7498183683274
8Y_H4_N300_P3_ENERGY_seed025,P3_ENERGY,H4,300,25,4,764.4579714529896
8Y_H4_N300_P3_ENERGY_seed025,P3_ENERGY,H4,300,25,5,394.1401459175577
8Y_H4_N300_P3_ENERGY_seed025,P3_ENERGY,H4,300,25,6,304.7396543261084
8Y_H4_N300_P3_ENERGY_seed025,P3_ENERGY,H4,300,25,7,149.70352909422763
8Y_H4_N300_P3_ENERGY_seed025,P3_ENERGY,H4,300,25,8,512.6484805252785
8Y_H4_N300_P3_ENERGY_seed025,P3_ENERGY,H4,300,25,9,1246.099246470143
8Y_H4_N300_P3_ENERGY_seed025,P3_ENERGY,H4,300,25,10,160.92923535917635
8Y_H4_N300_P3_ENERGY_seed025,P3_ENERGY,H4,300,25,11,163.00145636569596
8Y_H4_N300_P3_ENERGY_seed025,P3_ENERGY,H4,300,25,12,117.90692136558118
8Y_H4_N300_P3_ENERGY_seed025,P3_ENERGY,H4,300,25,13,1163.847497786608
8Y_H4_N300_P3_ENERGY_seed025,P3_ENERGY,H4,300,25,14,10.95386243358007
8Y_H4_N300_P4_RESERVE_seed025,P4_RESERVE,H4,300,25,1,1823.8487036699169
8Y_H4_N300_P4_RESERVE_seed025,P4_RESERVE,H4,300,25,2,196.93384155173612
8Y_H4_N300_P4_RESERVE_seed025,P4_RESERVE,H4,300,25,3,1793.1234910878734
8Y_H4_N300_P4_RESERVE_seed025,P4_RESERVE,H4,300,25,4,1807.8606522649593
8Y_H4_N300_P4_RESERVE_seed025,P4_RESERVE,H4,300,25,5,980.2208610439984
8Y_H4_N300_P4_RESERVE_seed025,P4_RESERVE,H4,300,25,6,161.38287219662197
8Y_H4_N300_P4_RESERVE_seed025,P4_RESERVE,H4,300,25,7,394.1032784770341
8Y_H4_N300_P4_RESERVE_seed025,P4_RESERVE,H4,300,25,8,304.31997608767415
8Y_H4_N300_P4_RESERVE_seed025,P4_RESERVE,H4,300,25,9,148.8600152141098
8Y_H4_N300_P4_RESERVE_seed025,P4_RESERVE,H4,300,25,10,511.9446650364762
8Y_H4_N300_POW_seed026,POW,H4,300,26,1,1393.7106622441436
8Y_H4_N300_POW_seed026,POW,H4,300,26,2,359.07936272972916
8Y_H4_N300_POW_seed026,POW,H4,300,26,3,244.94172909299868
8Y_H4_N300_POW_seed026,POW,H4,300,26,4,878.353003624653
8Y_H4_N300_POW_seed026,POW,H4,300,26,5,481.3342764609579
8Y_H4_N300_POW_seed026,POW,H4,300,26,6,931.1588525974362
8Y_H4_N300_POW_seed026,POW,H4,300,26,7,109.80529169143847
8Y_H4_N300_POW_seed026,POW,H4,300,26,8,418.8381215717909
8Y_H4_N300_POW_seed026,POW,H4,300,26,9,476.71819683847843
8Y_H4_N300_POW_seed026,POW,H4,300,26,10,111.98825930172097
8Y_H4_N300_POW_seed026,POW,H4,300,26,11,499.42481305527326
8Y_H4_N300_POW_seed026,POW,H4,300,26,12,141.05511907712116
8Y_H4_N300_POW_seed026,POW,H4,300,26,13,128.95558673983487
8Y_H4_N300_POW_seed026,POW,H4,300,26,14,898.7130113160556
8Y_H4_N300_POW_seed026,POW,H4,300,26,15,486.74827049489613
8Y_H4_N300_POW_seed026,POW,H4,300,26,16,1202.0743146338891
8Y_H4_N300_P0_ALL_seed026,P0_ALL,H4,300,26,1,1395.7226578273019
8Y_H4_N300_P0_ALL_seed026,P0_ALL,H4,300,26,2,359.07936272972916
8Y_H4_N300_P0_ALL_seed026,P0_ALL,H4,300,26,3,244.94172909299868
8Y_H4_N300_P0_ALL_seed026,P0_ALL,H4,300,26,4,880.9295792122325
8Y_H4_N300_P0_ALL_seed026,P0_ALL,H4,300,26,5,481.3342764609579
8Y_H4_N300_P0_ALL_seed026,P0_ALL,H4,300,26,6,933.9275110123176
8Y_H4_N300_P0_ALL_seed026,P0_ALL,H4,300,26,7,109.80529169143847
8Y_H4_N300_P0_ALL_seed026,P0_ALL,H4,300,26,8,418.8381215717909
8Y_H4_N300_P0_ALL_seed026,P0_ALL,H4,300,26,9,476.71819683847843
8Y_H4_N300_P0_ALL_seed026,P0_ALL,H4,300,26,10,111.98825930172097
8Y_H4_N300_P0_ALL_seed026,P0_ALL,H4,300,26,11,499.42481305527326
8Y_H4_N300_P0_ALL_seed026,P0_ALL,H4,300,26,12,141.05511907712116
8Y_H4_N300_P0_ALL_seed026,P0_ALL,H4,300,26,13,128.95558673983487
8Y_H4_N300_P0_ALL_seed026,P0_ALL,H4,300,26,14,900.7006776691578
8Y_H4_N300_P0_ALL_seed026,P0_ALL,H4,300,26,15,486.74827049489613
8Y_H4_N300_P0_ALL_seed026,P0_ALL,H4,300,26,16,1206.0557799838643
8Y_H4_N300_P0_ALL_seed026,P0_ALL,H4,300,26,17,430.89138258725507
8Y_H4_N300_P3_ENERGY_seed026,P3_ENERGY,H4,300,26,1,2164.1972796643545
8Y_H4_N300_P3_ENERGY_seed026,P3_ENERGY,H4,300,26,2,244.84161983092054
8Y_H4_N300_P3_ENERGY_seed026,P3_ENERGY,H4,300,26,3,880.7369680700867
8Y_H4_N300_P3_ENERGY_seed026,P3_ENERGY,H4,300,26,4,481.5310414596461
8Y_H4_N300_P3_ENERGY_seed026,P3_ENERGY,H4,300,26,5,933.6615120492365
8Y_H4_N300_P3_ENERGY_seed026,P3_ENERGY,H4,300,26,6,202.03943806221378
8Y_H4_N300_P3_ENERGY_seed026,P3_ENERGY,H4,300,26,7,419.050161710471
8Y_H4_N300_P3_ENERGY_seed026,P3_ENERGY,H4,300,26,8,714.7125123341948
8Y_H4_N300_P3_ENERGY_seed026,P3_ENERGY,H4,300,26,9,499.5126340602028
8Y_H4_N300_P3_ENERGY_seed026,P3_ENERGY,H4,300,26,10,141.56440023208597
8Y_H4_N300_P3_ENERGY_seed026,P3_ENERGY,H4,300,26,11,128.76219143414983
8Y_H4_N300_P3_ENERGY_seed026,P3_ENERGY,H4,300,26,12,899.8307290472058
8Y_H4_N300_P3_ENERGY_seed026,P3_ENERGY,H4,300,26,13,487.1283164679635
8Y_H4_N300_P3_ENERGY_seed026,P3_ENERGY,H4,300,26,14,1206.9144408046286
8Y_H4_N300_P4_RESERVE_seed026,P4_RESERVE,H4,300,26,1,2305.722657827297
8Y_H4_N300_P4_RESERVE_seed026,P4_RESERVE,H4,300,26,2,359.0793627297289
8Y_H4_N300_P4_RESERVE_seed026,P4_RESERVE,H4,300,26,3,244.94172909299868
8Y_H4_N300_P4_RESERVE_seed026,P4_RESERVE,H4,300,26,4,1788.7038476736193
8Y_H4_N300_P4_RESERVE_seed026,P4_RESERVE,H4,300,26,5,481.33427646095697
8Y_H4_N300_P4_RESERVE_seed026,P4_RESERVE,H4,300,26,6,1841.3154207822981
8Y_H4_N300_P4_RESERVE_seed026,P4_RESERVE,H4,300,26,7,201.34840883757897
8Y_H4_N300_P4_RESERVE_seed026,P4_RESERVE,H4,300,26,8,418.8381215717909
8Y_H4_N300_P4_RESERVE_seed026,P4_RESERVE,H4,300,26,9,1621.814166218307
8Y_H4_N300_P4_RESERVE_seed026,P4_RESERVE,H4,300,26,10,499.75540350998745
8Y_H4_N300_P4_RESERVE_seed026,P4_RESERVE,H4,300,26,11,141.15679116151478
8Y_H4_N300_POW_seed027,POW,H4,300,27,1,1834.846307749738
8Y_H4_N300_POW_seed027,POW,H4,300,27,2,507.8071934107977
8Y_H4_N300_POW_seed027,POW,H4,300,27,3,75.6398904213147
8Y_H4_N300_POW_seed027,POW,H4,300,27,4,1400.949314875797
8Y_H4_N300_POW_seed027,POW,H4,300,27,5,121.54400910275899
8Y_H4_N300_POW_seed027,POW,H4,300,27,6,520.439753220905
8Y_H4_N300_POW_seed027,POW,H4,300,27,7,1693.1555048309683
8Y_H4_N300_POW_seed027,POW,H4,300,27,8,217.95584882924504
8Y_H4_N300_POW_seed027,POW,H4,300,27,9,142.12764478394
8Y_H4_N300_POW_seed027,POW,H4,300,27,10,336.46072577496216
8Y_H4_N300_POW_seed027,POW,H4,300,27,11,782.5367725868082
8Y_H4_N300_POW_seed027,POW,H4,300,27,12,1412.419382402416
8Y_H4_N300_P0_ALL_seed027,P0_ALL,H4,300,27,1,1839.7277301885376
8Y_H4_N300_P0_ALL_seed027,P0_ALL,H4,300,27,2,507.8071934107977
8Y_H4_N300_P0_ALL_seed027,P0_ALL,H4,300,27,3,75.6398904213147
8Y_H4_N300_P0_ALL_seed027,P0_ALL,H4,300,27,4,1406.9771753094979
8Y_H4_N300_P0_ALL_seed027,P0_ALL,H4,300,27,5,121.54400910275899
8Y_H4_N300_P0_ALL_seed027,P0_ALL,H4,300,27,6,520.439753220905
8Y_H4_N300_P0_ALL_seed027,P0_ALL,H4,300,27,7,1698.3629381353485
8Y_H4_N300_P0_ALL_seed027,P0_ALL,H4,300,27,8,217.95584882924504
8Y_H4_N300_P0_ALL_seed027,P0_ALL,H4,300,27,9,142.12764478394
8Y_H4_N300_P0_ALL_seed027,P0_ALL,H4,300,27,10,336.46072577496216
8Y_H4_N300_P0_ALL_seed027,P0_ALL,H4,300,27,11,786.8970197401368
8Y_H4_N300_P0_ALL_seed027,P0_ALL,H4,300,27,12,1417.7680112824555
8Y_H4_N300_P3_ENERGY_seed027,P3_ENERGY,H4,300,27,1,1839.4912426992448
8Y_H4_N300_P3_ENERGY_seed027,P3_ENERGY,H4,300,27,2,507.8071934107977
8Y_H4_N300_P3_ENERGY_seed027,P3_ENERGY,H4,300,27,3,75.6398904213147
8Y_H4_N300_P3_ENERGY_seed027,P3_ENERGY,H4,300,27,4,1404.6859566810713
8Y_H4_N300_P3_ENERGY_seed027,P3_ENERGY,H4,300,27,5,1122.4815539662518
8Y_H4_N300_P3_ENERGY_seed027,P3_ENERGY,H4,300,27,6,1698.2786320492478
8Y_H4_N300_P3_ENERGY_seed027,P3_ENERGY,H4,300,27,7,218.55934927622548
8Y_H4_N300_P3_ENERGY_seed027,P3_ENERGY,H4,300,27,8,142.92689127189897
8Y_H4_N300_P3_ENERGY_seed027,P3_ENERGY,H4,300,27,9,1387.0065674339457
8Y_H4_N300_P3_ENERGY_seed027,P3_ENERGY,H4,300,27,10,1416.5327712357448
8Y_H4_N300_P4_RESERVE_seed027,P4_RESERVE,H4,300,27,1,2749.7277301885324
8Y_H4_N300_P4_RESERVE_seed027,P4_RESERVE,H4,300,27,2,507.8071934107975
8Y_H4_N300_P4_RESERVE_seed027,P4_RESERVE,H4,300,27,3,75.6398904213147
8Y_H4_N300_P4_RESERVE_seed027,P4_RESERVE,H4,300,27,4,2314.433216965238
8Y_H4_N300_P4_RESERVE_seed027,P4_RESERVE,H4,300,27,5,2030.6627749981872
8Y_H4_N300_P4_RESERVE_seed027,P4_RESERVE,H4,300,27,6,729.7847213940513
8Y_H4_N300_POW_seed028,POW,H4,300,28,1,1159.1116709077069
8Y_H4_N300_POW_seed028,POW,H4,300,28,2,2.305668384422006
8Y_H4_N300_POW_seed028,POW,H4,300,28,3,414.35836424430454
8Y_H4_N300_POW_seed028,POW,H4,300,28,4,364.19066116300246
8Y_H4_N300_POW_seed028,POW,H4,300,28,5,186.4471105415014
8Y_H4_N300_POW_seed028,POW,H4,300,28,6,349.7089961415786
8Y_H4_N300_POW_seed028,POW,H4,300,28,7,744.8819747034117
8Y_H4_N300_POW_seed028,POW,H4,300,28,8,184.92492680903206
8Y_H4_N300_POW_seed028,POW,H4,300,28,9,24.741962560465254
8Y_H4_N300_POW_seed028,POW,H4,300,28,10,1039.441053526346
8Y_H4_N300_POW_seed028,POW,H4,300,28,11,144.31701816744135
8Y_H4_N300_POW_seed028,POW,H4,300,28,12,517.2654255212083
8Y_H4_N300_POW_seed028,POW,H4,300,28,13,205.36822630516417
8Y_H4_N300_POW_seed028,POW,H4,300,28,14,615.0940376745111
8Y_H4_N300_POW_seed028,POW,H4,300,28,15,79.51742254236615
8Y_H4_N300_POW_seed028,POW,H4,300,28,16,29.47608531091828
8Y_H4_N300_POW_seed028,POW,H4,300,28,17,1045.3332656557686
8Y_H4_N300_POW_seed028,POW,H4,300,28,18,127.04092210802992
8Y_H4_N300_POW_seed028,POW,H4,300,28,19,2554.55493766785
8Y_H4_N300_P0_ALL_seed028,P0_ALL,H4,300,28,1,1159.1318673352853
8Y_H4_N300_P0_ALL_seed028,P0_ALL,H4,300,28,2,2.305668384422006
8Y_H4_N300_P0_ALL_seed028,P0_ALL,H4,300,28,3,414.35836424430454
8Y_H4_N300_P0_ALL_seed028,P0_ALL,H4,300,28,4,364.19066116300246
8Y_H4_N300_P0_ALL_seed028,P0_ALL,H4,300,28,5,186.4471105415014
8Y_H4_N300_P0_ALL_seed028,P0_ALL,H4,300,28,6,349.7089961415786
8Y_H4_N300_P0_ALL_seed028,P0_ALL,H4,300,28,7,748.1074559022336
8Y_H4_N300_P0_ALL_seed028,P0_ALL,H4,300,28,8,184.92492680903206
8Y_H4_N300_P0_ALL_seed028,P0_ALL,H4,300,28,9,24.741962560465254
8Y_H4_N300_P0_ALL_seed028,P0_ALL,H4,300,28,10,1042.827824972053
8Y_H4_N300_P0_ALL_seed028,P0_ALL,H4,300,28,11,144.31701816744135
8Y_H4_N300_P0_ALL_seed028,P0_ALL,H4,300,28,12,517.2654255212083
8Y_H4_N300_P0_ALL_seed028,P0_ALL,H4,300,28,13,205.36822630516417
8Y_H4_N300_P0_ALL_seed028,P0_ALL,H4,300,28,14,616.3120060451129
8Y_H4_N300_P0_ALL_seed028,P0_ALL,H4,300,28,15,79.51742254236615
8Y_H4_N300_P0_ALL_seed028,P0_ALL,H4,300,28,16,29.47608531091828
8Y_H4_N300_P0_ALL_seed028,P0_ALL,H4,300,28,17,1047.6765074865298
8Y_H4_N300_P0_ALL_seed028,P0_ALL,H4,300,28,18,127.04092210802992
8Y_H4_N300_P0_ALL_seed028,P0_ALL,H4,300,28,19,2563.3851959411486
8Y_H4_N300_P3_ENERGY_seed028,P3_ENERGY,H4,300,28,1,1159.1318673352853
8Y_H4_N300_P3_ENERGY_seed028,P3_ENERGY,H4,300,28,2,376.92113619119255
8Y_H4_N300_P3_ENERGY_seed028,P3_ENERGY,H4,300,28,3,966.37829082698
8Y_H4_N300_P3_ENERGY_seed028,P3_ENERGY,H4,300,28,4,186.72005317864523
8Y_H4_N300_P3_ENERGY_seed028,P3_ENERGY,H4,300,28,5,349.723416101167
8Y_H4_N300_P3_ENERGY_seed028,P3_ENERGY,H4,300,28,6,746.5840731112717
8Y_H4_N300_P3_ENERGY_seed028,P3_ENERGY,H4,300,28,7,184.99543657575623
8Y_H4_N300_P3_ENERGY_seed028,P3_ENERGY,H4,300,28,8,24.74002931096129
8Y_H4_N300_P3_ENERGY_seed028,P3_ENERGY,H4,300,28,9,1042.0729306194344
8Y_H4_N300_P3_ENERGY_seed028,P3_ENERGY,H4,300,28,10,301.2993038594159
8Y_H4_N300_P3_ENERGY_seed028,P3_ENERGY,H4,300,28,11,518.1770349262833
8Y_H4_N300_P3_ENERGY_seed028,P3_ENERGY,H4,300,28,12,205.2147773397919
8Y_H4_N300_P3_ENERGY_seed028,P3_ENERGY,H4,300,28,13,616.1082282760763
8Y_H4_N300_P3_ENERGY_seed028,P3_ENERGY,H4,300,28,14,79.76806595591552
8Y_H4_N300_P3_ENERGY_seed028,P3_ENERGY,H4,300,28,15,28.176310738942448
8Y_H4_N300_P3_ENERGY_seed028,P3_ENERGY,H4,300,28,16,1047.469630798183
8Y_H4_N300_P3_ENERGY_seed028,P3_ENERGY,H4,300,28,17,127.14416562717724
8Y_H4_N300_P4_RESERVE_seed028,P4_RESERVE,H4,300,28,1,2069.1318673352803
8Y_H4_N300_P4_RESERVE_seed028,P4_RESERVE,H4,300,28,2,311.7470764456966
8Y_H4_N300_P4_RESERVE_seed028,P4_RESERVE,H4,300,28,3,723.9006822825131
8Y_H4_N300_P4_RESERVE_seed028,P4_RESERVE,H4,300,28,4,364.1906611630029
8Y_H4_N300_P4_RESERVE_seed028,P4_RESERVE,H4,300,28,5,186.4471105415014
8Y_H4_N300_P4_RESERVE_seed028,P4_RESERVE,H4,300,28,6,349.7089961415786
8Y_H4_N300_P4_RESERVE_seed028,P4_RESERVE,H4,300,28,7,1654.8006622880234
8Y_H4_N300_P4_RESERVE_seed028,P4_RESERVE,H4,300,28,8,184.9249268090325
8Y_H4_N300_P4_RESERVE_seed028,P4_RESERVE,H4,300,28,9,24.741962560465254
8Y_H4_N300_P4_RESERVE_seed028,P4_RESERVE,H4,300,28,10,1949.8192654735258
8Y_H4_N300_P4_RESERVE_seed028,P4_RESERVE,H4,300,28,11,301.0130933174514
8Y_H4_N300_P4_RESERVE_seed028,P4_RESERVE,H4,300,28,12,517.2654255212083
8Y_H4_N300_P4_RESERVE_seed028,P4_RESERVE,H4,300,28,13,205.36822630516508
8Y_H4_N300_POW_seed029,POW,H4,300,29,1,169.8440875380258
8Y_H4_N300_POW_seed029,POW,H4,300,29,2,680.5342582022233
8Y_H4_N300_POW_seed029,POW,H4,300,29,3,484.2879822570709
8Y_H4_N300_POW_seed029,POW,H4,300,29,4,179.51427645705712
8Y_H4_N300_POW_seed029,POW,H4,300,29,5,443.0641945202067
8Y_H4_N300_POW_seed029,POW,H4,300,29,6,631.369540987921
8Y_H4_N300_POW_seed029,POW,H4,300,29,7,109.44670422927265
8Y_H4_N300_POW_seed029,POW,H4,300,29,8,294.32880383552265
8Y_H4_N300_POW_seed029,POW,H4,300,29,9,842.6930855219111
8Y_H4_N300_POW_seed029,POW,H4,300,29,10,391.1469795351054
8Y_H4_N300_POW_seed029,POW,H4,300,29,11,644.6413319471621
8Y_H4_N300_POW_seed029,POW,H4,300,29,12,68.78137615886772
8Y_H4_N300_POW_seed029,POW,H4,300,29,13,1306.233531889262
8Y_H4_N300_POW_seed029,POW,H4,300,29,14,379.3900817688691
8Y_H4_N300_POW_seed029,POW,H4,300,29,15,1610.5967891915898
8Y_H4_N300_POW_seed029,POW,H4,300,29,16,224.84131116328717
8Y_H4_N300_POW_seed029,POW,H4,300,29,17,35.83000089851885
8Y_H4_N300_POW_seed029,POW,H4,300,29,18,651.8552510134941
8Y_H4_N300_P0_ALL_seed029,P0_ALL,H4,300,29,1,169.8440875380258
8Y_H4_N300_P0_ALL_seed029,P0_ALL,H4,300,29,2,682.7935082916729
8Y_H4_N300_P0_ALL_seed029,P0_ALL,H4,300,29,3,484.287982257071
8Y_H4_N300_P0_ALL_seed029,P0_ALL,H4,300,29,4,179.51427645705712
8Y_H4_N300_P0_ALL_seed029,P0_ALL,H4,300,29,5,443.0641945202067
8Y_H4_N300_P0_ALL_seed029,P0_ALL,H4,300,29,6,634.4152775321731
8Y_H4_N300_P0_ALL_seed029,P0_ALL,H4,300,29,7,109.44670422927265
8Y_H4_N300_P0_ALL_seed029,P0_ALL,H4,300,29,8,294.3288038355231
8Y_H4_N300_P0_ALL_seed029,P0_ALL,H4,300,29,9,845.7548946152192
8Y_H4_N300_P0_ALL_seed029,P0_ALL,H4,300,29,10,391.14697953510495
8Y_H4_N300_P0_ALL_seed029,P0_ALL,H4,300,29,11,648.0736269998697
8Y_H4_N300_P0_ALL_seed029,P0_ALL,H4,300,29,12,68.78137615886772
8Y_H4_N300_P0_ALL_seed029,P0_ALL,H4,300,29,13,1311.2958499834795
8Y_H4_N300_P0_ALL_seed029,P0_ALL,H4,300,29,14,379.3900817688691
8Y_H4_N300_P0_ALL_seed029,P0_ALL,H4,300,29,15,1615.2165083759692
8Y_H4_N300_P0_ALL_seed029,P0_ALL,H4,300,29,16,224.84131116328717
8Y_H4_N300_P0_ALL_seed029,P0_ALL,H4,300,29,17,35.83000089851885
8Y_H4_N300_P0_ALL_seed029,P0_ALL,H4,300,29,18,654.4881130406502
8Y_H4_N300_P3_ENERGY_seed029,P3_ENERGY,H4,300,29,1,169.8440875380258
8Y_H4_N300_P3_ENERGY_seed029,P3_ENERGY,H4,300,29,2,682.1144543574776
8Y_H4_N300_P3_ENERGY_seed029,P3_ENERGY,H4,300,29,3,484.2879822570709
8Y_H4_N300_P3_ENERGY_seed029,P3_ENERGY,H4,300,29,4,179.51427645705712
8Y_H4_N300_P3_ENERGY_seed029,P3_ENERGY,H4,300,29,5,443.0641945202067
8Y_H4_N300_P3_ENERGY_seed029,P3_ENERGY,H4,300,29,6,633.9932677161828
8Y_H4_N300_P3_ENERGY_seed029,P3_ENERGY,H4,300,29,7,386.9832742644644
8Y_H4_N300_P3_ENERGY_seed029,P3_ENERGY,H4,300,29,8,294.32880383552265
8Y_H4_N300_P3_ENERGY_seed029,P3_ENERGY,H4,300,29,9,845.5811390378985
8Y_H4_N300_P3_ENERGY_seed029,P3_ENERGY,H4,300,29,10,1248.7811562861907
8Y_H4_N300_P3_ENERGY_seed029,P3_ENERGY,H4,300,29,11,67.91708833988469
8Y_H4_N300_P3_ENERGY_seed029,P3_ENERGY,H4,300,29,12,1310.6821842425852
8Y_H4_N300_P3_ENERGY_seed029,P3_ENERGY,H4,300,29,13,379.29168842050785
8Y_H4_N300_P3_ENERGY_seed029,P3_ENERGY,H4,300,29,14,1614.6098966992477
8Y_H4_N300_P4_RESERVE_seed029,P4_RESERVE,H4,300,29,1,169.8440875380258
8Y_H4_N300_P4_RESERVE_seed029,P4_RESERVE,H4,300,29,2,1590.2701876611914
8Y_H4_N300_P4_RESERVE_seed029,P4_RESERVE,H4,300,29,3,484.28798225707055
8Y_H4_N300_P4_RESERVE_seed029,P4_RESERVE,H4,300,29,4,179.51427645705735
8Y_H4_N300_P4_RESERVE_seed029,P4_RESERVE,H4,300,29,5,443.06419452020646
8Y_H4_N300_P4_RESERVE_seed029,P4_RESERVE,H4,300,29,6,1541.2959827756263
8Y_H4_N300_P4_RESERVE_seed029,P4_RESERVE,H4,300,29,7,386.98327426446394
8Y_H4_N300_P4_RESERVE_seed029,P4_RESERVE,H4,300,29,8,294.3288038355222
8Y_H4_N300_P4_RESERVE_seed029,P4_RESERVE,H4,300,29,9,1752.7978946636185
8Y_H4_N300_P4_RESERVE_seed029,P4_RESERVE,H4,300,29,10,2158.1420241485876
8Y_H4_N300_P4_RESERVE_seed029,P4_RESERVE,H4,300,29,11,67.91708833988378
8Y_H4_N300_POW_seed030,POW,H4,300,30,1,548.8334166207544
8Y_H4_N300_POW_seed030,POW,H4,300,30,2,371.5951736825682
8Y_H4_N300_POW_seed030,POW,H4,300,30,3,1181.3023889691028
8Y_H4_N300_POW_seed030,POW,H4,300,30,4,399.49391965332916
8Y_H4_N300_POW_seed030,POW,H4,300,30,5,325.2713550474232
8Y_H4_N300_POW_seed030,POW,H4,300,30,6,28.888981244150273
8Y_H4_N300_POW_seed030,POW,H4,300,30,7,2075.7949786070667
8Y_H4_N300_POW_seed030,POW,H4,300,30,8,204.21820983496946
8Y_H4_N300_POW_seed030,POW,H4,300,30,9,60.60527551422365
8Y_H4_N300_POW_seed030,POW,H4,300,30,10,418.84267781283233
8Y_H4_N300_POW_seed030,POW,H4,300,30,11,447.1679166929953
8Y_H4_N300_POW_seed030,POW,H4,300,30,12,2674.2105408261205
8Y_H4_N300_POW_seed030,POW,H4,300,30,13,578.13054885161
8Y_H4_N300_POW_seed030,POW,H4,300,30,14,590.6724461065569
8Y_H4_N300_P0_ALL_seed030,P0_ALL,H4,300,30,1,548.8334166207544
8Y_H4_N300_P0_ALL_seed030,P0_ALL,H4,300,30,2,371.5951736825682
8Y_H4_N300_P0_ALL_seed030,P0_ALL,H4,300,30,3,1184.4621251847714
8Y_H4_N300_P0_ALL_seed030,P0_ALL,H4,300,30,4,399.49391965332916
8Y_H4_N300_P0_ALL_seed030,P0_ALL,H4,300,30,5,325.2713550474232
8Y_H4_N300_P0_ALL_seed030,P0_ALL,H4,300,30,6,28.888981244150273
8Y_H4_N300_P0_ALL_seed030,P0_ALL,H4,300,30,7,2083.785789836566
8Y_H4_N300_P0_ALL_seed030,P0_ALL,H4,300,30,8,204.21820983496946
8Y_H4_N300_P0_ALL_seed030,P0_ALL,H4,300,30,9,60.60527551422365
8Y_H4_N300_P0_ALL_seed030,P0_ALL,H4,300,30,10,418.84267781283233
8Y_H4_N300_P0_ALL_seed030,P0_ALL,H4,300,30,11,447.1679166929953
8Y_H4_N300_P0_ALL_seed030,P0_ALL,H4,300,30,12,2684.4883661720532
8Y_H4_N300_P0_ALL_seed030,P0_ALL,H4,300,30,13,578.13054885161
8Y_H4_N300_P0_ALL_seed030,P0_ALL,H4,300,30,14,590.6724461065569
8Y_H4_N300_P3_ENERGY_seed030,P3_ENERGY,H4,300,30,1,548.8334166207544
8Y_H4_N300_P3_ENERGY_seed030,P3_ENERGY,H4,300,30,2,371.5951736825682
8Y_H4_N300_P3_ENERGY_seed030,P3_ENERGY,H4,300,30,3,1184.0317913272022
8Y_H4_N300_P3_ENERGY_seed030,P3_ENERGY,H4,300,30,4,1155.2972983420582
8Y_H4_N300_P3_ENERGY_seed030,P3_ENERGY,H4,300,30,5,2684.9451034308277
8Y_H4_N300_P3_ENERGY_seed030,P3_ENERGY,H4,300,30,6,204.15879153670357
8Y_H4_N300_P3_ENERGY_seed030,P3_ENERGY,H4,300,30,7,60.44200060717867
8Y_H4_N300_P3_ENERGY_seed030,P3_ENERGY,H4,300,30,8,417.7064385514868
8Y_H4_N300_P3_ENERGY_seed030,P3_ENERGY,H4,300,30,9,446.8822616067182
8Y_H4_N300_P3_ENERGY_seed030,P3_ENERGY,H4,300,30,10,2683.9474432113175
8Y_H4_N300_P4_RESERVE_seed030,P4_RESERVE,H4,300,30,1,548.8334166207544
8Y_H4_N300_P4_RESERVE_seed030,P4_RESERVE,H4,300,30,2,371.5951736825682
8Y_H4_N300_P4_RESERVE_seed030,P4_RESERVE,H4,300,30,3,2091.6443398171687
8Y_H4_N300_P4_RESERVE_seed030,P4_RESERVE,H4,300,30,4,708.740639699317
8Y_H4_N300_P4_RESERVE_seed030,P4_RESERVE,H4,300,30,5,553.1832267739182
8Y_H4_N300_P4_RESERVE_seed030,P4_RESERVE,H4,300,30,6,602.8548833073082
8Y_H4_N300_P4_RESERVE_seed030,P4_RESERVE,H4,300,30,7,2438.1209810301107
8Y_H4_N300_P4_RESERVE_seed030,P4_RESERVE,H4,300,30,8,275.5091621332904
8Y_H4_N300_P4_RESERVE_seed030,P4_RESERVE,H4,300,30,9,204.53484140794717
8Y_H4_N300_P4_RESERVE_seed030,P4_RESERVE,H4,300,30,10,60.7378067762329
8Y_H4_N300_P4_RESERVE_seed030,P4_RESERVE,H4,300,30,11,418.35193633756717
8Y_H4_N300_P4_RESERVE_seed030,P4_RESERVE,H4,300,30,12,447.22987350040603
8Y_H4_N300_P4_RESERVE_seed030,P4_RESERVE,H4,300,30,13,1244.770046250802
8Y_H4_N500_POW_seed001,POW,H4,500,1,1,260.1578678732463
8Y_H4_N500_POW_seed001,POW,H4,500,1,2,279.2652383320507
8Y_H4_N500_POW_seed001,POW,H4,500,1,3,218.5331059151033
8Y_H4_N500_POW_seed001,POW,H4,500,1,4,771.0505859144289
8Y_H4_N500_POW_seed001,POW,H4,500,1,5,49.29926108955465
8Y_H4_N500_POW_seed001,POW,H4,500,1,6,770.1853902603016
8Y_H4_N500_POW_seed001,POW,H4,500,1,7,2.497256432222457
8Y_H4_N500_POW_seed001,POW,H4,500,1,8,422.58837927801505
8Y_H4_N500_POW_seed001,POW,H4,500,1,9,118.16157257560053
8Y_H4_N500_POW_seed001,POW,H4,500,1,10,893.4032869854509
8Y_H4_N500_POW_seed001,POW,H4,500,1,11,437.7867226918129
8Y_H4_N500_POW_seed001,POW,H4,500,1,12,441.4271569689208
8Y_H4_N500_POW_seed001,POW,H4,500,1,13,1964.3110282281423
8Y_H4_N500_POW_seed001,POW,H4,500,1,14,1963.5596094088241
8Y_H4_N500_POW_seed001,POW,H4,500,1,15,58.38195735369845
8Y_H4_N500_POW_seed001,POW,H4,500,1,16,1327.9162141460438
8Y_H4_N500_P0_ALL_seed001,P0_ALL,H4,500,1,1,260.1578678732463
8Y_H4_N500_P0_ALL_seed001,P0_ALL,H4,500,1,2,279.2652383320507
8Y_H4_N500_P0_ALL_seed001,P0_ALL,H4,500,1,3,218.5331059151033
8Y_H4_N500_P0_ALL_seed001,P0_ALL,H4,500,1,4,772.6601402991428
8Y_H4_N500_P0_ALL_seed001,P0_ALL,H4,500,1,5,49.29926108955465
8Y_H4_N500_P0_ALL_seed001,P0_ALL,H4,500,1,6,772.5844963075108
8Y_H4_N500_P0_ALL_seed001,P0_ALL,H4,500,1,7,2.497256432222457
8Y_H4_N500_P0_ALL_seed001,P0_ALL,H4,500,1,8,422.58837927801505
8Y_H4_N500_P0_ALL_seed001,P0_ALL,H4,500,1,9,118.16157257560053
8Y_H4_N500_P0_ALL_seed001,P0_ALL,H4,500,1,10,896.1352994576127
8Y_H4_N500_P0_ALL_seed001,P0_ALL,H4,500,1,11,437.7867226918129
8Y_H4_N500_P0_ALL_seed001,P0_ALL,H4,500,1,12,441.4271569689208
8Y_H4_N500_P0_ALL_seed001,P0_ALL,H4,500,1,13,1972.929850505363
8Y_H4_N500_P0_ALL_seed001,P0_ALL,H4,500,1,14,1973.321623103142
8Y_H4_N500_P0_ALL_seed001,P0_ALL,H4,500,1,15,58.38195735369845
8Y_H4_N500_P3_ENERGY_seed001,P3_ENERGY,H4,500,1,1,260.1578678732463
8Y_H4_N500_P3_ENERGY_seed001,P3_ENERGY,H4,500,1,2,279.2652383320507
8Y_H4_N500_P3_ENERGY_seed001,P3_ENERGY,H4,500,1,3,218.5331059151033
8Y_H4_N500_P3_ENERGY_seed001,P3_ENERGY,H4,500,1,4,772.6350460184956
8Y_H4_N500_P3_ENERGY_seed001,P3_ENERGY,H4,500,1,5,49.29926108955465
8Y_H4_N500_P3_ENERGY_seed001,P3_ENERGY,H4,500,1,6,1206.7055466401284
8Y_H4_N500_P3_ENERGY_seed001,P3_ENERGY,H4,500,1,7,721.1259241352259
8Y_H4_N500_P3_ENERGY_seed001,P3_ENERGY,H4,500,1,8,895.5285608138151
8Y_H4_N500_P3_ENERGY_seed001,P3_ENERGY,H4,500,1,9,437.72963951882775
8Y_H4_N500_P3_ENERGY_seed001,P3_ENERGY,H4,500,1,10,2574.9152850638047
8Y_H4_N500_P3_ENERGY_seed001,P3_ENERGY,H4,500,1,11,1971.0317635341662
8Y_H4_N500_P3_ENERGY_seed001,P3_ENERGY,H4,500,1,12,58.28300455569479
8Y_H4_N500_P4_RESERVE_seed001,P4_RESERVE,H4,500,1,1,260.1578678732463
8Y_H4_N500_P4_RESERVE_seed001,P4_RESERVE,H4,500,1,2,279.2652383320507
8Y_H4_N500_P4_RESERVE_seed001,P4_RESERVE,H4,500,1,3,218.5331059151033
8Y_H4_N500_P4_RESERVE_seed001,P4_RESERVE,H4,500,1,4,1680.4352973238292
8Y_H4_N500_P4_RESERVE_seed001,P4_RESERVE,H4,500,1,5,49.299261089554875
8Y_H4_N500_P4_RESERVE_seed001,P4_RESERVE,H4,500,1,6,899.2185743574523
8Y_H4_N500_P4_RESERVE_seed001,P4_RESERVE,H4,500,1,7,1511.1208343402345
8Y_H4_N500_P4_RESERVE_seed001,P4_RESERVE,H4,500,1,8,1628.3024939246734
8Y_H4_N500_P4_RESERVE_seed001,P4_RESERVE,H4,500,1,9,480.13256147357333
8Y_H4_N500_P4_RESERVE_seed001,P4_RESERVE,H4,500,1,10,293.4032869854509
8Y_H4_N500_P4_RESERVE_seed001,P4_RESERVE,H4,500,1,11,370.9115203929796
8Y_H4_N500_POW_seed002,POW,H4,500,2,1,252.38054547600373
8Y_H4_N500_POW_seed002,POW,H4,500,2,2,349.83056536309164
8Y_H4_N500_POW_seed002,POW,H4,500,2,3,627.1414898101112
8Y_H4_N500_POW_seed002,POW,H4,500,2,4,367.77703876514306
8Y_H4_N500_POW_seed002,POW,H4,500,2,5,269.7188352083276
8Y_H4_N500_POW_seed002,POW,H4,500,2,6,388.40060604395376
8Y_H4_N500_POW_seed002,POW,H4,500,2,7,54.18795860752152
8Y_H4_N500_POW_seed002,POW,H4,500,2,8,90.2491044508779
8Y_H4_N500_POW_seed002,POW,H4,500,2,9,4.938885885224408
8Y_H4_N500_POW_seed002,POW,H4,500,2,10,39.99350826744512
8Y_H4_N500_POW_seed002,POW,H4,500,2,11,81.2337404654586
8Y_H4_N500_POW_seed002,POW,H4,500,2,12,495.88148956463783
8Y_H4_N500_POW_seed002,POW,H4,500,2,13,410.08463044372047
8Y_H4_N500_POW_seed002,POW,H4,500,2,14,1019.3516146281659
8Y_H4_N500_POW_seed002,POW,H4,500,2,15,46.19099535485839
8Y_H4_N500_POW_seed002,POW,H4,500,2,16,236.4760356425959
8Y_H4_N500_POW_seed002,POW,H4,500,2,17,143.44157165438537
8Y_H4_N500_POW_seed002,POW,H4,500,2,18,314.8273568967188
8Y_H4_N500_POW_seed002,POW,H4,500,2,19,1434.3154264036866
8Y_H4_N500_POW_seed002,POW,H4,500,2,20,869.053642482153
8Y_H4_N500_POW_seed002,POW,H4,500,2,21,785.1577089269367
8Y_H4_N500_POW_seed002,POW,H4,500,2,22,815.4481258284613
8Y_H4_N500_POW_seed002,POW,H4,500,2,23,320.708847013846
8Y_H4_N500_POW_seed002,POW,H4,500,2,24,204.38532460466558
8Y_H4_N500_POW_seed002,POW,H4,500,2,25,366.5747391965433
8Y_H4_N500_P0_ALL_seed002,P0_ALL,H4,500,2,1,252.38054547600373
8Y_H4_N500_P0_ALL_seed002,P0_ALL,H4,500,2,2,349.83056536309164
8Y_H4_N500_P0_ALL_seed002,P0_ALL,H4,500,2,3,630.5323237457613
8Y_H4_N500_P0_ALL_seed002,P0_ALL,H4,500,2,4,367.77703876514283
8Y_H4_N500_P0_ALL_seed002,P0_ALL,H4,500,2,5,269.7188352083276
8Y_H4_N500_P0_ALL_seed002,P0_ALL,H4,500,2,6,388.40060604395376
8Y_H4_N500_P0_ALL_seed002,P0_ALL,H4,500,2,7,54.18795860752152
8Y_H4_N500_P0_ALL_seed002,P0_ALL,H4,500,2,8,90.2491044508779
8Y_H4_N500_P0_ALL_seed002,P0_ALL,H4,500,2,9,4.938885885224408
8Y_H4_N500_P0_ALL_seed002,P0_ALL,H4,500,2,10,39.99350826744512
8Y_H4_N500_P0_ALL_seed002,P0_ALL,H4,500,2,11,81.2337404654586
8Y_H4_N500_P0_ALL_seed002,P0_ALL,H4,500,2,12,495.88148956463783
8Y_H4_N500_P0_ALL_seed002,P0_ALL,H4,500,2,13,410.08463044372047
8Y_H4_N500_P0_ALL_seed002,P0_ALL,H4,500,2,14,1022.5535558214633
8Y_H4_N500_P0_ALL_seed002,P0_ALL,H4,500,2,15,46.19099535485839
8Y_H4_N500_P0_ALL_seed002,P0_ALL,H4,500,2,16,236.4760356425959
8Y_H4_N500_P0_ALL_seed002,P0_ALL,H4,500,2,17,143.44157165438537
8Y_H4_N500_P0_ALL_seed002,P0_ALL,H4,500,2,18,314.8273568967188
8Y_H4_N500_P0_ALL_seed002,P0_ALL,H4,500,2,19,1440.2822609180685
8Y_H4_N500_P0_ALL_seed002,P0_ALL,H4,500,2,20,872.220783696559
8Y_H4_N500_P0_ALL_seed002,P0_ALL,H4,500,2,21,787.198413228215
8Y_H4_N500_P0_ALL_seed002,P0_ALL,H4,500,2,22,819.1082252339475
8Y_H4_N500_P0_ALL_seed002,P0_ALL,H4,500,2,23,320.708847013846
8Y_H4_N500_P0_ALL_seed002,P0_ALL,H4,500,2,24,204.38532460466558
8Y_H4_N500_P3_ENERGY_seed002,P3_ENERGY,H4,500,2,1,949.933265800586
8Y_H4_N500_P3_ENERGY_seed002,P3_ENERGY,H4,500,2,2,628.8302436563342
8Y_H4_N500_P3_ENERGY_seed002,P3_ENERGY,H4,500,2,3,1592.9272254550071
8Y_H4_N500_P3_ENERGY_seed002,P3_ENERGY,H4,500,2,4,692.0943810774452
8Y_H4_N500_P3_ENERGY_seed002,P3_ENERGY,H4,500,2,5,4.748467910453655
8Y_H4_N500_P3_ENERGY_seed002,P3_ENERGY,H4,500,2,6,290.5430172773249
8Y_H4_N500_P3_ENERGY_seed002,P3_ENERGY,H4,500,2,7,80.22247632806102
8Y_H4_N500_P3_ENERGY_seed002,P3_ENERGY,H4,500,2,8,496.17779706819965
8Y_H4_N500_P3_ENERGY_seed002,P3_ENERGY,H4,500,2,9,1853.0464577566863
8Y_H4_N500_P3_ENERGY_seed002,P3_ENERGY,H4,500,2,10,236.03235124695948
8Y_H4_N500_P3_ENERGY_seed002,P3_ENERGY,H4,500,2,11,143.49922013596188
8Y_H4_N500_P3_ENERGY_seed002,P3_ENERGY,H4,500,2,12,314.247171475894
8Y_H4_N500_P3_ENERGY_seed002,P3_ENERGY,H4,500,2,13,1438.7659361629276
8Y_H4_N500_P4_RESERVE_seed002,P4_RESERVE,H4,500,2,1,862.3805454760037
8Y_H4_N500_P4_RESERVE_seed002,P4_RESERVE,H4,500,2,2,349.8305653630915
8Y_H4_N500_P4_RESERVE_seed002,P4_RESERVE,H4,500,2,3,1537.7290151883515
8Y_H4_N500_P4_RESERVE_seed002,P4_RESERVE,H4,500,2,4,2382.194064647568
8Y_H4_N500_P4_RESERVE_seed002,P4_RESERVE,H4,500,2,5,363.8719390107117
8Y_H4_N500_P4_RESERVE_seed002,P4_RESERVE,H4,500,2,6,90.5612245987113
8Y_H4_N500_P4_RESERVE_seed002,P4_RESERVE,H4,500,2,7,5.25104073402872
8Y_H4_N500_P4_RESERVE_seed002,P4_RESERVE,H4,500,2,8,291.0382434492676
8Y_H4_N500_P4_RESERVE_seed002,P4_RESERVE,H4,500,2,9,80.11925486322798
8Y_H4_N500_P4_RESERVE_seed002,P4_RESERVE,H4,500,2,10,496.5037613583754
8Y_H4_N500_P4_RESERVE_seed002,P4_RESERVE,H4,500,2,11,1550.3713079564732
8Y_H4_N500_P4_RESERVE_seed002,P4_RESERVE,H4,500,2,12,707.461135393236
8Y_H4_N500_P4_RESERVE_seed002,P4_RESERVE,H4,500,2,13,46.35504608991141
8Y_H4_N500_P4_RESERVE_seed002,P4_RESERVE,H4,500,2,14,236.10883947261755
8Y_H4_N500_P4_RESERVE_seed002,P4_RESERVE,H4,500,2,15,142.86257463414586
8Y_H4_N500_P4_RESERVE_seed002,P4_RESERVE,H4,500,2,16,314.71410838428346
8Y_H4_N500_POW_seed003,POW,H4,500,3,1,232.13417792062904
8Y_H4_N500_POW_seed003,POW,H4,500,3,2,34.350373713094314
8Y_H4_N500_POW_seed003,POW,H4,500,3,3,64.51600129909173
8Y_H4_N500_POW_seed003,POW,H4,500,3,4,1166.4679728563624
8Y_H4_N500_POW_seed003,POW,H4,500,3,5,115.99770772638476
8Y_H4_N500_POW_seed003,POW,H4,500,3,6,91.3802965497955
8Y_H4_N500_POW_seed003,POW,H4,500,3,7,515.6024579345337
8Y_H4_N500_POW_seed003,POW,H4,500,3,8,741.664493926231
8Y_H4_N500_POW_seed003,POW,H4,500,3,9,28.877419836286663
8Y_H4_N500_POW_seed003,POW,H4,500,3,10,2170.8514116210267
8Y_H4_N500_POW_seed003,POW,H4,500,3,11,673.9151279096895
8Y_H4_N500_POW_seed003,POW,H4,500,3,12,982.8002254698713
8Y_H4_N500_POW_seed003,POW,H4,500,3,13,808.011216199995
8Y_H4_N500_POW_seed003,POW,H4,500,3,14,558.1908902456953
8Y_H4_N500_POW_seed003,POW,H4,500,3,15,1092.1178274542144
8Y_H4_N500_P0_ALL_seed003,P0_ALL,H4,500,3,1,232.13417792062904
8Y_H4_N500_P0_ALL_seed003,P0_ALL,H4,500,3,2,34.350373713094314
8Y_H4_N500_P0_ALL_seed003,P0_ALL,H4,500,3,3,64.51600129909173
8Y_H4_N500_P0_ALL_seed003,P0_ALL,H4,500,3,4,1171.2347621876174
8Y_H4_N500_P0_ALL_seed003,P0_ALL,H4,500,3,5,115.99770772638476
8Y_H4_N500_P0_ALL_seed003,P0_ALL,H4,500,3,6,91.3802965497955
8Y_H4_N500_P0_ALL_seed003,P0_ALL,H4,500,3,7,515.6024579345337
8Y_H4_N500_P0_ALL_seed003,P0_ALL,H4,500,3,8,743.7637138577129
8Y_H4_N500_P0_ALL_seed003,P0_ALL,H4,500,3,9,28.877419836286663
8Y_H4_N500_P0_ALL_seed003,P0_ALL,H4,500,3,10,2177.816381856294
8Y_H4_N500_P0_ALL_seed003,P0_ALL,H4,500,3,11,677.1117879114618
8Y_H4_N500_P0_ALL_seed003,P0_ALL,H4,500,3,12,987.9694960802299
8Y_H4_N500_P0_ALL_seed003,P0_ALL,H4,500,3,13,810.5813657315275
8Y_H4_N500_P0_ALL_seed003,P0_ALL,H4,500,3,14,558.1908902456962
8Y_H4_N500_P0_ALL_seed003,P0_ALL,H4,500,3,15,1096.1177501262646
8Y_H4_N500_P3_ENERGY_seed003,P3_ENERGY,H4,500,3,1,3124.6309819347134
8Y_H4_N500_P3_ENERGY_seed003,P3_ENERGY,H4,500,3,2,91.70951754334146
8Y_H4_N500_P3_ENERGY_seed003,P3_ENERGY,H4,500,3,3,516.1814170961134
8Y_H4_N500_P3_ENERGY_seed003,P3_ENERGY,H4,500,3,4,1647.3331121163064
8Y_H4_N500_P3_ENERGY_seed003,P3_ENERGY,H4,500,3,5,3087.86999124223
8Y_H4_N500_P4_RESERVE_seed003,P4_RESERVE,H4,500,3,1,1142.134177920629
8Y_H4_N500_P4_RESERVE_seed003,P4_RESERVE,H4,500,3,2,643.8161184767907
8Y_H4_N500_P4_RESERVE_seed003,P4_RESERVE,H4,500,3,3,1574.358885142767
8Y_H4_N500_P4_RESERVE_seed003,P4_RESERVE,H4,500,3,4,1175.8739528487022
8Y_H4_N500_P4_RESERVE_seed003,P4_RESERVE,H4,500,3,5,115.99770772638476
8Y_H4_N500_P4_RESERVE_seed003,P4_RESERVE,H4,500,3,6,91.38029654979528
8Y_H4_N500_P4_RESERVE_seed003,P4_RESERVE,H4,500,3,7,515.602457934533
8Y_H4_N500_P4_RESERVE_seed003,P4_RESERVE,H4,500,3,8,2554.3136110340038
8Y_H4_N500_P4_RESERVE_seed003,P4_RESERVE,H4,500,3,9,451.1865261892608
8Y_H4_N500_P4_RESERVE_seed003,P4_RESERVE,H4,500,3,10,338.4826840215137
8Y_H4_N500_POW_seed004,POW,H4,500,4,1,75.25471421752054
8Y_H4_N500_POW_seed004,POW,H4,500,4,2,1104.408032678074
8Y_H4_N500_POW_seed004,POW,H4,500,4,3,922.051047440423
8Y_H4_N500_POW_seed004,POW,H4,500,4,4,409.5290594025332
8Y_H4_N500_POW_seed004,POW,H4,500,4,5,189.04091937231306
8Y_H4_N500_POW_seed004,POW,H4,500,4,6,892.5942576796651
8Y_H4_N500_POW_seed004,POW,H4,500,4,7,28.53171250262858
8Y_H4_N500_POW_seed004,POW,H4,500,4,8,316.9213334156666
8Y_H4_N500_POW_seed004,POW,H4,500,4,9,2282.163904728827
8Y_H4_N500_POW_seed004,POW,H4,500,4,10,833.5162767415868
8Y_H4_N500_POW_seed004,POW,H4,500,4,11,1203.7697346262194
8Y_H4_N500_P0_ALL_seed004,P0_ALL,H4,500,4,1,75.25471421752054
8Y_H4_N500_P0_ALL_seed004,P0_ALL,H4,500,4,2,1107.153637794978
8Y_H4_N500_P0_ALL_seed004,P0_ALL,H4,500,4,3,926.0278182480452
8Y_H4_N500_P0_ALL_seed004,P0_ALL,H4,500,4,4,409.5290594025332
8Y_H4_N500_P0_ALL_seed004,P0_ALL,H4,500,4,5,189.04091937231306
8Y_H4_N500_P0_ALL_seed004,P0_ALL,H4,500,4,6,895.282979623852
8Y_H4_N500_P0_ALL_seed004,P0_ALL,H4,500,4,7,28.53171250262858
8Y_H4_N500_P0_ALL_seed004,P0_ALL,H4,500,4,8,316.9213334156666
8Y_H4_N500_P0_ALL_seed004,P0_ALL,H4,500,4,9,2292.4302562903404
8Y_H4_N500_P0_ALL_seed004,P0_ALL,H4,500,4,10,836.2914032266908
8Y_H4_N500_P0_ALL_seed004,P0_ALL,H4,500,4,11,1209.2791772209994
8Y_H4_N500_P3_ENERGY_seed004,P3_ENERGY,H4,500,4,1,75.25471421752054
8Y_H4_N500_P3_ENERGY_seed004,P3_ENERGY,H4,500,4,2,2819.583660677745
8Y_H4_N500_P3_ENERGY_seed004,P3_ENERGY,H4,500,4,3,1499.5176793283658
8Y_H4_N500_P3_ENERGY_seed004,P3_ENERGY,H4,500,4,4,28.32486800361221
8Y_H4_N500_P3_ENERGY_seed004,P3_ENERGY,H4,500,4,5,398.1765930530155
8Y_H4_N500_P4_RESERVE_seed004,P4_RESERVE,H4,500,4,1,75.25471421752054
8Y_H4_N500_P4_RESERVE_seed004,P4_RESERVE,H4,500,4,2,722.2098748239783
8Y_H4_N500_P4_RESERVE_seed004,P4_RESERVE,H4,500,4,3,2014.4612644783042
8Y_H4_N500_P4_RESERVE_seed004,P4_RESERVE,H4,500,4,4,1832.0547197223914
8Y_H4_N500_P4_RESERVE_seed004,P4_RESERVE,H4,500,4,5,1698.1888340853502
8Y_H4_N500_P4_RESERVE_seed004,P4_RESERVE,H4,500,4,6,292.59425767966513
8Y_H4_N500_P4_RESERVE_seed004,P4_RESERVE,H4,500,4,7,28.53171250262949
8Y_H4_N500_P4_RESERVE_seed004,P4_RESERVE,H4,500,4,8,398.39477012559655
8Y_H4_N500_P4_RESERVE_seed004,P4_RESERVE,H4,500,4,9,2429.8108557737596
8Y_H4_N500_POW_seed005,POW,H4,500,5,1,957.6342368334299
8Y_H4_N500_POW_seed005,POW,H4,500,5,2,1213.9525788304636
8Y_H4_N500_POW_seed005,POW,H4,500,5,3,303.47965985940255
8Y_H4_N500_POW_seed005,POW,H4,500,5,4,43.336674137137834
8Y_H4_N500_POW_seed005,POW,H4,500,5,5,1010.1728536902201
8Y_H4_N500_POW_seed005,POW,H4,500,5,6,777.2774549444812
8Y_H4_N500_POW_seed005,POW,H4,500,5,7,846.142811112205
8Y_H4_N500_POW_seed005,POW,H4,500,5,8,1343.8771806134737
8Y_H4_N500_POW_seed005,POW,H4,500,5,9,57.526611748433425
8Y_H4_N500_POW_seed005,POW,H4,500,5,10,191.27038822867326
8Y_H4_N500_POW_seed005,POW,H4,500,5,11,442.36984097086497
8Y_H4_N500_POW_seed005,POW,H4,500,5,12,228.4767584176434
8Y_H4_N500_POW_seed005,POW,H4,500,5,13,275.17486253922743
8Y_H4_N500_POW_seed005,POW,H4,500,5,14,484.7483046887528
8Y_H4_N500_POW_seed005,POW,H4,500,5,15,370.37222011107497
8Y_H4_N500_POW_seed005,POW,H4,500,5,16,238.62272270460744
8Y_H4_N500_POW_seed005,POW,H4,500,5,17,538.7630900375443
8Y_H4_N500_POW_seed005,POW,H4,500,5,18,441.6444747911628
8Y_H4_N500_P0_ALL_seed005,P0_ALL,H4,500,5,1,958.6874437622971
8Y_H4_N500_P0_ALL_seed005,P0_ALL,H4,500,5,2,1220.7232311426458
8Y_H4_N500_P0_ALL_seed005,P0_ALL,H4,500,5,3,303.47965985940255
8Y_H4_N500_P0_ALL_seed005,P0_ALL,H4,500,5,4,43.336674137137834
8Y_H4_N500_P0_ALL_seed005,P0_ALL,H4,500,5,5,1012.1173902138498
8Y_H4_N500_P0_ALL_seed005,P0_ALL,H4,500,5,6,780.9591015910632
8Y_H4_N500_P0_ALL_seed005,P0_ALL,H4,500,5,7,849.064143440798
8Y_H4_N500_P0_ALL_seed005,P0_ALL,H4,500,5,8,1351.392407672388
8Y_H4_N500_P0_ALL_seed005,P0_ALL,H4,500,5,9,57.526611748433425
8Y_H4_N500_P0_ALL_seed005,P0_ALL,H4,500,5,10,191.27038822867326
8Y_H4_N500_P0_ALL_seed005,P0_ALL,H4,500,5,11,442.36984097086497
8Y_H4_N500_P0_ALL_seed005,P0_ALL,H4,500,5,12,228.4767584176434
8Y_H4_N500_P0_ALL_seed005,P0_ALL,H4,500,5,13,275.17486253922743
8Y_H4_N500_P0_ALL_seed005,P0_ALL,H4,500,5,14,484.7483046887528
8Y_H4_N500_P0_ALL_seed005,P0_ALL,H4,500,5,15,370.37222011107406
8Y_H4_N500_P0_ALL_seed005,P0_ALL,H4,500,5,16,238.62272270460744
8Y_H4_N500_P0_ALL_seed005,P0_ALL,H4,500,5,17,538.7630900375443
8Y_H4_N500_P0_ALL_seed005,P0_ALL,H4,500,5,18,441.6444747911628
8Y_H4_N500_P3_ENERGY_seed005,P3_ENERGY,H4,500,5,1,958.6874437622971
8Y_H4_N500_P3_ENERGY_seed005,P3_ENERGY,H4,500,5,2,1220.7232311426458
8Y_H4_N500_P3_ENERGY_seed005,P3_ENERGY,H4,500,5,3,303.47965985940255
8Y_H4_N500_P3_ENERGY_seed005,P3_ENERGY,H4,500,5,4,483.7140979226551
8Y_H4_N500_P3_ENERGY_seed005,P3_ENERGY,H4,500,5,5,1985.885387771771
8Y_H4_N500_P3_ENERGY_seed005,P3_ENERGY,H4,500,5,6,848.6234622398606
8Y_H4_N500_P3_ENERGY_seed005,P3_ENERGY,H4,500,5,7,1347.887181428221
8Y_H4_N500_P3_ENERGY_seed005,P3_ENERGY,H4,500,5,8,220.7745480675385
8Y_H4_N500_P3_ENERGY_seed005,P3_ENERGY,H4,500,5,9,190.29089890053092
8Y_H4_N500_P3_ENERGY_seed005,P3_ENERGY,H4,500,5,10,830.0070943634264
8Y_H4_N500_P3_ENERGY_seed005,P3_ENERGY,H4,500,5,11,275.2669929931362
8Y_H4_N500_P4_RESERVE_seed005,P4_RESERVE,H4,500,5,1,1868.687443762297
8Y_H4_N500_P4_RESERVE_seed005,P4_RESERVE,H4,500,5,2,2127.2950014113403
8Y_H4_N500_P4_RESERVE_seed005,P4_RESERVE,H4,500,5,3,303.47965985940255
8Y_H4_N500_P4_RESERVE_seed005,P4_RESERVE,H4,500,5,4,483.7140979226542
8Y_H4_N500_P4_RESERVE_seed005,P4_RESERVE,H4,500,5,5,1198.4197368062996
8Y_H4_N500_P4_RESERVE_seed005,P4_RESERVE,H4,500,5,6,653.2978276771582
8Y_H4_N500_P4_RESERVE_seed005,P4_RESERVE,H4,500,5,7,1687.3478457254505
8Y_H4_N500_P4_RESERVE_seed005,P4_RESERVE,H4,500,5,8,1353.5768151361153
8Y_H4_N500_P4_RESERVE_seed005,P4_RESERVE,H4,500,5,9,245.94301087474742
8Y_H4_N500_POW_seed006,POW,H4,500,6,1,639.9256126345106
8Y_H4_N500_POW_seed006,POW,H4,500,6,2,421.5999956312223
8Y_H4_N500_POW_seed006,POW,H4,500,6,3,1444.9203786608828
8Y_H4_N500_POW_seed006,POW,H4,500,6,4,98.16972323957498
8Y_H4_N500_POW_seed006,POW,H4,500,6,5,602.5539248300902
8Y_H4_N500_POW_seed006,POW,H4,500,6,6,585.5332407885721
8Y_H4_N500_POW_seed006,POW,H4,500,6,7,68.77561137693647
8Y_H4_N500_POW_seed006,POW,H4,500,6,8,70.8227075514892
8Y_H4_N500_POW_seed006,POW,H4,500,6,9,606.6912967135772
8Y_H4_N500_POW_seed006,POW,H4,500,6,10,52.39033015118093
8Y_H4_N500_POW_seed006,POW,H4,500,6,11,230.2756358403085
8Y_H4_N500_POW_seed006,POW,H4,500,6,12,435.0363546110093
8Y_H4_N500_POW_seed006,POW,H4,500,6,13,300.9993157123008
8Y_H4_N500_POW_seed006,POW,H4,500,6,14,570.3356393445792
8Y_H4_N500_POW_seed006,POW,H4,500,6,15,350.8609411433072
8Y_H4_N500_POW_seed006,POW,H4,500,6,16,890.37066288405
8Y_H4_N500_POW_seed006,POW,H4,500,6,17,223.72353429729628
8Y_H4_N500_POW_seed006,POW,H4,500,6,18,120.50336913956562
8Y_H4_N500_POW_seed006,POW,H4,500,6,19,335.5862414373296
8Y_H4_N500_POW_seed006,POW,H4,500,6,20,625.0856630663793
8Y_H4_N500_POW_seed006,POW,H4,500,6,21,1241.071146926235
8Y_H4_N500_P0_ALL_seed006,P0_ALL,H4,500,6,1,640.2680216855413
8Y_H4_N500_P0_ALL_seed006,P0_ALL,H4,500,6,2,421.5999956312223
8Y_H4_N500_P0_ALL_seed006,P0_ALL,H4,500,6,3,1449.8057878983523
8Y_H4_N500_P0_ALL_seed006,P0_ALL,H4,500,6,4,98.16972323957498
8Y_H4_N500_P0_ALL_seed006,P0_ALL,H4,500,6,5,604.6392089620217
8Y_H4_N500_P0_ALL_seed006,P0_ALL,H4,500,6,6,585.5332407885721
8Y_H4_N500_P0_ALL_seed006,P0_ALL,H4,500,6,7,68.77561137693647
8Y_H4_N500_P0_ALL_seed006,P0_ALL,H4,500,6,8,70.8227075514892
8Y_H4_N500_P0_ALL_seed006,P0_ALL,H4,500,6,9,609.5621410790154
8Y_H4_N500_P0_ALL_seed006,P0_ALL,H4,500,6,10,52.39033015118093
8Y_H4_N500_P0_ALL_seed006,P0_ALL,H4,500,6,11,230.2756358403085
8Y_H4_N500_P0_ALL_seed006,P0_ALL,H4,500,6,12,435.0363546110093
8Y_H4_N500_P0_ALL_seed006,P0_ALL,H4,500,6,13,300.9993157123008
8Y_H4_N500_P0_ALL_seed006,P0_ALL,H4,500,6,14,570.3356393445792
8Y_H4_N500_P0_ALL_seed006,P0_ALL,H4,500,6,15,350.8609411433072
8Y_H4_N500_P0_ALL_seed006,P0_ALL,H4,500,6,16,892.6662030845273
8Y_H4_N500_P0_ALL_seed006,P0_ALL,H4,500,6,17,223.72353429729628
8Y_H4_N500_P0_ALL_seed006,P0_ALL,H4,500,6,18,120.50336913956562
8Y_H4_N500_P0_ALL_seed006,P0_ALL,H4,500,6,19,335.5862414373296
8Y_H4_N500_P0_ALL_seed006,P0_ALL,H4,500,6,20,627.8068047662446
8Y_H4_N500_P3_ENERGY_seed006,P3_ENERGY,H4,500,6,1,640.2680216855413
8Y_H4_N500_P3_ENERGY_seed006,P3_ENERGY,H4,500,6,2,2053.204960098382
8Y_H4_N500_P3_ENERGY_seed006,P3_ENERGY,H4,500,6,3,1206.7812287899528
8Y_H4_N500_P3_ENERGY_seed006,P3_ENERGY,H4,500,6,4,585.592124213344
8Y_H4_N500_P3_ENERGY_seed006,P3_ENERGY,H4,500,6,5,68.9892004555013
8Y_H4_N500_P3_ENERGY_seed006,P3_ENERGY,H4,500,6,6,103.47578739274923
8Y_H4_N500_P3_ENERGY_seed006,P3_ENERGY,H4,500,6,7,1256.167458098811
8Y_H4_N500_P3_ENERGY_seed006,P3_ENERGY,H4,500,6,8,429.9163392505916
8Y_H4_N500_P3_ENERGY_seed006,P3_ENERGY,H4,500,6,9,434.8641073322824
8Y_H4_N500_P3_ENERGY_seed006,P3_ENERGY,H4,500,6,10,300.9914813772939
8Y_H4_N500_P3_ENERGY_seed006,P3_ENERGY,H4,500,6,11,2097.9810661639713
8Y_H4_N500_P3_ENERGY_seed006,P3_ENERGY,H4,500,6,12,223.60385935630802
8Y_H4_N500_P4_RESERVE_seed006,P4_RESERVE,H4,500,6,1,1550.2680216855413
8Y_H4_N500_P4_RESERVE_seed006,P4_RESERVE,H4,500,6,2,731.5130520678083
8Y_H4_N500_P4_RESERVE_seed006,P4_RESERVE,H4,500,6,3,2357.3105606715485
8Y_H4_N500_P4_RESERVE_seed006,P4_RESERVE,H4,500,6,4,1417.959368633884
8Y_H4_N500_P4_RESERVE_seed006,P4_RESERVE,H4,500,6,5,1007.7106985760929
8Y_H4_N500_P4_RESERVE_seed006,P4_RESERVE,H4,500,6,6,2.266640747200654
8Y_H4_N500_P4_RESERVE_seed006,P4_RESERVE,H4,500,6,7,585.5575499984107
8Y_H4_N500_P4_RESERVE_seed006,P4_RESERVE,H4,500,6,8,70.00156436104135
8Y_H4_N500_P4_RESERVE_seed006,P4_RESERVE,H4,500,6,9,103.44622311951844
8Y_H4_N500_P4_RESERVE_seed006,P4_RESERVE,H4,500,6,10,2165.3250373078918
8Y_H4_N500_POW_seed007,POW,H4,500,7,1,697.2676341561602
8Y_H4_N500_POW_seed007,POW,H4,500,7,2,875.4496996673987
8Y_H4_N500_POW_seed007,POW,H4,500,7,3,1379.8713646060623
8Y_H4_N500_POW_seed007,POW,H4,500,7,4,166.3188400940544
8Y_H4_N500_POW_seed007,POW,H4,500,7,5,577.6818313565195
8Y_H4_N500_POW_seed007,POW,H4,500,7,6,495.3043448014628
8Y_H4_N500_POW_seed007,POW,H4,500,7,7,1778.7049668220006
8Y_H4_N500_POW_seed007,POW,H4,500,7,8,83.6300761561597
8Y_H4_N500_POW_seed007,POW,H4,500,7,9,166.35634408408805
8Y_H4_N500_POW_seed007,POW,H4,500,7,10,270.5580066759994
8Y_H4_N500_POW_seed007,POW,H4,500,7,11,885.1531210711155
8Y_H4_N500_POW_seed007,POW,H4,500,7,12,73.00859451626184
8Y_H4_N500_POW_seed007,POW,H4,500,7,13,324.5441064371207
8Y_H4_N500_POW_seed007,POW,H4,500,7,14,1012.3065493545591
8Y_H4_N500_POW_seed007,POW,H4,500,7,15,975.7730381515212
8Y_H4_N500_P0_ALL_seed007,P0_ALL,H4,500,7,1,697.3624588478286
8Y_H4_N500_P0_ALL_seed007,P0_ALL,H4,500,7,2,878.9783538003963
8Y_H4_N500_P0_ALL_seed007,P0_ALL,H4,500,7,3,1385.95988710842
8Y_H4_N500_P0_ALL_seed007,P0_ALL,H4,500,7,4,166.3188400940544
8Y_H4_N500_P0_ALL_seed007,P0_ALL,H4,500,7,5,577.6818313565195
8Y_H4_N500_P0_ALL_seed007,P0_ALL,H4,500,7,6,495.3043448014623
8Y_H4_N500_P0_ALL_seed007,P0_ALL,H4,500,7,7,1783.9204397881094
8Y_H4_N500_P0_ALL_seed007,P0_ALL,H4,500,7,8,83.6300761561597
8Y_H4_N500_P0_ALL_seed007,P0_ALL,H4,500,7,9,166.35634408408805
8Y_H4_N500_P0_ALL_seed007,P0_ALL,H4,500,7,10,270.5580066759994
8Y_H4_N500_P0_ALL_seed007,P0_ALL,H4,500,7,11,887.7663241703403
8Y_H4_N500_P0_ALL_seed007,P0_ALL,H4,500,7,12,73.00859451626184
8Y_H4_N500_P0_ALL_seed007,P0_ALL,H4,500,7,13,324.5441064371207
8Y_H4_N500_P0_ALL_seed007,P0_ALL,H4,500,7,14,1014.9959546064138
8Y_H4_N500_P0_ALL_seed007,P0_ALL,H4,500,7,15,977.699850478095
8Y_H4_N500_P3_ENERGY_seed007,P3_ENERGY,H4,500,7,1,697.3624588478286
8Y_H4_N500_P3_ENERGY_seed007,P3_ENERGY,H4,500,7,2,878.9783538003963
8Y_H4_N500_P3_ENERGY_seed007,P3_ENERGY,H4,500,7,3,1688.0577720943447
8Y_H4_N500_P3_ENERGY_seed007,P3_ENERGY,H4,500,7,4,1771.1763863066458
8Y_H4_N500_P3_ENERGY_seed007,P3_ENERGY,H4,500,7,5,1784.5670715697188
8Y_H4_N500_P3_ENERGY_seed007,P3_ENERGY,H4,500,7,6,1475.776664739511
8Y_H4_N500_P3_ENERGY_seed007,P3_ENERGY,H4,500,7,7,887.6461071075173
8Y_H4_N500_P3_ENERGY_seed007,P3_ENERGY,H4,500,7,8,327.61126501354374
8Y_H4_N500_P3_ENERGY_seed007,P3_ENERGY,H4,500,7,9,325.1148363454686
8Y_H4_N500_P4_RESERVE_seed007,P4_RESERVE,H4,500,7,1,1607.3624588478287
8Y_H4_N500_P4_RESERVE_seed007,P4_RESERVE,H4,500,7,2,1785.7769951998748
8Y_H4_N500_P4_RESERVE_seed007,P4_RESERVE,H4,500,7,3,2293.024085912228
8Y_H4_N500_P4_RESERVE_seed007,P4_RESERVE,H4,500,7,4,1075.8505745382981
8Y_H4_N500_P4_RESERVE_seed007,P4_RESERVE,H4,500,7,5,1185.7101973873114
8Y_H4_N500_P4_RESERVE_seed007,P4_RESERVE,H4,500,7,6,566.5625722587747
8Y_H4_N500_POW_seed008,POW,H4,500,8,1,184.59687459718688
8Y_H4_N500_POW_seed008,POW,H4,500,8,2,2142.475647080587
8Y_H4_N500_POW_seed008,POW,H4,500,8,3,895.8108955901557
8Y_H4_N500_POW_seed008,POW,H4,500,8,4,83.34208834488027
8Y_H4_N500_POW_seed008,POW,H4,500,8,5,595.4270194232431
8Y_H4_N500_POW_seed008,POW,H4,500,8,6,828.9023637005148
8Y_H4_N500_POW_seed008,POW,H4,500,8,7,311.58948390386286
8Y_H4_N500_POW_seed008,POW,H4,500,8,8,601.1899799826415
8Y_H4_N500_POW_seed008,POW,H4,500,8,9,440.543449576332
8Y_H4_N500_POW_seed008,POW,H4,500,8,10,1220.402574811481
8Y_H4_N500_POW_seed008,POW,H4,500,8,11,1352.707762262863
8Y_H4_N500_POW_seed008,POW,H4,500,8,12,429.27730996876744
8Y_H4_N500_POW_seed008,POW,H4,500,8,13,436.03487849928206
8Y_H4_N500_POW_seed008,POW,H4,500,8,14,10.282125672158145
8Y_H4_N500_P0_ALL_seed008,P0_ALL,H4,500,8,1,184.59687459718688
8Y_H4_N500_P0_ALL_seed008,P0_ALL,H4,500,8,2,2150.1145815963273
8Y_H4_N500_P0_ALL_seed008,P0_ALL,H4,500,8,3,899.9798434947575
8Y_H4_N500_P0_ALL_seed008,P0_ALL,H4,500,8,4,83.34208834488027
8Y_H4_N500_P0_ALL_seed008,P0_ALL,H4,500,8,5,595.4270194232431
8Y_H4_N500_P0_ALL_seed008,P0_ALL,H4,500,8,6,831.9644211242439
8Y_H4_N500_P0_ALL_seed008,P0_ALL,H4,500,8,7,311.58948390386286
8Y_H4_N500_P0_ALL_seed008,P0_ALL,H4,500,8,8,604.1995433331404
8Y_H4_N500_P0_ALL_seed008,P0_ALL,H4,500,8,9,440.543449576332
8Y_H4_N500_P0_ALL_seed008,P0_ALL,H4,500,8,10,1229.7215184609713
8Y_H4_N500_P0_ALL_seed008,P0_ALL,H4,500,8,11,1635.0340117370952
8Y_H4_N500_P0_ALL_seed008,P0_ALL,H4,500,8,12,152.38748106963612
8Y_H4_N500_P0_ALL_seed008,P0_ALL,H4,500,8,13,386.39079584085994
8Y_H4_N500_P0_ALL_seed008,P0_ALL,H4,500,8,14,10.282125672158145
8Y_H4_N500_P0_ALL_seed008,P0_ALL,H4,500,8,15,299.3354805668314
8Y_H4_N500_P3_ENERGY_seed008,P3_ENERGY,H4,500,8,1,323.46214917490374
8Y_H4_N500_P3_ENERGY_seed008,P3_ENERGY,H4,500,8,2,2149.585872050332
8Y_H4_N500_P3_ENERGY_seed008,P3_ENERGY,H4,500,8,3,899.9798434947575
8Y_H4_N500_P3_ENERGY_seed008,P3_ENERGY,H4,500,8,4,1197.8972387477447
8Y_H4_N500_P3_ENERGY_seed008,P3_ENERGY,H4,500,8,5,831.3421441981145
8Y_H4_N500_P3_ENERGY_seed008,P3_ENERGY,H4,500,8,6,313.03688113964927
8Y_H4_N500_P3_ENERGY_seed008,P3_ENERGY,H4,500,8,7,1091.2418646057622
8Y_H4_N500_P3_ENERGY_seed008,P3_ENERGY,H4,500,8,8,440.5777368006711
8Y_H4_N500_P4_RESERVE_seed008,P4_RESERVE,H4,500,8,1,323.46214917490374
8Y_H4_N500_P4_RESERVE_seed008,P4_RESERVE,H4,500,8,2,3056.66976705467
8Y_H4_N500_P4_RESERVE_seed008,P4_RESERVE,H4,500,8,3,1806.5529772415957
8Y_H4_N500_P4_RESERVE_seed008,P4_RESERVE,H4,500,8,4,393.3348497813622
8Y_H4_N500_P4_RESERVE_seed008,P4_RESERVE,H4,500,8,5,595.4270194232431
8Y_H4_N500_P4_RESERVE_seed008,P4_RESERVE,H4,500,8,6,1738.911713432185
8Y_H4_N500_P4_RESERVE_seed008,P4_RESERVE,H4,500,8,7,311.58948390386286
8Y_H4_N500_POW_seed009,POW,H4,500,9,1,746.9950376567347
8Y_H4_N500_POW_seed009,POW,H4,500,9,2,729.7945022784697
8Y_H4_N500_POW_seed009,POW,H4,500,9,3,164.7819930091257
8Y_H4_N500_POW_seed009,POW,H4,500,9,4,1206.057194383182
8Y_H4_N500_POW_seed009,POW,H4,500,9,5,266.1039265722129
8Y_H4_N500_POW_seed009,POW,H4,500,9,6,615.0727360129081
8Y_H4_N500_POW_seed009,POW,H4,500,9,7,40.101856358840905
8Y_H4_N500_POW_seed009,POW,H4,500,9,8,443.61605936812975
8Y_H4_N500_POW_seed009,POW,H4,500,9,9,47.7798661471561
8Y_H4_N500_POW_seed009,POW,H4,500,9,10,187.56141409294924
8Y_H4_N500_POW_seed009,POW,H4,500,9,11,129.42462917026296
8Y_H4_N500_POW_seed009,POW,H4,500,9,12,1306.3110745157346
8Y_H4_N500_POW_seed009,POW,H4,500,9,13,315.4053148594503
8Y_H4_N500_POW_seed009,POW,H4,500,9,14,26.53742154581323
8Y_H4_N500_POW_seed009,POW,H4,500,9,15,34.41938077382838
8Y_H4_N500_POW_seed009,POW,H4,500,9,16,167.15345696414624
8Y_H4_N500_POW_seed009,POW,H4,500,9,17,10.775475546587586
8Y_H4_N500_POW_seed009,POW,H4,500,9,18,202.40654866358273
8Y_H4_N500_POW_seed009,POW,H4,500,9,19,1517.5233686558222
8Y_H4_N500_POW_seed009,POW,H4,500,9,20,279.7854488247167
8Y_H4_N500_POW_seed009,POW,H4,500,9,21,1048.9175097285606
8Y_H4_N500_POW_seed009,POW,H4,500,9,22,314.93708745830736
8Y_H4_N500_POW_seed009,POW,H4,500,9,23,1.9267339704747428
8Y_H4_N500_P0_ALL_seed009,P0_ALL,H4,500,9,1,747.268211465539
8Y_H4_N500_P0_ALL_seed009,P0_ALL,H4,500,9,2,732.7255891995042
8Y_H4_N500_P0_ALL_seed009,P0_ALL,H4,500,9,3,164.78199300912547
8Y_H4_N500_P0_ALL_seed009,P0_ALL,H4,500,9,4,1212.6438525336894
8Y_H4_N500_P0_ALL_seed009,P0_ALL,H4,500,9,5,266.1039265722129
8Y_H4_N500_P0_ALL_seed009,P0_ALL,H4,500,9,6,618.3641014139976
8Y_H4_N500_P0_ALL_seed009,P0_ALL,H4,500,9,7,40.101856358840905
8Y_H4_N500_P0_ALL_seed009,P0_ALL,H4,500,9,8,443.6160593681302
8Y_H4_N500_P0_ALL_seed009,P0_ALL,H4,500,9,9,47.7798661471561
8Y_H4_N500_P0_ALL_seed009,P0_ALL,H4,500,9,10,187.56141409294924
8Y_H4_N500_P0_ALL_seed009,P0_ALL,H4,500,9,11,129.42462917026296
8Y_H4_N500_P0_ALL_seed009,P0_ALL,H4,500,9,12,1312.7206636700294
8Y_H4_N500_P0_ALL_seed009,P0_ALL,H4,500,9,13,315.4053148594503
8Y_H4_N500_P0_ALL_seed009,P0_ALL,H4,500,9,14,26.53742154581323
8Y_H4_N500_P0_ALL_seed009,P0_ALL,H4,500,9,15,34.41938077382838
8Y_H4_N500_P0_ALL_seed009,P0_ALL,H4,500,9,16,167.15345696414624
8Y_H4_N500_P0_ALL_seed009,P0_ALL,H4,500,9,17,10.775475546587586
8Y_H4_N500_P0_ALL_seed009,P0_ALL,H4,500,9,18,202.40654866358273
8Y_H4_N500_P0_ALL_seed009,P0_ALL,H4,500,9,19,1523.4489961247937
8Y_H4_N500_P0_ALL_seed009,P0_ALL,H4,500,9,20,279.7854488247176
8Y_H4_N500_P0_ALL_seed009,P0_ALL,H4,500,9,21,1052.7096808211554
8Y_H4_N500_P0_ALL_seed009,P0_ALL,H4,500,9,22,314.93708745830736
8Y_H4_N500_P0_ALL_seed009,P0_ALL,H4,500,9,23,1.9267339704747428
8Y_H4_N500_P3_ENERGY_seed009,P3_ENERGY,H4,500,9,1,747.268211465539
8Y_H4_N500_P3_ENERGY_seed009,P3_ENERGY,H4,500,9,2,732.6699743822778
8Y_H4_N500_P3_ENERGY_seed009,P3_ENERGY,H4,500,9,3,1884.9675158192613
8Y_H4_N500_P3_ENERGY_seed009,P3_ENERGY,H4,500,9,4,266.0144023630478
8Y_H4_N500_P3_ENERGY_seed009,P3_ENERGY,H4,500,9,5,617.1805781013118
8Y_H4_N500_P3_ENERGY_seed009,P3_ENERGY,H4,500,9,6,40.090928863719455
8Y_H4_N500_P3_ENERGY_seed009,P3_ENERGY,H4,500,9,7,650.0645838923792
8Y_H4_N500_P3_ENERGY_seed009,P3_ENERGY,H4,500,9,8,187.52215470708416
8Y_H4_N500_P3_ENERGY_seed009,P3_ENERGY,H4,500,9,9,128.36602478984787
8Y_H4_N500_P3_ENERGY_seed009,P3_ENERGY,H4,500,9,10,1311.3204808259025
8Y_H4_N500_P3_ENERGY_seed009,P3_ENERGY,H4,500,9,11,1974.1064695105642
8Y_H4_N500_P3_ENERGY_seed009,P3_ENERGY,H4,500,9,12,10.737432480855205
8Y_H4_N500_P3_ENERGY_seed009,P3_ENERGY,H4,500,9,13,202.01763519578344
8Y_H4_N500_P4_RESERVE_seed009,P4_RESERVE,H4,500,9,1,1657.268211465539
8Y_H4_N500_P4_RESERVE_seed009,P4_RESERVE,H4,500,9,2,1640.5588188544184
8Y_H4_N500_P4_RESERVE_seed009,P4_RESERVE,H4,500,9,3,774.5735723358835
8Y_H4_N500_P4_RESERVE_seed009,P4_RESERVE,H4,500,9,4,2119.9779668570573
8Y_H4_N500_P4_RESERVE_seed009,P4_RESERVE,H4,500,9,5,266.1039265722129
8Y_H4_N500_P4_RESERVE_seed009,P4_RESERVE,H4,500,9,6,1525.3150244292583
8Y_H4_N500_P4_RESERVE_seed009,P4_RESERVE,H4,500,9,7,40.10185635884045
8Y_H4_N500_P4_RESERVE_seed009,P4_RESERVE,H4,500,9,8,1557.4180959535106
8Y_H4_N500_P4_RESERVE_seed009,P4_RESERVE,H4,500,9,9,187.41006131457107
8Y_H4_N500_P4_RESERVE_seed009,P4_RESERVE,H4,500,9,10,128.2435704622967
8Y_H4_N500_POW_seed010,POW,H4,500,10,1,578.342124311841
8Y_H4_N500_POW_seed010,POW,H4,500,10,2,10.517074445786648
8Y_H4_N500_POW_seed010,POW,H4,500,10,3,125.75549027103807
8Y_H4_N500_POW_seed010,POW,H4,500,10,4,1504.4781127708536
8Y_H4_N500_POW_seed010,POW,H4,500,10,5,236.11420291463764
8Y_H4_N500_POW_seed010,POW,H4,500,10,6,363.7773458677866
8Y_H4_N500_POW_seed010,POW,H4,500,10,7,212.9797566661632
8Y_H4_N500_POW_seed010,POW,H4,500,10,8,619.6149100723546
8Y_H4_N500_POW_seed010,POW,H4,500,10,9,43.36126059203298
8Y_H4_N500_POW_seed010,POW,H4,500,10,10,51.65729125608959
8Y_H4_N500_POW_seed010,POW,H4,500,10,11,267.21452427760005
8Y_H4_N500_POW_seed010,POW,H4,500,10,12,402.79404132081436
8Y_H4_N500_POW_seed010,POW,H4,500,10,13,140.6543972785512
8Y_H4_N500_POW_seed010,POW,H4,500,10,14,817.2729558065994
8Y_H4_N500_POW_seed010,POW,H4,500,10,15,452.89882093667075
8Y_H4_N500_POW_seed010,POW,H4,500,10,16,389.88537844091024
8Y_H4_N500_POW_seed010,POW,H4,500,10,17,125.81714733261015
8Y_H4_N500_POW_seed010,POW,H4,500,10,18,974.2656037140541
8Y_H4_N500_POW_seed010,POW,H4,500,10,19,1191.7437773404436
8Y_H4_N500_POW_seed010,POW,H4,500,10,20,625.7228958494306
8Y_H4_N500_POW_seed010,POW,H4,500,10,21,13.21387788805805
8Y_H4_N500_POW_seed010,POW,H4,500,10,22,135.18644039916762
8Y_H4_N500_P0_ALL_seed010,P0_ALL,H4,500,10,1,578.342124311841
8Y_H4_N500_P0_ALL_seed010,P0_ALL,H4,500,10,2,10.517074445786648
8Y_H4_N500_P0_ALL_seed010,P0_ALL,H4,500,10,3,125.75549027103807
8Y_H4_N500_P0_ALL_seed010,P0_ALL,H4,500,10,4,1509.8317362771274
8Y_H4_N500_P0_ALL_seed010,P0_ALL,H4,500,10,5,236.11420291463764
8Y_H4_N500_P0_ALL_seed010,P0_ALL,H4,500,10,6,363.7773458677866
8Y_H4_N500_P0_ALL_seed010,P0_ALL,H4,500,10,7,212.9797566661632
8Y_H4_N500_P0_ALL_seed010,P0_ALL,H4,500,10,8,622.976796261888
8Y_H4_N500_P0_ALL_seed010,P0_ALL,H4,500,10,9,43.36126059203298
8Y_H4_N500_P0_ALL_seed010,P0_ALL,H4,500,10,10,51.65729125608959
8Y_H4_N500_P0_ALL_seed010,P0_ALL,H4,500,10,11,267.21452427760005
8Y_H4_N500_P0_ALL_seed010,P0_ALL,H4,500,10,12,402.7940413208139
8Y_H4_N500_P0_ALL_seed010,P0_ALL,H4,500,10,13,140.6543972785512
8Y_H4_N500_P0_ALL_seed010,P0_ALL,H4,500,10,14,819.8741124163198
8Y_H4_N500_P0_ALL_seed010,P0_ALL,H4,500,10,15,452.89882093667075
8Y_H4_N500_P0_ALL_seed010,P0_ALL,H4,500,10,16,389.88537844091024
8Y_H4_N500_P0_ALL_seed010,P0_ALL,H4,500,10,17,125.81714733261015
8Y_H4_N500_P0_ALL_seed010,P0_ALL,H4,500,10,18,978.3889033541
8Y_H4_N500_P0_ALL_seed010,P0_ALL,H4,500,10,19,1194.3776592590139
8Y_H4_N500_P0_ALL_seed010,P0_ALL,H4,500,10,20,628.3396596033726
8Y_H4_N500_P0_ALL_seed010,P0_ALL,H4,500,10,21,13.21387788805805
8Y_H4_N500_P0_ALL_seed010,P0_ALL,H4,500,10,22,135.18644039916762
8Y_H4_N500_P3_ENERGY_seed010,P3_ENERGY,H4,500,10,1,578.342124311841
8Y_H4_N500_P3_ENERGY_seed010,P3_ENERGY,H4,500,10,2,932.6942944440832
8Y_H4_N500_P3_ENERGY_seed010,P3_ENERGY,H4,500,10,3,1508.7827587115555
8Y_H4_N500_P3_ENERGY_seed010,P3_ENERGY,H4,500,10,4,965.1046000712126
8Y_H4_N500_P3_ENERGY_seed010,P3_ENERGY,H4,500,10,5,1435.8202530268404
8Y_H4_N500_P3_ENERGY_seed010,P3_ENERGY,H4,500,10,6,42.850463715642036
8Y_H4_N500_P3_ENERGY_seed010,P3_ENERGY,H4,500,10,7,51.91622843640562
8Y_H4_N500_P3_ENERGY_seed010,P3_ENERGY,H4,500,10,8,266.9346334633319
8Y_H4_N500_P3_ENERGY_seed010,P3_ENERGY,H4,500,10,9,403.0679709375363
8Y_H4_N500_P3_ENERGY_seed010,P3_ENERGY,H4,500,10,10,140.73905424583427
8Y_H4_N500_P3_ENERGY_seed010,P3_ENERGY,H4,500,10,11,1656.4329361801929
8Y_H4_N500_P3_ENERGY_seed010,P3_ENERGY,H4,500,10,12,390.0641292255423
8Y_H4_N500_P3_ENERGY_seed010,P3_ENERGY,H4,500,10,13,219.30884419356516
8Y_H4_N500_P3_ENERGY_seed010,P3_ENERGY,H4,500,10,14,977.0238039452161
8Y_H4_N500_P4_RESERVE_seed010,P4_RESERVE,H4,500,10,1,578.342124311841
8Y_H4_N500_P4_RESERVE_seed010,P4_RESERVE,H4,500,10,2,1518.17755378718
8Y_H4_N500_P4_RESERVE_seed010,P4_RESERVE,H4,500,10,3,735.4379608370941
8Y_H4_N500_P4_RESERVE_seed010,P4_RESERVE,H4,500,10,4,1814.6161890181506
8Y_H4_N500_P4_RESERVE_seed010,P4_RESERVE,H4,500,10,5,1747.2919421090564
8Y_H4_N500_P4_RESERVE_seed010,P4_RESERVE,H4,500,10,6,1723.1342726750663
8Y_H4_N500_P4_RESERVE_seed010,P4_RESERVE,H4,500,10,7,229.8760535741485
8Y_H4_N500_P4_RESERVE_seed010,P4_RESERVE,H4,500,10,8,42.142239042164874
8Y_H4_N500_P4_RESERVE_seed010,P4_RESERVE,H4,500,10,9,51.786117271254625
8Y_H4_N500_P4_RESERVE_seed010,P4_RESERVE,H4,500,10,10,266.8158818235097
8Y_H4_N500_P4_RESERVE_seed010,P4_RESERVE,H4,500,10,11,402.7758447676606
8Y_H4_N500_P4_RESERVE_seed010,P4_RESERVE,H4,500,10,12,140.5699436041741
8Y_H4_N500_POW_seed011,POW,H4,500,11,1,16.714090034474687
8Y_H4_N500_POW_seed011,POW,H4,500,11,2,988.8285728749344
8Y_H4_N500_POW_seed011,POW,H4,500,11,3,209.62824567833195
8Y_H4_N500_POW_seed011,POW,H4,500,11,4,399.36141124571895
8Y_H4_N500_POW_seed011,POW,H4,500,11,5,943.6503610381433
8Y_H4_N500_POW_seed011,POW,H4,500,11,6,346.2068360526532
8Y_H4_N500_POW_seed011,POW,H4,500,11,7,1351.8706653421573
8Y_H4_N500_POW_seed011,POW,H4,500,11,8,308.9392807388849
8Y_H4_N500_POW_seed011,POW,H4,500,11,9,781.3183955063478
8Y_H4_N500_POW_seed011,POW,H4,500,11,10,171.98772220351202
8Y_H4_N500_POW_seed011,POW,H4,500,11,11,387.6374953601253
8Y_H4_N500_POW_seed011,POW,H4,500,11,12,838.2080659191615
8Y_H4_N500_POW_seed011,POW,H4,500,11,13,239.3855730925061
8Y_H4_N500_POW_seed011,POW,H4,500,11,14,4.708805055914127
8Y_H4_N500_POW_seed011,POW,H4,500,11,15,729.803857029764
8Y_H4_N500_POW_seed011,POW,H4,500,11,16,1.1821439481009293
8Y_H4_N500_POW_seed011,POW,H4,500,11,17,124.78858182914973
8Y_H4_N500_POW_seed011,POW,H4,500,11,18,633.0108544467812
8Y_H4_N500_POW_seed011,POW,H4,500,11,19,547.2382252035568
8Y_H4_N500_POW_seed011,POW,H4,500,11,20,729.224443059069
8Y_H4_N500_POW_seed011,POW,H4,500,11,21,229.87051993763635
8Y_H4_N500_P0_ALL_seed011,P0_ALL,H4,500,11,1,16.714090034474687
8Y_H4_N500_P0_ALL_seed011,P0_ALL,H4,500,11,2,991.8670935850997
8Y_H4_N500_P0_ALL_seed011,P0_ALL,H4,500,11,3,209.62824567833195
8Y_H4_N500_P0_ALL_seed011,P0_ALL,H4,500,11,4,399.36141124571895
8Y_H4_N500_P0_ALL_seed011,P0_ALL,H4,500,11,5,945.6864500944475
8Y_H4_N500_P0_ALL_seed011,P0_ALL,H4,500,11,6,346.2068360526532
8Y_H4_N500_P0_ALL_seed011,P0_ALL,H4,500,11,7,1357.3519362531974
8Y_H4_N500_P0_ALL_seed011,P0_ALL,H4,500,11,8,308.9392807388849
8Y_H4_N500_P0_ALL_seed011,P0_ALL,H4,500,11,9,784.3542181873354
8Y_H4_N500_P0_ALL_seed011,P0_ALL,H4,500,11,10,171.98772220351202
8Y_H4_N500_P0_ALL_seed011,P0_ALL,H4,500,11,11,387.6374953601253
8Y_H4_N500_P0_ALL_seed011,P0_ALL,H4,500,11,12,841.0578162373567
8Y_H4_N500_P0_ALL_seed011,P0_ALL,H4,500,11,13,239.3855730925061
8Y_H4_N500_P0_ALL_seed011,P0_ALL,H4,500,11,14,4.708805055914127
8Y_H4_N500_P0_ALL_seed011,P0_ALL,H4,500,11,15,733.3465200070768
8Y_H4_N500_P0_ALL_seed011,P0_ALL,H4,500,11,16,1.1821439481009293
8Y_H4_N500_P0_ALL_seed011,P0_ALL,H4,500,11,17,124.78858182914973
8Y_H4_N500_P0_ALL_seed011,P0_ALL,H4,500,11,18,635.898974320171
8Y_H4_N500_P0_ALL_seed011,P0_ALL,H4,500,11,19,547.2382252035568
8Y_H4_N500_P0_ALL_seed011,P0_ALL,H4,500,11,20,732.0546504813792
8Y_H4_N500_P3_ENERGY_seed011,P3_ENERGY,H4,500,11,1,16.714090034474687
8Y_H4_N500_P3_ENERGY_seed011,P3_ENERGY,H4,500,11,2,991.2265271559528
8Y_H4_N500_P3_ENERGY_seed011,P3_ENERGY,H4,500,11,3,1001.2330897553568
8Y_H4_N500_P3_ENERGY_seed011,P3_ENERGY,H4,500,11,4,1583.9954885617924
8Y_H4_N500_P3_ENERGY_seed011,P3_ENERGY,H4,500,11,5,1359.8066157821904
8Y_H4_N500_P3_ENERGY_seed011,P3_ENERGY,H4,500,11,6,309.98655141587096
8Y_H4_N500_P3_ENERGY_seed011,P3_ENERGY,H4,500,11,7,783.5387211357856
8Y_H4_N500_P3_ENERGY_seed011,P3_ENERGY,H4,500,11,8,2044.773473104894
8Y_H4_N500_P3_ENERGY_seed011,P3_ENERGY,H4,500,11,9,936.7403508953221
8Y_H4_N500_P3_ENERGY_seed011,P3_ENERGY,H4,500,11,10,732.3849654558544
8Y_H4_N500_P4_RESERVE_seed011,P4_RESERVE,H4,500,11,1,16.714090034474687
8Y_H4_N500_P4_RESERVE_seed011,P4_RESERVE,H4,500,11,2,1898.6582018324077
8Y_H4_N500_P4_RESERVE_seed011,P4_RESERVE,H4,500,11,3,1719.7668740029342
8Y_H4_N500_P4_RESERVE_seed011,P4_RESERVE,H4,500,11,4,2457.7238837551495
8Y_H4_N500_P4_RESERVE_seed011,P4_RESERVE,H4,500,11,5,655.9890042321522
8Y_H4_N500_P4_RESERVE_seed011,P4_RESERVE,H4,500,11,6,1665.4014507979618
8Y_H4_N500_P4_RESERVE_seed011,P4_RESERVE,H4,500,11,7,308.41976688555405
8Y_H4_N500_P4_RESERVE_seed011,P4_RESERVE,H4,500,11,8,461.16615024403836
8Y_H4_N500_P4_RESERVE_seed011,P4_RESERVE,H4,500,11,9,181.31839550634686
8Y_H4_N500_POW_seed012,POW,H4,500,12,1,818.9524818046146
8Y_H4_N500_POW_seed012,POW,H4,500,12,2,383.14913467246845
8Y_H4_N500_POW_seed012,POW,H4,500,12,3,681.3864393771923
8Y_H4_N500_POW_seed012,POW,H4,500,12,4,250.17473466772753
8Y_H4_N500_POW_seed012,POW,H4,500,12,5,456.40837554861946
8Y_H4_N500_POW_seed012,POW,H4,500,12,6,1506.1682096772097
8Y_H4_N500_POW_seed012,POW,H4,500,12,7,16.08447149438325
8Y_H4_N500_POW_seed012,POW,H4,500,12,8,22.330214547409923
8Y_H4_N500_POW_seed012,POW,H4,500,12,9,575.3247694611846
8Y_H4_N500_POW_seed012,POW,H4,500,12,10,1076.4559979018095
8Y_H4_N500_POW_seed012,POW,H4,500,12,11,19.173641998216226
8Y_H4_N500_POW_seed012,POW,H4,500,12,12,1137.2384489451197
8Y_H4_N500_POW_seed012,POW,H4,500,12,13,254.13530960266962
8Y_H4_N500_POW_seed012,POW,H4,500,12,14,267.21635958628485
8Y_H4_N500_POW_seed012,POW,H4,500,12,15,162.71682834559397
8Y_H4_N500_POW_seed012,POW,H4,500,12,16,211.30753477308917
8Y_H4_N500_POW_seed012,POW,H4,500,12,17,130.29827902414945
8Y_H4_N500_POW_seed012,POW,H4,500,12,18,123.77525007011263
8Y_H4_N500_POW_seed012,POW,H4,500,12,19,125.92675934573163
8Y_H4_N500_POW_seed012,POW,H4,500,12,20,1246.0662717250707
8Y_H4_N500_P0_ALL_seed012,P0_ALL,H4,500,12,1,819.8226994952068
8Y_H4_N500_P0_ALL_seed012,P0_ALL,H4,500,12,2,383.14913467246845
8Y_H4_N500_P0_ALL_seed012,P0_ALL,H4,500,12,3,684.2875304161814
8Y_H4_N500_P0_ALL_seed012,P0_ALL,H4,500,12,4,250.1747346677273
8Y_H4_N500_P0_ALL_seed012,P0_ALL,H4,500,12,5,456.40837554861946
8Y_H4_N500_P0_ALL_seed012,P0_ALL,H4,500,12,6,1510.7057315846241
8Y_H4_N500_P0_ALL_seed012,P0_ALL,H4,500,12,7,16.08447149438325
8Y_H4_N500_P0_ALL_seed012,P0_ALL,H4,500,12,8,22.330214547409923
8Y_H4_N500_P0_ALL_seed012,P0_ALL,H4,500,12,9,575.3247694611846
8Y_H4_N500_P0_ALL_seed012,P0_ALL,H4,500,12,10,1078.5587619180988
8Y_H4_N500_P0_ALL_seed012,P0_ALL,H4,500,12,11,19.173641998216226
8Y_H4_N500_P0_ALL_seed012,P0_ALL,H4,500,12,12,1139.4599895193169
8Y_H4_N500_P0_ALL_seed012,P0_ALL,H4,500,12,13,254.13530960266962
8Y_H4_N500_P0_ALL_seed012,P0_ALL,H4,500,12,14,267.21635958628576
8Y_H4_N500_P0_ALL_seed012,P0_ALL,H4,500,12,15,162.71682834559397
8Y_H4_N500_P0_ALL_seed012,P0_ALL,H4,500,12,16,211.30753477308917
8Y_H4_N500_P0_ALL_seed012,P0_ALL,H4,500,12,17,130.29827902414945
8Y_H4_N500_P0_ALL_seed012,P0_ALL,H4,500,12,18,123.77525007011263
8Y_H4_N500_P0_ALL_seed012,P0_ALL,H4,500,12,19,125.92675934573163
8Y_H4_N500_P0_ALL_seed012,P0_ALL,H4,500,12,20,1253.2922161586193
8Y_H4_N500_P3_ENERGY_seed012,P3_ENERGY,H4,500,12,1,2489.251932131802
8Y_H4_N500_P3_ENERGY_seed012,P3_ENERGY,H4,500,12,2,249.84795078077832
8Y_H4_N500_P3_ENERGY_seed012,P3_ENERGY,H4,500,12,3,455.472565646764
8Y_H4_N500_P3_ENERGY_seed012,P3_ENERGY,H4,500,12,4,1511.8916681142114
8Y_H4_N500_P3_ENERGY_seed012,P3_ENERGY,H4,500,12,5,549.4651329010212
8Y_H4_N500_P3_ENERGY_seed012,P3_ENERGY,H4,500,12,6,269.76118638875323
8Y_H4_N500_P3_ENERGY_seed012,P3_ENERGY,H4,500,12,7,575.1612748760881
8Y_H4_N500_P3_ENERGY_seed012,P3_ENERGY,H4,500,12,8,1078.7515182177804
8Y_H4_N500_P3_ENERGY_seed012,P3_ENERGY,H4,500,12,9,17.95432318193798
8Y_H4_N500_P3_ENERGY_seed012,P3_ENERGY,H4,500,12,10,1139.4312019098752
8Y_H4_N500_P3_ENERGY_seed012,P3_ENERGY,H4,500,12,11,253.89525622924157
8Y_H4_N500_P3_ENERGY_seed012,P3_ENERGY,H4,500,12,12,266.76025902886613
8Y_H4_N500_P3_ENERGY_seed012,P3_ENERGY,H4,500,12,13,813.2291078596572
8Y_H4_N500_P4_RESERVE_seed012,P4_RESERVE,H4,500,12,1,1729.822699495207
8Y_H4_N500_P4_RESERVE_seed012,P4_RESERVE,H4,500,12,2,1292.2663150863887
8Y_H4_N500_P4_RESERVE_seed012,P4_RESERVE,H4,500,12,3,1591.6664095021288
8Y_H4_N500_P4_RESERVE_seed012,P4_RESERVE,H4,500,12,4,250.17473466772753
8Y_H4_N500_P4_RESERVE_seed012,P4_RESERVE,H4,500,12,5,456.408375548619
8Y_H4_N500_P4_RESERVE_seed012,P4_RESERVE,H4,500,12,6,2418.155851442656
8Y_H4_N500_P4_RESERVE_seed012,P4_RESERVE,H4,500,12,7,548.8123285640968
8Y_H4_N500_P4_RESERVE_seed012,P4_RESERVE,H4,500,12,8,269.8382141302427
8Y_H4_N500_P4_RESERVE_seed012,P4_RESERVE,H4,500,12,9,325.11896151390647
8Y_H4_N500_P4_RESERVE_seed012,P4_RESERVE,H4,500,12,10,331.93864251605373
8Y_H4_N500_P4_RESERVE_seed012,P4_RESERVE,H4,500,12,11,476.53531580280105
8Y_H4_N500_P4_RESERVE_seed012,P4_RESERVE,H4,500,12,12,19.037905575129116
8Y_H4_N500_POW_seed013,POW,H4,500,13,1,651.2478665628234
8Y_H4_N500_POW_seed013,POW,H4,500,13,2,700.8777116008564
8Y_H4_N500_POW_seed013,POW,H4,500,13,3,877.9944778764218
8Y_H4_N500_POW_seed013,POW,H4,500,13,4,304.9355296980066
8Y_H4_N500_POW_seed013,POW,H4,500,13,5,1417.5052729186305
8Y_H4_N500_POW_seed013,POW,H4,500,13,6,62.00794963882345
8Y_H4_N500_POW_seed013,POW,H4,500,13,7,1220.8343313879668
8Y_H4_N500_POW_seed013,POW,H4,500,13,8,447.40861045686415
8Y_H4_N500_POW_seed013,POW,H4,500,13,9,62.22569497749555
8Y_H4_N500_POW_seed013,POW,H4,500,13,10,27.811185906502033
8Y_H4_N500_POW_seed013,POW,H4,500,13,11,382.64007611956094
8Y_H4_N500_POW_seed013,POW,H4,500,13,12,475.6478930555613
8Y_H4_N500_POW_seed013,POW,H4,500,13,13,1732.9348093353483
8Y_H4_N500_POW_seed013,POW,H4,500,13,14,404.2509767322026
8Y_H4_N500_POW_seed013,POW,H4,500,13,15,451.8666119909467
8Y_H4_N500_P0_ALL_seed013,P0_ALL,H4,500,13,1,651.7877927627289
8Y_H4_N500_P0_ALL_seed013,P0_ALL,H4,500,13,2,702.1863433818955
8Y_H4_N500_P0_ALL_seed013,P0_ALL,H4,500,13,3,879.0120327918112
8Y_H4_N500_P0_ALL_seed013,P0_ALL,H4,500,13,4,304.9355296980066
8Y_H4_N500_P0_ALL_seed013,P0_ALL,H4,500,13,5,1422.911627351311
8Y_H4_N500_P0_ALL_seed013,P0_ALL,H4,500,13,6,62.00794963882345
8Y_H4_N500_P0_ALL_seed013,P0_ALL,H4,500,13,7,1226.4183642029452
8Y_H4_N500_P0_ALL_seed013,P0_ALL,H4,500,13,8,447.40861045686415
8Y_H4_N500_P0_ALL_seed013,P0_ALL,H4,500,13,9,62.22569497749555
8Y_H4_N500_P0_ALL_seed013,P0_ALL,H4,500,13,10,27.811185906502033
8Y_H4_N500_P0_ALL_seed013,P0_ALL,H4,500,13,11,382.64007611956094
8Y_H4_N500_P0_ALL_seed013,P0_ALL,H4,500,13,12,475.6478930555613
8Y_H4_N500_P0_ALL_seed013,P0_ALL,H4,500,13,13,1739.336972929029
8Y_H4_N500_P0_ALL_seed013,P0_ALL,H4,500,13,14,404.2509767322026
8Y_H4_N500_P0_ALL_seed013,P0_ALL,H4,500,13,15,451.8666119909467
8Y_H4_N500_P3_ENERGY_seed013,P3_ENERGY,H4,500,13,1,853.3207396338239
8Y_H4_N500_P3_ENERGY_seed013,P3_ENERGY,H4,500,13,2,702.1863433818958
8Y_H4_N500_P3_ENERGY_seed013,P3_ENERGY,H4,500,13,3,1509.907778088787
8Y_H4_N500_P3_ENERGY_seed013,P3_ENERGY,H4,500,13,4,1480.9987239685734
8Y_H4_N500_P3_ENERGY_seed013,P3_ENERGY,H4,500,13,5,61.312165108537556
8Y_H4_N500_P3_ENERGY_seed013,P3_ENERGY,H4,500,13,6,1225.819765665784
8Y_H4_N500_P3_ENERGY_seed013,P3_ENERGY,H4,500,13,7,447.6383862996736
8Y_H4_N500_P3_ENERGY_seed013,P3_ENERGY,H4,500,13,8,62.23388684866859
8Y_H4_N500_P3_ENERGY_seed013,P3_ENERGY,H4,500,13,9,82.96575246202156
8Y_H4_N500_P3_ENERGY_seed013,P3_ENERGY,H4,500,13,10,423.7299477838951
8Y_H4_N500_P3_ENERGY_seed013,P3_ENERGY,H4,500,13,11,476.36586983829875
8Y_H4_N500_P3_ENERGY_seed013,P3_ENERGY,H4,500,13,12,2211.2450356479812
8Y_H4_N500_P3_ENERGY_seed013,P3_ENERGY,H4,500,13,13,451.08152468206026
8Y_H4_N500_P4_RESERVE_seed013,P4_RESERVE,H4,500,13,1,1561.787792762729
8Y_H4_N500_P4_RESERVE_seed013,P4_RESERVE,H4,500,13,2,1609.4491420702923
8Y_H4_N500_P4_RESERVE_seed013,P4_RESERVE,H4,500,13,3,1786.2013039849744
8Y_H4_N500_P4_RESERVE_seed013,P4_RESERVE,H4,500,13,4,304.9355296980066
8Y_H4_N500_P4_RESERVE_seed013,P4_RESERVE,H4,500,13,5,2389.6798435595874
8Y_H4_N500_P4_RESERVE_seed013,P4_RESERVE,H4,500,13,6,62.00794963882345
8Y_H4_N500_P4_RESERVE_seed013,P4_RESERVE,H4,500,13,7,527.0195379061506
8Y_H4_N500_P4_RESERVE_seed013,P4_RESERVE,H4,500,13,8,1531.00508856108
8Y_H4_N500_POW_seed014,POW,H4,500,14,1,401.27949545874657
8Y_H4_N500_POW_seed014,POW,H4,500,14,2,36.09473766174517
8Y_H4_N500_POW_seed014,POW,H4,500,14,3,1757.4780237658547
8Y_H4_N500_POW_seed014,POW,H4,500,14,4,544.0684945033713
8Y_H4_N500_POW_seed014,POW,H4,500,14,5,188.04760500166913
8Y_H4_N500_POW_seed014,POW,H4,500,14,6,215.7802323463411
8Y_H4_N500_POW_seed014,POW,H4,500,14,7,165.5063789667406
8Y_H4_N500_POW_seed014,POW,H4,500,14,8,1327.6370038812934
8Y_H4_N500_POW_seed014,POW,H4,500,14,9,522.2715236006907
8Y_H4_N500_POW_seed014,POW,H4,500,14,10,312.70069911052724
8Y_H4_N500_POW_seed014,POW,H4,500,14,11,339.376100591714
8Y_H4_N500_POW_seed014,POW,H4,500,14,12,57.0091766350597
8Y_H4_N500_POW_seed014,POW,H4,500,14,13,463.05983113665934
8Y_H4_N500_POW_seed014,POW,H4,500,14,14,316.892959171465
8Y_H4_N500_POW_seed014,POW,H4,500,14,15,627.9700136745278
8Y_H4_N500_POW_seed014,POW,H4,500,14,16,432.4663448458723
8Y_H4_N500_POW_seed014,POW,H4,500,14,17,565.8931637865207
8Y_H4_N500_POW_seed014,POW,H4,500,14,18,121.62598258407525
8Y_H4_N500_POW_seed014,POW,H4,500,14,19,296.12083456147593
8Y_H4_N500_POW_seed014,POW,H4,500,14,20,164.59283163968757
8Y_H4_N500_POW_seed014,POW,H4,500,14,21,492.32168058709794
8Y_H4_N500_P0_ALL_seed014,P0_ALL,H4,500,14,1,401.27949545874657
8Y_H4_N500_P0_ALL_seed014,P0_ALL,H4,500,14,2,36.09473766174517
8Y_H4_N500_P0_ALL_seed014,P0_ALL,H4,500,14,3,1762.3859580420399
8Y_H4_N500_P0_ALL_seed014,P0_ALL,H4,500,14,4,544.0684945033713
8Y_H4_N500_P0_ALL_seed014,P0_ALL,H4,500,14,5,188.04760500166913
8Y_H4_N500_P0_ALL_seed014,P0_ALL,H4,500,14,6,215.7802323463411
8Y_H4_N500_P0_ALL_seed014,P0_ALL,H4,500,14,7,165.5063789667406
8Y_H4_N500_P0_ALL_seed014,P0_ALL,H4,500,14,8,1333.729512784827
8Y_H4_N500_P0_ALL_seed014,P0_ALL,H4,500,14,9,522.2715236006907
8Y_H4_N500_P0_ALL_seed014,P0_ALL,H4,500,14,10,312.70069911052724
8Y_H4_N500_P0_ALL_seed014,P0_ALL,H4,500,14,11,339.376100591714
8Y_H4_N500_P0_ALL_seed014,P0_ALL,H4,500,14,12,57.0091766350597
8Y_H4_N500_P0_ALL_seed014,P0_ALL,H4,500,14,13,463.05983113665934
8Y_H4_N500_P0_ALL_seed014,P0_ALL,H4,500,14,14,316.892959171465
8Y_H4_N500_P0_ALL_seed014,P0_ALL,H4,500,14,15,630.9405827358178
8Y_H4_N500_P0_ALL_seed014,P0_ALL,H4,500,14,16,432.4663448458723
8Y_H4_N500_P0_ALL_seed014,P0_ALL,H4,500,14,17,565.8931637865207
8Y_H4_N500_P0_ALL_seed014,P0_ALL,H4,500,14,18,121.62598258407525
8Y_H4_N500_P0_ALL_seed014,P0_ALL,H4,500,14,19,296.12083456147593
8Y_H4_N500_P0_ALL_seed014,P0_ALL,H4,500,14,20,164.59283163968757
8Y_H4_N500_P0_ALL_seed014,P0_ALL,H4,500,14,21,492.32168058709794
8Y_H4_N500_P3_ENERGY_seed014,P3_ENERGY,H4,500,14,1,401.27949545874657
8Y_H4_N500_P3_ENERGY_seed014,P3_ENERGY,H4,500,14,2,2365.8985744272645
8Y_H4_N500_P3_ENERGY_seed014,P3_ENERGY,H4,500,14,3,1130.660821386973
8Y_H4_N500_P3_ENERGY_seed014,P3_ENERGY,H4,500,14,4,215.7198351468278
8Y_H4_N500_P3_ENERGY_seed014,P3_ENERGY,H4,500,14,5,165.23856526440704
8Y_H4_N500_P3_ENERGY_seed014,P3_ENERGY,H4,500,14,6,1331.409229414483
8Y_H4_N500_P3_ENERGY_seed014,P3_ENERGY,H4,500,14,7,521.4423623644961
8Y_H4_N500_P3_ENERGY_seed014,P3_ENERGY,H4,500,14,8,312.5345701902297
8Y_H4_N500_P3_ENERGY_seed014,P3_ENERGY,H4,500,14,9,658.3045895401647
8Y_H4_N500_P3_ENERGY_seed014,P3_ENERGY,H4,500,14,10,464.0029470345735
8Y_H4_N500_P3_ENERGY_seed014,P3_ENERGY,H4,500,14,11,2239.095068612657
8Y_H4_N500_P4_RESERVE_seed014,P4_RESERVE,H4,500,14,1,401.27949545874657
8Y_H4_N500_P4_RESERVE_seed014,P4_RESERVE,H4,500,14,2,1546.5932095494888
8Y_H4_N500_P4_RESERVE_seed014,P4_RESERVE,H4,500,14,3,2067.134444000945
8Y_H4_N500_P4_RESERVE_seed014,P4_RESERVE,H4,500,14,4,1698.0664954894128
8Y_H4_N500_P4_RESERVE_seed014,P4_RESERVE,H4,500,14,5,215.40500755275934
8Y_H4_N500_P4_RESERVE_seed014,P4_RESERVE,H4,500,14,6,165.37909892466996
8Y_H4_N500_P4_RESERVE_seed014,P4_RESERVE,H4,500,14,7,1802.4148691600976
8Y_H4_N500_P4_RESERVE_seed014,P4_RESERVE,H4,500,14,8,127.63700388129382
8Y_H4_N500_P4_RESERVE_seed014,P4_RESERVE,H4,500,14,9,522.2715236006907
8Y_H4_N500_P4_RESERVE_seed014,P4_RESERVE,H4,500,14,10,312.70069911052633
8Y_H4_N500_POW_seed015,POW,H4,500,15,1,27.068703032675845
8Y_H4_N500_POW_seed015,POW,H4,500,15,2,22.651950428918365
8Y_H4_N500_POW_seed015,POW,H4,500,15,3,1080.3749850987303
8Y_H4_N500_POW_seed015,POW,H4,500,15,4,425.31177981791484
8Y_H4_N500_POW_seed015,POW,H4,500,15,5,1086.9526029849078
8Y_H4_N500_POW_seed015,POW,H4,500,15,6,112.624951482901
8Y_H4_N500_POW_seed015,POW,H4,500,15,7,1097.8284450541541
8Y_H4_N500_POW_seed015,POW,H4,500,15,8,447.93720647152304
8Y_H4_N500_POW_seed015,POW,H4,500,15,9,193.12328758805415
8Y_H4_N500_POW_seed015,POW,H4,500,15,10,681.6963698206437
8Y_H4_N500_POW_seed015,POW,H4,500,15,11,597.3724897359771
8Y_H4_N500_POW_seed015,POW,H4,500,15,12,919.8634265524361
8Y_H4_N500_POW_seed015,POW,H4,500,15,13,19.87070084770403
8Y_H4_N500_POW_seed015,POW,H4,500,15,14,64.09252169988031
8Y_H4_N500_POW_seed015,POW,H4,500,15,15,2150.6126484160677
8Y_H4_N500_POW_seed015,POW,H4,500,15,16,6.2495473652761575
8Y_H4_N500_P0_ALL_seed015,P0_ALL,H4,500,15,1,27.068703032675845
8Y_H4_N500_P0_ALL_seed015,P0_ALL,H4,500,15,2,22.651950428918365
8Y_H4_N500_P0_ALL_seed015,P0_ALL,H4,500,15,3,1082.7286358501317
8Y_H4_N500_P0_ALL_seed015,P0_ALL,H4,500,15,4,425.31177981791484
8Y_H4_N500_P0_ALL_seed015,P0_ALL,H4,500,15,5,1090.2894414819136
8Y_H4_N500_P0_ALL_seed015,P0_ALL,H4,500,15,6,112.624951482901
8Y_H4_N500_P0_ALL_seed015,P0_ALL,H4,500,15,7,1100.288234086383
8Y_H4_N500_P0_ALL_seed015,P0_ALL,H4,500,15,8,447.9372064715235
8Y_H4_N500_P0_ALL_seed015,P0_ALL,H4,500,15,9,193.12328758805415
8Y_H4_N500_P0_ALL_seed015,P0_ALL,H4,500,15,10,685.0493759763849
8Y_H4_N500_P0_ALL_seed015,P0_ALL,H4,500,15,11,597.3724897359771
8Y_H4_N500_P0_ALL_seed015,P0_ALL,H4,500,15,12,923.3616697066946
8Y_H4_N500_P0_ALL_seed015,P0_ALL,H4,500,15,13,19.87070084770403
8Y_H4_N500_P0_ALL_seed015,P0_ALL,H4,500,15,14,64.09252169988031
8Y_H4_N500_P0_ALL_seed015,P0_ALL,H4,500,15,15,2157.5209338926343
8Y_H4_N500_P0_ALL_seed015,P0_ALL,H4,500,15,16,6.2495473652761575
8Y_H4_N500_P3_ENERGY_seed015,P3_ENERGY,H4,500,15,1,310.9864751766162
8Y_H4_N500_P3_ENERGY_seed015,P3_ENERGY,H4,500,15,2,1685.9164637910917
8Y_H4_N500_P3_ENERGY_seed015,P3_ENERGY,H4,500,15,3,424.9302579677892
8Y_H4_N500_P3_ENERGY_seed015,P3_ENERGY,H4,500,15,4,1088.9024149490228
8Y_H4_N500_P3_ENERGY_seed015,P3_ENERGY,H4,500,15,5,112.53236590859524
8Y_H4_N500_P3_ENERGY_seed015,P3_ENERGY,H4,500,15,6,1099.459545022717
8Y_H4_N500_P3_ENERGY_seed015,P3_ENERGY,H4,500,15,7,448.10059722534425
8Y_H4_N500_P3_ENERGY_seed015,P3_ENERGY,H4,500,15,8,1286.6925542758345
8Y_H4_N500_P3_ENERGY_seed015,P3_ENERGY,H4,500,15,9,597.2609148216889
8Y_H4_N500_P3_ENERGY_seed015,P3_ENERGY,H4,500,15,10,921.9294910923691
8Y_H4_N500_P3_ENERGY_seed015,P3_ENERGY,H4,500,15,11,667.7756878113269
8Y_H4_N500_P4_RESERVE_seed015,P4_RESERVE,H4,500,15,1,310.9864751766162
8Y_H4_N500_P4_RESERVE_seed015,P4_RESERVE,H4,500,15,2,937.0687030326759
8Y_H4_N500_P4_RESERVE_seed015,P4_RESERVE,H4,500,15,3,632.5236956374624
8Y_H4_N500_P4_RESERVE_seed015,P4_RESERVE,H4,500,15,4,480.9449018074688
8Y_H4_N500_P4_RESERVE_seed015,P4_RESERVE,H4,500,15,5,425.8677566739375
8Y_H4_N500_P4_RESERVE_seed015,P4_RESERVE,H4,500,15,6,1996.899014241808
8Y_H4_N500_P4_RESERVE_seed015,P4_RESERVE,H4,500,15,7,112.44568298172908
8Y_H4_N500_P4_RESERVE_seed015,P4_RESERVE,H4,500,15,8,507.44976391418277
8Y_H4_N500_P4_RESERVE_seed015,P4_RESERVE,H4,500,15,9,497.38246234541657
8Y_H4_N500_P4_RESERVE_seed015,P4_RESERVE,H4,500,15,10,447.76181800812446
8Y_H4_N500_P4_RESERVE_seed015,P4_RESERVE,H4,500,15,11,2193.4912868980355
8Y_H4_N500_P4_RESERVE_seed015,P4_RESERVE,H4,500,15,12,597.0644916924884
8Y_H4_N500_POW_seed016,POW,H4,500,16,1,293.10009893563966
8Y_H4_N500_POW_seed016,POW,H4,500,16,2,115.68427898504473
8Y_H4_N500_POW_seed016,POW,H4,500,16,3,1588.7230989549644
8Y_H4_N500_POW_seed016,POW,H4,500,16,4,877.2663645566724
8Y_H4_N500_POW_seed016,POW,H4,500,16,5,305.84655198873224
8Y_H4_N500_POW_seed016,POW,H4,500,16,6,144.34082214005912
8Y_H4_N500_POW_seed016,POW,H4,500,16,7,310.533582511855
8Y_H4_N500_POW_seed016,POW,H4,500,16,8,1253.6688114109847
8Y_H4_N500_POW_seed016,POW,H4,500,16,9,1253.6405792664136
8Y_H4_N500_POW_seed016,POW,H4,500,16,10,435.40896566563424
8Y_H4_N500_POW_seed016,POW,H4,500,16,11,71.56686617224841
8Y_H4_N500_POW_seed016,POW,H4,500,16,12,579.2364459260416
8Y_H4_N500_POW_seed016,POW,H4,500,16,13,1244.240068867578
8Y_H4_N500_POW_seed016,POW,H4,500,16,14,474.34355567958846
8Y_H4_N500_P0_ALL_seed016,P0_ALL,H4,500,16,1,293.10009893563966
8Y_H4_N500_P0_ALL_seed016,P0_ALL,H4,500,16,2,115.68427898504473
8Y_H4_N500_P0_ALL_seed016,P0_ALL,H4,500,16,3,1595.4197777779207
8Y_H4_N500_P0_ALL_seed016,P0_ALL,H4,500,16,4,878.7058169860807
8Y_H4_N500_P0_ALL_seed016,P0_ALL,H4,500,16,5,305.84655198873224
8Y_H4_N500_P0_ALL_seed016,P0_ALL,H4,500,16,6,144.34082214005912
8Y_H4_N500_P0_ALL_seed016,P0_ALL,H4,500,16,7,310.533582511855
8Y_H4_N500_P0_ALL_seed016,P0_ALL,H4,500,16,8,1261.0138608995553
8Y_H4_N500_P0_ALL_seed016,P0_ALL,H4,500,16,9,1258.3862237763815
8Y_H4_N500_P0_ALL_seed016,P0_ALL,H4,500,16,10,435.40896566563515
8Y_H4_N500_P0_ALL_seed016,P0_ALL,H4,500,16,11,71.56686617224841
8Y_H4_N500_P0_ALL_seed016,P0_ALL,H4,500,16,12,579.2364459260416
8Y_H4_N500_P0_ALL_seed016,P0_ALL,H4,500,16,13,1251.6262096781693
8Y_H4_N500_P0_ALL_seed016,P0_ALL,H4,500,16,14,474.34355567958846
8Y_H4_N500_P3_ENERGY_seed016,P3_ENERGY,H4,500,16,1,293.10009893563966
8Y_H4_N500_P3_ENERGY_seed016,P3_ENERGY,H4,500,16,2,115.68427898504473
8Y_H4_N500_P3_ENERGY_seed016,P3_ENERGY,H4,500,16,3,1592.8070017901875
8Y_H4_N500_P3_ENERGY_seed016,P3_ENERGY,H4,500,16,4,1057.9943243982889
8Y_H4_N500_P3_ENERGY_seed016,P3_ENERGY,H4,500,16,5,305.84655198873224
8Y_H4_N500_P3_ENERGY_seed016,P3_ENERGY,H4,500,16,6,376.38575614836554
8Y_H4_N500_P3_ENERGY_seed016,P3_ENERGY,H4,500,16,7,310.533582511855
8Y_H4_N500_P3_ENERGY_seed016,P3_ENERGY,H4,500,16,8,3286.007612810008
8Y_H4_N500_P3_ENERGY_seed016,P3_ENERGY,H4,500,16,9,673.8703286673826
8Y_H4_N500_P3_ENERGY_seed016,P3_ENERGY,H4,500,16,10,579.2565379261805
8Y_H4_N500_P4_RESERVE_seed016,P4_RESERVE,H4,500,16,1,293.10009893563966
8Y_H4_N500_P4_RESERVE_seed016,P4_RESERVE,H4,500,16,2,115.68427898504473
8Y_H4_N500_P4_RESERVE_seed016,P4_RESERVE,H4,500,16,3,2502.0463833504173
8Y_H4_N500_P4_RESERVE_seed016,P4_RESERVE,H4,500,16,4,1965.5166657708533
8Y_H4_N500_P4_RESERVE_seed016,P4_RESERVE,H4,500,16,5,305.84655198873224
8Y_H4_N500_P4_RESERVE_seed016,P4_RESERVE,H4,500,16,6,376.38575614836645
8Y_H4_N500_P4_RESERVE_seed016,P4_RESERVE,H4,500,16,7,310.53358251185455
8Y_H4_N500_P4_RESERVE_seed016,P4_RESERVE,H4,500,16,8,1786.9106417809626
8Y_H4_N500_P4_RESERVE_seed016,P4_RESERVE,H4,500,16,9,1654.039441518721
8Y_H4_N500_POW_seed017,POW,H4,500,17,1,515.1237171068467
8Y_H4_N500_POW_seed017,POW,H4,500,17,2,269.97172929123565
8Y_H4_N500_POW_seed017,POW,H4,500,17,3,72.64155786128936
8Y_H4_N500_POW_seed017,POW,H4,500,17,4,102.93697810188212
8Y_H4_N500_POW_seed017,POW,H4,500,17,5,104.92413114659826
8Y_H4_N500_POW_seed017,POW,H4,500,17,6,1956.7606956831494
8Y_H4_N500_POW_seed017,POW,H4,500,17,7,272.53281372409947
8Y_H4_N500_POW_seed017,POW,H4,500,17,8,512.320705651055
8Y_H4_N500_POW_seed017,POW,H4,500,17,9,590.4615853970049
8Y_H4_N500_POW_seed017,POW,H4,500,17,10,242.3177996469094
8Y_H4_N500_POW_seed017,POW,H4,500,17,11,70.05246836358583
8Y_H4_N500_POW_seed017,POW,H4,500,17,12,739.3468017099758
8Y_H4_N500_POW_seed017,POW,H4,500,17,13,462.78646401784135
8Y_H4_N500_POW_seed017,POW,H4,500,17,14,489.74537674271596
8Y_H4_N500_POW_seed017,POW,H4,500,17,15,415.4909133884112
8Y_H4_N500_POW_seed017,POW,H4,500,17,16,161.31875007643612
8Y_H4_N500_POW_seed017,POW,H4,500,17,17,103.51245557635957
8Y_H4_N500_POW_seed017,POW,H4,500,17,18,14.389917044251888
8Y_H4_N500_POW_seed017,POW,H4,500,17,19,306.8406185464846
8Y_H4_N500_POW_seed017,POW,H4,500,17,20,442.05182870904537
8Y_H4_N500_POW_seed017,POW,H4,500,17,21,775.9742988321032
8Y_H4_N500_POW_seed017,POW,H4,500,17,22,472.2185964614473
8Y_H4_N500_POW_seed017,POW,H4,500,17,23,133.63846811370058
8Y_H4_N500_POW_seed017,POW,H4,500,17,24,136.022254903879
8Y_H4_N500_P0_ALL_seed017,P0_ALL,H4,500,17,1,515.1237171068467
8Y_H4_N500_P0_ALL_seed017,P0_ALL,H4,500,17,2,269.97172929123565
8Y_H4_N500_P0_ALL_seed017,P0_ALL,H4,500,17,3,72.64155786128936
8Y_H4_N500_P0_ALL_seed017,P0_ALL,H4,500,17,4,102.93697810188212
8Y_H4_N500_P0_ALL_seed017,P0_ALL,H4,500,17,5,104.92413114659826
8Y_H4_N500_P0_ALL_seed017,P0_ALL,H4,500,17,6,1964.692460401341
8Y_H4_N500_P0_ALL_seed017,P0_ALL,H4,500,17,7,272.53281372409947
8Y_H4_N500_P0_ALL_seed017,P0_ALL,H4,500,17,8,512.320705651055
8Y_H4_N500_P0_ALL_seed017,P0_ALL,H4,500,17,9,590.461585397004
8Y_H4_N500_P0_ALL_seed017,P0_ALL,H4,500,17,10,242.3177996469094
8Y_H4_N500_P0_ALL_seed017,P0_ALL,H4,500,17,11,70.05246836358583
8Y_H4_N500_P0_ALL_seed017,P0_ALL,H4,500,17,12,742.033701279528
8Y_H4_N500_P0_ALL_seed017,P0_ALL,H4,500,17,13,462.78646401784044
8Y_H4_N500_P0_ALL_seed017,P0_ALL,H4,500,17,14,489.74537674271596
8Y_H4_N500_P0_ALL_seed017,P0_ALL,H4,500,17,15,415.4909133884112
8Y_H4_N500_P0_ALL_seed017,P0_ALL,H4,500,17,16,161.31875007643612
8Y_H4_N500_P0_ALL_seed017,P0_ALL,H4,500,17,17,103.51245557635957
8Y_H4_N500_P0_ALL_seed017,P0_ALL,H4,500,17,18,14.389917044251888
8Y_H4_N500_P0_ALL_seed017,P0_ALL,H4,500,17,19,306.8406185464846
8Y_H4_N500_P0_ALL_seed017,P0_ALL,H4,500,17,20,442.05182870904537
8Y_H4_N500_P0_ALL_seed017,P0_ALL,H4,500,17,21,779.6038730961154
8Y_H4_N500_P0_ALL_seed017,P0_ALL,H4,500,17,22,472.2185964614473
8Y_H4_N500_P0_ALL_seed017,P0_ALL,H4,500,17,23,133.63846811370058
8Y_H4_N500_P0_ALL_seed017,P0_ALL,H4,500,17,24,136.022254903879
8Y_H4_N500_P3_ENERGY_seed017,P3_ENERGY,H4,500,17,1,1274.774677000911
8Y_H4_N500_P3_ENERGY_seed017,P3_ENERGY,H4,500,17,2,101.4897800803601
8Y_H4_N500_P3_ENERGY_seed017,P3_ENERGY,H4,500,17,3,104.70825633657955
8Y_H4_N500_P3_ENERGY_seed017,P3_ENERGY,H4,500,17,4,1963.7368254591797
8Y_H4_N500_P3_ENERGY_seed017,P3_ENERGY,H4,500,17,5,272.0667659460396
8Y_H4_N500_P3_ENERGY_seed017,P3_ENERGY,H4,500,17,6,512.088061691521
8Y_H4_N500_P3_ENERGY_seed017,P3_ENERGY,H4,500,17,7,1791.3280879334243
8Y_H4_N500_P3_ENERGY_seed017,P3_ENERGY,H4,500,17,8,742.7869989870042
8Y_H4_N500_P3_ENERGY_seed017,P3_ENERGY,H4,500,17,9,1091.6080363311967
8Y_H4_N500_P3_ENERGY_seed017,P3_ENERGY,H4,500,17,10,414.83647993545856
8Y_H4_N500_P3_ENERGY_seed017,P3_ENERGY,H4,500,17,11,160.9915667562891
8Y_H4_N500_P3_ENERGY_seed017,P3_ENERGY,H4,500,17,12,103.90484561929406
8Y_H4_N500_P3_ENERGY_seed017,P3_ENERGY,H4,500,17,13,14.798414232625873
8Y_H4_N500_P4_RESERVE_seed017,P4_RESERVE,H4,500,17,1,825.1237171068467
8Y_H4_N500_P4_RESERVE_seed017,P4_RESERVE,H4,500,17,2,879.6327689713796
8Y_H4_N500_P4_RESERVE_seed017,P4_RESERVE,H4,500,17,3,72.64155786128936
8Y_H4_N500_P4_RESERVE_seed017,P4_RESERVE,H4,500,17,4,102.936978101882
8Y_H4_N500_P4_RESERVE_seed017,P4_RESERVE,H4,500,17,5,104.92413114659848
8Y_H4_N500_P4_RESERVE_seed017,P4_RESERVE,H4,500,17,6,2872.337182527561
8Y_H4_N500_P4_RESERVE_seed017,P4_RESERVE,H4,500,17,7,272.53281372409947
8Y_H4_N500_P4_RESERVE_seed017,P4_RESERVE,H4,500,17,8,512.3207056510555
8Y_H4_N500_P4_RESERVE_seed017,P4_RESERVE,H4,500,17,9,2699.0349605297833
8Y_H4_N500_P4_RESERVE_seed017,P4_RESERVE,H4,500,17,10,1649.8689231172284
8Y_H4_N500_POW_seed018,POW,H4,500,18,1,523.8401688400858
8Y_H4_N500_POW_seed018,POW,H4,500,18,2,567.191785443874
8Y_H4_N500_POW_seed018,POW,H4,500,18,3,380.6147061639649
8Y_H4_N500_POW_seed018,POW,H4,500,18,4,676.8211411613506
8Y_H4_N500_POW_seed018,POW,H4,500,18,5,1088.547452608706
8Y_H4_N500_POW_seed018,POW,H4,500,18,6,934.4413061181704
8Y_H4_N500_POW_seed018,POW,H4,500,18,7,662.004296934666
8Y_H4_N500_POW_seed018,POW,H4,500,18,8,80.09187342913992
8Y_H4_N500_POW_seed018,POW,H4,500,18,9,1423.51079960458
8Y_H4_N500_POW_seed018,POW,H4,500,18,10,449.4580469679113
8Y_H4_N500_POW_seed018,POW,H4,500,18,11,26.073859094741238
8Y_H4_N500_POW_seed018,POW,H4,500,18,12,824.2140144279447
8Y_H4_N500_POW_seed018,POW,H4,500,18,13,419.9547806603705
8Y_H4_N500_POW_seed018,POW,H4,500,18,14,87.1080326347037
8Y_H4_N500_POW_seed018,POW,H4,500,18,15,408.45306961047936
8Y_H4_N500_POW_seed018,POW,H4,500,18,16,329.3507123860163
8Y_H4_N500_POW_seed018,POW,H4,500,18,17,144.85856944859552
8Y_H4_N500_POW_seed018,POW,H4,500,18,18,446.33640546435345
8Y_H4_N500_P0_ALL_seed018,P0_ALL,H4,500,18,1,523.8401688400858
8Y_H4_N500_P0_ALL_seed018,P0_ALL,H4,500,18,2,567.191785443874
8Y_H4_N500_P0_ALL_seed018,P0_ALL,H4,500,18,3,380.6147061639649
8Y_H4_N500_P0_ALL_seed018,P0_ALL,H4,500,18,4,680.9466883500363
8Y_H4_N500_P0_ALL_seed018,P0_ALL,H4,500,18,5,1090.2680575402078
8Y_H4_N500_P0_ALL_seed018,P0_ALL,H4,500,18,6,937.6025024354899
8Y_H4_N500_P0_ALL_seed018,P0_ALL,H4,500,18,7,662.9736026516603
8Y_H4_N500_P0_ALL_seed018,P0_ALL,H4,500,18,8,80.09187342913992
8Y_H4_N500_P0_ALL_seed018,P0_ALL,H4,500,18,9,1428.2701737016769
8Y_H4_N500_P0_ALL_seed018,P0_ALL,H4,500,18,10,449.4580469679113
8Y_H4_N500_P0_ALL_seed018,P0_ALL,H4,500,18,11,26.073859094741238
8Y_H4_N500_P0_ALL_seed018,P0_ALL,H4,500,18,12,826.7971867172555
8Y_H4_N500_P0_ALL_seed018,P0_ALL,H4,500,18,13,419.9547806603705
8Y_H4_N500_P0_ALL_seed018,P0_ALL,H4,500,18,14,87.1080326347037
8Y_H4_N500_P0_ALL_seed018,P0_ALL,H4,500,18,15,408.45306961047936
8Y_H4_N500_P0_ALL_seed018,P0_ALL,H4,500,18,16,329.3507123860163
8Y_H4_N500_P0_ALL_seed018,P0_ALL,H4,500,18,17,144.85856944859552
8Y_H4_N500_P0_ALL_seed018,P0_ALL,H4,500,18,18,446.33640546435345
8Y_H4_N500_P3_ENERGY_seed018,P3_ENERGY,H4,500,18,1,523.8401688400858
8Y_H4_N500_P3_ENERGY_seed018,P3_ENERGY,H4,500,18,2,982.6608633101099
8Y_H4_N500_P3_ENERGY_seed018,P3_ENERGY,H4,500,18,3,678.9367443706185
8Y_H4_N500_P3_ENERGY_seed018,P3_ENERGY,H4,500,18,4,1091.8078491572373
8Y_H4_N500_P3_ENERGY_seed018,P3_ENERGY,H4,500,18,5,4439.029791236118
8Y_H4_N500_P4_RESERVE_seed018,P4_RESERVE,H4,500,18,1,523.8401688400858
8Y_H4_N500_P4_RESERVE_seed018,P4_RESERVE,H4,500,18,2,877.1533287381791
8Y_H4_N500_P4_RESERVE_seed018,P4_RESERVE,H4,500,18,3,380.6147061639649
8Y_H4_N500_P4_RESERVE_seed018,P4_RESERVE,H4,500,18,4,1587.318738919631
8Y_H4_N500_P4_RESERVE_seed018,P4_RESERVE,H4,500,18,5,1997.4184861531771
8Y_H4_N500_P4_RESERVE_seed018,P4_RESERVE,H4,500,18,6,2700.9350055238383
8Y_H4_N500_P4_RESERVE_seed018,P4_RESERVE,H4,500,18,7,370.58484690604746
8Y_H4_N500_P4_RESERVE_seed018,P4_RESERVE,H4,500,18,8,388.7665360383853
8Y_H4_N500_P4_RESERVE_seed018,P4_RESERVE,H4,500,18,9,944.4403669348176
8Y_H4_N500_POW_seed019,POW,H4,500,19,1,420.70922300679297
8Y_H4_N500_POW_seed019,POW,H4,500,19,2,882.741744792358
8Y_H4_N500_POW_seed019,POW,H4,500,19,3,310.2107868386388
8Y_H4_N500_POW_seed019,POW,H4,500,19,4,228.40450595438574
8Y_H4_N500_POW_seed019,POW,H4,500,19,5,404.17377849560785
8Y_H4_N500_POW_seed019,POW,H4,500,19,6,44.121489224703055
8Y_H4_N500_POW_seed019,POW,H4,500,19,7,168.7196233918362
8Y_H4_N500_POW_seed019,POW,H4,500,19,8,45.23114714372332
8Y_H4_N500_POW_seed019,POW,H4,500,19,9,125.61202002549817
8Y_H4_N500_POW_seed019,POW,H4,500,19,10,629.4453453269712
8Y_H4_N500_POW_seed019,POW,H4,500,19,11,25.55826616861077
8Y_H4_N500_POW_seed019,POW,H4,500,19,12,1027.0304749119473
8Y_H4_N500_POW_seed019,POW,H4,500,19,13,31.7790572417598
8Y_H4_N500_POW_seed019,POW,H4,500,19,14,1245.621508065401
8Y_H4_N500_POW_seed019,POW,H4,500,19,15,812.8592984985326
8Y_H4_N500_POW_seed019,POW,H4,500,19,16,934.1902668809335
8Y_H4_N500_POW_seed019,POW,H4,500,19,17,620.2011714010259
8Y_H4_N500_POW_seed019,POW,H4,500,19,18,6.484114369945928
8Y_H4_N500_POW_seed019,POW,H4,500,19,19,1342.024735223671
8Y_H4_N500_P0_ALL_seed019,P0_ALL,H4,500,19,1,420.70922300679297
8Y_H4_N500_P0_ALL_seed019,P0_ALL,H4,500,19,2,886.4131368580009
8Y_H4_N500_P0_ALL_seed019,P0_ALL,H4,500,19,3,310.2107868386388
8Y_H4_N500_P0_ALL_seed019,P0_ALL,H4,500,19,4,228.40450595438574
8Y_H4_N500_P0_ALL_seed019,P0_ALL,H4,500,19,5,404.17377849560785
8Y_H4_N500_P0_ALL_seed019,P0_ALL,H4,500,19,6,44.121489224703055
8Y_H4_N500_P0_ALL_seed019,P0_ALL,H4,500,19,7,168.7196233918362
8Y_H4_N500_P0_ALL_seed019,P0_ALL,H4,500,19,8,45.23114714372332
8Y_H4_N500_P0_ALL_seed019,P0_ALL,H4,500,19,9,125.61202002549817
8Y_H4_N500_P0_ALL_seed019,P0_ALL,H4,500,19,10,632.3223768264816
8Y_H4_N500_P0_ALL_seed019,P0_ALL,H4,500,19,11,25.55826616861077
8Y_H4_N500_P0_ALL_seed019,P0_ALL,H4,500,19,12,1030.1792708935664
8Y_H4_N500_P0_ALL_seed019,P0_ALL,H4,500,19,13,31.7790572417598
8Y_H4_N500_P0_ALL_seed019,P0_ALL,H4,500,19,14,1250.1827160428738
8Y_H4_N500_P0_ALL_seed019,P0_ALL,H4,500,19,15,815.3789061846746
8Y_H4_N500_P0_ALL_seed019,P0_ALL,H4,500,19,16,935.6217412116639
8Y_H4_N500_P0_ALL_seed019,P0_ALL,H4,500,19,17,624.4408366068938
8Y_H4_N500_P0_ALL_seed019,P0_ALL,H4,500,19,18,6.484114369945928
8Y_H4_N500_P0_ALL_seed019,P0_ALL,H4,500,19,19,1347.6661873829544
8Y_H4_N500_P3_ENERGY_seed019,P3_ENERGY,H4,500,19,1,420.70922300679297
8Y_H4_N500_P3_ENERGY_seed019,P3_ENERGY,H4,500,19,2,884.6336983509087
8Y_H4_N500_P3_ENERGY_seed019,P3_ENERGY,H4,500,19,3,830.2827522290743
8Y_H4_N500_P3_ENERGY_seed019,P3_ENERGY,H4,500,19,4,647.1452860363706
8Y_H4_N500_P3_ENERGY_seed019,P3_ENERGY,H4,500,19,5,169.21721717450873
8Y_H4_N500_P3_ENERGY_seed019,P3_ENERGY,H4,500,19,6,45.288960089779266
8Y_H4_N500_P3_ENERGY_seed019,P3_ENERGY,H4,500,19,7,125.54776293247551
8Y_H4_N500_P3_ENERGY_seed019,P3_ENERGY,H4,500,19,8,631.6744084495967
8Y_H4_N500_P3_ENERGY_seed019,P3_ENERGY,H4,500,19,9,561.6153259724774
8Y_H4_N500_P3_ENERGY_seed019,P3_ENERGY,H4,500,19,10,1028.7628150424052
8Y_H4_N500_P3_ENERGY_seed019,P3_ENERGY,H4,500,19,11,32.0077621164055
8Y_H4_N500_P3_ENERGY_seed019,P3_ENERGY,H4,500,19,12,1395.4423954086242
8Y_H4_N500_P3_ENERGY_seed019,P3_ENERGY,H4,500,19,13,815.5136936540493
8Y_H4_N500_P4_RESERVE_seed019,P4_RESERVE,H4,500,19,1,420.70922300679297
8Y_H4_N500_P4_RESERVE_seed019,P4_RESERVE,H4,500,19,2,1792.3203912841955
8Y_H4_N500_P4_RESERVE_seed019,P4_RESERVE,H4,500,19,3,893.8126086057787
8Y_H4_N500_P4_RESERVE_seed019,P4_RESERVE,H4,500,19,4,228.40450595438597
8Y_H4_N500_P4_RESERVE_seed019,P4_RESERVE,H4,500,19,5,920.0347193334933
8Y_H4_N500_P4_RESERVE_seed019,P4_RESERVE,H4,500,19,6,44.1214892247026
8Y_H4_N500_P4_RESERVE_seed019,P4_RESERVE,H4,500,19,7,168.71962339183574
8Y_H4_N500_P4_RESERVE_seed019,P4_RESERVE,H4,500,19,8,45.23114714372332
8Y_H4_N500_P4_RESERVE_seed019,P4_RESERVE,H4,500,19,9,125.61202002549817
8Y_H4_N500_P4_RESERVE_seed019,P4_RESERVE,H4,500,19,10,1538.9940736046437
8Y_H4_N500_P4_RESERVE_seed019,P4_RESERVE,H4,500,19,11,561.9091227530162
8Y_H4_N500_P4_RESERVE_seed019,P4_RESERVE,H4,500,19,12,1936.7200654888256
8Y_H4_N500_P4_RESERVE_seed019,P4_RESERVE,H4,500,19,13,31.7790572417598
8Y_H4_N500_POW_seed020,POW,H4,500,20,1,396.82776328989786
8Y_H4_N500_POW_seed020,POW,H4,500,20,2,3578.093728922516
8Y_H4_N500_POW_seed020,POW,H4,500,20,3,2045.3025346358204
8Y_H4_N500_POW_seed020,POW,H4,500,20,4,475.77841127152533
8Y_H4_N500_POW_seed020,POW,H4,500,20,5,427.67030790779154
8Y_H4_N500_POW_seed020,POW,H4,500,20,6,1191.7088947736547
8Y_H4_N500_POW_seed020,POW,H4,500,20,7,586.5716550204506
8Y_H4_N500_POW_seed020,POW,H4,500,20,8,748.5037729826872
8Y_H4_N500_POW_seed020,POW,H4,500,20,9,174.58522206529415
8Y_H4_N500_P0_ALL_seed020,P0_ALL,H4,500,20,1,396.82776328989786
8Y_H4_N500_P0_ALL_seed020,P0_ALL,H4,500,20,2,3590.4582766761364
8Y_H4_N500_P0_ALL_seed020,P0_ALL,H4,500,20,3,2051.4146139838554
8Y_H4_N500_P0_ALL_seed020,P0_ALL,H4,500,20,4,475.77841127152533
8Y_H4_N500_P0_ALL_seed020,P0_ALL,H4,500,20,5,427.67030790779154
8Y_H4_N500_P0_ALL_seed020,P0_ALL,H4,500,20,6,1194.6823297756537
8Y_H4_N500_P0_ALL_seed020,P0_ALL,H4,500,20,7,586.5716550204515
8Y_H4_N500_P0_ALL_seed020,P0_ALL,H4,500,20,8,751.2070607907535
8Y_H4_N500_P0_ALL_seed020,P0_ALL,H4,500,20,9,174.58522206529415
8Y_H4_N500_P3_ENERGY_seed020,P3_ENERGY,H4,500,20,1,396.82776328989786
8Y_H4_N500_P3_ENERGY_seed020,P3_ENERGY,H4,500,20,2,3588.973840101561
8Y_H4_N500_P3_ENERGY_seed020,P3_ENERGY,H4,500,20,3,2273.165153984256
8Y_H4_N500_P3_ENERGY_seed020,P3_ENERGY,H4,500,20,4,1028.4858302168723
8Y_H4_N500_P3_ENERGY_seed020,P3_ENERGY,H4,500,20,5,1193.900298552394
8Y_H4_N500_P3_ENERGY_seed020,P3_ENERGY,H4,500,20,6,587.0472203822101
8Y_H4_N500_P3_ENERGY_seed020,P3_ENERGY,H4,500,20,7,751.4733607805483
8Y_H4_N500_P3_ENERGY_seed020,P3_ENERGY,H4,500,20,8,174.98275710400048
8Y_H4_N500_P4_RESERVE_seed020,P4_RESERVE,H4,500,20,1,396.82776328989786
8Y_H4_N500_P4_RESERVE_seed020,P4_RESERVE,H4,500,20,2,4498.199248487133
8Y_H4_N500_P4_RESERVE_seed020,P4_RESERVE,H4,500,20,3,3181.5111809710197
8Y_H4_N500_P4_RESERVE_seed020,P4_RESERVE,H4,500,20,4,785.7718170630606
8Y_H4_N500_P4_RESERVE_seed020,P4_RESERVE,H4,500,20,5,427.67030790779063
8Y_H4_N500_POW_seed021,POW,H4,500,21,1,986.097349946582
8Y_H4_N500_POW_seed021,POW,H4,500,21,2,414.7500826597163
8Y_H4_N500_POW_seed021,POW,H4,500,21,3,420.99250413595246
8Y_H4_N500_POW_seed021,POW,H4,500,21,4,218.46108602225422
8Y_H4_N500_POW_seed021,POW,H4,500,21,5,296.60010969977384
8Y_H4_N500_POW_seed021,POW,H4,500,21,6,133.22098890174084
8Y_H4_N500_POW_seed021,POW,H4,500,21,7,183.15751894573805
8Y_H4_N500_POW_seed021,POW,H4,500,21,8,1959.6676490331815
8Y_H4_N500_POW_seed021,POW,H4,500,21,9,562.7677241004221
8Y_H4_N500_POW_seed021,POW,H4,500,21,10,13.663985211022009
8Y_H4_N500_POW_seed021,POW,H4,500,21,11,96.83863003823444
8Y_H4_N500_POW_seed021,POW,H4,500,21,12,130.543042735173
8Y_H4_N500_POW_seed021,POW,H4,500,21,13,301.2364333979622
8Y_H4_N500_POW_seed021,POW,H4,500,21,14,186.48788003607115
8Y_H4_N500_POW_seed021,POW,H4,500,21,15,315.91807170744414
8Y_H4_N500_POW_seed021,POW,H4,500,21,16,929.8635177143806
8Y_H4_N500_POW_seed021,POW,H4,500,21,17,837.3652770618219
8Y_H4_N500_POW_seed021,POW,H4,500,21,18,1542.8714378355835
8Y_H4_N500_POW_seed021,POW,H4,500,21,19,224.07168847759385
8Y_H4_N500_P0_ALL_seed021,P0_ALL,H4,500,21,1,986.2159123986719
8Y_H4_N500_P0_ALL_seed021,P0_ALL,H4,500,21,2,414.7500826597163
8Y_H4_N500_P0_ALL_seed021,P0_ALL,H4,500,21,3,420.99250413595246
8Y_H4_N500_P0_ALL_seed021,P0_ALL,H4,500,21,4,218.46108602225422
8Y_H4_N500_P0_ALL_seed021,P0_ALL,H4,500,21,5,296.60010969977384
8Y_H4_N500_P0_ALL_seed021,P0_ALL,H4,500,21,6,133.22098890174084
8Y_H4_N500_P0_ALL_seed021,P0_ALL,H4,500,21,7,183.15751894573805
8Y_H4_N500_P0_ALL_seed021,P0_ALL,H4,500,21,8,1967.416377481376
8Y_H4_N500_P0_ALL_seed021,P0_ALL,H4,500,21,9,562.7677241004221
8Y_H4_N500_P0_ALL_seed021,P0_ALL,H4,500,21,10,13.663985211022009
8Y_H4_N500_P0_ALL_seed021,P0_ALL,H4,500,21,11,96.83863003823444
8Y_H4_N500_P0_ALL_seed021,P0_ALL,H4,500,21,12,130.543042735173
8Y_H4_N500_P0_ALL_seed021,P0_ALL,H4,500,21,13,301.2364333979622
8Y_H4_N500_P0_ALL_seed021,P0_ALL,H4,500,21,14,186.48788003607115
8Y_H4_N500_P0_ALL_seed021,P0_ALL,H4,500,21,15,315.91807170744414
8Y_H4_N500_P0_ALL_seed021,P0_ALL,H4,500,21,16,932.5095509293487
8Y_H4_N500_P0_ALL_seed021,P0_ALL,H4,500,21,17,839.8910791642847
8Y_H4_N500_P0_ALL_seed021,P0_ALL,H4,500,21,18,1548.6705539815966
8Y_H4_N500_P0_ALL_seed021,P0_ALL,H4,500,21,19,224.07168847759385
8Y_H4_N500_P3_ENERGY_seed021,P3_ENERGY,H4,500,21,1,986.2159123986719
8Y_H4_N500_P3_ENERGY_seed021,P3_ENERGY,H4,500,21,2,414.7500826597163
8Y_H4_N500_P3_ENERGY_seed021,P3_ENERGY,H4,500,21,3,420.99250413595246
8Y_H4_N500_P3_ENERGY_seed021,P3_ENERGY,H4,500,21,4,218.46108602225422
8Y_H4_N500_P3_ENERGY_seed021,P3_ENERGY,H4,500,21,5,735.9979113181321
8Y_H4_N500_P3_ENERGY_seed021,P3_ENERGY,H4,500,21,6,183.06427871519554
8Y_H4_N500_P3_ENERGY_seed021,P3_ENERGY,H4,500,21,7,1965.949295539905
8Y_H4_N500_P3_ENERGY_seed021,P3_ENERGY,H4,500,21,8,615.1615122696121
8Y_H4_N500_P3_ENERGY_seed021,P3_ENERGY,H4,500,21,9,512.8524150618414
8Y_H4_N500_P3_ENERGY_seed021,P3_ENERGY,H4,500,21,10,906.1863617772906
8Y_H4_N500_P3_ENERGY_seed021,P3_ENERGY,H4,500,21,11,918.6364942664841
8Y_H4_N500_P3_ENERGY_seed021,P3_ENERGY,H4,500,21,12,2044.1384117087046
8Y_H4_N500_P4_RESERVE_seed021,P4_RESERVE,H4,500,21,1,1896.215912398672
8Y_H4_N500_P4_RESERVE_seed021,P4_RESERVE,H4,500,21,2,414.7500826597163
8Y_H4_N500_P4_RESERVE_seed021,P4_RESERVE,H4,500,21,3,420.992504135952
8Y_H4_N500_P4_RESERVE_seed021,P4_RESERVE,H4,500,21,4,218.46108602225422
8Y_H4_N500_P4_RESERVE_seed021,P4_RESERVE,H4,500,21,5,1642.7676258140796
8Y_H4_N500_P4_RESERVE_seed021,P4_RESERVE,H4,500,21,6,183.06427871519554
8Y_H4_N500_P4_RESERVE_seed021,P4_RESERVE,H4,500,21,7,1806.4018511150762
8Y_H4_N500_P4_RESERVE_seed021,P4_RESERVE,H4,500,21,8,881.5407851727496
8Y_H4_N500_P4_RESERVE_seed021,P4_RESERVE,H4,500,21,9,160.26037046412512
8Y_H4_N500_P4_RESERVE_seed021,P4_RESERVE,H4,500,21,10,1522.8533592207777
8Y_H4_N500_P4_RESERVE_seed021,P4_RESERVE,H4,500,21,11,512.8673815696384
8Y_H4_N500_POW_seed022,POW,H4,500,22,1,289.2256559915904
8Y_H4_N500_POW_seed022,POW,H4,500,22,2,281.27993118129535
8Y_H4_N500_POW_seed022,POW,H4,500,22,3,9.315009245273927
8Y_H4_N500_POW_seed022,POW,H4,500,22,4,413.5145672878343
8Y_H4_N500_POW_seed022,POW,H4,500,22,5,204.36244885421286
8Y_H4_N500_POW_seed022,POW,H4,500,22,6,189.75871188714723
8Y_H4_N500_POW_seed022,POW,H4,500,22,7,1228.5138004540315
8Y_H4_N500_POW_seed022,POW,H4,500,22,8,1120.33021949257
8Y_H4_N500_POW_seed022,POW,H4,500,22,9,793.2554060795842
8Y_H4_N500_POW_seed022,POW,H4,500,22,10,689.7454247234127
8Y_H4_N500_POW_seed022,POW,H4,500,22,11,287.45746318349575
8Y_H4_N500_POW_seed022,POW,H4,500,22,12,329.72691983044206
8Y_H4_N500_POW_seed022,POW,H4,500,22,13,73.3750671585085
8Y_H4_N500_POW_seed022,POW,H4,500,22,14,144.24691398700634
8Y_H4_N500_POW_seed022,POW,H4,500,22,15,1832.081491167728
8Y_H4_N500_POW_seed022,POW,H4,500,22,16,133.96180304276277
8Y_H4_N500_POW_seed022,POW,H4,500,22,17,541.9474847488955
8Y_H4_N500_POW_seed022,POW,H4,500,22,18,671.1852858460497
8Y_H4_N500_P0_ALL_seed022,P0_ALL,H4,500,22,1,289.2256559915904
8Y_H4_N500_P0_ALL_seed022,P0_ALL,H4,500,22,2,281.27993118129535
8Y_H4_N500_P0_ALL_seed022,P0_ALL,H4,500,22,3,9.315009245273927
8Y_H4_N500_P0_ALL_seed022,P0_ALL,H4,500,22,4,413.5145672878343
8Y_H4_N500_P0_ALL_seed022,P0_ALL,H4,500,22,5,204.36244885421286
8Y_H4_N500_P0_ALL_seed022,P0_ALL,H4,500,22,6,189.75871188714723
8Y_H4_N500_P0_ALL_seed022,P0_ALL,H4,500,22,7,1234.6186327033508
8Y_H4_N500_P0_ALL_seed022,P0_ALL,H4,500,22,8,1122.3619512645582
8Y_H4_N500_P0_ALL_seed022,P0_ALL,H4,500,22,9,793.4275943537823
8Y_H4_N500_P0_ALL_seed022,P0_ALL,H4,500,22,10,692.149924472853
8Y_H4_N500_P0_ALL_seed022,P0_ALL,H4,500,22,11,287.45746318349575
8Y_H4_N500_P0_ALL_seed022,P0_ALL,H4,500,22,12,329.72691983044206
8Y_H4_N500_P0_ALL_seed022,P0_ALL,H4,500,22,13,73.3750671585085
8Y_H4_N500_P0_ALL_seed022,P0_ALL,H4,500,22,14,144.24691398700634
8Y_H4_N500_P0_ALL_seed022,P0_ALL,H4,500,22,15,1841.095747798844
8Y_H4_N500_P0_ALL_seed022,P0_ALL,H4,500,22,16,133.96180304276277
8Y_H4_N500_P0_ALL_seed022,P0_ALL,H4,500,22,17,541.9474847488955
8Y_H4_N500_P0_ALL_seed022,P0_ALL,H4,500,22,18,671.7238604439171
8Y_H4_N500_P3_ENERGY_seed022,P3_ENERGY,H4,500,22,1,946.0671749837348
8Y_H4_N500_P3_ENERGY_seed022,P3_ENERGY,H4,500,22,2,9.926054729664088
8Y_H4_N500_P3_ENERGY_seed022,P3_ENERGY,H4,500,22,3,805.4240905013535
8Y_H4_N500_P3_ENERGY_seed022,P3_ENERGY,H4,500,22,4,190.07065871619352
8Y_H4_N500_P3_ENERGY_seed022,P3_ENERGY,H4,500,22,5,1233.291034434392
8Y_H4_N500_P3_ENERGY_seed022,P3_ENERGY,H4,500,22,6,1123.1619446963168
8Y_H4_N500_P3_ENERGY_seed022,P3_ENERGY,H4,500,22,7,1897.4559653729211
8Y_H4_N500_P3_ENERGY_seed022,P3_ENERGY,H4,500,22,8,287.1014922808872
8Y_H4_N500_P3_ENERGY_seed022,P3_ENERGY,H4,500,22,9,327.1096033353915
8Y_H4_N500_P3_ENERGY_seed022,P3_ENERGY,H4,500,22,10,73.80343163690395
8Y_H4_N500_P3_ENERGY_seed022,P3_ENERGY,H4,500,22,11,345.1836608262447
8Y_H4_N500_P3_ENERGY_seed022,P3_ENERGY,H4,500,22,12,1839.5409056696826
8Y_H4_N500_P3_ENERGY_seed022,P3_ENERGY,H4,500,22,13,134.31545914750677
8Y_H4_N500_P3_ENERGY_seed022,P3_ENERGY,H4,500,22,14,541.755899274387
8Y_H4_N500_P4_RESERVE_seed022,P4_RESERVE,H4,500,22,1,599.2256559915904
8Y_H4_N500_P4_RESERVE_seed022,P4_RESERVE,H4,500,22,2,345.9609619239019
8Y_H4_N500_P4_RESERVE_seed022,P4_RESERVE,H4,500,22,3,9.315009245273927
8Y_H4_N500_P4_RESERVE_seed022,P4_RESERVE,H4,500,22,4,1713.6087611138635
8Y_H4_N500_P4_RESERVE_seed022,P4_RESERVE,H4,500,22,5,190.00410887037015
8Y_H4_N500_P4_RESERVE_seed022,P4_RESERVE,H4,500,22,6,1045.915508306362
8Y_H4_N500_P4_RESERVE_seed022,P4_RESERVE,H4,500,22,7,1538.6145067410034
8Y_H4_N500_P4_RESERVE_seed022,P4_RESERVE,H4,500,22,8,2029.8905245892547
8Y_H4_N500_POW_seed023,POW,H4,500,23,1,239.817921515706
8Y_H4_N500_POW_seed023,POW,H4,500,23,2,394.107193362276
8Y_H4_N500_POW_seed023,POW,H4,500,23,3,91.01833081928805
8Y_H4_N500_POW_seed023,POW,H4,500,23,4,370.62412011353206
8Y_H4_N500_POW_seed023,POW,H4,500,23,5,1956.5633149453852
8Y_H4_N500_POW_seed023,POW,H4,500,23,6,1601.109743831702
8Y_H4_N500_POW_seed023,POW,H4,500,23,7,6.055931223927473
8Y_H4_N500_POW_seed023,POW,H4,500,23,8,238.34172891643175
8Y_H4_N500_POW_seed023,POW,H4,500,23,9,474.37543780556825
8Y_H4_N500_POW_seed023,POW,H4,500,23,10,585.6920221986193
8Y_H4_N500_POW_seed023,POW,H4,500,23,11,319.3760120843717
8Y_H4_N500_POW_seed023,POW,H4,500,23,12,1780.3855693709984
8Y_H4_N500_POW_seed023,POW,H4,500,23,13,541.6270886647499
8Y_H4_N500_POW_seed023,POW,H4,500,23,14,796.6631936590729
8Y_H4_N500_POW_seed023,POW,H4,500,23,15,45.003779167273024
8Y_H4_N500_P0_ALL_seed023,P0_ALL,H4,500,23,1,239.817921515706
8Y_H4_N500_P0_ALL_seed023,P0_ALL,H4,500,23,2,394.107193362276
8Y_H4_N500_P0_ALL_seed023,P0_ALL,H4,500,23,3,91.01833081928805
8Y_H4_N500_P0_ALL_seed023,P0_ALL,H4,500,23,4,370.62412011353206
8Y_H4_N500_P0_ALL_seed023,P0_ALL,H4,500,23,5,1967.7200683852916
8Y_H4_N500_P0_ALL_seed023,P0_ALL,H4,500,23,6,1607.6417258607325
8Y_H4_N500_P0_ALL_seed023,P0_ALL,H4,500,23,7,6.055931223927473
8Y_H4_N500_P0_ALL_seed023,P0_ALL,H4,500,23,8,238.34172891643175
8Y_H4_N500_P0_ALL_seed023,P0_ALL,H4,500,23,9,474.37543780556825
8Y_H4_N500_P0_ALL_seed023,P0_ALL,H4,500,23,10,585.6920221986193
8Y_H4_N500_P0_ALL_seed023,P0_ALL,H4,500,23,11,319.3760120843717
8Y_H4_N500_P0_ALL_seed023,P0_ALL,H4,500,23,12,1785.4817706020467
8Y_H4_N500_P0_ALL_seed023,P0_ALL,H4,500,23,13,541.6270886647517
8Y_H4_N500_P0_ALL_seed023,P0_ALL,H4,500,23,14,798.9357601299125
8Y_H4_N500_P0_ALL_seed023,P0_ALL,H4,500,23,15,45.003779167273024
8Y_H4_N500_P3_ENERGY_seed023,P3_ENERGY,H4,500,23,1,239.817921515706
8Y_H4_N500_P3_ENERGY_seed023,P3_ENERGY,H4,500,23,2,394.107193362276
8Y_H4_N500_P3_ENERGY_seed023,P3_ENERGY,H4,500,23,3,484.5473899043252
8Y_H4_N500_P3_ENERGY_seed023,P3_ENERGY,H4,500,23,4,370.6241201135322
8Y_H4_N500_P3_ENERGY_seed023,P3_ENERGY,H4,500,23,5,1967.013497051736
8Y_H4_N500_P3_ENERGY_seed023,P3_ENERGY,H4,500,23,6,2304.0410056295027
8Y_H4_N500_P3_ENERGY_seed023,P3_ENERGY,H4,500,23,7,238.67030363887352
8Y_H4_N500_P3_ENERGY_seed023,P3_ENERGY,H4,500,23,8,474.72122385321563
8Y_H4_N500_P3_ENERGY_seed023,P3_ENERGY,H4,500,23,9,921.9357211467741
8Y_H4_N500_P3_ENERGY_seed023,P3_ENERGY,H4,500,23,10,2349.233062673652
8Y_H4_N500_P4_RESERVE_seed023,P4_RESERVE,H4,500,23,1,239.817921515706
8Y_H4_N500_P4_RESERVE_seed023,P4_RESERVE,H4,500,23,2,394.107193362276
8Y_H4_N500_P4_RESERVE_seed023,P4_RESERVE,H4,500,23,3,484.5473899043252
8Y_H4_N500_P4_RESERVE_seed023,P4_RESERVE,H4,500,23,4,370.6241201135322
8Y_H4_N500_P4_RESERVE_seed023,P4_RESERVE,H4,500,23,5,2874.1787587223225
8Y_H4_N500_P4_RESERVE_seed023,P4_RESERVE,H4,500,23,6,3116.416258489554
8Y_H4_N500_P4_RESERVE_seed023,P4_RESERVE,H4,500,23,7,238.67030363887352
8Y_H4_N500_P4_RESERVE_seed023,P4_RESERVE,H4,500,23,8,474.7212238532147
8Y_H4_N500_POW_seed024,POW,H4,500,24,1,257.56335705591977
8Y_H4_N500_POW_seed024,POW,H4,500,24,2,365.3182936717306
8Y_H4_N500_POW_seed024,POW,H4,500,24,3,54.90303736701799
8Y_H4_N500_POW_seed024,POW,H4,500,24,4,59.39357811121215
8Y_H4_N500_POW_seed024,POW,H4,500,24,5,666.0321152950572
8Y_H4_N500_POW_seed024,POW,H4,500,24,6,1040.029293534115
8Y_H4_N500_POW_seed024,POW,H4,500,24,7,1294.9120530979171
8Y_H4_N500_POW_seed024,POW,H4,500,24,8,72.8995702212037
8Y_H4_N500_POW_seed024,POW,H4,500,24,9,1082.9093153208437
8Y_H4_N500_POW_seed024,POW,H4,500,24,10,1278.1949608553969
8Y_H4_N500_POW_seed024,POW,H4,500,24,11,845.1920074313321
8Y_H4_N500_POW_seed024,POW,H4,500,24,12,961.9799817572048
8Y_H4_N500_POW_seed024,POW,H4,500,24,13,93.8818977561159
8Y_H4_N500_POW_seed024,POW,H4,500,24,14,182.86103932060087
8Y_H4_N500_POW_seed024,POW,H4,500,24,15,1037.791030436847
8Y_H4_N500_P0_ALL_seed024,P0_ALL,H4,500,24,1,257.56335705591977
8Y_H4_N500_P0_ALL_seed024,P0_ALL,H4,500,24,2,365.3182936717306
8Y_H4_N500_P0_ALL_seed024,P0_ALL,H4,500,24,3,54.90303736701799
8Y_H4_N500_P0_ALL_seed024,P0_ALL,H4,500,24,4,59.39357811121215
8Y_H4_N500_P0_ALL_seed024,P0_ALL,H4,500,24,5,670.061293788848
8Y_H4_N500_P0_ALL_seed024,P0_ALL,H4,500,24,6,1042.721955129411
8Y_H4_N500_P0_ALL_seed024,P0_ALL,H4,500,24,7,1300.4203733831519
8Y_H4_N500_P0_ALL_seed024,P0_ALL,H4,500,24,8,72.8995702212037
8Y_H4_N500_P0_ALL_seed024,P0_ALL,H4,500,24,9,1086.236356661639
8Y_H4_N500_P0_ALL_seed024,P0_ALL,H4,500,24,10,1284.8043270156431
8Y_H4_N500_P0_ALL_seed024,P0_ALL,H4,500,24,11,848.2092533979485
8Y_H4_N500_P0_ALL_seed024,P0_ALL,H4,500,24,12,964.6233799627889
8Y_H4_N500_P0_ALL_seed024,P0_ALL,H4,500,24,13,93.8818977561159
8Y_H4_N500_P0_ALL_seed024,P0_ALL,H4,500,24,14,182.86103932059996
8Y_H4_N500_P0_ALL_seed024,P0_ALL,H4,500,24,15,1040.9882524335517
8Y_H4_N500_P3_ENERGY_seed024,P3_ENERGY,H4,500,24,1,257.56335705591977
8Y_H4_N500_P3_ENERGY_seed024,P3_ENERGY,H4,500,24,2,365.3182936717306
8Y_H4_N500_P3_ENERGY_seed024,P3_ENERGY,H4,500,24,3,54.90303736701799
8Y_H4_N500_P3_ENERGY_seed024,P3_ENERGY,H4,500,24,4,59.39357811121215
8Y_H4_N500_P3_ENERGY_seed024,P3_ENERGY,H4,500,24,5,670.061293788848
8Y_H4_N500_P3_ENERGY_seed024,P3_ENERGY,H4,500,24,6,1041.7359079347798
8Y_H4_N500_P3_ENERGY_seed024,P3_ENERGY,H4,500,24,7,1880.6206493108466
8Y_H4_N500_P3_ENERGY_seed024,P3_ENERGY,H4,500,24,8,1086.8446024429695
8Y_H4_N500_P3_ENERGY_seed024,P3_ENERGY,H4,500,24,9,1283.3602726951794
8Y_H4_N500_P3_ENERGY_seed024,P3_ENERGY,H4,500,24,10,847.5830121964536
8Y_H4_N500_P3_ENERGY_seed024,P3_ENERGY,H4,500,24,11,965.0725729735796
8Y_H4_N500_P3_ENERGY_seed024,P3_ENERGY,H4,500,24,12,93.52037476767873
8Y_H4_N500_P3_ENERGY_seed024,P3_ENERGY,H4,500,24,13,182.693515412353
8Y_H4_N500_P3_ENERGY_seed024,P3_ENERGY,H4,500,24,14,1040.1164301195167
8Y_H4_N500_P4_RESERVE_seed024,P4_RESERVE,H4,500,24,1,257.56335705591977
8Y_H4_N500_P4_RESERVE_seed024,P4_RESERVE,H4,500,24,2,365.3182936717306
8Y_H4_N500_P4_RESERVE_seed024,P4_RESERVE,H4,500,24,3,54.90303736701799
8Y_H4_N500_P4_RESERVE_seed024,P4_RESERVE,H4,500,24,4,59.39357811121215
8Y_H4_N500_P4_RESERVE_seed024,P4_RESERVE,H4,500,24,5,1575.6096607691466
8Y_H4_N500_P4_RESERVE_seed024,P4_RESERVE,H4,500,24,6,1240.5849894524276
8Y_H4_N500_P4_RESERVE_seed024,P4_RESERVE,H4,500,24,7,440.8398265305441
8Y_H4_N500_P4_RESERVE_seed024,P4_RESERVE,H4,500,24,8,2787.9443351969385
8Y_H4_N500_P4_RESERVE_seed024,P4_RESERVE,H4,500,24,9,1614.073183862355
8Y_H4_N500_POW_seed025,POW,H4,500,25,1,394.77566899678516
8Y_H4_N500_POW_seed025,POW,H4,500,25,2,1483.0921675871723
8Y_H4_N500_POW_seed025,POW,H4,500,25,3,503.50523121712695
8Y_H4_N500_POW_seed025,POW,H4,500,25,4,970.9109689287061
8Y_H4_N500_POW_seed025,POW,H4,500,25,5,709.3727265130346
8Y_H4_N500_POW_seed025,POW,H4,500,25,6,267.03939716984223
8Y_H4_N500_POW_seed025,POW,H4,500,25,7,206.43795632760248
8Y_H4_N500_POW_seed025,POW,H4,500,25,8,248.83818758078633
8Y_H4_N500_POW_seed025,POW,H4,500,25,9,1134.8050792737904
8Y_H4_N500_POW_seed025,POW,H4,500,25,10,1309.1597168540584
8Y_H4_N500_POW_seed025,POW,H4,500,25,11,110.69927857971925
8Y_H4_N500_POW_seed025,POW,H4,500,25,12,43.201356091855814
8Y_H4_N500_POW_seed025,POW,H4,500,25,13,1035.959308594076
8Y_H4_N500_POW_seed025,POW,H4,500,25,14,250.0390538461561
8Y_H4_N500_POW_seed025,POW,H4,500,25,15,981.0623549188058
8Y_H4_N500_P0_ALL_seed025,P0_ALL,H4,500,25,1,394.77566899678516
8Y_H4_N500_P0_ALL_seed025,P0_ALL,H4,500,25,2,1488.3191701347532
8Y_H4_N500_P0_ALL_seed025,P0_ALL,H4,500,25,3,503.50523121712695
8Y_H4_N500_P0_ALL_seed025,P0_ALL,H4,500,25,4,973.0710478194183
8Y_H4_N500_P0_ALL_seed025,P0_ALL,H4,500,25,5,712.0664972276913
8Y_H4_N500_P0_ALL_seed025,P0_ALL,H4,500,25,6,267.03939716984223
8Y_H4_N500_P0_ALL_seed025,P0_ALL,H4,500,25,7,206.43795632760248
8Y_H4_N500_P0_ALL_seed025,P0_ALL,H4,500,25,8,248.83818758078633
8Y_H4_N500_P0_ALL_seed025,P0_ALL,H4,500,25,9,1137.9394629041217
8Y_H4_N500_P0_ALL_seed025,P0_ALL,H4,500,25,10,1314.3333552649365
8Y_H4_N500_P0_ALL_seed025,P0_ALL,H4,500,25,11,110.69927857971925
8Y_H4_N500_P0_ALL_seed025,P0_ALL,H4,500,25,12,43.201356091855814
8Y_H4_N500_P0_ALL_seed025,P0_ALL,H4,500,25,13,1038.445677983651
8Y_H4_N500_P0_ALL_seed025,P0_ALL,H4,500,25,14,250.0390538461561
8Y_H4_N500_P0_ALL_seed025,P0_ALL,H4,500,25,15,984.0749784955551
8Y_H4_N500_P3_ENERGY_seed025,P3_ENERGY,H4,500,25,1,394.77566899678516
8Y_H4_N500_P3_ENERGY_seed025,P3_ENERGY,H4,500,25,2,2310.937446299381
8Y_H4_N500_P3_ENERGY_seed025,P3_ENERGY,H4,500,25,3,2699.6508620882473
8Y_H4_N500_P3_ENERGY_seed025,P3_ENERGY,H4,500,25,4,849.4360678384364
8Y_H4_N500_P3_ENERGY_seed025,P3_ENERGY,H4,500,25,5,1137.6655269485855
8Y_H4_N500_P3_ENERGY_seed025,P3_ENERGY,H4,500,25,6,2453.1736154446135
8Y_H4_N500_P4_RESERVE_seed025,P4_RESERVE,H4,500,25,1,394.77566899678516
8Y_H4_N500_P4_RESERVE_seed025,P4_RESERVE,H4,500,25,2,2395.968243860222
8Y_H4_N500_P4_RESERVE_seed025,P4_RESERVE,H4,500,25,3,503.5052312171265
8Y_H4_N500_P4_RESERVE_seed025,P4_RESERVE,H4,500,25,4,1880.2753420211588
8Y_H4_N500_P4_RESERVE_seed025,P4_RESERVE,H4,500,25,5,2400.761287015889
8Y_H4_N500_P4_RESERVE_seed025,P4_RESERVE,H4,500,25,6,719.2275673589302
8Y_H4_N500_P4_RESERVE_seed025,P4_RESERVE,H4,500,25,7,247.59575130589292
8Y_H4_N500_POW_seed026,POW,H4,500,26,1,16.439372277669865
8Y_H4_N500_POW_seed026,POW,H4,500,26,2,1906.5533888925104
8Y_H4_N500_POW_seed026,POW,H4,500,26,3,993.1218836237756
8Y_H4_N500_POW_seed026,POW,H4,500,26,4,1608.5038938918365
8Y_H4_N500_POW_seed026,POW,H4,500,26,5,136.4714295289159
8Y_H4_N500_POW_seed026,POW,H4,500,26,6,144.60517409325257
8Y_H4_N500_POW_seed026,POW,H4,500,26,7,32.51190246238184
8Y_H4_N500_POW_seed026,POW,H4,500,26,8,1354.0669134706914
8Y_H4_N500_POW_seed026,POW,H4,500,26,9,338.9810416673972
8Y_H4_N500_POW_seed026,POW,H4,500,26,10,608.0939310658696
8Y_H4_N500_POW_seed026,POW,H4,500,26,11,329.8830265219658
8Y_H4_N500_POW_seed026,POW,H4,500,26,12,1145.130520184216
8Y_H4_N500_POW_seed026,POW,H4,500,26,13,144.3996396709481
8Y_H4_N500_POW_seed026,POW,H4,500,26,14,452.34248330982336
8Y_H4_N500_POW_seed026,POW,H4,500,26,15,362.7815813033467
8Y_H4_N500_P0_ALL_seed026,P0_ALL,H4,500,26,1,16.439372277669865
8Y_H4_N500_P0_ALL_seed026,P0_ALL,H4,500,26,2,1914.4889016167663
8Y_H4_N500_P0_ALL_seed026,P0_ALL,H4,500,26,3,996.0449826830259
8Y_H4_N500_P0_ALL_seed026,P0_ALL,H4,500,26,4,1614.4699817544897
8Y_H4_N500_P0_ALL_seed026,P0_ALL,H4,500,26,5,136.4714295289159
8Y_H4_N500_P0_ALL_seed026,P0_ALL,H4,500,26,6,144.60517409325257
8Y_H4_N500_P0_ALL_seed026,P0_ALL,H4,500,26,7,32.51190246238184
8Y_H4_N500_P0_ALL_seed026,P0_ALL,H4,500,26,8,1359.3670061118064
8Y_H4_N500_P0_ALL_seed026,P0_ALL,H4,500,26,9,338.9810416673972
8Y_H4_N500_P0_ALL_seed026,P0_ALL,H4,500,26,10,611.0034147539964
8Y_H4_N500_P0_ALL_seed026,P0_ALL,H4,500,26,11,329.8830265219658
8Y_H4_N500_P0_ALL_seed026,P0_ALL,H4,500,26,12,1148.999159282137
8Y_H4_N500_P0_ALL_seed026,P0_ALL,H4,500,26,13,144.3996396709481
8Y_H4_N500_P0_ALL_seed026,P0_ALL,H4,500,26,14,452.34248330982336
8Y_H4_N500_P0_ALL_seed026,P0_ALL,H4,500,26,15,362.7815813033467
8Y_H4_N500_P3_ENERGY_seed026,P3_ENERGY,H4,500,26,1,16.439372277669865
8Y_H4_N500_P3_ENERGY_seed026,P3_ENERGY,H4,500,26,2,1913.945824557746
8Y_H4_N500_P3_ENERGY_seed026,P3_ENERGY,H4,500,26,3,996.0449826830261
8Y_H4_N500_P3_ENERGY_seed026,P3_ENERGY,H4,500,26,4,2555.346506519797
8Y_H4_N500_P3_ENERGY_seed026,P3_ENERGY,H4,500,26,5,33.26390115124741
8Y_H4_N500_P3_ENERGY_seed026,P3_ENERGY,H4,500,26,6,3019.899511137087
8Y_H4_N500_P3_ENERGY_seed026,P3_ENERGY,H4,500,26,7,581.3069823317092
8Y_H4_N500_P4_RESERVE_seed026,P4_RESERVE,H4,500,26,1,16.439372277669865
8Y_H4_N500_P4_RESERVE_seed026,P4_RESERVE,H4,500,26,2,2821.721252021048
8Y_H4_N500_P4_RESERVE_seed026,P4_RESERVE,H4,500,26,3,1903.033805766952
8Y_H4_N500_P4_RESERVE_seed026,P4_RESERVE,H4,500,26,4,3124.354274418196
8Y_H4_N500_P4_RESERVE_seed026,P4_RESERVE,H4,500,26,5,144.71227167772759
8Y_H4_N500_P4_RESERVE_seed026,P4_RESERVE,H4,500,26,6,31.96862689419413
8Y_H4_N500_P4_RESERVE_seed026,P4_RESERVE,H4,500,26,7,1046.4594719325714
8Y_H4_N500_POW_seed027,POW,H4,500,27,1,482.39845730737017
8Y_H4_N500_POW_seed027,POW,H4,500,27,2,1411.4109007999907
8Y_H4_N500_POW_seed027,POW,H4,500,27,3,1158.4292952027863
8Y_H4_N500_POW_seed027,POW,H4,500,27,4,443.5755272244555
8Y_H4_N500_POW_seed027,POW,H4,500,27,5,933.7874651463712
8Y_H4_N500_POW_seed027,POW,H4,500,27,6,120.0175258331501
8Y_H4_N500_POW_seed027,POW,H4,500,27,7,1585.3633966517373
8Y_H4_N500_POW_seed027,POW,H4,500,27,8,123.29841709315679
8Y_H4_N500_POW_seed027,POW,H4,500,27,9,1189.0239598282042
8Y_H4_N500_POW_seed027,POW,H4,500,27,10,425.0454840758175
8Y_H4_N500_POW_seed027,POW,H4,500,27,11,148.770732996888
8Y_H4_N500_POW_seed027,POW,H4,500,27,12,0.9641273185507089
8Y_H4_N500_POW_seed027,POW,H4,500,27,13,1121.2792587538552
8Y_H4_N500_POW_seed027,POW,H4,500,27,14,143.93261363482998
8Y_H4_N500_POW_seed027,POW,H4,500,27,15,682.4861371073166
8Y_H4_N500_P0_ALL_seed027,P0_ALL,H4,500,27,1,482.39845730737017
8Y_H4_N500_P0_ALL_seed027,P0_ALL,H4,500,27,2,1418.7079052949812
8Y_H4_N500_P0_ALL_seed027,P0_ALL,H4,500,27,3,1160.817049322249
8Y_H4_N500_P0_ALL_seed027,P0_ALL,H4,500,27,4,443.5755272244555
8Y_H4_N500_P0_ALL_seed027,P0_ALL,H4,500,27,5,935.4726590507157
8Y_H4_N500_P0_ALL_seed027,P0_ALL,H4,500,27,6,120.0175258331501
8Y_H4_N500_P0_ALL_seed027,P0_ALL,H4,500,27,7,1590.391734833166
8Y_H4_N500_P0_ALL_seed027,P0_ALL,H4,500,27,8,123.29841709315679
8Y_H4_N500_P0_ALL_seed027,P0_ALL,H4,500,27,9,1192.412719512724
8Y_H4_N500_P0_ALL_seed027,P0_ALL,H4,500,27,10,425.0454840758175
8Y_H4_N500_P0_ALL_seed027,P0_ALL,H4,500,27,11,148.770732996888
8Y_H4_N500_P0_ALL_seed027,P0_ALL,H4,500,27,12,0.9641273185507089
8Y_H4_N500_P0_ALL_seed027,P0_ALL,H4,500,27,13,1123.5971150581681
8Y_H4_N500_P0_ALL_seed027,P0_ALL,H4,500,27,14,143.93261363482998
8Y_H4_N500_P0_ALL_seed027,P0_ALL,H4,500,27,15,685.7820447067224
8Y_H4_N500_P3_ENERGY_seed027,P3_ENERGY,H4,500,27,1,482.39845730737017
8Y_H4_N500_P3_ENERGY_seed027,P3_ENERGY,H4,500,27,2,1418.7079052949812
8Y_H4_N500_P3_ENERGY_seed027,P3_ENERGY,H4,500,27,3,1647.6168465530293
8Y_H4_N500_P3_ENERGY_seed027,P3_ENERGY,H4,500,27,4,935.7690783538028
8Y_H4_N500_P3_ENERGY_seed027,P3_ENERGY,H4,500,27,5,2193.0561609568595
8Y_H4_N500_P3_ENERGY_seed027,P3_ENERGY,H4,500,27,6,123.1213923481364
8Y_H4_N500_P3_ENERGY_seed027,P3_ENERGY,H4,500,27,7,1191.0776487021512
8Y_H4_N500_P3_ENERGY_seed027,P3_ENERGY,H4,500,27,8,425.97280228528325
8Y_H4_N500_P3_ENERGY_seed027,P3_ENERGY,H4,500,27,9,148.59681721005654
8Y_H4_N500_P3_ENERGY_seed027,P3_ENERGY,H4,500,27,10,1.6768342039158597
8Y_H4_N500_P3_ENERGY_seed027,P3_ENERGY,H4,500,27,11,1125.8661053289452
8Y_H4_N500_P4_RESERVE_seed027,P4_RESERVE,H4,500,27,1,482.39845730737017
8Y_H4_N500_P4_RESERVE_seed027,P4_RESERVE,H4,500,27,2,2324.959090887161
8Y_H4_N500_P4_RESERVE_seed027,P4_RESERVE,H4,500,27,3,2556.332265856619
8Y_H4_N500_P4_RESERVE_seed027,P4_RESERVE,H4,500,27,4,1843.534962689575
8Y_H4_N500_P4_RESERVE_seed027,P4_RESERVE,H4,500,27,5,429.7847213940513
8Y_H4_N500_POW_seed028,POW,H4,500,28,1,1731.013795373135
8Y_H4_N500_POW_seed028,POW,H4,500,28,2,414.20667300747846
8Y_H4_N500_POW_seed028,POW,H4,500,28,3,7.416863833276693
8Y_H4_N500_POW_seed028,POW,H4,500,28,4,434.7868193351901
8Y_H4_N500_POW_seed028,POW,H4,500,28,5,822.8509452740745
8Y_H4_N500_POW_seed028,POW,H4,500,28,6,433.70070274552654
8Y_H4_N500_POW_seed028,POW,H4,500,28,7,306.87205833463577
8Y_H4_N500_POW_seed028,POW,H4,500,28,8,1352.5671301526463
8Y_H4_N500_POW_seed028,POW,H4,500,28,9,153.9295571836692
8Y_H4_N500_POW_seed028,POW,H4,500,28,10,368.171116777361
8Y_H4_N500_POW_seed028,POW,H4,500,28,11,558.8893899551003
8Y_H4_N500_POW_seed028,POW,H4,500,28,12,145.85748221800623
8Y_H4_N500_POW_seed028,POW,H4,500,28,13,40.48611761263237
8Y_H4_N500_POW_seed028,POW,H4,500,28,14,650.4837952211437
8Y_H4_N500_POW_seed028,POW,H4,500,28,15,1412.880129870775
8Y_H4_N500_POW_seed028,POW,H4,500,28,16,293.72706425836077
8Y_H4_N500_P0_ALL_seed028,P0_ALL,H4,500,28,1,1733.7989379365458
8Y_H4_N500_P0_ALL_seed028,P0_ALL,H4,500,28,2,414.20667300747846
8Y_H4_N500_P0_ALL_seed028,P0_ALL,H4,500,28,3,7.416863833276693
8Y_H4_N500_P0_ALL_seed028,P0_ALL,H4,500,28,4,434.7868193351901
8Y_H4_N500_P0_ALL_seed028,P0_ALL,H4,500,28,5,823.9733598294429
8Y_H4_N500_P0_ALL_seed028,P0_ALL,H4,500,28,6,433.70070274552654
8Y_H4_N500_P0_ALL_seed028,P0_ALL,H4,500,28,7,306.8720583346362
8Y_H4_N500_P0_ALL_seed028,P0_ALL,H4,500,28,8,1358.6590003198908
8Y_H4_N500_P0_ALL_seed028,P0_ALL,H4,500,28,9,153.9295571836692
8Y_H4_N500_P0_ALL_seed028,P0_ALL,H4,500,28,10,368.171116777361
8Y_H4_N500_P0_ALL_seed028,P0_ALL,H4,500,28,11,558.8893899551003
8Y_H4_N500_P0_ALL_seed028,P0_ALL,H4,500,28,12,145.85748221800623
8Y_H4_N500_P0_ALL_seed028,P0_ALL,H4,500,28,13,40.48611761263237
8Y_H4_N500_P0_ALL_seed028,P0_ALL,H4,500,28,14,652.6254598674905
8Y_H4_N500_P0_ALL_seed028,P0_ALL,H4,500,28,15,1418.2974443411886
8Y_H4_N500_P0_ALL_seed028,P0_ALL,H4,500,28,16,293.72706425836077
8Y_H4_N500_P3_ENERGY_seed028,P3_ENERGY,H4,500,28,1,1733.716724085864
8Y_H4_N500_P3_ENERGY_seed028,P3_ENERGY,H4,500,28,2,608.3074763627378
8Y_H4_N500_P3_ENERGY_seed028,P3_ENERGY,H4,500,28,3,1427.4345786408294
8Y_H4_N500_P3_ENERGY_seed028,P3_ENERGY,H4,500,28,4,433.6001788430749
8Y_H4_N500_P3_ENERGY_seed028,P3_ENERGY,H4,500,28,5,307.7407182432553
8Y_H4_N500_P3_ENERGY_seed028,P3_ENERGY,H4,500,28,6,1356.4245101417282
8Y_H4_N500_P3_ENERGY_seed028,P3_ENERGY,H4,500,28,7,154.12920046408544
8Y_H4_N500_P3_ENERGY_seed028,P3_ENERGY,H4,500,28,8,367.9877997851945
8Y_H4_N500_P3_ENERGY_seed028,P3_ENERGY,H4,500,28,9,558.6642665853033
8Y_H4_N500_P3_ENERGY_seed028,P3_ENERGY,H4,500,28,10,145.08380088136892
8Y_H4_N500_P3_ENERGY_seed028,P3_ENERGY,H4,500,28,11,1255.477139196223
8Y_H4_N500_P4_RESERVE_seed028,P4_RESERVE,H4,500,28,1,2643.798937936546
8Y_H4_N500_P4_RESERVE_seed028,P4_RESERVE,H4,500,28,2,723.9006822825131
8Y_H4_N500_P4_RESERVE_seed028,P4_RESERVE,H4,500,28,3,7.416863833276693
8Y_H4_N500_P4_RESERVE_seed028,P4_RESERVE,H4,500,28,4,1944.7736034498434
8Y_H4_N500_P4_RESERVE_seed028,P4_RESERVE,H4,500,28,5,222.85094527407455
8Y_H4_N500_P4_RESERVE_seed028,P4_RESERVE,H4,500,28,6,433.70070274552654
8Y_H4_N500_P4_RESERVE_seed028,P4_RESERVE,H4,500,28,7,306.8720583346367
8Y_H4_N500_P4_RESERVE_seed028,P4_RESERVE,H4,500,28,8,848.7946193927464
8Y_H4_N500_P4_RESERVE_seed028,P4_RESERVE,H4,500,28,9,1662.7227995762205
8Y_H4_N500_P4_RESERVE_seed028,P4_RESERVE,H4,500,28,10,153.72974101726322
8Y_H4_N500_P4_RESERVE_seed028,P4_RESERVE,H4,500,28,11,368.47427208329646
8Y_H4_N500_P4_RESERVE_seed028,P4_RESERVE,H4,500,28,12,558.8943993503326
8Y_H4_N500_POW_seed029,POW,H4,500,29,1,1735.4157508305518
8Y_H4_N500_POW_seed029,POW,H4,500,29,2,215.12274122718964
8Y_H4_N500_POW_seed029,POW,H4,500,29,3,51.071517893198006
8Y_H4_N500_POW_seed029,POW,H4,500,29,4,1236.158010954649
8Y_H4_N500_POW_seed029,POW,H4,500,29,5,110.2600913360875
8Y_H4_N500_POW_seed029,POW,H4,500,29,6,38.75148614658838
8Y_H4_N500_POW_seed029,POW,H4,500,29,7,86.23087690938064
8Y_H4_N500_POW_seed029,POW,H4,500,29,8,363.5657559563706
8Y_H4_N500_POW_seed029,POW,H4,500,29,9,289.70027656711045
8Y_H4_N500_POW_seed029,POW,H4,500,29,10,1400.9953169403097
8Y_H4_N500_POW_seed029,POW,H4,500,29,11,551.9873491301532
8Y_H4_N500_POW_seed029,POW,H4,500,29,12,780.9478439537861
8Y_H4_N500_POW_seed029,POW,H4,500,29,13,2624.8104545132765
8Y_H4_N500_POW_seed029,POW,H4,500,29,14,36.69948580455275
8Y_H4_N500_P0_ALL_seed029,P0_ALL,H4,500,29,1,1738.1203873428103
8Y_H4_N500_P0_ALL_seed029,P0_ALL,H4,500,29,2,215.12274122718964
8Y_H4_N500_P0_ALL_seed029,P0_ALL,H4,500,29,3,51.071517893198006
8Y_H4_N500_P0_ALL_seed029,P0_ALL,H4,500,29,4,1241.910531159296
8Y_H4_N500_P0_ALL_seed029,P0_ALL,H4,500,29,5,110.2600913360875
8Y_H4_N500_P0_ALL_seed029,P0_ALL,H4,500,29,6,38.75148614658838
8Y_H4_N500_P0_ALL_seed029,P0_ALL,H4,500,29,7,86.23087690938064
8Y_H4_N500_P0_ALL_seed029,P0_ALL,H4,500,29,8,363.5657559563706
8Y_H4_N500_P0_ALL_seed029,P0_ALL,H4,500,29,9,289.70027656711
8Y_H4_N500_P0_ALL_seed029,P0_ALL,H4,500,29,10,1407.376101081495
8Y_H4_N500_P0_ALL_seed029,P0_ALL,H4,500,29,11,551.9873491301532
8Y_H4_N500_P0_ALL_seed029,P0_ALL,H4,500,29,12,784.58197419934
8Y_H4_N500_P0_ALL_seed029,P0_ALL,H4,500,29,13,2635.9464537907033
8Y_H4_N500_P0_ALL_seed029,P0_ALL,H4,500,29,14,36.69948580455275
8Y_H4_N500_P3_ENERGY_seed029,P3_ENERGY,H4,500,29,1,1737.2364468352582
8Y_H4_N500_P3_ENERGY_seed029,P3_ENERGY,H4,500,29,2,215.12274122718964
8Y_H4_N500_P3_ENERGY_seed029,P3_ENERGY,H4,500,29,3,51.071517893198006
8Y_H4_N500_P3_ENERGY_seed029,P3_ENERGY,H4,500,29,4,1342.6565876098084
8Y_H4_N500_P3_ENERGY_seed029,P3_ENERGY,H4,500,29,5,1288.9515315493572
8Y_H4_N500_P3_ENERGY_seed029,P3_ENERGY,H4,500,29,6,405.28801261318586
8Y_H4_N500_P3_ENERGY_seed029,P3_ENERGY,H4,500,29,7,289.487249845708
8Y_H4_N500_P3_ENERGY_seed029,P3_ENERGY,H4,500,29,8,1406.8663743600255
8Y_H4_N500_P3_ENERGY_seed029,P3_ENERGY,H4,500,29,9,551.7500527057582
8Y_H4_N500_P3_ENERGY_seed029,P3_ENERGY,H4,500,29,10,785.3445086626652
8Y_H4_N500_P4_RESERVE_seed029,P4_RESERVE,H4,500,29,1,2648.1203873428103
8Y_H4_N500_P4_RESERVE_seed029,P4_RESERVE,H4,500,29,2,215.12274122718964
8Y_H4_N500_P4_RESERVE_seed029,P4_RESERVE,H4,500,29,3,51.071517893198234
8Y_H4_N500_P4_RESERVE_seed029,P4_RESERVE,H4,500,29,4,1276.327575153603
8Y_H4_N500_P4_RESERVE_seed029,P4_RESERVE,H4,500,29,5,1155.4148509221177
8Y_H4_N500_P4_RESERVE_seed029,P4_RESERVE,H4,500,29,6,136.99846619222353
8Y_H4_N500_P4_RESERVE_seed029,P4_RESERVE,H4,500,29,7,2148.5440735039338
8Y_H4_N500_P4_RESERVE_seed029,P4_RESERVE,H4,500,29,8,403.31333932235793
8Y_H4_N500_P4_RESERVE_seed029,P4_RESERVE,H4,500,29,9,289.70027656711045
8Y_H4_N500_P4_RESERVE_seed029,P4_RESERVE,H4,500,29,10,347.1804520800106
8Y_H4_N500_P4_RESERVE_seed029,P4_RESERVE,H4,500,29,11,719.2121117614206
8Y_H4_N500_P4_RESERVE_seed029,P4_RESERVE,H4,500,29,12,200.98873159765753
8Y_H4_N500_POW_seed030,POW,H4,500,30,1,2464.4123584296576
8Y_H4_N500_POW_seed030,POW,H4,500,30,2,325.44713634477966
8Y_H4_N500_POW_seed030,POW,H4,500,30,3,292.85952865898025
8Y_H4_N500_POW_seed030,POW,H4,500,30,4,717.7872001997912
8Y_H4_N500_POW_seed030,POW,H4,500,30,5,85.17304593810468
8Y_H4_N500_POW_seed030,POW,H4,500,30,6,1241.1417985671446
8Y_H4_N500_POW_seed030,POW,H4,500,30,7,223.9284807812437
8Y_H4_N500_POW_seed030,POW,H4,500,30,8,73.62325897954906
8Y_H4_N500_POW_seed030,POW,H4,500,30,9,25.98326520311639
8Y_H4_N500_POW_seed030,POW,H4,500,30,10,2375.3522105098928
8Y_H4_N500_POW_seed030,POW,H4,500,30,11,1197.8155313569468
8Y_H4_N500_POW_seed030,POW,H4,500,30,12,325.16274697769586
8Y_H4_N500_P0_ALL_seed030,P0_ALL,H4,500,30,1,2472.1969258011927
8Y_H4_N500_P0_ALL_seed030,P0_ALL,H4,500,30,2,325.44713634477966
8Y_H4_N500_P0_ALL_seed030,P0_ALL,H4,500,30,3,292.85952865898025
8Y_H4_N500_P0_ALL_seed030,P0_ALL,H4,500,30,4,719.5982473557956
8Y_H4_N500_P0_ALL_seed030,P0_ALL,H4,500,30,5,85.17304593810468
8Y_H4_N500_P0_ALL_seed030,P0_ALL,H4,500,30,6,1247.687189087786
8Y_H4_N500_P0_ALL_seed030,P0_ALL,H4,500,30,7,223.9284807812437
8Y_H4_N500_P0_ALL_seed030,P0_ALL,H4,500,30,8,73.62325897954906
8Y_H4_N500_P0_ALL_seed030,P0_ALL,H4,500,30,9,25.98326520311639
8Y_H4_N500_P0_ALL_seed030,P0_ALL,H4,500,30,10,2385.6640439379653
8Y_H4_N500_P0_ALL_seed030,P0_ALL,H4,500,30,11,1200.025332597841
8Y_H4_N500_P0_ALL_seed030,P0_ALL,H4,500,30,12,325.16274697769586
8Y_H4_N500_P3_ENERGY_seed030,P3_ENERGY,H4,500,30,1,2471.1956007271992
8Y_H4_N500_P3_ENERGY_seed030,P3_ENERGY,H4,500,30,2,1925.3345091705896
8Y_H4_N500_P3_ENERGY_seed030,P3_ENERGY,H4,500,30,3,84.85229507649547
8Y_H4_N500_P3_ENERGY_seed030,P3_ENERGY,H4,500,30,4,1473.6554525482943
8Y_H4_N500_P3_ENERGY_seed030,P3_ENERGY,H4,500,30,5,224.4667740376235
8Y_H4_N500_P3_ENERGY_seed030,P3_ENERGY,H4,500,30,6,73.28343503053475
8Y_H4_N500_P3_ENERGY_seed030,P3_ENERGY,H4,500,30,7,26.08382477255691
8Y_H4_N500_P3_ENERGY_seed030,P3_ENERGY,H4,500,30,8,2382.63155268227
8Y_H4_N500_P3_ENERGY_seed030,P3_ENERGY,H4,500,30,9,1201.3632254405802
8Y_H4_N500_P4_RESERVE_seed030,P4_RESERVE,H4,500,30,1,3382.1969258011927
8Y_H4_N500_P4_RESERVE_seed030,P4_RESERVE,H4,500,30,2,935.2254548983724
8Y_H4_N500_P4_RESERVE_seed030,P4_RESERVE,H4,500,30,3,602.8548833073082
8Y_H4_N500_P4_RESERVE_seed030,P4_RESERVE,H4,500,30,4,1627.1738091456054
8Y_H4_N500_P4_RESERVE_seed030,P4_RESERVE,H4,500,30,5,85.17304593810422
8Y_H4_N500_P4_RESERVE_seed030,P4_RESERVE,H4,500,30,6,2382.2892066111663
8Y_H4_N500_P4_RESERVE_seed030,P4_RESERVE,H4,500,30,7,223.9284807812437
8Y_H4_N500_P4_RESERVE_seed030,P4_RESERVE,H4,500,30,8,73.62325897954906
8Y_H4_N500_P4_RESERVE_seed030,P4_RESERVE,H4,500,30,9,25.98326520311639
