run_id,protocol,composition,N,seed_index,block_index,interval_s
8YP_H0_N100_POW_seed001,POW,H0,100,1,1,1457.4876202416858
8YP_H0_N100_POW_seed001,POW,H0,100,1,2,517.7817353939872
8YP_H0_N100_POW_seed001,POW,H0,100,1,3,43.45556963140234
8YP_H0_N100_POW_seed001,POW,H0,100,1,4,70.9144265659279
8YP_H0_N100_POW_seed001,POW,H0,100,1,5,10.424157932465732
8YP_H0_N100_POW_seed001,POW,H0,100,1,6,319.0888099405179
8YP_H0_N100_POW_seed001,POW,H0,100,1,7,423.4071190424038
8YP_H0_N100_POW_seed001,POW,H0,100,1,8,520.4718733573709
8YP_H0_N100_POW_seed001,POW,H0,100,1,9,285.69392861834785
8YP_H0_N100_POW_seed001,POW,H0,100,1,10,744.3842758490218
8YP_H0_N100_POW_seed001,POW,H0,100,1,11,473.86579004578925
8YP_H0_N100_POW_seed001,POW,H0,100,1,12,27.175922145340337
8YP_H0_N100_POW_seed001,POW,H0,100,1,13,222.81376952645496
8YP_H0_N100_POW_seed001,POW,H0,100,1,14,105.46821000481486
8YP_H0_N100_POW_seed001,POW,H0,100,1,15,37.35742513177502
8YP_H0_N100_POW_seed001,POW,H0,100,1,16,378.6493603167755
8YP_H0_N100_POW_seed001,POW,H0,100,1,17,558.2149384113145
8YP_H0_N100_POW_seed001,POW,H0,100,1,18,140.1790985242269
8YP_H0_N100_POW_seed001,POW,H0,100,1,19,190.6696885920246
8YP_H0_N100_POW_seed001,POW,H0,100,1,20,857.3767430230728
8YP_H0_N100_POW_seed001,POW,H0,100,1,21,283.9681394478139
8YP_H0_N100_POW_seed001,POW,H0,100,1,22,1184.4466288910562
8YP_H0_N100_POW_seed001,POW,H0,100,1,23,229.6734722718793
8YP_H0_N100_POW_CT_seed001,POW_CT,H0,100,1,1,331.9061142713817
8YP_H0_N100_POW_CT_seed001,POW_CT,H0,100,1,2,1004.2558116155571
8YP_H0_N100_POW_CT_seed001,POW_CT,H0,100,1,3,288.45127107346525
8YP_H0_N100_POW_CT_seed001,POW_CT,H0,100,1,4,1355.0698556253362
8YP_H0_N100_POW_CT_seed001,POW_CT,H0,100,1,5,418.31969155368097
8YP_H0_N100_POW_CT_seed001,POW_CT,H0,100,1,6,2632.306887656836
8YP_H0_N100_P0_ALL_seed001,P0_ALL,H0,100,1,1,1460.4099380692592
8YP_H0_N100_P0_ALL_seed001,P0_ALL,H0,100,1,2,517.7817353939872
8YP_H0_N100_P0_ALL_seed001,P0_ALL,H0,100,1,3,43.45556963140234
8YP_H0_N100_P0_ALL_seed001,P0_ALL,H0,100,1,4,70.9144265659279
8YP_H0_N100_P0_ALL_seed001,P0_ALL,H0,100,1,5,10.424157932465732
8YP_H0_N100_P0_ALL_seed001,P0_ALL,H0,100,1,6,319.0888099405179
8YP_H0_N100_P0_ALL_seed001,P0_ALL,H0,100,1,7,423.4071190424038
8YP_H0_N100_P0_ALL_seed001,P0_ALL,H0,100,1,8,520.4718733573709
8YP_H0_N100_P0_ALL_seed001,P0_ALL,H0,100,1,9,285.69392861834785
8YP_H0_N100_P0_ALL_seed001,P0_ALL,H0,100,1,10,746.7179345806753
8YP_H0_N100_P0_ALL_seed001,P0_ALL,H0,100,1,11,473.86579004578925
8YP_H0_N100_P0_ALL_seed001,P0_ALL,H0,100,1,12,27.175922145340337
8YP_H0_N100_P0_ALL_seed001,P0_ALL,H0,100,1,13,222.81376952645496
8YP_H0_N100_P0_ALL_seed001,P0_ALL,H0,100,1,14,105.46821000481486
8YP_H0_N100_P0_ALL_seed001,P0_ALL,H0,100,1,15,37.35742513177502
8YP_H0_N100_P0_ALL_seed001,P0_ALL,H0,100,1,16,378.6493603167755
8YP_H0_N100_P0_ALL_seed001,P0_ALL,H0,100,1,17,558.2149384113145
8YP_H0_N100_P0_ALL_seed001,P0_ALL,H0,100,1,18,140.1790985242269
8YP_H0_N100_P0_ALL_seed001,P0_ALL,H0,100,1,19,190.6696885920246
8YP_H0_N100_P0_ALL_seed001,P0_ALL,H0,100,1,20,859.0393637845054
8YP_H0_N100_P0_ALL_seed001,P0_ALL,H0,100,1,21,283.9681394478139
8YP_H0_N100_P0_ALL_seed001,P0_ALL,H0,100,1,22,1186.8358580929125
8YP_H0_N100_P0_ALL_seed001,P0_ALL,H0,100,1,23,229.6734722718793
8YP_H0_N100_P1_EQUAL_seed001,P1_EQUAL,H0,100,1,1,1460.4099380692592
8YP_H0_N100_P1_EQUAL_seed001,P1_EQUAL,H0,100,1,2,517.7817353939872
8YP_H0_N100_P1_EQUAL_seed001,P1_EQUAL,H0,100,1,3,43.45556963140234
8YP_H0_N100_P1_EQUAL_seed001,P1_EQUAL,H0,100,1,4,70.9144265659279
8YP_H0_N100_P1_EQUAL_seed001,P1_EQUAL,H0,100,1,5,10.424157932465732
8YP_H0_N100_P1_EQUAL_seed001,P1_EQUAL,H0,100,1,6,319.0888099405179
8YP_H0_N100_P1_EQUAL_seed001,P1_EQUAL,H0,100,1,7,423.4071190424038
8YP_H0_N100_P1_EQUAL_seed001,P1_EQUAL,H0,100,1,8,520.4718733573709
8YP_H0_N100_P1_EQUAL_seed001,P1_EQUAL,H0,100,1,9,285.69392861834785
8YP_H0_N100_P1_EQUAL_seed001,P1_EQUAL,H0,100,1,10,746.7179345806753
8YP_H0_N100_P1_EQUAL_seed001,P1_EQUAL,H0,100,1,11,473.86579004578925
8YP_H0_N100_P1_EQUAL_seed001,P1_EQUAL,H0,100,1,12,27.175922145340337
8YP_H0_N100_P1_EQUAL_seed001,P1_EQUAL,H0,100,1,13,222.81376952645496
8YP_H0_N100_P1_EQUAL_seed001,P1_EQUAL,H0,100,1,14,105.46821000481486
8YP_H0_N100_P1_EQUAL_seed001,P1_EQUAL,H0,100,1,15,37.35742513177502
8YP_H0_N100_P1_EQUAL_seed001,P1_EQUAL,H0,100,1,16,378.6493603167755
8YP_H0_N100_P1_EQUAL_seed001,P1_EQUAL,H0,100,1,17,558.2149384113145
8YP_H0_N100_P1_EQUAL_seed001,P1_EQUAL,H0,100,1,18,140.1790985242269
8YP_H0_N100_P1_EQUAL_seed001,P1_EQUAL,H0,100,1,19,190.6696885920246
8YP_H0_N100_P1_EQUAL_seed001,P1_EQUAL,H0,100,1,20,859.0393637845054
8YP_H0_N100_P1_EQUAL_seed001,P1_EQUAL,H0,100,1,21,283.9681394478139
8YP_H0_N100_P1_EQUAL_seed001,P1_EQUAL,H0,100,1,22,1186.8358580929125
8YP_H0_N100_P1_EQUAL_seed001,P1_EQUAL,H0,100,1,23,229.6734722718793
8YP_H0_N100_P2_HASHPROP_seed001,P2_HASHPROP,H0,100,1,1,1460.4099380692592
8YP_H0_N100_P2_HASHPROP_seed001,P2_HASHPROP,H0,100,1,2,517.7817353939872
8YP_H0_N100_P2_HASHPROP_seed001,P2_HASHPROP,H0,100,1,3,43.45556963140234
8YP_H0_N100_P2_HASHPROP_seed001,P2_HASHPROP,H0,100,1,4,70.9144265659279
8YP_H0_N100_P2_HASHPROP_seed001,P2_HASHPROP,H0,100,1,5,10.424157932465732
8YP_H0_N100_P2_HASHPROP_seed001,P2_HASHPROP,H0,100,1,6,319.0888099405179
8YP_H0_N100_P2_HASHPROP_seed001,P2_HASHPROP,H0,100,1,7,423.4071190424038
8YP_H0_N100_P2_HASHPROP_seed001,P2_HASHPROP,H0,100,1,8,520.4718733573709
8YP_H0_N100_P2_HASHPROP_seed001,P2_HASHPROP,H0,100,1,9,285.69392861834785
8YP_H0_N100_P2_HASHPROP_seed001,P2_HASHPROP,H0,100,1,10,746.7179345806753
8YP_H0_N100_P2_HASHPROP_seed001,P2_HASHPROP,H0,100,1,11,473.86579004578925
8YP_H0_N100_P2_HASHPROP_seed001,P2_HASHPROP,H0,100,1,12,27.175922145340337
8YP_H0_N100_P2_HASHPROP_seed001,P2_HASHPROP,H0,100,1,13,222.81376952645496
8YP_H0_N100_P2_HASHPROP_seed001,P2_HASHPROP,H0,100,1,14,105.46821000481486
8YP_H0_N100_P2_HASHPROP_seed001,P2_HASHPROP,H0,100,1,15,37.35742513177502
8YP_H0_N100_P2_HASHPROP_seed001,P2_HASHPROP,H0,100,1,16,378.6493603167755
8YP_H0_N100_P2_HASHPROP_seed001,P2_HASHPROP,H0,100,1,17,558.2149384113145
8YP_H0_N100_P2_HASHPROP_seed001,P2_HASHPROP,H0,100,1,18,140.1790985242269
8YP_H0_N100_P2_HASHPROP_seed001,P2_HASHPROP,H0,100,1,19,190.6696885920246
8YP_H0_N100_P2_HASHPROP_seed001,P2_HASHPROP,H0,100,1,20,859.0393637845054
8YP_H0_N100_P2_HASHPROP_seed001,P2_HASHPROP,H0,100,1,21,283.9681394478139
8YP_H0_N100_P2_HASHPROP_seed001,P2_HASHPROP,H0,100,1,22,1186.8358580929125
8YP_H0_N100_P2_HASHPROP_seed001,P2_HASHPROP,H0,100,1,23,229.6734722718793
8YP_H0_N100_P3_ENERGY_seed001,P3_ENERGY,H0,100,1,1,1460.4099380692592
8YP_H0_N100_P3_ENERGY_seed001,P3_ENERGY,H0,100,1,2,645.0751145918675
8YP_H0_N100_P3_ENERGY_seed001,P3_ENERGY,H0,100,1,3,182.03529746517233
8YP_H0_N100_P3_ENERGY_seed001,P3_ENERGY,H0,100,1,4,11.521370501813635
8YP_H0_N100_P3_ENERGY_seed001,P3_ENERGY,H0,100,1,5,1738.703982288188
8YP_H0_N100_P3_ENERGY_seed001,P3_ENERGY,H0,100,1,6,285.895649792792
8YP_H0_N100_P3_ENERGY_seed001,P3_ENERGY,H0,100,1,7,746.090367372427
8YP_H0_N100_P3_ENERGY_seed001,P3_ENERGY,H0,100,1,8,473.05141137623013
8YP_H0_N100_P3_ENERGY_seed001,P3_ENERGY,H0,100,1,9,1092.293695317393
8YP_H0_N100_P3_ENERGY_seed001,P3_ENERGY,H0,100,1,10,105.36392683037411
8YP_H0_N100_P3_ENERGY_seed001,P3_ENERGY,H0,100,1,11,1761.7444944685121
8YP_H0_N100_P3_ENERGY_seed001,P3_ENERGY,H0,100,1,12,139.5377326408252
8YP_H0_N100_P3_ENERGY_seed001,P3_ENERGY,H0,100,1,13,190.59298795433642
8YP_H0_N100_P3_ENERGY_seed001,P3_ENERGY,H0,100,1,14,1016.5255184892158
8YP_H0_N100_P4_RESERVE_seed001,P4_RESERVE,H0,100,1,1,2370.409938069259
8YP_H0_N100_P4_RESERVE_seed001,P4_RESERVE,H0,100,1,2,827.3240454056186
8YP_H0_N100_P4_RESERVE_seed001,P4_RESERVE,H0,100,1,3,43.45556963140234
8YP_H0_N100_P4_RESERVE_seed001,P4_RESERVE,H0,100,1,4,181.8801294306786
8YP_H0_N100_P4_RESERVE_seed001,P4_RESERVE,H0,100,1,5,10.424157932465732
8YP_H0_N100_P4_RESERVE_seed001,P4_RESERVE,H0,100,1,6,1580.9443249014325
8YP_H0_N100_P4_RESERVE_seed001,P4_RESERVE,H0,100,1,7,535.0178673452647
8YP_H0_N100_P4_RESERVE_seed001,P4_RESERVE,H0,100,1,8,285.4317640667605
8YP_H0_N100_P4_RESERVE_seed001,P4_RESERVE,H0,100,1,9,1640.2748183378435
8YP_H0_N100_P4_RESERVE_seed001,P4_RESERVE,H0,100,1,10,473.12396432085916
8YP_H0_N100_P4_RESERVE_seed001,P4_RESERVE,H0,100,1,11,1228.8567051627979
8YP_H0_N100_P4_RESERVE_seed001,P4_RESERVE,H0,100,1,12,489.8634964306748
8YP_H0_N100_P4_RESERVE_seed001,P4_RESERVE,H0,100,1,13,105.29825195974445
8YP_H0_N100_POW_seed002,POW,H0,100,2,1,110.3025904021012
8YP_H0_N100_POW_seed002,POW,H0,100,2,2,247.06525208050851
8YP_H0_N100_POW_seed002,POW,H0,100,2,3,463.1634490860421
8YP_H0_N100_POW_seed002,POW,H0,100,2,4,1.5386012720448434
8YP_H0_N100_POW_seed002,POW,H0,100,2,5,230.22135073124377
8YP_H0_N100_POW_seed002,POW,H0,100,2,6,144.78753332610972
8YP_H0_N100_POW_seed002,POW,H0,100,2,7,625.9445129528981
8YP_H0_N100_POW_seed002,POW,H0,100,2,8,214.2170430302358
8YP_H0_N100_POW_seed002,POW,H0,100,2,9,3248.6953196528957
8YP_H0_N100_POW_seed002,POW,H0,100,2,10,72.19495565647048
8YP_H0_N100_POW_seed002,POW,H0,100,2,11,697.7411688628326
8YP_H0_N100_POW_seed002,POW,H0,100,2,12,1.5489370665973183
8YP_H0_N100_POW_seed002,POW,H0,100,2,13,4.857036044822962
8YP_H0_N100_POW_seed002,POW,H0,100,2,14,885.379932333597
8YP_H0_N100_POW_seed002,POW,H0,100,2,15,361.71688567983165
8YP_H0_N100_POW_seed002,POW,H0,100,2,16,601.7287027941375
8YP_H0_N100_POW_seed002,POW,H0,100,2,17,279.35852378113304
8YP_H0_N100_POW_seed002,POW,H0,100,2,18,377.1659247677853
8YP_H0_N100_POW_seed002,POW,H0,100,2,19,519.8389452549545
8YP_H0_N100_POW_seed002,POW,H0,100,2,20,339.1030389807147
8YP_H0_N100_POW_seed002,POW,H0,100,2,21,569.6459794563671
8YP_H0_N100_POW_CT_seed002,POW_CT,H0,100,2,1,976.1659050562778
8YP_H0_N100_POW_CT_seed002,POW_CT,H0,100,2,2,1155.8886568142646
8YP_H0_N100_POW_CT_seed002,POW_CT,H0,100,2,3,626.1720215948662
8YP_H0_N100_POW_CT_seed002,POW_CT,H0,100,2,4,355.6854960803057
8YP_H0_N100_POW_CT_seed002,POW_CT,H0,100,2,5,2640.918880264889
8YP_H0_N100_POW_CT_seed002,POW_CT,H0,100,2,6,928.5143124199494
8YP_H0_N100_POW_CT_seed002,POW_CT,H0,100,2,7,454.86707049842335
8YP_H0_N100_POW_CT_seed002,POW_CT,H0,100,2,8,617.8509354505941
8YP_H0_N100_P0_ALL_seed002,P0_ALL,H0,100,2,1,110.3025904021012
8YP_H0_N100_P0_ALL_seed002,P0_ALL,H0,100,2,2,247.06525208050851
8YP_H0_N100_P0_ALL_seed002,P0_ALL,H0,100,2,3,463.1634490860421
8YP_H0_N100_P0_ALL_seed002,P0_ALL,H0,100,2,4,1.5386012720448434
8YP_H0_N100_P0_ALL_seed002,P0_ALL,H0,100,2,5,230.22135073124377
8YP_H0_N100_P0_ALL_seed002,P0_ALL,H0,100,2,6,144.78753332610972
8YP_H0_N100_P0_ALL_seed002,P0_ALL,H0,100,2,7,628.7087819432732
8YP_H0_N100_P0_ALL_seed002,P0_ALL,H0,100,2,8,214.2170430302358
8YP_H0_N100_P0_ALL_seed002,P0_ALL,H0,100,2,9,3258.5514212470034
8YP_H0_N100_P0_ALL_seed002,P0_ALL,H0,100,2,10,72.19495565647048
8YP_H0_N100_P0_ALL_seed002,P0_ALL,H0,100,2,11,699.7884503652631
8YP_H0_N100_P0_ALL_seed002,P0_ALL,H0,100,2,12,1.5489370665973183
8YP_H0_N100_P0_ALL_seed002,P0_ALL,H0,100,2,13,4.857036044822962
8YP_H0_N100_P0_ALL_seed002,P0_ALL,H0,100,2,14,886.2325287009644
8YP_H0_N100_P0_ALL_seed002,P0_ALL,H0,100,2,15,361.71688567983165
8YP_H0_N100_P0_ALL_seed002,P0_ALL,H0,100,2,16,605.962421079651
8YP_H0_N100_P0_ALL_seed002,P0_ALL,H0,100,2,17,279.35852378113304
8YP_H0_N100_P0_ALL_seed002,P0_ALL,H0,100,2,18,377.1659247677853
8YP_H0_N100_P0_ALL_seed002,P0_ALL,H0,100,2,19,519.8389452549545
8YP_H0_N100_P0_ALL_seed002,P0_ALL,H0,100,2,20,339.1030389807147
8YP_H0_N100_P1_EQUAL_seed002,P1_EQUAL,H0,100,2,1,110.3025904021012
8YP_H0_N100_P1_EQUAL_seed002,P1_EQUAL,H0,100,2,2,247.06525208050851
8YP_H0_N100_P1_EQUAL_seed002,P1_EQUAL,H0,100,2,3,463.1634490860421
8YP_H0_N100_P1_EQUAL_seed002,P1_EQUAL,H0,100,2,4,1.5386012720448434
8YP_H0_N100_P1_EQUAL_seed002,P1_EQUAL,H0,100,2,5,230.22135073124377
8YP_H0_N100_P1_EQUAL_seed002,P1_EQUAL,H0,100,2,6,144.78753332610972
8YP_H0_N100_P1_EQUAL_seed002,P1_EQUAL,H0,100,2,7,628.7087819432732
8YP_H0_N100_P1_EQUAL_seed002,P1_EQUAL,H0,100,2,8,214.2170430302358
8YP_H0_N100_P1_EQUAL_seed002,P1_EQUAL,H0,100,2,9,3258.5514212470034
8YP_H0_N100_P1_EQUAL_seed002,P1_EQUAL,H0,100,2,10,72.19495565647048
8YP_H0_N100_P1_EQUAL_seed002,P1_EQUAL,H0,100,2,11,699.7884503652631
8YP_H0_N100_P1_EQUAL_seed002,P1_EQUAL,H0,100,2,12,1.5489370665973183
8YP_H0_N100_P1_EQUAL_seed002,P1_EQUAL,H0,100,2,13,4.857036044822962
8YP_H0_N100_P1_EQUAL_seed002,P1_EQUAL,H0,100,2,14,886.2325287009644
8YP_H0_N100_P1_EQUAL_seed002,P1_EQUAL,H0,100,2,15,361.71688567983165
8YP_H0_N100_P1_EQUAL_seed002,P1_EQUAL,H0,100,2,16,605.962421079651
8YP_H0_N100_P1_EQUAL_seed002,P1_EQUAL,H0,100,2,17,279.35852378113304
8YP_H0_N100_P1_EQUAL_seed002,P1_EQUAL,H0,100,2,18,377.1659247677853
8YP_H0_N100_P1_EQUAL_seed002,P1_EQUAL,H0,100,2,19,519.8389452549545
8YP_H0_N100_P1_EQUAL_seed002,P1_EQUAL,H0,100,2,20,339.1030389807147
8YP_H0_N100_P2_HASHPROP_seed002,P2_HASHPROP,H0,100,2,1,110.3025904021012
8YP_H0_N100_P2_HASHPROP_seed002,P2_HASHPROP,H0,100,2,2,247.06525208050851
8YP_H0_N100_P2_HASHPROP_seed002,P2_HASHPROP,H0,100,2,3,463.1634490860421
8YP_H0_N100_P2_HASHPROP_seed002,P2_HASHPROP,H0,100,2,4,1.5386012720448434
8YP_H0_N100_P2_HASHPROP_seed002,P2_HASHPROP,H0,100,2,5,230.22135073124377
8YP_H0_N100_P2_HASHPROP_seed002,P2_HASHPROP,H0,100,2,6,144.78753332610972
8YP_H0_N100_P2_HASHPROP_seed002,P2_HASHPROP,H0,100,2,7,628.7087819432732
8YP_H0_N100_P2_HASHPROP_seed002,P2_HASHPROP,H0,100,2,8,214.2170430302358
8YP_H0_N100_P2_HASHPROP_seed002,P2_HASHPROP,H0,100,2,9,3258.5514212470034
8YP_H0_N100_P2_HASHPROP_seed002,P2_HASHPROP,H0,100,2,10,72.19495565647048
8YP_H0_N100_P2_HASHPROP_seed002,P2_HASHPROP,H0,100,2,11,699.7884503652631
8YP_H0_N100_P2_HASHPROP_seed002,P2_HASHPROP,H0,100,2,12,1.5489370665973183
8YP_H0_N100_P2_HASHPROP_seed002,P2_HASHPROP,H0,100,2,13,4.857036044822962
8YP_H0_N100_P2_HASHPROP_seed002,P2_HASHPROP,H0,100,2,14,886.2325287009644
8YP_H0_N100_P2_HASHPROP_seed002,P2_HASHPROP,H0,100,2,15,361.71688567983165
8YP_H0_N100_P2_HASHPROP_seed002,P2_HASHPROP,H0,100,2,16,605.962421079651
8YP_H0_N100_P2_HASHPROP_seed002,P2_HASHPROP,H0,100,2,17,279.35852378113304
8YP_H0_N100_P2_HASHPROP_seed002,P2_HASHPROP,H0,100,2,18,377.1659247677853
8YP_H0_N100_P2_HASHPROP_seed002,P2_HASHPROP,H0,100,2,19,519.8389452549545
8YP_H0_N100_P2_HASHPROP_seed002,P2_HASHPROP,H0,100,2,20,339.1030389807147
8YP_H0_N100_P3_ENERGY_seed002,P3_ENERGY,H0,100,2,1,110.3025904021012
8YP_H0_N100_P3_ENERGY_seed002,P3_ENERGY,H0,100,2,2,1064.4885948282292
8YP_H0_N100_P3_ENERGY_seed002,P3_ENERGY,H0,100,2,3,2.0545609004955168
8YP_H0_N100_P3_ENERGY_seed002,P3_ENERGY,H0,100,2,4,746.5174020048794
8YP_H0_N100_P3_ENERGY_seed002,P3_ENERGY,H0,100,2,5,628.4298788685858
8YP_H0_N100_P3_ENERGY_seed002,P3_ENERGY,H0,100,2,6,213.09579920900887
8YP_H0_N100_P3_ENERGY_seed002,P3_ENERGY,H0,100,2,7,3259.362459363883
8YP_H0_N100_P3_ENERGY_seed002,P3_ENERGY,H0,100,2,8,406.2689917328271
8YP_H0_N100_P3_ENERGY_seed002,P3_ENERGY,H0,100,2,9,861.1451429613262
8YP_H0_N100_P3_ENERGY_seed002,P3_ENERGY,H0,100,2,10,0.6821081697580667
8YP_H0_N100_P3_ENERGY_seed002,P3_ENERGY,H0,100,2,11,5.198253376256616
8YP_H0_N100_P3_ENERGY_seed002,P3_ENERGY,H0,100,2,12,885.9247199193633
8YP_H0_N100_P3_ENERGY_seed002,P3_ENERGY,H0,100,2,13,1206.4446658299603
8YP_H0_N100_P3_ENERGY_seed002,P3_ENERGY,H0,100,2,14,278.83838246785126
8YP_H0_N100_P4_RESERVE_seed002,P4_RESERVE,H0,100,2,1,110.3025904021012
8YP_H0_N100_P4_RESERVE_seed002,P4_RESERVE,H0,100,2,2,1757.2695426613348
8YP_H0_N100_P4_RESERVE_seed002,P4_RESERVE,H0,100,2,3,2.0545609004955168
8YP_H0_N100_P4_RESERVE_seed002,P4_RESERVE,H0,100,2,4,1655.1861170089999
8YP_H0_N100_P4_RESERVE_seed002,P4_RESERVE,H0,100,2,5,955.3871346556343
8YP_H0_N100_P4_RESERVE_seed002,P4_RESERVE,H0,100,2,6,25.586291763066583
8YP_H0_N100_P4_RESERVE_seed002,P4_RESERVE,H0,100,2,7,212.8989440904743
8YP_H0_N100_P4_RESERVE_seed002,P4_RESERVE,H0,100,2,8,4166.333281944443
8YP_H0_N100_P4_RESERVE_seed002,P4_RESERVE,H0,100,2,9,406.7086734810273
8YP_H0_N100_POW_seed003,POW,H0,100,3,1,226.44324280621237
8YP_H0_N100_POW_seed003,POW,H0,100,3,2,46.355369896225
8YP_H0_N100_POW_seed003,POW,H0,100,3,3,402.42901628468326
8YP_H0_N100_POW_seed003,POW,H0,100,3,4,340.29331931885554
8YP_H0_N100_POW_seed003,POW,H0,100,3,5,482.4113073792573
8YP_H0_N100_POW_seed003,POW,H0,100,3,6,469.2354055543349
8YP_H0_N100_POW_seed003,POW,H0,100,3,7,45.62679845249977
8YP_H0_N100_POW_seed003,POW,H0,100,3,8,216.8939729167339
8YP_H0_N100_POW_seed003,POW,H0,100,3,9,1365.1261582353636
8YP_H0_N100_POW_seed003,POW,H0,100,3,10,429.92707971992695
8YP_H0_N100_POW_seed003,POW,H0,100,3,11,3328.2353125476584
8YP_H0_N100_POW_seed003,POW,H0,100,3,12,68.00895115716321
8YP_H0_N100_POW_seed003,POW,H0,100,3,13,43.29463395379025
8YP_H0_N100_POW_seed003,POW,H0,100,3,14,343.62067768797806
8YP_H0_N100_POW_seed003,POW,H0,100,3,15,35.36216928012891
8YP_H0_N100_POW_seed003,POW,H0,100,3,16,793.058449810298
8YP_H0_N100_POW_seed003,POW,H0,100,3,17,1308.5483649306043
8YP_H0_N100_POW_CT_seed003,POW_CT,H0,100,3,1,482.682081376764
8YP_H0_N100_POW_CT_seed003,POW_CT,H0,100,3,2,1842.8974803597175
8YP_H0_N100_POW_CT_seed003,POW_CT,H0,100,3,3,221.89586895491993
8YP_H0_N100_POW_CT_seed003,POW_CT,H0,100,3,4,364.0084061557427
8YP_H0_N100_POW_CT_seed003,POW_CT,H0,100,3,5,5475.825016158682
8YP_H0_N100_POW_CT_seed003,POW_CT,H0,100,3,6,1574.9181943421409
8YP_H0_N100_P0_ALL_seed003,P0_ALL,H0,100,3,1,226.44324280621237
8YP_H0_N100_P0_ALL_seed003,P0_ALL,H0,100,3,2,46.355369896225
8YP_H0_N100_P0_ALL_seed003,P0_ALL,H0,100,3,3,402.42901628468326
8YP_H0_N100_P0_ALL_seed003,P0_ALL,H0,100,3,4,340.29331931885554
8YP_H0_N100_P0_ALL_seed003,P0_ALL,H0,100,3,5,482.4113073792573
8YP_H0_N100_P0_ALL_seed003,P0_ALL,H0,100,3,6,469.2354055543349
8YP_H0_N100_P0_ALL_seed003,P0_ALL,H0,100,3,7,45.62679845249977
8YP_H0_N100_P0_ALL_seed003,P0_ALL,H0,100,3,8,216.8939729167339
8YP_H0_N100_P0_ALL_seed003,P0_ALL,H0,100,3,9,1369.6107649589471
8YP_H0_N100_P0_ALL_seed003,P0_ALL,H0,100,3,10,429.92707971992695
8YP_H0_N100_P0_ALL_seed003,P0_ALL,H0,100,3,11,3337.2165990459985
8YP_H0_N100_P0_ALL_seed003,P0_ALL,H0,100,3,12,68.00895115716321
8YP_H0_N100_P0_ALL_seed003,P0_ALL,H0,100,3,13,43.29463395379025
8YP_H0_N100_P0_ALL_seed003,P0_ALL,H0,100,3,14,343.62067768797806
8YP_H0_N100_P0_ALL_seed003,P0_ALL,H0,100,3,15,35.36216928012891
8YP_H0_N100_P0_ALL_seed003,P0_ALL,H0,100,3,16,794.3627106159483
8YP_H0_N100_P0_ALL_seed003,P0_ALL,H0,100,3,17,1312.4967853180187
8YP_H0_N100_P1_EQUAL_seed003,P1_EQUAL,H0,100,3,1,226.44324280621237
8YP_H0_N100_P1_EQUAL_seed003,P1_EQUAL,H0,100,3,2,46.355369896225
8YP_H0_N100_P1_EQUAL_seed003,P1_EQUAL,H0,100,3,3,402.42901628468326
8YP_H0_N100_P1_EQUAL_seed003,P1_EQUAL,H0,100,3,4,340.29331931885554
8YP_H0_N100_P1_EQUAL_seed003,P1_EQUAL,H0,100,3,5,482.4113073792573
8YP_H0_N100_P1_EQUAL_seed003,P1_EQUAL,H0,100,3,6,469.2354055543349
8YP_H0_N100_P1_EQUAL_seed003,P1_EQUAL,H0,100,3,7,45.62679845249977
8YP_H0_N100_P1_EQUAL_seed003,P1_EQUAL,H0,100,3,8,216.8939729167339
8YP_H0_N100_P1_EQUAL_seed003,P1_EQUAL,H0,100,3,9,1369.6107649589471
8YP_H0_N100_P1_EQUAL_seed003,P1_EQUAL,H0,100,3,10,429.92707971992695
8YP_H0_N100_P1_EQUAL_seed003,P1_EQUAL,H0,100,3,11,3337.2165990459985
8YP_H0_N100_P1_EQUAL_seed003,P1_EQUAL,H0,100,3,12,68.00895115716321
8YP_H0_N100_P1_EQUAL_seed003,P1_EQUAL,H0,100,3,13,43.29463395379025
8YP_H0_N100_P1_EQUAL_seed003,P1_EQUAL,H0,100,3,14,343.62067768797806
8YP_H0_N100_P1_EQUAL_seed003,P1_EQUAL,H0,100,3,15,35.36216928012891
8YP_H0_N100_P1_EQUAL_seed003,P1_EQUAL,H0,100,3,16,794.3627106159483
8YP_H0_N100_P1_EQUAL_seed003,P1_EQUAL,H0,100,3,17,1312.4967853180187
8YP_H0_N100_P2_HASHPROP_seed003,P2_HASHPROP,H0,100,3,1,226.44324280621237
8YP_H0_N100_P2_HASHPROP_seed003,P2_HASHPROP,H0,100,3,2,46.355369896225
8YP_H0_N100_P2_HASHPROP_seed003,P2_HASHPROP,H0,100,3,3,402.42901628468326
8YP_H0_N100_P2_HASHPROP_seed003,P2_HASHPROP,H0,100,3,4,340.29331931885554
8YP_H0_N100_P2_HASHPROP_seed003,P2_HASHPROP,H0,100,3,5,482.4113073792573
8YP_H0_N100_P2_HASHPROP_seed003,P2_HASHPROP,H0,100,3,6,469.2354055543349
8YP_H0_N100_P2_HASHPROP_seed003,P2_HASHPROP,H0,100,3,7,45.62679845249977
8YP_H0_N100_P2_HASHPROP_seed003,P2_HASHPROP,H0,100,3,8,216.8939729167339
8YP_H0_N100_P2_HASHPROP_seed003,P2_HASHPROP,H0,100,3,9,1369.6107649589471
8YP_H0_N100_P2_HASHPROP_seed003,P2_HASHPROP,H0,100,3,10,429.92707971992695
8YP_H0_N100_P2_HASHPROP_seed003,P2_HASHPROP,H0,100,3,11,3337.2165990459985
8YP_H0_N100_P2_HASHPROP_seed003,P2_HASHPROP,H0,100,3,12,68.00895115716321
8YP_H0_N100_P2_HASHPROP_seed003,P2_HASHPROP,H0,100,3,13,43.29463395379025
8YP_H0_N100_P2_HASHPROP_seed003,P2_HASHPROP,H0,100,3,14,343.62067768797806
8YP_H0_N100_P2_HASHPROP_seed003,P2_HASHPROP,H0,100,3,15,35.36216928012891
8YP_H0_N100_P2_HASHPROP_seed003,P2_HASHPROP,H0,100,3,16,794.3627106159483
8YP_H0_N100_P2_HASHPROP_seed003,P2_HASHPROP,H0,100,3,17,1312.4967853180187
8YP_H0_N100_P3_ENERGY_seed003,P3_ENERGY,H0,100,3,1,1603.7953450833977
8YP_H0_N100_P3_ENERGY_seed003,P3_ENERGY,H0,100,3,2,341.369566780975
8YP_H0_N100_P3_ENERGY_seed003,P3_ENERGY,H0,100,3,3,1071.1118229853146
8YP_H0_N100_P3_ENERGY_seed003,P3_ENERGY,H0,100,3,4,144.96763389624994
8YP_H0_N100_P3_ENERGY_seed003,P3_ENERGY,H0,100,3,5,216.878060330504
8YP_H0_N100_P3_ENERGY_seed003,P3_ENERGY,H0,100,3,6,1495.653597518438
8YP_H0_N100_P3_ENERGY_seed003,P3_ENERGY,H0,100,3,7,3940.115729979162
8YP_H0_N100_P3_ENERGY_seed003,P3_ENERGY,H0,100,3,8,67.73084203944745
8YP_H0_N100_P3_ENERGY_seed003,P3_ENERGY,H0,100,3,9,43.15426169735474
8YP_H0_N100_P3_ENERGY_seed003,P3_ENERGY,H0,100,3,10,636.3996958291955
8YP_H0_N100_P4_RESERVE_seed003,P4_RESERVE,H0,100,3,1,836.4432428062123
8YP_H0_N100_P4_RESERVE_seed003,P4_RESERVE,H0,100,3,2,655.8367329780656
8YP_H0_N100_P4_RESERVE_seed003,P4_RESERVE,H0,100,3,3,402.42901628468326
8YP_H0_N100_P4_RESERVE_seed003,P4_RESERVE,H0,100,3,4,340.29331931885577
8YP_H0_N100_P4_RESERVE_seed003,P4_RESERVE,H0,100,3,5,792.3266073084083
8YP_H0_N100_P4_RESERVE_seed003,P4_RESERVE,H0,100,3,6,469.2354055543351
8YP_H0_N100_P4_RESERVE_seed003,P4_RESERVE,H0,100,3,7,144.96019840143254
8YP_H0_N100_P4_RESERVE_seed003,P4_RESERVE,H0,100,3,8,216.89397291673413
8YP_H0_N100_P4_RESERVE_seed003,P4_RESERVE,H0,100,3,9,355.26616429209207
8YP_H0_N100_P4_RESERVE_seed003,P4_RESERVE,H0,100,3,10,1800.5110725161621
8YP_H0_N100_P4_RESERVE_seed003,P4_RESERVE,H0,100,3,11,2534.7505239189295
8YP_H0_N100_POW_seed004,POW,H0,100,4,1,157.72206174920956
8YP_H0_N100_POW_seed004,POW,H0,100,4,2,127.98385923529611
8YP_H0_N100_POW_seed004,POW,H0,100,4,3,14.591679477324135
8YP_H0_N100_POW_seed004,POW,H0,100,4,4,121.91498973543452
8YP_H0_N100_POW_seed004,POW,H0,100,4,5,962.3205978699709
8YP_H0_N100_POW_seed004,POW,H0,100,4,6,29.980551461342657
8YP_H0_N100_POW_seed004,POW,H0,100,4,7,76.58197640931894
8YP_H0_N100_POW_seed004,POW,H0,100,4,8,944.4280027852533
8YP_H0_N100_POW_seed004,POW,H0,100,4,9,36.519777308294124
8YP_H0_N100_POW_seed004,POW,H0,100,4,10,1876.0960073703209
8YP_H0_N100_POW_seed004,POW,H0,100,4,11,756.372328207095
8YP_H0_N100_POW_seed004,POW,H0,100,4,12,117.30618767541455
8YP_H0_N100_POW_seed004,POW,H0,100,4,13,148.1976270647283
8YP_H0_N100_POW_seed004,POW,H0,100,4,14,535.8633807395199
8YP_H0_N100_POW_seed004,POW,H0,100,4,15,430.88138101042114
8YP_H0_N100_POW_seed004,POW,H0,100,4,16,29.97701496155878
8YP_H0_N100_POW_seed004,POW,H0,100,4,17,909.3509492175463
8YP_H0_N100_POW_seed004,POW,H0,100,4,18,469.86820846925457
8YP_H0_N100_POW_seed004,POW,H0,100,4,19,856.9425760104104
8YP_H0_N100_POW_seed004,POW,H0,100,4,20,624.8956514528854
8YP_H0_N100_POW_CT_seed004,POW_CT,H0,100,4,1,879.4200105935198
8YP_H0_N100_POW_CT_seed004,POW_CT,H0,100,4,2,525.5849377582532
8YP_H0_N100_POW_CT_seed004,POW_CT,H0,100,4,3,736.1926185073755
8YP_H0_N100_POW_CT_seed004,POW_CT,H0,100,4,4,761.0465429447918
8YP_H0_N100_POW_CT_seed004,POW_CT,H0,100,4,5,1533.1619455710393
8YP_H0_N100_POW_CT_seed004,POW_CT,H0,100,4,6,2044.6393985061422
8YP_H0_N100_POW_CT_seed004,POW_CT,H0,100,4,7,18.960685351678876
8YP_H0_N100_POW_CT_seed004,POW_CT,H0,100,4,8,1904.3855205826258
8YP_H0_N100_P0_ALL_seed004,P0_ALL,H0,100,4,1,157.72206174920956
8YP_H0_N100_P0_ALL_seed004,P0_ALL,H0,100,4,2,127.98385923529611
8YP_H0_N100_P0_ALL_seed004,P0_ALL,H0,100,4,3,14.591679477324135
8YP_H0_N100_P0_ALL_seed004,P0_ALL,H0,100,4,4,121.91498973543452
8YP_H0_N100_P0_ALL_seed004,P0_ALL,H0,100,4,5,964.1494306915624
8YP_H0_N100_P0_ALL_seed004,P0_ALL,H0,100,4,6,29.980551461342657
8YP_H0_N100_P0_ALL_seed004,P0_ALL,H0,100,4,7,76.58197640931894
8YP_H0_N100_P0_ALL_seed004,P0_ALL,H0,100,4,8,946.0479946743633
8YP_H0_N100_P0_ALL_seed004,P0_ALL,H0,100,4,9,36.519777308294124
8YP_H0_N100_P0_ALL_seed004,P0_ALL,H0,100,4,10,1883.1543570813033
8YP_H0_N100_P0_ALL_seed004,P0_ALL,H0,100,4,11,759.4280449090702
8YP_H0_N100_P0_ALL_seed004,P0_ALL,H0,100,4,12,117.30618767541455
8YP_H0_N100_P0_ALL_seed004,P0_ALL,H0,100,4,13,148.1976270647283
8YP_H0_N100_P0_ALL_seed004,P0_ALL,H0,100,4,14,535.8633807395199
8YP_H0_N100_P0_ALL_seed004,P0_ALL,H0,100,4,15,430.88138101042114
8YP_H0_N100_P0_ALL_seed004,P0_ALL,H0,100,4,16,29.97701496155878
8YP_H0_N100_P0_ALL_seed004,P0_ALL,H0,100,4,17,911.2566990078512
8YP_H0_N100_P0_ALL_seed004,P0_ALL,H0,100,4,18,469.86820846925457
8YP_H0_N100_P0_ALL_seed004,P0_ALL,H0,100,4,19,859.7615928383748
8YP_H0_N100_P0_ALL_seed004,P0_ALL,H0,100,4,20,626.2419077861177
8YP_H0_N100_P1_EQUAL_seed004,P1_EQUAL,H0,100,4,1,157.72206174920956
8YP_H0_N100_P1_EQUAL_seed004,P1_EQUAL,H0,100,4,2,127.98385923529611
8YP_H0_N100_P1_EQUAL_seed004,P1_EQUAL,H0,100,4,3,14.591679477324135
8YP_H0_N100_P1_EQUAL_seed004,P1_EQUAL,H0,100,4,4,121.91498973543452
8YP_H0_N100_P1_EQUAL_seed004,P1_EQUAL,H0,100,4,5,964.1494306915624
8YP_H0_N100_P1_EQUAL_seed004,P1_EQUAL,H0,100,4,6,29.980551461342657
8YP_H0_N100_P1_EQUAL_seed004,P1_EQUAL,H0,100,4,7,76.58197640931894
8YP_H0_N100_P1_EQUAL_seed004,P1_EQUAL,H0,100,4,8,946.0479946743633
8YP_H0_N100_P1_EQUAL_seed004,P1_EQUAL,H0,100,4,9,36.519777308294124
8YP_H0_N100_P1_EQUAL_seed004,P1_EQUAL,H0,100,4,10,1883.1543570813033
8YP_H0_N100_P1_EQUAL_seed004,P1_EQUAL,H0,100,4,11,759.4280449090702
8YP_H0_N100_P1_EQUAL_seed004,P1_EQUAL,H0,100,4,12,117.30618767541455
8YP_H0_N100_P1_EQUAL_seed004,P1_EQUAL,H0,100,4,13,148.1976270647283
8YP_H0_N100_P1_EQUAL_seed004,P1_EQUAL,H0,100,4,14,535.8633807395199
8YP_H0_N100_P1_EQUAL_seed004,P1_EQUAL,H0,100,4,15,430.88138101042114
8YP_H0_N100_P1_EQUAL_seed004,P1_EQUAL,H0,100,4,16,29.97701496155878
8YP_H0_N100_P1_EQUAL_seed004,P1_EQUAL,H0,100,4,17,911.2566990078512
8YP_H0_N100_P1_EQUAL_seed004,P1_EQUAL,H0,100,4,18,469.86820846925457
8YP_H0_N100_P1_EQUAL_seed004,P1_EQUAL,H0,100,4,19,859.7615928383748
8YP_H0_N100_P1_EQUAL_seed004,P1_EQUAL,H0,100,4,20,626.2419077861177
8YP_H0_N100_P2_HASHPROP_seed004,P2_HASHPROP,H0,100,4,1,157.72206174920956
8YP_H0_N100_P2_HASHPROP_seed004,P2_HASHPROP,H0,100,4,2,127.98385923529611
8YP_H0_N100_P2_HASHPROP_seed004,P2_HASHPROP,H0,100,4,3,14.591679477324135
8YP_H0_N100_P2_HASHPROP_seed004,P2_HASHPROP,H0,100,4,4,121.91498973543452
8YP_H0_N100_P2_HASHPROP_seed004,P2_HASHPROP,H0,100,4,5,964.1494306915624
8YP_H0_N100_P2_HASHPROP_seed004,P2_HASHPROP,H0,100,4,6,29.980551461342657
8YP_H0_N100_P2_HASHPROP_seed004,P2_HASHPROP,H0,100,4,7,76.58197640931894
8YP_H0_N100_P2_HASHPROP_seed004,P2_HASHPROP,H0,100,4,8,946.0479946743633
8YP_H0_N100_P2_HASHPROP_seed004,P2_HASHPROP,H0,100,4,9,36.519777308294124
8YP_H0_N100_P2_HASHPROP_seed004,P2_HASHPROP,H0,100,4,10,1883.1543570813033
8YP_H0_N100_P2_HASHPROP_seed004,P2_HASHPROP,H0,100,4,11,759.4280449090702
8YP_H0_N100_P2_HASHPROP_seed004,P2_HASHPROP,H0,100,4,12,117.30618767541455
8YP_H0_N100_P2_HASHPROP_seed004,P2_HASHPROP,H0,100,4,13,148.1976270647283
8YP_H0_N100_P2_HASHPROP_seed004,P2_HASHPROP,H0,100,4,14,535.8633807395199
8YP_H0_N100_P2_HASHPROP_seed004,P2_HASHPROP,H0,100,4,15,430.88138101042114
8YP_H0_N100_P2_HASHPROP_seed004,P2_HASHPROP,H0,100,4,16,29.97701496155878
8YP_H0_N100_P2_HASHPROP_seed004,P2_HASHPROP,H0,100,4,17,911.2566990078512
8YP_H0_N100_P2_HASHPROP_seed004,P2_HASHPROP,H0,100,4,18,469.86820846925457
8YP_H0_N100_P2_HASHPROP_seed004,P2_HASHPROP,H0,100,4,19,859.7615928383748
8YP_H0_N100_P2_HASHPROP_seed004,P2_HASHPROP,H0,100,4,20,626.2419077861177
8YP_H0_N100_P3_ENERGY_seed004,P3_ENERGY,H0,100,4,1,848.3740887614381
8YP_H0_N100_P3_ENERGY_seed004,P3_ENERGY,H0,100,4,2,14.249524164852119
8YP_H0_N100_P3_ENERGY_seed004,P3_ENERGY,H0,100,4,3,121.117662637595
8YP_H0_N100_P3_ENERGY_seed004,P3_ENERGY,H0,100,4,4,963.9666840984428
8YP_H0_N100_P3_ENERGY_seed004,P3_ENERGY,H0,100,4,5,29.507165989520672
8YP_H0_N100_P3_ENERGY_seed004,P3_ENERGY,H0,100,4,6,4292.770989284865
8YP_H0_N100_P3_ENERGY_seed004,P3_ENERGY,H0,100,4,7,758.2266944021403
8YP_H0_N100_P3_ENERGY_seed004,P3_ENERGY,H0,100,4,8,1739.3703300813231
8YP_H0_N100_P3_ENERGY_seed004,P3_ENERGY,H0,100,4,9,430.43619713282897
8YP_H0_N100_P3_ENERGY_seed004,P3_ENERGY,H0,100,4,10,30.16163925813271
8YP_H0_N100_P4_RESERVE_seed004,P4_RESERVE,H0,100,4,1,767.7220617492096
8YP_H0_N100_P4_RESERVE_seed004,P4_RESERVE,H0,100,4,2,248.48778359937683
8YP_H0_N100_P4_RESERVE_seed004,P4_RESERVE,H0,100,4,3,14.591679477324078
8YP_H0_N100_P4_RESERVE_seed004,P4_RESERVE,H0,100,4,4,121.91498973543457
8YP_H0_N100_P4_RESERVE_seed004,P4_RESERVE,H0,100,4,5,1637.3330080333192
8YP_H0_N100_P4_RESERVE_seed004,P4_RESERVE,H0,100,4,6,29.98055146134311
8YP_H0_N100_P4_RESERVE_seed004,P4_RESERVE,H0,100,4,7,2563.283033358132
8YP_H0_N100_P4_RESERVE_seed004,P4_RESERVE,H0,100,4,8,1587.5764465419443
8YP_H0_N100_P4_RESERVE_seed004,P4_RESERVE,H0,100,4,9,1853.6810052692344
8YP_H0_N100_P4_RESERVE_seed004,P4_RESERVE,H0,100,4,10,76.0960073703227
8YP_H0_N100_POW_seed005,POW,H0,100,5,1,1814.379140614806
8YP_H0_N100_POW_seed005,POW,H0,100,5,2,537.839238493985
8YP_H0_N100_POW_seed005,POW,H0,100,5,3,454.9089660185491
8YP_H0_N100_POW_seed005,POW,H0,100,5,4,92.21014510517307
8YP_H0_N100_POW_seed005,POW,H0,100,5,5,680.7702278904044
8YP_H0_N100_POW_seed005,POW,H0,100,5,6,68.29590741765105
8YP_H0_N100_POW_seed005,POW,H0,100,5,7,880.6119426696882
8YP_H0_N100_POW_seed005,POW,H0,100,5,8,202.66892903582266
8YP_H0_N100_POW_seed005,POW,H0,100,5,9,664.6744231332841
8YP_H0_N100_POW_seed005,POW,H0,100,5,10,227.8834037618435
8YP_H0_N100_POW_seed005,POW,H0,100,5,11,623.1347249595392
8YP_H0_N100_POW_seed005,POW,H0,100,5,12,1680.9773671655394
8YP_H0_N100_POW_seed005,POW,H0,100,5,13,1143.4493770525478
8YP_H0_N100_POW_seed005,POW,H0,100,5,14,877.2001082198294
8YP_H0_N100_POW_CT_seed005,POW_CT,H0,100,5,1,288.7173957831853
8YP_H0_N100_POW_CT_seed005,POW_CT,H0,100,5,2,686.9043170882351
8YP_H0_N100_POW_CT_seed005,POW_CT,H0,100,5,3,146.7781322867802
8YP_H0_N100_POW_CT_seed005,POW_CT,H0,100,5,4,254.2599826421374
8YP_H0_N100_POW_CT_seed005,POW_CT,H0,100,5,5,1347.3121507005585
8YP_H0_N100_POW_CT_seed005,POW_CT,H0,100,5,6,358.9365843711744
8YP_H0_N100_POW_CT_seed005,POW_CT,H0,100,5,7,1016.081011812334
8YP_H0_N100_POW_CT_seed005,POW_CT,H0,100,5,8,398.0202521598858
8YP_H0_N100_POW_CT_seed005,POW_CT,H0,100,5,9,256.7204247111267
8YP_H0_N100_POW_CT_seed005,POW_CT,H0,100,5,10,90.24821036940011
8YP_H0_N100_POW_CT_seed005,POW_CT,H0,100,5,11,2544.3855559902377
8YP_H0_N100_POW_CT_seed005,POW_CT,H0,100,5,12,64.48484038777951
8YP_H0_N100_POW_CT_seed005,POW_CT,H0,100,5,13,1293.4445300052657
8YP_H0_N100_POW_CT_seed005,POW_CT,H0,100,5,14,178.44950338473973
8YP_H0_N100_POW_CT_seed005,POW_CT,H0,100,5,15,237.19707552539148
8YP_H0_N100_POW_CT_seed005,POW_CT,H0,100,5,16,235.55369061426245
8YP_H0_N100_POW_CT_seed005,POW_CT,H0,100,5,17,124.08081801702065
8YP_H0_N100_P0_ALL_seed005,P0_ALL,H0,100,5,1,1819.1052071414335
8YP_H0_N100_P0_ALL_seed005,P0_ALL,H0,100,5,2,537.839238493985
8YP_H0_N100_P0_ALL_seed005,P0_ALL,H0,100,5,3,454.9089660185491
8YP_H0_N100_P0_ALL_seed005,P0_ALL,H0,100,5,4,92.21014510517307
8YP_H0_N100_P0_ALL_seed005,P0_ALL,H0,100,5,5,682.2218043310345
8YP_H0_N100_P0_ALL_seed005,P0_ALL,H0,100,5,6,68.29590741765105
8YP_H0_N100_P0_ALL_seed005,P0_ALL,H0,100,5,7,881.9077864904484
8YP_H0_N100_P0_ALL_seed005,P0_ALL,H0,100,5,8,202.66892903582266
8YP_H0_N100_P0_ALL_seed005,P0_ALL,H0,100,5,9,667.129691686785
8YP_H0_N100_P0_ALL_seed005,P0_ALL,H0,100,5,10,227.8834037618435
8YP_H0_N100_P0_ALL_seed005,P0_ALL,H0,100,5,11,625.9107458545732
8YP_H0_N100_P0_ALL_seed005,P0_ALL,H0,100,5,12,1685.64426134931
8YP_H0_N100_P0_ALL_seed005,P0_ALL,H0,100,5,13,1146.8789638030084
8YP_H0_N100_P0_ALL_seed005,P0_ALL,H0,100,5,14,879.6667454075468
8YP_H0_N100_P1_EQUAL_seed005,P1_EQUAL,H0,100,5,1,1819.1052071414335
8YP_H0_N100_P1_EQUAL_seed005,P1_EQUAL,H0,100,5,2,537.839238493985
8YP_H0_N100_P1_EQUAL_seed005,P1_EQUAL,H0,100,5,3,454.9089660185491
8YP_H0_N100_P1_EQUAL_seed005,P1_EQUAL,H0,100,5,4,92.21014510517307
8YP_H0_N100_P1_EQUAL_seed005,P1_EQUAL,H0,100,5,5,682.2218043310345
8YP_H0_N100_P1_EQUAL_seed005,P1_EQUAL,H0,100,5,6,68.29590741765105
8YP_H0_N100_P1_EQUAL_seed005,P1_EQUAL,H0,100,5,7,881.9077864904484
8YP_H0_N100_P1_EQUAL_seed005,P1_EQUAL,H0,100,5,8,202.66892903582266
8YP_H0_N100_P1_EQUAL_seed005,P1_EQUAL,H0,100,5,9,667.129691686785
8YP_H0_N100_P1_EQUAL_seed005,P1_EQUAL,H0,100,5,10,227.8834037618435
8YP_H0_N100_P1_EQUAL_seed005,P1_EQUAL,H0,100,5,11,625.9107458545732
8YP_H0_N100_P1_EQUAL_seed005,P1_EQUAL,H0,100,5,12,1685.64426134931
8YP_H0_N100_P1_EQUAL_seed005,P1_EQUAL,H0,100,5,13,1146.8789638030084
8YP_H0_N100_P1_EQUAL_seed005,P1_EQUAL,H0,100,5,14,879.6667454075468
8YP_H0_N100_P2_HASHPROP_seed005,P2_HASHPROP,H0,100,5,1,1819.1052071414335
8YP_H0_N100_P2_HASHPROP_seed005,P2_HASHPROP,H0,100,5,2,537.839238493985
8YP_H0_N100_P2_HASHPROP_seed005,P2_HASHPROP,H0,100,5,3,454.9089660185491
8YP_H0_N100_P2_HASHPROP_seed005,P2_HASHPROP,H0,100,5,4,92.21014510517307
8YP_H0_N100_P2_HASHPROP_seed005,P2_HASHPROP,H0,100,5,5,682.2218043310345
8YP_H0_N100_P2_HASHPROP_seed005,P2_HASHPROP,H0,100,5,6,68.29590741765105
8YP_H0_N100_P2_HASHPROP_seed005,P2_HASHPROP,H0,100,5,7,881.9077864904484
8YP_H0_N100_P2_HASHPROP_seed005,P2_HASHPROP,H0,100,5,8,202.66892903582266
8YP_H0_N100_P2_HASHPROP_seed005,P2_HASHPROP,H0,100,5,9,667.129691686785
8YP_H0_N100_P2_HASHPROP_seed005,P2_HASHPROP,H0,100,5,10,227.8834037618435
8YP_H0_N100_P2_HASHPROP_seed005,P2_HASHPROP,H0,100,5,11,625.9107458545732
8YP_H0_N100_P2_HASHPROP_seed005,P2_HASHPROP,H0,100,5,12,1685.64426134931
8YP_H0_N100_P2_HASHPROP_seed005,P2_HASHPROP,H0,100,5,13,1146.8789638030084
8YP_H0_N100_P2_HASHPROP_seed005,P2_HASHPROP,H0,100,5,14,879.6667454075468
8YP_H0_N100_P3_ENERGY_seed005,P3_ENERGY,H0,100,5,1,1819.1052071414335
8YP_H0_N100_P3_ENERGY_seed005,P3_ENERGY,H0,100,5,2,1056.8777350465386
8YP_H0_N100_P3_ENERGY_seed005,P3_ENERGY,H0,100,5,3,92.59066924805938
8YP_H0_N100_P3_ENERGY_seed005,P3_ENERGY,H0,100,5,4,682.5573537810392
8YP_H0_N100_P3_ENERGY_seed005,P3_ENERGY,H0,100,5,5,68.38487110470851
8YP_H0_N100_P3_ENERGY_seed005,P3_ENERGY,H0,100,5,6,882.6820962473753
8YP_H0_N100_P3_ENERGY_seed005,P3_ENERGY,H0,100,5,7,203.11429747076727
8YP_H0_N100_P3_ENERGY_seed005,P3_ENERGY,H0,100,5,8,667.9086828177669
8YP_H0_N100_P3_ENERGY_seed005,P3_ENERGY,H0,100,5,9,518.2995697635833
8YP_H0_N100_P3_ENERGY_seed005,P3_ENERGY,H0,100,5,10,2888.9178928914116
8YP_H0_N100_P4_RESERVE_seed005,P4_RESERVE,H0,100,5,1,2729.1052071414333
8YP_H0_N100_P4_RESERVE_seed005,P4_RESERVE,H0,100,5,2,1147.2024682959272
8YP_H0_N100_P4_RESERVE_seed005,P4_RESERVE,H0,100,5,3,454.9089660185491
8YP_H0_N100_P4_RESERVE_seed005,P4_RESERVE,H0,100,5,4,92.21014510517398
8YP_H0_N100_P4_RESERVE_seed005,P4_RESERVE,H0,100,5,5,1590.5852237677682
8YP_H0_N100_P4_RESERVE_seed005,P4_RESERVE,H0,100,5,6,68.2959074176506
8YP_H0_N100_P4_RESERVE_seed005,P4_RESERVE,H0,100,5,7,761.35185774815
8YP_H0_N100_P4_RESERVE_seed005,P4_RESERVE,H0,100,5,8,280.41278613603754
8YP_H0_N100_P4_RESERVE_seed005,P4_RESERVE,H0,100,5,9,202.59748096912426
8YP_H0_N100_P4_RESERVE_seed005,P4_RESERVE,H0,100,5,10,1574.714202226799
8YP_H0_N100_P4_RESERVE_seed005,P4_RESERVE,H0,100,5,11,518.1378720170269
8YP_H0_N100_POW_seed006,POW,H0,100,6,1,283.9010896007339
8YP_H0_N100_POW_seed006,POW,H0,100,6,2,1446.577901631739
8YP_H0_N100_POW_seed006,POW,H0,100,6,3,102.47430357609915
8YP_H0_N100_POW_seed006,POW,H0,100,6,4,458.8247402097927
8YP_H0_N100_POW_seed006,POW,H0,100,6,5,749.5747637122131
8YP_H0_N100_POW_seed006,POW,H0,100,6,6,1391.4191027089073
8YP_H0_N100_POW_seed006,POW,H0,100,6,7,1582.5711808471788
8YP_H0_N100_POW_seed006,POW,H0,100,6,8,622.6277205216802
8YP_H0_N100_POW_seed006,POW,H0,100,6,9,1512.2141361475797
8YP_H0_N100_POW_seed006,POW,H0,100,6,10,211.55596547933146
8YP_H0_N100_POW_seed006,POW,H0,100,6,11,367.167958031574
8YP_H0_N100_POW_seed006,POW,H0,100,6,12,21.442364403163083
8YP_H0_N100_POW_seed006,POW,H0,100,6,13,6.645967941272829
8YP_H0_N100_POW_seed006,POW,H0,100,6,14,578.877870968814
8YP_H0_N100_POW_seed006,POW,H0,100,6,15,459.0985600931108
8YP_H0_N100_POW_CT_seed006,POW_CT,H0,100,6,1,837.1619203612756
8YP_H0_N100_POW_CT_seed006,POW_CT,H0,100,6,2,3257.32313044507
8YP_H0_N100_POW_CT_seed006,POW_CT,H0,100,6,3,1109.6911745524103
8YP_H0_N100_POW_CT_seed006,POW_CT,H0,100,6,4,234.1350194044926
8YP_H0_N100_POW_CT_seed006,POW_CT,H0,100,6,5,266.43214472925865
8YP_H0_N100_POW_CT_seed006,POW_CT,H0,100,6,6,332.2594532876765
8YP_H0_N100_POW_CT_seed006,POW_CT,H0,100,6,7,346.5110325346359
8YP_H0_N100_POW_CT_seed006,POW_CT,H0,100,6,8,147.12636004643355
8YP_H0_N100_POW_CT_seed006,POW_CT,H0,100,6,9,1511.7015422984505
8YP_H0_N100_POW_CT_seed006,POW_CT,H0,100,6,10,1482.9807050234012
8YP_H0_N100_POW_CT_seed006,POW_CT,H0,100,6,11,196.9938190237972
8YP_H0_N100_P0_ALL_seed006,P0_ALL,H0,100,6,1,283.9010896007339
8YP_H0_N100_P0_ALL_seed006,P0_ALL,H0,100,6,2,1449.7364856745687
8YP_H0_N100_P0_ALL_seed006,P0_ALL,H0,100,6,3,102.47430357609915
8YP_H0_N100_P0_ALL_seed006,P0_ALL,H0,100,6,4,458.8247402097927
8YP_H0_N100_P0_ALL_seed006,P0_ALL,H0,100,6,5,751.9311650610452
8YP_H0_N100_P0_ALL_seed006,P0_ALL,H0,100,6,6,1395.5518834859804
8YP_H0_N100_P0_ALL_seed006,P0_ALL,H0,100,6,7,1587.9739230921978
8YP_H0_N100_P0_ALL_seed006,P0_ALL,H0,100,6,8,623.8267206854098
8YP_H0_N100_P0_ALL_seed006,P0_ALL,H0,100,6,9,1516.7035614449642
8YP_H0_N100_P0_ALL_seed006,P0_ALL,H0,100,6,10,211.55596547933055
8YP_H0_N100_P0_ALL_seed006,P0_ALL,H0,100,6,11,367.167958031574
8YP_H0_N100_P0_ALL_seed006,P0_ALL,H0,100,6,12,21.442364403163083
8YP_H0_N100_P0_ALL_seed006,P0_ALL,H0,100,6,13,6.645967941272829
8YP_H0_N100_P0_ALL_seed006,P0_ALL,H0,100,6,14,578.877870968814
8YP_H0_N100_P0_ALL_seed006,P0_ALL,H0,100,6,15,459.0985600931108
8YP_H0_N100_P1_EQUAL_seed006,P1_EQUAL,H0,100,6,1,283.9010896007339
8YP_H0_N100_P1_EQUAL_seed006,P1_EQUAL,H0,100,6,2,1449.7364856745687
8YP_H0_N100_P1_EQUAL_seed006,P1_EQUAL,H0,100,6,3,102.47430357609915
8YP_H0_N100_P1_EQUAL_seed006,P1_EQUAL,H0,100,6,4,458.8247402097927
8YP_H0_N100_P1_EQUAL_seed006,P1_EQUAL,H0,100,6,5,751.9311650610452
8YP_H0_N100_P1_EQUAL_seed006,P1_EQUAL,H0,100,6,6,1395.5518834859804
8YP_H0_N100_P1_EQUAL_seed006,P1_EQUAL,H0,100,6,7,1587.9739230921978
8YP_H0_N100_P1_EQUAL_seed006,P1_EQUAL,H0,100,6,8,623.8267206854098
8YP_H0_N100_P1_EQUAL_seed006,P1_EQUAL,H0,100,6,9,1516.7035614449642
8YP_H0_N100_P1_EQUAL_seed006,P1_EQUAL,H0,100,6,10,211.55596547933055
8YP_H0_N100_P1_EQUAL_seed006,P1_EQUAL,H0,100,6,11,367.167958031574
8YP_H0_N100_P1_EQUAL_seed006,P1_EQUAL,H0,100,6,12,21.442364403163083
8YP_H0_N100_P1_EQUAL_seed006,P1_EQUAL,H0,100,6,13,6.645967941272829
8YP_H0_N100_P1_EQUAL_seed006,P1_EQUAL,H0,100,6,14,578.877870968814
8YP_H0_N100_P1_EQUAL_seed006,P1_EQUAL,H0,100,6,15,459.0985600931108
8YP_H0_N100_P2_HASHPROP_seed006,P2_HASHPROP,H0,100,6,1,283.9010896007339
8YP_H0_N100_P2_HASHPROP_seed006,P2_HASHPROP,H0,100,6,2,1449.7364856745687
8YP_H0_N100_P2_HASHPROP_seed006,P2_HASHPROP,H0,100,6,3,102.47430357609915
8YP_H0_N100_P2_HASHPROP_seed006,P2_HASHPROP,H0,100,6,4,458.8247402097927
8YP_H0_N100_P2_HASHPROP_seed006,P2_HASHPROP,H0,100,6,5,751.9311650610452
8YP_H0_N100_P2_HASHPROP_seed006,P2_HASHPROP,H0,100,6,6,1395.5518834859804
8YP_H0_N100_P2_HASHPROP_seed006,P2_HASHPROP,H0,100,6,7,1587.9739230921978
8YP_H0_N100_P2_HASHPROP_seed006,P2_HASHPROP,H0,100,6,8,623.8267206854098
8YP_H0_N100_P2_HASHPROP_seed006,P2_HASHPROP,H0,100,6,9,1516.7035614449642
8YP_H0_N100_P2_HASHPROP_seed006,P2_HASHPROP,H0,100,6,10,211.55596547933055
8YP_H0_N100_P2_HASHPROP_seed006,P2_HASHPROP,H0,100,6,11,367.167958031574
8YP_H0_N100_P2_HASHPROP_seed006,P2_HASHPROP,H0,100,6,12,21.442364403163083
8YP_H0_N100_P2_HASHPROP_seed006,P2_HASHPROP,H0,100,6,13,6.645967941272829
8YP_H0_N100_P2_HASHPROP_seed006,P2_HASHPROP,H0,100,6,14,578.877870968814
8YP_H0_N100_P2_HASHPROP_seed006,P2_HASHPROP,H0,100,6,15,459.0985600931108
8YP_H0_N100_P3_ENERGY_seed006,P3_ENERGY,H0,100,6,1,283.9010896007339
8YP_H0_N100_P3_ENERGY_seed006,P3_ENERGY,H0,100,6,2,1671.5429214896399
8YP_H0_N100_P3_ENERGY_seed006,P3_ENERGY,H0,100,6,3,102.47430357609892
8YP_H0_N100_P3_ENERGY_seed006,P3_ENERGY,H0,100,6,4,1353.9613168236356
8YP_H0_N100_P3_ENERGY_seed006,P3_ENERGY,H0,100,6,5,1394.3048371415825
8YP_H0_N100_P3_ENERGY_seed006,P3_ENERGY,H0,100,6,6,2430.31033407646
8YP_H0_N100_P3_ENERGY_seed006,P3_ENERGY,H0,100,6,7,1515.7398537281524
8YP_H0_N100_P3_ENERGY_seed006,P3_ENERGY,H0,100,6,8,211.81282767667653
8YP_H0_N100_P4_RESERVE_seed006,P4_RESERVE,H0,100,6,1,283.9010896007339
8YP_H0_N100_P4_RESERVE_seed006,P4_RESERVE,H0,100,6,2,2580.1372276695606
8YP_H0_N100_P4_RESERVE_seed006,P4_RESERVE,H0,100,6,3,102.47430357609937
8YP_H0_N100_P4_RESERVE_seed006,P4_RESERVE,H0,100,6,4,555.9501293060193
8YP_H0_N100_P4_RESERVE_seed006,P4_RESERVE,H0,100,6,5,909.521538551458
8YP_H0_N100_P4_RESERVE_seed006,P4_RESERVE,H0,100,6,6,149.40976824876998
8YP_H0_N100_P4_RESERVE_seed006,P4_RESERVE,H0,100,6,7,758.1035511559421
8YP_H0_N100_P4_RESERVE_seed006,P4_RESERVE,H0,100,6,8,1068.7990636932373
8YP_H0_N100_P4_RESERVE_seed006,P4_RESERVE,H0,100,6,9,192.0372043765219
8YP_H0_N100_P4_RESERVE_seed006,P4_RESERVE,H0,100,6,10,506.19646545131127
8YP_H0_N100_P4_RESERVE_seed006,P4_RESERVE,H0,100,6,11,2736.9590257521468
8YP_H0_N300_POW_seed001,POW,H0,300,1,1,138.5312497166828
8YP_H0_N300_POW_seed001,POW,H0,300,1,2,243.6533060860039
8YP_H0_N300_POW_seed001,POW,H0,300,1,3,421.9541412373755
8YP_H0_N300_POW_seed001,POW,H0,300,1,4,45.72613640482962
8YP_H0_N300_POW_seed001,POW,H0,300,1,5,43.893119611253724
8YP_H0_N300_POW_seed001,POW,H0,300,1,6,70.84299709957281
8YP_H0_N300_POW_seed001,POW,H0,300,1,7,10.78535000407635
8YP_H0_N300_POW_seed001,POW,H0,300,1,8,319.94820613641105
8YP_H0_N300_POW_seed001,POW,H0,300,1,9,887.2444829338147
8YP_H0_N300_POW_seed001,POW,H0,300,1,10,1435.512183536419
8YP_H0_N300_POW_seed001,POW,H0,300,1,11,473.8657900457897
8YP_H0_N300_POW_seed001,POW,H0,300,1,12,821.31128009437
8YP_H0_N300_POW_seed001,POW,H0,300,1,13,59.79845108300924
8YP_H0_N300_POW_seed001,POW,H0,300,1,14,168.8933706375592
8YP_H0_N300_POW_seed001,POW,H0,300,1,15,515.3524346058575
8YP_H0_N300_POW_seed001,POW,H0,300,1,16,403.55925167166606
8YP_H0_N300_POW_seed001,POW,H0,300,1,17,717.4520050866122
8YP_H0_N300_POW_seed001,POW,H0,300,1,18,80.57100043252922
8YP_H0_N300_POW_seed001,POW,H0,300,1,19,111.6621081864896
8YP_H0_N300_POW_seed001,POW,H0,300,1,20,255.18949753551988
8YP_H0_N300_POW_seed001,POW,H0,300,1,21,469.0942675084689
8YP_H0_N300_POW_seed001,POW,H0,300,1,22,923.1603278559633
8YP_H0_N300_POW_seed001,POW,H0,300,1,23,352.9242792962086
8YP_H0_N300_POW_seed001,POW,H0,300,1,24,386.4783655079009
8YP_H0_N300_POW_seed001,POW,H0,300,1,25,641.3835743894815
8YP_H0_N300_POW_CT_seed001,POW_CT,H0,300,1,1,105.75526728983361
8YP_H0_N300_POW_CT_seed001,POW_CT,H0,300,1,2,1119.8925490544802
8YP_H0_N300_POW_CT_seed001,POW_CT,H0,300,1,3,779.4175018040471
8YP_H0_N300_POW_CT_seed001,POW_CT,H0,300,1,4,26.99784120250706
8YP_H0_N300_POW_CT_seed001,POW_CT,H0,300,1,5,110.00405782691337
8YP_H0_N300_POW_CT_seed001,POW_CT,H0,300,1,6,2414.028892157381
8YP_H0_N300_POW_CT_seed001,POW_CT,H0,300,1,7,533.2297824706066
8YP_H0_N300_POW_CT_seed001,POW_CT,H0,300,1,8,1440.319789305252
8YP_H0_N300_P0_ALL_seed001,P0_ALL,H0,300,1,1,138.5312497166828
8YP_H0_N300_P0_ALL_seed001,P0_ALL,H0,300,1,2,243.6533060860039
8YP_H0_N300_P0_ALL_seed001,P0_ALL,H0,300,1,3,421.9541412373755
8YP_H0_N300_P0_ALL_seed001,P0_ALL,H0,300,1,4,45.72613640482962
8YP_H0_N300_P0_ALL_seed001,P0_ALL,H0,300,1,5,43.893119611253724
8YP_H0_N300_P0_ALL_seed001,P0_ALL,H0,300,1,6,70.84299709957281
8YP_H0_N300_P0_ALL_seed001,P0_ALL,H0,300,1,7,10.78535000407635
8YP_H0_N300_P0_ALL_seed001,P0_ALL,H0,300,1,8,319.94820613641105
8YP_H0_N300_P0_ALL_seed001,P0_ALL,H0,300,1,9,889.7557709201196
8YP_H0_N300_P0_ALL_seed001,P0_ALL,H0,300,1,10,1440.9554560437891
8YP_H0_N300_P0_ALL_seed001,P0_ALL,H0,300,1,11,473.86579004578925
8YP_H0_N300_P0_ALL_seed001,P0_ALL,H0,300,1,12,824.3974975947867
8YP_H0_N300_P0_ALL_seed001,P0_ALL,H0,300,1,13,59.79845108300924
8YP_H0_N300_P0_ALL_seed001,P0_ALL,H0,300,1,14,168.8933706375592
8YP_H0_N300_P0_ALL_seed001,P0_ALL,H0,300,1,15,515.3524346058575
8YP_H0_N300_P0_ALL_seed001,P0_ALL,H0,300,1,16,403.55925167166606
8YP_H0_N300_P0_ALL_seed001,P0_ALL,H0,300,1,17,719.9993187067666
8YP_H0_N300_P0_ALL_seed001,P0_ALL,H0,300,1,18,80.57100043252922
8YP_H0_N300_P0_ALL_seed001,P0_ALL,H0,300,1,19,111.6621081864896
8YP_H0_N300_P0_ALL_seed001,P0_ALL,H0,300,1,20,255.18949753551988
8YP_H0_N300_P0_ALL_seed001,P0_ALL,H0,300,1,21,469.0942675084689
8YP_H0_N300_P0_ALL_seed001,P0_ALL,H0,300,1,22,924.722995350673
8YP_H0_N300_P0_ALL_seed001,P0_ALL,H0,300,1,23,352.9242792962086
8YP_H0_N300_P0_ALL_seed001,P0_ALL,H0,300,1,24,386.4783655079009
8YP_H0_N300_P1_EQUAL_seed001,P1_EQUAL,H0,300,1,1,138.5312497166828
8YP_H0_N300_P1_EQUAL_seed001,P1_EQUAL,H0,300,1,2,243.6533060860039
8YP_H0_N300_P1_EQUAL_seed001,P1_EQUAL,H0,300,1,3,421.9541412373755
8YP_H0_N300_P1_EQUAL_seed001,P1_EQUAL,H0,300,1,4,45.72613640482962
8YP_H0_N300_P1_EQUAL_seed001,P1_EQUAL,H0,300,1,5,43.893119611253724
8YP_H0_N300_P1_EQUAL_seed001,P1_EQUAL,H0,300,1,6,70.84299709957281
8YP_H0_N300_P1_EQUAL_seed001,P1_EQUAL,H0,300,1,7,10.78535000407635
8YP_H0_N300_P1_EQUAL_seed001,P1_EQUAL,H0,300,1,8,319.94820613641105
8YP_H0_N300_P1_EQUAL_seed001,P1_EQUAL,H0,300,1,9,889.7557709201196
8YP_H0_N300_P1_EQUAL_seed001,P1_EQUAL,H0,300,1,10,1440.9554560437891
8YP_H0_N300_P1_EQUAL_seed001,P1_EQUAL,H0,300,1,11,473.86579004578925
8YP_H0_N300_P1_EQUAL_seed001,P1_EQUAL,H0,300,1,12,824.3974975947867
8YP_H0_N300_P1_EQUAL_seed001,P1_EQUAL,H0,300,1,13,59.79845108300924
8YP_H0_N300_P1_EQUAL_seed001,P1_EQUAL,H0,300,1,14,168.8933706375592
8YP_H0_N300_P1_EQUAL_seed001,P1_EQUAL,H0,300,1,15,515.3524346058575
8YP_H0_N300_P1_EQUAL_seed001,P1_EQUAL,H0,300,1,16,403.55925167166606
8YP_H0_N300_P1_EQUAL_seed001,P1_EQUAL,H0,300,1,17,719.9993187067666
8YP_H0_N300_P1_EQUAL_seed001,P1_EQUAL,H0,300,1,18,80.57100043252922
8YP_H0_N300_P1_EQUAL_seed001,P1_EQUAL,H0,300,1,19,111.6621081864896
8YP_H0_N300_P1_EQUAL_seed001,P1_EQUAL,H0,300,1,20,255.18949753551988
8YP_H0_N300_P1_EQUAL_seed001,P1_EQUAL,H0,300,1,21,469.0942675084689
8YP_H0_N300_P1_EQUAL_seed001,P1_EQUAL,H0,300,1,22,924.722995350673
8YP_H0_N300_P1_EQUAL_seed001,P1_EQUAL,H0,300,1,23,352.9242792962086
8YP_H0_N300_P1_EQUAL_seed001,P1_EQUAL,H0,300,1,24,386.4783655079009
8YP_H0_N300_P2_HASHPROP_seed001,P2_HASHPROP,H0,300,1,1,138.5312497166828
8YP_H0_N300_P2_HASHPROP_seed001,P2_HASHPROP,H0,300,1,2,243.6533060860039
8YP_H0_N300_P2_HASHPROP_seed001,P2_HASHPROP,H0,300,1,3,421.9541412373755
8YP_H0_N300_P2_HASHPROP_seed001,P2_HASHPROP,H0,300,1,4,45.72613640482962
8YP_H0_N300_P2_HASHPROP_seed001,P2_HASHPROP,H0,300,1,5,43.893119611253724
8YP_H0_N300_P2_HASHPROP_seed001,P2_HASHPROP,H0,300,1,6,70.84299709957281
8YP_H0_N300_P2_HASHPROP_seed001,P2_HASHPROP,H0,300,1,7,10.78535000407635
8YP_H0_N300_P2_HASHPROP_seed001,P2_HASHPROP,H0,300,1,8,319.94820613641105
8YP_H0_N300_P2_HASHPROP_seed001,P2_HASHPROP,H0,300,1,9,889.7557709201196
8YP_H0_N300_P2_HASHPROP_seed001,P2_HASHPROP,H0,300,1,10,1440.9554560437891
8YP_H0_N300_P2_HASHPROP_seed001,P2_HASHPROP,H0,300,1,11,473.86579004578925
8YP_H0_N300_P2_HASHPROP_seed001,P2_HASHPROP,H0,300,1,12,824.3974975947867
8YP_H0_N300_P2_HASHPROP_seed001,P2_HASHPROP,H0,300,1,13,59.79845108300924
8YP_H0_N300_P2_HASHPROP_seed001,P2_HASHPROP,H0,300,1,14,168.8933706375592
8YP_H0_N300_P2_HASHPROP_seed001,P2_HASHPROP,H0,300,1,15,515.3524346058575
8YP_H0_N300_P2_HASHPROP_seed001,P2_HASHPROP,H0,300,1,16,403.55925167166606
8YP_H0_N300_P2_HASHPROP_seed001,P2_HASHPROP,H0,300,1,17,719.9993187067666
8YP_H0_N300_P2_HASHPROP_seed001,P2_HASHPROP,H0,300,1,18,80.57100043252922
8YP_H0_N300_P2_HASHPROP_seed001,P2_HASHPROP,H0,300,1,19,111.6621081864896
8YP_H0_N300_P2_HASHPROP_seed001,P2_HASHPROP,H0,300,1,20,255.18949753551988
8YP_H0_N300_P2_HASHPROP_seed001,P2_HASHPROP,H0,300,1,21,469.0942675084689
8YP_H0_N300_P2_HASHPROP_seed001,P2_HASHPROP,H0,300,1,22,924.722995350673
8YP_H0_N300_P2_HASHPROP_seed001,P2_HASHPROP,H0,300,1,23,352.9242792962086
8YP_H0_N300_P2_HASHPROP_seed001,P2_HASHPROP,H0,300,1,24,386.4783655079009
8YP_H0_N300_P3_ENERGY_seed001,P3_ENERGY,H0,300,1,1,138.5312497166828
8YP_H0_N300_P3_ENERGY_seed001,P3_ENERGY,H0,300,1,2,243.6533060860039
8YP_H0_N300_P3_ENERGY_seed001,P3_ENERGY,H0,300,1,3,421.9541412373755
8YP_H0_N300_P3_ENERGY_seed001,P3_ENERGY,H0,300,1,4,646.7678730184257
8YP_H0_N300_P3_ENERGY_seed001,P3_ENERGY,H0,300,1,5,71.24701028689401
8YP_H0_N300_P3_ENERGY_seed001,P3_ENERGY,H0,300,1,6,10.40194576762974
8YP_H0_N300_P3_ENERGY_seed001,P3_ENERGY,H0,300,1,7,318.99468549700623
8YP_H0_N300_P3_ENERGY_seed001,P3_ENERGY,H0,300,1,8,1081.1852051340188
8YP_H0_N300_P3_ENERGY_seed001,P3_ENERGY,H0,300,1,9,1441.6802550466077
8YP_H0_N300_P3_ENERGY_seed001,P3_ENERGY,H0,300,1,10,473.12396432085916
8YP_H0_N300_P3_ENERGY_seed001,P3_ENERGY,H0,300,1,11,824.4142962295164
8YP_H0_N300_P3_ENERGY_seed001,P3_ENERGY,H0,300,1,12,105.9562183652315
8YP_H0_N300_P3_ENERGY_seed001,P3_ENERGY,H0,300,1,13,168.60511147205125
8YP_H0_N300_P3_ENERGY_seed001,P3_ENERGY,H0,300,1,14,516.919217261513
8YP_H0_N300_P3_ENERGY_seed001,P3_ENERGY,H0,300,1,15,403.47355052198964
8YP_H0_N300_P3_ENERGY_seed001,P3_ENERGY,H0,300,1,16,719.7180270067265
8YP_H0_N300_P3_ENERGY_seed001,P3_ENERGY,H0,300,1,17,262.4043135703587
8YP_H0_N300_P3_ENERGY_seed001,P3_ENERGY,H0,300,1,18,1122.1961996819955
8YP_H0_N300_P4_RESERVE_seed001,P4_RESERVE,H0,300,1,1,138.5312497166828
8YP_H0_N300_P4_RESERVE_seed001,P4_RESERVE,H0,300,1,2,243.6533060860039
8YP_H0_N300_P4_RESERVE_seed001,P4_RESERVE,H0,300,1,3,421.9541412373755
8YP_H0_N300_P4_RESERVE_seed001,P4_RESERVE,H0,300,1,4,1190.211381114512
8YP_H0_N300_P4_RESERVE_seed001,P4_RESERVE,H0,300,1,5,43.893119611253724
8YP_H0_N300_P4_RESERVE_seed001,P4_RESERVE,H0,300,1,6,70.84299709957259
8YP_H0_N300_P4_RESERVE_seed001,P4_RESERVE,H0,300,1,7,10.785350004076463
8YP_H0_N300_P4_RESERVE_seed001,P4_RESERVE,H0,300,1,8,319.94820613641105
8YP_H0_N300_P4_RESERVE_seed001,P4_RESERVE,H0,300,1,9,1988.9624021390218
8YP_H0_N300_P4_RESERVE_seed001,P4_RESERVE,H0,300,1,10,955.039278396398
8YP_H0_N300_P4_RESERVE_seed001,P4_RESERVE,H0,300,1,11,1745.8528204409777
8YP_H0_N300_P4_RESERVE_seed001,P4_RESERVE,H0,300,1,12,473.42814186694795
8YP_H0_N300_P4_RESERVE_seed001,P4_RESERVE,H0,300,1,13,597.0395049509234
8YP_H0_N300_P4_RESERVE_seed001,P4_RESERVE,H0,300,1,14,221.23736156037558
8YP_H0_N300_P4_RESERVE_seed001,P4_RESERVE,H0,300,1,15,105.77613448962256
8YP_H0_N300_P4_RESERVE_seed001,P4_RESERVE,H0,300,1,16,168.59035838396267
8YP_H0_N300_P4_RESERVE_seed001,P4_RESERVE,H0,300,1,17,515.3452955761823
8YP_H0_N300_P4_RESERVE_seed001,P4_RESERVE,H0,300,1,18,404.94413587831514
8YP_H0_N300_POW_seed002,POW,H0,300,2,1,371.33955980161033
8YP_H0_N300_POW_seed002,POW,H0,300,2,2,1025.08423859068
8YP_H0_N300_POW_seed002,POW,H0,300,2,3,945.7157806553444
8YP_H0_N300_POW_seed002,POW,H0,300,2,4,424.90755296246334
8YP_H0_N300_POW_seed002,POW,H0,300,2,5,1610.8127519581176
8YP_H0_N300_POW_seed002,POW,H0,300,2,6,114.70027451094484
8YP_H0_N300_POW_seed002,POW,H0,300,2,7,318.64595817896407
8YP_H0_N300_POW_seed002,POW,H0,300,2,8,480.8261681001504
8YP_H0_N300_POW_seed002,POW,H0,300,2,9,725.6098761096118
8YP_H0_N300_POW_seed002,POW,H0,300,2,10,179.95375989906825
8YP_H0_N300_POW_seed002,POW,H0,300,2,11,405.78415000703535
8YP_H0_N300_POW_seed002,POW,H0,300,2,12,37.37106588754341
8YP_H0_N300_POW_seed002,POW,H0,300,2,13,363.9796427789279
8YP_H0_N300_POW_seed002,POW,H0,300,2,14,122.89298471481379
8YP_H0_N300_POW_seed002,POW,H0,300,2,15,5.390128731642108
8YP_H0_N300_POW_seed002,POW,H0,300,2,16,474.4606995631266
8YP_H0_N300_POW_seed002,POW,H0,300,2,17,507.5576624463247
8YP_H0_N300_POW_seed002,POW,H0,300,2,18,484.50243369167947
8YP_H0_N300_POW_seed002,POW,H0,300,2,19,114.62249181093284
8YP_H0_N300_POW_seed002,POW,H0,300,2,20,1.3742251637359004
8YP_H0_N300_POW_seed002,POW,H0,300,2,21,560.9346548819049
8YP_H0_N300_POW_seed002,POW,H0,300,2,22,381.8365634926613
8YP_H0_N300_POW_CT_seed002,POW_CT,H0,300,2,1,647.8085209147828
8YP_H0_N300_POW_CT_seed002,POW_CT,H0,300,2,2,610.4777308944999
8YP_H0_N300_POW_CT_seed002,POW_CT,H0,300,2,3,1220.0134788035386
8YP_H0_N300_POW_CT_seed002,POW_CT,H0,300,2,4,67.54786688210015
8YP_H0_N300_POW_CT_seed002,POW_CT,H0,300,2,5,2032.7007743128834
8YP_H0_N300_POW_CT_seed002,POW_CT,H0,300,2,6,946.7680447339135
8YP_H0_N300_POW_CT_seed002,POW_CT,H0,300,2,7,113.46642175953275
8YP_H0_N300_POW_CT_seed002,POW_CT,H0,300,2,8,1819.5586981684091
8YP_H0_N300_P0_ALL_seed002,P0_ALL,H0,300,2,1,371.33955980161033
8YP_H0_N300_P0_ALL_seed002,P0_ALL,H0,300,2,2,1028.273851943678
8YP_H0_N300_P0_ALL_seed002,P0_ALL,H0,300,2,3,948.816752532277
8YP_H0_N300_P0_ALL_seed002,P0_ALL,H0,300,2,4,424.90755296246334
8YP_H0_N300_P0_ALL_seed002,P0_ALL,H0,300,2,5,1617.7795891335445
8YP_H0_N300_P0_ALL_seed002,P0_ALL,H0,300,2,6,114.70027451094484
8YP_H0_N300_P0_ALL_seed002,P0_ALL,H0,300,2,7,318.64595817896407
8YP_H0_N300_P0_ALL_seed002,P0_ALL,H0,300,2,8,480.8261681001504
8YP_H0_N300_P0_ALL_seed002,P0_ALL,H0,300,2,9,727.4193381172481
8YP_H0_N300_P0_ALL_seed002,P0_ALL,H0,300,2,10,179.95375989906825
8YP_H0_N300_P0_ALL_seed002,P0_ALL,H0,300,2,11,405.78415000703535
8YP_H0_N300_P0_ALL_seed002,P0_ALL,H0,300,2,12,37.37106588754341
8YP_H0_N300_P0_ALL_seed002,P0_ALL,H0,300,2,13,363.9796427789279
8YP_H0_N300_P0_ALL_seed002,P0_ALL,H0,300,2,14,122.89298471481379
8YP_H0_N300_P0_ALL_seed002,P0_ALL,H0,300,2,15,5.390128731642108
8YP_H0_N300_P0_ALL_seed002,P0_ALL,H0,300,2,16,474.4606995631266
8YP_H0_N300_P0_ALL_seed002,P0_ALL,H0,300,2,17,507.5576624463247
8YP_H0_N300_P0_ALL_seed002,P0_ALL,H0,300,2,18,484.50243369167947
8YP_H0_N300_P0_ALL_seed002,P0_ALL,H0,300,2,19,114.62249181093284
8YP_H0_N300_P0_ALL_seed002,P0_ALL,H0,300,2,20,1.3742251637359004
8YP_H0_N300_P0_ALL_seed002,P0_ALL,H0,300,2,21,560.9346548819049
8YP_H0_N300_P0_ALL_seed002,P0_ALL,H0,300,2,22,381.8365634926613
8YP_H0_N300_P1_EQUAL_seed002,P1_EQUAL,H0,300,2,1,371.33955980161033
8YP_H0_N300_P1_EQUAL_seed002,P1_EQUAL,H0,300,2,2,1028.273851943678
8YP_H0_N300_P1_EQUAL_seed002,P1_EQUAL,H0,300,2,3,948.816752532277
8YP_H0_N300_P1_EQUAL_seed002,P1_EQUAL,H0,300,2,4,424.90755296246334
8YP_H0_N300_P1_EQUAL_seed002,P1_EQUAL,H0,300,2,5,1617.7795891335445
8YP_H0_N300_P1_EQUAL_seed002,P1_EQUAL,H0,300,2,6,114.70027451094484
8YP_H0_N300_P1_EQUAL_seed002,P1_EQUAL,H0,300,2,7,318.64595817896407
8YP_H0_N300_P1_EQUAL_seed002,P1_EQUAL,H0,300,2,8,480.8261681001504
8YP_H0_N300_P1_EQUAL_seed002,P1_EQUAL,H0,300,2,9,727.4193381172481
8YP_H0_N300_P1_EQUAL_seed002,P1_EQUAL,H0,300,2,10,179.95375989906825
8YP_H0_N300_P1_EQUAL_seed002,P1_EQUAL,H0,300,2,11,405.78415000703535
8YP_H0_N300_P1_EQUAL_seed002,P1_EQUAL,H0,300,2,12,37.37106588754341
8YP_H0_N300_P1_EQUAL_seed002,P1_EQUAL,H0,300,2,13,363.9796427789279
8YP_H0_N300_P1_EQUAL_seed002,P1_EQUAL,H0,300,2,14,122.89298471481379
8YP_H0_N300_P1_EQUAL_seed002,P1_EQUAL,H0,300,2,15,5.390128731642108
8YP_H0_N300_P1_EQUAL_seed002,P1_EQUAL,H0,300,2,16,474.4606995631266
8YP_H0_N300_P1_EQUAL_seed002,P1_EQUAL,H0,300,2,17,507.5576624463247
8YP_H0_N300_P1_EQUAL_seed002,P1_EQUAL,H0,300,2,18,484.50243369167947
8YP_H0_N300_P1_EQUAL_seed002,P1_EQUAL,H0,300,2,19,114.62249181093284
8YP_H0_N300_P1_EQUAL_seed002,P1_EQUAL,H0,300,2,20,1.3742251637359004
8YP_H0_N300_P1_EQUAL_seed002,P1_EQUAL,H0,300,2,21,560.9346548819049
8YP_H0_N300_P1_EQUAL_seed002,P1_EQUAL,H0,300,2,22,381.8365634926613
8YP_H0_N300_P2_HASHPROP_seed002,P2_HASHPROP,H0,300,2,1,371.33955980161033
8YP_H0_N300_P2_HASHPROP_seed002,P2_HASHPROP,H0,300,2,2,1028.273851943678
8YP_H0_N300_P2_HASHPROP_seed002,P2_HASHPROP,H0,300,2,3,948.816752532277
8YP_H0_N300_P2_HASHPROP_seed002,P2_HASHPROP,H0,300,2,4,424.90755296246334
8YP_H0_N300_P2_HASHPROP_seed002,P2_HASHPROP,H0,300,2,5,1617.7795891335445
8YP_H0_N300_P2_HASHPROP_seed002,P2_HASHPROP,H0,300,2,6,114.70027451094484
8YP_H0_N300_P2_HASHPROP_seed002,P2_HASHPROP,H0,300,2,7,318.64595817896407
8YP_H0_N300_P2_HASHPROP_seed002,P2_HASHPROP,H0,300,2,8,480.8261681001504
8YP_H0_N300_P2_HASHPROP_seed002,P2_HASHPROP,H0,300,2,9,727.4193381172481
8YP_H0_N300_P2_HASHPROP_seed002,P2_HASHPROP,H0,300,2,10,179.95375989906825
8YP_H0_N300_P2_HASHPROP_seed002,P2_HASHPROP,H0,300,2,11,405.78415000703535
8YP_H0_N300_P2_HASHPROP_seed002,P2_HASHPROP,H0,300,2,12,37.37106588754341
8YP_H0_N300_P2_HASHPROP_seed002,P2_HASHPROP,H0,300,2,13,363.9796427789279
8YP_H0_N300_P2_HASHPROP_seed002,P2_HASHPROP,H0,300,2,14,122.89298471481379
8YP_H0_N300_P2_HASHPROP_seed002,P2_HASHPROP,H0,300,2,15,5.390128731642108
8YP_H0_N300_P2_HASHPROP_seed002,P2_HASHPROP,H0,300,2,16,474.4606995631266
8YP_H0_N300_P2_HASHPROP_seed002,P2_HASHPROP,H0,300,2,17,507.5576624463247
8YP_H0_N300_P2_HASHPROP_seed002,P2_HASHPROP,H0,300,2,18,484.50243369167947
8YP_H0_N300_P2_HASHPROP_seed002,P2_HASHPROP,H0,300,2,19,114.62249181093284
8YP_H0_N300_P2_HASHPROP_seed002,P2_HASHPROP,H0,300,2,20,1.3742251637359004
8YP_H0_N300_P2_HASHPROP_seed002,P2_HASHPROP,H0,300,2,21,560.9346548819049
8YP_H0_N300_P2_HASHPROP_seed002,P2_HASHPROP,H0,300,2,22,381.8365634926613
8YP_H0_N300_P3_ENERGY_seed002,P3_ENERGY,H0,300,2,1,580.2874013419118
8YP_H0_N300_P3_ENERGY_seed002,P3_ENERGY,H0,300,2,2,1027.2384214597628
8YP_H0_N300_P3_ENERGY_seed002,P3_ENERGY,H0,300,2,3,948.4592140714421
8YP_H0_N300_P3_ENERGY_seed002,P3_ENERGY,H0,300,2,4,424.90755296246334
8YP_H0_N300_P3_ENERGY_seed002,P3_ENERGY,H0,300,2,5,1617.7795891335445
8YP_H0_N300_P3_ENERGY_seed002,P3_ENERGY,H0,300,2,6,114.70027451094484
8YP_H0_N300_P3_ENERGY_seed002,P3_ENERGY,H0,300,2,7,1085.2706192360556
8YP_H0_N300_P3_ENERGY_seed002,P3_ENERGY,H0,300,2,8,1017.4517679852252
8YP_H0_N300_P3_ENERGY_seed002,P3_ENERGY,H0,300,2,9,298.28982330976214
8YP_H0_N300_P3_ENERGY_seed002,P3_ENERGY,H0,300,2,10,405.76164162852274
8YP_H0_N300_P3_ENERGY_seed002,P3_ENERGY,H0,300,2,11,967.6102505689832
8YP_H0_N300_P3_ENERGY_seed002,P3_ENERGY,H0,300,2,12,234.81509380379794
8YP_H0_N300_P3_ENERGY_seed002,P3_ENERGY,H0,300,2,13,4.857036044822962
8YP_H0_N300_P3_ENERGY_seed002,P3_ENERGY,H0,300,2,14,1110.482546496085
8YP_H0_N300_P4_RESERVE_seed002,P4_RESERVE,H0,300,2,1,580.2874013419118
8YP_H0_N300_P4_RESERVE_seed002,P4_RESERVE,H0,300,2,2,1935.381655726845
8YP_H0_N300_P4_RESERVE_seed002,P4_RESERVE,H0,300,2,3,1856.670137694723
8YP_H0_N300_P4_RESERVE_seed002,P4_RESERVE,H0,300,2,4,424.90755296246243
8YP_H0_N300_P4_RESERVE_seed002,P4_RESERVE,H0,300,2,5,2525.465784737562
8YP_H0_N300_P4_RESERVE_seed002,P4_RESERVE,H0,300,2,6,114.70027451094484
8YP_H0_N300_P4_RESERVE_seed002,P4_RESERVE,H0,300,2,7,1828.6087344608131
8YP_H0_N300_POW_seed003,POW,H0,300,3,1,1305.5269839017421
8YP_H0_N300_POW_seed003,POW,H0,300,3,2,24.37370785029111
8YP_H0_N300_POW_seed003,POW,H0,300,3,3,482.474337118869
8YP_H0_N300_POW_seed003,POW,H0,300,3,4,169.627703544327
8YP_H0_N300_POW_seed003,POW,H0,300,3,5,45.585160030698944
8YP_H0_N300_POW_seed003,POW,H0,300,3,6,421.8715199228775
8YP_H0_N300_POW_seed003,POW,H0,300,3,7,1365.276630158457
8YP_H0_N300_POW_seed003,POW,H0,300,3,8,456.2671895703388
8YP_H0_N300_POW_seed003,POW,H0,300,3,9,849.2580494334215
8YP_H0_N300_POW_seed003,POW,H0,300,3,10,1013.3445956745018
8YP_H0_N300_POW_seed003,POW,H0,300,3,11,312.21673266773996
8YP_H0_N300_POW_seed003,POW,H0,300,3,12,219.84269824404146
8YP_H0_N300_POW_seed003,POW,H0,300,3,13,1428.1016514184075
8YP_H0_N300_POW_CT_seed003,POW_CT,H0,300,3,1,313.70671955796973
8YP_H0_N300_POW_CT_seed003,POW_CT,H0,300,3,2,1822.775216455017
8YP_H0_N300_POW_CT_seed003,POW_CT,H0,300,3,3,87.35461330957196
8YP_H0_N300_POW_CT_seed003,POW_CT,H0,300,3,4,51.199819819833465
8YP_H0_N300_POW_CT_seed003,POW_CT,H0,300,3,5,1301.0335374759588
8YP_H0_N300_POW_CT_seed003,POW_CT,H0,300,3,6,1683.1333857119448
8YP_H0_N300_POW_CT_seed003,POW_CT,H0,300,3,7,281.94584441268853
8YP_H0_N300_POW_CT_seed003,POW_CT,H0,300,3,8,7.108640933202878
8YP_H0_N300_POW_CT_seed003,POW_CT,H0,300,3,9,408.77969424497314
8YP_H0_N300_POW_CT_seed003,POW_CT,H0,300,3,10,722.0600934685845
8YP_H0_N300_POW_CT_seed003,POW_CT,H0,300,3,11,913.4977357727166
8YP_H0_N300_POW_CT_seed003,POW_CT,H0,300,3,12,1200.7687161711465
8YP_H0_N300_P0_ALL_seed003,P0_ALL,H0,300,3,1,1309.5520551408085
8YP_H0_N300_P0_ALL_seed003,P0_ALL,H0,300,3,2,24.37370785029111
8YP_H0_N300_P0_ALL_seed003,P0_ALL,H0,300,3,3,482.474337118869
8YP_H0_N300_P0_ALL_seed003,P0_ALL,H0,300,3,4,169.627703544327
8YP_H0_N300_P0_ALL_seed003,P0_ALL,H0,300,3,5,45.585160030698944
8YP_H0_N300_P0_ALL_seed003,P0_ALL,H0,300,3,6,421.87151992287727
8YP_H0_N300_P0_ALL_seed003,P0_ALL,H0,300,3,7,1371.34058133387
8YP_H0_N300_P0_ALL_seed003,P0_ALL,H0,300,3,8,456.26718957033927
8YP_H0_N300_P0_ALL_seed003,P0_ALL,H0,300,3,9,851.6300100464796
8YP_H0_N300_P0_ALL_seed003,P0_ALL,H0,300,3,10,1017.4597157320022
8YP_H0_N300_P0_ALL_seed003,P0_ALL,H0,300,3,11,312.21673266773996
8YP_H0_N300_P0_ALL_seed003,P0_ALL,H0,300,3,12,219.84269824404146
8YP_H0_N300_P0_ALL_seed003,P0_ALL,H0,300,3,13,1431.3954201057222
8YP_H0_N300_P1_EQUAL_seed003,P1_EQUAL,H0,300,3,1,1309.5520551408085
8YP_H0_N300_P1_EQUAL_seed003,P1_EQUAL,H0,300,3,2,24.37370785029111
8YP_H0_N300_P1_EQUAL_seed003,P1_EQUAL,H0,300,3,3,482.474337118869
8YP_H0_N300_P1_EQUAL_seed003,P1_EQUAL,H0,300,3,4,169.627703544327
8YP_H0_N300_P1_EQUAL_seed003,P1_EQUAL,H0,300,3,5,45.585160030698944
8YP_H0_N300_P1_EQUAL_seed003,P1_EQUAL,H0,300,3,6,421.87151992287727
8YP_H0_N300_P1_EQUAL_seed003,P1_EQUAL,H0,300,3,7,1371.34058133387
8YP_H0_N300_P1_EQUAL_seed003,P1_EQUAL,H0,300,3,8,456.26718957033927
8YP_H0_N300_P1_EQUAL_seed003,P1_EQUAL,H0,300,3,9,851.6300100464796
8YP_H0_N300_P1_EQUAL_seed003,P1_EQUAL,H0,300,3,10,1017.4597157320022
8YP_H0_N300_P1_EQUAL_seed003,P1_EQUAL,H0,300,3,11,312.21673266773996
8YP_H0_N300_P1_EQUAL_seed003,P1_EQUAL,H0,300,3,12,219.84269824404146
8YP_H0_N300_P1_EQUAL_seed003,P1_EQUAL,H0,300,3,13,1431.3954201057222
8YP_H0_N300_P2_HASHPROP_seed003,P2_HASHPROP,H0,300,3,1,1309.5520551408085
8YP_H0_N300_P2_HASHPROP_seed003,P2_HASHPROP,H0,300,3,2,24.37370785029111
8YP_H0_N300_P2_HASHPROP_seed003,P2_HASHPROP,H0,300,3,3,482.474337118869
8YP_H0_N300_P2_HASHPROP_seed003,P2_HASHPROP,H0,300,3,4,169.627703544327
8YP_H0_N300_P2_HASHPROP_seed003,P2_HASHPROP,H0,300,3,5,45.585160030698944
8YP_H0_N300_P2_HASHPROP_seed003,P2_HASHPROP,H0,300,3,6,421.87151992287727
8YP_H0_N300_P2_HASHPROP_seed003,P2_HASHPROP,H0,300,3,7,1371.34058133387
8YP_H0_N300_P2_HASHPROP_seed003,P2_HASHPROP,H0,300,3,8,456.26718957033927
8YP_H0_N300_P2_HASHPROP_seed003,P2_HASHPROP,H0,300,3,9,851.6300100464796
8YP_H0_N300_P2_HASHPROP_seed003,P2_HASHPROP,H0,300,3,10,1017.4597157320022
8YP_H0_N300_P2_HASHPROP_seed003,P2_HASHPROP,H0,300,3,11,312.21673266773996
8YP_H0_N300_P2_HASHPROP_seed003,P2_HASHPROP,H0,300,3,12,219.84269824404146
8YP_H0_N300_P2_HASHPROP_seed003,P2_HASHPROP,H0,300,3,13,1431.3954201057222
8YP_H0_N300_P3_ENERGY_seed003,P3_ENERGY,H0,300,3,1,1604.498960914322
8YP_H0_N300_P3_ENERGY_seed003,P3_ENERGY,H0,300,3,2,24.37370785029111
8YP_H0_N300_P3_ENERGY_seed003,P3_ENERGY,H0,300,3,3,482.4743371188688
8YP_H0_N300_P3_ENERGY_seed003,P3_ENERGY,H0,300,3,4,647.5982597160892
8YP_H0_N300_P3_ENERGY_seed003,P3_ENERGY,H0,300,3,5,422.0534563635392
8YP_H0_N300_P3_ENERGY_seed003,P3_ENERGY,H0,300,3,6,1370.7761817324217
8YP_H0_N300_P3_ENERGY_seed003,P3_ENERGY,H0,300,3,7,1789.030746800814
8YP_H0_N300_P3_ENERGY_seed003,P3_ENERGY,H0,300,3,8,1517.3999095628815
8YP_H0_N300_P3_ENERGY_seed003,P3_ENERGY,H0,300,3,9,503.8156992339
8YP_H0_N300_P3_ENERGY_seed003,P3_ENERGY,H0,300,3,10,1550.9004777034716
8YP_H0_N300_P4_RESERVE_seed003,P4_RESERVE,H0,300,3,1,2219.5520551408085
8YP_H0_N300_P4_RESERVE_seed003,P4_RESERVE,H0,300,3,2,24.37370785029134
8YP_H0_N300_P4_RESERVE_seed003,P4_RESERVE,H0,300,3,3,482.47433711886924
8YP_H0_N300_P4_RESERVE_seed003,P4_RESERVE,H0,300,3,4,984.4881641774059
8YP_H0_N300_P4_RESERVE_seed003,P4_RESERVE,H0,300,3,5,45.58516003069917
8YP_H0_N300_P4_RESERVE_seed003,P4_RESERVE,H0,300,3,6,421.8715199228777
8YP_H0_N300_P4_RESERVE_seed003,P4_RESERVE,H0,300,3,7,1679.6966209262164
8YP_H0_N300_P4_RESERVE_seed003,P4_RESERVE,H0,300,3,8,166.43196941835595
8YP_H0_N300_P4_RESERVE_seed003,P4_RESERVE,H0,300,3,9,2697.599557351754
8YP_H0_N300_P4_RESERVE_seed003,P4_RESERVE,H0,300,3,10,766.0930851307203
8YP_H0_N300_POW_seed004,POW,H0,300,4,1,157.72206174920956
8YP_H0_N300_POW_seed004,POW,H0,300,4,2,127.98385923529611
8YP_H0_N300_POW_seed004,POW,H0,300,4,3,577.87025646078
8YP_H0_N300_POW_seed004,POW,H0,300,4,4,65.88567897950497
8YP_H0_N300_POW_seed004,POW,H0,300,4,5,481.0101715149847
8YP_H0_N300_POW_seed004,POW,H0,300,4,6,304.33253349096753
8YP_H0_N300_POW_seed004,POW,H0,300,4,7,29.314151929919717
8YP_H0_N300_POW_seed004,POW,H0,300,4,8,76.4597924014081
8YP_H0_N300_POW_seed004,POW,H0,300,4,9,2433.1331996688814
8YP_H0_N300_POW_seed004,POW,H0,300,4,10,182.7281165903969
8YP_H0_N300_POW_seed004,POW,H0,300,4,11,5.457869018347083
8YP_H0_N300_POW_seed004,POW,H0,300,4,12,273.82817854546465
8YP_H0_N300_POW_seed004,POW,H0,300,4,13,304.55228346374315
8YP_H0_N300_POW_seed004,POW,H0,300,4,14,136.76064810245316
8YP_H0_N300_POW_seed004,POW,H0,300,4,15,1135.9934452636107
8YP_H0_N300_POW_seed004,POW,H0,300,4,16,429.83643743854464
8YP_H0_N300_POW_seed004,POW,H0,300,4,17,231.44056920544426
8YP_H0_N300_POW_seed004,POW,H0,300,4,18,516.2730168580365
8YP_H0_N300_POW_seed004,POW,H0,300,4,19,309.36191325053915
8YP_H0_N300_POW_seed004,POW,H0,300,4,20,381.5730695191469
8YP_H0_N300_POW_seed004,POW,H0,300,4,21,856.8822812884209
8YP_H0_N300_POW_seed004,POW,H0,300,4,22,211.37212865257607
8YP_H0_N300_POW_seed004,POW,H0,300,4,23,24.330697404677267
8YP_H0_N300_POW_seed004,POW,H0,300,4,24,293.0315262557324
8YP_H0_N300_POW_CT_seed004,POW_CT,H0,300,4,1,1448.8755469649795
8YP_H0_N300_POW_CT_seed004,POW_CT,H0,300,4,2,10.327396214615646
8YP_H0_N300_POW_CT_seed004,POW_CT,H0,300,4,3,1131.0052718339878
8YP_H0_N300_POW_CT_seed004,POW_CT,H0,300,4,4,723.8148866059705
8YP_H0_N300_POW_CT_seed004,POW_CT,H0,300,4,5,1211.6065038860766
8YP_H0_N300_POW_CT_seed004,POW_CT,H0,300,4,6,1839.721742019011
8YP_H0_N300_P0_ALL_seed004,P0_ALL,H0,300,4,1,157.72206174920956
8YP_H0_N300_P0_ALL_seed004,P0_ALL,H0,300,4,2,127.98385923529611
8YP_H0_N300_P0_ALL_seed004,P0_ALL,H0,300,4,3,577.87025646078
8YP_H0_N300_P0_ALL_seed004,P0_ALL,H0,300,4,4,65.88567897950497
8YP_H0_N300_P0_ALL_seed004,P0_ALL,H0,300,4,5,481.0101715149847
8YP_H0_N300_P0_ALL_seed004,P0_ALL,H0,300,4,6,304.33253349096753
8YP_H0_N300_P0_ALL_seed004,P0_ALL,H0,300,4,7,29.314151929919717
8YP_H0_N300_P0_ALL_seed004,P0_ALL,H0,300,4,8,76.4597924014081
8YP_H0_N300_P0_ALL_seed004,P0_ALL,H0,300,4,9,2442.33337376526
8YP_H0_N300_P0_ALL_seed004,P0_ALL,H0,300,4,10,182.7281165903969
8YP_H0_N300_P0_ALL_seed004,P0_ALL,H0,300,4,11,5.457869018347083
8YP_H0_N300_P0_ALL_seed004,P0_ALL,H0,300,4,12,273.82817854546465
8YP_H0_N300_P0_ALL_seed004,P0_ALL,H0,300,4,13,304.55228346374315
8YP_H0_N300_P0_ALL_seed004,P0_ALL,H0,300,4,14,136.76064810245316
8YP_H0_N300_P0_ALL_seed004,P0_ALL,H0,300,4,15,1139.2109017232997
8YP_H0_N300_P0_ALL_seed004,P0_ALL,H0,300,4,16,429.83643743854464
8YP_H0_N300_P0_ALL_seed004,P0_ALL,H0,300,4,17,231.44056920544426
8YP_H0_N300_P0_ALL_seed004,P0_ALL,H0,300,4,18,516.2730168580374
8YP_H0_N300_P0_ALL_seed004,P0_ALL,H0,300,4,19,309.36191325053915
8YP_H0_N300_P0_ALL_seed004,P0_ALL,H0,300,4,20,381.5730695191469
8YP_H0_N300_P0_ALL_seed004,P0_ALL,H0,300,4,21,859.8470865740437
8YP_H0_N300_P0_ALL_seed004,P0_ALL,H0,300,4,22,211.37212865257607
8YP_H0_N300_P0_ALL_seed004,P0_ALL,H0,300,4,23,24.330697404677267
8YP_H0_N300_P0_ALL_seed004,P0_ALL,H0,300,4,24,293.0315262557324
8YP_H0_N300_P1_EQUAL_seed004,P1_EQUAL,H0,300,4,1,157.72206174920956
8YP_H0_N300_P1_EQUAL_seed004,P1_EQUAL,H0,300,4,2,127.98385923529611
8YP_H0_N300_P1_EQUAL_seed004,P1_EQUAL,H0,300,4,3,577.87025646078
8YP_H0_N300_P1_EQUAL_seed004,P1_EQUAL,H0,300,4,4,65.88567897950497
8YP_H0_N300_P1_EQUAL_seed004,P1_EQUAL,H0,300,4,5,481.0101715149847
8YP_H0_N300_P1_EQUAL_seed004,P1_EQUAL,H0,300,4,6,304.33253349096753
8YP_H0_N300_P1_EQUAL_seed004,P1_EQUAL,H0,300,4,7,29.314151929919717
8YP_H0_N300_P1_EQUAL_seed004,P1_EQUAL,H0,300,4,8,76.4597924014081
8YP_H0_N300_P1_EQUAL_seed004,P1_EQUAL,H0,300,4,9,2442.33337376526
8YP_H0_N300_P1_EQUAL_seed004,P1_EQUAL,H0,300,4,10,182.7281165903969
8YP_H0_N300_P1_EQUAL_seed004,P1_EQUAL,H0,300,4,11,5.457869018347083
8YP_H0_N300_P1_EQUAL_seed004,P1_EQUAL,H0,300,4,12,273.82817854546465
8YP_H0_N300_P1_EQUAL_seed004,P1_EQUAL,H0,300,4,13,304.55228346374315
8YP_H0_N300_P1_EQUAL_seed004,P1_EQUAL,H0,300,4,14,136.76064810245316
8YP_H0_N300_P1_EQUAL_seed004,P1_EQUAL,H0,300,4,15,1139.2109017232997
8YP_H0_N300_P1_EQUAL_seed004,P1_EQUAL,H0,300,4,16,429.83643743854464
8YP_H0_N300_P1_EQUAL_seed004,P1_EQUAL,H0,300,4,17,231.44056920544426
8YP_H0_N300_P1_EQUAL_seed004,P1_EQUAL,H0,300,4,18,516.2730168580374
8YP_H0_N300_P1_EQUAL_seed004,P1_EQUAL,H0,300,4,19,309.36191325053915
8YP_H0_N300_P1_EQUAL_seed004,P1_EQUAL,H0,300,4,20,381.5730695191469
8YP_H0_N300_P1_EQUAL_seed004,P1_EQUAL,H0,300,4,21,859.8470865740437
8YP_H0_N300_P1_EQUAL_seed004,P1_EQUAL,H0,300,4,22,211.37212865257607
8YP_H0_N300_P1_EQUAL_seed004,P1_EQUAL,H0,300,4,23,24.330697404677267
8YP_H0_N300_P1_EQUAL_seed004,P1_EQUAL,H0,300,4,24,293.0315262557324
8YP_H0_N300_P2_HASHPROP_seed004,P2_HASHPROP,H0,300,4,1,157.72206174920956
8YP_H0_N300_P2_HASHPROP_seed004,P2_HASHPROP,H0,300,4,2,127.98385923529611
8YP_H0_N300_P2_HASHPROP_seed004,P2_HASHPROP,H0,300,4,3,577.87025646078
8YP_H0_N300_P2_HASHPROP_seed004,P2_HASHPROP,H0,300,4,4,65.88567897950497
8YP_H0_N300_P2_HASHPROP_seed004,P2_HASHPROP,H0,300,4,5,481.0101715149847
8YP_H0_N300_P2_HASHPROP_seed004,P2_HASHPROP,H0,300,4,6,304.33253349096753
8YP_H0_N300_P2_HASHPROP_seed004,P2_HASHPROP,H0,300,4,7,29.314151929919717
8YP_H0_N300_P2_HASHPROP_seed004,P2_HASHPROP,H0,300,4,8,76.4597924014081
8YP_H0_N300_P2_HASHPROP_seed004,P2_HASHPROP,H0,300,4,9,2442.33337376526
8YP_H0_N300_P2_HASHPROP_seed004,P2_HASHPROP,H0,300,4,10,182.7281165903969
8YP_H0_N300_P2_HASHPROP_seed004,P2_HASHPROP,H0,300,4,11,5.457869018347083
8YP_H0_N300_P2_HASHPROP_seed004,P2_HASHPROP,H0,300,4,12,273.82817854546465
8YP_H0_N300_P2_HASHPROP_seed004,P2_HASHPROP,H0,300,4,13,304.55228346374315
8YP_H0_N300_P2_HASHPROP_seed004,P2_HASHPROP,H0,300,4,14,136.76064810245316
8YP_H0_N300_P2_HASHPROP_seed004,P2_HASHPROP,H0,300,4,15,1139.2109017232997
8YP_H0_N300_P2_HASHPROP_seed004,P2_HASHPROP,H0,300,4,16,429.83643743854464
8YP_H0_N300_P2_HASHPROP_seed004,P2_HASHPROP,H0,300,4,17,231.44056920544426
8YP_H0_N300_P2_HASHPROP_seed004,P2_HASHPROP,H0,300,4,18,516.2730168580374
8YP_H0_N300_P2_HASHPROP_seed004,P2_HASHPROP,H0,300,4,19,309.36191325053915
8YP_H0_N300_P2_HASHPROP_seed004,P2_HASHPROP,H0,300,4,20,381.5730695191469
8YP_H0_N300_P2_HASHPROP_seed004,P2_HASHPROP,H0,300,4,21,859.8470865740437
8YP_H0_N300_P2_HASHPROP_seed004,P2_HASHPROP,H0,300,4,22,211.37212865257607
8YP_H0_N300_P2_HASHPROP_seed004,P2_HASHPROP,H0,300,4,23,24.330697404677267
8YP_H0_N300_P2_HASHPROP_seed004,P2_HASHPROP,H0,300,4,24,293.0315262557324
8YP_H0_N300_P3_ENERGY_seed004,P3_ENERGY,H0,300,4,1,157.72206174920956
8YP_H0_N300_P3_ENERGY_seed004,P3_ENERGY,H0,300,4,2,127.98385923529611
8YP_H0_N300_P3_ENERGY_seed004,P3_ENERGY,H0,300,4,3,722.9666773569506
8YP_H0_N300_P3_ENERGY_seed004,P3_ENERGY,H0,300,4,4,906.4487430487164
8YP_H0_N300_P3_ENERGY_seed004,P3_ENERGY,H0,300,4,5,29.507165989520672
8YP_H0_N300_P3_ENERGY_seed004,P3_ENERGY,H0,300,4,6,76.95934955288226
8YP_H0_N300_P3_ENERGY_seed004,P3_ENERGY,H0,300,4,7,3694.2343451202523
8YP_H0_N300_P3_ENERGY_seed004,P3_ENERGY,H0,300,4,8,586.874574442355
8YP_H0_N300_P3_ENERGY_seed004,P3_ENERGY,H0,300,4,9,305.3443332114566
8YP_H0_N300_P3_ENERGY_seed004,P3_ENERGY,H0,300,4,10,1740.0563944946125
8YP_H0_N300_P3_ENERGY_seed004,P3_ENERGY,H0,300,4,11,429.7791934324523
8YP_H0_N300_P3_ENERGY_seed004,P3_ENERGY,H0,300,4,12,230.58815615534877
8YP_H0_N300_P3_ENERGY_seed004,P3_ENERGY,H0,300,4,13,911.2962031638017
8YP_H0_N300_P4_RESERVE_seed004,P4_RESERVE,H0,300,4,1,157.72206174920956
8YP_H0_N300_P4_RESERVE_seed004,P4_RESERVE,H0,300,4,2,127.98385923529611
8YP_H0_N300_P4_RESERVE_seed004,P4_RESERVE,H0,300,4,3,1630.8266297113737
8YP_H0_N300_P4_RESERVE_seed004,P4_RESERVE,H0,300,4,4,887.5612932306658
8YP_H0_N300_P4_RESERVE_seed004,P4_RESERVE,H0,300,4,5,306.2017461397122
8YP_H0_N300_P4_RESERVE_seed004,P4_RESERVE,H0,300,4,6,29.98055146134311
8YP_H0_N300_P4_RESERVE_seed004,P4_RESERVE,H0,300,4,7,76.58197640931894
8YP_H0_N300_P4_RESERVE_seed004,P4_RESERVE,H0,300,4,8,675.8570327657862
8YP_H0_N300_P4_RESERVE_seed004,P4_RESERVE,H0,300,4,9,1090.816954413157
8YP_H0_N300_P4_RESERVE_seed004,P4_RESERVE,H0,300,4,10,1694.937998424717
8YP_H0_N300_P4_RESERVE_seed004,P4_RESERVE,H0,300,4,11,2188.2915116336244
8YP_H0_N300_P4_RESERVE_seed004,P4_RESERVE,H0,300,4,12,585.509158974357
8YP_H0_N300_P4_RESERVE_seed004,P4_RESERVE,H0,300,4,13,304.55228346374133
8YP_H0_N300_POW_seed005,POW,H0,300,5,1,244.36091862271655
8YP_H0_N300_POW_seed005,POW,H0,300,5,2,1005.550442948607
8YP_H0_N300_POW_seed005,POW,H0,300,5,3,15.108165708976912
8YP_H0_N300_POW_seed005,POW,H0,300,5,4,1.6679954371147687
8YP_H0_N300_POW_seed005,POW,H0,300,5,5,629.6864673705427
8YP_H0_N300_POW_seed005,POW,H0,300,5,6,680.9619882752756
8YP_H0_N300_POW_seed005,POW,H0,300,5,7,308.8988839578583
8YP_H0_N300_POW_seed005,POW,H0,300,5,8,356.68017937416425
8YP_H0_N300_POW_seed005,POW,H0,300,5,9,241.32124728146027
8YP_H0_N300_POW_seed005,POW,H0,300,5,10,202.71531388463063
8YP_H0_N300_POW_seed005,POW,H0,300,5,11,1103.097694202289
8YP_H0_N300_POW_seed005,POW,H0,300,5,12,227.2438852897758
8YP_H0_N300_POW_seed005,POW,H0,300,5,13,30.118618205113307
8YP_H0_N300_POW_seed005,POW,H0,300,5,14,1104.620780598323
8YP_H0_N300_POW_seed005,POW,H0,300,5,15,1081.649627459923
8YP_H0_N300_POW_seed005,POW,H0,300,5,16,305.1993631925716
8YP_H0_N300_POW_seed005,POW,H0,300,5,17,384.6096288395529
8YP_H0_N300_POW_seed005,POW,H0,300,5,18,877.3574306269329
8YP_H0_N300_POW_seed005,POW,H0,300,5,19,659.2946698907253
8YP_H0_N300_POW_seed005,POW,H0,300,5,20,285.0655841576736
8YP_H0_N300_POW_CT_seed005,POW_CT,H0,300,5,1,360.18399496806876
8YP_H0_N300_POW_CT_seed005,POW_CT,H0,300,5,2,614.9180579168395
8YP_H0_N300_POW_CT_seed005,POW_CT,H0,300,5,3,152.45621189414624
8YP_H0_N300_POW_CT_seed005,POW_CT,H0,300,5,4,212.84937884818328
8YP_H0_N300_POW_CT_seed005,POW_CT,H0,300,5,5,128.43633958333498
8YP_H0_N300_POW_CT_seed005,POW_CT,H0,300,5,6,220.13209384537845
8YP_H0_N300_POW_CT_seed005,POW_CT,H0,300,5,7,1097.1894028475924
8YP_H0_N300_POW_CT_seed005,POW_CT,H0,300,5,8,122.51754679395071
8YP_H0_N300_POW_CT_seed005,POW_CT,H0,300,5,9,22.606565672346733
8YP_H0_N300_POW_CT_seed005,POW_CT,H0,300,5,10,2044.527779012264
8YP_H0_N300_POW_CT_seed005,POW_CT,H0,300,5,11,2467.186322881127
8YP_H0_N300_POW_CT_seed005,POW_CT,H0,300,5,12,490.4305455760159
8YP_H0_N300_POW_CT_seed005,POW_CT,H0,300,5,13,1348.8117383751896
8YP_H0_N300_POW_CT_seed005,POW_CT,H0,300,5,14,27.173472505231985
8YP_H0_N300_POW_CT_seed005,POW_CT,H0,300,5,15,188.81092083615476
8YP_H0_N300_P0_ALL_seed005,P0_ALL,H0,300,5,1,244.36091862271655
8YP_H0_N300_P0_ALL_seed005,P0_ALL,H0,300,5,2,1008.9995511628244
8YP_H0_N300_P0_ALL_seed005,P0_ALL,H0,300,5,3,15.108165708976912
8YP_H0_N300_P0_ALL_seed005,P0_ALL,H0,300,5,4,1.6679954371147687
8YP_H0_N300_P0_ALL_seed005,P0_ALL,H0,300,5,5,633.4872499412261
8YP_H0_N300_P0_ALL_seed005,P0_ALL,H0,300,5,6,683.2494636441995
8YP_H0_N300_P0_ALL_seed005,P0_ALL,H0,300,5,7,308.8988839578583
8YP_H0_N300_P0_ALL_seed005,P0_ALL,H0,300,5,8,356.68017937416425
8YP_H0_N300_P0_ALL_seed005,P0_ALL,H0,300,5,9,241.32124728146027
8YP_H0_N300_P0_ALL_seed005,P0_ALL,H0,300,5,10,202.71531388463063
8YP_H0_N300_P0_ALL_seed005,P0_ALL,H0,300,5,11,1106.2467404629647
8YP_H0_N300_P0_ALL_seed005,P0_ALL,H0,300,5,12,227.2438852897758
8YP_H0_N300_P0_ALL_seed005,P0_ALL,H0,300,5,13,30.118618205113307
8YP_H0_N300_P0_ALL_seed005,P0_ALL,H0,300,5,14,1107.6788809886139
8YP_H0_N300_P0_ALL_seed005,P0_ALL,H0,300,5,15,1084.7105453059212
8YP_H0_N300_P0_ALL_seed005,P0_ALL,H0,300,5,16,305.1993631925716
8YP_H0_N300_P0_ALL_seed005,P0_ALL,H0,300,5,17,384.6096288395529
8YP_H0_N300_P0_ALL_seed005,P0_ALL,H0,300,5,18,880.1970184979309
8YP_H0_N300_P0_ALL_seed005,P0_ALL,H0,300,5,19,662.8766804498682
8YP_H0_N300_P0_ALL_seed005,P0_ALL,H0,300,5,20,285.0655841576736
8YP_H0_N300_P1_EQUAL_seed005,P1_EQUAL,H0,300,5,1,244.36091862271655
8YP_H0_N300_P1_EQUAL_seed005,P1_EQUAL,H0,300,5,2,1008.9995511628244
8YP_H0_N300_P1_EQUAL_seed005,P1_EQUAL,H0,300,5,3,15.108165708976912
8YP_H0_N300_P1_EQUAL_seed005,P1_EQUAL,H0,300,5,4,1.6679954371147687
8YP_H0_N300_P1_EQUAL_seed005,P1_EQUAL,H0,300,5,5,633.4872499412261
8YP_H0_N300_P1_EQUAL_seed005,P1_EQUAL,H0,300,5,6,683.2494636441995
8YP_H0_N300_P1_EQUAL_seed005,P1_EQUAL,H0,300,5,7,308.8988839578583
8YP_H0_N300_P1_EQUAL_seed005,P1_EQUAL,H0,300,5,8,356.68017937416425
8YP_H0_N300_P1_EQUAL_seed005,P1_EQUAL,H0,300,5,9,241.32124728146027
8YP_H0_N300_P1_EQUAL_seed005,P1_EQUAL,H0,300,5,10,202.71531388463063
8YP_H0_N300_P1_EQUAL_seed005,P1_EQUAL,H0,300,5,11,1106.2467404629647
8YP_H0_N300_P1_EQUAL_seed005,P1_EQUAL,H0,300,5,12,227.2438852897758
8YP_H0_N300_P1_EQUAL_seed005,P1_EQUAL,H0,300,5,13,30.118618205113307
8YP_H0_N300_P1_EQUAL_seed005,P1_EQUAL,H0,300,5,14,1107.6788809886139
8YP_H0_N300_P1_EQUAL_seed005,P1_EQUAL,H0,300,5,15,1084.7105453059212
8YP_H0_N300_P1_EQUAL_seed005,P1_EQUAL,H0,300,5,16,305.1993631925716
8YP_H0_N300_P1_EQUAL_seed005,P1_EQUAL,H0,300,5,17,384.6096288395529
8YP_H0_N300_P1_EQUAL_seed005,P1_EQUAL,H0,300,5,18,880.1970184979309
8YP_H0_N300_P1_EQUAL_seed005,P1_EQUAL,H0,300,5,19,662.8766804498682
8YP_H0_N300_P1_EQUAL_seed005,P1_EQUAL,H0,300,5,20,285.0655841576736
8YP_H0_N300_P2_HASHPROP_seed005,P2_HASHPROP,H0,300,5,1,244.36091862271655
8YP_H0_N300_P2_HASHPROP_seed005,P2_HASHPROP,H0,300,5,2,1008.9995511628244
8YP_H0_N300_P2_HASHPROP_seed005,P2_HASHPROP,H0,300,5,3,15.108165708976912
8YP_H0_N300_P2_HASHPROP_seed005,P2_HASHPROP,H0,300,5,4,1.6679954371147687
8YP_H0_N300_P2_HASHPROP_seed005,P2_HASHPROP,H0,300,5,5,633.4872499412261
8YP_H0_N300_P2_HASHPROP_seed005,P2_HASHPROP,H0,300,5,6,683.2494636441995
8YP_H0_N300_P2_HASHPROP_seed005,P2_HASHPROP,H0,300,5,7,308.8988839578583
8YP_H0_N300_P2_HASHPROP_seed005,P2_HASHPROP,H0,300,5,8,356.68017937416425
8YP_H0_N300_P2_HASHPROP_seed005,P2_HASHPROP,H0,300,5,9,241.32124728146027
8YP_H0_N300_P2_HASHPROP_seed005,P2_HASHPROP,H0,300,5,10,202.71531388463063
8YP_H0_N300_P2_HASHPROP_seed005,P2_HASHPROP,H0,300,5,11,1106.2467404629647
8YP_H0_N300_P2_HASHPROP_seed005,P2_HASHPROP,H0,300,5,12,227.2438852897758
8YP_H0_N300_P2_HASHPROP_seed005,P2_HASHPROP,H0,300,5,13,30.118618205113307
8YP_H0_N300_P2_HASHPROP_seed005,P2_HASHPROP,H0,300,5,14,1107.6788809886139
8YP_H0_N300_P2_HASHPROP_seed005,P2_HASHPROP,H0,300,5,15,1084.7105453059212
8YP_H0_N300_P2_HASHPROP_seed005,P2_HASHPROP,H0,300,5,16,305.1993631925716
8YP_H0_N300_P2_HASHPROP_seed005,P2_HASHPROP,H0,300,5,17,384.6096288395529
8YP_H0_N300_P2_HASHPROP_seed005,P2_HASHPROP,H0,300,5,18,880.1970184979309
8YP_H0_N300_P2_HASHPROP_seed005,P2_HASHPROP,H0,300,5,19,662.8766804498682
8YP_H0_N300_P2_HASHPROP_seed005,P2_HASHPROP,H0,300,5,20,285.0655841576736
8YP_H0_N300_P3_ENERGY_seed005,P3_ENERGY,H0,300,5,1,1819.1061803236396
8YP_H0_N300_P3_ENERGY_seed005,P3_ENERGY,H0,300,5,2,1.4305075919889987
8YP_H0_N300_P3_ENERGY_seed005,P3_ENERGY,H0,300,5,3,802.0030696280623
8YP_H0_N300_P3_ENERGY_seed005,P3_ENERGY,H0,300,5,4,29.46292509635532
8YP_H0_N300_P3_ENERGY_seed005,P3_ENERGY,H0,300,5,5,80.77022789040439
8YP_H0_N300_P3_ENERGY_seed005,P3_ENERGY,H0,300,5,6,309.6062329453089
8YP_H0_N300_P3_ENERGY_seed005,P3_ENERGY,H0,300,5,7,356.5931454185675
8YP_H0_N300_P3_ENERGY_seed005,P3_ENERGY,H0,300,5,8,240.72515411265567
8YP_H0_N300_P3_ENERGY_seed005,P3_ENERGY,H0,300,5,9,202.59748096912426
8YP_H0_N300_P3_ENERGY_seed005,P3_ENERGY,H0,300,5,10,1104.7892617849761
8YP_H0_N300_P3_ENERGY_seed005,P3_ENERGY,H0,300,5,11,227.45959441692867
8YP_H0_N300_P3_ENERGY_seed005,P3_ENERGY,H0,300,5,12,518.1174954419484
8YP_H0_N300_P3_ENERGY_seed005,P3_ENERGY,H0,300,5,13,1107.5284121559525
8YP_H0_N300_P3_ENERGY_seed005,P3_ENERGY,H0,300,5,14,1083.1950880050426
8YP_H0_N300_P3_ENERGY_seed005,P3_ENERGY,H0,300,5,15,1590.9765787349997
8YP_H0_N300_P3_ENERGY_seed005,P3_ENERGY,H0,300,5,16,277.59559598727355
8YP_H0_N300_P4_RESERVE_seed005,P4_RESERVE,H0,300,5,1,554.3609186227166
8YP_H0_N300_P4_RESERVE_seed005,P4_RESERVE,H0,300,5,2,2126.923458875164
8YP_H0_N300_P4_RESERVE_seed005,P4_RESERVE,H0,300,5,3,1.5114344984763193
8YP_H0_N300_P4_RESERVE_seed005,P4_RESERVE,H0,300,5,4,837.9070265030755
8YP_H0_N300_P4_RESERVE_seed005,P4_RESERVE,H0,300,5,5,29.686467370542687
8YP_H0_N300_P4_RESERVE_seed005,P4_RESERVE,H0,300,5,6,198.78446777126692
8YP_H0_N300_P4_RESERVE_seed005,P4_RESERVE,H0,300,5,7,80.46564438025234
8YP_H0_N300_P4_RESERVE_seed005,P4_RESERVE,H0,300,5,8,310.5399744479232
8YP_H0_N300_P4_RESERVE_seed005,P4_RESERVE,H0,300,5,9,356.689618986843
8YP_H0_N300_P4_RESERVE_seed005,P4_RESERVE,H0,300,5,10,241.06043402981777
8YP_H0_N300_P4_RESERVE_seed005,P4_RESERVE,H0,300,5,11,202.71104380417637
8YP_H0_N300_P4_RESERVE_seed005,P4_RESERVE,H0,300,5,12,2013.2692470008606
8YP_H0_N300_P4_RESERVE_seed005,P4_RESERVE,H0,300,5,13,227.74839099801466
8YP_H0_N300_P4_RESERVE_seed005,P4_RESERVE,H0,300,5,14,2584.4006081976886
8YP_H0_N300_POW_seed006,POW,H0,300,6,1,236.28834668297722
8YP_H0_N300_POW_seed006,POW,H0,300,6,2,17.384063559135058
8YP_H0_N300_POW_seed006,POW,H0,300,6,3,1068.281929952098
8YP_H0_N300_POW_seed006,POW,H0,300,6,4,1996.2799444301877
8YP_H0_N300_POW_seed006,POW,H0,300,6,5,1119.9068202964622
8YP_H0_N300_POW_seed006,POW,H0,300,6,6,33.15410681877347
8YP_H0_N300_POW_seed006,POW,H0,300,6,7,605.6946010905331
8YP_H0_N300_POW_seed006,POW,H0,300,6,8,175.93563258774157
8YP_H0_N300_POW_seed006,POW,H0,300,6,9,276.95727439496204
8YP_H0_N300_POW_seed006,POW,H0,300,6,10,132.1276962052798
8YP_H0_N300_POW_seed006,POW,H0,300,6,11,439.3290988933213
8YP_H0_N300_POW_seed006,POW,H0,300,6,12,627.6968391655791
8YP_H0_N300_POW_seed006,POW,H0,300,6,13,51.506473155684944
8YP_H0_N300_POW_seed006,POW,H0,300,6,14,366.2235670277223
8YP_H0_N300_POW_seed006,POW,H0,300,6,15,21.400859603308163
8YP_H0_N300_POW_seed006,POW,H0,300,6,16,1558.3759196089895
8YP_H0_N300_POW_seed006,POW,H0,300,6,17,247.8414978444962
8YP_H0_N300_POW_seed006,POW,H0,300,6,18,727.4745563556007
8YP_H0_N300_POW_CT_seed006,POW_CT,H0,300,6,1,738.7356005976469
8YP_H0_N300_POW_CT_seed006,POW_CT,H0,300,6,2,3664.669299111266
8YP_H0_N300_POW_CT_seed006,POW_CT,H0,300,6,3,849.1867480011888
8YP_H0_N300_POW_CT_seed006,POW_CT,H0,300,6,4,15.700385458639175
8YP_H0_N300_POW_CT_seed006,POW_CT,H0,300,6,5,1.8417432057440237
8YP_H0_N300_POW_CT_seed006,POW_CT,H0,300,6,6,467.17467218424827
8YP_H0_N300_POW_CT_seed006,POW_CT,H0,300,6,7,2466.8371224946914
8YP_H0_N300_POW_CT_seed006,POW_CT,H0,300,6,8,198.96749215204
8YP_H0_N300_POW_CT_seed006,POW_CT,H0,300,6,9,323.9390235300907
8YP_H0_N300_POW_CT_seed006,POW_CT,H0,300,6,10,670.1147099916925
8YP_H0_N300_POW_CT_seed006,POW_CT,H0,300,6,11,20.432236911985456
8YP_H0_N300_P0_ALL_seed006,P0_ALL,H0,300,6,1,236.28834668297722
8YP_H0_N300_P0_ALL_seed006,P0_ALL,H0,300,6,2,17.384063559135058
8YP_H0_N300_P0_ALL_seed006,P0_ALL,H0,300,6,3,1070.035575737043
8YP_H0_N300_P0_ALL_seed006,P0_ALL,H0,300,6,4,2003.0951839700972
8YP_H0_N300_P0_ALL_seed006,P0_ALL,H0,300,6,5,1124.6876555994536
8YP_H0_N300_P0_ALL_seed006,P0_ALL,H0,300,6,6,33.15410681877347
8YP_H0_N300_P0_ALL_seed006,P0_ALL,H0,300,6,7,607.5979071507718
8YP_H0_N300_P0_ALL_seed006,P0_ALL,H0,300,6,8,175.93563258774157
8YP_H0_N300_P0_ALL_seed006,P0_ALL,H0,300,6,9,276.95727439496204
8YP_H0_N300_P0_ALL_seed006,P0_ALL,H0,300,6,10,132.1276962052798
8YP_H0_N300_P0_ALL_seed006,P0_ALL,H0,300,6,11,439.3290988933213
8YP_H0_N300_P0_ALL_seed006,P0_ALL,H0,300,6,12,630.0970148540928
8YP_H0_N300_P0_ALL_seed006,P0_ALL,H0,300,6,13,51.506473155684944
8YP_H0_N300_P0_ALL_seed006,P0_ALL,H0,300,6,14,366.2235670277223
8YP_H0_N300_P0_ALL_seed006,P0_ALL,H0,300,6,15,21.400859603308163
8YP_H0_N300_P0_ALL_seed006,P0_ALL,H0,300,6,16,1565.7400774060643
8YP_H0_N300_P0_ALL_seed006,P0_ALL,H0,300,6,17,247.8414978444962
8YP_H0_N300_P0_ALL_seed006,P0_ALL,H0,300,6,18,728.9350527462284
8YP_H0_N300_P1_EQUAL_seed006,P1_EQUAL,H0,300,6,1,236.28834668297722
8YP_H0_N300_P1_EQUAL_seed006,P1_EQUAL,H0,300,6,2,17.384063559135058
8YP_H0_N300_P1_EQUAL_seed006,P1_EQUAL,H0,300,6,3,1070.035575737043
8YP_H0_N300_P1_EQUAL_seed006,P1_EQUAL,H0,300,6,4,2003.0951839700972
8YP_H0_N300_P1_EQUAL_seed006,P1_EQUAL,H0,300,6,5,1124.6876555994536
8YP_H0_N300_P1_EQUAL_seed006,P1_EQUAL,H0,300,6,6,33.15410681877347
8YP_H0_N300_P1_EQUAL_seed006,P1_EQUAL,H0,300,6,7,607.5979071507718
8YP_H0_N300_P1_EQUAL_seed006,P1_EQUAL,H0,300,6,8,175.93563258774157
8YP_H0_N300_P1_EQUAL_seed006,P1_EQUAL,H0,300,6,9,276.95727439496204
8YP_H0_N300_P1_EQUAL_seed006,P1_EQUAL,H0,300,6,10,132.1276962052798
8YP_H0_N300_P1_EQUAL_seed006,P1_EQUAL,H0,300,6,11,439.3290988933213
8YP_H0_N300_P1_EQUAL_seed006,P1_EQUAL,H0,300,6,12,630.0970148540928
8YP_H0_N300_P1_EQUAL_seed006,P1_EQUAL,H0,300,6,13,51.506473155684944
8YP_H0_N300_P1_EQUAL_seed006,P1_EQUAL,H0,300,6,14,366.2235670277223
8YP_H0_N300_P1_EQUAL_seed006,P1_EQUAL,H0,300,6,15,21.400859603308163
8YP_H0_N300_P1_EQUAL_seed006,P1_EQUAL,H0,300,6,16,1565.7400774060643
8YP_H0_N300_P1_EQUAL_seed006,P1_EQUAL,H0,300,6,17,247.8414978444962
8YP_H0_N300_P1_EQUAL_seed006,P1_EQUAL,H0,300,6,18,728.9350527462284
8YP_H0_N300_P2_HASHPROP_seed006,P2_HASHPROP,H0,300,6,1,236.28834668297722
8YP_H0_N300_P2_HASHPROP_seed006,P2_HASHPROP,H0,300,6,2,17.384063559135058
8YP_H0_N300_P2_HASHPROP_seed006,P2_HASHPROP,H0,300,6,3,1070.035575737043
8YP_H0_N300_P2_HASHPROP_seed006,P2_HASHPROP,H0,300,6,4,2003.0951839700972
8YP_H0_N300_P2_HASHPROP_seed006,P2_HASHPROP,H0,300,6,5,1124.6876555994536
8YP_H0_N300_P2_HASHPROP_seed006,P2_HASHPROP,H0,300,6,6,33.15410681877347
8YP_H0_N300_P2_HASHPROP_seed006,P2_HASHPROP,H0,300,6,7,607.5979071507718
8YP_H0_N300_P2_HASHPROP_seed006,P2_HASHPROP,H0,300,6,8,175.93563258774157
8YP_H0_N300_P2_HASHPROP_seed006,P2_HASHPROP,H0,300,6,9,276.95727439496204
8YP_H0_N300_P2_HASHPROP_seed006,P2_HASHPROP,H0,300,6,10,132.1276962052798
8YP_H0_N300_P2_HASHPROP_seed006,P2_HASHPROP,H0,300,6,11,439.3290988933213
8YP_H0_N300_P2_HASHPROP_seed006,P2_HASHPROP,H0,300,6,12,630.0970148540928
8YP_H0_N300_P2_HASHPROP_seed006,P2_HASHPROP,H0,300,6,13,51.506473155684944
8YP_H0_N300_P2_HASHPROP_seed006,P2_HASHPROP,H0,300,6,14,366.2235670277223
8YP_H0_N300_P2_HASHPROP_seed006,P2_HASHPROP,H0,300,6,15,21.400859603308163
8YP_H0_N300_P2_HASHPROP_seed006,P2_HASHPROP,H0,300,6,16,1565.7400774060643
8YP_H0_N300_P2_HASHPROP_seed006,P2_HASHPROP,H0,300,6,17,247.8414978444962
8YP_H0_N300_P2_HASHPROP_seed006,P2_HASHPROP,H0,300,6,18,728.9350527462284
8YP_H0_N300_P3_ENERGY_seed006,P3_ENERGY,H0,300,6,1,617.1374282979997
8YP_H0_N300_P3_ENERGY_seed006,P3_ENERGY,H0,300,6,2,1070.0302284891845
8YP_H0_N300_P3_ENERGY_seed006,P3_ENERGY,H0,300,6,3,2003.0085639028725
8YP_H0_N300_P3_ENERGY_seed006,P3_ENERGY,H0,300,6,4,1122.0816450148968
8YP_H0_N300_P3_ENERGY_seed006,P3_ENERGY,H0,300,6,5,204.5596001324593
8YP_H0_N300_P3_ENERGY_seed006,P3_ENERGY,H0,300,6,6,1378.0643802892082
8YP_H0_N300_P3_ENERGY_seed006,P3_ENERGY,H0,300,6,7,1644.9004887327073
8YP_H0_N300_P3_ENERGY_seed006,P3_ENERGY,H0,300,6,8,674.4759359134368
8YP_H0_N300_P3_ENERGY_seed006,P3_ENERGY,H0,300,6,9,968.1394499574799
8YP_H0_N300_P3_ENERGY_seed006,P3_ENERGY,H0,300,6,10,22.078157949084925
8YP_H0_N300_P4_RESERVE_seed006,P4_RESERVE,H0,300,6,1,546.2883466829772
8YP_H0_N300_P4_RESERVE_seed006,P4_RESERVE,H0,300,6,2,17.384063559135143
8YP_H0_N300_P4_RESERVE_seed006,P4_RESERVE,H0,300,6,3,380.68526417235444
8YP_H0_N300_P4_RESERVE_seed006,P4_RESERVE,H0,300,6,4,468.09823715899006
8YP_H0_N300_P4_RESERVE_seed006,P4_RESERVE,H0,300,6,5,2911.5857942472207
8YP_H0_N300_P4_RESERVE_seed006,P4_RESERVE,H0,300,6,6,2030.0902108087075
8YP_H0_N300_P4_RESERVE_seed006,P4_RESERVE,H0,300,6,7,205.59668615743794
8YP_H0_N300_P4_RESERVE_seed006,P4_RESERVE,H0,300,6,8,1579.230369926494
8YP_H0_N300_P4_RESERVE_seed006,P4_RESERVE,H0,300,6,9,174.38431507692985
8YP_H0_N300_P4_RESERVE_seed006,P4_RESERVE,H0,300,6,10,1515.0261604268399
8YP_H0_N500_POW_seed001,POW,H0,500,1,1,138.5312497166828
8YP_H0_N500_POW_seed001,POW,H0,500,1,2,243.6533060860039
8YP_H0_N500_POW_seed001,POW,H0,500,1,3,1041.0777482381277
8YP_H0_N500_POW_seed001,POW,H0,500,1,4,43.198875407638525
8YP_H0_N500_POW_seed001,POW,H0,500,1,5,71.24701028689401
8YP_H0_N500_POW_seed001,POW,H0,500,1,6,10.40194576762974
8YP_H0_N500_POW_seed001,POW,H0,500,1,7,318.99468549700646
8YP_H0_N500_POW_seed001,POW,H0,500,1,8,1078.5555600669559
8YP_H0_N500_POW_seed001,POW,H0,500,1,9,1435.6976523989274
8YP_H0_N500_POW_seed001,POW,H0,500,1,10,885.9138781692382
8YP_H0_N500_POW_seed001,POW,H0,500,1,11,660.1006984338619
8YP_H0_N500_POW_seed001,POW,H0,500,1,12,505.68402819064886
8YP_H0_N500_POW_seed001,POW,H0,500,1,13,1003.4737886057983
8YP_H0_N500_POW_seed001,POW,H0,500,1,14,717.3283465627455
8YP_H0_N500_POW_seed001,POW,H0,500,1,15,80.57036050934221
8YP_H0_N500_POW_seed001,POW,H0,500,1,16,214.29344557925106
8YP_H0_N500_POW_seed001,POW,H0,500,1,17,255.38388284277426
8YP_H0_N500_POW_seed001,POW,H0,500,1,18,468.23060848264686
8YP_H0_N500_POW_CT_seed001,POW_CT,H0,500,1,1,323.326588578696
8YP_H0_N500_POW_CT_seed001,POW_CT,H0,500,1,2,1045.4021163777297
8YP_H0_N500_POW_CT_seed001,POW_CT,H0,500,1,3,593.4776761191545
8YP_H0_N500_POW_CT_seed001,POW_CT,H0,500,1,4,80.70055829981175
8YP_H0_N500_POW_CT_seed001,POW_CT,H0,500,1,5,524.8875484172506
8YP_H0_N500_POW_CT_seed001,POW_CT,H0,500,1,6,2495.0444486328247
8YP_H0_N500_POW_CT_seed001,POW_CT,H0,500,1,7,3668.866541569658
8YP_H0_N500_P0_ALL_seed001,P0_ALL,H0,500,1,1,138.5312497166828
8YP_H0_N500_P0_ALL_seed001,P0_ALL,H0,500,1,2,243.6533060860039
8YP_H0_N500_P0_ALL_seed001,P0_ALL,H0,500,1,3,1044.2266935502546
8YP_H0_N500_P0_ALL_seed001,P0_ALL,H0,500,1,4,43.198875407638525
8YP_H0_N500_P0_ALL_seed001,P0_ALL,H0,500,1,5,71.24701028689401
8YP_H0_N500_P0_ALL_seed001,P0_ALL,H0,500,1,6,10.40194576762974
8YP_H0_N500_P0_ALL_seed001,P0_ALL,H0,500,1,7,318.99468549700623
8YP_H0_N500_P0_ALL_seed001,P0_ALL,H0,500,1,8,1081.2182733767659
8YP_H0_N500_P0_ALL_seed001,P0_ALL,H0,500,1,9,1442.058190504929
8YP_H0_N500_P0_ALL_seed001,P0_ALL,H0,500,1,10,889.5627910698922
8YP_H0_N500_P0_ALL_seed001,P0_ALL,H0,500,1,11,663.9939965028707
8YP_H0_N500_P0_ALL_seed001,P0_ALL,H0,500,1,12,505.68402819064886
8YP_H0_N500_P0_ALL_seed001,P0_ALL,H0,500,1,13,1006.0441643480062
8YP_H0_N500_P0_ALL_seed001,P0_ALL,H0,500,1,14,720.9272591325816
8YP_H0_N500_P0_ALL_seed001,P0_ALL,H0,500,1,15,80.57036050934221
8YP_H0_N500_P0_ALL_seed001,P0_ALL,H0,500,1,16,214.29344557925106
8YP_H0_N500_P0_ALL_seed001,P0_ALL,H0,500,1,17,255.38388284277426
8YP_H0_N500_P0_ALL_seed001,P0_ALL,H0,500,1,18,468.23060848264686
8YP_H0_N500_P1_EQUAL_seed001,P1_EQUAL,H0,500,1,1,138.5312497166828
8YP_H0_N500_P1_EQUAL_seed001,P1_EQUAL,H0,500,1,2,243.6533060860039
8YP_H0_N500_P1_EQUAL_seed001,P1_EQUAL,H0,500,1,3,1044.2266935502546
8YP_H0_N500_P1_EQUAL_seed001,P1_EQUAL,H0,500,1,4,43.198875407638525
8YP_H0_N500_P1_EQUAL_seed001,P1_EQUAL,H0,500,1,5,71.24701028689401
8YP_H0_N500_P1_EQUAL_seed001,P1_EQUAL,H0,500,1,6,10.40194576762974
8YP_H0_N500_P1_EQUAL_seed001,P1_EQUAL,H0,500,1,7,318.99468549700623
8YP_H0_N500_P1_EQUAL_seed001,P1_EQUAL,H0,500,1,8,1081.2182733767659
8YP_H0_N500_P1_EQUAL_seed001,P1_EQUAL,H0,500,1,9,1442.058190504929
8YP_H0_N500_P1_EQUAL_seed001,P1_EQUAL,H0,500,1,10,889.5627910698922
8YP_H0_N500_P1_EQUAL_seed001,P1_EQUAL,H0,500,1,11,663.9939965028707
8YP_H0_N500_P1_EQUAL_seed001,P1_EQUAL,H0,500,1,12,505.68402819064886
8YP_H0_N500_P1_EQUAL_seed001,P1_EQUAL,H0,500,1,13,1006.0441643480062
8YP_H0_N500_P1_EQUAL_seed001,P1_EQUAL,H0,500,1,14,720.9272591325816
8YP_H0_N500_P1_EQUAL_seed001,P1_EQUAL,H0,500,1,15,80.57036050934221
8YP_H0_N500_P1_EQUAL_seed001,P1_EQUAL,H0,500,1,16,214.29344557925106
8YP_H0_N500_P1_EQUAL_seed001,P1_EQUAL,H0,500,1,17,255.38388284277426
8YP_H0_N500_P1_EQUAL_seed001,P1_EQUAL,H0,500,1,18,468.23060848264686
8YP_H0_N500_P2_HASHPROP_seed001,P2_HASHPROP,H0,500,1,1,138.5312497166828
8YP_H0_N500_P2_HASHPROP_seed001,P2_HASHPROP,H0,500,1,2,243.6533060860039
8YP_H0_N500_P2_HASHPROP_seed001,P2_HASHPROP,H0,500,1,3,1044.2266935502546
8YP_H0_N500_P2_HASHPROP_seed001,P2_HASHPROP,H0,500,1,4,43.198875407638525
8YP_H0_N500_P2_HASHPROP_seed001,P2_HASHPROP,H0,500,1,5,71.24701028689401
8YP_H0_N500_P2_HASHPROP_seed001,P2_HASHPROP,H0,500,1,6,10.40194576762974
8YP_H0_N500_P2_HASHPROP_seed001,P2_HASHPROP,H0,500,1,7,318.99468549700623
8YP_H0_N500_P2_HASHPROP_seed001,P2_HASHPROP,H0,500,1,8,1081.2182733767659
8YP_H0_N500_P2_HASHPROP_seed001,P2_HASHPROP,H0,500,1,9,1442.058190504929
8YP_H0_N500_P2_HASHPROP_seed001,P2_HASHPROP,H0,500,1,10,889.5627910698922
8YP_H0_N500_P2_HASHPROP_seed001,P2_HASHPROP,H0,500,1,11,663.9939965028707
8YP_H0_N500_P2_HASHPROP_seed001,P2_HASHPROP,H0,500,1,12,505.68402819064886
8YP_H0_N500_P2_HASHPROP_seed001,P2_HASHPROP,H0,500,1,13,1006.0441643480062
8YP_H0_N500_P2_HASHPROP_seed001,P2_HASHPROP,H0,500,1,14,720.9272591325816
8YP_H0_N500_P2_HASHPROP_seed001,P2_HASHPROP,H0,500,1,15,80.57036050934221
8YP_H0_N500_P2_HASHPROP_seed001,P2_HASHPROP,H0,500,1,16,214.29344557925106
8YP_H0_N500_P2_HASHPROP_seed001,P2_HASHPROP,H0,500,1,17,255.38388284277426
8YP_H0_N500_P2_HASHPROP_seed001,P2_HASHPROP,H0,500,1,18,468.23060848264686
8YP_H0_N500_P3_ENERGY_seed001,P3_ENERGY,H0,500,1,1,138.5312497166828
8YP_H0_N500_P3_ENERGY_seed001,P3_ENERGY,H0,500,1,2,243.6533060860039
8YP_H0_N500_P3_ENERGY_seed001,P3_ENERGY,H0,500,1,3,1044.2266935502546
8YP_H0_N500_P3_ENERGY_seed001,P3_ENERGY,H0,500,1,4,43.198875407638525
8YP_H0_N500_P3_ENERGY_seed001,P3_ENERGY,H0,500,1,5,71.24701028689401
8YP_H0_N500_P3_ENERGY_seed001,P3_ENERGY,H0,500,1,6,10.40194576762974
8YP_H0_N500_P3_ENERGY_seed001,P3_ENERGY,H0,500,1,7,318.99468549700623
8YP_H0_N500_P3_ENERGY_seed001,P3_ENERGY,H0,500,1,8,1081.2182733767659
8YP_H0_N500_P3_ENERGY_seed001,P3_ENERGY,H0,500,1,9,1442.058190504929
8YP_H0_N500_P3_ENERGY_seed001,P3_ENERGY,H0,500,1,10,1867.8766061349643
8YP_H0_N500_P3_ENERGY_seed001,P3_ENERGY,H0,500,1,11,505.8424969829557
8YP_H0_N500_P3_ENERGY_seed001,P3_ENERGY,H0,500,1,12,1006.0589337190922
8YP_H0_N500_P3_ENERGY_seed001,P3_ENERGY,H0,500,1,13,719.2271625855528
8YP_H0_N500_P3_ENERGY_seed001,P3_ENERGY,H0,500,1,14,81.34711623882868
8YP_H0_N500_P3_ENERGY_seed001,P3_ENERGY,H0,500,1,15,857.5297817442151
8YP_H0_N500_P3_ENERGY_seed001,P3_ENERGY,H0,500,1,16,468.66154493832073
8YP_H0_N500_P4_RESERVE_seed001,P4_RESERVE,H0,500,1,1,138.5312497166828
8YP_H0_N500_P4_RESERVE_seed001,P4_RESERVE,H0,500,1,2,243.6533060860039
8YP_H0_N500_P4_RESERVE_seed001,P4_RESERVE,H0,500,1,3,1951.2345261168134
8YP_H0_N500_P4_RESERVE_seed001,P4_RESERVE,H0,500,1,4,43.1988754076383
8YP_H0_N500_P4_RESERVE_seed001,P4_RESERVE,H0,500,1,5,71.24701028689378
8YP_H0_N500_P4_RESERVE_seed001,P4_RESERVE,H0,500,1,6,10.401945767629513
8YP_H0_N500_P4_RESERVE_seed001,P4_RESERVE,H0,500,1,7,318.99468549700623
8YP_H0_N500_P4_RESERVE_seed001,P4_RESERVE,H0,500,1,8,1986.506278292381
8YP_H0_N500_P4_RESERVE_seed001,P4_RESERVE,H0,500,1,9,1621.2865672374637
8YP_H0_N500_P4_RESERVE_seed001,P4_RESERVE,H0,500,1,10,235.5121835364189
8YP_H0_N500_P4_RESERVE_seed001,P4_RESERVE,H0,500,1,11,2776.0105733840273
8YP_H0_N500_P4_RESERVE_seed001,P4_RESERVE,H0,500,1,12,505.68402819064977
8YP_H0_N500_POW_seed002,POW,H0,500,2,1,371.33955980161033
8YP_H0_N500_POW_seed002,POW,H0,500,2,2,584.0278902286778
8YP_H0_N500_POW_seed002,POW,H0,500,2,3,425.5584333384272
8YP_H0_N500_POW_seed002,POW,H0,500,2,4,639.9984858228333
8YP_H0_N500_POW_seed002,POW,H0,500,2,5,424.22291271935205
8YP_H0_N500_POW_seed002,POW,H0,500,2,6,1611.6419115084104
8YP_H0_N500_POW_seed002,POW,H0,500,2,7,114.18314186701082
8YP_H0_N500_POW_seed002,POW,H0,500,2,8,318.70743864348697
8YP_H0_N500_POW_seed002,POW,H0,500,2,9,480.839350898219
8YP_H0_N500_POW_seed002,POW,H0,500,2,10,725.8278844941397
8YP_H0_N500_POW_seed002,POW,H0,500,2,11,97.2594462046809
8YP_H0_N500_POW_seed002,POW,H0,500,2,12,406.0863680216853
8YP_H0_N500_POW_seed002,POW,H0,500,2,13,37.240969770597076
8YP_H0_N500_POW_seed002,POW,H0,500,2,14,281.18223979375034
8YP_H0_N500_POW_seed002,POW,H0,500,2,15,471.7183589046508
8YP_H0_N500_POW_seed002,POW,H0,500,2,16,5.005054469387687
8YP_H0_N500_POW_seed002,POW,H0,500,2,17,1107.5576624463247
8YP_H0_N500_POW_seed002,POW,H0,500,2,18,740.7778683185752
8YP_H0_N500_POW_seed002,POW,H0,500,2,19,1.650272879163822
8YP_H0_N500_POW_seed002,POW,H0,500,2,20,560.8543716762233
8YP_H0_N500_POW_seed002,POW,H0,500,2,21,381.9099049483284
8YP_H0_N500_POW_CT_seed002,POW_CT,H0,500,2,1,803.0174108494897
8YP_H0_N500_POW_CT_seed002,POW_CT,H0,500,2,2,2435.020468663802
8YP_H0_N500_POW_CT_seed002,POW_CT,H0,500,2,3,819.2706862057044
8YP_H0_N500_POW_CT_seed002,POW_CT,H0,500,2,4,190.14226308605294
8YP_H0_N500_POW_CT_seed002,POW_CT,H0,500,2,5,2036.0707189577988
8YP_H0_N500_POW_CT_seed002,POW_CT,H0,500,2,6,905.7606240674677
8YP_H0_N500_POW_CT_seed002,POW_CT,H0,500,2,7,2277.3008543408714
8YP_H0_N500_P0_ALL_seed002,P0_ALL,H0,500,2,1,371.33955980161033
8YP_H0_N500_P0_ALL_seed002,P0_ALL,H0,500,2,2,584.0278902286778
8YP_H0_N500_P0_ALL_seed002,P0_ALL,H0,500,2,3,425.5584333384272
8YP_H0_N500_P0_ALL_seed002,P0_ALL,H0,500,2,4,642.6725958926784
8YP_H0_N500_P0_ALL_seed002,P0_ALL,H0,500,2,5,424.22291271935205
8YP_H0_N500_P0_ALL_seed002,P0_ALL,H0,500,2,6,1616.0047107037558
8YP_H0_N500_P0_ALL_seed002,P0_ALL,H0,500,2,7,114.18314186701036
8YP_H0_N500_P0_ALL_seed002,P0_ALL,H0,500,2,8,318.70743864348697
8YP_H0_N500_P0_ALL_seed002,P0_ALL,H0,500,2,9,480.839350898219
8YP_H0_N500_P0_ALL_seed002,P0_ALL,H0,500,2,10,728.4347013957968
8YP_H0_N500_P0_ALL_seed002,P0_ALL,H0,500,2,11,97.2594462046809
8YP_H0_N500_P0_ALL_seed002,P0_ALL,H0,500,2,12,406.0863680216853
8YP_H0_N500_P0_ALL_seed002,P0_ALL,H0,500,2,13,37.240969770597076
8YP_H0_N500_P0_ALL_seed002,P0_ALL,H0,500,2,14,281.18223979375034
8YP_H0_N500_P0_ALL_seed002,P0_ALL,H0,500,2,15,471.7183589046508
8YP_H0_N500_P0_ALL_seed002,P0_ALL,H0,500,2,16,5.005054469387687
8YP_H0_N500_P0_ALL_seed002,P0_ALL,H0,500,2,17,1110.2367662035867
8YP_H0_N500_P0_ALL_seed002,P0_ALL,H0,500,2,18,743.8261184674684
8YP_H0_N500_P0_ALL_seed002,P0_ALL,H0,500,2,19,1.650272879163822
8YP_H0_N500_P0_ALL_seed002,P0_ALL,H0,500,2,20,560.8543716762233
8YP_H0_N500_P0_ALL_seed002,P0_ALL,H0,500,2,21,381.9099049483284
8YP_H0_N500_P1_EQUAL_seed002,P1_EQUAL,H0,500,2,1,371.33955980161033
8YP_H0_N500_P1_EQUAL_seed002,P1_EQUAL,H0,500,2,2,584.0278902286778
8YP_H0_N500_P1_EQUAL_seed002,P1_EQUAL,H0,500,2,3,425.5584333384272
8YP_H0_N500_P1_EQUAL_seed002,P1_EQUAL,H0,500,2,4,642.6725958926784
8YP_H0_N500_P1_EQUAL_seed002,P1_EQUAL,H0,500,2,5,424.22291271935205
8YP_H0_N500_P1_EQUAL_seed002,P1_EQUAL,H0,500,2,6,1616.0047107037558
8YP_H0_N500_P1_EQUAL_seed002,P1_EQUAL,H0,500,2,7,114.18314186701036
8YP_H0_N500_P1_EQUAL_seed002,P1_EQUAL,H0,500,2,8,318.70743864348697
8YP_H0_N500_P1_EQUAL_seed002,P1_EQUAL,H0,500,2,9,480.839350898219
8YP_H0_N500_P1_EQUAL_seed002,P1_EQUAL,H0,500,2,10,728.4347013957968
8YP_H0_N500_P1_EQUAL_seed002,P1_EQUAL,H0,500,2,11,97.2594462046809
8YP_H0_N500_P1_EQUAL_seed002,P1_EQUAL,H0,500,2,12,406.0863680216853
8YP_H0_N500_P1_EQUAL_seed002,P1_EQUAL,H0,500,2,13,37.240969770597076
8YP_H0_N500_P1_EQUAL_seed002,P1_EQUAL,H0,500,2,14,281.18223979375034
8YP_H0_N500_P1_EQUAL_seed002,P1_EQUAL,H0,500,2,15,471.7183589046508
8YP_H0_N500_P1_EQUAL_seed002,P1_EQUAL,H0,500,2,16,5.005054469387687
8YP_H0_N500_P1_EQUAL_seed002,P1_EQUAL,H0,500,2,17,1110.2367662035867
8YP_H0_N500_P1_EQUAL_seed002,P1_EQUAL,H0,500,2,18,743.8261184674684
8YP_H0_N500_P1_EQUAL_seed002,P1_EQUAL,H0,500,2,19,1.650272879163822
8YP_H0_N500_P1_EQUAL_seed002,P1_EQUAL,H0,500,2,20,560.8543716762233
8YP_H0_N500_P1_EQUAL_seed002,P1_EQUAL,H0,500,2,21,381.9099049483284
8YP_H0_N500_P2_HASHPROP_seed002,P2_HASHPROP,H0,500,2,1,371.33955980161033
8YP_H0_N500_P2_HASHPROP_seed002,P2_HASHPROP,H0,500,2,2,584.0278902286778
8YP_H0_N500_P2_HASHPROP_seed002,P2_HASHPROP,H0,500,2,3,425.5584333384272
8YP_H0_N500_P2_HASHPROP_seed002,P2_HASHPROP,H0,500,2,4,642.6725958926784
8YP_H0_N500_P2_HASHPROP_seed002,P2_HASHPROP,H0,500,2,5,424.22291271935205
8YP_H0_N500_P2_HASHPROP_seed002,P2_HASHPROP,H0,500,2,6,1616.0047107037558
8YP_H0_N500_P2_HASHPROP_seed002,P2_HASHPROP,H0,500,2,7,114.18314186701036
8YP_H0_N500_P2_HASHPROP_seed002,P2_HASHPROP,H0,500,2,8,318.70743864348697
8YP_H0_N500_P2_HASHPROP_seed002,P2_HASHPROP,H0,500,2,9,480.839350898219
8YP_H0_N500_P2_HASHPROP_seed002,P2_HASHPROP,H0,500,2,10,728.4347013957968
8YP_H0_N500_P2_HASHPROP_seed002,P2_HASHPROP,H0,500,2,11,97.2594462046809
8YP_H0_N500_P2_HASHPROP_seed002,P2_HASHPROP,H0,500,2,12,406.0863680216853
8YP_H0_N500_P2_HASHPROP_seed002,P2_HASHPROP,H0,500,2,13,37.240969770597076
8YP_H0_N500_P2_HASHPROP_seed002,P2_HASHPROP,H0,500,2,14,281.18223979375034
8YP_H0_N500_P2_HASHPROP_seed002,P2_HASHPROP,H0,500,2,15,471.7183589046508
8YP_H0_N500_P2_HASHPROP_seed002,P2_HASHPROP,H0,500,2,16,5.005054469387687
8YP_H0_N500_P2_HASHPROP_seed002,P2_HASHPROP,H0,500,2,17,1110.2367662035867
8YP_H0_N500_P2_HASHPROP_seed002,P2_HASHPROP,H0,500,2,18,743.8261184674684
8YP_H0_N500_P2_HASHPROP_seed002,P2_HASHPROP,H0,500,2,19,1.650272879163822
8YP_H0_N500_P2_HASHPROP_seed002,P2_HASHPROP,H0,500,2,20,560.8543716762233
8YP_H0_N500_P2_HASHPROP_seed002,P2_HASHPROP,H0,500,2,21,381.9099049483284
8YP_H0_N500_P3_ENERGY_seed002,P3_ENERGY,H0,500,2,1,371.33955980161033
8YP_H0_N500_P3_ENERGY_seed002,P3_ENERGY,H0,500,2,2,1028.273851943678
8YP_H0_N500_P3_ENERGY_seed002,P3_ENERGY,H0,500,2,3,1628.8564205279908
8YP_H0_N500_P3_ENERGY_seed002,P3_ENERGY,H0,500,2,4,1617.8441931810567
8YP_H0_N500_P3_ENERGY_seed002,P3_ENERGY,H0,500,2,5,114.18361564048882
8YP_H0_N500_P3_ENERGY_seed002,P3_ENERGY,H0,500,2,6,318.55312569942635
8YP_H0_N500_P3_ENERGY_seed002,P3_ENERGY,H0,500,2,7,480.7637666539031
8YP_H0_N500_P3_ENERGY_seed002,P3_ENERGY,H0,500,2,8,728.8049143592889
8YP_H0_N500_P3_ENERGY_seed002,P3_ENERGY,H0,500,2,9,1007.9884868496329
8YP_H0_N500_P3_ENERGY_seed002,P3_ENERGY,H0,500,2,10,37.99420368356277
8YP_H0_N500_P3_ENERGY_seed002,P3_ENERGY,H0,500,2,11,1075.9379101505383
8YP_H0_N500_P3_ENERGY_seed002,P3_ENERGY,H0,500,2,12,4.863864727793043
8YP_H0_N500_P3_ENERGY_seed002,P3_ENERGY,H0,500,2,13,1109.8208154158
8YP_H0_N500_P4_RESERVE_seed002,P4_RESERVE,H0,500,2,1,371.33955980161033
8YP_H0_N500_P4_RESERVE_seed002,P4_RESERVE,H0,500,2,2,893.3099840154736
8YP_H0_N500_P4_RESERVE_seed002,P4_RESERVE,H0,500,2,3,425.55843333842745
8YP_H0_N500_P4_RESERVE_seed002,P4_RESERVE,H0,500,2,4,2536.3373827318724
8YP_H0_N500_P4_RESERVE_seed002,P4_RESERVE,H0,500,2,5,1549.5276045885848
8YP_H0_N500_P4_RESERVE_seed002,P4_RESERVE,H0,500,2,6,411.64191150841
8YP_H0_N500_P4_RESERVE_seed002,P4_RESERVE,H0,500,2,7,114.18314186701082
8YP_H0_N500_P4_RESERVE_seed002,P4_RESERVE,H0,500,2,8,318.70743864348697
8YP_H0_N500_P4_RESERVE_seed002,P4_RESERVE,H0,500,2,9,480.839350898219
8YP_H0_N500_P4_RESERVE_seed002,P4_RESERVE,H0,500,2,10,1635.5493925901037
8YP_H0_N500_POW_seed003,POW,H0,500,3,1,578.7233294176299
8YP_H0_N500_POW_seed003,POW,H0,500,3,2,133.98640039578083
8YP_H0_N500_POW_seed003,POW,H0,500,3,3,974.7204554812485
8YP_H0_N500_POW_seed003,POW,H0,500,3,4,194.59658391187418
8YP_H0_N500_POW_seed003,POW,H0,500,3,5,170.82864460840005
8YP_H0_N500_POW_seed003,POW,H0,500,3,6,46.36127357992609
8YP_H0_N500_POW_seed003,POW,H0,500,3,7,1108.9797105835014
8YP_H0_N500_POW_seed003,POW,H0,500,3,8,104.49700289627162
8YP_H0_N500_POW_seed003,POW,H0,500,3,9,1056.7420449108026
8YP_H0_N500_POW_seed003,POW,H0,500,3,10,849.0066563963455
8YP_H0_N500_POW_seed003,POW,H0,500,3,11,110.59312856115594
8YP_H0_N500_POW_seed003,POW,H0,500,3,12,1591.6944281828046
8YP_H0_N500_POW_seed003,POW,H0,500,3,13,1428.1016514184075
8YP_H0_N500_POW_seed003,POW,H0,500,3,14,814.5909253405844
8YP_H0_N500_POW_CT_seed003,POW_CT,H0,500,3,1,198.24867534556174
8YP_H0_N500_POW_CT_seed003,POW_CT,H0,500,3,2,2260.185417972517
8YP_H0_N500_POW_CT_seed003,POW_CT,H0,500,3,3,788.1333683899211
8YP_H0_N500_POW_CT_seed003,POW_CT,H0,500,3,4,1405.1960181870704
8YP_H0_N500_POW_CT_seed003,POW_CT,H0,500,3,5,1312.9100431941424
8YP_H0_N500_POW_CT_seed003,POW_CT,H0,500,3,6,1467.0334530943592
8YP_H0_N500_POW_CT_seed003,POW_CT,H0,500,3,7,777.811895791614
8YP_H0_N500_POW_CT_seed003,POW_CT,H0,500,3,8,249.57139872146763
8YP_H0_N500_POW_CT_seed003,POW_CT,H0,500,3,9,27.132069090350342
8YP_H0_N500_POW_CT_seed003,POW_CT,H0,500,3,10,671.8737424244518
8YP_H0_N500_P0_ALL_seed003,P0_ALL,H0,500,3,1,578.7233294176299
8YP_H0_N500_P0_ALL_seed003,P0_ALL,H0,500,3,2,133.98640039578083
8YP_H0_N500_P0_ALL_seed003,P0_ALL,H0,500,3,3,979.0701942869006
8YP_H0_N500_P0_ALL_seed003,P0_ALL,H0,500,3,4,194.59658391187418
8YP_H0_N500_P0_ALL_seed003,P0_ALL,H0,500,3,5,170.82864460840005
8YP_H0_N500_P0_ALL_seed003,P0_ALL,H0,500,3,6,46.36127357992609
8YP_H0_N500_P0_ALL_seed003,P0_ALL,H0,500,3,7,1111.433488654735
8YP_H0_N500_P0_ALL_seed003,P0_ALL,H0,500,3,8,104.49700289627162
8YP_H0_N500_P0_ALL_seed003,P0_ALL,H0,500,3,9,1058.5111752386988
8YP_H0_N500_P0_ALL_seed003,P0_ALL,H0,500,3,10,852.613333328075
8YP_H0_N500_P0_ALL_seed003,P0_ALL,H0,500,3,11,110.59312856115594
8YP_H0_N500_P0_ALL_seed003,P0_ALL,H0,500,3,12,1596.9495649187738
8YP_H0_N500_P0_ALL_seed003,P0_ALL,H0,500,3,13,1433.975263919102
8YP_H0_N500_P0_ALL_seed003,P0_ALL,H0,500,3,14,817.3326309301829
8YP_H0_N500_P1_EQUAL_seed003,P1_EQUAL,H0,500,3,1,578.7233294176299
8YP_H0_N500_P1_EQUAL_seed003,P1_EQUAL,H0,500,3,2,133.98640039578083
8YP_H0_N500_P1_EQUAL_seed003,P1_EQUAL,H0,500,3,3,979.0701942869006
8YP_H0_N500_P1_EQUAL_seed003,P1_EQUAL,H0,500,3,4,194.59658391187418
8YP_H0_N500_P1_EQUAL_seed003,P1_EQUAL,H0,500,3,5,170.82864460840005
8YP_H0_N500_P1_EQUAL_seed003,P1_EQUAL,H0,500,3,6,46.36127357992609
8YP_H0_N500_P1_EQUAL_seed003,P1_EQUAL,H0,500,3,7,1111.433488654735
8YP_H0_N500_P1_EQUAL_seed003,P1_EQUAL,H0,500,3,8,104.49700289627162
8YP_H0_N500_P1_EQUAL_seed003,P1_EQUAL,H0,500,3,9,1058.5111752386988
8YP_H0_N500_P1_EQUAL_seed003,P1_EQUAL,H0,500,3,10,852.613333328075
8YP_H0_N500_P1_EQUAL_seed003,P1_EQUAL,H0,500,3,11,110.59312856115594
8YP_H0_N500_P1_EQUAL_seed003,P1_EQUAL,H0,500,3,12,1596.9495649187738
8YP_H0_N500_P1_EQUAL_seed003,P1_EQUAL,H0,500,3,13,1433.975263919102
8YP_H0_N500_P1_EQUAL_seed003,P1_EQUAL,H0,500,3,14,817.3326309301829
8YP_H0_N500_P2_HASHPROP_seed003,P2_HASHPROP,H0,500,3,1,578.7233294176299
8YP_H0_N500_P2_HASHPROP_seed003,P2_HASHPROP,H0,500,3,2,133.98640039578083
8YP_H0_N500_P2_HASHPROP_seed003,P2_HASHPROP,H0,500,3,3,979.0701942869006
8YP_H0_N500_P2_HASHPROP_seed003,P2_HASHPROP,H0,500,3,4,194.59658391187418
8YP_H0_N500_P2_HASHPROP_seed003,P2_HASHPROP,H0,500,3,5,170.82864460840005
8YP_H0_N500_P2_HASHPROP_seed003,P2_HASHPROP,H0,500,3,6,46.36127357992609
8YP_H0_N500_P2_HASHPROP_seed003,P2_HASHPROP,H0,500,3,7,1111.433488654735
8YP_H0_N500_P2_HASHPROP_seed003,P2_HASHPROP,H0,500,3,8,104.49700289627162
8YP_H0_N500_P2_HASHPROP_seed003,P2_HASHPROP,H0,500,3,9,1058.5111752386988
8YP_H0_N500_P2_HASHPROP_seed003,P2_HASHPROP,H0,500,3,10,852.613333328075
8YP_H0_N500_P2_HASHPROP_seed003,P2_HASHPROP,H0,500,3,11,110.59312856115594
8YP_H0_N500_P2_HASHPROP_seed003,P2_HASHPROP,H0,500,3,12,1596.9495649187738
8YP_H0_N500_P2_HASHPROP_seed003,P2_HASHPROP,H0,500,3,13,1433.975263919102
8YP_H0_N500_P2_HASHPROP_seed003,P2_HASHPROP,H0,500,3,14,817.3326309301829
8YP_H0_N500_P3_ENERGY_seed003,P3_ENERGY,H0,500,3,1,2181.7967712213012
8YP_H0_N500_P3_ENERGY_seed003,P3_ENERGY,H0,500,3,2,482.9083590889736
8YP_H0_N500_P3_ENERGY_seed003,P3_ENERGY,H0,500,3,3,170.27037161098542
8YP_H0_N500_P3_ENERGY_seed003,P3_ENERGY,H0,500,3,4,45.61872957062178
8YP_H0_N500_P3_ENERGY_seed003,P3_ENERGY,H0,500,3,5,2864.7021350889154
8YP_H0_N500_P3_ENERGY_seed003,P3_ENERGY,H0,500,3,6,853.8015591013564
8YP_H0_N500_P3_ENERGY_seed003,P3_ENERGY,H0,500,3,7,2312.3438390929514
8YP_H0_N500_P4_RESERVE_seed003,P4_RESERVE,H0,500,3,1,888.7233294176299
8YP_H0_N500_P4_RESERVE_seed003,P4_RESERVE,H0,500,3,2,743.7881743954451
8YP_H0_N500_P4_RESERVE_seed003,P4_RESERVE,H0,500,3,3,1885.6667089179703
8YP_H0_N500_P4_RESERVE_seed003,P4_RESERVE,H0,500,3,4,482.4048636817183
8YP_H0_N500_P4_RESERVE_seed003,P4_RESERVE,H0,500,3,5,170.82864460839983
8YP_H0_N500_P4_RESERVE_seed003,P4_RESERVE,H0,500,3,6,46.36127357992609
8YP_H0_N500_P4_RESERVE_seed003,P4_RESERVE,H0,500,3,7,3775.3796655153465
8YP_H0_N500_P4_RESERVE_seed003,P4_RESERVE,H0,500,3,8,714.4105970230112
8YP_H0_N500_P4_RESERVE_seed003,P4_RESERVE,H0,500,3,9,249.25804943342155
8YP_H0_N500_POW_seed004,POW,H0,500,4,1,40.36873942123583
8YP_H0_N500_POW_seed004,POW,H0,500,4,2,127.98385923529611
8YP_H0_N500_POW_seed004,POW,H0,500,4,3,389.27820003853645
8YP_H0_N500_POW_seed004,POW,H0,500,4,4,1504.0811807082441
8YP_H0_N500_POW_seed004,POW,H0,500,4,5,185.0088626727511
8YP_H0_N500_POW_seed004,POW,H0,500,4,6,199.63709528239315
8YP_H0_N500_POW_seed004,POW,H0,500,4,7,1651.0124744840682
8YP_H0_N500_POW_seed004,POW,H0,500,4,8,633.1613940325387
8YP_H0_N500_POW_seed004,POW,H0,500,4,9,605.7509942601828
8YP_H0_N500_POW_seed004,POW,H0,500,4,10,274.20657653478247
8YP_H0_N500_POW_seed004,POW,H0,500,4,11,305.80268217152934
8YP_H0_N500_POW_seed004,POW,H0,500,4,12,136.69294571426508
8YP_H0_N500_POW_seed004,POW,H0,500,4,13,1135.7561125759594
8YP_H0_N500_POW_seed004,POW,H0,500,4,14,430.11769851596637
8YP_H0_N500_POW_seed004,POW,H0,500,4,15,231.61792032732683
8YP_H0_N500_POW_seed004,POW,H0,500,4,16,34.84046258529179
8YP_H0_N500_POW_seed004,POW,H0,500,4,17,309.35094921754535
8YP_H0_N500_POW_seed004,POW,H0,500,4,18,338.9285935722892
8YP_H0_N500_POW_seed004,POW,H0,500,4,19,856.9425760104095
8YP_H0_N500_POW_seed004,POW,H0,500,4,20,30.91777755493422
8YP_H0_N500_POW_CT_seed004,POW_CT,H0,500,4,1,611.6143648477301
8YP_H0_N500_POW_CT_seed004,POW_CT,H0,500,4,2,943.0948374041683
8YP_H0_N500_POW_CT_seed004,POW_CT,H0,500,4,3,1029.9551887289806
8YP_H0_N500_POW_CT_seed004,POW_CT,H0,500,4,4,695.3115542644173
8YP_H0_N500_POW_CT_seed004,POW_CT,H0,500,4,5,1329.721365458313
8YP_H0_N500_POW_CT_seed004,POW_CT,H0,500,4,6,503.2488516746298
8YP_H0_N500_POW_CT_seed004,POW_CT,H0,500,4,7,277.42218832698836
8YP_H0_N500_POW_CT_seed004,POW_CT,H0,500,4,8,250.22108246848984
8YP_H0_N500_POW_CT_seed004,POW_CT,H0,500,4,9,2405.0864236049183
8YP_H0_N500_P0_ALL_seed004,P0_ALL,H0,500,4,1,40.36873942123583
8YP_H0_N500_P0_ALL_seed004,P0_ALL,H0,500,4,2,127.98385923529611
8YP_H0_N500_P0_ALL_seed004,P0_ALL,H0,500,4,3,389.27820003853645
8YP_H0_N500_P0_ALL_seed004,P0_ALL,H0,500,4,4,1509.0011424797835
8YP_H0_N500_P0_ALL_seed004,P0_ALL,H0,500,4,5,185.0088626727511
8YP_H0_N500_P0_ALL_seed004,P0_ALL,H0,500,4,6,199.63709528239315
8YP_H0_N500_P0_ALL_seed004,P0_ALL,H0,500,4,7,1656.091194599318
8YP_H0_N500_P0_ALL_seed004,P0_ALL,H0,500,4,8,636.3392959231069
8YP_H0_N500_P0_ALL_seed004,P0_ALL,H0,500,4,9,608.794300687744
8YP_H0_N500_P0_ALL_seed004,P0_ALL,H0,500,4,10,274.20657653478247
8YP_H0_N500_P0_ALL_seed004,P0_ALL,H0,500,4,11,305.80268217152934
8YP_H0_N500_P0_ALL_seed004,P0_ALL,H0,500,4,12,136.69294571426508
8YP_H0_N500_P0_ALL_seed004,P0_ALL,H0,500,4,13,1138.5114687248079
8YP_H0_N500_P0_ALL_seed004,P0_ALL,H0,500,4,14,430.11769851596637
8YP_H0_N500_P0_ALL_seed004,P0_ALL,H0,500,4,15,231.61792032732683
8YP_H0_N500_P0_ALL_seed004,P0_ALL,H0,500,4,16,34.84046258529179
8YP_H0_N500_P0_ALL_seed004,P0_ALL,H0,500,4,17,309.35094921754626
8YP_H0_N500_P0_ALL_seed004,P0_ALL,H0,500,4,18,338.9285935722892
8YP_H0_N500_P0_ALL_seed004,P0_ALL,H0,500,4,19,860.1898867154541
8YP_H0_N500_P0_ALL_seed004,P0_ALL,H0,500,4,20,30.91777755493422
8YP_H0_N500_P1_EQUAL_seed004,P1_EQUAL,H0,500,4,1,40.36873942123583
8YP_H0_N500_P1_EQUAL_seed004,P1_EQUAL,H0,500,4,2,127.98385923529611
8YP_H0_N500_P1_EQUAL_seed004,P1_EQUAL,H0,500,4,3,389.27820003853645
8YP_H0_N500_P1_EQUAL_seed004,P1_EQUAL,H0,500,4,4,1509.0011424797835
8YP_H0_N500_P1_EQUAL_seed004,P1_EQUAL,H0,500,4,5,185.0088626727511
8YP_H0_N500_P1_EQUAL_seed004,P1_EQUAL,H0,500,4,6,199.63709528239315
8YP_H0_N500_P1_EQUAL_seed004,P1_EQUAL,H0,500,4,7,1656.091194599318
8YP_H0_N500_P1_EQUAL_seed004,P1_EQUAL,H0,500,4,8,636.3392959231069
8YP_H0_N500_P1_EQUAL_seed004,P1_EQUAL,H0,500,4,9,608.794300687744
8YP_H0_N500_P1_EQUAL_seed004,P1_EQUAL,H0,500,4,10,274.20657653478247
8YP_H0_N500_P1_EQUAL_seed004,P1_EQUAL,H0,500,4,11,305.80268217152934
8YP_H0_N500_P1_EQUAL_seed004,P1_EQUAL,H0,500,4,12,136.69294571426508
8YP_H0_N500_P1_EQUAL_seed004,P1_EQUAL,H0,500,4,13,1138.5114687248079
8YP_H0_N500_P1_EQUAL_seed004,P1_EQUAL,H0,500,4,14,430.11769851596637
8YP_H0_N500_P1_EQUAL_seed004,P1_EQUAL,H0,500,4,15,231.61792032732683
8YP_H0_N500_P1_EQUAL_seed004,P1_EQUAL,H0,500,4,16,34.84046258529179
8YP_H0_N500_P1_EQUAL_seed004,P1_EQUAL,H0,500,4,17,309.35094921754626
8YP_H0_N500_P1_EQUAL_seed004,P1_EQUAL,H0,500,4,18,338.9285935722892
8YP_H0_N500_P1_EQUAL_seed004,P1_EQUAL,H0,500,4,19,860.1898867154541
8YP_H0_N500_P1_EQUAL_seed004,P1_EQUAL,H0,500,4,20,30.91777755493422
8YP_H0_N500_P2_HASHPROP_seed004,P2_HASHPROP,H0,500,4,1,40.36873942123583
8YP_H0_N500_P2_HASHPROP_seed004,P2_HASHPROP,H0,500,4,2,127.98385923529611
8YP_H0_N500_P2_HASHPROP_seed004,P2_HASHPROP,H0,500,4,3,389.27820003853645
8YP_H0_N500_P2_HASHPROP_seed004,P2_HASHPROP,H0,500,4,4,1509.0011424797835
8YP_H0_N500_P2_HASHPROP_seed004,P2_HASHPROP,H0,500,4,5,185.0088626727511
8YP_H0_N500_P2_HASHPROP_seed004,P2_HASHPROP,H0,500,4,6,199.63709528239315
8YP_H0_N500_P2_HASHPROP_seed004,P2_HASHPROP,H0,500,4,7,1656.091194599318
8YP_H0_N500_P2_HASHPROP_seed004,P2_HASHPROP,H0,500,4,8,636.3392959231069
8YP_H0_N500_P2_HASHPROP_seed004,P2_HASHPROP,H0,500,4,9,608.794300687744
8YP_H0_N500_P2_HASHPROP_seed004,P2_HASHPROP,H0,500,4,10,274.20657653478247
8YP_H0_N500_P2_HASHPROP_seed004,P2_HASHPROP,H0,500,4,11,305.80268217152934
8YP_H0_N500_P2_HASHPROP_seed004,P2_HASHPROP,H0,500,4,12,136.69294571426508
8YP_H0_N500_P2_HASHPROP_seed004,P2_HASHPROP,H0,500,4,13,1138.5114687248079
8YP_H0_N500_P2_HASHPROP_seed004,P2_HASHPROP,H0,500,4,14,430.11769851596637
8YP_H0_N500_P2_HASHPROP_seed004,P2_HASHPROP,H0,500,4,15,231.61792032732683
8YP_H0_N500_P2_HASHPROP_seed004,P2_HASHPROP,H0,500,4,16,34.84046258529179
8YP_H0_N500_P2_HASHPROP_seed004,P2_HASHPROP,H0,500,4,17,309.35094921754626
8YP_H0_N500_P2_HASHPROP_seed004,P2_HASHPROP,H0,500,4,18,338.9285935722892
8YP_H0_N500_P2_HASHPROP_seed004,P2_HASHPROP,H0,500,4,19,860.1898867154541
8YP_H0_N500_P2_HASHPROP_seed004,P2_HASHPROP,H0,500,4,20,30.91777755493422
8YP_H0_N500_P3_ENERGY_seed004,P3_ENERGY,H0,500,4,1,727.3330080333192
8YP_H0_N500_P3_ENERGY_seed004,P3_ENERGY,H0,500,4,2,577.5893585831211
8YP_H0_N500_P3_ENERGY_seed004,P3_ENERGY,H0,500,4,3,1508.9722960663826
8YP_H0_N500_P3_ENERGY_seed004,P3_ENERGY,H0,500,4,4,185.225312072816
8YP_H0_N500_P3_ENERGY_seed004,P3_ENERGY,H0,500,4,5,198.62892570180065
8YP_H0_N500_P3_ENERGY_seed004,P3_ENERGY,H0,500,4,6,2447.725544404892
8YP_H0_N500_P3_ENERGY_seed004,P3_ENERGY,H0,500,4,7,608.1399806481186
8YP_H0_N500_P3_ENERGY_seed004,P3_ENERGY,H0,500,4,8,274.64434225497735
8YP_H0_N500_P3_ENERGY_seed004,P3_ENERGY,H0,500,4,9,305.3443332114566
8YP_H0_N500_P3_ENERGY_seed004,P3_ENERGY,H0,500,4,10,136.7689471066833
8YP_H0_N500_P3_ENERGY_seed004,P3_ENERGY,H0,500,4,11,1139.2643926390174
8YP_H0_N500_P3_ENERGY_seed004,P3_ENERGY,H0,500,4,12,429.76485577275525
8YP_H0_N500_P3_ENERGY_seed004,P3_ENERGY,H0,500,4,13,231.09347594966857
8YP_H0_N500_P3_ENERGY_seed004,P3_ENERGY,H0,500,4,14,515.3885840596031
8YP_H0_N500_P3_ENERGY_seed004,P3_ENERGY,H0,500,4,15,309.1054777205063
8YP_H0_N500_P4_RESERVE_seed004,P4_RESERVE,H0,500,4,1,650.3687394212359
8YP_H0_N500_P4_RESERVE_seed004,P4_RESERVE,H0,500,4,2,127.98385923529611
8YP_H0_N500_P4_RESERVE_seed004,P4_RESERVE,H0,500,4,3,577.8702564607798
8YP_H0_N500_P4_RESERVE_seed004,P4_RESERVE,H0,500,4,4,1899.3784325167019
8YP_H0_N500_P4_RESERVE_seed004,P4_RESERVE,H0,500,4,5,306.2017461397122
8YP_H0_N500_P4_RESERVE_seed004,P4_RESERVE,H0,500,4,6,185.27385408636428
8YP_H0_N500_P4_RESERVE_seed004,P4_RESERVE,H0,500,4,7,198.786185783993
8YP_H0_N500_P4_RESERVE_seed004,P4_RESERVE,H0,500,4,8,2586.614463508998
8YP_H0_N500_P4_RESERVE_seed004,P4_RESERVE,H0,500,4,9,1543.2162266735168
8YP_H0_N500_P4_RESERVE_seed004,P4_RESERVE,H0,500,4,10,1515.64291554001
8YP_H0_N500_P4_RESERVE_seed004,P4_RESERVE,H0,500,4,11,274.0921269968312
8YP_H0_N500_POW_seed005,POW,H0,500,5,1,610.34129091993
8YP_H0_N500_POW_seed005,POW,H0,500,5,2,405.55044294860716
8YP_H0_N500_POW_seed005,POW,H0,500,5,3,228.08075400668713
8YP_H0_N500_POW_seed005,POW,H0,500,5,4,1.6679954371147687
8YP_H0_N500_POW_seed005,POW,H0,500,5,5,629.6864673705427
8YP_H0_N500_POW_seed005,POW,H0,500,5,6,8.52387378850085
8YP_H0_N500_POW_seed005,POW,H0,500,5,7,80.46564438025257
8YP_H0_N500_POW_seed005,POW,H0,500,5,8,310.53997444792344
8YP_H0_N500_POW_seed005,POW,H0,500,5,9,413.68929398493356
8YP_H0_N500_POW_seed005,POW,H0,500,5,10,195.03650726204842
8YP_H0_N500_POW_seed005,POW,H0,500,5,11,202.71104380417592
8YP_H0_N500_POW_seed005,POW,H0,500,5,12,852.058641351512
8YP_H0_N500_POW_seed005,POW,H0,500,5,13,517.9815646559073
8YP_H0_N500_POW_seed005,POW,H0,500,5,14,30.148513184311923
8YP_H0_N500_POW_seed005,POW,H0,500,5,15,3384.1554453380604
8YP_H0_N500_POW_seed005,POW,H0,500,5,16,710.6075104205265
8YP_H0_N500_POW_seed005,POW,H0,500,5,17,282.7246540479264
8YP_H0_N500_POW_seed005,POW,H0,500,5,18,292.1423295817349
8YP_H0_N500_POW_seed005,POW,H0,500,5,19,352.10908026067955
8YP_H0_N500_POW_CT_seed005,POW_CT,H0,500,5,1,288.7173957831853
8YP_H0_N500_POW_CT_seed005,POW_CT,H0,500,5,2,651.159219257934
8YP_H0_N500_POW_CT_seed005,POW_CT,H0,500,5,3,1301.884421767119
8YP_H0_N500_POW_CT_seed005,POW_CT,H0,500,5,4,374.68450211098434
8YP_H0_N500_POW_CT_seed005,POW_CT,H0,500,5,5,2.5972487196418115
8YP_H0_N500_POW_CT_seed005,POW_CT,H0,500,5,6,1266.0424377849954
8YP_H0_N500_POW_CT_seed005,POW_CT,H0,500,5,7,4202.693076823017
8YP_H0_N500_POW_CT_seed005,POW_CT,H0,500,5,8,8.69149712520084
8YP_H0_N500_POW_CT_seed005,POW_CT,H0,500,5,9,297.6329854267142
8YP_H0_N500_POW_CT_seed005,POW_CT,H0,500,5,10,1059.991760942954
8YP_H0_N500_P0_ALL_seed005,P0_ALL,H0,500,5,1,610.819727746786
8YP_H0_N500_P0_ALL_seed005,P0_ALL,H0,500,5,2,405.55044294860716
8YP_H0_N500_P0_ALL_seed005,P0_ALL,H0,500,5,3,228.08075400668713
8YP_H0_N500_P0_ALL_seed005,P0_ALL,H0,500,5,4,1.6679954371147687
8YP_H0_N500_P0_ALL_seed005,P0_ALL,H0,500,5,5,633.4872499412261
8YP_H0_N500_P0_ALL_seed005,P0_ALL,H0,500,5,6,8.52387378850085
8YP_H0_N500_P0_ALL_seed005,P0_ALL,H0,500,5,7,80.46564438025257
8YP_H0_N500_P0_ALL_seed005,P0_ALL,H0,500,5,8,310.5399744479232
8YP_H0_N500_P0_ALL_seed005,P0_ALL,H0,500,5,9,413.68929398493356
8YP_H0_N500_P0_ALL_seed005,P0_ALL,H0,500,5,10,195.03650726204842
8YP_H0_N500_P0_ALL_seed005,P0_ALL,H0,500,5,11,202.71104380417592
8YP_H0_N500_P0_ALL_seed005,P0_ALL,H0,500,5,12,853.7767548508887
8YP_H0_N500_P0_ALL_seed005,P0_ALL,H0,500,5,13,517.9815646559068
8YP_H0_N500_P0_ALL_seed005,P0_ALL,H0,500,5,14,30.148513184311923
8YP_H0_N500_P0_ALL_seed005,P0_ALL,H0,500,5,15,3399.3179102621643
8YP_H0_N500_P0_ALL_seed005,P0_ALL,H0,500,5,16,713.2366331807843
8YP_H0_N500_P0_ALL_seed005,P0_ALL,H0,500,5,17,282.7246540479264
8YP_H0_N500_P0_ALL_seed005,P0_ALL,H0,500,5,18,292.1423295817349
8YP_H0_N500_P0_ALL_seed005,P0_ALL,H0,500,5,19,352.10908026067955
8YP_H0_N500_P1_EQUAL_seed005,P1_EQUAL,H0,500,5,1,610.819727746786
8YP_H0_N500_P1_EQUAL_seed005,P1_EQUAL,H0,500,5,2,405.55044294860716
8YP_H0_N500_P1_EQUAL_seed005,P1_EQUAL,H0,500,5,3,228.08075400668713
8YP_H0_N500_P1_EQUAL_seed005,P1_EQUAL,H0,500,5,4,1.6679954371147687
8YP_H0_N500_P1_EQUAL_seed005,P1_EQUAL,H0,500,5,5,633.4872499412261
8YP_H0_N500_P1_EQUAL_seed005,P1_EQUAL,H0,500,5,6,8.52387378850085
8YP_H0_N500_P1_EQUAL_seed005,P1_EQUAL,H0,500,5,7,80.46564438025257
8YP_H0_N500_P1_EQUAL_seed005,P1_EQUAL,H0,500,5,8,310.5399744479232
8YP_H0_N500_P1_EQUAL_seed005,P1_EQUAL,H0,500,5,9,413.68929398493356
8YP_H0_N500_P1_EQUAL_seed005,P1_EQUAL,H0,500,5,10,195.03650726204842
8YP_H0_N500_P1_EQUAL_seed005,P1_EQUAL,H0,500,5,11,202.71104380417592
8YP_H0_N500_P1_EQUAL_seed005,P1_EQUAL,H0,500,5,12,853.7767548508887
8YP_H0_N500_P1_EQUAL_seed005,P1_EQUAL,H0,500,5,13,517.9815646559068
8YP_H0_N500_P1_EQUAL_seed005,P1_EQUAL,H0,500,5,14,30.148513184311923
8YP_H0_N500_P1_EQUAL_seed005,P1_EQUAL,H0,500,5,15,3399.3179102621643
8YP_H0_N500_P1_EQUAL_seed005,P1_EQUAL,H0,500,5,16,713.2366331807843
8YP_H0_N500_P1_EQUAL_seed005,P1_EQUAL,H0,500,5,17,282.7246540479264
8YP_H0_N500_P1_EQUAL_seed005,P1_EQUAL,H0,500,5,18,292.1423295817349
8YP_H0_N500_P1_EQUAL_seed005,P1_EQUAL,H0,500,5,19,352.10908026067955
8YP_H0_N500_P2_HASHPROP_seed005,P2_HASHPROP,H0,500,5,1,610.819727746786
8YP_H0_N500_P2_HASHPROP_seed005,P2_HASHPROP,H0,500,5,2,405.55044294860716
8YP_H0_N500_P2_HASHPROP_seed005,P2_HASHPROP,H0,500,5,3,228.08075400668713
8YP_H0_N500_P2_HASHPROP_seed005,P2_HASHPROP,H0,500,5,4,1.6679954371147687
8YP_H0_N500_P2_HASHPROP_seed005,P2_HASHPROP,H0,500,5,5,633.4872499412261
8YP_H0_N500_P2_HASHPROP_seed005,P2_HASHPROP,H0,500,5,6,8.52387378850085
8YP_H0_N500_P2_HASHPROP_seed005,P2_HASHPROP,H0,500,5,7,80.46564438025257
8YP_H0_N500_P2_HASHPROP_seed005,P2_HASHPROP,H0,500,5,8,310.5399744479232
8YP_H0_N500_P2_HASHPROP_seed005,P2_HASHPROP,H0,500,5,9,413.68929398493356
8YP_H0_N500_P2_HASHPROP_seed005,P2_HASHPROP,H0,500,5,10,195.03650726204842
8YP_H0_N500_P2_HASHPROP_seed005,P2_HASHPROP,H0,500,5,11,202.71104380417592
8YP_H0_N500_P2_HASHPROP_seed005,P2_HASHPROP,H0,500,5,12,853.7767548508887
8YP_H0_N500_P2_HASHPROP_seed005,P2_HASHPROP,H0,500,5,13,517.9815646559068
8YP_H0_N500_P2_HASHPROP_seed005,P2_HASHPROP,H0,500,5,14,30.148513184311923
8YP_H0_N500_P2_HASHPROP_seed005,P2_HASHPROP,H0,500,5,15,3399.3179102621643
8YP_H0_N500_P2_HASHPROP_seed005,P2_HASHPROP,H0,500,5,16,713.2366331807843
8YP_H0_N500_P2_HASHPROP_seed005,P2_HASHPROP,H0,500,5,17,282.7246540479264
8YP_H0_N500_P2_HASHPROP_seed005,P2_HASHPROP,H0,500,5,18,292.1423295817349
8YP_H0_N500_P2_HASHPROP_seed005,P2_HASHPROP,H0,500,5,19,352.10908026067955
8YP_H0_N500_P3_ENERGY_seed005,P3_ENERGY,H0,500,5,1,1608.2856510201711
8YP_H0_N500_P3_ENERGY_seed005,P3_ENERGY,H0,500,5,2,228.96978153385385
8YP_H0_N500_P3_ENERGY_seed005,P3_ENERGY,H0,500,5,3,1.5114344984765467
8YP_H0_N500_P3_ENERGY_seed005,P3_ENERGY,H0,500,5,4,633.2236516896826
8YP_H0_N500_P3_ENERGY_seed005,P3_ENERGY,H0,500,5,5,198.8040339610693
8YP_H0_N500_P3_ENERGY_seed005,P3_ENERGY,H0,500,5,6,80.96198827527587
8YP_H0_N500_P3_ENERGY_seed005,P3_ENERGY,H0,500,5,7,308.8988839578583
8YP_H0_N500_P3_ENERGY_seed005,P3_ENERGY,H0,500,5,8,542.8721375915279
8YP_H0_N500_P3_ENERGY_seed005,P3_ENERGY,H0,500,5,9,806.1907193880397
8YP_H0_N500_P3_ENERGY_seed005,P3_ENERGY,H0,500,5,10,1105.119645104628
8YP_H0_N500_P3_ENERGY_seed005,P3_ENERGY,H0,500,5,11,518.1378720170278
8YP_H0_N500_P3_ENERGY_seed005,P3_ENERGY,H0,500,5,12,30.421195686865758
8YP_H0_N500_P3_ENERGY_seed005,P3_ENERGY,H0,500,5,13,3398.623514256613
8YP_H0_N500_P4_RESERVE_seed005,P4_RESERVE,H0,500,5,1,1520.819727746786
8YP_H0_N500_P4_RESERVE_seed005,P4_RESERVE,H0,500,5,2,405.55044294860704
8YP_H0_N500_P4_RESERVE_seed005,P4_RESERVE,H0,500,5,3,228.08075400668713
8YP_H0_N500_P4_RESERVE_seed005,P4_RESERVE,H0,500,5,4,1.6679954371147687
8YP_H0_N500_P4_RESERVE_seed005,P4_RESERVE,H0,500,5,5,1539.369363160963
8YP_H0_N500_P4_RESERVE_seed005,P4_RESERVE,H0,500,5,6,1590.553856752254
8YP_H0_N500_P4_RESERVE_seed005,P4_RESERVE,H0,500,5,7,308.89888395785783
8YP_H0_N500_P4_RESERVE_seed005,P4_RESERVE,H0,500,5,8,542.8721375915275
8YP_H0_N500_P4_RESERVE_seed005,P4_RESERVE,H0,500,5,9,1519.0801238622844
8YP_H0_N500_P4_RESERVE_seed005,P4_RESERVE,H0,500,5,10,723.2596881749787
8YP_H0_N500_P4_RESERVE_seed005,P4_RESERVE,H0,500,5,11,503.09769420228986
8YP_H0_N500_P4_RESERVE_seed005,P4_RESERVE,H0,500,5,12,518.1174954419475
8YP_H0_N500_P4_RESERVE_seed005,P4_RESERVE,H0,500,5,13,30.118618205113307
8YP_H0_N500_POW_seed006,POW,H0,500,6,1,236.28834668297722
8YP_H0_N500_POW_seed006,POW,H0,500,6,2,17.384063559135058
8YP_H0_N500_POW_seed006,POW,H0,500,6,3,1068.281929952098
8YP_H0_N500_POW_seed006,POW,H0,500,6,4,1004.0783267932961
8YP_H0_N500_POW_seed006,POW,H0,500,6,5,797.5939726478741
8YP_H0_N500_POW_seed006,POW,H0,500,6,6,1119.7625115355004
8YP_H0_N500_POW_seed006,POW,H0,500,6,7,32.98426271311746
8YP_H0_N500_POW_seed006,POW,H0,500,6,8,604.9093893899026
8YP_H0_N500_POW_seed006,POW,H0,500,6,9,174.38431507692985
8YP_H0_N500_POW_seed006,POW,H0,500,6,10,276.9888047467475
8YP_H0_N500_POW_seed006,POW,H0,500,6,11,1827.7091326501286
8YP_H0_N500_POW_seed006,POW,H0,500,6,12,907.7248508023858
8YP_H0_N500_POW_seed006,POW,H0,500,6,13,22.21389019977505
8YP_H0_N500_POW_seed006,POW,H0,500,6,14,1558.2806337782258
8YP_H0_N500_POW_seed006,POW,H0,500,6,15,248.07586213503964
8YP_H0_N500_POW_CT_seed006,POW_CT,H0,500,6,1,1005.0758239227596
8YP_H0_N500_POW_CT_seed006,POW_CT,H0,500,6,2,19.127307906643182
8YP_H0_N500_POW_CT_seed006,POW_CT,H0,500,6,3,1040.8626524776648
8YP_H0_N500_POW_CT_seed006,POW_CT,H0,500,6,4,325.0003276978682
8YP_H0_N500_POW_CT_seed006,POW_CT,H0,500,6,5,356.98542279401
8YP_H0_N500_POW_CT_seed006,POW_CT,H0,500,6,6,156.48233991470624
8YP_H0_N500_POW_CT_seed006,POW_CT,H0,500,6,7,386.20352401512946
8YP_H0_N500_POW_CT_seed006,POW_CT,H0,500,6,8,253.0652189794896
8YP_H0_N500_POW_CT_seed006,POW_CT,H0,500,6,9,215.8440268883619
8YP_H0_N500_POW_CT_seed006,POW_CT,H0,500,6,10,710.4741237010589
8YP_H0_N500_POW_CT_seed006,POW_CT,H0,500,6,11,137.15829209342064
8YP_H0_N500_POW_CT_seed006,POW_CT,H0,500,6,12,636.3322594181245
8YP_H0_N500_POW_CT_seed006,POW_CT,H0,500,6,13,131.70106851203218
8YP_H0_N500_POW_CT_seed006,POW_CT,H0,500,6,14,659.2136026946082
8YP_H0_N500_POW_CT_seed006,POW_CT,H0,500,6,15,645.1015684292406
8YP_H0_N500_POW_CT_seed006,POW_CT,H0,500,6,16,429.8466823945073
8YP_H0_N500_POW_CT_seed006,POW_CT,H0,500,6,17,1241.3647859816538
8YP_H0_N500_POW_CT_seed006,POW_CT,H0,500,6,18,100.14269262128619
8YP_H0_N500_POW_CT_seed006,POW_CT,H0,500,6,19,23.724027317350192
8YP_H0_N500_POW_CT_seed006,POW_CT,H0,500,6,20,837.851798157717
8YP_H0_N500_P0_ALL_seed006,P0_ALL,H0,500,6,1,236.28834668297722
8YP_H0_N500_P0_ALL_seed006,P0_ALL,H0,500,6,2,17.384063559135058
8YP_H0_N500_P0_ALL_seed006,P0_ALL,H0,500,6,3,1070.035575737043
8YP_H0_N500_P0_ALL_seed006,P0_ALL,H0,500,6,4,1005.7093171347835
8YP_H0_N500_P0_ALL_seed006,P0_ALL,H0,500,6,5,799.7817573692028
8YP_H0_N500_P0_ALL_seed006,P0_ALL,H0,500,6,6,1123.1107812548134
8YP_H0_N500_P0_ALL_seed006,P0_ALL,H0,500,6,7,32.98426271311746
8YP_H0_N500_P0_ALL_seed006,P0_ALL,H0,500,6,8,608.5554996792953
8YP_H0_N500_P0_ALL_seed006,P0_ALL,H0,500,6,9,174.38431507692985
8YP_H0_N500_P0_ALL_seed006,P0_ALL,H0,500,6,10,276.9888047467475
8YP_H0_N500_P0_ALL_seed006,P0_ALL,H0,500,6,11,1836.7853128061915
8YP_H0_N500_P0_ALL_seed006,P0_ALL,H0,500,6,12,910.5557804404052
8YP_H0_N500_P0_ALL_seed006,P0_ALL,H0,500,6,13,22.21389019977505
8YP_H0_N500_P0_ALL_seed006,P0_ALL,H0,500,6,14,1564.4439597172513
8YP_H0_N500_P0_ALL_seed006,P0_ALL,H0,500,6,15,248.07586213503964
8YP_H0_N500_P1_EQUAL_seed006,P1_EQUAL,H0,500,6,1,236.28834668297722
8YP_H0_N500_P1_EQUAL_seed006,P1_EQUAL,H0,500,6,2,17.384063559135058
8YP_H0_N500_P1_EQUAL_seed006,P1_EQUAL,H0,500,6,3,1070.035575737043
8YP_H0_N500_P1_EQUAL_seed006,P1_EQUAL,H0,500,6,4,1005.7093171347835
8YP_H0_N500_P1_EQUAL_seed006,P1_EQUAL,H0,500,6,5,799.7817573692028
8YP_H0_N500_P1_EQUAL_seed006,P1_EQUAL,H0,500,6,6,1123.1107812548134
8YP_H0_N500_P1_EQUAL_seed006,P1_EQUAL,H0,500,6,7,32.98426271311746
8YP_H0_N500_P1_EQUAL_seed006,P1_EQUAL,H0,500,6,8,608.5554996792953
8YP_H0_N500_P1_EQUAL_seed006,P1_EQUAL,H0,500,6,9,174.38431507692985
8YP_H0_N500_P1_EQUAL_seed006,P1_EQUAL,H0,500,6,10,276.9888047467475
8YP_H0_N500_P1_EQUAL_seed006,P1_EQUAL,H0,500,6,11,1836.7853128061915
8YP_H0_N500_P1_EQUAL_seed006,P1_EQUAL,H0,500,6,12,910.5557804404052
8YP_H0_N500_P1_EQUAL_seed006,P1_EQUAL,H0,500,6,13,22.21389019977505
8YP_H0_N500_P1_EQUAL_seed006,P1_EQUAL,H0,500,6,14,1564.4439597172513
8YP_H0_N500_P1_EQUAL_seed006,P1_EQUAL,H0,500,6,15,248.07586213503964
8YP_H0_N500_P2_HASHPROP_seed006,P2_HASHPROP,H0,500,6,1,236.28834668297722
8YP_H0_N500_P2_HASHPROP_seed006,P2_HASHPROP,H0,500,6,2,17.384063559135058
8YP_H0_N500_P2_HASHPROP_seed006,P2_HASHPROP,H0,500,6,3,1070.035575737043
8YP_H0_N500_P2_HASHPROP_seed006,P2_HASHPROP,H0,500,6,4,1005.7093171347835
8YP_H0_N500_P2_HASHPROP_seed006,P2_HASHPROP,H0,500,6,5,799.7817573692028
8YP_H0_N500_P2_HASHPROP_seed006,P2_HASHPROP,H0,500,6,6,1123.1107812548134
8YP_H0_N500_P2_HASHPROP_seed006,P2_HASHPROP,H0,500,6,7,32.98426271311746
8YP_H0_N500_P2_HASHPROP_seed006,P2_HASHPROP,H0,500,6,8,608.5554996792953
8YP_H0_N500_P2_HASHPROP_seed006,P2_HASHPROP,H0,500,6,9,174.38431507692985
8YP_H0_N500_P2_HASHPROP_seed006,P2_HASHPROP,H0,500,6,10,276.9888047467475
8YP_H0_N500_P2_HASHPROP_seed006,P2_HASHPROP,H0,500,6,11,1836.7853128061915
8YP_H0_N500_P2_HASHPROP_seed006,P2_HASHPROP,H0,500,6,12,910.5557804404052
8YP_H0_N500_P2_HASHPROP_seed006,P2_HASHPROP,H0,500,6,13,22.21389019977505
8YP_H0_N500_P2_HASHPROP_seed006,P2_HASHPROP,H0,500,6,14,1564.4439597172513
8YP_H0_N500_P2_HASHPROP_seed006,P2_HASHPROP,H0,500,6,15,248.07586213503964
8YP_H0_N500_P3_ENERGY_seed006,P3_ENERGY,H0,500,6,1,236.28834668297722
8YP_H0_N500_P3_ENERGY_seed006,P3_ENERGY,H0,500,6,2,17.384063559135058
8YP_H0_N500_P3_ENERGY_seed006,P3_ENERGY,H0,500,6,3,1070.035575737043
8YP_H0_N500_P3_ENERGY_seed006,P3_ENERGY,H0,500,6,4,2003.0951839700972
8YP_H0_N500_P3_ENERGY_seed006,P3_ENERGY,H0,500,6,5,1124.6876555994536
8YP_H0_N500_P3_ENERGY_seed006,P3_ENERGY,H0,500,6,6,33.15410681877347
8YP_H0_N500_P3_ENERGY_seed006,P3_ENERGY,H0,500,6,7,607.5979071507718
8YP_H0_N500_P3_ENERGY_seed006,P3_ENERGY,H0,500,6,8,175.93563258774157
8YP_H0_N500_P3_ENERGY_seed006,P3_ENERGY,H0,500,6,9,276.95727439496204
8YP_H0_N500_P3_ENERGY_seed006,P3_ENERGY,H0,500,6,10,1834.6916711568083
8YP_H0_N500_P3_ENERGY_seed006,P3_ENERGY,H0,500,6,11,969.4015694402406
8YP_H0_N500_P3_ENERGY_seed006,P3_ENERGY,H0,500,6,12,21.442364403163083
8YP_H0_N500_P3_ENERGY_seed006,P3_ENERGY,H0,500,6,13,1563.4887649986613
8YP_H0_N500_P4_RESERVE_seed006,P4_RESERVE,H0,500,6,1,236.28834668297722
8YP_H0_N500_P4_RESERVE_seed006,P4_RESERVE,H0,500,6,2,17.384063559135058
8YP_H0_N500_P4_RESERVE_seed006,P4_RESERVE,H0,500,6,3,1811.6535821722136
8YP_H0_N500_P4_RESERVE_seed006,P4_RESERVE,H0,500,6,4,2911.6789212641715
8YP_H0_N500_P4_RESERVE_seed006,P4_RESERVE,H0,500,6,5,2031.2599903069222
8YP_H0_N500_P4_RESERVE_seed006,P4_RESERVE,H0,500,6,6,33.15410681877347
8YP_H0_N500_P4_RESERVE_seed006,P4_RESERVE,H0,500,6,7,1515.0261604268399
8YP_H0_N500_P4_RESERVE_seed006,P4_RESERVE,H0,500,6,8,175.93563258774338
8YP_H0_N500_P4_RESERVE_seed006,P4_RESERVE,H0,500,6,9,276.95727439496295
8YP_H2_N100_POW_seed001,POW,H2,100,1,1,1489.6735718382226
8YP_H2_N100_POW_seed001,POW,H2,100,1,2,450.5005263736937
8YP_H2_N100_POW_seed001,POW,H2,100,1,3,48.84649772876037
8YP_H2_N100_POW_seed001,POW,H2,100,1,4,70.9144265659279
8YP_H2_N100_POW_seed001,POW,H2,100,1,5,10.424157932465732
8YP_H2_N100_POW_seed001,POW,H2,100,1,6,319.0888099405179
8YP_H2_N100_POW_seed001,POW,H2,100,1,7,423.4071190424038
8YP_H2_N100_POW_seed001,POW,H2,100,1,8,520.4718733573709
8YP_H2_N100_POW_seed001,POW,H2,100,1,9,1465.125798245801
8YP_H2_N100_POW_seed001,POW,H2,100,1,10,221.2692553734114
8YP_H2_N100_POW_seed001,POW,H2,100,1,11,1305.9183911168857
8YP_H2_N100_POW_seed001,POW,H2,100,1,12,36.606080151011156
8YP_H2_N100_POW_seed001,POW,H2,100,1,13,63.87739842899737
8YP_H2_N100_POW_seed001,POW,H2,100,1,14,361.5261159059146
8YP_H2_N100_POW_seed001,POW,H2,100,1,15,264.44172637679003
8YP_H2_N100_POW_seed001,POW,H2,100,1,16,106.26437530509338
8YP_H2_N100_POW_seed001,POW,H2,100,1,17,556.3157320087421
8YP_H2_N100_POW_seed001,POW,H2,100,1,18,257.5367246129281
8YP_H2_N100_POW_seed001,POW,H2,100,1,19,1519.315342363161
8YP_H2_N100_POW_seed001,POW,H2,100,1,20,258.1790731215224
8YP_H2_N100_POW_CT_seed001,POW_CT,H2,100,1,1,283.6712890818337
8YP_H2_N100_POW_CT_seed001,POW_CT,H2,100,1,2,1038.233831103958
8YP_H2_N100_POW_CT_seed001,POW_CT,H2,100,1,3,288.45127107346525
8YP_H2_N100_POW_CT_seed001,POW_CT,H2,100,1,4,137.35489583556796
8YP_H2_N100_POW_CT_seed001,POW_CT,H2,100,1,5,1617.7613771404458
8YP_H2_N100_POW_CT_seed001,POW_CT,H2,100,1,6,681.7459916784305
8YP_H2_N100_POW_CT_seed001,POW_CT,H2,100,1,7,5457.9087795495525
8YP_H2_N100_P0_ALL_seed001,P0_ALL,H2,100,1,1,1492.595889665796
8YP_H2_N100_P0_ALL_seed001,P0_ALL,H2,100,1,2,450.5005263736937
8YP_H2_N100_P0_ALL_seed001,P0_ALL,H2,100,1,3,48.84649772876037
8YP_H2_N100_P0_ALL_seed001,P0_ALL,H2,100,1,4,70.9144265659279
8YP_H2_N100_P0_ALL_seed001,P0_ALL,H2,100,1,5,10.424157932465732
8YP_H2_N100_P0_ALL_seed001,P0_ALL,H2,100,1,6,319.0888099405179
8YP_H2_N100_P0_ALL_seed001,P0_ALL,H2,100,1,7,423.4071190424038
8YP_H2_N100_P0_ALL_seed001,P0_ALL,H2,100,1,8,520.4718733573709
8YP_H2_N100_P0_ALL_seed001,P0_ALL,H2,100,1,9,1471.106347905211
8YP_H2_N100_P0_ALL_seed001,P0_ALL,H2,100,1,10,221.2692553734114
8YP_H2_N100_P0_ALL_seed001,P0_ALL,H2,100,1,11,1310.3329761295017
8YP_H2_N100_P0_ALL_seed001,P0_ALL,H2,100,1,12,36.606080151011156
8YP_H2_N100_P0_ALL_seed001,P0_ALL,H2,100,1,13,63.87739842899737
8YP_H2_N100_P0_ALL_seed001,P0_ALL,H2,100,1,14,361.5261159059146
8YP_H2_N100_P0_ALL_seed001,P0_ALL,H2,100,1,15,264.44172637679003
8YP_H2_N100_P0_ALL_seed001,P0_ALL,H2,100,1,16,106.26437530509338
8YP_H2_N100_P0_ALL_seed001,P0_ALL,H2,100,1,17,556.3157320087421
8YP_H2_N100_P0_ALL_seed001,P0_ALL,H2,100,1,18,257.5367246129281
8YP_H2_N100_P0_ALL_seed001,P0_ALL,H2,100,1,19,1523.7479375926541
8YP_H2_N100_P0_ALL_seed001,P0_ALL,H2,100,1,20,258.1790731215224
8YP_H2_N100_P1_EQUAL_seed001,P1_EQUAL,H2,100,1,1,2374.5414713955647
8YP_H2_N100_P1_EQUAL_seed001,P1_EQUAL,H2,100,1,2,196.70476527352548
8YP_H2_N100_P1_EQUAL_seed001,P1_EQUAL,H2,100,1,3,97.36492617012391
8YP_H2_N100_P1_EQUAL_seed001,P1_EQUAL,H2,100,1,4,70.9144265659279
8YP_H2_N100_P1_EQUAL_seed001,P1_EQUAL,H2,100,1,5,10.424157932465732
8YP_H2_N100_P1_EQUAL_seed001,P1_EQUAL,H2,100,1,6,319.0888099405179
8YP_H2_N100_P1_EQUAL_seed001,P1_EQUAL,H2,100,1,7,423.4071190424038
8YP_H2_N100_P1_EQUAL_seed001,P1_EQUAL,H2,100,1,8,229.7745001762073
8YP_H2_N100_P1_EQUAL_seed001,P1_EQUAL,H2,100,1,9,642.4812359855059
8YP_H2_N100_P1_EQUAL_seed001,P1_EQUAL,H2,100,1,10,1260.3491534780496
8YP_H2_N100_P1_EQUAL_seed001,P1_EQUAL,H2,100,1,11,27.175922145340337
8YP_H2_N100_P1_EQUAL_seed001,P1_EQUAL,H2,100,1,12,1198.475977121131
8YP_H2_N100_P1_EQUAL_seed001,P1_EQUAL,H2,100,1,13,105.29825195974536
8YP_H2_N100_P1_EQUAL_seed001,P1_EQUAL,H2,100,1,14,36.60181986531825
8YP_H2_N100_P1_EQUAL_seed001,P1_EQUAL,H2,100,1,15,260.0347979033595
8YP_H2_N100_P1_EQUAL_seed001,P1_EQUAL,H2,100,1,16,264.44172637679003
8YP_H2_N100_P1_EQUAL_seed001,P1_EQUAL,H2,100,1,17,311.7231199816615
8YP_H2_N100_P1_EQUAL_seed001,P1_EQUAL,H2,100,1,18,387.3800371887228
8YP_H2_N100_P1_EQUAL_seed001,P1_EQUAL,H2,100,1,19,257.5367246129281
8YP_H2_N100_P1_EQUAL_seed001,P1_EQUAL,H2,100,1,20,932.3803821930815
8YP_H2_N100_P2_HASHPROP_seed001,P2_HASHPROP,H2,100,1,1,1492.595889665796
8YP_H2_N100_P2_HASHPROP_seed001,P2_HASHPROP,H2,100,1,2,450.5005263736937
8YP_H2_N100_P2_HASHPROP_seed001,P2_HASHPROP,H2,100,1,3,48.84649772876037
8YP_H2_N100_P2_HASHPROP_seed001,P2_HASHPROP,H2,100,1,4,70.9144265659279
8YP_H2_N100_P2_HASHPROP_seed001,P2_HASHPROP,H2,100,1,5,10.424157932465732
8YP_H2_N100_P2_HASHPROP_seed001,P2_HASHPROP,H2,100,1,6,319.0888099405179
8YP_H2_N100_P2_HASHPROP_seed001,P2_HASHPROP,H2,100,1,7,423.4071190424038
8YP_H2_N100_P2_HASHPROP_seed001,P2_HASHPROP,H2,100,1,8,520.4718733573709
8YP_H2_N100_P2_HASHPROP_seed001,P2_HASHPROP,H2,100,1,9,1471.106347905211
8YP_H2_N100_P2_HASHPROP_seed001,P2_HASHPROP,H2,100,1,10,221.2692553734114
8YP_H2_N100_P2_HASHPROP_seed001,P2_HASHPROP,H2,100,1,11,1310.3329761295017
8YP_H2_N100_P2_HASHPROP_seed001,P2_HASHPROP,H2,100,1,12,36.606080151011156
8YP_H2_N100_P2_HASHPROP_seed001,P2_HASHPROP,H2,100,1,13,63.87739842899737
8YP_H2_N100_P2_HASHPROP_seed001,P2_HASHPROP,H2,100,1,14,361.5261159059146
8YP_H2_N100_P2_HASHPROP_seed001,P2_HASHPROP,H2,100,1,15,264.44172637679003
8YP_H2_N100_P2_HASHPROP_seed001,P2_HASHPROP,H2,100,1,16,106.26437530509338
8YP_H2_N100_P2_HASHPROP_seed001,P2_HASHPROP,H2,100,1,17,556.3157320087421
8YP_H2_N100_P2_HASHPROP_seed001,P2_HASHPROP,H2,100,1,18,257.5367246129281
8YP_H2_N100_P2_HASHPROP_seed001,P2_HASHPROP,H2,100,1,19,1523.7479375926541
8YP_H2_N100_P2_HASHPROP_seed001,P2_HASHPROP,H2,100,1,20,258.1790731215224
8YP_H2_N100_P3_ENERGY_seed001,P3_ENERGY,H2,100,1,1,2253.6779233188327
8YP_H2_N100_P3_ENERGY_seed001,P3_ENERGY,H2,100,1,2,671.8814622801551
8YP_H2_N100_P3_ENERGY_seed001,P3_ENERGY,H2,100,1,3,10.692820004341229
8YP_H2_N100_P3_ENERGY_seed001,P3_ENERGY,H2,100,1,4,1024.4283817738374
8YP_H2_N100_P3_ENERGY_seed001,P3_ENERGY,H2,100,1,5,520.3914384783984
8YP_H2_N100_P3_ENERGY_seed001,P3_ENERGY,H2,100,1,6,1789.9689412151556
8YP_H2_N100_P3_ENERGY_seed001,P3_ENERGY,H2,100,1,7,221.51187837376074
8YP_H2_N100_P3_ENERGY_seed001,P3_ENERGY,H2,100,1,8,1309.8751529390238
8YP_H2_N100_P3_ENERGY_seed001,P3_ENERGY,H2,100,1,9,37.47357027213275
8YP_H2_N100_P3_ENERGY_seed001,P3_ENERGY,H2,100,1,10,379.18087344889864
8YP_H2_N100_P3_ENERGY_seed001,P3_ENERGY,H2,100,1,11,865.6919799000534
8YP_H2_N100_P3_ENERGY_seed001,P3_ENERGY,H2,100,1,12,106.25966833883103
8YP_H2_N100_P3_ENERGY_seed001,P3_ENERGY,H2,100,1,13,556.7820844739417
8YP_H2_N100_P4_RESERVE_seed001,P4_RESERVE,H2,100,1,1,2402.5958896657958
8YP_H2_N100_P4_RESERVE_seed001,P4_RESERVE,H2,100,1,2,450.50052637369345
8YP_H2_N100_P4_RESERVE_seed001,P4_RESERVE,H2,100,1,3,1558.5536364660124
8YP_H2_N100_P4_RESERVE_seed001,P4_RESERVE,H2,100,1,4,11.52137050181318
8YP_H2_N100_P4_RESERVE_seed001,P4_RESERVE,H2,100,1,5,439.4106460163475
8YP_H2_N100_P4_RESERVE_seed001,P4_RESERVE,H2,100,1,6,423.1159930173362
8YP_H2_N100_P4_RESERVE_seed001,P4_RESERVE,H2,100,1,7,520.4601471638516
8YP_H2_N100_P4_RESERVE_seed001,P4_RESERVE,H2,100,1,8,2697.584762088407
8YP_H2_N100_P4_RESERVE_seed001,P4_RESERVE,H2,100,1,9,221.11936549677193
8YP_H2_N100_P4_RESERVE_seed001,P4_RESERVE,H2,100,1,10,574.8532269152201
8YP_H2_N100_POW_seed002,POW,H2,100,2,1,124.09042679988339
8YP_H2_N100_POW_seed002,POW,H2,100,2,2,247.06525208050846
8YP_H2_N100_POW_seed002,POW,H2,100,2,3,520.9868086060073
8YP_H2_N100_POW_seed002,POW,H2,100,2,4,1.714432799948213
8YP_H2_N100_POW_seed002,POW,H2,100,2,5,230.22135073124366
8YP_H2_N100_POW_seed002,POW,H2,100,2,6,170.2730970359205
8YP_H2_N100_POW_seed002,POW,H2,100,2,7,1439.4965842291717
8YP_H2_N100_POW_seed002,POW,H2,100,2,8,2611.107038532237
8YP_H2_N100_POW_seed002,POW,H2,100,2,9,127.9957007226285
8YP_H2_N100_POW_seed002,POW,H2,100,2,10,72.19495565647048
8YP_H2_N100_POW_seed002,POW,H2,100,2,11,298.25911251608613
8YP_H2_N100_POW_seed002,POW,H2,100,2,12,53.64856954501647
8YP_H2_N100_POW_seed002,POW,H2,100,2,13,235.7692061713924
8YP_H2_N100_POW_seed002,POW,H2,100,2,14,5.113349668979026
8YP_H2_N100_POW_seed002,POW,H2,100,2,15,1170.9137354813574
8YP_H2_N100_POW_seed002,POW,H2,100,2,16,361.9154034333824
8YP_H2_N100_POW_seed002,POW,H2,100,2,17,401.73372054339234
8YP_H2_N100_POW_seed002,POW,H2,100,2,18,1.8330890829856799
8YP_H2_N100_POW_seed002,POW,H2,100,2,19,601.1792346185548
8YP_H2_N100_POW_seed002,POW,H2,100,2,20,939.1030389807147
8YP_H2_N100_POW_CT_seed002,POW_CT,H2,100,2,1,748.7606207541799
8YP_H2_N100_POW_CT_seed002,POW_CT,H2,100,2,2,647.6304970025569
8YP_H2_N100_POW_CT_seed002,POW_CT,H2,100,2,3,1712.605147963344
8YP_H2_N100_POW_CT_seed002,POW_CT,H2,100,2,4,1887.2279505020738
8YP_H2_N100_POW_CT_seed002,POW_CT,H2,100,2,5,2781.0677034715154
8YP_H2_N100_POW_CT_seed002,POW_CT,H2,100,2,6,656.6289810184417
8YP_H2_N100_POW_CT_seed002,POW_CT,H2,100,2,7,1355.0173657491578
8YP_H2_N100_P0_ALL_seed002,P0_ALL,H2,100,2,1,124.09042679988339
8YP_H2_N100_P0_ALL_seed002,P0_ALL,H2,100,2,2,247.06525208050846
8YP_H2_N100_P0_ALL_seed002,P0_ALL,H2,100,2,3,520.9868086060073
8YP_H2_N100_P0_ALL_seed002,P0_ALL,H2,100,2,4,1.714432799948213
8YP_H2_N100_P0_ALL_seed002,P0_ALL,H2,100,2,5,230.22135073124366
8YP_H2_N100_P0_ALL_seed002,P0_ALL,H2,100,2,6,170.2730970359205
8YP_H2_N100_P0_ALL_seed002,P0_ALL,H2,100,2,7,1444.1367306222473
8YP_H2_N100_P0_ALL_seed002,P0_ALL,H2,100,2,8,2620.9109718618292
8YP_H2_N100_P0_ALL_seed002,P0_ALL,H2,100,2,9,127.9957007226285
8YP_H2_N100_P0_ALL_seed002,P0_ALL,H2,100,2,10,72.19495565647048
8YP_H2_N100_P0_ALL_seed002,P0_ALL,H2,100,2,11,298.25911251608613
8YP_H2_N100_P0_ALL_seed002,P0_ALL,H2,100,2,12,53.64856954501647
8YP_H2_N100_P0_ALL_seed002,P0_ALL,H2,100,2,13,235.7692061713924
8YP_H2_N100_P0_ALL_seed002,P0_ALL,H2,100,2,14,5.113349668979026
8YP_H2_N100_P0_ALL_seed002,P0_ALL,H2,100,2,15,1172.5462681735899
8YP_H2_N100_P0_ALL_seed002,P0_ALL,H2,100,2,16,361.9154034333824
8YP_H2_N100_P0_ALL_seed002,P0_ALL,H2,100,2,17,401.73372054339234
8YP_H2_N100_P0_ALL_seed002,P0_ALL,H2,100,2,18,1.8330890829856799
8YP_H2_N100_P0_ALL_seed002,P0_ALL,H2,100,2,19,603.3663106760159
8YP_H2_N100_P0_ALL_seed002,P0_ALL,H2,100,2,20,941.1170533260047
8YP_H2_N100_P1_EQUAL_seed002,P1_EQUAL,H2,100,2,1,248.1808284047277
8YP_H2_N100_P1_EQUAL_seed002,P1_EQUAL,H2,100,2,2,247.0652520805085
8YP_H2_N100_P1_EQUAL_seed002,P1_EQUAL,H2,100,2,3,264.83117282438496
8YP_H2_N100_P1_EQUAL_seed002,P1_EQUAL,H2,100,2,4,3.2970456529993726
8YP_H2_N100_P1_EQUAL_seed002,P1_EQUAL,H2,100,2,5,230.22135073124366
8YP_H2_N100_P1_EQUAL_seed002,P1_EQUAL,H2,100,2,6,325.66262386290157
8YP_H2_N100_P1_EQUAL_seed002,P1_EQUAL,H2,100,2,7,1034.6431727736135
8YP_H2_N100_P1_EQUAL_seed002,P1_EQUAL,H2,100,2,8,480.1934051808571
8YP_H2_N100_P1_EQUAL_seed002,P1_EQUAL,H2,100,2,9,5182.1591236375225
8YP_H2_N100_P1_EQUAL_seed002,P1_EQUAL,H2,100,2,10,72.19495565647048
8YP_H2_N100_P1_EQUAL_seed002,P1_EQUAL,H2,100,2,11,1074.5159190967252
8YP_H2_N100_P1_EQUAL_seed002,P1_EQUAL,H2,100,2,12,2.2303922090832202
8YP_H2_N100_P1_EQUAL_seed002,P1_EQUAL,H2,100,2,13,4.857036044822962
8YP_H2_N100_P2_HASHPROP_seed002,P2_HASHPROP,H2,100,2,1,124.09042679988339
8YP_H2_N100_P2_HASHPROP_seed002,P2_HASHPROP,H2,100,2,2,247.06525208050846
8YP_H2_N100_P2_HASHPROP_seed002,P2_HASHPROP,H2,100,2,3,520.9868086060073
8YP_H2_N100_P2_HASHPROP_seed002,P2_HASHPROP,H2,100,2,4,1.714432799948213
8YP_H2_N100_P2_HASHPROP_seed002,P2_HASHPROP,H2,100,2,5,230.22135073124366
8YP_H2_N100_P2_HASHPROP_seed002,P2_HASHPROP,H2,100,2,6,170.2730970359205
8YP_H2_N100_P2_HASHPROP_seed002,P2_HASHPROP,H2,100,2,7,1444.1367306222473
8YP_H2_N100_P2_HASHPROP_seed002,P2_HASHPROP,H2,100,2,8,2620.9109718618292
8YP_H2_N100_P2_HASHPROP_seed002,P2_HASHPROP,H2,100,2,9,127.9957007226285
8YP_H2_N100_P2_HASHPROP_seed002,P2_HASHPROP,H2,100,2,10,72.19495565647048
8YP_H2_N100_P2_HASHPROP_seed002,P2_HASHPROP,H2,100,2,11,298.25911251608613
8YP_H2_N100_P2_HASHPROP_seed002,P2_HASHPROP,H2,100,2,12,53.64856954501647
8YP_H2_N100_P2_HASHPROP_seed002,P2_HASHPROP,H2,100,2,13,235.7692061713924
8YP_H2_N100_P2_HASHPROP_seed002,P2_HASHPROP,H2,100,2,14,5.113349668979026
8YP_H2_N100_P2_HASHPROP_seed002,P2_HASHPROP,H2,100,2,15,1172.5462681735899
8YP_H2_N100_P2_HASHPROP_seed002,P2_HASHPROP,H2,100,2,16,361.9154034333824
8YP_H2_N100_P2_HASHPROP_seed002,P2_HASHPROP,H2,100,2,17,401.73372054339234
8YP_H2_N100_P2_HASHPROP_seed002,P2_HASHPROP,H2,100,2,18,1.8330890829856799
8YP_H2_N100_P2_HASHPROP_seed002,P2_HASHPROP,H2,100,2,19,603.3663106760159
8YP_H2_N100_P2_HASHPROP_seed002,P2_HASHPROP,H2,100,2,20,941.1170533260047
8YP_H2_N100_P3_ENERGY_seed002,P3_ENERGY,H2,100,2,1,847.2695426613348
8YP_H2_N100_P3_ENERGY_seed002,P3_ENERGY,H2,100,2,2,1176.0325788362081
8YP_H2_N100_P3_ENERGY_seed002,P3_ENERGY,H2,100,2,3,345.7157806553446
8YP_H2_N100_P3_ENERGY_seed002,P3_ENERGY,H2,100,2,4,4424.133934948931
8YP_H2_N100_P3_ENERGY_seed002,P3_ENERGY,H2,100,2,5,729.7912304110951
8YP_H2_N100_P3_ENERGY_seed002,P3_ENERGY,H2,100,2,6,72.18758643706951
8YP_H2_N100_P3_ENERGY_seed002,P3_ENERGY,H2,100,2,7,297.91588205903554
8YP_H2_N100_P3_ENERGY_seed002,P3_ENERGY,H2,100,2,8,53.9492778845879
8YP_H2_N100_P3_ENERGY_seed002,P3_ENERGY,H2,100,2,9,235.71857295404334
8YP_H2_N100_P3_ENERGY_seed002,P3_ENERGY,H2,100,2,10,4.673361164751441
8YP_H2_N100_P3_ENERGY_seed002,P3_ENERGY,H2,100,2,11,1565.8697594866535
8YP_H2_N100_P4_RESERVE_seed002,P4_RESERVE,H2,100,2,1,434.0904267998834
8YP_H2_N100_P4_RESERVE_seed002,P4_RESERVE,H2,100,2,2,247.06525208050846
8YP_H2_N100_P4_RESERVE_seed002,P4_RESERVE,H2,100,2,3,2083.781252182877
8YP_H2_N100_P4_RESERVE_seed002,P4_RESERVE,H2,100,2,4,345.4438644814686
8YP_H2_N100_P4_RESERVE_seed002,P4_RESERVE,H2,100,2,5,539.274351706918
8YP_H2_N100_P4_RESERVE_seed002,P4_RESERVE,H2,100,2,6,1430.4102087771412
8YP_H2_N100_P4_RESERVE_seed002,P4_RESERVE,H2,100,2,7,611.5825870326671
8YP_H2_N100_P4_RESERVE_seed002,P4_RESERVE,H2,100,2,8,1679.5612273105244
8YP_H2_N100_P4_RESERVE_seed002,P4_RESERVE,H2,100,2,9,2324.039832463325
8YP_H2_N100_POW_seed003,POW,H2,100,3,1,226.44324280621237
8YP_H2_N100_POW_seed003,POW,H2,100,3,2,46.355369896225
8YP_H2_N100_POW_seed003,POW,H2,100,3,3,402.42901628468326
8YP_H2_N100_POW_seed003,POW,H2,100,3,4,382.8023715746067
8YP_H2_N100_POW_seed003,POW,H2,100,3,5,482.4113073792571
8YP_H2_N100_POW_seed003,POW,H2,100,3,6,646.3612735799263
8YP_H2_N100_POW_seed003,POW,H2,100,3,7,421.9012527510754
8YP_H2_N100_POW_seed003,POW,H2,100,3,8,1366.431969418356
8YP_H2_N100_POW_seed003,POW,H2,100,3,9,429.9390081209449
8YP_H2_N100_POW_seed003,POW,H2,100,3,10,1113.9403909341763
8YP_H2_N100_POW_seed003,POW,H2,100,3,11,1420.2245175669996
8YP_H2_N100_POW_seed003,POW,H2,100,3,12,843.5990402160378
8YP_H2_N100_POW_seed003,POW,H2,100,3,13,642.7798909682351
8YP_H2_N100_POW_seed003,POW,H2,100,3,14,38.48023419081801
8YP_H2_N100_POW_seed003,POW,H2,100,3,15,1308.2391271279903
8YP_H2_N100_POW_CT_seed003,POW_CT,H2,100,3,1,89.84885568239895
8YP_H2_N100_POW_CT_seed003,POW_CT,H2,100,3,2,1856.250838386421
8YP_H2_N100_POW_CT_seed003,POW_CT,H2,100,3,3,16.15901411791515
8YP_H2_N100_POW_CT_seed003,POW_CT,H2,100,3,4,1252.060075946765
8YP_H2_N100_POW_CT_seed003,POW_CT,H2,100,3,5,3671.3677648370376
8YP_H2_N100_POW_CT_seed003,POW_CT,H2,100,3,6,1285.2862992154933
8YP_H2_N100_POW_CT_seed003,POW_CT,H2,100,3,7,914.787885653448
8YP_H2_N100_POW_CT_seed003,POW_CT,H2,100,3,8,46.276728151617135
8YP_H2_N100_P0_ALL_seed003,P0_ALL,H2,100,3,1,226.44324280621237
8YP_H2_N100_P0_ALL_seed003,P0_ALL,H2,100,3,2,46.355369896225
8YP_H2_N100_P0_ALL_seed003,P0_ALL,H2,100,3,3,402.42901628468326
8YP_H2_N100_P0_ALL_seed003,P0_ALL,H2,100,3,4,382.8023715746067
8YP_H2_N100_P0_ALL_seed003,P0_ALL,H2,100,3,5,482.4113073792571
8YP_H2_N100_P0_ALL_seed003,P0_ALL,H2,100,3,6,648.9008276123275
8YP_H2_N100_P0_ALL_seed003,P0_ALL,H2,100,3,7,421.9012527510754
8YP_H2_N100_P0_ALL_seed003,P0_ALL,H2,100,3,8,1370.1148740335098
8YP_H2_N100_P0_ALL_seed003,P0_ALL,H2,100,3,9,429.9390081209449
8YP_H2_N100_P0_ALL_seed003,P0_ALL,H2,100,3,10,1116.4081811939623
8YP_H2_N100_P0_ALL_seed003,P0_ALL,H2,100,3,11,1423.894771844526
8YP_H2_N100_P0_ALL_seed003,P0_ALL,H2,100,3,12,845.1697373266761
8YP_H2_N100_P0_ALL_seed003,P0_ALL,H2,100,3,13,643.8742274761398
8YP_H2_N100_P0_ALL_seed003,P0_ALL,H2,100,3,14,38.48023419081801
8YP_H2_N100_P0_ALL_seed003,P0_ALL,H2,100,3,15,1314.0215073943782
8YP_H2_N100_P1_EQUAL_seed003,P1_EQUAL,H2,100,3,1,226.44324280621237
8YP_H2_N100_P1_EQUAL_seed003,P1_EQUAL,H2,100,3,2,46.355369896225
8YP_H2_N100_P1_EQUAL_seed003,P1_EQUAL,H2,100,3,3,402.42901628468326
8YP_H2_N100_P1_EQUAL_seed003,P1_EQUAL,H2,100,3,4,765.3838518719999
8YP_H2_N100_P1_EQUAL_seed003,P1_EQUAL,H2,100,3,5,84.0361485381186
8YP_H2_N100_P1_EQUAL_seed003,P1_EQUAL,H2,100,3,6,243.1754267585345
8YP_H2_N100_P1_EQUAL_seed003,P1_EQUAL,H2,100,3,7,45.62679845249977
8YP_H2_N100_P1_EQUAL_seed003,P1_EQUAL,H2,100,3,8,422.64092787194227
8YP_H2_N100_P1_EQUAL_seed003,P1_EQUAL,H2,100,3,9,2119.332429147346
8YP_H2_N100_P1_EQUAL_seed003,P1_EQUAL,H2,100,3,10,429.92707971992695
8YP_H2_N100_P2_HASHPROP_seed003,P2_HASHPROP,H2,100,3,1,226.44324280621237
8YP_H2_N100_P2_HASHPROP_seed003,P2_HASHPROP,H2,100,3,2,46.355369896225
8YP_H2_N100_P2_HASHPROP_seed003,P2_HASHPROP,H2,100,3,3,402.42901628468326
8YP_H2_N100_P2_HASHPROP_seed003,P2_HASHPROP,H2,100,3,4,382.8023715746067
8YP_H2_N100_P2_HASHPROP_seed003,P2_HASHPROP,H2,100,3,5,482.4113073792571
8YP_H2_N100_P2_HASHPROP_seed003,P2_HASHPROP,H2,100,3,6,648.9008276123275
8YP_H2_N100_P2_HASHPROP_seed003,P2_HASHPROP,H2,100,3,7,421.9012527510754
8YP_H2_N100_P2_HASHPROP_seed003,P2_HASHPROP,H2,100,3,8,1370.1148740335098
8YP_H2_N100_P2_HASHPROP_seed003,P2_HASHPROP,H2,100,3,9,429.9390081209449
8YP_H2_N100_P2_HASHPROP_seed003,P2_HASHPROP,H2,100,3,10,1116.4081811939623
8YP_H2_N100_P2_HASHPROP_seed003,P2_HASHPROP,H2,100,3,11,1423.894771844526
8YP_H2_N100_P2_HASHPROP_seed003,P2_HASHPROP,H2,100,3,12,845.1697373266761
8YP_H2_N100_P2_HASHPROP_seed003,P2_HASHPROP,H2,100,3,13,643.8742274761398
8YP_H2_N100_P2_HASHPROP_seed003,P2_HASHPROP,H2,100,3,14,38.48023419081801
8YP_H2_N100_P2_HASHPROP_seed003,P2_HASHPROP,H2,100,3,15,1314.0215073943782
8YP_H2_N100_P3_ENERGY_seed003,P3_ENERGY,H2,100,3,1,226.44324280621237
8YP_H2_N100_P3_ENERGY_seed003,P3_ENERGY,H2,100,3,2,46.355369896225
8YP_H2_N100_P3_ENERGY_seed003,P3_ENERGY,H2,100,3,3,402.42901628468326
8YP_H2_N100_P3_ENERGY_seed003,P3_ENERGY,H2,100,3,4,382.8023715746067
8YP_H2_N100_P3_ENERGY_seed003,P3_ENERGY,H2,100,3,5,482.4113073792571
8YP_H2_N100_P3_ENERGY_seed003,P3_ENERGY,H2,100,3,6,648.8828336724862
8YP_H2_N100_P3_ENERGY_seed003,P3_ENERGY,H2,100,3,7,421.9012527510754
8YP_H2_N100_P3_ENERGY_seed003,P3_ENERGY,H2,100,3,8,1494.5969454856108
8YP_H2_N100_P3_ENERGY_seed003,P3_ENERGY,H2,100,3,9,429.9390081209449
8YP_H2_N100_P3_ENERGY_seed003,P3_ENERGY,H2,100,3,10,1115.7668149665506
8YP_H2_N100_P3_ENERGY_seed003,P3_ENERGY,H2,100,3,11,1423.739323517163
8YP_H2_N100_P3_ENERGY_seed003,P3_ENERGY,H2,100,3,12,1847.3268453460169
8YP_H2_N100_P4_RESERVE_seed003,P4_RESERVE,H2,100,3,1,226.44324280621237
8YP_H2_N100_P4_RESERVE_seed003,P4_RESERVE,H2,100,3,2,46.355369896225
8YP_H2_N100_P4_RESERVE_seed003,P4_RESERVE,H2,100,3,3,402.42901628468326
8YP_H2_N100_P4_RESERVE_seed003,P4_RESERVE,H2,100,3,4,382.8023715746067
8YP_H2_N100_P4_RESERVE_seed003,P4_RESERVE,H2,100,3,5,482.4113073792571
8YP_H2_N100_P4_RESERVE_seed003,P4_RESERVE,H2,100,3,6,1555.773953337564
8YP_H2_N100_P4_RESERVE_seed003,P4_RESERVE,H2,100,3,7,421.9012527510754
8YP_H2_N100_P4_RESERVE_seed003,P4_RESERVE,H2,100,3,8,2403.3406053867207
8YP_H2_N100_P4_RESERVE_seed003,P4_RESERVE,H2,100,3,9,429.9390081209449
8YP_H2_N100_P4_RESERVE_seed003,P4_RESERVE,H2,100,3,10,475.03861428953223
8YP_H2_N100_P4_RESERVE_seed003,P4_RESERVE,H2,100,3,11,514.3909062487573
8YP_H2_N100_P4_RESERVE_seed003,P4_RESERVE,H2,100,3,12,2331.9429241981416
8YP_H2_N100_POW_seed004,POW,H2,100,4,1,157.72206174920956
8YP_H2_N100_POW_seed004,POW,H2,100,4,2,127.98385923529611
8YP_H2_N100_POW_seed004,POW,H2,100,4,3,736.2115972073079
8YP_H2_N100_POW_seed004,POW,H2,100,4,4,1007.5135822146879
8YP_H2_N100_POW_seed004,POW,H2,100,4,5,29.5071659895209
8YP_H2_N100_POW_seed004,POW,H2,100,4,6,76.95934955288203
8YP_H2_N100_POW_seed004,POW,H2,100,4,7,942.9083807438255
8YP_H2_N100_POW_seed004,POW,H2,100,4,8,36.37359851112615
8YP_H2_N100_POW_seed004,POW,H2,100,4,9,1885.6009264176414
8YP_H2_N100_POW_seed004,POW,H2,100,4,10,1053.4781553844714
8YP_H2_N100_POW_seed004,POW,H2,100,4,11,118.76192992562301
8YP_H2_N100_POW_seed004,POW,H2,100,4,12,148.15369664030914
8YP_H2_N100_POW_seed004,POW,H2,100,4,13,45.388292266733515
8YP_H2_N100_POW_seed004,POW,H2,100,4,14,430.11769851596637
8YP_H2_N100_POW_seed004,POW,H2,100,4,15,33.64457491276062
8YP_H2_N100_POW_seed004,POW,H2,100,4,16,163.1524384843906
8YP_H2_N100_POW_seed004,POW,H2,100,4,17,309.35094921754626
8YP_H2_N100_POW_seed004,POW,H2,100,4,18,356.11131096670215
8YP_H2_N100_POW_seed004,POW,H2,100,4,19,856.9425760104095
8YP_H2_N100_POW_seed004,POW,H2,100,4,20,624.8956514528854
8YP_H2_N100_POW_CT_seed004,POW_CT,H2,100,4,1,1160.2285412001916
8YP_H2_N100_POW_CT_seed004,POW_CT,H2,100,4,2,583.4632952617724
8YP_H2_N100_POW_CT_seed004,POW_CT,H2,100,4,3,1863.5496949813999
8YP_H2_N100_POW_CT_seed004,POW_CT,H2,100,4,4,689.4397880930128
8YP_H2_N100_POW_CT_seed004,POW_CT,H2,100,4,5,1386.2167096793137
8YP_H2_N100_POW_CT_seed004,POW_CT,H2,100,4,6,531.9898502153355
8YP_H2_N100_POW_CT_seed004,POW_CT,H2,100,4,7,256.70761951103214
8YP_H2_N100_POW_CT_seed004,POW_CT,H2,100,4,8,26.285521302139387
8YP_H2_N100_POW_CT_seed004,POW_CT,H2,100,4,9,2614.0533963518437
8YP_H2_N100_P0_ALL_seed004,P0_ALL,H2,100,4,1,157.72206174920956
8YP_H2_N100_P0_ALL_seed004,P0_ALL,H2,100,4,2,127.98385923529611
8YP_H2_N100_P0_ALL_seed004,P0_ALL,H2,100,4,3,737.6381307129914
8YP_H2_N100_P0_ALL_seed004,P0_ALL,H2,100,4,4,1009.1811473053142
8YP_H2_N100_P0_ALL_seed004,P0_ALL,H2,100,4,5,29.5071659895209
8YP_H2_N100_P0_ALL_seed004,P0_ALL,H2,100,4,6,76.95934955288203
8YP_H2_N100_P0_ALL_seed004,P0_ALL,H2,100,4,7,944.8113241201468
8YP_H2_N100_P0_ALL_seed004,P0_ALL,H2,100,4,8,36.37359851112615
8YP_H2_N100_P0_ALL_seed004,P0_ALL,H2,100,4,9,1893.1699154713979
8YP_H2_N100_P0_ALL_seed004,P0_ALL,H2,100,4,10,1056.1358816459087
8YP_H2_N100_P0_ALL_seed004,P0_ALL,H2,100,4,11,118.76192992562301
8YP_H2_N100_P0_ALL_seed004,P0_ALL,H2,100,4,12,148.15369664030914
8YP_H2_N100_P0_ALL_seed004,P0_ALL,H2,100,4,13,45.388292266733515
8YP_H2_N100_P0_ALL_seed004,P0_ALL,H2,100,4,14,430.11769851596637
8YP_H2_N100_P0_ALL_seed004,P0_ALL,H2,100,4,15,33.64457491276062
8YP_H2_N100_P0_ALL_seed004,P0_ALL,H2,100,4,16,163.1524384843906
8YP_H2_N100_P0_ALL_seed004,P0_ALL,H2,100,4,17,309.35094921754626
8YP_H2_N100_P0_ALL_seed004,P0_ALL,H2,100,4,18,356.11131096670124
8YP_H2_N100_P0_ALL_seed004,P0_ALL,H2,100,4,19,859.7615928383748
8YP_H2_N100_P0_ALL_seed004,P0_ALL,H2,100,4,20,626.2419077861177
8YP_H2_N100_P1_EQUAL_seed004,P1_EQUAL,H2,100,4,1,157.72206174920956
8YP_H2_N100_P1_EQUAL_seed004,P1_EQUAL,H2,100,4,2,127.98385923529611
8YP_H2_N100_P1_EQUAL_seed004,P1_EQUAL,H2,100,4,3,32.37542176949029
8YP_H2_N100_P1_EQUAL_seed004,P1_EQUAL,H2,100,4,4,272.85440361256894
8YP_H2_N100_P1_EQUAL_seed004,P1_EQUAL,H2,100,4,5,1109.080012154783
8YP_H2_N100_P1_EQUAL_seed004,P1_EQUAL,H2,100,4,6,29.980551461342657
8YP_H2_N100_P1_EQUAL_seed004,P1_EQUAL,H2,100,4,7,76.58197640931894
8YP_H2_N100_P1_EQUAL_seed004,P1_EQUAL,H2,100,4,8,1321.0479946743635
8YP_H2_N100_P1_EQUAL_seed004,P1_EQUAL,H2,100,4,9,36.519777308294124
8YP_H2_N100_P1_EQUAL_seed004,P1_EQUAL,H2,100,4,10,3101.2362187813237
8YP_H2_N100_P1_EQUAL_seed004,P1_EQUAL,H2,100,4,11,996.8259000445032
8YP_H2_N100_P1_EQUAL_seed004,P1_EQUAL,H2,100,4,12,117.30618767541455
8YP_H2_N100_P1_EQUAL_seed004,P1_EQUAL,H2,100,4,13,148.1976270647283
8YP_H2_N100_P1_EQUAL_seed004,P1_EQUAL,H2,100,4,14,90.73812025196912
8YP_H2_N100_P1_EQUAL_seed004,P1_EQUAL,H2,100,4,15,430.88138101042114
8YP_H2_N100_P1_EQUAL_seed004,P1_EQUAL,H2,100,4,16,67.28674474415584
8YP_H2_N100_P1_EQUAL_seed004,P1_EQUAL,H2,100,4,17,1285.4585849783452
8YP_H2_N100_P1_EQUAL_seed004,P1_EQUAL,H2,100,4,18,157.3467247385979
8YP_H2_N100_P2_HASHPROP_seed004,P2_HASHPROP,H2,100,4,1,157.72206174920956
8YP_H2_N100_P2_HASHPROP_seed004,P2_HASHPROP,H2,100,4,2,127.98385923529611
8YP_H2_N100_P2_HASHPROP_seed004,P2_HASHPROP,H2,100,4,3,737.6381307129914
8YP_H2_N100_P2_HASHPROP_seed004,P2_HASHPROP,H2,100,4,4,1009.1811473053142
8YP_H2_N100_P2_HASHPROP_seed004,P2_HASHPROP,H2,100,4,5,29.5071659895209
8YP_H2_N100_P2_HASHPROP_seed004,P2_HASHPROP,H2,100,4,6,76.95934955288203
8YP_H2_N100_P2_HASHPROP_seed004,P2_HASHPROP,H2,100,4,7,944.8113241201468
8YP_H2_N100_P2_HASHPROP_seed004,P2_HASHPROP,H2,100,4,8,36.37359851112615
8YP_H2_N100_P2_HASHPROP_seed004,P2_HASHPROP,H2,100,4,9,1893.1699154713979
8YP_H2_N100_P2_HASHPROP_seed004,P2_HASHPROP,H2,100,4,10,1056.1358816459087
8YP_H2_N100_P2_HASHPROP_seed004,P2_HASHPROP,H2,100,4,11,118.76192992562301
8YP_H2_N100_P2_HASHPROP_seed004,P2_HASHPROP,H2,100,4,12,148.15369664030914
8YP_H2_N100_P2_HASHPROP_seed004,P2_HASHPROP,H2,100,4,13,45.388292266733515
8YP_H2_N100_P2_HASHPROP_seed004,P2_HASHPROP,H2,100,4,14,430.11769851596637
8YP_H2_N100_P2_HASHPROP_seed004,P2_HASHPROP,H2,100,4,15,33.64457491276062
8YP_H2_N100_P2_HASHPROP_seed004,P2_HASHPROP,H2,100,4,16,163.1524384843906
8YP_H2_N100_P2_HASHPROP_seed004,P2_HASHPROP,H2,100,4,17,309.35094921754626
8YP_H2_N100_P2_HASHPROP_seed004,P2_HASHPROP,H2,100,4,18,356.11131096670124
8YP_H2_N100_P2_HASHPROP_seed004,P2_HASHPROP,H2,100,4,19,859.7615928383748
8YP_H2_N100_P2_HASHPROP_seed004,P2_HASHPROP,H2,100,4,20,626.2419077861177
8YP_H2_N100_P3_ENERGY_seed004,P3_ENERGY,H2,100,4,1,157.72206174920956
8YP_H2_N100_P3_ENERGY_seed004,P3_ENERGY,H2,100,4,2,127.98385923529611
8YP_H2_N100_P3_ENERGY_seed004,P3_ENERGY,H2,100,4,3,2257.0488079194265
8YP_H2_N100_P3_ENERGY_seed004,P3_ENERGY,H2,100,4,4,29.407396856235664
8YP_H2_N100_P3_ENERGY_seed004,P3_ENERGY,H2,100,4,5,76.57744086735465
8YP_H2_N100_P3_ENERGY_seed004,P3_ENERGY,H2,100,4,6,943.8881703878023
8YP_H2_N100_P3_ENERGY_seed004,P3_ENERGY,H2,100,4,7,4064.9243619522804
8YP_H2_N100_P3_ENERGY_seed004,P3_ENERGY,H2,100,4,8,749.4051485709197
8YP_H2_N100_P3_ENERGY_seed004,P3_ENERGY,H2,100,4,9,569.7648110411283
8YP_H2_N100_P3_ENERGY_seed004,P3_ENERGY,H2,100,4,10,429.76712860370026
8YP_H2_N100_P4_RESERVE_seed004,P4_RESERVE,H2,100,4,1,157.72206174920956
8YP_H2_N100_P4_RESERVE_seed004,P4_RESERVE,H2,100,4,2,127.98385923529611
8YP_H2_N100_P4_RESERVE_seed004,P4_RESERVE,H2,100,4,3,2849.5485153450168
8YP_H2_N100_P4_RESERVE_seed004,P4_RESERVE,H2,100,4,4,29.407396856235664
8YP_H2_N100_P4_RESERVE_seed004,P4_RESERVE,H2,100,4,5,76.57744086735465
8YP_H2_N100_P4_RESERVE_seed004,P4_RESERVE,H2,100,4,6,1852.9070820939037
8YP_H2_N100_P4_RESERVE_seed004,P4_RESERVE,H2,100,4,7,3355.6052865452957
8YP_H2_N100_POW_seed005,POW,H2,100,5,1,1410.5488161632668
8YP_H2_N100_POW_seed005,POW,H2,100,5,2,16.24317011003245
8YP_H2_N100_POW_seed005,POW,H2,100,5,3,537.5182402796149
8YP_H2_N100_POW_seed005,POW,H2,100,5,4,389.8257002121559
8YP_H2_N100_POW_seed005,POW,H2,100,5,5,135.20662180207728
8YP_H2_N100_POW_seed005,POW,H2,100,5,6,691.0109899445056
8YP_H2_N100_POW_seed005,POW,H2,100,5,7,538.2048425000762
8YP_H2_N100_POW_seed005,POW,H2,100,5,8,744.6351441166839
8YP_H2_N100_POW_seed005,POW,H2,100,5,9,227.909477107989
8YP_H2_N100_POW_seed005,POW,H2,100,5,10,899.1951152557185
8YP_H2_N100_POW_seed005,POW,H2,100,5,11,66.45771972986131
8YP_H2_N100_POW_seed005,POW,H2,100,5,12,623.1210454325501
8YP_H2_N100_POW_seed005,POW,H2,100,5,13,1352.923200465215
8YP_H2_N100_POW_seed005,POW,H2,100,5,14,1143.4077691752673
8YP_H2_N100_POW_seed005,POW,H2,100,5,15,911.9413256728822
8YP_H2_N100_POW_seed005,POW,H2,100,5,16,79.24739073434648
8YP_H2_N100_POW_CT_seed005,POW_CT,H2,100,5,1,387.5359682183019
8YP_H2_N100_POW_CT_seed005,POW_CT,H2,100,5,2,787.9910516041216
8YP_H2_N100_POW_CT_seed005,POW_CT,H2,100,5,3,206.06573541694752
8YP_H2_N100_POW_CT_seed005,POW_CT,H2,100,5,4,498.62321378373576
8YP_H2_N100_POW_CT_seed005,POW_CT,H2,100,5,5,1.7704418287667067
8YP_H2_N100_POW_CT_seed005,POW_CT,H2,100,5,6,568.156548852168
8YP_H2_N100_POW_CT_seed005,POW_CT,H2,100,5,7,4508.570914188631
8YP_H2_N100_POW_CT_seed005,POW_CT,H2,100,5,8,183.25276490583565
8YP_H2_N100_POW_CT_seed005,POW_CT,H2,100,5,9,260.9824689143197
8YP_H2_N100_POW_CT_seed005,POW_CT,H2,100,5,10,68.83639124367073
8YP_H2_N100_P0_ALL_seed005,P0_ALL,H2,100,5,1,1413.1912133080923
8YP_H2_N100_P0_ALL_seed005,P0_ALL,H2,100,5,2,16.24317011003245
8YP_H2_N100_P0_ALL_seed005,P0_ALL,H2,100,5,3,537.5182402796149
8YP_H2_N100_P0_ALL_seed005,P0_ALL,H2,100,5,4,389.82570021215565
8YP_H2_N100_P0_ALL_seed005,P0_ALL,H2,100,5,5,135.20662180207728
8YP_H2_N100_P0_ALL_seed005,P0_ALL,H2,100,5,6,692.684558083638
8YP_H2_N100_P0_ALL_seed005,P0_ALL,H2,100,5,7,538.2048425000762
8YP_H2_N100_P0_ALL_seed005,P0_ALL,H2,100,5,8,747.9376228546948
8YP_H2_N100_P0_ALL_seed005,P0_ALL,H2,100,5,9,227.909477107989
8YP_H2_N100_P0_ALL_seed005,P0_ALL,H2,100,5,10,900.7858906540923
8YP_H2_N100_P0_ALL_seed005,P0_ALL,H2,100,5,11,66.45771972986131
8YP_H2_N100_P0_ALL_seed005,P0_ALL,H2,100,5,12,624.7542060452479
8YP_H2_N100_P0_ALL_seed005,P0_ALL,H2,100,5,13,1358.783609514594
8YP_H2_N100_P0_ALL_seed005,P0_ALL,H2,100,5,14,1146.1894979823928
8YP_H2_N100_P0_ALL_seed005,P0_ALL,H2,100,5,15,914.5681397094813
8YP_H2_N100_P0_ALL_seed005,P0_ALL,H2,100,5,16,79.24739073434648
8YP_H2_N100_P1_EQUAL_seed005,P1_EQUAL,H2,100,5,1,2962.079132909941
8YP_H2_N100_P1_EQUAL_seed005,P1_EQUAL,H2,100,5,2,4.059595516291665
8YP_H2_N100_P1_EQUAL_seed005,P1_EQUAL,H2,100,5,3,462.5757423920886
8YP_H2_N100_P1_EQUAL_seed005,P1_EQUAL,H2,100,5,4,135.20662180207728
8YP_H2_N100_P1_EQUAL_seed005,P1_EQUAL,H2,100,5,5,1003.359249982118
8YP_H2_N100_P1_EQUAL_seed005,P1_EQUAL,H2,100,5,6,153.1223161968046
8YP_H2_N100_P1_EQUAL_seed005,P1_EQUAL,H2,100,5,7,1332.058032896247
8YP_H2_N100_P1_EQUAL_seed005,P1_EQUAL,H2,100,5,8,455.7887988023749
8YP_H2_N100_P1_EQUAL_seed005,P1_EQUAL,H2,100,5,9,1122.3992415659677
8YP_H2_N100_P1_EQUAL_seed005,P1_EQUAL,H2,100,5,10,88.0835637075179
8YP_H2_N100_P1_EQUAL_seed005,P1_EQUAL,H2,100,5,11,22.97598489138454
8YP_H2_N100_P2_HASHPROP_seed005,P2_HASHPROP,H2,100,5,1,1413.1912133080923
8YP_H2_N100_P2_HASHPROP_seed005,P2_HASHPROP,H2,100,5,2,16.24317011003245
8YP_H2_N100_P2_HASHPROP_seed005,P2_HASHPROP,H2,100,5,3,537.5182402796149
8YP_H2_N100_P2_HASHPROP_seed005,P2_HASHPROP,H2,100,5,4,389.82570021215565
8YP_H2_N100_P2_HASHPROP_seed005,P2_HASHPROP,H2,100,5,5,135.20662180207728
8YP_H2_N100_P2_HASHPROP_seed005,P2_HASHPROP,H2,100,5,6,692.684558083638
8YP_H2_N100_P2_HASHPROP_seed005,P2_HASHPROP,H2,100,5,7,538.2048425000762
8YP_H2_N100_P2_HASHPROP_seed005,P2_HASHPROP,H2,100,5,8,747.9376228546948
8YP_H2_N100_P2_HASHPROP_seed005,P2_HASHPROP,H2,100,5,9,227.909477107989
8YP_H2_N100_P2_HASHPROP_seed005,P2_HASHPROP,H2,100,5,10,900.7858906540923
8YP_H2_N100_P2_HASHPROP_seed005,P2_HASHPROP,H2,100,5,11,66.45771972986131
8YP_H2_N100_P2_HASHPROP_seed005,P2_HASHPROP,H2,100,5,12,624.7542060452479
8YP_H2_N100_P2_HASHPROP_seed005,P2_HASHPROP,H2,100,5,13,1358.783609514594
8YP_H2_N100_P2_HASHPROP_seed005,P2_HASHPROP,H2,100,5,14,1146.1894979823928
8YP_H2_N100_P2_HASHPROP_seed005,P2_HASHPROP,H2,100,5,15,914.5681397094813
8YP_H2_N100_P2_HASHPROP_seed005,P2_HASHPROP,H2,100,5,16,79.24739073434648
8YP_H2_N100_P3_ENERGY_seed005,P3_ENERGY,H2,100,5,1,1412.297838881866
8YP_H2_N100_P3_ENERGY_seed005,P3_ENERGY,H2,100,5,2,594.0703528501854
8YP_H2_N100_P3_ENERGY_seed005,P3_ENERGY,H2,100,5,3,537.5182402796149
8YP_H2_N100_P3_ENERGY_seed005,P3_ENERGY,H2,100,5,4,389.8257002121554
8YP_H2_N100_P3_ENERGY_seed005,P3_ENERGY,H2,100,5,5,135.20662180207728
8YP_H2_N100_P3_ENERGY_seed005,P3_ENERGY,H2,100,5,6,1053.522531695523
8YP_H2_N100_P3_ENERGY_seed005,P3_ENERGY,H2,100,5,7,538.2048425000767
8YP_H2_N100_P3_ENERGY_seed005,P3_ENERGY,H2,100,5,8,957.278216085323
8YP_H2_N100_P3_ENERGY_seed005,P3_ENERGY,H2,100,5,9,1503.5036734748583
8YP_H2_N100_P3_ENERGY_seed005,P3_ENERGY,H2,100,5,10,66.37193908094287
8YP_H2_N100_P3_ENERGY_seed005,P3_ENERGY,H2,100,5,11,624.011743653844
8YP_H2_N100_P3_ENERGY_seed005,P3_ENERGY,H2,100,5,12,1743.8277315229452
8YP_H2_N100_P4_RESERVE_seed005,P4_RESERVE,H2,100,5,1,2323.1912133080923
8YP_H2_N100_P4_RESERVE_seed005,P4_RESERVE,H2,100,5,2,594.0703528501854
8YP_H2_N100_P4_RESERVE_seed005,P4_RESERVE,H2,100,5,3,537.5182402796154
8YP_H2_N100_P4_RESERVE_seed005,P4_RESERVE,H2,100,5,4,389.8257002121554
8YP_H2_N100_P4_RESERVE_seed005,P4_RESERVE,H2,100,5,5,135.20662180207728
8YP_H2_N100_P4_RESERVE_seed005,P4_RESERVE,H2,100,5,6,626.1765263383168
8YP_H2_N100_P4_RESERVE_seed005,P4_RESERVE,H2,100,5,7,451.36236651898616
8YP_H2_N100_P4_RESERVE_seed005,P4_RESERVE,H2,100,5,8,538.3297786470885
8YP_H2_N100_P4_RESERVE_seed005,P4_RESERVE,H2,100,5,9,1864.8096703922656
8YP_H2_N100_P4_RESERVE_seed005,P4_RESERVE,H2,100,5,10,454.1890536537976
8YP_H2_N100_P4_RESERVE_seed005,P4_RESERVE,H2,100,5,11,537.8078919521067
8YP_H2_N100_P4_RESERVE_seed005,P4_RESERVE,H2,100,5,12,299.0809057255683
8YP_H2_N100_P4_RESERVE_seed005,P4_RESERVE,H2,100,5,13,66.68852315300137
8YP_H2_N100_POW_seed006,POW,H2,100,6,1,319.3887336810801
8YP_H2_N100_POW_seed006,POW,H2,100,6,2,1446.577901631739
8YP_H2_N100_POW_seed006,POW,H2,100,6,3,115.27300611859437
8YP_H2_N100_POW_seed006,POW,H2,100,6,4,458.8247402097927
8YP_H2_N100_POW_seed006,POW,H2,100,6,5,797.5939726478741
8YP_H2_N100_POW_seed006,POW,H2,100,6,6,1429.953005502336
8YP_H2_N100_POW_seed006,POW,H2,100,6,7,206.27454105081415
8YP_H2_N100_POW_seed006,POW,H2,100,6,8,982.5905318199548
8YP_H2_N100_POW_seed006,POW,H2,100,6,9,2751.1903276815365
8YP_H2_N100_POW_seed006,POW,H2,100,6,10,966.477572306716
8YP_H2_N100_POW_seed006,POW,H2,100,6,11,21.50578830442828
8YP_H2_N100_POW_seed006,POW,H2,100,6,12,8.118415801647643
8YP_H2_N100_POW_CT_seed006,POW_CT,H2,100,6,1,845.7615793970278
8YP_H2_N100_POW_CT_seed006,POW_CT,H2,100,6,2,495.2339500584542
8YP_H2_N100_POW_CT_seed006,POW_CT,H2,100,6,3,390.7957603191178
8YP_H2_N100_POW_CT_seed006,POW_CT,H2,100,6,4,23.57341753593255
8YP_H2_N100_POW_CT_seed006,POW_CT,H2,100,6,5,138.065326331395
8YP_H2_N100_POW_CT_seed006,POW_CT,H2,100,6,6,118.13818226090461
8YP_H2_N100_POW_CT_seed006,POW_CT,H2,100,6,7,347.20018183138654
8YP_H2_N100_POW_CT_seed006,POW_CT,H2,100,6,8,202.87142345176517
8YP_H2_N100_POW_CT_seed006,POW_CT,H2,100,6,9,327.0239491306238
8YP_H2_N100_POW_CT_seed006,POW_CT,H2,100,6,10,2605.433780396275
8YP_H2_N100_POW_CT_seed006,POW_CT,H2,100,6,11,294.7534572689692
8YP_H2_N100_POW_CT_seed006,POW_CT,H2,100,6,12,835.7985202327691
8YP_H2_N100_POW_CT_seed006,POW_CT,H2,100,6,13,1460.046221566553
8YP_H2_N100_POW_CT_seed006,POW_CT,H2,100,6,14,1147.1228546005323
8YP_H2_N100_P0_ALL_seed006,P0_ALL,H2,100,6,1,319.3887336810801
8YP_H2_N100_P0_ALL_seed006,P0_ALL,H2,100,6,2,1449.7364856745687
8YP_H2_N100_P0_ALL_seed006,P0_ALL,H2,100,6,3,115.27300611859437
8YP_H2_N100_P0_ALL_seed006,P0_ALL,H2,100,6,4,458.8247402097927
8YP_H2_N100_P0_ALL_seed006,P0_ALL,H2,100,6,5,798.6593395207301
8YP_H2_N100_P0_ALL_seed006,P0_ALL,H2,100,6,6,1433.975420464631
8YP_H2_N100_P0_ALL_seed006,P0_ALL,H2,100,6,7,206.27454105081415
8YP_H2_N100_P0_ALL_seed006,P0_ALL,H2,100,6,8,984.3140126405615
8YP_H2_N100_P0_ALL_seed006,P0_ALL,H2,100,6,9,2760.1194250776025
8YP_H2_N100_P0_ALL_seed006,P0_ALL,H2,100,6,10,968.2426033597112
8YP_H2_N100_P0_ALL_seed006,P0_ALL,H2,100,6,11,21.50578830442828
8YP_H2_N100_P0_ALL_seed006,P0_ALL,H2,100,6,12,8.118415801647643
8YP_H2_N100_P1_EQUAL_seed006,P1_EQUAL,H2,100,6,1,638.7774516016513
8YP_H2_N100_P1_EQUAL_seed006,P1_EQUAL,H2,100,6,2,2016.246674060108
8YP_H2_N100_P1_EQUAL_seed006,P1_EQUAL,H2,100,6,3,149.20388760976266
8YP_H2_N100_P1_EQUAL_seed006,P1_EQUAL,H2,100,6,4,154.2562479975436
8YP_H2_N100_P1_EQUAL_seed006,P1_EQUAL,H2,100,6,5,1172.8651945555366
8YP_H2_N100_P1_EQUAL_seed006,P1_EQUAL,H2,100,6,6,2384.307818456399
8YP_H2_N100_P1_EQUAL_seed006,P1_EQUAL,H2,100,6,7,2006.1784387240032
8YP_H2_N100_P1_EQUAL_seed006,P1_EQUAL,H2,100,6,8,1026.1286996441013
8YP_H2_N100_P2_HASHPROP_seed006,P2_HASHPROP,H2,100,6,1,319.3887336810801
8YP_H2_N100_P2_HASHPROP_seed006,P2_HASHPROP,H2,100,6,2,1449.7364856745687
8YP_H2_N100_P2_HASHPROP_seed006,P2_HASHPROP,H2,100,6,3,115.27300611859437
8YP_H2_N100_P2_HASHPROP_seed006,P2_HASHPROP,H2,100,6,4,458.8247402097927
8YP_H2_N100_P2_HASHPROP_seed006,P2_HASHPROP,H2,100,6,5,798.6593395207301
8YP_H2_N100_P2_HASHPROP_seed006,P2_HASHPROP,H2,100,6,6,1433.975420464631
8YP_H2_N100_P2_HASHPROP_seed006,P2_HASHPROP,H2,100,6,7,206.27454105081415
8YP_H2_N100_P2_HASHPROP_seed006,P2_HASHPROP,H2,100,6,8,984.3140126405615
8YP_H2_N100_P2_HASHPROP_seed006,P2_HASHPROP,H2,100,6,9,2760.1194250776025
8YP_H2_N100_P2_HASHPROP_seed006,P2_HASHPROP,H2,100,6,10,968.2426033597112
8YP_H2_N100_P2_HASHPROP_seed006,P2_HASHPROP,H2,100,6,11,21.50578830442828
8YP_H2_N100_P2_HASHPROP_seed006,P2_HASHPROP,H2,100,6,12,8.118415801647643
8YP_H2_N100_P3_ENERGY_seed006,P3_ENERGY,H2,100,6,1,2049.799248230337
8YP_H2_N100_P3_ENERGY_seed006,P3_ENERGY,H2,100,6,2,148.12237364184466
8YP_H2_N100_P3_ENERGY_seed006,P3_ENERGY,H2,100,6,3,459.10124710666696
8YP_H2_N100_P3_ENERGY_seed006,P3_ENERGY,H2,100,6,4,797.5247670207755
8YP_H2_N100_P3_ENERGY_seed006,P3_ENERGY,H2,100,6,5,2011.694829832864
8YP_H2_N100_P3_ENERGY_seed006,P3_ENERGY,H2,100,6,6,983.9811577223754
8YP_H2_N100_P4_RESERVE_seed006,P4_RESERVE,H2,100,6,1,1229.38873368108
8YP_H2_N100_P4_RESERVE_seed006,P4_RESERVE,H2,100,6,2,2358.330791854489
8YP_H2_N100_P4_RESERVE_seed006,P4_RESERVE,H2,100,6,3,149.20388760976266
8YP_H2_N100_P4_RESERVE_seed006,P4_RESERVE,H2,100,6,4,458.8247402097927
8YP_H2_N100_P4_RESERVE_seed006,P4_RESERVE,H2,100,6,5,725.1883023576092
8YP_H2_N100_P4_RESERVE_seed006,P4_RESERVE,H2,100,6,6,196.79129887517047
8YP_H2_N100_P4_RESERVE_seed006,P4_RESERVE,H2,100,6,7,2921.489559695371
8YP_H2_N100_P4_RESERVE_seed006,P4_RESERVE,H2,100,6,8,1892.5646366064911
8YP_H2_N300_POW_seed001,POW,H2,300,1,1,138.5312497166828
8YP_H2_N300_POW_seed001,POW,H2,300,1,2,274.07979039408133
8YP_H2_N300_POW_seed001,POW,H2,300,1,3,645.237205140767
8YP_H2_N300_POW_seed001,POW,H2,300,1,4,48.58980350499655
8YP_H2_N300_POW_seed001,POW,H2,300,1,5,80.09358465184164
8YP_H2_N300_POW_seed001,POW,H2,300,1,6,11.690193266671713
8YP_H2_N300_POW_seed001,POW,H2,300,1,7,358.8517567878939
8YP_H2_N300_POW_seed001,POW,H2,300,1,8,219.3664957273852
8YP_H2_N300_POW_seed001,POW,H2,300,1,9,287.2444829338144
8YP_H2_N300_POW_seed001,POW,H2,300,1,10,1464.940329383292
8YP_H2_N300_POW_seed001,POW,H2,300,1,11,1860.100698433862
8YP_H2_N300_POW_seed001,POW,H2,300,1,12,568.8900039196706
8YP_H2_N300_POW_seed001,POW,H2,300,1,13,1053.906931733688
8YP_H2_N300_POW_seed001,POW,H2,300,1,14,731.928417031012
8YP_H2_N300_POW_seed001,POW,H2,300,1,15,80.5703605093413
8YP_H2_N300_POW_seed001,POW,H2,300,1,16,112.08717423453618
8YP_H2_N300_POW_seed001,POW,H2,300,1,17,255.38388284277335
8YP_H2_N300_POW_seed001,POW,H2,300,1,18,468.23060848264595
8YP_H2_N300_POW_seed001,POW,H2,300,1,19,592.2926035550754
8YP_H2_N300_POW_seed001,POW,H2,300,1,20,363.67858688873093
8YP_H2_N300_POW_CT_seed001,POW_CT,H2,300,1,1,64.367673364424
8YP_H2_N300_POW_CT_seed001,POW_CT,H2,300,1,2,900.1087145318199
8YP_H2_N300_POW_CT_seed001,POW_CT,H2,300,1,3,687.2192217885338
8YP_H2_N300_POW_CT_seed001,POW_CT,H2,300,1,4,194.55770196962817
8YP_H2_N300_POW_CT_seed001,POW_CT,H2,300,1,5,234.8050517370757
8YP_H2_N300_POW_CT_seed001,POW_CT,H2,300,1,6,2488.5396989151664
8YP_H2_N300_POW_CT_seed001,POW_CT,H2,300,1,7,385.13678150038777
8YP_H2_N300_POW_CT_seed001,POW_CT,H2,300,1,8,1249.4870479996953
8YP_H2_N300_POW_CT_seed001,POW_CT,H2,300,1,9,1892.3385436945
8YP_H2_N300_POW_CT_seed001,POW_CT,H2,300,1,10,71.91705290757818
8YP_H2_N300_POW_CT_seed001,POW_CT,H2,300,1,11,920.3407291017975
8YP_H2_N300_P0_ALL_seed001,P0_ALL,H2,300,1,1,138.5312497166828
8YP_H2_N300_P0_ALL_seed001,P0_ALL,H2,300,1,2,274.07979039408133
8YP_H2_N300_P0_ALL_seed001,P0_ALL,H2,300,1,3,648.2603281128954
8YP_H2_N300_P0_ALL_seed001,P0_ALL,H2,300,1,4,48.58980350499655
8YP_H2_N300_P0_ALL_seed001,P0_ALL,H2,300,1,5,80.09358465184164
8YP_H2_N300_P0_ALL_seed001,P0_ALL,H2,300,1,6,11.690193266671713
8YP_H2_N300_P0_ALL_seed001,P0_ALL,H2,300,1,7,358.8517567878939
8YP_H2_N300_P0_ALL_seed001,P0_ALL,H2,300,1,8,219.3664957273852
8YP_H2_N300_P0_ALL_seed001,P0_ALL,H2,300,1,9,287.2444829338144
8YP_H2_N300_P0_ALL_seed001,P0_ALL,H2,300,1,10,1470.3836018906622
8YP_H2_N300_P0_ALL_seed001,P0_ALL,H2,300,1,11,1868.34564366832
8YP_H2_N300_P0_ALL_seed001,P0_ALL,H2,300,1,12,568.8900039196706
8YP_H2_N300_P0_ALL_seed001,P0_ALL,H2,300,1,13,1056.477307475896
8YP_H2_N300_P0_ALL_seed001,P0_ALL,H2,300,1,14,735.5273296008481
8YP_H2_N300_P0_ALL_seed001,P0_ALL,H2,300,1,15,80.5703605093413
8YP_H2_N300_P0_ALL_seed001,P0_ALL,H2,300,1,16,112.08717423453618
8YP_H2_N300_P0_ALL_seed001,P0_ALL,H2,300,1,17,255.38388284277335
8YP_H2_N300_P0_ALL_seed001,P0_ALL,H2,300,1,18,468.23060848264686
8YP_H2_N300_P0_ALL_seed001,P0_ALL,H2,300,1,19,592.2926035550754
8YP_H2_N300_P0_ALL_seed001,P0_ALL,H2,300,1,20,363.67858688873093
8YP_H2_N300_P1_EQUAL_seed001,P1_EQUAL,H2,300,1,1,138.5312497166828
8YP_H2_N300_P1_EQUAL_seed001,P1_EQUAL,H2,300,1,2,547.918026168112
8YP_H2_N300_P1_EQUAL_seed001,P1_EQUAL,H2,300,1,3,948.9946089622233
8YP_H2_N300_P1_EQUAL_seed001,P1_EQUAL,H2,300,1,4,29.54775489699432
8YP_H2_N300_P1_EQUAL_seed001,P1_EQUAL,H2,300,1,5,97.80247614997552
8YP_H2_N300_P1_EQUAL_seed001,P1_EQUAL,H2,300,1,6,97.20737958931159
8YP_H2_N300_P1_EQUAL_seed001,P1_EQUAL,H2,300,1,7,23.667655229857928
8YP_H2_N300_P1_EQUAL_seed001,P1_EQUAL,H2,300,1,8,718.5190875899077
8YP_H2_N300_P1_EQUAL_seed001,P1_EQUAL,H2,300,1,9,1130.564595578303
8YP_H2_N300_P1_EQUAL_seed001,P1_EQUAL,H2,300,1,10,2484.1844667282294
8YP_H2_N300_P1_EQUAL_seed001,P1_EQUAL,H2,300,1,11,705.1459567119218
8YP_H2_N300_P1_EQUAL_seed001,P1_EQUAL,H2,300,1,12,1475.2560704256957
8YP_H2_N300_P1_EQUAL_seed001,P1_EQUAL,H2,300,1,13,59.79845108301015
8YP_H2_N300_P1_EQUAL_seed001,P1_EQUAL,H2,300,1,14,379.13549660505487
8YP_H2_N300_P1_EQUAL_seed001,P1_EQUAL,H2,300,1,15,206.81297684543642
8YP_H2_N300_P1_EQUAL_seed001,P1_EQUAL,H2,300,1,16,907.8905268163926
8YP_H2_N300_P2_HASHPROP_seed001,P2_HASHPROP,H2,300,1,1,138.5312497166828
8YP_H2_N300_P2_HASHPROP_seed001,P2_HASHPROP,H2,300,1,2,274.07979039408133
8YP_H2_N300_P2_HASHPROP_seed001,P2_HASHPROP,H2,300,1,3,648.2603281128954
8YP_H2_N300_P2_HASHPROP_seed001,P2_HASHPROP,H2,300,1,4,48.58980350499655
8YP_H2_N300_P2_HASHPROP_seed001,P2_HASHPROP,H2,300,1,5,80.09358465184164
8YP_H2_N300_P2_HASHPROP_seed001,P2_HASHPROP,H2,300,1,6,11.690193266671713
8YP_H2_N300_P2_HASHPROP_seed001,P2_HASHPROP,H2,300,1,7,358.8517567878939
8YP_H2_N300_P2_HASHPROP_seed001,P2_HASHPROP,H2,300,1,8,219.3664957273852
8YP_H2_N300_P2_HASHPROP_seed001,P2_HASHPROP,H2,300,1,9,287.2444829338144
8YP_H2_N300_P2_HASHPROP_seed001,P2_HASHPROP,H2,300,1,10,1470.3836018906622
8YP_H2_N300_P2_HASHPROP_seed001,P2_HASHPROP,H2,300,1,11,1868.34564366832
8YP_H2_N300_P2_HASHPROP_seed001,P2_HASHPROP,H2,300,1,12,568.8900039196706
8YP_H2_N300_P2_HASHPROP_seed001,P2_HASHPROP,H2,300,1,13,1056.477307475896
8YP_H2_N300_P2_HASHPROP_seed001,P2_HASHPROP,H2,300,1,14,735.5273296008481
8YP_H2_N300_P2_HASHPROP_seed001,P2_HASHPROP,H2,300,1,15,80.5703605093413
8YP_H2_N300_P2_HASHPROP_seed001,P2_HASHPROP,H2,300,1,16,112.08717423453618
8YP_H2_N300_P2_HASHPROP_seed001,P2_HASHPROP,H2,300,1,17,255.38388284277335
8YP_H2_N300_P2_HASHPROP_seed001,P2_HASHPROP,H2,300,1,18,468.23060848264686
8YP_H2_N300_P2_HASHPROP_seed001,P2_HASHPROP,H2,300,1,19,592.2926035550754
8YP_H2_N300_P2_HASHPROP_seed001,P2_HASHPROP,H2,300,1,20,363.67858688873093
8YP_H2_N300_P3_ENERGY_seed001,P3_ENERGY,H2,300,1,1,138.5312497166828
8YP_H2_N300_P3_ENERGY_seed001,P3_ENERGY,H2,300,1,2,1645.940839380254
8YP_H2_N300_P3_ENERGY_seed001,P3_ENERGY,H2,300,1,3,491.65781074226174
8YP_H2_N300_P3_ENERGY_seed001,P3_ENERGY,H2,300,1,4,341.4128178970532
8YP_H2_N300_P3_ENERGY_seed001,P3_ENERGY,H2,300,1,5,77.39644138876065
8YP_H2_N300_P3_ENERGY_seed001,P3_ENERGY,H2,300,1,6,586.3354915543341
8YP_H2_N300_P3_ENERGY_seed001,P3_ENERGY,H2,300,1,7,219.793686559663
8YP_H2_N300_P3_ENERGY_seed001,P3_ENERGY,H2,300,1,8,287.06912416300565
8YP_H2_N300_P3_ENERGY_seed001,P3_ENERGY,H2,300,1,9,3672.2301858709725
8YP_H2_N300_P4_RESERVE_seed001,P4_RESERVE,H2,300,1,1,138.5312497166828
8YP_H2_N300_P4_RESERVE_seed001,P4_RESERVE,H2,300,1,2,1784.813832571396
8YP_H2_N300_P4_RESERVE_seed001,P4_RESERVE,H2,300,1,3,441.07774823812747
8YP_H2_N300_P4_RESERVE_seed001,P4_RESERVE,H2,300,1,4,355.039278396398
8YP_H2_N300_P4_RESERVE_seed001,P4_RESERVE,H2,300,1,5,339.9594962380238
8YP_H2_N300_P4_RESERVE_seed001,P4_RESERVE,H2,300,1,6,77.23814299810056
8YP_H2_N300_P4_RESERVE_seed001,P4_RESERVE,H2,300,1,7,586.5453557864639
8YP_H2_N300_P4_RESERVE_seed001,P4_RESERVE,H2,300,1,8,219.36649572738497
8YP_H2_N300_P4_RESERVE_seed001,P4_RESERVE,H2,300,1,9,287.24448293381465
8YP_H2_N300_P4_RESERVE_seed001,P4_RESERVE,H2,300,1,10,2161.488309538974
8YP_H2_N300_P4_RESERVE_seed001,P4_RESERVE,H2,300,1,11,689.6190248118346
8YP_H2_N300_P4_RESERVE_seed001,P4_RESERVE,H2,300,1,12,621.5940916796671
8YP_H2_N300_P4_RESERVE_seed001,P4_RESERVE,H2,300,1,13,968.7137764536865
8YP_H2_N300_P4_RESERVE_seed001,P4_RESERVE,H2,300,1,14,60.25258553130334
8YP_H2_N300_P4_RESERVE_seed001,P4_RESERVE,H2,300,1,15,574.8532269152201
8YP_H2_N300_POW_seed002,POW,H2,300,2,1,371.33955980161033
8YP_H2_N300_POW_seed002,POW,H2,300,2,2,1078.2161355286698
8YP_H2_N300_POW_seed002,POW,H2,300,2,3,1677.6815862051708
8YP_H2_N300_POW_seed002,POW,H2,300,2,4,1663.3654213453665
8YP_H2_N300_POW_seed002,POW,H2,300,2,5,128.45277033327238
8YP_H2_N300_POW_seed002,POW,H2,300,2,6,318.55312569942635
8YP_H2_N300_POW_seed002,POW,H2,300,2,7,540.8458177468901
8YP_H2_N300_POW_seed002,POW,H2,300,2,8,725.3299879570595
8YP_H2_N300_POW_seed002,POW,H2,300,2,9,179.6597755037319
8YP_H2_N300_POW_seed002,POW,H2,300,2,10,456.47269801093717
8YP_H2_N300_POW_seed002,POW,H2,300,2,11,37.508358535978914
8YP_H2_N300_POW_seed002,POW,H2,300,2,12,721.443428024174
8YP_H2_N300_POW_seed002,POW,H2,300,2,13,5.41822866489656
8YP_H2_N300_POW_seed002,POW,H2,300,2,14,474.4760234837031
8YP_H2_N300_POW_seed002,POW,H2,300,2,15,411.79506340850276
8YP_H2_N300_POW_seed002,POW,H2,300,2,16,714.5466678023604
8YP_H2_N300_POW_seed002,POW,H2,300,2,17,1.615326202891083
8YP_H2_N300_POW_seed002,POW,H2,300,2,18,422.463318985705
8YP_H2_N300_POW_CT_seed002,POW_CT,H2,300,2,1,803.0174108494897
8YP_H2_N300_POW_CT_seed002,POW_CT,H2,300,2,2,622.2591175750837
8YP_H2_N300_POW_CT_seed002,POW_CT,H2,300,2,3,836.497773853625
8YP_H2_N300_POW_CT_seed002,POW_CT,H2,300,2,4,1386.9367977825164
8YP_H2_N300_POW_CT_seed002,POW_CT,H2,300,2,5,2036.0707189577997
8YP_H2_N300_POW_CT_seed002,POW_CT,H2,300,2,6,620.5032361042713
8YP_H2_N300_POW_CT_seed002,POW_CT,H2,300,2,7,50.45860990806068
8YP_H2_N300_POW_CT_seed002,POW_CT,H2,300,2,8,911.5617868841136
8YP_H2_N300_P0_ALL_seed002,P0_ALL,H2,300,2,1,371.33955980161033
8YP_H2_N300_P0_ALL_seed002,P0_ALL,H2,300,2,2,1081.405748881668
8YP_H2_N300_P0_ALL_seed002,P0_ALL,H2,300,2,3,1681.8676737207206
8YP_H2_N300_P0_ALL_seed002,P0_ALL,H2,300,2,4,1669.1920747320146
8YP_H2_N300_P0_ALL_seed002,P0_ALL,H2,300,2,5,128.45277033327238
8YP_H2_N300_P0_ALL_seed002,P0_ALL,H2,300,2,6,318.55312569942635
8YP_H2_N300_P0_ALL_seed002,P0_ALL,H2,300,2,7,540.8458177468901
8YP_H2_N300_P0_ALL_seed002,P0_ALL,H2,300,2,8,728.8049143592889
8YP_H2_N300_P0_ALL_seed002,P0_ALL,H2,300,2,9,179.65977550373282
8YP_H2_N300_P0_ALL_seed002,P0_ALL,H2,300,2,10,456.47269801093717
8YP_H2_N300_P0_ALL_seed002,P0_ALL,H2,300,2,11,37.508358535978914
8YP_H2_N300_P0_ALL_seed002,P0_ALL,H2,300,2,12,724.6754574326815
8YP_H2_N300_P0_ALL_seed002,P0_ALL,H2,300,2,13,5.41822866489656
8YP_H2_N300_P0_ALL_seed002,P0_ALL,H2,300,2,14,474.4760234837031
8YP_H2_N300_P0_ALL_seed002,P0_ALL,H2,300,2,15,411.79506340850276
8YP_H2_N300_P0_ALL_seed002,P0_ALL,H2,300,2,16,719.305701856214
8YP_H2_N300_P0_ALL_seed002,P0_ALL,H2,300,2,17,1.615326202891083
8YP_H2_N300_P0_ALL_seed002,P0_ALL,H2,300,2,18,422.463318985705
8YP_H2_N300_P1_EQUAL_seed002,P1_EQUAL,H2,300,2,1,371.33955980161033
8YP_H2_N300_P1_EQUAL_seed002,P1_EQUAL,H2,300,2,2,1933.5572751309564
8YP_H2_N300_P1_EQUAL_seed002,P1_EQUAL,H2,300,2,3,1754.9165368114136
8YP_H2_N300_P1_EQUAL_seed002,P1_EQUAL,H2,300,2,4,339.4551603612208
8YP_H2_N300_P1_EQUAL_seed002,P1_EQUAL,H2,300,2,5,2881.2583529458107
8YP_H2_N300_P1_EQUAL_seed002,P1_EQUAL,H2,300,2,6,257.3918421975013
8YP_H2_N300_P1_EQUAL_seed002,P1_EQUAL,H2,300,2,7,318.64595817896407
8YP_H2_N300_P1_EQUAL_seed002,P1_EQUAL,H2,300,2,8,330.1223402802252
8YP_H2_N300_P1_EQUAL_seed002,P1_EQUAL,H2,300,2,9,1102.0991751661768
8YP_H2_N300_P1_EQUAL_seed002,P1_EQUAL,H2,300,2,10,179.95375989907006
8YP_H2_N300_P2_HASHPROP_seed002,P2_HASHPROP,H2,300,2,1,371.33955980161033
8YP_H2_N300_P2_HASHPROP_seed002,P2_HASHPROP,H2,300,2,2,1081.405748881668
8YP_H2_N300_P2_HASHPROP_seed002,P2_HASHPROP,H2,300,2,3,1681.8676737207206
8YP_H2_N300_P2_HASHPROP_seed002,P2_HASHPROP,H2,300,2,4,1669.1920747320146
8YP_H2_N300_P2_HASHPROP_seed002,P2_HASHPROP,H2,300,2,5,128.45277033327238
8YP_H2_N300_P2_HASHPROP_seed002,P2_HASHPROP,H2,300,2,6,318.55312569942635
8YP_H2_N300_P2_HASHPROP_seed002,P2_HASHPROP,H2,300,2,7,540.8458177468901
8YP_H2_N300_P2_HASHPROP_seed002,P2_HASHPROP,H2,300,2,8,728.8049143592889
8YP_H2_N300_P2_HASHPROP_seed002,P2_HASHPROP,H2,300,2,9,179.65977550373282
8YP_H2_N300_P2_HASHPROP_seed002,P2_HASHPROP,H2,300,2,10,456.47269801093717
8YP_H2_N300_P2_HASHPROP_seed002,P2_HASHPROP,H2,300,2,11,37.508358535978914
8YP_H2_N300_P2_HASHPROP_seed002,P2_HASHPROP,H2,300,2,12,724.6754574326815
8YP_H2_N300_P2_HASHPROP_seed002,P2_HASHPROP,H2,300,2,13,5.41822866489656
8YP_H2_N300_P2_HASHPROP_seed002,P2_HASHPROP,H2,300,2,14,474.4760234837031
8YP_H2_N300_P2_HASHPROP_seed002,P2_HASHPROP,H2,300,2,15,411.79506340850276
8YP_H2_N300_P2_HASHPROP_seed002,P2_HASHPROP,H2,300,2,16,719.305701856214
8YP_H2_N300_P2_HASHPROP_seed002,P2_HASHPROP,H2,300,2,17,1.615326202891083
8YP_H2_N300_P2_HASHPROP_seed002,P2_HASHPROP,H2,300,2,18,422.463318985705
8YP_H2_N300_P3_ENERGY_seed002,P3_ENERGY,H2,300,2,1,371.33955980161033
8YP_H2_N300_P3_ENERGY_seed002,P3_ENERGY,H2,300,2,2,5738.270888645357
8YP_H2_N300_P3_ENERGY_seed002,P3_ENERGY,H2,300,2,3,1329.9797715418845
8YP_H2_N300_P3_ENERGY_seed002,P3_ENERGY,H2,300,2,4,179.84766009481336
8YP_H2_N300_P3_ENERGY_seed002,P3_ENERGY,H2,300,2,5,639.3435447069551
8YP_H2_N300_P3_ENERGY_seed002,P3_ENERGY,H2,300,2,6,722.9044450708225
8YP_H2_N300_P4_RESERVE_seed002,P4_RESERVE,H2,300,2,1,371.33955980161033
8YP_H2_N300_P4_RESERVE_seed002,P4_RESERVE,H2,300,2,2,1403.996295914199
8YP_H2_N300_P4_RESERVE_seed002,P4_RESERVE,H2,300,2,3,1988.5135526648353
8YP_H2_N300_P4_RESERVE_seed002,P4_RESERVE,H2,300,2,4,2589.7210588831676
8YP_H2_N300_P4_RESERVE_seed002,P4_RESERVE,H2,300,2,5,2576.1114389031127
8YP_H2_N300_P4_RESERVE_seed002,P4_RESERVE,H2,300,2,6,318.55312569942544
8YP_H2_N300_POW_seed003,POW,H2,300,3,1,1305.5269839017421
8YP_H2_N300_POW_seed003,POW,H2,300,3,2,24.37370785029111
8YP_H2_N300_POW_seed003,POW,H2,300,3,3,542.7651832033812
8YP_H2_N300_POW_seed003,POW,H2,300,3,4,169.627703544327
8YP_H2_N300_POW_seed003,POW,H2,300,3,5,51.24342931344131
8YP_H2_N300_POW_seed003,POW,H2,300,3,6,2856.5024907607867
8YP_H2_N300_POW_seed003,POW,H2,300,3,7,849.6333097130127
8YP_H2_N300_POW_seed003,POW,H2,300,3,8,1012.9153464745104
8YP_H2_N300_POW_seed003,POW,H2,300,3,9,312.5820543321852
8YP_H2_N300_POW_seed003,POW,H2,300,3,10,219.30399377655522
8YP_H2_N300_POW_seed003,POW,H2,300,3,11,1427.1857025405334
8YP_H2_N300_POW_CT_seed003,POW_CT,H2,300,3,1,198.24867534556174
8YP_H2_N300_POW_CT_seed003,POW_CT,H2,300,3,2,2104.8151398217274
8YP_H2_N300_POW_CT_seed003,POW_CT,H2,300,3,3,21.70595494794361
8YP_H2_N300_POW_CT_seed003,POW_CT,H2,300,3,4,459.6926525381591
8YP_H2_N300_POW_CT_seed003,POW_CT,H2,300,3,5,3713.576226608908
8YP_H2_N300_POW_CT_seed003,POW_CT,H2,300,3,6,1327.1788031095184
8YP_H2_N300_POW_CT_seed003,POW_CT,H2,300,3,7,114.53182571364505
8YP_H2_N300_POW_CT_seed003,POW_CT,H2,300,3,8,219.94306525590127
8YP_H2_N300_POW_CT_seed003,POW_CT,H2,300,3,9,349.3872949525121
8YP_H2_N300_POW_CT_seed003,POW_CT,H2,300,3,10,922.294091214264
8YP_H2_N300_P0_ALL_seed003,P0_ALL,H2,300,3,1,1309.5520551408085
8YP_H2_N300_P0_ALL_seed003,P0_ALL,H2,300,3,2,24.37370785029111
8YP_H2_N300_P0_ALL_seed003,P0_ALL,H2,300,3,3,542.7651832033812
8YP_H2_N300_P0_ALL_seed003,P0_ALL,H2,300,3,4,169.627703544327
8YP_H2_N300_P0_ALL_seed003,P0_ALL,H2,300,3,5,51.24342931344154
8YP_H2_N300_P0_ALL_seed003,P0_ALL,H2,300,3,6,2867.022074575812
8YP_H2_N300_P0_ALL_seed003,P0_ALL,H2,300,3,7,851.6190898559125
8YP_H2_N300_P0_ALL_seed003,P0_ALL,H2,300,3,8,1015.5770198226501
8YP_H2_N300_P0_ALL_seed003,P0_ALL,H2,300,3,9,312.5820543321852
8YP_H2_N300_P0_ALL_seed003,P0_ALL,H2,300,3,10,219.30399377655522
8YP_H2_N300_P0_ALL_seed003,P0_ALL,H2,300,3,11,1431.8884103608261
8YP_H2_N300_P1_EQUAL_seed003,P1_EQUAL,H2,300,3,1,2058.842272614021
8YP_H2_N300_P1_EQUAL_seed003,P1_EQUAL,H2,300,3,2,24.37370785029134
8YP_H2_N300_P1_EQUAL_seed003,P1_EQUAL,H2,300,3,3,189.03848886181822
8YP_H2_N300_P1_EQUAL_seed003,P1_EQUAL,H2,300,3,4,169.62770354432723
8YP_H2_N300_P1_EQUAL_seed003,P1_EQUAL,H2,300,3,5,102.16786539581426
8YP_H2_N300_P1_EQUAL_seed003,P1_EQUAL,H2,300,3,6,949.1335631479114
8YP_H2_N300_P1_EQUAL_seed003,P1_EQUAL,H2,300,3,7,2327.638849195785
8YP_H2_N300_P1_EQUAL_seed003,P1_EQUAL,H2,300,3,8,136.40644996069295
8YP_H2_N300_P1_EQUAL_seed003,P1_EQUAL,H2,300,3,9,1226.6300100464796
8YP_H2_N300_P1_EQUAL_seed003,P1_EQUAL,H2,300,3,10,1391.0982879416888
8YP_H2_N300_P1_EQUAL_seed003,P1_EQUAL,H2,300,3,11,312.21673266773905
8YP_H2_N300_P1_EQUAL_seed003,P1_EQUAL,H2,300,3,12,219.84269824404146
8YP_H2_N300_P2_HASHPROP_seed003,P2_HASHPROP,H2,300,3,1,1309.5520551408085
8YP_H2_N300_P2_HASHPROP_seed003,P2_HASHPROP,H2,300,3,2,24.37370785029111
8YP_H2_N300_P2_HASHPROP_seed003,P2_HASHPROP,H2,300,3,3,542.7651832033812
8YP_H2_N300_P2_HASHPROP_seed003,P2_HASHPROP,H2,300,3,4,169.627703544327
8YP_H2_N300_P2_HASHPROP_seed003,P2_HASHPROP,H2,300,3,5,51.24342931344154
8YP_H2_N300_P2_HASHPROP_seed003,P2_HASHPROP,H2,300,3,6,2867.022074575812
8YP_H2_N300_P2_HASHPROP_seed003,P2_HASHPROP,H2,300,3,7,851.6190898559125
8YP_H2_N300_P2_HASHPROP_seed003,P2_HASHPROP,H2,300,3,8,1015.5770198226501
8YP_H2_N300_P2_HASHPROP_seed003,P2_HASHPROP,H2,300,3,9,312.5820543321852
8YP_H2_N300_P2_HASHPROP_seed003,P2_HASHPROP,H2,300,3,10,219.30399377655522
8YP_H2_N300_P2_HASHPROP_seed003,P2_HASHPROP,H2,300,3,11,1431.8884103608261
8YP_H2_N300_P3_ENERGY_seed003,P3_ENERGY,H2,300,3,1,1309.5520551408085
8YP_H2_N300_P3_ENERGY_seed003,P3_ENERGY,H2,300,3,2,24.37370785029111
8YP_H2_N300_P3_ENERGY_seed003,P3_ENERGY,H2,300,3,3,772.0563174849578
8YP_H2_N300_P3_ENERGY_seed003,P3_ENERGY,H2,300,3,4,90.07530649621458
8YP_H2_N300_P3_ENERGY_seed003,P3_ENERGY,H2,300,3,5,2864.5947296352724
8YP_H2_N300_P3_ENERGY_seed003,P3_ENERGY,H2,300,3,6,853.264210205667
8YP_H2_N300_P3_ENERGY_seed003,P3_ENERGY,H2,300,3,7,1015.235326336584
8YP_H2_N300_P3_ENERGY_seed003,P3_ENERGY,H2,300,3,8,312.80672001133007
8YP_H2_N300_P3_ENERGY_seed003,P3_ENERGY,H2,300,3,9,219.51390254954822
8YP_H2_N300_P4_RESERVE_seed003,P4_RESERVE,H2,300,3,1,2219.5520551408085
8YP_H2_N300_P4_RESERVE_seed003,P4_RESERVE,H2,300,3,2,24.37370785029134
8YP_H2_N300_P4_RESERVE_seed003,P4_RESERVE,H2,300,3,3,692.5814782982666
8YP_H2_N300_P4_RESERVE_seed003,P4_RESERVE,H2,300,3,4,169.62770354432723
8YP_H2_N300_P4_RESERVE_seed003,P4_RESERVE,H2,300,3,5,89.37843936071113
8YP_H2_N300_P4_RESERVE_seed003,P4_RESERVE,H2,300,3,6,1152.6174533929202
8YP_H2_N300_P4_RESERVE_seed003,P4_RESERVE,H2,300,3,7,1560.9952220960868
8YP_H2_N300_P4_RESERVE_seed003,P4_RESERVE,H2,300,3,8,1966.526180776671
8YP_H2_N300_P4_RESERVE_seed003,P4_RESERVE,H2,300,3,9,1759.3316123378982
8YP_H2_N300_POW_seed004,POW,H2,300,4,1,743.1719604461041
8YP_H2_N300_POW_seed004,POW,H2,300,4,2,577.5893585831211
8YP_H2_N300_POW_seed004,POW,H2,300,4,3,66.60772708054878
8YP_H2_N300_POW_seed004,POW,H2,300,4,4,481.847929557734
8YP_H2_N300_POW_seed004,POW,H2,300,4,5,344.19327220109517
8YP_H2_N300_POW_seed004,POW,H2,300,4,6,185.27385408636428
8YP_H2_N300_POW_seed004,POW,H2,300,4,7,198.786185783993
8YP_H2_N300_POW_seed004,POW,H2,300,4,8,181.9402083808568
8YP_H2_N300_POW_seed004,POW,H2,300,4,9,969.5626740710604
8YP_H2_N300_POW_seed004,POW,H2,300,4,10,536.4333376352588
8YP_H2_N300_POW_seed004,POW,H2,300,4,11,33.25796211920442
8YP_H2_N300_POW_seed004,POW,H2,300,4,12,182.92707889319718
8YP_H2_N300_POW_seed004,POW,H2,300,4,13,5.482993712128518
8YP_H2_N300_POW_seed004,POW,H2,300,4,14,88.53226543263918
8YP_H2_N300_POW_seed004,POW,H2,300,4,15,344.43541997773536
8YP_H2_N300_POW_seed004,POW,H2,300,4,16,138.0941933567483
8YP_H2_N300_POW_seed004,POW,H2,300,4,17,645.623284456573
8YP_H2_N300_POW_seed004,POW,H2,300,4,18,483.9204273209152
8YP_H2_N300_POW_seed004,POW,H2,300,4,19,230.80427325856363
8YP_H2_N300_POW_seed004,POW,H2,300,4,20,515.978845897539
8YP_H2_N300_POW_seed004,POW,H2,300,4,21,23.330187602885417
8YP_H2_N300_POW_seed004,POW,H2,300,4,22,381.21217213768796
8YP_H2_N300_POW_seed004,POW,H2,300,4,23,429.6572608827573
8YP_H2_N300_POW_seed004,POW,H2,300,4,24,289.53439259300467
8YP_H2_N300_POW_seed004,POW,H2,300,4,25,211.31541972409286
8YP_H2_N300_POW_seed004,POW,H2,300,4,26,893.0160541494206
8YP_H2_N300_POW_seed004,POW,H2,300,4,27,526.7151033570881
8YP_H2_N300_POW_CT_seed004,POW_CT,H2,300,4,1,626.1323209073927
8YP_H2_N300_POW_CT_seed004,POW_CT,H2,300,4,2,1469.5661122939487
8YP_H2_N300_POW_CT_seed004,POW_CT,H2,300,4,3,635.9736084092547
8YP_H2_N300_POW_CT_seed004,POW_CT,H2,300,4,4,934.5808046001962
8YP_H2_N300_POW_CT_seed004,POW_CT,H2,300,4,5,1444.206303794782
8YP_H2_N300_POW_CT_seed004,POW_CT,H2,300,4,6,1945.142488560894
8YP_H2_N300_POW_CT_seed004,POW_CT,H2,300,4,7,276.62500234008985
8YP_H2_N300_POW_CT_seed004,POW_CT,H2,300,4,8,133.6220507929429
8YP_H2_N300_P0_ALL_seed004,P0_ALL,H2,300,4,1,743.2410082124111
8YP_H2_N300_P0_ALL_seed004,P0_ALL,H2,300,4,2,577.5893585831211
8YP_H2_N300_P0_ALL_seed004,P0_ALL,H2,300,4,3,66.60772708054878
8YP_H2_N300_P0_ALL_seed004,P0_ALL,H2,300,4,4,481.847929557734
8YP_H2_N300_P0_ALL_seed004,P0_ALL,H2,300,4,5,344.19327220109517
8YP_H2_N300_P0_ALL_seed004,P0_ALL,H2,300,4,6,185.27385408636428
8YP_H2_N300_P0_ALL_seed004,P0_ALL,H2,300,4,7,198.786185783993
8YP_H2_N300_P0_ALL_seed004,P0_ALL,H2,300,4,8,181.9402083808568
8YP_H2_N300_P0_ALL_seed004,P0_ALL,H2,300,4,9,971.4203063297887
8YP_H2_N300_P0_ALL_seed004,P0_ALL,H2,300,4,10,536.4333376352588
8YP_H2_N300_P0_ALL_seed004,P0_ALL,H2,300,4,11,33.25796211920442
8YP_H2_N300_P0_ALL_seed004,P0_ALL,H2,300,4,12,182.92707889319718
8YP_H2_N300_P0_ALL_seed004,P0_ALL,H2,300,4,13,5.482993712128518
8YP_H2_N300_P0_ALL_seed004,P0_ALL,H2,300,4,14,88.53226543263918
8YP_H2_N300_P0_ALL_seed004,P0_ALL,H2,300,4,15,344.43541997773536
8YP_H2_N300_P0_ALL_seed004,P0_ALL,H2,300,4,16,138.0941933567483
8YP_H2_N300_P0_ALL_seed004,P0_ALL,H2,300,4,17,649.5204656860724
8YP_H2_N300_P0_ALL_seed004,P0_ALL,H2,300,4,18,483.9204273209152
8YP_H2_N300_P0_ALL_seed004,P0_ALL,H2,300,4,19,230.80427325856363
8YP_H2_N300_P0_ALL_seed004,P0_ALL,H2,300,4,20,515.9788458975399
8YP_H2_N300_P0_ALL_seed004,P0_ALL,H2,300,4,21,23.330187602885417
8YP_H2_N300_P0_ALL_seed004,P0_ALL,H2,300,4,22,381.21217213768796
8YP_H2_N300_P0_ALL_seed004,P0_ALL,H2,300,4,23,429.6572608827573
8YP_H2_N300_P0_ALL_seed004,P0_ALL,H2,300,4,24,289.53439259300467
8YP_H2_N300_P0_ALL_seed004,P0_ALL,H2,300,4,25,211.31541972409286
8YP_H2_N300_P0_ALL_seed004,P0_ALL,H2,300,4,26,895.4280546880091
8YP_H2_N300_P0_ALL_seed004,P0_ALL,H2,300,4,27,526.7151033570881
8YP_H2_N300_P1_EQUAL_seed004,P1_EQUAL,H2,300,4,1,354.8746389357215
8YP_H2_N300_P1_EQUAL_seed004,P1_EQUAL,H2,300,4,2,287.06380956906133
8YP_H2_N300_P1_EQUAL_seed004,P1_EQUAL,H2,300,4,3,61.177117508205015
8YP_H2_N300_P1_EQUAL_seed004,P1_EQUAL,H2,300,4,4,65.88567897950509
8YP_H2_N300_P1_EQUAL_seed004,P1_EQUAL,H2,300,4,5,393.3465213338975
8YP_H2_N300_P1_EQUAL_seed004,P1_EQUAL,H2,300,4,6,298.10692252514673
8YP_H2_N300_P1_EQUAL_seed004,P1_EQUAL,H2,300,4,7,65.75666902534863
8YP_H2_N300_P1_EQUAL_seed004,P1_EQUAL,H2,300,4,8,172.02846828500765
8YP_H2_N300_P1_EQUAL_seed004,P1_EQUAL,H2,300,4,9,3941.123312418349
8YP_H2_N300_P1_EQUAL_seed004,P1_EQUAL,H2,300,4,10,182.7281165903969
8YP_H2_N300_P1_EQUAL_seed004,P1_EQUAL,H2,300,4,11,5.457869018347083
8YP_H2_N300_P1_EQUAL_seed004,P1_EQUAL,H2,300,4,12,177.14918463296635
8YP_H2_N300_P1_EQUAL_seed004,P1_EQUAL,H2,300,4,13,685.2246583802171
8YP_H2_N300_P1_EQUAL_seed004,P1_EQUAL,H2,300,4,14,136.76064810245316
8YP_H2_N300_P1_EQUAL_seed004,P1_EQUAL,H2,300,4,15,1069.1818707275906
8YP_H2_N300_P1_EQUAL_seed004,P1_EQUAL,H2,300,4,16,967.0122280347232
8YP_H2_N300_P1_EQUAL_seed004,P1_EQUAL,H2,300,4,17,231.44056920544608
8YP_H2_N300_P1_EQUAL_seed004,P1_EQUAL,H2,300,4,18,407.38697010798205
8YP_H2_N300_P2_HASHPROP_seed004,P2_HASHPROP,H2,300,4,1,743.2410082124111
8YP_H2_N300_P2_HASHPROP_seed004,P2_HASHPROP,H2,300,4,2,577.5893585831211
8YP_H2_N300_P2_HASHPROP_seed004,P2_HASHPROP,H2,300,4,3,66.60772708054878
8YP_H2_N300_P2_HASHPROP_seed004,P2_HASHPROP,H2,300,4,4,481.847929557734
8YP_H2_N300_P2_HASHPROP_seed004,P2_HASHPROP,H2,300,4,5,344.19327220109517
8YP_H2_N300_P2_HASHPROP_seed004,P2_HASHPROP,H2,300,4,6,185.27385408636428
8YP_H2_N300_P2_HASHPROP_seed004,P2_HASHPROP,H2,300,4,7,198.786185783993
8YP_H2_N300_P2_HASHPROP_seed004,P2_HASHPROP,H2,300,4,8,181.9402083808568
8YP_H2_N300_P2_HASHPROP_seed004,P2_HASHPROP,H2,300,4,9,971.4203063297887
8YP_H2_N300_P2_HASHPROP_seed004,P2_HASHPROP,H2,300,4,10,536.4333376352588
8YP_H2_N300_P2_HASHPROP_seed004,P2_HASHPROP,H2,300,4,11,33.25796211920442
8YP_H2_N300_P2_HASHPROP_seed004,P2_HASHPROP,H2,300,4,12,182.92707889319718
8YP_H2_N300_P2_HASHPROP_seed004,P2_HASHPROP,H2,300,4,13,5.482993712128518
8YP_H2_N300_P2_HASHPROP_seed004,P2_HASHPROP,H2,300,4,14,88.53226543263918
8YP_H2_N300_P2_HASHPROP_seed004,P2_HASHPROP,H2,300,4,15,344.43541997773536
8YP_H2_N300_P2_HASHPROP_seed004,P2_HASHPROP,H2,300,4,16,138.0941933567483
8YP_H2_N300_P2_HASHPROP_seed004,P2_HASHPROP,H2,300,4,17,649.5204656860724
8YP_H2_N300_P2_HASHPROP_seed004,P2_HASHPROP,H2,300,4,18,483.9204273209152
8YP_H2_N300_P2_HASHPROP_seed004,P2_HASHPROP,H2,300,4,19,230.80427325856363
8YP_H2_N300_P2_HASHPROP_seed004,P2_HASHPROP,H2,300,4,20,515.9788458975399
8YP_H2_N300_P2_HASHPROP_seed004,P2_HASHPROP,H2,300,4,21,23.330187602885417
8YP_H2_N300_P2_HASHPROP_seed004,P2_HASHPROP,H2,300,4,22,381.21217213768796
8YP_H2_N300_P2_HASHPROP_seed004,P2_HASHPROP,H2,300,4,23,429.6572608827573
8YP_H2_N300_P2_HASHPROP_seed004,P2_HASHPROP,H2,300,4,24,289.53439259300467
8YP_H2_N300_P2_HASHPROP_seed004,P2_HASHPROP,H2,300,4,25,211.31541972409286
8YP_H2_N300_P2_HASHPROP_seed004,P2_HASHPROP,H2,300,4,26,895.4280546880091
8YP_H2_N300_P2_HASHPROP_seed004,P2_HASHPROP,H2,300,4,27,526.7151033570881
8YP_H2_N300_P3_ENERGY_seed004,P3_ENERGY,H2,300,4,1,1780.864426337268
8YP_H2_N300_P3_ENERGY_seed004,P3_ENERGY,H2,300,4,2,65.96004372451421
8YP_H2_N300_P3_ENERGY_seed004,P3_ENERGY,H2,300,4,3,481.2998888618788
8YP_H2_N300_P3_ENERGY_seed004,P3_ENERGY,H2,300,4,4,786.9050740882744
8YP_H2_N300_P3_ENERGY_seed004,P3_ENERGY,H2,300,4,5,198.62892570180065
8YP_H2_N300_P3_ENERGY_seed004,P3_ENERGY,H2,300,4,6,182.48971434635632
8YP_H2_N300_P3_ENERGY_seed004,P3_ENERGY,H2,300,4,7,971.4280673413632
8YP_H2_N300_P3_ENERGY_seed004,P3_ENERGY,H2,300,4,8,536.488648523542
8YP_H2_N300_P3_ENERGY_seed004,P3_ENERGY,H2,300,4,9,785.3588322461064
8YP_H2_N300_P3_ENERGY_seed004,P3_ENERGY,H2,300,4,10,5.709132206327013
8YP_H2_N300_P3_ENERGY_seed004,P3_ENERGY,H2,300,4,11,274.0921269968321
8YP_H2_N300_P3_ENERGY_seed004,P3_ENERGY,H2,300,4,12,739.0193515648307
8YP_H2_N300_P3_ENERGY_seed004,P3_ENERGY,H2,300,4,13,771.8448933977934
8YP_H2_N300_P3_ENERGY_seed004,P3_ENERGY,H2,300,4,14,832.0832052921278
8YP_H2_N300_P3_ENERGY_seed004,P3_ENERGY,H2,300,4,15,515.4288995140032
8YP_H2_N300_P3_ENERGY_seed004,P3_ENERGY,H2,300,4,16,22.07616928921925
8YP_H2_N300_P3_ENERGY_seed004,P3_ENERGY,H2,300,4,17,381.6539014120044
8YP_H2_N300_P3_ENERGY_seed004,P3_ENERGY,H2,300,4,18,430.2302796621789
8YP_H2_N300_P4_RESERVE_seed004,P4_RESERVE,H2,300,4,1,1653.241008212411
8YP_H2_N300_P4_RESERVE_seed004,P4_RESERVE,H2,300,4,2,577.5893585831213
8YP_H2_N300_P4_RESERVE_seed004,P4_RESERVE,H2,300,4,3,66.60772708054856
8YP_H2_N300_P4_RESERVE_seed004,P4_RESERVE,H2,300,4,4,481.847929557734
8YP_H2_N300_P4_RESERVE_seed004,P4_RESERVE,H2,300,4,5,1694.937998424717
8YP_H2_N300_P4_RESERVE_seed004,P4_RESERVE,H2,300,4,6,199.6370952823927
8YP_H2_N300_P4_RESERVE_seed004,P4_RESERVE,H2,300,4,7,182.29932684906998
8YP_H2_N300_P4_RESERVE_seed004,P4_RESERVE,H2,300,4,8,1851.9629192654284
8YP_H2_N300_P4_RESERVE_seed004,P4_RESERVE,H2,300,4,9,537.5813958917579
8YP_H2_N300_P4_RESERVE_seed004,P4_RESERVE,H2,300,4,10,1693.406406779287
8YP_H2_N300_P4_RESERVE_seed004,P4_RESERVE,H2,300,4,11,5.457869018347992
8YP_H2_N300_P4_RESERVE_seed004,P4_RESERVE,H2,300,4,12,273.82817854546374
8YP_H2_N300_POW_seed005,POW,H2,300,5,1,244.36091862271655
8YP_H2_N300_POW_seed005,POW,H2,300,5,2,1005.550442948607
8YP_H2_N300_POW_seed005,POW,H2,300,5,3,228.08075400668713
8YP_H2_N300_POW_seed005,POW,H2,300,5,4,1.8096904099204494
8YP_H2_N300_POW_seed005,POW,H2,300,5,5,629.6864673705425
8YP_H2_N300_POW_seed005,POW,H2,300,5,6,691.0109899445056
8YP_H2_N300_POW_seed005,POW,H2,300,5,7,347.5104481660146
8YP_H2_N300_POW_seed005,POW,H2,300,5,8,201.13002972543154
8YP_H2_N300_POW_seed005,POW,H2,300,5,9,827.909477107989
8YP_H2_N300_POW_seed005,POW,H2,300,5,10,1166.0734024990215
8YP_H2_N300_POW_seed005,POW,H2,300,5,11,326.5781898052055
8YP_H2_N300_POW_seed005,POW,H2,300,5,12,30.421195686865758
8YP_H2_N300_POW_seed005,POW,H2,300,5,13,2160.0959916864276
8YP_H2_N300_POW_seed005,POW,H2,300,5,14,305.74577902072724
8YP_H2_N300_POW_seed005,POW,H2,300,5,15,432.1542303862125
8YP_H2_N300_POW_seed005,POW,H2,300,5,16,912.2208325589891
8YP_H2_N300_POW_CT_seed005,POW_CT,H2,300,5,1,470.0426142580723
8YP_H2_N300_POW_CT_seed005,POW_CT,H2,300,5,2,717.0657326681251
8YP_H2_N300_POW_CT_seed005,POW_CT,H2,300,5,3,111.29038735917902
8YP_H2_N300_POW_CT_seed005,POW_CT,H2,300,5,4,374.68450211098434
8YP_H2_N300_POW_CT_seed005,POW_CT,H2,300,5,5,133.333055436344
8YP_H2_N300_POW_CT_seed005,POW_CT,H2,300,5,6,92.84419926457508
8YP_H2_N300_POW_CT_seed005,POW_CT,H2,300,5,7,2668.3510855533505
8YP_H2_N300_POW_CT_seed005,POW_CT,H2,300,5,8,942.7808839547661
8YP_H2_N300_POW_CT_seed005,POW_CT,H2,300,5,9,323.54947035454734
8YP_H2_N300_POW_CT_seed005,POW_CT,H2,300,5,10,573.6834552432065
8YP_H2_N300_POW_CT_seed005,POW_CT,H2,300,5,11,2595.6772203634846
8YP_H2_N300_POW_CT_seed005,POW_CT,H2,300,5,12,273.2975902743219
8YP_H2_N300_P0_ALL_seed005,P0_ALL,H2,300,5,1,244.36091862271655
8YP_H2_N300_P0_ALL_seed005,P0_ALL,H2,300,5,2,1008.9995511628244
8YP_H2_N300_P0_ALL_seed005,P0_ALL,H2,300,5,3,228.08075400668713
8YP_H2_N300_P0_ALL_seed005,P0_ALL,H2,300,5,4,1.8096904099204494
8YP_H2_N300_P0_ALL_seed005,P0_ALL,H2,300,5,5,633.4872499412263
8YP_H2_N300_P0_ALL_seed005,P0_ALL,H2,300,5,6,693.298465313429
8YP_H2_N300_P0_ALL_seed005,P0_ALL,H2,300,5,7,347.5104481660146
8YP_H2_N300_P0_ALL_seed005,P0_ALL,H2,300,5,8,201.130029725432
8YP_H2_N300_P0_ALL_seed005,P0_ALL,H2,300,5,9,831.5027155269045
8YP_H2_N300_P0_ALL_seed005,P0_ALL,H2,300,5,10,1167.9945612170468
8YP_H2_N300_P0_ALL_seed005,P0_ALL,H2,300,5,11,326.5781898052055
8YP_H2_N300_P0_ALL_seed005,P0_ALL,H2,300,5,12,30.421195686865758
8YP_H2_N300_P0_ALL_seed005,P0_ALL,H2,300,5,13,2167.878222434694
8YP_H2_N300_P0_ALL_seed005,P0_ALL,H2,300,5,14,305.74577902072724
8YP_H2_N300_P0_ALL_seed005,P0_ALL,H2,300,5,15,432.1542303862125
8YP_H2_N300_P0_ALL_seed005,P0_ALL,H2,300,5,16,913.719059246614
8YP_H2_N300_P1_EQUAL_seed005,P1_EQUAL,H2,300,5,1,244.36091862271655
8YP_H2_N300_P1_EQUAL_seed005,P1_EQUAL,H2,300,5,2,1383.9995511628244
8YP_H2_N300_P1_EQUAL_seed005,P1_EQUAL,H2,300,5,3,33.082091477484255
8YP_H2_N300_P1_EQUAL_seed005,P1_EQUAL,H2,300,5,4,3.0850892080202357
8YP_H2_N300_P1_EQUAL_seed005,P1_EQUAL,H2,300,5,5,1006.10081143147
8YP_H2_N300_P1_EQUAL_seed005,P1_EQUAL,H2,300,5,6,1036.1937904533484
8YP_H2_N300_P1_EQUAL_seed005,P1_EQUAL,H2,300,5,7,411.91191268142984
8YP_H2_N300_P1_EQUAL_seed005,P1_EQUAL,H2,300,5,8,401.9605530027429
8YP_H2_N300_P1_EQUAL_seed005,P1_EQUAL,H2,300,5,9,542.2028367404355
8YP_H2_N300_P1_EQUAL_seed005,P1_EQUAL,H2,300,5,10,455.8351836511829
8YP_H2_N300_P1_EQUAL_seed005,P1_EQUAL,H2,300,5,11,1650.9882369165825
8YP_H2_N300_P1_EQUAL_seed005,P1_EQUAL,H2,300,5,12,197.33881919579926
8YP_H2_N300_P1_EQUAL_seed005,P1_EQUAL,H2,300,5,13,30.118618205113307
8YP_H2_N300_P1_EQUAL_seed005,P1_EQUAL,H2,300,5,14,1104.3114469088068
8YP_H2_N300_P1_EQUAL_seed005,P1_EQUAL,H2,300,5,15,1233.7941836359896
8YP_H2_N300_P2_HASHPROP_seed005,P2_HASHPROP,H2,300,5,1,244.36091862271655
8YP_H2_N300_P2_HASHPROP_seed005,P2_HASHPROP,H2,300,5,2,1008.9995511628244
8YP_H2_N300_P2_HASHPROP_seed005,P2_HASHPROP,H2,300,5,3,228.08075400668713
8YP_H2_N300_P2_HASHPROP_seed005,P2_HASHPROP,H2,300,5,4,1.8096904099204494
8YP_H2_N300_P2_HASHPROP_seed005,P2_HASHPROP,H2,300,5,5,633.4872499412263
8YP_H2_N300_P2_HASHPROP_seed005,P2_HASHPROP,H2,300,5,6,693.298465313429
8YP_H2_N300_P2_HASHPROP_seed005,P2_HASHPROP,H2,300,5,7,347.5104481660146
8YP_H2_N300_P2_HASHPROP_seed005,P2_HASHPROP,H2,300,5,8,201.130029725432
8YP_H2_N300_P2_HASHPROP_seed005,P2_HASHPROP,H2,300,5,9,831.5027155269045
8YP_H2_N300_P2_HASHPROP_seed005,P2_HASHPROP,H2,300,5,10,1167.9945612170468
8YP_H2_N300_P2_HASHPROP_seed005,P2_HASHPROP,H2,300,5,11,326.5781898052055
8YP_H2_N300_P2_HASHPROP_seed005,P2_HASHPROP,H2,300,5,12,30.421195686865758
8YP_H2_N300_P2_HASHPROP_seed005,P2_HASHPROP,H2,300,5,13,2167.878222434694
8YP_H2_N300_P2_HASHPROP_seed005,P2_HASHPROP,H2,300,5,14,305.74577902072724
8YP_H2_N300_P2_HASHPROP_seed005,P2_HASHPROP,H2,300,5,15,432.1542303862125
8YP_H2_N300_P2_HASHPROP_seed005,P2_HASHPROP,H2,300,5,16,913.719059246614
8YP_H2_N300_P3_ENERGY_seed005,P3_ENERGY,H2,300,5,1,244.36091862271655
8YP_H2_N300_P3_ENERGY_seed005,P3_ENERGY,H2,300,5,2,1008.3127597429313
8YP_H2_N300_P3_ENERGY_seed005,P3_ENERGY,H2,300,5,3,228.08075400668713
8YP_H2_N300_P3_ENERGY_seed005,P3_ENERGY,H2,300,5,4,1233.9671349576483
8YP_H2_N300_P3_ENERGY_seed005,P3_ENERGY,H2,300,5,5,1075.2205495595877
8YP_H2_N300_P3_ENERGY_seed005,P3_ENERGY,H2,300,5,6,412.5978352682664
8YP_H2_N300_P3_ENERGY_seed005,P3_ENERGY,H2,300,5,7,3338.6711826004266
8YP_H2_N300_P4_RESERVE_seed005,P4_RESERVE,H2,300,5,1,244.36091862271655
8YP_H2_N300_P4_RESERVE_seed005,P4_RESERVE,H2,300,5,2,1916.3841932367166
8YP_H2_N300_P4_RESERVE_seed005,P4_RESERVE,H2,300,5,3,228.08075400668713
8YP_H2_N300_P4_RESERVE_seed005,P4_RESERVE,H2,300,5,4,2113.508845441466
8YP_H2_N300_P4_RESERVE_seed005,P4_RESERVE,H2,300,5,5,1981.1026627793244
8YP_H2_N300_P4_RESERVE_seed005,P4_RESERVE,H2,300,5,6,412.59783526826595
8YP_H2_N300_P4_RESERVE_seed005,P4_RESERVE,H2,300,5,7,1600.7498504016066
8YP_H2_N300_P4_RESERVE_seed005,P4_RESERVE,H2,300,5,8,1257.50393895251
8YP_H2_N300_POW_seed006,POW,H2,300,6,1,236.28834668297722
8YP_H2_N300_POW_seed006,POW,H2,300,6,2,17.384063559135058
8YP_H2_N300_POW_seed006,POW,H2,300,6,3,1126.723775145033
8YP_H2_N300_POW_seed006,POW,H2,300,6,4,277.96338902029265
8YP_H2_N300_POW_seed006,POW,H2,300,6,5,1281.461322406658
8YP_H2_N300_POW_seed006,POW,H2,300,6,6,33.32562161618671
8YP_H2_N300_POW_seed006,POW,H2,300,6,7,585.097055136338
8YP_H2_N300_POW_seed006,POW,H2,300,6,8,69.18795034973982
8YP_H2_N300_POW_seed006,POW,H2,300,6,9,604.6704299855187
8YP_H2_N300_POW_seed006,POW,H2,300,6,10,174.91987269153833
8YP_H2_N300_POW_seed006,POW,H2,300,6,11,277.3671839469398
8YP_H2_N300_POW_seed006,POW,H2,300,6,12,132.47512841673506
8YP_H2_N300_POW_seed006,POW,H2,300,6,13,440.10565753071205
8YP_H2_N300_POW_seed006,POW,H2,300,6,14,627.6025048420715
8YP_H2_N300_POW_seed006,POW,H2,300,6,15,51.57655886172961
8YP_H2_N300_POW_seed006,POW,H2,300,6,16,411.70074652359926
8YP_H2_N300_POW_seed006,POW,H2,300,6,17,24.13312541254072
8YP_H2_N300_POW_seed006,POW,H2,300,6,18,1603.711234823415
8YP_H2_N300_POW_seed006,POW,H2,300,6,19,247.54539861525063
8YP_H2_N300_POW_seed006,POW,H2,300,6,20,646.1170655747064
8YP_H2_N300_POW_seed006,POW,H2,300,6,21,519.769418490303
8YP_H2_N300_POW_seed006,POW,H2,300,6,22,142.76138614423326
8YP_H2_N300_POW_seed006,POW,H2,300,6,23,466.17527030328165
8YP_H2_N300_POW_CT_seed006,POW_CT,H2,300,6,1,1242.229211886186
8YP_H2_N300_POW_CT_seed006,POW_CT,H2,300,6,2,4058.056023693204
8YP_H2_N300_POW_CT_seed006,POW_CT,H2,300,6,3,384.8897112264076
8YP_H2_N300_POW_CT_seed006,POW_CT,H2,300,6,4,132.7311659709685
8YP_H2_N300_POW_CT_seed006,POW_CT,H2,300,6,5,31.158571297497474
8YP_H2_N300_POW_CT_seed006,POW_CT,H2,300,6,6,396.84064436183235
8YP_H2_N300_POW_CT_seed006,POW_CT,H2,300,6,7,397.48321786161523
8YP_H2_N300_POW_CT_seed006,POW_CT,H2,300,6,8,143.7442485827387
8YP_H2_N300_POW_CT_seed006,POW_CT,H2,300,6,9,274.18781411754753
8YP_H2_N300_POW_CT_seed006,POW_CT,H2,300,6,10,608.5688488690157
8YP_H2_N300_POW_CT_seed006,POW_CT,H2,300,6,11,207.626770378306
8YP_H2_N300_POW_CT_seed006,POW_CT,H2,300,6,12,613.7768694695851
8YP_H2_N300_POW_CT_seed006,POW_CT,H2,300,6,13,233.90047598513593
8YP_H2_N300_POW_CT_seed006,POW_CT,H2,300,6,14,812.6298546556936
8YP_H2_N300_P0_ALL_seed006,P0_ALL,H2,300,6,1,236.28834668297722
8YP_H2_N300_P0_ALL_seed006,P0_ALL,H2,300,6,2,17.384063559135058
8YP_H2_N300_P0_ALL_seed006,P0_ALL,H2,300,6,3,1128.477420929978
8YP_H2_N300_P0_ALL_seed006,P0_ALL,H2,300,6,4,277.96338902029265
8YP_H2_N300_P0_ALL_seed006,P0_ALL,H2,300,6,5,1286.207324544066
8YP_H2_N300_P0_ALL_seed006,P0_ALL,H2,300,6,6,33.32562161618671
8YP_H2_N300_P0_ALL_seed006,P0_ALL,H2,300,6,7,585.097055136338
8YP_H2_N300_P0_ALL_seed006,P0_ALL,H2,300,6,8,69.18795034973982
8YP_H2_N300_P0_ALL_seed006,P0_ALL,H2,300,6,9,606.8081638267922
8YP_H2_N300_P0_ALL_seed006,P0_ALL,H2,300,6,10,174.91987269153833
8YP_H2_N300_P0_ALL_seed006,P0_ALL,H2,300,6,11,277.3671839469398
8YP_H2_N300_P0_ALL_seed006,P0_ALL,H2,300,6,12,132.47512841673506
8YP_H2_N300_P0_ALL_seed006,P0_ALL,H2,300,6,13,440.10565753071205
8YP_H2_N300_P0_ALL_seed006,P0_ALL,H2,300,6,14,630.6177246746174
8YP_H2_N300_P0_ALL_seed006,P0_ALL,H2,300,6,15,51.57655886172961
8YP_H2_N300_P0_ALL_seed006,P0_ALL,H2,300,6,16,411.70074652359926
8YP_H2_N300_P0_ALL_seed006,P0_ALL,H2,300,6,17,24.13312541254072
8YP_H2_N300_P0_ALL_seed006,P0_ALL,H2,300,6,18,1608.5315475816387
8YP_H2_N300_P0_ALL_seed006,P0_ALL,H2,300,6,19,247.54539861525154
8YP_H2_N300_P0_ALL_seed006,P0_ALL,H2,300,6,20,648.0913481762072
8YP_H2_N300_P0_ALL_seed006,P0_ALL,H2,300,6,21,519.769418490303
8YP_H2_N300_P0_ALL_seed006,P0_ALL,H2,300,6,22,142.76138614423326
8YP_H2_N300_P1_EQUAL_seed006,P1_EQUAL,H2,300,6,1,236.28834668297722
8YP_H2_N300_P1_EQUAL_seed006,P1_EQUAL,H2,300,6,2,17.384063559135058
8YP_H2_N300_P1_EQUAL_seed006,P1_EQUAL,H2,300,6,3,1039.3698104489818
8YP_H2_N300_P1_EQUAL_seed006,P1_EQUAL,H2,300,6,4,3182.2681033061426
8YP_H2_N300_P1_EQUAL_seed006,P1_EQUAL,H2,300,6,5,1809.6234601882907
8YP_H2_N300_P1_EQUAL_seed006,P1_EQUAL,H2,300,6,6,33.15410681877347
8YP_H2_N300_P1_EQUAL_seed006,P1_EQUAL,H2,300,6,7,982.5979071507718
8YP_H2_N300_P1_EQUAL_seed006,P1_EQUAL,H2,300,6,8,117.0775058320005
8YP_H2_N300_P1_EQUAL_seed006,P1_EQUAL,H2,300,6,9,276.95727439496204
8YP_H2_N300_P1_EQUAL_seed006,P1_EQUAL,H2,300,6,10,132.1276962052798
8YP_H2_N300_P1_EQUAL_seed006,P1_EQUAL,H2,300,6,11,222.96275460214383
8YP_H2_N300_P1_EQUAL_seed006,P1_EQUAL,H2,300,6,12,1004.8830190850713
8YP_H2_N300_P1_EQUAL_seed006,P1_EQUAL,H2,300,6,13,51.506473155684944
8YP_H2_N300_P1_EQUAL_seed006,P1_EQUAL,H2,300,6,14,823.6550302592041
8YP_H2_N300_P1_EQUAL_seed006,P1_EQUAL,H2,300,6,15,48.14423697219354
8YP_H2_N300_P2_HASHPROP_seed006,P2_HASHPROP,H2,300,6,1,236.28834668297722
8YP_H2_N300_P2_HASHPROP_seed006,P2_HASHPROP,H2,300,6,2,17.384063559135058
8YP_H2_N300_P2_HASHPROP_seed006,P2_HASHPROP,H2,300,6,3,1128.477420929978
8YP_H2_N300_P2_HASHPROP_seed006,P2_HASHPROP,H2,300,6,4,277.96338902029265
8YP_H2_N300_P2_HASHPROP_seed006,P2_HASHPROP,H2,300,6,5,1286.207324544066
8YP_H2_N300_P2_HASHPROP_seed006,P2_HASHPROP,H2,300,6,6,33.32562161618671
8YP_H2_N300_P2_HASHPROP_seed006,P2_HASHPROP,H2,300,6,7,585.097055136338
8YP_H2_N300_P2_HASHPROP_seed006,P2_HASHPROP,H2,300,6,8,69.18795034973982
8YP_H2_N300_P2_HASHPROP_seed006,P2_HASHPROP,H2,300,6,9,606.8081638267922
8YP_H2_N300_P2_HASHPROP_seed006,P2_HASHPROP,H2,300,6,10,174.91987269153833
8YP_H2_N300_P2_HASHPROP_seed006,P2_HASHPROP,H2,300,6,11,277.3671839469398
8YP_H2_N300_P2_HASHPROP_seed006,P2_HASHPROP,H2,300,6,12,132.47512841673506
8YP_H2_N300_P2_HASHPROP_seed006,P2_HASHPROP,H2,300,6,13,440.10565753071205
8YP_H2_N300_P2_HASHPROP_seed006,P2_HASHPROP,H2,300,6,14,630.6177246746174
8YP_H2_N300_P2_HASHPROP_seed006,P2_HASHPROP,H2,300,6,15,51.57655886172961
8YP_H2_N300_P2_HASHPROP_seed006,P2_HASHPROP,H2,300,6,16,411.70074652359926
8YP_H2_N300_P2_HASHPROP_seed006,P2_HASHPROP,H2,300,6,17,24.13312541254072
8YP_H2_N300_P2_HASHPROP_seed006,P2_HASHPROP,H2,300,6,18,1608.5315475816387
8YP_H2_N300_P2_HASHPROP_seed006,P2_HASHPROP,H2,300,6,19,247.54539861525154
8YP_H2_N300_P2_HASHPROP_seed006,P2_HASHPROP,H2,300,6,20,648.0913481762072
8YP_H2_N300_P2_HASHPROP_seed006,P2_HASHPROP,H2,300,6,21,519.769418490303
8YP_H2_N300_P2_HASHPROP_seed006,P2_HASHPROP,H2,300,6,22,142.76138614423326
8YP_H2_N300_P3_ENERGY_seed006,P3_ENERGY,H2,300,6,1,236.28834668297722
8YP_H2_N300_P3_ENERGY_seed006,P3_ENERGY,H2,300,6,2,17.384063559135058
8YP_H2_N300_P3_ENERGY_seed006,P3_ENERGY,H2,300,6,3,1703.76694399197
8YP_H2_N300_P3_ENERGY_seed006,P3_ENERGY,H2,300,6,4,1284.7254977784585
8YP_H2_N300_P3_ENERGY_seed006,P3_ENERGY,H2,300,6,5,1275.976447488344
8YP_H2_N300_P3_ENERGY_seed006,P3_ENERGY,H2,300,6,6,607.6109371210769
8YP_H2_N300_P3_ENERGY_seed006,P3_ENERGY,H2,300,6,7,174.5444288071476
8YP_H2_N300_P3_ENERGY_seed006,P3_ENERGY,H2,300,6,8,735.6402864156771
8YP_H2_N300_P3_ENERGY_seed006,P3_ENERGY,H2,300,6,9,439.47495547478866
8YP_H2_N300_P3_ENERGY_seed006,P3_ENERGY,H2,300,6,10,674.0181285309436
8YP_H2_N300_P3_ENERGY_seed006,P3_ENERGY,H2,300,6,11,51.320959809370834
8YP_H2_N300_P4_RESERVE_seed006,P4_RESERVE,H2,300,6,1,236.28834668297722
8YP_H2_N300_P4_RESERVE_seed006,P4_RESERVE,H2,300,6,2,17.384063559135058
8YP_H2_N300_P4_RESERVE_seed006,P4_RESERVE,H2,300,6,3,2611.3628037149347
8YP_H2_N300_P4_RESERVE_seed006,P4_RESERVE,H2,300,6,4,1135.9767033102398
8YP_H2_N300_P4_RESERVE_seed006,P4_RESERVE,H2,300,6,5,587.7572461807813
8YP_H2_N300_P4_RESERVE_seed006,P4_RESERVE,H2,300,6,6,80.23335582226537
8YP_H2_N300_P4_RESERVE_seed006,P4_RESERVE,H2,300,6,7,2181.4175776066977
8YP_H2_N300_P4_RESERVE_seed006,P4_RESERVE,H2,300,6,8,342.93642522525715
8YP_H2_N300_P4_RESERVE_seed006,P4_RESERVE,H2,300,6,9,4.67042998551824
8YP_H2_N300_P4_RESERVE_seed006,P4_RESERVE,H2,300,6,10,174.91987269153833
8YP_H2_N300_P4_RESERVE_seed006,P4_RESERVE,H2,300,6,11,830.7210348672143
8YP_H2_N300_P4_RESERVE_seed006,P4_RESERVE,H2,300,6,12,132.47512841673597
8YP_H2_N300_P4_RESERVE_seed006,P4_RESERVE,H2,300,6,13,440.10565753071205
8YP_H2_N500_POW_seed001,POW,H2,500,1,1,393.34004899945785
8YP_H2_N500_POW_seed001,POW,H2,500,1,2,792.0124882764487
8YP_H2_N500_POW_seed001,POW,H2,500,1,3,441.0777482381277
8YP_H2_N500_POW_seed001,POW,H2,500,1,4,552.9614617196532
8YP_H2_N500_POW_seed001,POW,H2,500,1,5,80.09358465184141
8YP_H2_N500_POW_seed001,POW,H2,500,1,6,11.690193266671486
8YP_H2_N500_POW_seed001,POW,H2,500,1,7,358.8517567878939
8YP_H2_N500_POW_seed001,POW,H2,500,1,8,2665.9063253627965
8YP_H2_N500_POW_seed001,POW,H2,500,1,9,257.15683753903795
8YP_H2_N500_POW_seed001,POW,H2,500,1,10,285.91387816923816
8YP_H2_N500_POW_seed001,POW,H2,500,1,11,667.5622785859205
8YP_H2_N500_POW_seed001,POW,H2,500,1,12,568.8900039196706
8YP_H2_N500_POW_seed001,POW,H2,500,1,13,1053.906931733688
8YP_H2_N500_POW_seed001,POW,H2,500,1,14,188.1731589115161
8YP_H2_N500_POW_seed001,POW,H2,500,1,15,1334.5316222717302
8YP_H2_N500_POW_seed001,POW,H2,500,1,16,256.5465338643862
8YP_H2_N500_POW_CT_seed001,POW_CT,H2,500,1,1,35.59375712417907
8YP_H2_N500_POW_CT_seed001,POW_CT,H2,500,1,2,2484.0748603270454
8YP_H2_N500_POW_CT_seed001,POW_CT,H2,500,1,3,204.05816484821253
8YP_H2_N500_POW_CT_seed001,POW_CT,H2,500,1,4,210.25778406795234
8YP_H2_N500_POW_CT_seed001,POW_CT,H2,500,1,5,1277.9749000198021
8YP_H2_N500_POW_CT_seed001,POW_CT,H2,500,1,6,832.4007843707323
8YP_H2_N500_POW_CT_seed001,POW_CT,H2,500,1,7,199.69392163017164
8YP_H2_N500_POW_CT_seed001,POW_CT,H2,500,1,8,1855.9803000929005
8YP_H2_N500_P0_ALL_seed001,P0_ALL,H2,500,1,1,393.34004899945785
8YP_H2_N500_P0_ALL_seed001,P0_ALL,H2,500,1,2,794.1735944386571
8YP_H2_N500_P0_ALL_seed001,P0_ALL,H2,500,1,3,441.0777482381277
8YP_H2_N500_P0_ALL_seed001,P0_ALL,H2,500,1,4,552.9614617196532
8YP_H2_N500_P0_ALL_seed001,P0_ALL,H2,500,1,5,80.09358465184141
8YP_H2_N500_P0_ALL_seed001,P0_ALL,H2,500,1,6,11.690193266671486
8YP_H2_N500_P0_ALL_seed001,P0_ALL,H2,500,1,7,358.8517567878939
8YP_H2_N500_P0_ALL_seed001,P0_ALL,H2,500,1,8,2675.6008808484144
8YP_H2_N500_P0_ALL_seed001,P0_ALL,H2,500,1,9,257.15683753903795
8YP_H2_N500_P0_ALL_seed001,P0_ALL,H2,500,1,10,285.91387816923816
8YP_H2_N500_P0_ALL_seed001,P0_ALL,H2,500,1,11,671.4555766549292
8YP_H2_N500_P0_ALL_seed001,P0_ALL,H2,500,1,12,568.8900039196706
8YP_H2_N500_P0_ALL_seed001,P0_ALL,H2,500,1,13,1056.477307475896
8YP_H2_N500_P0_ALL_seed001,P0_ALL,H2,500,1,14,188.17315891151702
8YP_H2_N500_P0_ALL_seed001,P0_ALL,H2,500,1,15,1340.5471455950446
8YP_H2_N500_P0_ALL_seed001,P0_ALL,H2,500,1,16,256.5465338643862
8YP_H2_N500_P1_EQUAL_seed001,P1_EQUAL,H2,500,1,1,311.6953118625363
8YP_H2_N500_P1_EQUAL_seed001,P1_EQUAL,H2,500,1,2,547.918026168112
8YP_H2_N500_P1_EQUAL_seed001,P1_EQUAL,H2,500,1,3,1007.3500981817995
8YP_H2_N500_P1_EQUAL_seed001,P1_EQUAL,H2,500,1,4,97.10823194636032
8YP_H2_N500_P1_EQUAL_seed001,P1_EQUAL,H2,500,1,5,111.88357798949642
8YP_H2_N500_P1_EQUAL_seed001,P1_EQUAL,H2,500,1,6,23.284250993411206
8YP_H2_N500_P1_EQUAL_seed001,P1_EQUAL,H2,500,1,7,717.5655669505031
8YP_H2_N500_P1_EQUAL_seed001,P1_EQUAL,H2,500,1,8,1321.2653448913557
8YP_H2_N500_P1_EQUAL_seed001,P1_EQUAL,H2,500,1,9,2486.3395418403625
8YP_H2_N500_P1_EQUAL_seed001,P1_EQUAL,H2,500,1,10,1264.5627910698922
8YP_H2_N500_P1_EQUAL_seed001,P1_EQUAL,H2,500,1,11,1113.6099094913989
8YP_H2_N500_P1_EQUAL_seed001,P1_EQUAL,H2,500,1,12,917.959894809881
8YP_H2_N500_P2_HASHPROP_seed001,P2_HASHPROP,H2,500,1,1,393.34004899945785
8YP_H2_N500_P2_HASHPROP_seed001,P2_HASHPROP,H2,500,1,2,794.1735944386571
8YP_H2_N500_P2_HASHPROP_seed001,P2_HASHPROP,H2,500,1,3,441.0777482381277
8YP_H2_N500_P2_HASHPROP_seed001,P2_HASHPROP,H2,500,1,4,552.9614617196532
8YP_H2_N500_P2_HASHPROP_seed001,P2_HASHPROP,H2,500,1,5,80.09358465184141
8YP_H2_N500_P2_HASHPROP_seed001,P2_HASHPROP,H2,500,1,6,11.690193266671486
8YP_H2_N500_P2_HASHPROP_seed001,P2_HASHPROP,H2,500,1,7,358.8517567878939
8YP_H2_N500_P2_HASHPROP_seed001,P2_HASHPROP,H2,500,1,8,2675.6008808484144
8YP_H2_N500_P2_HASHPROP_seed001,P2_HASHPROP,H2,500,1,9,257.15683753903795
8YP_H2_N500_P2_HASHPROP_seed001,P2_HASHPROP,H2,500,1,10,285.91387816923816
8YP_H2_N500_P2_HASHPROP_seed001,P2_HASHPROP,H2,500,1,11,671.4555766549292
8YP_H2_N500_P2_HASHPROP_seed001,P2_HASHPROP,H2,500,1,12,568.8900039196706
8YP_H2_N500_P2_HASHPROP_seed001,P2_HASHPROP,H2,500,1,13,1056.477307475896
8YP_H2_N500_P2_HASHPROP_seed001,P2_HASHPROP,H2,500,1,14,188.17315891151702
8YP_H2_N500_P2_HASHPROP_seed001,P2_HASHPROP,H2,500,1,15,1340.5471455950446
8YP_H2_N500_P2_HASHPROP_seed001,P2_HASHPROP,H2,500,1,16,256.5465338643862
8YP_H2_N500_P3_ENERGY_seed001,P3_ENERGY,H2,500,1,1,1393.8934845596534
8YP_H2_N500_P3_ENERGY_seed001,P3_ENERGY,H2,500,1,2,441.0132341975043
8YP_H2_N500_P3_ENERGY_seed001,P3_ENERGY,H2,500,1,3,713.082899146908
8YP_H2_N500_P3_ENERGY_seed001,P3_ENERGY,H2,500,1,4,245.19340707031506
8YP_H2_N500_P3_ENERGY_seed001,P3_ENERGY,H2,500,1,5,3873.111557098796
8YP_H2_N500_P3_ENERGY_seed001,P3_ENERGY,H2,500,1,6,285.73453309454635
8YP_H2_N500_P4_RESERVE_seed001,P4_RESERVE,H2,500,1,1,1303.3400489994578
8YP_H2_N500_P4_RESERVE_seed001,P4_RESERVE,H2,500,1,2,1701.6981548856875
8YP_H2_N500_P4_RESERVE_seed001,P4_RESERVE,H2,500,1,3,441.0777482381277
8YP_H2_N500_P4_RESERVE_seed001,P4_RESERVE,H2,500,1,4,1621.3042519598366
8YP_H2_N500_P4_RESERVE_seed001,P4_RESERVE,H2,500,1,5,246.2599176439826
8YP_H2_N500_P4_RESERVE_seed001,P4_RESERVE,H2,500,1,6,689.6190248118355
8YP_H2_N500_P4_RESERVE_seed001,P4_RESERVE,H2,500,1,7,621.5940916796671
8YP_H2_N500_P4_RESERVE_seed001,P4_RESERVE,H2,500,1,8,968.7137764536856
8YP_H2_N500_POW_seed002,POW,H2,500,2,1,417.75699488856475
8YP_H2_N500_POW_seed002,POW,H2,500,2,2,584.0278902286777
8YP_H2_N500_POW_seed002,POW,H2,500,2,3,1239.4577581492854
8YP_H2_N500_POW_seed002,POW,H2,500,2,4,302.9101569325935
8YP_H2_N500_POW_seed002,POW,H2,500,2,5,1197.099850408354
8YP_H2_N500_POW_seed002,POW,H2,500,2,6,330.8569231753281
8YP_H2_N500_POW_seed002,POW,H2,500,2,7,1197.233186355843
8YP_H2_N500_POW_seed002,POW,H2,500,2,8,953.5806308526962
8YP_H2_N500_POW_seed002,POW,H2,500,2,9,141.2329148445906
8YP_H2_N500_POW_seed002,POW,H2,500,2,10,97.26362184508525
8YP_H2_N500_POW_seed002,POW,H2,500,2,11,642.1594508363296
8YP_H2_N500_POW_seed002,POW,H2,500,2,12,281.4141535696135
8YP_H2_N500_POW_seed002,POW,H2,500,2,13,471.60031129096296
8YP_H2_N500_POW_seed002,POW,H2,500,2,14,203.55881202515593
8YP_H2_N500_POW_seed002,POW,H2,500,2,15,1914.6856859280906
8YP_H2_N500_POW_seed002,POW,H2,500,2,16,1.8880092690069432
8YP_H2_N500_POW_CT_seed002,POW_CT,H2,500,2,1,820.7915369784325
8YP_H2_N500_POW_CT_seed002,POW_CT,H2,500,2,2,622.2591175750836
8YP_H2_N500_POW_CT_seed002,POW_CT,H2,500,2,3,1090.5028216772846
8YP_H2_N500_POW_CT_seed002,POW_CT,H2,500,2,4,190.14226308605248
8YP_H2_N500_POW_CT_seed002,POW_CT,H2,500,2,5,2674.1401267421606
8YP_H2_N500_POW_CT_seed002,POW_CT,H2,500,2,6,1836.172087820164
8YP_H2_N500_POW_CT_seed002,POW_CT,H2,500,2,7,1456.6236499853985
8YP_H2_N500_POW_CT_seed002,POW_CT,H2,500,2,8,1069.6671600762274
8YP_H2_N500_P0_ALL_seed002,P0_ALL,H2,500,2,1,417.75699488856475
8YP_H2_N500_P0_ALL_seed002,P0_ALL,H2,500,2,2,584.0278902286777
8YP_H2_N500_P0_ALL_seed002,P0_ALL,H2,500,2,3,1244.5864622380032
8YP_H2_N500_P0_ALL_seed002,P0_ALL,H2,500,2,4,302.9101569325935
8YP_H2_N500_P0_ALL_seed002,P0_ALL,H2,500,2,5,1199.7207022686425
8YP_H2_N500_P0_ALL_seed002,P0_ALL,H2,500,2,6,330.8569231753281
8YP_H2_N500_P0_ALL_seed002,P0_ALL,H2,500,2,7,1199.590288643204
8YP_H2_N500_P0_ALL_seed002,P0_ALL,H2,500,2,8,956.4611762288796
8YP_H2_N500_P0_ALL_seed002,P0_ALL,H2,500,2,9,141.2329148445906
8YP_H2_N500_P0_ALL_seed002,P0_ALL,H2,500,2,10,97.26362184508525
8YP_H2_N500_P0_ALL_seed002,P0_ALL,H2,500,2,11,646.0984171734317
8YP_H2_N500_P0_ALL_seed002,P0_ALL,H2,500,2,12,281.4141535696135
8YP_H2_N500_P0_ALL_seed002,P0_ALL,H2,500,2,13,471.60031129096296
8YP_H2_N500_P0_ALL_seed002,P0_ALL,H2,500,2,14,203.55881202515593
8YP_H2_N500_P1_EQUAL_seed002,P1_EQUAL,H2,500,2,1,381.98839252685406
8YP_H2_N500_P1_EQUAL_seed002,P1_EQUAL,H2,500,2,2,292.98106870245357
8YP_H2_N500_P1_EQUAL_seed002,P1_EQUAL,H2,500,2,3,956.8772870096211
8YP_H2_N500_P1_EQUAL_seed002,P1_EQUAL,H2,500,2,4,1017.2202091157365
8YP_H2_N500_P1_EQUAL_seed002,P1_EQUAL,H2,500,2,5,954.3354870656972
8YP_H2_N500_P1_EQUAL_seed002,P1_EQUAL,H2,500,2,6,2879.366433687833
8YP_H2_N500_P1_EQUAL_seed002,P1_EQUAL,H2,500,2,7,256.8747095535673
8YP_H2_N500_P1_EQUAL_seed002,P1_EQUAL,H2,500,2,8,78.9611689853773
8YP_H2_N500_P1_EQUAL_seed002,P1_EQUAL,H2,500,2,9,330.1355230782938
8YP_H2_N500_P1_EQUAL_seed002,P1_EQUAL,H2,500,2,10,1258.611060335982
8YP_H2_N500_P1_EQUAL_seed002,P1_EQUAL,H2,500,2,11,97.25944620468181
8YP_H2_N500_P1_EQUAL_seed002,P1_EQUAL,H2,500,2,12,913.1969618932308
8YP_H2_N500_P1_EQUAL_seed002,P1_EQUAL,H2,500,2,13,83.75196967511147
8YP_H2_N500_P1_EQUAL_seed002,P1_EQUAL,H2,500,2,14,281.18223979375034
8YP_H2_N500_P2_HASHPROP_seed002,P2_HASHPROP,H2,500,2,1,417.75699488856475
8YP_H2_N500_P2_HASHPROP_seed002,P2_HASHPROP,H2,500,2,2,584.0278902286777
8YP_H2_N500_P2_HASHPROP_seed002,P2_HASHPROP,H2,500,2,3,1244.5864622380032
8YP_H2_N500_P2_HASHPROP_seed002,P2_HASHPROP,H2,500,2,4,302.9101569325935
8YP_H2_N500_P2_HASHPROP_seed002,P2_HASHPROP,H2,500,2,5,1199.7207022686425
8YP_H2_N500_P2_HASHPROP_seed002,P2_HASHPROP,H2,500,2,6,330.8569231753281
8YP_H2_N500_P2_HASHPROP_seed002,P2_HASHPROP,H2,500,2,7,1199.590288643204
8YP_H2_N500_P2_HASHPROP_seed002,P2_HASHPROP,H2,500,2,8,956.4611762288796
8YP_H2_N500_P2_HASHPROP_seed002,P2_HASHPROP,H2,500,2,9,141.2329148445906
8YP_H2_N500_P2_HASHPROP_seed002,P2_HASHPROP,H2,500,2,10,97.26362184508525
8YP_H2_N500_P2_HASHPROP_seed002,P2_HASHPROP,H2,500,2,11,646.0984171734317
8YP_H2_N500_P2_HASHPROP_seed002,P2_HASHPROP,H2,500,2,12,281.4141535696135
8YP_H2_N500_P2_HASHPROP_seed002,P2_HASHPROP,H2,500,2,13,471.60031129096296
8YP_H2_N500_P2_HASHPROP_seed002,P2_HASHPROP,H2,500,2,14,203.55881202515593
8YP_H2_N500_P3_ENERGY_seed002,P3_ENERGY,H2,500,2,1,1184.3028922089866
8YP_H2_N500_P3_ENERGY_seed002,P3_ENERGY,H2,500,2,2,1242.892112538862
8YP_H2_N500_P3_ENERGY_seed002,P3_ENERGY,H2,500,2,3,302.8456896212938
8YP_H2_N500_P3_ENERGY_seed002,P3_ENERGY,H2,500,2,4,1536.50046222139
8YP_H2_N500_P3_ENERGY_seed002,P3_ENERGY,H2,500,2,5,3108.559680542283
8YP_H2_N500_P3_ENERGY_seed002,P3_ENERGY,H2,500,2,6,1763.0123271967113
8YP_H2_N500_P3_ENERGY_seed002,P3_ENERGY,H2,500,2,7,471.52250983710474
8YP_H2_N500_P4_RESERVE_seed002,P4_RESERVE,H2,500,2,1,1327.7569948885648
8YP_H2_N500_P4_RESERVE_seed002,P4_RESERVE,H2,500,2,2,584.0278902286777
8YP_H2_N500_P4_RESERVE_seed002,P4_RESERVE,H2,500,2,3,2152.0897096393796
8YP_H2_N500_P4_RESERVE_seed002,P4_RESERVE,H2,500,2,4,302.91015693259305
8YP_H2_N500_P4_RESERVE_seed002,P4_RESERVE,H2,500,2,5,1987.2662430484706
8YP_H2_N500_P4_RESERVE_seed002,P4_RESERVE,H2,500,2,6,330.8569231753281
8YP_H2_N500_P4_RESERVE_seed002,P4_RESERVE,H2,500,2,7,2709.8807764423755
8YP_H2_N500_POW_seed003,POW,H2,500,3,1,578.7233294176299
8YP_H2_N500_POW_seed003,POW,H2,500,3,2,133.98640039578083
8YP_H2_N500_POW_seed003,POW,H2,500,3,3,1021.5314956538585
8YP_H2_N500_POW_seed003,POW,H2,500,3,4,194.59658391187418
8YP_H2_N500_POW_seed003,POW,H2,500,3,5,2309.0188678790564
8YP_H2_N500_POW_seed003,POW,H2,500,3,6,104.57447848000811
8YP_H2_N500_POW_seed003,POW,H2,500,3,7,1113.1340017029906
8YP_H2_N500_POW_seed003,POW,H2,500,3,8,736.1754866656038
8YP_H2_N500_POW_seed003,POW,H2,500,3,9,110.95734299270862
8YP_H2_N500_POW_seed003,POW,H2,500,3,10,280.88549736609457
8YP_H2_N500_POW_seed003,POW,H2,500,3,11,819.4822414376649
8YP_H2_N500_POW_seed003,POW,H2,500,3,12,1278.3050571483527
8YP_H2_N500_POW_seed003,POW,H2,500,3,13,609.6415556157663
8YP_H2_N500_POW_CT_seed003,POW_CT,H2,500,3,1,238.06412721224416
8YP_H2_N500_POW_CT_seed003,POW_CT,H2,500,3,2,1851.0749497145637
8YP_H2_N500_POW_CT_seed003,POW_CT,H2,500,3,3,738.102337307248
8YP_H2_N500_POW_CT_seed003,POW_CT,H2,500,3,4,17.35970118749856
8YP_H2_N500_POW_CT_seed003,POW_CT,H2,500,3,5,5445.366341951894
8YP_H2_N500_P0_ALL_seed003,P0_ALL,H2,500,3,1,578.7233294176299
8YP_H2_N500_P0_ALL_seed003,P0_ALL,H2,500,3,2,133.98640039578083
8YP_H2_N500_P0_ALL_seed003,P0_ALL,H2,500,3,3,1025.8812344595108
8YP_H2_N500_P0_ALL_seed003,P0_ALL,H2,500,3,4,194.59658391187418
8YP_H2_N500_P0_ALL_seed003,P0_ALL,H2,500,3,5,2317.151207975826
8YP_H2_N500_P0_ALL_seed003,P0_ALL,H2,500,3,6,104.57447848000811
8YP_H2_N500_P0_ALL_seed003,P0_ALL,H2,500,3,7,1115.694360904925
8YP_H2_N500_P0_ALL_seed003,P0_ALL,H2,500,3,8,738.7761172182218
8YP_H2_N500_P0_ALL_seed003,P0_ALL,H2,500,3,9,110.95734299270862
8YP_H2_N500_P0_ALL_seed003,P0_ALL,H2,500,3,10,280.88549736609457
8YP_H2_N500_P0_ALL_seed003,P0_ALL,H2,500,3,11,822.3619874553833
8YP_H2_N500_P0_ALL_seed003,P0_ALL,H2,500,3,12,1285.0269338247854
8YP_H2_N500_P0_ALL_seed003,P0_ALL,H2,500,3,13,612.3098584201634
8YP_H2_N500_P1_EQUAL_seed003,P1_EQUAL,H2,500,3,1,49.64160371230638
8YP_H2_N500_P1_EQUAL_seed003,P1_EQUAL,H2,500,3,2,133.9864003957809
8YP_H2_N500_P1_EQUAL_seed003,P1_EQUAL,H2,500,3,3,1820.5719302879725
8YP_H2_N500_P1_EQUAL_seed003,P1_EQUAL,H2,500,3,4,188.9690154246673
8YP_H2_N500_P1_EQUAL_seed003,P1_EQUAL,H2,500,3,5,382.7821776764963
8YP_H2_N500_P1_EQUAL_seed003,P1_EQUAL,H2,500,3,6,102.94397894504118
8YP_H2_N500_P1_EQUAL_seed003,P1_EQUAL,H2,500,3,7,1285.3769019741053
8YP_H2_N500_P1_EQUAL_seed003,P1_EQUAL,H2,500,3,8,104.49700289627162
8YP_H2_N500_P1_EQUAL_seed003,P1_EQUAL,H2,500,3,9,1284.680827296404
8YP_H2_N500_P1_EQUAL_seed003,P1_EQUAL,H2,500,3,10,1538.8130226247285
8YP_H2_N500_P1_EQUAL_seed003,P1_EQUAL,H2,500,3,11,110.59312856115594
8YP_H2_N500_P1_EQUAL_seed003,P1_EQUAL,H2,500,3,12,2303.6975462280143
8YP_H2_N500_P2_HASHPROP_seed003,P2_HASHPROP,H2,500,3,1,578.7233294176299
8YP_H2_N500_P2_HASHPROP_seed003,P2_HASHPROP,H2,500,3,2,133.98640039578083
8YP_H2_N500_P2_HASHPROP_seed003,P2_HASHPROP,H2,500,3,3,1025.8812344595108
8YP_H2_N500_P2_HASHPROP_seed003,P2_HASHPROP,H2,500,3,4,194.59658391187418
8YP_H2_N500_P2_HASHPROP_seed003,P2_HASHPROP,H2,500,3,5,2317.151207975826
8YP_H2_N500_P2_HASHPROP_seed003,P2_HASHPROP,H2,500,3,6,104.57447848000811
8YP_H2_N500_P2_HASHPROP_seed003,P2_HASHPROP,H2,500,3,7,1115.694360904925
8YP_H2_N500_P2_HASHPROP_seed003,P2_HASHPROP,H2,500,3,8,738.7761172182218
8YP_H2_N500_P2_HASHPROP_seed003,P2_HASHPROP,H2,500,3,9,110.95734299270862
8YP_H2_N500_P2_HASHPROP_seed003,P2_HASHPROP,H2,500,3,10,280.88549736609457
8YP_H2_N500_P2_HASHPROP_seed003,P2_HASHPROP,H2,500,3,11,822.3619874553833
8YP_H2_N500_P2_HASHPROP_seed003,P2_HASHPROP,H2,500,3,12,1285.0269338247854
8YP_H2_N500_P2_HASHPROP_seed003,P2_HASHPROP,H2,500,3,13,612.3098584201634
8YP_H2_N500_P3_ENERGY_seed003,P3_ENERGY,H2,500,3,1,578.7233294176299
8YP_H2_N500_P3_ENERGY_seed003,P3_ENERGY,H2,500,3,2,133.98640039578083
8YP_H2_N500_P3_ENERGY_seed003,P3_ENERGY,H2,500,3,3,1401.4021175608682
8YP_H2_N500_P3_ENERGY_seed003,P3_ENERGY,H2,500,3,4,2316.048697119497
8YP_H2_N500_P3_ENERGY_seed003,P3_ENERGY,H2,500,3,5,104.71516126952065
8YP_H2_N500_P3_ENERGY_seed003,P3_ENERGY,H2,500,3,6,1944.4459552410426
8YP_H2_N500_P3_ENERGY_seed003,P3_ENERGY,H2,500,3,7,145.12633587733944
8YP_H2_N500_P3_ENERGY_seed003,P3_ENERGY,H2,500,3,8,433.86734670317855
8YP_H2_N500_P3_ENERGY_seed003,P3_ENERGY,H2,500,3,9,821.8874363140367
8YP_H2_N500_P3_ENERGY_seed003,P3_ENERGY,H2,500,3,10,1432.1718530700482
8YP_H2_N500_P3_ENERGY_seed003,P3_ENERGY,H2,500,3,11,612.3925272766228
8YP_H2_N500_P4_RESERVE_seed003,P4_RESERVE,H2,500,3,1,578.7233294176299
8YP_H2_N500_P4_RESERVE_seed003,P4_RESERVE,H2,500,3,2,133.98640039578083
8YP_H2_N500_P4_RESERVE_seed003,P4_RESERVE,H2,500,3,3,2307.9986321919373
8YP_H2_N500_P4_RESERVE_seed003,P4_RESERVE,H2,500,3,4,1331.2992043500162
8YP_H2_N500_P4_RESERVE_seed003,P4_RESERVE,H2,500,3,5,1152.6174533929207
8YP_H2_N500_P4_RESERVE_seed003,P4_RESERVE,H2,500,3,6,2018.93539414512
8YP_H2_N500_P4_RESERVE_seed003,P4_RESERVE,H2,500,3,7,104.4986526383118
8YP_H2_N500_POW_seed004,POW,H2,500,4,1,40.36873942123583
8YP_H2_N500_POW_seed004,POW,H2,500,4,2,668.5047252876716
8YP_H2_N500_POW_seed004,POW,H2,500,4,3,1081.2998888618786
8YP_H2_N500_POW_seed004,POW,H2,500,4,4,407.51358221468786
8YP_H2_N500_POW_seed004,POW,H2,500,4,5,208.12311551938365
8YP_H2_N500_POW_seed004,POW,H2,500,4,6,2251.6242729319056
8YP_H2_N500_POW_seed004,POW,H2,500,4,7,633.0577081356287
8YP_H2_N500_POW_seed004,POW,H2,500,4,8,605.482778443833
8YP_H2_N500_POW_seed004,POW,H2,500,4,9,274.64640248194974
8YP_H2_N500_POW_seed004,POW,H2,500,4,10,343.05872602880845
8YP_H2_N500_POW_seed004,POW,H2,500,4,11,1428.5001519465814
8YP_H2_N500_POW_seed004,POW,H2,500,4,12,483.482443235137
8YP_H2_N500_POW_seed004,POW,H2,500,4,13,259.9169434452597
8YP_H2_N500_POW_seed004,POW,H2,500,4,14,34.68865758349057
8YP_H2_N500_POW_seed004,POW,H2,500,4,15,347.7060004796913
8YP_H2_N500_POW_seed004,POW,H2,500,4,16,339.98457570611026
8YP_H2_N500_POW_CT_seed004,POW_CT,H2,500,4,1,1004.3819424731948
8YP_H2_N500_POW_CT_seed004,POW_CT,H2,500,4,2,632.0977135556204
8YP_H2_N500_POW_CT_seed004,POW_CT,H2,500,4,3,2054.1623231911044
8YP_H2_N500_POW_CT_seed004,POW_CT,H2,500,4,4,681.9055750755851
8YP_H2_N500_POW_CT_seed004,POW_CT,H2,500,4,5,1322.1095759573673
8YP_H2_N500_POW_CT_seed004,POW_CT,H2,500,4,6,116.02991559347629
8YP_H2_N500_POW_CT_seed004,POW_CT,H2,500,4,7,165.33106988620966
8YP_H2_N500_POW_CT_seed004,POW_CT,H2,500,4,8,69.45783019438568
8YP_H2_N500_POW_CT_seed004,POW_CT,H2,500,4,9,2505.428402039376
8YP_H2_N500_POW_CT_seed004,POW_CT,H2,500,4,10,617.9996321006674
8YP_H2_N500_POW_CT_seed004,POW_CT,H2,500,4,11,152.39648990079695
8YP_H2_N500_POW_CT_seed004,POW_CT,H2,500,4,12,153.4760989242568
8YP_H2_N500_POW_CT_seed004,POW_CT,H2,500,4,13,127.23578065907532
8YP_H2_N500_P0_ALL_seed004,P0_ALL,H2,500,4,1,40.36873942123583
8YP_H2_N500_P0_ALL_seed004,P0_ALL,H2,500,4,2,671.8149614665065
8YP_H2_N500_P0_ALL_seed004,P0_ALL,H2,500,4,3,1083.5215717966498
8YP_H2_N500_P0_ALL_seed004,P0_ALL,H2,500,4,4,407.5135822146881
8YP_H2_N500_P0_ALL_seed004,P0_ALL,H2,500,4,5,208.12311551938365
8YP_H2_N500_P0_ALL_seed004,P0_ALL,H2,500,4,6,2259.2421249239164
8YP_H2_N500_P0_ALL_seed004,P0_ALL,H2,500,4,7,635.3725991654246
8YP_H2_N500_P0_ALL_seed004,P0_ALL,H2,500,4,8,608.1668534813416
8YP_H2_N500_P0_ALL_seed004,P0_ALL,H2,500,4,9,274.64640248194974
8YP_H2_N500_P0_ALL_seed004,P0_ALL,H2,500,4,10,343.05872602880845
8YP_H2_N500_P0_ALL_seed004,P0_ALL,H2,500,4,11,1434.6623736396787
8YP_H2_N500_P0_ALL_seed004,P0_ALL,H2,500,4,12,483.482443235137
8YP_H2_N500_P0_ALL_seed004,P0_ALL,H2,500,4,13,259.9169434452597
8YP_H2_N500_P0_ALL_seed004,P0_ALL,H2,500,4,14,34.68865758349057
8YP_H2_N500_P0_ALL_seed004,P0_ALL,H2,500,4,15,347.7060004796913
8YP_H2_N500_P0_ALL_seed004,P0_ALL,H2,500,4,16,339.98457570611026
8YP_H2_N500_P1_EQUAL_seed004,P1_EQUAL,H2,500,4,1,40.36873942123583
8YP_H2_N500_P1_EQUAL_seed004,P1_EQUAL,H2,500,4,2,287.06380956906133
8YP_H2_N500_P1_EQUAL_seed004,P1_EQUAL,H2,500,4,3,137.26231035581895
8YP_H2_N500_P1_EQUAL_seed004,P1_EQUAL,H2,500,4,4,2253.235118183794
8YP_H2_N500_P1_EQUAL_seed004,P1_EQUAL,H2,500,4,5,261.29360361764657
8YP_H2_N500_P1_EQUAL_seed004,P1_EQUAL,H2,500,4,6,447.8943687601486
8YP_H2_N500_P1_EQUAL_seed004,P1_EQUAL,H2,500,4,7,2140.848069800164
8YP_H2_N500_P1_EQUAL_seed004,P1_EQUAL,H2,500,4,8,1010.9549343228764
8YP_H2_N500_P1_EQUAL_seed004,P1_EQUAL,H2,500,4,9,982.8340566576826
8YP_H2_N500_P1_EQUAL_seed004,P1_EQUAL,H2,500,4,10,177.0649097334126
8YP_H2_N500_P1_EQUAL_seed004,P1_EQUAL,H2,500,4,11,686.4750570880033
8YP_H2_N500_P1_EQUAL_seed004,P1_EQUAL,H2,500,4,12,307.4570794562587
8YP_H2_N500_P1_EQUAL_seed004,P1_EQUAL,H2,500,4,13,1068.2091766277408
8YP_H2_N500_P2_HASHPROP_seed004,P2_HASHPROP,H2,500,4,1,40.36873942123583
8YP_H2_N500_P2_HASHPROP_seed004,P2_HASHPROP,H2,500,4,2,671.8149614665065
8YP_H2_N500_P2_HASHPROP_seed004,P2_HASHPROP,H2,500,4,3,1083.5215717966498
8YP_H2_N500_P2_HASHPROP_seed004,P2_HASHPROP,H2,500,4,4,407.5135822146881
8YP_H2_N500_P2_HASHPROP_seed004,P2_HASHPROP,H2,500,4,5,208.12311551938365
8YP_H2_N500_P2_HASHPROP_seed004,P2_HASHPROP,H2,500,4,6,2259.2421249239164
8YP_H2_N500_P2_HASHPROP_seed004,P2_HASHPROP,H2,500,4,7,635.3725991654246
8YP_H2_N500_P2_HASHPROP_seed004,P2_HASHPROP,H2,500,4,8,608.1668534813416
8YP_H2_N500_P2_HASHPROP_seed004,P2_HASHPROP,H2,500,4,9,274.64640248194974
8YP_H2_N500_P2_HASHPROP_seed004,P2_HASHPROP,H2,500,4,10,343.05872602880845
8YP_H2_N500_P2_HASHPROP_seed004,P2_HASHPROP,H2,500,4,11,1434.6623736396787
8YP_H2_N500_P2_HASHPROP_seed004,P2_HASHPROP,H2,500,4,12,483.482443235137
8YP_H2_N500_P2_HASHPROP_seed004,P2_HASHPROP,H2,500,4,13,259.9169434452597
8YP_H2_N500_P2_HASHPROP_seed004,P2_HASHPROP,H2,500,4,14,34.68865758349057
8YP_H2_N500_P2_HASHPROP_seed004,P2_HASHPROP,H2,500,4,15,347.7060004796913
8YP_H2_N500_P2_HASHPROP_seed004,P2_HASHPROP,H2,500,4,16,339.98457570611026
8YP_H2_N500_P3_ENERGY_seed004,P3_ENERGY,H2,500,4,1,40.36873942123583
8YP_H2_N500_P3_ENERGY_seed004,P3_ENERGY,H2,500,4,2,992.0872011821084
8YP_H2_N500_P3_ENERGY_seed004,P3_ENERGY,H2,500,4,3,1083.5063052045614
8YP_H2_N500_P3_ENERGY_seed004,P3_ENERGY,H2,500,4,4,1076.19455397196
8YP_H2_N500_P3_ENERGY_seed004,P3_ENERGY,H2,500,4,5,3046.8357096293093
8YP_H2_N500_P3_ENERGY_seed004,P3_ENERGY,H2,500,4,6,607.9869154592134
8YP_H2_N500_P3_ENERGY_seed004,P3_ENERGY,H2,500,4,7,273.87770293888843
8YP_H2_N500_P4_RESERVE_seed004,P4_RESERVE,H2,500,4,1,40.36873942123583
8YP_H2_N500_P4_RESERVE_seed004,P4_RESERVE,H2,500,4,2,1899.3784325167017
8YP_H2_N500_P4_RESERVE_seed004,P4_RESERVE,H2,500,4,3,978.4766599352163
8YP_H2_N500_P4_RESERVE_seed004,P4_RESERVE,H2,500,4,4,481.847929557734
8YP_H2_N500_P4_RESERVE_seed004,P4_RESERVE,H2,500,4,5,1983.0503837086953
8YP_H2_N500_P4_RESERVE_seed004,P4_RESERVE,H2,500,4,6,1016.9300179967822
8YP_H2_N500_P4_RESERVE_seed004,P4_RESERVE,H2,500,4,7,1118.0283363995359
8YP_H2_N500_POW_seed005,POW,H2,500,5,1,610.34129091993
8YP_H2_N500_POW_seed005,POW,H2,500,5,2,828.9697815338537
8YP_H2_N500_POW_seed005,POW,H2,500,5,3,1233.1633318993331
8YP_H2_N500_POW_seed005,POW,H2,500,5,4,8.641511594695203
8YP_H2_N500_POW_seed005,POW,H2,500,5,5,1400.9544764907605
8YP_H2_N500_POW_seed005,POW,H2,500,5,6,195.16455996181503
8YP_H2_N500_POW_seed005,POW,H2,500,5,7,228.426293609632
8YP_H2_N500_POW_seed005,POW,H2,500,5,8,851.7437071498789
8YP_H2_N500_POW_seed005,POW,H2,500,5,9,583.0262101385024
8YP_H2_N500_POW_seed005,POW,H2,500,5,10,30.326365645396436
8YP_H2_N500_POW_seed005,POW,H2,500,5,11,628.1773622091205
8YP_H2_N500_POW_seed005,POW,H2,500,5,12,1504.8556453713336
8YP_H2_N500_POW_seed005,POW,H2,500,5,13,538.7324988976652
8YP_H2_N500_POW_seed005,POW,H2,500,5,14,711.0598455698491
8YP_H2_N500_POW_seed005,POW,H2,500,5,15,282.24599985513123
8YP_H2_N500_POW_seed005,POW,H2,500,5,16,292.1566422677497
8YP_H2_N500_POW_CT_seed005,POW_CT,H2,500,5,1,1341.0519569645542
8YP_H2_N500_POW_CT_seed005,POW_CT,H2,500,5,2,719.4705589889352
8YP_H2_N500_POW_CT_seed005,POW_CT,H2,500,5,3,234.15015761231462
8YP_H2_N500_POW_CT_seed005,POW_CT,H2,500,5,4,551.1537310914428
8YP_H2_N500_POW_CT_seed005,POW_CT,H2,500,5,5,599.1415302254686
8YP_H2_N500_POW_CT_seed005,POW_CT,H2,500,5,6,161.0562305621911
8YP_H2_N500_POW_CT_seed005,POW_CT,H2,500,5,7,1017.992588037403
8YP_H2_N500_POW_CT_seed005,POW_CT,H2,500,5,8,37.812192735314966
8YP_H2_N500_POW_CT_seed005,POW_CT,H2,500,5,9,60.7079543547552
8YP_H2_N500_POW_CT_seed005,POW_CT,H2,500,5,10,232.37712350696165
8YP_H2_N500_POW_CT_seed005,POW_CT,H2,500,5,11,2774.212678429237
8YP_H2_N500_POW_CT_seed005,POW_CT,H2,500,5,12,228.43865843266212
8YP_H2_N500_POW_CT_seed005,POW_CT,H2,500,5,13,1423.170326600166
8YP_H2_N500_POW_CT_seed005,POW_CT,H2,500,5,14,174.67066724585857
8YP_H2_N500_POW_CT_seed005,POW_CT,H2,500,5,15,242.51923858018017
8YP_H2_N500_P0_ALL_seed005,P0_ALL,H2,500,5,1,610.819727746786
8YP_H2_N500_P0_ALL_seed005,P0_ALL,H2,500,5,2,832.1154377339504
8YP_H2_N500_P0_ALL_seed005,P0_ALL,H2,500,5,3,1238.606521046307
8YP_H2_N500_P0_ALL_seed005,P0_ALL,H2,500,5,4,8.641511594695203
8YP_H2_N500_P0_ALL_seed005,P0_ALL,H2,500,5,5,1407.6763750866244
8YP_H2_N500_P0_ALL_seed005,P0_ALL,H2,500,5,6,195.16455996181503
8YP_H2_N500_P0_ALL_seed005,P0_ALL,H2,500,5,7,228.426293609632
8YP_H2_N500_P0_ALL_seed005,P0_ALL,H2,500,5,8,854.1063336954458
8YP_H2_N500_P0_ALL_seed005,P0_ALL,H2,500,5,9,583.0262101385024
8YP_H2_N500_P0_ALL_seed005,P0_ALL,H2,500,5,10,30.326365645396436
8YP_H2_N500_P0_ALL_seed005,P0_ALL,H2,500,5,11,631.5350204777842
8YP_H2_N500_P0_ALL_seed005,P0_ALL,H2,500,5,12,1510.5992641672547
8YP_H2_N500_P0_ALL_seed005,P0_ALL,H2,500,5,13,538.7324988976661
8YP_H2_N500_P0_ALL_seed005,P0_ALL,H2,500,5,14,713.8242787861363
8YP_H2_N500_P0_ALL_seed005,P0_ALL,H2,500,5,15,282.24599985513123
8YP_H2_N500_P0_ALL_seed005,P0_ALL,H2,500,5,16,292.1566422677497
8YP_H2_N500_P1_EQUAL_seed005,P1_EQUAL,H2,500,5,1,985.819727746786
8YP_H2_N500_P1_EQUAL_seed005,P1_EQUAL,H2,500,5,2,912.4581142553633
8YP_H2_N500_P1_EQUAL_seed005,P1_EQUAL,H2,500,5,3,228.08075400668736
8YP_H2_N500_P1_EQUAL_seed005,P1_EQUAL,H2,500,5,4,3.0850892080202357
8YP_H2_N500_P1_EQUAL_seed005,P1_EQUAL,H2,500,5,5,1044.9626122679724
8YP_H2_N500_P1_EQUAL_seed005,P1_EQUAL,H2,500,5,6,8.523873788500623
8YP_H2_N500_P1_EQUAL_seed005,P1_EQUAL,H2,500,5,7,59.03149013216171
8YP_H2_N500_P1_EQUAL_seed005,P1_EQUAL,H2,500,5,8,696.6554428783661
8YP_H2_N500_P1_EQUAL_seed005,P1_EQUAL,H2,500,5,9,401.9515871360327
8YP_H2_N500_P1_EQUAL_seed005,P1_EQUAL,H2,500,5,10,195.03650726204887
8YP_H2_N500_P1_EQUAL_seed005,P1_EQUAL,H2,500,5,11,455.8309135707286
8YP_H2_N500_P1_EQUAL_seed005,P1_EQUAL,H2,500,5,12,1228.7767548508891
8YP_H2_N500_P1_EQUAL_seed005,P1_EQUAL,H2,500,5,13,197.2028884097581
8YP_H2_N500_P1_EQUAL_seed005,P1_EQUAL,H2,500,5,14,30.148513184311923
8YP_H2_N500_P2_HASHPROP_seed005,P2_HASHPROP,H2,500,5,1,610.819727746786
8YP_H2_N500_P2_HASHPROP_seed005,P2_HASHPROP,H2,500,5,2,832.1154377339504
8YP_H2_N500_P2_HASHPROP_seed005,P2_HASHPROP,H2,500,5,3,1238.606521046307
8YP_H2_N500_P2_HASHPROP_seed005,P2_HASHPROP,H2,500,5,4,8.641511594695203
8YP_H2_N500_P2_HASHPROP_seed005,P2_HASHPROP,H2,500,5,5,1407.6763750866244
8YP_H2_N500_P2_HASHPROP_seed005,P2_HASHPROP,H2,500,5,6,195.16455996181503
8YP_H2_N500_P2_HASHPROP_seed005,P2_HASHPROP,H2,500,5,7,228.426293609632
8YP_H2_N500_P2_HASHPROP_seed005,P2_HASHPROP,H2,500,5,8,854.1063336954458
8YP_H2_N500_P2_HASHPROP_seed005,P2_HASHPROP,H2,500,5,9,583.0262101385024
8YP_H2_N500_P2_HASHPROP_seed005,P2_HASHPROP,H2,500,5,10,30.326365645396436
8YP_H2_N500_P2_HASHPROP_seed005,P2_HASHPROP,H2,500,5,11,631.5350204777842
8YP_H2_N500_P2_HASHPROP_seed005,P2_HASHPROP,H2,500,5,12,1510.5992641672547
8YP_H2_N500_P2_HASHPROP_seed005,P2_HASHPROP,H2,500,5,13,538.7324988976661
8YP_H2_N500_P2_HASHPROP_seed005,P2_HASHPROP,H2,500,5,14,713.8242787861363
8YP_H2_N500_P2_HASHPROP_seed005,P2_HASHPROP,H2,500,5,15,282.24599985513123
8YP_H2_N500_P2_HASHPROP_seed005,P2_HASHPROP,H2,500,5,16,292.1566422677497
8YP_H2_N500_P3_ENERGY_seed005,P3_ENERGY,H2,500,5,1,610.819727746786
8YP_H2_N500_P3_ENERGY_seed005,P3_ENERGY,H2,500,5,2,831.1377781871821
8YP_H2_N500_P3_ENERGY_seed005,P3_ENERGY,H2,500,5,3,1816.542705487881
8YP_H2_N500_P3_ENERGY_seed005,P3_ENERGY,H2,500,5,4,1618.0797592550402
8YP_H2_N500_P3_ENERGY_seed005,P3_ENERGY,H2,500,5,5,195.24700026480696
8YP_H2_N500_P3_ENERGY_seed005,P3_ENERGY,H2,500,5,6,2441.217925951504
8YP_H2_N500_P3_ENERGY_seed005,P3_ENERGY,H2,500,5,7,630.5827451374116
8YP_H2_N500_P3_ENERGY_seed005,P3_ENERGY,H2,500,5,8,1509.274804792437
8YP_H2_N500_P4_RESERVE_seed005,P4_RESERVE,H2,500,5,1,1520.819727746786
8YP_H2_N500_P4_RESERVE_seed005,P4_RESERVE,H2,500,5,2,1739.500079807843
8YP_H2_N500_P4_RESERVE_seed005,P4_RESERVE,H2,500,5,3,2145.421992544404
8YP_H2_N500_P4_RESERVE_seed005,P4_RESERVE,H2,500,5,4,8.641511594695658
8YP_H2_N500_P4_RESERVE_seed005,P4_RESERVE,H2,500,5,5,2526.573545365706
8YP_H2_N500_P4_RESERVE_seed005,P4_RESERVE,H2,500,5,6,195.16455996181503
8YP_H2_N500_P4_RESERVE_seed005,P4_RESERVE,H2,500,5,7,810.830522489985
8YP_H2_N500_POW_seed006,POW,H2,500,6,1,265.8243750683295
8YP_H2_N500_POW_seed006,POW,H2,500,6,2,19.5212327202222
8YP_H2_N500_POW_seed006,POW,H2,500,6,3,1126.7237751450327
8YP_H2_N500_POW_seed006,POW,H2,500,6,4,1004.0783267932964
8YP_H2_N500_POW_seed006,POW,H2,500,6,5,850.269089832113
8YP_H2_N500_POW_seed006,POW,H2,500,6,6,1015.5352007332754
8YP_H2_N500_POW_seed006,POW,H2,500,6,7,32.98426271311746
8YP_H2_N500_POW_seed006,POW,H2,500,6,8,605.4717878808897
8YP_H2_N500_POW_seed006,POW,H2,500,6,9,196.1812575819804
8YP_H2_N500_POW_seed006,POW,H2,500,6,10,276.9888047467475
8YP_H2_N500_POW_seed006,POW,H2,500,6,11,1827.7091326501286
8YP_H2_N500_POW_seed006,POW,H2,500,6,12,52.053100805231225
8YP_H2_N500_POW_seed006,POW,H2,500,6,13,308.0181911463533
8YP_H2_N500_POW_seed006,POW,H2,500,6,14,2203.0644945391123
8YP_H2_N500_POW_CT_seed006,POW_CT,H2,500,6,1,943.0810869258507
8YP_H2_N500_POW_CT_seed006,POW_CT,H2,500,6,2,574.947063400499
8YP_H2_N500_POW_CT_seed006,POW_CT,H2,500,6,3,365.31115703860155
8YP_H2_N500_POW_CT_seed006,POW_CT,H2,500,6,4,48.2990246345355
8YP_H2_N500_POW_CT_seed006,POW_CT,H2,500,6,5,221.89574224160265
8YP_H2_N500_POW_CT_seed006,POW_CT,H2,500,6,6,1886.7711353996706
8YP_H2_N500_POW_CT_seed006,POW_CT,H2,500,6,7,124.19298555475689
8YP_H2_N500_POW_CT_seed006,POW_CT,H2,500,6,8,73.23040972982471
8YP_H2_N500_POW_CT_seed006,POW_CT,H2,500,6,9,1210.6891994633197
8YP_H2_N500_POW_CT_seed006,POW_CT,H2,500,6,10,986.1064346438843
8YP_H2_N500_POW_CT_seed006,POW_CT,H2,500,6,11,104.67381619588195
8YP_H2_N500_POW_CT_seed006,POW_CT,H2,500,6,12,808.8008717295452
8YP_H2_N500_POW_CT_seed006,POW_CT,H2,500,6,13,373.8738493614255
8YP_H2_N500_POW_CT_seed006,POW_CT,H2,500,6,14,665.3532603577223
8YP_H2_N500_POW_CT_seed006,POW_CT,H2,500,6,15,1305.8551304916236
8YP_H2_N500_P0_ALL_seed006,P0_ALL,H2,500,6,1,265.8243750683295
8YP_H2_N500_P0_ALL_seed006,P0_ALL,H2,500,6,2,19.5212327202222
8YP_H2_N500_P0_ALL_seed006,P0_ALL,H2,500,6,3,1128.477420929978
8YP_H2_N500_P0_ALL_seed006,P0_ALL,H2,500,6,4,1005.7093171347833
8YP_H2_N500_P0_ALL_seed006,P0_ALL,H2,500,6,5,853.6952712074253
8YP_H2_N500_P0_ALL_seed006,P0_ALL,H2,500,6,6,1019.2389968566758
8YP_H2_N500_P0_ALL_seed006,P0_ALL,H2,500,6,7,32.98426271311746
8YP_H2_N500_P0_ALL_seed006,P0_ALL,H2,500,6,8,609.1178981702824
8YP_H2_N500_P0_ALL_seed006,P0_ALL,H2,500,6,9,196.1812575819804
8YP_H2_N500_P0_ALL_seed006,P0_ALL,H2,500,6,10,276.9888047467475
8YP_H2_N500_P0_ALL_seed006,P0_ALL,H2,500,6,11,1836.7853128061915
8YP_H2_N500_P0_ALL_seed006,P0_ALL,H2,500,6,12,52.053100805231225
8YP_H2_N500_P0_ALL_seed006,P0_ALL,H2,500,6,13,308.0181911463533
8YP_H2_N500_P0_ALL_seed006,P0_ALL,H2,500,6,14,2213.224730623807
8YP_H2_N500_P1_EQUAL_seed006,P1_EQUAL,H2,500,6,1,531.6487800366988
8YP_H2_N500_P1_EQUAL_seed006,P1_EQUAL,H2,500,6,2,38.755872075496086
8YP_H2_N500_P1_EQUAL_seed006,P1_EQUAL,H2,500,6,3,1039.7393283075107
8YP_H2_N500_P1_EQUAL_seed006,P1_EQUAL,H2,500,6,4,1380.1228497158875
8YP_H2_N500_P1_EQUAL_seed006,P1_EQUAL,H2,500,6,5,1420.027339183342
8YP_H2_N500_P1_EQUAL_seed006,P1_EQUAL,H2,500,6,6,1808.4225906176234
8YP_H2_N500_P1_EQUAL_seed006,P1_EQUAL,H2,500,6,7,32.98426271311746
8YP_H2_N500_P1_EQUAL_seed006,P1_EQUAL,H2,500,6,8,989.1795171286185
8YP_H2_N500_P1_EQUAL_seed006,P1_EQUAL,H2,500,6,9,118.42322094595784
8YP_H2_N500_P1_EQUAL_seed006,P1_EQUAL,H2,500,6,10,276.9888047467475
8YP_H2_N500_P2_HASHPROP_seed006,P2_HASHPROP,H2,500,6,1,265.8243750683295
8YP_H2_N500_P2_HASHPROP_seed006,P2_HASHPROP,H2,500,6,2,19.5212327202222
8YP_H2_N500_P2_HASHPROP_seed006,P2_HASHPROP,H2,500,6,3,1128.477420929978
8YP_H2_N500_P2_HASHPROP_seed006,P2_HASHPROP,H2,500,6,4,1005.7093171347833
8YP_H2_N500_P2_HASHPROP_seed006,P2_HASHPROP,H2,500,6,5,853.6952712074253
8YP_H2_N500_P2_HASHPROP_seed006,P2_HASHPROP,H2,500,6,6,1019.2389968566758
8YP_H2_N500_P2_HASHPROP_seed006,P2_HASHPROP,H2,500,6,7,32.98426271311746
8YP_H2_N500_P2_HASHPROP_seed006,P2_HASHPROP,H2,500,6,8,609.1178981702824
8YP_H2_N500_P2_HASHPROP_seed006,P2_HASHPROP,H2,500,6,9,196.1812575819804
8YP_H2_N500_P2_HASHPROP_seed006,P2_HASHPROP,H2,500,6,10,276.9888047467475
8YP_H2_N500_P2_HASHPROP_seed006,P2_HASHPROP,H2,500,6,11,1836.7853128061915
8YP_H2_N500_P2_HASHPROP_seed006,P2_HASHPROP,H2,500,6,12,52.053100805231225
8YP_H2_N500_P2_HASHPROP_seed006,P2_HASHPROP,H2,500,6,13,308.0181911463533
8YP_H2_N500_P2_HASHPROP_seed006,P2_HASHPROP,H2,500,6,14,2213.224730623807
8YP_H2_N500_P3_ENERGY_seed006,P3_ENERGY,H2,500,6,1,422.13618291667444
8YP_H2_N500_P3_ENERGY_seed006,P3_ENERGY,H2,500,6,2,2812.75652429229
8YP_H2_N500_P3_ENERGY_seed006,P3_ENERGY,H2,500,6,3,852.9271708364181
8YP_H2_N500_P3_ENERGY_seed006,P3_ENERGY,H2,500,6,4,1075.198555747755
8YP_H2_N500_P3_ENERGY_seed006,P3_ENERGY,H2,500,6,5,33.325621616186254
8YP_H2_N500_P3_ENERGY_seed006,P3_ENERGY,H2,500,6,6,2084.3368441448592
8YP_H2_N500_P3_ENERGY_seed006,P3_ENERGY,H2,500,6,7,1835.4875644773474
8YP_H2_N500_P3_ENERGY_seed006,P3_ENERGY,H2,500,6,8,51.522776716888984
8YP_H2_N500_P3_ENERGY_seed006,P3_ENERGY,H2,500,6,9,307.7680067315323
8YP_H2_N500_P4_RESERVE_seed006,P4_RESERVE,H2,500,6,1,422.13618291667444
8YP_H2_N500_P4_RESERVE_seed006,P4_RESERVE,H2,500,6,2,611.6123511719966
8YP_H2_N500_P4_RESERVE_seed006,P4_RESERVE,H2,500,6,3,1175.8243750683296
8YP_H2_N500_P4_RESERVE_seed006,P4_RESERVE,H2,500,6,4,835.9767033102394
8YP_H2_N500_P4_RESERVE_seed006,P4_RESERVE,H2,500,6,5,929.234615974176
8YP_H2_N500_P4_RESERVE_seed006,P4_RESERVE,H2,500,6,6,402.6427328792238
8YP_H2_N500_P4_RESERVE_seed006,P4_RESERVE,H2,500,6,7,1760.7504250481443
8YP_H2_N500_P4_RESERVE_seed006,P4_RESERVE,H2,500,6,8,1925.993566676314
8YP_H2_N500_P4_RESERVE_seed006,P4_RESERVE,H2,500,6,9,33.62079294263913
8YP_H4_N100_POW_seed001,POW,H4,100,1,1,1438.0773644217318
8YP_H4_N100_POW_seed001,POW,H4,100,1,2,326.144325567991
8YP_H4_N100_POW_seed001,POW,H4,100,1,3,48.84649772876037
8YP_H4_N100_POW_seed001,POW,H4,100,1,4,70.9144265659279
8YP_H4_N100_POW_seed001,POW,H4,100,1,5,17.221629626069898
8YP_H4_N100_POW_seed001,POW,H4,100,1,6,319.0888099405181
8YP_H4_N100_POW_seed001,POW,H4,100,1,7,131.10019605545813
8YP_H4_N100_POW_seed001,POW,H4,100,1,8,381.11195797142364
8YP_H4_N100_POW_seed001,POW,H4,100,1,9,1362.2164659013447
8YP_H4_N100_POW_seed001,POW,H4,100,1,10,45.49641250035029
8YP_H4_N100_POW_seed001,POW,H4,100,1,11,1375.3059113225781
8YP_H4_N100_POW_seed001,POW,H4,100,1,12,36.606080151011156
8YP_H4_N100_POW_seed001,POW,H4,100,1,13,63.87739842899737
8YP_H4_N100_POW_seed001,POW,H4,100,1,14,361.5261159059146
8YP_H4_N100_POW_seed001,POW,H4,100,1,15,155.76204435091313
8YP_H4_N100_POW_seed001,POW,H4,100,1,16,214.3881560818736
8YP_H4_N100_POW_seed001,POW,H4,100,1,17,427.280431326255
8YP_H4_N100_POW_seed001,POW,H4,100,1,18,466.92815737589353
8YP_H4_N100_POW_seed001,POW,H4,100,1,19,319.7722318394617
8YP_H4_N100_POW_seed001,POW,H4,100,1,20,1010.3530115443682
8YP_H4_N100_POW_seed001,POW,H4,100,1,21,258.0391480920116
8YP_H4_N100_POW_CT_seed001,POW_CT,H4,100,1,1,275.4114554130679
8YP_H4_N100_POW_CT_seed001,POW_CT,H4,100,1,2,686.5576923523151
8YP_H4_N100_POW_CT_seed001,POW_CT,H4,100,1,3,905.8348451994805
8YP_H4_N100_POW_CT_seed001,POW_CT,H4,100,1,4,113.9931137143933
8YP_H4_N100_POW_CT_seed001,POW_CT,H4,100,1,5,1341.384848111302
8YP_H4_N100_POW_CT_seed001,POW_CT,H4,100,1,6,2491.2273657043625
8YP_H4_N100_POW_CT_seed001,POW_CT,H4,100,1,7,623.2846562475906
8YP_H4_N100_POW_CT_seed001,POW_CT,H4,100,1,8,1223.10295078738
8YP_H4_N100_POW_CT_seed001,POW_CT,H4,100,1,9,1833.2154168573243
8YP_H4_N100_POW_CT_seed001,POW_CT,H4,100,1,10,122.58266092774647
8YP_H4_N100_P0_ALL_seed001,P0_ALL,H4,100,1,1,1440.9545093308611
8YP_H4_N100_P0_ALL_seed001,P0_ALL,H4,100,1,2,326.144325567991
8YP_H4_N100_P0_ALL_seed001,P0_ALL,H4,100,1,3,48.84649772876037
8YP_H4_N100_P0_ALL_seed001,P0_ALL,H4,100,1,4,70.9144265659279
8YP_H4_N100_P0_ALL_seed001,P0_ALL,H4,100,1,5,17.221629626069898
8YP_H4_N100_P0_ALL_seed001,P0_ALL,H4,100,1,6,319.08880994051833
8YP_H4_N100_P0_ALL_seed001,P0_ALL,H4,100,1,7,131.10019605545813
8YP_H4_N100_P0_ALL_seed001,P0_ALL,H4,100,1,8,381.11195797142364
8YP_H4_N100_P0_ALL_seed001,P0_ALL,H4,100,1,9,1366.8143811940704
8YP_H4_N100_P0_ALL_seed001,P0_ALL,H4,100,1,10,45.496412500349834
8YP_H4_N100_P0_ALL_seed001,P0_ALL,H4,100,1,11,1379.7204963351942
8YP_H4_N100_P0_ALL_seed001,P0_ALL,H4,100,1,12,36.606080151011156
8YP_H4_N100_P0_ALL_seed001,P0_ALL,H4,100,1,13,63.87739842899737
8YP_H4_N100_P0_ALL_seed001,P0_ALL,H4,100,1,14,361.5261159059146
8YP_H4_N100_P0_ALL_seed001,P0_ALL,H4,100,1,15,155.76204435091313
8YP_H4_N100_P0_ALL_seed001,P0_ALL,H4,100,1,16,214.3881560818736
8YP_H4_N100_P0_ALL_seed001,P0_ALL,H4,100,1,17,427.280431326255
8YP_H4_N100_P0_ALL_seed001,P0_ALL,H4,100,1,18,466.92815737589353
8YP_H4_N100_P0_ALL_seed001,P0_ALL,H4,100,1,19,319.7722318394617
8YP_H4_N100_P0_ALL_seed001,P0_ALL,H4,100,1,20,1011.4800396132941
8YP_H4_N100_P0_ALL_seed001,P0_ALL,H4,100,1,21,258.0391480920116
8YP_H4_N100_P1_EQUAL_seed001,P1_EQUAL,H4,100,1,1,1896.9300754492567
8YP_H4_N100_P1_EQUAL_seed001,P1_EQUAL,H4,100,1,2,326.1443255679908
8YP_H4_N100_P1_EQUAL_seed001,P1_EQUAL,H4,100,1,3,97.36492617012391
8YP_H4_N100_P1_EQUAL_seed001,P1_EQUAL,H4,100,1,4,69.86798315630813
8YP_H4_N100_P1_EQUAL_seed001,P1_EQUAL,H4,100,1,5,17.221629626069898
8YP_H4_N100_P1_EQUAL_seed001,P1_EQUAL,H4,100,1,6,319.0888099405179
8YP_H4_N100_P1_EQUAL_seed001,P1_EQUAL,H4,100,1,7,131.10019605545813
8YP_H4_N100_P1_EQUAL_seed001,P1_EQUAL,H4,100,1,8,381.11195797142364
8YP_H4_N100_P1_EQUAL_seed001,P1_EQUAL,H4,100,1,9,642.4812359855064
8YP_H4_N100_P1_EQUAL_seed001,P1_EQUAL,H4,100,1,10,1099.3876150165106
8YP_H4_N100_P1_EQUAL_seed001,P1_EQUAL,H4,100,1,11,44.809110352407515
8YP_H4_N100_P1_EQUAL_seed001,P1_EQUAL,H4,100,1,12,1037.514438659593
8YP_H4_N100_P1_EQUAL_seed001,P1_EQUAL,H4,100,1,13,174.6857721654378
8YP_H4_N100_P1_EQUAL_seed001,P1_EQUAL,H4,100,1,14,36.60181986531825
8YP_H4_N100_P1_EQUAL_seed001,P1_EQUAL,H4,100,1,15,147.6843664031876
8YP_H4_N100_P1_EQUAL_seed001,P1_EQUAL,H4,100,1,16,437.3888767731514
8YP_H4_N100_P1_EQUAL_seed001,P1_EQUAL,H4,100,1,17,311.7231199816615
8YP_H4_N100_P1_EQUAL_seed001,P1_EQUAL,H4,100,1,18,387.3800371887228
8YP_H4_N100_P1_EQUAL_seed001,P1_EQUAL,H4,100,1,19,427.2733376118367
8YP_H4_N100_P1_EQUAL_seed001,P1_EQUAL,H4,100,1,20,607.2121666386556
8YP_H4_N100_P2_HASHPROP_seed001,P2_HASHPROP,H4,100,1,1,1440.9545093308611
8YP_H4_N100_P2_HASHPROP_seed001,P2_HASHPROP,H4,100,1,2,326.144325567991
8YP_H4_N100_P2_HASHPROP_seed001,P2_HASHPROP,H4,100,1,3,48.84649772876037
8YP_H4_N100_P2_HASHPROP_seed001,P2_HASHPROP,H4,100,1,4,70.9144265659279
8YP_H4_N100_P2_HASHPROP_seed001,P2_HASHPROP,H4,100,1,5,17.221629626069898
8YP_H4_N100_P2_HASHPROP_seed001,P2_HASHPROP,H4,100,1,6,319.08880994051833
8YP_H4_N100_P2_HASHPROP_seed001,P2_HASHPROP,H4,100,1,7,131.10019605545813
8YP_H4_N100_P2_HASHPROP_seed001,P2_HASHPROP,H4,100,1,8,381.11195797142364
8YP_H4_N100_P2_HASHPROP_seed001,P2_HASHPROP,H4,100,1,9,1366.8143811940704
8YP_H4_N100_P2_HASHPROP_seed001,P2_HASHPROP,H4,100,1,10,45.496412500349834
8YP_H4_N100_P2_HASHPROP_seed001,P2_HASHPROP,H4,100,1,11,1379.7204963351942
8YP_H4_N100_P2_HASHPROP_seed001,P2_HASHPROP,H4,100,1,12,36.606080151011156
8YP_H4_N100_P2_HASHPROP_seed001,P2_HASHPROP,H4,100,1,13,63.87739842899737
8YP_H4_N100_P2_HASHPROP_seed001,P2_HASHPROP,H4,100,1,14,361.5261159059146
8YP_H4_N100_P2_HASHPROP_seed001,P2_HASHPROP,H4,100,1,15,155.76204435091313
8YP_H4_N100_P2_HASHPROP_seed001,P2_HASHPROP,H4,100,1,16,214.3881560818736
8YP_H4_N100_P2_HASHPROP_seed001,P2_HASHPROP,H4,100,1,17,427.280431326255
8YP_H4_N100_P2_HASHPROP_seed001,P2_HASHPROP,H4,100,1,18,466.92815737589353
8YP_H4_N100_P2_HASHPROP_seed001,P2_HASHPROP,H4,100,1,19,319.7722318394617
8YP_H4_N100_P2_HASHPROP_seed001,P2_HASHPROP,H4,100,1,20,1011.4800396132941
8YP_H4_N100_P2_HASHPROP_seed001,P2_HASHPROP,H4,100,1,21,258.0391480920116
8YP_H4_N100_P3_ENERGY_seed001,P3_ENERGY,H4,100,1,1,1440.0936490121103
8YP_H4_N100_P3_ENERGY_seed001,P3_ENERGY,H4,100,1,2,326.144325567991
8YP_H4_N100_P3_ENERGY_seed001,P3_ENERGY,H4,100,1,3,673.3677726113674
8YP_H4_N100_P3_ENERGY_seed001,P3_ENERGY,H4,100,1,4,18.3188421954178
8YP_H4_N100_P3_ENERGY_seed001,P3_ENERGY,H4,100,1,5,319.6390819403314
8YP_H4_N100_P3_ENERGY_seed001,P3_ENERGY,H4,100,1,6,130.809070030391
8YP_H4_N100_P3_ENERGY_seed001,P3_ENERGY,H4,100,1,7,382.2135723986098
8YP_H4_N100_P3_ENERGY_seed001,P3_ENERGY,H4,100,1,8,1789.0544204840548
8YP_H4_N100_P3_ENERGY_seed001,P3_ENERGY,H4,100,1,9,45.31545623745842
8YP_H4_N100_P3_ENERGY_seed001,P3_ENERGY,H4,100,1,10,1380.1361615257738
8YP_H4_N100_P3_ENERGY_seed001,P3_ENERGY,H4,100,1,11,37.753381574534615
8YP_H4_N100_P3_ENERGY_seed001,P3_ENERGY,H4,100,1,12,63.681704967043515
8YP_H4_N100_P3_ENERGY_seed001,P3_ENERGY,H4,100,1,13,436.1061397284975
8YP_H4_N100_P3_ENERGY_seed001,P3_ENERGY,H4,100,1,14,1631.1645613762603
8YP_H4_N100_P4_RESERVE_seed001,P4_RESERVE,H4,100,1,1,2350.954509330861
8YP_H4_N100_P4_RESERVE_seed001,P4_RESERVE,H4,100,1,2,326.144325567991
8YP_H4_N100_P4_RESERVE_seed001,P4_RESERVE,H4,100,1,3,1558.553636466013
8YP_H4_N100_P4_RESERVE_seed001,P4_RESERVE,H4,100,1,4,18.318842195417346
8YP_H4_N100_P4_RESERVE_seed001,P4_RESERVE,H4,100,1,5,319.6390819403314
8YP_H4_N100_P4_RESERVE_seed001,P4_RESERVE,H4,100,1,6,130.809070030391
8YP_H4_N100_P4_RESERVE_seed001,P4_RESERVE,H4,100,1,7,382.21357239861027
8YP_H4_N100_P4_RESERVE_seed001,P4_RESERVE,H4,100,1,8,2697.584762088407
8YP_H4_N100_P4_RESERVE_seed001,P4_RESERVE,H4,100,1,9,45.31545623745842
8YP_H4_N100_P4_RESERVE_seed001,P4_RESERVE,H4,100,1,10,1775.0594206277901
8YP_H4_N100_P4_RESERVE_seed001,P4_RESERVE,H4,100,1,11,175.30591132257905
8YP_H4_N100_P4_RESERVE_seed001,P4_RESERVE,H4,100,1,12,36.606080151012065
8YP_H4_N100_P4_RESERVE_seed001,P4_RESERVE,H4,100,1,13,63.877398428998276
8YP_H4_N100_POW_seed002,POW,H4,100,2,1,124.09042679988339
8YP_H4_N100_POW_seed002,POW,H4,100,2,2,409.7474962698209
8YP_H4_N100_POW_seed002,POW,H4,100,2,3,520.9868086060072
8YP_H4_N100_POW_seed002,POW,H4,100,2,4,1.7144327999483266
8YP_H4_N100_POW_seed002,POW,H4,100,2,5,230.22135073124355
8YP_H4_N100_POW_seed002,POW,H4,100,2,6,162.87506249424678
8YP_H4_N100_POW_seed002,POW,H4,100,2,7,629.1213414820625
8YP_H4_N100_POW_seed002,POW,H4,100,2,8,240.8146831689337
8YP_H4_N100_POW_seed002,POW,H4,100,2,9,3298.289823309763
8YP_H4_N100_POW_seed002,POW,H4,100,2,10,72.19495565647048
8YP_H4_N100_POW_seed002,POW,H4,100,2,11,298.25911251608613
8YP_H4_N100_POW_seed002,POW,H4,100,2,12,161.6067219170318
8YP_H4_N100_POW_seed002,POW,H4,100,2,13,607.8182789169014
8YP_H4_N100_POW_seed002,POW,H4,100,2,14,920.9301675571069
8YP_H4_N100_POW_seed002,POW,H4,100,2,15,361.71688567983165
8YP_H4_N100_POW_seed002,POW,H4,100,2,16,601.888009269006
8YP_H4_N100_POW_seed002,POW,H4,100,2,17,601.094714605717
8YP_H4_N100_POW_CT_seed002,POW_CT,H4,100,2,1,1023.1866070941733
8YP_H4_N100_POW_CT_seed002,POW_CT,H4,100,2,2,672.1869500494706
8YP_H4_N100_POW_CT_seed002,POW_CT,H4,100,2,3,1043.0373755414328
8YP_H4_N100_POW_CT_seed002,POW_CT,H4,100,2,4,178.00229524444194
8YP_H4_N100_POW_CT_seed002,POW_CT,H4,100,2,5,2047.730008383412
8YP_H4_N100_POW_CT_seed002,POW_CT,H4,100,2,6,946.1183240489609
8YP_H4_N100_POW_CT_seed002,POW_CT,H4,100,2,7,37.920076488028826
8YP_H4_N100_POW_CT_seed002,POW_CT,H4,100,2,8,678.9284112814366
8YP_H4_N100_P0_ALL_seed002,P0_ALL,H4,100,2,1,124.09042679988339
8YP_H4_N100_P0_ALL_seed002,P0_ALL,H4,100,2,2,409.7474962698209
8YP_H4_N100_P0_ALL_seed002,P0_ALL,H4,100,2,3,520.9868086060072
8YP_H4_N100_P0_ALL_seed002,P0_ALL,H4,100,2,4,1.7144327999483266
8YP_H4_N100_P0_ALL_seed002,P0_ALL,H4,100,2,5,230.22135073124355
8YP_H4_N100_P0_ALL_seed002,P0_ALL,H4,100,2,6,162.87506249424678
8YP_H4_N100_P0_ALL_seed002,P0_ALL,H4,100,2,7,631.8856104724371
8YP_H4_N100_P0_ALL_seed002,P0_ALL,H4,100,2,8,240.8146831689337
8YP_H4_N100_P0_ALL_seed002,P0_ALL,H4,100,2,9,3308.955875538091
8YP_H4_N100_P0_ALL_seed002,P0_ALL,H4,100,2,10,72.19495565647048
8YP_H4_N100_P0_ALL_seed002,P0_ALL,H4,100,2,11,298.25911251608613
8YP_H4_N100_P0_ALL_seed002,P0_ALL,H4,100,2,12,161.6067219170318
8YP_H4_N100_P0_ALL_seed002,P0_ALL,H4,100,2,13,609.6405912194432
8YP_H4_N100_P0_ALL_seed002,P0_ALL,H4,100,2,14,921.7827639244742
8YP_H4_N100_P0_ALL_seed002,P0_ALL,H4,100,2,15,361.71688567983165
8YP_H4_N100_P0_ALL_seed002,P0_ALL,H4,100,2,16,606.1217275545196
8YP_H4_N100_P0_ALL_seed002,P0_ALL,H4,100,2,17,603.1652224627978
8YP_H4_N100_P1_EQUAL_seed002,P1_EQUAL,H4,100,2,1,248.1808284047277
8YP_H4_N100_P1_EQUAL_seed002,P1_EQUAL,H4,100,2,2,409.7474962698209
8YP_H4_N100_P1_EQUAL_seed002,P1_EQUAL,H4,100,2,3,264.831172824385
8YP_H4_N100_P1_EQUAL_seed002,P1_EQUAL,H4,100,2,4,3.2970456529993726
8YP_H4_N100_P1_EQUAL_seed002,P1_EQUAL,H4,100,2,5,230.22135073124366
8YP_H4_N100_P1_EQUAL_seed002,P1_EQUAL,H4,100,2,6,325.66262386290146
8YP_H4_N100_P1_EQUAL_seed002,P1_EQUAL,H4,100,2,7,873.681634312075
8YP_H4_N100_P1_EQUAL_seed002,P1_EQUAL,H4,100,2,8,480.1934051808571
8YP_H4_N100_P1_EQUAL_seed002,P1_EQUAL,H4,100,2,9,4377.351431329831
8YP_H4_N100_P1_EQUAL_seed002,P1_EQUAL,H4,100,2,10,72.19495565647048
8YP_H4_N100_P1_EQUAL_seed002,P1_EQUAL,H4,100,2,11,977.744474840455
8YP_H4_N100_P1_EQUAL_seed002,P1_EQUAL,H4,100,2,12,2.2303922090832202
8YP_H4_N100_P1_EQUAL_seed002,P1_EQUAL,H4,100,2,13,7.818278916902273
8YP_H4_N100_P1_EQUAL_seed002,P1_EQUAL,H4,100,2,14,1428.4243342371028
8YP_H4_N100_P2_HASHPROP_seed002,P2_HASHPROP,H4,100,2,1,124.09042679988339
8YP_H4_N100_P2_HASHPROP_seed002,P2_HASHPROP,H4,100,2,2,409.7474962698209
8YP_H4_N100_P2_HASHPROP_seed002,P2_HASHPROP,H4,100,2,3,520.9868086060072
8YP_H4_N100_P2_HASHPROP_seed002,P2_HASHPROP,H4,100,2,4,1.7144327999483266
8YP_H4_N100_P2_HASHPROP_seed002,P2_HASHPROP,H4,100,2,5,230.22135073124355
8YP_H4_N100_P2_HASHPROP_seed002,P2_HASHPROP,H4,100,2,6,162.87506249424678
8YP_H4_N100_P2_HASHPROP_seed002,P2_HASHPROP,H4,100,2,7,631.8856104724371
8YP_H4_N100_P2_HASHPROP_seed002,P2_HASHPROP,H4,100,2,8,240.8146831689337
8YP_H4_N100_P2_HASHPROP_seed002,P2_HASHPROP,H4,100,2,9,3308.955875538091
8YP_H4_N100_P2_HASHPROP_seed002,P2_HASHPROP,H4,100,2,10,72.19495565647048
8YP_H4_N100_P2_HASHPROP_seed002,P2_HASHPROP,H4,100,2,11,298.25911251608613
8YP_H4_N100_P2_HASHPROP_seed002,P2_HASHPROP,H4,100,2,12,161.6067219170318
8YP_H4_N100_P2_HASHPROP_seed002,P2_HASHPROP,H4,100,2,13,609.6405912194432
8YP_H4_N100_P2_HASHPROP_seed002,P2_HASHPROP,H4,100,2,14,921.7827639244742
8YP_H4_N100_P2_HASHPROP_seed002,P2_HASHPROP,H4,100,2,15,361.71688567983165
8YP_H4_N100_P2_HASHPROP_seed002,P2_HASHPROP,H4,100,2,16,606.1217275545196
8YP_H4_N100_P2_HASHPROP_seed002,P2_HASHPROP,H4,100,2,17,603.1652224627978
8YP_H4_N100_P3_ENERGY_seed002,P3_ENERGY,H4,100,2,1,1009.9517868506471
8YP_H4_N100_P3_ENERGY_seed002,P3_ENERGY,H4,100,2,2,1433.9072963201222
8YP_H4_N100_P3_ENERGY_seed002,P3_ENERGY,H4,100,2,3,5712.846393133863
8YP_H4_N100_P3_ENERGY_seed002,P3_ENERGY,H4,100,2,4,72.34860224246404
8YP_H4_N100_P3_ENERGY_seed002,P3_ENERGY,H4,100,2,5,297.4104082427366
8YP_H4_N100_P3_ENERGY_seed002,P3_ENERGY,H4,100,2,6,161.79381499541887
8YP_H4_N100_P3_ENERGY_seed002,P3_ENERGY,H4,100,2,7,610.8744336133623
8YP_H4_N100_P4_RESERVE_seed002,P4_RESERVE,H4,100,2,1,434.0904267998834
8YP_H4_N100_P4_RESERVE_seed002,P4_RESERVE,H4,100,2,2,409.7474962698209
8YP_H4_N100_P4_RESERVE_seed002,P4_RESERVE,H4,100,2,3,1511.846638476437
8YP_H4_N100_P4_RESERVE_seed002,P4_RESERVE,H4,100,2,4,230.93808943997783
8YP_H4_N100_P4_RESERVE_seed002,P4_RESERVE,H4,100,2,5,1430.4102087771416
8YP_H4_N100_P4_RESERVE_seed002,P4_RESERVE,H4,100,2,6,479.53276644042035
8YP_H4_N100_P4_RESERVE_seed002,P4_RESERVE,H4,100,2,7,2276.258328207052
8YP_H4_N100_P4_RESERVE_seed002,P4_RESERVE,H4,100,2,8,1538.9923743377367
8YP_H4_N100_P4_RESERVE_seed002,P4_RESERVE,H4,100,2,9,849.3787298591942
8YP_H4_N100_POW_seed003,POW,H4,100,3,1,226.44324280621237
8YP_H4_N100_POW_seed003,POW,H4,100,3,2,76.5881086689916
8YP_H4_N100_POW_seed003,POW,H4,100,3,3,477.06015812816037
8YP_H4_N100_POW_seed003,POW,H4,100,3,4,382.8023715746067
8YP_H4_N100_POW_seed003,POW,H4,100,3,5,139.4083805058924
8YP_H4_N100_POW_seed003,POW,H4,100,3,6,527.8407390975126
8YP_H4_N100_POW_seed003,POW,H4,100,3,7,75.48320468770953
8YP_H4_N100_POW_seed003,POW,H4,100,3,8,422.64092787194204
8YP_H4_N100_POW_seed003,POW,H4,100,3,9,1365.1261582353636
8YP_H4_N100_POW_seed003,POW,H4,100,3,10,302.92020073845333
8YP_H4_N100_POW_seed003,POW,H4,100,3,11,2512.0754428169175
8YP_H4_N100_POW_seed003,POW,H4,100,3,12,254.85704122164407
8YP_H4_N100_POW_seed003,POW,H4,100,3,13,243.15923876317902
8YP_H4_N100_POW_seed003,POW,H4,100,3,14,1170.2553927462695
8YP_H4_N100_POW_seed003,POW,H4,100,3,15,39.575823985728675
8YP_H4_N100_POW_seed003,POW,H4,100,3,16,48.82274692284409
8YP_H4_N100_POW_seed003,POW,H4,100,3,17,217.43026509835363
8YP_H4_N100_POW_seed003,POW,H4,100,3,18,27.371653269441595
8YP_H4_N100_POW_seed003,POW,H4,100,3,19,755.3144484624845
8YP_H4_N100_POW_CT_seed003,POW_CT,H4,100,3,1,562.7865458454783
8YP_H4_N100_POW_CT_seed003,POW_CT,H4,100,3,2,1855.4514486276637
8YP_H4_N100_POW_CT_seed003,POW_CT,H4,100,3,3,72.65715300766306
8YP_H4_N100_POW_CT_seed003,POW_CT,H4,100,3,4,248.46481798226387
8YP_H4_N100_POW_CT_seed003,POW_CT,H4,100,3,5,1343.42695615077
8YP_H4_N100_POW_CT_seed003,POW_CT,H4,100,3,6,2321.128531088445
8YP_H4_N100_POW_CT_seed003,POW_CT,H4,100,3,7,1009.588288123954
8YP_H4_N100_POW_CT_seed003,POW_CT,H4,100,3,8,114.50917227108675
8YP_H4_N100_P0_ALL_seed003,P0_ALL,H4,100,3,1,226.44324280621237
8YP_H4_N100_P0_ALL_seed003,P0_ALL,H4,100,3,2,76.5881086689916
8YP_H4_N100_P0_ALL_seed003,P0_ALL,H4,100,3,3,477.06015812816037
8YP_H4_N100_P0_ALL_seed003,P0_ALL,H4,100,3,4,382.8023715746067
8YP_H4_N100_P0_ALL_seed003,P0_ALL,H4,100,3,5,139.4083805058924
8YP_H4_N100_P0_ALL_seed003,P0_ALL,H4,100,3,6,527.8407390975126
8YP_H4_N100_P0_ALL_seed003,P0_ALL,H4,100,3,7,75.48320468770953
8YP_H4_N100_P0_ALL_seed003,P0_ALL,H4,100,3,8,422.64092787194204
8YP_H4_N100_P0_ALL_seed003,P0_ALL,H4,100,3,9,1369.6107649589471
8YP_H4_N100_P0_ALL_seed003,P0_ALL,H4,100,3,10,302.92020073845333
8YP_H4_N100_P0_ALL_seed003,P0_ALL,H4,100,3,11,2519.7598945623536
8YP_H4_N100_P0_ALL_seed003,P0_ALL,H4,100,3,12,254.85704122164407
8YP_H4_N100_P0_ALL_seed003,P0_ALL,H4,100,3,13,243.15923876317902
8YP_H4_N100_P0_ALL_seed003,P0_ALL,H4,100,3,14,1172.2999296316157
8YP_H4_N100_P0_ALL_seed003,P0_ALL,H4,100,3,15,39.575823985728675
8YP_H4_N100_P0_ALL_seed003,P0_ALL,H4,100,3,16,48.82274692284409
8YP_H4_N100_P0_ALL_seed003,P0_ALL,H4,100,3,17,217.43026509835363
8YP_H4_N100_P0_ALL_seed003,P0_ALL,H4,100,3,18,27.371653269441595
8YP_H4_N100_P0_ALL_seed003,P0_ALL,H4,100,3,19,757.7492456163036
8YP_H4_N100_P1_EQUAL_seed003,P1_EQUAL,H4,100,3,1,226.44324280621237
8YP_H4_N100_P1_EQUAL_seed003,P1_EQUAL,H4,100,3,2,76.5881086689916
8YP_H4_N100_P1_EQUAL_seed003,P1_EQUAL,H4,100,3,3,477.06015812816037
8YP_H4_N100_P1_EQUAL_seed003,P1_EQUAL,H4,100,3,4,765.3838518719997
8YP_H4_N100_P1_EQUAL_seed003,P1_EQUAL,H4,100,3,5,139.4083805058924
8YP_H4_N100_P1_EQUAL_seed003,P1_EQUAL,H4,100,3,6,243.1754267585345
8YP_H4_N100_P1_EQUAL_seed003,P1_EQUAL,H4,100,3,7,75.48320468770953
8YP_H4_N100_P1_EQUAL_seed003,P1_EQUAL,H4,100,3,8,225.7649221334923
8YP_H4_N100_P1_EQUAL_seed003,P1_EQUAL,H4,100,3,9,1797.4093522242688
8YP_H4_N100_P1_EQUAL_seed003,P1_EQUAL,H4,100,3,10,302.9202007384529
8YP_H4_N100_P1_EQUAL_seed003,P1_EQUAL,H4,100,3,11,3374.2942167388264
8YP_H4_N100_P1_EQUAL_seed003,P1_EQUAL,H4,100,3,12,509.66130346820137
8YP_H4_N100_P1_EQUAL_seed003,P1_EQUAL,H4,100,3,13,912.2857329061153
8YP_H4_N100_P1_EQUAL_seed003,P1_EQUAL,H4,100,3,14,570.2553927462704
8YP_H4_N100_P1_EQUAL_seed003,P1_EQUAL,H4,100,3,15,77.49877459667368
8YP_H4_N100_P2_HASHPROP_seed003,P2_HASHPROP,H4,100,3,1,226.44324280621237
8YP_H4_N100_P2_HASHPROP_seed003,P2_HASHPROP,H4,100,3,2,76.5881086689916
8YP_H4_N100_P2_HASHPROP_seed003,P2_HASHPROP,H4,100,3,3,477.06015812816037
8YP_H4_N100_P2_HASHPROP_seed003,P2_HASHPROP,H4,100,3,4,382.8023715746067
8YP_H4_N100_P2_HASHPROP_seed003,P2_HASHPROP,H4,100,3,5,139.4083805058924
8YP_H4_N100_P2_HASHPROP_seed003,P2_HASHPROP,H4,100,3,6,527.8407390975126
8YP_H4_N100_P2_HASHPROP_seed003,P2_HASHPROP,H4,100,3,7,75.48320468770953
8YP_H4_N100_P2_HASHPROP_seed003,P2_HASHPROP,H4,100,3,8,422.64092787194204
8YP_H4_N100_P2_HASHPROP_seed003,P2_HASHPROP,H4,100,3,9,1369.6107649589471
8YP_H4_N100_P2_HASHPROP_seed003,P2_HASHPROP,H4,100,3,10,302.92020073845333
8YP_H4_N100_P2_HASHPROP_seed003,P2_HASHPROP,H4,100,3,11,2519.7598945623536
8YP_H4_N100_P2_HASHPROP_seed003,P2_HASHPROP,H4,100,3,12,254.85704122164407
8YP_H4_N100_P2_HASHPROP_seed003,P2_HASHPROP,H4,100,3,13,243.15923876317902
8YP_H4_N100_P2_HASHPROP_seed003,P2_HASHPROP,H4,100,3,14,1172.2999296316157
8YP_H4_N100_P2_HASHPROP_seed003,P2_HASHPROP,H4,100,3,15,39.575823985728675
8YP_H4_N100_P2_HASHPROP_seed003,P2_HASHPROP,H4,100,3,16,48.82274692284409
8YP_H4_N100_P2_HASHPROP_seed003,P2_HASHPROP,H4,100,3,17,217.43026509835363
8YP_H4_N100_P2_HASHPROP_seed003,P2_HASHPROP,H4,100,3,18,27.371653269441595
8YP_H4_N100_P2_HASHPROP_seed003,P2_HASHPROP,H4,100,3,19,757.7492456163036
8YP_H4_N100_P3_ENERGY_seed003,P3_ENERGY,H4,100,3,1,226.44324280621237
8YP_H4_N100_P3_ENERGY_seed003,P3_ENERGY,H4,100,3,2,76.5881086689916
8YP_H4_N100_P3_ENERGY_seed003,P3_ENERGY,H4,100,3,3,477.06015812816037
8YP_H4_N100_P3_ENERGY_seed003,P3_ENERGY,H4,100,3,4,742.191357788344
8YP_H4_N100_P3_ENERGY_seed003,P3_ENERGY,H4,100,3,5,677.1304280898785
8YP_H4_N100_P3_ENERGY_seed003,P3_ENERGY,H4,100,3,6,421.8715199228777
8YP_H4_N100_P3_ENERGY_seed003,P3_ENERGY,H4,100,3,7,1370.1017847898233
8YP_H4_N100_P3_ENERGY_seed003,P3_ENERGY,H4,100,3,8,3121.136782722834
8YP_H4_N100_P3_ENERGY_seed003,P3_ENERGY,H4,100,3,9,845.6539108525922
8YP_H4_N100_P3_ENERGY_seed003,P3_ENERGY,H4,100,3,10,1171.9338512009845
8YP_H4_N100_P3_ENERGY_seed003,P3_ENERGY,H4,100,3,11,649.8184052894685
8YP_H4_N100_P4_RESERVE_seed003,P4_RESERVE,H4,100,3,1,226.44324280621237
8YP_H4_N100_P4_RESERVE_seed003,P4_RESERVE,H4,100,3,2,76.5881086689916
8YP_H4_N100_P4_RESERVE_seed003,P4_RESERVE,H4,100,3,3,477.06015812816037
8YP_H4_N100_P4_RESERVE_seed003,P4_RESERVE,H4,100,3,4,1649.9300508855988
8YP_H4_N100_P4_RESERVE_seed003,P4_RESERVE,H4,100,3,5,692.5814782982666
8YP_H4_N100_P4_RESERVE_seed003,P4_RESERVE,H4,100,3,6,76.21767981513585
8YP_H4_N100_P4_RESERVE_seed003,P4_RESERVE,H4,100,3,7,421.9012527510754
8YP_H4_N100_P4_RESERVE_seed003,P4_RESERVE,H4,100,3,8,2277.805057162354
8YP_H4_N100_P4_RESERVE_seed003,P4_RESERVE,H4,100,3,9,3016.569140001562
8YP_H4_N100_POW_seed004,POW,H4,100,4,1,157.72206174920956
8YP_H4_N100_POW_seed004,POW,H4,100,4,2,95.45727449919889
8YP_H4_N100_POW_seed004,POW,H4,100,4,3,736.2115972073079
8YP_H4_N100_POW_seed004,POW,H4,100,4,4,1007.5135822146879
8YP_H4_N100_POW_seed004,POW,H4,100,4,5,48.73640905264051
8YP_H4_N100_POW_seed004,POW,H4,100,4,6,127.38707640210055
8YP_H4_N100_POW_seed004,POW,H4,100,4,7,1169.0808087633877
8YP_H4_N100_POW_seed004,POW,H4,100,4,8,36.37359851112615
8YP_H4_N100_POW_seed004,POW,H4,100,4,9,1885.6009264176419
8YP_H4_N100_POW_seed004,POW,H4,100,4,10,633.529204435973
8YP_H4_N100_POW_seed004,POW,H4,100,4,11,118.76192992562301
8YP_H4_N100_POW_seed004,POW,H4,100,4,12,245.67424451793522
8YP_H4_N100_POW_seed004,POW,H4,100,4,13,45.388292266733515
8YP_H4_N100_POW_seed004,POW,H4,100,4,14,583.0583150878592
8YP_H4_N100_POW_seed004,POW,H4,100,4,15,33.64457491276062
8YP_H4_N100_POW_seed004,POW,H4,100,4,16,163.1524384843906
8YP_H4_N100_POW_seed004,POW,H4,100,4,17,309.35094921754626
8YP_H4_N100_POW_seed004,POW,H4,100,4,18,356.11131096670215
8YP_H4_N100_POW_seed004,POW,H4,100,4,19,1026.3703600505469
8YP_H4_N100_POW_seed004,POW,H4,100,4,20,640.9295107647977
8YP_H4_N100_POW_CT_seed004,POW_CT,H4,100,4,1,831.859166474943
8YP_H4_N100_POW_CT_seed004,POW_CT,H4,100,4,2,591.2803794370997
8YP_H4_N100_POW_CT_seed004,POW_CT,H4,100,4,3,753.196036973542
8YP_H4_N100_POW_CT_seed004,POW_CT,H4,100,4,4,822.0569275798612
8YP_H4_N100_POW_CT_seed004,POW_CT,H4,100,4,5,3260.6298988221283
8YP_H4_N100_POW_CT_seed004,POW_CT,H4,100,4,6,901.4540308729611
8YP_H4_N100_POW_CT_seed004,POW_CT,H4,100,4,7,55.113033253493995
8YP_H4_N100_POW_CT_seed004,POW_CT,H4,100,4,8,1478.9751009053634
8YP_H4_N100_P0_ALL_seed004,P0_ALL,H4,100,4,1,157.72206174920956
8YP_H4_N100_P0_ALL_seed004,P0_ALL,H4,100,4,2,95.45727449919889
8YP_H4_N100_P0_ALL_seed004,P0_ALL,H4,100,4,3,737.6381307129914
8YP_H4_N100_P0_ALL_seed004,P0_ALL,H4,100,4,4,1009.1811473053142
8YP_H4_N100_P0_ALL_seed004,P0_ALL,H4,100,4,5,48.73640905264074
8YP_H4_N100_P0_ALL_seed004,P0_ALL,H4,100,4,6,127.38707640210077
8YP_H4_N100_P0_ALL_seed004,P0_ALL,H4,100,4,7,1170.983752139709
8YP_H4_N100_P0_ALL_seed004,P0_ALL,H4,100,4,8,36.37359851112615
8YP_H4_N100_P0_ALL_seed004,P0_ALL,H4,100,4,9,1893.1699154713979
8YP_H4_N100_P0_ALL_seed004,P0_ALL,H4,100,4,10,636.1869306974104
8YP_H4_N100_P0_ALL_seed004,P0_ALL,H4,100,4,11,118.76192992562301
8YP_H4_N100_P0_ALL_seed004,P0_ALL,H4,100,4,12,245.67424451793522
8YP_H4_N100_P0_ALL_seed004,P0_ALL,H4,100,4,13,45.388292266733515
8YP_H4_N100_P0_ALL_seed004,P0_ALL,H4,100,4,14,583.0583150878592
8YP_H4_N100_P0_ALL_seed004,P0_ALL,H4,100,4,15,33.64457491276062
8YP_H4_N100_P0_ALL_seed004,P0_ALL,H4,100,4,16,163.1524384843906
8YP_H4_N100_P0_ALL_seed004,P0_ALL,H4,100,4,17,309.35094921754626
8YP_H4_N100_P0_ALL_seed004,P0_ALL,H4,100,4,18,356.11131096670124
8YP_H4_N100_P0_ALL_seed004,P0_ALL,H4,100,4,19,1029.1893768785121
8YP_H4_N100_P0_ALL_seed004,P0_ALL,H4,100,4,20,642.27576709803
8YP_H4_N100_P1_EQUAL_seed004,P1_EQUAL,H4,100,4,1,157.72206174920956
8YP_H4_N100_P1_EQUAL_seed004,P1_EQUAL,H4,100,4,2,127.98385923529611
8YP_H4_N100_P1_EQUAL_seed004,P1_EQUAL,H4,100,4,3,32.37542176949029
8YP_H4_N100_P1_EQUAL_seed004,P1_EQUAL,H4,100,4,4,272.85440361256894
8YP_H4_N100_P1_EQUAL_seed004,P1_EQUAL,H4,100,4,5,948.1184736932446
8YP_H4_N100_P1_EQUAL_seed004,P1_EQUAL,H4,100,4,6,49.209794524462495
8YP_H4_N100_P1_EQUAL_seed004,P1_EQUAL,H4,100,4,7,127.00970325853746
8YP_H4_N100_P1_EQUAL_seed004,P1_EQUAL,H4,100,4,8,1386.2588842323878
8YP_H4_N100_P1_EQUAL_seed004,P1_EQUAL,H4,100,4,9,36.519777308294124
8YP_H4_N100_P1_EQUAL_seed004,P1_EQUAL,H4,100,4,10,2618.3516033967094
8YP_H4_N100_P1_EQUAL_seed004,P1_EQUAL,H4,100,4,11,849.1699984690167
8YP_H4_N100_P1_EQUAL_seed004,P1_EQUAL,H4,100,4,12,117.30618767541455
8YP_H4_N100_P1_EQUAL_seed004,P1_EQUAL,H4,100,4,13,245.71817494235438
8YP_H4_N100_P1_EQUAL_seed004,P1_EQUAL,H4,100,4,14,90.73812025196912
8YP_H4_N100_P1_EQUAL_seed004,P1_EQUAL,H4,100,4,15,583.821997582314
8YP_H4_N100_P1_EQUAL_seed004,P1_EQUAL,H4,100,4,16,12.150334166246466
8YP_H4_N100_P1_EQUAL_seed004,P1_EQUAL,H4,100,4,17,1124.4970465168053
8YP_H4_N100_P1_EQUAL_seed004,P1_EQUAL,H4,100,4,18,157.3467247385979
8YP_H4_N100_P2_HASHPROP_seed004,P2_HASHPROP,H4,100,4,1,157.72206174920956
8YP_H4_N100_P2_HASHPROP_seed004,P2_HASHPROP,H4,100,4,2,95.45727449919889
8YP_H4_N100_P2_HASHPROP_seed004,P2_HASHPROP,H4,100,4,3,737.6381307129914
8YP_H4_N100_P2_HASHPROP_seed004,P2_HASHPROP,H4,100,4,4,1009.1811473053142
8YP_H4_N100_P2_HASHPROP_seed004,P2_HASHPROP,H4,100,4,5,48.73640905264074
8YP_H4_N100_P2_HASHPROP_seed004,P2_HASHPROP,H4,100,4,6,127.38707640210077
8YP_H4_N100_P2_HASHPROP_seed004,P2_HASHPROP,H4,100,4,7,1170.983752139709
8YP_H4_N100_P2_HASHPROP_seed004,P2_HASHPROP,H4,100,4,8,36.37359851112615
8YP_H4_N100_P2_HASHPROP_seed004,P2_HASHPROP,H4,100,4,9,1893.1699154713979
8YP_H4_N100_P2_HASHPROP_seed004,P2_HASHPROP,H4,100,4,10,636.1869306974104
8YP_H4_N100_P2_HASHPROP_seed004,P2_HASHPROP,H4,100,4,11,118.76192992562301
8YP_H4_N100_P2_HASHPROP_seed004,P2_HASHPROP,H4,100,4,12,245.67424451793522
8YP_H4_N100_P2_HASHPROP_seed004,P2_HASHPROP,H4,100,4,13,45.388292266733515
8YP_H4_N100_P2_HASHPROP_seed004,P2_HASHPROP,H4,100,4,14,583.0583150878592
8YP_H4_N100_P2_HASHPROP_seed004,P2_HASHPROP,H4,100,4,15,33.64457491276062
8YP_H4_N100_P2_HASHPROP_seed004,P2_HASHPROP,H4,100,4,16,163.1524384843906
8YP_H4_N100_P2_HASHPROP_seed004,P2_HASHPROP,H4,100,4,17,309.35094921754626
8YP_H4_N100_P2_HASHPROP_seed004,P2_HASHPROP,H4,100,4,18,356.11131096670124
8YP_H4_N100_P2_HASHPROP_seed004,P2_HASHPROP,H4,100,4,19,1029.1893768785121
8YP_H4_N100_P2_HASHPROP_seed004,P2_HASHPROP,H4,100,4,20,642.27576709803
8YP_H4_N100_P3_ENERGY_seed004,P3_ENERGY,H4,100,4,1,157.72206174920956
8YP_H4_N100_P3_ENERGY_seed004,P3_ENERGY,H4,100,4,2,95.45727449919889
8YP_H4_N100_P3_ENERGY_seed004,P3_ENERGY,H4,100,4,3,1051.7501369910508
8YP_H4_N100_P3_ENERGY_seed004,P3_ENERGY,H4,100,4,4,1252.1212402870628
8YP_H4_N100_P3_ENERGY_seed004,P3_ENERGY,H4,100,4,5,127.0051677165734
8YP_H4_N100_P3_ENERGY_seed004,P3_ENERGY,H4,100,4,6,1170.7493444388883
8YP_H4_N100_P3_ENERGY_seed004,P3_ENERGY,H4,100,4,7,36.64410065997481
8YP_H4_N100_P3_ENERGY_seed004,P3_ENERGY,H4,100,4,8,3042.871691654686
8YP_H4_N100_P3_ENERGY_seed004,P3_ENERGY,H4,100,4,9,117.38630116765853
8YP_H4_N100_P3_ENERGY_seed004,P3_ENERGY,H4,100,4,10,1172.2641702746114
8YP_H4_N100_P3_ENERGY_seed004,P3_ENERGY,H4,100,4,11,582.7198100043443
8YP_H4_N100_P3_ENERGY_seed004,P3_ENERGY,H4,100,4,12,117.64178802239257
8YP_H4_N100_P3_ENERGY_seed004,P3_ENERGY,H4,100,4,13,163.25823555144234
8YP_H4_N100_P3_ENERGY_seed004,P3_ENERGY,H4,100,4,14,309.02533641778973
8YP_H4_N100_P3_ENERGY_seed004,P3_ENERGY,H4,100,4,15,355.6772817721976
8YP_H4_N100_P4_RESERVE_seed004,P4_RESERVE,H4,100,4,1,157.72206174920956
8YP_H4_N100_P4_RESERVE_seed004,P4_RESERVE,H4,100,4,2,95.45727449919889
8YP_H4_N100_P4_RESERVE_seed004,P4_RESERVE,H4,100,4,3,1960.032570559146
8YP_H4_N100_P4_RESERVE_seed004,P4_RESERVE,H4,100,4,4,1646.0170847183435
8YP_H4_N100_P4_RESERVE_seed004,P4_RESERVE,H4,100,4,5,48.73640905264028
8YP_H4_N100_P4_RESERVE_seed004,P4_RESERVE,H4,100,4,6,127.38707640210077
8YP_H4_N100_P4_RESERVE_seed004,P4_RESERVE,H4,100,4,7,1916.9959898990382
8YP_H4_N100_P4_RESERVE_seed004,P4_RESERVE,H4,100,4,8,36.37359851112615
8YP_H4_N100_P4_RESERVE_seed004,P4_RESERVE,H4,100,4,9,3956.203007107727
8YP_H4_N100_POW_seed005,POW,H4,100,5,1,1410.5488161632668
8YP_H4_N100_POW_seed005,POW,H4,100,5,2,16.24317011003245
8YP_H4_N100_POW_seed005,POW,H4,100,5,3,5.996205490542934
8YP_H4_N100_POW_seed005,POW,H4,100,5,4,389.8257002121559
8YP_H4_N100_POW_seed005,POW,H4,100,5,5,103.76547252127784
8YP_H4_N100_POW_seed005,POW,H4,100,5,6,643.7998966944795
8YP_H4_N100_POW_seed005,POW,H4,100,5,7,76.62955598659073
8YP_H4_N100_POW_seed005,POW,H4,100,5,8,744.6351441166835
8YP_H4_N100_POW_seed005,POW,H4,100,5,9,227.90947710798946
8YP_H4_N100_POW_seed005,POW,H4,100,5,10,1096.4051730449883
8YP_H4_N100_POW_seed005,POW,H4,100,5,11,145.65512315677006
8YP_H4_N100_POW_seed005,POW,H4,100,5,12,38.13038100247013
8YP_H4_N100_POW_seed005,POW,H4,100,5,13,1952.923200465215
8YP_H4_N100_POW_seed005,POW,H4,100,5,14,1143.4077691752673
8YP_H4_N100_POW_seed005,POW,H4,100,5,15,911.9413256728822
8YP_H4_N100_POW_seed005,POW,H4,100,5,16,79.24739073434648
8YP_H4_N100_POW_CT_seed005,POW_CT,H4,100,5,1,239.57401170465377
8YP_H4_N100_POW_CT_seed005,POW_CT,H4,100,5,2,701.6879366143266
8YP_H4_N100_POW_CT_seed005,POW_CT,H4,100,5,3,42.92028353075091
8YP_H4_N100_POW_CT_seed005,POW_CT,H4,100,5,4,542.3478703191101
8YP_H4_N100_POW_CT_seed005,POW_CT,H4,100,5,5,214.4518162524996
8YP_H4_N100_POW_CT_seed005,POW_CT,H4,100,5,6,35.80118533702489
8YP_H4_N100_POW_CT_seed005,POW_CT,H4,100,5,7,4448.663334914649
8YP_H4_N100_POW_CT_seed005,POW_CT,H4,100,5,8,191.51619374737038
8YP_H4_N100_POW_CT_seed005,POW_CT,H4,100,5,9,66.83577101886203
8YP_H4_N100_POW_CT_seed005,POW_CT,H4,100,5,10,296.39507099026014
8YP_H4_N100_POW_CT_seed005,POW_CT,H4,100,5,11,2990.188263791143
8YP_H4_N100_POW_CT_seed005,POW_CT,H4,100,5,12,54.605649076893314
8YP_H4_N100_P0_ALL_seed005,P0_ALL,H4,100,5,1,1413.1912133080923
8YP_H4_N100_P0_ALL_seed005,P0_ALL,H4,100,5,2,16.24317011003245
8YP_H4_N100_P0_ALL_seed005,P0_ALL,H4,100,5,3,5.996205490542934
8YP_H4_N100_P0_ALL_seed005,P0_ALL,H4,100,5,4,389.8257002121559
8YP_H4_N100_P0_ALL_seed005,P0_ALL,H4,100,5,5,103.76547252127784
8YP_H4_N100_P0_ALL_seed005,P0_ALL,H4,100,5,6,645.7060152025037
8YP_H4_N100_P0_ALL_seed005,P0_ALL,H4,100,5,7,76.62955598659073
8YP_H4_N100_P0_ALL_seed005,P0_ALL,H4,100,5,8,747.9376228546944
8YP_H4_N100_P0_ALL_seed005,P0_ALL,H4,100,5,9,227.90947710798946
8YP_H4_N100_P0_ALL_seed005,P0_ALL,H4,100,5,10,1097.9959484433616
8YP_H4_N100_P0_ALL_seed005,P0_ALL,H4,100,5,11,145.65512315677006
8YP_H4_N100_P0_ALL_seed005,P0_ALL,H4,100,5,12,38.13038100247013
8YP_H4_N100_P0_ALL_seed005,P0_ALL,H4,100,5,13,1960.4536900567864
8YP_H4_N100_P0_ALL_seed005,P0_ALL,H4,100,5,14,1146.1894979823928
8YP_H4_N100_P0_ALL_seed005,P0_ALL,H4,100,5,15,914.5681397094813
8YP_H4_N100_P0_ALL_seed005,P0_ALL,H4,100,5,16,79.24739073434648
8YP_H4_N100_P1_EQUAL_seed005,P1_EQUAL,H4,100,5,1,2479.1945175253254
8YP_H4_N100_P1_EQUAL_seed005,P1_EQUAL,H4,100,5,2,6.3172037049134815
8YP_H4_N100_P1_EQUAL_seed005,P1_EQUAL,H4,100,5,3,462.5757423920886
8YP_H4_N100_P1_EQUAL_seed005,P1_EQUAL,H4,100,5,4,135.20662180207728
8YP_H4_N100_P1_EQUAL_seed005,P1_EQUAL,H4,100,5,5,859.6993703593607
8YP_H4_N100_P1_EQUAL_seed005,P1_EQUAL,H4,100,5,6,153.12231619680415
8YP_H4_N100_P1_EQUAL_seed005,P1_EQUAL,H4,100,5,7,1171.0964944347088
8YP_H4_N100_P1_EQUAL_seed005,P1_EQUAL,H4,100,5,8,455.7887988023749
8YP_H4_N100_P1_EQUAL_seed005,P1_EQUAL,H4,100,5,9,961.4377031044296
8YP_H4_N100_P1_EQUAL_seed005,P1_EQUAL,H4,100,5,10,145.8430682494045
8YP_H4_N100_P1_EQUAL_seed005,P1_EQUAL,H4,100,5,11,37.971640934315474
8YP_H4_N100_P1_EQUAL_seed005,P1_EQUAL,H4,100,5,12,2703.776246215806
8YP_H4_N100_P2_HASHPROP_seed005,P2_HASHPROP,H4,100,5,1,1413.1912133080923
8YP_H4_N100_P2_HASHPROP_seed005,P2_HASHPROP,H4,100,5,2,16.24317011003245
8YP_H4_N100_P2_HASHPROP_seed005,P2_HASHPROP,H4,100,5,3,5.996205490542934
8YP_H4_N100_P2_HASHPROP_seed005,P2_HASHPROP,H4,100,5,4,389.8257002121559
8YP_H4_N100_P2_HASHPROP_seed005,P2_HASHPROP,H4,100,5,5,103.76547252127784
8YP_H4_N100_P2_HASHPROP_seed005,P2_HASHPROP,H4,100,5,6,645.7060152025037
8YP_H4_N100_P2_HASHPROP_seed005,P2_HASHPROP,H4,100,5,7,76.62955598659073
8YP_H4_N100_P2_HASHPROP_seed005,P2_HASHPROP,H4,100,5,8,747.9376228546944
8YP_H4_N100_P2_HASHPROP_seed005,P2_HASHPROP,H4,100,5,9,227.90947710798946
8YP_H4_N100_P2_HASHPROP_seed005,P2_HASHPROP,H4,100,5,10,1097.9959484433616
8YP_H4_N100_P2_HASHPROP_seed005,P2_HASHPROP,H4,100,5,11,145.65512315677006
8YP_H4_N100_P2_HASHPROP_seed005,P2_HASHPROP,H4,100,5,12,38.13038100247013
8YP_H4_N100_P2_HASHPROP_seed005,P2_HASHPROP,H4,100,5,13,1960.4536900567864
8YP_H4_N100_P2_HASHPROP_seed005,P2_HASHPROP,H4,100,5,14,1146.1894979823928
8YP_H4_N100_P2_HASHPROP_seed005,P2_HASHPROP,H4,100,5,15,914.5681397094813
8YP_H4_N100_P2_HASHPROP_seed005,P2_HASHPROP,H4,100,5,16,79.24739073434648
8YP_H4_N100_P3_ENERGY_seed005,P3_ENERGY,H4,100,5,1,1412.297838881866
8YP_H4_N100_P3_ENERGY_seed005,P3_ENERGY,H4,100,5,2,607.915669877201
8YP_H4_N100_P3_ENERGY_seed005,P3_ENERGY,H4,100,5,3,390.4652276709992
8YP_H4_N100_P3_ENERGY_seed005,P3_ENERGY,H4,100,5,4,135.0178640774534
8YP_H4_N100_P3_ENERGY_seed005,P3_ENERGY,H4,100,5,5,645.3055464454424
8YP_H4_N100_P3_ENERGY_seed005,P3_ENERGY,H4,100,5,6,1348.8131408560866
8YP_H4_N100_P3_ENERGY_seed005,P3_ENERGY,H4,100,5,7,1700.0411068725243
8YP_H4_N100_P3_ENERGY_seed005,P3_ENERGY,H4,100,5,8,145.34204272083298
8YP_H4_N100_P3_ENERGY_seed005,P3_ENERGY,H4,100,5,9,38.248885692189106
8YP_H4_N100_P3_ENERGY_seed005,P3_ENERGY,H4,100,5,10,1957.7803554650145
8YP_H4_N100_P3_ENERGY_seed005,P3_ENERGY,H4,100,5,11,1144.8202684366042
8YP_H4_N100_P4_RESERVE_seed005,P4_RESERVE,H4,100,5,1,2323.1912133080923
8YP_H4_N100_P4_RESERVE_seed005,P4_RESERVE,H4,100,5,2,626.1765263383163
8YP_H4_N100_P4_RESERVE_seed005,P4_RESERVE,H4,100,5,3,5.996205490543161
8YP_H4_N100_P4_RESERVE_seed005,P4_RESERVE,H4,100,5,4,389.8257002121554
8YP_H4_N100_P4_RESERVE_seed005,P4_RESERVE,H4,100,5,5,135.20662180207728
8YP_H4_N100_P4_RESERVE_seed005,P4_RESERVE,H4,100,5,6,1553.62431554035
8YP_H4_N100_P4_RESERVE_seed005,P4_RESERVE,H4,100,5,7,1614.3396996006695
8YP_H4_N100_P4_RESERVE_seed005,P4_RESERVE,H4,100,5,8,144.6351441166844
8YP_H4_N100_P4_RESERVE_seed005,P4_RESERVE,H4,100,5,9,1022.2657259740636
8YP_H4_N100_P4_RESERVE_seed005,P4_RESERVE,H4,100,5,10,686.3437487563506
8YP_H4_N100_P4_RESERVE_seed005,P4_RESERVE,H4,100,5,11,496.3043808606744
8YP_H4_N100_P4_RESERVE_seed005,P4_RESERVE,H4,100,5,12,145.6347465816907
8YP_H4_N100_P4_RESERVE_seed005,P4_RESERVE,H4,100,5,13,38.1167014754792
8YP_H4_N100_P4_RESERVE_seed005,P4_RESERVE,H4,100,5,14,537.8078919521067
8YP_H4_N100_POW_seed006,POW,H4,100,6,1,152.9691567236435
8YP_H4_N100_POW_seed006,POW,H4,100,6,2,1500.4581234700365
8YP_H4_N100_POW_seed006,POW,H4,100,6,3,115.27300611859437
8YP_H4_N100_POW_seed006,POW,H4,100,6,4,255.98279514457795
8YP_H4_N100_POW_seed006,POW,H4,100,6,5,785.6166669368274
8YP_H4_N100_POW_seed006,POW,H4,100,6,6,1429.953005502336
8YP_H4_N100_POW_seed006,POW,H4,100,6,7,565.1397216090736
8YP_H4_N100_POW_seed006,POW,H4,100,6,8,1076.0863782757697
8YP_H4_N100_POW_seed006,POW,H4,100,6,9,413.43914590757413
8YP_H4_N100_POW_seed006,POW,H4,100,6,10,24.929682542197952
8YP_H4_N100_POW_seed006,POW,H4,100,6,11,1550.8126165473077
8YP_H4_N100_POW_seed006,POW,H4,100,6,12,966.9488019382843
8YP_H4_N100_POW_seed006,POW,H4,100,6,13,22.21389019977505
8YP_H4_N100_POW_seed006,POW,H4,100,6,14,7.998211891021128
8YP_H4_N100_POW_seed006,POW,H4,100,6,15,1116.4750152720571
8YP_H4_N100_POW_CT_seed006,POW_CT,H4,100,6,1,713.1082012583777
8YP_H4_N100_POW_CT_seed006,POW_CT,H4,100,6,2,433.9334872630327
8YP_H4_N100_POW_CT_seed006,POW_CT,H4,100,6,3,73.87748248615753
8YP_H4_N100_POW_CT_seed006,POW_CT,H4,100,6,4,35.636122634417234
8YP_H4_N100_POW_CT_seed006,POW_CT,H4,100,6,5,131.7224667846317
8YP_H4_N100_POW_CT_seed006,POW_CT,H4,100,6,6,548.9292104873737
8YP_H4_N100_POW_CT_seed006,POW_CT,H4,100,6,7,100.08412411489576
8YP_H4_N100_POW_CT_seed006,POW_CT,H4,100,6,8,26.082311362067458
8YP_H4_N100_POW_CT_seed006,POW_CT,H4,100,6,9,342.40151113151705
8YP_H4_N100_POW_CT_seed006,POW_CT,H4,100,6,10,614.0479947421354
8YP_H4_N100_POW_CT_seed006,POW_CT,H4,100,6,11,263.24342492234837
8YP_H4_N100_POW_CT_seed006,POW_CT,H4,100,6,12,757.6555758359668
8YP_H4_N100_POW_CT_seed006,POW_CT,H4,100,6,13,224.529403810222
8YP_H4_N100_POW_CT_seed006,POW_CT,H4,100,6,14,655.0988771147677
8YP_H4_N100_POW_CT_seed006,POW_CT,H4,100,6,15,1370.77478886045
8YP_H4_N100_POW_CT_seed006,POW_CT,H4,100,6,16,487.72154564834636
8YP_H4_N100_POW_CT_seed006,POW_CT,H4,100,6,17,283.64301709124356
8YP_H4_N100_POW_CT_seed006,POW_CT,H4,100,6,18,498.1019130463819
8YP_H4_N100_POW_CT_seed006,POW_CT,H4,100,6,19,351.27382907016545
8YP_H4_N100_POW_CT_seed006,POW_CT,H4,100,6,20,787.3158485374161
8YP_H4_N100_POW_CT_seed006,POW_CT,H4,100,6,21,638.005164655513
8YP_H4_N100_POW_CT_seed006,POW_CT,H4,100,6,22,205.39209824367936
8YP_H4_N100_P0_ALL_seed006,P0_ALL,H4,100,6,1,152.9691567236435
8YP_H4_N100_P0_ALL_seed006,P0_ALL,H4,100,6,2,1503.1645220478856
8YP_H4_N100_P0_ALL_seed006,P0_ALL,H4,100,6,3,115.27300611859437
8YP_H4_N100_P0_ALL_seed006,P0_ALL,H4,100,6,4,255.98279514457795
8YP_H4_N100_P0_ALL_seed006,P0_ALL,H4,100,6,5,787.9241450963916
8YP_H4_N100_P0_ALL_seed006,P0_ALL,H4,100,6,6,1434.0049411763453
8YP_H4_N100_P0_ALL_seed006,P0_ALL,H4,100,6,7,565.1397216090736
8YP_H4_N100_P0_ALL_seed006,P0_ALL,H4,100,6,8,1078.6713810522187
8YP_H4_N100_P0_ALL_seed006,P0_ALL,H4,100,6,9,413.43914590757413
8YP_H4_N100_P0_ALL_seed006,P0_ALL,H4,100,6,10,24.929682542197952
8YP_H4_N100_P0_ALL_seed006,P0_ALL,H4,100,6,11,1555.1030641401703
8YP_H4_N100_P0_ALL_seed006,P0_ALL,H4,100,6,12,968.3986026024122
8YP_H4_N100_P0_ALL_seed006,P0_ALL,H4,100,6,13,22.21389019977505
8YP_H4_N100_P0_ALL_seed006,P0_ALL,H4,100,6,14,7.998211891021128
8YP_H4_N100_P1_EQUAL_seed006,P1_EQUAL,H4,100,6,1,638.7774516016513
8YP_H4_N100_P1_EQUAL_seed006,P1_EQUAL,H4,100,6,2,1694.323597137031
8YP_H4_N100_P1_EQUAL_seed006,P1_EQUAL,H4,100,6,3,149.20388760976266
8YP_H4_N100_P1_EQUAL_seed006,P1_EQUAL,H4,100,6,4,255.98279514457818
8YP_H4_N100_P1_EQUAL_seed006,P1_EQUAL,H4,100,6,5,1141.3098354342246
8YP_H4_N100_P1_EQUAL_seed006,P1_EQUAL,H4,100,6,6,2062.384741533323
8YP_H4_N100_P1_EQUAL_seed006,P1_EQUAL,H4,100,6,7,1684.255361800927
8YP_H4_N100_P1_EQUAL_seed006,P1_EQUAL,H4,100,6,8,865.1671611825632
8YP_H4_N100_P2_HASHPROP_seed006,P2_HASHPROP,H4,100,6,1,152.9691567236435
8YP_H4_N100_P2_HASHPROP_seed006,P2_HASHPROP,H4,100,6,2,1503.1645220478856
8YP_H4_N100_P2_HASHPROP_seed006,P2_HASHPROP,H4,100,6,3,115.27300611859437
8YP_H4_N100_P2_HASHPROP_seed006,P2_HASHPROP,H4,100,6,4,255.98279514457795
8YP_H4_N100_P2_HASHPROP_seed006,P2_HASHPROP,H4,100,6,5,787.9241450963916
8YP_H4_N100_P2_HASHPROP_seed006,P2_HASHPROP,H4,100,6,6,1434.0049411763453
8YP_H4_N100_P2_HASHPROP_seed006,P2_HASHPROP,H4,100,6,7,565.1397216090736
8YP_H4_N100_P2_HASHPROP_seed006,P2_HASHPROP,H4,100,6,8,1078.6713810522187
8YP_H4_N100_P2_HASHPROP_seed006,P2_HASHPROP,H4,100,6,9,413.43914590757413
8YP_H4_N100_P2_HASHPROP_seed006,P2_HASHPROP,H4,100,6,10,24.929682542197952
8YP_H4_N100_P2_HASHPROP_seed006,P2_HASHPROP,H4,100,6,11,1555.1030641401703
8YP_H4_N100_P2_HASHPROP_seed006,P2_HASHPROP,H4,100,6,12,968.3986026024122
8YP_H4_N100_P2_HASHPROP_seed006,P2_HASHPROP,H4,100,6,13,22.21389019977505
8YP_H4_N100_P2_HASHPROP_seed006,P2_HASHPROP,H4,100,6,14,7.998211891021128
8YP_H4_N100_P3_ENERGY_seed006,P3_ENERGY,H4,100,6,1,152.9691567236435
8YP_H4_N100_P3_ENERGY_seed006,P3_ENERGY,H4,100,6,2,1502.9292692516894
8YP_H4_N100_P3_ENERGY_seed006,P3_ENERGY,H4,100,6,3,149.20388760976243
8YP_H4_N100_P3_ENERGY_seed006,P3_ENERGY,H4,100,6,4,1528.7433958699523
8YP_H4_N100_P3_ENERGY_seed006,P3_ENERGY,H4,100,6,5,2370.148673001275
8YP_H4_N100_P3_ENERGY_seed006,P3_ENERGY,H4,100,6,6,1077.6521423768854
8YP_H4_N100_P3_ENERGY_seed006,P3_ENERGY,H4,100,6,7,412.8875709162512
8YP_H4_N100_P3_ENERGY_seed006,P3_ENERGY,H4,100,6,8,2194.999812511125
8YP_H4_N100_P4_RESERVE_seed006,P4_RESERVE,H4,100,6,1,152.9691567236435
8YP_H4_N100_P4_RESERVE_seed006,P4_RESERVE,H4,100,6,2,1229.38873368108
8YP_H4_N100_P4_RESERVE_seed006,P4_RESERVE,H4,100,6,3,1809.946588885457
8YP_H4_N100_P4_RESERVE_seed006,P4_RESERVE,H4,100,6,4,148.2896677437011
8YP_H4_N100_P4_RESERVE_seed006,P4_RESERVE,H4,100,6,5,1435.9767033102403
8YP_H4_N100_P4_RESERVE_seed006,P4_RESERVE,H4,100,6,6,725.1883023576092
8YP_H4_N100_P4_RESERVE_seed006,P4_RESERVE,H4,100,6,7,325.7034183746673
8YP_H4_N100_P4_RESERVE_seed006,P4_RESERVE,H4,100,6,8,1696.2827388071046
8YP_H4_N100_P4_RESERVE_seed006,P4_RESERVE,H4,100,6,9,2074.903375580556
8YP_H4_N300_POW_seed001,POW,H4,300,1,1,229.9029250617289
8YP_H4_N300_POW_seed001,POW,H4,300,1,2,274.07979039408133
8YP_H4_N300_POW_seed001,POW,H4,300,1,3,645.237205140767
8YP_H4_N300_POW_seed001,POW,H4,300,1,4,48.58980350499655
8YP_H4_N300_POW_seed001,POW,H4,300,1,5,80.09358465184164
8YP_H4_N300_POW_seed001,POW,H4,300,1,6,11.690193266671713
8YP_H4_N300_POW_seed001,POW,H4,300,1,7,358.85175678789415
8YP_H4_N300_POW_seed001,POW,H4,300,1,8,219.3664957273852
8YP_H4_N300_POW_seed001,POW,H4,300,1,9,254.63481201031595
8YP_H4_N300_POW_seed001,POW,H4,300,1,10,1464.940329383292
8YP_H4_N300_POW_seed001,POW,H4,300,1,11,532.9965212725024
8YP_H4_N300_POW_seed001,POW,H4,300,1,12,848.9509391017691
8YP_H4_N300_POW_seed001,POW,H4,300,1,13,99.17025197908424
8YP_H4_N300_POW_seed001,POW,H4,300,1,14,569.0265338681083
8YP_H4_N300_POW_seed001,POW,H4,300,1,15,343.1757021190042
8YP_H4_N300_POW_seed001,POW,H4,300,1,16,453.99239479955577
8YP_H4_N300_POW_seed001,POW,H4,300,1,17,732.0520755548787
8YP_H4_N300_POW_seed001,POW,H4,300,1,18,133.68015141498836
8YP_H4_N300_POW_seed001,POW,H4,300,1,19,111.6621081864896
8YP_H4_N300_POW_seed001,POW,H4,300,1,20,20.123496129221166
8YP_H4_N300_POW_seed001,POW,H4,300,1,21,96.69462032840966
8YP_H4_N300_POW_seed001,POW,H4,300,1,22,593.1522368665019
8YP_H4_N300_POW_seed001,POW,H4,300,1,23,363.47902286560293
8YP_H4_N300_POW_seed001,POW,H4,300,1,24,396.5993465902229
8YP_H4_N300_POW_seed001,POW,H4,300,1,25,388.0931295686187
8YP_H4_N300_POW_seed001,POW,H4,300,1,26,641.9052131402404
8YP_H4_N300_POW_CT_seed001,POW_CT,H4,300,1,1,64.367673364424
8YP_H4_N300_POW_CT_seed001,POW_CT,H4,300,1,2,900.1087145318197
8YP_H4_N300_POW_CT_seed001,POW_CT,H4,300,1,3,130.65093940156066
8YP_H4_N300_POW_CT_seed001,POW_CT,H4,300,1,4,582.2105421269587
8YP_H4_N300_POW_CT_seed001,POW_CT,H4,300,1,5,389.2839545358702
8YP_H4_N300_POW_CT_seed001,POW_CT,H4,300,1,6,2546.52615336651
8YP_H4_N300_POW_CT_seed001,POW_CT,H4,300,1,7,381.3540033265199
8YP_H4_N300_POW_CT_seed001,POW_CT,H4,300,1,8,4527.199209217798
8YP_H4_N300_P0_ALL_seed001,P0_ALL,H4,300,1,1,229.9029250617289
8YP_H4_N300_P0_ALL_seed001,P0_ALL,H4,300,1,2,274.07979039408133
8YP_H4_N300_P0_ALL_seed001,P0_ALL,H4,300,1,3,648.2603281128954
8YP_H4_N300_P0_ALL_seed001,P0_ALL,H4,300,1,4,48.58980350499655
8YP_H4_N300_P0_ALL_seed001,P0_ALL,H4,300,1,5,80.09358465184164
8YP_H4_N300_P0_ALL_seed001,P0_ALL,H4,300,1,6,11.690193266671713
8YP_H4_N300_P0_ALL_seed001,P0_ALL,H4,300,1,7,358.85175678789415
8YP_H4_N300_P0_ALL_seed001,P0_ALL,H4,300,1,8,219.3664957273852
8YP_H4_N300_P0_ALL_seed001,P0_ALL,H4,300,1,9,254.63481201031595
8YP_H4_N300_P0_ALL_seed001,P0_ALL,H4,300,1,10,1470.3836018906622
8YP_H4_N300_P0_ALL_seed001,P0_ALL,H4,300,1,11,532.9965212725024
8YP_H4_N300_P0_ALL_seed001,P0_ALL,H4,300,1,12,851.9162570236385
8YP_H4_N300_P0_ALL_seed001,P0_ALL,H4,300,1,13,99.17025197908424
8YP_H4_N300_P0_ALL_seed001,P0_ALL,H4,300,1,14,569.0265338681083
8YP_H4_N300_P0_ALL_seed001,P0_ALL,H4,300,1,15,343.1757021190042
8YP_H4_N300_P0_ALL_seed001,P0_ALL,H4,300,1,16,453.99239479955577
8YP_H4_N300_P0_ALL_seed001,P0_ALL,H4,300,1,17,734.5993891750331
8YP_H4_N300_P0_ALL_seed001,P0_ALL,H4,300,1,18,133.68015141498836
8YP_H4_N300_P0_ALL_seed001,P0_ALL,H4,300,1,19,111.6621081864896
8YP_H4_N300_P0_ALL_seed001,P0_ALL,H4,300,1,20,20.123496129221166
8YP_H4_N300_P0_ALL_seed001,P0_ALL,H4,300,1,21,96.69462032840966
8YP_H4_N300_P0_ALL_seed001,P0_ALL,H4,300,1,22,593.1522368665019
8YP_H4_N300_P0_ALL_seed001,P0_ALL,H4,300,1,23,363.479022865602
8YP_H4_N300_P0_ALL_seed001,P0_ALL,H4,300,1,24,396.5993465902229
8YP_H4_N300_P0_ALL_seed001,P0_ALL,H4,300,1,25,388.0931295686187
8YP_H4_N300_P0_ALL_seed001,P0_ALL,H4,300,1,26,644.1479407362312
8YP_H4_N300_P1_EQUAL_seed001,P1_EQUAL,H4,300,1,1,229.9029250617289
8YP_H4_N300_P1_EQUAL_seed001,P1_EQUAL,H4,300,1,2,547.9180261681121
8YP_H4_N300_P1_EQUAL_seed001,P1_EQUAL,H4,300,1,3,598.695891159953
8YP_H4_N300_P1_EQUAL_seed001,P1_EQUAL,H4,300,1,4,29.54775489699432
8YP_H4_N300_P1_EQUAL_seed001,P1_EQUAL,H4,300,1,5,97.80247614997552
8YP_H4_N300_P1_EQUAL_seed001,P1_EQUAL,H4,300,1,6,159.308560158182
8YP_H4_N300_P1_EQUAL_seed001,P1_EQUAL,H4,300,1,7,23.667655229857928
8YP_H4_N300_P1_EQUAL_seed001,P1_EQUAL,H4,300,1,8,718.5190875899077
8YP_H4_N300_P1_EQUAL_seed001,P1_EQUAL,H4,300,1,9,1070.3301049388615
8YP_H4_N300_P1_EQUAL_seed001,P1_EQUAL,H4,300,1,10,2162.2613898051527
8YP_H4_N300_P1_EQUAL_seed001,P1_EQUAL,H4,300,1,11,705.1459567119218
8YP_H4_N300_P1_EQUAL_seed001,P1_EQUAL,H4,300,1,12,1314.2945319641576
8YP_H4_N300_P1_EQUAL_seed001,P1_EQUAL,H4,300,1,13,99.17025197908424
8YP_H4_N300_P1_EQUAL_seed001,P1_EQUAL,H4,300,1,14,302.3174455199987
8YP_H4_N300_P1_EQUAL_seed001,P1_EQUAL,H4,300,1,15,343.1757021190051
8YP_H4_N300_P1_EQUAL_seed001,P1_EQUAL,H4,300,1,16,686.0278535084017
8YP_H4_N300_P2_HASHPROP_seed001,P2_HASHPROP,H4,300,1,1,229.9029250617289
8YP_H4_N300_P2_HASHPROP_seed001,P2_HASHPROP,H4,300,1,2,274.07979039408133
8YP_H4_N300_P2_HASHPROP_seed001,P2_HASHPROP,H4,300,1,3,648.2603281128954
8YP_H4_N300_P2_HASHPROP_seed001,P2_HASHPROP,H4,300,1,4,48.58980350499655
8YP_H4_N300_P2_HASHPROP_seed001,P2_HASHPROP,H4,300,1,5,80.09358465184164
8YP_H4_N300_P2_HASHPROP_seed001,P2_HASHPROP,H4,300,1,6,11.690193266671713
8YP_H4_N300_P2_HASHPROP_seed001,P2_HASHPROP,H4,300,1,7,358.85175678789415
8YP_H4_N300_P2_HASHPROP_seed001,P2_HASHPROP,H4,300,1,8,219.3664957273852
8YP_H4_N300_P2_HASHPROP_seed001,P2_HASHPROP,H4,300,1,9,254.63481201031595
8YP_H4_N300_P2_HASHPROP_seed001,P2_HASHPROP,H4,300,1,10,1470.3836018906622
8YP_H4_N300_P2_HASHPROP_seed001,P2_HASHPROP,H4,300,1,11,532.9965212725024
8YP_H4_N300_P2_HASHPROP_seed001,P2_HASHPROP,H4,300,1,12,851.9162570236385
8YP_H4_N300_P2_HASHPROP_seed001,P2_HASHPROP,H4,300,1,13,99.17025197908424
8YP_H4_N300_P2_HASHPROP_seed001,P2_HASHPROP,H4,300,1,14,569.0265338681083
8YP_H4_N300_P2_HASHPROP_seed001,P2_HASHPROP,H4,300,1,15,343.1757021190042
8YP_H4_N300_P2_HASHPROP_seed001,P2_HASHPROP,H4,300,1,16,453.99239479955577
8YP_H4_N300_P2_HASHPROP_seed001,P2_HASHPROP,H4,300,1,17,734.5993891750331
8YP_H4_N300_P2_HASHPROP_seed001,P2_HASHPROP,H4,300,1,18,133.68015141498836
8YP_H4_N300_P2_HASHPROP_seed001,P2_HASHPROP,H4,300,1,19,111.6621081864896
8YP_H4_N300_P2_HASHPROP_seed001,P2_HASHPROP,H4,300,1,20,20.123496129221166
8YP_H4_N300_P2_HASHPROP_seed001,P2_HASHPROP,H4,300,1,21,96.69462032840966
8YP_H4_N300_P2_HASHPROP_seed001,P2_HASHPROP,H4,300,1,22,593.1522368665019
8YP_H4_N300_P2_HASHPROP_seed001,P2_HASHPROP,H4,300,1,23,363.479022865602
8YP_H4_N300_P2_HASHPROP_seed001,P2_HASHPROP,H4,300,1,24,396.5993465902229
8YP_H4_N300_P2_HASHPROP_seed001,P2_HASHPROP,H4,300,1,25,388.0931295686187
8YP_H4_N300_P2_HASHPROP_seed001,P2_HASHPROP,H4,300,1,26,644.1479407362312
8YP_H4_N300_P3_ENERGY_seed001,P3_ENERGY,H4,300,1,1,229.9029250617289
8YP_H4_N300_P3_ENERGY_seed001,P3_ENERGY,H4,300,1,2,1249.9014228477747
8YP_H4_N300_P3_ENERGY_seed001,P3_ENERGY,H4,300,1,3,544.6286615104996
8YP_H4_N300_P3_ENERGY_seed001,P3_ENERGY,H4,300,1,4,159.56183903944975
8YP_H4_N300_P3_ENERGY_seed001,P3_ENERGY,H4,300,1,5,128.29123269367483
8YP_H4_N300_P3_ENERGY_seed001,P3_ENERGY,H4,300,1,6,586.3354915543341
8YP_H4_N300_P3_ENERGY_seed001,P3_ENERGY,H4,300,1,7,219.793686559663
8YP_H4_N300_P3_ENERGY_seed001,P3_ENERGY,H4,300,1,8,253.4687457254795
8YP_H4_N300_P3_ENERGY_seed001,P3_ENERGY,H4,300,1,9,3712.049491420116
8YP_H4_N300_P3_ENERGY_seed001,P3_ENERGY,H4,300,1,10,945.0807057490747
8YP_H4_N300_P3_ENERGY_seed001,P3_ENERGY,H4,300,1,11,1569.0872389500737
8YP_H4_N300_P3_ENERGY_seed001,P3_ENERGY,H4,300,1,12,133.86822799550828
8YP_H4_N300_P3_ENERGY_seed001,P3_ENERGY,H4,300,1,13,111.61291721635826
8YP_H4_N300_P3_ENERGY_seed001,P3_ENERGY,H4,300,1,14,20.594176037782745
8YP_H4_N300_P3_ENERGY_seed001,P3_ENERGY,H4,300,1,15,96.1362836094595
8YP_H4_N300_P4_RESERVE_seed001,P4_RESERVE,H4,300,1,1,229.9029250617289
8YP_H4_N300_P4_RESERVE_seed001,P4_RESERVE,H4,300,1,2,1784.8138325713958
8YP_H4_N300_P4_RESERVE_seed001,P4_RESERVE,H4,300,1,3,45.23720514076672
8YP_H4_N300_P4_RESERVE_seed001,P4_RESERVE,H4,300,1,4,544.5075415293486
8YP_H4_N300_P4_RESERVE_seed001,P4_RESERVE,H4,300,1,5,159.69174872012582
8YP_H4_N300_P4_RESERVE_seed001,P4_RESERVE,H4,300,1,6,128.13293430301474
8YP_H4_N300_P4_RESERVE_seed001,P4_RESERVE,H4,300,1,7,586.5453557864639
8YP_H4_N300_P4_RESERVE_seed001,P4_RESERVE,H4,300,1,8,219.36649572738497
8YP_H4_N300_P4_RESERVE_seed001,P4_RESERVE,H4,300,1,9,254.63481201031573
8YP_H4_N300_P4_RESERVE_seed001,P4_RESERVE,H4,300,1,10,358.518413328336
8YP_H4_N300_P4_RESERVE_seed001,P4_RESERVE,H4,300,1,11,2795.5151802566515
8YP_H4_N300_P4_RESERVE_seed001,P4_RESERVE,H4,300,1,12,621.5940916796671
8YP_H4_N300_P4_RESERVE_seed001,P4_RESERVE,H4,300,1,13,99.17025197908424
8YP_H4_N300_P4_RESERVE_seed001,P4_RESERVE,H4,300,1,14,968.7137764536856
8YP_H4_N300_P4_RESERVE_seed001,P4_RESERVE,H4,300,1,15,343.1757021190042
8YP_H4_N300_P4_RESERVE_seed001,P4_RESERVE,H4,300,1,16,574.8532269152201
8YP_H4_N300_POW_seed002,POW,H4,300,2,1,182.0537130667707
8YP_H4_N300_POW_seed002,POW,H4,300,2,2,1078.2161355286698
8YP_H4_N300_POW_seed002,POW,H4,300,2,3,1677.6815862051708
8YP_H4_N300_POW_seed002,POW,H4,300,2,4,1258.1018676897638
8YP_H4_N300_POW_seed002,POW,H4,300,2,5,128.45277033327238
8YP_H4_N300_POW_seed002,POW,H4,300,2,6,528.6194913938989
8YP_H4_N300_POW_seed002,POW,H4,300,2,7,540.8458177468901
8YP_H4_N300_POW_seed002,POW,H4,300,2,8,725.3299879570595
8YP_H4_N300_POW_seed002,POW,H4,300,2,9,298.1058014076334
8YP_H4_N300_POW_seed002,POW,H4,300,2,10,456.47269801093717
8YP_H4_N300_POW_seed002,POW,H4,300,2,11,62.05033295368048
8YP_H4_N300_POW_seed002,POW,H4,300,2,12,801.2664921454307
8YP_H4_N300_POW_seed002,POW,H4,300,2,13,5.41822866489656
8YP_H4_N300_POW_seed002,POW,H4,300,2,14,145.84861507788173
8YP_H4_N300_POW_seed002,POW,H4,300,2,15,570.9137354813565
8YP_H4_N300_POW_seed002,POW,H4,300,2,16,544.8623215919306
8YP_H4_N300_POW_seed002,POW,H4,300,2,17,115.09999528871595
8YP_H4_N300_POW_seed002,POW,H4,300,2,18,1.8330890829856799
8YP_H4_N300_POW_seed002,POW,H4,300,2,19,170.3765036771547
8YP_H4_N300_POW_seed002,POW,H4,300,2,20,429.40763993362816
8YP_H4_N300_POW_CT_seed002,POW_CT,H4,300,2,1,1331.4799615851593
8YP_H4_N300_POW_CT_seed002,POW_CT,H4,300,2,2,1671.638494159275
8YP_H4_N300_POW_CT_seed002,POW_CT,H4,300,2,3,1085.3957988241905
8YP_H4_N300_POW_CT_seed002,POW_CT,H4,300,2,4,219.36318854967976
8YP_H4_N300_POW_CT_seed002,POW_CT,H4,300,2,5,2185.9777034524886
8YP_H4_N300_POW_CT_seed002,POW_CT,H4,300,2,6,863.0594728399228
8YP_H4_N300_POW_CT_seed002,POW_CT,H4,300,2,7,55.63720480233587
8YP_H4_N300_POW_CT_seed002,POW_CT,H4,300,2,8,751.3603770525879
8YP_H4_N300_P0_ALL_seed002,P0_ALL,H4,300,2,1,182.0537130667707
8YP_H4_N300_P0_ALL_seed002,P0_ALL,H4,300,2,2,1081.4057488816682
8YP_H4_N300_P0_ALL_seed002,P0_ALL,H4,300,2,3,1681.8676737207204
8YP_H4_N300_P0_ALL_seed002,P0_ALL,H4,300,2,4,1263.0791093406424
8YP_H4_N300_P0_ALL_seed002,P0_ALL,H4,300,2,5,128.45277033327238
8YP_H4_N300_P0_ALL_seed002,P0_ALL,H4,300,2,6,528.6194913938989
8YP_H4_N300_P0_ALL_seed002,P0_ALL,H4,300,2,7,540.8458177468901
8YP_H4_N300_P0_ALL_seed002,P0_ALL,H4,300,2,8,728.8049143592889
8YP_H4_N300_P0_ALL_seed002,P0_ALL,H4,300,2,9,298.1058014076334
8YP_H4_N300_P0_ALL_seed002,P0_ALL,H4,300,2,10,456.47269801093717
8YP_H4_N300_P0_ALL_seed002,P0_ALL,H4,300,2,11,62.05033295368048
8YP_H4_N300_P0_ALL_seed002,P0_ALL,H4,300,2,12,804.4985215539382
8YP_H4_N300_P0_ALL_seed002,P0_ALL,H4,300,2,13,5.41822866489656
8YP_H4_N300_P0_ALL_seed002,P0_ALL,H4,300,2,14,145.84861507788173
8YP_H4_N300_P0_ALL_seed002,P0_ALL,H4,300,2,15,570.9137354813574
8YP_H4_N300_P0_ALL_seed002,P0_ALL,H4,300,2,16,544.8623215919306
8YP_H4_N300_P0_ALL_seed002,P0_ALL,H4,300,2,17,115.09999528871595
8YP_H4_N300_P0_ALL_seed002,P0_ALL,H4,300,2,18,1.8330890829856799
8YP_H4_N300_P0_ALL_seed002,P0_ALL,H4,300,2,19,170.3765036771547
8YP_H4_N300_P0_ALL_seed002,P0_ALL,H4,300,2,20,429.40763993362816
8YP_H4_N300_P1_EQUAL_seed002,P1_EQUAL,H4,300,2,1,182.0537130667707
8YP_H4_N300_P1_EQUAL_seed002,P1_EQUAL,H4,300,2,2,1122.0387960179805
8YP_H4_N300_P1_EQUAL_seed002,P1_EQUAL,H4,300,2,3,1593.9549983498755
8YP_H4_N300_P1_EQUAL_seed002,P1_EQUAL,H4,300,2,4,82.45141100110504
8YP_H4_N300_P1_EQUAL_seed002,P1_EQUAL,H4,300,2,5,2020.3389587565753
8YP_H4_N300_P1_EQUAL_seed002,P1_EQUAL,H4,300,2,6,257.3918421975013
8YP_H4_N300_P1_EQUAL_seed002,P1_EQUAL,H4,300,2,7,528.7123238734366
8YP_H4_N300_P1_EQUAL_seed002,P1_EQUAL,H4,300,2,8,330.1223402802252
8YP_H4_N300_P1_EQUAL_seed002,P1_EQUAL,H4,300,2,9,941.1376367046396
8YP_H4_N300_P1_EQUAL_seed002,P1_EQUAL,H4,300,2,10,298.39978580296975
8YP_H4_N300_P1_EQUAL_seed002,P1_EQUAL,H4,300,2,11,450.79704377282724
8YP_H4_N300_P1_EQUAL_seed002,P1_EQUAL,H4,300,2,12,61.91304030524498
8YP_H4_N300_P1_EQUAL_seed002,P1_EQUAL,H4,300,2,13,398.9989615149543
8YP_H4_N300_P1_EQUAL_seed002,P1_EQUAL,H4,300,2,14,202.71604883607142
8YP_H4_N300_P1_EQUAL_seed002,P1_EQUAL,H4,300,2,15,11.002161594051358
8YP_H4_N300_P1_EQUAL_seed002,P1_EQUAL,H4,300,2,16,145.8332911573034
8YP_H4_N300_P1_EQUAL_seed002,P1_EQUAL,H4,300,2,17,611.5040843051665
8YP_H4_N300_P1_EQUAL_seed002,P1_EQUAL,H4,300,2,18,631.4150442301961
8YP_H4_N300_P1_EQUAL_seed002,P1_EQUAL,H4,300,2,19,114.62249181093284
8YP_H4_N300_P1_EQUAL_seed002,P1_EQUAL,H4,300,2,20,2.9672660579817602
8YP_H4_N300_P2_HASHPROP_seed002,P2_HASHPROP,H4,300,2,1,182.0537130667707
8YP_H4_N300_P2_HASHPROP_seed002,P2_HASHPROP,H4,300,2,2,1081.4057488816682
8YP_H4_N300_P2_HASHPROP_seed002,P2_HASHPROP,H4,300,2,3,1681.8676737207204
8YP_H4_N300_P2_HASHPROP_seed002,P2_HASHPROP,H4,300,2,4,1263.0791093406424
8YP_H4_N300_P2_HASHPROP_seed002,P2_HASHPROP,H4,300,2,5,128.45277033327238
8YP_H4_N300_P2_HASHPROP_seed002,P2_HASHPROP,H4,300,2,6,528.6194913938989
8YP_H4_N300_P2_HASHPROP_seed002,P2_HASHPROP,H4,300,2,7,540.8458177468901
8YP_H4_N300_P2_HASHPROP_seed002,P2_HASHPROP,H4,300,2,8,728.8049143592889
8YP_H4_N300_P2_HASHPROP_seed002,P2_HASHPROP,H4,300,2,9,298.1058014076334
8YP_H4_N300_P2_HASHPROP_seed002,P2_HASHPROP,H4,300,2,10,456.47269801093717
8YP_H4_N300_P2_HASHPROP_seed002,P2_HASHPROP,H4,300,2,11,62.05033295368048
8YP_H4_N300_P2_HASHPROP_seed002,P2_HASHPROP,H4,300,2,12,804.4985215539382
8YP_H4_N300_P2_HASHPROP_seed002,P2_HASHPROP,H4,300,2,13,5.41822866489656
8YP_H4_N300_P2_HASHPROP_seed002,P2_HASHPROP,H4,300,2,14,145.84861507788173
8YP_H4_N300_P2_HASHPROP_seed002,P2_HASHPROP,H4,300,2,15,570.9137354813574
8YP_H4_N300_P2_HASHPROP_seed002,P2_HASHPROP,H4,300,2,16,544.8623215919306
8YP_H4_N300_P2_HASHPROP_seed002,P2_HASHPROP,H4,300,2,17,115.09999528871595
8YP_H4_N300_P2_HASHPROP_seed002,P2_HASHPROP,H4,300,2,18,1.8330890829856799
8YP_H4_N300_P2_HASHPROP_seed002,P2_HASHPROP,H4,300,2,19,170.3765036771547
8YP_H4_N300_P2_HASHPROP_seed002,P2_HASHPROP,H4,300,2,20,429.40763993362816
8YP_H4_N300_P3_ENERGY_seed002,P3_ENERGY,H4,300,2,1,182.0537130667707
8YP_H4_N300_P3_ENERGY_seed002,P3_ENERGY,H4,300,2,2,4271.716063047009
8YP_H4_N300_P3_ENERGY_seed002,P3_ENERGY,H4,300,2,3,1130.7419352739744
8YP_H4_N300_P3_ENERGY_seed002,P3_ENERGY,H4,300,2,4,1331.5023164505774
8YP_H4_N300_P3_ENERGY_seed002,P3_ENERGY,H4,300,2,5,298.7062560691993
8YP_H4_N300_P3_ENERGY_seed002,P3_ENERGY,H4,300,2,6,663.764357193586
8YP_H4_N300_P3_ENERGY_seed002,P3_ENERGY,H4,300,2,7,804.1237701474747
8YP_H4_N300_P3_ENERGY_seed002,P3_ENERGY,H4,300,2,8,748.4801331889958
8YP_H4_N300_P4_RESERVE_seed002,P4_RESERVE,H4,300,2,1,182.0537130667707
8YP_H4_N300_P4_RESERVE_seed002,P4_RESERVE,H4,300,2,2,1103.9962959141985
8YP_H4_N300_P4_RESERVE_seed002,P4_RESERVE,H4,300,2,3,1988.5135526648355
8YP_H4_N300_P4_RESERVE_seed002,P4_RESERVE,H4,300,2,4,2589.7210588831676
8YP_H4_N300_P4_RESERVE_seed002,P4_RESERVE,H4,300,2,5,1567.3789446822375
8YP_H4_N300_P4_RESERVE_seed002,P4_RESERVE,H4,300,2,6,1072.1308926007705
8YP_H4_N300_P4_RESERVE_seed002,P4_RESERVE,H4,300,2,7,528.7123238734348
8YP_H4_N300_POW_seed003,POW,H4,300,3,1,1305.5269839017421
8YP_H4_N300_POW_seed003,POW,H4,300,3,2,40.28937453320077
8YP_H4_N300_POW_seed003,POW,H4,300,3,3,542.7651832033812
8YP_H4_N300_POW_seed003,POW,H4,300,3,4,169.627703544327
8YP_H4_N300_POW_seed003,POW,H4,300,3,5,51.24342931344154
8YP_H4_N300_POW_seed003,POW,H4,300,3,6,2626.5110499572097
8YP_H4_N300_POW_seed003,POW,H4,300,3,7,849.6333097130127
8YP_H4_N300_POW_seed003,POW,H4,300,3,8,1012.9153464745104
8YP_H4_N300_POW_seed003,POW,H4,300,3,9,518.5027052554879
8YP_H4_N300_POW_seed003,POW,H4,300,3,10,219.30399377655522
8YP_H4_N300_POW_seed003,POW,H4,300,3,11,1427.1857025405334
8YP_H4_N300_POW_CT_seed003,POW_CT,H4,300,3,1,365.60747970282966
8YP_H4_N300_POW_CT_seed003,POW_CT,H4,300,3,2,2105.6119046142107
8YP_H4_N300_POW_CT_seed003,POW_CT,H4,300,3,3,589.4525277168673
8YP_H4_N300_POW_CT_seed003,POW_CT,H4,300,3,4,51.199819819833465
8YP_H4_N300_POW_CT_seed003,POW_CT,H4,300,3,5,1279.5092242596947
8YP_H4_N300_POW_CT_seed003,POW_CT,H4,300,3,6,1327.1788031095184
8YP_H4_N300_POW_CT_seed003,POW_CT,H4,300,3,7,193.6595277200122
8YP_H4_N300_POW_CT_seed003,POW_CT,H4,300,3,8,76.78397162803049
8YP_H4_N300_POW_CT_seed003,POW_CT,H4,300,3,9,182.85450793388827
8YP_H4_N300_POW_CT_seed003,POW_CT,H4,300,3,10,982.5505308203965
8YP_H4_N300_POW_CT_seed003,POW_CT,H4,300,3,11,808.3397148004424
8YP_H4_N300_POW_CT_seed003,POW_CT,H4,300,3,12,278.878270801325
8YP_H4_N300_POW_CT_seed003,POW_CT,H4,300,3,13,1349.3159323920536
8YP_H4_N300_POW_CT_seed003,POW_CT,H4,300,3,14,36.36360051491283
8YP_H4_N300_POW_CT_seed003,POW_CT,H4,300,3,15,6.597975600969221
8YP_H4_N300_P0_ALL_seed003,P0_ALL,H4,300,3,1,1309.5520551408135
8YP_H4_N300_P0_ALL_seed003,P0_ALL,H4,300,3,2,40.28937453320077
8YP_H4_N300_P0_ALL_seed003,P0_ALL,H4,300,3,3,542.7651832033812
8YP_H4_N300_P0_ALL_seed003,P0_ALL,H4,300,3,4,169.62770354432723
8YP_H4_N300_P0_ALL_seed003,P0_ALL,H4,300,3,5,51.24342931344154
8YP_H4_N300_P0_ALL_seed003,P0_ALL,H4,300,3,6,2637.240040494937
8YP_H4_N300_P0_ALL_seed003,P0_ALL,H4,300,3,7,851.6190898559125
8YP_H4_N300_P0_ALL_seed003,P0_ALL,H4,300,3,8,1015.5770198226501
8YP_H4_N300_P0_ALL_seed003,P0_ALL,H4,300,3,9,518.5027052554879
8YP_H4_N300_P0_ALL_seed003,P0_ALL,H4,300,3,10,219.30399377655522
8YP_H4_N300_P0_ALL_seed003,P0_ALL,H4,300,3,11,1431.8884103608252
8YP_H4_N300_P1_EQUAL_seed003,P1_EQUAL,H4,300,3,1,1736.9191956909442
8YP_H4_N300_P1_EQUAL_seed003,P1_EQUAL,H4,300,3,2,40.28937453320077
8YP_H4_N300_P1_EQUAL_seed003,P1_EQUAL,H4,300,3,3,189.03848886181777
8YP_H4_N300_P1_EQUAL_seed003,P1_EQUAL,H4,300,3,4,169.627703544327
8YP_H4_N300_P1_EQUAL_seed003,P1_EQUAL,H4,300,3,5,102.16786539581426
8YP_H4_N300_P1_EQUAL_seed003,P1_EQUAL,H4,300,3,6,506.1625502363995
8YP_H4_N300_P1_EQUAL_seed003,P1_EQUAL,H4,300,3,7,2005.7157722727084
8YP_H4_N300_P1_EQUAL_seed003,P1_EQUAL,H4,300,3,8,226.24041180658605
8YP_H4_N300_P1_EQUAL_seed003,P1_EQUAL,H4,300,3,9,1065.6684715849415
8YP_H4_N300_P1_EQUAL_seed003,P1_EQUAL,H4,300,3,10,1175.6457600201911
8YP_H4_N300_P1_EQUAL_seed003,P1_EQUAL,H4,300,3,11,518.1373835910426
8YP_H4_N300_P1_EQUAL_seed003,P1_EQUAL,H4,300,3,12,219.84269824404146
8YP_H4_N300_P1_EQUAL_seed003,P1_EQUAL,H4,300,3,13,1858.91871455019
8YP_H4_N300_P2_HASHPROP_seed003,P2_HASHPROP,H4,300,3,1,1309.5520551408135
8YP_H4_N300_P2_HASHPROP_seed003,P2_HASHPROP,H4,300,3,2,40.28937453320077
8YP_H4_N300_P2_HASHPROP_seed003,P2_HASHPROP,H4,300,3,3,542.7651832033812
8YP_H4_N300_P2_HASHPROP_seed003,P2_HASHPROP,H4,300,3,4,169.62770354432723
8YP_H4_N300_P2_HASHPROP_seed003,P2_HASHPROP,H4,300,3,5,51.24342931344154
8YP_H4_N300_P2_HASHPROP_seed003,P2_HASHPROP,H4,300,3,6,2637.240040494937
8YP_H4_N300_P2_HASHPROP_seed003,P2_HASHPROP,H4,300,3,7,851.6190898559125
8YP_H4_N300_P2_HASHPROP_seed003,P2_HASHPROP,H4,300,3,8,1015.5770198226501
8YP_H4_N300_P2_HASHPROP_seed003,P2_HASHPROP,H4,300,3,9,518.5027052554879
8YP_H4_N300_P2_HASHPROP_seed003,P2_HASHPROP,H4,300,3,10,219.30399377655522
8YP_H4_N300_P2_HASHPROP_seed003,P2_HASHPROP,H4,300,3,11,1431.8884103608252
8YP_H4_N300_P3_ENERGY_seed003,P3_ENERGY,H4,300,3,1,1309.5520551408135
8YP_H4_N300_P3_ENERGY_seed003,P3_ENERGY,H4,300,3,2,40.28937453320077
8YP_H4_N300_P3_ENERGY_seed003,P3_ENERGY,H4,300,3,3,772.0563174849576
8YP_H4_N300_P3_ENERGY_seed003,P3_ENERGY,H4,300,3,4,3236.3449772623985
8YP_H4_N300_P3_ENERGY_seed003,P3_ENERGY,H4,300,3,5,851.3106948597379
8YP_H4_N300_P3_ENERGY_seed003,P3_ENERGY,H4,300,3,6,1015.7409609649203
8YP_H4_N300_P3_ENERGY_seed003,P3_ENERGY,H4,300,3,7,518.2230368926284
8YP_H4_N300_P3_ENERGY_seed003,P3_ENERGY,H4,300,3,8,219.74080028368644
8YP_H4_N300_P3_ENERGY_seed003,P3_ENERGY,H4,300,3,9,1431.476717113247
8YP_H4_N300_P4_RESERVE_seed003,P4_RESERVE,H4,300,3,1,2219.5520551408085
8YP_H4_N300_P4_RESERVE_seed003,P4_RESERVE,H4,300,3,2,40.28937453320077
8YP_H4_N300_P4_RESERVE_seed003,P4_RESERVE,H4,300,3,3,493.83200283515316
8YP_H4_N300_P4_RESERVE_seed003,P4_RESERVE,H4,300,3,4,169.62770354432723
8YP_H4_N300_P4_RESERVE_seed003,P4_RESERVE,H4,300,3,5,2052.694425390539
8YP_H4_N300_P4_RESERVE_seed003,P4_RESERVE,H4,300,3,6,1561.6619298909982
8YP_H4_N300_P4_RESERVE_seed003,P4_RESERVE,H4,300,3,7,1736.1975461484562
8YP_H4_N300_POW_seed004,POW,H4,300,4,1,743.171960446104
8YP_H4_N300_POW_seed004,POW,H4,300,4,2,101.0433001118405
8YP_H4_N300_POW_seed004,POW,H4,300,4,3,110.04534443670559
8YP_H4_N300_POW_seed004,POW,H4,300,4,4,481.8479295577338
8YP_H4_N300_POW_seed004,POW,H4,300,4,5,344.19327220109517
8YP_H4_N300_POW_seed004,POW,H4,300,4,6,33.62479858744223
8YP_H4_N300_POW_seed004,POW,H4,300,4,7,86.13885256573553
8YP_H4_N300_POW_seed004,POW,H4,300,4,8,1568.9414534539587
8YP_H4_N300_POW_seed004,POW,H4,300,4,9,633.1331996688818
8YP_H4_N300_POW_seed004,POW,H4,300,4,10,303.14524058321877
8YP_H4_N300_POW_seed004,POW,H4,300,4,11,5.457869018347083
8YP_H4_N300_POW_seed004,POW,H4,300,4,12,88.62635705483444
8YP_H4_N300_POW_seed004,POW,H4,300,4,13,342.61953603888014
8YP_H4_N300_POW_seed004,POW,H4,300,4,14,226.8659782471641
8YP_H4_N300_POW_seed004,POW,H4,300,4,15,646.6765272606117
8YP_H4_N300_POW_seed004,POW,H4,300,4,16,483.5540249009282
8YP_H4_N300_POW_seed004,POW,H4,300,4,17,383.53026026053794
8YP_H4_N300_POW_seed004,POW,H4,300,4,18,264.66527250720264
8YP_H4_N300_POW_seed004,POW,H4,300,4,19,322.90804793700863
8YP_H4_N300_POW_seed004,POW,H4,300,4,20,221.8579042446354
8YP_H4_N300_POW_seed004,POW,H4,300,4,21,429.98706904482333
8YP_H4_N300_POW_seed004,POW,H4,300,4,22,289.2245580978788
8YP_H4_N300_POW_seed004,POW,H4,300,4,23,350.9840510959384
8YP_H4_N300_POW_seed004,POW,H4,300,4,24,1086.2371763678748
8YP_H4_N300_POW_CT_seed004,POW_CT,H4,300,4,1,626.1323209073926
8YP_H4_N300_POW_CT_seed004,POW_CT,H4,300,4,2,118.35012361072063
8YP_H4_N300_POW_CT_seed004,POW_CT,H4,300,4,3,4190.741728259362
8YP_H4_N300_POW_CT_seed004,POW_CT,H4,300,4,4,775.3120138241811
8YP_H4_N300_POW_CT_seed004,POW_CT,H4,300,4,5,1408.8650845756893
8YP_H4_N300_POW_CT_seed004,POW_CT,H4,300,4,6,429.9828754721284
8YP_H4_N300_POW_CT_seed004,POW_CT,H4,300,4,7,110.10358405329862
8YP_H4_N300_POW_CT_seed004,POW_CT,H4,300,4,8,42.9739333540374
8YP_H4_N300_P0_ALL_seed004,P0_ALL,H4,300,4,1,743.2410082124162
8YP_H4_N300_P0_ALL_seed004,P0_ALL,H4,300,4,2,101.0433001118405
8YP_H4_N300_P0_ALL_seed004,P0_ALL,H4,300,4,3,110.04534443670559
8YP_H4_N300_P0_ALL_seed004,P0_ALL,H4,300,4,4,481.847929557734
8YP_H4_N300_P0_ALL_seed004,P0_ALL,H4,300,4,5,344.19327220109517
8YP_H4_N300_P0_ALL_seed004,P0_ALL,H4,300,4,6,33.62479858744223
8YP_H4_N300_P0_ALL_seed004,P0_ALL,H4,300,4,7,86.13885256573553
8YP_H4_N300_P0_ALL_seed004,P0_ALL,H4,300,4,8,1573.3860408976711
8YP_H4_N300_P0_ALL_seed004,P0_ALL,H4,300,4,9,635.8419281499937
8YP_H4_N300_P0_ALL_seed004,P0_ALL,H4,300,4,10,303.14524058321877
8YP_H4_N300_P0_ALL_seed004,P0_ALL,H4,300,4,11,5.457869018347083
8YP_H4_N300_P0_ALL_seed004,P0_ALL,H4,300,4,12,88.62635705483444
8YP_H4_N300_P0_ALL_seed004,P0_ALL,H4,300,4,13,342.61953603888014
8YP_H4_N300_P0_ALL_seed004,P0_ALL,H4,300,4,14,226.8659782471641
8YP_H4_N300_P0_ALL_seed004,P0_ALL,H4,300,4,15,648.8379186911197
8YP_H4_N300_P0_ALL_seed004,P0_ALL,H4,300,4,16,483.5540249009282
8YP_H4_N300_P0_ALL_seed004,P0_ALL,H4,300,4,17,383.53026026053794
8YP_H4_N300_P0_ALL_seed004,P0_ALL,H4,300,4,18,264.66527250720264
8YP_H4_N300_P0_ALL_seed004,P0_ALL,H4,300,4,19,322.90804793700863
8YP_H4_N300_P0_ALL_seed004,P0_ALL,H4,300,4,20,221.8579042446354
8YP_H4_N300_P0_ALL_seed004,P0_ALL,H4,300,4,21,429.98706904482333
8YP_H4_N300_P0_ALL_seed004,P0_ALL,H4,300,4,22,289.2245580978788
8YP_H4_N300_P0_ALL_seed004,P0_ALL,H4,300,4,23,350.9840510959393
8YP_H4_N300_P0_ALL_seed004,P0_ALL,H4,300,4,24,1088.7769844103987
8YP_H4_N300_P1_EQUAL_seed004,P1_EQUAL,H4,300,4,1,354.8746389357215
8YP_H4_N300_P1_EQUAL_seed004,P1_EQUAL,H4,300,4,2,287.06380956906133
8YP_H4_N300_P1_EQUAL_seed004,P1_EQUAL,H4,300,4,3,101.32419798949923
8YP_H4_N300_P1_EQUAL_seed004,P1_EQUAL,H4,300,4,4,109.3232963356619
8YP_H4_N300_P1_EQUAL_seed004,P1_EQUAL,H4,300,4,5,315.46607439904585
8YP_H4_N300_P1_EQUAL_seed004,P1_EQUAL,H4,300,4,6,298.10692252514673
8YP_H4_N300_P1_EQUAL_seed004,P1_EQUAL,H4,300,4,7,65.75666902534863
8YP_H4_N300_P1_EQUAL_seed004,P1_EQUAL,H4,300,4,8,172.02846828500765
8YP_H4_N300_P1_EQUAL_seed004,P1_EQUAL,H4,300,4,9,3297.2771585721953
8YP_H4_N300_P1_EQUAL_seed004,P1_EQUAL,H4,300,4,10,303.14524058321877
8YP_H4_N300_P1_EQUAL_seed004,P1_EQUAL,H4,300,4,11,5.457869018347083
8YP_H4_N300_P1_EQUAL_seed004,P1_EQUAL,H4,300,4,12,45.96803999490385
8YP_H4_N300_P1_EQUAL_seed004,P1_EQUAL,H4,300,4,13,685.2246583802171
8YP_H4_N300_P1_EQUAL_seed004,P1_EQUAL,H4,300,4,14,226.8659782471641
8YP_H4_N300_P1_EQUAL_seed004,P1_EQUAL,H4,300,4,15,908.2203322660525
8YP_H4_N300_P1_EQUAL_seed004,P1_EQUAL,H4,300,4,16,790.0771137681959
8YP_H4_N300_P1_EQUAL_seed004,P1_EQUAL,H4,300,4,17,383.53026026053794
8YP_H4_N300_P1_EQUAL_seed004,P1_EQUAL,H4,300,4,18,264.66527250720173
8YP_H4_N300_P1_EQUAL_seed004,P1_EQUAL,H4,300,4,19,695.3671843043412
8YP_H4_N300_P1_EQUAL_seed004,P1_EQUAL,H4,300,4,20,157.04608168314917
8YP_H4_N300_P2_HASHPROP_seed004,P2_HASHPROP,H4,300,4,1,743.2410082124162
8YP_H4_N300_P2_HASHPROP_seed004,P2_HASHPROP,H4,300,4,2,101.0433001118405
8YP_H4_N300_P2_HASHPROP_seed004,P2_HASHPROP,H4,300,4,3,110.04534443670559
8YP_H4_N300_P2_HASHPROP_seed004,P2_HASHPROP,H4,300,4,4,481.847929557734
8YP_H4_N300_P2_HASHPROP_seed004,P2_HASHPROP,H4,300,4,5,344.19327220109517
8YP_H4_N300_P2_HASHPROP_seed004,P2_HASHPROP,H4,300,4,6,33.62479858744223
8YP_H4_N300_P2_HASHPROP_seed004,P2_HASHPROP,H4,300,4,7,86.13885256573553
8YP_H4_N300_P2_HASHPROP_seed004,P2_HASHPROP,H4,300,4,8,1573.3860408976711
8YP_H4_N300_P2_HASHPROP_seed004,P2_HASHPROP,H4,300,4,9,635.8419281499937
8YP_H4_N300_P2_HASHPROP_seed004,P2_HASHPROP,H4,300,4,10,303.14524058321877
8YP_H4_N300_P2_HASHPROP_seed004,P2_HASHPROP,H4,300,4,11,5.457869018347083
8YP_H4_N300_P2_HASHPROP_seed004,P2_HASHPROP,H4,300,4,12,88.62635705483444
8YP_H4_N300_P2_HASHPROP_seed004,P2_HASHPROP,H4,300,4,13,342.61953603888014
8YP_H4_N300_P2_HASHPROP_seed004,P2_HASHPROP,H4,300,4,14,226.8659782471641
8YP_H4_N300_P2_HASHPROP_seed004,P2_HASHPROP,H4,300,4,15,648.8379186911197
8YP_H4_N300_P2_HASHPROP_seed004,P2_HASHPROP,H4,300,4,16,483.5540249009282
8YP_H4_N300_P2_HASHPROP_seed004,P2_HASHPROP,H4,300,4,17,383.53026026053794
8YP_H4_N300_P2_HASHPROP_seed004,P2_HASHPROP,H4,300,4,18,264.66527250720264
8YP_H4_N300_P2_HASHPROP_seed004,P2_HASHPROP,H4,300,4,19,322.90804793700863
8YP_H4_N300_P2_HASHPROP_seed004,P2_HASHPROP,H4,300,4,20,221.8579042446354
8YP_H4_N300_P2_HASHPROP_seed004,P2_HASHPROP,H4,300,4,21,429.98706904482333
8YP_H4_N300_P2_HASHPROP_seed004,P2_HASHPROP,H4,300,4,22,289.2245580978788
8YP_H4_N300_P2_HASHPROP_seed004,P2_HASHPROP,H4,300,4,23,350.9840510959393
8YP_H4_N300_P2_HASHPROP_seed004,P2_HASHPROP,H4,300,4,24,1088.7769844103987
8YP_H4_N300_P3_ENERGY_seed004,P3_ENERGY,H4,300,4,1,1304.3183678659925
8YP_H4_N300_P3_ENERGY_seed004,P3_ENERGY,H4,300,4,2,109.39766108067101
8YP_H4_N300_P3_ENERGY_seed004,P3_ENERGY,H4,300,4,3,481.29988886187857
8YP_H4_N300_P3_ENERGY_seed004,P3_ENERGY,H4,300,4,4,1533.8681966864485
8YP_H4_N300_P3_ENERGY_seed004,P3_ENERGY,H4,300,4,5,1573.5107485726608
8YP_H4_N300_P3_ENERGY_seed004,P3_ENERGY,H4,300,4,6,635.3815715222772
8YP_H4_N300_P3_ENERGY_seed004,P3_ENERGY,H4,300,4,7,303.9723436450586
8YP_H4_N300_P3_ENERGY_seed004,P3_ENERGY,H4,300,4,8,5.482778443833013
8YP_H4_N300_P3_ENERGY_seed004,P3_ENERGY,H4,300,4,9,274.64640248194974
8YP_H4_N300_P3_ENERGY_seed004,P3_ENERGY,H4,300,4,10,829.1757938851797
8YP_H4_N300_P3_ENERGY_seed004,P3_ENERGY,H4,300,4,11,771.5238532071844
8YP_H4_N300_P3_ENERGY_seed004,P3_ENERGY,H4,300,4,12,984.5344295189216
8YP_H4_N300_P3_ENERGY_seed004,P3_ENERGY,H4,300,4,13,263.84008011093465
8YP_H4_N300_P3_ENERGY_seed004,P3_ENERGY,H4,300,4,14,322.5226716004163
8YP_H4_N300_P3_ENERGY_seed004,P3_ENERGY,H4,300,4,15,221.70473424577176
8YP_H4_N300_P4_RESERVE_seed004,P4_RESERVE,H4,300,4,1,1653.241008212411
8YP_H4_N300_P4_RESERVE_seed004,P4_RESERVE,H4,300,4,2,101.04330011184061
8YP_H4_N300_P4_RESERVE_seed004,P4_RESERVE,H4,300,4,3,110.04534443670559
8YP_H4_N300_P4_RESERVE_seed004,P4_RESERVE,H4,300,4,4,481.847929557734
8YP_H4_N300_P4_RESERVE_seed004,P4_RESERVE,H4,300,4,5,445.8454656714207
8YP_H4_N300_P4_RESERVE_seed004,P4_RESERVE,H4,300,4,6,1839.7680957088578
8YP_H4_N300_P4_RESERVE_seed004,P4_RESERVE,H4,300,4,7,616.8786918537544
8YP_H4_N300_P4_RESERVE_seed004,P4_RESERVE,H4,300,4,8,1016.9300179967822
8YP_H4_N300_P4_RESERVE_seed004,P4_RESERVE,H4,300,4,9,369.5626740710604
8YP_H4_N300_P4_RESERVE_seed004,P4_RESERVE,H4,300,4,10,642.7982608024431
8YP_H4_N300_P4_RESERVE_seed004,P4_RESERVE,H4,300,4,11,33.25796211920442
8YP_H4_N300_P4_RESERVE_seed004,P4_RESERVE,H4,300,4,12,303.34420288601905
8YP_H4_N300_P4_RESERVE_seed004,P4_RESERVE,H4,300,4,13,5.482993712128518
8YP_H4_N300_P4_RESERVE_seed004,P4_RESERVE,H4,300,4,14,273.87186683599793
8YP_H4_N300_P4_RESERVE_seed004,P4_RESERVE,H4,300,4,15,696.0118168632971
8YP_H4_N300_P4_RESERVE_seed004,P4_RESERVE,H4,300,4,16,228.19952350146013
8YP_H4_N300_POW_seed005,POW,H4,300,5,1,405.53514154408276
8YP_H4_N300_POW_seed005,POW,H4,300,5,2,904.3596975126959
8YP_H4_N300_POW_seed005,POW,H4,300,5,3,228.08075400668713
8YP_H4_N300_POW_seed005,POW,H4,300,5,4,1.8096904099204494
8YP_H4_N300_POW_seed005,POW,H4,300,5,5,648.933041534443
8YP_H4_N300_POW_seed005,POW,H4,300,5,6,691.0109899445056
8YP_H4_N300_POW_seed005,POW,H4,300,5,7,347.5104481660146
8YP_H4_N300_POW_seed005,POW,H4,300,5,8,201.130029725432
8YP_H4_N300_POW_seed005,POW,H4,300,5,9,315.86772256994436
8YP_H4_N300_POW_seed005,POW,H4,300,5,10,228.02731002349583
8YP_H4_N300_POW_seed005,POW,H4,300,5,11,1165.9726103147068
8YP_H4_N300_POW_seed005,POW,H4,300,5,12,255.6390176126879
8YP_H4_N300_POW_seed005,POW,H4,300,5,13,30.118618205113307
8YP_H4_N300_POW_seed005,POW,H4,300,5,14,2161.328311997938
8YP_H4_N300_POW_seed005,POW,H4,300,5,15,304.7279977210037
8YP_H4_N300_POW_seed005,POW,H4,300,5,16,432.2702781199914
8YP_H4_N300_POW_seed005,POW,H4,300,5,17,829.8708061644247
8YP_H4_N300_POW_seed005,POW,H4,300,5,18,601.505602792955
8YP_H4_N300_POW_CT_seed005,POW_CT,H4,300,5,1,764.2194549035677
8YP_H4_N300_POW_CT_seed005,POW_CT,H4,300,5,2,633.0849174652875
8YP_H4_N300_POW_CT_seed005,POW_CT,H4,300,5,3,44.063825001000396
8YP_H4_N300_POW_CT_seed005,POW_CT,H4,300,5,4,928.0619179787984
8YP_H4_N300_POW_CT_seed005,POW_CT,H4,300,5,5,5870.298802637046
8YP_H4_N300_POW_CT_seed005,POW_CT,H4,300,5,6,460.78110448954794
8YP_H4_N300_P0_ALL_seed005,P0_ALL,H4,300,5,1,405.53514154408276
8YP_H4_N300_P0_ALL_seed005,P0_ALL,H4,300,5,2,906.8235365106427
8YP_H4_N300_P0_ALL_seed005,P0_ALL,H4,300,5,3,228.08075400668713
8YP_H4_N300_P0_ALL_seed005,P0_ALL,H4,300,5,4,1.8096904099204494
8YP_H4_N300_P0_ALL_seed005,P0_ALL,H4,300,5,5,652.7338241051266
8YP_H4_N300_P0_ALL_seed005,P0_ALL,H4,300,5,6,693.298465313429
8YP_H4_N300_P0_ALL_seed005,P0_ALL,H4,300,5,7,347.5104481660146
8YP_H4_N300_P0_ALL_seed005,P0_ALL,H4,300,5,8,201.130029725432
8YP_H4_N300_P0_ALL_seed005,P0_ALL,H4,300,5,9,315.86772256994436
8YP_H4_N300_P0_ALL_seed005,P0_ALL,H4,300,5,10,228.02731002349583
8YP_H4_N300_P0_ALL_seed005,P0_ALL,H4,300,5,11,1169.121656575383
8YP_H4_N300_P0_ALL_seed005,P0_ALL,H4,300,5,12,255.6390176126879
8YP_H4_N300_P0_ALL_seed005,P0_ALL,H4,300,5,13,30.118618205113307
8YP_H4_N300_P0_ALL_seed005,P0_ALL,H4,300,5,14,2168.094256909316
8YP_H4_N300_P0_ALL_seed005,P0_ALL,H4,300,5,15,304.7279977210037
8YP_H4_N300_P0_ALL_seed005,P0_ALL,H4,300,5,16,432.2702781199914
8YP_H4_N300_P0_ALL_seed005,P0_ALL,H4,300,5,17,831.509562439207
8YP_H4_N300_P0_ALL_seed005,P0_ALL,H4,300,5,18,603.5841753337681
8YP_H4_N300_P1_EQUAL_seed005,P1_EQUAL,H4,300,5,1,405.53514154408276
8YP_H4_N300_P1_EQUAL_seed005,P1_EQUAL,H4,300,5,2,1238.1148623928802
8YP_H4_N300_P1_EQUAL_seed005,P1_EQUAL,H4,300,5,3,33.082091477484255
8YP_H4_N300_P1_EQUAL_seed005,P1_EQUAL,H4,300,5,4,3.0850892080202357
8YP_H4_N300_P1_EQUAL_seed005,P1_EQUAL,H4,300,5,5,864.3858471338315
8YP_H4_N300_P1_EQUAL_seed005,P1_EQUAL,H4,300,5,6,836.7947138639724
8YP_H4_N300_P1_EQUAL_seed005,P1_EQUAL,H4,300,5,7,695.0143523883016
8YP_H4_N300_P1_EQUAL_seed005,P1_EQUAL,H4,300,5,8,401.96055300274384
8YP_H4_N300_P1_EQUAL_seed005,P1_EQUAL,H4,300,5,9,542.2028367404355
8YP_H4_N300_P1_EQUAL_seed005,P1_EQUAL,H4,300,5,10,455.8351836511829
8YP_H4_N300_P1_EQUAL_seed005,P1_EQUAL,H4,300,5,11,1490.0266984550444
8YP_H4_N300_P1_EQUAL_seed005,P1_EQUAL,H4,300,5,12,197.33881919579926
8YP_H4_N300_P1_EQUAL_seed005,P1_EQUAL,H4,300,5,13,30.118618205113307
8YP_H4_N300_P1_EQUAL_seed005,P1_EQUAL,H4,300,5,14,943.3499084472696
8YP_H4_N300_P1_EQUAL_seed005,P1_EQUAL,H4,300,5,15,1072.8326451744506
8YP_H4_N300_P1_EQUAL_seed005,P1_EQUAL,H4,300,5,16,305.1993631925725
8YP_H4_N300_P1_EQUAL_seed005,P1_EQUAL,H4,300,5,17,90.3168824773129
8YP_H4_N300_P2_HASHPROP_seed005,P2_HASHPROP,H4,300,5,1,405.53514154408276
8YP_H4_N300_P2_HASHPROP_seed005,P2_HASHPROP,H4,300,5,2,906.8235365106427
8YP_H4_N300_P2_HASHPROP_seed005,P2_HASHPROP,H4,300,5,3,228.08075400668713
8YP_H4_N300_P2_HASHPROP_seed005,P2_HASHPROP,H4,300,5,4,1.8096904099204494
8YP_H4_N300_P2_HASHPROP_seed005,P2_HASHPROP,H4,300,5,5,652.7338241051266
8YP_H4_N300_P2_HASHPROP_seed005,P2_HASHPROP,H4,300,5,6,693.298465313429
8YP_H4_N300_P2_HASHPROP_seed005,P2_HASHPROP,H4,300,5,7,347.5104481660146
8YP_H4_N300_P2_HASHPROP_seed005,P2_HASHPROP,H4,300,5,8,201.130029725432
8YP_H4_N300_P2_HASHPROP_seed005,P2_HASHPROP,H4,300,5,9,315.86772256994436
8YP_H4_N300_P2_HASHPROP_seed005,P2_HASHPROP,H4,300,5,10,228.02731002349583
8YP_H4_N300_P2_HASHPROP_seed005,P2_HASHPROP,H4,300,5,11,1169.121656575383
8YP_H4_N300_P2_HASHPROP_seed005,P2_HASHPROP,H4,300,5,12,255.6390176126879
8YP_H4_N300_P2_HASHPROP_seed005,P2_HASHPROP,H4,300,5,13,30.118618205113307
8YP_H4_N300_P2_HASHPROP_seed005,P2_HASHPROP,H4,300,5,14,2168.094256909316
8YP_H4_N300_P2_HASHPROP_seed005,P2_HASHPROP,H4,300,5,15,304.7279977210037
8YP_H4_N300_P2_HASHPROP_seed005,P2_HASHPROP,H4,300,5,16,432.2702781199914
8YP_H4_N300_P2_HASHPROP_seed005,P2_HASHPROP,H4,300,5,17,831.509562439207
8YP_H4_N300_P2_HASHPROP_seed005,P2_HASHPROP,H4,300,5,18,603.5841753337681
8YP_H4_N300_P3_ENERGY_seed005,P3_ENERGY,H4,300,5,1,405.53514154408276
8YP_H4_N300_P3_ENERGY_seed005,P3_ENERGY,H4,300,5,2,906.1367450907496
8YP_H4_N300_P3_ENERGY_seed005,P3_ENERGY,H4,300,5,3,228.08075400668713
8YP_H4_N300_P3_ENERGY_seed005,P3_ENERGY,H4,300,5,4,1253.2137091215486
8YP_H4_N300_P3_ENERGY_seed005,P3_ENERGY,H4,300,5,5,1025.2658023060644
8YP_H4_N300_P3_ENERGY_seed005,P3_ENERGY,H4,300,5,6,441.7458367713357
8YP_H4_N300_P3_ENERGY_seed005,P3_ENERGY,H4,300,5,7,3338.6789876642533
8YP_H4_N300_P3_ENERGY_seed005,P3_ENERGY,H4,300,5,8,30.176525482954276
8YP_H4_N300_P3_ENERGY_seed005,P3_ENERGY,H4,300,5,9,2167.3045875058087
8YP_H4_N300_P4_RESERVE_seed005,P4_RESERVE,H4,300,5,1,405.53514154408276
8YP_H4_N300_P4_RESERVE_seed005,P4_RESERVE,H4,300,5,2,1814.2081785845353
8YP_H4_N300_P4_RESERVE_seed005,P4_RESERVE,H4,300,5,3,228.08075400668713
8YP_H4_N300_P4_RESERVE_seed005,P4_RESERVE,H4,300,5,4,2113.508845441466
8YP_H4_N300_P4_RESERVE_seed005,P4_RESERVE,H4,300,5,5,1931.1479155258012
8YP_H4_N300_P4_RESERVE_seed005,P4_RESERVE,H4,300,5,6,400.4409577673496
8YP_H4_N300_P4_RESERVE_seed005,P4_RESERVE,H4,300,5,7,2018.5918541084775
8YP_H4_N300_P4_RESERVE_seed005,P4_RESERVE,H4,300,5,8,625.388829911406
8YP_H4_N300_POW_seed006,POW,H4,300,6,1,392.13810726111114
8YP_H4_N300_POW_seed006,POW,H4,300,6,2,28.661102946491496
8YP_H4_N300_POW_seed006,POW,H4,300,6,3,1126.7237751450325
8YP_H4_N300_POW_seed006,POW,H4,300,6,4,277.96338902029265
8YP_H4_N300_POW_seed006,POW,H4,300,6,5,1422.1185420637762
8YP_H4_N300_POW_seed006,POW,H4,300,6,6,33.32562161618671
8YP_H4_N300_POW_seed006,POW,H4,300,6,7,585.097055136338
8YP_H4_N300_POW_seed006,POW,H4,300,6,8,114.74193305119388
8YP_H4_N300_POW_seed006,POW,H4,300,6,9,607.6379966396294
8YP_H4_N300_POW_seed006,POW,H4,300,6,10,289.9335834322146
8YP_H4_N300_POW_seed006,POW,H4,300,6,11,277.3671839469398
8YP_H4_N300_POW_seed006,POW,H4,300,6,12,219.49926061283986
8YP_H4_N300_POW_seed006,POW,H4,300,6,13,370.7787601842874
8YP_H4_N300_POW_seed006,POW,H4,300,6,14,627.6025048420715
8YP_H4_N300_POW_seed006,POW,H4,300,6,15,51.57655886172961
8YP_H4_N300_POW_seed006,POW,H4,300,6,16,411.70074652359926
8YP_H4_N300_POW_seed006,POW,H4,300,6,17,24.13312541254072
8YP_H4_N300_POW_seed006,POW,H4,300,6,18,201.26238374552395
8YP_H4_N300_POW_seed006,POW,H4,300,6,19,1003.2062400000405
8YP_H4_N300_POW_seed006,POW,H4,300,6,20,411.0304143933017
8YP_H4_N300_POW_seed006,POW,H4,300,6,21,645.7476736883236
8YP_H4_N300_POW_seed006,POW,H4,300,6,22,520.1971160657486
8YP_H4_N300_POW_seed006,POW,H4,300,6,23,143.34514136162943
8YP_H4_N300_POW_CT_seed006,POW_CT,H4,300,6,1,640.5988442985954
8YP_H4_N300_POW_CT_seed006,POW_CT,H4,300,6,2,3456.4111412882903
8YP_H4_N300_POW_CT_seed006,POW_CT,H4,300,6,3,384.8897112264076
8YP_H4_N300_POW_CT_seed006,POW_CT,H4,300,6,4,41.13761727189012
8YP_H4_N300_POW_CT_seed006,POW_CT,H4,300,6,5,5.467518818182725
8YP_H4_N300_POW_CT_seed006,POW_CT,H4,300,6,6,2217.9621561374342
8YP_H4_N300_POW_CT_seed006,POW_CT,H4,300,6,7,2566.54785004523
8YP_H4_N300_POW_CT_seed006,POW_CT,H4,300,6,8,192.64126551058507
8YP_H4_N300_P0_ALL_seed006,P0_ALL,H4,300,6,1,392.13810726111114
8YP_H4_N300_P0_ALL_seed006,P0_ALL,H4,300,6,2,28.661102946491496
8YP_H4_N300_P0_ALL_seed006,P0_ALL,H4,300,6,3,1128.477420929978
8YP_H4_N300_P0_ALL_seed006,P0_ALL,H4,300,6,4,277.96338902029265
8YP_H4_N300_P0_ALL_seed006,P0_ALL,H4,300,6,5,1426.6974450978926
8YP_H4_N300_P0_ALL_seed006,P0_ALL,H4,300,6,6,33.32562161618671
8YP_H4_N300_P0_ALL_seed006,P0_ALL,H4,300,6,7,585.097055136338
8YP_H4_N300_P0_ALL_seed006,P0_ALL,H4,300,6,8,114.74193305119388
8YP_H4_N300_P0_ALL_seed006,P0_ALL,H4,300,6,9,609.775730480902
8YP_H4_N300_P0_ALL_seed006,P0_ALL,H4,300,6,10,289.9335834322146
8YP_H4_N300_P0_ALL_seed006,P0_ALL,H4,300,6,11,277.3671839469398
8YP_H4_N300_P0_ALL_seed006,P0_ALL,H4,300,6,12,219.49926061283986
8YP_H4_N300_P0_ALL_seed006,P0_ALL,H4,300,6,13,370.7787601842874
8YP_H4_N300_P0_ALL_seed006,P0_ALL,H4,300,6,14,630.6177246746174
8YP_H4_N300_P0_ALL_seed006,P0_ALL,H4,300,6,15,51.57655886172961
8YP_H4_N300_P0_ALL_seed006,P0_ALL,H4,300,6,16,411.70074652359926
8YP_H4_N300_P0_ALL_seed006,P0_ALL,H4,300,6,17,24.13312541254072
8YP_H4_N300_P0_ALL_seed006,P0_ALL,H4,300,6,18,201.26238374552395
8YP_H4_N300_P0_ALL_seed006,P0_ALL,H4,300,6,19,1005.8781294622295
8YP_H4_N300_P0_ALL_seed006,P0_ALL,H4,300,6,20,411.0304143933008
8YP_H4_N300_P0_ALL_seed006,P0_ALL,H4,300,6,21,649.2641944875431
8YP_H4_N300_P0_ALL_seed006,P0_ALL,H4,300,6,22,520.1971160657486
8YP_H4_N300_P0_ALL_seed006,P0_ALL,H4,300,6,23,143.34514136162943
8YP_H4_N300_P1_EQUAL_seed006,P1_EQUAL,H4,300,6,1,392.13810726111114
8YP_H4_N300_P1_EQUAL_seed006,P1_EQUAL,H4,300,6,2,28.661102946491496
8YP_H4_N300_P1_EQUAL_seed006,P1_EQUAL,H4,300,6,3,878.4082719874433
8YP_H4_N300_P1_EQUAL_seed006,P1_EQUAL,H4,300,6,4,2699.383487921527
8YP_H4_N300_P1_EQUAL_seed006,P1_EQUAL,H4,300,6,5,1489.4106184669563
8YP_H4_N300_P1_EQUAL_seed006,P1_EQUAL,H4,300,6,6,33.15410681877347
8YP_H4_N300_P1_EQUAL_seed006,P1_EQUAL,H4,300,6,7,824.6039353433443
8YP_H4_N300_P1_EQUAL_seed006,P1_EQUAL,H4,300,6,8,117.0775058320005
8YP_H4_N300_P1_EQUAL_seed006,P1_EQUAL,H4,300,6,9,276.95727439496204
8YP_H4_N300_P1_EQUAL_seed006,P1_EQUAL,H4,300,6,10,219.1518284013846
8YP_H4_N300_P1_EQUAL_seed006,P1_EQUAL,H4,300,6,11,370.0022015468967
8YP_H4_N300_P1_EQUAL_seed006,P1_EQUAL,H4,300,6,12,843.9214806235323
8YP_H4_N300_P1_EQUAL_seed006,P1_EQUAL,H4,300,6,13,51.506473155684944
8YP_H4_N300_P1_EQUAL_seed006,P1_EQUAL,H4,300,6,14,704.0820661012294
8YP_H4_N300_P1_EQUAL_seed006,P1_EQUAL,H4,300,6,15,48.14423697219354
8YP_H4_N300_P1_EQUAL_seed006,P1_EQUAL,H4,300,6,16,91.6652005582182
8YP_H4_N300_P2_HASHPROP_seed006,P2_HASHPROP,H4,300,6,1,392.13810726111114
8YP_H4_N300_P2_HASHPROP_seed006,P2_HASHPROP,H4,300,6,2,28.661102946491496
8YP_H4_N300_P2_HASHPROP_seed006,P2_HASHPROP,H4,300,6,3,1128.477420929978
8YP_H4_N300_P2_HASHPROP_seed006,P2_HASHPROP,H4,300,6,4,277.96338902029265
8YP_H4_N300_P2_HASHPROP_seed006,P2_HASHPROP,H4,300,6,5,1426.6974450978926
8YP_H4_N300_P2_HASHPROP_seed006,P2_HASHPROP,H4,300,6,6,33.32562161618671
8YP_H4_N300_P2_HASHPROP_seed006,P2_HASHPROP,H4,300,6,7,585.097055136338
8YP_H4_N300_P2_HASHPROP_seed006,P2_HASHPROP,H4,300,6,8,114.74193305119388
8YP_H4_N300_P2_HASHPROP_seed006,P2_HASHPROP,H4,300,6,9,609.775730480902
8YP_H4_N300_P2_HASHPROP_seed006,P2_HASHPROP,H4,300,6,10,289.9335834322146
8YP_H4_N300_P2_HASHPROP_seed006,P2_HASHPROP,H4,300,6,11,277.3671839469398
8YP_H4_N300_P2_HASHPROP_seed006,P2_HASHPROP,H4,300,6,12,219.49926061283986
8YP_H4_N300_P2_HASHPROP_seed006,P2_HASHPROP,H4,300,6,13,370.7787601842874
8YP_H4_N300_P2_HASHPROP_seed006,P2_HASHPROP,H4,300,6,14,630.6177246746174
8YP_H4_N300_P2_HASHPROP_seed006,P2_HASHPROP,H4,300,6,15,51.57655886172961
8YP_H4_N300_P2_HASHPROP_seed006,P2_HASHPROP,H4,300,6,16,411.70074652359926
8YP_H4_N300_P2_HASHPROP_seed006,P2_HASHPROP,H4,300,6,17,24.13312541254072
8YP_H4_N300_P2_HASHPROP_seed006,P2_HASHPROP,H4,300,6,18,201.26238374552395
8YP_H4_N300_P2_HASHPROP_seed006,P2_HASHPROP,H4,300,6,19,1005.8781294622295
8YP_H4_N300_P2_HASHPROP_seed006,P2_HASHPROP,H4,300,6,20,411.0304143933008
8YP_H4_N300_P2_HASHPROP_seed006,P2_HASHPROP,H4,300,6,21,649.2641944875431
8YP_H4_N300_P2_HASHPROP_seed006,P2_HASHPROP,H4,300,6,22,520.1971160657486
8YP_H4_N300_P2_HASHPROP_seed006,P2_HASHPROP,H4,300,6,23,143.34514136162943
8YP_H4_N300_P3_ENERGY_seed006,P3_ENERGY,H4,300,6,1,392.13810726111114
8YP_H4_N300_P3_ENERGY_seed006,P3_ENERGY,H4,300,6,2,28.661102946491496
8YP_H4_N300_P3_ENERGY_seed006,P3_ENERGY,H4,300,6,3,1483.4945854003695
8YP_H4_N300_P3_ENERGY_seed006,P3_ENERGY,H4,300,6,4,1455.5893325791214
8YP_H4_N300_P3_ENERGY_seed006,P3_ENERGY,H4,300,6,5,33.14256806476806
8YP_H4_N300_P3_ENERGY_seed006,P3_ENERGY,H4,300,6,6,717.8049230740553
8YP_H4_N300_P3_ENERGY_seed006,P3_ENERGY,H4,300,6,7,610.0266469697744
8YP_H4_N300_P3_ENERGY_seed006,P3_ENERGY,H4,300,6,8,290.94934332841785
8YP_H4_N300_P3_ENERGY_seed006,P3_ENERGY,H4,300,6,9,276.95727439496204
8YP_H4_N300_P3_ENERGY_seed006,P3_ENERGY,H4,300,6,10,219.1518284013846
8YP_H4_N300_P3_ENERGY_seed006,P3_ENERGY,H4,300,6,11,370.0022015468967
8YP_H4_N300_P3_ENERGY_seed006,P3_ENERGY,H4,300,6,12,630.0970148540928
8YP_H4_N300_P3_ENERGY_seed006,P3_ENERGY,H4,300,6,13,51.506473155684944
8YP_H4_N300_P3_ENERGY_seed006,P3_ENERGY,H4,300,6,14,1405.8243069196287
8YP_H4_N300_P3_ENERGY_seed006,P3_ENERGY,H4,300,6,15,1617.4831885605654
8YP_H4_N300_P4_RESERVE_seed006,P4_RESERVE,H4,300,6,1,392.13810726111114
8YP_H4_N300_P4_RESERVE_seed006,P4_RESERVE,H4,300,6,2,28.661102946491496
8YP_H4_N300_P4_RESERVE_seed006,P4_RESERVE,H4,300,6,3,1634.1653614138745
8YP_H4_N300_P4_RESERVE_seed006,P4_RESERVE,H4,300,6,4,277.96338902029265
8YP_H4_N300_P4_RESERVE_seed006,P4_RESERVE,H4,300,6,5,835.9767033102394
8YP_H4_N300_P4_RESERVE_seed006,P4_RESERVE,H4,300,6,6,1760.3819980000599
8YP_H4_N300_P4_RESERVE_seed006,P4_RESERVE,H4,300,6,7,33.15410681877347
8YP_H4_N300_P4_RESERVE_seed006,P4_RESERVE,H4,300,6,8,1625.0159487745377
8YP_H4_N300_P4_RESERVE_seed006,P4_RESERVE,H4,300,6,9,830.7210348672133
8YP_H4_N300_P4_RESERVE_seed006,P4_RESERVE,H4,300,6,10,7.5165703005041
8YP_H4_N300_P4_RESERVE_seed006,P4_RESERVE,H4,300,6,11,289.8427897005122
8YP_H4_N300_P4_RESERVE_seed006,P4_RESERVE,H4,300,6,12,277.2426106574494
8YP_H4_N300_P4_RESERVE_seed006,P4_RESERVE,H4,300,6,13,219.63345299141383
8YP_H4_N300_P4_RESERVE_seed006,P4_RESERVE,H4,300,6,14,370.58884214138925
8YP_H4_N500_POW_seed001,POW,H4,500,1,1,393.34004899945785
8YP_H4_N500_POW_seed001,POW,H4,500,1,2,274.07979039408133
8YP_H4_N500_POW_seed001,POW,H4,500,1,3,191.66409959383873
8YP_H4_N500_POW_seed001,POW,H4,500,1,4,48.70280643838839
8YP_H4_N500_POW_seed001,POW,H4,500,1,5,158.9536428296659
8YP_H4_N500_POW_seed001,POW,H4,500,1,6,79.68957146452044
8YP_H4_N500_POW_seed001,POW,H4,500,1,7,12.073597503118208
8YP_H4_N500_POW_seed001,POW,H4,500,1,8,359.80527742729873
8YP_H4_N500_POW_seed001,POW,H4,500,1,9,1139.5377551550541
8YP_H4_N500_POW_seed001,POW,H4,500,1,10,447.6828059767872
8YP_H4_N500_POW_seed001,POW,H4,500,1,11,865.378113673235
8YP_H4_N500_POW_seed001,POW,H4,500,1,12,257.6524424422173
8YP_H4_N500_POW_seed001,POW,H4,500,1,13,285.6845831847204
8YP_H4_N500_POW_seed001,POW,H4,500,1,14,191.0050278310373
8YP_H4_N500_POW_seed001,POW,H4,500,1,15,67.25376959646292
8YP_H4_N500_POW_seed001,POW,H4,500,1,16,569.277692930702
8YP_H4_N500_POW_seed001,POW,H4,500,1,17,1054.5138828863846
8YP_H4_N500_POW_seed001,POW,H4,500,1,18,1290.6360458076342
8YP_H4_N500_POW_seed001,POW,H4,500,1,19,134.41922562430864
8YP_H4_N500_POW_seed001,POW,H4,500,1,20,423.4233500572109
8YP_H4_N500_POW_seed001,POW,H4,500,1,21,527.6157475107084
8YP_H4_N500_POW_seed001,POW,H4,500,1,22,963.5000356120436
8YP_H4_N500_POW_CT_seed001,POW_CT,H4,500,1,1,35.59375712417907
8YP_H4_N500_POW_CT_seed001,POW_CT,H4,500,1,2,672.59797717815
8YP_H4_N500_POW_CT_seed001,POW_CT,H4,500,1,3,130.65093940156055
8YP_H4_N500_POW_CT_seed001,POW_CT,H4,500,1,4,152.00880372565769
8YP_H4_N500_POW_CT_seed001,POW_CT,H4,500,1,5,1265.6855091749671
8YP_H4_N500_POW_CT_seed001,POW_CT,H4,500,1,6,755.7152250760341
8YP_H4_N500_POW_CT_seed001,POW_CT,H4,500,1,7,223.22807090461674
8YP_H4_N500_POW_CT_seed001,POW_CT,H4,500,1,8,1279.2364509665435
8YP_H4_N500_POW_CT_seed001,POW_CT,H4,500,1,9,1526.7187701933453
8YP_H4_N500_POW_CT_seed001,POW_CT,H4,500,1,10,1921.6561143401077
8YP_H4_N500_POW_CT_seed001,POW_CT,H4,500,1,11,659.6161750825322
8YP_H4_N500_POW_CT_seed001,POW_CT,H4,500,1,12,87.90487741054312
8YP_H4_N500_POW_CT_seed001,POW_CT,H4,500,1,13,614.3340294493373
8YP_H4_N500_P0_ALL_seed001,P0_ALL,H4,500,1,1,393.34004899945785
8YP_H4_N500_P0_ALL_seed001,P0_ALL,H4,500,1,2,274.07979039408133
8YP_H4_N500_P0_ALL_seed001,P0_ALL,H4,500,1,3,191.66409959383873
8YP_H4_N500_P0_ALL_seed001,P0_ALL,H4,500,1,4,48.70280643838839
8YP_H4_N500_P0_ALL_seed001,P0_ALL,H4,500,1,5,158.9536428296659
8YP_H4_N500_P0_ALL_seed001,P0_ALL,H4,500,1,6,79.68957146452044
8YP_H4_N500_P0_ALL_seed001,P0_ALL,H4,500,1,7,12.073597503118208
8YP_H4_N500_P0_ALL_seed001,P0_ALL,H4,500,1,8,359.80527742729873
8YP_H4_N500_P0_ALL_seed001,P0_ALL,H4,500,1,9,1141.194586545138
8YP_H4_N500_P0_ALL_seed001,P0_ALL,H4,500,1,10,447.6828059767872
8YP_H4_N500_P0_ALL_seed001,P0_ALL,H4,500,1,11,868.4717669599154
8YP_H4_N500_P0_ALL_seed001,P0_ALL,H4,500,1,12,257.6524424422173
8YP_H4_N500_P0_ALL_seed001,P0_ALL,H4,500,1,13,285.6845831847204
8YP_H4_N500_P0_ALL_seed001,P0_ALL,H4,500,1,14,191.0050278310373
8YP_H4_N500_P0_ALL_seed001,P0_ALL,H4,500,1,15,67.25376959646292
8YP_H4_N500_P0_ALL_seed001,P0_ALL,H4,500,1,16,569.277692930702
8YP_H4_N500_P0_ALL_seed001,P0_ALL,H4,500,1,17,1056.826131787695
8YP_H4_N500_P0_ALL_seed001,P0_ALL,H4,500,1,18,1295.5556421669098
8YP_H4_N500_P0_ALL_seed001,P0_ALL,H4,500,1,19,134.41922562430864
8YP_H4_N500_P0_ALL_seed001,P0_ALL,H4,500,1,20,423.4233500572118
8YP_H4_N500_P0_ALL_seed001,P0_ALL,H4,500,1,21,527.6157475107084
8YP_H4_N500_P0_ALL_seed001,P0_ALL,H4,500,1,22,965.0627031067525
8YP_H4_N500_P1_EQUAL_seed001,P1_EQUAL,H4,500,1,1,311.6953118625363
8YP_H4_N500_P1_EQUAL_seed001,P1_EQUAL,H4,500,1,2,547.918026168112
8YP_H4_N500_P1_EQUAL_seed001,P1_EQUAL,H4,500,1,3,865.5436112616551
8YP_H4_N500_P1_EQUAL_seed001,P1_EQUAL,H4,500,1,4,97.10823194636032
8YP_H4_N500_P1_EQUAL_seed001,P1_EQUAL,H4,500,1,5,159.7125733455032
8YP_H4_N500_P1_EQUAL_seed001,P1_EQUAL,H4,500,1,6,23.284250993411433
8YP_H4_N500_P1_EQUAL_seed001,P1_EQUAL,H4,500,1,7,717.5655669505031
8YP_H4_N500_P1_EQUAL_seed001,P1_EQUAL,H4,500,1,8,1160.3038064298175
8YP_H4_N500_P1_EQUAL_seed001,P1_EQUAL,H4,500,1,9,2164.4164649172862
8YP_H4_N500_P1_EQUAL_seed001,P1_EQUAL,H4,500,1,10,1103.6012526083541
8YP_H4_N500_P1_EQUAL_seed001,P1_EQUAL,H4,500,1,11,952.6483710298617
8YP_H4_N500_P1_EQUAL_seed001,P1_EQUAL,H4,500,1,12,302.18091557156185
8YP_H4_N500_P1_EQUAL_seed001,P1_EQUAL,H4,500,1,13,1502.5512277232028
8YP_H4_N500_P2_HASHPROP_seed001,P2_HASHPROP,H4,500,1,1,393.34004899945785
8YP_H4_N500_P2_HASHPROP_seed001,P2_HASHPROP,H4,500,1,2,274.07979039408133
8YP_H4_N500_P2_HASHPROP_seed001,P2_HASHPROP,H4,500,1,3,191.66409959383873
8YP_H4_N500_P2_HASHPROP_seed001,P2_HASHPROP,H4,500,1,4,48.70280643838839
8YP_H4_N500_P2_HASHPROP_seed001,P2_HASHPROP,H4,500,1,5,158.9536428296659
8YP_H4_N500_P2_HASHPROP_seed001,P2_HASHPROP,H4,500,1,6,79.68957146452044
8YP_H4_N500_P2_HASHPROP_seed001,P2_HASHPROP,H4,500,1,7,12.073597503118208
8YP_H4_N500_P2_HASHPROP_seed001,P2_HASHPROP,H4,500,1,8,359.80527742729873
8YP_H4_N500_P2_HASHPROP_seed001,P2_HASHPROP,H4,500,1,9,1141.194586545138
8YP_H4_N500_P2_HASHPROP_seed001,P2_HASHPROP,H4,500,1,10,447.6828059767872
8YP_H4_N500_P2_HASHPROP_seed001,P2_HASHPROP,H4,500,1,11,868.4717669599154
8YP_H4_N500_P2_HASHPROP_seed001,P2_HASHPROP,H4,500,1,12,257.6524424422173
8YP_H4_N500_P2_HASHPROP_seed001,P2_HASHPROP,H4,500,1,13,285.6845831847204
8YP_H4_N500_P2_HASHPROP_seed001,P2_HASHPROP,H4,500,1,14,191.0050278310373
8YP_H4_N500_P2_HASHPROP_seed001,P2_HASHPROP,H4,500,1,15,67.25376959646292
8YP_H4_N500_P2_HASHPROP_seed001,P2_HASHPROP,H4,500,1,16,569.277692930702
8YP_H4_N500_P2_HASHPROP_seed001,P2_HASHPROP,H4,500,1,17,1056.826131787695
8YP_H4_N500_P2_HASHPROP_seed001,P2_HASHPROP,H4,500,1,18,1295.5556421669098
8YP_H4_N500_P2_HASHPROP_seed001,P2_HASHPROP,H4,500,1,19,134.41922562430864
8YP_H4_N500_P2_HASHPROP_seed001,P2_HASHPROP,H4,500,1,20,423.4233500572118
8YP_H4_N500_P2_HASHPROP_seed001,P2_HASHPROP,H4,500,1,21,527.6157475107084
8YP_H4_N500_P2_HASHPROP_seed001,P2_HASHPROP,H4,500,1,22,965.0627031067525
8YP_H4_N500_P3_ENERGY_seed001,P3_ENERGY,H4,500,1,1,1393.8934845596534
8YP_H4_N500_P3_ENERGY_seed001,P3_ENERGY,H4,500,1,2,48.29169037044312
8YP_H4_N500_P3_ENERGY_seed001,P3_ENERGY,H4,500,1,3,158.77448781710405
8YP_H4_N500_P3_ENERGY_seed001,P3_ENERGY,H4,500,1,4,565.5012934290507
8YP_H4_N500_P3_ENERGY_seed001,P3_ENERGY,H4,500,1,5,246.2599176439826
8YP_H4_N500_P3_ENERGY_seed001,P3_ENERGY,H4,500,1,6,2256.2031343724625
8YP_H4_N500_P3_ENERGY_seed001,P3_ENERGY,H4,500,1,7,1463.8219198640127
8YP_H4_N500_P3_ENERGY_seed001,P3_ENERGY,H4,500,1,8,286.2246773128036
8YP_H4_N500_P3_ENERGY_seed001,P3_ENERGY,H4,500,1,9,191.05131201781296
8YP_H4_N500_P4_RESERVE_seed001,P4_RESERVE,H4,500,1,1,1303.3400489994578
8YP_H4_N500_P4_RESERVE_seed001,P4_RESERVE,H4,500,1,2,883.8382603737641
8YP_H4_N500_P4_RESERVE_seed001,P4_RESERVE,H4,500,1,3,191.66409959383873
8YP_H4_N500_P4_RESERVE_seed001,P4_RESERVE,H4,500,1,4,48.70280643838805
8YP_H4_N500_P4_RESERVE_seed001,P4_RESERVE,H4,500,1,5,158.95364282966557
8YP_H4_N500_P4_RESERVE_seed001,P4_RESERVE,H4,500,1,6,564.4251696872097
8YP_H4_N500_P4_RESERVE_seed001,P4_RESERVE,H4,500,1,7,245.31236506252117
8YP_H4_N500_P4_RESERVE_seed001,P4_RESERVE,H4,500,1,8,2297.157316400707
8YP_H4_N500_P4_RESERVE_seed001,P4_RESERVE,H4,500,1,9,321.59409167966714
8YP_H4_N500_P4_RESERVE_seed001,P4_RESERVE,H4,500,1,10,689.6190248118346
8YP_H4_N500_P4_RESERVE_seed001,P4_RESERVE,H4,500,1,11,696.8084341853883
8YP_H4_N500_P4_RESERVE_seed001,P4_RESERVE,H4,500,1,12,257.65244244221685
8YP_H4_N500_P4_RESERVE_seed001,P4_RESERVE,H4,500,1,13,285.6845831847204
8YP_H4_N500_P4_RESERVE_seed001,P4_RESERVE,H4,500,1,14,191.0050278310373
8YP_H4_N500_P4_RESERVE_seed001,P4_RESERVE,H4,500,1,15,968.7137764536856
8YP_H4_N500_POW_seed002,POW,H4,500,2,1,135.28316866765155
8YP_H4_N500_POW_seed002,POW,H4,500,2,2,485.7503886421712
8YP_H4_N500_POW_seed002,POW,H4,500,2,3,478.6903302764174
8YP_H4_N500_POW_seed002,POW,H4,500,2,4,639.9984858228333
8YP_H4_N500_POW_seed002,POW,H4,500,2,5,477.23416591208206
8YP_H4_N500_POW_seed002,POW,H4,500,2,6,1197.554888420903
8YP_H4_N500_POW_seed002,POW,H4,500,2,7,1797.2331863558434
8YP_H4_N500_POW_seed002,POW,H4,500,2,8,953.5806308526962
8YP_H4_N500_POW_seed002,POW,H4,500,2,9,141.2329148445906
8YP_H4_N500_POW_seed002,POW,H4,500,2,10,97.26362184508525
8YP_H4_N500_POW_seed002,POW,H4,500,2,11,642.1594508363296
8YP_H4_N500_POW_seed002,POW,H4,500,2,12,281.4141535696135
8YP_H4_N500_POW_seed002,POW,H4,500,2,13,431.8756803638971
8YP_H4_N500_POW_seed002,POW,H4,500,2,14,203.55881202515593
8YP_H4_N500_POW_seed002,POW,H4,500,2,15,1170.9137354813574
8YP_H4_N500_POW_seed002,POW,H4,500,2,16,762.3581502896886
8YP_H4_N500_POW_seed002,POW,H4,500,2,17,1.615326202891083
8YP_H4_N500_POW_CT_seed002,POW_CT,H4,500,2,1,707.5691720582611
8YP_H4_N500_POW_CT_seed002,POW_CT,H4,500,2,2,622.2591175750836
8YP_H4_N500_POW_CT_seed002,POW_CT,H4,500,2,3,1244.4071393427882
8YP_H4_N500_POW_CT_seed002,POW_CT,H4,500,2,4,151.26608377275807
8YP_H4_N500_POW_CT_seed002,POW_CT,H4,500,2,5,2323.1852771177796
8YP_H4_N500_POW_CT_seed002,POW_CT,H4,500,2,6,909.1263187066743
8YP_H4_N500_POW_CT_seed002,POW_CT,H4,500,2,7,208.82330447402092
8YP_H4_N500_POW_CT_seed002,POW_CT,H4,500,2,8,696.6087984326887
8YP_H4_N500_P0_ALL_seed002,P0_ALL,H4,500,2,1,135.28316866765155
8YP_H4_N500_P0_ALL_seed002,P0_ALL,H4,500,2,2,485.7503886421712
8YP_H4_N500_P0_ALL_seed002,P0_ALL,H4,500,2,3,478.6903302764174
8YP_H4_N500_P0_ALL_seed002,P0_ALL,H4,500,2,4,642.6725958926784
8YP_H4_N500_P0_ALL_seed002,P0_ALL,H4,500,2,5,477.23416591208206
8YP_H4_N500_P0_ALL_seed002,P0_ALL,H4,500,2,6,1198.71202501176
8YP_H4_N500_P0_ALL_seed002,P0_ALL,H4,500,2,7,1803.2344898850083
8YP_H4_N500_P0_ALL_seed002,P0_ALL,H4,500,2,8,956.4611762288796
8YP_H4_N500_P0_ALL_seed002,P0_ALL,H4,500,2,9,141.2329148445906
8YP_H4_N500_P0_ALL_seed002,P0_ALL,H4,500,2,10,97.26362184508525
8YP_H4_N500_P0_ALL_seed002,P0_ALL,H4,500,2,11,646.0984171734317
8YP_H4_N500_P0_ALL_seed002,P0_ALL,H4,500,2,12,281.4141535696135
8YP_H4_N500_P0_ALL_seed002,P0_ALL,H4,500,2,13,431.8756803638971
8YP_H4_N500_P0_ALL_seed002,P0_ALL,H4,500,2,14,203.55881202515593
8YP_H4_N500_P0_ALL_seed002,P0_ALL,H4,500,2,15,1173.5365255418092
8YP_H4_N500_P0_ALL_seed002,P0_ALL,H4,500,2,16,767.5555654177788
8YP_H4_N500_P0_ALL_seed002,P0_ALL,H4,500,2,17,1.615326202891083
8YP_H4_N500_P1_EQUAL_seed002,P1_EQUAL,H4,500,2,1,246.822822523218
8YP_H4_N500_P1_EQUAL_seed002,P1_EQUAL,H4,500,2,2,485.75038864217123
8YP_H4_N500_P1_EQUAL_seed002,P1_EQUAL,H4,500,2,3,306.32034635818354
8YP_H4_N500_P1_EQUAL_seed002,P1_EQUAL,H4,500,2,4,834.7458574399186
8YP_H4_N500_P1_EQUAL_seed002,P1_EQUAL,H4,500,2,5,81.76677075799353
8YP_H4_N500_P1_EQUAL_seed002,P1_EQUAL,H4,500,2,6,2018.447039498598
8YP_H4_N500_P1_EQUAL_seed002,P1_EQUAL,H4,500,2,7,256.8747095535673
8YP_H4_N500_P1_EQUAL_seed002,P1_EQUAL,H4,500,2,8,78.9611689853773
8YP_H4_N500_P1_EQUAL_seed002,P1_EQUAL,H4,500,2,9,330.1355230782938
8YP_H4_N500_P1_EQUAL_seed002,P1_EQUAL,H4,500,2,10,1097.649521874443
8YP_H4_N500_P1_EQUAL_seed002,P1_EQUAL,H4,500,2,11,97.2594462046809
8YP_H4_N500_P1_EQUAL_seed002,P1_EQUAL,H4,500,2,12,451.0992617874772
8YP_H4_N500_P1_EQUAL_seed002,P1_EQUAL,H4,500,2,13,83.75196967511238
8YP_H4_N500_P1_EQUAL_seed002,P1_EQUAL,H4,500,2,14,281.18223979375034
8YP_H4_N500_P1_EQUAL_seed002,P1_EQUAL,H4,500,2,15,431.99372797758497
8YP_H4_N500_P1_EQUAL_seed002,P1_EQUAL,H4,500,2,16,10.617087331795119
8YP_H4_N500_P1_EQUAL_seed002,P1_EQUAL,H4,500,2,17,1428.2216496008914
8YP_H4_N500_P1_EQUAL_seed002,P1_EQUAL,H4,500,2,18,979.9664344483535
8YP_H4_N500_P1_EQUAL_seed002,P1_EQUAL,H4,500,2,19,3.2433137734096817
8YP_H4_N500_P1_EQUAL_seed002,P1_EQUAL,H4,500,2,20,230.97110565974435
8YP_H4_N500_P2_HASHPROP_seed002,P2_HASHPROP,H4,500,2,1,135.28316866765155
8YP_H4_N500_P2_HASHPROP_seed002,P2_HASHPROP,H4,500,2,2,485.7503886421712
8YP_H4_N500_P2_HASHPROP_seed002,P2_HASHPROP,H4,500,2,3,478.6903302764174
8YP_H4_N500_P2_HASHPROP_seed002,P2_HASHPROP,H4,500,2,4,642.6725958926784
8YP_H4_N500_P2_HASHPROP_seed002,P2_HASHPROP,H4,500,2,5,477.23416591208206
8YP_H4_N500_P2_HASHPROP_seed002,P2_HASHPROP,H4,500,2,6,1198.71202501176
8YP_H4_N500_P2_HASHPROP_seed002,P2_HASHPROP,H4,500,2,7,1803.2344898850083
8YP_H4_N500_P2_HASHPROP_seed002,P2_HASHPROP,H4,500,2,8,956.4611762288796
8YP_H4_N500_P2_HASHPROP_seed002,P2_HASHPROP,H4,500,2,9,141.2329148445906
8YP_H4_N500_P2_HASHPROP_seed002,P2_HASHPROP,H4,500,2,10,97.26362184508525
8YP_H4_N500_P2_HASHPROP_seed002,P2_HASHPROP,H4,500,2,11,646.0984171734317
8YP_H4_N500_P2_HASHPROP_seed002,P2_HASHPROP,H4,500,2,12,281.4141535696135
8YP_H4_N500_P2_HASHPROP_seed002,P2_HASHPROP,H4,500,2,13,431.8756803638971
8YP_H4_N500_P2_HASHPROP_seed002,P2_HASHPROP,H4,500,2,14,203.55881202515593
8YP_H4_N500_P2_HASHPROP_seed002,P2_HASHPROP,H4,500,2,15,1173.5365255418092
8YP_H4_N500_P2_HASHPROP_seed002,P2_HASHPROP,H4,500,2,16,767.5555654177788
8YP_H4_N500_P2_HASHPROP_seed002,P2_HASHPROP,H4,500,2,17,1.615326202891083
8YP_H4_N500_P3_ENERGY_seed002,P3_ENERGY,H4,500,2,1,135.28316866765155
8YP_H4_N500_P3_ENERGY_seed002,P3_ENERGY,H4,500,2,2,485.7503886421712
8YP_H4_N500_P3_ENERGY_seed002,P3_ENERGY,H4,500,2,3,1244.2897659654955
8YP_H4_N500_P3_ENERGY_seed002,P3_ENERGY,H4,500,2,4,1802.0325832068634
8YP_H4_N500_P3_ENERGY_seed002,P3_ENERGY,H4,500,2,5,1801.4791639012324
8YP_H4_N500_P3_ENERGY_seed002,P3_ENERGY,H4,500,2,6,955.2862706368514
8YP_H4_N500_P3_ENERGY_seed002,P3_ENERGY,H4,500,2,7,699.723226592132
8YP_H4_N500_P3_ENERGY_seed002,P3_ENERGY,H4,500,2,8,1487.6161699834665
8YP_H4_N500_P3_ENERGY_seed002,P3_ENERGY,H4,500,2,9,431.9221688065627
8YP_H4_N500_P3_ENERGY_seed002,P3_ENERGY,H4,500,2,10,203.5087262768975
8YP_H4_N500_P4_RESERVE_seed002,P4_RESERVE,H4,500,2,1,135.28316866765155
8YP_H4_N500_P4_RESERVE_seed002,P4_RESERVE,H4,500,2,2,485.7503886421712
8YP_H4_N500_P4_RESERVE_seed002,P4_RESERVE,H4,500,2,3,1327.7569948885648
8YP_H4_N500_P4_RESERVE_seed002,P4_RESERVE,H4,500,2,4,1549.5919600637749
8YP_H4_N500_P4_RESERVE_seed002,P4_RESERVE,H4,500,2,5,2589.721058883167
8YP_H4_N500_P4_RESERVE_seed002,P4_RESERVE,H4,500,2,6,2709.8807764423764
8YP_H4_N500_POW_seed003,POW,H4,500,3,1,82.38393807574249
8YP_H4_N500_POW_seed003,POW,H4,500,3,2,133.9864003957809
8YP_H4_N500_POW_seed003,POW,H4,500,3,3,1021.5314956538584
8YP_H4_N500_POW_seed003,POW,H4,500,3,4,322.836567133432
8YP_H4_N500_POW_seed003,POW,H4,500,3,5,2309.0188678790564
8YP_H4_N500_POW_seed003,POW,H4,500,3,6,173.44104247390896
8YP_H4_N500_POW_seed003,POW,H4,500,3,7,1113.1340017029902
8YP_H4_N500_POW_seed003,POW,H4,500,3,8,784.2474868868721
8YP_H4_N500_POW_seed003,POW,H4,500,3,9,110.95734299270862
8YP_H4_N500_POW_seed003,POW,H4,500,3,10,280.88549736609457
8YP_H4_N500_POW_seed003,POW,H4,500,3,11,143.79981370173755
8YP_H4_N500_POW_seed003,POW,H4,500,3,12,391.6944281828046
8YP_H4_N500_POW_seed003,POW,H4,500,3,13,78.3050571483518
8YP_H4_N500_POW_seed003,POW,H4,500,3,14,977.5802867780085
8YP_H4_N500_POW_seed003,POW,H4,500,3,15,815.445817815259
8YP_H4_N500_POW_CT_seed003,POW_CT,H4,500,3,1,238.06412721224416
8YP_H4_N500_POW_CT_seed003,POW_CT,H4,500,3,2,1851.0749497145637
8YP_H4_N500_POW_CT_seed003,POW_CT,H4,500,3,3,196.45914701669835
8YP_H4_N500_POW_CT_seed003,POW_CT,H4,500,3,4,84.96059200941318
8YP_H4_N500_POW_CT_seed003,POW_CT,H4,500,3,5,1427.1256281334795
8YP_H4_N500_POW_CT_seed003,POW_CT,H4,500,3,6,1892.0247175386148
8YP_H4_N500_POW_CT_seed003,POW_CT,H4,500,3,7,303.8939336946278
8YP_H4_N500_POW_CT_seed003,POW_CT,H4,500,3,8,15.966671545728786
8YP_H4_N500_POW_CT_seed003,POW_CT,H4,500,3,9,623.5930615609122
8YP_H4_N500_POW_CT_seed003,POW_CT,H4,500,3,10,1083.90473519659
8YP_H4_N500_POW_CT_seed003,POW_CT,H4,500,3,11,1466.9347403416605
8YP_H4_N500_POW_CT_seed003,POW_CT,H4,500,3,12,445.2323668868885
8YP_H4_N500_POW_CT_seed003,POW_CT,H4,500,3,13,68.79009785767994
8YP_H4_N500_POW_CT_seed003,POW_CT,H4,500,3,14,202.78786503016818
8YP_H4_N500_P0_ALL_seed003,P0_ALL,H4,500,3,1,82.38393807574249
8YP_H4_N500_P0_ALL_seed003,P0_ALL,H4,500,3,2,133.9864003957809
8YP_H4_N500_P0_ALL_seed003,P0_ALL,H4,500,3,3,1025.8812344595108
8YP_H4_N500_P0_ALL_seed003,P0_ALL,H4,500,3,4,322.836567133432
8YP_H4_N500_P0_ALL_seed003,P0_ALL,H4,500,3,5,2317.1512079758263
8YP_H4_N500_P0_ALL_seed003,P0_ALL,H4,500,3,6,173.44104247390896
8YP_H4_N500_P0_ALL_seed003,P0_ALL,H4,500,3,7,1115.694360904924
8YP_H4_N500_P0_ALL_seed003,P0_ALL,H4,500,3,8,786.3023776882292
8YP_H4_N500_P0_ALL_seed003,P0_ALL,H4,500,3,9,110.95734299270862
8YP_H4_N500_P0_ALL_seed003,P0_ALL,H4,500,3,10,280.88549736609457
8YP_H4_N500_P0_ALL_seed003,P0_ALL,H4,500,3,11,143.79981370173755
8YP_H4_N500_P0_ALL_seed003,P0_ALL,H4,500,3,12,391.6944281828046
8YP_H4_N500_P0_ALL_seed003,P0_ALL,H4,500,3,13,78.3050571483518
8YP_H4_N500_P0_ALL_seed003,P0_ALL,H4,500,3,14,979.3982192313097
8YP_H4_N500_P0_ALL_seed003,P0_ALL,H4,500,3,15,818.9198102561559
8YP_H4_N500_P1_EQUAL_seed003,P1_EQUAL,H4,500,3,1,82.38393807574249
8YP_H4_N500_P1_EQUAL_seed003,P1_EQUAL,H4,500,3,2,133.9864003957809
8YP_H4_N500_P1_EQUAL_seed003,P1_EQUAL,H4,500,3,3,1066.2457955018542
8YP_H4_N500_P1_EQUAL_seed003,P1_EQUAL,H4,500,3,4,188.9690154246673
8YP_H4_N500_P1_EQUAL_seed003,P1_EQUAL,H4,500,3,5,382.7821776764963
8YP_H4_N500_P1_EQUAL_seed003,P1_EQUAL,H4,500,3,6,102.94397894504141
8YP_H4_N500_P1_EQUAL_seed003,P1_EQUAL,H4,500,3,7,1124.415363512567
8YP_H4_N500_P1_EQUAL_seed003,P1_EQUAL,H4,500,3,8,173.36356689017157
8YP_H4_N500_P1_EQUAL_seed003,P1_EQUAL,H4,500,3,9,1123.7192888348663
8YP_H4_N500_P1_EQUAL_seed003,P1_EQUAL,H4,500,3,10,1377.8514841631904
8YP_H4_N500_P1_EQUAL_seed003,P1_EQUAL,H4,500,3,11,110.59312856115594
8YP_H4_N500_P1_EQUAL_seed003,P1_EQUAL,H4,500,3,12,1708.3622444593084
8YP_H4_N500_P1_EQUAL_seed003,P1_EQUAL,H4,500,3,13,2009.2753711104533
8YP_H4_N500_P2_HASHPROP_seed003,P2_HASHPROP,H4,500,3,1,82.38393807574249
8YP_H4_N500_P2_HASHPROP_seed003,P2_HASHPROP,H4,500,3,2,133.9864003957809
8YP_H4_N500_P2_HASHPROP_seed003,P2_HASHPROP,H4,500,3,3,1025.8812344595108
8YP_H4_N500_P2_HASHPROP_seed003,P2_HASHPROP,H4,500,3,4,322.836567133432
8YP_H4_N500_P2_HASHPROP_seed003,P2_HASHPROP,H4,500,3,5,2317.1512079758263
8YP_H4_N500_P2_HASHPROP_seed003,P2_HASHPROP,H4,500,3,6,173.44104247390896
8YP_H4_N500_P2_HASHPROP_seed003,P2_HASHPROP,H4,500,3,7,1115.694360904924
8YP_H4_N500_P2_HASHPROP_seed003,P2_HASHPROP,H4,500,3,8,786.3023776882292
8YP_H4_N500_P2_HASHPROP_seed003,P2_HASHPROP,H4,500,3,9,110.95734299270862
8YP_H4_N500_P2_HASHPROP_seed003,P2_HASHPROP,H4,500,3,10,280.88549736609457
8YP_H4_N500_P2_HASHPROP_seed003,P2_HASHPROP,H4,500,3,11,143.79981370173755
8YP_H4_N500_P2_HASHPROP_seed003,P2_HASHPROP,H4,500,3,12,391.6944281828046
8YP_H4_N500_P2_HASHPROP_seed003,P2_HASHPROP,H4,500,3,13,78.3050571483518
8YP_H4_N500_P2_HASHPROP_seed003,P2_HASHPROP,H4,500,3,14,979.3982192313097
8YP_H4_N500_P2_HASHPROP_seed003,P2_HASHPROP,H4,500,3,15,818.9198102561559
8YP_H4_N500_P3_ENERGY_seed003,P3_ENERGY,H4,500,3,1,82.38393807574249
8YP_H4_N500_P3_ENERGY_seed003,P3_ENERGY,H4,500,3,2,133.9864003957809
8YP_H4_N500_P3_ENERGY_seed003,P3_ENERGY,H4,500,3,3,1528.5983119722364
8YP_H4_N500_P3_ENERGY_seed003,P3_ENERGY,H4,500,3,4,2316.9810432256936
8YP_H4_N500_P3_ENERGY_seed003,P3_ENERGY,H4,500,3,5,173.58172526342105
8YP_H4_N500_P3_ENERGY_seed003,P3_ENERGY,H4,500,3,6,1994.584445773512
8YP_H4_N500_P3_ENERGY_seed003,P3_ENERGY,H4,500,3,7,110.46242835241537
8YP_H4_N500_P3_ENERGY_seed003,P3_ENERGY,H4,500,3,8,747.0974518465773
8YP_H4_N500_P3_ENERGY_seed003,P3_ENERGY,H4,500,3,9,391.4828890807821
8YP_H4_N500_P3_ENERGY_seed003,P3_ENERGY,H4,500,3,10,78.89401039676068
8YP_H4_N500_P3_ENERGY_seed003,P3_ENERGY,H4,500,3,11,980.1654997068199
8YP_H4_N500_P3_ENERGY_seed003,P3_ENERGY,H4,500,3,12,817.2023722914837
8YP_H4_N500_P4_RESERVE_seed003,P4_RESERVE,H4,500,3,1,82.38393807574249
8YP_H4_N500_P4_RESERVE_seed003,P4_RESERVE,H4,500,3,2,133.9864003957809
8YP_H4_N500_P4_RESERVE_seed003,P4_RESERVE,H4,500,3,3,2436.2386154134947
8YP_H4_N500_P4_RESERVE_seed003,P4_RESERVE,H4,500,3,4,1331.2992043500158
8YP_H4_N500_P4_RESERVE_seed003,P4_RESERVE,H4,500,3,5,852.6174533929202
8YP_H4_N500_P4_RESERVE_seed003,P4_RESERVE,H4,500,3,6,2018.935394145119
8YP_H4_N500_P4_RESERVE_seed003,P4_RESERVE,H4,500,3,7,173.36521663221265
8YP_H4_N500_P4_RESERVE_seed003,P4_RESERVE,H4,500,3,8,2899.344142713514
8YP_H4_N500_POW_seed004,POW,H4,500,4,1,66.99492925226372
8YP_H4_N500_POW_seed004,POW,H4,500,4,2,668.5047252876716
8YP_H4_N500_POW_seed004,POW,H4,500,4,3,1607.4433920756214
8YP_H4_N500_POW_seed004,POW,H4,500,4,4,208.33956491944855
8YP_H4_N500_POW_seed004,POW,H4,500,4,5,2250.983428414468
8YP_H4_N500_POW_seed004,POW,H4,500,4,6,655.0971791391239
8YP_H4_N500_POW_seed004,POW,H4,500,4,7,609.0152546757017
8YP_H4_N500_POW_seed004,POW,H4,500,4,8,76.09191025455675
8YP_H4_N500_POW_seed004,POW,H4,500,4,9,343.4115857865936
8YP_H4_N500_POW_seed004,POW,H4,500,4,10,1245.5532427036433
8YP_H4_N500_POW_seed004,POW,H4,500,4,11,483.49678089483587
8YP_H4_N500_POW_seed004,POW,H4,500,4,12,259.4116236509399
8YP_H4_N500_POW_seed004,POW,H4,500,4,13,57.360213170550196
8YP_H4_N500_POW_seed004,POW,H4,500,4,14,347.6258591769747
8YP_H4_N500_POW_seed004,POW,H4,500,4,15,516.8631665121138
8YP_H4_N500_POW_seed004,POW,H4,500,4,16,510.03891214758005
8YP_H4_N500_POW_CT_seed004,POW_CT,H4,500,4,1,1613.027503473796
8YP_H4_N500_POW_CT_seed004,POW_CT,H4,500,4,2,21.12719982949011
8YP_H4_N500_POW_CT_seed004,POW_CT,H4,500,4,3,1839.8894008868779
8YP_H4_N500_POW_CT_seed004,POW_CT,H4,500,4,4,660.2962281386599
8YP_H4_N500_POW_CT_seed004,POW_CT,H4,500,4,5,1313.0592317594546
8YP_H4_N500_POW_CT_seed004,POW_CT,H4,500,4,6,240.54715030361695
8YP_H4_N500_POW_CT_seed004,POW_CT,H4,500,4,7,340.0376783977599
8YP_H4_N500_POW_CT_seed004,POW_CT,H4,500,4,8,1621.4475071238412
8YP_H4_N500_P0_ALL_seed004,P0_ALL,H4,500,4,1,66.99492925226372
8YP_H4_N500_P0_ALL_seed004,P0_ALL,H4,500,4,2,671.8149614665065
8YP_H4_N500_P0_ALL_seed004,P0_ALL,H4,500,4,3,1612.6004443325462
8YP_H4_N500_P0_ALL_seed004,P0_ALL,H4,500,4,4,208.33956491944855
8YP_H4_N500_P0_ALL_seed004,P0_ALL,H4,500,4,5,2261.7675442197133
8YP_H4_N500_P0_ALL_seed004,P0_ALL,H4,500,4,6,658.2067103227573
8YP_H4_N500_P0_ALL_seed004,P0_ALL,H4,500,4,7,611.7114038700402
8YP_H4_N500_P0_ALL_seed004,P0_ALL,H4,500,4,8,76.09191025455675
8YP_H4_N500_P0_ALL_seed004,P0_ALL,H4,500,4,9,343.4115857865936
8YP_H4_N500_P0_ALL_seed004,P0_ALL,H4,500,4,10,1251.9243235305812
8YP_H4_N500_P0_ALL_seed004,P0_ALL,H4,500,4,11,483.49678089483496
8YP_H4_N500_P0_ALL_seed004,P0_ALL,H4,500,4,12,259.4116236509399
8YP_H4_N500_P0_ALL_seed004,P0_ALL,H4,500,4,13,57.360213170550196
8YP_H4_N500_P0_ALL_seed004,P0_ALL,H4,500,4,14,347.6258591769747
8YP_H4_N500_P0_ALL_seed004,P0_ALL,H4,500,4,15,516.8631665121138
8YP_H4_N500_P0_ALL_seed004,P0_ALL,H4,500,4,16,510.03891214758005
8YP_H4_N500_P1_EQUAL_seed004,P1_EQUAL,H4,500,4,1,66.99492925226372
8YP_H4_N500_P1_EQUAL_seed004,P1_EQUAL,H4,500,4,2,287.06380956906133
8YP_H4_N500_P1_EQUAL_seed004,P1_EQUAL,H4,500,4,3,72.0576940799686
8YP_H4_N500_P1_EQUAL_seed004,P1_EQUAL,H4,500,4,4,1931.3120412607173
8YP_H4_N500_P1_EQUAL_seed004,P1_EQUAL,H4,500,4,5,416.1514671138798
8YP_H4_N500_P1_EQUAL_seed004,P1_EQUAL,H4,500,4,6,447.8943687601486
8YP_H4_N500_P1_EQUAL_seed004,P1_EQUAL,H4,500,4,7,1818.9249928770878
8YP_H4_N500_P1_EQUAL_seed004,P1_EQUAL,H4,500,4,8,871.739167628084
8YP_H4_N500_P1_EQUAL_seed004,P1_EQUAL,H4,500,4,9,825.4439414180661
8YP_H4_N500_P1_EQUAL_seed004,P1_EQUAL,H4,500,4,10,76.28666796826019
8YP_H4_N500_P1_EQUAL_seed004,P1_EQUAL,H4,500,4,11,686.4750570880033
8YP_H4_N500_P1_EQUAL_seed004,P1_EQUAL,H4,500,4,12,307.4570794562578
8YP_H4_N500_P1_EQUAL_seed004,P1_EQUAL,H4,500,4,13,907.2476381662018
8YP_H4_N500_P1_EQUAL_seed004,P1_EQUAL,H4,500,4,14,790.3583748456185
8YP_H4_N500_P2_HASHPROP_seed004,P2_HASHPROP,H4,500,4,1,66.99492925226372
8YP_H4_N500_P2_HASHPROP_seed004,P2_HASHPROP,H4,500,4,2,671.8149614665065
8YP_H4_N500_P2_HASHPROP_seed004,P2_HASHPROP,H4,500,4,3,1612.6004443325462
8YP_H4_N500_P2_HASHPROP_seed004,P2_HASHPROP,H4,500,4,4,208.33956491944855
8YP_H4_N500_P2_HASHPROP_seed004,P2_HASHPROP,H4,500,4,5,2261.7675442197133
8YP_H4_N500_P2_HASHPROP_seed004,P2_HASHPROP,H4,500,4,6,658.2067103227573
8YP_H4_N500_P2_HASHPROP_seed004,P2_HASHPROP,H4,500,4,7,611.7114038700402
8YP_H4_N500_P2_HASHPROP_seed004,P2_HASHPROP,H4,500,4,8,76.09191025455675
8YP_H4_N500_P2_HASHPROP_seed004,P2_HASHPROP,H4,500,4,9,343.4115857865936
8YP_H4_N500_P2_HASHPROP_seed004,P2_HASHPROP,H4,500,4,10,1251.9243235305812
8YP_H4_N500_P2_HASHPROP_seed004,P2_HASHPROP,H4,500,4,11,483.49678089483496
8YP_H4_N500_P2_HASHPROP_seed004,P2_HASHPROP,H4,500,4,12,259.4116236509399
8YP_H4_N500_P2_HASHPROP_seed004,P2_HASHPROP,H4,500,4,13,57.360213170550196
8YP_H4_N500_P2_HASHPROP_seed004,P2_HASHPROP,H4,500,4,14,347.6258591769747
8YP_H4_N500_P2_HASHPROP_seed004,P2_HASHPROP,H4,500,4,15,516.8631665121138
8YP_H4_N500_P2_HASHPROP_seed004,P2_HASHPROP,H4,500,4,16,510.03891214758005
8YP_H4_N500_P3_ENERGY_seed004,P3_ENERGY,H4,500,4,1,1591.3501454439104
8YP_H4_N500_P3_ENERGY_seed004,P3_ENERGY,H4,500,4,2,2241.2088943480812
8YP_H4_N500_P3_ENERGY_seed004,P3_ENERGY,H4,500,4,3,3067.5654623119376
8YP_H4_N500_P3_ENERGY_seed004,P3_ENERGY,H4,500,4,4,612.0735079499736
8YP_H4_N500_P3_ENERGY_seed004,P3_ENERGY,H4,500,4,5,76.13842127165117
8YP_H4_N500_P4_RESERVE_seed004,P4_RESERVE,H4,500,4,1,376.9949292522637
8YP_H4_N500_P4_RESERVE_seed004,P4_RESERVE,H4,500,4,2,1899.3784325167017
8YP_H4_N500_P4_RESERVE_seed004,P4_RESERVE,H4,500,4,3,678.4766599352165
8YP_H4_N500_P4_RESERVE_seed004,P4_RESERVE,H4,500,4,4,1917.0734930520111
8YP_H4_N500_P4_RESERVE_seed004,P4_RESERVE,H4,500,4,5,433.352096623149
8YP_H4_N500_P4_RESERVE_seed004,P4_RESERVE,H4,500,4,6,2321.1686563817775
8YP_H4_N500_P4_RESERVE_seed004,P4_RESERVE,H4,500,4,7,760.9631358646702
8YP_H4_N500_P4_RESERVE_seed004,P4_RESERVE,H4,500,4,8,1565.404339322211
8YP_H4_N500_POW_seed005,POW,H4,500,5,1,610.34129091993
8YP_H4_N500_POW_seed005,POW,H4,500,5,2,81.99270868194196
8YP_H4_N500_POW_seed005,POW,H4,500,5,3,378.4024097853114
8YP_H4_N500_POW_seed005,POW,H4,500,5,4,642.6660050921771
8YP_H4_N500_POW_seed005,POW,H4,500,5,5,33.33399053003723
8YP_H4_N500_POW_seed005,POW,H4,500,5,6,14.033559010932777
8YP_H4_N500_POW_seed005,POW,H4,500,5,7,90.51464604948228
8YP_H4_N500_POW_seed005,POW,H4,500,5,8,349.15153865607977
8YP_H4_N500_POW_seed005,POW,H4,500,5,9,142.3032882683592
8YP_H4_N500_POW_seed005,POW,H4,500,5,10,195.03650726204842
8YP_H4_N500_POW_seed005,POW,H4,500,5,11,228.0230399430411
8YP_H4_N500_POW_seed005,POW,H4,500,5,12,852.058641351512
8YP_H4_N500_POW_seed005,POW,H4,500,5,13,582.7082050308263
8YP_H4_N500_POW_seed005,POW,H4,500,5,14,49.96522907141389
8YP_H4_N500_POW_seed005,POW,H4,500,5,15,629.4137490128305
8YP_H4_N500_POW_seed005,POW,H4,500,5,16,2338.406634641281
8YP_H4_N500_POW_seed005,POW,H4,500,5,17,711.0129908592162
8YP_H4_N500_POW_seed005,POW,H4,500,5,18,468.13703462333706
8YP_H4_N500_POW_seed005,POW,H4,500,5,19,291.86046605788033
8YP_H4_N500_POW_seed005,POW,H4,500,5,20,539.0477640451045
8YP_H4_N500_POW_CT_seed005,POW_CT,H4,500,5,1,597.7521618619014
8YP_H4_N500_POW_CT_seed005,POW_CT,H4,500,5,2,633.0849174652874
8YP_H4_N500_POW_CT_seed005,POW_CT,H4,500,5,3,330.8690054368253
8YP_H4_N500_POW_CT_seed005,POW_CT,H4,500,5,4,478.30473824931255
8YP_H4_N500_POW_CT_seed005,POW_CT,H4,500,5,5,90.45355177325723
8YP_H4_N500_POW_CT_seed005,POW_CT,H4,500,5,6,415.76039418190294
8YP_H4_N500_POW_CT_seed005,POW_CT,H4,500,5,7,798.8349113384975
8YP_H4_N500_POW_CT_seed005,POW_CT,H4,500,5,8,275.3415657413393
8YP_H4_N500_POW_CT_seed005,POW_CT,H4,500,5,9,37.02291424279929
8YP_H4_N500_POW_CT_seed005,POW_CT,H4,500,5,10,137.781752737244
8YP_H4_N500_POW_CT_seed005,POW_CT,H4,500,5,11,2650.5094353689838
8YP_H4_N500_POW_CT_seed005,POW_CT,H4,500,5,12,320.91661307925824
8YP_H4_N500_POW_CT_seed005,POW_CT,H4,500,5,13,1423.170326600166
8YP_H4_N500_POW_CT_seed005,POW_CT,H4,500,5,14,96.00665774951995
8YP_H4_N500_POW_CT_seed005,POW_CT,H4,500,5,15,203.19732803404258
8YP_H4_N500_POW_CT_seed005,POW_CT,H4,500,5,16,335.1728554202273
8YP_H4_N500_P0_ALL_seed005,P0_ALL,H4,500,5,1,610.819727746786
8YP_H4_N500_P0_ALL_seed005,P0_ALL,H4,500,5,2,81.99270868194196
8YP_H4_N500_P0_ALL_seed005,P0_ALL,H4,500,5,3,378.4024097853114
8YP_H4_N500_P0_ALL_seed005,P0_ALL,H4,500,5,4,646.9862895282367
8YP_H4_N500_P0_ALL_seed005,P0_ALL,H4,500,5,5,33.33399053003723
8YP_H4_N500_P0_ALL_seed005,P0_ALL,H4,500,5,6,14.033559010932777
8YP_H4_N500_P0_ALL_seed005,P0_ALL,H4,500,5,7,90.51464604948228
8YP_H4_N500_P0_ALL_seed005,P0_ALL,H4,500,5,8,349.15153865607954
8YP_H4_N500_P0_ALL_seed005,P0_ALL,H4,500,5,9,142.3032882683592
8YP_H4_N500_P0_ALL_seed005,P0_ALL,H4,500,5,10,195.03650726204842
8YP_H4_N500_P0_ALL_seed005,P0_ALL,H4,500,5,11,228.0230399430411
8YP_H4_N500_P0_ALL_seed005,P0_ALL,H4,500,5,12,853.7767548508887
8YP_H4_N500_P0_ALL_seed005,P0_ALL,H4,500,5,13,582.7082050308263
8YP_H4_N500_P0_ALL_seed005,P0_ALL,H4,500,5,14,49.96522907141389
8YP_H4_N500_P0_ALL_seed005,P0_ALL,H4,500,5,15,631.3132747582295
8YP_H4_N500_P0_ALL_seed005,P0_ALL,H4,500,5,16,2347.109982415861
8YP_H4_N500_P0_ALL_seed005,P0_ALL,H4,500,5,17,713.3649397372865
8YP_H4_N500_P0_ALL_seed005,P0_ALL,H4,500,5,18,468.13703462333615
8YP_H4_N500_P0_ALL_seed005,P0_ALL,H4,500,5,19,291.86046605788033
8YP_H4_N500_P0_ALL_seed005,P0_ALL,H4,500,5,20,539.0477640451045
8YP_H4_N500_P1_EQUAL_seed005,P1_EQUAL,H4,500,5,1,824.8581892852476
8YP_H4_N500_P1_EQUAL_seed005,P1_EQUAL,H4,500,5,2,570.2648936908645
8YP_H4_N500_P1_EQUAL_seed005,P1_EQUAL,H4,500,5,3,378.4024097853114
8YP_H4_N500_P1_EQUAL_seed005,P1_EQUAL,H4,500,5,4,3.0850892080202357
8YP_H4_N500_P1_EQUAL_seed005,P1_EQUAL,H4,500,5,5,884.0010738064341
8YP_H4_N500_P1_EQUAL_seed005,P1_EQUAL,H4,500,5,6,14.033559010933004
8YP_H4_N500_P1_EQUAL_seed005,P1_EQUAL,H4,500,5,7,45.73693443329603
8YP_H4_N500_P1_EQUAL_seed005,P1_EQUAL,H4,500,5,8,696.6554428783666
8YP_H4_N500_P1_EQUAL_seed005,P1_EQUAL,H4,500,5,9,142.3032882683592
8YP_H4_N500_P1_EQUAL_seed005,P1_EQUAL,H4,500,5,10,195.03650726204842
8YP_H4_N500_P1_EQUAL_seed005,P1_EQUAL,H4,500,5,11,455.83091357072817
8YP_H4_N500_P1_EQUAL_seed005,P1_EQUAL,H4,500,5,12,1067.815216389351
8YP_H4_N500_P1_EQUAL_seed005,P1_EQUAL,H4,500,5,13,197.2028884097581
8YP_H4_N500_P1_EQUAL_seed005,P1_EQUAL,H4,500,5,14,49.96522907141389
8YP_H4_N500_P1_EQUAL_seed005,P1_EQUAL,H4,500,5,15,4252.7051569761825
8YP_H4_N500_P2_HASHPROP_seed005,P2_HASHPROP,H4,500,5,1,610.819727746786
8YP_H4_N500_P2_HASHPROP_seed005,P2_HASHPROP,H4,500,5,2,81.99270868194196
8YP_H4_N500_P2_HASHPROP_seed005,P2_HASHPROP,H4,500,5,3,378.4024097853114
8YP_H4_N500_P2_HASHPROP_seed005,P2_HASHPROP,H4,500,5,4,646.9862895282367
8YP_H4_N500_P2_HASHPROP_seed005,P2_HASHPROP,H4,500,5,5,33.33399053003723
8YP_H4_N500_P2_HASHPROP_seed005,P2_HASHPROP,H4,500,5,6,14.033559010932777
8YP_H4_N500_P2_HASHPROP_seed005,P2_HASHPROP,H4,500,5,7,90.51464604948228
8YP_H4_N500_P2_HASHPROP_seed005,P2_HASHPROP,H4,500,5,8,349.15153865607954
8YP_H4_N500_P2_HASHPROP_seed005,P2_HASHPROP,H4,500,5,9,142.3032882683592
8YP_H4_N500_P2_HASHPROP_seed005,P2_HASHPROP,H4,500,5,10,195.03650726204842
8YP_H4_N500_P2_HASHPROP_seed005,P2_HASHPROP,H4,500,5,11,228.0230399430411
8YP_H4_N500_P2_HASHPROP_seed005,P2_HASHPROP,H4,500,5,12,853.7767548508887
8YP_H4_N500_P2_HASHPROP_seed005,P2_HASHPROP,H4,500,5,13,582.7082050308263
8YP_H4_N500_P2_HASHPROP_seed005,P2_HASHPROP,H4,500,5,14,49.96522907141389
8YP_H4_N500_P2_HASHPROP_seed005,P2_HASHPROP,H4,500,5,15,631.3132747582295
8YP_H4_N500_P2_HASHPROP_seed005,P2_HASHPROP,H4,500,5,16,2347.109982415861
8YP_H4_N500_P2_HASHPROP_seed005,P2_HASHPROP,H4,500,5,17,713.3649397372865
8YP_H4_N500_P2_HASHPROP_seed005,P2_HASHPROP,H4,500,5,18,468.13703462333615
8YP_H4_N500_P2_HASHPROP_seed005,P2_HASHPROP,H4,500,5,19,291.86046605788033
8YP_H4_N500_P2_HASHPROP_seed005,P2_HASHPROP,H4,500,5,20,539.0477640451045
8YP_H4_N500_P3_ENERGY_seed005,P3_ENERGY,H4,500,5,1,610.819727746786
8YP_H4_N500_P3_ENERGY_seed005,P3_ENERGY,H4,500,5,2,81.99270868194196
8YP_H4_N500_P3_ENERGY_seed005,P3_ENERGY,H4,500,5,3,378.4024097853114
8YP_H4_N500_P3_ENERGY_seed005,P3_ENERGY,H4,500,5,4,645.5915074184097
8YP_H4_N500_P3_ENERGY_seed005,P3_ENERGY,H4,500,5,5,2553.592930756644
8YP_H4_N500_P3_ENERGY_seed005,P3_ENERGY,H4,500,5,6,195.16455996181503
8YP_H4_N500_P3_ENERGY_seed005,P3_ENERGY,H4,500,5,7,1456.5078874122473
8YP_H4_N500_P3_ENERGY_seed005,P3_ENERGY,H4,500,5,8,651.8567214174591
8YP_H4_N500_P3_ENERGY_seed005,P3_ENERGY,H4,500,5,9,630.42006122166
8YP_H4_N500_P4_RESERVE_seed005,P4_RESERVE,H4,500,5,1,1520.819727746786
8YP_H4_N500_P4_RESERVE_seed005,P4_RESERVE,H4,500,5,2,81.99270868194208
8YP_H4_N500_P4_RESERVE_seed005,P4_RESERVE,H4,500,5,3,378.4024097853114
8YP_H4_N500_P4_RESERVE_seed005,P4_RESERVE,H4,500,5,4,1553.1620976420645
8YP_H4_N500_P4_RESERVE_seed005,P4_RESERVE,H4,500,5,5,2127.1123073565377
8YP_H4_N500_P4_RESERVE_seed005,P4_RESERVE,H4,500,5,6,400.4409577673496
8YP_H4_N500_P4_RESERVE_seed005,P4_RESERVE,H4,500,5,7,141.97450153766658
8YP_H4_N500_P4_RESERVE_seed005,P4_RESERVE,H4,500,5,8,194.97153047965185
8YP_H4_N500_P4_RESERVE_seed005,P4_RESERVE,H4,500,5,9,2040.376269539811
8YP_H4_N500_P4_RESERVE_seed005,P4_RESERVE,H4,500,5,10,251.3320434772504
8YP_H4_N500_P4_RESERVE_seed005,P4_RESERVE,H4,500,5,11,957.5039389525118
8YP_H4_N500_P4_RESERVE_seed005,P4_RESERVE,H4,500,5,12,50.23791157396772
8YP_H4_N500_POW_seed006,POW,H4,500,6,1,265.8243750683295
8YP_H4_N500_POW_seed006,POW,H4,500,6,2,19.5212327202222
8YP_H4_N500_POW_seed006,POW,H4,500,6,3,1126.7237751450327
8YP_H4_N500_POW_seed006,POW,H4,500,6,4,1004.0783267932964
8YP_H4_N500_POW_seed006,POW,H4,500,6,5,2215.672965986595
8YP_H4_N500_POW_seed006,POW,H4,500,6,6,54.878131967347144
8YP_H4_N500_POW_seed006,POW,H4,500,6,7,606.2569995815202
8YP_H4_N500_POW_seed006,POW,H4,500,6,8,197.7325750927921
8YP_H4_N500_POW_seed006,POW,H4,500,6,9,379.22470320483535
8YP_H4_N500_POW_seed006,POW,H4,500,6,10,1846.0163702487507
8YP_H4_N500_POW_seed006,POW,H4,500,6,11,1012.9111127917195
8YP_H4_N500_POW_CT_seed006,POW_CT,H4,500,6,1,1099.1760276583798
8YP_H4_N500_POW_CT_seed006,POW_CT,H4,500,6,2,3740.2843602069142
8YP_H4_N500_POW_CT_seed006,POW_CT,H4,500,6,3,120.28275959839084
8YP_H4_N500_POW_CT_seed006,POW_CT,H4,500,6,4,55.69921583413998
8YP_H4_N500_POW_CT_seed006,POW_CT,H4,500,6,5,92.22766224761381
8YP_H4_N500_POW_CT_seed006,POW_CT,H4,500,6,6,321.7752370464441
8YP_H4_N500_POW_CT_seed006,POW_CT,H4,500,6,7,2514.0106320606083
8YP_H4_N500_POW_CT_seed006,POW_CT,H4,500,6,8,305.54193499223857
8YP_H4_N500_POW_CT_seed006,POW_CT,H4,500,6,9,87.08173484115832
8YP_H4_N500_POW_CT_seed006,POW_CT,H4,500,6,10,1098.033323952728
8YP_H4_N500_POW_CT_seed006,POW_CT,H4,500,6,11,56.03253818272606
8YP_H4_N500_P0_ALL_seed006,P0_ALL,H4,500,6,1,265.8243750683295
8YP_H4_N500_P0_ALL_seed006,P0_ALL,H4,500,6,2,19.5212327202222
8YP_H4_N500_P0_ALL_seed006,P0_ALL,H4,500,6,3,1128.477420929978
8YP_H4_N500_P0_ALL_seed006,P0_ALL,H4,500,6,4,1005.7093171347833
8YP_H4_N500_P0_ALL_seed006,P0_ALL,H4,500,6,5,2224.802956330649
8YP_H4_N500_P0_ALL_seed006,P0_ALL,H4,500,6,6,54.878131967347144
8YP_H4_N500_P0_ALL_seed006,P0_ALL,H4,500,6,7,608.1603056417589
8YP_H4_N500_P0_ALL_seed006,P0_ALL,H4,500,6,8,197.7325750927921
8YP_H4_N500_P0_ALL_seed006,P0_ALL,H4,500,6,9,379.22470320483535
8YP_H4_N500_P0_ALL_seed006,P0_ALL,H4,500,6,10,1854.6534861758391
8YP_H4_N500_P0_ALL_seed006,P0_ALL,H4,500,6,11,1015.1447242003851
8YP_H4_N500_P1_EQUAL_seed006,P1_EQUAL,H4,500,6,1,531.6487800366988
8YP_H4_N500_P1_EQUAL_seed006,P1_EQUAL,H4,500,6,2,38.755872075496086
8YP_H4_N500_P1_EQUAL_seed006,P1_EQUAL,H4,500,6,3,878.7777898459723
8YP_H4_N500_P1_EQUAL_seed006,P1_EQUAL,H4,500,6,4,900.0653009896737
8YP_H4_N500_P1_EQUAL_seed006,P1_EQUAL,H4,500,6,5,1259.0658007218035
8YP_H4_N500_P1_EQUAL_seed006,P1_EQUAL,H4,500,6,6,1488.2097488962904
8YP_H4_N500_P1_EQUAL_seed006,P1_EQUAL,H4,500,6,7,54.70828786169113
8YP_H4_N500_P1_EQUAL_seed006,P1_EQUAL,H4,500,6,8,828.2179786670804
8YP_H4_N500_P1_EQUAL_seed006,P1_EQUAL,H4,500,6,9,118.42322094595784
8YP_H4_N500_P1_EQUAL_seed006,P1_EQUAL,H4,500,6,10,459.6368452350389
8YP_H4_N500_P1_EQUAL_seed006,P1_EQUAL,H4,500,6,11,2464.692821713141
8YP_H4_N500_P2_HASHPROP_seed006,P2_HASHPROP,H4,500,6,1,265.8243750683295
8YP_H4_N500_P2_HASHPROP_seed006,P2_HASHPROP,H4,500,6,2,19.5212327202222
8YP_H4_N500_P2_HASHPROP_seed006,P2_HASHPROP,H4,500,6,3,1128.477420929978
8YP_H4_N500_P2_HASHPROP_seed006,P2_HASHPROP,H4,500,6,4,1005.7093171347833
8YP_H4_N500_P2_HASHPROP_seed006,P2_HASHPROP,H4,500,6,5,2224.802956330649
8YP_H4_N500_P2_HASHPROP_seed006,P2_HASHPROP,H4,500,6,6,54.878131967347144
8YP_H4_N500_P2_HASHPROP_seed006,P2_HASHPROP,H4,500,6,7,608.1603056417589
8YP_H4_N500_P2_HASHPROP_seed006,P2_HASHPROP,H4,500,6,8,197.7325750927921
8YP_H4_N500_P2_HASHPROP_seed006,P2_HASHPROP,H4,500,6,9,379.22470320483535
8YP_H4_N500_P2_HASHPROP_seed006,P2_HASHPROP,H4,500,6,10,1854.6534861758391
8YP_H4_N500_P2_HASHPROP_seed006,P2_HASHPROP,H4,500,6,11,1015.1447242003851
8YP_H4_N500_P3_ENERGY_seed006,P3_ENERGY,H4,500,6,1,901.6535821722139
8YP_H4_N500_P3_ENERGY_seed006,P3_ENERGY,H4,500,6,2,2210.5266630814276
8YP_H4_N500_P3_ENERGY_seed006,P3_ENERGY,H4,500,6,3,2223.6633683611853
8YP_H4_N500_P3_ENERGY_seed006,P3_ENERGY,H4,500,6,4,54.86659321334173
8YP_H4_N500_P3_ENERGY_seed006,P3_ENERGY,H4,500,6,5,2185.756114005263
8YP_H4_N500_P3_ENERGY_seed006,P3_ENERGY,H4,500,6,6,1853.1805264846353
8YP_H4_N500_P4_RESERVE_seed006,P4_RESERVE,H4,500,6,1,1175.8243750683296
8YP_H4_N500_P4_RESERVE_seed006,P4_RESERVE,H4,500,6,2,302.2021015962748
8YP_H4_N500_P4_RESERVE_seed006,P4_RESERVE,H4,500,6,3,629.2346159741758
8YP_H4_N500_P4_RESERVE_seed006,P4_RESERVE,H4,500,6,4,2036.0732806529427
8YP_H4_N500_P4_RESERVE_seed006,P4_RESERVE,H4,500,6,5,402.90368964264144
8YP_H4_N500_P4_RESERVE_seed006,P4_RESERVE,H4,500,6,6,3131.549783393635
8YP_H4_N500_P4_RESERVE_seed006,P4_RESERVE,H4,500,6,7,54.70828786169113
8YP_H4_N500_P4_RESERVE_seed006,P4_RESERVE,H4,500,6,8,2096.221434927269
