run_id,scenario,scientific_semantics_hash,run_execution_hash,seed,accepted_blocks,pmg_rows,retained_full_log
S5B2-00000,B0,5003b4e7ac90b8cc,d8993b9648007f88,20260201,14,1700,True
S5B2-00001,B0,5003b4e7ac90b8cc,b27f1e13d593a2d7,20260202,16,1800,True
S5B2-00002,B0,5003b4e7ac90b8cc,a85d5df0c6096599,20260203,14,1700,False
S5B2-00003,B0,5003b4e7ac90b8cc,4c972af9e1ed7fd4,20260204,19,2300,False
S5B2-00004,B0,5003b4e7ac90b8cc,3deefaad4b45784b,20260205,15,2000,False
S5B2-00005,B0,5003b4e7ac90b8cc,c748fbd2c81a54d4,20260206,18,2100,False
S5B2-00006,B0,5003b4e7ac90b8cc,e7aed4d797badc8f,20260207,18,2100,False
S5B2-00007,B0,5003b4e7ac90b8cc,5cf7aa7d4344e41f,20260208,11,1500,False
S5B2-00008,B0,5003b4e7ac90b8cc,28c514e0b53dc462,20260209,18,2100,False
S5B2-00009,B0,5003b4e7ac90b8cc,b7576846774fe7a9,20260210,18,2200,False
S5B2-00010,B0,5003b4e7ac90b8cc,4cf905fcd6f456a6,20260211,13,1700,False
S5B2-00011,B0,5003b4e7ac90b8cc,16b86ee58d90919c,20260212,17,2000,False
S5B2-00012,B0,5003b4e7ac90b8cc,d23d99c26b53c27b,20260213,15,1800,False
S5B2-00013,B0,5003b4e7ac90b8cc,8bd048ea631a449d,20260214,13,1600,False
S5B2-00014,B0,5003b4e7ac90b8cc,6faa92b13e9d3930,20260215,20,2300,False
S5B2-00015,B0,5003b4e7ac90b8cc,66eae31a1a7a7fa4,20260216,18,2000,False
S5B2-00016,B0,5003b4e7ac90b8cc,91f0fa5667a9bf2a,20260217,22,2400,False
S5B2-00017,B0,5003b4e7ac90b8cc,4a7c441eb559307a,20260218,15,1900,False
S5B2-00018,B0,5003b4e7ac90b8cc,6df3878b9c92599e,20260219,19,2300,False
S5B2-00019,B0,5003b4e7ac90b8cc,039f730d90f49acc,20260220,19,2200,False
S5B2-00020,B0,5003b4e7ac90b8cc,342c62d58404bc56,20260221,20,2400,False
S5B2-00021,B0,5003b4e7ac90b8cc,75582c3aca345209,20260222,13,1900,False
S5B2-00022,B0,5003b4e7ac90b8cc,a97ae17ce34377c9,20260223,20,2200,False
S5B2-00023,B0,5003b4e7ac90b8cc,556c00af38421a6c,20260224,20,2200,False
S5B2-00024,B0,5003b4e7ac90b8cc,26c3f56c4d82dbde,20260225,24,2600,False
S5B2-00025,B0,5003b4e7ac90b8cc,ed13fa86ba44efa6,20260226,24,2700,False
S5B2-00026,B0,5003b4e7ac90b8cc,09a394f61683e326,20260227,14,1900,False
S5B2-00027,B0,5003b4e7ac90b8cc,590b1e1dc2044c35,20260228,22,2500,False
S5B2-00028,B0,5003b4e7ac90b8cc,9218185ddba2aad9,20260229,15,1900,False
S5B2-00029,B0,5003b4e7ac90b8cc,62d72cdfd29784ef,20260230,11,1600,False
S5B2-00030,B0,22420a1fc1ef132e,85d6069bbc94c36a,20260201,14,3400,True
S5B2-00031,B0,22420a1fc1ef132e,e6a5225a0758dc91,20260202,18,4000,False
S5B2-00032,B0,22420a1fc1ef132e,7e11621d9fd2e3f5,20260203,14,3400,False
S5B2-00033,B0,22420a1fc1ef132e,2db3afb3febc1d1d,20260204,18,4400,False
S5B2-00034,B0,22420a1fc1ef132e,1d0dcee53cee8d75,20260205,13,3600,False
S5B2-00035,B0,22420a1fc1ef132e,8099a9119a17d585,20260206,17,3800,False
S5B2-00036,B0,22420a1fc1ef132e,973de7e424879a9a,20260207,20,4600,False
S5B2-00037,B0,22420a1fc1ef132e,8ace3d006bfceb2b,20260208,12,3200,False
S5B2-00038,B0,22420a1fc1ef132e,558e443b60fa16d5,20260209,16,3600,False
S5B2-00039,B0,22420a1fc1ef132e,155fdbe90046a908,20260210,17,4000,False
S5B2-00040,B0,22420a1fc1ef132e,1c95a2c7a091c5b6,20260211,14,3600,False
S5B2-00041,B0,22420a1fc1ef132e,1ebaa32d13843cb6,20260212,21,4800,False
S5B2-00042,B0,22420a1fc1ef132e,d4768aacbbc52dc4,20260213,17,4000,False
S5B2-00043,B0,22420a1fc1ef132e,4cc026b70e52b411,20260214,15,3800,False
S5B2-00044,B0,22420a1fc1ef132e,a5e2b9135cbd91e5,20260215,21,4800,False
S5B2-00045,B0,22420a1fc1ef132e,bc2a61db6eb5865a,20260216,18,4200,False
S5B2-00046,B0,22420a1fc1ef132e,80e80a9bbe4bdf53,20260217,20,4400,False
S5B2-00047,B0,22420a1fc1ef132e,32c9c42e91694ac3,20260218,14,3600,False
S5B2-00048,B0,22420a1fc1ef132e,7773fbfd7fc487bd,20260219,18,4400,False
S5B2-00049,B0,22420a1fc1ef132e,da0c8cfc5f41fb54,20260220,19,4400,False
S5B2-00050,B0,22420a1fc1ef132e,8be4695f8ddb0d38,20260221,20,4800,False
S5B2-00051,B0,22420a1fc1ef132e,38054dfe16df3f39,20260222,13,3600,False
S5B2-00052,B0,22420a1fc1ef132e,2893ceb9d210021b,20260223,20,4400,False
S5B2-00053,B0,22420a1fc1ef132e,30fcd4b5653c77ec,20260224,21,4600,False
S5B2-00054,B0,22420a1fc1ef132e,051809000697b4cf,20260225,23,5000,False
S5B2-00055,B0,22420a1fc1ef132e,4d66a5d1b1b5c5b0,20260226,24,5200,False
S5B2-00056,B0,22420a1fc1ef132e,437d90e1864c2fb2,20260227,15,4000,False
S5B2-00057,B0,22420a1fc1ef132e,1cd8e57010c28329,20260228,21,4600,False
S5B2-00058,B0,22420a1fc1ef132e,3f6c5ae525b3a0f8,20260229,15,3800,False
S5B2-00059,B0,22420a1fc1ef132e,0075dc0804f43b22,20260230,15,4000,False
S5B2-00060,B0,b1e950f9d0616478,c94b52aa019374e7,20260201,16,6000,True
S5B2-00061,B0,b1e950f9d0616478,1ff5dd756c43005e,20260202,15,5100,False
S5B2-00062,B0,b1e950f9d0616478,a9b378c4d6f0e2b2,20260203,15,5700,False
S5B2-00063,B0,b1e950f9d0616478,160ffd420a6d8ba0,20260204,17,6000,False
S5B2-00064,B0,b1e950f9d0616478,61c9994246256f53,20260205,16,6300,False
S5B2-00065,B0,b1e950f9d0616478,fa8090ade8989715,20260206,23,7800,False
S5B2-00066,B0,b1e950f9d0616478,09f8fc21ccea6f31,20260207,19,6600,False
S5B2-00067,B0,b1e950f9d0616478,493c17b46fbcde0e,20260208,11,4500,False
S5B2-00068,B0,b1e950f9d0616478,bb28d644ea970a10,20260209,22,7500,False
S5B2-00069,B0,b1e950f9d0616478,f78d706fbda5ca62,20260210,16,5700,False
S5B2-00070,B0,b1e950f9d0616478,d215b8fff939dc23,20260211,14,5400,False
S5B2-00071,B0,b1e950f9d0616478,606548585823f972,20260212,22,7500,False
S5B2-00072,B0,b1e950f9d0616478,e1749a69becb02bd,20260213,17,6000,False
S5B2-00073,B0,b1e950f9d0616478,4c7970ec3ce94765,20260214,13,4800,False
S5B2-00074,B0,b1e950f9d0616478,dd98f0f932861584,20260215,23,7800,False
S5B2-00075,B0,b1e950f9d0616478,898826e3c46eac67,20260216,19,6600,False
S5B2-00076,B0,b1e950f9d0616478,a23aa09375c42045,20260217,22,7500,False
S5B2-00077,B0,b1e950f9d0616478,cfa27b896c4787a8,20260218,18,6600,False
S5B2-00078,B0,b1e950f9d0616478,f42c9846191edc8c,20260219,16,6000,False
S5B2-00079,B0,b1e950f9d0616478,0e847d128522d6e2,20260220,18,6300,False
S5B2-00080,B0,b1e950f9d0616478,49ff5b54d6d63172,20260221,17,6000,False
S5B2-00081,B0,b1e950f9d0616478,bdd7af3217521830,20260222,13,5400,False
S5B2-00082,B0,b1e950f9d0616478,f810cd7fce2f88fe,20260223,15,5100,False
S5B2-00083,B0,b1e950f9d0616478,cb1f9a65df1f24ac,20260224,18,6000,False
S5B2-00084,B0,b1e950f9d0616478,099fc38cdde0a3a2,20260225,27,8700,False
S5B2-00085,B0,b1e950f9d0616478,bc67fe264cd84dbb,20260226,23,7500,False
S5B2-00086,B0,b1e950f9d0616478,986c023d3d203e51,20260227,14,5400,False
S5B2-00087,B0,b1e950f9d0616478,1e1e550daa9e4122,20260228,21,6900,False
S5B2-00088,B0,b1e950f9d0616478,456a006aad13c507,20260229,16,6300,False
S5B2-00089,B0,b1e950f9d0616478,fb503b604be17c57,20260230,11,4800,False
S5B2-00090,B0,78242c651af4cbad,c9f7735e04e2792f,20260201,14,6800,True
S5B2-00091,B0,78242c651af4cbad,ca24500b89a41607,20260202,19,8400,False
S5B2-00092,B0,78242c651af4cbad,030b442735d28b66,20260203,14,7200,False
S5B2-00093,B0,78242c651af4cbad,d588fa721e1546d5,20260204,17,8400,False
S5B2-00094,B0,78242c651af4cbad,5ffc5aa042b8cd05,20260205,13,7200,False
S5B2-00095,B0,78242c651af4cbad,46666a0c6990b8c8,20260206,17,7600,False
S5B2-00096,B0,78242c651af4cbad,f92d71d530c9540a,20260207,19,8800,False
S5B2-00097,B0,78242c651af4cbad,0a89025e12aabc49,20260208,13,6800,False
S5B2-00098,B0,78242c651af4cbad,012a7b41c120e03b,20260209,22,10000,False
S5B2-00099,B0,78242c651af4cbad,e3fcbeec71ff17fa,20260210,17,8400,False
S5B2-00100,B0,78242c651af4cbad,cf2f8c762b660fef,20260211,14,7600,False
S5B2-00101,B0,78242c651af4cbad,fbc318a0504af8df,20260212,16,7600,False
S5B2-00102,B0,78242c651af4cbad,6212b2d10a22ce1a,20260213,22,10400,False
S5B2-00103,B0,78242c651af4cbad,0274c1a1170c242d,20260214,13,6400,False
S5B2-00104,B0,78242c651af4cbad,5f4bf2ba97398bfb,20260215,17,8000,True
S5B2-00105,B0,78242c651af4cbad,769e1a63fc2904f6,20260216,18,8000,False
S5B2-00106,B0,78242c651af4cbad,515d42886413b122,20260217,22,9600,False
S5B2-00107,B0,78242c651af4cbad,067ed6e33a1caf26,20260218,17,8400,False
S5B2-00108,B0,78242c651af4cbad,182c98e352d77c17,20260219,17,8400,False
S5B2-00109,B0,78242c651af4cbad,c503db3c83604eef,20260220,17,8000,False
S5B2-00110,B0,78242c651af4cbad,88f4f2f138c49643,20260221,20,9600,False
S5B2-00111,B0,78242c651af4cbad,a41fb432aed242d4,20260222,12,6400,False
S5B2-00112,B0,78242c651af4cbad,9df063e9a6b0f42d,20260223,16,7200,False
S5B2-00113,B0,78242c651af4cbad,8997a23569e4908d,20260224,19,8400,False
S5B2-00114,B0,78242c651af4cbad,2ea00688e8ed60cc,20260225,26,11200,False
S5B2-00115,B0,78242c651af4cbad,6b9a25392fcbf8a6,20260226,26,11600,False
S5B2-00116,B0,78242c651af4cbad,c34da6c2e1bd7b03,20260227,15,8000,False
S5B2-00117,B0,78242c651af4cbad,75a424ce8e1edfb6,20260228,21,9200,False
S5B2-00118,B0,78242c651af4cbad,f4565b55dfde37da,20260229,15,8000,False
S5B2-00119,B0,78242c651af4cbad,b10acd322af66e6e,20260230,13,7200,False
S5B2-00120,B0,9031e611a388f66d,344911f66ce8acff,20260201,15,9500,True
S5B2-00121,B0,9031e611a388f66d,426ed20e100a560e,20260202,20,11000,False
S5B2-00122,B0,9031e611a388f66d,bbee415b915be245,20260203,17,10500,False
S5B2-00123,B0,9031e611a388f66d,343f3ef1213623f6,20260204,17,9500,False
S5B2-00124,B0,9031e611a388f66d,4a7e7129bc0c1d87,20260205,11,8000,False
S5B2-00125,B0,9031e611a388f66d,24a2d590b2229733,20260206,24,13500,False
S5B2-00126,B0,9031e611a388f66d,ebcb19333cdf4019,20260207,18,10500,False
S5B2-00127,B0,9031e611a388f66d,be467f5a9d635ca8,20260208,15,9500,False
S5B2-00128,B0,9031e611a388f66d,21a5f8ea48a564d6,20260209,18,10500,False
S5B2-00129,B0,9031e611a388f66d,3f5c1426425e6437,20260210,16,9000,False
S5B2-00130,B0,9031e611a388f66d,ef1020f80ea2b55e,20260211,13,8500,False
S5B2-00131,B0,9031e611a388f66d,0dba751d40ad402b,20260212,22,12500,False
S5B2-00132,B0,9031e611a388f66d,382502f539615675,20260213,14,8500,False
S5B2-00133,B0,9031e611a388f66d,b72932cdcbc75e26,20260214,13,8000,False
S5B2-00134,B0,9031e611a388f66d,aa5c1845d900e60d,20260215,20,11500,False
S5B2-00135,B0,9031e611a388f66d,77b708ca5e0d9c17,20260216,23,13000,False
S5B2-00136,B0,9031e611a388f66d,c22ad29dd6bb734f,20260217,22,12000,False
S5B2-00137,B0,9031e611a388f66d,e09d03fdb77c2131,20260218,14,9000,False
S5B2-00138,B0,9031e611a388f66d,50fee37bcb8a5d6d,20260219,14,9000,False
S5B2-00139,B0,9031e611a388f66d,b89be42a84bae82d,20260220,18,10500,False
S5B2-00140,B0,9031e611a388f66d,d303392587938a2b,20260221,19,11000,False
S5B2-00141,B0,9031e611a388f66d,95ff77c5da687807,20260222,13,9000,False
S5B2-00142,B0,9031e611a388f66d,781f63b58ae93fe3,20260223,20,11000,False
S5B2-00143,B0,9031e611a388f66d,571c07044b2f1508,20260224,21,11500,False
S5B2-00144,B0,9031e611a388f66d,55f368c9e23632a8,20260225,23,12500,False
S5B2-00145,B0,9031e611a388f66d,7fa7c93d989a6c35,20260226,24,13000,False
S5B2-00146,B0,9031e611a388f66d,67060bbde6ae180a,20260227,16,10500,False
S5B2-00147,B0,9031e611a388f66d,4f37686eee97a972,20260228,19,10000,False
S5B2-00148,B0,9031e611a388f66d,b54c5efb18ab4a7a,20260229,15,9500,False
S5B2-00149,B0,9031e611a388f66d,8c566708c20e4ded,20260230,14,9500,False
S5B2-00150,B1,b0c98425996f1e24,e1b136857cf7ba94,20260201,0,100,True
S5B2-00151,B1,b0c98425996f1e24,59df6d03173d5458,20260202,0,100,False
S5B2-00152,B1,b0c98425996f1e24,2d1cb56c2cb53f70,20260203,0,100,False
S5B2-00153,B1,b0c98425996f1e24,a27534c2d00db3cd,20260204,0,100,False
S5B2-00154,B1,b0c98425996f1e24,681193a8d1ba6596,20260205,0,100,False
S5B2-00155,B1,b0c98425996f1e24,9facd4c08d324564,20260206,0,100,False
S5B2-00156,B1,b0c98425996f1e24,297bc79dcfe1f31a,20260207,0,100,False
S5B2-00157,B1,b0c98425996f1e24,1c65e778a0007be1,20260208,0,100,False
S5B2-00158,B1,b0c98425996f1e24,2671e600645e8211,20260209,0,100,False
S5B2-00159,B1,b0c98425996f1e24,6286896d72cfe7bd,20260210,0,100,False
S5B2-00160,B1,b0c98425996f1e24,5f66da14831a05fd,20260211,1,200,False
S5B2-00161,B1,b0c98425996f1e24,379d4cfc40f66628,20260212,1,200,False
S5B2-00162,B1,b0c98425996f1e24,aa22a4898726c125,20260213,1,200,False
S5B2-00163,B1,b0c98425996f1e24,c04c9fe33a6c60a2,20260214,0,100,False
S5B2-00164,B1,b0c98425996f1e24,46e322220f68c057,20260215,0,100,False
S5B2-00165,B1,b0c98425996f1e24,4a27ec14263dce37,20260216,0,100,False
S5B2-00166,B1,b0c98425996f1e24,7cf2abdfd15020f3,20260217,0,100,False
S5B2-00167,B1,b0c98425996f1e24,d9650bebb066586e,20260218,0,100,False
S5B2-00168,B1,b0c98425996f1e24,296a4eaa464df5b7,20260219,0,100,False
S5B2-00169,B1,b0c98425996f1e24,a427f329f0143b39,20260220,0,100,False
S5B2-00170,B1,b0c98425996f1e24,661e9eaafd8b70db,20260221,0,100,False
S5B2-00171,B1,b0c98425996f1e24,b3c88b210d73e435,20260222,0,100,False
S5B2-00172,B1,b0c98425996f1e24,e24166f0b1e3c1fd,20260223,0,100,False
S5B2-00173,B1,b0c98425996f1e24,151cecde1c55e48d,20260224,0,100,False
S5B2-00174,B1,b0c98425996f1e24,a6e9dc1c4da117cf,20260225,0,100,False
S5B2-00175,B1,b0c98425996f1e24,484158150629c00a,20260226,0,100,False
S5B2-00176,B1,b0c98425996f1e24,4853ee17f9856950,20260227,0,100,False
S5B2-00177,B1,b0c98425996f1e24,156cf968d94eb51a,20260228,0,100,False
S5B2-00178,B1,b0c98425996f1e24,edf8d0d1e43e7574,20260229,0,100,False
S5B2-00179,B1,b0c98425996f1e24,708fe6b82fe2638c,20260230,0,100,False
S5B2-00180,B1,68dc7991ecc1a387,7b4fc3cc9c2f6658,20260201,0,200,True
S5B2-00181,B1,68dc7991ecc1a387,f029185b47bdb82d,20260202,0,200,False
S5B2-00182,B1,68dc7991ecc1a387,51afd54357f24da4,20260203,0,200,False
S5B2-00183,B1,68dc7991ecc1a387,85caf15f2b325e7d,20260204,0,200,False
S5B2-00184,B1,68dc7991ecc1a387,9f6cabc3f0a6f293,20260205,0,200,False
S5B2-00185,B1,68dc7991ecc1a387,30e611e8d0ed8e86,20260206,0,200,False
S5B2-00186,B1,68dc7991ecc1a387,820c8446943bea55,20260207,0,200,False
S5B2-00187,B1,68dc7991ecc1a387,adf63fa99f2d3187,20260208,0,200,False
S5B2-00188,B1,68dc7991ecc1a387,dfd1eed46c87f96c,20260209,0,200,False
S5B2-00189,B1,68dc7991ecc1a387,941b2062c06616f1,20260210,0,200,False
S5B2-00190,B1,68dc7991ecc1a387,e0c0f6c8dea79f43,20260211,1,400,False
S5B2-00191,B1,68dc7991ecc1a387,611f5c122b06d682,20260212,1,400,False
S5B2-00192,B1,68dc7991ecc1a387,c059754f1010dedf,20260213,1,400,False
S5B2-00193,B1,68dc7991ecc1a387,76ce124d81e6ef7c,20260214,0,200,False
S5B2-00194,B1,68dc7991ecc1a387,560b840b9e8cdaf4,20260215,0,200,False
S5B2-00195,B1,68dc7991ecc1a387,d9c5a2f93cfe3704,20260216,0,200,False
S5B2-00196,B1,68dc7991ecc1a387,4c7931c6e6017a58,20260217,0,200,False
S5B2-00197,B1,68dc7991ecc1a387,83df0f1c0939dcf5,20260218,0,200,False
S5B2-00198,B1,68dc7991ecc1a387,973418d67d743339,20260219,0,200,False
S5B2-00199,B1,68dc7991ecc1a387,f5c068d6d7cfea79,20260220,0,200,False
S5B2-00200,B1,68dc7991ecc1a387,3a98de63969f0de6,20260221,0,200,False
S5B2-00201,B1,68dc7991ecc1a387,0822fd20ee83dfca,20260222,0,200,False
S5B2-00202,B1,68dc7991ecc1a387,236d96166c7ba2fd,20260223,0,200,False
S5B2-00203,B1,68dc7991ecc1a387,c4b0362fd76e0b41,20260224,0,200,False
S5B2-00204,B1,68dc7991ecc1a387,6fa777113aee18ca,20260225,0,200,False
S5B2-00205,B1,68dc7991ecc1a387,fd2789188da7357f,20260226,0,200,False
S5B2-00206,B1,68dc7991ecc1a387,5ac10cdc5dea888f,20260227,0,200,False
S5B2-00207,B1,68dc7991ecc1a387,c87a653ff131c586,20260228,0,200,True
S5B2-00208,B1,68dc7991ecc1a387,96d09b926eb102b0,20260229,0,200,False
S5B2-00209,B1,68dc7991ecc1a387,83cb6e83c5094a02,20260230,0,200,False
S5B2-00210,B1,7e96898f03863760,1a3dc4f1274a7b85,20260201,0,300,True
S5B2-00211,B1,7e96898f03863760,b21b13c47f92700e,20260202,0,300,False
S5B2-00212,B1,7e96898f03863760,76ccaa85c9b07d79,20260203,0,300,False
S5B2-00213,B1,7e96898f03863760,2e60ef410f7f1cbe,20260204,0,300,False
S5B2-00214,B1,7e96898f03863760,2f67fe8c53f13267,20260205,0,300,False
S5B2-00215,B1,7e96898f03863760,11031aa1f2ec916a,20260206,0,300,False
S5B2-00216,B1,7e96898f03863760,88af990f9318a102,20260207,0,300,False
S5B2-00217,B1,7e96898f03863760,542d3ac8f76acca7,20260208,0,300,False
S5B2-00218,B1,7e96898f03863760,9bc86d9c885bf1ee,20260209,0,300,False
S5B2-00219,B1,7e96898f03863760,8e3ba1a108efabd2,20260210,0,300,False
S5B2-00220,B1,7e96898f03863760,4312912f5dcecce7,20260211,1,600,False
S5B2-00221,B1,7e96898f03863760,c1b661e746e22e82,20260212,1,600,False
S5B2-00222,B1,7e96898f03863760,ca8b9fe9b5f6d003,20260213,0,300,False
S5B2-00223,B1,7e96898f03863760,865419544054c755,20260214,0,300,False
S5B2-00224,B1,7e96898f03863760,f2493c5ee21b105c,20260215,0,300,False
S5B2-00225,B1,7e96898f03863760,6d6bc3a3b830cd27,20260216,0,300,False
S5B2-00226,B1,7e96898f03863760,d9e0e368a996f707,20260217,0,300,False
S5B2-00227,B1,7e96898f03863760,0a90ce4d74996e68,20260218,0,300,False
S5B2-00228,B1,7e96898f03863760,04335abd55ffc1c2,20260219,0,300,False
S5B2-00229,B1,7e96898f03863760,fe9d1f3f1bda76d5,20260220,0,300,False
S5B2-00230,B1,7e96898f03863760,17565ceb7ebdadf4,20260221,0,300,False
S5B2-00231,B1,7e96898f03863760,4c6b6bbe3f88a1e9,20260222,0,300,False
S5B2-00232,B1,7e96898f03863760,282d5c7006d341c8,20260223,0,300,False
S5B2-00233,B1,7e96898f03863760,a6c1dc4c2345cfe0,20260224,0,300,False
S5B2-00234,B1,7e96898f03863760,5230a7fd579017e9,20260225,0,300,False
S5B2-00235,B1,7e96898f03863760,56778796760b4bdf,20260226,0,300,False
S5B2-00236,B1,7e96898f03863760,ee0354308334e455,20260227,0,300,False
S5B2-00237,B1,7e96898f03863760,8da7a1fc3636c9b7,20260228,0,300,False
S5B2-00238,B1,7e96898f03863760,23ad201954a62663,20260229,0,300,False
S5B2-00239,B1,7e96898f03863760,de2ff00a2785db0a,20260230,0,300,False
S5B2-00240,B1,b5a0542e31d5b02d,898898f715513196,20260201,0,400,True
S5B2-00241,B1,b5a0542e31d5b02d,906a9ccba2c1ae5b,20260202,0,400,False
S5B2-00242,B1,b5a0542e31d5b02d,596707b63940faa1,20260203,0,400,False
S5B2-00243,B1,b5a0542e31d5b02d,bd85420df52f1100,20260204,0,400,False
S5B2-00244,B1,b5a0542e31d5b02d,ee6f5460d36b9888,20260205,0,400,False
S5B2-00245,B1,b5a0542e31d5b02d,8c70472814e7b861,20260206,0,400,False
S5B2-00246,B1,b5a0542e31d5b02d,46c02fa2b07c47d0,20260207,0,400,False
S5B2-00247,B1,b5a0542e31d5b02d,2fbe421af96efe6b,20260208,0,400,False
S5B2-00248,B1,b5a0542e31d5b02d,616010ef792f2c2d,20260209,0,400,False
S5B2-00249,B1,b5a0542e31d5b02d,6bfee6fde87f9b6e,20260210,0,400,False
S5B2-00250,B1,b5a0542e31d5b02d,fd468bd24deb8bb4,20260211,1,800,False
S5B2-00251,B1,b5a0542e31d5b02d,1baf1c4b1c4c172c,20260212,1,800,False
S5B2-00252,B1,b5a0542e31d5b02d,84d27a14a534940d,20260213,0,400,False
S5B2-00253,B1,b5a0542e31d5b02d,9a50c20c2c54c112,20260214,0,400,False
S5B2-00254,B1,b5a0542e31d5b02d,16772a8fc6cc9280,20260215,0,400,False
S5B2-00255,B1,b5a0542e31d5b02d,76a8ec4f75af03c0,20260216,0,400,False
S5B2-00256,B1,b5a0542e31d5b02d,d8f743ea742345d7,20260217,0,400,False
S5B2-00257,B1,b5a0542e31d5b02d,fd6758e2d0cf60dd,20260218,0,400,False
S5B2-00258,B1,b5a0542e31d5b02d,a22a5d0d7cefafd5,20260219,0,400,False
S5B2-00259,B1,b5a0542e31d5b02d,21cdbd8205c1b4ed,20260220,0,400,False
S5B2-00260,B1,b5a0542e31d5b02d,d8601e7d3e8b67ee,20260221,0,400,False
S5B2-00261,B1,b5a0542e31d5b02d,3b5faa4c70e61075,20260222,0,400,False
S5B2-00262,B1,b5a0542e31d5b02d,0bbdc5b7abc43b6e,20260223,0,400,False
S5B2-00263,B1,b5a0542e31d5b02d,a285f8e560e48fda,20260224,0,400,False
S5B2-00264,B1,b5a0542e31d5b02d,e28e31c5e04f6d34,20260225,0,400,False
S5B2-00265,B1,b5a0542e31d5b02d,747bde06684f5de0,20260226,0,400,False
S5B2-00266,B1,b5a0542e31d5b02d,167091268ba6e6a6,20260227,0,400,False
S5B2-00267,B1,b5a0542e31d5b02d,d4a6c011b9086578,20260228,0,400,False
S5B2-00268,B1,b5a0542e31d5b02d,1bd17838963efc20,20260229,0,400,False
S5B2-00269,B1,b5a0542e31d5b02d,d6f8d406816b1f26,20260230,0,400,False
S5B2-00270,B1,5f598c0830d766c6,97358e95b9e3fb9a,20260201,0,500,True
S5B2-00271,B1,5f598c0830d766c6,38449acbd7bbf66a,20260202,0,500,False
S5B2-00272,B1,5f598c0830d766c6,6662834178a6e437,20260203,0,500,False
S5B2-00273,B1,5f598c0830d766c6,d7269810a3ff5ede,20260204,0,500,False
S5B2-00274,B1,5f598c0830d766c6,be77443ecab7cce2,20260205,0,500,False
S5B2-00275,B1,5f598c0830d766c6,b05f5639c0d383ab,20260206,0,500,False
S5B2-00276,B1,5f598c0830d766c6,c79953b7f237f696,20260207,0,500,False
S5B2-00277,B1,5f598c0830d766c6,9f9e1617b7b6a66d,20260208,0,500,False
S5B2-00278,B1,5f598c0830d766c6,a614e042603f4d78,20260209,0,500,False
S5B2-00279,B1,5f598c0830d766c6,7f360ad59c3d4349,20260210,0,500,False
S5B2-00280,B1,5f598c0830d766c6,d47c9c2dbfd705ca,20260211,1,1000,False
S5B2-00281,B1,5f598c0830d766c6,8f4585bb3c117d78,20260212,1,1000,False
S5B2-00282,B1,5f598c0830d766c6,659deb5f3dd64666,20260213,0,500,False
S5B2-00283,B1,5f598c0830d766c6,feb739bb8aec6a30,20260214,0,500,False
S5B2-00284,B1,5f598c0830d766c6,979f1e0031dcba5f,20260215,0,500,False
S5B2-00285,B1,5f598c0830d766c6,ab3674b59d3218d9,20260216,0,500,False
S5B2-00286,B1,5f598c0830d766c6,472d8b454e731c35,20260217,0,500,False
S5B2-00287,B1,5f598c0830d766c6,421c33814ae11941,20260218,0,500,False
S5B2-00288,B1,5f598c0830d766c6,2738779721b4a318,20260219,0,500,False
S5B2-00289,B1,5f598c0830d766c6,92e63dc8aa146adc,20260220,0,500,False
S5B2-00290,B1,5f598c0830d766c6,b62c66104111442e,20260221,0,500,False
S5B2-00291,B1,5f598c0830d766c6,7bd5b66e7f1fe1f9,20260222,0,500,False
S5B2-00292,B1,5f598c0830d766c6,4cde5dcb2f8ad887,20260223,0,500,False
S5B2-00293,B1,5f598c0830d766c6,3a41d9a860a3fb26,20260224,0,500,False
S5B2-00294,B1,5f598c0830d766c6,b5d7169d9a49fc08,20260225,0,500,False
S5B2-00295,B1,5f598c0830d766c6,f29c330994c79e9b,20260226,0,500,False
S5B2-00296,B1,5f598c0830d766c6,9ec6b92d1ea4aaad,20260227,0,500,False
S5B2-00297,B1,5f598c0830d766c6,8169b8135821932b,20260228,0,500,False
S5B2-00298,B1,5f598c0830d766c6,69e43fb9b15dcdd3,20260229,0,500,False
S5B2-00299,B1,5f598c0830d766c6,123489c30941c39e,20260230,0,500,False
S5B2-00300,B2,790feabd4e7fff2b,47bde471b1443053,20260201,4,600,True
S5B2-00301,B2,790feabd4e7fff2b,3267273af7a2883d,20260202,13,1400,False
S5B2-00302,B2,790feabd4e7fff2b,5645e49f0716997e,20260203,10,1100,False
S5B2-00303,B2,790feabd4e7fff2b,0a0143894f6b6333,20260204,9,1100,False
S5B2-00304,B2,790feabd4e7fff2b,60171d04d1ff713d,20260205,6,800,False
S5B2-00305,B2,790feabd4e7fff2b,ad098f0d37a2e81e,20260206,15,1600,False
S5B2-00306,B2,790feabd4e7fff2b,83daa5d1dc59249e,20260207,10,1100,False
S5B2-00307,B2,790feabd4e7fff2b,e5756febccf26b08,20260208,2,400,False
S5B2-00308,B2,790feabd4e7fff2b,2c6af6cb70542c75,20260209,11,1200,False
S5B2-00309,B2,790feabd4e7fff2b,6400af6dd93635ba,20260210,7,900,False
S5B2-00310,B2,790feabd4e7fff2b,3d9b0016782130e8,20260211,7,900,False
S5B2-00311,B2,790feabd4e7fff2b,9e337e93eafa42c0,20260212,7,800,True
S5B2-00312,B2,790feabd4e7fff2b,f6636e3a59ffeea3,20260213,7,800,False
S5B2-00313,B2,790feabd4e7fff2b,767508626e41915f,20260214,2,400,False
S5B2-00314,B2,790feabd4e7fff2b,f375d196ba1ed60d,20260215,1,300,False
S5B2-00315,B2,790feabd4e7fff2b,40c0b2ba733f60c8,20260216,7,800,False
S5B2-00316,B2,790feabd4e7fff2b,bb4c95aeacf9a136,20260217,14,1500,False
S5B2-00317,B2,790feabd4e7fff2b,5c50144b4b108e26,20260218,7,900,False
S5B2-00318,B2,790feabd4e7fff2b,8c93eafc48102a69,20260219,6,800,False
S5B2-00319,B2,790feabd4e7fff2b,2e5501dac3dac41a,20260220,11,1200,False
S5B2-00320,B2,790feabd4e7fff2b,c3f66fcdfb647ad6,20260221,4,600,False
S5B2-00321,B2,790feabd4e7fff2b,900b8b8c0a6ecab6,20260222,4,500,False
S5B2-00322,B2,790feabd4e7fff2b,cb7e0ebea0d0218d,20260223,8,900,False
S5B2-00323,B2,790feabd4e7fff2b,a4ec512180cbd462,20260224,6,800,False
S5B2-00324,B2,790feabd4e7fff2b,76c9c21408ad2bc2,20260225,5,700,False
S5B2-00325,B2,790feabd4e7fff2b,712d2b56663e4f99,20260226,11,1200,False
S5B2-00326,B2,790feabd4e7fff2b,7c0ca33d704918a0,20260227,1,300,False
S5B2-00327,B2,790feabd4e7fff2b,4491a9f5701b5fd6,20260228,12,1300,False
S5B2-00328,B2,790feabd4e7fff2b,754dc4dabdac712c,20260229,8,1000,False
S5B2-00329,B2,790feabd4e7fff2b,cbf033eb2544d6f7,20260230,4,500,False
S5B2-00330,B2,86e9898ea85030e9,4146278f77468aa3,20260201,5,1400,True
S5B2-00331,B2,86e9898ea85030e9,c4eeb33a7f48979f,20260202,11,2400,False
S5B2-00332,B2,86e9898ea85030e9,74640f104d5f3a88,20260203,8,1800,False
S5B2-00333,B2,86e9898ea85030e9,0903cac906e4de99,20260204,7,1800,False
S5B2-00334,B2,86e9898ea85030e9,9cabf2e95cc2647a,20260205,6,1600,False
S5B2-00335,B2,86e9898ea85030e9,eeb6efbb7d9e58a1,20260206,17,3600,False
S5B2-00336,B2,86e9898ea85030e9,64049239ec5a823e,20260207,10,2200,False
S5B2-00337,B2,86e9898ea85030e9,49f396e1ae8e74d8,20260208,2,800,False
S5B2-00338,B2,86e9898ea85030e9,061bd9f1d17d6f99,20260209,8,1800,False
S5B2-00339,B2,86e9898ea85030e9,4ee3b6b21c77a291,20260210,5,1200,False
S5B2-00340,B2,86e9898ea85030e9,bc8f5e048e6981f1,20260211,5,1400,False
S5B2-00341,B2,86e9898ea85030e9,e84c5869e2c08aa3,20260212,7,1600,False
S5B2-00342,B2,86e9898ea85030e9,a8caad78d8c8f3ce,20260213,7,1600,False
S5B2-00343,B2,86e9898ea85030e9,3657c5106874cb46,20260214,2,800,False
S5B2-00344,B2,86e9898ea85030e9,c79b52b9f4d71459,20260215,1,600,False
S5B2-00345,B2,86e9898ea85030e9,0724ca5728d5f429,20260216,7,1600,False
S5B2-00346,B2,86e9898ea85030e9,885390d79e759d80,20260217,10,2200,False
S5B2-00347,B2,86e9898ea85030e9,969692859551c923,20260218,5,1200,False
S5B2-00348,B2,86e9898ea85030e9,c5e9c6e2c6fe9570,20260219,5,1200,False
S5B2-00349,B2,86e9898ea85030e9,b4a00a99b9b9665d,20260220,9,2000,False
S5B2-00350,B2,86e9898ea85030e9,87cb4ad467c94b58,20260221,1,400,False
S5B2-00351,B2,86e9898ea85030e9,c9d3ba6383bab924,20260222,9,2200,False
S5B2-00352,B2,86e9898ea85030e9,f8627f5254cf63bd,20260223,8,1800,False
S5B2-00353,B2,86e9898ea85030e9,10fb9069d5bb8f43,20260224,6,1400,False
S5B2-00354,B2,86e9898ea85030e9,5b456189c8c4534a,20260225,5,1400,False
S5B2-00355,B2,86e9898ea85030e9,839782dc5663f486,20260226,20,4200,False
S5B2-00356,B2,86e9898ea85030e9,5a15fe4ee276f6ae,20260227,1,600,False
S5B2-00357,B2,86e9898ea85030e9,56e55d0492b13f19,20260228,21,4400,False
S5B2-00358,B2,86e9898ea85030e9,6d55dd6a71bc77ae,20260229,1,600,False
S5B2-00359,B2,86e9898ea85030e9,96ee68bb667e705b,20260230,4,1200,False
S5B2-00360,B2,5a2565d8ec97c0ac,a37f84c750c8e1db,20260201,8,3000,True
S5B2-00361,B2,5a2565d8ec97c0ac,0f31039a04893024,20260202,15,4800,False
S5B2-00362,B2,5a2565d8ec97c0ac,9401ed2018557592,20260203,9,3000,False
S5B2-00363,B2,5a2565d8ec97c0ac,5a2fa94489c7c854,20260204,7,2400,False
S5B2-00364,B2,5a2565d8ec97c0ac,3ffe275124a498d6,20260205,6,2400,False
S5B2-00365,B2,5a2565d8ec97c0ac,0d7459cd3fb7f74e,20260206,17,5400,False
S5B2-00366,B2,5a2565d8ec97c0ac,4772e776f213e0e3,20260207,10,3300,False
S5B2-00367,B2,5a2565d8ec97c0ac,7d65f85730a07834,20260208,2,1200,False
S5B2-00368,B2,5a2565d8ec97c0ac,43c4f196781d8ea2,20260209,11,3600,False
S5B2-00369,B2,5a2565d8ec97c0ac,3c6ea6fce1186268,20260210,5,2100,False
S5B2-00370,B2,5a2565d8ec97c0ac,be20d3159500bab7,20260211,7,2700,False
S5B2-00371,B2,5a2565d8ec97c0ac,476a31e087aca090,20260212,7,2400,False
S5B2-00372,B2,5a2565d8ec97c0ac,4eb9fe9c20f34d33,20260213,7,2400,False
S5B2-00373,B2,5a2565d8ec97c0ac,3bfb95adb64eb1e3,20260214,2,1200,False
S5B2-00374,B2,5a2565d8ec97c0ac,57ee8f7350c7b2be,20260215,1,900,False
S5B2-00375,B2,5a2565d8ec97c0ac,0638bf51cf839e95,20260216,10,3300,False
S5B2-00376,B2,5a2565d8ec97c0ac,be57ab0b9fb456f5,20260217,6,2100,False
S5B2-00377,B2,5a2565d8ec97c0ac,be7d1ca3c6ef5482,20260218,5,1800,False
S5B2-00378,B2,5a2565d8ec97c0ac,a5d2f79ad38effed,20260219,6,2400,False
S5B2-00379,B2,5a2565d8ec97c0ac,969bf084f5132639,20260220,11,3600,False
S5B2-00380,B2,5a2565d8ec97c0ac,4b392a2c1da68079,20260221,3,1500,False
S5B2-00381,B2,5a2565d8ec97c0ac,2c686d392ddd831e,20260222,4,1500,False
S5B2-00382,B2,5a2565d8ec97c0ac,83b267bfa9e88eee,20260223,8,2700,False
S5B2-00383,B2,5a2565d8ec97c0ac,07153903364f5ae0,20260224,7,2700,False
S5B2-00384,B2,5a2565d8ec97c0ac,a36f7a882978984b,20260225,3,1500,False
S5B2-00385,B2,5a2565d8ec97c0ac,caf0d675f81a6f1e,20260226,14,4500,False
S5B2-00386,B2,5a2565d8ec97c0ac,271ab1fab545ea82,20260227,1,900,False
S5B2-00387,B2,5a2565d8ec97c0ac,abec4850ac7de68d,20260228,18,5700,False
S5B2-00388,B2,5a2565d8ec97c0ac,71d1970e7e091c99,20260229,1,600,False
S5B2-00389,B2,5a2565d8ec97c0ac,67ca0917e824d0ae,20260230,4,1500,False
S5B2-00390,B2,7c47d5711e2cb31a,fa8499d061dd01ac,20260201,7,3600,True
S5B2-00391,B2,7c47d5711e2cb31a,b1d9aadd6caa6d0c,20260202,15,6400,False
S5B2-00392,B2,7c47d5711e2cb31a,303e7e3163095640,20260203,10,4400,False
S5B2-00393,B2,7c47d5711e2cb31a,2c74fed3ded5e625,20260204,7,3200,False
S5B2-00394,B2,7c47d5711e2cb31a,2524baf79254bdc0,20260205,6,3200,False
S5B2-00395,B2,7c47d5711e2cb31a,9f5cdfb9fa910172,20260206,17,7200,False
S5B2-00396,B2,7c47d5711e2cb31a,422875a21bc2012e,20260207,10,4400,False
S5B2-00397,B2,7c47d5711e2cb31a,5144908f6cfa1a57,20260208,2,1600,False
S5B2-00398,B2,7c47d5711e2cb31a,923eb4ca21dc4906,20260209,9,4000,False
S5B2-00399,B2,7c47d5711e2cb31a,9f2d1ecfdbda782e,20260210,5,2400,False
S5B2-00400,B2,7c47d5711e2cb31a,bacc691999e790ee,20260211,5,2400,False
S5B2-00401,B2,7c47d5711e2cb31a,d65661c411276118,20260212,7,3200,False
S5B2-00402,B2,7c47d5711e2cb31a,d9ce87dc3b37a1d2,20260213,7,3200,False
S5B2-00403,B2,7c47d5711e2cb31a,f55e7d94288e2d83,20260214,2,1600,False
S5B2-00404,B2,7c47d5711e2cb31a,b758d6f87a3cf5ce,20260215,1,1200,False
S5B2-00405,B2,7c47d5711e2cb31a,6b03a808ed54dfb8,20260216,10,4400,False
S5B2-00406,B2,7c47d5711e2cb31a,24144fac8fcec88f,20260217,10,4400,False
S5B2-00407,B2,7c47d5711e2cb31a,c2d488d178004b5b,20260218,5,2800,False
S5B2-00408,B2,7c47d5711e2cb31a,b5391fbe40bdbdc2,20260219,6,3200,False
S5B2-00409,B2,7c47d5711e2cb31a,c7d32a55a8cd0f1a,20260220,11,4800,False
S5B2-00410,B2,7c47d5711e2cb31a,8f5615d92913b241,20260221,1,800,False
S5B2-00411,B2,7c47d5711e2cb31a,249aaa5ee538d17f,20260222,4,2000,False
S5B2-00412,B2,7c47d5711e2cb31a,63772cd8c244d84f,20260223,8,3600,False
S5B2-00413,B2,7c47d5711e2cb31a,f1bb691a7b17ceac,20260224,6,2800,False
S5B2-00414,B2,7c47d5711e2cb31a,fad118fed5f171c3,20260225,3,1600,True
S5B2-00415,B2,7c47d5711e2cb31a,95f94697c81c45f9,20260226,20,8400,False
S5B2-00416,B2,7c47d5711e2cb31a,8157b7a2997fc486,20260227,1,1200,False
S5B2-00417,B2,7c47d5711e2cb31a,99f61b15b3eafd73,20260228,18,7600,False
S5B2-00418,B2,7c47d5711e2cb31a,737987774cfa938e,20260229,6,3200,False
S5B2-00419,B2,7c47d5711e2cb31a,8a040d3f5313e7b7,20260230,4,2000,False
S5B2-00420,B2,2f9dc983ea194ea8,5d80a134d28d5c2e,20260201,5,3500,True
S5B2-00421,B2,2f9dc983ea194ea8,bfaa7e0de561c277,20260202,5,3000,False
S5B2-00422,B2,2f9dc983ea194ea8,5e1ff86812c4eba3,20260203,10,5500,False
S5B2-00423,B2,2f9dc983ea194ea8,cf8e90c12f0ab5ba,20260204,7,4000,False
S5B2-00424,B2,2f9dc983ea194ea8,f029d876e1cd7163,20260205,3,2500,False
S5B2-00425,B2,2f9dc983ea194ea8,665e0822db0288a2,20260206,17,9000,False
S5B2-00426,B2,2f9dc983ea194ea8,0e07a6fecc03fed5,20260207,9,5000,False
S5B2-00427,B2,2f9dc983ea194ea8,4b96e4e96e0cd61c,20260208,2,2000,False
S5B2-00428,B2,2f9dc983ea194ea8,2afe0de0219ebabe,20260209,11,6000,False
S5B2-00429,B2,2f9dc983ea194ea8,5b74989b4ccd9974,20260210,9,5500,False
S5B2-00430,B2,2f9dc983ea194ea8,e5e08e1eb454979a,20260211,5,3000,False
S5B2-00431,B2,2f9dc983ea194ea8,8ea96d2ec12add31,20260212,7,4000,False
S5B2-00432,B2,2f9dc983ea194ea8,926604bb8e8f1883,20260213,8,5000,False
S5B2-00433,B2,2f9dc983ea194ea8,2382d50b9f9c6598,20260214,2,2000,False
S5B2-00434,B2,2f9dc983ea194ea8,217ecb525ac84962,20260215,1,1500,False
S5B2-00435,B2,2f9dc983ea194ea8,2a7b8e13f4a4987f,20260216,10,5500,False
S5B2-00436,B2,2f9dc983ea194ea8,ca0f82657470d711,20260217,14,7500,False
S5B2-00437,B2,2f9dc983ea194ea8,2850b6a5b0653ca2,20260218,5,3000,False
S5B2-00438,B2,2f9dc983ea194ea8,251332839aedd7d9,20260219,6,4000,False
S5B2-00439,B2,2f9dc983ea194ea8,a4eff7cbbe8ddc27,20260220,11,6000,False
S5B2-00440,B2,2f9dc983ea194ea8,582c07104cc02b8e,20260221,4,3000,False
S5B2-00441,B2,2f9dc983ea194ea8,92225ae56cff585d,20260222,4,2500,False
S5B2-00442,B2,2f9dc983ea194ea8,9111551a075a792e,20260223,8,4500,False
S5B2-00443,B2,2f9dc983ea194ea8,da34ae1eed3c5a3c,20260224,6,3500,False
S5B2-00444,B2,2f9dc983ea194ea8,8420a31d27e1d006,20260225,6,4000,False
S5B2-00445,B2,2f9dc983ea194ea8,98729a27a9470f2a,20260226,7,4000,False
S5B2-00446,B2,2f9dc983ea194ea8,9897b83ada43d075,20260227,1,1500,False
S5B2-00447,B2,2f9dc983ea194ea8,3fa4f769aa64f3d2,20260228,18,9500,False
S5B2-00448,B2,2f9dc983ea194ea8,3765f7332f77aefa,20260229,6,4000,False
S5B2-00449,B2,2f9dc983ea194ea8,ea98453cea65f24b,20260230,4,2500,False
S5B2-00450,B3_C1_CONTINUOUS_DISJOINT,c5b03d9a5effba1c,4bd032ba876f03bf,20260201,14,1700,True
S5B2-00451,B3_C1_CONTINUOUS_DISJOINT,c5b03d9a5effba1c,ed853c306080ab9a,20260202,16,1800,False
S5B2-00452,B3_C1_CONTINUOUS_DISJOINT,c5b03d9a5effba1c,845ca1bd014d06a8,20260203,14,1700,False
S5B2-00453,B3_C1_CONTINUOUS_DISJOINT,c5b03d9a5effba1c,f5d0c2611c15449e,20260204,19,2300,False
S5B2-00454,B3_C1_CONTINUOUS_DISJOINT,c5b03d9a5effba1c,2111be7591037952,20260205,15,2000,False
S5B2-00455,B3_C1_CONTINUOUS_DISJOINT,c5b03d9a5effba1c,970ce29db0aa0a58,20260206,18,2100,False
S5B2-00456,B3_C1_CONTINUOUS_DISJOINT,c5b03d9a5effba1c,1756cccb510978d3,20260207,18,2100,False
S5B2-00457,B3_C1_CONTINUOUS_DISJOINT,c5b03d9a5effba1c,20c28eab70a54a38,20260208,11,1500,False
S5B2-00458,B3_C1_CONTINUOUS_DISJOINT,c5b03d9a5effba1c,05aa1824609e3c0b,20260209,18,2100,False
S5B2-00459,B3_C1_CONTINUOUS_DISJOINT,c5b03d9a5effba1c,2f08bd04585f0c44,20260210,18,2200,False
S5B2-00460,B3_C1_CONTINUOUS_DISJOINT,c5b03d9a5effba1c,45d61af4bc7ba684,20260211,13,1700,False
S5B2-00461,B3_C1_CONTINUOUS_DISJOINT,c5b03d9a5effba1c,518220ce387fa8d6,20260212,17,2000,False
S5B2-00462,B3_C1_CONTINUOUS_DISJOINT,c5b03d9a5effba1c,16d74ed91262c4f7,20260213,15,1800,False
S5B2-00463,B3_C1_CONTINUOUS_DISJOINT,c5b03d9a5effba1c,29c9bab9806ba192,20260214,13,1600,False
S5B2-00464,B3_C1_CONTINUOUS_DISJOINT,c5b03d9a5effba1c,ab5b39ba80950b65,20260215,20,2300,False
S5B2-00465,B3_C1_CONTINUOUS_DISJOINT,c5b03d9a5effba1c,f917962e1683822d,20260216,18,2000,False
S5B2-00466,B3_C1_CONTINUOUS_DISJOINT,c5b03d9a5effba1c,c0643761d49303bb,20260217,22,2400,False
S5B2-00467,B3_C1_CONTINUOUS_DISJOINT,c5b03d9a5effba1c,2e47a44fe9311d5f,20260218,15,1900,False
S5B2-00468,B3_C1_CONTINUOUS_DISJOINT,c5b03d9a5effba1c,b0342e5223a736f3,20260219,19,2300,False
S5B2-00469,B3_C1_CONTINUOUS_DISJOINT,c5b03d9a5effba1c,f612e6ab1bc5b60b,20260220,19,2200,False
S5B2-00470,B3_C1_CONTINUOUS_DISJOINT,c5b03d9a5effba1c,dd612b22908d9194,20260221,20,2400,False
S5B2-00471,B3_C1_CONTINUOUS_DISJOINT,c5b03d9a5effba1c,6886f1babf981a9f,20260222,13,1900,False
S5B2-00472,B3_C1_CONTINUOUS_DISJOINT,c5b03d9a5effba1c,e45bdcd342ba3f01,20260223,20,2200,False
S5B2-00473,B3_C1_CONTINUOUS_DISJOINT,c5b03d9a5effba1c,97c43cde83b8b183,20260224,20,2200,False
S5B2-00474,B3_C1_CONTINUOUS_DISJOINT,c5b03d9a5effba1c,2991407e1d14c4f6,20260225,24,2600,False
S5B2-00475,B3_C1_CONTINUOUS_DISJOINT,c5b03d9a5effba1c,607832ef618524c6,20260226,24,2700,False
S5B2-00476,B3_C1_CONTINUOUS_DISJOINT,c5b03d9a5effba1c,316c474be0010831,20260227,14,1900,False
S5B2-00477,B3_C1_CONTINUOUS_DISJOINT,c5b03d9a5effba1c,0998829f18d1a589,20260228,22,2500,False
S5B2-00478,B3_C1_CONTINUOUS_DISJOINT,c5b03d9a5effba1c,7ba1c95b28aaab10,20260229,15,1900,False
S5B2-00479,B3_C1_CONTINUOUS_DISJOINT,c5b03d9a5effba1c,e455b62c8c03eec9,20260230,11,1600,False
S5B2-00480,B3_C1_CONTINUOUS_DISJOINT,89e3a54c7fa7a5ec,3b37da1cedf048b4,20260201,14,3400,True
S5B2-00481,B3_C1_CONTINUOUS_DISJOINT,89e3a54c7fa7a5ec,e9be27148edb7a8a,20260202,18,4000,False
S5B2-00482,B3_C1_CONTINUOUS_DISJOINT,89e3a54c7fa7a5ec,fe14f0c9c7ff45e6,20260203,14,3400,False
S5B2-00483,B3_C1_CONTINUOUS_DISJOINT,89e3a54c7fa7a5ec,586b35d4d311d9c0,20260204,18,4400,False
S5B2-00484,B3_C1_CONTINUOUS_DISJOINT,89e3a54c7fa7a5ec,fd3fdb6e0a0c6c39,20260205,13,3600,False
S5B2-00485,B3_C1_CONTINUOUS_DISJOINT,89e3a54c7fa7a5ec,292befdaaa6797f6,20260206,17,3800,False
S5B2-00486,B3_C1_CONTINUOUS_DISJOINT,89e3a54c7fa7a5ec,12b81c66f0c68a25,20260207,20,4600,False
S5B2-00487,B3_C1_CONTINUOUS_DISJOINT,89e3a54c7fa7a5ec,2291a5e9e09bb72d,20260208,12,3200,False
S5B2-00488,B3_C1_CONTINUOUS_DISJOINT,89e3a54c7fa7a5ec,34721164e621acf8,20260209,16,3600,False
S5B2-00489,B3_C1_CONTINUOUS_DISJOINT,89e3a54c7fa7a5ec,742063738253059f,20260210,17,4000,False
S5B2-00490,B3_C1_CONTINUOUS_DISJOINT,89e3a54c7fa7a5ec,90b610454dafdb5a,20260211,14,3600,False
S5B2-00491,B3_C1_CONTINUOUS_DISJOINT,89e3a54c7fa7a5ec,2ff9416aec8648ad,20260212,21,4800,False
S5B2-00492,B3_C1_CONTINUOUS_DISJOINT,89e3a54c7fa7a5ec,764fe13897acfdfb,20260213,17,4000,False
S5B2-00493,B3_C1_CONTINUOUS_DISJOINT,89e3a54c7fa7a5ec,72b7f901e8cdb1c5,20260214,15,3800,False
S5B2-00494,B3_C1_CONTINUOUS_DISJOINT,89e3a54c7fa7a5ec,255434e69be0a076,20260215,21,4800,False
S5B2-00495,B3_C1_CONTINUOUS_DISJOINT,89e3a54c7fa7a5ec,9c9ba172204167a5,20260216,18,4200,False
S5B2-00496,B3_C1_CONTINUOUS_DISJOINT,89e3a54c7fa7a5ec,22e33929015ec332,20260217,20,4400,False
S5B2-00497,B3_C1_CONTINUOUS_DISJOINT,89e3a54c7fa7a5ec,c3899e04aa503b24,20260218,14,3600,False
S5B2-00498,B3_C1_CONTINUOUS_DISJOINT,89e3a54c7fa7a5ec,9344f040885e5563,20260219,18,4400,False
S5B2-00499,B3_C1_CONTINUOUS_DISJOINT,89e3a54c7fa7a5ec,4f5b904d1f68ccf0,20260220,19,4400,False
S5B2-00500,B3_C1_CONTINUOUS_DISJOINT,89e3a54c7fa7a5ec,72ba9260ef6adbc5,20260221,20,4800,False
S5B2-00501,B3_C1_CONTINUOUS_DISJOINT,89e3a54c7fa7a5ec,8113a54805f08d4c,20260222,13,3600,False
S5B2-00502,B3_C1_CONTINUOUS_DISJOINT,89e3a54c7fa7a5ec,069692200f8172e2,20260223,20,4400,False
S5B2-00503,B3_C1_CONTINUOUS_DISJOINT,89e3a54c7fa7a5ec,5bc474357265d959,20260224,21,4600,False
S5B2-00504,B3_C1_CONTINUOUS_DISJOINT,89e3a54c7fa7a5ec,f75187127cdbcd00,20260225,23,5000,False
S5B2-00505,B3_C1_CONTINUOUS_DISJOINT,89e3a54c7fa7a5ec,fc0348a273f47e09,20260226,24,5200,False
S5B2-00506,B3_C1_CONTINUOUS_DISJOINT,89e3a54c7fa7a5ec,8d0ad6f600b08adc,20260227,15,4000,False
S5B2-00507,B3_C1_CONTINUOUS_DISJOINT,89e3a54c7fa7a5ec,a09993017c9c665e,20260228,21,4600,False
S5B2-00508,B3_C1_CONTINUOUS_DISJOINT,89e3a54c7fa7a5ec,36a1d8e2d0a14aec,20260229,15,3800,False
S5B2-00509,B3_C1_CONTINUOUS_DISJOINT,89e3a54c7fa7a5ec,8ecf5cb7f74036f6,20260230,15,4000,False
S5B2-00510,B3_C1_CONTINUOUS_DISJOINT,4ecdb9788dedbbcc,58c01f88701fb5df,20260201,16,6000,True
S5B2-00511,B3_C1_CONTINUOUS_DISJOINT,4ecdb9788dedbbcc,60f98ef1e79bc64b,20260202,15,5100,False
S5B2-00512,B3_C1_CONTINUOUS_DISJOINT,4ecdb9788dedbbcc,3be22b133bdfad42,20260203,15,5700,False
S5B2-00513,B3_C1_CONTINUOUS_DISJOINT,4ecdb9788dedbbcc,d9df9f0b8b22d8be,20260204,17,6000,False
S5B2-00514,B3_C1_CONTINUOUS_DISJOINT,4ecdb9788dedbbcc,45bf015722e42760,20260205,16,6300,False
S5B2-00515,B3_C1_CONTINUOUS_DISJOINT,4ecdb9788dedbbcc,6414402d99a4ab5c,20260206,23,7800,False
S5B2-00516,B3_C1_CONTINUOUS_DISJOINT,4ecdb9788dedbbcc,b6f28fd38f09afdf,20260207,19,6600,False
S5B2-00517,B3_C1_CONTINUOUS_DISJOINT,4ecdb9788dedbbcc,999507920f7e3ea9,20260208,11,4500,False
S5B2-00518,B3_C1_CONTINUOUS_DISJOINT,4ecdb9788dedbbcc,a37c2c6ad0895f5b,20260209,22,7500,True
S5B2-00519,B3_C1_CONTINUOUS_DISJOINT,4ecdb9788dedbbcc,162e078d32cc0043,20260210,16,5700,False
S5B2-00520,B3_C1_CONTINUOUS_DISJOINT,4ecdb9788dedbbcc,60254083effc1904,20260211,14,5400,False
S5B2-00521,B3_C1_CONTINUOUS_DISJOINT,4ecdb9788dedbbcc,70873d1c779af5d6,20260212,22,7500,False
S5B2-00522,B3_C1_CONTINUOUS_DISJOINT,4ecdb9788dedbbcc,46846a2640da15f8,20260213,17,6000,False
S5B2-00523,B3_C1_CONTINUOUS_DISJOINT,4ecdb9788dedbbcc,cbff8db575612840,20260214,13,4800,False
S5B2-00524,B3_C1_CONTINUOUS_DISJOINT,4ecdb9788dedbbcc,1a7f5c9e07ef6e0a,20260215,23,7800,False
S5B2-00525,B3_C1_CONTINUOUS_DISJOINT,4ecdb9788dedbbcc,b272b80558d1ca04,20260216,19,6600,False
S5B2-00526,B3_C1_CONTINUOUS_DISJOINT,4ecdb9788dedbbcc,d5bc73671a110a89,20260217,22,7500,False
S5B2-00527,B3_C1_CONTINUOUS_DISJOINT,4ecdb9788dedbbcc,43997319bbfe02b4,20260218,18,6600,False
S5B2-00528,B3_C1_CONTINUOUS_DISJOINT,4ecdb9788dedbbcc,58e029433e6b339a,20260219,16,6000,False
S5B2-00529,B3_C1_CONTINUOUS_DISJOINT,4ecdb9788dedbbcc,2c4379dce0c0ba2a,20260220,18,6300,False
S5B2-00530,B3_C1_CONTINUOUS_DISJOINT,4ecdb9788dedbbcc,61c82e92ac3eca14,20260221,17,6000,False
S5B2-00531,B3_C1_CONTINUOUS_DISJOINT,4ecdb9788dedbbcc,99b15eba393167ac,20260222,13,5400,False
S5B2-00532,B3_C1_CONTINUOUS_DISJOINT,4ecdb9788dedbbcc,c517990342f0cfb3,20260223,15,5100,False
S5B2-00533,B3_C1_CONTINUOUS_DISJOINT,4ecdb9788dedbbcc,6a49cad1a515c2e9,20260224,18,6000,False
S5B2-00534,B3_C1_CONTINUOUS_DISJOINT,4ecdb9788dedbbcc,cd5ad09a691747c5,20260225,27,8700,False
S5B2-00535,B3_C1_CONTINUOUS_DISJOINT,4ecdb9788dedbbcc,a242248fd2ee4b1d,20260226,23,7500,False
S5B2-00536,B3_C1_CONTINUOUS_DISJOINT,4ecdb9788dedbbcc,14f30bc13127d1e6,20260227,14,5400,False
S5B2-00537,B3_C1_CONTINUOUS_DISJOINT,4ecdb9788dedbbcc,16912853bd676235,20260228,21,6900,False
S5B2-00538,B3_C1_CONTINUOUS_DISJOINT,4ecdb9788dedbbcc,d334da28e2d656eb,20260229,16,6300,False
S5B2-00539,B3_C1_CONTINUOUS_DISJOINT,4ecdb9788dedbbcc,94ad146992e86c72,20260230,11,4800,False
S5B2-00540,B3_C1_CONTINUOUS_DISJOINT,d7c61ed9365adab8,7779f094beb30349,20260201,14,6800,True
S5B2-00541,B3_C1_CONTINUOUS_DISJOINT,d7c61ed9365adab8,4b746eacebb6c446,20260202,19,8400,False
S5B2-00542,B3_C1_CONTINUOUS_DISJOINT,d7c61ed9365adab8,853b0c10b52730f5,20260203,14,7200,False
S5B2-00543,B3_C1_CONTINUOUS_DISJOINT,d7c61ed9365adab8,b7161a8a1b7820ff,20260204,17,8400,False
S5B2-00544,B3_C1_CONTINUOUS_DISJOINT,d7c61ed9365adab8,0aeb29691c9926aa,20260205,13,7200,False
S5B2-00545,B3_C1_CONTINUOUS_DISJOINT,d7c61ed9365adab8,aa6faae4357e1748,20260206,17,7600,False
S5B2-00546,B3_C1_CONTINUOUS_DISJOINT,d7c61ed9365adab8,2e165f5f7152cf9a,20260207,19,8800,False
S5B2-00547,B3_C1_CONTINUOUS_DISJOINT,d7c61ed9365adab8,7ffa2e5b959cf6aa,20260208,13,6800,False
S5B2-00548,B3_C1_CONTINUOUS_DISJOINT,d7c61ed9365adab8,949b46dc6140f883,20260209,22,10000,False
S5B2-00549,B3_C1_CONTINUOUS_DISJOINT,d7c61ed9365adab8,ede363c3cbc3b138,20260210,17,8400,False
S5B2-00550,B3_C1_CONTINUOUS_DISJOINT,d7c61ed9365adab8,378d35ac6f6037a8,20260211,14,7600,False
S5B2-00551,B3_C1_CONTINUOUS_DISJOINT,d7c61ed9365adab8,3ee98e6c76b64e53,20260212,16,7600,False
S5B2-00552,B3_C1_CONTINUOUS_DISJOINT,d7c61ed9365adab8,b01e7a6e63f6082a,20260213,22,10400,False
S5B2-00553,B3_C1_CONTINUOUS_DISJOINT,d7c61ed9365adab8,4b337c7378847049,20260214,13,6400,False
S5B2-00554,B3_C1_CONTINUOUS_DISJOINT,d7c61ed9365adab8,4f49e9c059d7bc12,20260215,17,8000,False
S5B2-00555,B3_C1_CONTINUOUS_DISJOINT,d7c61ed9365adab8,f57b6da878d421d1,20260216,18,8000,False
S5B2-00556,B3_C1_CONTINUOUS_DISJOINT,d7c61ed9365adab8,cd3a7ee22feede84,20260217,22,9600,False
S5B2-00557,B3_C1_CONTINUOUS_DISJOINT,d7c61ed9365adab8,61dfaad28c5346fa,20260218,17,8400,False
S5B2-00558,B3_C1_CONTINUOUS_DISJOINT,d7c61ed9365adab8,ded9f18275b6ceb1,20260219,17,8400,False
S5B2-00559,B3_C1_CONTINUOUS_DISJOINT,d7c61ed9365adab8,d20d04f59b1f653a,20260220,17,8000,False
S5B2-00560,B3_C1_CONTINUOUS_DISJOINT,d7c61ed9365adab8,8977a820211b1dba,20260221,20,9600,False
S5B2-00561,B3_C1_CONTINUOUS_DISJOINT,d7c61ed9365adab8,ae4bd6bebb06ee32,20260222,12,6400,False
S5B2-00562,B3_C1_CONTINUOUS_DISJOINT,d7c61ed9365adab8,fb562bfa3908d0bb,20260223,16,7200,False
S5B2-00563,B3_C1_CONTINUOUS_DISJOINT,d7c61ed9365adab8,2d55726033f773fe,20260224,19,8400,False
S5B2-00564,B3_C1_CONTINUOUS_DISJOINT,d7c61ed9365adab8,3d0d30a716a5e299,20260225,26,11200,False
S5B2-00565,B3_C1_CONTINUOUS_DISJOINT,d7c61ed9365adab8,8b3d2eafbd97f5b9,20260226,26,11600,False
S5B2-00566,B3_C1_CONTINUOUS_DISJOINT,d7c61ed9365adab8,3f7585a68899df88,20260227,15,8000,False
S5B2-00567,B3_C1_CONTINUOUS_DISJOINT,d7c61ed9365adab8,9e4f1b621836e63b,20260228,21,9200,False
S5B2-00568,B3_C1_CONTINUOUS_DISJOINT,d7c61ed9365adab8,003e105a95c918b9,20260229,15,8000,False
S5B2-00569,B3_C1_CONTINUOUS_DISJOINT,d7c61ed9365adab8,37b43249dba8f4c7,20260230,13,7200,False
S5B2-00570,B3_C1_CONTINUOUS_DISJOINT,47aae35039896fa7,7adc1e2cc8f52158,20260201,15,9500,True
S5B2-00571,B3_C1_CONTINUOUS_DISJOINT,47aae35039896fa7,8a7985a3df4da9ab,20260202,20,11000,False
S5B2-00572,B3_C1_CONTINUOUS_DISJOINT,47aae35039896fa7,6af76750a2f64410,20260203,17,10500,False
S5B2-00573,B3_C1_CONTINUOUS_DISJOINT,47aae35039896fa7,8eaedd0a25321b57,20260204,17,9500,False
S5B2-00574,B3_C1_CONTINUOUS_DISJOINT,47aae35039896fa7,d32691f787a3ebb2,20260205,11,8000,False
S5B2-00575,B3_C1_CONTINUOUS_DISJOINT,47aae35039896fa7,19a3b791c371de9a,20260206,24,13500,False
S5B2-00576,B3_C1_CONTINUOUS_DISJOINT,47aae35039896fa7,3860ceb8a79bd0d5,20260207,18,10500,False
S5B2-00577,B3_C1_CONTINUOUS_DISJOINT,47aae35039896fa7,f9efdba34e61eb9f,20260208,15,9500,False
S5B2-00578,B3_C1_CONTINUOUS_DISJOINT,47aae35039896fa7,146ee370873a3464,20260209,18,10500,False
S5B2-00579,B3_C1_CONTINUOUS_DISJOINT,47aae35039896fa7,b77cba28cc3c09c5,20260210,16,9000,False
S5B2-00580,B3_C1_CONTINUOUS_DISJOINT,47aae35039896fa7,f0e50cfb0111a6f6,20260211,13,8500,False
S5B2-00581,B3_C1_CONTINUOUS_DISJOINT,47aae35039896fa7,cbc1fede780afd37,20260212,22,12500,False
S5B2-00582,B3_C1_CONTINUOUS_DISJOINT,47aae35039896fa7,492a151369a501cc,20260213,14,8500,False
S5B2-00583,B3_C1_CONTINUOUS_DISJOINT,47aae35039896fa7,bce52be2062b7ee2,20260214,13,8000,False
S5B2-00584,B3_C1_CONTINUOUS_DISJOINT,47aae35039896fa7,d07645a4851d32ff,20260215,20,11500,False
S5B2-00585,B3_C1_CONTINUOUS_DISJOINT,47aae35039896fa7,9494830e0243c162,20260216,23,13000,False
S5B2-00586,B3_C1_CONTINUOUS_DISJOINT,47aae35039896fa7,f00a60885f41ff10,20260217,22,12000,False
S5B2-00587,B3_C1_CONTINUOUS_DISJOINT,47aae35039896fa7,2c6cb6b2e83541d7,20260218,14,9000,False
S5B2-00588,B3_C1_CONTINUOUS_DISJOINT,47aae35039896fa7,105291bba3f3c3da,20260219,14,9000,False
S5B2-00589,B3_C1_CONTINUOUS_DISJOINT,47aae35039896fa7,85d652426bdd048f,20260220,18,10500,False
S5B2-00590,B3_C1_CONTINUOUS_DISJOINT,47aae35039896fa7,a10e67b4c6e635e2,20260221,19,11000,False
S5B2-00591,B3_C1_CONTINUOUS_DISJOINT,47aae35039896fa7,596190481936d814,20260222,13,9000,False
S5B2-00592,B3_C1_CONTINUOUS_DISJOINT,47aae35039896fa7,50b72cd39369e4a8,20260223,20,11000,False
S5B2-00593,B3_C1_CONTINUOUS_DISJOINT,47aae35039896fa7,d0bf221d020fe955,20260224,21,11500,False
S5B2-00594,B3_C1_CONTINUOUS_DISJOINT,47aae35039896fa7,0c5c11f86ec122b9,20260225,23,12500,False
S5B2-00595,B3_C1_CONTINUOUS_DISJOINT,47aae35039896fa7,2893db2a0dbe6992,20260226,24,13000,False
S5B2-00596,B3_C1_CONTINUOUS_DISJOINT,47aae35039896fa7,e64dc0f9854abe05,20260227,16,10500,False
S5B2-00597,B3_C1_CONTINUOUS_DISJOINT,47aae35039896fa7,ae6f34a050e41f07,20260228,19,10000,False
S5B2-00598,B3_C1_CONTINUOUS_DISJOINT,47aae35039896fa7,f4a073b7f7731c67,20260229,15,9500,False
S5B2-00599,B3_C1_CONTINUOUS_DISJOINT,47aae35039896fa7,863248b3ce36a137,20260230,14,9500,False
S5B2-00600,C2,f711cdf3eb83a682,35e0144f182c86fa,20260201,14,1700,True
S5B2-00601,C2,f711cdf3eb83a682,5f0b41dd7817cd5d,20260202,16,1800,False
S5B2-00602,C2,f711cdf3eb83a682,660f4853702e61da,20260203,14,1700,False
S5B2-00603,C2,f711cdf3eb83a682,6fa3f2cc85f53897,20260204,19,2300,False
S5B2-00604,C2,f711cdf3eb83a682,f0dbf2fd050e26d5,20260205,15,2000,False
S5B2-00605,C2,f711cdf3eb83a682,4ffd933b202ded36,20260206,18,2100,False
S5B2-00606,C2,f711cdf3eb83a682,906cf047fcbdfab0,20260207,18,2100,False
S5B2-00607,C2,f711cdf3eb83a682,bfa49a3b76df30c9,20260208,11,1500,False
S5B2-00608,C2,f711cdf3eb83a682,b96a5f692abd9e24,20260209,18,2100,False
S5B2-00609,C2,f711cdf3eb83a682,9c1684575cb8528c,20260210,18,2200,False
S5B2-00610,C2,f711cdf3eb83a682,1168db864a8f99cc,20260211,13,1700,False
S5B2-00611,C2,f711cdf3eb83a682,91bbab1643a3ad95,20260212,17,2000,False
S5B2-00612,C2,f711cdf3eb83a682,54af422c9626066e,20260213,15,1800,False
S5B2-00613,C2,f711cdf3eb83a682,1dd549c2b865d038,20260214,13,1600,False
S5B2-00614,C2,f711cdf3eb83a682,301438973f952c11,20260215,20,2300,False
S5B2-00615,C2,f711cdf3eb83a682,bae2ff1f58cc245b,20260216,18,2000,False
S5B2-00616,C2,f711cdf3eb83a682,892ba853ddb76a79,20260217,22,2400,False
S5B2-00617,C2,f711cdf3eb83a682,21484a4c4bd298cf,20260218,15,1900,False
S5B2-00618,C2,f711cdf3eb83a682,45e5ca98695465bd,20260219,19,2300,False
S5B2-00619,C2,f711cdf3eb83a682,b994a367c0d59cba,20260220,19,2200,False
S5B2-00620,C2,f711cdf3eb83a682,fbf386435ede9afd,20260221,20,2400,False
S5B2-00621,C2,f711cdf3eb83a682,5fd67dafe804631e,20260222,13,1900,True
S5B2-00622,C2,f711cdf3eb83a682,9526bd5972b71a71,20260223,20,2200,False
S5B2-00623,C2,f711cdf3eb83a682,c6b0ae5e2c055edf,20260224,20,2200,False
S5B2-00624,C2,f711cdf3eb83a682,13c38f9139add0ae,20260225,24,2600,False
S5B2-00625,C2,f711cdf3eb83a682,478d3c23c462c327,20260226,24,2700,False
S5B2-00626,C2,f711cdf3eb83a682,4c27766e589f8548,20260227,14,1900,False
S5B2-00627,C2,f711cdf3eb83a682,a1e7e7ae63945cbb,20260228,22,2500,False
S5B2-00628,C2,f711cdf3eb83a682,28513f752b4a2b1c,20260229,15,1900,False
S5B2-00629,C2,f711cdf3eb83a682,63bfb4376ce13076,20260230,11,1600,False
S5B2-00630,C2,b32f8ee95a0a42ac,2e0047a72d921534,20260201,14,3400,True
S5B2-00631,C2,b32f8ee95a0a42ac,3b8acae3b49e427b,20260202,18,4000,False
S5B2-00632,C2,b32f8ee95a0a42ac,14a4feb5b1613add,20260203,14,3400,False
S5B2-00633,C2,b32f8ee95a0a42ac,f02a8cbcda84c2ed,20260204,18,4400,False
S5B2-00634,C2,b32f8ee95a0a42ac,e8a0df09596e2f95,20260205,13,3600,False
S5B2-00635,C2,b32f8ee95a0a42ac,086bed6e09d01c49,20260206,17,3800,False
S5B2-00636,C2,b32f8ee95a0a42ac,7ce6c240b5631794,20260207,20,4600,False
S5B2-00637,C2,b32f8ee95a0a42ac,47d83c10af6dfffd,20260208,12,3200,False
S5B2-00638,C2,b32f8ee95a0a42ac,fdd6d948e438b84a,20260209,16,3600,False
S5B2-00639,C2,b32f8ee95a0a42ac,aaa47e4a2b0834bc,20260210,17,4000,False
S5B2-00640,C2,b32f8ee95a0a42ac,fa65635202e691f9,20260211,14,3600,False
S5B2-00641,C2,b32f8ee95a0a42ac,c445160ef701ea59,20260212,21,4800,False
S5B2-00642,C2,b32f8ee95a0a42ac,700bccd7abe4bdf2,20260213,17,4000,False
S5B2-00643,C2,b32f8ee95a0a42ac,f4866159b55524cc,20260214,15,3800,False
S5B2-00644,C2,b32f8ee95a0a42ac,c1d34ec4521d0c4f,20260215,21,4800,False
S5B2-00645,C2,b32f8ee95a0a42ac,7e9ce050f87ba157,20260216,18,4200,False
S5B2-00646,C2,b32f8ee95a0a42ac,32bf52e99fe71458,20260217,20,4400,False
S5B2-00647,C2,b32f8ee95a0a42ac,f169d1f1e6f9eac0,20260218,14,3600,False
S5B2-00648,C2,b32f8ee95a0a42ac,fcf6e860f71bb551,20260219,18,4400,False
S5B2-00649,C2,b32f8ee95a0a42ac,64222db273b4a6a6,20260220,19,4400,False
S5B2-00650,C2,b32f8ee95a0a42ac,f36aeb75f74edc3b,20260221,20,4800,False
S5B2-00651,C2,b32f8ee95a0a42ac,636891d0ec09de3e,20260222,13,3600,False
S5B2-00652,C2,b32f8ee95a0a42ac,750c5541007d00f6,20260223,20,4400,False
S5B2-00653,C2,b32f8ee95a0a42ac,9a744e2d25b11408,20260224,21,4600,False
S5B2-00654,C2,b32f8ee95a0a42ac,f25738b36c87eac7,20260225,23,5000,False
S5B2-00655,C2,b32f8ee95a0a42ac,df077876def84fec,20260226,24,5200,False
S5B2-00656,C2,b32f8ee95a0a42ac,1ba979c8d50e90c7,20260227,15,4000,False
S5B2-00657,C2,b32f8ee95a0a42ac,73263ec095528a6b,20260228,21,4600,False
S5B2-00658,C2,b32f8ee95a0a42ac,53a4f95b092ed3e7,20260229,15,3800,False
S5B2-00659,C2,b32f8ee95a0a42ac,e77c2fc0a0647af9,20260230,15,4000,False
S5B2-00660,C2,d125f0be3a808ca1,aa4f365d6c45cbfc,20260201,16,6000,True
S5B2-00661,C2,d125f0be3a808ca1,3d24fb2ce7ba3927,20260202,15,5100,False
S5B2-00662,C2,d125f0be3a808ca1,6a067f421a62e5b3,20260203,15,5700,False
S5B2-00663,C2,d125f0be3a808ca1,5cb8bde27391324e,20260204,17,6000,False
S5B2-00664,C2,d125f0be3a808ca1,9ed61a5bdb555ede,20260205,16,6300,False
S5B2-00665,C2,d125f0be3a808ca1,8f493303724d8e1d,20260206,23,7800,False
S5B2-00666,C2,d125f0be3a808ca1,956afd9290d2162b,20260207,19,6600,False
S5B2-00667,C2,d125f0be3a808ca1,10f742095a58cd07,20260208,11,4500,False
S5B2-00668,C2,d125f0be3a808ca1,4e5d97e88e4951e3,20260209,22,7500,False
S5B2-00669,C2,d125f0be3a808ca1,457aabc7025c0014,20260210,16,5700,False
S5B2-00670,C2,d125f0be3a808ca1,326791c99111d3e2,20260211,14,5400,False
S5B2-00671,C2,d125f0be3a808ca1,db1e66b7ff6eaa11,20260212,22,7500,False
S5B2-00672,C2,d125f0be3a808ca1,ab1a543843a04ac1,20260213,17,6000,False
S5B2-00673,C2,d125f0be3a808ca1,645adaa50dcba4cf,20260214,13,4800,False
S5B2-00674,C2,d125f0be3a808ca1,be9ae0d1fcedc581,20260215,23,7800,False
S5B2-00675,C2,d125f0be3a808ca1,decf29ebec13c819,20260216,19,6600,False
S5B2-00676,C2,d125f0be3a808ca1,167cd081fd37d677,20260217,22,7500,False
S5B2-00677,C2,d125f0be3a808ca1,9c322192eea637aa,20260218,18,6600,False
S5B2-00678,C2,d125f0be3a808ca1,89433ad7c8596beb,20260219,16,6000,False
S5B2-00679,C2,d125f0be3a808ca1,f4a6ae7aa953cb9b,20260220,18,6300,False
S5B2-00680,C2,d125f0be3a808ca1,38395dfb02e73059,20260221,17,6000,False
S5B2-00681,C2,d125f0be3a808ca1,d36a0122be21094f,20260222,13,5400,False
S5B2-00682,C2,d125f0be3a808ca1,14443d7104601d75,20260223,15,5100,False
S5B2-00683,C2,d125f0be3a808ca1,3a3c21312b465260,20260224,18,6000,False
S5B2-00684,C2,d125f0be3a808ca1,024bcfcadf420155,20260225,27,8700,False
S5B2-00685,C2,d125f0be3a808ca1,239203e86adc74bc,20260226,23,7500,False
S5B2-00686,C2,d125f0be3a808ca1,c1bcf35c24fc1ed6,20260227,14,5400,False
S5B2-00687,C2,d125f0be3a808ca1,856b451d06899b96,20260228,21,6900,False
S5B2-00688,C2,d125f0be3a808ca1,509bf808a31530a4,20260229,16,6300,False
S5B2-00689,C2,d125f0be3a808ca1,1b69dde089aba4a5,20260230,11,4800,False
S5B2-00690,C2,f0c47f163e196609,1e636b3ab1349b8d,20260201,14,6800,True
S5B2-00691,C2,f0c47f163e196609,6eba625e3b9635ef,20260202,19,8400,False
S5B2-00692,C2,f0c47f163e196609,59d413a913b45f60,20260203,14,7200,False
S5B2-00693,C2,f0c47f163e196609,ceed42c542aa0274,20260204,17,8400,False
S5B2-00694,C2,f0c47f163e196609,728fe46cbe887c2e,20260205,13,7200,False
S5B2-00695,C2,f0c47f163e196609,9aa3faa0ac441eb7,20260206,17,7600,False
S5B2-00696,C2,f0c47f163e196609,7eed253812c2b7e6,20260207,19,8800,False
S5B2-00697,C2,f0c47f163e196609,1db131041a6431bb,20260208,13,6800,False
S5B2-00698,C2,f0c47f163e196609,6c744b4482752241,20260209,22,10000,False
S5B2-00699,C2,f0c47f163e196609,b8a6b1170fc7f181,20260210,17,8400,False
S5B2-00700,C2,f0c47f163e196609,5a1edd8c85364f7e,20260211,14,7600,False
S5B2-00701,C2,f0c47f163e196609,8f72554070594194,20260212,16,7600,False
S5B2-00702,C2,f0c47f163e196609,65df6e63575fb2a3,20260213,22,10400,False
S5B2-00703,C2,f0c47f163e196609,7cfa2436c01e65c1,20260214,13,6400,False
S5B2-00704,C2,f0c47f163e196609,a92c44c70a3f7898,20260215,17,8000,False
S5B2-00705,C2,f0c47f163e196609,fe3cc57a26c7f1ab,20260216,18,8000,False
S5B2-00706,C2,f0c47f163e196609,b8252eb3ad8fcbed,20260217,22,9600,False
S5B2-00707,C2,f0c47f163e196609,675409f30c580e43,20260218,17,8400,False
S5B2-00708,C2,f0c47f163e196609,8f5042535367967d,20260219,17,8400,False
S5B2-00709,C2,f0c47f163e196609,76a64276ad6e5824,20260220,17,8000,False
S5B2-00710,C2,f0c47f163e196609,e51d5260f75126e7,20260221,20,9600,False
S5B2-00711,C2,f0c47f163e196609,8dfd0b70ccb6bd0d,20260222,12,6400,False
S5B2-00712,C2,f0c47f163e196609,d6f12d049b0c1088,20260223,16,7200,False
S5B2-00713,C2,f0c47f163e196609,6969b87add580d39,20260224,19,8400,False
S5B2-00714,C2,f0c47f163e196609,83e82316cde2000e,20260225,26,11200,False
S5B2-00715,C2,f0c47f163e196609,1cf476daf01b5dab,20260226,26,11600,False
S5B2-00716,C2,f0c47f163e196609,7c730fd3e0811864,20260227,15,8000,False
S5B2-00717,C2,f0c47f163e196609,88d8d95fe2e26c01,20260228,21,9200,False
S5B2-00718,C2,f0c47f163e196609,e9313954462171c8,20260229,15,8000,False
S5B2-00719,C2,f0c47f163e196609,c81df2a3b5fb334c,20260230,13,7200,False
S5B2-00720,C2,c6a10adabf918a16,a45b3c1ac5cf78d1,20260201,15,9500,True
S5B2-00721,C2,c6a10adabf918a16,6efae71059087874,20260202,20,11000,False
S5B2-00722,C2,c6a10adabf918a16,6f889c846c23324b,20260203,17,10500,False
S5B2-00723,C2,c6a10adabf918a16,74a0696f98c0c02a,20260204,17,9500,False
S5B2-00724,C2,c6a10adabf918a16,e0a530743bbe3ac5,20260205,11,8000,False
S5B2-00725,C2,c6a10adabf918a16,0d075c90595d630f,20260206,24,13500,True
S5B2-00726,C2,c6a10adabf918a16,cdfa5817a7189dc9,20260207,18,10500,False
S5B2-00727,C2,c6a10adabf918a16,639cd6f08cfdd88f,20260208,15,9500,False
S5B2-00728,C2,c6a10adabf918a16,3da4dd9b243613a4,20260209,18,10500,False
S5B2-00729,C2,c6a10adabf918a16,b1254af47ce48645,20260210,16,9000,False
S5B2-00730,C2,c6a10adabf918a16,0281ae1ffc219ad5,20260211,13,8500,False
S5B2-00731,C2,c6a10adabf918a16,f8694d6f4d67892c,20260212,22,12500,False
S5B2-00732,C2,c6a10adabf918a16,387a75661740471c,20260213,14,8500,False
S5B2-00733,C2,c6a10adabf918a16,3ca5a80dcc02fd29,20260214,13,8000,False
S5B2-00734,C2,c6a10adabf918a16,9f1dac600d732b4b,20260215,20,11500,False
S5B2-00735,C2,c6a10adabf918a16,7d0a5d33a1475ce2,20260216,23,13000,False
S5B2-00736,C2,c6a10adabf918a16,9061c0dce3260962,20260217,22,12000,False
S5B2-00737,C2,c6a10adabf918a16,fdde042f1a16771e,20260218,14,9000,False
S5B2-00738,C2,c6a10adabf918a16,17864778c5a69c24,20260219,14,9000,False
S5B2-00739,C2,c6a10adabf918a16,5f709cfefdabad37,20260220,18,10500,False
S5B2-00740,C2,c6a10adabf918a16,58f2cbb6e3eed3a4,20260221,19,11000,False
S5B2-00741,C2,c6a10adabf918a16,74f4b7ce12490897,20260222,13,9000,False
S5B2-00742,C2,c6a10adabf918a16,1325c3fc41103fa0,20260223,20,11000,False
S5B2-00743,C2,c6a10adabf918a16,0b94e24aee098dc8,20260224,21,11500,False
S5B2-00744,C2,c6a10adabf918a16,271d28c276f3a136,20260225,23,12500,False
S5B2-00745,C2,c6a10adabf918a16,9905d27238b717b0,20260226,24,13000,False
S5B2-00746,C2,c6a10adabf918a16,8d71dd198d4558ef,20260227,16,10500,False
S5B2-00747,C2,c6a10adabf918a16,34cc70833d21f3ae,20260228,19,10000,False
S5B2-00748,C2,c6a10adabf918a16,1c23e7e29a41fac9,20260229,15,9500,False
S5B2-00749,C2,c6a10adabf918a16,065415959ab9a0dc,20260230,14,9500,False
S5B2-00750,C2,cea225d957b17053,65bec5151d7a14f9,20260201,19,4400,True
S5B2-00751,C2,cea225d957b17053,c770c5d3a5ac795a,20260202,11,4000,False
S5B2-00752,C2,cea225d957b17053,80b728a6407702ad,20260203,13,4000,False
S5B2-00753,C2,cea225d957b17053,66155052fc08fe02,20260204,16,4200,False
S5B2-00754,C2,cea225d957b17053,12e920e8db8bd4af,20260205,7,3800,False
S5B2-00755,C2,cea225d957b17053,f05224b624d35f7b,20260206,20,4200,False
S5B2-00756,C2,cea225d957b17053,d9d4fd7656ca5909,20260207,13,4100,False
S5B2-00757,C2,cea225d957b17053,357d1e77e7e85a37,20260208,16,4200,False
S5B2-00758,C2,cea225d957b17053,7cdee5d9e1a004ca,20260209,15,4200,False
S5B2-00759,C2,cea225d957b17053,80b19ee58055fcb4,20260210,15,4100,False
S5B2-00760,C2,cea225d957b17053,e985e93783e06db0,20260211,19,4300,False
S5B2-00761,C2,cea225d957b17053,48092e194f449f74,20260212,16,4200,False
S5B2-00762,C2,cea225d957b17053,60cd3f5e67905738,20260213,16,4300,False
S5B2-00763,C2,cea225d957b17053,a5fdd92adc6ba166,20260214,15,4100,False
S5B2-00764,C2,cea225d957b17053,9a34f9b46d38b57c,20260215,16,4400,False
S5B2-00765,C2,cea225d957b17053,142bc744c7aedec0,20260216,20,4500,False
S5B2-00766,C2,cea225d957b17053,cea97f69995c1168,20260217,14,4200,False
S5B2-00767,C2,cea225d957b17053,65f3d5b3c39557fd,20260218,14,4000,False
S5B2-00768,C2,cea225d957b17053,dbd99bbfa6440328,20260219,20,4500,False
S5B2-00769,C2,cea225d957b17053,a88178ca61e6b423,20260220,19,4400,False
S5B2-00770,C2,cea225d957b17053,22e3591daf855998,20260221,15,4300,False
S5B2-00771,C2,cea225d957b17053,02e1d77fd0a9426d,20260222,20,4700,False
S5B2-00772,C2,cea225d957b17053,fc679477d01dde08,20260223,16,4200,False
S5B2-00773,C2,cea225d957b17053,82eb12dac9088620,20260224,11,4000,False
S5B2-00774,C2,cea225d957b17053,a856305b270829cb,20260225,16,4500,False
S5B2-00775,C2,cea225d957b17053,64f4f33b82a70c1f,20260226,26,5100,False
S5B2-00776,C2,cea225d957b17053,619f8e4947a2637b,20260227,17,4300,False
S5B2-00777,C2,cea225d957b17053,7004e7ab1070610c,20260228,18,4400,False
S5B2-00778,C2,cea225d957b17053,1b5101e365529dad,20260229,21,4600,False
S5B2-00779,C2,cea225d957b17053,d3ef3c6be6cc6f56,20260230,17,4200,False
S5B2-00780,C2,f4634bd72a8141c8,71214b65c1ee4bb7,20260201,19,22000,False
S5B2-00781,C2,f4634bd72a8141c8,248a8d0541a3c2e5,20260202,11,19500,False
S5B2-00782,C2,f4634bd72a8141c8,035cd14db36e082f,20260203,15,21000,False
S5B2-00783,C2,f4634bd72a8141c8,12c2b4633124b642,20260204,16,21000,False
S5B2-00784,C2,f4634bd72a8141c8,69f275a01475d209,20260205,7,18000,False
S5B2-00785,C2,f4634bd72a8141c8,9653b9e13e171e81,20260206,21,23000,False
S5B2-00786,C2,f4634bd72a8141c8,ea2a8fb08be71ea0,20260207,12,19500,False
S5B2-00787,C2,f4634bd72a8141c8,0a6c37be309847b5,20260208,17,21500,False
S5B2-00788,C2,f4634bd72a8141c8,dfd5c7cff84785ae,20260209,15,21000,False
S5B2-00789,C2,f4634bd72a8141c8,867d1b9e49f1e746,20260210,15,20000,False
S5B2-00790,C2,f4634bd72a8141c8,f5675881474c9df9,20260211,20,22000,False
S5B2-00791,C2,f4634bd72a8141c8,5a0cc258e6bc7e13,20260212,16,21500,False
S5B2-00792,C2,f4634bd72a8141c8,d24559ba33fd6470,20260213,14,20500,False
S5B2-00793,C2,f4634bd72a8141c8,efd0960b04a4a36b,20260214,15,20500,False
S5B2-00794,C2,f4634bd72a8141c8,e59ff19d3bd93167,20260215,15,21000,False
S5B2-00795,C2,f4634bd72a8141c8,049a4fa91a134fe2,20260216,21,24500,False
S5B2-00796,C2,f4634bd72a8141c8,6764412858e575c1,20260217,15,21500,False
S5B2-00797,C2,f4634bd72a8141c8,2fbca9a740e729ae,20260218,14,20000,False
S5B2-00798,C2,f4634bd72a8141c8,7af39413416aa795,20260219,20,22500,False
S5B2-00799,C2,f4634bd72a8141c8,29e17664e0f2ca82,20260220,19,21000,False
S5B2-00800,C2,f4634bd72a8141c8,e796aea3f5b8a28d,20260221,15,21000,False
S5B2-00801,C2,f4634bd72a8141c8,33b608b3c0f6f79e,20260222,20,23500,False
S5B2-00802,C2,f4634bd72a8141c8,37f519043f7cf812,20260223,17,22000,False
S5B2-00803,C2,f4634bd72a8141c8,cb16db7de37aa468,20260224,13,21500,False
S5B2-00804,C2,f4634bd72a8141c8,533d0c4a309e37c9,20260225,15,21000,False
S5B2-00805,C2,f4634bd72a8141c8,c780ab6c53c0d2cd,20260226,25,24000,False
S5B2-00806,C2,f4634bd72a8141c8,dc3810ac983c1b87,20260227,17,21500,False
S5B2-00807,C2,f4634bd72a8141c8,e153cc0ee055e238,20260228,16,20000,False
S5B2-00808,C2,f4634bd72a8141c8,7948808df0dd4398,20260229,21,23000,False
S5B2-00809,C2,f4634bd72a8141c8,aef6ba3839e94008,20260230,17,21500,False
S5B2-00810,C2,c9ff7cb7e664daf5,10d9354c65880048,20260201,19,4400,True
S5B2-00811,C2,c9ff7cb7e664daf5,e1b86ca6c03a66b4,20260202,11,4000,False
S5B2-00812,C2,c9ff7cb7e664daf5,eebc6d47f840bb25,20260203,13,4000,False
S5B2-00813,C2,c9ff7cb7e664daf5,e4c754efb27c28a8,20260204,16,4200,False
S5B2-00814,C2,c9ff7cb7e664daf5,e3016af5dc7176f6,20260205,7,3800,False
S5B2-00815,C2,c9ff7cb7e664daf5,13f96242f51a5bdb,20260206,20,4200,False
S5B2-00816,C2,c9ff7cb7e664daf5,7622a09d8b965b6c,20260207,13,4100,False
S5B2-00817,C2,c9ff7cb7e664daf5,c9430dc0ef346a08,20260208,16,4200,False
S5B2-00818,C2,c9ff7cb7e664daf5,ac0352b15050bdc3,20260209,15,4200,False
S5B2-00819,C2,c9ff7cb7e664daf5,2e286a3f10aac44e,20260210,15,4100,False
S5B2-00820,C2,c9ff7cb7e664daf5,cf4140a261aed74c,20260211,19,4300,False
S5B2-00821,C2,c9ff7cb7e664daf5,1d23ff72a8821ce5,20260212,16,4200,False
S5B2-00822,C2,c9ff7cb7e664daf5,55a9dbf20fad52f8,20260213,16,4300,False
S5B2-00823,C2,c9ff7cb7e664daf5,df35f9ad18f4d508,20260214,15,4100,False
S5B2-00824,C2,c9ff7cb7e664daf5,63e3356f4298a887,20260215,16,4400,False
S5B2-00825,C2,c9ff7cb7e664daf5,a8cd7fe6e2c76f5b,20260216,20,4500,False
S5B2-00826,C2,c9ff7cb7e664daf5,7ada129da9f8dba7,20260217,14,4200,False
S5B2-00827,C2,c9ff7cb7e664daf5,1e585bfd7c6cb3fd,20260218,14,4000,True
S5B2-00828,C2,c9ff7cb7e664daf5,f46480d54483d483,20260219,20,4500,False
S5B2-00829,C2,c9ff7cb7e664daf5,a08167d96222dc13,20260220,19,4400,False
S5B2-00830,C2,c9ff7cb7e664daf5,fdcadd4e7ea35a7b,20260221,15,4300,False
S5B2-00831,C2,c9ff7cb7e664daf5,701204b687c1c69a,20260222,20,4700,False
S5B2-00832,C2,c9ff7cb7e664daf5,fc18e22f85862829,20260223,16,4200,False
S5B2-00833,C2,c9ff7cb7e664daf5,af7f05cd91688792,20260224,11,4000,False
S5B2-00834,C2,c9ff7cb7e664daf5,f921b0cba2627cd9,20260225,16,4500,False
S5B2-00835,C2,c9ff7cb7e664daf5,549340184b102ecc,20260226,26,5100,False
S5B2-00836,C2,c9ff7cb7e664daf5,1c86ce9221eae57b,20260227,17,4300,False
S5B2-00837,C2,c9ff7cb7e664daf5,fe1f1f477104090a,20260228,18,4400,False
S5B2-00838,C2,c9ff7cb7e664daf5,e6031ed7dedefe90,20260229,21,4600,False
S5B2-00839,C2,c9ff7cb7e664daf5,523ed78e57707ed9,20260230,17,4200,False
S5B2-00840,C2,c6e26b2ab2108107,8ef23222eb7b28d0,20260201,19,22000,False
S5B2-00841,C2,c6e26b2ab2108107,4a69ea775091859c,20260202,11,19500,False
S5B2-00842,C2,c6e26b2ab2108107,1a80a831f1727645,20260203,15,21000,False
S5B2-00843,C2,c6e26b2ab2108107,12279b2a657da335,20260204,16,21000,False
S5B2-00844,C2,c6e26b2ab2108107,192219267e3b695b,20260205,7,18000,False
S5B2-00845,C2,c6e26b2ab2108107,b3c85487c7be91df,20260206,21,23000,False
S5B2-00846,C2,c6e26b2ab2108107,c4c36d7da735aec4,20260207,12,19500,False
S5B2-00847,C2,c6e26b2ab2108107,8fca40b9bc10d04b,20260208,17,21500,False
S5B2-00848,C2,c6e26b2ab2108107,b504e822da504771,20260209,15,21000,False
S5B2-00849,C2,c6e26b2ab2108107,acd0fb2dcb38bfbb,20260210,15,20000,False
S5B2-00850,C2,c6e26b2ab2108107,5a6cac310062aac3,20260211,20,22000,False
S5B2-00851,C2,c6e26b2ab2108107,3cafe163fd116f5a,20260212,16,21500,False
S5B2-00852,C2,c6e26b2ab2108107,9a8b503f8e5d23fd,20260213,14,20500,False
S5B2-00853,C2,c6e26b2ab2108107,e65218404df80914,20260214,15,20500,False
S5B2-00854,C2,c6e26b2ab2108107,a1250021eedb312e,20260215,15,21000,False
S5B2-00855,C2,c6e26b2ab2108107,9e2a35fb04ed0718,20260216,21,24500,False
S5B2-00856,C2,c6e26b2ab2108107,681732da56d60459,20260217,15,21500,False
S5B2-00857,C2,c6e26b2ab2108107,a4c57cc50779d540,20260218,14,20000,False
S5B2-00858,C2,c6e26b2ab2108107,fc4f5ab1266da47d,20260219,20,22500,False
S5B2-00859,C2,c6e26b2ab2108107,ade8a5a7a1e4a9cf,20260220,19,21000,False
S5B2-00860,C2,c6e26b2ab2108107,f1d0fd5217f8b17f,20260221,15,21000,False
S5B2-00861,C2,c6e26b2ab2108107,f2a3adbfdd80c7c6,20260222,20,23500,False
S5B2-00862,C2,c6e26b2ab2108107,01002a42bc4ca0d4,20260223,17,22000,False
S5B2-00863,C2,c6e26b2ab2108107,bcd0df593ee1bbf5,20260224,13,21500,False
S5B2-00864,C2,c6e26b2ab2108107,80d1c11512c1e0a0,20260225,15,21000,False
S5B2-00865,C2,c6e26b2ab2108107,9b33d91892665f45,20260226,25,24000,False
S5B2-00866,C2,c6e26b2ab2108107,13d853d01a2e3569,20260227,17,21500,False
S5B2-00867,C2,c6e26b2ab2108107,e42c0ed193f4f848,20260228,16,20000,False
S5B2-00868,C2,c6e26b2ab2108107,57f6e13bac7378ea,20260229,21,23000,False
S5B2-00869,C2,c6e26b2ab2108107,7d5e2644bc4c0457,20260230,17,21500,False
S5B2-00870,C2,a7d76e14374d4f61,eb1c07262b6357ea,20260201,19,4400,True
S5B2-00871,C2,a7d76e14374d4f61,10ade9e4f1332fa5,20260202,11,4000,False
S5B2-00872,C2,a7d76e14374d4f61,3d5ec26a04929987,20260203,13,4000,False
S5B2-00873,C2,a7d76e14374d4f61,fa2bfbb94f54aef1,20260204,16,4200,False
S5B2-00874,C2,a7d76e14374d4f61,06a12e7e24c2e305,20260205,7,3800,False
S5B2-00875,C2,a7d76e14374d4f61,377bc095e8e90185,20260206,20,4200,False
S5B2-00876,C2,a7d76e14374d4f61,a1807b9497c2ff9c,20260207,13,4100,False
S5B2-00877,C2,a7d76e14374d4f61,5f5d90fc7498800f,20260208,16,4200,False
S5B2-00878,C2,a7d76e14374d4f61,481c809dbd9ed1c4,20260209,15,4200,False
S5B2-00879,C2,a7d76e14374d4f61,fa18f27477610c1a,20260210,15,4100,False
S5B2-00880,C2,a7d76e14374d4f61,2547371acd35a615,20260211,19,4300,False
S5B2-00881,C2,a7d76e14374d4f61,2ee43103a525671b,20260212,16,4200,False
S5B2-00882,C2,a7d76e14374d4f61,b181c65268670df2,20260213,16,4300,False
S5B2-00883,C2,a7d76e14374d4f61,cf42a8ebbafd60d9,20260214,15,4100,False
S5B2-00884,C2,a7d76e14374d4f61,286aea4544d47982,20260215,16,4400,False
S5B2-00885,C2,a7d76e14374d4f61,80f541b524941d4b,20260216,20,4500,False
S5B2-00886,C2,a7d76e14374d4f61,a8beb5ef280ef516,20260217,14,4200,False
S5B2-00887,C2,a7d76e14374d4f61,f7ec57eac2ffd897,20260218,14,4000,False
S5B2-00888,C2,a7d76e14374d4f61,1c8fdc56513b4259,20260219,20,4500,False
S5B2-00889,C2,a7d76e14374d4f61,cebc0322a839d0f3,20260220,19,4400,False
S5B2-00890,C2,a7d76e14374d4f61,b51f533985647e9f,20260221,15,4300,False
S5B2-00891,C2,a7d76e14374d4f61,a52a212c3c70d141,20260222,20,4700,False
S5B2-00892,C2,a7d76e14374d4f61,9bb28d087ee87f38,20260223,16,4200,False
S5B2-00893,C2,a7d76e14374d4f61,1d582ddc22846254,20260224,11,4000,False
S5B2-00894,C2,a7d76e14374d4f61,3b72cf3bd0c2df79,20260225,16,4500,False
S5B2-00895,C2,a7d76e14374d4f61,132f6878b43d9612,20260226,26,5100,False
S5B2-00896,C2,a7d76e14374d4f61,5a45da48a6fb669d,20260227,17,4300,False
S5B2-00897,C2,a7d76e14374d4f61,edeedf8f099199d8,20260228,18,4400,False
S5B2-00898,C2,a7d76e14374d4f61,51301fa27e293c96,20260229,21,4600,False
S5B2-00899,C2,a7d76e14374d4f61,83d9586db984e2d1,20260230,17,4200,False
S5B2-00900,C2,15a6bb438aa670a2,373e3e0626122017,20260201,19,22000,False
S5B2-00901,C2,15a6bb438aa670a2,32cfe960d2d185b7,20260202,11,19500,False
S5B2-00902,C2,15a6bb438aa670a2,d84f3b4b84830dc8,20260203,15,21000,False
S5B2-00903,C2,15a6bb438aa670a2,b1dc3c9c45d04b04,20260204,16,21000,False
S5B2-00904,C2,15a6bb438aa670a2,0b43f6a48b00253f,20260205,7,18000,False
S5B2-00905,C2,15a6bb438aa670a2,6b84639cb41826a6,20260206,21,23000,False
S5B2-00906,C2,15a6bb438aa670a2,49a1d24c413a2cbd,20260207,12,19500,False
S5B2-00907,C2,15a6bb438aa670a2,db70f1bfe5321f77,20260208,17,21500,False
S5B2-00908,C2,15a6bb438aa670a2,5b581f2ac7f26a92,20260209,15,21000,False
S5B2-00909,C2,15a6bb438aa670a2,5ab5eabd6d71b329,20260210,15,20000,False
S5B2-00910,C2,15a6bb438aa670a2,ed5bcc6be1c7c175,20260211,20,22000,False
S5B2-00911,C2,15a6bb438aa670a2,4b29704ce0252592,20260212,16,21500,False
S5B2-00912,C2,15a6bb438aa670a2,76fea2e359edf86e,20260213,14,20500,False
S5B2-00913,C2,15a6bb438aa670a2,0a2b1c44540f1ac0,20260214,15,20500,False
S5B2-00914,C2,15a6bb438aa670a2,1927e6fb100a360e,20260215,15,21000,False
S5B2-00915,C2,15a6bb438aa670a2,ed11f822426f9d6a,20260216,21,24500,False
S5B2-00916,C2,15a6bb438aa670a2,94ff64a09d40c076,20260217,15,21500,False
S5B2-00917,C2,15a6bb438aa670a2,312c7b7d10fc73ec,20260218,14,20000,False
S5B2-00918,C2,15a6bb438aa670a2,b264020d24b87bf5,20260219,20,22500,False
S5B2-00919,C2,15a6bb438aa670a2,47a9599e08415752,20260220,19,21000,False
S5B2-00920,C2,15a6bb438aa670a2,72f29932e8accb31,20260221,15,21000,False
S5B2-00921,C2,15a6bb438aa670a2,bd4aad5fdc0695a6,20260222,20,23500,False
S5B2-00922,C2,15a6bb438aa670a2,4f64e5ca42dc5b85,20260223,17,22000,False
S5B2-00923,C2,15a6bb438aa670a2,a6ca0f0e12094bf7,20260224,13,21500,False
S5B2-00924,C2,15a6bb438aa670a2,17c562771f8ae3df,20260225,15,21000,False
S5B2-00925,C2,15a6bb438aa670a2,f4d3078fa5e24dd1,20260226,25,24000,False
S5B2-00926,C2,15a6bb438aa670a2,8137c04077f12691,20260227,17,21500,False
S5B2-00927,C2,15a6bb438aa670a2,c42a7e6485a77c82,20260228,16,20000,False
S5B2-00928,C2,15a6bb438aa670a2,824dd29b71b20e04,20260229,21,23000,True
S5B2-00929,C2,15a6bb438aa670a2,6c5d445c621b90ff,20260230,17,21500,False
S5B2-00930,C2,0cb065e42b79fe6a,7f1691837cad8492,20260201,19,4400,True
S5B2-00931,C2,0cb065e42b79fe6a,fc360a03076c8df2,20260202,11,4000,False
S5B2-00932,C2,0cb065e42b79fe6a,44b7fc1f9f255179,20260203,13,4000,False
S5B2-00933,C2,0cb065e42b79fe6a,95704d4fb8ccb383,20260204,16,4200,False
S5B2-00934,C2,0cb065e42b79fe6a,5de4cae8e7aa92b9,20260205,7,3800,False
S5B2-00935,C2,0cb065e42b79fe6a,ea4edf982bd6dc68,20260206,20,4200,False
S5B2-00936,C2,0cb065e42b79fe6a,23d731883d02a540,20260207,13,4100,False
S5B2-00937,C2,0cb065e42b79fe6a,96b3c7d2bfc7e6b3,20260208,16,4200,False
S5B2-00938,C2,0cb065e42b79fe6a,cf55df4e05b4c1a0,20260209,15,4200,False
S5B2-00939,C2,0cb065e42b79fe6a,c2ff85d499946fff,20260210,15,4100,False
S5B2-00940,C2,0cb065e42b79fe6a,445ed159a8422537,20260211,19,4300,False
S5B2-00941,C2,0cb065e42b79fe6a,7733b97dbc5c62ca,20260212,16,4200,False
S5B2-00942,C2,0cb065e42b79fe6a,b616d4e974dc8cc4,20260213,16,4300,False
S5B2-00943,C2,0cb065e42b79fe6a,fc0674ddd954dd79,20260214,15,4100,False
S5B2-00944,C2,0cb065e42b79fe6a,59d336e96631a554,20260215,16,4400,False
S5B2-00945,C2,0cb065e42b79fe6a,ba4c38cefb2c1abf,20260216,20,4500,False
S5B2-00946,C2,0cb065e42b79fe6a,540de7e630c558d0,20260217,14,4200,False
S5B2-00947,C2,0cb065e42b79fe6a,483aeb2d9000b333,20260218,14,4000,False
S5B2-00948,C2,0cb065e42b79fe6a,d8e1dbc15a12b271,20260219,20,4500,False
S5B2-00949,C2,0cb065e42b79fe6a,72c0ac215e3cbe88,20260220,19,4400,False
S5B2-00950,C2,0cb065e42b79fe6a,d8e7e584a0d7bdf7,20260221,15,4300,False
S5B2-00951,C2,0cb065e42b79fe6a,11c714b733188483,20260222,20,4700,False
S5B2-00952,C2,0cb065e42b79fe6a,08b42f980a68480d,20260223,16,4200,False
S5B2-00953,C2,0cb065e42b79fe6a,8cffdf10995b309f,20260224,11,4000,False
S5B2-00954,C2,0cb065e42b79fe6a,d937b697f18b7184,20260225,16,4500,False
S5B2-00955,C2,0cb065e42b79fe6a,140b00270bd2400c,20260226,26,5100,False
S5B2-00956,C2,0cb065e42b79fe6a,5a0689b6310f09ec,20260227,17,4300,False
S5B2-00957,C2,0cb065e42b79fe6a,1295b2dedd3202bb,20260228,18,4400,False
S5B2-00958,C2,0cb065e42b79fe6a,797c586745a90062,20260229,21,4600,False
S5B2-00959,C2,0cb065e42b79fe6a,46df2266a6db034b,20260230,17,4200,False
S5B2-00960,C2,eba09140fa4827a3,1baa5cf18d35285e,20260201,19,22000,False
S5B2-00961,C2,eba09140fa4827a3,3762075c7c81eafe,20260202,11,19500,False
S5B2-00962,C2,eba09140fa4827a3,47352e9fed99ed8e,20260203,15,21000,False
S5B2-00963,C2,eba09140fa4827a3,83df9180ed916ae9,20260204,16,21000,False
S5B2-00964,C2,eba09140fa4827a3,a07454337cc872f4,20260205,7,18000,False
S5B2-00965,C2,eba09140fa4827a3,922f8e118eab71c6,20260206,21,23000,False
S5B2-00966,C2,eba09140fa4827a3,cdbca66f3e56365b,20260207,12,19500,False
S5B2-00967,C2,eba09140fa4827a3,8541cf07ff1bd066,20260208,17,21500,False
S5B2-00968,C2,eba09140fa4827a3,5a01165d1aaaa5dc,20260209,15,21000,False
S5B2-00969,C2,eba09140fa4827a3,8348faeaa63db5cc,20260210,15,20000,False
S5B2-00970,C2,eba09140fa4827a3,386903eba9a68842,20260211,20,22000,False
S5B2-00971,C2,eba09140fa4827a3,f05f28cf9788371a,20260212,16,21500,False
S5B2-00972,C2,eba09140fa4827a3,e1b3e36fd09ed34a,20260213,14,20500,False
S5B2-00973,C2,eba09140fa4827a3,b4a5c06c6d46a250,20260214,15,20500,False
S5B2-00974,C2,eba09140fa4827a3,51deaf424b5f322b,20260215,15,21000,False
S5B2-00975,C2,eba09140fa4827a3,d7f95e866df4e3c9,20260216,21,24500,False
S5B2-00976,C2,eba09140fa4827a3,59fc6c168474b549,20260217,15,21500,False
S5B2-00977,C2,eba09140fa4827a3,ebb243a0e900565f,20260218,14,20000,False
S5B2-00978,C2,eba09140fa4827a3,033badedb69dda5d,20260219,20,22500,False
S5B2-00979,C2,eba09140fa4827a3,701706d71d873095,20260220,19,21000,False
S5B2-00980,C2,eba09140fa4827a3,e007ffc1f63d7e37,20260221,15,21000,False
S5B2-00981,C2,eba09140fa4827a3,02aba2de95a90ed9,20260222,20,23500,False
S5B2-00982,C2,eba09140fa4827a3,08404db62682e67e,20260223,17,22000,False
S5B2-00983,C2,eba09140fa4827a3,1f527704732d995d,20260224,13,21500,False
S5B2-00984,C2,eba09140fa4827a3,5bca775153fc92f7,20260225,15,21000,False
S5B2-00985,C2,eba09140fa4827a3,5a46730cdaf7d538,20260226,25,24000,False
S5B2-00986,C2,eba09140fa4827a3,9fa36c01f3799aad,20260227,17,21500,False
S5B2-00987,C2,eba09140fa4827a3,d4743322ee1d69aa,20260228,16,20000,False
S5B2-00988,C2,eba09140fa4827a3,a7af28244e9c914c,20260229,21,23000,False
S5B2-00989,C2,eba09140fa4827a3,e047afcc4b9f5944,20260230,17,21500,False
S5B2-00990,C2,0ce86cf475737b15,d042b7707cf3e8c9,20260201,19,4400,True
S5B2-00991,C2,0ce86cf475737b15,ab4e1309cf63507b,20260202,11,4000,False
S5B2-00992,C2,0ce86cf475737b15,904561dbdf5e5f23,20260203,13,4000,False
S5B2-00993,C2,0ce86cf475737b15,53c20275cb49d801,20260204,16,4200,False
S5B2-00994,C2,0ce86cf475737b15,4abb07d0f4161350,20260205,7,3800,False
S5B2-00995,C2,0ce86cf475737b15,7ecd9ee3cb326e3f,20260206,20,4200,False
S5B2-00996,C2,0ce86cf475737b15,4f6e2161e027bbac,20260207,13,4100,False
S5B2-00997,C2,0ce86cf475737b15,058fda8ce22083e4,20260208,16,4200,False
S5B2-00998,C2,0ce86cf475737b15,33290cf1a0fec301,20260209,15,4200,False
S5B2-00999,C2,0ce86cf475737b15,3f705b7a60f014d1,20260210,15,4100,False
S5B2-01000,C2,0ce86cf475737b15,8dbcb9ae32e197d7,20260211,19,4300,False
S5B2-01001,C2,0ce86cf475737b15,c732605ce6087a5f,20260212,16,4200,False
S5B2-01002,C2,0ce86cf475737b15,96ff190751f60ef6,20260213,16,4300,False
S5B2-01003,C2,0ce86cf475737b15,3452b5540d0bcd46,20260214,15,4100,False
S5B2-01004,C2,0ce86cf475737b15,28e3b7b0b43ab7ed,20260215,16,4400,False
S5B2-01005,C2,0ce86cf475737b15,9e28e4171038c738,20260216,20,4500,False
S5B2-01006,C2,0ce86cf475737b15,29c2f3294b097238,20260217,14,4200,False
S5B2-01007,C2,0ce86cf475737b15,2f0d42a8b4370104,20260218,14,4000,False
S5B2-01008,C2,0ce86cf475737b15,a66ae70b97b233fb,20260219,20,4500,False
S5B2-01009,C2,0ce86cf475737b15,1e00751fab2a8c03,20260220,19,4400,False
S5B2-01010,C2,0ce86cf475737b15,7cf86cb22937e7b1,20260221,15,4300,False
S5B2-01011,C2,0ce86cf475737b15,b725a79da07f20fe,20260222,20,4700,False
S5B2-01012,C2,0ce86cf475737b15,79fb1016c8c02441,20260223,16,4200,False
S5B2-01013,C2,0ce86cf475737b15,d36a685581c79dd7,20260224,11,4000,False
S5B2-01014,C2,0ce86cf475737b15,c101eb39adcec5e4,20260225,16,4500,False
S5B2-01015,C2,0ce86cf475737b15,c76c99dbdb71601b,20260226,26,5100,False
S5B2-01016,C2,0ce86cf475737b15,77a89ecb5ee1011e,20260227,17,4300,False
S5B2-01017,C2,0ce86cf475737b15,e5a91b2e43e27e90,20260228,18,4400,False
S5B2-01018,C2,0ce86cf475737b15,271ff376355f36d3,20260229,21,4600,False
S5B2-01019,C2,0ce86cf475737b15,0a468b1df02d8266,20260230,17,4200,False
S5B2-01020,C2,30555167fd88d115,b395d6ea5c0edbed,20260201,19,22000,False
S5B2-01021,C2,30555167fd88d115,c349f1938f26a762,20260202,11,19500,False
S5B2-01022,C2,30555167fd88d115,bb3787af99d60656,20260203,15,21000,False
S5B2-01023,C2,30555167fd88d115,06036ef4c1d28226,20260204,16,21000,False
S5B2-01024,C2,30555167fd88d115,e80ecc4036318dc9,20260205,7,18000,False
S5B2-01025,C2,30555167fd88d115,52f406a24a182b96,20260206,21,23000,False
S5B2-01026,C2,30555167fd88d115,192dd2970b490597,20260207,12,19500,False
S5B2-01027,C2,30555167fd88d115,576b19e3f362fb81,20260208,17,21500,False
S5B2-01028,C2,30555167fd88d115,1f353ad04c4c87ed,20260209,15,21000,False
S5B2-01029,C2,30555167fd88d115,29e89bd70f63b0a9,20260210,15,20000,False
S5B2-01030,C2,30555167fd88d115,5d5e30e1914d3d35,20260211,20,22000,True
S5B2-01031,C2,30555167fd88d115,35d22499b1215ba6,20260212,16,21500,False
S5B2-01032,C2,30555167fd88d115,1bd7859ed7c6dc9f,20260213,14,20500,False
S5B2-01033,C2,30555167fd88d115,44702f8b4a3642c1,20260214,15,20500,False
S5B2-01034,C2,30555167fd88d115,9bce799965846132,20260215,15,21000,False
S5B2-01035,C2,30555167fd88d115,98f881e19d2f3c0d,20260216,21,24500,False
S5B2-01036,C2,30555167fd88d115,57d0fe7fc12154a6,20260217,15,21500,False
S5B2-01037,C2,30555167fd88d115,12ebbbdbd062d28b,20260218,14,20000,False
S5B2-01038,C2,30555167fd88d115,9ddbcead4025836b,20260219,20,22500,False
S5B2-01039,C2,30555167fd88d115,c32a5991fe9a4a7d,20260220,19,21000,False
S5B2-01040,C2,30555167fd88d115,9ebb271b6a169b5a,20260221,15,21000,False
S5B2-01041,C2,30555167fd88d115,1960df0db94d91a0,20260222,20,23500,False
S5B2-01042,C2,30555167fd88d115,3f97f4e903503a31,20260223,17,22000,False
S5B2-01043,C2,30555167fd88d115,c6ad9b6c177a16b4,20260224,13,21500,False
S5B2-01044,C2,30555167fd88d115,f672830b2716160b,20260225,15,21000,False
S5B2-01045,C2,30555167fd88d115,d1a092f305a74d2d,20260226,25,24000,False
S5B2-01046,C2,30555167fd88d115,88533ca3d5102572,20260227,17,21500,False
S5B2-01047,C2,30555167fd88d115,c4302dbbe43c0967,20260228,16,20000,False
S5B2-01048,C2,30555167fd88d115,00d8856871d6f704,20260229,21,23000,False
S5B2-01049,C2,30555167fd88d115,dfdbe08cad0500a0,20260230,17,21500,False
S5B2-01050,B3_C1_CONTINUOUS_DISJOINT,f732c26eaf9dcadf,18178ecfa6cf6469,20260201,10,1200,True
S5B2-01051,B3_C1_CONTINUOUS_DISJOINT,f732c26eaf9dcadf,8de4b16cc9548d0a,20260202,11,1200,False
S5B2-01052,B3_C1_CONTINUOUS_DISJOINT,f732c26eaf9dcadf,a94717c1c4848f04,20260203,10,1100,False
S5B2-01053,B3_C1_CONTINUOUS_DISJOINT,f732c26eaf9dcadf,905584f827c6b70a,20260204,15,1700,False
S5B2-01054,B3_C1_CONTINUOUS_DISJOINT,f732c26eaf9dcadf,3c1e333bb8cd2f15,20260205,6,800,False
S5B2-01055,B3_C1_CONTINUOUS_DISJOINT,f732c26eaf9dcadf,0393304e007a4770,20260206,17,1800,False
S5B2-01056,B3_C1_CONTINUOUS_DISJOINT,f732c26eaf9dcadf,a401bd46e1c1364e,20260207,11,1300,False
S5B2-01057,B3_C1_CONTINUOUS_DISJOINT,f732c26eaf9dcadf,64ddf5e0ce793fbb,20260208,2,400,False
S5B2-01058,B3_C1_CONTINUOUS_DISJOINT,f732c26eaf9dcadf,3a670b2bbecf09ce,20260209,15,1700,False
S5B2-01059,B3_C1_CONTINUOUS_DISJOINT,f732c26eaf9dcadf,cef19cdd1f66858f,20260210,7,900,False
S5B2-01060,B3_C1_CONTINUOUS_DISJOINT,f732c26eaf9dcadf,06849756aac36c45,20260211,7,900,False
S5B2-01061,B3_C1_CONTINUOUS_DISJOINT,f732c26eaf9dcadf,4f081a8b4d3dd32b,20260212,7,800,False
S5B2-01062,B3_C1_CONTINUOUS_DISJOINT,f732c26eaf9dcadf,6dd3ba8eb3c67748,20260213,7,800,False
S5B2-01063,B3_C1_CONTINUOUS_DISJOINT,f732c26eaf9dcadf,d46c961fcc79034a,20260214,2,400,False
S5B2-01064,B3_C1_CONTINUOUS_DISJOINT,f732c26eaf9dcadf,e79d9650833e534a,20260215,7,1000,False
S5B2-01065,B3_C1_CONTINUOUS_DISJOINT,f732c26eaf9dcadf,d0dd578619bf1f09,20260216,10,1100,False
S5B2-01066,B3_C1_CONTINUOUS_DISJOINT,f732c26eaf9dcadf,99f4ad86b346717f,20260217,14,1500,False
S5B2-01067,B3_C1_CONTINUOUS_DISJOINT,f732c26eaf9dcadf,87351e6e47dc8e28,20260218,7,900,False
S5B2-01068,B3_C1_CONTINUOUS_DISJOINT,f732c26eaf9dcadf,99cc43674479e8de,20260219,12,1400,False
S5B2-01069,B3_C1_CONTINUOUS_DISJOINT,f732c26eaf9dcadf,e99e4be3c14083b5,20260220,11,1200,False
S5B2-01070,B3_C1_CONTINUOUS_DISJOINT,f732c26eaf9dcadf,69b103080a1df606,20260221,4,700,False
S5B2-01071,B3_C1_CONTINUOUS_DISJOINT,f732c26eaf9dcadf,66d309ab979e4a3d,20260222,11,1300,False
S5B2-01072,B3_C1_CONTINUOUS_DISJOINT,f732c26eaf9dcadf,70da05abde7fad1e,20260223,8,900,False
S5B2-01073,B3_C1_CONTINUOUS_DISJOINT,f732c26eaf9dcadf,63d625f97edf9795,20260224,8,1000,False
S5B2-01074,B3_C1_CONTINUOUS_DISJOINT,f732c26eaf9dcadf,5d3b9d5a956f85b6,20260225,12,1400,False
S5B2-01075,B3_C1_CONTINUOUS_DISJOINT,f732c26eaf9dcadf,fd205fc1cb013f0f,20260226,20,2100,False
S5B2-01076,B3_C1_CONTINUOUS_DISJOINT,f732c26eaf9dcadf,9bf518c58a97af04,20260227,1,300,False
S5B2-01077,B3_C1_CONTINUOUS_DISJOINT,f732c26eaf9dcadf,5fa091152837a3a1,20260228,21,2200,False
S5B2-01078,B3_C1_CONTINUOUS_DISJOINT,f732c26eaf9dcadf,3c47c9375f36a926,20260229,9,1100,False
S5B2-01079,B3_C1_CONTINUOUS_DISJOINT,f732c26eaf9dcadf,5f5947ccef41051e,20260230,8,1100,False
S5B2-01080,B3_C1_CONTINUOUS_DISJOINT,3a1f7951cd3fc426,de3d41d13281e9e9,20260201,11,6500,False
S5B2-01081,B3_C1_CONTINUOUS_DISJOINT,3a1f7951cd3fc426,ca54e2b5e647305d,20260202,15,8000,False
S5B2-01082,B3_C1_CONTINUOUS_DISJOINT,3a1f7951cd3fc426,ad7cb3a25f0bf28c,20260203,10,6000,False
S5B2-01083,B3_C1_CONTINUOUS_DISJOINT,3a1f7951cd3fc426,9d65a83d6e66d8d3,20260204,7,4000,False
S5B2-01084,B3_C1_CONTINUOUS_DISJOINT,3a1f7951cd3fc426,fff2154adeb31fa0,20260205,6,4000,False
S5B2-01085,B3_C1_CONTINUOUS_DISJOINT,3a1f7951cd3fc426,eaad6cd62f9d3356,20260206,17,9000,False
S5B2-01086,B3_C1_CONTINUOUS_DISJOINT,3a1f7951cd3fc426,b70c27b9b12bc030,20260207,10,5500,False
S5B2-01087,B3_C1_CONTINUOUS_DISJOINT,3a1f7951cd3fc426,118e2f4f22c32069,20260208,2,2000,False
S5B2-01088,B3_C1_CONTINUOUS_DISJOINT,3a1f7951cd3fc426,e1b9db286ef5aae4,20260209,11,6000,False
S5B2-01089,B3_C1_CONTINUOUS_DISJOINT,3a1f7951cd3fc426,532c7e8b5026b6e0,20260210,5,3000,False
S5B2-01090,B3_C1_CONTINUOUS_DISJOINT,3a1f7951cd3fc426,7b85eca022b56c84,20260211,7,4500,False
S5B2-01091,B3_C1_CONTINUOUS_DISJOINT,3a1f7951cd3fc426,6cd97fc34855dbb7,20260212,11,6500,False
S5B2-01092,B3_C1_CONTINUOUS_DISJOINT,3a1f7951cd3fc426,3bd75cd9a4b2ab0d,20260213,7,4000,False
S5B2-01093,B3_C1_CONTINUOUS_DISJOINT,3a1f7951cd3fc426,64886c319cee8055,20260214,2,2000,False
S5B2-01094,B3_C1_CONTINUOUS_DISJOINT,3a1f7951cd3fc426,a43881a2d3a8c8ae,20260215,1,1500,False
S5B2-01095,B3_C1_CONTINUOUS_DISJOINT,3a1f7951cd3fc426,9c4ae29f61999430,20260216,16,9000,False
S5B2-01096,B3_C1_CONTINUOUS_DISJOINT,3a1f7951cd3fc426,65838e1230a025b7,20260217,14,7500,False
S5B2-01097,B3_C1_CONTINUOUS_DISJOINT,3a1f7951cd3fc426,a96a3d21a1834355,20260218,7,4500,False
S5B2-01098,B3_C1_CONTINUOUS_DISJOINT,3a1f7951cd3fc426,8813654446fa1b97,20260219,5,3000,False
S5B2-01099,B3_C1_CONTINUOUS_DISJOINT,3a1f7951cd3fc426,2481cef385f28187,20260220,11,6000,False
S5B2-01100,B3_C1_CONTINUOUS_DISJOINT,3a1f7951cd3fc426,489a470cf91a54a0,20260221,4,3000,False
S5B2-01101,B3_C1_CONTINUOUS_DISJOINT,3a1f7951cd3fc426,90d2280e019fd536,20260222,10,6000,False
S5B2-01102,B3_C1_CONTINUOUS_DISJOINT,3a1f7951cd3fc426,b6e7c1050c31f68d,20260223,8,5000,False
S5B2-01103,B3_C1_CONTINUOUS_DISJOINT,3a1f7951cd3fc426,507f10b59cf1b946,20260224,8,5000,False
S5B2-01104,B3_C1_CONTINUOUS_DISJOINT,3a1f7951cd3fc426,c5b44c2eeda552d5,20260225,12,7000,False
S5B2-01105,B3_C1_CONTINUOUS_DISJOINT,3a1f7951cd3fc426,4d763e1a49d868d4,20260226,20,10500,False
S5B2-01106,B3_C1_CONTINUOUS_DISJOINT,3a1f7951cd3fc426,310a4d88674f90b3,20260227,1,1500,False
S5B2-01107,B3_C1_CONTINUOUS_DISJOINT,3a1f7951cd3fc426,8babf3376e4b7670,20260228,17,9000,False
S5B2-01108,B3_C1_CONTINUOUS_DISJOINT,3a1f7951cd3fc426,d4dd899d8c5ac74a,20260229,9,5500,False
S5B2-01109,B3_C1_CONTINUOUS_DISJOINT,3a1f7951cd3fc426,69bea53b339d7b4b,20260230,8,5000,False
S5B2-01110,B3_C1_CONTINUOUS_DISJOINT,f75d495e4ed4e434,f4d419f080ae705c,20260201,15,1900,True
S5B2-01111,B3_C1_CONTINUOUS_DISJOINT,f75d495e4ed4e434,32573188f7ca2da3,20260202,20,2200,False
S5B2-01112,B3_C1_CONTINUOUS_DISJOINT,f75d495e4ed4e434,c0a6a7dcffc88e5d,20260203,14,1800,False
S5B2-01113,B3_C1_CONTINUOUS_DISJOINT,f75d495e4ed4e434,93649ea008534e90,20260204,17,1900,False
S5B2-01114,B3_C1_CONTINUOUS_DISJOINT,f75d495e4ed4e434,bc201c2c11e7a451,20260205,13,1800,False
S5B2-01115,B3_C1_CONTINUOUS_DISJOINT,f75d495e4ed4e434,722a32032fb8e279,20260206,21,2400,False
S5B2-01116,B3_C1_CONTINUOUS_DISJOINT,f75d495e4ed4e434,b10ac0366cd8236e,20260207,17,2000,False
S5B2-01117,B3_C1_CONTINUOUS_DISJOINT,f75d495e4ed4e434,ca009365c49e4a2f,20260208,12,1600,False
S5B2-01118,B3_C1_CONTINUOUS_DISJOINT,f75d495e4ed4e434,d89ab50a7c532da0,20260209,17,2000,False
S5B2-01119,B3_C1_CONTINUOUS_DISJOINT,f75d495e4ed4e434,234d03e1c0a454a5,20260210,17,2000,False
S5B2-01120,B3_C1_CONTINUOUS_DISJOINT,f75d495e4ed4e434,0c6af0a475f1549d,20260211,14,1800,False
S5B2-01121,B3_C1_CONTINUOUS_DISJOINT,f75d495e4ed4e434,2b253bfe54d0d690,20260212,17,2000,False
S5B2-01122,B3_C1_CONTINUOUS_DISJOINT,f75d495e4ed4e434,ff6292eb76488ab9,20260213,18,2100,False
S5B2-01123,B3_C1_CONTINUOUS_DISJOINT,f75d495e4ed4e434,3e81320d465ba464,20260214,14,1800,False
S5B2-01124,B3_C1_CONTINUOUS_DISJOINT,f75d495e4ed4e434,291b3f66bd71d7d6,20260215,23,2600,False
S5B2-01125,B3_C1_CONTINUOUS_DISJOINT,f75d495e4ed4e434,b2890ff94d19dd4a,20260216,18,2000,False
S5B2-01126,B3_C1_CONTINUOUS_DISJOINT,f75d495e4ed4e434,b2651cfe5cdb66e3,20260217,22,2400,False
S5B2-01127,B3_C1_CONTINUOUS_DISJOINT,f75d495e4ed4e434,bf2203e5ed3afb76,20260218,12,1500,False
S5B2-01128,B3_C1_CONTINUOUS_DISJOINT,f75d495e4ed4e434,602cbeb3ad044907,20260219,14,1700,False
S5B2-01129,B3_C1_CONTINUOUS_DISJOINT,f75d495e4ed4e434,74e395a4c62af421,20260220,21,2400,False
S5B2-01130,B3_C1_CONTINUOUS_DISJOINT,f75d495e4ed4e434,9c33792e1d0cbe38,20260221,17,2000,False
S5B2-01131,B3_C1_CONTINUOUS_DISJOINT,f75d495e4ed4e434,07abe1f04c93b5ff,20260222,12,1600,False
S5B2-01132,B3_C1_CONTINUOUS_DISJOINT,f75d495e4ed4e434,3caffd260fa0ea02,20260223,18,2000,True
S5B2-01133,B3_C1_CONTINUOUS_DISJOINT,f75d495e4ed4e434,8d43dd9b8c200420,20260224,19,2100,False
S5B2-01134,B3_C1_CONTINUOUS_DISJOINT,f75d495e4ed4e434,fb7ce11b742a4766,20260225,24,2600,False
S5B2-01135,B3_C1_CONTINUOUS_DISJOINT,f75d495e4ed4e434,d74cf0e1b50814ce,20260226,20,2200,False
S5B2-01136,B3_C1_CONTINUOUS_DISJOINT,f75d495e4ed4e434,055d35e6854e8ff8,20260227,15,2000,False
S5B2-01137,B3_C1_CONTINUOUS_DISJOINT,f75d495e4ed4e434,56406792dd6c9b7e,20260228,23,2600,False
S5B2-01138,B3_C1_CONTINUOUS_DISJOINT,f75d495e4ed4e434,199ba8276c2a3af6,20260229,12,1600,False
S5B2-01139,B3_C1_CONTINUOUS_DISJOINT,f75d495e4ed4e434,2b69b797c85beac8,20260230,10,1400,False
S5B2-01140,B3_C1_CONTINUOUS_DISJOINT,ef9fba1052bcea89,5a9962b3e6a68f30,20260201,14,9000,False
S5B2-01141,B3_C1_CONTINUOUS_DISJOINT,ef9fba1052bcea89,2f1920cc52f6fae7,20260202,22,12000,False
S5B2-01142,B3_C1_CONTINUOUS_DISJOINT,ef9fba1052bcea89,2501ed1450bf9cd3,20260203,16,10000,False
S5B2-01143,B3_C1_CONTINUOUS_DISJOINT,ef9fba1052bcea89,d202128d1a5aab01,20260204,17,10000,False
S5B2-01144,B3_C1_CONTINUOUS_DISJOINT,ef9fba1052bcea89,8f5eef6f973a36c6,20260205,10,7500,False
S5B2-01145,B3_C1_CONTINUOUS_DISJOINT,ef9fba1052bcea89,6d40a6daee43f524,20260206,23,13000,False
S5B2-01146,B3_C1_CONTINUOUS_DISJOINT,ef9fba1052bcea89,387856832869c1e7,20260207,16,9500,False
S5B2-01147,B3_C1_CONTINUOUS_DISJOINT,ef9fba1052bcea89,94ecde747dc8d23c,20260208,13,8500,False
S5B2-01148,B3_C1_CONTINUOUS_DISJOINT,ef9fba1052bcea89,5ce34d3046dfef29,20260209,20,11500,False
S5B2-01149,B3_C1_CONTINUOUS_DISJOINT,ef9fba1052bcea89,be844cb246e59a69,20260210,16,9500,False
S5B2-01150,B3_C1_CONTINUOUS_DISJOINT,ef9fba1052bcea89,7ad2ef35a5ba38c0,20260211,14,9000,False
S5B2-01151,B3_C1_CONTINUOUS_DISJOINT,ef9fba1052bcea89,91954703cc1e8f89,20260212,17,10000,False
S5B2-01152,B3_C1_CONTINUOUS_DISJOINT,ef9fba1052bcea89,e21511c3515bce29,20260213,17,10000,False
S5B2-01153,B3_C1_CONTINUOUS_DISJOINT,ef9fba1052bcea89,7c209b817dd1d2fd,20260214,15,9500,False
S5B2-01154,B3_C1_CONTINUOUS_DISJOINT,ef9fba1052bcea89,9affb2712ee7e521,20260215,16,9500,False
S5B2-01155,B3_C1_CONTINUOUS_DISJOINT,ef9fba1052bcea89,ae1b72a9d24db21a,20260216,18,10000,False
S5B2-01156,B3_C1_CONTINUOUS_DISJOINT,ef9fba1052bcea89,b501ec43ab16cbbb,20260217,20,11000,False
S5B2-01157,B3_C1_CONTINUOUS_DISJOINT,ef9fba1052bcea89,8c0c5454a4b79eaf,20260218,19,11500,False
S5B2-01158,B3_C1_CONTINUOUS_DISJOINT,ef9fba1052bcea89,c3a4b87d847db8dc,20260219,14,9000,False
S5B2-01159,B3_C1_CONTINUOUS_DISJOINT,ef9fba1052bcea89,924d9a082df5fe73,20260220,18,10500,False
S5B2-01160,B3_C1_CONTINUOUS_DISJOINT,ef9fba1052bcea89,4400b752638570af,20260221,16,9500,False
S5B2-01161,B3_C1_CONTINUOUS_DISJOINT,ef9fba1052bcea89,94225beb7be1ad77,20260222,12,8000,False
S5B2-01162,B3_C1_CONTINUOUS_DISJOINT,ef9fba1052bcea89,342cd0434792ccd6,20260223,21,12000,False
S5B2-01163,B3_C1_CONTINUOUS_DISJOINT,ef9fba1052bcea89,3e0636fc95db8dce,20260224,19,10500,False
S5B2-01164,B3_C1_CONTINUOUS_DISJOINT,ef9fba1052bcea89,a205750728dd3262,20260225,23,12500,False
S5B2-01165,B3_C1_CONTINUOUS_DISJOINT,ef9fba1052bcea89,f783c558b543b427,20260226,20,10500,False
S5B2-01166,B3_C1_CONTINUOUS_DISJOINT,ef9fba1052bcea89,1928d3b6618912b0,20260227,15,10000,False
S5B2-01167,B3_C1_CONTINUOUS_DISJOINT,ef9fba1052bcea89,28d4b2f3fe9d00d4,20260228,21,11000,False
S5B2-01168,B3_C1_CONTINUOUS_DISJOINT,ef9fba1052bcea89,da8ef2103f955253,20260229,14,9000,False
S5B2-01169,B3_C1_CONTINUOUS_DISJOINT,ef9fba1052bcea89,c60d1a4e56c1aeb5,20260230,12,8500,False
S5B2-01170,C2,8599e8d234880e63,371b37c4faec6c37,20260201,10,1200,True
S5B2-01171,C2,8599e8d234880e63,3562fd34f15990c3,20260202,11,1200,False
S5B2-01172,C2,8599e8d234880e63,0a1550a210f595b0,20260203,10,1100,False
S5B2-01173,C2,8599e8d234880e63,3d22e1fe73c263b5,20260204,15,1700,False
S5B2-01174,C2,8599e8d234880e63,8b45043f7c0ed00c,20260205,6,800,False
S5B2-01175,C2,8599e8d234880e63,8683a30a80b4c180,20260206,17,1800,False
S5B2-01176,C2,8599e8d234880e63,36c2366e5697d6e8,20260207,11,1300,False
S5B2-01177,C2,8599e8d234880e63,c30061002fb089a8,20260208,2,400,False
S5B2-01178,C2,8599e8d234880e63,9427af3164019517,20260209,15,1700,False
S5B2-01179,C2,8599e8d234880e63,e9707ffe36ee1042,20260210,7,900,False
S5B2-01180,C2,8599e8d234880e63,9903b6464e963f9d,20260211,7,900,False
S5B2-01181,C2,8599e8d234880e63,60f1dbdf5bf5d32e,20260212,7,800,False
S5B2-01182,C2,8599e8d234880e63,26093ca31068ae39,20260213,7,800,False
S5B2-01183,C2,8599e8d234880e63,7f9ff563732fef63,20260214,2,400,False
S5B2-01184,C2,8599e8d234880e63,3c8e19d25c3e8cd8,20260215,7,1000,False
S5B2-01185,C2,8599e8d234880e63,ad2e9590495f634d,20260216,10,1100,False
S5B2-01186,C2,8599e8d234880e63,72362d6651ccd104,20260217,14,1500,False
S5B2-01187,C2,8599e8d234880e63,d63e375dcd09fda2,20260218,7,900,False
S5B2-01188,C2,8599e8d234880e63,247a2bdc755357d6,20260219,12,1400,False
S5B2-01189,C2,8599e8d234880e63,83f294d0a42edceb,20260220,11,1200,False
S5B2-01190,C2,8599e8d234880e63,22215f84d71f7c39,20260221,4,700,False
S5B2-01191,C2,8599e8d234880e63,f14a96ab2c9cb07e,20260222,11,1300,False
S5B2-01192,C2,8599e8d234880e63,754552e7f587a3a6,20260223,8,900,False
S5B2-01193,C2,8599e8d234880e63,982c6b29ce6e1f1c,20260224,8,1000,False
S5B2-01194,C2,8599e8d234880e63,50c81a3256ae34b6,20260225,12,1400,False
S5B2-01195,C2,8599e8d234880e63,57129198eff218fc,20260226,20,2100,False
S5B2-01196,C2,8599e8d234880e63,a5dd4de1e304dd9c,20260227,1,300,False
S5B2-01197,C2,8599e8d234880e63,42343b692f70ceca,20260228,21,2200,False
S5B2-01198,C2,8599e8d234880e63,f65e0a3a8861b3b9,20260229,9,1100,False
S5B2-01199,C2,8599e8d234880e63,c9a996ce3b118e34,20260230,8,1100,False
S5B2-01200,C2,365ffbf30c8fa059,4021fea85b21855b,20260201,11,6500,False
S5B2-01201,C2,365ffbf30c8fa059,15213138b818cb30,20260202,15,8000,False
S5B2-01202,C2,365ffbf30c8fa059,fd70e88cfc7ebe4a,20260203,10,6000,False
S5B2-01203,C2,365ffbf30c8fa059,3a0e6102f17e1e7f,20260204,7,4000,False
S5B2-01204,C2,365ffbf30c8fa059,07d313b5535bbdb1,20260205,6,4000,False
S5B2-01205,C2,365ffbf30c8fa059,ec2bbadbe956a806,20260206,17,9000,False
S5B2-01206,C2,365ffbf30c8fa059,cb8fe5fb489945c4,20260207,10,5500,False
S5B2-01207,C2,365ffbf30c8fa059,9890995c353c3778,20260208,2,2000,False
S5B2-01208,C2,365ffbf30c8fa059,a54787fa99b6f63a,20260209,11,6000,False
S5B2-01209,C2,365ffbf30c8fa059,aeb3813ea54ea447,20260210,5,3000,False
S5B2-01210,C2,365ffbf30c8fa059,be5837e33bf652b9,20260211,7,4500,False
S5B2-01211,C2,365ffbf30c8fa059,d53f842471bcbd8b,20260212,11,6500,False
S5B2-01212,C2,365ffbf30c8fa059,7027d77a1457463a,20260213,7,4000,False
S5B2-01213,C2,365ffbf30c8fa059,1e8de90eadea4570,20260214,2,2000,False
S5B2-01214,C2,365ffbf30c8fa059,b08fe2fd32ef2ab3,20260215,1,1500,False
S5B2-01215,C2,365ffbf30c8fa059,78c16098d81b1e6b,20260216,16,9000,False
S5B2-01216,C2,365ffbf30c8fa059,9f42457eca0a5141,20260217,14,7500,False
S5B2-01217,C2,365ffbf30c8fa059,f48132006fa19550,20260218,7,4500,False
S5B2-01218,C2,365ffbf30c8fa059,636db3d9055f90e4,20260219,5,3000,False
S5B2-01219,C2,365ffbf30c8fa059,42ff00a6724daedb,20260220,11,6000,False
S5B2-01220,C2,365ffbf30c8fa059,61c50d7065bba384,20260221,4,3000,False
S5B2-01221,C2,365ffbf30c8fa059,f9e57c51cc0ab6fc,20260222,10,6000,False
S5B2-01222,C2,365ffbf30c8fa059,6efba054c00ebd90,20260223,8,5000,False
S5B2-01223,C2,365ffbf30c8fa059,bc383980b364397d,20260224,8,5000,False
S5B2-01224,C2,365ffbf30c8fa059,7e477eacfc86726e,20260225,12,7000,False
S5B2-01225,C2,365ffbf30c8fa059,185d5761b4e0f13b,20260226,20,10500,False
S5B2-01226,C2,365ffbf30c8fa059,0e62d95183c426ab,20260227,1,1500,False
S5B2-01227,C2,365ffbf30c8fa059,9550032ab7cd1329,20260228,17,9000,False
S5B2-01228,C2,365ffbf30c8fa059,bb2b6e48e904df6b,20260229,9,5500,False
S5B2-01229,C2,365ffbf30c8fa059,7017830047136579,20260230,8,5000,False
S5B2-01230,C2,43c88cd623ae07b0,e9ede5f78d4ed385,20260201,15,1900,False
S5B2-01231,C2,43c88cd623ae07b0,4f12c06146b3355a,20260202,20,2200,False
S5B2-01232,C2,43c88cd623ae07b0,ed722b2af9ca95b6,20260203,14,1800,False
S5B2-01233,C2,43c88cd623ae07b0,acf9280c09a27a66,20260204,17,1900,True
S5B2-01234,C2,43c88cd623ae07b0,a5161d2d4c562a1a,20260205,13,1800,False
S5B2-01235,C2,43c88cd623ae07b0,68fdfd61e5c760b7,20260206,21,2400,False
S5B2-01236,C2,43c88cd623ae07b0,74b7c625c3ea643c,20260207,17,2000,False
S5B2-01237,C2,43c88cd623ae07b0,06b450a370b794c6,20260208,12,1600,False
S5B2-01238,C2,43c88cd623ae07b0,e49ad666560150ae,20260209,17,2000,False
S5B2-01239,C2,43c88cd623ae07b0,e0851fb0e7875590,20260210,17,2000,False
S5B2-01240,C2,43c88cd623ae07b0,278275f657e511a3,20260211,14,1800,False
S5B2-01241,C2,43c88cd623ae07b0,641c19ad0ab464e0,20260212,17,2000,False
S5B2-01242,C2,43c88cd623ae07b0,f69e01ebce1b1b64,20260213,18,2100,False
S5B2-01243,C2,43c88cd623ae07b0,9caadd16f3ef8720,20260214,14,1800,False
S5B2-01244,C2,43c88cd623ae07b0,3037a3058f154e98,20260215,23,2600,False
S5B2-01245,C2,43c88cd623ae07b0,e124d3073e6eb662,20260216,18,2000,False
S5B2-01246,C2,43c88cd623ae07b0,1777736365b82cca,20260217,22,2400,False
S5B2-01247,C2,43c88cd623ae07b0,41a670457797e618,20260218,12,1500,False
S5B2-01248,C2,43c88cd623ae07b0,c20ee9e4ebcbafaf,20260219,14,1700,False
S5B2-01249,C2,43c88cd623ae07b0,4566e1ac70568077,20260220,21,2400,False
S5B2-01250,C2,43c88cd623ae07b0,a517142bd8c57514,20260221,17,2000,False
S5B2-01251,C2,43c88cd623ae07b0,9bb738b9b8637417,20260222,12,1600,False
S5B2-01252,C2,43c88cd623ae07b0,9e8e1011c2ced696,20260223,18,2000,False
S5B2-01253,C2,43c88cd623ae07b0,efc3aa0a55e8cfa2,20260224,19,2100,False
S5B2-01254,C2,43c88cd623ae07b0,bb44fd2912e0162c,20260225,24,2600,False
S5B2-01255,C2,43c88cd623ae07b0,f83e5395f594efa6,20260226,20,2200,False
S5B2-01256,C2,43c88cd623ae07b0,d08b30f3b556c177,20260227,15,2000,False
S5B2-01257,C2,43c88cd623ae07b0,c4d7f2f29b1f797a,20260228,23,2600,False
S5B2-01258,C2,43c88cd623ae07b0,0f83d30bcbd72be5,20260229,12,1600,False
S5B2-01259,C2,43c88cd623ae07b0,5d3e80236b4de655,20260230,10,1400,False
S5B2-01260,C2,4c2f0f9f0c476777,7adb9057dcd3f95f,20260201,14,9000,False
S5B2-01261,C2,4c2f0f9f0c476777,128824e33cfbe8d2,20260202,22,12000,False
S5B2-01262,C2,4c2f0f9f0c476777,8117cb4c3afe6caf,20260203,16,10000,False
S5B2-01263,C2,4c2f0f9f0c476777,696299602c86d5dc,20260204,17,10000,False
S5B2-01264,C2,4c2f0f9f0c476777,093766949d1259ee,20260205,10,7500,False
S5B2-01265,C2,4c2f0f9f0c476777,8362e255bbc5afb3,20260206,23,13000,False
S5B2-01266,C2,4c2f0f9f0c476777,036d0a4d4e446a63,20260207,16,9500,False
S5B2-01267,C2,4c2f0f9f0c476777,4237ff77b0b0aa11,20260208,13,8500,False
S5B2-01268,C2,4c2f0f9f0c476777,f89f0a2ed9ec211f,20260209,20,11500,False
S5B2-01269,C2,4c2f0f9f0c476777,87b89a63b5fe403f,20260210,16,9500,False
S5B2-01270,C2,4c2f0f9f0c476777,c36068922acb3d0f,20260211,14,9000,False
S5B2-01271,C2,4c2f0f9f0c476777,a4a5ace48a940279,20260212,17,10000,False
S5B2-01272,C2,4c2f0f9f0c476777,540bb3082bebeb2b,20260213,17,10000,False
S5B2-01273,C2,4c2f0f9f0c476777,5f59c9b658a36d9b,20260214,15,9500,False
S5B2-01274,C2,4c2f0f9f0c476777,81123b72980ba11f,20260215,16,9500,False
S5B2-01275,C2,4c2f0f9f0c476777,17c85a7a8dcd5472,20260216,18,10000,False
S5B2-01276,C2,4c2f0f9f0c476777,31de472c343d716a,20260217,20,11000,False
S5B2-01277,C2,4c2f0f9f0c476777,930d538e55cf162e,20260218,19,11500,False
S5B2-01278,C2,4c2f0f9f0c476777,0a6ed329244fc734,20260219,14,9000,False
S5B2-01279,C2,4c2f0f9f0c476777,20b63b9297b8c077,20260220,18,10500,False
S5B2-01280,C2,4c2f0f9f0c476777,6645f25fceaf139b,20260221,16,9500,False
S5B2-01281,C2,4c2f0f9f0c476777,0e51d1ddec426ba7,20260222,12,8000,False
S5B2-01282,C2,4c2f0f9f0c476777,40a8ee28e9851497,20260223,21,12000,False
S5B2-01283,C2,4c2f0f9f0c476777,ccd9eb5391923251,20260224,19,10500,False
S5B2-01284,C2,4c2f0f9f0c476777,d04017c24f468990,20260225,23,12500,False
S5B2-01285,C2,4c2f0f9f0c476777,643c7d5a919d5f46,20260226,20,10500,False
S5B2-01286,C2,4c2f0f9f0c476777,22f9e56c5fc04667,20260227,15,10000,False
S5B2-01287,C2,4c2f0f9f0c476777,37a75320f4ff8630,20260228,21,11000,False
S5B2-01288,C2,4c2f0f9f0c476777,a98aa361779441bd,20260229,14,9000,False
S5B2-01289,C2,4c2f0f9f0c476777,bfc168a2b46af768,20260230,12,8500,False
S5B2-01290,B3_C1_CONTINUOUS_DISJOINT,afb2a4f236d4aaf4,7272e67cd5121521,20260201,19,4400,False
S5B2-01291,B3_C1_CONTINUOUS_DISJOINT,afb2a4f236d4aaf4,816fd4f00644fbb5,20260202,11,4000,False
S5B2-01292,B3_C1_CONTINUOUS_DISJOINT,afb2a4f236d4aaf4,9a46da1b35618224,20260203,13,4000,False
S5B2-01293,B3_C1_CONTINUOUS_DISJOINT,afb2a4f236d4aaf4,ea3d4b225ba19b51,20260204,16,4200,False
S5B2-01294,B3_C1_CONTINUOUS_DISJOINT,afb2a4f236d4aaf4,0c070c90e8436aaa,20260205,7,3800,False
S5B2-01295,B3_C1_CONTINUOUS_DISJOINT,afb2a4f236d4aaf4,835b0f8e1b13a58d,20260206,20,4200,False
S5B2-01296,B3_C1_CONTINUOUS_DISJOINT,afb2a4f236d4aaf4,f67d3ffd5cc4d079,20260207,13,4100,False
S5B2-01297,B3_C1_CONTINUOUS_DISJOINT,afb2a4f236d4aaf4,0d8956b225649d7e,20260208,16,4200,False
S5B2-01298,B3_C1_CONTINUOUS_DISJOINT,afb2a4f236d4aaf4,cbcbe84b0c21bd20,20260209,15,4200,False
S5B2-01299,B3_C1_CONTINUOUS_DISJOINT,afb2a4f236d4aaf4,ddfa859a768e8b14,20260210,15,4100,False
S5B2-01300,B3_C1_CONTINUOUS_DISJOINT,afb2a4f236d4aaf4,0a2c6274324ab247,20260211,19,4300,False
S5B2-01301,B3_C1_CONTINUOUS_DISJOINT,afb2a4f236d4aaf4,b2b8a3e8b84f550c,20260212,16,4200,False
S5B2-01302,B3_C1_CONTINUOUS_DISJOINT,afb2a4f236d4aaf4,b4e7c074c6810bc8,20260213,16,4300,False
S5B2-01303,B3_C1_CONTINUOUS_DISJOINT,afb2a4f236d4aaf4,0c13d28561c3ecde,20260214,15,4100,False
S5B2-01304,B3_C1_CONTINUOUS_DISJOINT,afb2a4f236d4aaf4,d2f356986554d85c,20260215,16,4400,False
S5B2-01305,B3_C1_CONTINUOUS_DISJOINT,afb2a4f236d4aaf4,2ae60c6753911d36,20260216,20,4500,False
S5B2-01306,B3_C1_CONTINUOUS_DISJOINT,afb2a4f236d4aaf4,74283af39bf381ff,20260217,14,4200,False
S5B2-01307,B3_C1_CONTINUOUS_DISJOINT,afb2a4f236d4aaf4,e87e69131333d2a9,20260218,14,4000,False
S5B2-01308,B3_C1_CONTINUOUS_DISJOINT,afb2a4f236d4aaf4,c8f217971a3731fc,20260219,20,4500,False
S5B2-01309,B3_C1_CONTINUOUS_DISJOINT,afb2a4f236d4aaf4,7e41caca7b74b29b,20260220,19,4400,False
S5B2-01310,B3_C1_CONTINUOUS_DISJOINT,afb2a4f236d4aaf4,f70a238446ed8931,20260221,15,4300,False
S5B2-01311,B3_C1_CONTINUOUS_DISJOINT,afb2a4f236d4aaf4,f9cf2ccc107bc06f,20260222,20,4700,False
S5B2-01312,B3_C1_CONTINUOUS_DISJOINT,afb2a4f236d4aaf4,5f91aaba938554b9,20260223,16,4200,False
S5B2-01313,B3_C1_CONTINUOUS_DISJOINT,afb2a4f236d4aaf4,a359260519227e41,20260224,11,4000,False
S5B2-01314,B3_C1_CONTINUOUS_DISJOINT,afb2a4f236d4aaf4,d7ec73bc9d2f4c17,20260225,16,4500,False
S5B2-01315,B3_C1_CONTINUOUS_DISJOINT,afb2a4f236d4aaf4,f781b69f6d6a7bda,20260226,26,5100,False
S5B2-01316,B3_C1_CONTINUOUS_DISJOINT,afb2a4f236d4aaf4,85fa6d05e22ad5ed,20260227,17,4300,False
S5B2-01317,B3_C1_CONTINUOUS_DISJOINT,afb2a4f236d4aaf4,1fd649d8fd6f3975,20260228,18,4400,False
S5B2-01318,B3_C1_CONTINUOUS_DISJOINT,afb2a4f236d4aaf4,8ce80eb4b6f70fa5,20260229,21,4600,False
S5B2-01319,B3_C1_CONTINUOUS_DISJOINT,afb2a4f236d4aaf4,669ecc59d415ea0b,20260230,17,4200,False
S5B2-01320,B3_C1_CONTINUOUS_DISJOINT,2d19a1c99b6a6b42,1c46cbff560e4fce,20260201,19,22000,False
S5B2-01321,B3_C1_CONTINUOUS_DISJOINT,2d19a1c99b6a6b42,bfea4c64dbbb37b9,20260202,11,19500,False
S5B2-01322,B3_C1_CONTINUOUS_DISJOINT,2d19a1c99b6a6b42,567e5adcfe37c09c,20260203,15,21000,False
S5B2-01323,B3_C1_CONTINUOUS_DISJOINT,2d19a1c99b6a6b42,4d05b11459a30b01,20260204,16,21000,False
S5B2-01324,B3_C1_CONTINUOUS_DISJOINT,2d19a1c99b6a6b42,951a9c7b4d8ca387,20260205,7,18000,False
S5B2-01325,B3_C1_CONTINUOUS_DISJOINT,2d19a1c99b6a6b42,5ef2811e368ad04f,20260206,21,23000,False
S5B2-01326,B3_C1_CONTINUOUS_DISJOINT,2d19a1c99b6a6b42,a9875257f8c8493f,20260207,12,19500,False
S5B2-01327,B3_C1_CONTINUOUS_DISJOINT,2d19a1c99b6a6b42,299af9056509977c,20260208,17,21500,False
S5B2-01328,B3_C1_CONTINUOUS_DISJOINT,2d19a1c99b6a6b42,3f0a83e485e7bad2,20260209,15,21000,False
S5B2-01329,B3_C1_CONTINUOUS_DISJOINT,2d19a1c99b6a6b42,d911ecaf38bb2973,20260210,15,20000,False
S5B2-01330,B3_C1_CONTINUOUS_DISJOINT,2d19a1c99b6a6b42,6ce20b3879524683,20260211,20,22000,False
S5B2-01331,B3_C1_CONTINUOUS_DISJOINT,2d19a1c99b6a6b42,60dcf156f46532f2,20260212,16,21500,False
S5B2-01332,B3_C1_CONTINUOUS_DISJOINT,2d19a1c99b6a6b42,181b46a9cbbb477e,20260213,14,20500,False
S5B2-01333,B3_C1_CONTINUOUS_DISJOINT,2d19a1c99b6a6b42,57f1c96237d12fef,20260214,15,20500,True
S5B2-01334,B3_C1_CONTINUOUS_DISJOINT,2d19a1c99b6a6b42,09218a1f6ccd6183,20260215,15,21000,False
S5B2-01335,B3_C1_CONTINUOUS_DISJOINT,2d19a1c99b6a6b42,f066fe8b561a8163,20260216,21,24500,False
S5B2-01336,B3_C1_CONTINUOUS_DISJOINT,2d19a1c99b6a6b42,25ad6cfee178dbb1,20260217,15,21500,False
S5B2-01337,B3_C1_CONTINUOUS_DISJOINT,2d19a1c99b6a6b42,8ac7a44050ff1979,20260218,14,20000,False
S5B2-01338,B3_C1_CONTINUOUS_DISJOINT,2d19a1c99b6a6b42,0b1fbf146b4049ff,20260219,20,22500,False
S5B2-01339,B3_C1_CONTINUOUS_DISJOINT,2d19a1c99b6a6b42,18f2ee8889c996c7,20260220,19,21000,False
S5B2-01340,B3_C1_CONTINUOUS_DISJOINT,2d19a1c99b6a6b42,b476e5d6e338c12f,20260221,15,21000,False
S5B2-01341,B3_C1_CONTINUOUS_DISJOINT,2d19a1c99b6a6b42,45125594fa0d8d1f,20260222,20,23500,False
S5B2-01342,B3_C1_CONTINUOUS_DISJOINT,2d19a1c99b6a6b42,2c6a1caed1b12ac8,20260223,17,22000,False
S5B2-01343,B3_C1_CONTINUOUS_DISJOINT,2d19a1c99b6a6b42,cee862729b56c776,20260224,13,21500,False
S5B2-01344,B3_C1_CONTINUOUS_DISJOINT,2d19a1c99b6a6b42,e32debebc352fa0a,20260225,15,21000,False
S5B2-01345,B3_C1_CONTINUOUS_DISJOINT,2d19a1c99b6a6b42,e7ea896a6257b42a,20260226,25,24000,False
S5B2-01346,B3_C1_CONTINUOUS_DISJOINT,2d19a1c99b6a6b42,83d22e1cbce28386,20260227,17,21500,False
S5B2-01347,B3_C1_CONTINUOUS_DISJOINT,2d19a1c99b6a6b42,8c1e9b8e74f7805b,20260228,16,20000,False
S5B2-01348,B3_C1_CONTINUOUS_DISJOINT,2d19a1c99b6a6b42,eb5357fd32bc4d6a,20260229,21,23000,False
S5B2-01349,B3_C1_CONTINUOUS_DISJOINT,2d19a1c99b6a6b42,015d39a151d9384c,20260230,17,21500,False
S5B2-01350,B3_C1_CONTINUOUS_DISJOINT,045cb6e517b2c900,9bdc177395ff7b10,20260201,24,3200,True
S5B2-01351,B3_C1_CONTINUOUS_DISJOINT,045cb6e517b2c900,7105cef1cb266e58,20260202,13,2400,False
S5B2-01352,B3_C1_CONTINUOUS_DISJOINT,045cb6e517b2c900,5da2f43d51464fb8,20260203,16,2800,False
S5B2-01353,B3_C1_CONTINUOUS_DISJOINT,045cb6e517b2c900,9c1e34d205937236,20260204,15,2700,False
S5B2-01354,B3_C1_CONTINUOUS_DISJOINT,045cb6e517b2c900,623f58d6399bbe2d,20260205,14,2500,False
S5B2-01355,B3_C1_CONTINUOUS_DISJOINT,045cb6e517b2c900,4e4aa167a40f18fb,20260206,24,3100,False
S5B2-01356,B3_C1_CONTINUOUS_DISJOINT,045cb6e517b2c900,1c007a18c83d4973,20260207,17,2900,False
S5B2-01357,B3_C1_CONTINUOUS_DISJOINT,045cb6e517b2c900,cd54f52025d2b031,20260208,14,2500,False
S5B2-01358,B3_C1_CONTINUOUS_DISJOINT,045cb6e517b2c900,f08f62932a385d7e,20260209,16,2600,False
S5B2-01359,B3_C1_CONTINUOUS_DISJOINT,045cb6e517b2c900,cb381ecf7ef15125,20260210,13,2500,False
S5B2-01360,B3_C1_CONTINUOUS_DISJOINT,045cb6e517b2c900,19743273b0e9019a,20260211,14,2500,False
S5B2-01361,B3_C1_CONTINUOUS_DISJOINT,045cb6e517b2c900,ed6fc65efc2a6a4a,20260212,18,2700,False
S5B2-01362,B3_C1_CONTINUOUS_DISJOINT,045cb6e517b2c900,754fbbce64435db4,20260213,20,2900,False
S5B2-01363,B3_C1_CONTINUOUS_DISJOINT,045cb6e517b2c900,ddcf920705f832fe,20260214,13,2400,False
S5B2-01364,B3_C1_CONTINUOUS_DISJOINT,045cb6e517b2c900,876c6fb33709fe9e,20260215,21,2800,False
S5B2-01365,B3_C1_CONTINUOUS_DISJOINT,045cb6e517b2c900,4c72033af796173a,20260216,11,2300,False
S5B2-01366,B3_C1_CONTINUOUS_DISJOINT,045cb6e517b2c900,86cc641aa48e2220,20260217,16,2700,False
S5B2-01367,B3_C1_CONTINUOUS_DISJOINT,045cb6e517b2c900,6d2ac4aa17f98df9,20260218,15,2500,False
S5B2-01368,B3_C1_CONTINUOUS_DISJOINT,045cb6e517b2c900,3b251b4dfc628198,20260219,19,3000,False
S5B2-01369,B3_C1_CONTINUOUS_DISJOINT,045cb6e517b2c900,63a30c10ef33be01,20260220,20,2800,False
S5B2-01370,B3_C1_CONTINUOUS_DISJOINT,045cb6e517b2c900,1b05fd382a57ff19,20260221,13,2500,False
S5B2-01371,B3_C1_CONTINUOUS_DISJOINT,045cb6e517b2c900,091da6e42eaf2091,20260222,11,2500,False
S5B2-01372,B3_C1_CONTINUOUS_DISJOINT,045cb6e517b2c900,7f765a30e8235c65,20260223,26,3200,False
S5B2-01373,B3_C1_CONTINUOUS_DISJOINT,045cb6e517b2c900,084eaa705b6e8c49,20260224,15,2700,False
S5B2-01374,B3_C1_CONTINUOUS_DISJOINT,045cb6e517b2c900,5a74b1bb83475a69,20260225,21,3000,False
S5B2-01375,B3_C1_CONTINUOUS_DISJOINT,045cb6e517b2c900,7b652e3f4eaef218,20260226,22,3300,False
S5B2-01376,B3_C1_CONTINUOUS_DISJOINT,045cb6e517b2c900,1ad81180d130bc02,20260227,16,2700,False
S5B2-01377,B3_C1_CONTINUOUS_DISJOINT,045cb6e517b2c900,1a6fbf3c12d61d0a,20260228,18,2700,False
S5B2-01378,B3_C1_CONTINUOUS_DISJOINT,045cb6e517b2c900,61a6279905da9eec,20260229,25,3300,False
S5B2-01379,B3_C1_CONTINUOUS_DISJOINT,045cb6e517b2c900,991a5cbf3467323f,20260230,14,2500,False
S5B2-01380,B3_C1_CONTINUOUS_DISJOINT,5ab4921e22b80447,122d01642925db36,20260201,22,15000,False
S5B2-01381,B3_C1_CONTINUOUS_DISJOINT,5ab4921e22b80447,ae0af4f9e4005aca,20260202,15,13000,False
S5B2-01382,B3_C1_CONTINUOUS_DISJOINT,5ab4921e22b80447,6ff9756d8c4cee1b,20260203,15,13000,False
S5B2-01383,B3_C1_CONTINUOUS_DISJOINT,5ab4921e22b80447,8f755c2b9e9627e1,20260204,15,13500,False
S5B2-01384,B3_C1_CONTINUOUS_DISJOINT,5ab4921e22b80447,3e619df1f3c2d443,20260205,14,12000,False
S5B2-01385,B3_C1_CONTINUOUS_DISJOINT,5ab4921e22b80447,4886c8ead577a168,20260206,26,17000,False
S5B2-01386,B3_C1_CONTINUOUS_DISJOINT,5ab4921e22b80447,3bf806e420ee983f,20260207,12,11500,False
S5B2-01387,B3_C1_CONTINUOUS_DISJOINT,5ab4921e22b80447,0826c4cc54f154b0,20260208,15,13500,False
S5B2-01388,B3_C1_CONTINUOUS_DISJOINT,5ab4921e22b80447,13619e8989d64ee0,20260209,16,13000,False
S5B2-01389,B3_C1_CONTINUOUS_DISJOINT,5ab4921e22b80447,ad591608a8604b8b,20260210,13,12500,False
S5B2-01390,B3_C1_CONTINUOUS_DISJOINT,5ab4921e22b80447,78918f0fe46988dd,20260211,14,12000,False
S5B2-01391,B3_C1_CONTINUOUS_DISJOINT,5ab4921e22b80447,c53eaca19966fe67,20260212,21,15500,False
S5B2-01392,B3_C1_CONTINUOUS_DISJOINT,5ab4921e22b80447,7fa1c2d3b809a6d6,20260213,18,13500,False
S5B2-01393,B3_C1_CONTINUOUS_DISJOINT,5ab4921e22b80447,a809e63bc537b0d0,20260214,13,12500,False
S5B2-01394,B3_C1_CONTINUOUS_DISJOINT,5ab4921e22b80447,5f197976c42075a1,20260215,21,14500,False
S5B2-01395,B3_C1_CONTINUOUS_DISJOINT,5ab4921e22b80447,7b0a5fa7fe868cd6,20260216,11,12500,False
S5B2-01396,B3_C1_CONTINUOUS_DISJOINT,5ab4921e22b80447,2a645154a4031064,20260217,16,14000,False
S5B2-01397,B3_C1_CONTINUOUS_DISJOINT,5ab4921e22b80447,9a826b98ac2ddffa,20260218,15,13500,False
S5B2-01398,B3_C1_CONTINUOUS_DISJOINT,5ab4921e22b80447,8914eac86f914a63,20260219,17,13500,False
S5B2-01399,B3_C1_CONTINUOUS_DISJOINT,5ab4921e22b80447,d52415e621ea1214,20260220,20,13500,False
S5B2-01400,B3_C1_CONTINUOUS_DISJOINT,5ab4921e22b80447,14e811ecae1635a6,20260221,13,12000,False
S5B2-01401,B3_C1_CONTINUOUS_DISJOINT,5ab4921e22b80447,6600c131fc18fe8a,20260222,11,12500,False
S5B2-01402,B3_C1_CONTINUOUS_DISJOINT,5ab4921e22b80447,5172dfcec8c066a3,20260223,26,16000,False
S5B2-01403,B3_C1_CONTINUOUS_DISJOINT,5ab4921e22b80447,67651c664bcfece7,20260224,15,13500,False
S5B2-01404,B3_C1_CONTINUOUS_DISJOINT,5ab4921e22b80447,fb05439f0e9d6b79,20260225,21,15000,False
S5B2-01405,B3_C1_CONTINUOUS_DISJOINT,5ab4921e22b80447,238b6e6fc0a71d32,20260226,20,15000,False
S5B2-01406,B3_C1_CONTINUOUS_DISJOINT,5ab4921e22b80447,bde8b445c3113a30,20260227,16,13500,False
S5B2-01407,B3_C1_CONTINUOUS_DISJOINT,5ab4921e22b80447,1ff1285d5dcb8cfd,20260228,16,12000,False
S5B2-01408,B3_C1_CONTINUOUS_DISJOINT,5ab4921e22b80447,022bfc2a84dfcc60,20260229,24,15500,False
S5B2-01409,B3_C1_CONTINUOUS_DISJOINT,5ab4921e22b80447,61dad2862106d2ef,20260230,14,13000,False
S5B2-01410,B3_C1_CONTINUOUS_DISJOINT,cebab20930d3ef6d,120753aa27bc4ae9,20260201,14,1700,True
S5B2-01411,B3_C1_CONTINUOUS_DISJOINT,cebab20930d3ef6d,f5bca10de5d99432,20260202,14,1700,False
S5B2-01412,B3_C1_CONTINUOUS_DISJOINT,cebab20930d3ef6d,a485aafff40906fd,20260203,14,1700,False
S5B2-01413,B3_C1_CONTINUOUS_DISJOINT,cebab20930d3ef6d,fe08af977c314d1e,20260204,16,2100,False
S5B2-01414,B3_C1_CONTINUOUS_DISJOINT,cebab20930d3ef6d,c34b81487c2cf089,20260205,12,1800,False
S5B2-01415,B3_C1_CONTINUOUS_DISJOINT,cebab20930d3ef6d,aeb761cedace9b45,20260206,18,2100,False
S5B2-01416,B3_C1_CONTINUOUS_DISJOINT,cebab20930d3ef6d,48b6427eb5b0cc42,20260207,16,2000,False
S5B2-01417,B3_C1_CONTINUOUS_DISJOINT,cebab20930d3ef6d,b0bd40286d43b1d2,20260208,9,1300,False
S5B2-01418,B3_C1_CONTINUOUS_DISJOINT,cebab20930d3ef6d,1096e2527d478b6a,20260209,18,2100,False
S5B2-01419,B3_C1_CONTINUOUS_DISJOINT,cebab20930d3ef6d,6693920b5b9f858a,20260210,17,2200,False
S5B2-01420,B3_C1_CONTINUOUS_DISJOINT,cebab20930d3ef6d,989d364873f82357,20260211,13,1700,False
S5B2-01421,B3_C1_CONTINUOUS_DISJOINT,cebab20930d3ef6d,ba49c7fbc73f3a54,20260212,17,2000,False
S5B2-01422,B3_C1_CONTINUOUS_DISJOINT,cebab20930d3ef6d,5336d480ec00d777,20260213,13,1700,False
S5B2-01423,B3_C1_CONTINUOUS_DISJOINT,cebab20930d3ef6d,5ddb7c9c264cddf1,20260214,12,1600,False
S5B2-01424,B3_C1_CONTINUOUS_DISJOINT,cebab20930d3ef6d,4e1ec27b631651f4,20260215,20,2300,False
S5B2-01425,B3_C1_CONTINUOUS_DISJOINT,cebab20930d3ef6d,af7284bb02137ed4,20260216,14,1700,False
S5B2-01426,B3_C1_CONTINUOUS_DISJOINT,cebab20930d3ef6d,05e328840a71b881,20260217,22,2400,False
S5B2-01427,B3_C1_CONTINUOUS_DISJOINT,cebab20930d3ef6d,bd36ec8c5fbf387f,20260218,13,1800,False
S5B2-01428,B3_C1_CONTINUOUS_DISJOINT,cebab20930d3ef6d,15bda4aa5ebba6ed,20260219,18,2200,False
S5B2-01429,B3_C1_CONTINUOUS_DISJOINT,cebab20930d3ef6d,31dca96ae6e3ec79,20260220,16,1900,False
S5B2-01430,B3_C1_CONTINUOUS_DISJOINT,cebab20930d3ef6d,ba7fe53200949715,20260221,20,2400,False
S5B2-01431,B3_C1_CONTINUOUS_DISJOINT,cebab20930d3ef6d,1426ea6f8ec811b0,20260222,13,1900,False
S5B2-01432,B3_C1_CONTINUOUS_DISJOINT,cebab20930d3ef6d,781b5f1dd2bd03c6,20260223,20,2200,False
S5B2-01433,B3_C1_CONTINUOUS_DISJOINT,cebab20930d3ef6d,8633e7259d53efad,20260224,16,1900,False
S5B2-01434,B3_C1_CONTINUOUS_DISJOINT,cebab20930d3ef6d,694c8ee4a94da357,20260225,24,2600,False
S5B2-01435,B3_C1_CONTINUOUS_DISJOINT,cebab20930d3ef6d,d3839d5ea29e3131,20260226,23,2600,True
S5B2-01436,B3_C1_CONTINUOUS_DISJOINT,cebab20930d3ef6d,e6a007b1341b30c9,20260227,14,1800,False
S5B2-01437,B3_C1_CONTINUOUS_DISJOINT,cebab20930d3ef6d,488375a09d311e11,20260228,21,2300,False
S5B2-01438,B3_C1_CONTINUOUS_DISJOINT,cebab20930d3ef6d,d9570345efe0d2bf,20260229,15,1900,False
S5B2-01439,B3_C1_CONTINUOUS_DISJOINT,cebab20930d3ef6d,2e9b0df15a22cb34,20260230,9,1400,False
S5B2-01440,B3_C1_CONTINUOUS_DISJOINT,c7e7a19a0409e827,8bf9c5e1d7b7dc74,20260201,15,9500,False
S5B2-01441,B3_C1_CONTINUOUS_DISJOINT,c7e7a19a0409e827,756d0f204f93e1ca,20260202,20,11000,False
S5B2-01442,B3_C1_CONTINUOUS_DISJOINT,c7e7a19a0409e827,1871ef6e0c0f18e0,20260203,17,10500,False
S5B2-01443,B3_C1_CONTINUOUS_DISJOINT,c7e7a19a0409e827,e0b5ba176bf9a68d,20260204,16,9000,False
S5B2-01444,B3_C1_CONTINUOUS_DISJOINT,c7e7a19a0409e827,8193c46e7b907618,20260205,11,8000,False
S5B2-01445,B3_C1_CONTINUOUS_DISJOINT,c7e7a19a0409e827,8fc16b956cd48822,20260206,24,13500,False
S5B2-01446,B3_C1_CONTINUOUS_DISJOINT,c7e7a19a0409e827,3be0e5891f2270c1,20260207,17,10000,False
S5B2-01447,B3_C1_CONTINUOUS_DISJOINT,c7e7a19a0409e827,45e731bc34911197,20260208,13,9000,False
S5B2-01448,B3_C1_CONTINUOUS_DISJOINT,c7e7a19a0409e827,356fc13db70afb4e,20260209,16,10000,False
S5B2-01449,B3_C1_CONTINUOUS_DISJOINT,c7e7a19a0409e827,48e4e871bba57484,20260210,16,9000,False
S5B2-01450,B3_C1_CONTINUOUS_DISJOINT,c7e7a19a0409e827,9ee1760f1564307d,20260211,13,8500,False
S5B2-01451,B3_C1_CONTINUOUS_DISJOINT,c7e7a19a0409e827,06994999ae0ea561,20260212,21,12000,False
S5B2-01452,B3_C1_CONTINUOUS_DISJOINT,c7e7a19a0409e827,6a109ce002f8ba7a,20260213,13,8500,False
S5B2-01453,B3_C1_CONTINUOUS_DISJOINT,c7e7a19a0409e827,520693965f7e42bf,20260214,13,8000,False
S5B2-01454,B3_C1_CONTINUOUS_DISJOINT,c7e7a19a0409e827,68bfcd7b91c76c4b,20260215,20,11500,False
S5B2-01455,B3_C1_CONTINUOUS_DISJOINT,c7e7a19a0409e827,ef8335945892ec75,20260216,21,12500,False
S5B2-01456,B3_C1_CONTINUOUS_DISJOINT,c7e7a19a0409e827,ab9ebe0f36ec8f8f,20260217,22,12000,False
S5B2-01457,B3_C1_CONTINUOUS_DISJOINT,c7e7a19a0409e827,a2a5a480ea97fe29,20260218,11,8000,False
S5B2-01458,B3_C1_CONTINUOUS_DISJOINT,c7e7a19a0409e827,62d4f6c4af860afe,20260219,14,9000,False
S5B2-01459,B3_C1_CONTINUOUS_DISJOINT,c7e7a19a0409e827,b3c13b881641337f,20260220,17,10500,False
S5B2-01460,B3_C1_CONTINUOUS_DISJOINT,c7e7a19a0409e827,d8f0ee459a959bbc,20260221,19,11000,False
S5B2-01461,B3_C1_CONTINUOUS_DISJOINT,c7e7a19a0409e827,dc95e19cc8f1819f,20260222,13,9000,False
S5B2-01462,B3_C1_CONTINUOUS_DISJOINT,c7e7a19a0409e827,45a7c869e2732d21,20260223,20,11000,False
S5B2-01463,B3_C1_CONTINUOUS_DISJOINT,c7e7a19a0409e827,3596e22d4869ebc6,20260224,21,11500,False
S5B2-01464,B3_C1_CONTINUOUS_DISJOINT,c7e7a19a0409e827,a4f1cdfba4602bf3,20260225,20,11000,False
S5B2-01465,B3_C1_CONTINUOUS_DISJOINT,c7e7a19a0409e827,4f918ebfda96999d,20260226,22,12500,False
S5B2-01466,B3_C1_CONTINUOUS_DISJOINT,c7e7a19a0409e827,f1abb6b1f9e32de3,20260227,15,10000,False
S5B2-01467,B3_C1_CONTINUOUS_DISJOINT,c7e7a19a0409e827,122a28435243e610,20260228,18,9500,False
S5B2-01468,B3_C1_CONTINUOUS_DISJOINT,c7e7a19a0409e827,74985021fc4b4bcf,20260229,15,9500,False
S5B2-01469,B3_C1_CONTINUOUS_DISJOINT,c7e7a19a0409e827,a234ebddc0397bf0,20260230,14,9500,False
S5B2-01470,B3_C1_CONTINUOUS_DISJOINT,6b3e021889d93d2f,f1b979128a80e052,20260201,14,1700,True
S5B2-01471,B3_C1_CONTINUOUS_DISJOINT,6b3e021889d93d2f,e2009861595f65c2,20260202,16,1800,False
S5B2-01472,B3_C1_CONTINUOUS_DISJOINT,6b3e021889d93d2f,416dbd58df54d078,20260203,12,1600,False
S5B2-01473,B3_C1_CONTINUOUS_DISJOINT,6b3e021889d93d2f,714f7997cb394c3a,20260204,13,1900,False
S5B2-01474,B3_C1_CONTINUOUS_DISJOINT,6b3e021889d93d2f,168ebb78bd89832b,20260205,15,2000,False
S5B2-01475,B3_C1_CONTINUOUS_DISJOINT,6b3e021889d93d2f,44a064785475af31,20260206,16,1900,False
S5B2-01476,B3_C1_CONTINUOUS_DISJOINT,6b3e021889d93d2f,ae99192348da9db3,20260207,18,2100,False
S5B2-01477,B3_C1_CONTINUOUS_DISJOINT,6b3e021889d93d2f,92f32d80c6d1df70,20260208,9,1400,False
S5B2-01478,B3_C1_CONTINUOUS_DISJOINT,6b3e021889d93d2f,a33a6ff3caf8609c,20260209,18,2100,False
S5B2-01479,B3_C1_CONTINUOUS_DISJOINT,6b3e021889d93d2f,721eee51a3051dc1,20260210,16,2000,False
S5B2-01480,B3_C1_CONTINUOUS_DISJOINT,6b3e021889d93d2f,079b033acf5b5fe6,20260211,13,1600,False
S5B2-01481,B3_C1_CONTINUOUS_DISJOINT,6b3e021889d93d2f,2e4b52345eecf877,20260212,16,1900,False
S5B2-01482,B3_C1_CONTINUOUS_DISJOINT,6b3e021889d93d2f,87c5e1ad8e87a79a,20260213,13,1700,False
S5B2-01483,B3_C1_CONTINUOUS_DISJOINT,6b3e021889d93d2f,ee3f36840d2c038a,20260214,13,1600,False
S5B2-01484,B3_C1_CONTINUOUS_DISJOINT,6b3e021889d93d2f,84dd4c38e4384ac1,20260215,18,2100,False
S5B2-01485,B3_C1_CONTINUOUS_DISJOINT,6b3e021889d93d2f,839f8cee4bd48d98,20260216,9,1500,False
S5B2-01486,B3_C1_CONTINUOUS_DISJOINT,6b3e021889d93d2f,c94e07d810d07e3d,20260217,21,2400,False
S5B2-01487,B3_C1_CONTINUOUS_DISJOINT,6b3e021889d93d2f,0ab2053f0fc90a50,20260218,11,1500,False
S5B2-01488,B3_C1_CONTINUOUS_DISJOINT,6b3e021889d93d2f,a959d027c0a9813b,20260219,14,1800,False
S5B2-01489,B3_C1_CONTINUOUS_DISJOINT,6b3e021889d93d2f,50f71141159024b7,20260220,15,1900,False
S5B2-01490,B3_C1_CONTINUOUS_DISJOINT,6b3e021889d93d2f,09ce0983b7a605f6,20260221,15,1800,False
S5B2-01491,B3_C1_CONTINUOUS_DISJOINT,6b3e021889d93d2f,ce827a13c2b51617,20260222,13,1900,False
S5B2-01492,B3_C1_CONTINUOUS_DISJOINT,6b3e021889d93d2f,8bee812f9dc2b7e7,20260223,19,2200,False
S5B2-01493,B3_C1_CONTINUOUS_DISJOINT,6b3e021889d93d2f,9b848ca30a66bcee,20260224,12,1600,False
S5B2-01494,B3_C1_CONTINUOUS_DISJOINT,6b3e021889d93d2f,7e9560d034f4007d,20260225,21,2300,False
S5B2-01495,B3_C1_CONTINUOUS_DISJOINT,6b3e021889d93d2f,4c539fc3e7d93977,20260226,22,2600,False
S5B2-01496,B3_C1_CONTINUOUS_DISJOINT,6b3e021889d93d2f,12b1919398d36484,20260227,14,1800,False
S5B2-01497,B3_C1_CONTINUOUS_DISJOINT,6b3e021889d93d2f,efb795700336a513,20260228,19,2100,False
S5B2-01498,B3_C1_CONTINUOUS_DISJOINT,6b3e021889d93d2f,993cfd4bb18dd5c4,20260229,10,1500,False
S5B2-01499,B3_C1_CONTINUOUS_DISJOINT,6b3e021889d93d2f,94bd4bc1ccd34a7b,20260230,11,1600,False
S5B2-01500,B3_C1_CONTINUOUS_DISJOINT,a716531bd9e71b86,69353f0476462c51,20260201,13,8500,False
S5B2-01501,B3_C1_CONTINUOUS_DISJOINT,a716531bd9e71b86,727200845d4b82ce,20260202,16,9500,False
S5B2-01502,B3_C1_CONTINUOUS_DISJOINT,a716531bd9e71b86,62c7f714b3877283,20260203,13,9000,False
S5B2-01503,B3_C1_CONTINUOUS_DISJOINT,a716531bd9e71b86,6ece1876ee0a70b9,20260204,16,9000,False
S5B2-01504,B3_C1_CONTINUOUS_DISJOINT,a716531bd9e71b86,c603a175daeebfa8,20260205,11,8000,False
S5B2-01505,B3_C1_CONTINUOUS_DISJOINT,a716531bd9e71b86,7e4d2c2bbfb10f1f,20260206,19,11500,False
S5B2-01506,B3_C1_CONTINUOUS_DISJOINT,a716531bd9e71b86,8e22bdb25e4f529c,20260207,17,10000,False
S5B2-01507,B3_C1_CONTINUOUS_DISJOINT,a716531bd9e71b86,ab801988e16b7e64,20260208,12,8500,False
S5B2-01508,B3_C1_CONTINUOUS_DISJOINT,a716531bd9e71b86,b21410cf88f1180f,20260209,13,8500,False
S5B2-01509,B3_C1_CONTINUOUS_DISJOINT,a716531bd9e71b86,a507dbbb9371374b,20260210,14,8000,False
S5B2-01510,B3_C1_CONTINUOUS_DISJOINT,a716531bd9e71b86,5e6a464d2e3c4146,20260211,13,8000,False
S5B2-01511,B3_C1_CONTINUOUS_DISJOINT,a716531bd9e71b86,678717d3d42f171a,20260212,20,12000,False
S5B2-01512,B3_C1_CONTINUOUS_DISJOINT,a716531bd9e71b86,d40bf6847ed1457f,20260213,13,8000,False
S5B2-01513,B3_C1_CONTINUOUS_DISJOINT,a716531bd9e71b86,1fdf8b698aeb9828,20260214,13,8000,False
S5B2-01514,B3_C1_CONTINUOUS_DISJOINT,a716531bd9e71b86,3f935d2a43378173,20260215,16,10000,False
S5B2-01515,B3_C1_CONTINUOUS_DISJOINT,a716531bd9e71b86,1da6d46368ab02ab,20260216,23,13000,False
S5B2-01516,B3_C1_CONTINUOUS_DISJOINT,a716531bd9e71b86,1f524962f61bade7,20260217,17,10500,False
S5B2-01517,B3_C1_CONTINUOUS_DISJOINT,a716531bd9e71b86,28c9a102abf2b006,20260218,11,7500,False
S5B2-01518,B3_C1_CONTINUOUS_DISJOINT,a716531bd9e71b86,75cbef5c9557f3a1,20260219,14,8500,False
S5B2-01519,B3_C1_CONTINUOUS_DISJOINT,a716531bd9e71b86,f4eb130bb2510018,20260220,17,10000,False
S5B2-01520,B3_C1_CONTINUOUS_DISJOINT,a716531bd9e71b86,d017720bb94cd7ec,20260221,16,10000,False
S5B2-01521,B3_C1_CONTINUOUS_DISJOINT,a716531bd9e71b86,44c7332dcdb3be2f,20260222,13,9000,False
S5B2-01522,B3_C1_CONTINUOUS_DISJOINT,a716531bd9e71b86,338bda23e302a66a,20260223,19,10500,False
S5B2-01523,B3_C1_CONTINUOUS_DISJOINT,a716531bd9e71b86,c8abb74fdbaaeb4a,20260224,16,9500,False
S5B2-01524,B3_C1_CONTINUOUS_DISJOINT,a716531bd9e71b86,bc00a0ffb3a8c14c,20260225,19,10500,False
S5B2-01525,B3_C1_CONTINUOUS_DISJOINT,a716531bd9e71b86,18ec32e270c0223c,20260226,22,12500,False
S5B2-01526,B3_C1_CONTINUOUS_DISJOINT,a716531bd9e71b86,b78cbdd9168a6d3e,20260227,15,10000,False
S5B2-01527,B3_C1_CONTINUOUS_DISJOINT,a716531bd9e71b86,59ef12623aa3f45d,20260228,14,8000,False
S5B2-01528,B3_C1_CONTINUOUS_DISJOINT,a716531bd9e71b86,1c051955a804c26b,20260229,15,9500,False
S5B2-01529,B3_C1_CONTINUOUS_DISJOINT,a716531bd9e71b86,33c9a60855fa5fd6,20260230,13,9000,False
S5B2-01530,B3_C1_CONTINUOUS_DISJOINT,974572217001b3cf,819e4de2779a7e83,20260201,8,1400,True
S5B2-01531,B3_C1_CONTINUOUS_DISJOINT,974572217001b3cf,9c978b6d5bd6bb00,20260202,14,1600,False
S5B2-01532,B3_C1_CONTINUOUS_DISJOINT,974572217001b3cf,1f165b37aacda8c1,20260203,9,1500,False
S5B2-01533,B3_C1_CONTINUOUS_DISJOINT,974572217001b3cf,b1973c08a3800082,20260204,16,1900,False
S5B2-01534,B3_C1_CONTINUOUS_DISJOINT,974572217001b3cf,eac7ca8e201f9429,20260205,12,1800,False
S5B2-01535,B3_C1_CONTINUOUS_DISJOINT,974572217001b3cf,c57b259fae09edd5,20260206,14,1700,False
S5B2-01536,B3_C1_CONTINUOUS_DISJOINT,974572217001b3cf,27ad7bd14c233f22,20260207,15,1800,False
S5B2-01537,B3_C1_CONTINUOUS_DISJOINT,974572217001b3cf,7b340fac7602ed98,20260208,9,1300,True
S5B2-01538,B3_C1_CONTINUOUS_DISJOINT,974572217001b3cf,8b9c8a1e33e332d2,20260209,9,1400,False
S5B2-01539,B3_C1_CONTINUOUS_DISJOINT,974572217001b3cf,931ea7a9f681df8e,20260210,10,1500,False
S5B2-01540,B3_C1_CONTINUOUS_DISJOINT,974572217001b3cf,829b76ef1048db63,20260211,11,1500,False
S5B2-01541,B3_C1_CONTINUOUS_DISJOINT,974572217001b3cf,292028dc7b29b894,20260212,16,1900,False
S5B2-01542,B3_C1_CONTINUOUS_DISJOINT,974572217001b3cf,74ed9c305cf66679,20260213,13,1600,False
S5B2-01543,B3_C1_CONTINUOUS_DISJOINT,974572217001b3cf,2b8432baaa2f9453,20260214,13,1600,False
S5B2-01544,B3_C1_CONTINUOUS_DISJOINT,974572217001b3cf,67e15b18833e7086,20260215,16,2000,False
S5B2-01545,B3_C1_CONTINUOUS_DISJOINT,974572217001b3cf,d2c5370fdc5f5b3a,20260216,14,1700,False
S5B2-01546,B3_C1_CONTINUOUS_DISJOINT,974572217001b3cf,87e81bf95cf01cab,20260217,11,1700,False
S5B2-01547,B3_C1_CONTINUOUS_DISJOINT,974572217001b3cf,8e97921964c19560,20260218,10,1500,False
S5B2-01548,B3_C1_CONTINUOUS_DISJOINT,974572217001b3cf,a5d258340b32fb65,20260219,12,1600,False
S5B2-01549,B3_C1_CONTINUOUS_DISJOINT,974572217001b3cf,df98bb3ecc219076,20260220,17,1900,False
S5B2-01550,B3_C1_CONTINUOUS_DISJOINT,974572217001b3cf,05da5b3c56b42a6d,20260221,15,1900,False
S5B2-01551,B3_C1_CONTINUOUS_DISJOINT,974572217001b3cf,fe13eedf7c933a9e,20260222,10,1600,False
S5B2-01552,B3_C1_CONTINUOUS_DISJOINT,974572217001b3cf,3b01fda26ae2684b,20260223,15,1900,False
S5B2-01553,B3_C1_CONTINUOUS_DISJOINT,974572217001b3cf,5a5469d0f1fab77b,20260224,11,1600,False
S5B2-01554,B3_C1_CONTINUOUS_DISJOINT,974572217001b3cf,56cd927ef86444d4,20260225,18,2100,False
S5B2-01555,B3_C1_CONTINUOUS_DISJOINT,974572217001b3cf,e9b9043aa0911791,20260226,22,2400,False
S5B2-01556,B3_C1_CONTINUOUS_DISJOINT,974572217001b3cf,a0ed564c86741a4a,20260227,10,1500,False
S5B2-01557,B3_C1_CONTINUOUS_DISJOINT,974572217001b3cf,65354e43e4b163f2,20260228,21,2300,False
S5B2-01558,B3_C1_CONTINUOUS_DISJOINT,974572217001b3cf,ed7ced746dc6a81c,20260229,12,1700,False
S5B2-01559,B3_C1_CONTINUOUS_DISJOINT,974572217001b3cf,1016f5bf5b9926f4,20260230,9,1400,False
S5B2-01560,B3_C1_CONTINUOUS_DISJOINT,19e1bc1100ffd839,071a35a63bb6c80c,20260201,12,7500,False
S5B2-01561,B3_C1_CONTINUOUS_DISJOINT,19e1bc1100ffd839,fb42619beee994c7,20260202,12,8000,False
S5B2-01562,B3_C1_CONTINUOUS_DISJOINT,19e1bc1100ffd839,9d2a497ff195e3f4,20260203,12,8500,False
S5B2-01563,B3_C1_CONTINUOUS_DISJOINT,19e1bc1100ffd839,dac59ce4049e094d,20260204,8,7000,False
S5B2-01564,B3_C1_CONTINUOUS_DISJOINT,19e1bc1100ffd839,843120e889e8c621,20260205,10,7500,False
S5B2-01565,B3_C1_CONTINUOUS_DISJOINT,19e1bc1100ffd839,22902768a9334409,20260206,15,10000,False
S5B2-01566,B3_C1_CONTINUOUS_DISJOINT,19e1bc1100ffd839,f6f76ffc2cb617eb,20260207,9,7000,False
S5B2-01567,B3_C1_CONTINUOUS_DISJOINT,19e1bc1100ffd839,bbe260464674afba,20260208,15,9500,False
S5B2-01568,B3_C1_CONTINUOUS_DISJOINT,19e1bc1100ffd839,53121dc4d1056463,20260209,15,9000,False
S5B2-01569,B3_C1_CONTINUOUS_DISJOINT,19e1bc1100ffd839,744398e57ed04cd2,20260210,12,8000,False
S5B2-01570,B3_C1_CONTINUOUS_DISJOINT,19e1bc1100ffd839,45104e24f0f03a75,20260211,11,7500,False
S5B2-01571,B3_C1_CONTINUOUS_DISJOINT,19e1bc1100ffd839,3b82a926042921df,20260212,10,8000,False
S5B2-01572,B3_C1_CONTINUOUS_DISJOINT,19e1bc1100ffd839,7fe214518e152e40,20260213,10,7500,False
S5B2-01573,B3_C1_CONTINUOUS_DISJOINT,19e1bc1100ffd839,f875c15e113f2350,20260214,6,5500,False
S5B2-01574,B3_C1_CONTINUOUS_DISJOINT,19e1bc1100ffd839,460a13d8c3f60a47,20260215,17,10000,False
S5B2-01575,B3_C1_CONTINUOUS_DISJOINT,19e1bc1100ffd839,a45d532a91216edb,20260216,20,12000,False
S5B2-01576,B3_C1_CONTINUOUS_DISJOINT,19e1bc1100ffd839,74afe5b1cc86b38a,20260217,15,9500,False
S5B2-01577,B3_C1_CONTINUOUS_DISJOINT,19e1bc1100ffd839,710d6bdcc7b54a1c,20260218,12,8000,False
S5B2-01578,B3_C1_CONTINUOUS_DISJOINT,19e1bc1100ffd839,5c92c719007e7bc7,20260219,14,8500,False
S5B2-01579,B3_C1_CONTINUOUS_DISJOINT,19e1bc1100ffd839,b82f8343ae21314d,20260220,10,7000,False
S5B2-01580,B3_C1_CONTINUOUS_DISJOINT,19e1bc1100ffd839,e485e86b8aee557f,20260221,14,9000,False
S5B2-01581,B3_C1_CONTINUOUS_DISJOINT,19e1bc1100ffd839,bf2384c108e47943,20260222,10,7500,False
S5B2-01582,B3_C1_CONTINUOUS_DISJOINT,19e1bc1100ffd839,60f709b9e506c3ee,20260223,14,9000,False
S5B2-01583,B3_C1_CONTINUOUS_DISJOINT,19e1bc1100ffd839,6135e7b669d56125,20260224,16,9000,False
S5B2-01584,B3_C1_CONTINUOUS_DISJOINT,19e1bc1100ffd839,fc00404f74b354b8,20260225,14,9000,False
S5B2-01585,B3_C1_CONTINUOUS_DISJOINT,19e1bc1100ffd839,f3aa255633118283,20260226,18,10500,False
S5B2-01586,B3_C1_CONTINUOUS_DISJOINT,19e1bc1100ffd839,aaa5585c0e9b2bbc,20260227,7,6000,False
S5B2-01587,B3_C1_CONTINUOUS_DISJOINT,19e1bc1100ffd839,f685001caec5255e,20260228,13,8000,False
S5B2-01588,B3_C1_CONTINUOUS_DISJOINT,19e1bc1100ffd839,e29aa062b1bc1c98,20260229,8,6500,False
S5B2-01589,B3_C1_CONTINUOUS_DISJOINT,19e1bc1100ffd839,0cde262dbc6cb8e5,20260230,10,8000,False
S5B2-01590,B3_C1_CONTINUOUS_DISJOINT,e32ec54b8b122f1b,ac0e2949c9e01302,20260201,14,1700,True
S5B2-01591,B3_C1_CONTINUOUS_DISJOINT,e32ec54b8b122f1b,94d467f1c8902eb6,20260202,16,1800,False
S5B2-01592,B3_C1_CONTINUOUS_DISJOINT,e32ec54b8b122f1b,10a382974fbaac5a,20260203,14,1700,False
S5B2-01593,B3_C1_CONTINUOUS_DISJOINT,e32ec54b8b122f1b,757ae95e5fb94854,20260204,19,2300,False
S5B2-01594,B3_C1_CONTINUOUS_DISJOINT,e32ec54b8b122f1b,4d8d708128b0298d,20260205,15,2000,False
S5B2-01595,B3_C1_CONTINUOUS_DISJOINT,e32ec54b8b122f1b,f46a46ad69cf8304,20260206,18,2100,False
S5B2-01596,B3_C1_CONTINUOUS_DISJOINT,e32ec54b8b122f1b,bd1d51d415517f3a,20260207,18,2100,False
S5B2-01597,B3_C1_CONTINUOUS_DISJOINT,e32ec54b8b122f1b,5e9ed8fb7ed864b7,20260208,11,1500,False
S5B2-01598,B3_C1_CONTINUOUS_DISJOINT,e32ec54b8b122f1b,3cd58d756949aa1f,20260209,18,2100,False
S5B2-01599,B3_C1_CONTINUOUS_DISJOINT,e32ec54b8b122f1b,74b45733a50f5d88,20260210,18,2200,False
S5B2-01600,B3_C1_CONTINUOUS_DISJOINT,e32ec54b8b122f1b,fd22a99c15703b3a,20260211,13,1700,False
S5B2-01601,B3_C1_CONTINUOUS_DISJOINT,e32ec54b8b122f1b,5b24c25aad7e0457,20260212,17,2000,False
S5B2-01602,B3_C1_CONTINUOUS_DISJOINT,e32ec54b8b122f1b,830ba1073c0f5cb2,20260213,15,1800,False
S5B2-01603,B3_C1_CONTINUOUS_DISJOINT,e32ec54b8b122f1b,0c50f5c8fe99b2ea,20260214,13,1600,False
S5B2-01604,B3_C1_CONTINUOUS_DISJOINT,e32ec54b8b122f1b,738a2cf29e6d5a7c,20260215,20,2300,False
S5B2-01605,B3_C1_CONTINUOUS_DISJOINT,e32ec54b8b122f1b,3a3c8d2506641fdf,20260216,18,2000,False
S5B2-01606,B3_C1_CONTINUOUS_DISJOINT,e32ec54b8b122f1b,814768f231d225fe,20260217,22,2400,False
S5B2-01607,B3_C1_CONTINUOUS_DISJOINT,e32ec54b8b122f1b,6bc6d6d4e4cacd1a,20260218,15,1900,False
S5B2-01608,B3_C1_CONTINUOUS_DISJOINT,e32ec54b8b122f1b,1b85e87a60e80496,20260219,19,2300,False
S5B2-01609,B3_C1_CONTINUOUS_DISJOINT,e32ec54b8b122f1b,d0a432aba7ec8ffb,20260220,19,2200,False
S5B2-01610,B3_C1_CONTINUOUS_DISJOINT,e32ec54b8b122f1b,c99afbcbde7afbeb,20260221,20,2400,False
S5B2-01611,B3_C1_CONTINUOUS_DISJOINT,e32ec54b8b122f1b,b542a0a2ccf0fc3e,20260222,13,1900,False
S5B2-01612,B3_C1_CONTINUOUS_DISJOINT,e32ec54b8b122f1b,108e01f719318bde,20260223,20,2200,False
S5B2-01613,B3_C1_CONTINUOUS_DISJOINT,e32ec54b8b122f1b,09eb23708a54d46a,20260224,20,2200,False
S5B2-01614,B3_C1_CONTINUOUS_DISJOINT,e32ec54b8b122f1b,d38de314c47b72d3,20260225,24,2600,False
S5B2-01615,B3_C1_CONTINUOUS_DISJOINT,e32ec54b8b122f1b,6c0476d525ce3e3d,20260226,24,2700,False
S5B2-01616,B3_C1_CONTINUOUS_DISJOINT,e32ec54b8b122f1b,fb6932d7830655ed,20260227,14,1900,False
S5B2-01617,B3_C1_CONTINUOUS_DISJOINT,e32ec54b8b122f1b,fbdc6b9844d69563,20260228,22,2500,False
S5B2-01618,B3_C1_CONTINUOUS_DISJOINT,e32ec54b8b122f1b,daf3b5be4ebb572c,20260229,15,1900,False
S5B2-01619,B3_C1_CONTINUOUS_DISJOINT,e32ec54b8b122f1b,3a29904f7616bde3,20260230,11,1600,False
S5B2-01620,B3_C1_CONTINUOUS_DISJOINT,a1ab0bfccc9726d1,bd6af6e121bda85f,20260201,15,9500,False
S5B2-01621,B3_C1_CONTINUOUS_DISJOINT,a1ab0bfccc9726d1,220781d9f3e3399e,20260202,20,11000,False
S5B2-01622,B3_C1_CONTINUOUS_DISJOINT,a1ab0bfccc9726d1,51a4464f4db9db43,20260203,17,10500,False
S5B2-01623,B3_C1_CONTINUOUS_DISJOINT,a1ab0bfccc9726d1,cea406f1af98c73b,20260204,17,9500,False
S5B2-01624,B3_C1_CONTINUOUS_DISJOINT,a1ab0bfccc9726d1,39000b68bb8782f2,20260205,11,8000,False
S5B2-01625,B3_C1_CONTINUOUS_DISJOINT,a1ab0bfccc9726d1,d9fff8a57aec8362,20260206,24,13500,False
S5B2-01626,B3_C1_CONTINUOUS_DISJOINT,a1ab0bfccc9726d1,fd93fe78fc2dec20,20260207,18,10500,False
S5B2-01627,B3_C1_CONTINUOUS_DISJOINT,a1ab0bfccc9726d1,52ef2ca9843dcb6b,20260208,15,9500,False
S5B2-01628,B3_C1_CONTINUOUS_DISJOINT,a1ab0bfccc9726d1,41458ab4851c82ce,20260209,18,10500,False
S5B2-01629,B3_C1_CONTINUOUS_DISJOINT,a1ab0bfccc9726d1,52224a31bbaff41f,20260210,16,9000,False
S5B2-01630,B3_C1_CONTINUOUS_DISJOINT,a1ab0bfccc9726d1,83cfdbc32bf2a220,20260211,13,8500,False
S5B2-01631,B3_C1_CONTINUOUS_DISJOINT,a1ab0bfccc9726d1,180d012097befa6e,20260212,22,12500,False
S5B2-01632,B3_C1_CONTINUOUS_DISJOINT,a1ab0bfccc9726d1,9697dd0bb2a19f11,20260213,14,8500,False
S5B2-01633,B3_C1_CONTINUOUS_DISJOINT,a1ab0bfccc9726d1,13740d0ef055c544,20260214,13,8000,False
S5B2-01634,B3_C1_CONTINUOUS_DISJOINT,a1ab0bfccc9726d1,b8a8fc9bae12fc06,20260215,20,11500,False
S5B2-01635,B3_C1_CONTINUOUS_DISJOINT,a1ab0bfccc9726d1,6db4f56f19526fe1,20260216,23,13000,False
S5B2-01636,B3_C1_CONTINUOUS_DISJOINT,a1ab0bfccc9726d1,bf299e659935c687,20260217,22,12000,False
S5B2-01637,B3_C1_CONTINUOUS_DISJOINT,a1ab0bfccc9726d1,c51e406b8ff10860,20260218,14,9000,False
S5B2-01638,B3_C1_CONTINUOUS_DISJOINT,a1ab0bfccc9726d1,ef16cec62d463e4c,20260219,14,9000,True
S5B2-01639,B3_C1_CONTINUOUS_DISJOINT,a1ab0bfccc9726d1,b5c0b895938ceb82,20260220,18,10500,False
S5B2-01640,B3_C1_CONTINUOUS_DISJOINT,a1ab0bfccc9726d1,241bca8bc06b0ccf,20260221,19,11000,False
S5B2-01641,B3_C1_CONTINUOUS_DISJOINT,a1ab0bfccc9726d1,27e0b105c31ccaff,20260222,13,9000,False
S5B2-01642,B3_C1_CONTINUOUS_DISJOINT,a1ab0bfccc9726d1,0bd05d5b6d8790e8,20260223,20,11000,False
S5B2-01643,B3_C1_CONTINUOUS_DISJOINT,a1ab0bfccc9726d1,34c21b28f632d521,20260224,21,11500,False
S5B2-01644,B3_C1_CONTINUOUS_DISJOINT,a1ab0bfccc9726d1,126d38bac3d1da7d,20260225,23,12500,False
S5B2-01645,B3_C1_CONTINUOUS_DISJOINT,a1ab0bfccc9726d1,c5eefbf7b239df10,20260226,24,13000,False
S5B2-01646,B3_C1_CONTINUOUS_DISJOINT,a1ab0bfccc9726d1,c9f8325a92c0c85c,20260227,16,10500,False
S5B2-01647,B3_C1_CONTINUOUS_DISJOINT,a1ab0bfccc9726d1,d8b9afefc4be9cfe,20260228,19,10000,False
S5B2-01648,B3_C1_CONTINUOUS_DISJOINT,a1ab0bfccc9726d1,71f164b6cb2961ac,20260229,15,9500,False
S5B2-01649,B3_C1_CONTINUOUS_DISJOINT,a1ab0bfccc9726d1,0d017871fca90b3a,20260230,14,9500,False
S5B2-01650,B3_C1_CONTINUOUS_DISJOINT,ca335744bed83e82,bb410668f9035d72,20260201,14,1700,True
S5B2-01651,B3_C1_CONTINUOUS_DISJOINT,ca335744bed83e82,dcd9620c0a685cb3,20260202,16,1800,False
S5B2-01652,B3_C1_CONTINUOUS_DISJOINT,ca335744bed83e82,f550e8b0ef675cd2,20260203,14,1700,False
S5B2-01653,B3_C1_CONTINUOUS_DISJOINT,ca335744bed83e82,897190afc6394942,20260204,19,2300,False
S5B2-01654,B3_C1_CONTINUOUS_DISJOINT,ca335744bed83e82,f26ce1f129e03ee9,20260205,15,2000,False
S5B2-01655,B3_C1_CONTINUOUS_DISJOINT,ca335744bed83e82,3dc2c805ddb3b2f3,20260206,18,2100,False
S5B2-01656,B3_C1_CONTINUOUS_DISJOINT,ca335744bed83e82,4def0dc40530510a,20260207,18,2100,False
S5B2-01657,B3_C1_CONTINUOUS_DISJOINT,ca335744bed83e82,f68b72b8269553d0,20260208,11,1500,False
S5B2-01658,B3_C1_CONTINUOUS_DISJOINT,ca335744bed83e82,33c99fc709cb4a1c,20260209,18,2100,False
S5B2-01659,B3_C1_CONTINUOUS_DISJOINT,ca335744bed83e82,6f43d83138bb34a0,20260210,18,2200,False
S5B2-01660,B3_C1_CONTINUOUS_DISJOINT,ca335744bed83e82,166406d6dec10e0c,20260211,13,1700,False
S5B2-01661,B3_C1_CONTINUOUS_DISJOINT,ca335744bed83e82,f1cae19359da159a,20260212,17,2000,False
S5B2-01662,B3_C1_CONTINUOUS_DISJOINT,ca335744bed83e82,a9c1bf2d4b512d27,20260213,15,1800,False
S5B2-01663,B3_C1_CONTINUOUS_DISJOINT,ca335744bed83e82,c6507f0f9dbb7587,20260214,13,1600,False
S5B2-01664,B3_C1_CONTINUOUS_DISJOINT,ca335744bed83e82,709d995648f82617,20260215,20,2300,False
S5B2-01665,B3_C1_CONTINUOUS_DISJOINT,ca335744bed83e82,3a1bc1c26244bf6b,20260216,18,2000,False
S5B2-01666,B3_C1_CONTINUOUS_DISJOINT,ca335744bed83e82,a8f4d5ed879e5370,20260217,22,2400,False
S5B2-01667,B3_C1_CONTINUOUS_DISJOINT,ca335744bed83e82,99aacef055378b87,20260218,15,1900,False
S5B2-01668,B3_C1_CONTINUOUS_DISJOINT,ca335744bed83e82,c269a7d78607b148,20260219,19,2300,False
S5B2-01669,B3_C1_CONTINUOUS_DISJOINT,ca335744bed83e82,8210c0f40ba04219,20260220,19,2200,False
S5B2-01670,B3_C1_CONTINUOUS_DISJOINT,ca335744bed83e82,af93d6ad6d8cc457,20260221,20,2400,False
S5B2-01671,B3_C1_CONTINUOUS_DISJOINT,ca335744bed83e82,afa5dadbb681bed1,20260222,13,1900,False
S5B2-01672,B3_C1_CONTINUOUS_DISJOINT,ca335744bed83e82,cd65cc0ce0c758a1,20260223,20,2200,False
S5B2-01673,B3_C1_CONTINUOUS_DISJOINT,ca335744bed83e82,a5d1eb5c18feedee,20260224,20,2200,False
S5B2-01674,B3_C1_CONTINUOUS_DISJOINT,ca335744bed83e82,3894acc18df5717c,20260225,24,2600,False
S5B2-01675,B3_C1_CONTINUOUS_DISJOINT,ca335744bed83e82,fab8d52872b3179e,20260226,24,2700,False
S5B2-01676,B3_C1_CONTINUOUS_DISJOINT,ca335744bed83e82,0e8fd4a70b0d03d3,20260227,14,1900,False
S5B2-01677,B3_C1_CONTINUOUS_DISJOINT,ca335744bed83e82,52a7d05876f1f858,20260228,22,2500,False
S5B2-01678,B3_C1_CONTINUOUS_DISJOINT,ca335744bed83e82,804bc1777d254786,20260229,15,1900,False
S5B2-01679,B3_C1_CONTINUOUS_DISJOINT,ca335744bed83e82,7404fffe6b7a03e5,20260230,11,1600,False
S5B2-01680,B3_C1_CONTINUOUS_DISJOINT,a307090897c007fc,ab1f55d98713444c,20260201,15,9500,False
S5B2-01681,B3_C1_CONTINUOUS_DISJOINT,a307090897c007fc,1d337362384f83d6,20260202,20,11000,False
S5B2-01682,B3_C1_CONTINUOUS_DISJOINT,a307090897c007fc,e64a29e92f1ef244,20260203,17,10500,False
S5B2-01683,B3_C1_CONTINUOUS_DISJOINT,a307090897c007fc,2c63246ac8edd16a,20260204,17,9500,False
S5B2-01684,B3_C1_CONTINUOUS_DISJOINT,a307090897c007fc,722a59e8b851b291,20260205,11,8000,False
S5B2-01685,B3_C1_CONTINUOUS_DISJOINT,a307090897c007fc,9289e7713f6b851b,20260206,24,13500,False
S5B2-01686,B3_C1_CONTINUOUS_DISJOINT,a307090897c007fc,adc7328d5c4838dd,20260207,18,10500,False
S5B2-01687,B3_C1_CONTINUOUS_DISJOINT,a307090897c007fc,0dd3f74534a99568,20260208,15,9500,False
S5B2-01688,B3_C1_CONTINUOUS_DISJOINT,a307090897c007fc,983889c341e97b3f,20260209,18,10500,False
S5B2-01689,B3_C1_CONTINUOUS_DISJOINT,a307090897c007fc,99538f642b3e7d7b,20260210,16,9000,False
S5B2-01690,B3_C1_CONTINUOUS_DISJOINT,a307090897c007fc,6feca3a99f1c3d28,20260211,13,8500,False
S5B2-01691,B3_C1_CONTINUOUS_DISJOINT,a307090897c007fc,714100eb0f440626,20260212,22,12500,False
S5B2-01692,B3_C1_CONTINUOUS_DISJOINT,a307090897c007fc,c55394d31363ff3f,20260213,14,8500,False
S5B2-01693,B3_C1_CONTINUOUS_DISJOINT,a307090897c007fc,d0c778f91b80e7ff,20260214,13,8000,False
S5B2-01694,B3_C1_CONTINUOUS_DISJOINT,a307090897c007fc,91266ea2c8e822e8,20260215,20,11500,False
S5B2-01695,B3_C1_CONTINUOUS_DISJOINT,a307090897c007fc,e5d5daee62bcb44a,20260216,23,13000,False
S5B2-01696,B3_C1_CONTINUOUS_DISJOINT,a307090897c007fc,c854f2c567df1af2,20260217,22,12000,False
S5B2-01697,B3_C1_CONTINUOUS_DISJOINT,a307090897c007fc,a035af54b58ca226,20260218,14,9000,False
S5B2-01698,B3_C1_CONTINUOUS_DISJOINT,a307090897c007fc,2157a7256979c9fd,20260219,14,9000,False
S5B2-01699,B3_C1_CONTINUOUS_DISJOINT,a307090897c007fc,d705a7816db8e8bd,20260220,18,10500,False
S5B2-01700,B3_C1_CONTINUOUS_DISJOINT,a307090897c007fc,55ad71fb3c77cab3,20260221,19,11000,False
S5B2-01701,B3_C1_CONTINUOUS_DISJOINT,a307090897c007fc,024bc2846d206005,20260222,13,9000,False
S5B2-01702,B3_C1_CONTINUOUS_DISJOINT,a307090897c007fc,783c17c592925a12,20260223,20,11000,False
S5B2-01703,B3_C1_CONTINUOUS_DISJOINT,a307090897c007fc,ab4c4838b568c2ec,20260224,21,11500,False
S5B2-01704,B3_C1_CONTINUOUS_DISJOINT,a307090897c007fc,1b92f8e9abd30771,20260225,23,12500,False
S5B2-01705,B3_C1_CONTINUOUS_DISJOINT,a307090897c007fc,e2bc20d7d1f814f8,20260226,24,13000,False
S5B2-01706,B3_C1_CONTINUOUS_DISJOINT,a307090897c007fc,b1ebf29df31156bb,20260227,16,10500,False
S5B2-01707,B3_C1_CONTINUOUS_DISJOINT,a307090897c007fc,d9054097d74a3968,20260228,19,10000,False
S5B2-01708,B3_C1_CONTINUOUS_DISJOINT,a307090897c007fc,46232ff9a96a4ca8,20260229,15,9500,False
S5B2-01709,B3_C1_CONTINUOUS_DISJOINT,a307090897c007fc,1ede92cbc1fa82f4,20260230,14,9500,False
S5B2-01710,B3_C1_CONTINUOUS_DISJOINT,25f96db547b6af60,222b9b9b8a4dd0be,20260201,14,1700,True
S5B2-01711,B3_C1_CONTINUOUS_DISJOINT,25f96db547b6af60,2a4ff990106682e0,20260202,16,1800,False
S5B2-01712,B3_C1_CONTINUOUS_DISJOINT,25f96db547b6af60,aa589c1a9f3f25ac,20260203,14,1700,False
S5B2-01713,B3_C1_CONTINUOUS_DISJOINT,25f96db547b6af60,f49fa923bb1bab2a,20260204,19,2300,False
S5B2-01714,B3_C1_CONTINUOUS_DISJOINT,25f96db547b6af60,e73a7de738f0c420,20260205,15,2000,False
S5B2-01715,B3_C1_CONTINUOUS_DISJOINT,25f96db547b6af60,99866f02f8834d3f,20260206,18,2100,False
S5B2-01716,B3_C1_CONTINUOUS_DISJOINT,25f96db547b6af60,3c8ff6904ff608bf,20260207,18,2100,False
S5B2-01717,B3_C1_CONTINUOUS_DISJOINT,25f96db547b6af60,16cd1c63e78d14f8,20260208,11,1500,False
S5B2-01718,B3_C1_CONTINUOUS_DISJOINT,25f96db547b6af60,47a314baab4d3cd5,20260209,18,2100,False
S5B2-01719,B3_C1_CONTINUOUS_DISJOINT,25f96db547b6af60,e8bc2433963d9504,20260210,18,2200,False
S5B2-01720,B3_C1_CONTINUOUS_DISJOINT,25f96db547b6af60,f015de07eda62704,20260211,13,1700,False
S5B2-01721,B3_C1_CONTINUOUS_DISJOINT,25f96db547b6af60,3b751eafc7197725,20260212,17,2000,False
S5B2-01722,B3_C1_CONTINUOUS_DISJOINT,25f96db547b6af60,fb75746dfe5c0d0b,20260213,15,1800,False
S5B2-01723,B3_C1_CONTINUOUS_DISJOINT,25f96db547b6af60,7b0c6e5957a367de,20260214,13,1600,False
S5B2-01724,B3_C1_CONTINUOUS_DISJOINT,25f96db547b6af60,48b7fcc9990a2796,20260215,20,2300,False
S5B2-01725,B3_C1_CONTINUOUS_DISJOINT,25f96db547b6af60,959e6b13da2fcdb9,20260216,18,2000,False
S5B2-01726,B3_C1_CONTINUOUS_DISJOINT,25f96db547b6af60,3c5ea245315f8de0,20260217,22,2400,False
S5B2-01727,B3_C1_CONTINUOUS_DISJOINT,25f96db547b6af60,70cbb08e7cf596ea,20260218,15,1900,False
S5B2-01728,B3_C1_CONTINUOUS_DISJOINT,25f96db547b6af60,86b5eb7607b2294f,20260219,19,2300,False
S5B2-01729,B3_C1_CONTINUOUS_DISJOINT,25f96db547b6af60,2c03b7cdaf836649,20260220,19,2200,False
S5B2-01730,B3_C1_CONTINUOUS_DISJOINT,25f96db547b6af60,65d69f7c54c0f25a,20260221,20,2400,False
S5B2-01731,B3_C1_CONTINUOUS_DISJOINT,25f96db547b6af60,6314960a637e6e36,20260222,13,1900,False
S5B2-01732,B3_C1_CONTINUOUS_DISJOINT,25f96db547b6af60,a77222fe9438f022,20260223,20,2200,False
S5B2-01733,B3_C1_CONTINUOUS_DISJOINT,25f96db547b6af60,621ef0a0c4baf1a7,20260224,20,2200,False
S5B2-01734,B3_C1_CONTINUOUS_DISJOINT,25f96db547b6af60,2488dc99844afcea,20260225,24,2600,False
S5B2-01735,B3_C1_CONTINUOUS_DISJOINT,25f96db547b6af60,91bed08d636f496b,20260226,24,2700,False
S5B2-01736,B3_C1_CONTINUOUS_DISJOINT,25f96db547b6af60,dbe3887f03b18c4b,20260227,14,1900,False
S5B2-01737,B3_C1_CONTINUOUS_DISJOINT,25f96db547b6af60,060fa6222b18b409,20260228,22,2500,False
S5B2-01738,B3_C1_CONTINUOUS_DISJOINT,25f96db547b6af60,521cb9486d1bdc95,20260229,15,1900,False
S5B2-01739,B3_C1_CONTINUOUS_DISJOINT,25f96db547b6af60,7fe67b7781d21c30,20260230,11,1600,False
S5B2-01740,B3_C1_CONTINUOUS_DISJOINT,744fea76b9d57ee5,315be4d3a56fb12d,20260201,15,9500,True
S5B2-01741,B3_C1_CONTINUOUS_DISJOINT,744fea76b9d57ee5,c74f3f0179ead014,20260202,20,11000,False
S5B2-01742,B3_C1_CONTINUOUS_DISJOINT,744fea76b9d57ee5,3f9fbe3914e826a7,20260203,17,10500,False
S5B2-01743,B3_C1_CONTINUOUS_DISJOINT,744fea76b9d57ee5,7cc184f0250f9766,20260204,17,9500,False
S5B2-01744,B3_C1_CONTINUOUS_DISJOINT,744fea76b9d57ee5,736185dd6df3ab5b,20260205,11,8000,False
S5B2-01745,B3_C1_CONTINUOUS_DISJOINT,744fea76b9d57ee5,b65b551500b03e63,20260206,24,13500,False
S5B2-01746,B3_C1_CONTINUOUS_DISJOINT,744fea76b9d57ee5,2aef87ebd250fa34,20260207,18,10500,False
S5B2-01747,B3_C1_CONTINUOUS_DISJOINT,744fea76b9d57ee5,6ced6d76512e8daf,20260208,15,9500,False
S5B2-01748,B3_C1_CONTINUOUS_DISJOINT,744fea76b9d57ee5,8eea3ca424d7ac41,20260209,18,10500,False
S5B2-01749,B3_C1_CONTINUOUS_DISJOINT,744fea76b9d57ee5,d7a45097e00a9ccb,20260210,16,9000,False
S5B2-01750,B3_C1_CONTINUOUS_DISJOINT,744fea76b9d57ee5,67e3a467e90c25f4,20260211,13,8500,False
S5B2-01751,B3_C1_CONTINUOUS_DISJOINT,744fea76b9d57ee5,bd346488a0bf20e9,20260212,22,12500,False
S5B2-01752,B3_C1_CONTINUOUS_DISJOINT,744fea76b9d57ee5,0d0ef52c3bd8cb2a,20260213,14,8500,False
S5B2-01753,B3_C1_CONTINUOUS_DISJOINT,744fea76b9d57ee5,6c5b433ca5641104,20260214,13,8000,False
S5B2-01754,B3_C1_CONTINUOUS_DISJOINT,744fea76b9d57ee5,fa48a1709221b893,20260215,20,11500,False
S5B2-01755,B3_C1_CONTINUOUS_DISJOINT,744fea76b9d57ee5,1326a07a48c1f1dd,20260216,23,13000,False
S5B2-01756,B3_C1_CONTINUOUS_DISJOINT,744fea76b9d57ee5,6b619f7f7327e3d9,20260217,22,12000,False
S5B2-01757,B3_C1_CONTINUOUS_DISJOINT,744fea76b9d57ee5,06c5558315348db2,20260218,14,9000,False
S5B2-01758,B3_C1_CONTINUOUS_DISJOINT,744fea76b9d57ee5,365c1430518b0575,20260219,14,9000,False
S5B2-01759,B3_C1_CONTINUOUS_DISJOINT,744fea76b9d57ee5,4aa4b3fcd55aeec0,20260220,18,10500,False
S5B2-01760,B3_C1_CONTINUOUS_DISJOINT,744fea76b9d57ee5,c8922ee031d751b2,20260221,19,11000,False
S5B2-01761,B3_C1_CONTINUOUS_DISJOINT,744fea76b9d57ee5,859d390765356370,20260222,13,9000,False
S5B2-01762,B3_C1_CONTINUOUS_DISJOINT,744fea76b9d57ee5,d883af928aad71cb,20260223,20,11000,False
S5B2-01763,B3_C1_CONTINUOUS_DISJOINT,744fea76b9d57ee5,adc84027c6ff3d15,20260224,21,11500,False
S5B2-01764,B3_C1_CONTINUOUS_DISJOINT,744fea76b9d57ee5,5eaa1e9058dffefb,20260225,23,12500,False
S5B2-01765,B3_C1_CONTINUOUS_DISJOINT,744fea76b9d57ee5,6f16da273d0ee9df,20260226,24,13000,False
S5B2-01766,B3_C1_CONTINUOUS_DISJOINT,744fea76b9d57ee5,31e143d3791de7a5,20260227,16,10500,False
S5B2-01767,B3_C1_CONTINUOUS_DISJOINT,744fea76b9d57ee5,5a187f5e5cf4f6a7,20260228,19,10000,False
S5B2-01768,B3_C1_CONTINUOUS_DISJOINT,744fea76b9d57ee5,c1f426a72649a0b3,20260229,15,9500,False
S5B2-01769,B3_C1_CONTINUOUS_DISJOINT,744fea76b9d57ee5,086faf66a92e57d0,20260230,14,9500,False
S5B2-01770,B3_C1_CONTINUOUS_DISJOINT,3e034b936b322877,39947b5f0dc91015,20260201,14,1700,True
S5B2-01771,B3_C1_CONTINUOUS_DISJOINT,3e034b936b322877,4e5aaf866ad82a1d,20260202,16,1800,False
S5B2-01772,B3_C1_CONTINUOUS_DISJOINT,3e034b936b322877,4b4cd9901a3419eb,20260203,14,1700,False
S5B2-01773,B3_C1_CONTINUOUS_DISJOINT,3e034b936b322877,64d668fee66ebb08,20260204,19,2300,False
S5B2-01774,B3_C1_CONTINUOUS_DISJOINT,3e034b936b322877,8720121ead56d61b,20260205,15,2000,False
S5B2-01775,B3_C1_CONTINUOUS_DISJOINT,3e034b936b322877,c85c5d502f9e8424,20260206,18,2100,False
S5B2-01776,B3_C1_CONTINUOUS_DISJOINT,3e034b936b322877,9b55ba9ee9375747,20260207,18,2100,False
S5B2-01777,B3_C1_CONTINUOUS_DISJOINT,3e034b936b322877,b4d574b998c9d8e9,20260208,11,1500,False
S5B2-01778,B3_C1_CONTINUOUS_DISJOINT,3e034b936b322877,bf1a17ad68f1ed3d,20260209,18,2100,False
S5B2-01779,B3_C1_CONTINUOUS_DISJOINT,3e034b936b322877,a18f184c13044628,20260210,18,2200,False
S5B2-01780,B3_C1_CONTINUOUS_DISJOINT,3e034b936b322877,ba655680a644fbaf,20260211,13,1700,False
S5B2-01781,B3_C1_CONTINUOUS_DISJOINT,3e034b936b322877,93f5903908f5ec65,20260212,17,2000,False
S5B2-01782,B3_C1_CONTINUOUS_DISJOINT,3e034b936b322877,f78fbebf538ae554,20260213,15,1800,False
S5B2-01783,B3_C1_CONTINUOUS_DISJOINT,3e034b936b322877,186ed0c59aab72b1,20260214,13,1600,False
S5B2-01784,B3_C1_CONTINUOUS_DISJOINT,3e034b936b322877,0246f9ad6e374853,20260215,20,2300,False
S5B2-01785,B3_C1_CONTINUOUS_DISJOINT,3e034b936b322877,78a2facfac9765cc,20260216,18,2000,False
S5B2-01786,B3_C1_CONTINUOUS_DISJOINT,3e034b936b322877,f8670c1a38fc5055,20260217,22,2400,False
S5B2-01787,B3_C1_CONTINUOUS_DISJOINT,3e034b936b322877,2e345609ebdd5c44,20260218,15,1900,False
S5B2-01788,B3_C1_CONTINUOUS_DISJOINT,3e034b936b322877,16b9257b21e037ee,20260219,19,2300,False
S5B2-01789,B3_C1_CONTINUOUS_DISJOINT,3e034b936b322877,1afcae5f0154c7ee,20260220,19,2200,False
S5B2-01790,B3_C1_CONTINUOUS_DISJOINT,3e034b936b322877,6d0b816c5df0c998,20260221,20,2400,False
S5B2-01791,B3_C1_CONTINUOUS_DISJOINT,3e034b936b322877,bd290c726c5ce84b,20260222,13,1900,False
S5B2-01792,B3_C1_CONTINUOUS_DISJOINT,3e034b936b322877,c68e1ab06b2f2e85,20260223,20,2200,False
S5B2-01793,B3_C1_CONTINUOUS_DISJOINT,3e034b936b322877,9ef2b46883627024,20260224,20,2200,False
S5B2-01794,B3_C1_CONTINUOUS_DISJOINT,3e034b936b322877,1afe40d447ffc949,20260225,24,2600,False
S5B2-01795,B3_C1_CONTINUOUS_DISJOINT,3e034b936b322877,e1c8157795e2dd6b,20260226,24,2700,False
S5B2-01796,B3_C1_CONTINUOUS_DISJOINT,3e034b936b322877,fd5320c04f61c75b,20260227,14,1900,False
S5B2-01797,B3_C1_CONTINUOUS_DISJOINT,3e034b936b322877,0a660dfcff3c8890,20260228,22,2500,False
S5B2-01798,B3_C1_CONTINUOUS_DISJOINT,3e034b936b322877,1f084e1ea6572de9,20260229,15,1900,False
S5B2-01799,B3_C1_CONTINUOUS_DISJOINT,3e034b936b322877,ba0347fd9d906b3b,20260230,11,1600,False
S5B2-01800,B3_C1_CONTINUOUS_DISJOINT,32c6e1fc5c76cb58,ad9be7dbd1603792,20260201,15,9500,False
S5B2-01801,B3_C1_CONTINUOUS_DISJOINT,32c6e1fc5c76cb58,78bb0d44a9787df2,20260202,20,11000,False
S5B2-01802,B3_C1_CONTINUOUS_DISJOINT,32c6e1fc5c76cb58,8ad50e1c22a5782c,20260203,17,10500,False
S5B2-01803,B3_C1_CONTINUOUS_DISJOINT,32c6e1fc5c76cb58,e115b3fd1f6be893,20260204,17,9500,False
S5B2-01804,B3_C1_CONTINUOUS_DISJOINT,32c6e1fc5c76cb58,f0edaba74610d9f9,20260205,11,8000,False
S5B2-01805,B3_C1_CONTINUOUS_DISJOINT,32c6e1fc5c76cb58,a494d5bffb054321,20260206,24,13500,False
S5B2-01806,B3_C1_CONTINUOUS_DISJOINT,32c6e1fc5c76cb58,f8c1d9a944060835,20260207,18,10500,False
S5B2-01807,B3_C1_CONTINUOUS_DISJOINT,32c6e1fc5c76cb58,00291de702ab2003,20260208,15,9500,False
S5B2-01808,B3_C1_CONTINUOUS_DISJOINT,32c6e1fc5c76cb58,c7b6f1846fe90bf8,20260209,18,10500,False
S5B2-01809,B3_C1_CONTINUOUS_DISJOINT,32c6e1fc5c76cb58,8bde3a6549bcd8cb,20260210,16,9000,False
S5B2-01810,B3_C1_CONTINUOUS_DISJOINT,32c6e1fc5c76cb58,2dba7d452cb07a6c,20260211,13,8500,False
S5B2-01811,B3_C1_CONTINUOUS_DISJOINT,32c6e1fc5c76cb58,c9b7c7677d0661ca,20260212,22,12500,False
S5B2-01812,B3_C1_CONTINUOUS_DISJOINT,32c6e1fc5c76cb58,a74cbd5159f5585b,20260213,14,8500,False
S5B2-01813,B3_C1_CONTINUOUS_DISJOINT,32c6e1fc5c76cb58,be7f9804602a46b8,20260214,13,8000,False
S5B2-01814,B3_C1_CONTINUOUS_DISJOINT,32c6e1fc5c76cb58,b8ec3292927fa2c3,20260215,20,11500,False
S5B2-01815,B3_C1_CONTINUOUS_DISJOINT,32c6e1fc5c76cb58,40bc2cef068b95e7,20260216,23,13000,False
S5B2-01816,B3_C1_CONTINUOUS_DISJOINT,32c6e1fc5c76cb58,96a3535cd16bef54,20260217,22,12000,False
S5B2-01817,B3_C1_CONTINUOUS_DISJOINT,32c6e1fc5c76cb58,9182d4afd877e527,20260218,14,9000,False
S5B2-01818,B3_C1_CONTINUOUS_DISJOINT,32c6e1fc5c76cb58,61b97a9891a2a4bb,20260219,14,9000,False
S5B2-01819,B3_C1_CONTINUOUS_DISJOINT,32c6e1fc5c76cb58,9b37e382a069eb23,20260220,18,10500,False
S5B2-01820,B3_C1_CONTINUOUS_DISJOINT,32c6e1fc5c76cb58,3c10b78593dded9b,20260221,19,11000,False
S5B2-01821,B3_C1_CONTINUOUS_DISJOINT,32c6e1fc5c76cb58,f711b6ae8bc20ae3,20260222,13,9000,False
S5B2-01822,B3_C1_CONTINUOUS_DISJOINT,32c6e1fc5c76cb58,88b7802ed87e60f5,20260223,20,11000,False
S5B2-01823,B3_C1_CONTINUOUS_DISJOINT,32c6e1fc5c76cb58,8ce5b13b25b01770,20260224,21,11500,False
S5B2-01824,B3_C1_CONTINUOUS_DISJOINT,32c6e1fc5c76cb58,995fc34ee9a501c4,20260225,23,12500,False
S5B2-01825,B3_C1_CONTINUOUS_DISJOINT,32c6e1fc5c76cb58,d0db27e0ded0f1a0,20260226,24,13000,False
S5B2-01826,B3_C1_CONTINUOUS_DISJOINT,32c6e1fc5c76cb58,0428bb3e9a7b7f8a,20260227,16,10500,False
S5B2-01827,B3_C1_CONTINUOUS_DISJOINT,32c6e1fc5c76cb58,f4f9cb7b6e9e531b,20260228,19,10000,False
S5B2-01828,B3_C1_CONTINUOUS_DISJOINT,32c6e1fc5c76cb58,5cb75d594c7f9f0d,20260229,15,9500,False
S5B2-01829,B3_C1_CONTINUOUS_DISJOINT,32c6e1fc5c76cb58,893dd7f6eea40fbe,20260230,14,9500,False
S5B2-01830,B3_C1_CONTINUOUS_DISJOINT,101e5ad419736e61,c53e7eac519bae7a,20260201,2,300,True
S5B2-01831,B3_C1_CONTINUOUS_DISJOINT,101e5ad419736e61,cd7331ffac23c31c,20260202,2,300,False
S5B2-01832,B3_C1_CONTINUOUS_DISJOINT,101e5ad419736e61,cfa1a920e7f9f6cd,20260203,10,1100,False
S5B2-01833,B3_C1_CONTINUOUS_DISJOINT,101e5ad419736e61,132a6f70274c495d,20260204,7,800,False
S5B2-01834,B3_C1_CONTINUOUS_DISJOINT,101e5ad419736e61,4e2e8af0296b6db9,20260205,0,100,False
S5B2-01835,B3_C1_CONTINUOUS_DISJOINT,101e5ad419736e61,823c4472c45f696e,20260206,17,1800,False
S5B2-01836,B3_C1_CONTINUOUS_DISJOINT,101e5ad419736e61,6be30cf2ce07d94b,20260207,10,1100,False
S5B2-01837,B3_C1_CONTINUOUS_DISJOINT,101e5ad419736e61,ea18f513009325a1,20260208,1,200,False
S5B2-01838,B3_C1_CONTINUOUS_DISJOINT,101e5ad419736e61,c1e2b7b186b1b3f7,20260209,11,1200,False
S5B2-01839,B3_C1_CONTINUOUS_DISJOINT,101e5ad419736e61,8f0e2cbb3a2b2b7f,20260210,5,600,False
S5B2-01840,B3_C1_CONTINUOUS_DISJOINT,101e5ad419736e61,b24e64a9c3a0c7d6,20260211,5,600,False
S5B2-01841,B3_C1_CONTINUOUS_DISJOINT,101e5ad419736e61,b7f1e7015a7a9400,20260212,7,800,False
S5B2-01842,B3_C1_CONTINUOUS_DISJOINT,101e5ad419736e61,7a2b529f4a632b2c,20260213,7,800,True
S5B2-01843,B3_C1_CONTINUOUS_DISJOINT,101e5ad419736e61,d52b5c65b45ecf94,20260214,2,300,False
S5B2-01844,B3_C1_CONTINUOUS_DISJOINT,101e5ad419736e61,b3ad9297ca6f1f5e,20260215,1,200,False
S5B2-01845,B3_C1_CONTINUOUS_DISJOINT,101e5ad419736e61,09357938bb8473fa,20260216,8,900,False
S5B2-01846,B3_C1_CONTINUOUS_DISJOINT,101e5ad419736e61,106146791f01de21,20260217,11,1200,False
S5B2-01847,B3_C1_CONTINUOUS_DISJOINT,101e5ad419736e61,5f750af927db5e2b,20260218,5,600,False
S5B2-01848,B3_C1_CONTINUOUS_DISJOINT,101e5ad419736e61,701ecbafedcd6b98,20260219,5,600,False
S5B2-01849,B3_C1_CONTINUOUS_DISJOINT,101e5ad419736e61,d59843ab67e5948b,20260220,9,1000,False
S5B2-01850,B3_C1_CONTINUOUS_DISJOINT,101e5ad419736e61,ec83f82f94946a40,20260221,1,200,False
S5B2-01851,B3_C1_CONTINUOUS_DISJOINT,101e5ad419736e61,b0a3fb9e55e359ef,20260222,4,500,False
S5B2-01852,B3_C1_CONTINUOUS_DISJOINT,101e5ad419736e61,5186ff8e9ea5374c,20260223,7,800,False
S5B2-01853,B3_C1_CONTINUOUS_DISJOINT,101e5ad419736e61,4a70590ead1325d2,20260224,6,700,False
S5B2-01854,B3_C1_CONTINUOUS_DISJOINT,101e5ad419736e61,6b329fb5781efebb,20260225,3,400,False
S5B2-01855,B3_C1_CONTINUOUS_DISJOINT,101e5ad419736e61,a35a1eac77b6f397,20260226,20,2100,False
S5B2-01856,B3_C1_CONTINUOUS_DISJOINT,101e5ad419736e61,1351088bc9fe0e8a,20260227,0,100,False
S5B2-01857,B3_C1_CONTINUOUS_DISJOINT,101e5ad419736e61,6775c79856022e96,20260228,15,1600,False
S5B2-01858,B3_C1_CONTINUOUS_DISJOINT,101e5ad419736e61,3ddc1f7d1055d844,20260229,1,200,False
S5B2-01859,B3_C1_CONTINUOUS_DISJOINT,101e5ad419736e61,08b5dd29b1a22cc2,20260230,4,500,False
S5B2-01860,B3_C1_CONTINUOUS_DISJOINT,799fc8099de32941,496ac1b63a7f3e2a,20260201,2,1500,False
S5B2-01861,B3_C1_CONTINUOUS_DISJOINT,799fc8099de32941,6b84d5888a9adefb,20260202,8,4500,False
S5B2-01862,B3_C1_CONTINUOUS_DISJOINT,799fc8099de32941,88b26c3a1b2b6410,20260203,10,5500,False
S5B2-01863,B3_C1_CONTINUOUS_DISJOINT,799fc8099de32941,d175fc3b48340113,20260204,5,3000,False
S5B2-01864,B3_C1_CONTINUOUS_DISJOINT,799fc8099de32941,0cfd528e2d69d2c6,20260205,0,500,False
S5B2-01865,B3_C1_CONTINUOUS_DISJOINT,799fc8099de32941,5933d64c979f7215,20260206,3,2000,False
S5B2-01866,B3_C1_CONTINUOUS_DISJOINT,799fc8099de32941,6630e093bcef3edd,20260207,10,5500,False
S5B2-01867,B3_C1_CONTINUOUS_DISJOINT,799fc8099de32941,f9805b81b77ea621,20260208,1,1000,False
S5B2-01868,B3_C1_CONTINUOUS_DISJOINT,799fc8099de32941,5a6925f28712b435,20260209,11,6000,False
S5B2-01869,B3_C1_CONTINUOUS_DISJOINT,799fc8099de32941,fb1b5e7c37291f4f,20260210,5,3000,False
S5B2-01870,B3_C1_CONTINUOUS_DISJOINT,799fc8099de32941,267edc9b89bd68cb,20260211,5,3000,False
S5B2-01871,B3_C1_CONTINUOUS_DISJOINT,799fc8099de32941,f3a083c83fcccea2,20260212,7,4000,False
S5B2-01872,B3_C1_CONTINUOUS_DISJOINT,799fc8099de32941,0855f865e7b93380,20260213,7,4000,False
S5B2-01873,B3_C1_CONTINUOUS_DISJOINT,799fc8099de32941,c1f866f65b3e2623,20260214,2,1500,False
S5B2-01874,B3_C1_CONTINUOUS_DISJOINT,799fc8099de32941,92904941969e1dba,20260215,1,1000,False
S5B2-01875,B3_C1_CONTINUOUS_DISJOINT,799fc8099de32941,efd24d7072968182,20260216,10,5500,False
S5B2-01876,B3_C1_CONTINUOUS_DISJOINT,799fc8099de32941,450b2b209ecccae6,20260217,12,6500,False
S5B2-01877,B3_C1_CONTINUOUS_DISJOINT,799fc8099de32941,1fdad2a4e0ae56e6,20260218,5,3000,False
S5B2-01878,B3_C1_CONTINUOUS_DISJOINT,799fc8099de32941,413739b6870685df,20260219,5,3000,False
S5B2-01879,B3_C1_CONTINUOUS_DISJOINT,799fc8099de32941,7240a88fd491b380,20260220,8,4500,False
S5B2-01880,B3_C1_CONTINUOUS_DISJOINT,799fc8099de32941,8e14f8f6c24814a6,20260221,1,1000,False
S5B2-01881,B3_C1_CONTINUOUS_DISJOINT,799fc8099de32941,eb4b8101a9ee48c7,20260222,4,2500,False
S5B2-01882,B3_C1_CONTINUOUS_DISJOINT,799fc8099de32941,df4e3d24d28b4d7b,20260223,8,4500,False
S5B2-01883,B3_C1_CONTINUOUS_DISJOINT,799fc8099de32941,8b5c6e87175372cb,20260224,6,3500,False
S5B2-01884,B3_C1_CONTINUOUS_DISJOINT,799fc8099de32941,6933732c338fde9f,20260225,3,2000,False
S5B2-01885,B3_C1_CONTINUOUS_DISJOINT,799fc8099de32941,853252e929edc772,20260226,17,9000,False
S5B2-01886,B3_C1_CONTINUOUS_DISJOINT,799fc8099de32941,18787c62901ae116,20260227,0,500,False
S5B2-01887,B3_C1_CONTINUOUS_DISJOINT,799fc8099de32941,ec608b20c3e087f1,20260228,13,7000,False
S5B2-01888,B3_C1_CONTINUOUS_DISJOINT,799fc8099de32941,c432e94e9a37fd58,20260229,1,1000,False
S5B2-01889,B3_C1_CONTINUOUS_DISJOINT,799fc8099de32941,97b579c6ab49c365,20260230,4,2500,False
