run_id,phase,protocol,protocol_label,N,seed,seed_index,tag,miner_hashrate_THs,aggregate_hashrate_THs,active_power_W_per_miner,aggregate_full_power_W,difficulty,target,q_per_candidate,simulation_seconds,epoch_sweep_s,nonce_domain,range_per_miner,accepted_blocks,closed_rounds,blocks_created,blocks_per_hour,total_evaluations,unique_evaluations,duplicate_evaluations,duplicate_ratio,distinct_nonce_values,nonce_value_reuse_ratio,n_templates,active_miner_seconds,low_power_miner_seconds,low_power_fraction,mean_block_interval,median_block_interval,sd_block_interval,p95_block_interval,stale_blocks,stale_rate,range_completions,epoch_exhaustions,exhaustion_count,domain_artifact_exhaustions,active_to_low_transitions,low_to_active_transitions,low_episodes,mean_low_duration_s,median_low_duration_s,max_low_duration_s,miners_entering_low,fraction_miners_entering_low,mean_simultaneous_low_miners,max_simultaneous_low_miners,state_time_conservation_error_s,work_accounting_error,energy_active_J,energy_total_J_LP0,energy_total_kWh_LP0,execution_time_seconds,commit_hash,config_hash
8X_N100_POW_seed001,primary,POW,"X-PW (traditional competitive PoW, per-miner distinct templates)",100,5276648305985929199,1,,234.0,23400.0,3510.0,351000.0,3268942236.9003296,0x00000000000000015059d3de1c28ab2fd76c4c7278659dd554855b5237a863f3,7.122507122507123e-20,10000.0,600.0,14040000000000000000,140400000000000000,19,19,19,6.84,234000000000000000325,234000000000000000325,0,0.0,4294967296,0.9999999999816455,2900,1000000.0,0.0,0.0,459.84254119184993,283.32760239709523,406.57271232666227,1279.5928527980382,0,0.0,900,0,0,0,0,0,0,0.0,0.0,0.0,0,0.0,0.0,0,0.0,0.0,3510000000.0,3510000000.0,975.0,0.014827671000148257,2d3c243b36e904ca04bf391b0a4adc73c8cbe273,b871c98ea1c612cdbd5a2223ff017610d908ae78fe08d509113f86983218cebf
8X_N100_POCOL_seed001,primary,POCOL,X-PC (PoCol static disjoint allocation + post-range low power),100,5276648305985929199,1,,234.0,23400.0,3510.0,351000.0,3268942236.9003296,0x00000000000000015059d3de1c28ab2fd76c4c7278659dd554855b5237a863f3,7.122507122507123e-20,10000.0,600.0,14040000000000000000,140400000000000000,19,19,19,6.84,233523025324384346700,233523025324384346700,0,0.0,4294967296,0.9999999999816079,29,997961.646685403,2038.353314596813,0.002038353314596813,460.88953206376686,283.32760239709523,408.2279101902772,1284.2602237117148,0,0.0,900,9,9,0,900,900,900,2.264837016218681,2.1385312920817796,5.748374838053678,100,1.0,0.2038353314596813,100,1.8189894035458565e-12,2.806404203995073e-16,3502845379.865764,3502845379.865764,973.0126055182678,0.02316521599959742,2d3c243b36e904ca04bf391b0a4adc73c8cbe273,b871c98ea1c612cdbd5a2223ff017610d908ae78fe08d509113f86983218cebf
8X_N100_POW_seed002,primary,POW,"X-PW (traditional competitive PoW, per-miner distinct templates)",100,628757264142989241,2,,234.0,23400.0,3510.0,351000.0,3268942236.9003296,0x00000000000000015059d3de1c28ab2fd76c4c7278659dd554855b5237a863f3,7.122507122507123e-20,10000.0,600.0,14040000000000000000,140400000000000000,20,20,20,7.2,234000000000000000012,234000000000000000012,0,0.0,4294967296,0.9999999999816455,2800,1000000.0,0.0,0.0,493.61063468266894,406.70414851180294,396.7687120745315,1182.4848484538486,0,0.0,700,0,0,0,0,0,0,0.0,0.0,0.0,0,0.0,0.0,0,0.0,0.0,3510000000.0,3510000000.0,975.0,0.018141298000045936,2d3c243b36e904ca04bf391b0a4adc73c8cbe273,b871c98ea1c612cdbd5a2223ff017610d908ae78fe08d509113f86983218cebf
8X_N100_POCOL_seed002,primary,POCOL,X-PC (PoCol static disjoint allocation + post-range low power),100,628757264142989241,2,,234.0,23400.0,3510.0,351000.0,3268942236.9003296,0x00000000000000015059d3de1c28ab2fd76c4c7278659dd554855b5237a863f3,7.122507122507123e-20,10000.0,600.0,14040000000000000000,140400000000000000,20,20,20,7.2,233661988569291182024,233661988569291182024,0,0.0,4294967296,0.9999999999816189,28,998555.5067063723,1444.493293627427,0.0014444932936274269,494.43346119532407,406.7041485118025,398.0435385685835,1184.2447291914104,0,0.0,700,7,7,0,700,700,700,2.063561848039182,2.17533050393331,5.61035275985023,100,1.0,0.14444932936274274,100,1.8189894035458565e-12,4.2071027727665054e-16,3504929828.5393667,3504929828.5393667,973.591619038713,0.01827628299997741,2d3c243b36e904ca04bf391b0a4adc73c8cbe273,b871c98ea1c612cdbd5a2223ff017610d908ae78fe08d509113f86983218cebf
8X_N100_POW_seed003,primary,POW,"X-PW (traditional competitive PoW, per-miner distinct templates)",100,5212820311653467928,3,,234.0,23400.0,3510.0,351000.0,3268942236.9003296,0x00000000000000015059d3de1c28ab2fd76c4c7278659dd554855b5237a863f3,7.122507122507123e-20,10000.0,600.0,14040000000000000000,140400000000000000,8,8,8,2.88,234000000000000000697,234000000000000000697,0,0.0,4294967296,0.9999999999816455,2100,1000000.0,0.0,0.0,1242.0415924382041,1034.500121080045,1114.732415605355,2980.388713555801,0,0.0,1200,0,0,0,0,0,0,0.0,0.0,0.0,0,0.0,0.0,0,0.0,0.0,3510000000.0,3510000000.0,975.0,0.009349019000183034,2d3c243b36e904ca04bf391b0a4adc73c8cbe273,b871c98ea1c612cdbd5a2223ff017610d908ae78fe08d509113f86983218cebf
8X_N100_POCOL_seed003,primary,POCOL,X-PC (PoCol static disjoint allocation + post-range low power),100,5212820311653467928,3,,234.0,23400.0,3510.0,351000.0,3268942236.9003296,0x00000000000000015059d3de1c28ab2fd76c4c7278659dd554855b5237a863f3,7.122507122507123e-20,10000.0,600.0,14040000000000000000,140400000000000000,8,8,8,2.88,233436928113092976715,233436928113092976715,0,0.0,4294967296,0.9999999999816012,21,997593.7098850128,2406.290114987274,0.002406290114987274,1245.2213591666396,1036.8503176201493,1118.701036121499,2990.152689750884,0,0.0,1200,12,12,0,1200,1200,1200,2.005241762489395,2.0243432589845725,5.040161302447814,100,1.0,0.24062901149872742,100,1.8189894035458565e-12,0.0,3501553921.696395,3501553921.696395,972.6538671378875,0.013659461999850464,2d3c243b36e904ca04bf391b0a4adc73c8cbe273,b871c98ea1c612cdbd5a2223ff017610d908ae78fe08d509113f86983218cebf
8X_N100_POW_seed004,primary,POW,"X-PW (traditional competitive PoW, per-miner distinct templates)",100,1493634387465783589,4,,234.0,23400.0,3510.0,351000.0,3268942236.9003296,0x00000000000000015059d3de1c28ab2fd76c4c7278659dd554855b5237a863f3,7.122507122507123e-20,10000.0,600.0,14040000000000000000,140400000000000000,18,18,18,6.48,234000000000000000066,234000000000000000066,0,0.0,4294967296,0.9999999999816455,2796,1000000.0,0.0,0.0,548.8570399069146,389.5636559533716,427.74856405540817,1232.5219611313767,0,0.0,896,0,0,0,0,0,0,0.0,0.0,0.0,0,0.0,0.0,0,0.0,0.0,3510000000.0,3510000000.0,975.0,0.012588082000092982,2d3c243b36e904ca04bf391b0a4adc73c8cbe273,b871c98ea1c612cdbd5a2223ff017610d908ae78fe08d509113f86983218cebf
8X_N100_POCOL_seed004,primary,POCOL,X-PC (PoCol static disjoint allocation + post-range low power),100,1493634387465783589,4,,234.0,23400.0,3510.0,351000.0,3268942236.9003296,0x00000000000000015059d3de1c28ab2fd76c4c7278659dd554855b5237a863f3,7.122507122507123e-20,10000.0,600.0,14040000000000000000,140400000000000000,16,16,16,5.76,233425807236176946266,233425807236176946266,0,0.0,4294967296,0.9999999999816003,27,997546.184769987,2453.815230013057,0.002453815230013057,614.8446209932522,546.7214848678,412.4820669557276,1228.3446811420158,0,0.0,1000,10,10,0,1000,1000,1000,2.453815230013057,2.423731165199115,6.320738209320552,100,1.0,0.24538152300130572,100,1.8189894035458565e-12,1.4037865130673317e-16,3501387108.5426545,3501387108.5426545,972.6075301507374,0.015972625999893353,2d3c243b36e904ca04bf391b0a4adc73c8cbe273,b871c98ea1c612cdbd5a2223ff017610d908ae78fe08d509113f86983218cebf
8X_N100_POW_seed005,primary,POW,"X-PW (traditional competitive PoW, per-miner distinct templates)",100,349906842534328690,5,,234.0,23400.0,3510.0,351000.0,3268942236.9003296,0x00000000000000015059d3de1c28ab2fd76c4c7278659dd554855b5237a863f3,7.122507122507123e-20,10000.0,600.0,14040000000000000000,140400000000000000,12,12,12,4.32,233999999999999998380,233999999999999998380,0,0.0,4294967296,0.9999999999816455,2300,1000000.0,0.0,0.0,786.9627315308098,537.2712275340411,887.748701642923,2338.3144456071454,0,0.0,1000,0,0,0,0,0,0,0.0,0.0,0.0,0,0.0,0.0,0,0.0,0.0,3510000000.0,3510000000.0,975.0,0.009847772999819426,2d3c243b36e904ca04bf391b0a4adc73c8cbe273,b871c98ea1c612cdbd5a2223ff017610d908ae78fe08d509113f86983218cebf
8X_N100_POCOL_seed005,primary,POCOL,X-PC (PoCol static disjoint allocation + post-range low power),100,349906842534328690,5,,234.0,23400.0,3510.0,351000.0,3268942236.9003296,0x00000000000000015059d3de1c28ab2fd76c4c7278659dd554855b5237a863f3,7.122507122507123e-20,10000.0,600.0,14040000000000000000,140400000000000000,12,12,12,4.32,233584271929412763316,233584271929412763316,0,0.0,4294967296,0.9999999999816128,23,998223.3843137297,1776.6156862702287,0.0017766156862702286,788.185167851277,537.2712275340411,890.0711859388786,2343.553946308544,0,0.0,1000,10,10,0,1000,1000,1000,1.7766156862702291,1.8637497201098085,4.24408069054698,100,1.0,0.17766156862702293,100,1.8189894035458565e-12,0.0,3503764078.941191,3503764078.941191,973.2677997058864,0.01414835299965489,2d3c243b36e904ca04bf391b0a4adc73c8cbe273,b871c98ea1c612cdbd5a2223ff017610d908ae78fe08d509113f86983218cebf
8X_N100_POW_seed006,primary,POW,"X-PW (traditional competitive PoW, per-miner distinct templates)",100,2558760955731327512,6,,234.0,23400.0,3510.0,351000.0,3268942236.9003296,0x00000000000000015059d3de1c28ab2fd76c4c7278659dd554855b5237a863f3,7.122507122507123e-20,10000.0,600.0,14040000000000000000,140400000000000000,19,19,19,6.84,234000000000000000445,234000000000000000445,0,0.0,4294967296,0.9999999999816455,2800,1000000.0,0.0,0.0,467.5982097901925,474.97952283839004,411.4911620878313,1002.0467387717653,0,0.0,800,0,0,0,0,0,0,0.0,0.0,0.0,0,0.0,0.0,0,0.0,0.0,3510000000.0,3510000000.0,975.0,0.012866650999967533,2d3c243b36e904ca04bf391b0a4adc73c8cbe273,b871c98ea1c612cdbd5a2223ff017610d908ae78fe08d509113f86983218cebf
8X_N100_POCOL_seed006,primary,POCOL,X-PC (PoCol static disjoint allocation + post-range low power),100,2558760955731327512,6,,234.0,23400.0,3510.0,351000.0,3268942236.9003296,0x00000000000000015059d3de1c28ab2fd76c4c7278659dd554855b5237a863f3,7.122507122507123e-20,10000.0,600.0,14040000000000000000,140400000000000000,19,19,19,6.84,233671777959317303595,233671777959317303595,0,0.0,4294967296,0.9999999999816197,28,998597.3417064842,1402.6582935158017,0.0014026582935158017,468.2112676490325,474.97952283839004,412.46149612793596,1004.2232663318862,0,0.0,800,8,8,0,800,800,800,1.753322866894752,1.8412427037778798,4.794131261121038,100,1.0,0.14026582935158016,100,1.8189894035458565e-12,0.0,3505076669.3897595,3505076669.3897595,973.6324081638221,0.01647758499984775,2d3c243b36e904ca04bf391b0a4adc73c8cbe273,b871c98ea1c612cdbd5a2223ff017610d908ae78fe08d509113f86983218cebf
8X_N100_POW_seed007,primary,POW,"X-PW (traditional competitive PoW, per-miner distinct templates)",100,7890926658382884983,7,,234.0,23400.0,3510.0,351000.0,3268942236.9003296,0x00000000000000015059d3de1c28ab2fd76c4c7278659dd554855b5237a863f3,7.122507122507123e-20,10000.0,600.0,14040000000000000000,140400000000000000,21,21,21,7.5600000000000005,234000000000000000489,234000000000000000489,0,0.0,4294967296,0.9999999999816455,3100,1000000.0,0.0,0.0,475.5003379074803,296.051395290967,615.4613319873716,1964.2759783437045,0,0.0,900,0,0,0,0,0,0,0.0,0.0,0.0,0,0.0,0.0,0,0.0,0.0,3510000000.0,3510000000.0,975.0,0.014695416999984445,2d3c243b36e904ca04bf391b0a4adc73c8cbe273,b871c98ea1c612cdbd5a2223ff017610d908ae78fe08d509113f86983218cebf
8X_N100_POCOL_seed007,primary,POCOL,X-PC (PoCol static disjoint allocation + post-range low power),100,7890926658382884983,7,,234.0,23400.0,3510.0,351000.0,3268942236.9003296,0x00000000000000015059d3de1c28ab2fd76c4c7278659dd554855b5237a863f3,7.122507122507123e-20,10000.0,600.0,14040000000000000000,140400000000000000,20,20,20,7.2,233537686249945614877,233537686249945614877,0,0.0,4294967296,0.9999999999816092,30,998024.300213443,1975.6997865571932,0.001975699786557193,493.7059110798779,316.8489381649636,627.9470376791376,1983.8977083636057,0,0.0,900,9,9,0,900,900,900,2.195221985063548,2.2221368585505843,6.121923774149764,100,1.0,0.19756997865571932,100,1.8189894035458565e-12,1.4031140123966876e-16,3503065293.749185,3503065293.749185,973.0736927081069,0.01839627700019264,2d3c243b36e904ca04bf391b0a4adc73c8cbe273,b871c98ea1c612cdbd5a2223ff017610d908ae78fe08d509113f86983218cebf
8X_N100_POW_seed008,primary,POW,"X-PW (traditional competitive PoW, per-miner distinct templates)",100,3687042657521687600,8,,234.0,23400.0,3510.0,351000.0,3268942236.9003296,0x00000000000000015059d3de1c28ab2fd76c4c7278659dd554855b5237a863f3,7.122507122507123e-20,10000.0,600.0,14040000000000000000,140400000000000000,16,16,16,5.76,234000000000000000855,234000000000000000855,0,0.0,4294967296,0.9999999999816455,2800,1000000.0,0.0,0.0,598.4230664754829,223.11639464264272,746.6317802817609,2044.1737755085135,0,0.0,1100,0,0,0,0,0,0,0.0,0.0,0.0,0,0.0,0.0,0,0.0,0.0,3510000000.0,3510000000.0,975.0,0.012442921999991086,2d3c243b36e904ca04bf391b0a4adc73c8cbe273,b871c98ea1c612cdbd5a2223ff017610d908ae78fe08d509113f86983218cebf
8X_N100_POCOL_seed008,primary,POCOL,X-PC (PoCol static disjoint allocation + post-range low power),100,3687042657521687600,8,,234.0,23400.0,3510.0,351000.0,3268942236.9003296,0x00000000000000015059d3de1c28ab2fd76c4c7278659dd554855b5237a863f3,7.122507122507123e-20,10000.0,600.0,14040000000000000000,140400000000000000,16,16,16,5.76,233436154021104964475,233436154021104964475,0,0.0,4294967296,0.999999999981601,28,997590.4017995934,2409.5982004061398,0.00240959820040614,599.9073628487957,223.11639464264272,749.3488072981812,2050.616096664424,0,0.0,1100,11,11,0,1100,1100,1100,2.1905438185510366,2.117248591200621,6.14852882492869,100,1.0,0.24095982004061403,100,1.8189894035458565e-12,5.614897167477744e-16,3501542310.3165727,3501542310.3165727,972.6506417546035,0.017184368999551225,2d3c243b36e904ca04bf391b0a4adc73c8cbe273,b871c98ea1c612cdbd5a2223ff017610d908ae78fe08d509113f86983218cebf
8X_N100_POW_seed009,primary,POW,"X-PW (traditional competitive PoW, per-miner distinct templates)",100,5165136745342788261,9,,234.0,23400.0,3510.0,351000.0,3268942236.9003296,0x00000000000000015059d3de1c28ab2fd76c4c7278659dd554855b5237a863f3,7.122507122507123e-20,10000.0,600.0,14040000000000000000,140400000000000000,22,22,22,7.92,233999999999999998718,233999999999999998718,0,0.0,4294967296,0.9999999999816455,3299,1000000.0,0.0,0.0,426.516200888557,245.9761879171192,452.72861446165206,1316.1573559092244,0,0.0,1000,0,0,0,0,0,0,0.0,0.0,0.0,0,0.0,0.0,0,0.0,0.0,3510000000.0,3510000000.0,975.0,0.018997766000211413,2d3c243b36e904ca04bf391b0a4adc73c8cbe273,b871c98ea1c612cdbd5a2223ff017610d908ae78fe08d509113f86983218cebf
8X_N100_POCOL_seed009,primary,POCOL,X-PC (PoCol static disjoint allocation + post-range low power),100,5165136745342788261,9,,234.0,23400.0,3510.0,351000.0,3268942236.9003296,0x00000000000000015059d3de1c28ab2fd76c4c7278659dd554855b5237a863f3,7.122507122507123e-20,10000.0,600.0,14040000000000000000,140400000000000000,22,22,22,7.92,233545554612718776690,233545554612718776690,0,0.0,4294967296,0.9999999999816097,32,998057.9256953793,1942.0743046206176,0.0019420743046206176,427.3664599212088,245.9761879171192,454.22483528831737,1319.536140037064,0,0.0,900,9,9,0,900,900,900,2.1578603384673527,2.0760687346551094,5.200363530261711,100,1.0,0.19420743046206176,100,1.8189894035458565e-12,0.0,3503183319.190781,3503183319.190781,973.1064775529948,0.018472303000180545,2d3c243b36e904ca04bf391b0a4adc73c8cbe273,b871c98ea1c612cdbd5a2223ff017610d908ae78fe08d509113f86983218cebf
8X_N100_POW_seed010,primary,POW,"X-PW (traditional competitive PoW, per-miner distinct templates)",100,3156971904625785319,10,,234.0,23400.0,3510.0,351000.0,3268942236.9003296,0x00000000000000015059d3de1c28ab2fd76c4c7278659dd554855b5237a863f3,7.122507122507123e-20,10000.0,600.0,14040000000000000000,140400000000000000,19,19,19,6.84,233999999999999998235,233999999999999998235,0,0.0,4294967296,0.9999999999816455,2787,1000000.0,0.0,0.0,510.15076672095273,396.38435181436034,436.6557185200001,1135.5106174575526,0,0.0,800,0,0,0,0,0,0,0.0,0.0,0.0,0,0.0,0.0,0,0.0,0.0,3510000000.0,3510000000.0,975.0,0.012717702999907488,2d3c243b36e904ca04bf391b0a4adc73c8cbe273,b871c98ea1c612cdbd5a2223ff017610d908ae78fe08d509113f86983218cebf
8X_N100_POCOL_seed010,primary,POCOL,X-PC (PoCol static disjoint allocation + post-range low power),100,3156971904625785319,10,,234.0,23400.0,3510.0,351000.0,3268942236.9003296,0x00000000000000015059d3de1c28ab2fd76c4c7278659dd554855b5237a863f3,7.122507122507123e-20,10000.0,600.0,14040000000000000000,140400000000000000,19,19,19,6.84,233624113419107207023,233624113419107207023,0,0.0,4294967296,0.9999999999816159,28,998393.6470902018,1606.3529097982469,0.0016063529097982468,510.97538203176276,396.38435181436034,437.8155352654418,1136.5818051560377,0,0.0,800,8,8,0,800,800,800,2.0079411372478075,2.063846695358734,5.741197353966527,100,1.0,0.1606352909798246,100,1.8189894035458565e-12,1.4025949428095307e-16,3504361701.2866087,3504361701.2866087,973.4338059129468,0.01628479500004687,2d3c243b36e904ca04bf391b0a4adc73c8cbe273,b871c98ea1c612cdbd5a2223ff017610d908ae78fe08d509113f86983218cebf
8X_N100_POW_seed011,primary,POW,"X-PW (traditional competitive PoW, per-miner distinct templates)",100,8079052055583561862,11,,234.0,23400.0,3510.0,351000.0,3268942236.9003296,0x00000000000000015059d3de1c28ab2fd76c4c7278659dd554855b5237a863f3,7.122507122507123e-20,10000.0,600.0,14040000000000000000,140400000000000000,15,15,15,5.4,233999999999999998016,233999999999999998016,0,0.0,4294967296,0.9999999999816455,2504,1000000.0,0.0,0.0,664.3458209497531,425.4460827653943,675.7266355267722,1944.1317784388243,0,0.0,904,0,0,0,0,0,0,0.0,0.0,0.0,0,0.0,0.0,0,0.0,0.0,3510000000.0,3510000000.0,975.0,0.01070669299997462,2d3c243b36e904ca04bf391b0a4adc73c8cbe273,b871c98ea1c612cdbd5a2223ff017610d908ae78fe08d509113f86983218cebf
8X_N100_POCOL_seed011,primary,POCOL,X-PC (PoCol static disjoint allocation + post-range low power),100,8079052055583561862,11,,234.0,23400.0,3510.0,351000.0,3268942236.9003296,0x00000000000000015059d3de1c28ab2fd76c4c7278659dd554855b5237a863f3,7.122507122507123e-20,10000.0,600.0,14040000000000000000,140400000000000000,15,15,15,5.4,233560364876929214846,233560364876929214846,0,0.0,4294967296,0.9999999999816109,26,998121.2174227746,1878.7825772255742,0.0018787825772255743,665.590628710078,425.4460827653943,678.0141390214292,1949.074154208794,0,0.0,904,10,10,0,904,904,904,2.0782993110902375,2.0470648448726934,4.310949464291298,100,1.0,0.18787825772255748,100,1.8189894035458565e-12,2.805955541066786e-16,3503405473.153939,3503405473.153939,973.1681869872052,0.015285552000023017,2d3c243b36e904ca04bf391b0a4adc73c8cbe273,b871c98ea1c612cdbd5a2223ff017610d908ae78fe08d509113f86983218cebf
8X_N100_POW_seed012,primary,POW,"X-PW (traditional competitive PoW, per-miner distinct templates)",100,1478038051582526088,12,,234.0,23400.0,3510.0,351000.0,3268942236.9003296,0x00000000000000015059d3de1c28ab2fd76c4c7278659dd554855b5237a863f3,7.122507122507123e-20,10000.0,600.0,14040000000000000000,140400000000000000,13,13,13,4.680000000000001,234000000000000000131,234000000000000000131,0,0.0,4294967296,0.9999999999816455,2400,1000000.0,0.0,0.0,719.0524813652065,325.3398273236146,822.7171962549503,2363.457398729426,0,0.0,1000,0,0,0,0,0,0,0.0,0.0,0.0,0,0.0,0.0,0,0.0,0.0,3510000000.0,3510000000.0,975.0,0.010092485999848577,2d3c243b36e904ca04bf391b0a4adc73c8cbe273,b871c98ea1c612cdbd5a2223ff017610d908ae78fe08d509113f86983218cebf
8X_N100_POCOL_seed012,primary,POCOL,X-PC (PoCol static disjoint allocation + post-range low power),100,1478038051582526088,12,,234.0,23400.0,3510.0,351000.0,3268942236.9003296,0x00000000000000015059d3de1c28ab2fd76c4c7278659dd554855b5237a863f3,7.122507122507123e-20,10000.0,600.0,14040000000000000000,140400000000000000,13,13,13,4.680000000000001,233527671933986359904,233527671933986359904,0,0.0,4294967296,0.9999999999816083,24,997981.503991395,2018.4960086053038,0.002018496008605304,720.5204231619541,325.3398273236146,825.1000411108682,2369.934928164907,0,0.0,1000,10,10,0,1000,1000,1000,2.0184960086053034,2.111897603619582,4.870758994464268,100,1.0,0.20184960086053033,100,1.8189894035458565e-12,2.8063483636545527e-16,3502915079.0097966,3502915079.0097966,973.0319663916101,0.013994091000313347,2d3c243b36e904ca04bf391b0a4adc73c8cbe273,b871c98ea1c612cdbd5a2223ff017610d908ae78fe08d509113f86983218cebf
8X_N100_POW_seed013,primary,POW,"X-PW (traditional competitive PoW, per-miner distinct templates)",100,431967532912089508,13,,234.0,23400.0,3510.0,351000.0,3268942236.9003296,0x00000000000000015059d3de1c28ab2fd76c4c7278659dd554855b5237a863f3,7.122507122507123e-20,10000.0,600.0,14040000000000000000,140400000000000000,23,23,23,8.280000000000001,234000000000000000598,234000000000000000598,0,0.0,4294967296,0.9999999999816455,3300,1000000.0,0.0,0.0,434.23349556269386,226.75493905055737,611.303533613167,994.272423543744,0,0.0,900,0,0,0,0,0,0,0.0,0.0,0.0,0,0.0,0.0,0,0.0,0.0,3510000000.0,3510000000.0,975.0,0.014895463999891945,2d3c243b36e904ca04bf391b0a4adc73c8cbe273,b871c98ea1c612cdbd5a2223ff017610d908ae78fe08d509113f86983218cebf
8X_N100_POCOL_seed013,primary,POCOL,X-PC (PoCol static disjoint allocation + post-range low power),100,431967532912089508,13,,234.0,23400.0,3510.0,351000.0,3268942236.9003296,0x00000000000000015059d3de1c28ab2fd76c4c7278659dd554855b5237a863f3,7.122507122507123e-20,10000.0,600.0,14040000000000000000,140400000000000000,22,22,22,7.92,233539703479559599943,233539703479559599943,0,0.0,4294967296,0.9999999999816093,32,998032.9208528182,1967.0791471811935,0.0019670791471811935,452.6120406590119,280.1088999557478,621.2379481743931,1007.8305182844177,0,0.0,900,9,9,0,900,900,900,2.185643496867993,2.350043729453546,4.9756990776033945,100,1.0,0.1967079147181194,100,1.8189894035458565e-12,5.612407571266444e-16,3503095552.193392,3503095552.193392,973.0820978314978,0.019618807999904675,2d3c243b36e904ca04bf391b0a4adc73c8cbe273,b871c98ea1c612cdbd5a2223ff017610d908ae78fe08d509113f86983218cebf
8X_N100_POW_seed014,primary,POW,"X-PW (traditional competitive PoW, per-miner distinct templates)",100,3282352798337906545,14,,234.0,23400.0,3510.0,351000.0,3268942236.9003296,0x00000000000000015059d3de1c28ab2fd76c4c7278659dd554855b5237a863f3,7.122507122507123e-20,10000.0,600.0,14040000000000000000,140400000000000000,16,16,16,5.76,234000000000000000202,234000000000000000202,0,0.0,4294967296,0.9999999999816455,2500,1000000.0,0.0,0.0,572.8622899018739,445.6793172475334,516.5970280432638,1463.06383108718,0,0.0,800,0,0,0,0,0,0,0.0,0.0,0.0,0,0.0,0.0,0,0.0,0.0,3510000000.0,3510000000.0,975.0,0.011518797000007908,2d3c243b36e904ca04bf391b0a4adc73c8cbe273,b871c98ea1c612cdbd5a2223ff017610d908ae78fe08d509113f86983218cebf
8X_N100_POCOL_seed014,primary,POCOL,X-PC (PoCol static disjoint allocation + post-range low power),100,3282352798337906545,14,,234.0,23400.0,3510.0,351000.0,3268942236.9003296,0x00000000000000015059d3de1c28ab2fd76c4c7278659dd554855b5237a863f3,7.122507122507123e-20,10000.0,600.0,14040000000000000000,140400000000000000,16,16,16,5.76,233625935430786118446,233625935430786118446,0,0.0,4294967296,0.999999999981616,25,998401.4334648979,1598.5665351020584,0.0015985665351020584,573.8669449122926,445.6793172475334,518.4325131562109,1467.0685715309742,0,0.0,800,8,8,0,800,800,800,1.998208168877573,1.9068502454315421,4.2627098191399,100,1.0,0.15985665351020584,100,1.8189894035458565e-12,0.0,3504389031.4617915,3504389031.4617915,973.4413976282755,0.014270790999944438,2d3c243b36e904ca04bf391b0a4adc73c8cbe273,b871c98ea1c612cdbd5a2223ff017610d908ae78fe08d509113f86983218cebf
8X_N100_POW_seed015,primary,POW,"X-PW (traditional competitive PoW, per-miner distinct templates)",100,3447193969005866655,15,,234.0,23400.0,3510.0,351000.0,3268942236.9003296,0x00000000000000015059d3de1c28ab2fd76c4c7278659dd554855b5237a863f3,7.122507122507123e-20,10000.0,600.0,14040000000000000000,140400000000000000,11,11,11,3.96,234000000000000002024,234000000000000002024,0,0.0,4294967296,0.9999999999816455,2500,1000000.0,0.0,0.0,895.100006889971,446.5738038658692,947.1041824458231,2308.3513076918853,0,0.0,1300,0,0,0,0,0,0,0.0,0.0,0.0,0,0.0,0.0,0,0.0,0.0,3510000000.0,3510000000.0,975.0,0.009977442000035808,2d3c243b36e904ca04bf391b0a4adc73c8cbe273,b871c98ea1c612cdbd5a2223ff017610d908ae78fe08d509113f86983218cebf
8X_N100_POCOL_seed015,primary,POCOL,X-PC (PoCol static disjoint allocation + post-range low power),100,3447193969005866655,15,,234.0,23400.0,3510.0,351000.0,3268942236.9003296,0x00000000000000015059d3de1c28ab2fd76c4c7278659dd554855b5237a863f3,7.122507122507123e-20,10000.0,600.0,14040000000000000000,140400000000000000,11,11,11,3.96,233312623310374278681,233312623310374278681,0,0.0,4294967296,0.9999999999815914,25,997062.4927793775,2937.5072206227487,0.0029375072206227486,897.7013158418217,446.5738038658692,950.4649441011529,2316.211683383779,0,0.0,1300,13,13,0,1300,1300,1300,2.259620938940577,2.188055648731222,4.886208212661586,100,1.0,0.293750722062275,100,1.8189894035458565e-12,2.8089350276096236e-16,3499689349.655615,3499689349.655615,972.135930459893,0.014942917000098532,2d3c243b36e904ca04bf391b0a4adc73c8cbe273,b871c98ea1c612cdbd5a2223ff017610d908ae78fe08d509113f86983218cebf
8X_N100_POW_seed016,primary,POW,"X-PW (traditional competitive PoW, per-miner distinct templates)",100,3787989265829909659,16,,234.0,23400.0,3510.0,351000.0,3268942236.9003296,0x00000000000000015059d3de1c28ab2fd76c4c7278659dd554855b5237a863f3,7.122507122507123e-20,10000.0,600.0,14040000000000000000,140400000000000000,15,15,15,5.4,233999999999999999802,233999999999999999802,0,0.0,4294967296,0.9999999999816455,2800,1000000.0,0.0,0.0,663.2931761798045,471.30974442009574,704.9790966679512,1826.2092522311543,0,0.0,1200,0,0,0,0,0,0,0.0,0.0,0.0,0,0.0,0.0,0,0.0,0.0,3510000000.0,3510000000.0,975.0,0.011838439999792172,2d3c243b36e904ca04bf391b0a4adc73c8cbe273,b871c98ea1c612cdbd5a2223ff017610d908ae78fe08d509113f86983218cebf
8X_N100_POCOL_seed016,primary,POCOL,X-PC (PoCol static disjoint allocation + post-range low power),100,3787989265829909659,16,,234.0,23400.0,3510.0,351000.0,3268942236.9003296,0x00000000000000015059d3de1c28ab2fd76c4c7278659dd554855b5237a863f3,7.122507122507123e-20,10000.0,600.0,14040000000000000000,140400000000000000,15,15,15,5.4,233357955770805684378,233357955770805684378,0,0.0,4294967296,0.999999999981595,28,997256.2212427591,2743.778757240658,0.002743778757240658,665.0507828065425,471.30974442009574,707.812209687804,1833.837009597067,0,0.0,1200,12,12,0,1200,1200,1200,2.2864822977005472,2.2278932060460193,5.012716680244466,100,1.0,0.27437787572406563,100,1.8189894035458565e-12,1.4041946798755535e-16,3500369336.5620847,3500369336.5620847,972.3248157116902,0.016010157999971852,2d3c243b36e904ca04bf391b0a4adc73c8cbe273,b871c98ea1c612cdbd5a2223ff017610d908ae78fe08d509113f86983218cebf
8X_N100_POW_seed017,primary,POW,"X-PW (traditional competitive PoW, per-miner distinct templates)",100,2197885266553486539,17,,234.0,23400.0,3510.0,351000.0,3268942236.9003296,0x00000000000000015059d3de1c28ab2fd76c4c7278659dd554855b5237a863f3,7.122507122507123e-20,10000.0,600.0,14040000000000000000,140400000000000000,16,16,16,5.76,234000000000000000487,234000000000000000487,0,0.0,4294967296,0.9999999999816455,2700,1000000.0,0.0,0.0,622.5989566180507,456.65756329750036,537.5534760831415,1571.8085470779579,0,0.0,1000,0,0,0,0,0,0,0.0,0.0,0.0,0,0.0,0.0,0,0.0,0.0,3510000000.0,3510000000.0,975.0,0.012180733000150212,2d3c243b36e904ca04bf391b0a4adc73c8cbe273,b871c98ea1c612cdbd5a2223ff017610d908ae78fe08d509113f86983218cebf
8X_N100_POCOL_seed017,primary,POCOL,X-PC (PoCol static disjoint allocation + post-range low power),100,2197885266553486539,17,,234.0,23400.0,3510.0,351000.0,3268942236.9003296,0x00000000000000015059d3de1c28ab2fd76c4c7278659dd554855b5237a863f3,7.122507122507123e-20,10000.0,600.0,14040000000000000000,140400000000000000,16,16,16,5.76,233467232337028049214,233467232337028049214,0,0.0,4294967296,0.9999999999816036,27,997723.2151155041,2276.784884495514,0.0022767848844955137,624.0510615736998,456.65756329750036,539.5255189591142,1576.8419814377066,0,0.0,1000,10,10,0,1000,1000,1000,2.2767848844955147,2.187546711745199,5.353088188518541,100,1.0,0.22767848844955146,100,1.8189894035458565e-12,4.2106122994635323e-16,3502008485.0554194,3502008485.0554194,972.7801347376165,0.015515934999712044,2d3c243b36e904ca04bf391b0a4adc73c8cbe273,b871c98ea1c612cdbd5a2223ff017610d908ae78fe08d509113f86983218cebf
8X_N100_POW_seed018,primary,POW,"X-PW (traditional competitive PoW, per-miner distinct templates)",100,2431420697959460063,18,,234.0,23400.0,3510.0,351000.0,3268942236.9003296,0x00000000000000015059d3de1c28ab2fd76c4c7278659dd554855b5237a863f3,7.122507122507123e-20,10000.0,600.0,14040000000000000000,140400000000000000,25,25,25,9.0,234000000000000000238,234000000000000000238,0,0.0,4294967296,0.9999999999816455,3300,1000000.0,0.0,0.0,392.26946608246703,321.9716496892315,375.440496218729,1225.7257763449131,0,0.0,700,0,0,0,0,0,0,0.0,0.0,0.0,0,0.0,0.0,0,0.0,0.0,3510000000.0,3510000000.0,975.0,0.015366916000402853,2d3c243b36e904ca04bf391b0a4adc73c8cbe273,b871c98ea1c612cdbd5a2223ff017610d908ae78fe08d509113f86983218cebf
8X_N100_POCOL_seed018,primary,POCOL,X-PC (PoCol static disjoint allocation + post-range low power),100,2431420697959460063,18,,234.0,23400.0,3510.0,351000.0,3268942236.9003296,0x00000000000000015059d3de1c28ab2fd76c4c7278659dd554855b5237a863f3,7.122507122507123e-20,10000.0,600.0,14040000000000000000,140400000000000000,25,25,25,9.0,233561062332082542948,233561062332082542948,0,0.0,4294967296,0.9999999999816109,33,998124.1980003528,1875.8019996472522,0.0018758019996472522,393.0598185726774,321.9716496892315,377.0657184495207,1231.3412976011841,0,0.0,700,7,7,0,700,700,700,2.6797171423532182,2.707794796922144,5.990396721150319,100,1.0,0.18758019996472527,100,1.8189894035458565e-12,0.0,3503415934.9812384,3503415934.9812384,973.171093050344,0.018603641000026983,2d3c243b36e904ca04bf391b0a4adc73c8cbe273,b871c98ea1c612cdbd5a2223ff017610d908ae78fe08d509113f86983218cebf
8X_N100_POW_seed019,primary,POW,"X-PW (traditional competitive PoW, per-miner distinct templates)",100,3695536046059844503,19,,234.0,23400.0,3510.0,351000.0,3268942236.9003296,0x00000000000000015059d3de1c28ab2fd76c4c7278659dd554855b5237a863f3,7.122507122507123e-20,10000.0,600.0,14040000000000000000,140400000000000000,17,17,17,6.12,233999999999999999233,233999999999999999233,0,0.0,4294967296,0.9999999999816455,2800,1000000.0,0.0,0.0,573.2364322282791,313.8035153545635,796.3762875798324,2116.647290075268,0,0.0,1000,0,0,0,0,0,0,0.0,0.0,0.0,0,0.0,0.0,0,0.0,0.0,3510000000.0,3510000000.0,975.0,0.012032832999921084,2d3c243b36e904ca04bf391b0a4adc73c8cbe273,b871c98ea1c612cdbd5a2223ff017610d908ae78fe08d509113f86983218cebf
8X_N100_POCOL_seed019,primary,POCOL,X-PC (PoCol static disjoint allocation + post-range low power),100,3695536046059844503,19,,234.0,23400.0,3510.0,351000.0,3268942236.9003296,0x00000000000000015059d3de1c28ab2fd76c4c7278659dd554855b5237a863f3,7.122507122507123e-20,10000.0,600.0,14040000000000000000,140400000000000000,17,17,17,6.12,233451731480031412426,233451731480031412426,0,0.0,4294967296,0.9999999999816024,28,997656.9721368861,2343.0278631136243,0.0023430278631136245,574.5877456900582,313.8035153545635,799.6597313995164,2125.208662487068,0,0.0,1000,10,10,0,1000,1000,1000,2.3430278631136243,2.129916583387967,6.030745431426112,100,1.0,0.23430278631136242,100,1.8189894035458565e-12,4.2108918780244124e-16,3501775972.20047,3501775972.20047,972.7155478334639,0.016779187000338425,2d3c243b36e904ca04bf391b0a4adc73c8cbe273,b871c98ea1c612cdbd5a2223ff017610d908ae78fe08d509113f86983218cebf
8X_N100_POW_seed020,primary,POW,"X-PW (traditional competitive PoW, per-miner distinct templates)",100,8644301345824299180,20,,234.0,23400.0,3510.0,351000.0,3268942236.9003296,0x00000000000000015059d3de1c28ab2fd76c4c7278659dd554855b5237a863f3,7.122507122507123e-20,10000.0,600.0,14040000000000000000,140400000000000000,10,10,10,3.6,234000000000000000882,234000000000000000882,0,0.0,4294967296,0.9999999999816455,2397,1000000.0,0.0,0.0,895.287146530551,584.6350853502577,1077.01313804675,2775.8252796652664,0,0.0,1300,0,0,0,0,0,0,0.0,0.0,0.0,0,0.0,0.0,0,0.0,0.0,3510000000.0,3510000000.0,975.0,0.012041749999752938,2d3c243b36e904ca04bf391b0a4adc73c8cbe273,b871c98ea1c612cdbd5a2223ff017610d908ae78fe08d509113f86983218cebf
8X_N100_POCOL_seed020,primary,POCOL,X-PC (PoCol static disjoint allocation + post-range low power),100,8644301345824299180,20,,234.0,23400.0,3510.0,351000.0,3268942236.9003296,0x00000000000000015059d3de1c28ab2fd76c4c7278659dd554855b5237a863f3,7.122507122507123e-20,10000.0,600.0,14040000000000000000,140400000000000000,10,10,10,3.6,233349376924778395820,233349376924778395820,0,0.0,4294967296,0.9999999999815943,24,997219.5595075999,2780.4404924000155,0.0027804404924000156,897.6122528985259,584.8495279331069,1080.3460612336007,2784.245377277651,0,0.0,1300,13,13,0,1300,1300,1300,2.1388003787692416,2.1256967602555505,5.262770822161656,100,1.0,0.2780440492400014,100,1.8189894035458565e-12,1.4042463036257847e-16,3500240653.8716755,3500240653.8716755,972.2890705199098,0.014927277999959188,2d3c243b36e904ca04bf391b0a4adc73c8cbe273,b871c98ea1c612cdbd5a2223ff017610d908ae78fe08d509113f86983218cebf
8X_N100_POW_seed021,primary,POW,"X-PW (traditional competitive PoW, per-miner distinct templates)",100,6968863412458885356,21,,234.0,23400.0,3510.0,351000.0,3268942236.9003296,0x00000000000000015059d3de1c28ab2fd76c4c7278659dd554855b5237a863f3,7.122507122507123e-20,10000.0,600.0,14040000000000000000,140400000000000000,19,19,19,6.84,234000000000000000488,234000000000000000488,0,0.0,4294967296,0.9999999999816455,2730,1000000.0,0.0,0.0,495.1366096571644,370.5230424201559,453.8661542044737,1377.9482674420428,0,0.0,730,0,0,0,0,0,0,0.0,0.0,0.0,0,0.0,0.0,0,0.0,0.0,3510000000.0,3510000000.0,975.0,0.01233113600028446,2d3c243b36e904ca04bf391b0a4adc73c8cbe273,b871c98ea1c612cdbd5a2223ff017610d908ae78fe08d509113f86983218cebf
8X_N100_POCOL_seed021,primary,POCOL,X-PC (PoCol static disjoint allocation + post-range low power),100,6968863412458885356,21,,234.0,23400.0,3510.0,351000.0,3268942236.9003296,0x00000000000000015059d3de1c28ab2fd76c4c7278659dd554855b5237a863f3,7.122507122507123e-20,10000.0,600.0,14040000000000000000,140400000000000000,18,18,18,6.48,233619891809318312011,233619891809318312011,0,0.0,4294967296,0.9999999999816156,28,998375.6060227277,1624.3939772721733,0.0016243939772721734,532.1702417685879,318.8634468523669,485.1480259339809,1397.0930986288013,0,0.0,830,9,9,0,830,830,830,1.9571011774363527,1.8373724248390317,5.757001116719039,100,1.0,0.16243939772721727,100,1.8189894035458565e-12,1.4026202882905795e-16,3504298377.1397743,3504298377.1397743,973.4162158721596,0.015982632000032027,2d3c243b36e904ca04bf391b0a4adc73c8cbe273,b871c98ea1c612cdbd5a2223ff017610d908ae78fe08d509113f86983218cebf
8X_N100_POW_seed022,primary,POW,"X-PW (traditional competitive PoW, per-miner distinct templates)",100,1228799680501299399,22,,234.0,23400.0,3510.0,351000.0,3268942236.9003296,0x00000000000000015059d3de1c28ab2fd76c4c7278659dd554855b5237a863f3,7.122507122507123e-20,10000.0,600.0,14040000000000000000,140400000000000000,12,12,12,4.32,233999999999999997872,233999999999999997872,0,0.0,4294967296,0.9999999999816455,2300,1000000.0,0.0,0.0,809.2380190120467,485.2926941182807,870.988373514241,2203.131583338995,0,0.0,1000,0,0,0,0,0,0,0.0,0.0,0.0,0,0.0,0.0,0,0.0,0.0,3510000000.0,3510000000.0,975.0,0.009811668999645917,2d3c243b36e904ca04bf391b0a4adc73c8cbe273,b871c98ea1c612cdbd5a2223ff017610d908ae78fe08d509113f86983218cebf
8X_N100_POCOL_seed022,primary,POCOL,X-PC (PoCol static disjoint allocation + post-range low power),100,1228799680501299399,22,,234.0,23400.0,3510.0,351000.0,3268942236.9003296,0x00000000000000015059d3de1c28ab2fd76c4c7278659dd554855b5237a863f3,7.122507122507123e-20,10000.0,600.0,14040000000000000000,140400000000000000,12,12,12,4.32,233540926245285446260,233540926245285446260,0,0.0,4294967296,0.9999999999816094,23,998038.1463473737,1961.8536526263003,0.0019618536526263,810.6762415022307,485.29269411828045,873.1352032010041,2207.771161881732,0,0.0,1000,10,10,0,1000,1000,1000,1.9618536526263004,1.9367472886442556,4.375082193016169,100,1.0,0.19618536526263003,100,1.8189894035458565e-12,0.0,3503113893.6792817,3503113893.6792817,973.0871926886894,0.013955586000065523,2d3c243b36e904ca04bf391b0a4adc73c8cbe273,b871c98ea1c612cdbd5a2223ff017610d908ae78fe08d509113f86983218cebf
8X_N100_POW_seed023,primary,POW,"X-PW (traditional competitive PoW, per-miner distinct templates)",100,1913678187707743529,23,,234.0,23400.0,3510.0,351000.0,3268942236.9003296,0x00000000000000015059d3de1c28ab2fd76c4c7278659dd554855b5237a863f3,7.122507122507123e-20,10000.0,600.0,14040000000000000000,140400000000000000,20,20,20,7.2,233999999999999999400,233999999999999999400,0,0.0,4294967296,0.9999999999816455,3000,1000000.0,0.0,0.0,445.39424879893005,354.0176877260489,346.7377433767242,914.7778282124408,0,0.0,900,0,0,0,0,0,0,0.0,0.0,0.0,0,0.0,0.0,0,0.0,0.0,3510000000.0,3510000000.0,975.0,0.013881324000067252,2d3c243b36e904ca04bf391b0a4adc73c8cbe273,b871c98ea1c612cdbd5a2223ff017610d908ae78fe08d509113f86983218cebf
8X_N100_POCOL_seed023,primary,POCOL,X-PC (PoCol static disjoint allocation + post-range low power),100,1913678187707743529,23,,234.0,23400.0,3510.0,351000.0,3268942236.9003296,0x00000000000000015059d3de1c28ab2fd76c4c7278659dd554855b5237a863f3,7.122507122507123e-20,10000.0,600.0,14040000000000000000,140400000000000000,20,20,20,7.2,233554371636266621795,233554371636266621795,0,0.0,4294967296,0.9999999999816104,30,998095.6052831905,1904.3947168093011,0.0019043947168093012,446.3296456682001,354.0176877260489,347.97754137372596,917.3047169349359,0,0.0,900,9,9,0,900,900,900,2.1159941297881124,1.9950894831708865,5.78797767076594,100,1.0,0.19043947168093012,100,1.8189894035458565e-12,2.8060275447151384e-16,3503315574.5439987,3503315574.5439987,973.1432151511108,0.017942274000233738,2d3c243b36e904ca04bf391b0a4adc73c8cbe273,b871c98ea1c612cdbd5a2223ff017610d908ae78fe08d509113f86983218cebf
8X_N100_POW_seed024,primary,POW,"X-PW (traditional competitive PoW, per-miner distinct templates)",100,4932121285862289456,24,,234.0,23400.0,3510.0,351000.0,3268942236.9003296,0x00000000000000015059d3de1c28ab2fd76c4c7278659dd554855b5237a863f3,7.122507122507123e-20,10000.0,600.0,14040000000000000000,140400000000000000,15,15,15,5.4,234000000000000000759,234000000000000000759,0,0.0,4294967296,0.9999999999816455,2400,1000000.0,0.0,0.0,651.3407559981357,387.5014959902742,454.64650004765434,1434.0746475010396,0,0.0,800,0,0,0,0,0,0,0.0,0.0,0.0,0,0.0,0.0,0,0.0,0.0,3510000000.0,3510000000.0,975.0,0.010606827000174235,2d3c243b36e904ca04bf391b0a4adc73c8cbe273,b871c98ea1c612cdbd5a2223ff017610d908ae78fe08d509113f86983218cebf
8X_N100_POCOL_seed024,primary,POCOL,X-PC (PoCol static disjoint allocation + post-range low power),100,4932121285862289456,24,,234.0,23400.0,3510.0,351000.0,3268942236.9003296,0x00000000000000015059d3de1c28ab2fd76c4c7278659dd554855b5237a863f3,7.122507122507123e-20,10000.0,600.0,14040000000000000000,140400000000000000,15,15,15,5.4,233635499805991684591,233635499805991684591,0,0.0,4294967296,0.9999999999816168,24,998442.3068632125,1557.6931367876755,0.0015576931367876756,652.4268245016749,387.5014959902742,456.10345022381887,1439.1262133020648,0,0.0,800,8,8,0,800,800,800,1.947116420984595,1.968211992215629,5.486358606676731,100,1.0,0.1557693136787676,100,1.8189894035458565e-12,1.402526586379646e-16,3504532497.0898757,3504532497.0898757,973.4812491916322,0.01534837700000935,2d3c243b36e904ca04bf391b0a4adc73c8cbe273,b871c98ea1c612cdbd5a2223ff017610d908ae78fe08d509113f86983218cebf
8X_N100_POW_seed025,primary,POW,"X-PW (traditional competitive PoW, per-miner distinct templates)",100,1808207741461098536,25,,234.0,23400.0,3510.0,351000.0,3268942236.9003296,0x00000000000000015059d3de1c28ab2fd76c4c7278659dd554855b5237a863f3,7.122507122507123e-20,10000.0,600.0,14040000000000000000,140400000000000000,6,6,6,2.16,233999999999999998804,233999999999999998804,0,0.0,4294967296,0.9999999999816455,2000,1000000.0,0.0,0.0,1631.9477131566025,1339.4492820329242,1037.7850375959042,3065.0647559364093,0,0.0,1300,0,0,0,0,0,0,0.0,0.0,0.0,0,0.0,0.0,0,0.0,0.0,3510000000.0,3510000000.0,975.0,0.0076248710001891595,2d3c243b36e904ca04bf391b0a4adc73c8cbe273,b871c98ea1c612cdbd5a2223ff017610d908ae78fe08d509113f86983218cebf
8X_N100_POCOL_seed025,primary,POCOL,X-PC (PoCol static disjoint allocation + post-range low power),100,1808207741461098536,25,,234.0,23400.0,3510.0,351000.0,3268942236.9003296,0x00000000000000015059d3de1c28ab2fd76c4c7278659dd554855b5237a863f3,7.122507122507123e-20,10000.0,600.0,14040000000000000000,140400000000000000,6,6,6,2.16,233453844979653932324,233453844979653932324,0,0.0,4294967296,0.9999999999816025,20,997666.0041865548,2333.995813444743,0.0023339958134447427,1635.7175014378943,1343.395879355898,1040.868735976311,3073.4424027133673,0,0.0,1300,13,13,0,1300,1300,1300,1.7953813949574946,1.8277703971152732,5.494718497600843,100,1.0,0.23339958134447428,100,1.8189894035458565e-12,4.2108537560633225e-16,3501807674.6948075,3501807674.6948075,972.724354081891,0.012508898999840312,2d3c243b36e904ca04bf391b0a4adc73c8cbe273,b871c98ea1c612cdbd5a2223ff017610d908ae78fe08d509113f86983218cebf
8X_N100_POW_seed026,primary,POW,"X-PW (traditional competitive PoW, per-miner distinct templates)",100,5227458720195675600,26,,234.0,23400.0,3510.0,351000.0,3268942236.9003296,0x00000000000000015059d3de1c28ab2fd76c4c7278659dd554855b5237a863f3,7.122507122507123e-20,10000.0,600.0,14040000000000000000,140400000000000000,16,16,16,5.76,233999999999999998010,233999999999999998010,0,0.0,4294967296,0.9999999999816455,2800,1000000.0,0.0,0.0,466.4999468723705,246.37138268854272,599.5418376545462,1857.6514738256544,0,0.0,1100,0,0,0,0,0,0,0.0,0.0,0.0,0,0.0,0.0,0,0.0,0.0,3510000000.0,3510000000.0,975.0,0.012912561999655736,2d3c243b36e904ca04bf391b0a4adc73c8cbe273,b871c98ea1c612cdbd5a2223ff017610d908ae78fe08d509113f86983218cebf
8X_N100_POCOL_seed026,primary,POCOL,X-PC (PoCol static disjoint allocation + post-range low power),100,5227458720195675600,26,,234.0,23400.0,3510.0,351000.0,3268942236.9003296,0x00000000000000015059d3de1c28ab2fd76c4c7278659dd554855b5237a863f3,7.122507122507123e-20,10000.0,600.0,14040000000000000000,140400000000000000,16,16,16,5.76,233432097203679485287,233432097203679485287,0,0.0,4294967296,0.9999999999816008,28,997573.0649729889,2426.93502701076,0.0024269350270107602,467.5697455780631,246.37138268854272,601.6748275446936,1863.7258854333477,0,0.0,1100,11,11,0,1100,1100,1100,2.206304570009782,2.211741121649993,4.7502713183453125,100,1.0,0.24269350270107604,100,1.8189894035458565e-12,4.2112460615999007e-16,3501481458.055191,3501481458.055191,972.6337383486642,0.017664376000084303,2d3c243b36e904ca04bf391b0a4adc73c8cbe273,b871c98ea1c612cdbd5a2223ff017610d908ae78fe08d509113f86983218cebf
8X_N100_POW_seed027,primary,POW,"X-PW (traditional competitive PoW, per-miner distinct templates)",100,5875244136080589253,27,,234.0,23400.0,3510.0,351000.0,3268942236.9003296,0x00000000000000015059d3de1c28ab2fd76c4c7278659dd554855b5237a863f3,7.122507122507123e-20,10000.0,600.0,14040000000000000000,140400000000000000,13,13,13,4.680000000000001,233999999999999999270,233999999999999999270,0,0.0,4294967296,0.9999999999816455,2600,1000000.0,0.0,0.0,713.0730936339035,239.8707709472137,1095.2814889038175,2793.183649513636,0,0.0,1200,0,0,0,0,0,0,0.0,0.0,0.0,0,0.0,0.0,0,0.0,0.0,3510000000.0,3510000000.0,975.0,0.010984463000113465,2d3c243b36e904ca04bf391b0a4adc73c8cbe273,b871c98ea1c612cdbd5a2223ff017610d908ae78fe08d509113f86983218cebf
8X_N100_POCOL_seed027,primary,POCOL,X-PC (PoCol static disjoint allocation + post-range low power),100,5875244136080589253,27,,234.0,23400.0,3510.0,351000.0,3268942236.9003296,0x00000000000000015059d3de1c28ab2fd76c4c7278659dd554855b5237a863f3,7.122507122507123e-20,10000.0,600.0,14040000000000000000,140400000000000000,13,13,13,4.680000000000001,233377071043989339886,233377071043989339886,0,0.0,4294967296,0.9999999999815965,26,997337.9104443989,2662.0895556011073,0.0026620895556011075,714.8484304214751,239.8707709472137,1098.6243447943698,2801.635698169805,0,0.0,1200,12,12,0,1200,1200,1200,2.2184079630009226,2.1758041599914577,5.188652334317339,100,1.0,0.26620895556011076,100,1.8189894035458565e-12,0.0,3500656065.65984,3500656065.65984,972.4044626832889,0.019333127999743738,2d3c243b36e904ca04bf391b0a4adc73c8cbe273,b871c98ea1c612cdbd5a2223ff017610d908ae78fe08d509113f86983218cebf
8X_N100_POW_seed028,primary,POW,"X-PW (traditional competitive PoW, per-miner distinct templates)",100,4508414229999547955,28,,234.0,23400.0,3510.0,351000.0,3268942236.9003296,0x00000000000000015059d3de1c28ab2fd76c4c7278659dd554855b5237a863f3,7.122507122507123e-20,10000.0,600.0,14040000000000000000,140400000000000000,15,15,15,5.4,233999999999999999129,233999999999999999129,0,0.0,4294967296,0.9999999999816455,2400,1000000.0,0.0,0.0,592.7205459337526,519.6693456423659,386.3089751446361,1235.2798834654286,0,0.0,800,0,0,0,0,0,0,0.0,0.0,0.0,0,0.0,0.0,0,0.0,0.0,3510000000.0,3510000000.0,975.0,0.01234564100013813,2d3c243b36e904ca04bf391b0a4adc73c8cbe273,b871c98ea1c612cdbd5a2223ff017610d908ae78fe08d509113f86983218cebf
8X_N100_POCOL_seed028,primary,POCOL,X-PC (PoCol static disjoint allocation + post-range low power),100,4508414229999547955,28,,234.0,23400.0,3510.0,351000.0,3268942236.9003296,0x00000000000000015059d3de1c28ab2fd76c4c7278659dd554855b5237a863f3,7.122507122507123e-20,10000.0,600.0,14040000000000000000,140400000000000000,15,15,15,5.4,233642146313091632653,233642146313091632653,0,0.0,4294967296,0.9999999999816174,24,998470.7107397078,1529.2892602921675,0.0015292892602921675,593.726987553827,519.6693456423664,387.4810999900263,1237.6001442370364,0,0.0,800,8,8,0,800,800,800,1.91161157536521,1.9817411742951663,4.350790130194582,100,1.0,0.15292892602921682,100,1.8189894035458565e-12,1.4024866881718043e-16,3504632194.6963744,3504632194.6963744,973.5089429712151,0.014155041999856621,2d3c243b36e904ca04bf391b0a4adc73c8cbe273,b871c98ea1c612cdbd5a2223ff017610d908ae78fe08d509113f86983218cebf
8X_N100_POW_seed029,primary,POW,"X-PW (traditional competitive PoW, per-miner distinct templates)",100,5719031026733889488,29,,234.0,23400.0,3510.0,351000.0,3268942236.9003296,0x00000000000000015059d3de1c28ab2fd76c4c7278659dd554855b5237a863f3,7.122507122507123e-20,10000.0,600.0,14040000000000000000,140400000000000000,18,18,18,6.48,234000000000000000688,234000000000000000688,0,0.0,4294967296,0.9999999999816455,2700,1000000.0,0.0,0.0,544.5609738638384,446.5940465848348,473.23784109451503,1436.76412295992,0,0.0,800,0,0,0,0,0,0,0.0,0.0,0.0,0,0.0,0.0,0,0.0,0.0,3510000000.0,3510000000.0,975.0,0.01205390500035719,2d3c243b36e904ca04bf391b0a4adc73c8cbe273,b871c98ea1c612cdbd5a2223ff017610d908ae78fe08d509113f86983218cebf
8X_N100_POCOL_seed029,primary,POCOL,X-PC (PoCol static disjoint allocation + post-range low power),100,5719031026733889488,29,,234.0,23400.0,3510.0,351000.0,3268942236.9003296,0x00000000000000015059d3de1c28ab2fd76c4c7278659dd554855b5237a863f3,7.122507122507123e-20,10000.0,600.0,14040000000000000000,140400000000000000,18,18,18,6.48,233671142731951645087,233671142731951645087,0,0.0,4294967296,0.9999999999816196,27,998594.6270596227,1405.3729403775808,0.0014053729403775807,545.2326901099111,446.5940465848348,474.6360349911307,1440.1308279666648,0,0.0,800,8,8,0,800,800,800,1.756716175471976,1.7803702988840087,4.4124397377181594,100,1.0,0.14053729403775808,100,1.8189894035458565e-12,2.80462530519558e-16,3505067140.9792757,3505067140.9792757,973.6297613831322,0.015598491000218928,2d3c243b36e904ca04bf391b0a4adc73c8cbe273,b871c98ea1c612cdbd5a2223ff017610d908ae78fe08d509113f86983218cebf
8X_N100_POW_seed030,primary,POW,"X-PW (traditional competitive PoW, per-miner distinct templates)",100,1452385983224652643,30,,234.0,23400.0,3510.0,351000.0,3268942236.9003296,0x00000000000000015059d3de1c28ab2fd76c4c7278659dd554855b5237a863f3,7.122507122507123e-20,10000.0,600.0,14040000000000000000,140400000000000000,20,20,20,7.2,233999999999999998353,233999999999999998353,0,0.0,4294967296,0.9999999999816455,3100,1000000.0,0.0,0.0,480.46352583832515,242.27887379979902,510.7370889598863,1635.722152636262,0,0.0,1000,0,0,0,0,0,0,0.0,0.0,0.0,0,0.0,0.0,0,0.0,0.0,3510000000.0,3510000000.0,975.0,0.01378058799991777,2d3c243b36e904ca04bf391b0a4adc73c8cbe273,b871c98ea1c612cdbd5a2223ff017610d908ae78fe08d509113f86983218cebf
8X_N100_POCOL_seed030,primary,POCOL,X-PC (PoCol static disjoint allocation + post-range low power),100,1452385983224652643,30,,234.0,23400.0,3510.0,351000.0,3268942236.9003296,0x00000000000000015059d3de1c28ab2fd76c4c7278659dd554855b5237a863f3,7.122507122507123e-20,10000.0,600.0,14040000000000000000,140400000000000000,20,20,20,7.2,233482495394555582003,233482495394555582003,0,0.0,4294967296,0.9999999999816047,31,997788.4418570752,2211.558142924866,0.002211558142924866,481.5956206010027,242.27887379979902,512.4433396260107,1638.4885196465782,0,0.0,1000,10,10,0,1000,1000,1000,2.211558142924866,2.1116810368082497,5.406725768434626,100,1.0,0.2211558142924866,100,1.8189894035458565e-12,0.0,3502237430.918334,3502237430.918334,972.8437308106484,0.018086632000176905,2d3c243b36e904ca04bf391b0a4adc73c8cbe273,b871c98ea1c612cdbd5a2223ff017610d908ae78fe08d509113f86983218cebf
8X_N200_POW_seed001,primary,POW,"X-PW (traditional competitive PoW, per-miner distinct templates)",200,5276648305985929199,1,,234.0,46800.0,3510.0,702000.0,6537884473.800659,0x0000000000000000a82ce9ef0e145597ebb626393c32ceeaaa42ada91bd431f9,3.5612535612535614e-20,10000.0,600.0,28080000000000000000,140400000000000000,24,24,24,8.64,468000000000000000036,468000000000000000036,0,0.0,4294967296,0.9999999999908227,6400,2000000.0,0.0,0.0,413.4797483503667,356.0105614270467,374.13720353559387,1230.828242202906,0,0.0,1400,0,0,0,0,0,0,0.0,0.0,0.0,0,0.0,0.0,0,0.0,0.0,7020000000.0,7020000000.0,1950.0,0.034768194000207586,2d3c243b36e904ca04bf391b0a4adc73c8cbe273,b871c98ea1c612cdbd5a2223ff017610d908ae78fe08d509113f86983218cebf
8X_N200_POCOL_seed001,primary,POCOL,X-PC (PoCol static disjoint allocation + post-range low power),200,5276648305985929199,1,,234.0,46800.0,3510.0,702000.0,6537884473.800659,0x0000000000000000a82ce9ef0e145597ebb626393c32ceeaaa42ada91bd431f9,3.5612535612535614e-20,10000.0,600.0,28080000000000000000,140400000000000000,24,24,24,8.64,467177895606106128453,467177895606106128453,0,0.0,4294967296,0.9999999999908066,32,1996486.7333594288,3513.266640572102,0.001756633320286051,414.3314023199773,356.0105614270467,375.67703960836934,1235.5669448770648,0,0.0,1400,7,7,0,1400,1400,1400,2.5094761718372163,2.5748575244292624,5.293876314090994,200,1.0,0.3513266640572103,200,1.8189894035458565e-12,4.2084182888174773e-16,7007668434.091595,7007668434.091595,1946.574565025443,0.03779786299992338,2d3c243b36e904ca04bf391b0a4adc73c8cbe273,b871c98ea1c612cdbd5a2223ff017610d908ae78fe08d509113f86983218cebf
8X_N200_POW_seed002,primary,POW,"X-PW (traditional competitive PoW, per-miner distinct templates)",200,628757264142989241,2,,234.0,46800.0,3510.0,702000.0,6537884473.800659,0x0000000000000000a82ce9ef0e145597ebb626393c32ceeaaa42ada91bd431f9,3.5612535612535614e-20,10000.0,600.0,28080000000000000000,140400000000000000,16,16,16,5.76,468000000000000002973,468000000000000002973,0,0.0,4294967296,0.9999999999908227,5200,2000000.0,0.0,0.0,563.2867678368902,326.00177260332237,534.0549341055877,1590.3606249332156,0,0.0,1800,0,0,0,0,0,0,0.0,0.0,0.0,0,0.0,0.0,0,0.0,0.0,7020000000.0,7020000000.0,1950.0,0.023673736000091594,2d3c243b36e904ca04bf391b0a4adc73c8cbe273,b871c98ea1c612cdbd5a2223ff017610d908ae78fe08d509113f86983218cebf
8X_N200_POCOL_seed002,primary,POCOL,X-PC (PoCol static disjoint allocation + post-range low power),200,628757264142989241,2,,234.0,46800.0,3510.0,702000.0,6537884473.800659,0x0000000000000000a82ce9ef0e145597ebb626393c32ceeaaa42ada91bd431f9,3.5612535612535614e-20,10000.0,600.0,28080000000000000000,140400000000000000,16,16,16,5.76,466955407065697605077,466955407065697605077,0,0.0,4294967296,0.9999999999908021,26,1995535.927631186,4464.07236881364,0.0022320361844068203,564.5736758206244,326.00177260332237,536.1100798632446,1595.6966182957788,0,0.0,1800,9,9,0,1800,1800,1800,2.480040204896466,2.465377069062697,6.084539575472263,200,1.0,0.44640723688136386,200,1.8189894035458565e-12,1.4034744861789237e-16,7004331105.985463,7004331105.985463,1945.6475294404065,0.031121462999635696,2d3c243b36e904ca04bf391b0a4adc73c8cbe273,b871c98ea1c612cdbd5a2223ff017610d908ae78fe08d509113f86983218cebf
8X_N200_POW_seed003,primary,POW,"X-PW (traditional competitive PoW, per-miner distinct templates)",200,5212820311653467928,3,,234.0,46800.0,3510.0,702000.0,6537884473.800659,0x0000000000000000a82ce9ef0e145597ebb626393c32ceeaaa42ada91bd431f9,3.5612535612535614e-20,10000.0,600.0,28080000000000000000,140400000000000000,11,11,11,3.96,468000000000000002684,468000000000000002684,0,0.0,4294967296,0.9999999999908227,4800,2000000.0,0.0,0.0,905.9833645679398,858.2303730450458,602.268699027826,1851.5361217777236,0,0.0,2400,0,0,0,0,0,0,0.0,0.0,0.0,0,0.0,0.0,0,0.0,0.0,7020000000.0,7020000000.0,1950.0,0.020158059000095818,2d3c243b36e904ca04bf391b0a4adc73c8cbe273,b871c98ea1c612cdbd5a2223ff017610d908ae78fe08d509113f86983218cebf
8X_N200_POCOL_seed003,primary,POCOL,X-PC (PoCol static disjoint allocation + post-range low power),200,5212820311653467928,3,,234.0,46800.0,3510.0,702000.0,6537884473.800659,0x0000000000000000a82ce9ef0e145597ebb626393c32ceeaaa42ada91bd431f9,3.5612535612535614e-20,10000.0,600.0,28080000000000000000,140400000000000000,11,11,11,3.96,466718907094764964564,466718907094764964564,0,0.0,4294967296,0.9999999999907976,24,1994525.2439947226,5474.7560052779445,0.0027373780026389723,908.5218256080891,861.3616657017101,604.3236021254431,1857.531268629623,0,0.0,2400,12,12,0,2400,2400,2400,2.281148335532478,2.3762101170415235,5.270348134288724,200,1.0,0.5474756005277948,200,1.8189894035458565e-12,2.808371334598331e-16,7000783606.421476,7000783606.421476,1944.6621128948545,0.028790128999844455,2d3c243b36e904ca04bf391b0a4adc73c8cbe273,b871c98ea1c612cdbd5a2223ff017610d908ae78fe08d509113f86983218cebf
8X_N200_POW_seed004,primary,POW,"X-PW (traditional competitive PoW, per-miner distinct templates)",200,1493634387465783589,4,,234.0,46800.0,3510.0,702000.0,6537884473.800659,0x0000000000000000a82ce9ef0e145597ebb626393c32ceeaaa42ada91bd431f9,3.5612535612535614e-20,10000.0,600.0,28080000000000000000,140400000000000000,6,6,6,2.16,468000000000000003189,468000000000000003189,0,0.0,4294967296,0.9999999999908227,3996,2000000.0,0.0,0.0,1589.101822159001,460.68504307711737,1978.611080658617,4155.299203508792,0,0.0,2596,0,0,0,0,0,0,0.0,0.0,0.0,0,0.0,0.0,0,0.0,0.0,7020000000.0,7020000000.0,1950.0,0.015603071999976237,2d3c243b36e904ca04bf391b0a4adc73c8cbe273,b871c98ea1c612cdbd5a2223ff017610d908ae78fe08d509113f86983218cebf
8X_N200_POCOL_seed004,primary,POCOL,X-PC (PoCol static disjoint allocation + post-range low power),200,1493634387465783589,4,,234.0,46800.0,3510.0,702000.0,6537884473.800659,0x0000000000000000a82ce9ef0e145597ebb626393c32ceeaaa42ada91bd431f9,3.5612535612535614e-20,10000.0,600.0,28080000000000000000,140400000000000000,6,6,6,2.16,466528614749323388988,466528614749323388988,0,0.0,4294967296,0.9999999999907938,20,1993712.0288432618,6287.971156737654,0.0031439855783688274,1594.4828804345618,462.2770015033102,1985.7743471989481,4169.302814147854,0,0.0,2600,13,13,0,2600,2600,2600,2.418450444899099,2.547898848089744,5.909682650963532,200,1.0,0.6287971156737657,200,1.8189894035458565e-12,2.8095168411144093e-16,6997929221.239849,6997929221.239849,1943.8692281221804,0.024226984000051743,2d3c243b36e904ca04bf391b0a4adc73c8cbe273,b871c98ea1c612cdbd5a2223ff017610d908ae78fe08d509113f86983218cebf
8X_N200_POW_seed005,primary,POW,"X-PW (traditional competitive PoW, per-miner distinct templates)",200,349906842534328690,5,,234.0,46800.0,3510.0,702000.0,6537884473.800659,0x0000000000000000a82ce9ef0e145597ebb626393c32ceeaaa42ada91bd431f9,3.5612535612535614e-20,10000.0,600.0,28080000000000000000,140400000000000000,16,16,16,5.76,468000000000000000885,468000000000000000885,0,0.0,4294967296,0.9999999999908227,5400,2000000.0,0.0,0.0,619.9807093290633,339.44897219927293,699.9611221241604,1899.3499498387887,0,0.0,2000,0,0,0,0,0,0,0.0,0.0,0.0,0,0.0,0.0,0,0.0,0.0,7020000000.0,7020000000.0,1950.0,0.02388171099983083,2d3c243b36e904ca04bf391b0a4adc73c8cbe273,b871c98ea1c612cdbd5a2223ff017610d908ae78fe08d509113f86983218cebf
8X_N200_POCOL_seed005,primary,POCOL,X-PC (PoCol static disjoint allocation + post-range low power),200,349906842534328690,5,,234.0,46800.0,3510.0,702000.0,6537884473.800659,0x0000000000000000a82ce9ef0e145597ebb626393c32ceeaaa42ada91bd431f9,3.5612535612535614e-20,10000.0,600.0,28080000000000000000,140400000000000000,16,16,16,5.76,466855379426581576077,466855379426581576077,0,0.0,4294967296,0.9999999999908002,27,1995108.459087955,4891.540912044551,0.0024457704560222754,621.5025136333313,339.44897219927293,702.7697306522456,1905.0147482986984,0,0.0,2000,10,10,0,2000,2000,2000,2.4457704560222755,2.412704404614942,5.321185572326613,200,1.0,0.48915409120445513,200,1.8189894035458565e-12,1.4037751922339435e-16,7002830691.398723,7002830691.398723,1945.2307476107562,0.03278348300000289,2d3c243b36e904ca04bf391b0a4adc73c8cbe273,b871c98ea1c612cdbd5a2223ff017610d908ae78fe08d509113f86983218cebf
8X_N200_POW_seed006,primary,POW,"X-PW (traditional competitive PoW, per-miner distinct templates)",200,2558760955731327512,6,,234.0,46800.0,3510.0,702000.0,6537884473.800659,0x0000000000000000a82ce9ef0e145597ebb626393c32ceeaaa42ada91bd431f9,3.5612535612535614e-20,10000.0,600.0,28080000000000000000,140400000000000000,21,21,21,7.5600000000000005,468000000000000001859,468000000000000001859,0,0.0,4294967296,0.9999999999908227,5996,2000000.0,0.0,0.0,465.3583002231336,270.8033399410763,444.4080780399634,1412.7892345735868,0,0.0,1600,0,0,0,0,0,0,0.0,0.0,0.0,0,0.0,0.0,0,0.0,0.0,7020000000.0,7020000000.0,1950.0,0.029151494999950955,2d3c243b36e904ca04bf391b0a4adc73c8cbe273,b871c98ea1c612cdbd5a2223ff017610d908ae78fe08d509113f86983218cebf
8X_N200_POCOL_seed006,primary,POCOL,X-PC (PoCol static disjoint allocation + post-range low power),200,2558760955731327512,6,,234.0,46800.0,3510.0,702000.0,6537884473.800659,0x0000000000000000a82ce9ef0e145597ebb626393c32ceeaaa42ada91bd431f9,3.5612535612535614e-20,10000.0,600.0,28080000000000000000,140400000000000000,21,21,21,7.5600000000000005,467257555786206117300,467257555786206117300,0,0.0,4294967296,0.9999999999908081,30,1996827.161479514,3172.8385204866863,0.001586419260243343,466.11561305501624,270.8033399410763,445.72928165782207,1416.764738603912,0,0.0,1600,8,8,0,1600,1600,1600,1.9830240753041783,2.085448805674787,5.553520619936535,200,1.0,0.31728385204866855,200,1.8189894035458565e-12,4.2077008186456807e-16,7008863336.793095,7008863336.793095,1946.9064824425263,0.03543459799993798,2d3c243b36e904ca04bf391b0a4adc73c8cbe273,b871c98ea1c612cdbd5a2223ff017610d908ae78fe08d509113f86983218cebf
8X_N200_POW_seed007,primary,POW,"X-PW (traditional competitive PoW, per-miner distinct templates)",200,7890926658382884983,7,,234.0,46800.0,3510.0,702000.0,6537884473.800659,0x0000000000000000a82ce9ef0e145597ebb626393c32ceeaaa42ada91bd431f9,3.5612535612535614e-20,10000.0,600.0,28080000000000000000,140400000000000000,12,12,12,4.32,467999999999999998794,467999999999999998794,0,0.0,4294967296,0.9999999999908227,4800,2000000.0,0.0,0.0,745.7721186974671,596.9718558425319,569.2221939781576,1557.2376036754665,0,0.0,2200,0,0,0,0,0,0,0.0,0.0,0.0,0,0.0,0.0,0,0.0,0.0,7020000000.0,7020000000.0,1950.0,0.020801791999929264,2d3c243b36e904ca04bf391b0a4adc73c8cbe273,b871c98ea1c612cdbd5a2223ff017610d908ae78fe08d509113f86983218cebf
8X_N200_POCOL_seed007,primary,POCOL,X-PC (PoCol static disjoint allocation + post-range low power),200,7890926658382884983,7,,234.0,46800.0,3510.0,702000.0,6537884473.800659,0x0000000000000000a82ce9ef0e145597ebb626393c32ceeaaa42ada91bd431f9,3.5612535612535614e-20,10000.0,600.0,28080000000000000000,140400000000000000,12,12,12,4.32,466645217527059918664,466645217527059918664,0,0.0,4294967296,0.999999999990796,24,1994210.3313122212,5789.668687778118,0.002894834343889059,747.886063960569,598.255428955565,571.4229082289361,1562.4898739001055,0,0.0,2200,11,11,0,2200,2200,2200,2.631667585353692,2.649450705323943,6.50052410517219,200,1.0,0.5789668687778122,200,1.8189894035458565e-12,2.8088148142737456e-16,6999678262.905896,6999678262.905896,1944.3550730294155,0.029481192999810446,2d3c243b36e904ca04bf391b0a4adc73c8cbe273,b871c98ea1c612cdbd5a2223ff017610d908ae78fe08d509113f86983218cebf
8X_N200_POW_seed008,primary,POW,"X-PW (traditional competitive PoW, per-miner distinct templates)",200,3687042657521687600,8,,234.0,46800.0,3510.0,702000.0,6537884473.800659,0x0000000000000000a82ce9ef0e145597ebb626393c32ceeaaa42ada91bd431f9,3.5612535612535614e-20,10000.0,600.0,28080000000000000000,140400000000000000,11,11,11,3.96,467999999999999999377,467999999999999999377,0,0.0,4294967296,0.9999999999908227,4600,2000000.0,0.0,0.0,862.9682780596839,578.0066444814129,900.0472189310452,2494.058699699317,0,0.0,2200,0,0,0,0,0,0,0.0,0.0,0.0,0,0.0,0.0,0,0.0,0.0,7020000000.0,7020000000.0,1950.0,0.019371921999663755,2d3c243b36e904ca04bf391b0a4adc73c8cbe273,b871c98ea1c612cdbd5a2223ff017610d908ae78fe08d509113f86983218cebf
8X_N200_POCOL_seed008,primary,POCOL,X-PC (PoCol static disjoint allocation + post-range low power),200,3687042657521687600,8,,234.0,46800.0,3510.0,702000.0,6537884473.800659,0x0000000000000000a82ce9ef0e145597ebb626393c32ceeaaa42ada91bd431f9,3.5612535612535614e-20,10000.0,600.0,28080000000000000000,140400000000000000,11,11,11,3.96,466726983500875855377,466726983500875855377,0,0.0,4294967296,0.9999999999907977,23,1994559.7585507515,5440.241449248489,0.002720120724624244,865.5195577753607,578.0066444814129,903.9510279911419,2503.7476083017727,0,0.0,2200,11,11,0,2200,2200,2200,2.4728370223856757,2.4371270712105115,6.14852882492869,200,1.0,0.5440241449248486,200,1.8189894035458565e-12,0.0,7000904752.513138,7000904752.513138,1944.6957645869827,0.027857287999722757,2d3c243b36e904ca04bf391b0a4adc73c8cbe273,b871c98ea1c612cdbd5a2223ff017610d908ae78fe08d509113f86983218cebf
8X_N200_POW_seed009,primary,POW,"X-PW (traditional competitive PoW, per-miner distinct templates)",200,5165136745342788261,9,,234.0,46800.0,3510.0,702000.0,6537884473.800659,0x0000000000000000a82ce9ef0e145597ebb626393c32ceeaaa42ada91bd431f9,3.5612535612535614e-20,10000.0,600.0,28080000000000000000,140400000000000000,15,15,15,5.4,467999999999999998540,467999999999999998540,0,0.0,4294967296,0.9999999999908227,5400,2000000.0,0.0,0.0,664.7871697443521,268.97915223957904,775.7295999322392,2137.2154356092315,0,0.0,2200,0,0,0,0,0,0,0.0,0.0,0.0,0,0.0,0.0,0,0.0,0.0,7020000000.0,7020000000.0,1950.0,0.02659769799993228,2d3c243b36e904ca04bf391b0a4adc73c8cbe273,b871c98ea1c612cdbd5a2223ff017610d908ae78fe08d509113f86983218cebf
8X_N200_POCOL_seed009,primary,POCOL,X-PC (PoCol static disjoint allocation + post-range low power),200,5165136745342788261,9,,234.0,46800.0,3510.0,702000.0,6537884473.800659,0x0000000000000000a82ce9ef0e145597ebb626393c32ceeaaa42ada91bd431f9,3.5612535612535614e-20,10000.0,600.0,28080000000000000000,140400000000000000,15,15,15,5.4,466756164128254859015,466756164128254859015,0,0.0,4294967296,0.9999999999907982,27,1994684.4620865583,5315.53791344078,0.00265776895672039,666.4538637791999,268.97915223957904,778.6853347936752,2145.3547441178193,0,0.0,2200,11,11,0,2200,2200,2200,2.4161535970185364,2.38946591944341,5.202020703859489,200,1.0,0.531553791344078,200,1.8189894035458565e-12,4.2122207505753753e-16,7001342461.92382,7001342461.92382,1944.8173505343943,0.032230502999937016,2d3c243b36e904ca04bf391b0a4adc73c8cbe273,b871c98ea1c612cdbd5a2223ff017610d908ae78fe08d509113f86983218cebf
8X_N200_POW_seed010,primary,POW,"X-PW (traditional competitive PoW, per-miner distinct templates)",200,3156971904625785319,10,,234.0,46800.0,3510.0,702000.0,6537884473.800659,0x0000000000000000a82ce9ef0e145597ebb626393c32ceeaaa42ada91bd431f9,3.5612535612535614e-20,10000.0,600.0,28080000000000000000,140400000000000000,18,18,18,6.48,467999999999999999853,467999999999999999853,0,0.0,4294967296,0.9999999999908227,5570,2000000.0,0.0,0.0,542.7416202164663,277.5766052348331,553.8348253426004,1434.6330554257477,0,0.0,1800,0,0,0,0,0,0,0.0,0.0,0.0,0,0.0,0.0,0,0.0,0.0,7020000000.0,7020000000.0,1950.0,0.02643688599982852,2d3c243b36e904ca04bf391b0a4adc73c8cbe273,b871c98ea1c612cdbd5a2223ff017610d908ae78fe08d509113f86983218cebf
8X_N200_POCOL_seed010,primary,POCOL,X-PC (PoCol static disjoint allocation + post-range low power),200,3156971904625785319,10,,234.0,46800.0,3510.0,702000.0,6537884473.800659,0x0000000000000000a82ce9ef0e145597ebb626393c32ceeaaa42ada91bd431f9,3.5612535612535614e-20,10000.0,600.0,28080000000000000000,140400000000000000,18,18,18,6.48,467055034448071954689,467055034448071954689,0,0.0,4294967296,0.9999999999908041,28,1995961.6856755202,4038.3143244788216,0.002019157162239411,543.8043875380139,277.5766052348331,555.5308394867595,1439.9845485303604,0,0.0,1800,9,9,0,1800,1800,1800,2.24350795804379,2.3100132128229234,6.113482389071578,200,1.0,0.4038314324478823,200,1.8189894035458565e-12,4.20952533425393e-16,7005825516.721076,7005825516.721076,1946.0626435336321,0.03372691200002009,2d3c243b36e904ca04bf391b0a4adc73c8cbe273,b871c98ea1c612cdbd5a2223ff017610d908ae78fe08d509113f86983218cebf
8X_N200_POW_seed011,primary,POW,"X-PW (traditional competitive PoW, per-miner distinct templates)",200,8079052055583561862,11,,234.0,46800.0,3510.0,702000.0,6537884473.800659,0x0000000000000000a82ce9ef0e145597ebb626393c32ceeaaa42ada91bd431f9,3.5612535612535614e-20,10000.0,600.0,28080000000000000000,140400000000000000,10,10,10,3.6,468000000000000001057,468000000000000001057,0,0.0,4294967296,0.9999999999908227,4400,2000000.0,0.0,0.0,917.6555991153691,819.6196638430629,772.4995323746044,2028.4094044529038,0,0.0,2200,0,0,0,0,0,0,0.0,0.0,0.0,0,0.0,0.0,0,0.0,0.0,7020000000.0,7020000000.0,1950.0,0.018258083000091574,2d3c243b36e904ca04bf391b0a4adc73c8cbe273,b871c98ea1c612cdbd5a2223ff017610d908ae78fe08d509113f86983218cebf
8X_N200_POCOL_seed011,primary,POCOL,X-PC (PoCol static disjoint allocation + post-range low power),200,8079052055583561862,11,,234.0,46800.0,3510.0,702000.0,6537884473.800659,0x0000000000000000a82ce9ef0e145597ebb626393c32ceeaaa42ada91bd431f9,3.5612535612535614e-20,10000.0,600.0,28080000000000000000,140400000000000000,10,10,10,3.6,466634823797950470793,466634823797950470793,0,0.0,4294967296,0.9999999999907959,22,1994165.9136664548,5834.086333544999,0.0029170431667724997,920.3760882868988,821.0839546822326,775.772684777198,2036.0701519686943,0,0.0,2200,11,11,0,2200,2200,2200,2.651857424338635,2.5625960117707223,7.304135066869094,200,1.0,0.5834086333544998,200,1.8189894035458565e-12,0.0,6999522356.969256,6999522356.969256,1944.3117658247934,0.026496376000068267,2d3c243b36e904ca04bf391b0a4adc73c8cbe273,b871c98ea1c612cdbd5a2223ff017610d908ae78fe08d509113f86983218cebf
8X_N200_POW_seed012,primary,POW,"X-PW (traditional competitive PoW, per-miner distinct templates)",200,1478038051582526088,12,,234.0,46800.0,3510.0,702000.0,6537884473.800659,0x0000000000000000a82ce9ef0e145597ebb626393c32ceeaaa42ada91bd431f9,3.5612535612535614e-20,10000.0,600.0,28080000000000000000,140400000000000000,13,13,13,4.680000000000001,468000000000000000098,468000000000000000098,0,0.0,4294967296,0.9999999999908227,4800,2000000.0,0.0,0.0,756.8987824910216,403.393889351079,721.3098743511827,2074.5114754149968,0,0.0,2000,0,0,0,0,0,0,0.0,0.0,0.0,0,0.0,0.0,0,0.0,0.0,7020000000.0,7020000000.0,1950.0,0.02055876700023873,2d3c243b36e904ca04bf391b0a4adc73c8cbe273,b871c98ea1c612cdbd5a2223ff017610d908ae78fe08d509113f86983218cebf
8X_N200_POCOL_seed012,primary,POCOL,X-PC (PoCol static disjoint allocation + post-range low power),200,1478038051582526088,12,,234.0,46800.0,3510.0,702000.0,6537884473.800659,0x0000000000000000a82ce9ef0e145597ebb626393c32ceeaaa42ada91bd431f9,3.5612535612535614e-20,10000.0,600.0,28080000000000000000,140400000000000000,13,13,13,4.680000000000001,466984443095520402222,466984443095520402222,0,0.0,4294967296,0.9999999999908028,24,1995660.013228719,4339.9867712803325,0.0021699933856401663,758.6531143596239,403.393889351079,723.914666167374,2081.82558841079,0,0.0,2000,10,10,0,2000,2000,2000,2.1699933856401654,2.3057515926109318,4.712233312704484,200,1.0,0.4339986771280331,200,1.8189894035458565e-12,2.806774442659316e-16,7004766646.432803,7004766646.432803,1945.7685128980008,0.028428602000076353,2d3c243b36e904ca04bf391b0a4adc73c8cbe273,b871c98ea1c612cdbd5a2223ff017610d908ae78fe08d509113f86983218cebf
8X_N200_POW_seed013,primary,POW,"X-PW (traditional competitive PoW, per-miner distinct templates)",200,431967532912089508,13,,234.0,46800.0,3510.0,702000.0,6537884473.800659,0x0000000000000000a82ce9ef0e145597ebb626393c32ceeaaa42ada91bd431f9,3.5612535612535614e-20,10000.0,600.0,28080000000000000000,140400000000000000,18,18,18,6.48,467999999999999997267,467999999999999997267,0,0.0,4294967296,0.9999999999908227,5600,2000000.0,0.0,0.0,442.96614236628716,331.9897494121206,410.13401917190095,1080.1192850719788,0,0.0,1800,0,0,0,0,0,0,0.0,0.0,0.0,0,0.0,0.0,0,0.0,0.0,7020000000.0,7020000000.0,1950.0,0.0256954780002161,2d3c243b36e904ca04bf391b0a4adc73c8cbe273,b871c98ea1c612cdbd5a2223ff017610d908ae78fe08d509113f86983218cebf
8X_N200_POCOL_seed013,primary,POCOL,X-PC (PoCol static disjoint allocation + post-range low power),200,431967532912089508,13,,234.0,46800.0,3510.0,702000.0,6537884473.800659,0x0000000000000000a82ce9ef0e145597ebb626393c32ceeaaa42ada91bd431f9,3.5612535612535614e-20,10000.0,600.0,28080000000000000000,140400000000000000,18,18,18,6.48,467007032416943376319,467007032416943376319,0,0.0,4294967296,0.9999999999908032,28,1995756.5487903568,4243.451209643678,0.002121725604821839,443.8199560565673,331.9897494121206,411.2405869413714,1082.7281307211697,0,0.0,1800,9,9,0,1800,1800,1800,2.3574728942464884,2.336823737427494,5.178352490798716,200,1.0,0.42434512096436794,200,1.8189894035458565e-12,1.4033193389149976e-16,7005105486.254152,7005105486.254152,1945.862635070598,0.03616207000004579,2d3c243b36e904ca04bf391b0a4adc73c8cbe273,b871c98ea1c612cdbd5a2223ff017610d908ae78fe08d509113f86983218cebf
8X_N200_POW_seed014,primary,POW,"X-PW (traditional competitive PoW, per-miner distinct templates)",200,3282352798337906545,14,,234.0,46800.0,3510.0,702000.0,6537884473.800659,0x0000000000000000a82ce9ef0e145597ebb626393c32ceeaaa42ada91bd431f9,3.5612535612535614e-20,10000.0,600.0,28080000000000000000,140400000000000000,23,23,23,8.280000000000001,468000000000000001325,468000000000000001325,0,0.0,4294967296,0.9999999999908227,6230,2000000.0,0.0,0.0,432.0139859036207,264.78262258257564,405.10186155857764,1076.5986779110658,0,0.0,1430,0,0,0,0,0,0,0.0,0.0,0.0,0,0.0,0.0,0,0.0,0.0,7020000000.0,7020000000.0,1950.0,0.03012201899991851,2d3c243b36e904ca04bf391b0a4adc73c8cbe273,b871c98ea1c612cdbd5a2223ff017610d908ae78fe08d509113f86983218cebf
8X_N200_POCOL_seed014,primary,POCOL,X-PC (PoCol static disjoint allocation + post-range low power),200,3282352798337906545,14,,234.0,46800.0,3510.0,702000.0,6537884473.800659,0x0000000000000000a82ce9ef0e145597ebb626393c32ceeaaa42ada91bd431f9,3.5612535612535614e-20,10000.0,600.0,28080000000000000000,140400000000000000,23,23,23,8.280000000000001,467344911895208198537,467344911895208198537,0,0.0,4294967296,0.9999999999908099,31,1997200.478184651,2799.521815349579,0.0013997609076747894,429.8780959053788,323.76662375135584,382.06343802025253,1074.5977160327,0,0.0,1430,7,7,0,1430,1430,1430,1.9577075631815244,2.0703459443200245,5.3143865577035285,200,1.0,0.279952181534958,200,1.8189894035458565e-12,2.8046095434840203e-16,7010173678.428124,7010173678.428124,1947.2704662300346,0.036452339999868855,2d3c243b36e904ca04bf391b0a4adc73c8cbe273,b871c98ea1c612cdbd5a2223ff017610d908ae78fe08d509113f86983218cebf
8X_N200_POW_seed015,primary,POW,"X-PW (traditional competitive PoW, per-miner distinct templates)",200,3447193969005866655,15,,234.0,46800.0,3510.0,702000.0,6537884473.800659,0x0000000000000000a82ce9ef0e145597ebb626393c32ceeaaa42ada91bd431f9,3.5612535612535614e-20,10000.0,600.0,28080000000000000000,140400000000000000,16,16,16,5.76,467999999999999998807,467999999999999998807,0,0.0,4294967296,0.9999999999908227,5200,2000000.0,0.0,0.0,566.1901882703457,508.1867111995807,543.6453103417425,1682.8768391974395,0,0.0,1800,0,0,0,0,0,0,0.0,0.0,0.0,0,0.0,0.0,0,0.0,0.0,7020000000.0,7020000000.0,1950.0,0.023626726000202325,2d3c243b36e904ca04bf391b0a4adc73c8cbe273,b871c98ea1c612cdbd5a2223ff017610d908ae78fe08d509113f86983218cebf
8X_N200_POCOL_seed015,primary,POCOL,X-PC (PoCol static disjoint allocation + post-range low power),200,3447193969005866655,15,,234.0,46800.0,3510.0,702000.0,6537884473.800659,0x0000000000000000a82ce9ef0e145597ebb626393c32ceeaaa42ada91bd431f9,3.5612535612535614e-20,10000.0,600.0,28080000000000000000,140400000000000000,16,16,16,5.76,466941620499140986543,466941620499140986543,0,0.0,4294967296,0.9999999999908019,26,1995477.0106800902,4522.989319910315,0.0022614946599551575,567.4073545209574,508.1867111995807,545.340492832449,1686.9808673560938,0,0.0,1800,9,9,0,1800,1800,1800,2.5127718443946194,2.5403029237368173,5.918138602344698,200,1.0,0.45229893199103155,200,1.8189894035458565e-12,2.8070318482188307e-16,7004124307.487117,7004124307.487117,1945.590085413088,0.03139826799997536,2d3c243b36e904ca04bf391b0a4adc73c8cbe273,b871c98ea1c612cdbd5a2223ff017610d908ae78fe08d509113f86983218cebf
8X_N200_POW_seed016,primary,POW,"X-PW (traditional competitive PoW, per-miner distinct templates)",200,3787989265829909659,16,,234.0,46800.0,3510.0,702000.0,6537884473.800659,0x0000000000000000a82ce9ef0e145597ebb626393c32ceeaaa42ada91bd431f9,3.5612535612535614e-20,10000.0,600.0,28080000000000000000,140400000000000000,18,18,18,6.48,467999999999999996650,467999999999999996650,0,0.0,4294967296,0.9999999999908227,5601,2000000.0,0.0,0.0,552.34510202715,441.15916755098124,507.9166188772284,1548.4937395084282,0,0.0,1801,0,0,0,0,0,0,0.0,0.0,0.0,0,0.0,0.0,0,0.0,0.0,7020000000.0,7020000000.0,1950.0,0.026470616000096925,2d3c243b36e904ca04bf391b0a4adc73c8cbe273,b871c98ea1c612cdbd5a2223ff017610d908ae78fe08d509113f86983218cebf
8X_N200_POCOL_seed016,primary,POCOL,X-PC (PoCol static disjoint allocation + post-range low power),200,3787989265829909659,16,,234.0,46800.0,3510.0,702000.0,6537884473.800659,0x0000000000000000a82ce9ef0e145597ebb626393c32ceeaaa42ada91bd431f9,3.5612535612535614e-20,10000.0,600.0,28080000000000000000,140400000000000000,18,18,18,6.48,467048697049682048788,467048697049682048788,0,0.0,4294967296,0.999999999990804,28,1995934.6027764184,4065.397223580982,0.002032698611790491,553.4520532608777,441.15916755098124,509.5900030690124,1553.0949638614911,0,0.0,1800,9,9,0,1800,1800,1800,2.2585540131005457,2.183979230714158,5.948834220399021,200,1.0,0.4065397223580982,200,1.8189894035458565e-12,2.8063883022899717e-16,7005730455.745229,7005730455.745229,1946.036237707008,0.03301323300001968,2d3c243b36e904ca04bf391b0a4adc73c8cbe273,b871c98ea1c612cdbd5a2223ff017610d908ae78fe08d509113f86983218cebf
8X_N200_POW_seed017,primary,POW,"X-PW (traditional competitive PoW, per-miner distinct templates)",200,2197885266553486539,17,,234.0,46800.0,3510.0,702000.0,6537884473.800659,0x0000000000000000a82ce9ef0e145597ebb626393c32ceeaaa42ada91bd431f9,3.5612535612535614e-20,10000.0,600.0,28080000000000000000,140400000000000000,19,19,19,6.84,467999999999999999669,467999999999999999669,0,0.0,4294967296,0.9999999999908227,5200,2000000.0,0.0,0.0,503.49253260213857,418.1132074734105,360.5345899088963,1141.005007596465,0,0.0,1200,0,0,0,0,0,0,0.0,0.0,0.0,0,0.0,0.0,0,0.0,0.0,7020000000.0,7020000000.0,1950.0,0.027642502000162494,2d3c243b36e904ca04bf391b0a4adc73c8cbe273,b871c98ea1c612cdbd5a2223ff017610d908ae78fe08d509113f86983218cebf
8X_N200_POCOL_seed017,primary,POCOL,X-PC (PoCol static disjoint allocation + post-range low power),200,2197885266553486539,17,,234.0,46800.0,3510.0,702000.0,6537884473.800659,0x0000000000000000a82ce9ef0e145597ebb626393c32ceeaaa42ada91bd431f9,3.5612535612535614e-20,10000.0,600.0,28080000000000000000,140400000000000000,19,19,19,6.84,467311038409573334585,467311038409573334585,0,0.0,4294967296,0.9999999999908092,26,1997055.7196990324,2944.2803009686468,0.0014721401504843234,504.2926684155518,418.1132074734105,361.8084372403816,1143.4748632694698,0,0.0,1200,6,6,0,1200,1200,1200,2.4535669174738715,2.4282139706791668,4.986300716963342,200,1.0,0.2944280300968646,200,1.8189894035458565e-12,5.609625676555163e-16,7009665576.143603,7009665576.143603,1947.1293267065564,0.03024543800029278,2d3c243b36e904ca04bf391b0a4adc73c8cbe273,b871c98ea1c612cdbd5a2223ff017610d908ae78fe08d509113f86983218cebf
8X_N200_POW_seed018,primary,POW,"X-PW (traditional competitive PoW, per-miner distinct templates)",200,2431420697959460063,18,,234.0,46800.0,3510.0,702000.0,6537884473.800659,0x0000000000000000a82ce9ef0e145597ebb626393c32ceeaaa42ada91bd431f9,3.5612535612535614e-20,10000.0,600.0,28080000000000000000,140400000000000000,20,20,20,7.2,468000000000000004422,468000000000000004422,0,0.0,4294967296,0.9999999999908227,5800,2000000.0,0.0,0.0,449.5922755300705,299.2642127752897,464.5562986772145,1228.5924359734684,0,0.0,1600,0,0,0,0,0,0,0.0,0.0,0.0,0,0.0,0.0,0,0.0,0.0,7020000000.0,7020000000.0,1950.0,0.026652311999896483,2d3c243b36e904ca04bf391b0a4adc73c8cbe273,b871c98ea1c612cdbd5a2223ff017610d908ae78fe08d509113f86983218cebf
8X_N200_POCOL_seed018,primary,POCOL,X-PC (PoCol static disjoint allocation + post-range low power),200,2431420697959460063,18,,234.0,46800.0,3510.0,702000.0,6537884473.800659,0x0000000000000000a82ce9ef0e145597ebb626393c32ceeaaa42ada91bd431f9,3.5612535612535614e-20,10000.0,600.0,28080000000000000000,140400000000000000,20,20,20,7.2,467071328513553822133,467071328513553822133,0,0.0,4294967296,0.9999999999908045,29,1996031.3184339916,3968.6815660093207,0.0019843407830046605,450.4468001048949,299.2642127752897,466.06658927161993,1234.0315602796559,0,0.0,1600,8,8,0,1600,1600,1600,2.480425978755827,2.5025955379160223,5.500326843316543,200,1.0,0.3968681566009323,200,1.8189894035458565e-12,5.612504643225875e-16,7006069927.703311,7006069927.703311,1946.130535473142,0.03428783100025612,2d3c243b36e904ca04bf391b0a4adc73c8cbe273,b871c98ea1c612cdbd5a2223ff017610d908ae78fe08d509113f86983218cebf
8X_N200_POW_seed019,primary,POW,"X-PW (traditional competitive PoW, per-miner distinct templates)",200,3695536046059844503,19,,234.0,46800.0,3510.0,702000.0,6537884473.800659,0x0000000000000000a82ce9ef0e145597ebb626393c32ceeaaa42ada91bd431f9,3.5612535612535614e-20,10000.0,600.0,28080000000000000000,140400000000000000,13,13,13,4.680000000000001,467999999999999995822,467999999999999995822,0,0.0,4294967296,0.9999999999908227,4600,2000000.0,0.0,0.0,734.6300716366356,476.7479792278782,654.5532376932408,1973.7401080153988,0,0.0,1800,0,0,0,0,0,0,0.0,0.0,0.0,0,0.0,0.0,0,0.0,0.0,7020000000.0,7020000000.0,1950.0,0.019865081000261853,2d3c243b36e904ca04bf391b0a4adc73c8cbe273,b871c98ea1c612cdbd5a2223ff017610d908ae78fe08d509113f86983218cebf
8X_N200_POCOL_seed019,primary,POCOL,X-PC (PoCol static disjoint allocation + post-range low power),200,3695536046059844503,19,,234.0,46800.0,3510.0,702000.0,6537884473.800659,0x0000000000000000a82ce9ef0e145597ebb626393c32ceeaaa42ada91bd431f9,3.5612535612535614e-20,10000.0,600.0,28080000000000000000,140400000000000000,13,13,13,4.680000000000001,467104907045754171896,467104907045754171896,0,0.0,4294967296,0.9999999999908051,23,1996174.8164348453,3825.1835651531173,0.0019125917825765586,736.1633880466732,476.7479792278782,657.0491630368299,1981.4527123381304,0,0.0,1800,9,9,0,1800,1800,1800,2.1251019806406215,2.117137546113554,5.934348915904593,200,1.0,0.38251835651531185,200,1.8189894035458565e-12,8.41815176995098e-16,7006573605.686307,7006573605.686307,1946.270446023974,0.027220456999657472,2d3c243b36e904ca04bf391b0a4adc73c8cbe273,b871c98ea1c612cdbd5a2223ff017610d908ae78fe08d509113f86983218cebf
8X_N200_POW_seed020,primary,POW,"X-PW (traditional competitive PoW, per-miner distinct templates)",200,8644301345824299180,20,,234.0,46800.0,3510.0,702000.0,6537884473.800659,0x0000000000000000a82ce9ef0e145597ebb626393c32ceeaaa42ada91bd431f9,3.5612535612535614e-20,10000.0,600.0,28080000000000000000,140400000000000000,17,17,17,6.12,467999999999999999904,467999999999999999904,0,0.0,4294967296,0.9999999999908227,5559,2000000.0,0.0,0.0,572.1839516933077,655.3565995662384,472.2075965295714,1244.60958898629,0,0.0,2000,0,0,0,0,0,0,0.0,0.0,0.0,0,0.0,0.0,0,0.0,0.0,7020000000.0,7020000000.0,1950.0,0.024945730000126787,2d3c243b36e904ca04bf391b0a4adc73c8cbe273,b871c98ea1c612cdbd5a2223ff017610d908ae78fe08d509113f86983218cebf
8X_N200_POCOL_seed020,primary,POCOL,X-PC (PoCol static disjoint allocation + post-range low power),200,8644301345824299180,20,,234.0,46800.0,3510.0,702000.0,6537884473.800659,0x0000000000000000a82ce9ef0e145597ebb626393c32ceeaaa42ada91bd431f9,3.5612535612535614e-20,10000.0,600.0,28080000000000000000,140400000000000000,17,17,17,6.12,466925856148105332896,466925856148105332896,0,0.0,4294967296,0.9999999999908016,28,1995409.6416585697,4590.358341430199,0.0022951791707150997,573.5306488465204,659.575860887524,473.4263336103613,1246.9198433434804,0,0.0,2000,10,10,0,2000,2000,2000,2.295179170715101,2.2618360029953237,5.251477875491219,200,1.0,0.4590358341430202,200,1.8189894035458565e-12,0.0,7003887842.22158,7003887842.22158,1945.5244006171054,0.03334711000024981,2d3c243b36e904ca04bf391b0a4adc73c8cbe273,b871c98ea1c612cdbd5a2223ff017610d908ae78fe08d509113f86983218cebf
8X_N200_POW_seed021,primary,POW,"X-PW (traditional competitive PoW, per-miner distinct templates)",200,6968863412458885356,21,,234.0,46800.0,3510.0,702000.0,6537884473.800659,0x0000000000000000a82ce9ef0e145597ebb626393c32ceeaaa42ada91bd431f9,3.5612535612535614e-20,10000.0,600.0,28080000000000000000,140400000000000000,23,23,23,8.280000000000001,468000000000000000036,468000000000000000036,0,0.0,4294967296,0.9999999999908227,6196,2000000.0,0.0,0.0,411.21224078020447,181.83327953985827,453.82604619884773,990.448458871034,0,0.0,1400,0,0,0,0,0,0,0.0,0.0,0.0,0,0.0,0.0,0,0.0,0.0,7020000000.0,7020000000.0,1950.0,0.03262251800015292,2d3c243b36e904ca04bf391b0a4adc73c8cbe273,b871c98ea1c612cdbd5a2223ff017610d908ae78fe08d509113f86983218cebf
8X_N200_POCOL_seed021,primary,POCOL,X-PC (PoCol static disjoint allocation + post-range low power),200,6968863412458885356,21,,234.0,46800.0,3510.0,702000.0,6537884473.800659,0x0000000000000000a82ce9ef0e145597ebb626393c32ceeaaa42ada91bd431f9,3.5612535612535614e-20,10000.0,600.0,28080000000000000000,140400000000000000,23,23,23,8.280000000000001,467262424575550640176,467262424575550640176,0,0.0,4294967296,0.9999999999908082,31,1996847.9682715852,3152.0317284160687,0.0015760158642080344,411.8778741427943,181.83327953985827,455.2572786909559,992.5504006874556,0,0.0,1400,7,7,0,1400,1400,1400,2.2514512345829054,2.176618508558363,5.0647786815661675,200,1.0,0.31520317284160676,200,1.8189894035458565e-12,7.012761625282752e-16,7008936368.633264,7008936368.633264,1946.9267690647955,0.03666596299990488,2d3c243b36e904ca04bf391b0a4adc73c8cbe273,b871c98ea1c612cdbd5a2223ff017610d908ae78fe08d509113f86983218cebf
8X_N200_POW_seed022,primary,POW,"X-PW (traditional competitive PoW, per-miner distinct templates)",200,1228799680501299399,22,,234.0,46800.0,3510.0,702000.0,6537884473.800659,0x0000000000000000a82ce9ef0e145597ebb626393c32ceeaaa42ada91bd431f9,3.5612535612535614e-20,10000.0,600.0,28080000000000000000,140400000000000000,13,13,13,4.680000000000001,468000000000000001355,468000000000000001355,0,0.0,4294967296,0.9999999999908227,4800,2000000.0,0.0,0.0,764.2974644952725,459.32909764375404,825.9223653273109,2472.3872210064515,0,0.0,2000,0,0,0,0,0,0,0.0,0.0,0.0,0,0.0,0.0,0,0.0,0.0,7020000000.0,7020000000.0,1950.0,0.020446748999802367,2d3c243b36e904ca04bf391b0a4adc73c8cbe273,b871c98ea1c612cdbd5a2223ff017610d908ae78fe08d509113f86983218cebf
8X_N200_POCOL_seed022,primary,POCOL,X-PC (PoCol static disjoint allocation + post-range low power),200,1228799680501299399,22,,234.0,46800.0,3510.0,702000.0,6537884473.800659,0x0000000000000000a82ce9ef0e145597ebb626393c32ceeaaa42ada91bd431f9,3.5612535612535614e-20,10000.0,600.0,28080000000000000000,140400000000000000,13,13,13,4.680000000000001,466949781352422716452,466949781352422716452,0,0.0,4294967296,0.999999999990802,24,1995511.8861214647,4488.113878535385,0.0022440569392676926,765.8562122689781,459.32909764375427,828.7021078743138,2480.276609444248,0,0.0,2000,10,10,0,2000,2000,2000,2.244056939267692,2.332701502144573,5.716037018550196,200,1.0,0.4488113878535384,200,1.8189894035458565e-12,0.0,7004246720.286341,7004246720.286341,1945.624088968428,0.027700077000190504,2d3c243b36e904ca04bf391b0a4adc73c8cbe273,b871c98ea1c612cdbd5a2223ff017610d908ae78fe08d509113f86983218cebf
8X_N200_POW_seed023,primary,POW,"X-PW (traditional competitive PoW, per-miner distinct templates)",200,1913678187707743529,23,,234.0,46800.0,3510.0,702000.0,6537884473.800659,0x0000000000000000a82ce9ef0e145597ebb626393c32ceeaaa42ada91bd431f9,3.5612535612535614e-20,10000.0,600.0,28080000000000000000,140400000000000000,22,22,22,7.92,468000000000000000134,468000000000000000134,0,0.0,4294967296,0.9999999999908227,6200,2000000.0,0.0,0.0,424.3320683284644,353.16176169691374,326.5696197743459,1036.574449001337,0,0.0,1600,0,0,0,0,0,0,0.0,0.0,0.0,0,0.0,0.0,0,0.0,0.0,7020000000.0,7020000000.0,1950.0,0.02894117300002108,2d3c243b36e904ca04bf391b0a4adc73c8cbe273,b871c98ea1c612cdbd5a2223ff017610d908ae78fe08d509113f86983218cebf
8X_N200_POCOL_seed023,primary,POCOL,X-PC (PoCol static disjoint allocation + post-range low power),200,1913678187707743529,23,,234.0,46800.0,3510.0,702000.0,6537884473.800659,0x0000000000000000a82ce9ef0e145597ebb626393c32ceeaaa42ada91bd431f9,3.5612535612535614e-20,10000.0,600.0,28080000000000000000,140400000000000000,22,22,22,7.92,467141221050811187279,467141221050811187279,0,0.0,4294967296,0.9999999999908058,31,1996330.0044906456,3669.9955093539,0.0018349977546769502,424.843731961454,353.16176169691374,327.3431545178452,1038.05223471824,0,0.0,1600,8,8,0,1600,1600,1600,2.2937471933461877,2.1759485461802797,6.027339128985659,200,1.0,0.36699955093539,200,1.8189894035458565e-12,2.80583245694225e-16,7007118315.762166,7007118315.762166,1946.4217543783795,0.03612385699989318,2d3c243b36e904ca04bf391b0a4adc73c8cbe273,b871c98ea1c612cdbd5a2223ff017610d908ae78fe08d509113f86983218cebf
8X_N200_POW_seed024,primary,POW,"X-PW (traditional competitive PoW, per-miner distinct templates)",200,4932121285862289456,24,,234.0,46800.0,3510.0,702000.0,6537884473.800659,0x0000000000000000a82ce9ef0e145597ebb626393c32ceeaaa42ada91bd431f9,3.5612535612535614e-20,10000.0,600.0,28080000000000000000,140400000000000000,18,18,18,6.48,468000000000000000363,468000000000000000363,0,0.0,4294967296,0.9999999999908227,5400,2000000.0,0.0,0.0,483.67533665546193,397.52354391374877,368.5839462606654,1012.0078426729672,0,0.0,1600,0,0,0,0,0,0,0.0,0.0,0.0,0,0.0,0.0,0,0.0,0.0,7020000000.0,7020000000.0,1950.0,0.02477489400007471,2d3c243b36e904ca04bf391b0a4adc73c8cbe273,b871c98ea1c612cdbd5a2223ff017610d908ae78fe08d509113f86983218cebf
8X_N200_POCOL_seed024,primary,POCOL,X-PC (PoCol static disjoint allocation + post-range low power),200,4932121285862289456,24,,234.0,46800.0,3510.0,702000.0,6537884473.800659,0x0000000000000000a82ce9ef0e145597ebb626393c32ceeaaa42ada91bd431f9,3.5612535612535614e-20,10000.0,600.0,28080000000000000000,140400000000000000,18,18,18,6.48,467109617166046247085,467109617166046247085,0,0.0,4294967296,0.9999999999908052,27,1996194.9451540445,3805.054845956209,0.0019025274229781046,484.40459606366613,397.52354391374877,369.72713511886417,1015.3610542857023,0,0.0,1600,8,8,0,1600,1600,1600,2.378159278722631,2.408756209570015,5.584625688483925,200,1.0,0.38050548459562095,200,1.8189894035458565e-12,2.8060222950495794e-16,7006644257.490696,7006644257.490696,1946.2900715251933,0.03203606700026285,2d3c243b36e904ca04bf391b0a4adc73c8cbe273,b871c98ea1c612cdbd5a2223ff017610d908ae78fe08d509113f86983218cebf
8X_N200_POW_seed025,primary,POW,"X-PW (traditional competitive PoW, per-miner distinct templates)",200,1808207741461098536,25,,234.0,46800.0,3510.0,702000.0,6537884473.800659,0x0000000000000000a82ce9ef0e145597ebb626393c32ceeaaa42ada91bd431f9,3.5612535612535614e-20,10000.0,600.0,28080000000000000000,140400000000000000,12,12,12,4.32,468000000000000003419,468000000000000003419,0,0.0,4294967296,0.9999999999908227,4800,2000000.0,0.0,0.0,753.1495586305169,600.994556810127,684.4768879942753,1899.9145427654817,0,0.0,2200,0,0,0,0,0,0,0.0,0.0,0.0,0,0.0,0.0,0,0.0,0.0,7020000000.0,7020000000.0,1950.0,0.023413095000250905,2d3c243b36e904ca04bf391b0a4adc73c8cbe273,b871c98ea1c612cdbd5a2223ff017610d908ae78fe08d509113f86983218cebf
8X_N200_POCOL_seed025,primary,POCOL,X-PC (PoCol static disjoint allocation + post-range low power),200,1808207741461098536,25,,234.0,46800.0,3510.0,702000.0,6537884473.800659,0x0000000000000000a82ce9ef0e145597ebb626393c32ceeaaa42ada91bd431f9,3.5612535612535614e-20,10000.0,600.0,28080000000000000000,140400000000000000,12,12,12,4.32,466786944315060205401,466786944315060205401,0,0.0,4294967296,0.9999999999907989,24,1994816.0013464105,5183.998653588859,0.00259199932679443,755.0862938925376,601.9634254011476,686.7933833276968,1905.2895222798034,0,0.0,2200,11,11,0,2200,2200,2200,2.356363024358572,2.3442040347622424,5.628700827231114,200,1.0,0.5183998653588858,200,1.8189894035458565e-12,2.807961996287804e-16,7001804164.725901,7001804164.725901,1944.9456013127501,0.028272758000184695,2d3c243b36e904ca04bf391b0a4adc73c8cbe273,b871c98ea1c612cdbd5a2223ff017610d908ae78fe08d509113f86983218cebf
8X_N200_POW_seed026,primary,POW,"X-PW (traditional competitive PoW, per-miner distinct templates)",200,5227458720195675600,26,,234.0,46800.0,3510.0,702000.0,6537884473.800659,0x0000000000000000a82ce9ef0e145597ebb626393c32ceeaaa42ada91bd431f9,3.5612535612535614e-20,10000.0,600.0,28080000000000000000,140400000000000000,17,17,17,6.12,467999999999999998526,467999999999999998526,0,0.0,4294967296,0.9999999999908227,5400,2000000.0,0.0,0.0,586.423797854017,343.3806288956912,467.714709366325,1415.3014942132534,0,0.0,1800,0,0,0,0,0,0,0.0,0.0,0.0,0,0.0,0.0,0,0.0,0.0,7020000000.0,7020000000.0,1950.0,0.02429302300015479,2d3c243b36e904ca04bf391b0a4adc73c8cbe273,b871c98ea1c612cdbd5a2223ff017610d908ae78fe08d509113f86983218cebf
8X_N200_POCOL_seed026,primary,POCOL,X-PC (PoCol static disjoint allocation + post-range low power),200,5227458720195675600,26,,234.0,46800.0,3510.0,702000.0,6537884473.800659,0x0000000000000000a82ce9ef0e145597ebb626393c32ceeaaa42ada91bd431f9,3.5612535612535614e-20,10000.0,600.0,28080000000000000000,140400000000000000,17,17,17,6.12,467005651821458615411,467005651821458615411,0,0.0,4294967296,0.9999999999908031,27,1995750.6488096518,4249.351190347808,0.002124675595173904,587.7538016067206,343.3806288956912,469.5585995286972,1419.9418601908992,0,0.0,1800,9,9,0,1800,1800,1800,2.3607506613043374,2.3550427577079063,5.4336014630112,200,1.0,0.42493511903478076,200,1.8189894035458565e-12,1.403323487507923e-16,7005084777.321878,7005084777.321878,1945.8568825894106,0.03137046000028931,2d3c243b36e904ca04bf391b0a4adc73c8cbe273,b871c98ea1c612cdbd5a2223ff017610d908ae78fe08d509113f86983218cebf
8X_N200_POW_seed027,primary,POW,"X-PW (traditional competitive PoW, per-miner distinct templates)",200,5875244136080589253,27,,234.0,46800.0,3510.0,702000.0,6537884473.800659,0x0000000000000000a82ce9ef0e145597ebb626393c32ceeaaa42ada91bd431f9,3.5612535612535614e-20,10000.0,600.0,28080000000000000000,140400000000000000,18,18,18,6.48,468000000000000000120,468000000000000000120,0,0.0,4294967296,0.9999999999908227,5400,2000000.0,0.0,0.0,533.7029271862114,341.67252680002787,715.6270265499946,1938.8966949603098,0,0.0,1600,0,0,0,0,0,0,0.0,0.0,0.0,0,0.0,0.0,0,0.0,0.0,7020000000.0,7020000000.0,1950.0,0.024628826000025583,2d3c243b36e904ca04bf391b0a4adc73c8cbe273,b871c98ea1c612cdbd5a2223ff017610d908ae78fe08d509113f86983218cebf
8X_N200_POCOL_seed027,primary,POCOL,X-PC (PoCol static disjoint allocation + post-range low power),200,5875244136080589253,27,,234.0,46800.0,3510.0,702000.0,6537884473.800659,0x0000000000000000a82ce9ef0e145597ebb626393c32ceeaaa42ada91bd431f9,3.5612535612535614e-20,10000.0,600.0,28080000000000000000,140400000000000000,18,18,18,6.48,467064872886714523644,467064872886714523644,0,0.0,4294967296,0.9999999999908044,27,1996003.730285105,3996.2697148951947,0.0019981348574475972,534.7607629598642,341.6725268000283,717.947409655784,1943.6013390505739,0,0.0,1600,8,8,0,1600,1600,1600,2.497668571809498,2.4722515261887565,5.189914363089883,200,1.0,0.39962697148951964,200,1.8189894035458565e-12,1.403145554384168e-16,7005973093.300718,7005973093.300718,1946.1036370279774,0.03260829000009835,2d3c243b36e904ca04bf391b0a4adc73c8cbe273,b871c98ea1c612cdbd5a2223ff017610d908ae78fe08d509113f86983218cebf
8X_N200_POW_seed028,primary,POW,"X-PW (traditional competitive PoW, per-miner distinct templates)",200,4508414229999547955,28,,234.0,46800.0,3510.0,702000.0,6537884473.800659,0x0000000000000000a82ce9ef0e145597ebb626393c32ceeaaa42ada91bd431f9,3.5612535612535614e-20,10000.0,600.0,28080000000000000000,140400000000000000,10,10,10,3.6,467999999999999999647,467999999999999999647,0,0.0,4294967296,0.9999999999908227,4600,2000000.0,0.0,0.0,939.3767153774404,645.7825412116244,882.2115711277573,2369.5917263668816,0,0.0,2400,0,0,0,0,0,0,0.0,0.0,0.0,0,0.0,0.0,0,0.0,0.0,7020000000.0,7020000000.0,1950.0,0.019948348000070837,2d3c243b36e904ca04bf391b0a4adc73c8cbe273,b871c98ea1c612cdbd5a2223ff017610d908ae78fe08d509113f86983218cebf
8X_N200_POCOL_seed028,primary,POCOL,X-PC (PoCol static disjoint allocation + post-range low power),200,4508414229999547955,28,,234.0,46800.0,3510.0,702000.0,6537884473.800659,0x0000000000000000a82ce9ef0e145597ebb626393c32ceeaaa42ada91bd431f9,3.5612535612535614e-20,10000.0,600.0,28080000000000000000,140400000000000000,10,10,10,3.6,466885646646768558471,466885646646768558471,0,0.0,4294967296,0.9999999999908008,22,1995237.8061827712,4762.193817228386,0.002381096908614193,941.5690547752462,646.835312540836,885.3236406705045,2376.1276261185567,0,0.0,2200,11,11,0,2200,2200,2200,2.1646335532856313,2.2099122107683797,6.184876240764652,200,1.0,0.4762193817228389,200,1.8189894035458565e-12,2.8073683768472138e-16,7003284699.701527,7003284699.701527,1945.3568610282018,0.028110160999858635,2d3c243b36e904ca04bf391b0a4adc73c8cbe273,b871c98ea1c612cdbd5a2223ff017610d908ae78fe08d509113f86983218cebf
8X_N200_POW_seed029,primary,POW,"X-PW (traditional competitive PoW, per-miner distinct templates)",200,5719031026733889488,29,,234.0,46800.0,3510.0,702000.0,6537884473.800659,0x0000000000000000a82ce9ef0e145597ebb626393c32ceeaaa42ada91bd431f9,3.5612535612535614e-20,10000.0,600.0,28080000000000000000,140400000000000000,26,26,26,9.360000000000001,467999999999999999672,467999999999999999672,0,0.0,4294967296,0.9999999999908227,6800,2000000.0,0.0,0.0,379.9506634303326,276.49481860293554,340.76779880283357,1132.2199003195933,0,0.0,1400,0,0,0,0,0,0,0.0,0.0,0.0,0,0.0,0.0,0,0.0,0.0,7020000000.0,7020000000.0,1950.0,0.04744723000021622,2d3c243b36e904ca04bf391b0a4adc73c8cbe273,b871c98ea1c612cdbd5a2223ff017610d908ae78fe08d509113f86983218cebf
8X_N200_POCOL_seed029,primary,POCOL,X-PC (PoCol static disjoint allocation + post-range low power),200,5719031026733889488,29,,234.0,46800.0,3510.0,702000.0,6537884473.800659,0x0000000000000000a82ce9ef0e145597ebb626393c32ceeaaa42ada91bd431f9,3.5612535612535614e-20,10000.0,600.0,28080000000000000000,140400000000000000,26,26,26,9.360000000000001,467224709758871333921,467224709758871333921,0,0.0,4294967296,0.9999999999908075,34,1996686.7938413303,3313.2061586695254,0.0016566030793347627,380.57079970818575,276.49481860293554,341.9923484003263,1136.0399921888502,0,0.0,1400,7,7,0,1400,1400,1400,2.366575827621089,2.401757550693503,5.062045258759099,200,1.0,0.3313206158669525,200,1.8189894035458565e-12,1.4026655403953763e-16,7008370646.383069,7008370646.383069,1946.769623995297,0.05063265099988712,2d3c243b36e904ca04bf391b0a4adc73c8cbe273,b871c98ea1c612cdbd5a2223ff017610d908ae78fe08d509113f86983218cebf
8X_N200_POW_seed030,primary,POW,"X-PW (traditional competitive PoW, per-miner distinct templates)",200,1452385983224652643,30,,234.0,46800.0,3510.0,702000.0,6537884473.800659,0x0000000000000000a82ce9ef0e145597ebb626393c32ceeaaa42ada91bd431f9,3.5612535612535614e-20,10000.0,600.0,28080000000000000000,140400000000000000,22,22,22,7.92,468000000000000000878,468000000000000000878,0,0.0,4294967296,0.9999999999908227,6200,2000000.0,0.0,0.0,453.63430416834854,437.1419975169962,365.2293833340406,1071.6133125997706,0,0.0,1600,0,0,0,0,0,0,0.0,0.0,0.0,0,0.0,0.0,0,0.0,0.0,7020000000.0,7020000000.0,1950.0,0.03428185300026598,2d3c243b36e904ca04bf391b0a4adc73c8cbe273,b871c98ea1c612cdbd5a2223ff017610d908ae78fe08d509113f86983218cebf
8X_N200_POCOL_seed030,primary,POCOL,X-PC (PoCol static disjoint allocation + post-range low power),200,1452385983224652643,30,,234.0,46800.0,3510.0,702000.0,6537884473.800659,0x0000000000000000a82ce9ef0e145597ebb626393c32ceeaaa42ada91bd431f9,3.5612535612535614e-20,10000.0,600.0,28080000000000000000,140400000000000000,21,21,21,7.5600000000000005,467077413111774210706,467077413111774210706,0,0.0,4294967296,0.9999999999908046,30,1996057.3209904884,3942.6790095119245,0.001971339504755962,445.81185804125244,424.76487183283984,372.94819630727665,1076.0211825666402,0,0.0,1600,8,8,0,1600,1600,1600,2.4641743809449532,2.4496726717579804,7.941610736413168,200,1.0,0.3942679009511925,200,1.8189894035458565e-12,2.8062157646795416e-16,7006161196.676614,7006161196.676614,1946.1558879657262,0.03700553499993475,2d3c243b36e904ca04bf391b0a4adc73c8cbe273,b871c98ea1c612cdbd5a2223ff017610d908ae78fe08d509113f86983218cebf
8X_N300_POW_seed001,primary,POW,"X-PW (traditional competitive PoW, per-miner distinct templates)",300,5276648305985929199,1,,234.0,70200.0,3510.0,1053000.0,9806826710.700989,0x0000000000000000701df14a0962e3ba9d24197b7d77349c7181c91b67e2cbfb,2.3741690408357075e-20,10000.0,600.0,42120000000000000000,140400000000000000,18,18,18,6.48,701999999999999999972,701999999999999999972,0,0.0,4294967296,0.9999999999938818,8700,3000000.0,0.0,0.0,546.3385324988012,275.45497091917616,611.0052614687911,1921.2478974606859,0,0.0,3000,0,0,0,0,0,0,0.0,0.0,0.0,0,0.0,0.0,0,0.0,0.0,10530000000.0,10530000000.0,2925.0,0.043757935999565234,2d3c243b36e904ca04bf391b0a4adc73c8cbe273,b871c98ea1c612cdbd5a2223ff017610d908ae78fe08d509113f86983218cebf
8X_N300_POCOL_seed001,primary,POCOL,X-PC (PoCol static disjoint allocation + post-range low power),300,5276648305985929199,1,,234.0,70200.0,3510.0,1053000.0,9806826710.700989,0x0000000000000000701df14a0962e3ba9d24197b7d77349c7181c91b67e2cbfb,2.3741690408357075e-20,10000.0,600.0,42120000000000000000,140400000000000000,18,18,18,6.48,700343542768152224359,700343542768152224359,0,0.0,4294967296,0.9999999999938674,29,2992921.1229408216,7078.877059178527,0.0023596256863928425,547.6037691114348,275.45497091917616,613.4229691540212,1929.3297855204173,0,0.0,3000,10,10,0,3000,3000,3000,2.3596256863928424,2.4482699062282336,5.827418357885108,300,1.0,0.7078877059178528,300,1.8189894035458565e-12,0.0,10505153141.522284,10505153141.522284,2918.098094867301,0.05483581599992249,2d3c243b36e904ca04bf391b0a4adc73c8cbe273,b871c98ea1c612cdbd5a2223ff017610d908ae78fe08d509113f86983218cebf
8X_N300_POW_seed002,primary,POW,"X-PW (traditional competitive PoW, per-miner distinct templates)",300,628757264142989241,2,,234.0,70200.0,3510.0,1053000.0,9806826710.700989,0x0000000000000000701df14a0962e3ba9d24197b7d77349c7181c91b67e2cbfb,2.3741690408357075e-20,10000.0,600.0,42120000000000000000,140400000000000000,16,16,16,5.76,702000000000000000471,702000000000000000471,0,0.0,4294967296,0.9999999999938818,7800,3000000.0,0.0,0.0,563.1862502974633,316.88839989380756,593.1678786786205,1713.5092035253392,0,0.0,2700,0,0,0,0,0,0,0.0,0.0,0.0,0,0.0,0.0,0,0.0,0.0,10530000000.0,10530000000.0,2925.0,0.04079730500006917,2d3c243b36e904ca04bf391b0a4adc73c8cbe273,b871c98ea1c612cdbd5a2223ff017610d908ae78fe08d509113f86983218cebf
8X_N300_POCOL_seed002,primary,POCOL,X-PC (PoCol static disjoint allocation + post-range low power),300,628757264142989241,2,,234.0,70200.0,3510.0,1053000.0,9806826710.700989,0x0000000000000000701df14a0962e3ba9d24197b7d77349c7181c91b67e2cbfb,2.3741690408357075e-20,10000.0,600.0,42120000000000000000,140400000000000000,16,16,16,5.76,700425626694958056159,700425626694958056159,0,0.0,4294967296,0.999999999993868,26,2993271.9089528094,6728.091047187803,0.002242697015729268,564.4484868343338,316.88839989380756,595.4214870111983,1719.3466205162208,0,0.0,2700,9,9,0,2700,2700,2700,2.4918855730325182,2.486519626406107,5.69632494878897,300,1.0,0.67280910471878,300,1.8189894035458565e-12,9.356596546765358e-16,10506384400.42436,10506384400.42436,2918.440111228989,0.0505997540003591,2d3c243b36e904ca04bf391b0a4adc73c8cbe273,b871c98ea1c612cdbd5a2223ff017610d908ae78fe08d509113f86983218cebf
8X_N300_POW_seed003,primary,POW,"X-PW (traditional competitive PoW, per-miner distinct templates)",300,5212820311653467928,3,,234.0,70200.0,3510.0,1053000.0,9806826710.700989,0x0000000000000000701df14a0962e3ba9d24197b7d77349c7181c91b67e2cbfb,2.3741690408357075e-20,10000.0,600.0,42120000000000000000,140400000000000000,11,11,11,3.96,701999999999999999256,701999999999999999256,0,0.0,4294967296,0.9999999999938818,6900,3000000.0,0.0,0.0,798.6448610300432,505.4631487147517,801.8892737797205,2103.4276394289177,0,0.0,3300,0,0,0,0,0,0,0.0,0.0,0.0,0,0.0,0.0,0,0.0,0.0,10530000000.0,10530000000.0,2925.0,0.031193019000056665,2d3c243b36e904ca04bf391b0a4adc73c8cbe273,b871c98ea1c612cdbd5a2223ff017610d908ae78fe08d509113f86983218cebf
8X_N300_POCOL_seed003,primary,POCOL,X-PC (PoCol static disjoint allocation + post-range low power),300,5212820311653467928,3,,234.0,70200.0,3510.0,1053000.0,9806826710.700989,0x0000000000000000701df14a0962e3ba9d24197b7d77349c7181c91b67e2cbfb,2.3741690408357075e-20,10000.0,600.0,42120000000000000000,140400000000000000,11,11,11,3.96,700487797323472912032,700487797323472912032,0,0.0,4294967296,0.9999999999938686,22,2993537.595399459,6462.404600543082,0.002154134866847694,800.4217091218416,505.4631487147517,804.8331965837568,2110.704003290212,0,0.0,3000,10,10,0,3000,3000,3000,2.154134866847693,2.270716916694255,4.883515664990227,300,1.0,0.6462404600543079,300,1.8189894035458565e-12,5.61345967056753e-16,10507316959.8521,10507316959.8521,2918.6991555144723,0.04168114699996295,2d3c243b36e904ca04bf391b0a4adc73c8cbe273,b871c98ea1c612cdbd5a2223ff017610d908ae78fe08d509113f86983218cebf
8X_N300_POW_seed004,primary,POW,"X-PW (traditional competitive PoW, per-miner distinct templates)",300,1493634387465783589,4,,234.0,70200.0,3510.0,1053000.0,9806826710.700989,0x0000000000000000701df14a0962e3ba9d24197b7d77349c7181c91b67e2cbfb,2.3741690408357075e-20,10000.0,600.0,42120000000000000000,140400000000000000,4,4,4,1.44,702000000000000001949,702000000000000001949,0,0.0,4294967296,0.9999999999938818,5692,3000000.0,0.0,0.0,1344.544487648545,534.6338610845419,1897.4758550525323,3639.285964117271,0,0.0,4192,0,0,0,0,0,0,0.0,0.0,0.0,0,0.0,0.0,0,0.0,0.0,10530000000.0,10530000000.0,2925.0,0.021554189999733353,2d3c243b36e904ca04bf391b0a4adc73c8cbe273,b871c98ea1c612cdbd5a2223ff017610d908ae78fe08d509113f86983218cebf
8X_N300_POCOL_seed004,primary,POCOL,X-PC (PoCol static disjoint allocation + post-range low power),300,1493634387465783589,4,,234.0,70200.0,3510.0,1053000.0,9806826710.700989,0x0000000000000000701df14a0962e3ba9d24197b7d77349c7181c91b67e2cbfb,2.3741690408357075e-20,10000.0,600.0,42120000000000000000,140400000000000000,4,4,4,1.44,699556160834788201956,699556160834788201956,0,0.0,4294967296,0.9999999999938605,19,2989556.2428837107,10443.757116289758,0.003481252372096586,1348.831055187417,536.2258195107347,1904.0039672183711,3651.631551952765,0,0.0,4200,14,14,0,4200,4200,4200,2.486608837211847,2.6231225108276703,5.909682650963532,300,1.0,1.0443757116289765,300,1.8189894035458565e-12,0.0,10493342412.521824,10493342412.521824,2914.8173368116177,0.03694433600003322,2d3c243b36e904ca04bf391b0a4adc73c8cbe273,b871c98ea1c612cdbd5a2223ff017610d908ae78fe08d509113f86983218cebf
8X_N300_POW_seed005,primary,POW,"X-PW (traditional competitive PoW, per-miner distinct templates)",300,349906842534328690,5,,234.0,70200.0,3510.0,1053000.0,9806826710.700989,0x0000000000000000701df14a0962e3ba9d24197b7d77349c7181c91b67e2cbfb,2.3741690408357075e-20,10000.0,600.0,42120000000000000000,140400000000000000,12,12,12,4.32,702000000000000003139,702000000000000003139,0,0.0,4294967296,0.9999999999938818,7500,3000000.0,0.0,0.0,734.1900629603923,641.4290887253132,615.2068344278715,1763.1282274551281,0,0.0,3600,0,0,0,0,0,0,0.0,0.0,0.0,0,0.0,0.0,0,0.0,0.0,10530000000.0,10530000000.0,2925.0,0.035284033000152704,2d3c243b36e904ca04bf391b0a4adc73c8cbe273,b871c98ea1c612cdbd5a2223ff017610d908ae78fe08d509113f86983218cebf
8X_N300_POCOL_seed005,primary,POCOL,X-PC (PoCol static disjoint allocation + post-range low power),300,349906842534328690,5,,234.0,70200.0,3510.0,1053000.0,9806826710.700989,0x0000000000000000701df14a0962e3ba9d24197b7d77349c7181c91b67e2cbfb,2.3741690408357075e-20,10000.0,600.0,42120000000000000000,140400000000000000,12,12,12,4.32,699908813624191499001,699908813624191499001,0,0.0,4294967296,0.9999999999938636,25,2991063.3060862874,8936.69391371153,0.0029788979712371765,736.3155360832203,644.0438861876091,617.419969076521,1768.6065914021144,0,0.0,3600,12,12,0,3600,3600,3600,2.482414976030984,2.445791754234506,5.8835231374469,300,1.0,0.8936693913711544,300,1.8189894035458565e-12,3.745402185216023e-16,10498632204.36287,10498632204.36287,2916.28672343413,0.0453394399996796,2d3c243b36e904ca04bf391b0a4adc73c8cbe273,b871c98ea1c612cdbd5a2223ff017610d908ae78fe08d509113f86983218cebf
8X_N300_POW_seed006,primary,POW,"X-PW (traditional competitive PoW, per-miner distinct templates)",300,2558760955731327512,6,,234.0,70200.0,3510.0,1053000.0,9806826710.700989,0x0000000000000000701df14a0962e3ba9d24197b7d77349c7181c91b67e2cbfb,2.3741690408357075e-20,10000.0,600.0,42120000000000000000,140400000000000000,26,26,26,9.360000000000001,701999999999999999945,701999999999999999945,0,0.0,4294967296,0.9999999999938818,9900,3000000.0,0.0,0.0,330.58542571665134,225.7058147975889,351.69367356641584,720.3105454617803,0,0.0,1800,0,0,0,0,0,0,0.0,0.0,0.0,0,0.0,0.0,0,0.0,0.0,10530000000.0,10530000000.0,2925.0,0.05155342899979587,2d3c243b36e904ca04bf391b0a4adc73c8cbe273,b871c98ea1c612cdbd5a2223ff017610d908ae78fe08d509113f86983218cebf
8X_N300_POCOL_seed006,primary,POCOL,X-PC (PoCol static disjoint allocation + post-range low power),300,2558760955731327512,6,,234.0,70200.0,3510.0,1053000.0,9806826710.700989,0x0000000000000000701df14a0962e3ba9d24197b7d77349c7181c91b67e2cbfb,2.3741690408357075e-20,10000.0,600.0,42120000000000000000,140400000000000000,26,26,26,9.360000000000001,700949592634315863487,700949592634315863487,0,0.0,4294967296,0.9999999999938727,33,2995511.079633828,4488.920366171519,0.0014963067887238397,330.9866783550794,225.7058147975889,352.88888155820695,721.4864313929714,0,0.0,1800,6,6,0,1800,1800,1800,2.4938446478730687,2.7242172857181686,6.415226419288501,300,1.0,0.4488920366171524,300,1.8189894035458565e-12,3.7398409636676987e-16,10514243889.514736,10514243889.514736,2920.6233026429823,0.06492417900017244,2d3c243b36e904ca04bf391b0a4adc73c8cbe273,b871c98ea1c612cdbd5a2223ff017610d908ae78fe08d509113f86983218cebf
8X_N300_POW_seed007,primary,POW,"X-PW (traditional competitive PoW, per-miner distinct templates)",300,7890926658382884983,7,,234.0,70200.0,3510.0,1053000.0,9806826710.700989,0x0000000000000000701df14a0962e3ba9d24197b7d77349c7181c91b67e2cbfb,2.3741690408357075e-20,10000.0,600.0,42120000000000000000,140400000000000000,10,10,10,3.6,702000000000000004438,702000000000000004438,0,0.0,4294967296,0.9999999999938818,7200,3000000.0,0.0,0.0,933.3352794741888,657.8564401146596,694.6503738750246,1920.4411455267154,0,0.0,3900,0,0,0,0,0,0,0.0,0.0,0.0,0,0.0,0.0,0,0.0,0.0,10530000000.0,10530000000.0,2925.0,0.03473379099978047,2d3c243b36e904ca04bf391b0a4adc73c8cbe273,b871c98ea1c612cdbd5a2223ff017610d908ae78fe08d509113f86983218cebf
8X_N300_POCOL_seed007,primary,POCOL,X-PC (PoCol static disjoint allocation + post-range low power),300,7890926658382884983,7,,234.0,70200.0,3510.0,1053000.0,9806826710.700989,0x0000000000000000701df14a0962e3ba9d24197b7d77349c7181c91b67e2cbfb,2.3741690408357075e-20,10000.0,600.0,42120000000000000000,140400000000000000,10,10,10,3.6,699617558811631142350,699617558811631142350,0,0.0,4294967296,0.999999999993861,24,2989818.627400134,10181.372599866909,0.003393790866622303,936.5435633707123,660.6024331390099,696.9977250790272,1925.8350072603482,0,0.0,3900,13,13,0,3900,3900,3900,2.610608358940234,2.6671290891281387,6.092449100377053,300,1.0,1.0181372599866911,300,1.8189894035458565e-12,3.746961417681928e-16,10494263382.17447,10494263382.17447,2915.073161715131,0.0457004700001562,2d3c243b36e904ca04bf391b0a4adc73c8cbe273,b871c98ea1c612cdbd5a2223ff017610d908ae78fe08d509113f86983218cebf
8X_N300_POW_seed008,primary,POW,"X-PW (traditional competitive PoW, per-miner distinct templates)",300,3687042657521687600,8,,234.0,70200.0,3510.0,1053000.0,9806826710.700989,0x0000000000000000701df14a0962e3ba9d24197b7d77349c7181c91b67e2cbfb,2.3741690408357075e-20,10000.0,600.0,42120000000000000000,140400000000000000,12,12,12,4.32,702000000000000000976,702000000000000000976,0,0.0,4294967296,0.9999999999938818,7200,3000000.0,0.0,0.0,695.868589610389,568.0046183355025,521.4511110920732,1563.8600984412215,0,0.0,3300,0,0,0,0,0,0,0.0,0.0,0.0,0,0.0,0.0,0,0.0,0.0,10530000000.0,10530000000.0,2925.0,0.03364878899992618,2d3c243b36e904ca04bf391b0a4adc73c8cbe273,b871c98ea1c612cdbd5a2223ff017610d908ae78fe08d509113f86983218cebf
8X_N300_POCOL_seed008,primary,POCOL,X-PC (PoCol static disjoint allocation + post-range low power),300,3687042657521687600,8,,234.0,70200.0,3510.0,1053000.0,9806826710.700989,0x0000000000000000701df14a0962e3ba9d24197b7d77349c7181c91b67e2cbfb,2.3741690408357075e-20,10000.0,600.0,42120000000000000000,140400000000000000,12,12,12,4.32,700033610035430851086,700033610035430851086,0,0.0,4294967296,0.9999999999938646,24,2991596.624083036,8403.375916962183,0.002801125305654061,697.9229981751588,568.9565865191569,524.0149611421693,1571.5170402462475,0,0.0,3300,11,11,0,3300,3300,3300,2.546477550594599,2.5786766791816262,6.188961477635985,300,1.0,0.8403375916962177,300,1.8189894035458565e-12,5.617101727159906e-16,10500504150.531456,10500504150.531456,2916.80670848096,0.045872945000155596,2d3c243b36e904ca04bf391b0a4adc73c8cbe273,b871c98ea1c612cdbd5a2223ff017610d908ae78fe08d509113f86983218cebf
8X_N300_POW_seed009,primary,POW,"X-PW (traditional competitive PoW, per-miner distinct templates)",300,5165136745342788261,9,,234.0,70200.0,3510.0,1053000.0,9806826710.700989,0x0000000000000000701df14a0962e3ba9d24197b7d77349c7181c91b67e2cbfb,2.3741690408357075e-20,10000.0,600.0,42120000000000000000,140400000000000000,14,14,14,5.04,701999999999999997928,701999999999999997928,0,0.0,4294967296,0.9999999999938818,8095,3000000.0,0.0,0.0,712.1932878597563,277.94165445967053,750.5750594019538,1881.3055178195161,0,0.0,3595,0,0,0,0,0,0,0.0,0.0,0.0,0,0.0,0.0,0,0.0,0.0,10530000000.0,10530000000.0,2925.0,0.040062515000045096,2d3c243b36e904ca04bf391b0a4adc73c8cbe273,b871c98ea1c612cdbd5a2223ff017610d908ae78fe08d509113f86983218cebf
8X_N300_POCOL_seed009,primary,POCOL,X-PC (PoCol static disjoint allocation + post-range low power),300,5165136745342788261,9,,234.0,70200.0,3510.0,1053000.0,9806826710.700989,0x0000000000000000701df14a0962e3ba9d24197b7d77349c7181c91b67e2cbfb,2.3741690408357075e-20,10000.0,600.0,42120000000000000000,140400000000000000,13,13,13,4.680000000000001,699895778733028422802,699895778733028422802,0,0.0,4294967296,0.9999999999938635,26,2991007.6014232007,8992.398576801621,0.0029974661922672068,752.4424363163848,286.9041566797621,770.502429177434,1889.6438071750156,0,0.0,3600,12,12,0,3600,3600,3600,2.4978884935560064,2.4931644460825737,5.722725596790042,300,1.0,0.8992398576801622,300,1.8189894035458565e-12,7.490943879517046e-16,10498436680.995434,10498436680.995434,2916.2324113876207,0.05371264900031747,2d3c243b36e904ca04bf391b0a4adc73c8cbe273,b871c98ea1c612cdbd5a2223ff017610d908ae78fe08d509113f86983218cebf
8X_N300_POW_seed010,primary,POW,"X-PW (traditional competitive PoW, per-miner distinct templates)",300,3156971904625785319,10,,234.0,70200.0,3510.0,1053000.0,9806826710.700989,0x0000000000000000701df14a0962e3ba9d24197b7d77349c7181c91b67e2cbfb,2.3741690408357075e-20,10000.0,600.0,42120000000000000000,140400000000000000,15,15,15,5.4,702000000000000000215,702000000000000000215,0,0.0,4294967296,0.9999999999938818,8049,3000000.0,0.0,0.0,616.4382815292809,496.14306581188,611.74904106645,1552.6154189744266,0,0.0,3300,0,0,0,0,0,0,0.0,0.0,0.0,0,0.0,0.0,0,0.0,0.0,10530000000.0,10530000000.0,2925.0,0.03820962899999358,2d3c243b36e904ca04bf391b0a4adc73c8cbe273,b871c98ea1c612cdbd5a2223ff017610d908ae78fe08d509113f86983218cebf
8X_N300_POCOL_seed010,primary,POCOL,X-PC (PoCol static disjoint allocation + post-range low power),300,3156971904625785319,10,,234.0,70200.0,3510.0,1053000.0,9806826710.700989,0x0000000000000000701df14a0962e3ba9d24197b7d77349c7181c91b67e2cbfb,2.3741690408357075e-20,10000.0,600.0,42120000000000000000,140400000000000000,15,15,15,5.4,699782174637455294181,699782174637455294181,0,0.0,4294967296,0.9999999999938625,27,2990522.1138352817,9477.88616472096,0.00315929538824032,618.3507555744512,496.14306581188,614.4095880489023,1559.2703420356793,0,0.0,3300,11,11,0,3300,3300,3300,2.872086716582109,2.8143517657845223,6.524573529254667,300,1.0,0.947788616472096,300,1.8189894035458565e-12,9.365199968683536e-16,10496732619.561838,10496732619.561838,2915.7590609893996,0.051497137999831466,2d3c243b36e904ca04bf391b0a4adc73c8cbe273,b871c98ea1c612cdbd5a2223ff017610d908ae78fe08d509113f86983218cebf
8X_N300_POW_seed011,primary,POW,"X-PW (traditional competitive PoW, per-miner distinct templates)",300,8079052055583561862,11,,234.0,70200.0,3510.0,1053000.0,9806826710.700989,0x0000000000000000701df14a0962e3ba9d24197b7d77349c7181c91b67e2cbfb,2.3741690408357075e-20,10000.0,600.0,42120000000000000000,140400000000000000,13,13,13,4.680000000000001,701999999999999999825,701999999999999999825,0,0.0,4294967296,0.9999999999938818,7200,3000000.0,0.0,0.0,761.6713574955422,475.3847934571313,727.8362467909174,1901.3595288002653,0,0.0,3000,0,0,0,0,0,0,0.0,0.0,0.0,0,0.0,0.0,0,0.0,0.0,10530000000.0,10530000000.0,2925.0,0.03205560800006424,2d3c243b36e904ca04bf391b0a4adc73c8cbe273,b871c98ea1c612cdbd5a2223ff017610d908ae78fe08d509113f86983218cebf
8X_N300_POCOL_seed011,primary,POCOL,X-PC (PoCol static disjoint allocation + post-range low power),300,8079052055583561862,11,,234.0,70200.0,3510.0,1053000.0,9806826710.700989,0x0000000000000000701df14a0962e3ba9d24197b7d77349c7181c91b67e2cbfb,2.3741690408357075e-20,10000.0,600.0,42120000000000000000,140400000000000000,13,13,13,4.680000000000001,700160174098252600510,700160174098252600510,0,0.0,4294967296,0.9999999999938657,24,2992137.4961463795,7862.503853621359,0.0026208346178737863,763.7248397968835,475.3847934571313,730.6180371741832,1908.4349791678655,0,0.0,3000,10,10,0,3000,3000,3000,2.6208346178737885,2.6221255486980226,6.502259132336462,300,1.0,0.7862503853621364,300,1.8189894035458565e-12,3.744057569935613e-16,10502402611.473791,10502402611.473791,2917.3340587427197,0.04557584600024711,2d3c243b36e904ca04bf391b0a4adc73c8cbe273,b871c98ea1c612cdbd5a2223ff017610d908ae78fe08d509113f86983218cebf
8X_N300_POW_seed012,primary,POW,"X-PW (traditional competitive PoW, per-miner distinct templates)",300,1478038051582526088,12,,234.0,70200.0,3510.0,1053000.0,9806826710.700989,0x0000000000000000701df14a0962e3ba9d24197b7d77349c7181c91b67e2cbfb,2.3741690408357075e-20,10000.0,600.0,42120000000000000000,140400000000000000,13,13,13,4.680000000000001,702000000000000000493,702000000000000000493,0,0.0,4294967296,0.9999999999938818,6900,3000000.0,0.0,0.0,679.6059919954538,741.9215591389247,365.3436217375948,1095.092581188865,0,0.0,2700,0,0,0,0,0,0,0.0,0.0,0.0,0,0.0,0.0,0,0.0,0.0,10530000000.0,10530000000.0,2925.0,0.03683311000031608,2d3c243b36e904ca04bf391b0a4adc73c8cbe273,b871c98ea1c612cdbd5a2223ff017610d908ae78fe08d509113f86983218cebf
8X_N300_POCOL_seed012,primary,POCOL,X-PC (PoCol static disjoint allocation + post-range low power),300,1478038051582526088,12,,234.0,70200.0,3510.0,1053000.0,9806826710.700989,0x0000000000000000701df14a0962e3ba9d24197b7d77349c7181c91b67e2cbfb,2.3741690408357075e-20,10000.0,600.0,42120000000000000000,140400000000000000,13,13,13,4.680000000000001,700525553431788510405,700525553431788510405,0,0.0,4294967296,0.9999999999938689,23,2993698.9462896963,6301.053710305509,0.002100351236768503,681.1936502542414,745.0848649841737,366.4317113009528,1097.2474017275965,0,0.0,2700,9,9,0,2700,2700,2700,2.3337235964094467,2.4521119888918292,5.162865290049012,300,1.0,0.6301053710305506,300,1.8189894035458565e-12,5.61315712287272e-16,10507883301.476833,10507883301.476833,2918.856472632454,0.04326682700002493,2d3c243b36e904ca04bf391b0a4adc73c8cbe273,b871c98ea1c612cdbd5a2223ff017610d908ae78fe08d509113f86983218cebf
8X_N300_POW_seed013,primary,POW,"X-PW (traditional competitive PoW, per-miner distinct templates)",300,431967532912089508,13,,234.0,70200.0,3510.0,1053000.0,9806826710.700989,0x0000000000000000701df14a0962e3ba9d24197b7d77349c7181c91b67e2cbfb,2.3741690408357075e-20,10000.0,600.0,42120000000000000000,140400000000000000,18,18,18,6.48,702000000000000003571,702000000000000003571,0,0.0,4294967296,0.9999999999938818,9000,3000000.0,0.0,0.0,529.3033869617718,370.2948935041896,658.6709508446853,1503.1725842493688,0,0.0,3300,0,0,0,0,0,0,0.0,0.0,0.0,0,0.0,0.0,0,0.0,0.0,10530000000.0,10530000000.0,2925.0,0.042524016999777814,2d3c243b36e904ca04bf391b0a4adc73c8cbe273,b871c98ea1c612cdbd5a2223ff017610d908ae78fe08d509113f86983218cebf
8X_N300_POCOL_seed013,primary,POCOL,X-PC (PoCol static disjoint allocation + post-range low power),300,431967532912089508,13,,234.0,70200.0,3510.0,1053000.0,9806826710.700989,0x0000000000000000701df14a0962e3ba9d24197b7d77349c7181c91b67e2cbfb,2.3741690408357075e-20,10000.0,600.0,42120000000000000000,140400000000000000,18,18,18,6.48,700023203734210122647,700023203734210122647,0,0.0,4294967296,0.9999999999938646,30,2991552.152710301,8447.847289700341,0.0028159490965667805,530.8866415354455,370.2948935041896,661.4161478922749,1509.116017693371,0,0.0,3300,11,11,0,3300,3300,3300,2.559953724151617,2.5073844340345204,5.653766159824954,300,1.0,0.8447847289700335,300,1.8189894035458565e-12,3.744790152692319e-16,10500348056.013157,10500348056.013157,2916.7633488925435,0.05565478100015753,2d3c243b36e904ca04bf391b0a4adc73c8cbe273,b871c98ea1c612cdbd5a2223ff017610d908ae78fe08d509113f86983218cebf
8X_N300_POW_seed014,primary,POW,"X-PW (traditional competitive PoW, per-miner distinct templates)",300,3282352798337906545,14,,234.0,70200.0,3510.0,1053000.0,9806826710.700989,0x0000000000000000701df14a0962e3ba9d24197b7d77349c7181c91b67e2cbfb,2.3741690408357075e-20,10000.0,600.0,42120000000000000000,140400000000000000,23,23,23,8.280000000000001,701999999999999999353,701999999999999999353,0,0.0,4294967296,0.9999999999938818,9900,3000000.0,0.0,0.0,432.54436454205427,265.1710218632411,556.9005895679511,1328.695678529272,0,0.0,2700,0,0,0,0,0,0,0.0,0.0,0.0,0,0.0,0.0,0,0.0,0.0,10530000000.0,10530000000.0,2925.0,0.04989670299983118,2d3c243b36e904ca04bf391b0a4adc73c8cbe273,b871c98ea1c612cdbd5a2223ff017610d908ae78fe08d509113f86983218cebf
8X_N300_POCOL_seed014,primary,POCOL,X-PC (PoCol static disjoint allocation + post-range low power),300,3282352798337906545,14,,234.0,70200.0,3510.0,1053000.0,9806826710.700989,0x0000000000000000701df14a0962e3ba9d24197b7d77349c7181c91b67e2cbfb,2.3741690408357075e-20,10000.0,600.0,42120000000000000000,140400000000000000,23,23,23,8.280000000000001,700330454133603991311,700330454133603991311,0,0.0,4294967296,0.9999999999938672,33,2992865.1886051465,7134.811394854736,0.0023782704649515786,433.61972535508136,265.1710218632411,559.3431550605146,1334.0349442317938,0,0.0,2700,9,9,0,2700,2700,2700,2.6425227388350883,2.6939832056568775,5.564760274518903,300,1.0,0.7134811394854738,300,1.8189894035458565e-12,3.7431472307498706e-16,10504956812.004065,10504956812.004065,2918.0435588900177,0.0704149220000545,2d3c243b36e904ca04bf391b0a4adc73c8cbe273,b871c98ea1c612cdbd5a2223ff017610d908ae78fe08d509113f86983218cebf
8X_N300_POW_seed015,primary,POW,"X-PW (traditional competitive PoW, per-miner distinct templates)",300,3447193969005866655,15,,234.0,70200.0,3510.0,1053000.0,9806826710.700989,0x0000000000000000701df14a0962e3ba9d24197b7d77349c7181c91b67e2cbfb,2.3741690408357075e-20,10000.0,600.0,42120000000000000000,140400000000000000,17,17,17,6.12,702000000000000001068,702000000000000001068,0,0.0,4294967296,0.9999999999938818,7800,3000000.0,0.0,0.0,525.0340214319543,477.7349517038356,466.01417368131274,1534.995778847009,0,0.0,2400,0,0,0,0,0,0,0.0,0.0,0.0,0,0.0,0.0,0,0.0,0.0,10530000000.0,10530000000.0,2925.0,0.03975382199996602,2d3c243b36e904ca04bf391b0a4adc73c8cbe273,b871c98ea1c612cdbd5a2223ff017610d908ae78fe08d509113f86983218cebf
8X_N300_POCOL_seed015,primary,POCOL,X-PC (PoCol static disjoint allocation + post-range low power),300,3447193969005866655,15,,234.0,70200.0,3510.0,1053000.0,9806826710.700989,0x0000000000000000701df14a0962e3ba9d24197b7d77349c7181c91b67e2cbfb,2.3741690408357075e-20,10000.0,600.0,42120000000000000000,140400000000000000,17,17,17,6.12,700414336513207627931,700414336513207627931,0,0.0,4294967296,0.999999999993868,26,2993223.660312855,6776.339687146893,0.002258779895715631,526.2608368099231,477.7349517038356,468.0992285228823,1542.345700239716,0,0.0,2400,8,8,0,2400,2400,2400,2.8234748696445404,2.768670179523383,5.677543377295478,300,1.0,0.6776339687146895,300,1.8189894035458565e-12,7.485397894766153e-16,10506215047.698122,10506215047.698122,2918.393068805034,0.04759591799984264,2d3c243b36e904ca04bf391b0a4adc73c8cbe273,b871c98ea1c612cdbd5a2223ff017610d908ae78fe08d509113f86983218cebf
8X_N300_POW_seed016,primary,POW,"X-PW (traditional competitive PoW, per-miner distinct templates)",300,3787989265829909659,16,,234.0,70200.0,3510.0,1053000.0,9806826710.700989,0x0000000000000000701df14a0962e3ba9d24197b7d77349c7181c91b67e2cbfb,2.3741690408357075e-20,10000.0,600.0,42120000000000000000,140400000000000000,17,17,17,6.12,701999999999999999281,701999999999999999281,0,0.0,4294967296,0.9999999999938818,7500,3000000.0,0.0,0.0,536.6233375296149,470.87055328385486,385.4458916182333,1230.846418668701,0,0.0,2100,0,0,0,0,0,0,0.0,0.0,0.0,0,0.0,0.0,0,0.0,0.0,10530000000.0,10530000000.0,2925.0,0.03718964799963942,2d3c243b36e904ca04bf391b0a4adc73c8cbe273,b871c98ea1c612cdbd5a2223ff017610d908ae78fe08d509113f86983218cebf
8X_N300_POCOL_seed016,primary,POCOL,X-PC (PoCol static disjoint allocation + post-range low power),300,3787989265829909659,16,,234.0,70200.0,3510.0,1053000.0,9806826710.700989,0x0000000000000000701df14a0962e3ba9d24197b7d77349c7181c91b67e2cbfb,2.3741690408357075e-20,10000.0,600.0,42120000000000000000,140400000000000000,17,17,17,6.12,700586339124688272585,700586339124688272585,0,0.0,4294967296,0.9999999999938695,25,2993958.714208069,6041.28579193048,0.0020137619306434935,537.6450642473297,470.87055328385395,386.8964826539119,1234.5540645086155,0,0.0,2100,7,7,0,2100,2100,2100,2.8768027580621327,2.908710751458784,5.948834220398567,300,1.0,0.6041285791930479,300,1.8189894035458565e-12,3.741780068499801e-16,10508795086.870321,10508795086.870321,2919.109746352867,0.048940062999918155,2d3c243b36e904ca04bf391b0a4adc73c8cbe273,b871c98ea1c612cdbd5a2223ff017610d908ae78fe08d509113f86983218cebf
8X_N300_POW_seed017,primary,POW,"X-PW (traditional competitive PoW, per-miner distinct templates)",300,2197885266553486539,17,,234.0,70200.0,3510.0,1053000.0,9806826710.700989,0x0000000000000000701df14a0962e3ba9d24197b7d77349c7181c91b67e2cbfb,2.3741690408357075e-20,10000.0,600.0,42120000000000000000,140400000000000000,20,20,20,7.2,701999999999999997301,701999999999999997301,0,0.0,4294967296,0.9999999999938818,7800,3000000.0,0.0,0.0,488.71465881092,422.604393764243,301.94060608072374,1017.5770059193025,0,0.0,1500,0,0,0,0,0,0,0.0,0.0,0.0,0,0.0,0.0,0,0.0,0.0,10530000000.0,10530000000.0,2925.0,0.04617590999987442,2d3c243b36e904ca04bf391b0a4adc73c8cbe273,b871c98ea1c612cdbd5a2223ff017610d908ae78fe08d509113f86983218cebf
8X_N300_POCOL_seed017,primary,POCOL,X-PC (PoCol static disjoint allocation + post-range low power),300,2197885266553486539,17,,234.0,70200.0,3510.0,1053000.0,9806826710.700989,0x0000000000000000701df14a0962e3ba9d24197b7d77349c7181c91b67e2cbfb,2.3741690408357075e-20,10000.0,600.0,42120000000000000000,140400000000000000,20,20,20,7.2,701061449360043472685,701061449360043472685,0,0.0,4294967296,0.9999999999938736,26,2995989.0998292463,4010.900170754382,0.001336966723584794,489.38916280966123,422.604393764243,302.9677450914339,1020.3431214218517,0,0.0,1500,5,5,0,1500,1500,1500,2.6739334471695897,2.6616871704195546,4.905874480821922,300,1.0,0.40109001707543845,300,1.8189894035458565e-12,3.7392442593911747e-16,10515921740.400654,10515921740.400654,2921.089372333515,0.04881101000000854,2d3c243b36e904ca04bf391b0a4adc73c8cbe273,b871c98ea1c612cdbd5a2223ff017610d908ae78fe08d509113f86983218cebf
8X_N300_POW_seed018,primary,POW,"X-PW (traditional competitive PoW, per-miner distinct templates)",300,2431420697959460063,18,,234.0,70200.0,3510.0,1053000.0,9806826710.700989,0x0000000000000000701df14a0962e3ba9d24197b7d77349c7181c91b67e2cbfb,2.3741690408357075e-20,10000.0,600.0,42120000000000000000,140400000000000000,14,14,14,5.04,702000000000000000299,702000000000000000299,0,0.0,4294967296,0.9999999999938818,7500,3000000.0,0.0,0.0,611.0753740477172,468.33106638772665,557.7387031085532,1629.1693899523011,0,0.0,3000,0,0,0,0,0,0,0.0,0.0,0.0,0,0.0,0.0,0,0.0,0.0,10530000000.0,10530000000.0,2925.0,0.03360170799987827,2d3c243b36e904ca04bf391b0a4adc73c8cbe273,b871c98ea1c612cdbd5a2223ff017610d908ae78fe08d509113f86983218cebf
8X_N300_POCOL_seed018,primary,POCOL,X-PC (PoCol static disjoint allocation + post-range low power),300,2431420697959460063,18,,234.0,70200.0,3510.0,1053000.0,9806826710.700989,0x0000000000000000701df14a0962e3ba9d24197b7d77349c7181c91b67e2cbfb,2.3741690408357075e-20,10000.0,600.0,42120000000000000000,140400000000000000,14,14,14,5.04,700249984658369309931,700249984658369309931,0,0.0,4294967296,0.9999999999938666,25,2992521.3019588445,7478.698041156796,0.002492899347052265,612.4312310779553,468.33106638772665,559.8830030842455,1634.8829089948567,0,0.0,3000,10,10,0,3000,3000,3000,2.492899347052266,2.4543329362486475,5.706832340139954,300,1.0,0.7478698041156797,300,1.8189894035458565e-12,5.615366063761328e-16,10503749769.875544,10503749769.875544,2917.708269409873,0.04650937699989299,2d3c243b36e904ca04bf391b0a4adc73c8cbe273,b871c98ea1c612cdbd5a2223ff017610d908ae78fe08d509113f86983218cebf
8X_N300_POW_seed019,primary,POW,"X-PW (traditional competitive PoW, per-miner distinct templates)",300,3695536046059844503,19,,234.0,70200.0,3510.0,1053000.0,9806826710.700989,0x0000000000000000701df14a0962e3ba9d24197b7d77349c7181c91b67e2cbfb,2.3741690408357075e-20,10000.0,600.0,42120000000000000000,140400000000000000,13,13,13,4.680000000000001,702000000000000000814,702000000000000000814,0,0.0,4294967296,0.9999999999938818,6900,3000000.0,0.0,0.0,731.2109149653763,749.6324645975437,434.2586696559212,1313.9287987132798,0,0.0,2700,0,0,0,0,0,0,0.0,0.0,0.0,0,0.0,0.0,0,0.0,0.0,10530000000.0,10530000000.0,2925.0,0.03393140099979064,2d3c243b36e904ca04bf391b0a4adc73c8cbe273,b871c98ea1c612cdbd5a2223ff017610d908ae78fe08d509113f86983218cebf
8X_N300_POCOL_seed019,primary,POCOL,X-PC (PoCol static disjoint allocation + post-range low power),300,3695536046059844503,19,,234.0,70200.0,3510.0,1053000.0,9806826710.700989,0x0000000000000000701df14a0962e3ba9d24197b7d77349c7181c91b67e2cbfb,2.3741690408357075e-20,10000.0,600.0,42120000000000000000,140400000000000000,13,13,13,4.680000000000001,700563837071373995594,700563837071373995594,0,0.0,4294967296,0.9999999999938692,23,2993862.551587069,6137.448412931638,0.002045816137643879,732.7651449362628,751.5858510948328,435.911928373595,1319.5616121843073,0,0.0,2700,9,9,0,2700,2700,2700,2.273129041826532,2.4600760111738964,5.944608011239325,300,1.0,0.6137448412931636,300,1.8189894035458565e-12,1.8709501270852245e-16,10508457556.070612,10508457556.070612,2919.0159877973924,0.04681438099987645,2d3c243b36e904ca04bf391b0a4adc73c8cbe273,b871c98ea1c612cdbd5a2223ff017610d908ae78fe08d509113f86983218cebf
8X_N300_POW_seed020,primary,POW,"X-PW (traditional competitive PoW, per-miner distinct templates)",300,8644301345824299180,20,,234.0,70200.0,3510.0,1053000.0,9806826710.700989,0x0000000000000000701df14a0962e3ba9d24197b7d77349c7181c91b67e2cbfb,2.3741690408357075e-20,10000.0,600.0,42120000000000000000,140400000000000000,18,18,18,6.48,702000000000000001502,702000000000000001502,0,0.0,4294967296,0.9999999999938818,8632,3000000.0,0.0,0.0,540.5083436019936,218.03047460746325,732.9765141823169,1695.187522852668,0,0.0,2938,0,0,0,0,0,0,0.0,0.0,0.0,0,0.0,0.0,0,0.0,0.0,10530000000.0,10530000000.0,2925.0,0.042490026999985275,2d3c243b36e904ca04bf391b0a4adc73c8cbe273,b871c98ea1c612cdbd5a2223ff017610d908ae78fe08d509113f86983218cebf
8X_N300_POCOL_seed020,primary,POCOL,X-PC (PoCol static disjoint allocation + post-range low power),300,8644301345824299180,20,,234.0,70200.0,3510.0,1053000.0,9806826710.700989,0x0000000000000000701df14a0962e3ba9d24197b7d77349c7181c91b67e2cbfb,2.3741690408357075e-20,10000.0,600.0,42120000000000000000,140400000000000000,18,18,18,6.48,700082824524902267578,700082824524902267578,0,0.0,4294967296,0.999999999993865,29,2991806.9424141143,8193.057585887758,0.0027310191952959195,540.5756386610105,218.03047460746325,736.4733236114246,1700.9993890686821,0,0.0,3000,10,10,0,3000,3000,3000,2.7310191952959184,2.5774406464524873,6.680584641906535,300,1.0,0.8193057585887756,300,1.8189894035458565e-12,5.616706855604524e-16,10501242367.87354,10501242367.87354,2917.011768853761,0.056074877999890305,2d3c243b36e904ca04bf391b0a4adc73c8cbe273,b871c98ea1c612cdbd5a2223ff017610d908ae78fe08d509113f86983218cebf
8X_N300_POW_seed021,primary,POW,"X-PW (traditional competitive PoW, per-miner distinct templates)",300,6968863412458885356,21,,234.0,70200.0,3510.0,1053000.0,9806826710.700989,0x0000000000000000701df14a0962e3ba9d24197b7d77349c7181c91b67e2cbfb,2.3741690408357075e-20,10000.0,600.0,42120000000000000000,140400000000000000,15,15,15,5.4,701999999999999999844,701999999999999999844,0,0.0,4294967296,0.9999999999938818,7500,3000000.0,0.0,0.0,559.2533649248649,521.9054858165559,416.3747230148005,1158.3772252926397,0,0.0,2700,0,0,0,0,0,0,0.0,0.0,0.0,0,0.0,0.0,0,0.0,0.0,10530000000.0,10530000000.0,2925.0,0.036169671999687125,2d3c243b36e904ca04bf391b0a4adc73c8cbe273,b871c98ea1c612cdbd5a2223ff017610d908ae78fe08d509113f86983218cebf
8X_N300_POCOL_seed021,primary,POCOL,X-PC (PoCol static disjoint allocation + post-range low power),300,6968863412458885356,21,,234.0,70200.0,3510.0,1053000.0,9806826710.700989,0x0000000000000000701df14a0962e3ba9d24197b7d77349c7181c91b67e2cbfb,2.3741690408357075e-20,10000.0,600.0,42120000000000000000,140400000000000000,15,15,15,5.4,700364309276239688010,700364309276239688010,0,0.0,4294967296,0.9999999999938676,25,2993009.8687018794,6990.131298120993,0.002330043766040331,560.369665924101,521.9054858165557,417.4581179549446,1161.5814956231407,0,0.0,2700,9,9,0,2700,2700,2700,2.5889375178225897,2.809912701144185,6.888242915101728,300,1.0,0.6990131298120992,300,1.8189894035458565e-12,0.0,10505464639.143597,10505464639.143597,2918.1846219843324,0.04683716399995319,2d3c243b36e904ca04bf391b0a4adc73c8cbe273,b871c98ea1c612cdbd5a2223ff017610d908ae78fe08d509113f86983218cebf
8X_N300_POW_seed022,primary,POW,"X-PW (traditional competitive PoW, per-miner distinct templates)",300,1228799680501299399,22,,234.0,70200.0,3510.0,1053000.0,9806826710.700989,0x0000000000000000701df14a0962e3ba9d24197b7d77349c7181c91b67e2cbfb,2.3741690408357075e-20,10000.0,600.0,42120000000000000000,140400000000000000,17,17,17,6.12,702000000000000000790,702000000000000000790,0,0.0,4294967296,0.9999999999938818,8100,3000000.0,0.0,0.0,569.325995178985,243.583593181992,839.8977705914353,2032.4670407128392,0,0.0,2700,0,0,0,0,0,0,0.0,0.0,0.0,0,0.0,0.0,0,0.0,0.0,10530000000.0,10530000000.0,2925.0,0.04257921799990072,2d3c243b36e904ca04bf391b0a4adc73c8cbe273,b871c98ea1c612cdbd5a2223ff017610d908ae78fe08d509113f86983218cebf
8X_N300_POCOL_seed022,primary,POCOL,X-PC (PoCol static disjoint allocation + post-range low power),300,1228799680501299399,22,,234.0,70200.0,3510.0,1053000.0,9806826710.700989,0x0000000000000000701df14a0962e3ba9d24197b7d77349c7181c91b67e2cbfb,2.3741690408357075e-20,10000.0,600.0,42120000000000000000,140400000000000000,17,17,17,6.12,700613964459824013734,700613964459824013734,0,0.0,4294967296,0.9999999999938697,27,2994076.771195832,5923.228804170883,0.0019744096013902947,570.4904882877033,243.583593181992,842.8891250461652,2039.4511614545042,0,0.0,2700,9,9,0,2700,2700,2700,2.193788445989214,2.3218320433145436,5.716037018550196,300,1.0,0.5923228804170878,300,1.8189894035458565e-12,1.122489758830801e-15,10509209466.897371,10509209466.897371,2919.2248519159366,0.05014779399971303,2d3c243b36e904ca04bf391b0a4adc73c8cbe273,b871c98ea1c612cdbd5a2223ff017610d908ae78fe08d509113f86983218cebf
8X_N300_POW_seed023,primary,POW,"X-PW (traditional competitive PoW, per-miner distinct templates)",300,1913678187707743529,23,,234.0,70200.0,3510.0,1053000.0,9806826710.700989,0x0000000000000000701df14a0962e3ba9d24197b7d77349c7181c91b67e2cbfb,2.3741690408357075e-20,10000.0,600.0,42120000000000000000,140400000000000000,19,19,19,6.84,702000000000000000169,702000000000000000169,0,0.0,4294967296,0.9999999999938818,9000,3000000.0,0.0,0.0,504.5618517072946,303.02803857977506,527.9918888780826,1442.7483536238694,0,0.0,3000,0,0,0,0,0,0,0.0,0.0,0.0,0,0.0,0.0,0,0.0,0.0,10530000000.0,10530000000.0,2925.0,0.04342137899993759,2d3c243b36e904ca04bf391b0a4adc73c8cbe273,b871c98ea1c612cdbd5a2223ff017610d908ae78fe08d509113f86983218cebf
8X_N300_POCOL_seed023,primary,POCOL,X-PC (PoCol static disjoint allocation + post-range low power),300,1913678187707743529,23,,234.0,70200.0,3510.0,1053000.0,9806826710.700989,0x0000000000000000701df14a0962e3ba9d24197b7d77349c7181c91b67e2cbfb,2.3741690408357075e-20,10000.0,600.0,42120000000000000000,140400000000000000,19,19,19,6.84,700087629976767314097,700087629976767314097,0,0.0,4294967296,0.9999999999938651,30,2991827.4785331935,8172.521466806341,0.0027241738222687803,506.01503556047254,303.02803857977506,530.2350720782421,1448.129500456202,0,0.0,3000,10,10,0,3000,3000,3000,2.7241738222687792,2.643997816887918,6.332247619237023,300,1.0,0.8172521466806338,300,1.8189894035458565e-12,0.0,10501314449.651508,10501314449.651508,2917.0317915698633,0.05623862999982521,2d3c243b36e904ca04bf391b0a4adc73c8cbe273,b871c98ea1c612cdbd5a2223ff017610d908ae78fe08d509113f86983218cebf
8X_N300_POW_seed024,primary,POW,"X-PW (traditional competitive PoW, per-miner distinct templates)",300,4932121285862289456,24,,234.0,70200.0,3510.0,1053000.0,9806826710.700989,0x0000000000000000701df14a0962e3ba9d24197b7d77349c7181c91b67e2cbfb,2.3741690408357075e-20,10000.0,600.0,42120000000000000000,140400000000000000,12,12,12,4.32,702000000000000004003,702000000000000004003,0,0.0,4294967296,0.9999999999938818,6900,3000000.0,0.0,0.0,823.7566963232239,681.7416744821414,615.9607733690232,1734.0086361353383,0,0.0,3000,0,0,0,0,0,0,0.0,0.0,0.0,0,0.0,0.0,0,0.0,0.0,10530000000.0,10530000000.0,2925.0,0.030629497000063566,2d3c243b36e904ca04bf391b0a4adc73c8cbe273,b871c98ea1c612cdbd5a2223ff017610d908ae78fe08d509113f86983218cebf
8X_N300_POCOL_seed024,primary,POCOL,X-PC (PoCol static disjoint allocation + post-range low power),300,4932121285862289456,24,,234.0,70200.0,3510.0,1053000.0,9806826710.700989,0x0000000000000000701df14a0962e3ba9d24197b7d77349c7181c91b67e2cbfb,2.3741690408357075e-20,10000.0,600.0,42120000000000000000,140400000000000000,12,12,12,4.32,700177534775422768695,700177534775422768695,0,0.0,4294967296,0.9999999999938659,23,2992211.6870744564,7788.312925543743,0.002596104308514581,825.9197823226336,683.0790775815958,618.5269507902575,1740.346143176152,0,0.0,3000,10,10,0,3000,3000,3000,2.596104308514581,2.556069823998655,7.073919736073549,300,1.0,0.7788312925543742,300,1.8189894035458565e-12,0.0,10502663021.631342,10502663021.631342,2917.406394897595,0.04359405999957744,2d3c243b36e904ca04bf391b0a4adc73c8cbe273,b871c98ea1c612cdbd5a2223ff017610d908ae78fe08d509113f86983218cebf
8X_N300_POW_seed025,primary,POW,"X-PW (traditional competitive PoW, per-miner distinct templates)",300,1808207741461098536,25,,234.0,70200.0,3510.0,1053000.0,9806826710.700989,0x0000000000000000701df14a0962e3ba9d24197b7d77349c7181c91b67e2cbfb,2.3741690408357075e-20,10000.0,600.0,42120000000000000000,140400000000000000,13,13,13,4.680000000000001,701999999999999999477,701999999999999999477,0,0.0,4294967296,0.9999999999938818,7500,3000000.0,0.0,0.0,647.669862158212,612.6390371079956,510.0113238514344,1579.294675396638,0,0.0,3300,0,0,0,0,0,0,0.0,0.0,0.0,0,0.0,0.0,0,0.0,0.0,10530000000.0,10530000000.0,2925.0,0.033635603000220726,2d3c243b36e904ca04bf391b0a4adc73c8cbe273,b871c98ea1c612cdbd5a2223ff017610d908ae78fe08d509113f86983218cebf
8X_N300_POCOL_seed025,primary,POCOL,X-PC (PoCol static disjoint allocation + post-range low power),300,1808207741461098536,25,,234.0,70200.0,3510.0,1053000.0,9806826710.700989,0x0000000000000000701df14a0962e3ba9d24197b7d77349c7181c91b67e2cbfb,2.3741690408357075e-20,10000.0,600.0,42120000000000000000,140400000000000000,13,13,13,4.680000000000001,700342423303571826234,700342423303571826234,0,0.0,4294967296,0.9999999999938674,25,2992916.3389041517,7083.661095846892,0.0023612203652822973,649.2797650889898,615.8072702663887,511.6179826680692,1583.134689991578,0,0.0,3300,11,11,0,3300,3300,3300,2.1465639684384517,2.172069119473008,6.07757262640007,300,1.0,0.708366109584689,300,1.8189894035458565e-12,3.7430832586643213e-16,10505136349.553572,10505136349.553572,2918.093430431548,0.04776198399986242,2d3c243b36e904ca04bf391b0a4adc73c8cbe273,b871c98ea1c612cdbd5a2223ff017610d908ae78fe08d509113f86983218cebf
8X_N300_POW_seed026,primary,POW,"X-PW (traditional competitive PoW, per-miner distinct templates)",300,5227458720195675600,26,,234.0,70200.0,3510.0,1053000.0,9806826710.700989,0x0000000000000000701df14a0962e3ba9d24197b7d77349c7181c91b67e2cbfb,2.3741690408357075e-20,10000.0,600.0,42120000000000000000,140400000000000000,17,17,17,6.12,701999999999999997541,701999999999999997541,0,0.0,4294967296,0.9999999999938818,8100,3000000.0,0.0,0.0,464.3089256477103,409.0642870189629,303.49629183540867,899.9419405327496,0,0.0,2700,0,0,0,0,0,0,0.0,0.0,0.0,0,0.0,0.0,0,0.0,0.0,10530000000.0,10530000000.0,2925.0,0.038183991000096285,2d3c243b36e904ca04bf391b0a4adc73c8cbe273,b871c98ea1c612cdbd5a2223ff017610d908ae78fe08d509113f86983218cebf
8X_N300_POCOL_seed026,primary,POCOL,X-PC (PoCol static disjoint allocation + post-range low power),300,5227458720195675600,26,,234.0,70200.0,3510.0,1053000.0,9806826710.700989,0x0000000000000000701df14a0962e3ba9d24197b7d77349c7181c91b67e2cbfb,2.3741690408357075e-20,10000.0,600.0,42120000000000000000,140400000000000000,17,17,17,6.12,700328807253193977045,700328807253193977045,0,0.0,4294967296,0.9999999999938672,27,2992858.1506546782,7141.849345324892,0.0023806164484416305,465.27498895015447,409.0642870189631,304.9762202255551,903.4128340625969,0,0.0,2700,9,9,0,2700,2700,2700,2.6451293871573687,2.651580047770949,5.2707153098986055,300,1.0,0.7141849345324895,300,1.8189894035458565e-12,1.1229468099199235e-15,10504932108.79792,10504932108.79792,2918.0366968883113,0.05172739999989062,2d3c243b36e904ca04bf391b0a4adc73c8cbe273,b871c98ea1c612cdbd5a2223ff017610d908ae78fe08d509113f86983218cebf
8X_N300_POW_seed027,primary,POW,"X-PW (traditional competitive PoW, per-miner distinct templates)",300,5875244136080589253,27,,234.0,70200.0,3510.0,1053000.0,9806826710.700989,0x0000000000000000701df14a0962e3ba9d24197b7d77349c7181c91b67e2cbfb,2.3741690408357075e-20,10000.0,600.0,42120000000000000000,140400000000000000,23,23,23,8.280000000000001,702000000000000001249,702000000000000001249,0,0.0,4294967296,0.9999999999938818,9300,3000000.0,0.0,0.0,434.5059374327888,330.7725645329356,402.58149371981034,1030.1556439579504,0,0.0,2100,0,0,0,0,0,0,0.0,0.0,0.0,0,0.0,0.0,0,0.0,0.0,10530000000.0,10530000000.0,2925.0,0.04578611999977511,2d3c243b36e904ca04bf391b0a4adc73c8cbe273,b871c98ea1c612cdbd5a2223ff017610d908ae78fe08d509113f86983218cebf
8X_N300_POCOL_seed027,primary,POCOL,X-PC (PoCol static disjoint allocation + post-range low power),300,5875244136080589253,27,,234.0,70200.0,3510.0,1053000.0,9806826710.700989,0x0000000000000000701df14a0962e3ba9d24197b7d77349c7181c91b67e2cbfb,2.3741690408357075e-20,10000.0,600.0,42120000000000000000,140400000000000000,22,22,22,7.92,700707929769690376220,700707929769690376220,0,0.0,4294967296,0.9999999999938706,30,2994478.3323491034,5521.667650895827,0.0018405558836319424,406.78330716534015,311.36785663554883,389.15339362311505,765.7941737170164,0,0.0,2100,7,7,0,2100,2100,2100,2.629365548045632,2.547272090482693,6.805114121883889,300,1.0,0.5521667650895827,300,1.8189894035458565e-12,3.7411307745034645e-16,10510618946.545353,10510618946.545353,2919.616374040376,0.0560166449999997,2d3c243b36e904ca04bf391b0a4adc73c8cbe273,b871c98ea1c612cdbd5a2223ff017610d908ae78fe08d509113f86983218cebf
8X_N300_POW_seed028,primary,POW,"X-PW (traditional competitive PoW, per-miner distinct templates)",300,4508414229999547955,28,,234.0,70200.0,3510.0,1053000.0,9806826710.700989,0x0000000000000000701df14a0962e3ba9d24197b7d77349c7181c91b67e2cbfb,2.3741690408357075e-20,10000.0,600.0,42120000000000000000,140400000000000000,15,15,15,5.4,701999999999999998107,701999999999999998107,0,0.0,4294967296,0.9999999999938818,7500,3000000.0,0.0,0.0,639.3533154570189,520.3093762725994,600.0590999197336,1752.6158655299432,0,0.0,2700,0,0,0,0,0,0,0.0,0.0,0.0,0,0.0,0.0,0,0.0,0.0,10530000000.0,10530000000.0,2925.0,0.0351323989998491,2d3c243b36e904ca04bf391b0a4adc73c8cbe273,b871c98ea1c612cdbd5a2223ff017610d908ae78fe08d509113f86983218cebf
8X_N300_POCOL_seed028,primary,POCOL,X-PC (PoCol static disjoint allocation + post-range low power),300,4508414229999547955,28,,234.0,70200.0,3510.0,1053000.0,9806826710.700989,0x0000000000000000701df14a0962e3ba9d24197b7d77349c7181c91b67e2cbfb,2.3741690408357075e-20,10000.0,600.0,42120000000000000000,140400000000000000,15,15,15,5.4,700538831370271372953,700538831370271372953,0,0.0,4294967296,0.999999999993869,25,2993755.689616545,6244.310383455661,0.0020814367944852205,640.7213806248466,520.3093762725994,602.2551451608676,1758.2070859722548,0,0.0,2700,9,9,0,2700,2700,2700,2.3127075494280236,2.505686084582976,6.184876240764652,300,1.0,0.6244310383455663,300,1.8189894035458565e-12,3.742033821126514e-16,10508082470.554073,10508082470.554073,2918.9117973761313,0.04696530100000018,2d3c243b36e904ca04bf391b0a4adc73c8cbe273,b871c98ea1c612cdbd5a2223ff017610d908ae78fe08d509113f86983218cebf
8X_N300_POW_seed029,primary,POW,"X-PW (traditional competitive PoW, per-miner distinct templates)",300,5719031026733889488,29,,234.0,70200.0,3510.0,1053000.0,9806826710.700989,0x0000000000000000701df14a0962e3ba9d24197b7d77349c7181c91b67e2cbfb,2.3741690408357075e-20,10000.0,600.0,42120000000000000000,140400000000000000,19,19,19,6.84,701999999999999999311,701999999999999999311,0,0.0,4294967296,0.9999999999938818,8700,3000000.0,0.0,0.0,478.03818331315586,338.9406527534461,385.8578091618724,1054.4660657699183,0,0.0,2700,0,0,0,0,0,0,0.0,0.0,0.0,0,0.0,0.0,0,0.0,0.0,10530000000.0,10530000000.0,2925.0,0.045188658999904874,2d3c243b36e904ca04bf391b0a4adc73c8cbe273,b871c98ea1c612cdbd5a2223ff017610d908ae78fe08d509113f86983218cebf
8X_N300_POCOL_seed029,primary,POCOL,X-PC (PoCol static disjoint allocation + post-range low power),300,5719031026733889488,29,,234.0,70200.0,3510.0,1053000.0,9806826710.700989,0x0000000000000000701df14a0962e3ba9d24197b7d77349c7181c91b67e2cbfb,2.3741690408357075e-20,10000.0,600.0,42120000000000000000,140400000000000000,19,19,19,6.84,700481981610678515316,700481981610678515316,0,0.0,4294967296,0.9999999999938686,29,2993512.7419259767,6487.258074023446,0.0021624193580078153,479.0687611774709,338.94065275344656,387.28781966499264,1056.972782677258,0,0.0,2700,9,9,0,2700,2700,2700,2.4026881755642364,2.3983016878137278,5.4835293997221015,300,1.0,0.6487258074023439,300,1.8189894035458565e-12,0.0,10507229724.16018,10507229724.16018,2918.6749233778273,0.05801121400008924,2d3c243b36e904ca04bf391b0a4adc73c8cbe273,b871c98ea1c612cdbd5a2223ff017610d908ae78fe08d509113f86983218cebf
8X_N300_POW_seed030,primary,POW,"X-PW (traditional competitive PoW, per-miner distinct templates)",300,1452385983224652643,30,,234.0,70200.0,3510.0,1053000.0,9806826710.700989,0x0000000000000000701df14a0962e3ba9d24197b7d77349c7181c91b67e2cbfb,2.3741690408357075e-20,10000.0,600.0,42120000000000000000,140400000000000000,18,18,18,6.48,702000000000000004346,702000000000000004346,0,0.0,4294967296,0.9999999999938818,8701,3000000.0,0.0,0.0,554.1165392272841,564.6667757776349,428.58562134741413,1315.1470255363765,0,0.0,3001,0,0,0,0,0,0,0.0,0.0,0.0,0,0.0,0.0,0,0.0,0.0,10530000000.0,10530000000.0,2925.0,0.04087024799991923,2d3c243b36e904ca04bf391b0a4adc73c8cbe273,b871c98ea1c612cdbd5a2223ff017610d908ae78fe08d509113f86983218cebf
8X_N300_POCOL_seed030,primary,POCOL,X-PC (PoCol static disjoint allocation + post-range low power),300,1452385983224652643,30,,234.0,70200.0,3510.0,1053000.0,9806826710.700989,0x0000000000000000701df14a0962e3ba9d24197b7d77349c7181c91b67e2cbfb,2.3741690408357075e-20,10000.0,600.0,42120000000000000000,140400000000000000,18,18,18,6.48,700092734117097717704,700092734117097717704,0,0.0,4294967296,0.9999999999938651,30,2991849.2910987083,8150.708901291783,0.002716902967097261,555.4300299710372,564.6667757776349,430.0994634050671,1320.1114386655508,0,0.0,3001,11,11,0,3001,3001,3001,2.7159976345524113,2.6750128589083033,7.66702168519123,300,1.0,0.8150708901291788,300,1.8189894035458565e-12,0.0,10501391011.756466,10501391011.756466,2917.0530588212405,0.05303436899976077,2d3c243b36e904ca04bf391b0a4adc73c8cbe273,b871c98ea1c612cdbd5a2223ff017610d908ae78fe08d509113f86983218cebf
8X_N400_POW_seed001,primary,POW,"X-PW (traditional competitive PoW, per-miner distinct templates)",400,5276648305985929199,1,,234.0,93600.0,3510.0,1404000.0,13075768947.601318,0x0000000000000000541674f7870a2acbf5db131c9e196775552156d48dea18fc,1.7806267806267807e-20,10000.0,600.0,56160000000000000000,140400000000000000,21,21,21,7.5600000000000005,936000000000000003245,936000000000000003245,0,0.0,4294967296,0.9999999999954113,13197,4000000.0,0.0,0.0,473.55693924294854,212.62223847193673,505.3867556103132,1542.6138557205832,0,0.0,4397,0,0,0,0,0,0,0.0,0.0,0.0,0,0.0,0.0,0,0.0,0.0,14040000000.0,14040000000.0,3900.0,0.07220120900001348,2d3c243b36e904ca04bf391b0a4adc73c8cbe273,b871c98ea1c612cdbd5a2223ff017610d908ae78fe08d509113f86983218cebf
8X_N400_POCOL_seed001,primary,POCOL,X-PC (PoCol static disjoint allocation + post-range low power),400,5276648305985929199,1,,234.0,93600.0,3510.0,1404000.0,13075768947.601318,0x0000000000000000541674f7870a2acbf5db131c9e196775552156d48dea18fc,1.7806267806267807e-20,10000.0,600.0,56160000000000000000,140400000000000000,21,21,21,7.5600000000000005,933342697511531662373,933342697511531662373,0,0.0,4294967296,0.9999999999953983,33,3988644.0064595365,11355.99354046299,0.0028389983851157476,474.98743078908296,212.62223847193673,507.80759770846635,1549.77304748095,0,0.0,4400,11,11,0,4400,4400,4400,2.580907622832498,2.7359996060908998,7.476630757562816,400,1.0,1.135599354046299,400,1.8189894035458565e-12,1.4043287674448279e-16,14000140462.672974,14000140462.672974,3888.927906298048,0.08352712700025222,2d3c243b36e904ca04bf391b0a4adc73c8cbe273,b871c98ea1c612cdbd5a2223ff017610d908ae78fe08d509113f86983218cebf
8X_N400_POW_seed002,primary,POW,"X-PW (traditional competitive PoW, per-miner distinct templates)",400,628757264142989241,2,,234.0,93600.0,3510.0,1404000.0,13075768947.601318,0x0000000000000000541674f7870a2acbf5db131c9e196775552156d48dea18fc,1.7806267806267807e-20,10000.0,600.0,56160000000000000000,140400000000000000,21,21,21,7.5600000000000005,935999999999999997936,935999999999999997936,0,0.0,4294967296,0.9999999999954113,11600,4000000.0,0.0,0.0,451.12927809102376,288.5770533372731,407.4244685073449,1205.205630890695,0,0.0,2800,0,0,0,0,0,0,0.0,0.0,0.0,0,0.0,0.0,0,0.0,0.0,14040000000.0,14040000000.0,3900.0,0.061043885000344744,2d3c243b36e904ca04bf391b0a4adc73c8cbe273,b871c98ea1c612cdbd5a2223ff017610d908ae78fe08d509113f86983218cebf
8X_N400_POCOL_seed002,primary,POCOL,X-PC (PoCol static disjoint allocation + post-range low power),400,628757264142989241,2,,234.0,93600.0,3510.0,1404000.0,13075768947.601318,0x0000000000000000541674f7870a2acbf5db131c9e196775552156d48dea18fc,1.7806267806267807e-20,10000.0,600.0,56160000000000000000,140400000000000000,21,21,21,7.5600000000000005,934288234161754663986,934288234161754663986,0,0.0,4294967296,0.9999999999954029,29,3992684.7613750226,7315.238624980093,0.0018288096562450232,452.1150342703968,288.5770533372731,409.3406870504681,1211.6980661537764,0,0.0,2800,7,7,0,2800,2800,2800,2.612585223207177,2.581252526928438,5.705279179941499,400,1.0,0.7315238624980095,400,1.8189894035458565e-12,7.0145376559086175e-16,14014323512.426329,14014323512.426329,3892.867642340647,0.07665391999989879,2d3c243b36e904ca04bf391b0a4adc73c8cbe273,b871c98ea1c612cdbd5a2223ff017610d908ae78fe08d509113f86983218cebf
8X_N400_POW_seed003,primary,POW,"X-PW (traditional competitive PoW, per-miner distinct templates)",400,5212820311653467928,3,,234.0,93600.0,3510.0,1404000.0,13075768947.601318,0x0000000000000000541674f7870a2acbf5db131c9e196775552156d48dea18fc,1.7806267806267807e-20,10000.0,600.0,56160000000000000000,140400000000000000,13,13,13,4.680000000000001,936000000000000000717,936000000000000000717,0,0.0,4294967296,0.9999999999954113,9200,4000000.0,0.0,0.0,671.0376388618216,552.8938991647992,500.0300255321873,1616.418686939856,0,0.0,3600,0,0,0,0,0,0,0.0,0.0,0.0,0,0.0,0.0,0,0.0,0.0,14040000000.0,14040000000.0,3900.0,0.04271743000026618,2d3c243b36e904ca04bf391b0a4adc73c8cbe273,b871c98ea1c612cdbd5a2223ff017610d908ae78fe08d509113f86983218cebf
8X_N400_POCOL_seed003,primary,POCOL,X-PC (PoCol static disjoint allocation + post-range low power),400,5212820311653467928,3,,234.0,93600.0,3510.0,1404000.0,13075768947.601318,0x0000000000000000541674f7870a2acbf5db131c9e196775552156d48dea18fc,1.7806267806267807e-20,10000.0,600.0,56160000000000000000,140400000000000000,13,13,13,4.680000000000001,934080015797229281349,934080015797229281349,0,0.0,4294967296,0.9999999999954019,23,3991794.939304403,8205.060695601362,0.0020512651739003403,672.068620279474,552.8938991647992,501.33630198305644,1619.6837836328011,0,0.0,3600,9,9,0,3600,3600,3600,2.2791835265559333,2.4430226275544555,5.40689073386784,400,1.0,0.8205060695601359,400,1.8189894035458565e-12,1.122576205749406e-15,14011200236.958454,14011200236.958454,3892.0000658217928,0.05673045899993667,2d3c243b36e904ca04bf391b0a4adc73c8cbe273,b871c98ea1c612cdbd5a2223ff017610d908ae78fe08d509113f86983218cebf
8X_N400_POW_seed004,primary,POW,"X-PW (traditional competitive PoW, per-miner distinct templates)",400,1493634387465783589,4,,234.0,93600.0,3510.0,1404000.0,13075768947.601318,0x0000000000000000541674f7870a2acbf5db131c9e196775552156d48dea18fc,1.7806267806267807e-20,10000.0,600.0,56160000000000000000,140400000000000000,14,14,14,5.04,935999999999999999608,935999999999999999608,0,0.0,4294967296,0.9999999999954113,9600,4000000.0,0.0,0.0,686.2871999500264,487.98551346212184,575.9970479245077,1753.6392733041714,0,0.0,3600,0,0,0,0,0,0,0.0,0.0,0.0,0,0.0,0.0,0,0.0,0.0,14040000000.0,14040000000.0,3900.0,0.04398906200003694,2d3c243b36e904ca04bf391b0a4adc73c8cbe273,b871c98ea1c612cdbd5a2223ff017610d908ae78fe08d509113f86983218cebf
8X_N400_POCOL_seed004,primary,POCOL,X-PC (PoCol static disjoint allocation + post-range low power),400,1493634387465783589,4,,234.0,93600.0,3510.0,1404000.0,13075768947.601318,0x0000000000000000541674f7870a2acbf5db131c9e196775552156d48dea18fc,1.7806267806267807e-20,10000.0,600.0,56160000000000000000,140400000000000000,14,14,14,5.04,933973991586480548668,933973991586480548668,0,0.0,4294967296,0.9999999999954015,24,3991341.844386667,8658.15561333099,0.0021645389033327473,687.9243643579281,487.98551346212184,578.3750713466217,1759.2157401259435,0,0.0,3600,9,9,0,3600,3600,3600,2.405043225925276,2.4477419075376474,6.1074321793330455,400,1.0,0.8658155613330984,400,1.8189894035458565e-12,4.2101386499218235e-16,14009609873.797201,14009609873.797201,3891.558298277,0.06208969599992997,2d3c243b36e904ca04bf391b0a4adc73c8cbe273,b871c98ea1c612cdbd5a2223ff017610d908ae78fe08d509113f86983218cebf
8X_N400_POW_seed005,primary,POW,"X-PW (traditional competitive PoW, per-miner distinct templates)",400,349906842534328690,5,,234.0,93600.0,3510.0,1404000.0,13075768947.601318,0x0000000000000000541674f7870a2acbf5db131c9e196775552156d48dea18fc,1.7806267806267807e-20,10000.0,600.0,56160000000000000000,140400000000000000,15,15,15,5.4,935999999999999993831,935999999999999993831,0,0.0,4294967296,0.9999999999954113,10400,4000000.0,0.0,0.0,534.0793708550389,365.36646850759007,493.4769995902468,1367.7741928748355,0,0.0,4000,0,0,0,0,0,0,0.0,0.0,0.0,0,0.0,0.0,0,0.0,0.0,14040000000.0,14040000000.0,3900.0,0.04928068600020197,2d3c243b36e904ca04bf391b0a4adc73c8cbe273,b871c98ea1c612cdbd5a2223ff017610d908ae78fe08d509113f86983218cebf
8X_N400_POCOL_seed005,primary,POCOL,X-PC (PoCol static disjoint allocation + post-range low power),400,349906842534328690,5,,234.0,93600.0,3510.0,1404000.0,13075768947.601318,0x0000000000000000541674f7870a2acbf5db131c9e196775552156d48dea18fc,1.7806267806267807e-20,10000.0,600.0,56160000000000000000,140400000000000000,15,15,15,5.4,933769306222292707482,933769306222292707482,0,0.0,4294967296,0.9999999999954003,26,3990467.1206080858,9532.879391911483,0.002383219847977871,534.9740777867734,365.36646850759007,494.8676199257216,1372.0008600920787,0,0.0,4000,10,10,0,4000,4000,4000,2.3832198479778683,2.3594793697195655,5.57425712746317,400,1.0,0.9532879391911476,400,1.8189894035458565e-12,7.018435877394172e-16,14006539593.334381,14006539593.334381,3890.7054425928836,0.06664303200022914,2d3c243b36e904ca04bf391b0a4adc73c8cbe273,b871c98ea1c612cdbd5a2223ff017610d908ae78fe08d509113f86983218cebf
8X_N400_POW_seed006,primary,POW,"X-PW (traditional competitive PoW, per-miner distinct templates)",400,2558760955731327512,6,,234.0,93600.0,3510.0,1404000.0,13075768947.601318,0x0000000000000000541674f7870a2acbf5db131c9e196775552156d48dea18fc,1.7806267806267807e-20,10000.0,600.0,56160000000000000000,140400000000000000,23,23,23,8.280000000000001,935999999999999999187,935999999999999999187,0,0.0,4294967296,0.9999999999954113,12800,4000000.0,0.0,0.0,378.1000928919198,228.5456269603519,419.4071591753888,797.5069445200952,0,0.0,3200,0,0,0,0,0,0,0.0,0.0,0.0,0,0.0,0.0,0,0.0,0.0,14040000000.0,14040000000.0,3900.0,0.07014112800015937,2d3c243b36e904ca04bf391b0a4adc73c8cbe273,b871c98ea1c612cdbd5a2223ff017610d908ae78fe08d509113f86983218cebf
8X_N400_POCOL_seed006,primary,POCOL,X-PC (PoCol static disjoint allocation + post-range low power),400,2558760955731327512,6,,234.0,93600.0,3510.0,1404000.0,13075768947.601318,0x0000000000000000541674f7870a2acbf5db131c9e196775552156d48dea18fc,1.7806267806267807e-20,10000.0,600.0,56160000000000000000,140400000000000000,23,23,23,8.280000000000001,934013182280151005759,934013182280151005759,0,0.0,4294967296,0.9999999999954016,32,3991509.3259835513,8490.6740164487,0.002122668504112175,378.75497801392265,228.5456269603519,420.9254317029063,800.4406461120436,0,0.0,3200,8,8,0,3200,3200,3200,2.6533356301402207,2.5555423235107355,6.052580849869628,400,1.0,0.8490674016448706,400,1.8189894035458565e-12,1.4033206649184725e-16,14010197734.202265,14010197734.202265,3891.7215928339624,0.08026935399993818,2d3c243b36e904ca04bf391b0a4adc73c8cbe273,b871c98ea1c612cdbd5a2223ff017610d908ae78fe08d509113f86983218cebf
8X_N400_POW_seed007,primary,POW,"X-PW (traditional competitive PoW, per-miner distinct templates)",400,7890926658382884983,7,,234.0,93600.0,3510.0,1404000.0,13075768947.601318,0x0000000000000000541674f7870a2acbf5db131c9e196775552156d48dea18fc,1.7806267806267807e-20,10000.0,600.0,56160000000000000000,140400000000000000,13,13,13,4.680000000000001,935999999999999998724,935999999999999998724,0,0.0,4294967296,0.9999999999954113,10400,4000000.0,0.0,0.0,758.29361334125,643.4807107070073,547.4882874986308,1531.6717927957695,0,0.0,4800,0,0,0,0,0,0,0.0,0.0,0.0,0,0.0,0.0,0,0.0,0.0,14040000000.0,14040000000.0,3900.0,0.04786009200006447,2d3c243b36e904ca04bf391b0a4adc73c8cbe273,b871c98ea1c612cdbd5a2223ff017610d908ae78fe08d509113f86983218cebf
8X_N400_POCOL_seed007,primary,POCOL,X-PC (PoCol static disjoint allocation + post-range low power),400,7890926658382884983,7,,234.0,93600.0,3510.0,1404000.0,13075768947.601318,0x0000000000000000541674f7870a2acbf5db131c9e196775552156d48dea18fc,1.7806267806267807e-20,10000.0,600.0,56160000000000000000,140400000000000000,13,13,13,4.680000000000001,932876630563055082106,932876630563055082106,0,0.0,4294967296,0.999999999995396,26,3986652.267363482,13347.732636516743,0.0033369331591291858,760.7407854286388,646.1614120507408,549.7906176281795,1537.2472446597608,0,0.0,4800,12,12,0,4800,4800,4800,2.7807776326076525,2.9141312765505063,5.969676005602196,400,1.0,1.3347732636516747,400,1.8189894035458565e-12,2.810060745564804e-16,13993149458.445822,13993149458.445822,3886.985960679395,0.07057017300030566,2d3c243b36e904ca04bf391b0a4adc73c8cbe273,b871c98ea1c612cdbd5a2223ff017610d908ae78fe08d509113f86983218cebf
8X_N400_POW_seed008,primary,POW,"X-PW (traditional competitive PoW, per-miner distinct templates)",400,3687042657521687600,8,,234.0,93600.0,3510.0,1404000.0,13075768947.601318,0x0000000000000000541674f7870a2acbf5db131c9e196775552156d48dea18fc,1.7806267806267807e-20,10000.0,600.0,56160000000000000000,140400000000000000,11,11,11,3.96,935999999999999997708,935999999999999997708,0,0.0,4294967296,0.9999999999954113,9200,4000000.0,0.0,0.0,826.8834044563672,442.6795826784655,843.9963725410602,2257.485088989568,0,0.0,4400,0,0,0,0,0,0,0.0,0.0,0.0,0,0.0,0.0,0,0.0,0.0,14040000000.0,14040000000.0,3900.0,0.04659598600028403,2d3c243b36e904ca04bf391b0a4adc73c8cbe273,b871c98ea1c612cdbd5a2223ff017610d908ae78fe08d509113f86983218cebf
8X_N400_POCOL_seed008,primary,POCOL,X-PC (PoCol static disjoint allocation + post-range low power),400,3687042657521687600,8,,234.0,93600.0,3510.0,1404000.0,13075768947.601318,0x0000000000000000541674f7870a2acbf5db131c9e196775552156d48dea18fc,1.7806267806267807e-20,10000.0,600.0,56160000000000000000,140400000000000000,11,11,11,3.96,933329777962515863362,933329777962515863362,0,0.0,4294967296,0.9999999999953982,23,3988588.7947116042,11411.205288393741,0.0028528013220984355,829.1268790176779,442.6795826784655,847.7195489710227,2266.6583467148735,0,0.0,4400,11,11,0,4400,4400,4400,2.5934557473622113,2.588299188698329,6.188961477635985,400,1.0,1.1411205288393764,400,1.8189894035458565e-12,4.2130446202884617e-16,13999946669.43773,13999946669.43773,3888.874074843814,0.06194590599989169,2d3c243b36e904ca04bf391b0a4adc73c8cbe273,b871c98ea1c612cdbd5a2223ff017610d908ae78fe08d509113f86983218cebf
8X_N400_POW_seed009,primary,POW,"X-PW (traditional competitive PoW, per-miner distinct templates)",400,5165136745342788261,9,,234.0,93600.0,3510.0,1404000.0,13075768947.601318,0x0000000000000000541674f7870a2acbf5db131c9e196775552156d48dea18fc,1.7806267806267807e-20,10000.0,600.0,56160000000000000000,140400000000000000,16,16,16,5.76,935999999999999999252,935999999999999999252,0,0.0,4294967296,0.9999999999954113,11199,4000000.0,0.0,0.0,603.40211349711,493.8617859581834,543.4596814357607,1567.0004035349452,0,0.0,4399,0,0,0,0,0,0,0.0,0.0,0.0,0,0.0,0.0,0,0.0,0.0,14040000000.0,14040000000.0,3900.0,0.057326132000071084,2d3c243b36e904ca04bf391b0a4adc73c8cbe273,b871c98ea1c612cdbd5a2223ff017610d908ae78fe08d509113f86983218cebf
8X_N400_POCOL_seed009,primary,POCOL,X-PC (PoCol static disjoint allocation + post-range low power),400,5165136745342788261,9,,234.0,93600.0,3510.0,1404000.0,13075768947.601318,0x0000000000000000541674f7870a2acbf5db131c9e196775552156d48dea18fc,1.7806267806267807e-20,10000.0,600.0,56160000000000000000,140400000000000000,16,16,16,5.76,933602272506965764955,933602272506965764955,0,0.0,4294967296,0.9999999999953996,28,3989753.3013118207,10246.698688180493,0.0025616746720451234,605.0504473535086,495.0196759001535,545.5307029005074,1573.3948109586454,0,0.0,4400,11,11,0,4400,4400,4400,2.328795156404657,2.2969147014614464,5.361275519255287,400,1.0,1.024669868818049,400,1.8189894035458565e-12,2.807876627121685e-16,14004034087.60449,14004034087.60449,3890.009468779025,0.07465559000002031,2d3c243b36e904ca04bf391b0a4adc73c8cbe273,b871c98ea1c612cdbd5a2223ff017610d908ae78fe08d509113f86983218cebf
8X_N400_POW_seed010,primary,POW,"X-PW (traditional competitive PoW, per-miner distinct templates)",400,3156971904625785319,10,,234.0,93600.0,3510.0,1404000.0,13075768947.601318,0x0000000000000000541674f7870a2acbf5db131c9e196775552156d48dea18fc,1.7806267806267807e-20,10000.0,600.0,56160000000000000000,140400000000000000,19,19,19,6.84,936000000000000000550,936000000000000000550,0,0.0,4294967296,0.9999999999954113,10768,4000000.0,0.0,0.0,486.6010651174592,496.14306581188,392.91909540842846,976.428857966257,0,0.0,2800,0,0,0,0,0,0,0.0,0.0,0.0,0,0.0,0.0,0,0.0,0.0,14040000000.0,14040000000.0,3900.0,0.05868840999983149,2d3c243b36e904ca04bf391b0a4adc73c8cbe273,b871c98ea1c612cdbd5a2223ff017610d908ae78fe08d509113f86983218cebf
8X_N400_POCOL_seed010,primary,POCOL,X-PC (PoCol static disjoint allocation + post-range low power),400,3156971904625785319,10,,234.0,93600.0,3510.0,1404000.0,13075768947.601318,0x0000000000000000541674f7870a2acbf5db131c9e196775552156d48dea18fc,1.7806267806267807e-20,10000.0,600.0,56160000000000000000,140400000000000000,19,19,19,6.84,934238164969065340090,934238164969065340090,0,0.0,4294967296,0.9999999999954027,27,3992470.7904660925,7529.209533908799,0.0018823023834771998,487.3647139683102,496.14306581188,394.0765452505396,978.7842285949257,0,0.0,2800,7,7,0,2800,2800,2800,2.6890034049674285,2.6793931606405295,6.461349777550822,400,1.0,0.7529209533908799,400,1.8189894035458565e-12,4.208948154168162e-16,14013572474.535984,14013572474.535984,3892.65902070444,0.07068689100015035,2d3c243b36e904ca04bf391b0a4adc73c8cbe273,b871c98ea1c612cdbd5a2223ff017610d908ae78fe08d509113f86983218cebf
8X_N400_POW_seed011,primary,POW,"X-PW (traditional competitive PoW, per-miner distinct templates)",400,8079052055583561862,11,,234.0,93600.0,3510.0,1404000.0,13075768947.601318,0x0000000000000000541674f7870a2acbf5db131c9e196775552156d48dea18fc,1.7806267806267807e-20,10000.0,600.0,56160000000000000000,140400000000000000,7,7,7,2.52,936000000000000002160,936000000000000002160,0,0.0,4294967296,0.9999999999954113,8000,4000000.0,0.0,0.0,861.2578822656095,916.2025951021828,444.99254981625484,1422.0994542929664,0,0.0,4800,0,0,0,0,0,0,0.0,0.0,0.0,0,0.0,0.0,0,0.0,0.0,14040000000.0,14040000000.0,3900.0,0.036529437999888614,2d3c243b36e904ca04bf391b0a4adc73c8cbe273,b871c98ea1c612cdbd5a2223ff017610d908ae78fe08d509113f86983218cebf
8X_N400_POCOL_seed011,primary,POCOL,X-PC (PoCol static disjoint allocation + post-range low power),400,8079052055583561862,11,,234.0,93600.0,3510.0,1404000.0,13075768947.601318,0x0000000000000000541674f7870a2acbf5db131c9e196775552156d48dea18fc,1.7806267806267807e-20,10000.0,600.0,56160000000000000000,140400000000000000,7,7,7,2.52,932514379599223034872,932514379599223034872,0,0.0,4294967296,0.9999999999953942,20,3985104.1863214644,14895.813678534034,0.0037239534196335084,863.9619888154057,918.5573442583209,446.8582031782437,1426.9475201641508,0,0.0,4800,12,12,0,4800,4800,4800,3.10329451636125,2.959392134551763,7.304135066869094,400,1.0,1.489581367853404,400,1.8189894035458565e-12,4.2167285416981657e-16,13987715693.98834,13987715693.98834,3885.476581663428,0.059688442000151554,2d3c243b36e904ca04bf391b0a4adc73c8cbe273,b871c98ea1c612cdbd5a2223ff017610d908ae78fe08d509113f86983218cebf
8X_N400_POW_seed012,primary,POW,"X-PW (traditional competitive PoW, per-miner distinct templates)",400,1478038051582526088,12,,234.0,93600.0,3510.0,1404000.0,13075768947.601318,0x0000000000000000541674f7870a2acbf5db131c9e196775552156d48dea18fc,1.7806267806267807e-20,10000.0,600.0,56160000000000000000,140400000000000000,15,15,15,5.4,935999999999999998151,935999999999999998151,0,0.0,4294967296,0.9999999999954113,10000,4000000.0,0.0,0.0,666.4153458722218,479.92036016582733,445.89862943409327,1331.7412177202932,0,0.0,3600,0,0,0,0,0,0,0.0,0.0,0.0,0,0.0,0.0,0,0.0,0.0,14040000000.0,14040000000.0,3900.0,0.05217787099991256,2d3c243b36e904ca04bf391b0a4adc73c8cbe273,b871c98ea1c612cdbd5a2223ff017610d908ae78fe08d509113f86983218cebf
8X_N400_POCOL_seed012,primary,POCOL,X-PC (PoCol static disjoint allocation + post-range low power),400,1478038051582526088,12,,234.0,93600.0,3510.0,1404000.0,13075768947.601318,0x0000000000000000541674f7870a2acbf5db131c9e196775552156d48dea18fc,1.7806267806267807e-20,10000.0,600.0,56160000000000000000,140400000000000000,14,14,14,5.04,933614166813794155529,933614166813794155529,0,0.0,4294967296,0.9999999999953997,24,3989804.131682883,10195.868317118997,0.002548967079279749,614.4977587231998,475.3374628205621,411.7230424407568,1178.278812724751,0,0.0,3600,9,9,0,3600,3600,3600,2.8321856436441655,2.758159735596564,6.311244786445968,400,1.0,1.0195868317118995,400,1.8189894035458565e-12,5.615681709171911e-16,14004212502.206919,14004212502.206919,3890.059028390811,0.06645654200019635,2d3c243b36e904ca04bf391b0a4adc73c8cbe273,b871c98ea1c612cdbd5a2223ff017610d908ae78fe08d509113f86983218cebf
8X_N400_POW_seed013,primary,POW,"X-PW (traditional competitive PoW, per-miner distinct templates)",400,431967532912089508,13,,234.0,93600.0,3510.0,1404000.0,13075768947.601318,0x0000000000000000541674f7870a2acbf5db131c9e196775552156d48dea18fc,1.7806267806267807e-20,10000.0,600.0,56160000000000000000,140400000000000000,17,17,17,6.12,936000000000000000281,936000000000000000281,0,0.0,4294967296,0.9999999999954113,11200,4000000.0,0.0,0.0,425.5502174378491,425.68651688889986,347.7178560720049,1014.289832965516,0,0.0,4000,0,0,0,0,0,0,0.0,0.0,0.0,0,0.0,0.0,0,0.0,0.0,14040000000.0,14040000000.0,3900.0,0.056349293000039324,2d3c243b36e904ca04bf391b0a4adc73c8cbe273,b871c98ea1c612cdbd5a2223ff017610d908ae78fe08d509113f86983218cebf
8X_N400_POCOL_seed013,primary,POCOL,X-PC (PoCol static disjoint allocation + post-range low power),400,431967532912089508,13,,234.0,93600.0,3510.0,1404000.0,13075768947.601318,0x0000000000000000541674f7870a2acbf5db131c9e196775552156d48dea18fc,1.7806267806267807e-20,10000.0,600.0,56160000000000000000,140400000000000000,17,17,17,6.12,933376676302760284307,933376676302760284307,0,0.0,4294967296,0.9999999999953985,28,3988789.214969059,11210.785030938956,0.002802696257734739,426.55403926160454,425.68651688889986,349.22328702087896,1017.1473075885888,0,0.0,4000,10,10,0,4000,4000,4000,2.802696257734742,2.5603126988494296,7.0575615089092025,400,1.0,1.1210785030938968,400,1.8189894035458565e-12,5.617110576158606e-16,14000650144.541397,14000650144.541397,3889.0694845948324,0.07284512700016421,2d3c243b36e904ca04bf391b0a4adc73c8cbe273,b871c98ea1c612cdbd5a2223ff017610d908ae78fe08d509113f86983218cebf
8X_N400_POW_seed014,primary,POW,"X-PW (traditional competitive PoW, per-miner distinct templates)",400,3282352798337906545,14,,234.0,93600.0,3510.0,1404000.0,13075768947.601318,0x0000000000000000541674f7870a2acbf5db131c9e196775552156d48dea18fc,1.7806267806267807e-20,10000.0,600.0,56160000000000000000,140400000000000000,19,19,19,6.84,935999999999999999311,935999999999999999311,0,0.0,4294967296,0.9999999999954113,11201,4000000.0,0.0,0.0,513.7604409887102,315.11937150343147,491.43048689759325,1260.2225891505766,0,0.0,3201,0,0,0,0,0,0,0.0,0.0,0.0,0,0.0,0.0,0,0.0,0.0,14040000000.0,14040000000.0,3900.0,0.05667322400040575,2d3c243b36e904ca04bf391b0a4adc73c8cbe273,b871c98ea1c612cdbd5a2223ff017610d908ae78fe08d509113f86983218cebf
8X_N400_POCOL_seed014,primary,POCOL,X-PC (PoCol static disjoint allocation + post-range low power),400,3282352798337906545,14,,234.0,93600.0,3510.0,1404000.0,13075768947.601318,0x0000000000000000541674f7870a2acbf5db131c9e196775552156d48dea18fc,1.7806267806267807e-20,10000.0,600.0,56160000000000000000,140400000000000000,19,19,19,6.84,934006197341388269484,934006197341388269484,0,0.0,4294967296,0.9999999999954016,28,3991479.475817898,8520.524182101379,0.0021301310455253447,514.8901032536654,315.11937150343147,493.327394774077,1263.9166819505483,0,0.0,3200,8,8,0,3200,3200,3200,2.6626638069066813,2.6033076644077937,6.002086264277295,400,1.0,0.8520524182101381,400,1.8189894035458565e-12,1.4033311596121233e-16,14010092960.120821,14010092960.120821,3891.69248892245,0.07089360800000577,2d3c243b36e904ca04bf391b0a4adc73c8cbe273,b871c98ea1c612cdbd5a2223ff017610d908ae78fe08d509113f86983218cebf
8X_N400_POW_seed015,primary,POW,"X-PW (traditional competitive PoW, per-miner distinct templates)",400,3447193969005866655,15,,234.0,93600.0,3510.0,1404000.0,13075768947.601318,0x0000000000000000541674f7870a2acbf5db131c9e196775552156d48dea18fc,1.7806267806267807e-20,10000.0,600.0,56160000000000000000,140400000000000000,23,23,23,8.280000000000001,936000000000000000425,936000000000000000425,0,0.0,4294967296,0.9999999999954113,12000,4000000.0,0.0,0.0,425.1453825301051,420.9478876742887,252.22973810639127,884.1438107617737,0,0.0,2400,0,0,0,0,0,0,0.0,0.0,0.0,0,0.0,0.0,0,0.0,0.0,14040000000.0,14040000000.0,3900.0,0.06684400800031653,2d3c243b36e904ca04bf391b0a4adc73c8cbe273,b871c98ea1c612cdbd5a2223ff017610d908ae78fe08d509113f86983218cebf
8X_N400_POCOL_seed015,primary,POCOL,X-PC (PoCol static disjoint allocation + post-range low power),400,3447193969005866655,15,,234.0,93600.0,3510.0,1404000.0,13075768947.601318,0x0000000000000000541674f7870a2acbf5db131c9e196775552156d48dea18fc,1.7806267806267807e-20,10000.0,600.0,56160000000000000000,140400000000000000,23,23,23,8.280000000000001,934332304938053369961,934332304938053369961,0,0.0,4294967296,0.9999999999954031,30,3992873.098025869,7126.901974130891,0.0017817254935327228,426.03847838435223,420.9478876742887,253.34899489820918,886.283467335895,0,0.0,2400,6,6,0,2400,2400,2400,2.969542489221209,2.9421102006024284,6.293199441991419,400,1.0,0.7126901974130901,400,1.8189894035458565e-12,0.0,14014984574.0708,14014984574.0708,3893.0512705752226,0.07582339200007482,2d3c243b36e904ca04bf391b0a4adc73c8cbe273,b871c98ea1c612cdbd5a2223ff017610d908ae78fe08d509113f86983218cebf
8X_N400_POW_seed016,primary,POW,"X-PW (traditional competitive PoW, per-miner distinct templates)",400,3787989265829909659,16,,234.0,93600.0,3510.0,1404000.0,13075768947.601318,0x0000000000000000541674f7870a2acbf5db131c9e196775552156d48dea18fc,1.7806267806267807e-20,10000.0,600.0,56160000000000000000,140400000000000000,16,16,16,5.76,935999999999999996280,935999999999999996280,0,0.0,4294967296,0.9999999999954113,10000,4000000.0,0.0,0.0,470.76928576541127,445.94255794039645,333.8663196299319,977.3278568344223,0,0.0,3200,0,0,0,0,0,0,0.0,0.0,0.0,0,0.0,0.0,0,0.0,0.0,14040000000.0,14040000000.0,3900.0,0.05084178100014469,2d3c243b36e904ca04bf391b0a4adc73c8cbe273,b871c98ea1c612cdbd5a2223ff017610d908ae78fe08d509113f86983218cebf
8X_N400_POCOL_seed016,primary,POCOL,X-PC (PoCol static disjoint allocation + post-range low power),400,3787989265829909659,16,,234.0,93600.0,3510.0,1404000.0,13075768947.601318,0x0000000000000000541674f7870a2acbf5db131c9e196775552156d48dea18fc,1.7806267806267807e-20,10000.0,600.0,56160000000000000000,140400000000000000,16,16,16,5.76,933923970561509607578,933923970561509607578,0,0.0,4294967296,0.9999999999954011,25,3991128.0793226915,8871.920677309385,0.002217980169327346,471.5935877496319,445.94255794039645,335.1703521642483,981.9903695897483,0,0.0,3200,8,8,0,3200,3200,3200,2.772475211659181,2.671995807064377,7.019927165748413,400,1.0,0.8871920677309381,400,1.8189894035458565e-12,2.8069094301369016e-16,14008859558.422647,14008859558.422647,3891.349877339624,0.06397306200005914,2d3c243b36e904ca04bf391b0a4adc73c8cbe273,b871c98ea1c612cdbd5a2223ff017610d908ae78fe08d509113f86983218cebf
8X_N400_POW_seed017,primary,POW,"X-PW (traditional competitive PoW, per-miner distinct templates)",400,2197885266553486539,17,,234.0,93600.0,3510.0,1404000.0,13075768947.601318,0x0000000000000000541674f7870a2acbf5db131c9e196775552156d48dea18fc,1.7806267806267807e-20,10000.0,600.0,56160000000000000000,140400000000000000,14,14,14,5.04,936000000000000001314,936000000000000001314,0,0.0,4294967296,0.9999999999954113,10000,4000000.0,0.0,0.0,665.930592548267,372.9741838583418,630.4151198053007,1832.3345493416602,0,0.0,4000,0,0,0,0,0,0,0.0,0.0,0.0,0,0.0,0.0,0,0.0,0.0,14040000000.0,14040000000.0,3900.0,0.04977537400009169,2d3c243b36e904ca04bf391b0a4adc73c8cbe273,b871c98ea1c612cdbd5a2223ff017610d908ae78fe08d509113f86983218cebf
8X_N400_POCOL_seed017,primary,POCOL,X-PC (PoCol static disjoint allocation + post-range low power),400,2197885266553486539,17,,234.0,93600.0,3510.0,1404000.0,13075768947.601318,0x0000000000000000541674f7870a2acbf5db131c9e196775552156d48dea18fc,1.7806267806267807e-20,10000.0,600.0,56160000000000000000,140400000000000000,14,14,14,5.04,933554234492188573712,933554234492188573712,0,0.0,4294967296,0.9999999999953993,25,3989548.010650378,10451.989349621499,0.0026129973374053746,667.4526611691648,372.9741838583418,632.6148061997809,1837.6423063277045,0,0.0,4000,10,10,0,4000,4000,4000,2.612997337405374,2.5954345634373794,6.151385970923002,400,1.0,1.0451989349621496,400,1.8189894035458565e-12,1.4040105561868858e-16,14003313517.382828,14003313517.382828,3889.809310384119,0.06645240500029104,2d3c243b36e904ca04bf391b0a4adc73c8cbe273,b871c98ea1c612cdbd5a2223ff017610d908ae78fe08d509113f86983218cebf
8X_N400_POW_seed018,primary,POW,"X-PW (traditional competitive PoW, per-miner distinct templates)",400,2431420697959460063,18,,234.0,93600.0,3510.0,1404000.0,13075768947.601318,0x0000000000000000541674f7870a2acbf5db131c9e196775552156d48dea18fc,1.7806267806267807e-20,10000.0,600.0,56160000000000000000,140400000000000000,21,21,21,7.5600000000000005,936000000000000004573,936000000000000004573,0,0.0,4294967296,0.9999999999954113,12000,4000000.0,0.0,0.0,475.8497075607391,334.30785238691897,502.10747951456256,1346.3330681909547,0,0.0,3200,0,0,0,0,0,0,0.0,0.0,0.0,0,0.0,0.0,0,0.0,0.0,14040000000.0,14040000000.0,3900.0,0.07778718999998091,2d3c243b36e904ca04bf391b0a4adc73c8cbe273,b871c98ea1c612cdbd5a2223ff017610d908ae78fe08d509113f86983218cebf
8X_N400_POCOL_seed018,primary,POCOL,X-PC (PoCol static disjoint allocation + post-range low power),400,2431420697959460063,18,,234.0,93600.0,3510.0,1404000.0,13075768947.601318,0x0000000000000000541674f7870a2acbf5db131c9e196775552156d48dea18fc,1.7806267806267807e-20,10000.0,600.0,56160000000000000000,140400000000000000,20,20,20,7.2,933820801825465467393,933820801825465467393,0,0.0,4294967296,0.9999999999954007,29,3990687.1872883113,9312.812711686045,0.0023282031779215113,480.46256618670805,244.57570910731738,516.8955878472143,1376.1506108464175,0,0.0,3200,8,8,0,3200,3200,3200,2.91025397240189,2.901177312848631,6.6962537090739715,400,1.0,0.931281271168605,400,1.8189894035458565e-12,5.614439076267136e-16,14007312027.381973,14007312027.381973,3890.920007606104,0.07272739799964256,2d3c243b36e904ca04bf391b0a4adc73c8cbe273,b871c98ea1c612cdbd5a2223ff017610d908ae78fe08d509113f86983218cebf
8X_N400_POW_seed019,primary,POW,"X-PW (traditional competitive PoW, per-miner distinct templates)",400,3695536046059844503,19,,234.0,93600.0,3510.0,1404000.0,13075768947.601318,0x0000000000000000541674f7870a2acbf5db131c9e196775552156d48dea18fc,1.7806267806267807e-20,10000.0,600.0,56160000000000000000,140400000000000000,13,13,13,4.680000000000001,935999999999999999140,935999999999999999140,0,0.0,4294967296,0.9999999999954113,9600,4000000.0,0.0,0.0,742.1920245215168,616.888120710466,508.12915989437766,1467.3403146725718,0,0.0,4000,0,0,0,0,0,0,0.0,0.0,0.0,0,0.0,0.0,0,0.0,0.0,14040000000.0,14040000000.0,3900.0,0.045741734999865,2d3c243b36e904ca04bf391b0a4adc73c8cbe273,b871c98ea1c612cdbd5a2223ff017610d908ae78fe08d509113f86983218cebf
8X_N400_POCOL_seed019,primary,POCOL,X-PC (PoCol static disjoint allocation + post-range low power),400,3695536046059844503,19,,234.0,93600.0,3510.0,1404000.0,13075768947.601318,0x0000000000000000541674f7870a2acbf5db131c9e196775552156d48dea18fc,1.7806267806267807e-20,10000.0,600.0,56160000000000000000,140400000000000000,13,13,13,4.680000000000001,933603316040269289801,933603316040269289801,0,0.0,4294967296,0.9999999999953996,24,3989757.760855856,10242.23914414832,0.00256055978603708,744.0056034834771,621.9806839254961,509.7385875876251,1472.1776204412042,0,0.0,4000,10,10,0,4000,4000,4000,2.560559786037081,2.553484635093355,7.805219241085069,400,1.0,1.0242239144148322,400,1.8189894035458565e-12,9.82755721018052e-16,14004049740.604053,14004049740.604053,3890.0138168344592,0.06536380199986525,2d3c243b36e904ca04bf391b0a4adc73c8cbe273,b871c98ea1c612cdbd5a2223ff017610d908ae78fe08d509113f86983218cebf
8X_N400_POW_seed020,primary,POW,"X-PW (traditional competitive PoW, per-miner distinct templates)",400,8644301345824299180,20,,234.0,93600.0,3510.0,1404000.0,13075768947.601318,0x0000000000000000541674f7870a2acbf5db131c9e196775552156d48dea18fc,1.7806267806267807e-20,10000.0,600.0,56160000000000000000,140400000000000000,20,20,20,7.2,935999999999999999712,935999999999999999712,0,0.0,4294967296,0.9999999999954113,11907,4000000.0,0.0,0.0,483.23565856599555,259.20604042390596,640.1521201805124,1541.8179858079786,0,0.0,3515,0,0,0,0,0,0,0.0,0.0,0.0,0,0.0,0.0,0,0.0,0.0,14040000000.0,14040000000.0,3900.0,0.06542499399984081,2d3c243b36e904ca04bf391b0a4adc73c8cbe273,b871c98ea1c612cdbd5a2223ff017610d908ae78fe08d509113f86983218cebf
8X_N400_POCOL_seed020,primary,POCOL,X-PC (PoCol static disjoint allocation + post-range low power),400,8644301345824299180,20,,234.0,93600.0,3510.0,1404000.0,13075768947.601318,0x0000000000000000541674f7870a2acbf5db131c9e196775552156d48dea18fc,1.7806267806267807e-20,10000.0,600.0,56160000000000000000,140400000000000000,19,19,19,6.84,933363950505153292386,933363950505153292386,0,0.0,4294967296,0.9999999999953983,30,3988734.8312186035,11265.168781396167,0.002816292195349042,502.38253174241754,193.16834559061934,680.797495993966,1604.600212864116,0,0.0,4000,10,10,0,4000,4000,4000,2.8162921953490443,2.720484353327379,6.680584641906535,400,1.0,1.1265168781396173,400,1.8189894035458565e-12,0.0,14000459257.5773,14000459257.5773,3889.0164604381384,0.07592906700028834,2d3c243b36e904ca04bf391b0a4adc73c8cbe273,b871c98ea1c612cdbd5a2223ff017610d908ae78fe08d509113f86983218cebf
8X_N400_POW_seed021,primary,POW,"X-PW (traditional competitive PoW, per-miner distinct templates)",400,6968863412458885356,21,,234.0,93600.0,3510.0,1404000.0,13075768947.601318,0x0000000000000000541674f7870a2acbf5db131c9e196775552156d48dea18fc,1.7806267806267807e-20,10000.0,600.0,56160000000000000000,140400000000000000,24,24,24,8.64,935999999999999998513,935999999999999998513,0,0.0,4294967296,0.9999999999954113,12000,4000000.0,0.0,0.0,400.4586665638564,257.91777437754024,383.239169766043,1146.377851439551,0,0.0,2000,0,0,0,0,0,0,0.0,0.0,0.0,0,0.0,0.0,0,0.0,0.0,14040000000.0,14040000000.0,3900.0,0.06410272699986308,2d3c243b36e904ca04bf391b0a4adc73c8cbe273,b871c98ea1c612cdbd5a2223ff017610d908ae78fe08d509113f86983218cebf
8X_N400_POCOL_seed021,primary,POCOL,X-PC (PoCol static disjoint allocation + post-range low power),400,6968863412458885356,21,,234.0,93600.0,3510.0,1404000.0,13075768947.601318,0x0000000000000000541674f7870a2acbf5db131c9e196775552156d48dea18fc,1.7806267806267807e-20,10000.0,600.0,56160000000000000000,140400000000000000,24,24,24,8.64,934956308239108693529,934956308239108693529,0,0.0,4294967296,0.9999999999954062,30,3995539.7787996093,4460.221200390198,0.0011150553000975495,400.97871207385964,257.91777437754024,384.17262725484255,1148.9815096255502,0,0.0,2000,5,5,0,2000,2000,2000,2.230110600195099,2.4012499793630013,5.363962491599523,400,1.0,0.44602212003901986,400,1.8189894035458565e-12,1.401905082033836e-16,14024344623.586628,14024344623.586628,3895.651284329619,0.07672056399997018,2d3c243b36e904ca04bf391b0a4adc73c8cbe273,b871c98ea1c612cdbd5a2223ff017610d908ae78fe08d509113f86983218cebf
8X_N400_POW_seed022,primary,POW,"X-PW (traditional competitive PoW, per-miner distinct templates)",400,1228799680501299399,22,,234.0,93600.0,3510.0,1404000.0,13075768947.601318,0x0000000000000000541674f7870a2acbf5db131c9e196775552156d48dea18fc,1.7806267806267807e-20,10000.0,600.0,56160000000000000000,140400000000000000,18,18,18,6.48,936000000000000001792,936000000000000001792,0,0.0,4294967296,0.9999999999954113,11200,4000000.0,0.0,0.0,515.0444006446044,364.840797980823,434.39488065481885,1348.455845978258,0,0.0,3600,0,0,0,0,0,0,0.0,0.0,0.0,0,0.0,0.0,0,0.0,0.0,14040000000.0,14040000000.0,3900.0,0.056016780999925686,2d3c243b36e904ca04bf391b0a4adc73c8cbe273,b871c98ea1c612cdbd5a2223ff017610d908ae78fe08d509113f86983218cebf
8X_N400_POCOL_seed022,primary,POCOL,X-PC (PoCol static disjoint allocation + post-range low power),400,1228799680501299399,22,,234.0,93600.0,3510.0,1404000.0,13075768947.601318,0x0000000000000000541674f7870a2acbf5db131c9e196775552156d48dea18fc,1.7806267806267807e-20,10000.0,600.0,56160000000000000000,140400000000000000,18,18,18,6.48,934084408839702506915,934084408839702506915,0,0.0,4294967296,0.9999999999954019,28,3991813.712990179,8186.287009818343,0.0020465717524545857,516.1693049354718,364.840797980823,436.06017040515553,1352.901544496106,0,0.0,3600,9,9,0,3600,3600,3600,2.273968613838427,2.408479842756492,5.547102187182645,400,1.0,0.8186287009818336,400,1.8189894035458565e-12,5.612854631106181e-16,14011266132.59553,14011266132.59553,3892.018370165425,0.06887368800016702,2d3c243b36e904ca04bf391b0a4adc73c8cbe273,b871c98ea1c612cdbd5a2223ff017610d908ae78fe08d509113f86983218cebf
8X_N400_POW_seed023,primary,POW,"X-PW (traditional competitive PoW, per-miner distinct templates)",400,1913678187707743529,23,,234.0,93600.0,3510.0,1404000.0,13075768947.601318,0x0000000000000000541674f7870a2acbf5db131c9e196775552156d48dea18fc,1.7806267806267807e-20,10000.0,600.0,56160000000000000000,140400000000000000,21,21,21,7.5600000000000005,935999999999999998281,935999999999999998281,0,0.0,4294967296,0.9999999999954113,12000,4000000.0,0.0,0.0,449.15825769355496,336.2444340086713,424.5624735737327,1253.3301498688984,0,0.0,3200,0,0,0,0,0,0,0.0,0.0,0.0,0,0.0,0.0,0,0.0,0.0,14040000000.0,14040000000.0,3900.0,0.06544115399992734,2d3c243b36e904ca04bf391b0a4adc73c8cbe273,b871c98ea1c612cdbd5a2223ff017610d908ae78fe08d509113f86983218cebf
8X_N400_POCOL_seed023,primary,POCOL,X-PC (PoCol static disjoint allocation + post-range low power),400,1913678187707743529,23,,234.0,93600.0,3510.0,1404000.0,13075768947.601318,0x0000000000000000541674f7870a2acbf5db131c9e196775552156d48dea18fc,1.7806267806267807e-20,10000.0,600.0,56160000000000000000,140400000000000000,21,21,21,7.5600000000000005,933844694774063727173,933844694774063727173,0,0.0,4294967296,0.9999999999954008,30,3990789.2939062584,9210.706093744779,0.0023026765234361946,450.2671286898392,336.2444340086713,426.32881401846345,1259.8947013869279,0,0.0,3200,8,8,0,3200,3200,3200,2.8783456542952446,2.8795909279292573,6.726778217913534,400,1.0,0.9210706093744783,400,1.8189894035458565e-12,8.421443141466583e-16,14007670421.610968,14007670421.610968,3891.019561558602,0.08167814500029635,2d3c243b36e904ca04bf391b0a4adc73c8cbe273,b871c98ea1c612cdbd5a2223ff017610d908ae78fe08d509113f86983218cebf
8X_N400_POW_seed024,primary,POW,"X-PW (traditional competitive PoW, per-miner distinct templates)",400,4932121285862289456,24,,234.0,93600.0,3510.0,1404000.0,13075768947.601318,0x0000000000000000541674f7870a2acbf5db131c9e196775552156d48dea18fc,1.7806267806267807e-20,10000.0,600.0,56160000000000000000,140400000000000000,20,20,20,7.2,935999999999999998326,935999999999999998326,0,0.0,4294967296,0.9999999999954113,10799,4000000.0,0.0,0.0,495.0733810662763,390.39554902099235,435.7956394338904,1212.8297231460754,0,0.0,2400,0,0,0,0,0,0,0.0,0.0,0.0,0,0.0,0.0,0,0.0,0.0,14040000000.0,14040000000.0,3900.0,0.05504151900004217,2d3c243b36e904ca04bf391b0a4adc73c8cbe273,b871c98ea1c612cdbd5a2223ff017610d908ae78fe08d509113f86983218cebf
8X_N400_POCOL_seed024,primary,POCOL,X-PC (PoCol static disjoint allocation + post-range low power),400,4932121285862289456,24,,234.0,93600.0,3510.0,1404000.0,13075768947.601318,0x0000000000000000541674f7870a2acbf5db131c9e196775552156d48dea18fc,1.7806267806267807e-20,10000.0,600.0,56160000000000000000,140400000000000000,20,20,20,7.2,934536567485128527130,934536567485128527130,0,0.0,4294967296,0.9999999999954041,27,3993746.014893709,6253.985106288338,0.0015634962765720846,495.8427912763882,390.39554902099235,437.23183919393887,1215.4097156811563,0,0.0,2400,6,6,0,2400,2400,2400,2.6058271276201412,2.570778240874347,5.544328413652806,400,1.0,0.6253985106288334,400,1.8189894035458565e-12,5.610138952731172e-16,14018048512.276918,14018048512.276918,3893.902364521366,0.06918333700014045,2d3c243b36e904ca04bf391b0a4adc73c8cbe273,b871c98ea1c612cdbd5a2223ff017610d908ae78fe08d509113f86983218cebf
8X_N400_POW_seed025,primary,POW,"X-PW (traditional competitive PoW, per-miner distinct templates)",400,1808207741461098536,25,,234.0,93600.0,3510.0,1404000.0,13075768947.601318,0x0000000000000000541674f7870a2acbf5db131c9e196775552156d48dea18fc,1.7806267806267807e-20,10000.0,600.0,56160000000000000000,140400000000000000,14,14,14,5.04,935999999999999999625,935999999999999999625,0,0.0,4294967296,0.9999999999954113,10400,4000000.0,0.0,0.0,687.3425723804827,490.9704793246324,595.5691136855677,1652.1954537263282,0,0.0,4400,0,0,0,0,0,0,0.0,0.0,0.0,0,0.0,0.0,0,0.0,0.0,14040000000.0,14040000000.0,3900.0,0.05186840899978051,2d3c243b36e904ca04bf391b0a4adc73c8cbe273,b871c98ea1c612cdbd5a2223ff017610d908ae78fe08d509113f86983218cebf
8X_N400_POCOL_seed025,primary,POCOL,X-PC (PoCol static disjoint allocation + post-range low power),400,1808207741461098536,25,,234.0,93600.0,3510.0,1404000.0,13075768947.601318,0x0000000000000000541674f7870a2acbf5db131c9e196775552156d48dea18fc,1.7806267806267807e-20,10000.0,600.0,56160000000000000000,140400000000000000,14,14,14,5.04,933486382578868815261,933486382578868815261,0,0.0,4294967296,0.999999999995399,26,3989258.045208841,10741.95479115892,0.00268548869778973,689.3212455527809,490.9704793246326,597.9951933196232,1656.1867662070383,0,0.0,4400,11,11,0,4400,4400,4400,2.441353361627027,2.441802592822114,6.78159681035595,400,1.0,1.0741954791158912,400,1.8189894035458565e-12,0.0,14002295738.683033,14002295738.683033,3889.5265940786203,0.06527529699997103,2d3c243b36e904ca04bf391b0a4adc73c8cbe273,b871c98ea1c612cdbd5a2223ff017610d908ae78fe08d509113f86983218cebf
8X_N400_POW_seed026,primary,POW,"X-PW (traditional competitive PoW, per-miner distinct templates)",400,5227458720195675600,26,,234.0,93600.0,3510.0,1404000.0,13075768947.601318,0x0000000000000000541674f7870a2acbf5db131c9e196775552156d48dea18fc,1.7806267806267807e-20,10000.0,600.0,56160000000000000000,140400000000000000,25,25,25,9.0,936000000000000001387,936000000000000001387,0,0.0,4294967296,0.9999999999954113,12400,4000000.0,0.0,0.0,398.2268884102877,337.0385501841711,282.868694167401,958.4682673900684,0,0.0,2000,0,0,0,0,0,0,0.0,0.0,0.0,0,0.0,0.0,0,0.0,0.0,14040000000.0,14040000000.0,3900.0,0.06419603999984247,2d3c243b36e904ca04bf391b0a4adc73c8cbe273,b871c98ea1c612cdbd5a2223ff017610d908ae78fe08d509113f86983218cebf
8X_N400_POCOL_seed026,primary,POCOL,X-PC (PoCol static disjoint allocation + post-range low power),400,5227458720195675600,26,,234.0,93600.0,3510.0,1404000.0,13075768947.601318,0x0000000000000000541674f7870a2acbf5db131c9e196775552156d48dea18fc,1.7806267806267807e-20,10000.0,600.0,56160000000000000000,140400000000000000,25,25,25,9.0,934756195787187907847,934756195787187907847,0,0.0,4294967296,0.9999999999954052,31,3994684.597381146,5315.402618855117,0.0013288506547137792,398.77378623122706,337.038550184172,283.7700175423847,960.753399068348,0,0.0,2000,5,5,0,2000,2000,2000,2.6577013094275554,2.609338902407444,5.521684046436349,400,1.0,0.5315402618855111,400,1.8189894035458565e-12,2.80441040328425e-16,14021342936.807823,14021342936.807823,3894.8174824466178,0.08149014400032684,2d3c243b36e904ca04bf391b0a4adc73c8cbe273,b871c98ea1c612cdbd5a2223ff017610d908ae78fe08d509113f86983218cebf
8X_N400_POW_seed027,primary,POW,"X-PW (traditional competitive PoW, per-miner distinct templates)",400,5875244136080589253,27,,234.0,93600.0,3510.0,1404000.0,13075768947.601318,0x0000000000000000541674f7870a2acbf5db131c9e196775552156d48dea18fc,1.7806267806267807e-20,10000.0,600.0,56160000000000000000,140400000000000000,21,21,21,7.5600000000000005,936000000000000003389,936000000000000003389,0,0.0,4294967296,0.9999999999954113,11600,4000000.0,0.0,0.0,452.9044323435157,291.9631487381621,364.74804013405526,1082.1940974255676,0,0.0,2800,0,0,0,0,0,0,0.0,0.0,0.0,0,0.0,0.0,0,0.0,0.0,14040000000.0,14040000000.0,3900.0,0.059110401999987516,2d3c243b36e904ca04bf391b0a4adc73c8cbe273,b871c98ea1c612cdbd5a2223ff017610d908ae78fe08d509113f86983218cebf
8X_N400_POCOL_seed027,primary,POCOL,X-PC (PoCol static disjoint allocation + post-range low power),400,5875244136080589253,27,,234.0,93600.0,3510.0,1404000.0,13075768947.601318,0x0000000000000000541674f7870a2acbf5db131c9e196775552156d48dea18fc,1.7806267806267807e-20,10000.0,600.0,56160000000000000000,140400000000000000,21,21,21,7.5600000000000005,934498349196339055210,934498349196339055210,0,0.0,4294967296,0.999999999995404,29,3993582.6888732407,6417.311126756171,0.0016043277816890427,453.66365452552867,291.9631487381621,365.856365678432,1085.8955142485192,0,0.0,2800,7,7,0,2800,2800,2800,2.291896830984348,2.3695349214926864,6.805114121883889,400,1.0,0.6417311126756174,400,1.8189894035458565e-12,8.415552586864661e-16,14017475237.945074,14017475237.945074,3893.7431216514096,0.07253501600007439,2d3c243b36e904ca04bf391b0a4adc73c8cbe273,b871c98ea1c612cdbd5a2223ff017610d908ae78fe08d509113f86983218cebf
8X_N400_POW_seed028,primary,POW,"X-PW (traditional competitive PoW, per-miner distinct templates)",400,4508414229999547955,28,,234.0,93600.0,3510.0,1404000.0,13075768947.601318,0x0000000000000000541674f7870a2acbf5db131c9e196775552156d48dea18fc,1.7806267806267807e-20,10000.0,600.0,56160000000000000000,140400000000000000,13,13,13,4.680000000000001,935999999999999995759,935999999999999995759,0,0.0,4294967296,0.9999999999954113,9600,4000000.0,0.0,0.0,604.7675631964119,520.3093762725994,449.3588771616477,1330.3928992609117,0,0.0,4000,0,0,0,0,0,0,0.0,0.0,0.0,0,0.0,0.0,0,0.0,0.0,14040000000.0,14040000000.0,3900.0,0.04457033300013791,2d3c243b36e904ca04bf391b0a4adc73c8cbe273,b871c98ea1c612cdbd5a2223ff017610d908ae78fe08d509113f86983218cebf
8X_N400_POCOL_seed028,primary,POCOL,X-PC (PoCol static disjoint allocation + post-range low power),400,4508414229999547955,28,,234.0,93600.0,3510.0,1404000.0,13075768947.601318,0x0000000000000000541674f7870a2acbf5db131c9e196775552156d48dea18fc,1.7806267806267807e-20,10000.0,600.0,56160000000000000000,140400000000000000,13,13,13,4.680000000000001,933623869167020545023,933623869167020545023,0,0.0,4294967296,0.9999999999953997,24,3989845.594730856,10154.405269143,0.0025386013172857503,606.2007034288658,520.3093762725994,451.0486068643826,1334.577161542625,0,0.0,4000,10,10,0,4000,4000,4000,2.5386013172857487,2.726278672519584,6.184876240764652,400,1.0,1.0154405269142994,400,1.8189894035458565e-12,2.8078116751008626e-16,14004358037.505304,14004358037.505304,3890.0994548625845,0.06317002500009039,2d3c243b36e904ca04bf391b0a4adc73c8cbe273,b871c98ea1c612cdbd5a2223ff017610d908ae78fe08d509113f86983218cebf
8X_N400_POW_seed029,primary,POW,"X-PW (traditional competitive PoW, per-miner distinct templates)",400,5719031026733889488,29,,234.0,93600.0,3510.0,1404000.0,13075768947.601318,0x0000000000000000541674f7870a2acbf5db131c9e196775552156d48dea18fc,1.7806267806267807e-20,10000.0,600.0,56160000000000000000,140400000000000000,21,21,21,7.5600000000000005,935999999999999999138,935999999999999999138,0,0.0,4294967296,0.9999999999954113,11200,4000000.0,0.0,0.0,471.7516868386671,317.27345963769767,372.6404143520857,1041.4113464125558,0,0.0,2400,0,0,0,0,0,0,0.0,0.0,0.0,0,0.0,0.0,0,0.0,0.0,14040000000.0,14040000000.0,3900.0,0.06175168699974165,2d3c243b36e904ca04bf391b0a4adc73c8cbe273,b871c98ea1c612cdbd5a2223ff017610d908ae78fe08d509113f86983218cebf
8X_N400_POCOL_seed029,primary,POCOL,X-PC (PoCol static disjoint allocation + post-range low power),400,5719031026733889488,29,,234.0,93600.0,3510.0,1404000.0,13075768947.601318,0x0000000000000000541674f7870a2acbf5db131c9e196775552156d48dea18fc,1.7806267806267807e-20,10000.0,600.0,56160000000000000000,140400000000000000,21,21,21,7.5600000000000005,934428162827159630054,934428162827159630054,0,0.0,4294967296,0.9999999999954037,28,3993282.7471246137,6717.252875386195,0.0016793132188465487,472.5542667981539,317.27345963769767,374.06611550984076,1044.0675195200183,0,0.0,2400,6,6,0,2400,2400,2400,2.798855364744247,2.750286022073851,5.915353674628022,400,1.0,0.6717252875386193,400,1.8189894035458565e-12,0.0,14016422442.407394,14016422442.407394,3893.4506784464984,0.06859955400022955,2d3c243b36e904ca04bf391b0a4adc73c8cbe273,b871c98ea1c612cdbd5a2223ff017610d908ae78fe08d509113f86983218cebf
8X_N400_POW_seed030,primary,POW,"X-PW (traditional competitive PoW, per-miner distinct templates)",400,1452385983224652643,30,,234.0,93600.0,3510.0,1404000.0,13075768947.601318,0x0000000000000000541674f7870a2acbf5db131c9e196775552156d48dea18fc,1.7806267806267807e-20,10000.0,600.0,56160000000000000000,140400000000000000,10,10,10,3.6,936000000000000001452,936000000000000001452,0,0.0,4294967296,0.9999999999954113,9200,4000000.0,0.0,0.0,877.998859825581,849.1796244900659,450.85495664337105,1484.4083756352422,0,0.0,4800,0,0,0,0,0,0,0.0,0.0,0.0,0,0.0,0.0,0,0.0,0.0,14040000000.0,14040000000.0,3900.0,0.04523246500002642,2d3c243b36e904ca04bf391b0a4adc73c8cbe273,b871c98ea1c612cdbd5a2223ff017610d908ae78fe08d509113f86983218cebf
8X_N400_POCOL_seed030,primary,POCOL,X-PC (PoCol static disjoint allocation + post-range low power),400,1452385983224652643,30,,234.0,93600.0,3510.0,1404000.0,13075768947.601318,0x0000000000000000541674f7870a2acbf5db131c9e196775552156d48dea18fc,1.7806267806267807e-20,10000.0,600.0,56160000000000000000,140400000000000000,10,10,10,3.6,932995282953702951598,932995282953702951598,0,0.0,4294967296,0.9999999999953966,22,3987159.3288619746,12840.671138021575,0.0032101677845053937,880.7781585000746,851.6872051479177,452.9826885571373,1490.9729967665178,0,0.0,4400,11,11,0,4400,4400,4400,2.918334349550365,2.740285459680763,8.115456404351335,400,1.0,1.2840671138021584,400,1.8189894035458565e-12,9.833961829853422e-16,13994929244.30553,13994929244.30553,3887.480345640425,0.062221852999755356,2d3c243b36e904ca04bf391b0a4adc73c8cbe273,b871c98ea1c612cdbd5a2223ff017610d908ae78fe08d509113f86983218cebf
8X_N500_POW_seed001,primary,POW,"X-PW (traditional competitive PoW, per-miner distinct templates)",500,5276648305985929199,1,,234.0,117000.0,3510.0,1755000.0,16344711184.501648,0x000000000000000043452a5f9f3b556ff7e275b07e7ab92aaa811243a4bb4730,1.4245014245014244e-20,10000.0,600.0,70200000000000000000,140400000000000000,17,17,17,6.12,1169999999999999999575,1169999999999999999575,0,0.0,4294967296,0.999999999996329,14993,5000000.0,0.0,0.0,544.5241440813014,301.5887025578595,543.651378189395,1528.2289243585114,0,0.0,5993,0,0,0,0,0,0,0.0,0.0,0.0,0,0.0,0.0,0,0.0,0.0,17550000000.0,17550000000.0,4875.0,0.07099843400010286,2d3c243b36e904ca04bf391b0a4adc73c8cbe273,b871c98ea1c612cdbd5a2223ff017610d908ae78fe08d509113f86983218cebf
8X_N500_POCOL_seed001,primary,POCOL,X-PC (PoCol static disjoint allocation + post-range low power),500,5276648305985929199,1,,234.0,117000.0,3510.0,1755000.0,16344711184.501648,0x000000000000000043452a5f9f3b556ff7e275b07e7ab92aaa811243a4bb4730,1.4245014245014244e-20,10000.0,600.0,70200000000000000000,140400000000000000,17,17,17,6.12,1166304689610575219302,1166304689610575219302,0,0.0,4294967296,0.9999999999963175,30,4984208.07525887,15791.924741131532,0.0031583849482263063,537.4389370280088,234.8191622414388,551.6079763437464,1534.6725971381795,0,0.0,6000,12,12,0,6000,6000,6000,2.631987456855258,2.6492559633918518,6.811208922007381,500,1.0,1.579192474113152,500,1.8189894035458565e-12,2.247645939651746e-16,17494570344.158634,17494570344.158634,4859.602873377398,0.09972298999991835,2d3c243b36e904ca04bf391b0a4adc73c8cbe273,b871c98ea1c612cdbd5a2223ff017610d908ae78fe08d509113f86983218cebf
8X_N500_POW_seed002,primary,POW,"X-PW (traditional competitive PoW, per-miner distinct templates)",500,628757264142989241,2,,234.0,117000.0,3510.0,1755000.0,16344711184.501648,0x000000000000000043452a5f9f3b556ff7e275b07e7ab92aaa811243a4bb4730,1.4245014245014244e-20,10000.0,600.0,70200000000000000000,140400000000000000,23,23,23,8.280000000000001,1169999999999999999002,1169999999999999999002,0,0.0,4294967296,0.999999999996329,16000,5000000.0,0.0,0.0,431.69529340753326,285.055261631167,361.36366791194433,1173.368803937465,0,0.0,4000,0,0,0,0,0,0,0.0,0.0,0.0,0,0.0,0.0,0,0.0,0.0,17550000000.0,17550000000.0,4875.0,0.08057669200024975,2d3c243b36e904ca04bf391b0a4adc73c8cbe273,b871c98ea1c612cdbd5a2223ff017610d908ae78fe08d509113f86983218cebf
8X_N500_POCOL_seed002,primary,POCOL,X-PC (PoCol static disjoint allocation + post-range low power),500,628757264142989241,2,,234.0,117000.0,3510.0,1755000.0,16344711184.501648,0x000000000000000043452a5f9f3b556ff7e275b07e7ab92aaa811243a4bb4730,1.4245014245014244e-20,10000.0,600.0,70200000000000000000,140400000000000000,23,23,23,8.280000000000001,1167491633219024929887,1167491633219024929887,0,0.0,4294967296,0.9999999999963212,32,4989280.483841985,10719.516158013119,0.0021439032316026238,432.58324356223767,285.055261631167,362.87236344679667,1178.606159968586,0,0.0,4000,8,8,0,4000,4000,4000,2.6798790395032803,2.64963852784922,6.349624975331608,500,1.0,1.0719516158013127,500,1.8189894035458565e-12,3.368041267377816e-16,17512374498.28537,17512374498.28537,4864.548471745936,0.10014615999989473,2d3c243b36e904ca04bf391b0a4adc73c8cbe273,b871c98ea1c612cdbd5a2223ff017610d908ae78fe08d509113f86983218cebf
8X_N500_POW_seed003,primary,POW,"X-PW (traditional competitive PoW, per-miner distinct templates)",500,5212820311653467928,3,,234.0,117000.0,3510.0,1755000.0,16344711184.501648,0x000000000000000043452a5f9f3b556ff7e275b07e7ab92aaa811243a4bb4730,1.4245014245014244e-20,10000.0,600.0,70200000000000000000,140400000000000000,13,13,13,4.680000000000001,1170000000000000002043,1170000000000000002043,0,0.0,4294967296,0.999999999996329,11000,5000000.0,0.0,0.0,687.0015643264978,552.6009771840609,436.9192230342963,1538.1056022268904,0,0.0,4000,0,0,0,0,0,0,0.0,0.0,0.0,0,0.0,0.0,0,0.0,0.0,17550000000.0,17550000000.0,4875.0,0.05761891200017999,2d3c243b36e904ca04bf391b0a4adc73c8cbe273,b871c98ea1c612cdbd5a2223ff017610d908ae78fe08d509113f86983218cebf
8X_N500_POCOL_seed003,primary,POCOL,X-PC (PoCol static disjoint allocation + post-range low power),500,5212820311653467928,3,,234.0,117000.0,3510.0,1755000.0,16344711184.501648,0x000000000000000043452a5f9f3b556ff7e275b07e7ab92aaa811243a4bb4730,1.4245014245014244e-20,10000.0,600.0,70200000000000000000,140400000000000000,13,13,13,4.680000000000001,1167801411770526760463,1167801411770526760463,0,0.0,4294967296,0.9999999999963222,22,4990604.32380567,9395.676194330088,0.0018791352388660176,688.3233821436502,552.6009771840609,438.49326156547824,1542.359689626393,0,0.0,4000,8,8,0,4000,4000,4000,2.3489190485825215,2.5503436645904003,5.40689073386784,500,1.0,0.9395676194330088,500,1.8189894035458565e-12,1.12238261299307e-16,17517021176.557903,17517021176.557903,4865.839215710529,0.0682667770001899,2d3c243b36e904ca04bf391b0a4adc73c8cbe273,b871c98ea1c612cdbd5a2223ff017610d908ae78fe08d509113f86983218cebf
8X_N500_POW_seed004,primary,POW,"X-PW (traditional competitive PoW, per-miner distinct templates)",500,1493634387465783589,4,,234.0,117000.0,3510.0,1755000.0,16344711184.501648,0x000000000000000043452a5f9f3b556ff7e275b07e7ab92aaa811243a4bb4730,1.4245014245014244e-20,10000.0,600.0,70200000000000000000,140400000000000000,18,18,18,6.48,1169999999999999999459,1169999999999999999459,0,0.0,4294967296,0.999999999996329,14000,5000000.0,0.0,0.0,553.3648019852411,451.3130141771878,471.10731109942566,1442.701259103105,0,0.0,4500,0,0,0,0,0,0,0.0,0.0,0.0,0,0.0,0.0,0,0.0,0.0,17550000000.0,17550000000.0,4875.0,0.06749098699992828,2d3c243b36e904ca04bf391b0a4adc73c8cbe273,b871c98ea1c612cdbd5a2223ff017610d908ae78fe08d509113f86983218cebf
8X_N500_POCOL_seed004,primary,POCOL,X-PC (PoCol static disjoint allocation + post-range low power),500,1493634387465783589,4,,234.0,117000.0,3510.0,1755000.0,16344711184.501648,0x000000000000000043452a5f9f3b556ff7e275b07e7ab92aaa811243a4bb4730,1.4245014245014244e-20,10000.0,600.0,70200000000000000000,140400000000000000,18,18,18,6.48,1167350159303938294399,1167350159303938294399,0,0.0,4294967296,0.9999999999963207,28,4988675.894461276,11324.105538725229,0.0022648211077450457,554.6821325035066,451.3130141771878,473.19807235979044,1450.5392011201275,0,0.0,4500,9,9,0,4500,4500,4500,2.5164678974945027,2.618255652010248,6.567988855775184,500,1.0,1.1324105538725255,500,1.8189894035458565e-12,2.245632965487492e-16,17510252389.55908,17510252389.55908,4863.958997099744,0.08633868500010067,2d3c243b36e904ca04bf391b0a4adc73c8cbe273,b871c98ea1c612cdbd5a2223ff017610d908ae78fe08d509113f86983218cebf
8X_N500_POW_seed005,primary,POW,"X-PW (traditional competitive PoW, per-miner distinct templates)",500,349906842534328690,5,,234.0,117000.0,3510.0,1755000.0,16344711184.501648,0x000000000000000043452a5f9f3b556ff7e275b07e7ab92aaa811243a4bb4730,1.4245014245014244e-20,10000.0,600.0,70200000000000000000,140400000000000000,13,13,13,4.680000000000001,1169999999999999997542,1169999999999999997542,0,0.0,4294967296,0.999999999996329,12000,5000000.0,0.0,0.0,685.9406598819352,475.55373924058676,605.8988754898224,1625.6596027854594,0,0.0,5000,0,0,0,0,0,0,0.0,0.0,0.0,0,0.0,0.0,0,0.0,0.0,17550000000.0,17550000000.0,4875.0,0.05722362599999542,2d3c243b36e904ca04bf391b0a4adc73c8cbe273,b871c98ea1c612cdbd5a2223ff017610d908ae78fe08d509113f86983218cebf
8X_N500_POCOL_seed005,primary,POCOL,X-PC (PoCol static disjoint allocation + post-range low power),500,349906842534328690,5,,234.0,117000.0,3510.0,1755000.0,16344711184.501648,0x000000000000000043452a5f9f3b556ff7e275b07e7ab92aaa811243a4bb4730,1.4245014245014244e-20,10000.0,600.0,70200000000000000000,140400000000000000,13,13,13,4.680000000000001,1166799118518833016368,1166799118518833016368,0,0.0,4294967296,0.9999999999963191,24,4986321.019311258,13678.980688747786,0.0027357961377495574,687.7792591342716,475.553739240587,608.621487258922,1632.8933721423473,0,0.0,5000,10,10,0,5000,5000,5000,2.735796137749562,2.674858647189467,6.062853615900167,500,1.0,1.3678980688747813,500,1.8189894035458565e-12,1.1233467519789205e-15,17501986777.782513,17501986777.782513,4861.662993828476,0.07654939500025648,2d3c243b36e904ca04bf391b0a4adc73c8cbe273,b871c98ea1c612cdbd5a2223ff017610d908ae78fe08d509113f86983218cebf
8X_N500_POW_seed006,primary,POW,"X-PW (traditional competitive PoW, per-miner distinct templates)",500,2558760955731327512,6,,234.0,117000.0,3510.0,1755000.0,16344711184.501648,0x000000000000000043452a5f9f3b556ff7e275b07e7ab92aaa811243a4bb4730,1.4245014245014244e-20,10000.0,600.0,70200000000000000000,140400000000000000,23,23,23,8.280000000000001,1170000000000000003050,1170000000000000003050,0,0.0,4294967296,0.999999999996329,15500,5000000.0,0.0,0.0,405.67883799166196,303.83427058423604,356.3177945816965,1087.5394148268867,0,0.0,3500,0,0,0,0,0,0,0.0,0.0,0.0,0,0.0,0.0,0,0.0,0.0,17550000000.0,17550000000.0,4875.0,0.08083755300003759,2d3c243b36e904ca04bf391b0a4adc73c8cbe273,b871c98ea1c612cdbd5a2223ff017610d908ae78fe08d509113f86983218cebf
8X_N500_POCOL_seed006,primary,POCOL,X-PC (PoCol static disjoint allocation + post-range low power),500,2558760955731327512,6,,234.0,117000.0,3510.0,1755000.0,16344711184.501648,0x000000000000000043452a5f9f3b556ff7e275b07e7ab92aaa811243a4bb4730,1.4245014245014244e-20,10000.0,600.0,70200000000000000000,140400000000000000,23,23,23,8.280000000000001,1167821826148789867745,1167821826148789867745,0,0.0,4294967296,0.9999999999963223,31,4990691.564738417,9308.435261581766,0.0018616870523163532,406.3411057242597,303.83427058423604,357.6597648376745,1090.5011124351474,0,0.0,3500,7,7,0,3500,3500,3500,2.659552931880507,2.762434622981573,6.410058303390542,500,1.0,0.9308435261581776,500,1.8189894035458565e-12,2.2447259858508656e-16,17517327392.231842,17517327392.231842,4865.9242756199565,0.10112521500013827,2d3c243b36e904ca04bf391b0a4adc73c8cbe273,b871c98ea1c612cdbd5a2223ff017610d908ae78fe08d509113f86983218cebf
8X_N500_POW_seed007,primary,POW,"X-PW (traditional competitive PoW, per-miner distinct templates)",500,7890926658382884983,7,,234.0,117000.0,3510.0,1755000.0,16344711184.501648,0x000000000000000043452a5f9f3b556ff7e275b07e7ab92aaa811243a4bb4730,1.4245014245014244e-20,10000.0,600.0,70200000000000000000,140400000000000000,18,18,18,6.48,1169999999999999998292,1169999999999999998292,0,0.0,4294967296,0.999999999996329,14500,5000000.0,0.0,0.0,554.955200537944,375.5440221947187,507.145895337444,1439.027885405675,0,0.0,5000,0,0,0,0,0,0,0.0,0.0,0.0,0,0.0,0.0,0,0.0,0.0,17550000000.0,17550000000.0,4875.0,0.07515679600010117,2d3c243b36e904ca04bf391b0a4adc73c8cbe273,b871c98ea1c612cdbd5a2223ff017610d908ae78fe08d509113f86983218cebf
8X_N500_POCOL_seed007,primary,POCOL,X-PC (PoCol static disjoint allocation + post-range low power),500,7890926658382884983,7,,234.0,117000.0,3510.0,1755000.0,16344711184.501648,0x000000000000000043452a5f9f3b556ff7e275b07e7ab92aaa811243a4bb4730,1.4245014245014244e-20,10000.0,600.0,70200000000000000000,140400000000000000,17,17,17,6.12,1166626960681559441943,1166626960681559441943,0,0.0,4294967296,0.9999999999963185,28,4985585.302057946,14414.69794205368,0.002882939588410736,586.2981044352364,385.40861851414763,508.7736369159937,1446.1240138880505,0,0.0,5000,10,10,0,5000,5000,5000,2.882939588410724,2.820981207226623,6.08876973799488,500,1.0,1.441469794205368,500,1.8189894035458565e-12,0.0,17499404410.223392,17499404410.223392,4860.945669506498,0.09240035599987095,2d3c243b36e904ca04bf391b0a4adc73c8cbe273,b871c98ea1c612cdbd5a2223ff017610d908ae78fe08d509113f86983218cebf
8X_N500_POW_seed008,primary,POW,"X-PW (traditional competitive PoW, per-miner distinct templates)",500,3687042657521687600,8,,234.0,117000.0,3510.0,1755000.0,16344711184.501648,0x000000000000000043452a5f9f3b556ff7e275b07e7ab92aaa811243a4bb4730,1.4245014245014244e-20,10000.0,600.0,70200000000000000000,140400000000000000,17,17,17,6.12,1169999999999999997994,1169999999999999997994,0,0.0,4294967296,0.999999999996329,14500,5000000.0,0.0,0.0,501.0952541078037,207.3125559236496,620.8200371787061,1696.2224039811238,0,0.0,5500,0,0,0,0,0,0,0.0,0.0,0.0,0,0.0,0.0,0,0.0,0.0,17550000000.0,17550000000.0,4875.0,0.0772555549997378,2d3c243b36e904ca04bf391b0a4adc73c8cbe273,b871c98ea1c612cdbd5a2223ff017610d908ae78fe08d509113f86983218cebf
8X_N500_POCOL_seed008,primary,POCOL,X-PC (PoCol static disjoint allocation + post-range low power),500,3687042657521687600,8,,234.0,117000.0,3510.0,1755000.0,16344711184.501648,0x000000000000000043452a5f9f3b556ff7e275b07e7ab92aaa811243a4bb4730,1.4245014245014244e-20,10000.0,600.0,70200000000000000000,140400000000000000,17,17,17,6.12,1166537536774103720818,1166537536774103720818,0,0.0,4294967296,0.9999999999963182,29,4985203.14860728,14796.851392719132,0.0029593702785438267,502.4627785212598,207.3125559236487,623.0209877955274,1701.8056246228564,0,0.0,5500,11,11,0,5500,5500,5500,2.6903366168580183,2.675431834396477,6.188961477635985,500,1.0,1.4796851392719128,500,1.8189894035458565e-12,2.2471972974390743e-16,17498063051.611553,17498063051.611553,4860.573069892098,0.09411113799978921,2d3c243b36e904ca04bf391b0a4adc73c8cbe273,b871c98ea1c612cdbd5a2223ff017610d908ae78fe08d509113f86983218cebf
8X_N500_POW_seed009,primary,POW,"X-PW (traditional competitive PoW, per-miner distinct templates)",500,5165136745342788261,9,,234.0,117000.0,3510.0,1755000.0,16344711184.501648,0x000000000000000043452a5f9f3b556ff7e275b07e7ab92aaa811243a4bb4730,1.4245014245014244e-20,10000.0,600.0,70200000000000000000,140400000000000000,17,17,17,6.12,1169999999999999998292,1169999999999999998292,0,0.0,4294967296,0.999999999996329,13994,5000000.0,0.0,0.0,504.486207256925,374.8804568952073,409.614372255256,1331.3196572887198,0,0.0,4994,0,0,0,0,0,0,0.0,0.0,0.0,0,0.0,0.0,0,0.0,0.0,17550000000.0,17550000000.0,4875.0,0.06855618700001287,2d3c243b36e904ca04bf391b0a4adc73c8cbe273,b871c98ea1c612cdbd5a2223ff017610d908ae78fe08d509113f86983218cebf
8X_N500_POCOL_seed009,primary,POCOL,X-PC (PoCol static disjoint allocation + post-range low power),500,5165136745342788261,9,,234.0,117000.0,3510.0,1755000.0,16344711184.501648,0x000000000000000043452a5f9f3b556ff7e275b07e7ab92aaa811243a4bb4730,1.4245014245014244e-20,10000.0,600.0,70200000000000000000,140400000000000000,17,17,17,6.12,1166937390066867690855,1166937390066867690855,0,0.0,4294967296,0.9999999999963195,28,4986911.923362682,13088.076637317556,0.002617615327463511,505.7362963326787,374.8804568952073,411.42917416380135,1336.7205363271712,0,0.0,5000,10,10,0,5000,5000,5000,2.617615327463514,2.6381739186560935,5.598431258052187,500,1.0,1.3088076637317567,500,1.8189894035458565e-12,1.123213645528055e-16,17504060851.003014,17504060851.003014,4862.239125278615,0.09086891400011154,2d3c243b36e904ca04bf391b0a4adc73c8cbe273,b871c98ea1c612cdbd5a2223ff017610d908ae78fe08d509113f86983218cebf
8X_N500_POW_seed010,primary,POW,"X-PW (traditional competitive PoW, per-miner distinct templates)",500,3156971904625785319,10,,234.0,117000.0,3510.0,1755000.0,16344711184.501648,0x000000000000000043452a5f9f3b556ff7e275b07e7ab92aaa811243a4bb4730,1.4245014245014244e-20,10000.0,600.0,70200000000000000000,140400000000000000,18,18,18,6.48,1169999999999999999279,1169999999999999999279,0,0.0,4294967296,0.999999999996329,13459,5000000.0,0.0,0.0,477.3362415963867,497.6560684930678,361.88570834395193,1036.6134651950479,0,0.0,4000,0,0,0,0,0,0,0.0,0.0,0.0,0,0.0,0.0,0,0.0,0.0,17550000000.0,17550000000.0,4875.0,0.06696497799975987,2d3c243b36e904ca04bf391b0a4adc73c8cbe273,b871c98ea1c612cdbd5a2223ff017610d908ae78fe08d509113f86983218cebf
8X_N500_POCOL_seed010,primary,POCOL,X-PC (PoCol static disjoint allocation + post-range low power),500,3156971904625785319,10,,234.0,117000.0,3510.0,1755000.0,16344711184.501648,0x000000000000000043452a5f9f3b556ff7e275b07e7ab92aaa811243a4bb4730,1.4245014245014244e-20,10000.0,600.0,70200000000000000000,140400000000000000,18,18,18,6.48,1167766553289924421639,1167766553289924421639,0,0.0,4294967296,0.999999999996322,27,4990455.355939844,9544.64406015204,0.0019089288120304082,478.1538962952248,497.6560684930678,362.78931147485366,1038.1979894674162,0,0.0,4000,8,8,0,4000,4000,4000,2.38616101503801,2.498484176835518,6.461349777550822,500,1.0,0.9544644060152037,500,1.8189894035458565e-12,8.979328933902667e-16,17516498299.34885,17516498299.34885,4865.6939720413475,0.09203383000021859,2d3c243b36e904ca04bf391b0a4adc73c8cbe273,b871c98ea1c612cdbd5a2223ff017610d908ae78fe08d509113f86983218cebf
8X_N500_POW_seed011,primary,POW,"X-PW (traditional competitive PoW, per-miner distinct templates)",500,8079052055583561862,11,,234.0,117000.0,3510.0,1755000.0,16344711184.501648,0x000000000000000043452a5f9f3b556ff7e275b07e7ab92aaa811243a4bb4730,1.4245014245014244e-20,10000.0,600.0,70200000000000000000,140400000000000000,6,6,6,2.16,1170000000000000001643,1170000000000000001643,0,0.0,4294967296,0.999999999996329,10000,5000000.0,0.0,0.0,1005.7828867781847,889.6501723949748,372.2608803410638,1509.6431497486005,0,0.0,6500,0,0,0,0,0,0,0.0,0.0,0.0,0,0.0,0.0,0,0.0,0.0,17550000000.0,17550000000.0,4875.0,0.046213292999709665,2d3c243b36e904ca04bf391b0a4adc73c8cbe273,b871c98ea1c612cdbd5a2223ff017610d908ae78fe08d509113f86983218cebf
8X_N500_POCOL_seed011,primary,POCOL,X-PC (PoCol static disjoint allocation + post-range low power),500,8079052055583561862,11,,234.0,117000.0,3510.0,1755000.0,16344711184.501648,0x000000000000000043452a5f9f3b556ff7e275b07e7ab92aaa811243a4bb4730,1.4245014245014244e-20,10000.0,600.0,70200000000000000000,140400000000000000,6,6,6,2.16,1164944929548926518839,1164944929548926518839,0,0.0,4294967296,0.9999999999963132,20,4978397.13482447,21602.865175527684,0.004320573035105537,1009.9754335870022,894.2235090259969,373.7660012588656,1515.4020177885845,0,0.0,6500,13,13,0,6500,6500,6500,3.3235177193119587,3.2857008911491903,7.304135066869094,500,1.0,2.160286517552765,500,1.8189894035458565e-12,5.625673655266773e-16,17474173943.233887,17474173943.233887,4853.9372064538575,0.06698140399976182,2d3c243b36e904ca04bf391b0a4adc73c8cbe273,b871c98ea1c612cdbd5a2223ff017610d908ae78fe08d509113f86983218cebf
8X_N500_POW_seed012,primary,POW,"X-PW (traditional competitive PoW, per-miner distinct templates)",500,1478038051582526088,12,,234.0,117000.0,3510.0,1755000.0,16344711184.501648,0x000000000000000043452a5f9f3b556ff7e275b07e7ab92aaa811243a4bb4730,1.4245014245014244e-20,10000.0,600.0,70200000000000000000,140400000000000000,10,10,10,3.6,1170000000000000004173,1170000000000000004173,0,0.0,4294967296,0.999999999996329,11500,5000000.0,0.0,0.0,935.2101699553439,791.6591518311748,773.8956318456095,2246.9727525618364,0,0.0,6000,0,0,0,0,0,0,0.0,0.0,0.0,0,0.0,0.0,0,0.0,0.0,17550000000.0,17550000000.0,4875.0,0.058409439000115526,2d3c243b36e904ca04bf391b0a4adc73c8cbe273,b871c98ea1c612cdbd5a2223ff017610d908ae78fe08d509113f86983218cebf
8X_N500_POCOL_seed012,primary,POCOL,X-PC (PoCol static disjoint allocation + post-range low power),500,1478038051582526088,12,,234.0,117000.0,3510.0,1755000.0,16344711184.501648,0x000000000000000043452a5f9f3b556ff7e275b07e7ab92aaa811243a4bb4730,1.4245014245014244e-20,10000.0,600.0,70200000000000000000,140400000000000000,10,10,10,3.6,1165953566935561482772,1165953566935561482772,0,0.0,4294967296,0.9999999999963164,23,4982707.551006674,17292.44899332702,0.003458489798665404,938.2276296949573,794.2650652394423,777.8041711352195,2257.2917556611665,0,0.0,6000,12,12,0,6000,6000,6000,2.8820748322211767,2.848093736548435,6.601198226398083,500,1.0,1.7292448993327034,500,1.8189894035458565e-12,1.1241614050248358e-16,17489303504.033424,17489303504.033424,4858.139862231506,0.07462854899995364,2d3c243b36e904ca04bf391b0a4adc73c8cbe273,b871c98ea1c612cdbd5a2223ff017610d908ae78fe08d509113f86983218cebf
8X_N500_POW_seed013,primary,POW,"X-PW (traditional competitive PoW, per-miner distinct templates)",500,431967532912089508,13,,234.0,117000.0,3510.0,1755000.0,16344711184.501648,0x000000000000000043452a5f9f3b556ff7e275b07e7ab92aaa811243a4bb4730,1.4245014245014244e-20,10000.0,600.0,70200000000000000000,140400000000000000,17,17,17,6.12,1170000000000000001775,1170000000000000001775,0,0.0,4294967296,0.999999999996329,14000,5000000.0,0.0,0.0,422.44331950601367,337.6010883488284,358.7343893077085,1022.8002155285972,0,0.0,5000,0,0,0,0,0,0,0.0,0.0,0.0,0,0.0,0.0,0,0.0,0.0,17550000000.0,17550000000.0,4875.0,0.06925210800000059,2d3c243b36e904ca04bf391b0a4adc73c8cbe273,b871c98ea1c612cdbd5a2223ff017610d908ae78fe08d509113f86983218cebf
8X_N500_POCOL_seed013,primary,POCOL,X-PC (PoCol static disjoint allocation + post-range low power),500,431967532912089508,13,,234.0,117000.0,3510.0,1755000.0,16344711184.501648,0x000000000000000043452a5f9f3b556ff7e275b07e7ab92aaa811243a4bb4730,1.4245014245014244e-20,10000.0,600.0,70200000000000000000,140400000000000000,17,17,17,6.12,1166676120049560927681,1166676120049560927681,0,0.0,4294967296,0.9999999999963186,28,4985795.384827179,14204.615172816566,0.002840923034563313,423.4031146257662,337.6010883488284,360.00499806850075,1025.3196940393957,0,0.0,5000,10,10,0,5000,5000,5000,2.840923034563312,2.592776506563041,7.211240829800317,500,1.0,1.420461517281657,500,1.8189894035458565e-12,1.0111186641498148e-15,17500141800.743397,17500141800.743397,4861.150500206499,0.09873880899976939,2d3c243b36e904ca04bf391b0a4adc73c8cbe273,b871c98ea1c612cdbd5a2223ff017610d908ae78fe08d509113f86983218cebf
8X_N500_POW_seed014,primary,POW,"X-PW (traditional competitive PoW, per-miner distinct templates)",500,3282352798337906545,14,,234.0,117000.0,3510.0,1755000.0,16344711184.501648,0x000000000000000043452a5f9f3b556ff7e275b07e7ab92aaa811243a4bb4730,1.4245014245014244e-20,10000.0,600.0,70200000000000000000,140400000000000000,14,14,14,5.04,1169999999999999994680,1169999999999999994680,0,0.0,4294967296,0.999999999996329,13000,5000000.0,0.0,0.0,668.7165309783933,383.08607930286246,810.3178094326026,2194.903314363059,0,0.0,5500,0,0,0,0,0,0,0.0,0.0,0.0,0,0.0,0.0,0,0.0,0.0,17550000000.0,17550000000.0,4875.0,0.061564792999888596,2d3c243b36e904ca04bf391b0a4adc73c8cbe273,b871c98ea1c612cdbd5a2223ff017610d908ae78fe08d509113f86983218cebf
8X_N500_POCOL_seed014,primary,POCOL,X-PC (PoCol static disjoint allocation + post-range low power),500,3282352798337906545,14,,234.0,117000.0,3510.0,1755000.0,16344711184.501648,0x000000000000000043452a5f9f3b556ff7e275b07e7ab92aaa811243a4bb4730,1.4245014245014244e-20,10000.0,600.0,70200000000000000000,140400000000000000,14,14,14,5.04,1166080555115676131819,1166080555115676131819,0,0.0,4294967296,0.9999999999963167,26,4983250.235537078,16749.764462922547,0.0033499528925845096,670.9496285797833,383.08607930286246,814.76310738241,2204.4472025813257,0,0.0,5500,11,11,0,5500,5500,5500,3.0454117205313667,2.96764060532837,7.4334818340748825,500,1.0,1.674976446292256,500,1.8189894035458565e-12,1.1240389819123392e-16,17491208326.735146,17491208326.735146,4858.668979648652,0.08288686400010192,2d3c243b36e904ca04bf391b0a4adc73c8cbe273,b871c98ea1c612cdbd5a2223ff017610d908ae78fe08d509113f86983218cebf
8X_N500_POW_seed015,primary,POW,"X-PW (traditional competitive PoW, per-miner distinct templates)",500,3447193969005866655,15,,234.0,117000.0,3510.0,1755000.0,16344711184.501648,0x000000000000000043452a5f9f3b556ff7e275b07e7ab92aaa811243a4bb4730,1.4245014245014244e-20,10000.0,600.0,70200000000000000000,140400000000000000,19,19,19,6.84,1169999999999999999798,1169999999999999999798,0,0.0,4294967296,0.999999999996329,13500,5000000.0,0.0,0.0,440.21539830967566,369.94197883254265,389.3090579586029,1186.5912785437222,0,0.0,3500,0,0,0,0,0,0,0.0,0.0,0.0,0,0.0,0.0,0,0.0,0.0,17550000000.0,17550000000.0,4875.0,0.07323075999966022,2d3c243b36e904ca04bf391b0a4adc73c8cbe273,b871c98ea1c612cdbd5a2223ff017610d908ae78fe08d509113f86983218cebf
8X_N500_POCOL_seed015,primary,POCOL,X-PC (PoCol static disjoint allocation + post-range low power),500,3447193969005866655,15,,234.0,117000.0,3510.0,1755000.0,16344711184.501648,0x000000000000000043452a5f9f3b556ff7e275b07e7ab92aaa811243a4bb4730,1.4245014245014244e-20,10000.0,600.0,70200000000000000000,140400000000000000,19,19,19,6.84,1167438725383139892098,1167438725383139892098,0,0.0,4294967296,0.999999999996321,27,4989054.381979228,10945.61802076969,0.002189123604153938,441.0941972479079,369.94197883254265,391.03176848355236,1190.8164322457867,0,0.0,3500,7,7,0,3500,3500,3500,3.1273194345056265,3.1217222518471317,6.413456111083178,500,1.0,1.0945618020769692,500,1.8189894035458565e-12,4.4909252074701825e-16,17511580880.74709,17511580880.74709,4864.328022429747,0.08569928300039464,2d3c243b36e904ca04bf391b0a4adc73c8cbe273,b871c98ea1c612cdbd5a2223ff017610d908ae78fe08d509113f86983218cebf
8X_N500_POW_seed016,primary,POW,"X-PW (traditional competitive PoW, per-miner distinct templates)",500,3787989265829909659,16,,234.0,117000.0,3510.0,1755000.0,16344711184.501648,0x000000000000000043452a5f9f3b556ff7e275b07e7ab92aaa811243a4bb4730,1.4245014245014244e-20,10000.0,600.0,70200000000000000000,140400000000000000,15,15,15,5.4,1170000000000000000270,1170000000000000000270,0,0.0,4294967296,0.999999999996329,12500,5000000.0,0.0,0.0,644.080599815088,549.8732925380914,517.5729386567623,1493.2829202602552,0,0.0,4500,0,0,0,0,0,0,0.0,0.0,0.0,0,0.0,0.0,0,0.0,0.0,17550000000.0,17550000000.0,4875.0,0.06036366300031659,2d3c243b36e904ca04bf391b0a4adc73c8cbe273,b871c98ea1c612cdbd5a2223ff017610d908ae78fe08d509113f86983218cebf
8X_N500_POCOL_seed016,primary,POCOL,X-PC (PoCol static disjoint allocation + post-range low power),500,3787989265829909659,16,,234.0,117000.0,3510.0,1755000.0,16344711184.501648,0x000000000000000043452a5f9f3b556ff7e275b07e7ab92aaa811243a4bb4730,1.4245014245014244e-20,10000.0,600.0,70200000000000000000,140400000000000000,15,15,15,5.4,1166876463141785578834,1166876463141785578834,0,0.0,4294967296,0.9999999999963193,25,4986651.551887972,13348.448112027467,0.0026696896224054933,645.7729677991314,549.8732925380914,520.0844167866472,1499.795919543523,0,0.0,4500,9,9,0,4500,4500,4500,2.96632180267277,2.9372994992100985,7.07448201363286,500,1.0,1.3348448112027451,500,1.8189894035458565e-12,0.0,17503146947.12678,17503146947.12678,4861.985263090773,0.07783778999964852,2d3c243b36e904ca04bf391b0a4adc73c8cbe273,b871c98ea1c612cdbd5a2223ff017610d908ae78fe08d509113f86983218cebf
8X_N500_POW_seed017,primary,POW,"X-PW (traditional competitive PoW, per-miner distinct templates)",500,2197885266553486539,17,,234.0,117000.0,3510.0,1755000.0,16344711184.501648,0x000000000000000043452a5f9f3b556ff7e275b07e7ab92aaa811243a4bb4730,1.4245014245014244e-20,10000.0,600.0,70200000000000000000,140400000000000000,17,17,17,6.12,1170000000000000000963,1170000000000000000963,0,0.0,4294967296,0.999999999996329,13000,5000000.0,0.0,0.0,569.8685090418467,334.69939353910377,636.8716314495575,1829.0987550064576,0,0.0,4000,0,0,0,0,0,0,0.0,0.0,0.0,0,0.0,0.0,0,0.0,0.0,17550000000.0,17550000000.0,4875.0,0.06391064899980847,2d3c243b36e904ca04bf391b0a4adc73c8cbe273,b871c98ea1c612cdbd5a2223ff017610d908ae78fe08d509113f86983218cebf
8X_N500_POCOL_seed017,primary,POCOL,X-PC (PoCol static disjoint allocation + post-range low power),500,2197885266553486539,17,,234.0,117000.0,3510.0,1755000.0,16344711184.501648,0x000000000000000043452a5f9f3b556ff7e275b07e7ab92aaa811243a4bb4730,1.4245014245014244e-20,10000.0,600.0,70200000000000000000,140400000000000000,17,17,17,6.12,1167288158872942648327,1167288158872942648327,0,0.0,4294967296,0.9999999999963206,26,4988410.935354449,11589.064645544244,0.0023178129291088487,571.2223012359822,334.69939353910377,639.9620864767436,1835.5732328202807,0,0.0,4000,8,8,0,4000,4000,4000,2.897266161386063,2.9123657088935033,6.126366914134451,500,1.0,1.158906464554423,500,1.8189894035458565e-12,1.4597389573841064e-15,17509322383.094116,17509322383.094116,4863.700661970588,0.08657016200004364,2d3c243b36e904ca04bf391b0a4adc73c8cbe273,b871c98ea1c612cdbd5a2223ff017610d908ae78fe08d509113f86983218cebf
8X_N500_POW_seed018,primary,POW,"X-PW (traditional competitive PoW, per-miner distinct templates)",500,2431420697959460063,18,,234.0,117000.0,3510.0,1755000.0,16344711184.501648,0x000000000000000043452a5f9f3b556ff7e275b07e7ab92aaa811243a4bb4730,1.4245014245014244e-20,10000.0,600.0,70200000000000000000,140400000000000000,21,21,21,7.5600000000000005,1169999999999999999872,1169999999999999999872,0,0.0,4294967296,0.999999999996329,14500,5000000.0,0.0,0.0,464.38518907130117,320.3308894179063,506.6678782148352,1464.1793910391034,0,0.0,3500,0,0,0,0,0,0,0.0,0.0,0.0,0,0.0,0.0,0,0.0,0.0,17550000000.0,17550000000.0,4875.0,0.07385207900006208,2d3c243b36e904ca04bf391b0a4adc73c8cbe273,b871c98ea1c612cdbd5a2223ff017610d908ae78fe08d509113f86983218cebf
8X_N500_POCOL_seed018,primary,POCOL,X-PC (PoCol static disjoint allocation + post-range low power),500,2431420697959460063,18,,234.0,117000.0,3510.0,1755000.0,16344711184.501648,0x000000000000000043452a5f9f3b556ff7e275b07e7ab92aaa811243a4bb4730,1.4245014245014244e-20,10000.0,600.0,70200000000000000000,140400000000000000,21,21,21,7.5600000000000005,1167548701006271895619,1167548701006271895619,0,0.0,4294967296,0.9999999999963214,29,4989524.36327466,10475.63672533377,0.0020951273450667543,465.33181205719205,320.3308894179063,508.7678856471797,1470.741879678817,0,0.0,3500,7,7,0,3500,3500,3500,2.9930390643810783,3.0028756043593603,5.979166961193187,500,1.0,1.0475636725333775,500,1.8189894035458565e-12,1.2348881025325699e-15,17513230515.094055,17513230515.094055,4864.786254192793,0.08842031500034864,2d3c243b36e904ca04bf391b0a4adc73c8cbe273,b871c98ea1c612cdbd5a2223ff017610d908ae78fe08d509113f86983218cebf
8X_N500_POW_seed019,primary,POW,"X-PW (traditional competitive PoW, per-miner distinct templates)",500,3695536046059844503,19,,234.0,117000.0,3510.0,1755000.0,16344711184.501648,0x000000000000000043452a5f9f3b556ff7e275b07e7ab92aaa811243a4bb4730,1.4245014245014244e-20,10000.0,600.0,70200000000000000000,140400000000000000,15,15,15,5.4,1169999999999999994540,1169999999999999994540,0,0.0,4294967296,0.999999999996329,12500,5000000.0,0.0,0.0,650.4334066552991,585.7065309153977,426.4215618217111,1300.282152268046,0,0.0,4500,0,0,0,0,0,0,0.0,0.0,0.0,0,0.0,0.0,0,0.0,0.0,17550000000.0,17550000000.0,4875.0,0.06334761200014327,2d3c243b36e904ca04bf391b0a4adc73c8cbe273,b871c98ea1c612cdbd5a2223ff017610d908ae78fe08d509113f86983218cebf
8X_N500_POCOL_seed019,primary,POCOL,X-PC (PoCol static disjoint allocation + post-range low power),500,3695536046059844503,19,,234.0,117000.0,3510.0,1755000.0,16344711184.501648,0x000000000000000043452a5f9f3b556ff7e275b07e7ab92aaa811243a4bb4730,1.4245014245014244e-20,10000.0,600.0,70200000000000000000,140400000000000000,15,15,15,5.4,1167436777123738511696,1167436777123738511696,0,0.0,4294967296,0.999999999996321,25,4989046.056084348,10953.943915647398,0.0021907887831294796,651.9226761182184,585.7065309153977,428.3588147847837,1306.437981379146,0,0.0,4500,9,9,0,4500,4500,4500,2.4342097590327523,2.5512539699593617,6.087944291962231,500,1.0,1.0953943915647402,500,1.8189894035458565e-12,1.0104598579687955e-15,17511551656.85606,17511551656.85606,4864.319904682239,0.07803742700025396,2d3c243b36e904ca04bf391b0a4adc73c8cbe273,b871c98ea1c612cdbd5a2223ff017610d908ae78fe08d509113f86983218cebf
8X_N500_POW_seed020,primary,POW,"X-PW (traditional competitive PoW, per-miner distinct templates)",500,8644301345824299180,20,,234.0,117000.0,3510.0,1755000.0,16344711184.501648,0x000000000000000043452a5f9f3b556ff7e275b07e7ab92aaa811243a4bb4730,1.4245014245014244e-20,10000.0,600.0,70200000000000000000,140400000000000000,17,17,17,6.12,1169999999999999999323,1169999999999999999323,0,0.0,4294967296,0.999999999996329,14352,5000000.0,0.0,0.0,566.1200759385533,193.16834559061934,845.7745073962077,2180.6934526085797,0,0.0,5352,0,0,0,0,0,0,0.0,0.0,0.0,0,0.0,0.0,0,0.0,0.0,17550000000.0,17550000000.0,4875.0,0.07021368699997765,2d3c243b36e904ca04bf391b0a4adc73c8cbe273,b871c98ea1c612cdbd5a2223ff017610d908ae78fe08d509113f86983218cebf
8X_N500_POCOL_seed020,primary,POCOL,X-PC (PoCol static disjoint allocation + post-range low power),500,8644301345824299180,20,,234.0,117000.0,3510.0,1755000.0,16344711184.501648,0x000000000000000043452a5f9f3b556ff7e275b07e7ab92aaa811243a4bb4730,1.4245014245014244e-20,10000.0,600.0,70200000000000000000,140400000000000000,17,17,17,6.12,1166276364419655837186,1166276364419655837186,0,0.0,4294967296,0.9999999999963174,29,4984087.027434428,15912.972565573367,0.0031825945131146735,588.2273233839953,212.989262375806,843.6602416511041,2191.2849180339,0,0.0,5500,11,11,0,5500,5500,5500,2.8932677391951516,2.814511623620092,6.896177556273869,500,1.0,1.5912972565573322,500,1.8189894035458565e-12,3.371550791871409e-16,17494145466.29484,17494145466.29484,4859.484851748567,0.09041923899985704,2d3c243b36e904ca04bf391b0a4adc73c8cbe273,b871c98ea1c612cdbd5a2223ff017610d908ae78fe08d509113f86983218cebf
8X_N500_POW_seed021,primary,POW,"X-PW (traditional competitive PoW, per-miner distinct templates)",500,6968863412458885356,21,,234.0,117000.0,3510.0,1755000.0,16344711184.501648,0x000000000000000043452a5f9f3b556ff7e275b07e7ab92aaa811243a4bb4730,1.4245014245014244e-20,10000.0,600.0,70200000000000000000,140400000000000000,19,19,19,6.84,1170000000000000000092,1170000000000000000092,0,0.0,4294967296,0.999999999996329,13500,5000000.0,0.0,0.0,497.88768003566935,375.6754066897711,451.93146758243614,1449.288751733126,0,0.0,3500,0,0,0,0,0,0,0.0,0.0,0.0,0,0.0,0.0,0,0.0,0.0,17550000000.0,17550000000.0,4875.0,0.06802079599992794,2d3c243b36e904ca04bf391b0a4adc73c8cbe273,b871c98ea1c612cdbd5a2223ff017610d908ae78fe08d509113f86983218cebf
8X_N500_POCOL_seed021,primary,POCOL,X-PC (PoCol static disjoint allocation + post-range low power),500,6968863412458885356,21,,234.0,117000.0,3510.0,1755000.0,16344711184.501648,0x000000000000000043452a5f9f3b556ff7e275b07e7ab92aaa811243a4bb4730,1.4245014245014244e-20,10000.0,600.0,70200000000000000000,140400000000000000,19,19,19,6.84,1168091753235719845452,1168091753235719845452,0,0.0,4294967296,0.999999999996323,27,4991845.099297943,8154.900702051946,0.0016309801404103892,498.83207782622736,375.6754066897711,453.30820220042676,1453.5175149120307,0,0.0,3500,7,7,0,3500,3500,3500,2.3299716291576984,2.3720160834304806,6.765459905489479,500,1.0,0.8154900702051943,500,1.8189894035458565e-12,1.0098932697129908e-15,17521376298.535778,17521376298.535778,4867.048971815494,0.0888334000001123,2d3c243b36e904ca04bf391b0a4adc73c8cbe273,b871c98ea1c612cdbd5a2223ff017610d908ae78fe08d509113f86983218cebf
8X_N500_POW_seed022,primary,POW,"X-PW (traditional competitive PoW, per-miner distinct templates)",500,1228799680501299399,22,,234.0,117000.0,3510.0,1755000.0,16344711184.501648,0x000000000000000043452a5f9f3b556ff7e275b07e7ab92aaa811243a4bb4730,1.4245014245014244e-20,10000.0,600.0,70200000000000000000,140400000000000000,17,17,17,6.12,1169999999999999995408,1169999999999999995408,0,0.0,4294967296,0.999999999996329,14000,5000000.0,0.0,0.0,577.2419668031583,423.7522417539094,464.91021312986624,1369.9353131106918,0,0.0,5000,0,0,0,0,0,0,0.0,0.0,0.0,0,0.0,0.0,0,0.0,0.0,17550000000.0,17550000000.0,4875.0,0.06881684500012852,2d3c243b36e904ca04bf391b0a4adc73c8cbe273,b871c98ea1c612cdbd5a2223ff017610d908ae78fe08d509113f86983218cebf
8X_N500_POCOL_seed022,primary,POCOL,X-PC (PoCol static disjoint allocation + post-range low power),500,1228799680501299399,22,,234.0,117000.0,3510.0,1755000.0,16344711184.501648,0x000000000000000043452a5f9f3b556ff7e275b07e7ab92aaa811243a4bb4730,1.4245014245014244e-20,10000.0,600.0,70200000000000000000,140400000000000000,17,17,17,6.12,1167026794634080226443,1167026794634080226443,0,0.0,4294967296,0.9999999999963197,28,4987293.994162735,12706.005837264009,0.002541201167452802,578.7081635435238,423.7522417539094,466.54850370966614,1374.4939184899092,0,0.0,5000,10,10,0,5000,5000,5000,2.5412011674528006,2.617791338976758,7.298670655653041,500,1.0,1.2706005837264007,500,1.8189894035458565e-12,3.369382792305917e-16,17505401919.5112,17505401919.5112,4862.611644308667,0.09282672500012268,2d3c243b36e904ca04bf391b0a4adc73c8cbe273,b871c98ea1c612cdbd5a2223ff017610d908ae78fe08d509113f86983218cebf
8X_N500_POW_seed023,primary,POW,"X-PW (traditional competitive PoW, per-miner distinct templates)",500,1913678187707743529,23,,234.0,117000.0,3510.0,1755000.0,16344711184.501648,0x000000000000000043452a5f9f3b556ff7e275b07e7ab92aaa811243a4bb4730,1.4245014245014244e-20,10000.0,600.0,70200000000000000000,140400000000000000,19,19,19,6.84,1169999999999999991642,1169999999999999991642,0,0.0,4294967296,0.999999999996329,15000,5000000.0,0.0,0.0,517.2773635420012,448.76791587122386,451.3912948899712,1343.037132356748,0,0.0,5000,0,0,0,0,0,0,0.0,0.0,0.0,0,0.0,0.0,0,0.0,0.0,17550000000.0,17550000000.0,4875.0,0.07918556100003116,2d3c243b36e904ca04bf391b0a4adc73c8cbe273,b871c98ea1c612cdbd5a2223ff017610d908ae78fe08d509113f86983218cebf
8X_N500_POCOL_seed023,primary,POCOL,X-PC (PoCol static disjoint allocation + post-range low power),500,1913678187707743529,23,,234.0,117000.0,3510.0,1755000.0,16344711184.501648,0x000000000000000043452a5f9f3b556ff7e275b07e7ab92aaa811243a4bb4730,1.4245014245014244e-20,10000.0,600.0,70200000000000000000,140400000000000000,19,19,19,6.84,1166605552664983032208,1166605552664983032208,0,0.0,4294967296,0.9999999999963184,30,4985493.814807622,14506.1851923802,0.00290123703847604,518.827373086758,448.76791587122386,453.36264880094717,1349.3176499463798,0,0.0,5000,10,10,0,5000,5000,5000,2.901237038476041,2.906698418531505,6.551680509519883,500,1.0,1.450618519238017,500,1.8189894035458565e-12,4.494132560935623e-16,17499083289.97475,17499083289.97475,4860.856469437431,0.09437525400016966,2d3c243b36e904ca04bf391b0a4adc73c8cbe273,b871c98ea1c612cdbd5a2223ff017610d908ae78fe08d509113f86983218cebf
8X_N500_POW_seed024,primary,POW,"X-PW (traditional competitive PoW, per-miner distinct templates)",500,4932121285862289456,24,,234.0,117000.0,3510.0,1755000.0,16344711184.501648,0x000000000000000043452a5f9f3b556ff7e275b07e7ab92aaa811243a4bb4730,1.4245014245014244e-20,10000.0,600.0,70200000000000000000,140400000000000000,22,22,22,7.92,1169999999999999999919,1169999999999999999919,0,0.0,4294967296,0.999999999996329,14499,5000000.0,0.0,0.0,451.55039118639723,374.09291215681196,402.4868436611317,1091.4847087604637,0,0.0,3000,0,0,0,0,0,0,0.0,0.0,0.0,0,0.0,0.0,0,0.0,0.0,17550000000.0,17550000000.0,4875.0,0.07882413600009386,2d3c243b36e904ca04bf391b0a4adc73c8cbe273,b871c98ea1c612cdbd5a2223ff017610d908ae78fe08d509113f86983218cebf
8X_N500_POCOL_seed024,primary,POCOL,X-PC (PoCol static disjoint allocation + post-range low power),500,4932121285862289456,24,,234.0,117000.0,3510.0,1755000.0,16344711184.501648,0x000000000000000043452a5f9f3b556ff7e275b07e7ab92aaa811243a4bb4730,1.4245014245014244e-20,10000.0,600.0,70200000000000000000,140400000000000000,22,22,22,7.92,1168129617169965825845,1168129617169965825845,0,0.0,4294967296,0.9999999999963232,29,4992006.910982756,7993.08901724006,0.001598617803448012,452.14550795646244,374.09291215681196,403.5628138183483,1094.0019363137615,0,0.0,3000,6,6,0,3000,3000,3000,2.664363005746687,2.589520877472978,6.038359453441672,500,1.0,0.7993089017240058,500,1.8189894035458565e-12,7.854470826814946e-16,17521944257.549473,17521944257.549473,4867.206738208187,0.09298264700009895,2d3c243b36e904ca04bf391b0a4adc73c8cbe273,b871c98ea1c612cdbd5a2223ff017610d908ae78fe08d509113f86983218cebf
8X_N500_POW_seed025,primary,POW,"X-PW (traditional competitive PoW, per-miner distinct templates)",500,1808207741461098536,25,,234.0,117000.0,3510.0,1755000.0,16344711184.501648,0x000000000000000043452a5f9f3b556ff7e275b07e7ab92aaa811243a4bb4730,1.4245014245014244e-20,10000.0,600.0,70200000000000000000,140400000000000000,16,16,16,5.76,1169999999999999999005,1169999999999999999005,0,0.0,4294967296,0.999999999996329,14500,5000000.0,0.0,0.0,543.9377039367496,491.98701448881457,412.13531824164204,1361.6710120291957,0,0.0,6000,0,0,0,0,0,0,0.0,0.0,0.0,0,0.0,0.0,0,0.0,0.0,17550000000.0,17550000000.0,4875.0,0.07150784099985685,2d3c243b36e904ca04bf391b0a4adc73c8cbe273,b871c98ea1c612cdbd5a2223ff017610d908ae78fe08d509113f86983218cebf
8X_N500_POCOL_seed025,primary,POCOL,X-PC (PoCol static disjoint allocation + post-range low power),500,1808207741461098536,25,,234.0,117000.0,3510.0,1755000.0,16344711184.501648,0x000000000000000043452a5f9f3b556ff7e275b07e7ab92aaa811243a4bb4730,1.4245014245014244e-20,10000.0,600.0,70200000000000000000,140400000000000000,16,16,16,5.76,1166349084605172962820,1166349084605172962820,0,0.0,4294967296,0.9999999999963176,29,4984397.797458001,15602.202541995888,0.0031204405083991777,545.5761593162692,493.52947255389563,413.76933040391543,1366.4887399949616,0,0.0,6000,12,12,0,6000,6000,6000,2.600367090332649,2.573017275946995,6.749184383409556,500,1.0,1.560220254199587,500,1.8189894035458565e-12,5.61890096755938e-16,17495236269.077583,17495236269.077583,4859.787852521551,0.09833832399999665,2d3c243b36e904ca04bf391b0a4adc73c8cbe273,b871c98ea1c612cdbd5a2223ff017610d908ae78fe08d509113f86983218cebf
8X_N500_POW_seed026,primary,POW,"X-PW (traditional competitive PoW, per-miner distinct templates)",500,5227458720195675600,26,,234.0,117000.0,3510.0,1755000.0,16344711184.501648,0x000000000000000043452a5f9f3b556ff7e275b07e7ab92aaa811243a4bb4730,1.4245014245014244e-20,10000.0,600.0,70200000000000000000,140400000000000000,22,22,22,7.92,1170000000000000003472,1170000000000000003472,0,0.0,4294967296,0.999999999996329,14500,5000000.0,0.0,0.0,433.46761260517775,335.0893330789463,374.5344953916172,788.9634567061963,0,0.0,3000,0,0,0,0,0,0,0.0,0.0,0.0,0,0.0,0.0,0,0.0,0.0,17550000000.0,17550000000.0,4875.0,0.08256872600031784,2d3c243b36e904ca04bf391b0a4adc73c8cbe273,b871c98ea1c612cdbd5a2223ff017610d908ae78fe08d509113f86983218cebf
8X_N500_POCOL_seed026,primary,POCOL,X-PC (PoCol static disjoint allocation + post-range low power),500,5227458720195675600,26,,234.0,117000.0,3510.0,1755000.0,16344711184.501648,0x000000000000000043452a5f9f3b556ff7e275b07e7ab92aaa811243a4bb4730,1.4245014245014244e-20,10000.0,600.0,70200000000000000000,140400000000000000,22,22,22,7.92,1167864723222320780076,1167864723222320780076,0,0.0,4294967296,0.9999999999963224,29,4990874.885565473,9125.114434526602,0.0018250228869053204,434.2925444907157,335.08933307894586,375.94949067531206,792.4583886732744,0,0.0,3000,6,6,0,3000,3000,3000,3.041704811508866,3.033262942085912,6.7429942806056715,500,1.0,0.9125114434526599,500,1.8189894035458565e-12,1.1223217671850893e-16,17517970848.33481,17517970848.33481,4866.103013426336,0.09739141599993673,2d3c243b36e904ca04bf391b0a4adc73c8cbe273,b871c98ea1c612cdbd5a2223ff017610d908ae78fe08d509113f86983218cebf
8X_N500_POW_seed027,primary,POW,"X-PW (traditional competitive PoW, per-miner distinct templates)",500,5875244136080589253,27,,234.0,117000.0,3510.0,1755000.0,16344711184.501648,0x000000000000000043452a5f9f3b556ff7e275b07e7ab92aaa811243a4bb4730,1.4245014245014244e-20,10000.0,600.0,70200000000000000000,140400000000000000,20,20,20,7.2,1169999999999999999524,1169999999999999999524,0,0.0,4294967296,0.999999999996329,14500,5000000.0,0.0,0.0,470.8251925698698,424.57871623522226,355.75134934885193,1065.7249568651405,0,0.0,4000,0,0,0,0,0,0,0.0,0.0,0.0,0,0.0,0.0,0,0.0,0.0,17550000000.0,17550000000.0,4875.0,0.07488124100018467,2d3c243b36e904ca04bf391b0a4adc73c8cbe273,b871c98ea1c612cdbd5a2223ff017610d908ae78fe08d509113f86983218cebf
8X_N500_POCOL_seed027,primary,POCOL,X-PC (PoCol static disjoint allocation + post-range low power),500,5875244136080589253,27,,234.0,117000.0,3510.0,1755000.0,16344711184.501648,0x000000000000000043452a5f9f3b556ff7e275b07e7ab92aaa811243a4bb4730,1.4245014245014244e-20,10000.0,600.0,70200000000000000000,140400000000000000,20,20,20,7.2,1167275870866624808331,1167275870866624808331,0,0.0,4294967296,0.9999999999963205,29,4988358.422506949,11641.57749305636,0.002328315498611272,472.0144581100127,424.57871623522226,356.9585603455902,1068.1320585744934,0,0.0,4000,8,8,0,4000,4000,4000,2.9103943732640922,2.8996427812046477,6.367706373473993,500,1.0,1.1641577493056376,500,1.8189894035458565e-12,1.0105991475041702e-15,17509138062.99939,17509138062.99939,4863.649461944275,0.09471184600033666,2d3c243b36e904ca04bf391b0a4adc73c8cbe273,b871c98ea1c612cdbd5a2223ff017610d908ae78fe08d509113f86983218cebf
8X_N500_POW_seed028,primary,POW,"X-PW (traditional competitive PoW, per-miner distinct templates)",500,4508414229999547955,28,,234.0,117000.0,3510.0,1755000.0,16344711184.501648,0x000000000000000043452a5f9f3b556ff7e275b07e7ab92aaa811243a4bb4730,1.4245014245014244e-20,10000.0,600.0,70200000000000000000,140400000000000000,19,19,19,6.84,1170000000000000004495,1170000000000000004495,0,0.0,4294967296,0.999999999996329,13500,5000000.0,0.0,0.0,523.1426871724377,346.03398339536216,667.160795783911,1856.5301868135643,0,0.0,3500,0,0,0,0,0,0,0.0,0.0,0.0,0,0.0,0.0,0,0.0,0.0,17550000000.0,17550000000.0,4875.0,0.07427021300009073,2d3c243b36e904ca04bf391b0a4adc73c8cbe273,b871c98ea1c612cdbd5a2223ff017610d908ae78fe08d509113f86983218cebf
8X_N500_POCOL_seed028,primary,POCOL,X-PC (PoCol static disjoint allocation + post-range low power),500,4508414229999547955,28,,234.0,117000.0,3510.0,1755000.0,16344711184.501648,0x000000000000000043452a5f9f3b556ff7e275b07e7ab92aaa811243a4bb4730,1.4245014245014244e-20,10000.0,600.0,70200000000000000000,140400000000000000,19,19,19,6.84,1167839478288352987711,1167839478288352987711,0,0.0,4294967296,0.9999999999963223,27,4990767.001232277,9232.998767722236,0.0018465997535444473,524.1066426899113,346.03398339536216,669.6874204044746,1862.4375552503407,0,0.0,3500,7,7,0,3500,3500,3500,2.637999647920641,2.612002840059631,5.372235729492786,500,1.0,0.9232998767722244,500,1.8189894035458565e-12,1.1223460281725194e-16,17517592174.32529,17517592174.32529,4865.997826201469,0.09218271800000366,2d3c243b36e904ca04bf391b0a4adc73c8cbe273,b871c98ea1c612cdbd5a2223ff017610d908ae78fe08d509113f86983218cebf
8X_N500_POW_seed029,primary,POW,"X-PW (traditional competitive PoW, per-miner distinct templates)",500,5719031026733889488,29,,234.0,117000.0,3510.0,1755000.0,16344711184.501648,0x000000000000000043452a5f9f3b556ff7e275b07e7ab92aaa811243a4bb4730,1.4245014245014244e-20,10000.0,600.0,70200000000000000000,140400000000000000,15,15,15,5.4,1169999999999999998803,1169999999999999998803,0,0.0,4294967296,0.999999999996329,12500,5000000.0,0.0,0.0,618.3479130323359,395.63182107531156,562.5646282734238,1632.2483985198924,0,0.0,4500,0,0,0,0,0,0,0.0,0.0,0.0,0,0.0,0.0,0,0.0,0.0,17550000000.0,17550000000.0,4875.0,0.06215904500004399,2d3c243b36e904ca04bf391b0a4adc73c8cbe273,b871c98ea1c612cdbd5a2223ff017610d908ae78fe08d509113f86983218cebf
8X_N500_POCOL_seed029,primary,POCOL,X-PC (PoCol static disjoint allocation + post-range low power),500,5719031026733889488,29,,234.0,117000.0,3510.0,1755000.0,16344711184.501648,0x000000000000000043452a5f9f3b556ff7e275b07e7ab92aaa811243a4bb4730,1.4245014245014244e-20,10000.0,600.0,70200000000000000000,140400000000000000,15,15,15,5.4,1166926433131510129195,1166926433131510129195,0,0.0,4294967296,0.9999999999963194,25,4986865.098852608,13134.901147392626,0.0026269802294785253,619.8560080370942,395.63182107531156,564.7810589641074,1638.6745265098948,0,0.0,4500,9,9,0,4500,4500,4500,2.9188669216428047,3.082708974781326,7.118506500655712,500,1.0,1.313490114739262,500,1.8189894035458565e-12,2.246448384038421e-16,17503896496.972656,17503896496.972656,4862.193471381293,0.0868790929998795,2d3c243b36e904ca04bf391b0a4adc73c8cbe273,b871c98ea1c612cdbd5a2223ff017610d908ae78fe08d509113f86983218cebf
8X_N500_POW_seed030,primary,POW,"X-PW (traditional competitive PoW, per-miner distinct templates)",500,1452385983224652643,30,,234.0,117000.0,3510.0,1755000.0,16344711184.501648,0x000000000000000043452a5f9f3b556ff7e275b07e7ab92aaa811243a4bb4730,1.4245014245014244e-20,10000.0,600.0,70200000000000000000,140400000000000000,11,11,11,3.96,1170000000000000001626,1170000000000000001626,0,0.0,4294967296,0.999999999996329,12000,5000000.0,0.0,0.0,895.2619543285268,708.9318643621255,435.0287940135523,1529.8845914125031,0,0.0,6000,0,0,0,0,0,0,0.0,0.0,0.0,0,0.0,0.0,0,0.0,0.0,17550000000.0,17550000000.0,4875.0,0.05507543799967607,2d3c243b36e904ca04bf391b0a4adc73c8cbe273,b871c98ea1c612cdbd5a2223ff017610d908ae78fe08d509113f86983218cebf
8X_N500_POCOL_seed030,primary,POCOL,X-PC (PoCol static disjoint allocation + post-range low power),500,1452385983224652643,30,,234.0,117000.0,3510.0,1755000.0,16344711184.501648,0x000000000000000043452a5f9f3b556ff7e275b07e7ab92aaa811243a4bb4730,1.4245014245014244e-20,10000.0,600.0,70200000000000000000,140400000000000000,11,11,11,3.96,1165779333921888888034,1165779333921888888034,0,0.0,4294967296,0.9999999999963158,24,4981962.96547816,18037.03452184235,0.00360740690436847,898.4795628623383,712.6398296006855,437.39382372723526,1536.136546856521,0,0.0,6000,12,12,0,6000,6000,6000,3.0061724203070583,3.0409189104329926,7.943460914129901,500,1.0,1.803703452184231,500,1.8189894035458565e-12,5.621647089893523e-16,17486690008.828342,17486690008.828342,4857.413891341206,0.07976163000012093,2d3c243b36e904ca04bf391b0a4adc73c8cbe273,b871c98ea1c612cdbd5a2223ff017610d908ae78fe08d509113f86983218cebf
