run_id,protocol,N,seed_index,block_index,interval_s
8XS_N100_POWMT_seed001_MT,POWMT,100,1,1,261.57807921018104
8XS_N100_POWMT_seed001_MT,POWMT,100,1,2,166.37989861223502
8XS_N100_POWMT_seed001_MT,POWMT,100,1,3,167.81924567347892
8XS_N100_POWMT_seed001_MT,POWMT,100,1,4,758.5705317203092
8XS_N100_POWMT_seed001_MT,POWMT,100,1,5,1874.4070953199173
8XS_N100_POWMT_seed001_MT,POWMT,100,1,6,452.74882319266453
8XS_N100_POWMT_seed001_MT,POWMT,100,1,7,2002.901810111683
8XS_N100_POWMT_seed001_MT,POWMT,100,1,8,206.46496131760978
8XS_N100_POWMT_seed001_MT,POWMT,100,1,9,25.14863292098562
8XS_N100_POWMT_seed001_MT,POWMT,100,1,10,1440.7815498026011
8XS_N100_POWMT_seed001_MT,POWMT,100,1,11,728.1984486418633
8XS_N100_POWMT_seed001_MT,POWMT,100,1,12,125.49841106601707
8XS_N100_POWMT_seed001_MT,POWMT,100,1,13,115.66543922703022
8XS_N100_POWMT_seed001_MT,POWMT,100,1,14,1672.7678788501908
8XS_N100_POWMT_seed002_MT,POWMT,100,2,1,1073.797917660363
8XS_N100_POWMT_seed002_MT,POWMT,100,2,2,886.420564456633
8XS_N100_POWMT_seed002_MT,POWMT,100,2,3,1577.2440350544423
8XS_N100_POWMT_seed002_MT,POWMT,100,2,4,326.37023988968895
8XS_N100_POWMT_seed002_MT,POWMT,100,2,5,291.1059383840702
8XS_N100_POWMT_seed002_MT,POWMT,100,2,6,1614.6123561883123
8XS_N100_POWMT_seed002_MT,POWMT,100,2,7,619.8041383572754
8XS_N100_POWMT_seed002_MT,POWMT,100,2,8,101.23468793140273
8XS_N100_POWMT_seed002_MT,POWMT,100,2,9,1907.2232354672415
8XS_N100_POWMT_seed002_MT,POWMT,100,2,10,809.2804467442311
8XS_N100_POWMT_seed003_MT,POWMT,100,3,1,11.807696264448047
8XS_N100_POWMT_seed003_MT,POWMT,100,3,2,3722.2863700547096
8XS_N100_POWMT_seed003_MT,POWMT,100,3,3,1446.3606157022195
8XS_N100_POWMT_seed003_MT,POWMT,100,3,4,1617.5096977026824
8XS_N100_POWMT_seed003_MT,POWMT,100,3,5,135.40708624044964
8XS_N100_POWMT_seed003_MT,POWMT,100,3,6,1966.306707806555
8XS_N100_POWMT_seed003_MT,POWMT,100,3,7,22.326943600779487
8XS_N100_POWMT_seed003_MT,POWMT,100,3,8,33.58568647670836
8XS_N100_POWMT_seed004_MT,POWMT,100,4,1,1256.772035730202
8XS_N100_POWMT_seed004_MT,POWMT,100,4,2,2486.740564853937
8XS_N100_POWMT_seed004_MT,POWMT,100,4,3,2647.5983178692627
8XS_N100_POWMT_seed004_MT,POWMT,100,4,4,204.51068273783767
8XS_N100_POWMT_seed004_MT,POWMT,100,4,5,1543.7328355836316
8XS_N100_POWMT_seed004_MT,POWMT,100,4,6,1564.6877723342786
8XS_N100_POWMT_seed005_MT,POWMT,100,5,1,626.3697174468812
8XS_N100_POWMT_seed005_MT,POWMT,100,5,2,43.99389894086437
8XS_N100_POWMT_seed005_MT,POWMT,100,5,3,283.5498233867057
8XS_N100_POWMT_seed005_MT,POWMT,100,5,4,221.36278146734253
8XS_N100_POWMT_seed005_MT,POWMT,100,5,5,1622.1112203438956
8XS_N100_POWMT_seed005_MT,POWMT,100,5,6,621.5425640415765
8XS_N100_POWMT_seed005_MT,POWMT,100,5,7,2633.7530441305034
8XS_N100_POWMT_seed005_MT,POWMT,100,5,8,300.8970363754115
8XS_N100_POWMT_seed005_MT,POWMT,100,5,9,168.57330220965287
8XS_N100_POWMT_seed005_MT,POWMT,100,5,10,241.89729185232045
8XS_N100_POWMT_seed005_MT,POWMT,100,5,11,220.78868640306428
8XS_N100_POWMT_seed005_MT,POWMT,100,5,12,390.6079253376038
8XS_N100_POWMT_seed005_MT,POWMT,100,5,13,488.62048817353207
8XS_N100_POWMT_seed006_MT,POWMT,100,6,1,1447.356159956973
8XS_N100_POWMT_seed006_MT,POWMT,100,6,2,1411.5996822112274
8XS_N100_POWMT_seed006_MT,POWMT,100,6,3,2063.216491985071
8XS_N100_POWMT_seed006_MT,POWMT,100,6,4,2658.461575133385
8XS_N100_POWMT_seed006_MT,POWMT,100,6,5,482.7855835886785
8XS_N100_POWMT_seed006_MT,POWMT,100,6,6,191.64319454567521
8XS_N100_POWMT_seed006_MT,POWMT,100,6,7,71.66072954040283
8XS_N100_POWMT_seed006_MT,POWMT,100,6,8,1270.215167149985
8XS_N100_POWMT_seed007_MT,POWMT,100,7,1,651.3647378849988
8XS_N100_POWMT_seed007_MT,POWMT,100,7,2,4.520182346495972
8XS_N100_POWMT_seed007_MT,POWMT,100,7,3,839.9326519502476
8XS_N100_POWMT_seed007_MT,POWMT,100,7,4,60.38215973825936
8XS_N100_POWMT_seed007_MT,POWMT,100,7,5,165.07920068770522
8XS_N100_POWMT_seed007_MT,POWMT,100,7,6,1278.1016381892648
8XS_N100_POWMT_seed007_MT,POWMT,100,7,7,1266.6148187435606
8XS_N100_POWMT_seed007_MT,POWMT,100,7,8,4276.652985638188
8XS_N100_POWMT_seed007_MT,POWMT,100,7,9,410.7735084998076
8XS_N100_POWMT_seed007_MT,POWMT,100,7,10,288.55852936753035
8XS_N100_POWMT_seed007_MT,POWMT,100,7,11,133.10226269235682
8XS_N100_POWMT_seed007_MT,POWMT,100,7,12,8.188835017390375
8XS_N100_POWMT_seed007_MT,POWMT,100,7,13,479.9378966754466
8XS_N100_POWMT_seed008_MT,POWMT,100,8,1,634.8400860800149
8XS_N100_POWMT_seed008_MT,POWMT,100,8,2,116.94447078306155
8XS_N100_POWMT_seed008_MT,POWMT,100,8,3,3748.1841799088397
8XS_N100_POWMT_seed008_MT,POWMT,100,8,4,837.9513845155143
8XS_N100_POWMT_seed008_MT,POWMT,100,8,5,1837.1801996793229
8XS_N100_POWMT_seed008_MT,POWMT,100,8,6,791.0469353553281
8XS_N100_POWMT_seed008_MT,POWMT,100,8,7,682.513297674237
8XS_N100_POWMT_seed008_MT,POWMT,100,8,8,792.5992350638426
8XS_N100_POWMT_seed008_MT,POWMT,100,8,9,514.2415352472308
8XS_N100_POWMT_seed009_MT,POWMT,100,9,1,2861.5283720716507
8XS_N100_POWMT_seed009_MT,POWMT,100,9,2,258.2445775141605
8XS_N100_POWMT_seed009_MT,POWMT,100,9,3,1330.189615059152
8XS_N100_POWMT_seed009_MT,POWMT,100,9,4,3175.324480465667
8XS_N100_POWMT_seed009_MT,POWMT,100,9,5,1351.5231625894467
8XS_N100_POWMT_seed009_MT,POWMT,100,9,6,297.25359021976874
8XS_N100_POWMT_seed009_MT,POWMT,100,9,7,58.6366522428325
8XS_N100_POWMT_seed009_MT,POWMT,100,9,8,85.52429506472072
8XS_N100_POWMT_seed009_MT,POWMT,100,9,9,123.73499152517434
8XS_N100_POWMT_seed010_MT,POWMT,100,10,1,1546.5312847649952
8XS_N100_POWMT_seed010_MT,POWMT,100,10,2,738.2938545120946
8XS_N100_POWMT_seed010_MT,POWMT,100,10,3,1300.3654932919817
8XS_N100_POWMT_seed010_MT,POWMT,100,10,4,768.2339833191363
8XS_N100_POWMT_seed010_MT,POWMT,100,10,5,259.45446885138153
8XS_N100_POWMT_seed010_MT,POWMT,100,10,6,1419.6823752251257
8XS_N100_POWMT_seed010_MT,POWMT,100,10,7,12.599995024350392
8XS_N100_POWMT_seed010_MT,POWMT,100,10,8,158.7851324975527
8XS_N100_POWMT_seed010_MT,POWMT,100,10,9,266.4443092725278
8XS_N100_POWMT_seed010_MT,POWMT,100,10,10,427.3357938234103
8XS_N100_POWMT_seed010_MT,POWMT,100,10,11,1193.0566187320956
8XS_N100_POWMT_seed010_MT,POWMT,100,10,12,63.334983150170956
8XS_N100_POWMT_seed010_MT,POWMT,100,10,13,280.7422061631996
8XS_N100_POWMT_seed010_MT,POWMT,100,10,14,25.118874569512627
8XS_N100_POWMT_seed010_MT,POWMT,100,10,15,868.8552928268928
8XS_N100_POWMT_seed011_MT,POWMT,100,11,1,1828.9505264609904
8XS_N100_POWMT_seed011_MT,POWMT,100,11,2,669.3399567105114
8XS_N100_POWMT_seed011_MT,POWMT,100,11,3,50.85812953699042
8XS_N100_POWMT_seed011_MT,POWMT,100,11,4,2513.0140154410897
8XS_N100_POWMT_seed011_MT,POWMT,100,11,5,977.9418413503463
8XS_N100_POWMT_seed011_MT,POWMT,100,11,6,856.5448366340042
8XS_N100_POWMT_seed011_MT,POWMT,100,11,7,310.6285653834275
8XS_N100_POWMT_seed011_MT,POWMT,100,11,8,448.8661372621282
8XS_N100_POWMT_seed011_MT,POWMT,100,11,9,306.54088644166313
8XS_N100_POWMT_seed011_MT,POWMT,100,11,10,956.3742251492986
8XS_N100_POWMT_seed012_MT,POWMT,100,12,1,1515.505144577295
8XS_N100_POWMT_seed012_MT,POWMT,100,12,2,1693.58506102653
8XS_N100_POWMT_seed012_MT,POWMT,100,12,3,413.58288265079
8XS_N100_POWMT_seed012_MT,POWMT,100,12,4,1716.2396254374576
8XS_N100_POWMT_seed012_MT,POWMT,100,12,5,172.46935812281117
8XS_N100_POWMT_seed012_MT,POWMT,100,12,6,1812.9850161706809
8XS_N100_POWMT_seed012_MT,POWMT,100,12,7,701.0834469847341
8XS_N100_POWMT_seed012_MT,POWMT,100,12,8,24.81481666437503
8XS_N100_POWMT_seed012_MT,POWMT,100,12,9,277.60038157718645
8XS_N100_POWMT_seed012_MT,POWMT,100,12,10,421.59456192882317
8XS_N100_POWMT_seed012_MT,POWMT,100,12,11,775.69544747492
8XS_N100_POWMT_seed013_MT,POWMT,100,13,1,619.4307242097614
8XS_N100_POWMT_seed013_MT,POWMT,100,13,2,165.6691695233344
8XS_N100_POWMT_seed013_MT,POWMT,100,13,3,369.8307540250996
8XS_N100_POWMT_seed013_MT,POWMT,100,13,4,609.2901838013302
8XS_N100_POWMT_seed013_MT,POWMT,100,13,5,83.54781310487238
8XS_N100_POWMT_seed013_MT,POWMT,100,13,6,429.2596092201461
8XS_N100_POWMT_seed013_MT,POWMT,100,13,7,1388.229172879644
8XS_N100_POWMT_seed013_MT,POWMT,100,13,8,2908.0456008899805
8XS_N100_POWMT_seed013_MT,POWMT,100,13,9,1336.7159206177112
8XS_N100_POWMT_seed013_MT,POWMT,100,13,10,1007.4055144095273
8XS_N100_POWMT_seed013_MT,POWMT,100,13,11,789.3726966509093
8XS_N100_POWMT_seed014_MT,POWMT,100,14,1,665.0284301974251
8XS_N100_POWMT_seed014_MT,POWMT,100,14,2,1828.0066026118589
8XS_N100_POWMT_seed014_MT,POWMT,100,14,3,661.5143670008547
8XS_N100_POWMT_seed014_MT,POWMT,100,14,4,200.8224785765624
8XS_N100_POWMT_seed014_MT,POWMT,100,14,5,158.5951643131193
8XS_N100_POWMT_seed014_MT,POWMT,100,14,6,2340.3749032065575
8XS_N100_POWMT_seed014_MT,POWMT,100,14,7,430.72917723825776
8XS_N100_POWMT_seed014_MT,POWMT,100,14,8,68.06231280764678
8XS_N100_POWMT_seed014_MT,POWMT,100,14,9,2434.862583496528
8XS_N100_POWMT_seed014_MT,POWMT,100,14,10,85.18892529976256
8XS_N100_POWMT_seed014_MT,POWMT,100,14,11,566.1771554524548
8XS_N100_POWMT_seed015_MT,POWMT,100,15,1,686.8575793895665
8XS_N100_POWMT_seed015_MT,POWMT,100,15,2,2730.642912509598
8XS_N100_POWMT_seed015_MT,POWMT,100,15,3,303.98518024605573
8XS_N100_POWMT_seed015_MT,POWMT,100,15,4,55.83105264995902
8XS_N100_POWMT_seed015_MT,POWMT,100,15,5,14.025119102593635
8XS_N100_POWMT_seed015_MT,POWMT,100,15,6,331.01972032741423
8XS_N100_POWMT_seed015_MT,POWMT,100,15,7,477.22397885393275
8XS_N100_POWMT_seed015_MT,POWMT,100,15,8,1628.3891220587393
8XS_N100_POWMT_seed015_MT,POWMT,100,15,9,9.3688939751828
8XS_N100_POWMT_seed015_MT,POWMT,100,15,10,2237.1368347799616
8XS_N100_POWMT_seed015_MT,POWMT,100,15,11,130.57880360194758
8XS_N100_POWMT_seed015_MT,POWMT,100,15,12,832.1104725602072
8XS_N100_POWMT_seed016_MT,POWMT,100,16,1,342.3316781590379
8XS_N100_POWMT_seed016_MT,POWMT,100,16,2,238.34596834108652
8XS_N100_POWMT_seed016_MT,POWMT,100,16,3,23.4109047868302
8XS_N100_POWMT_seed016_MT,POWMT,100,16,4,325.12505860923386
8XS_N100_POWMT_seed016_MT,POWMT,100,16,5,894.3392183096189
8XS_N100_POWMT_seed016_MT,POWMT,100,16,6,1248.8078250486694
8XS_N100_POWMT_seed016_MT,POWMT,100,16,7,91.42584710943311
8XS_N100_POWMT_seed016_MT,POWMT,100,16,8,4.841348854561602
8XS_N100_POWMT_seed016_MT,POWMT,100,16,9,704.6211992113913
8XS_N100_POWMT_seed016_MT,POWMT,100,16,10,549.3592730727701
8XS_N100_POWMT_seed016_MT,POWMT,100,16,11,1849.3791504595729
8XS_N100_POWMT_seed016_MT,POWMT,100,16,12,140.8756775869424
8XS_N100_POWMT_seed016_MT,POWMT,100,16,13,437.297692645172
8XS_N100_POWMT_seed016_MT,POWMT,100,16,14,2232.7900450706074
8XS_N100_POWMT_seed016_MT,POWMT,100,16,15,87.9252179596242
8XS_N100_POWMT_seed017_MT,POWMT,100,17,1,221.07143093996652
8XS_N100_POWMT_seed017_MT,POWMT,100,17,2,258.9775252691719
8XS_N100_POWMT_seed017_MT,POWMT,100,17,3,541.1355500531226
8XS_N100_POWMT_seed017_MT,POWMT,100,17,4,573.4885589524329
8XS_N100_POWMT_seed017_MT,POWMT,100,17,5,33.6327536868705
8XS_N100_POWMT_seed017_MT,POWMT,100,17,6,134.63278022996178
8XS_N100_POWMT_seed017_MT,POWMT,100,17,7,1275.640307005121
8XS_N100_POWMT_seed017_MT,POWMT,100,17,8,1382.103815494766
8XS_N100_POWMT_seed017_MT,POWMT,100,17,9,141.2255747309846
8XS_N100_POWMT_seed017_MT,POWMT,100,17,10,888.2441077380308
8XS_N100_POWMT_seed017_MT,POWMT,100,17,11,739.0989666000733
8XS_N100_POWMT_seed017_MT,POWMT,100,17,12,1965.041760948272
8XS_N100_POWMT_seed017_MT,POWMT,100,17,13,28.883231157530645
8XS_N100_POWMT_seed017_MT,POWMT,100,17,14,1096.4327949838253
8XS_N100_POWMT_seed018_MT,POWMT,100,18,1,319.1590202019732
8XS_N100_POWMT_seed018_MT,POWMT,100,18,2,1234.972618338872
8XS_N100_POWMT_seed018_MT,POWMT,100,18,3,2739.8565120885696
8XS_N100_POWMT_seed018_MT,POWMT,100,18,4,131.02738925199355
8XS_N100_POWMT_seed018_MT,POWMT,100,18,5,2717.6129185525606
8XS_N100_POWMT_seed018_MT,POWMT,100,18,6,725.2118858371678
8XS_N100_POWMT_seed018_MT,POWMT,100,18,7,1525.0285380722344
8XS_N100_POWMT_seed018_MT,POWMT,100,18,8,26.83139190552538
8XS_N100_POWMT_seed019_MT,POWMT,100,19,1,634.9629324754619
8XS_N100_POWMT_seed019_MT,POWMT,100,19,2,886.5581904890169
8XS_N100_POWMT_seed019_MT,POWMT,100,19,3,1913.0483735052608
8XS_N100_POWMT_seed019_MT,POWMT,100,19,4,1204.071537314313
8XS_N100_POWMT_seed019_MT,POWMT,100,19,5,295.5674965283861
8XS_N100_POWMT_seed019_MT,POWMT,100,19,6,454.95540185508617
8XS_N100_POWMT_seed019_MT,POWMT,100,19,7,1045.2371892215842
8XS_N100_POWMT_seed019_MT,POWMT,100,19,8,1818.1497221156033
8XS_N100_POWMT_seed019_MT,POWMT,100,19,9,516.9514564438905
8XS_N100_POWMT_seed019_MT,POWMT,100,19,10,620.1791680595834
8XS_N100_POWMT_seed019_MT,POWMT,100,19,11,544.6906571207746
8XS_N100_POWMT_seed020_MT,POWMT,100,20,1,32.2325539815167
8XS_N100_POWMT_seed020_MT,POWMT,100,20,2,2127.616848291621
8XS_N100_POWMT_seed020_MT,POWMT,100,20,3,341.3044409142549
8XS_N100_POWMT_seed020_MT,POWMT,100,20,4,13.786142515608844
8XS_N100_POWMT_seed020_MT,POWMT,100,20,5,504.78062178868413
8XS_N100_POWMT_seed020_MT,POWMT,100,20,6,169.15102408924486
8XS_N100_POWMT_seed020_MT,POWMT,100,20,7,904.1718207116674
8XS_N100_POWMT_seed020_MT,POWMT,100,20,8,211.76097846278162
8XS_N100_POWMT_seed020_MT,POWMT,100,20,9,733.5673737719335
8XS_N100_POWMT_seed020_MT,POWMT,100,20,10,2059.0807808746704
8XS_N100_POWMT_seed020_MT,POWMT,100,20,11,245.012324295878
8XS_N100_POWMT_seed020_MT,POWMT,100,20,12,507.43321580373504
8XS_N100_POWMT_seed020_MT,POWMT,100,20,13,167.09460298928389
8XS_N100_POWMT_seed020_MT,POWMT,100,20,14,189.41617801761186
8XS_N100_POWMT_seed020_MT,POWMT,100,20,15,860.5397052324697
8XS_N100_POWMT_seed020_MT,POWMT,100,20,16,721.1553233945815
8XS_N100_POWMT_seed021_MT,POWMT,100,21,1,396.22795636668525
8XS_N100_POWMT_seed021_MT,POWMT,100,21,2,1923.2925278070443
8XS_N100_POWMT_seed021_MT,POWMT,100,21,3,733.7044188233467
8XS_N100_POWMT_seed021_MT,POWMT,100,21,4,719.3003821545776
8XS_N100_POWMT_seed021_MT,POWMT,100,21,5,695.350953374133
8XS_N100_POWMT_seed021_MT,POWMT,100,21,6,360.5547675728503
8XS_N100_POWMT_seed021_MT,POWMT,100,21,7,3389.5217877135947
8XS_N100_POWMT_seed021_MT,POWMT,100,21,8,658.3482041406751
8XS_N100_POWMT_seed021_MT,POWMT,100,21,9,190.50895646122262
8XS_N100_POWMT_seed022_MT,POWMT,100,22,1,820.6986206405292
8XS_N100_POWMT_seed022_MT,POWMT,100,22,2,822.8144632465506
8XS_N100_POWMT_seed022_MT,POWMT,100,22,3,1999.2463648048963
8XS_N100_POWMT_seed022_MT,POWMT,100,22,4,1737.2876081598351
8XS_N100_POWMT_seed022_MT,POWMT,100,22,5,964.3903086412483
8XS_N100_POWMT_seed022_MT,POWMT,100,22,6,111.88419278606489
8XS_N100_POWMT_seed022_MT,POWMT,100,22,7,808.0819309741491
8XS_N100_POWMT_seed022_MT,POWMT,100,22,8,205.09675498021988
8XS_N100_POWMT_seed022_MT,POWMT,100,22,9,534.4613638164092
8XS_N100_POWMT_seed022_MT,POWMT,100,22,10,93.9917641883876
8XS_N100_POWMT_seed022_MT,POWMT,100,22,11,37.77993265610439
8XS_N100_POWMT_seed022_MT,POWMT,100,22,12,1227.6186105993656
8XS_N100_POWMT_seed022_MT,POWMT,100,22,13,313.34980147702845
8XS_N100_POWMT_seed022_MT,POWMT,100,22,14,225.72332891856968
8XS_N100_POWMT_seed022_MT,POWMT,100,22,15,95.0453061831995
8XS_N100_POWMT_seed023_MT,POWMT,100,23,1,224.08719760256398
8XS_N100_POWMT_seed023_MT,POWMT,100,23,2,40.34258333922284
8XS_N100_POWMT_seed023_MT,POWMT,100,23,3,1845.2359434756536
8XS_N100_POWMT_seed023_MT,POWMT,100,23,4,1598.2197646982945
8XS_N100_POWMT_seed023_MT,POWMT,100,23,5,1557.2793335458414
8XS_N100_POWMT_seed023_MT,POWMT,100,23,6,714.8398669352218
8XS_N100_POWMT_seed023_MT,POWMT,100,23,7,1880.1256679230219
8XS_N100_POWMT_seed023_MT,POWMT,100,23,8,601.6898316844108
8XS_N100_POWMT_seed023_MT,POWMT,100,23,9,392.76805004800735
8XS_N100_POWMT_seed024_MT,POWMT,100,24,1,429.2097872602301
8XS_N100_POWMT_seed024_MT,POWMT,100,24,2,25.452437661572617
8XS_N100_POWMT_seed024_MT,POWMT,100,24,3,105.81094256220888
8XS_N100_POWMT_seed024_MT,POWMT,100,24,4,329.9483754610677
8XS_N100_POWMT_seed024_MT,POWMT,100,24,5,53.705741647476316
8XS_N100_POWMT_seed024_MT,POWMT,100,24,6,1132.0351892316176
8XS_N100_POWMT_seed024_MT,POWMT,100,24,7,301.9716449454563
8XS_N100_POWMT_seed024_MT,POWMT,100,24,8,1485.4608015454596
8XS_N100_POWMT_seed024_MT,POWMT,100,24,9,1286.0366571675618
8XS_N100_POWMT_seed024_MT,POWMT,100,24,10,26.87113496402708
8XS_N100_POWMT_seed024_MT,POWMT,100,24,11,746.0485654341201
8XS_N100_POWMT_seed024_MT,POWMT,100,24,12,70.42496676790415
8XS_N100_POWMT_seed024_MT,POWMT,100,24,13,63.35390783478033
8XS_N100_POWMT_seed024_MT,POWMT,100,24,14,511.5760046990754
8XS_N100_POWMT_seed024_MT,POWMT,100,24,15,77.95800163492822
8XS_N100_POWMT_seed024_MT,POWMT,100,24,16,423.9711483587389
8XS_N100_POWMT_seed024_MT,POWMT,100,24,17,479.5495537599727
8XS_N100_POWMT_seed024_MT,POWMT,100,24,18,285.62336984355534
8XS_N100_POWMT_seed025_MT,POWMT,100,25,1,129.93759031399128
8XS_N100_POWMT_seed025_MT,POWMT,100,25,2,4148.504100191747
8XS_N100_POWMT_seed025_MT,POWMT,100,25,3,676.4902075366263
8XS_N100_POWMT_seed025_MT,POWMT,100,25,4,279.14161049832
8XS_N100_POWMT_seed025_MT,POWMT,100,25,5,1228.0703311763173
8XS_N100_POWMT_seed025_MT,POWMT,100,25,6,1078.2972737975706
8XS_N100_POWMT_seed025_MT,POWMT,100,25,7,2431.285971959127
8XS_N100_POWMT_seed026_MT,POWMT,100,26,1,365.17101588539174
8XS_N100_POWMT_seed026_MT,POWMT,100,26,2,449.81228896559094
8XS_N100_POWMT_seed026_MT,POWMT,100,26,3,2157.010381338157
8XS_N100_POWMT_seed026_MT,POWMT,100,26,4,4309.433825830181
8XS_N100_POWMT_seed026_MT,POWMT,100,26,5,1293.5216189416215
8XS_N100_POWMT_seed026_MT,POWMT,100,26,6,72.0294151546459
8XS_N100_POWMT_seed026_MT,POWMT,100,26,7,354.3778866669345
8XS_N100_POWMT_seed027_MT,POWMT,100,27,1,189.78790585006408
8XS_N100_POWMT_seed027_MT,POWMT,100,27,2,934.3744241244563
8XS_N100_POWMT_seed027_MT,POWMT,100,27,3,272.0478657453116
8XS_N100_POWMT_seed027_MT,POWMT,100,27,4,951.3135350351395
8XS_N100_POWMT_seed027_MT,POWMT,100,27,5,123.0750677545766
8XS_N100_POWMT_seed027_MT,POWMT,100,27,6,207.5651640036981
8XS_N100_POWMT_seed027_MT,POWMT,100,27,7,874.5524694991755
8XS_N100_POWMT_seed027_MT,POWMT,100,27,8,45.39183460249751
8XS_N100_POWMT_seed027_MT,POWMT,100,27,9,3158.503335980485
8XS_N100_POWMT_seed027_MT,POWMT,100,27,10,1035.8274178545225
8XS_N100_POWMT_seed027_MT,POWMT,100,27,11,535.8499590006941
8XS_N100_POWMT_seed027_MT,POWMT,100,27,12,1249.4528583116498
8XS_N100_POWMT_seed028_MT,POWMT,100,28,1,1285.7887697666158
8XS_N100_POWMT_seed028_MT,POWMT,100,28,2,1922.7910870954308
8XS_N100_POWMT_seed028_MT,POWMT,100,28,3,1505.7914439978404
8XS_N100_POWMT_seed028_MT,POWMT,100,28,4,4.9205287718205
8XS_N100_POWMT_seed028_MT,POWMT,100,28,5,442.5822871308992
8XS_N100_POWMT_seed028_MT,POWMT,100,28,6,200.16210740441784
8XS_N100_POWMT_seed028_MT,POWMT,100,28,7,955.9663657771398
8XS_N100_POWMT_seed028_MT,POWMT,100,28,8,558.3832600864043
8XS_N100_POWMT_seed028_MT,POWMT,100,28,9,1542.7443060814312
8XS_N100_POWMT_seed028_MT,POWMT,100,28,10,1058.2352532332025
8XS_N100_POWMT_seed029_MT,POWMT,100,29,1,414.3219074828062
8XS_N100_POWMT_seed029_MT,POWMT,100,29,2,103.8571723094351
8XS_N100_POWMT_seed029_MT,POWMT,100,29,3,486.14469204990974
8XS_N100_POWMT_seed029_MT,POWMT,100,29,4,1209.7389389646014
8XS_N100_POWMT_seed029_MT,POWMT,100,29,5,747.5760755064571
8XS_N100_POWMT_seed029_MT,POWMT,100,29,6,405.49292376303174
8XS_N100_POWMT_seed029_MT,POWMT,100,29,7,369.0183956242631
8XS_N100_POWMT_seed029_MT,POWMT,100,29,8,1257.4388757543302
8XS_N100_POWMT_seed029_MT,POWMT,100,29,9,464.6557398000705
8XS_N100_POWMT_seed029_MT,POWMT,100,29,10,163.5174145935889
8XS_N100_POWMT_seed029_MT,POWMT,100,29,11,782.9468715842077
8XS_N100_POWMT_seed029_MT,POWMT,100,29,12,463.2338709429705
8XS_N100_POWMT_seed029_MT,POWMT,100,29,13,120.24202441887974
8XS_N100_POWMT_seed029_MT,POWMT,100,29,14,2981.9148333925586
8XS_N100_POWMT_seed030_MT,POWMT,100,30,1,32.532927050464195
8XS_N100_POWMT_seed030_MT,POWMT,100,30,2,179.09155931827624
8XS_N100_POWMT_seed030_MT,POWMT,100,30,3,173.02803652466136
8XS_N100_POWMT_seed030_MT,POWMT,100,30,4,261.71992002193286
8XS_N100_POWMT_seed030_MT,POWMT,100,30,5,1864.7398165333045
8XS_N100_POWMT_seed030_MT,POWMT,100,30,6,1144.8073312811139
8XS_N100_POWMT_seed030_MT,POWMT,100,30,7,158.58101127134842
8XS_N100_POWMT_seed030_MT,POWMT,100,30,8,1465.1846111448695
8XS_N100_POWMT_seed030_MT,POWMT,100,30,9,1322.952547545332
8XS_N100_POWMT_seed030_MT,POWMT,100,30,10,123.69210707257935
8XS_N100_POWMT_seed030_MT,POWMT,100,30,11,314.4566488118053
8XS_N100_POWMT_seed030_MT,POWMT,100,30,12,1627.6485082099161
8XS_N100_POWMT_seed030_MT,POWMT,100,30,13,415.97610315483325
8XS_N200_POWMT_seed001_MT,POWMT,200,1,1,1654.8536261057516
8XS_N200_POWMT_seed001_MT,POWMT,200,1,2,1343.1011447448636
8XS_N200_POWMT_seed001_MT,POWMT,200,1,3,582.1335784528742
8XS_N200_POWMT_seed001_MT,POWMT,200,1,4,386.53700871794854
8XS_N200_POWMT_seed001_MT,POWMT,200,1,5,2168.432498380357
8XS_N200_POWMT_seed001_MT,POWMT,200,1,6,91.59233418363965
8XS_N200_POWMT_seed001_MT,POWMT,200,1,7,151.31473663899033
8XS_N200_POWMT_seed001_MT,POWMT,200,1,8,517.307105771536
8XS_N200_POWMT_seed001_MT,POWMT,200,1,9,189.36295825985326
8XS_N200_POWMT_seed001_MT,POWMT,200,1,10,520.3402986549381
8XS_N200_POWMT_seed001_MT,POWMT,200,1,11,447.6778566670955
8XS_N200_POWMT_seed001_MT,POWMT,200,1,12,845.6549092861842
8XS_N200_POWMT_seed001_MT,POWMT,200,1,13,159.76952236460602
8XS_N200_POWMT_seed002_MT,POWMT,200,2,1,1280.5712648292943
8XS_N200_POWMT_seed002_MT,POWMT,200,2,2,45.27116687697912
8XS_N200_POWMT_seed002_MT,POWMT,200,2,3,370.73500112094484
8XS_N200_POWMT_seed002_MT,POWMT,200,2,4,356.857360241871
8XS_N200_POWMT_seed002_MT,POWMT,200,2,5,210.34353491229467
8XS_N200_POWMT_seed002_MT,POWMT,200,2,6,92.09200399148858
8XS_N200_POWMT_seed002_MT,POWMT,200,2,7,319.7472141734561
8XS_N200_POWMT_seed002_MT,POWMT,200,2,8,84.41341831779164
8XS_N200_POWMT_seed002_MT,POWMT,200,2,9,2086.4501982569227
8XS_N200_POWMT_seed002_MT,POWMT,200,2,10,741.1110557372695
8XS_N200_POWMT_seed002_MT,POWMT,200,2,11,952.294539094537
8XS_N200_POWMT_seed002_MT,POWMT,200,2,12,18.422392505753123
8XS_N200_POWMT_seed002_MT,POWMT,200,2,13,1260.4771732061963
8XS_N200_POWMT_seed003_MT,POWMT,200,3,1,11.807696264448047
8XS_N200_POWMT_seed003_MT,POWMT,200,3,2,1407.2837500086127
8XS_N200_POWMT_seed003_MT,POWMT,200,3,3,2051.892098539654
8XS_N200_POWMT_seed003_MT,POWMT,200,3,4,163.44992134155245
8XS_N200_POWMT_seed003_MT,POWMT,200,3,5,3.3282886555325604
8XS_N200_POWMT_seed003_MT,POWMT,200,3,6,679.7367794389056
8XS_N200_POWMT_seed003_MT,POWMT,200,3,7,244.91616418269314
8XS_N200_POWMT_seed003_MT,POWMT,200,3,8,654.454034410548
8XS_N200_POWMT_seed003_MT,POWMT,200,3,9,400.19197643355983
8XS_N200_POWMT_seed003_MT,POWMT,200,3,10,225.51387923794027
8XS_N200_POWMT_seed003_MT,POWMT,200,3,11,1250.6207610301653
8XS_N200_POWMT_seed003_MT,POWMT,200,3,12,74.04563444864925
8XS_N200_POWMT_seed003_MT,POWMT,200,3,13,687.7057471898352
8XS_N200_POWMT_seed003_MT,POWMT,200,3,14,352.9772950885408
8XS_N200_POWMT_seed003_MT,POWMT,200,3,15,698.9959867477719
8XS_N200_POWMT_seed003_MT,POWMT,200,3,16,147.35821363572904
8XS_N200_POWMT_seed004_MT,POWMT,200,4,1,31.707876982683057
8XS_N200_POWMT_seed004_MT,POWMT,200,4,2,271.62398294480465
8XS_N200_POWMT_seed004_MT,POWMT,200,4,3,2170.5490846379967
8XS_N200_POWMT_seed004_MT,POWMT,200,4,4,4252.305988832293
8XS_N200_POWMT_seed004_MT,POWMT,200,4,5,1687.1762309946153
8XS_N200_POWMT_seed004_MT,POWMT,200,4,6,1073.2667133753257
8XS_N200_POWMT_seed004_MT,POWMT,200,4,7,391.2578116323675
8XS_N200_POWMT_seed005_MT,POWMT,200,5,1,624.88650698228
8XS_N200_POWMT_seed005_MT,POWMT,200,5,2,88.21543115131624
8XS_N200_POWMT_seed005_MT,POWMT,200,5,3,520.0629915667456
8XS_N200_POWMT_seed005_MT,POWMT,200,5,4,47.10421056930318
8XS_N200_POWMT_seed005_MT,POWMT,200,5,5,1340.5883074852386
8XS_N200_POWMT_seed005_MT,POWMT,200,5,6,201.57134275313638
8XS_N200_POWMT_seed005_MT,POWMT,200,5,7,2661.6909200138334
8XS_N200_POWMT_seed005_MT,POWMT,200,5,8,739.7792647542246
8XS_N200_POWMT_seed005_MT,POWMT,200,5,9,101.84211379815952
8XS_N200_POWMT_seed005_MT,POWMT,200,5,10,845.8309659026763
8XS_N200_POWMT_seed005_MT,POWMT,200,5,11,694.7916236854226
8XS_N200_POWMT_seed005_MT,POWMT,200,5,12,4.967342038073184
8XS_N200_POWMT_seed005_MT,POWMT,200,5,13,579.273974766681
8XS_N200_POWMT_seed006_MT,POWMT,200,6,1,3426.020099081515
8XS_N200_POWMT_seed006_MT,POWMT,200,6,2,937.8084626076848
8XS_N200_POWMT_seed006_MT,POWMT,200,6,3,2029.9285460541705
8XS_N200_POWMT_seed006_MT,POWMT,200,6,4,2928.2840546988673
8XS_N200_POWMT_seed006_MT,POWMT,200,6,5,446.9779408160648
8XS_N200_POWMT_seed007_MT,POWMT,200,7,1,615.7240999065648
8XS_N200_POWMT_seed007_MT,POWMT,200,7,2,4.520182346495972
8XS_N200_POWMT_seed007_MT,POWMT,200,7,3,935.4562574883038
8XS_N200_POWMT_seed007_MT,POWMT,200,7,4,278.94592634264313
8XS_N200_POWMT_seed007_MT,POWMT,200,7,5,390.79712228066614
8XS_N200_POWMT_seed007_MT,POWMT,200,7,6,817.8576998750873
8XS_N200_POWMT_seed007_MT,POWMT,200,7,7,1459.6990017048906
8XS_N200_POWMT_seed007_MT,POWMT,200,7,8,3964.6974406066474
8XS_N200_POWMT_seed007_MT,POWMT,200,7,9,335.13267159310817
8XS_N200_POWMT_seed007_MT,POWMT,200,7,10,37.78567692457182
8XS_N200_POWMT_seed007_MT,POWMT,200,7,11,100.36569565865284
8XS_N200_POWMT_seed007_MT,POWMT,200,7,12,451.78049091885805
8XS_N200_POWMT_seed007_MT,POWMT,200,7,13,58.88275026717929
8XS_N200_POWMT_seed008_MT,POWMT,200,8,1,684.7526929224279
8XS_N200_POWMT_seed008_MT,POWMT,200,8,2,30.798207036186227
8XS_N200_POWMT_seed008_MT,POWMT,200,8,3,3627.062432695889
8XS_N200_POWMT_seed008_MT,POWMT,200,8,4,99.99102193836825
8XS_N200_POWMT_seed008_MT,POWMT,200,8,5,1695.3271243281251
8XS_N200_POWMT_seed008_MT,POWMT,200,8,6,1862.1885169406914
8XS_N200_POWMT_seed008_MT,POWMT,200,8,7,1002.1517593589442
8XS_N200_POWMT_seed009_MT,POWMT,200,9,1,2468.6371271928656
8XS_N200_POWMT_seed009_MT,POWMT,200,9,2,123.60052459032795
8XS_N200_POWMT_seed009_MT,POWMT,200,9,3,1348.9595166196714
8XS_N200_POWMT_seed009_MT,POWMT,200,9,4,2104.453357651244
8XS_N200_POWMT_seed009_MT,POWMT,200,9,5,64.87629700134494
8XS_N200_POWMT_seed009_MT,POWMT,200,9,6,226.05565109663166
8XS_N200_POWMT_seed010_MT,POWMT,200,10,1,1546.5312847649952
8XS_N200_POWMT_seed010_MT,POWMT,200,10,2,13.39454756801706
8XS_N200_POWMT_seed010_MT,POWMT,200,10,3,436.009873703219
8XS_N200_POWMT_seed010_MT,POWMT,200,10,4,977.1017305883615
8XS_N200_POWMT_seed010_MT,POWMT,200,10,5,161.34892326178715
8XS_N200_POWMT_seed010_MT,POWMT,200,10,6,1721.5894818022725
8XS_N200_POWMT_seed010_MT,POWMT,200,10,7,494.81028586184766
8XS_N200_POWMT_seed010_MT,POWMT,200,10,8,153.56748222234637
8XS_N200_POWMT_seed010_MT,POWMT,200,10,9,75.9162472974258
8XS_N200_POWMT_seed010_MT,POWMT,200,10,10,354.3570218893319
8XS_N200_POWMT_seed010_MT,POWMT,200,10,11,1014.6200404689207
8XS_N200_POWMT_seed010_MT,POWMT,200,10,12,8.194134100760493
8XS_N200_POWMT_seed010_MT,POWMT,200,10,13,75.08665805047076
8XS_N200_POWMT_seed010_MT,POWMT,200,10,14,450.3365679032868
8XS_N200_POWMT_seed010_MT,POWMT,200,10,15,690.5933720069161
8XS_N200_POWMT_seed010_MT,POWMT,200,10,16,1420.2917116180279
8XS_N200_POWMT_seed011_MT,POWMT,200,11,1,2088.7673080308527
8XS_N200_POWMT_seed011_MT,POWMT,200,11,2,3139.391482542807
8XS_N200_POWMT_seed011_MT,POWMT,200,11,3,83.68100144734854
8XS_N200_POWMT_seed011_MT,POWMT,200,11,4,620.5470715992933
8XS_N200_POWMT_seed011_MT,POWMT,200,11,5,1947.17699846899
8XS_N200_POWMT_seed011_MT,POWMT,200,11,6,1057.7941980606429
8XS_N200_POWMT_seed011_MT,POWMT,200,11,7,81.2518743834662
8XS_N200_POWMT_seed011_MT,POWMT,200,11,8,240.1441677860421
8XS_N200_POWMT_seed011_MT,POWMT,200,11,9,59.78365713973653
8XS_N200_POWMT_seed012_MT,POWMT,200,12,1,771.8137692384483
8XS_N200_POWMT_seed012_MT,POWMT,200,12,2,1278.9157386774
8XS_N200_POWMT_seed012_MT,POWMT,200,12,3,200.4499173949257
8XS_N200_POWMT_seed012_MT,POWMT,200,12,4,451.9469188312378
8XS_N200_POWMT_seed012_MT,POWMT,200,12,5,215.75077865074718
8XS_N200_POWMT_seed012_MT,POWMT,200,12,6,5325.861353945089
8XS_N200_POWMT_seed012_MT,POWMT,200,12,7,892.0979453472282
8XS_N200_POWMT_seed012_MT,POWMT,200,12,8,91.7714789529
8XS_N200_POWMT_seed012_MT,POWMT,200,12,9,167.08659741836163
8XS_N200_POWMT_seed012_MT,POWMT,200,12,10,89.25099392658376
8XS_N200_POWMT_seed013_MT,POWMT,200,13,1,1054.4749874844617
8XS_N200_POWMT_seed013_MT,POWMT,200,13,2,324.3955279488698
8XS_N200_POWMT_seed013_MT,POWMT,200,13,3,103.21668950029789
8XS_N200_POWMT_seed013_MT,POWMT,200,13,4,1232.3063114840106
8XS_N200_POWMT_seed013_MT,POWMT,200,13,5,117.72170872827155
8XS_N200_POWMT_seed013_MT,POWMT,200,13,6,1365.2869987699496
8XS_N200_POWMT_seed013_MT,POWMT,200,13,7,1354.6789303878431
8XS_N200_POWMT_seed013_MT,POWMT,200,13,8,8.271082892384584
8XS_N200_POWMT_seed013_MT,POWMT,200,13,9,2519.8195818976856
8XS_N200_POWMT_seed013_MT,POWMT,200,13,10,630.1695951446518
8XS_N200_POWMT_seed013_MT,POWMT,200,13,11,808.9718330134274
8XS_N200_POWMT_seed013_MT,POWMT,200,13,12,449.7226704664936
8XS_N200_POWMT_seed014_MT,POWMT,200,14,1,1037.5885806223082
8XS_N200_POWMT_seed014_MT,POWMT,200,14,2,1846.4449988883434
8XS_N200_POWMT_seed014_MT,POWMT,200,14,3,1220.9335110553243
8XS_N200_POWMT_seed014_MT,POWMT,200,14,4,1454.5512859272885
8XS_N200_POWMT_seed014_MT,POWMT,200,14,5,37.22883207714767
8XS_N200_POWMT_seed014_MT,POWMT,200,14,6,244.19422652087724
8XS_N200_POWMT_seed014_MT,POWMT,200,14,7,143.00665027058403
8XS_N200_POWMT_seed014_MT,POWMT,200,14,8,1983.87219265336
8XS_N200_POWMT_seed014_MT,POWMT,200,14,9,55.707338070591504
8XS_N200_POWMT_seed014_MT,POWMT,200,14,10,238.6599547274509
8XS_N200_POWMT_seed014_MT,POWMT,200,14,11,636.202543841835
8XS_N200_POWMT_seed014_MT,POWMT,200,14,12,715.8104268293264
8XS_N200_POWMT_seed015_MT,POWMT,200,15,1,607.972907709778
8XS_N200_POWMT_seed015_MT,POWMT,200,15,2,539.3453617584638
8XS_N200_POWMT_seed015_MT,POWMT,200,15,3,81.32061534041759
8XS_N200_POWMT_seed015_MT,POWMT,200,15,4,284.57164657198246
8XS_N200_POWMT_seed015_MT,POWMT,200,15,5,680.8807834856611
8XS_N200_POWMT_seed015_MT,POWMT,200,15,6,283.4829481259094
8XS_N200_POWMT_seed015_MT,POWMT,200,15,7,386.2430713737449
8XS_N200_POWMT_seed015_MT,POWMT,200,15,8,1910.5531932135427
8XS_N200_POWMT_seed015_MT,POWMT,200,15,9,519.0871081196801
8XS_N200_POWMT_seed015_MT,POWMT,200,15,10,213.52165409140798
8XS_N200_POWMT_seed015_MT,POWMT,200,15,11,26.209548309155252
8XS_N200_POWMT_seed015_MT,POWMT,200,15,12,603.1784076136737
8XS_N200_POWMT_seed015_MT,POWMT,200,15,13,1270.6689108055734
8XS_N200_POWMT_seed016_MT,POWMT,200,16,1,230.95133480283334
8XS_N200_POWMT_seed016_MT,POWMT,200,16,2,403.3473518786021
8XS_N200_POWMT_seed016_MT,POWMT,200,16,3,72.80042369021521
8XS_N200_POWMT_seed016_MT,POWMT,200,16,4,414.5620435904724
8XS_N200_POWMT_seed016_MT,POWMT,200,16,5,2254.3125128796005
8XS_N200_POWMT_seed016_MT,POWMT,200,16,6,1173.9877379323516
8XS_N200_POWMT_seed016_MT,POWMT,200,16,7,257.65017027257454
8XS_N200_POWMT_seed016_MT,POWMT,200,16,8,270.04653077016974
8XS_N200_POWMT_seed016_MT,POWMT,200,16,9,693.5392966283807
8XS_N200_POWMT_seed016_MT,POWMT,200,16,10,1736.4321792940937
8XS_N200_POWMT_seed016_MT,POWMT,200,16,11,2062.3152434715257
8XS_N200_POWMT_seed016_MT,POWMT,200,16,12,19.30827027349187
8XS_N200_POWMT_seed016_MT,POWMT,200,16,13,272.5442609690235
8XS_N200_POWMT_seed017_MT,POWMT,200,17,1,1453.5042222969403
8XS_N200_POWMT_seed017_MT,POWMT,200,17,2,236.65364563476896
8XS_N200_POWMT_seed017_MT,POWMT,200,17,3,115.39098573191109
8XS_N200_POWMT_seed017_MT,POWMT,200,17,4,390.10390104407816
8XS_N200_POWMT_seed017_MT,POWMT,200,17,5,102.73889435977162
8XS_N200_POWMT_seed017_MT,POWMT,200,17,6,164.12713403190628
8XS_N200_POWMT_seed017_MT,POWMT,200,17,7,65.72555666922699
8XS_N200_POWMT_seed017_MT,POWMT,200,17,8,774.5843627669265
8XS_N200_POWMT_seed017_MT,POWMT,200,17,9,1651.1468491931769
8XS_N200_POWMT_seed017_MT,POWMT,200,17,10,718.2783659822871
8XS_N200_POWMT_seed017_MT,POWMT,200,17,11,611.3308815561923
8XS_N200_POWMT_seed017_MT,POWMT,200,17,12,2894.3741716264794
8XS_N200_POWMT_seed017_MT,POWMT,200,17,13,309.62969451461686
8XS_N200_POWMT_seed018_MT,POWMT,200,18,1,115.14185882440826
8XS_N200_POWMT_seed018_MT,POWMT,200,18,2,648.4463141124799
8XS_N200_POWMT_seed018_MT,POWMT,200,18,3,3012.7607678981526
8XS_N200_POWMT_seed018_MT,POWMT,200,18,4,305.9215994623228
8XS_N200_POWMT_seed018_MT,POWMT,200,18,5,692.641095557391
8XS_N200_POWMT_seed018_MT,POWMT,200,18,6,2020.4061193689504
8XS_N200_POWMT_seed018_MT,POWMT,200,18,7,1228.089201193041
8XS_N200_POWMT_seed018_MT,POWMT,200,18,8,117.35611103189513
8XS_N200_POWMT_seed018_MT,POWMT,200,18,9,1659.8546652163532
8XS_N200_POWMT_seed018_MT,POWMT,200,18,10,4.74437690205923
8XS_N200_POWMT_seed019_MT,POWMT,200,19,1,662.4584257853907
8XS_N200_POWMT_seed019_MT,POWMT,200,19,2,840.4040430162078
8XS_N200_POWMT_seed019_MT,POWMT,200,19,3,148.68541417689403
8XS_N200_POWMT_seed019_MT,POWMT,200,19,4,6033.202157506633
8XS_N200_POWMT_seed019_MT,POWMT,200,19,5,992.2728742517265
8XS_N200_POWMT_seed019_MT,POWMT,200,19,6,17.179493909048688
8XS_N200_POWMT_seed020_MT,POWMT,200,20,1,13.314790642310205
8XS_N200_POWMT_seed020_MT,POWMT,200,20,2,940.3105221496959
8XS_N200_POWMT_seed020_MT,POWMT,200,20,3,285.53262286740437
8XS_N200_POWMT_seed020_MT,POWMT,200,20,4,1071.7339674621337
8XS_N200_POWMT_seed020_MT,POWMT,200,20,5,1538.3853194027824
8XS_N200_POWMT_seed020_MT,POWMT,200,20,6,687.1707304545685
8XS_N200_POWMT_seed020_MT,POWMT,200,20,7,2690.576916726337
8XS_N200_POWMT_seed020_MT,POWMT,200,20,8,730.3747676205685
8XS_N200_POWMT_seed020_MT,POWMT,200,20,9,882.8047821441514
8XS_N200_POWMT_seed021_MT,POWMT,200,21,1,415.3476589729283
8XS_N200_POWMT_seed021_MT,POWMT,200,21,2,2225.554155464451
8XS_N200_POWMT_seed021_MT,POWMT,200,21,3,712.7432178085542
8XS_N200_POWMT_seed021_MT,POWMT,200,21,4,666.4784892630273
8XS_N200_POWMT_seed021_MT,POWMT,200,21,5,721.0815387444363
8XS_N200_POWMT_seed021_MT,POWMT,200,21,6,867.1352851587808
8XS_N200_POWMT_seed021_MT,POWMT,200,21,7,4005.1388822092995
8XS_N200_POWMT_seed022_MT,POWMT,200,22,1,899.4660846713823
8XS_N200_POWMT_seed022_MT,POWMT,200,22,2,923.2838896136507
8XS_N200_POWMT_seed022_MT,POWMT,200,22,3,185.09161129479025
8XS_N200_POWMT_seed022_MT,POWMT,200,22,4,1454.2751268060617
8XS_N200_POWMT_seed022_MT,POWMT,200,22,5,717.4607778843274
8XS_N200_POWMT_seed022_MT,POWMT,200,22,6,184.7128092419316
8XS_N200_POWMT_seed022_MT,POWMT,200,22,7,920.2980851165212
8XS_N200_POWMT_seed022_MT,POWMT,200,22,8,186.5644179386927
8XS_N200_POWMT_seed022_MT,POWMT,200,22,9,237.2375453804898
8XS_N200_POWMT_seed022_MT,POWMT,200,22,10,46.079878731227836
8XS_N200_POWMT_seed022_MT,POWMT,200,22,11,29.88368811676446
8XS_N200_POWMT_seed022_MT,POWMT,200,22,12,53.52249688879874
8XS_N200_POWMT_seed022_MT,POWMT,200,22,13,312.7394758240962
8XS_N200_POWMT_seed022_MT,POWMT,200,22,14,131.80743644028735
8XS_N200_POWMT_seed022_MT,POWMT,200,22,15,705.5796966045828
8XS_N200_POWMT_seed022_MT,POWMT,200,22,16,1164.2428151065888
8XS_N200_POWMT_seed022_MT,POWMT,200,22,17,46.87788145520335
8XS_N200_POWMT_seed022_MT,POWMT,200,22,18,1562.1512716108646
8XS_N200_POWMT_seed022_MT,POWMT,200,22,19,79.20656024714299
8XS_N200_POWMT_seed023_MT,POWMT,200,23,1,105.60132873893494
8XS_N200_POWMT_seed023_MT,POWMT,200,23,2,257.61535008101976
8XS_N200_POWMT_seed023_MT,POWMT,200,23,3,946.5200166099312
8XS_N200_POWMT_seed023_MT,POWMT,200,23,4,86.46672955809231
8XS_N200_POWMT_seed023_MT,POWMT,200,23,5,295.75873312298586
8XS_N200_POWMT_seed023_MT,POWMT,200,23,6,1179.7608913180447
8XS_N200_POWMT_seed023_MT,POWMT,200,23,7,1688.0149851058768
8XS_N200_POWMT_seed023_MT,POWMT,200,23,8,643.204341274145
8XS_N200_POWMT_seed023_MT,POWMT,200,23,9,598.9543575762391
8XS_N200_POWMT_seed023_MT,POWMT,200,23,10,2443.9026501406706
8XS_N200_POWMT_seed023_MT,POWMT,200,23,11,192.770914505154
8XS_N200_POWMT_seed023_MT,POWMT,200,23,12,1279.9255958077138
8XS_N200_POWMT_seed024_MT,POWMT,200,24,1,491.32903971675677
8XS_N200_POWMT_seed024_MT,POWMT,200,24,2,93.7965405379461
8XS_N200_POWMT_seed024_MT,POWMT,200,24,3,316.8870703008728
8XS_N200_POWMT_seed024_MT,POWMT,200,24,4,1829.1684137681311
8XS_N200_POWMT_seed024_MT,POWMT,200,24,5,344.1238417047093
8XS_N200_POWMT_seed024_MT,POWMT,200,24,6,802.1927775536183
8XS_N200_POWMT_seed024_MT,POWMT,200,24,7,854.2474395331401
8XS_N200_POWMT_seed024_MT,POWMT,200,24,8,1250.0679606008644
8XS_N200_POWMT_seed024_MT,POWMT,200,24,9,759.6042500404246
8XS_N200_POWMT_seed024_MT,POWMT,200,24,10,212.67496506819862
8XS_N200_POWMT_seed024_MT,POWMT,200,24,11,1025.829274947173
8XS_N200_POWMT_seed024_MT,POWMT,200,24,12,355.912797812849
8XS_N200_POWMT_seed024_MT,POWMT,200,24,13,479.946429122625
8XS_N200_POWMT_seed024_MT,POWMT,200,24,14,335.1531408119881
8XS_N200_POWMT_seed024_MT,POWMT,200,24,15,674.4502914543555
8XS_N200_POWMT_seed025_MT,POWMT,200,25,1,129.93759031399128
8XS_N200_POWMT_seed025_MT,POWMT,200,25,2,152.19371892620842
8XS_N200_POWMT_seed025_MT,POWMT,200,25,3,1729.659192495778
8XS_N200_POWMT_seed025_MT,POWMT,200,25,4,362.3700102236976
8XS_N200_POWMT_seed025_MT,POWMT,200,25,5,228.02611097008867
8XS_N200_POWMT_seed025_MT,POWMT,200,25,6,1248.6785768938917
8XS_N200_POWMT_seed025_MT,POWMT,200,25,7,1891.1195788030982
8XS_N200_POWMT_seed025_MT,POWMT,200,25,8,127.55288375445798
8XS_N200_POWMT_seed025_MT,POWMT,200,25,9,2567.8867602785485
8XS_N200_POWMT_seed025_MT,POWMT,200,25,10,242.27567691939475
8XS_N200_POWMT_seed026_MT,POWMT,200,26,1,455.30412538444745
8XS_N200_POWMT_seed026_MT,POWMT,200,26,2,412.984891125116
8XS_N200_POWMT_seed026_MT,POWMT,200,26,3,1905.8677669840256
8XS_N200_POWMT_seed027_MT,POWMT,200,27,1,192.69000988136213
8XS_N200_POWMT_seed027_MT,POWMT,200,27,2,193.88137804531374
8XS_N200_POWMT_seed027_MT,POWMT,200,27,3,559.476610102249
8XS_N200_POWMT_seed027_MT,POWMT,200,27,4,1146.1233255867344
8XS_N200_POWMT_seed027_MT,POWMT,200,27,5,241.8210109440688
8XS_N200_POWMT_seed027_MT,POWMT,200,27,6,179.4029990596232
8XS_N200_POWMT_seed027_MT,POWMT,200,27,7,1011.5585830260043
8XS_N200_POWMT_seed027_MT,POWMT,200,27,8,41.075043953321256
8XS_N200_POWMT_seed027_MT,POWMT,200,27,9,3060.853214226286
8XS_N200_POWMT_seed028_MT,POWMT,200,28,1,1221.2190866958197
8XS_N200_POWMT_seed028_MT,POWMT,200,28,2,215.8919199428185
8XS_N200_POWMT_seed028_MT,POWMT,200,28,3,1790.268769946234
8XS_N200_POWMT_seed028_MT,POWMT,200,28,4,2235.877584933597
8XS_N200_POWMT_seed028_MT,POWMT,200,28,5,349.0594634496474
8XS_N200_POWMT_seed028_MT,POWMT,200,28,6,99.8775478428388
8XS_N200_POWMT_seed028_MT,POWMT,200,28,7,1869.7558437379193
8XS_N200_POWMT_seed028_MT,POWMT,200,28,8,292.00890223444367
8XS_N200_POWMT_seed029_MT,POWMT,200,29,1,1242.9102659306443
8XS_N200_POWMT_seed029_MT,POWMT,200,29,2,203.8159122295615
8XS_N200_POWMT_seed029_MT,POWMT,200,29,3,743.3712010039087
8XS_N200_POWMT_seed029_MT,POWMT,200,29,4,1030.1798487709711
8XS_N200_POWMT_seed029_MT,POWMT,200,29,5,910.9939718293062
8XS_N200_POWMT_seed029_MT,POWMT,200,29,6,1287.975965684358
8XS_N200_POWMT_seed029_MT,POWMT,200,29,7,119.1350094777099
8XS_N200_POWMT_seed029_MT,POWMT,200,29,8,356.3958512017707
8XS_N200_POWMT_seed029_MT,POWMT,200,29,9,3067.4597037909452
8XS_N200_POWMT_seed029_MT,POWMT,200,29,10,407.26519232566534
8XS_N200_POWMT_seed029_MT,POWMT,200,29,11,474.44417957972473
8XS_N200_POWMT_seed029_MT,POWMT,200,29,12,105.35859783866727
8XS_N200_POWMT_seed030_MT,POWMT,200,30,1,579.0236355270507
8XS_N200_POWMT_seed030_MT,POWMT,200,30,2,1547.4979532928533
8XS_N200_POWMT_seed030_MT,POWMT,200,30,3,379.8528413506683
8XS_N200_POWMT_seed030_MT,POWMT,200,30,4,121.03039127818647
8XS_N200_POWMT_seed030_MT,POWMT,200,30,5,1528.3863110220132
8XS_N200_POWMT_seed030_MT,POWMT,200,30,6,631.3427822764243
8XS_N200_POWMT_seed030_MT,POWMT,200,30,7,52.6258240170182
8XS_N200_POWMT_seed030_MT,POWMT,200,30,8,34.2629877774898
8XS_N200_POWMT_seed030_MT,POWMT,200,30,9,2154.993069293928
8XS_N200_POWMT_seed030_MT,POWMT,200,30,10,280.68356155580295
8XS_N200_POWMT_seed030_MT,POWMT,200,30,11,2486.2603879773123
8XS_N300_POWMT_seed001_MT,POWMT,300,1,1,116.09933880676918
8XS_N300_POWMT_seed001_MT,POWMT,300,1,2,0.6904935290871208
8XS_N300_POWMT_seed001_MT,POWMT,300,1,3,484.21480307442107
8XS_N300_POWMT_seed001_MT,POWMT,300,1,4,54.86173768941467
8XS_N300_POWMT_seed001_MT,POWMT,300,1,5,1408.5973798863072
8XS_N300_POWMT_seed001_MT,POWMT,300,1,6,88.48690399542602
8XS_N300_POWMT_seed001_MT,POWMT,300,1,7,318.2635336927351
8XS_N300_POWMT_seed001_MT,POWMT,300,1,8,2064.098087664727
8XS_N300_POWMT_seed001_MT,POWMT,300,1,9,259.2048688575642
8XS_N300_POWMT_seed001_MT,POWMT,300,1,10,115.16574668118119
8XS_N300_POWMT_seed001_MT,POWMT,300,1,11,935.0611424242643
8XS_N300_POWMT_seed001_MT,POWMT,300,1,12,469.74350257425704
8XS_N300_POWMT_seed001_MT,POWMT,300,1,13,161.91210097639305
8XS_N300_POWMT_seed001_MT,POWMT,300,1,14,1361.6967680551988
8XS_N300_POWMT_seed001_MT,POWMT,300,1,15,36.658856422834106
8XS_N300_POWMT_seed001_MT,POWMT,300,1,16,491.6783223643497
8XS_N300_POWMT_seed001_MT,POWMT,300,1,17,1242.4033363546823
8XS_N300_POWMT_seed002_MT,POWMT,300,2,1,1282.2480958038525
8XS_N300_POWMT_seed002_MT,POWMT,300,2,2,39.23283485320985
8XS_N300_POWMT_seed002_MT,POWMT,300,2,3,820.6850268859271
8XS_N300_POWMT_seed002_MT,POWMT,300,2,4,426.1926209768508
8XS_N300_POWMT_seed002_MT,POWMT,300,2,5,225.40859600118165
8XS_N300_POWMT_seed002_MT,POWMT,300,2,6,319.2748123472179
8XS_N300_POWMT_seed002_MT,POWMT,300,2,7,469.2191857146104
8XS_N300_POWMT_seed002_MT,POWMT,300,2,8,143.57321165271605
8XS_N300_POWMT_seed002_MT,POWMT,300,2,9,1580.559329298354
8XS_N300_POWMT_seed002_MT,POWMT,300,2,10,577.8841223669242
8XS_N300_POWMT_seed002_MT,POWMT,300,2,11,1205.2390633335735
8XS_N300_POWMT_seed002_MT,POWMT,300,2,12,195.08188117562622
8XS_N300_POWMT_seed002_MT,POWMT,300,2,13,1345.9031159156493
8XS_N300_POWMT_seed003_MT,POWMT,300,3,1,11.807696264448047
8XS_N300_POWMT_seed003_MT,POWMT,300,3,2,1648.3776931749208
8XS_N300_POWMT_seed003_MT,POWMT,300,3,3,1368.8240700852537
8XS_N300_POWMT_seed003_MT,POWMT,300,3,4,185.69351750837905
8XS_N300_POWMT_seed003_MT,POWMT,300,3,5,20.420965444352532
8XS_N300_POWMT_seed003_MT,POWMT,300,3,6,1055.6734225505024
8XS_N300_POWMT_seed003_MT,POWMT,300,3,7,22.326943600778577
8XS_N300_POWMT_seed003_MT,POWMT,300,3,8,1935.4758611640682
8XS_N300_POWMT_seed003_MT,POWMT,300,3,9,347.269427974632
8XS_N300_POWMT_seed003_MT,POWMT,300,3,10,323.05563176928354
8XS_N300_POWMT_seed003_MT,POWMT,300,3,11,1321.45317560681
8XS_N300_POWMT_seed003_MT,POWMT,300,3,12,4.460491280775386
8XS_N300_POWMT_seed003_MT,POWMT,300,3,13,663.8276867761579
8XS_N300_POWMT_seed003_MT,POWMT,300,3,14,294.15660238557757
8XS_N300_POWMT_seed004_MT,POWMT,300,4,1,31.707876982683057
8XS_N300_POWMT_seed004_MT,POWMT,300,4,2,271.62398294480465
8XS_N300_POWMT_seed004_MT,POWMT,300,4,3,4640.348348091322
8XS_N300_POWMT_seed004_MT,POWMT,300,4,4,108.25398708726789
8XS_N300_POWMT_seed004_MT,POWMT,300,4,5,1445.308219172599
8XS_N300_POWMT_seed004_MT,POWMT,300,4,6,666.5582218080581
8XS_N300_POWMT_seed004_MT,POWMT,300,4,7,64.84086303464574
8XS_N300_POWMT_seed004_MT,POWMT,300,4,8,1277.370899850468
8XS_N300_POWMT_seed004_MT,POWMT,300,4,9,1247.2401958726095
8XS_N300_POWMT_seed004_MT,POWMT,300,4,10,153.95315041302456
8XS_N300_POWMT_seed005_MT,POWMT,300,5,1,647.201894782345
8XS_N300_POWMT_seed005_MT,POWMT,300,5,2,640.2546657867291
8XS_N300_POWMT_seed005_MT,POWMT,300,5,3,1508.2570483169561
8XS_N300_POWMT_seed005_MT,POWMT,300,5,4,248.27871780296846
8XS_N300_POWMT_seed005_MT,POWMT,300,5,5,1203.344488959739
8XS_N300_POWMT_seed005_MT,POWMT,300,5,6,83.00754133151258
8XS_N300_POWMT_seed005_MT,POWMT,300,5,7,3223.0691491088737
8XS_N300_POWMT_seed005_MT,POWMT,300,5,8,120.11445393632494
8XS_N300_POWMT_seed005_MT,POWMT,300,5,9,256.89359629699265
8XS_N300_POWMT_seed005_MT,POWMT,300,5,10,1077.40526482533
8XS_N300_POWMT_seed005_MT,POWMT,300,5,11,319.527960676789
8XS_N300_POWMT_seed005_MT,POWMT,300,5,12,40.567281108487805
8XS_N300_POWMT_seed005_MT,POWMT,300,5,13,384.4967208171038
8XS_N300_POWMT_seed006_MT,POWMT,300,6,1,1692.8372993187838
8XS_N300_POWMT_seed006_MT,POWMT,300,6,2,1254.8862322873658
8XS_N300_POWMT_seed006_MT,POWMT,300,6,3,1894.437592505994
8XS_N300_POWMT_seed006_MT,POWMT,300,6,4,2698.6280505135246
8XS_N300_POWMT_seed006_MT,POWMT,300,6,5,66.43027531041935
8XS_N300_POWMT_seed006_MT,POWMT,300,6,6,389.4179697454101
8XS_N300_POWMT_seed006_MT,POWMT,300,6,7,40.88780024587322
8XS_N300_POWMT_seed006_MT,POWMT,300,6,8,1616.8591595272974
8XS_N300_POWMT_seed007_MT,POWMT,300,7,1,615.7240999065648
8XS_N300_POWMT_seed007_MT,POWMT,300,7,2,4.520182346495972
8XS_N300_POWMT_seed007_MT,POWMT,300,7,3,1146.6451443758542
8XS_N300_POWMT_seed007_MT,POWMT,300,7,4,68.01871588262838
8XS_N300_POWMT_seed007_MT,POWMT,300,7,5,517.9011407424593
8XS_N300_POWMT_seed007_MT,POWMT,300,7,6,1161.0552561943273
8XS_N300_POWMT_seed007_MT,POWMT,300,7,7,1239.5787108073146
8XS_N300_POWMT_seed007_MT,POWMT,300,7,8,4457.793590643245
8XS_N300_POWMT_seed007_MT,POWMT,300,7,9,324.17197180302173
8XS_N300_POWMT_seed008_MT,POWMT,300,8,1,678.0828424716768
8XS_N300_POWMT_seed008_MT,POWMT,300,8,2,313.4756449250043
8XS_N300_POWMT_seed008_MT,POWMT,300,8,3,5483.316091194531
8XS_N300_POWMT_seed008_MT,POWMT,300,8,4,699.1710848955718
8XS_N300_POWMT_seed008_MT,POWMT,300,8,5,343.21708054072406
8XS_N300_POWMT_seed008_MT,POWMT,300,8,6,1091.0305995465687
8XS_N300_POWMT_seed008_MT,POWMT,300,8,7,614.2188068514297
8XS_N300_POWMT_seed008_MT,POWMT,300,8,8,634.3109520814032
8XS_N300_POWMT_seed009_MT,POWMT,300,9,1,2155.270806989496
8XS_N300_POWMT_seed009_MT,POWMT,300,9,2,126.32500055032597
8XS_N300_POWMT_seed009_MT,POWMT,300,9,3,1405.2672616072045
8XS_N300_POWMT_seed009_MT,POWMT,300,9,4,1930.4447399172964
8XS_N300_POWMT_seed009_MT,POWMT,300,9,5,151.75179140717864
8XS_N300_POWMT_seed009_MT,POWMT,300,9,6,1237.021480753202
8XS_N300_POWMT_seed009_MT,POWMT,300,9,7,1850.8928144927359
8XS_N300_POWMT_seed009_MT,POWMT,300,9,8,396.99644630729745
8XS_N300_POWMT_seed009_MT,POWMT,300,9,9,12.010486520863196
8XS_N300_POWMT_seed009_MT,POWMT,300,9,10,414.86285988410054
8XS_N300_POWMT_seed010_MT,POWMT,300,10,1,1449.7947632601793
8XS_N300_POWMT_seed010_MT,POWMT,300,10,2,76.328816031207
8XS_N300_POWMT_seed010_MT,POWMT,300,10,3,688.6318373571348
8XS_N300_POWMT_seed010_MT,POWMT,300,10,4,867.6168059920551
8XS_N300_POWMT_seed010_MT,POWMT,300,10,5,712.6602022460529
8XS_N300_POWMT_seed010_MT,POWMT,300,10,6,4195.8777608865075
8XS_N300_POWMT_seed010_MT,POWMT,300,10,7,74.54582637192743
8XS_N300_POWMT_seed010_MT,POWMT,300,10,8,137.49654102930526
8XS_N300_POWMT_seed010_MT,POWMT,300,10,9,129.6324711367015
8XS_N300_POWMT_seed010_MT,POWMT,300,10,10,897.9970929985902
8XS_N300_POWMT_seed011_MT,POWMT,300,11,1,2005.8520227295144
8XS_N300_POWMT_seed011_MT,POWMT,300,11,2,3046.3858584969626
8XS_N300_POWMT_seed011_MT,POWMT,300,11,3,14.36720355999023
8XS_N300_POWMT_seed011_MT,POWMT,300,11,4,1071.4489119774807
8XS_N300_POWMT_seed011_MT,POWMT,300,11,5,675.2860699237626
8XS_N300_POWMT_seed011_MT,POWMT,300,11,6,728.3045860552247
8XS_N300_POWMT_seed012_MT,POWMT,300,12,1,699.961155502191
8XS_N300_POWMT_seed012_MT,POWMT,300,12,2,1389.569376539494
8XS_N300_POWMT_seed012_MT,POWMT,300,12,3,186.33032223194732
8XS_N300_POWMT_seed012_MT,POWMT,300,12,4,65.51317798782429
8XS_N300_POWMT_seed012_MT,POWMT,300,12,5,189.14427594008657
8XS_N300_POWMT_seed012_MT,POWMT,300,12,6,2067.188955053381
8XS_N300_POWMT_seed012_MT,POWMT,300,12,7,892.0979453472291
8XS_N300_POWMT_seed012_MT,POWMT,300,12,8,81.38687630582626
8XS_N300_POWMT_seed012_MT,POWMT,300,12,9,196.78264630300055
8XS_N300_POWMT_seed012_MT,POWMT,300,12,10,89.25099392658376
8XS_N300_POWMT_seed012_MT,POWMT,300,12,11,617.602087272191
8XS_N300_POWMT_seed012_MT,POWMT,300,12,12,583.8224928303098
8XS_N300_POWMT_seed012_MT,POWMT,300,12,13,41.23217321863012
8XS_N300_POWMT_seed012_MT,POWMT,300,12,14,1334.915001626062
8XS_N300_POWMT_seed012_MT,POWMT,300,12,15,198.0271536078617
8XS_N300_POWMT_seed012_MT,POWMT,300,12,16,338.86218313397876
8XS_N300_POWMT_seed013_MT,POWMT,300,13,1,1054.4749874844617
8XS_N300_POWMT_seed013_MT,POWMT,300,13,2,584.8974159119118
8XS_N300_POWMT_seed013_MT,POWMT,300,13,3,682.7753059892398
8XS_N300_POWMT_seed013_MT,POWMT,300,13,4,1166.051390191586
8XS_N300_POWMT_seed013_MT,POWMT,300,13,5,457.4045553809924
8XS_N300_POWMT_seed013_MT,POWMT,300,13,6,254.41967314122894
8XS_N300_POWMT_seed013_MT,POWMT,300,13,7,1354.6789303878431
8XS_N300_POWMT_seed013_MT,POWMT,300,13,8,395.66223760585126
8XS_N300_POWMT_seed013_MT,POWMT,300,13,9,1593.3227871735007
8XS_N300_POWMT_seed013_MT,POWMT,300,13,10,655.2745316221735
8XS_N300_POWMT_seed013_MT,POWMT,300,13,11,1023.5923633085404
8XS_N300_POWMT_seed013_MT,POWMT,300,13,12,243.96046044322247
8XS_N300_POWMT_seed013_MT,POWMT,300,13,13,179.47430292371791
8XS_N300_POWMT_seed014_MT,POWMT,300,14,1,1851.7538288892074
8XS_N300_POWMT_seed014_MT,POWMT,300,14,2,2074.3478747965496
8XS_N300_POWMT_seed014_MT,POWMT,300,14,3,1278.9056225689242
8XS_N300_POWMT_seed014_MT,POWMT,300,14,4,219.66151891100435
8XS_N300_POWMT_seed014_MT,POWMT,300,14,5,534.622430541126
8XS_N300_POWMT_seed014_MT,POWMT,300,14,6,227.28525359854666
8XS_N300_POWMT_seed014_MT,POWMT,300,14,7,1302.7631024430457
8XS_N300_POWMT_seed014_MT,POWMT,300,14,8,120.62732069566118
8XS_N300_POWMT_seed015_MT,POWMT,300,15,1,1132.2138322054302
8XS_N300_POWMT_seed015_MT,POWMT,300,15,2,539.3453617584642
8XS_N300_POWMT_seed015_MT,POWMT,300,15,3,391.52460170697486
8XS_N300_POWMT_seed015_MT,POWMT,300,15,4,55.21613499965588
8XS_N300_POWMT_seed015_MT,POWMT,300,15,5,77.27189103037426
8XS_N300_POWMT_seed015_MT,POWMT,300,15,6,921.5883888570106
8XS_N300_POWMT_seed015_MT,POWMT,300,15,7,82.85274814694503
8XS_N300_POWMT_seed015_MT,POWMT,300,15,8,1643.21079206982
8XS_N300_POWMT_seed015_MT,POWMT,300,15,9,376.3614374944991
8XS_N300_POWMT_seed015_MT,POWMT,300,15,10,1864.6998724784162
8XS_N300_POWMT_seed015_MT,POWMT,300,15,11,323.0977578753709
8XS_N300_POWMT_seed015_MT,POWMT,300,15,12,2298.306257803969
8XS_N300_POWMT_seed016_MT,POWMT,300,16,1,748.937569468274
8XS_N300_POWMT_seed016_MT,POWMT,300,16,2,163.27327249887162
8XS_N300_POWMT_seed016_MT,POWMT,300,16,3,75.23607109388263
8XS_N300_POWMT_seed016_MT,POWMT,300,16,4,3089.827999738463
8XS_N300_POWMT_seed016_MT,POWMT,300,16,5,987.7531231770417
8XS_N300_POWMT_seed016_MT,POWMT,300,16,6,1749.9027182884156
8XS_N300_POWMT_seed016_MT,POWMT,300,16,7,1356.0222763123447
8XS_N300_POWMT_seed016_MT,POWMT,300,16,8,510.88185354804955
8XS_N300_POWMT_seed016_MT,POWMT,300,16,9,368.0702194564983
8XS_N300_POWMT_seed016_MT,POWMT,300,16,10,0.4694548154311633
8XS_N300_POWMT_seed017_MT,POWMT,300,17,1,93.91317510419996
8XS_N300_POWMT_seed017_MT,POWMT,300,17,2,1701.887762816626
8XS_N300_POWMT_seed017_MT,POWMT,300,17,3,469.29046015158656
8XS_N300_POWMT_seed017_MT,POWMT,300,17,4,3779.285849312707
8XS_N300_POWMT_seed017_MT,POWMT,300,17,5,165.5762991537049
8XS_N300_POWMT_seed017_MT,POWMT,300,17,6,1635.6102294842258
8XS_N300_POWMT_seed017_MT,POWMT,300,17,7,9.903711229635519
8XS_N300_POWMT_seed017_MT,POWMT,300,17,8,1167.8765705223295
8XS_N300_POWMT_seed017_MT,POWMT,300,17,9,578.5969493170687
8XS_N300_POWMT_seed018_MT,POWMT,300,18,1,438.54503856509103
8XS_N300_POWMT_seed018_MT,POWMT,300,18,2,1161.9209505078256
8XS_N300_POWMT_seed018_MT,POWMT,300,18,3,405.2814266773403
8XS_N300_POWMT_seed018_MT,POWMT,300,18,4,238.39309779089444
8XS_N300_POWMT_seed018_MT,POWMT,300,18,5,188.60277096974323
8XS_N300_POWMT_seed018_MT,POWMT,300,18,6,2039.801156778171
8XS_N300_POWMT_seed018_MT,POWMT,300,18,7,1394.8499325811954
8XS_N300_POWMT_seed018_MT,POWMT,300,18,8,214.7104037274994
8XS_N300_POWMT_seed018_MT,POWMT,300,18,9,1435.1602171007726
8XS_N300_POWMT_seed018_MT,POWMT,300,18,10,80.86457954556863
8XS_N300_POWMT_seed018_MT,POWMT,300,18,11,383.7753607931618
8XS_N300_POWMT_seed018_MT,POWMT,300,18,12,1229.5889942608073
8XS_N300_POWMT_seed019_MT,POWMT,300,19,1,631.6147724618705
8XS_N300_POWMT_seed019_MT,POWMT,300,19,2,813.605540717862
8XS_N300_POWMT_seed019_MT,POWMT,300,19,3,339.17228616698776
8XS_N300_POWMT_seed019_MT,POWMT,300,19,4,1284.2861750478899
8XS_N300_POWMT_seed019_MT,POWMT,300,19,5,194.9380552282555
8XS_N300_POWMT_seed019_MT,POWMT,300,19,6,2123.817384202935
8XS_N300_POWMT_seed019_MT,POWMT,300,19,7,1830.1569204303132
8XS_N300_POWMT_seed019_MT,POWMT,300,19,8,2316.5517004785215
8XS_N300_POWMT_seed019_MT,POWMT,300,19,9,246.11738869437067
8XS_N300_POWMT_seed020_MT,POWMT,300,20,1,17.267458541252847
8XS_N300_POWMT_seed020_MT,POWMT,300,20,2,447.69180838833205
8XS_N300_POWMT_seed020_MT,POWMT,300,20,3,85.33449702103093
8XS_N300_POWMT_seed020_MT,POWMT,300,20,4,1071.733967462134
8XS_N300_POWMT_seed020_MT,POWMT,300,20,5,226.7465954247948
8XS_N300_POWMT_seed020_MT,POWMT,300,20,6,293.73016810367085
8XS_N300_POWMT_seed020_MT,POWMT,300,20,7,1136.563917707757
8XS_N300_POWMT_seed020_MT,POWMT,300,20,8,147.90648936978505
8XS_N300_POWMT_seed020_MT,POWMT,300,20,9,768.3924711680174
8XS_N300_POWMT_seed020_MT,POWMT,300,20,10,1376.1548596705152
8XS_N300_POWMT_seed020_MT,POWMT,300,20,11,814.4501440623799
8XS_N300_POWMT_seed020_MT,POWMT,300,20,12,412.5006844159461
8XS_N300_POWMT_seed020_MT,POWMT,300,20,13,241.44832728435358
8XS_N300_POWMT_seed020_MT,POWMT,300,20,14,36.17184710437323
8XS_N300_POWMT_seed020_MT,POWMT,300,20,15,1858.8333553951588
8XS_N300_POWMT_seed020_MT,POWMT,300,20,16,654.0538757600079
8XS_N300_POWMT_seed021_MT,POWMT,300,21,1,32.860582133690976
8XS_N300_POWMT_seed021_MT,POWMT,300,21,2,1888.0911172600868
8XS_N300_POWMT_seed021_MT,POWMT,300,21,3,934.7245649296938
8XS_N300_POWMT_seed021_MT,POWMT,300,21,4,660.7163453478506
8XS_N300_POWMT_seed021_MT,POWMT,300,21,5,905.0685419140927
8XS_N300_POWMT_seed021_MT,POWMT,300,21,6,258.05631280207854
8XS_N300_POWMT_seed021_MT,POWMT,300,21,7,4058.886090074323
8XS_N300_POWMT_seed021_MT,POWMT,300,21,8,1228.281999562052
8XS_N300_POWMT_seed022_MT,POWMT,300,22,1,1302.6622295679604
8XS_N300_POWMT_seed022_MT,POWMT,300,22,2,326.91816541584717
8XS_N300_POWMT_seed022_MT,POWMT,300,22,3,276.52338147383807
8XS_N300_POWMT_seed022_MT,POWMT,300,22,4,1416.53984093759
8XS_N300_POWMT_seed022_MT,POWMT,300,22,5,717.4607778843274
8XS_N300_POWMT_seed022_MT,POWMT,300,22,6,34.186163248582034
8XS_N300_POWMT_seed022_MT,POWMT,300,22,7,1039.9264832272556
8XS_N300_POWMT_seed022_MT,POWMT,300,22,8,225.25106250137014
8XS_N300_POWMT_seed022_MT,POWMT,300,22,9,83.90828029847125
8XS_N300_POWMT_seed022_MT,POWMT,300,22,10,403.0617759654151
8XS_N300_POWMT_seed022_MT,POWMT,300,22,11,1072.626732418159
8XS_N300_POWMT_seed022_MT,POWMT,300,22,12,1642.2192117544664
8XS_N300_POWMT_seed022_MT,POWMT,300,22,13,426.3815359903074
8XS_N300_POWMT_seed022_MT,POWMT,300,22,14,11.595220795346904
8XS_N300_POWMT_seed022_MT,POWMT,300,22,15,85.05320846530049
8XS_N300_POWMT_seed022_MT,POWMT,300,22,16,791.0216710443474
8XS_N300_POWMT_seed023_MT,POWMT,300,23,1,105.60132873893494
8XS_N300_POWMT_seed023_MT,POWMT,300,23,2,30.510347370633298
8XS_N300_POWMT_seed023_MT,POWMT,300,23,3,663.4236322662618
8XS_N300_POWMT_seed023_MT,POWMT,300,23,4,86.46672955809242
8XS_N300_POWMT_seed023_MT,POWMT,300,23,5,209.23538842896698
8XS_N300_POWMT_seed023_MT,POWMT,300,23,6,1179.7608913180447
8XS_N300_POWMT_seed023_MT,POWMT,300,23,7,1823.5633656662662
8XS_N300_POWMT_seed023_MT,POWMT,300,23,8,628.0029386503566
8XS_N300_POWMT_seed023_MT,POWMT,300,23,9,34.96981149115072
8XS_N300_POWMT_seed023_MT,POWMT,300,23,10,1094.7708169578937
8XS_N300_POWMT_seed023_MT,POWMT,300,23,11,91.24695673014321
8XS_N300_POWMT_seed023_MT,POWMT,300,23,12,760.4445907865784
8XS_N300_POWMT_seed023_MT,POWMT,300,23,13,680.284856604253
8XS_N300_POWMT_seed023_MT,POWMT,300,23,14,6.408519792712468
8XS_N300_POWMT_seed024_MT,POWMT,300,24,1,154.79094227300516
8XS_N300_POWMT_seed024_MT,POWMT,300,24,2,139.8233525383697
8XS_N300_POWMT_seed024_MT,POWMT,300,24,3,40.68917809618051
8XS_N300_POWMT_seed024_MT,POWMT,300,24,4,174.71284670041382
8XS_N300_POWMT_seed024_MT,POWMT,300,24,5,508.71540091044733
8XS_N300_POWMT_seed024_MT,POWMT,300,24,6,351.3624144358007
8XS_N300_POWMT_seed024_MT,POWMT,300,24,7,671.9722608788675
8XS_N300_POWMT_seed024_MT,POWMT,300,24,8,1536.1544190001664
8XS_N300_POWMT_seed024_MT,POWMT,300,24,9,616.9570895863471
8XS_N300_POWMT_seed024_MT,POWMT,300,24,10,861.417402764966
8XS_N300_POWMT_seed024_MT,POWMT,300,24,11,714.9650721370735
8XS_N300_POWMT_seed024_MT,POWMT,300,24,12,267.01224554211785
8XS_N300_POWMT_seed024_MT,POWMT,300,24,13,161.12028394661047
8XS_N300_POWMT_seed024_MT,POWMT,300,24,14,65.2989696738623
8XS_N300_POWMT_seed024_MT,POWMT,300,24,15,45.06629625525966
8XS_N300_POWMT_seed024_MT,POWMT,300,24,16,210.57894820458932
8XS_N300_POWMT_seed024_MT,POWMT,300,24,17,166.54730046841905
8XS_N300_POWMT_seed024_MT,POWMT,300,24,18,523.3480037398886
8XS_N300_POWMT_seed024_MT,POWMT,300,24,19,2280.839865715395
8XS_N300_POWMT_seed024_MT,POWMT,300,24,20,66.42820738358023
8XS_N300_POWMT_seed024_MT,POWMT,300,24,21,100.10535810070724
8XS_N300_POWMT_seed024_MT,POWMT,300,24,22,310.2857316320842
8XS_N300_POWMT_seed025_MT,POWMT,300,25,1,1311.014917138455
8XS_N300_POWMT_seed025_MT,POWMT,300,25,2,291.15268021924476
8XS_N300_POWMT_seed025_MT,POWMT,300,25,3,952.2082033405413
8XS_N300_POWMT_seed025_MT,POWMT,300,25,4,51.636836118734664
8XS_N300_POWMT_seed025_MT,POWMT,300,25,5,55.59933161079198
8XS_N300_POWMT_seed025_MT,POWMT,300,25,6,913.6622348030601
8XS_N300_POWMT_seed025_MT,POWMT,300,25,7,1897.3891480840603
8XS_N300_POWMT_seed025_MT,POWMT,300,25,8,1799.5675027788502
8XS_N300_POWMT_seed026_MT,POWMT,300,26,1,304.15795823660983
8XS_N300_POWMT_seed026_MT,POWMT,300,26,2,412.98489112511606
8XS_N300_POWMT_seed026_MT,POWMT,300,26,3,2857.521391822611
8XS_N300_POWMT_seed026_MT,POWMT,300,26,4,4605.904391645494
8XS_N300_POWMT_seed026_MT,POWMT,300,26,5,329.5511641287394
8XS_N300_POWMT_seed026_MT,POWMT,300,26,6,373.76702821059007
8XS_N300_POWMT_seed026_MT,POWMT,300,26,7,409.79654605203723
8XS_N300_POWMT_seed027_MT,POWMT,300,27,1,44.90590301016658
8XS_N300_POWMT_seed027_MT,POWMT,300,27,2,256.47500497961016
8XS_N300_POWMT_seed027_MT,POWMT,300,27,3,638.8338167843469
8XS_N300_POWMT_seed027_MT,POWMT,300,27,4,627.21046744757
8XS_N300_POWMT_seed027_MT,POWMT,300,27,5,887.254830755207
8XS_N300_POWMT_seed027_MT,POWMT,300,27,6,257.44848352568806
8XS_N300_POWMT_seed027_MT,POWMT,300,27,7,1256.2799130960602
8XS_N300_POWMT_seed027_MT,POWMT,300,27,8,140.0506773981524
8XS_N300_POWMT_seed027_MT,POWMT,300,27,9,3210.7029614224302
8XS_N300_POWMT_seed027_MT,POWMT,300,27,10,952.3909511888833
8XS_N300_POWMT_seed028_MT,POWMT,300,28,1,1425.2370019940158
8XS_N300_POWMT_seed028_MT,POWMT,300,28,2,1936.149525417692
8XS_N300_POWMT_seed028_MT,POWMT,300,28,3,1364.8792052787603
8XS_N300_POWMT_seed028_MT,POWMT,300,28,4,184.86793815626606
8XS_N300_POWMT_seed028_MT,POWMT,300,28,5,1950.9895056259693
8XS_N300_POWMT_seed028_MT,POWMT,300,28,6,388.44240587130025
8XS_N300_POWMT_seed028_MT,POWMT,300,28,7,1825.8546276988318
8XS_N300_POWMT_seed029_MT,POWMT,300,29,1,147.61865439040525
8XS_N300_POWMT_seed029_MT,POWMT,300,29,2,40.477297922519085
8XS_N300_POWMT_seed029_MT,POWMT,300,29,3,143.64189779402972
8XS_N300_POWMT_seed029_MT,POWMT,300,29,4,647.7222392679126
8XS_N300_POWMT_seed029_MT,POWMT,300,29,5,732.6681722821212
8XS_N300_POWMT_seed029_MT,POWMT,300,29,6,348.8565546933505
8XS_N300_POWMT_seed029_MT,POWMT,300,29,7,125.85832650213342
8XS_N300_POWMT_seed029_MT,POWMT,300,29,8,666.5464621314718
8XS_N300_POWMT_seed029_MT,POWMT,300,29,9,71.8594581664961
8XS_N300_POWMT_seed029_MT,POWMT,300,29,10,233.94515450466588
8XS_N300_POWMT_seed029_MT,POWMT,300,29,11,276.99878248858386
8XS_N300_POWMT_seed029_MT,POWMT,300,29,12,391.95975858481324
8XS_N300_POWMT_seed029_MT,POWMT,300,29,13,471.2170781353725
8XS_N300_POWMT_seed029_MT,POWMT,300,29,14,4212.247210580491
8XS_N300_POWMT_seed030_MT,POWMT,300,30,1,195.9252864062041
8XS_N300_POWMT_seed030_MT,POWMT,300,30,2,1786.788725740174
8XS_N300_POWMT_seed030_MT,POWMT,300,30,3,4.453483716568371
8XS_N300_POWMT_seed030_MT,POWMT,300,30,4,121.03039127818647
8XS_N300_POWMT_seed030_MT,POWMT,300,30,5,2029.3440008770413
8XS_N300_POWMT_seed030_MT,POWMT,300,30,6,629.741244361795
8XS_N300_POWMT_seed030_MT,POWMT,300,30,7,534.5467769763836
8XS_N300_POWMT_seed030_MT,POWMT,300,30,8,84.90895967530014
8XS_N300_POWMT_seed030_MT,POWMT,300,30,9,1276.7826264585192
8XS_N300_POWMT_seed030_MT,POWMT,300,30,10,221.7221155270663
8XS_N300_POWMT_seed030_MT,POWMT,300,30,11,378.3477113591862
8XS_N300_POWMT_seed030_MT,POWMT,300,30,12,138.78975963614448
8XS_N300_POWMT_seed030_MT,POWMT,300,30,13,139.72606976699808
8XS_N300_POWMT_seed030_MT,POWMT,300,30,14,641.9428822450218
8XS_N300_POWMT_seed030_MT,POWMT,300,30,15,32.203221800247775
8XS_N300_POWMT_seed030_MT,POWMT,300,30,16,489.09895452557976
8XS_N400_POWMT_seed001_MT,POWMT,400,1,1,116.09933880676918
8XS_N400_POWMT_seed001_MT,POWMT,400,1,2,0.6904935290871208
8XS_N400_POWMT_seed001_MT,POWMT,400,1,3,235.48615171186015
8XS_N400_POWMT_seed001_MT,POWMT,400,1,4,54.86173768941461
8XS_N400_POWMT_seed001_MT,POWMT,400,1,5,1578.8410640142151
8XS_N400_POWMT_seed001_MT,POWMT,400,1,6,1.6405060850470363
8XS_N400_POWMT_seed001_MT,POWMT,400,1,7,2384.6650272341176
8XS_N400_POWMT_seed001_MT,POWMT,400,1,8,354.71217268793316
8XS_N400_POWMT_seed001_MT,POWMT,400,1,9,886.0457770370085
8XS_N400_POWMT_seed001_MT,POWMT,400,1,10,408.66358749241954
8XS_N400_POWMT_seed001_MT,POWMT,400,1,11,100.95310933871406
8XS_N400_POWMT_seed001_MT,POWMT,400,1,12,119.34343037787039
8XS_N400_POWMT_seed001_MT,POWMT,400,1,13,179.5119585641578
8XS_N400_POWMT_seed002_MT,POWMT,400,2,1,1282.2480958038525
8XS_N400_POWMT_seed002_MT,POWMT,400,2,2,3375.8036613831655
8XS_N400_POWMT_seed002_MT,POWMT,400,2,3,345.70582185488274
8XS_N400_POWMT_seed002_MT,POWMT,400,2,4,3640.3689438491247
8XS_N400_POWMT_seed002_MT,POWMT,400,2,5,64.40960966796047
8XS_N400_POWMT_seed002_MT,POWMT,400,2,6,372.83434316375315
8XS_N400_POWMT_seed002_MT,POWMT,400,2,7,184.03502796103567
8XS_N400_POWMT_seed002_MT,POWMT,400,2,8,553.770370557646
8XS_N400_POWMT_seed003_MT,POWMT,400,3,1,11.807696264448047
8XS_N400_POWMT_seed003_MT,POWMT,400,3,2,1327.3103749682743
8XS_N400_POWMT_seed003_MT,POWMT,400,3,3,1815.5631708755468
8XS_N400_POWMT_seed003_MT,POWMT,400,3,4,22.42059901484845
8XS_N400_POWMT_seed003_MT,POWMT,400,3,5,384.6938446542554
8XS_N400_POWMT_seed003_MT,POWMT,400,3,6,1053.5233642320177
8XS_N400_POWMT_seed003_MT,POWMT,400,3,7,57.5414895066815
8XS_N400_POWMT_seed003_MT,POWMT,400,3,8,589.4200922691407
8XS_N400_POWMT_seed003_MT,POWMT,400,3,9,408.8553277101373
8XS_N400_POWMT_seed003_MT,POWMT,400,3,10,455.0776461162068
8XS_N400_POWMT_seed003_MT,POWMT,400,3,11,1500.7312857671732
8XS_N400_POWMT_seed003_MT,POWMT,400,3,12,21.61026066575414
8XS_N400_POWMT_seed003_MT,POWMT,400,3,13,603.4054477999161
8XS_N400_POWMT_seed003_MT,POWMT,400,3,14,46.93888476396569
8XS_N400_POWMT_seed003_MT,POWMT,400,3,15,1003.238062895116
8XS_N400_POWMT_seed004_MT,POWMT,400,4,1,31.707876982683057
8XS_N400_POWMT_seed004_MT,POWMT,400,4,2,271.62398294480465
8XS_N400_POWMT_seed004_MT,POWMT,400,4,3,1928.0572170526934
8XS_N400_POWMT_seed004_MT,POWMT,400,4,4,397.3074638524363
8XS_N400_POWMT_seed004_MT,POWMT,400,4,5,1441.1909520917043
8XS_N400_POWMT_seed004_MT,POWMT,400,4,6,907.033120889892
8XS_N400_POWMT_seed004_MT,POWMT,400,4,7,158.72827352831519
8XS_N400_POWMT_seed004_MT,POWMT,400,4,8,1299.5521336359243
8XS_N400_POWMT_seed004_MT,POWMT,400,4,9,655.6702381965415
8XS_N400_POWMT_seed004_MT,POWMT,400,4,10,462.81425330938146
8XS_N400_POWMT_seed004_MT,POWMT,400,4,11,361.3166981084023
8XS_N400_POWMT_seed004_MT,POWMT,400,4,12,266.45694928262856
8XS_N400_POWMT_seed004_MT,POWMT,400,4,13,863.4696372018843
8XS_N400_POWMT_seed004_MT,POWMT,400,4,14,449.3588556864197
8XS_N400_POWMT_seed004_MT,POWMT,400,4,15,12.984757260490369
8XS_N400_POWMT_seed004_MT,POWMT,400,4,16,463.0560415133623
8XS_N400_POWMT_seed005_MT,POWMT,400,5,1,1110.3779410643995
8XS_N400_POWMT_seed005_MT,POWMT,400,5,2,116.25387149523158
8XS_N400_POWMT_seed005_MT,POWMT,400,5,3,488.3103237333164
8XS_N400_POWMT_seed005_MT,POWMT,400,5,4,297.6478388472153
8XS_N400_POWMT_seed005_MT,POWMT,400,5,5,467.1979890355717
8XS_N400_POWMT_seed005_MT,POWMT,400,5,6,470.88085850994867
8XS_N400_POWMT_seed005_MT,POWMT,400,5,7,98.36719204678593
8XS_N400_POWMT_seed005_MT,POWMT,400,5,8,683.8317743171528
8XS_N400_POWMT_seed005_MT,POWMT,400,5,9,189.68357564258986
8XS_N400_POWMT_seed005_MT,POWMT,400,5,10,127.28133295771931
8XS_N400_POWMT_seed005_MT,POWMT,400,5,11,406.78045231815577
8XS_N400_POWMT_seed005_MT,POWMT,400,5,12,106.93859970545964
8XS_N400_POWMT_seed005_MT,POWMT,400,5,13,107.27588120491691
8XS_N400_POWMT_seed005_MT,POWMT,400,5,14,621.5578606848139
8XS_N400_POWMT_seed005_MT,POWMT,400,5,15,3254.59784118653
8XS_N400_POWMT_seed005_MT,POWMT,400,5,16,294.8921046061296
8XS_N400_POWMT_seed005_MT,POWMT,400,5,17,88.10668566283675
8XS_N400_POWMT_seed005_MT,POWMT,400,5,18,65.82628753037534
8XS_N400_POWMT_seed006_MT,POWMT,400,6,1,3117.1744867914167
8XS_N400_POWMT_seed006_MT,POWMT,400,6,2,748.6230949359574
8XS_N400_POWMT_seed006_MT,POWMT,400,6,3,2297.671625143615
8XS_N400_POWMT_seed006_MT,POWMT,400,6,4,2746.957759621874
8XS_N400_POWMT_seed006_MT,POWMT,400,6,5,42.95033637937195
8XS_N400_POWMT_seed006_MT,POWMT,400,6,6,723.1962113515092
8XS_N400_POWMT_seed007_MT,POWMT,400,7,1,615.7240999065648
8XS_N400_POWMT_seed007_MT,POWMT,400,7,2,4.520182346495972
8XS_N400_POWMT_seed007_MT,POWMT,400,7,3,1957.8717487088325
8XS_N400_POWMT_seed007_MT,POWMT,400,7,4,3.352524053655543
8XS_N400_POWMT_seed007_MT,POWMT,400,7,5,141.05179937814
8XS_N400_POWMT_seed007_MT,POWMT,400,7,6,859.7117913543289
8XS_N400_POWMT_seed008_MT,POWMT,400,8,1,3943.486551402973
8XS_N400_POWMT_seed008_MT,POWMT,400,8,2,271.5851110521385
8XS_N400_POWMT_seed008_MT,POWMT,400,8,3,4255.837755516992
8XS_N400_POWMT_seed008_MT,POWMT,400,8,4,985.5795966461192
8XS_N400_POWMT_seed008_MT,POWMT,400,8,5,425.7219816828838
8XS_N400_POWMT_seed009_MT,POWMT,400,9,1,2586.3091339999964
8XS_N400_POWMT_seed009_MT,POWMT,400,9,2,1378.1402445849803
8XS_N400_POWMT_seed009_MT,POWMT,400,9,3,1405.2672616072045
8XS_N400_POWMT_seed009_MT,POWMT,400,9,4,1857.9491586883223
8XS_N400_POWMT_seed009_MT,POWMT,400,9,5,145.00414340718999
8XS_N400_POWMT_seed009_MT,POWMT,400,9,6,162.50050089757133
8XS_N400_POWMT_seed009_MT,POWMT,400,9,7,369.96970905108174
8XS_N400_POWMT_seed009_MT,POWMT,400,9,8,890.7864015139767
8XS_N400_POWMT_seed009_MT,POWMT,400,9,9,516.8340921125127
8XS_N400_POWMT_seed009_MT,POWMT,400,9,10,364.96395800938444
8XS_N400_POWMT_seed010_MT,POWMT,400,10,1,1449.7947632601793
8XS_N400_POWMT_seed010_MT,POWMT,400,10,2,124.21942919313801
8XS_N400_POWMT_seed010_MT,POWMT,400,10,3,828.2002998624703
8XS_N400_POWMT_seed010_MT,POWMT,400,10,4,2252.852583821734
8XS_N400_POWMT_seed010_MT,POWMT,400,10,5,109.07930258561646
8XS_N400_POWMT_seed010_MT,POWMT,400,10,6,1388.6225417288779
8XS_N400_POWMT_seed010_MT,POWMT,400,10,7,46.38074561943631
8XS_N400_POWMT_seed010_MT,POWMT,400,10,8,396.6228310000115
8XS_N400_POWMT_seed010_MT,POWMT,400,10,9,285.247705816234
8XS_N400_POWMT_seed010_MT,POWMT,400,10,10,580.5551552617817
8XS_N400_POWMT_seed010_MT,POWMT,400,10,11,1355.5245423311735
8XS_N400_POWMT_seed010_MT,POWMT,400,10,12,5.962052132807003
8XS_N400_POWMT_seed010_MT,POWMT,400,10,13,495.039727457568
8XS_N400_POWMT_seed010_MT,POWMT,400,10,14,470.0521042368073
8XS_N400_POWMT_seed011_MT,POWMT,400,11,1,1833.281517063243
8XS_N400_POWMT_seed011_MT,POWMT,400,11,2,854.4294025970821
8XS_N400_POWMT_seed011_MT,POWMT,400,11,3,253.55298732287156
8XS_N400_POWMT_seed011_MT,POWMT,400,11,4,1855.5773490663705
8XS_N400_POWMT_seed011_MT,POWMT,400,11,5,737.5932808560601
8XS_N400_POWMT_seed011_MT,POWMT,400,11,6,641.9055912582799
8XS_N400_POWMT_seed011_MT,POWMT,400,11,7,113.65415483013203
8XS_N400_POWMT_seed011_MT,POWMT,400,11,8,2407.3320067065742
8XS_N400_POWMT_seed011_MT,POWMT,400,11,9,507.5296213688762
8XS_N400_POWMT_seed012_MT,POWMT,400,12,1,163.75839168131475
8XS_N400_POWMT_seed012_MT,POWMT,400,12,2,1278.9157386774002
8XS_N400_POWMT_seed012_MT,POWMT,400,12,3,7.6164357601971915
8XS_N400_POWMT_seed012_MT,POWMT,400,12,4,747.3475892982935
8XS_N400_POWMT_seed012_MT,POWMT,400,12,5,1129.108554933232
8XS_N400_POWMT_seed012_MT,POWMT,400,12,6,2312.0166657577947
8XS_N400_POWMT_seed012_MT,POWMT,400,12,7,818.5289677802866
8XS_N400_POWMT_seed012_MT,POWMT,400,12,8,147.58997503581486
8XS_N400_POWMT_seed012_MT,POWMT,400,12,9,49.2215434813852
8XS_N400_POWMT_seed012_MT,POWMT,400,12,10,143.17640267267598
8XS_N400_POWMT_seed012_MT,POWMT,400,12,11,796.750363614573
8XS_N400_POWMT_seed012_MT,POWMT,400,12,12,743.4042867964363
8XS_N400_POWMT_seed012_MT,POWMT,400,12,13,194.93109378197914
8XS_N400_POWMT_seed012_MT,POWMT,400,12,14,40.04321140695356
8XS_N400_POWMT_seed012_MT,POWMT,400,12,15,3.407473514940648
8XS_N400_POWMT_seed012_MT,POWMT,400,12,16,383.2865241041163
8XS_N400_POWMT_seed013_MT,POWMT,400,13,1,1140.3422719376017
8XS_N400_POWMT_seed013_MT,POWMT,400,13,2,92.64783125662257
8XS_N400_POWMT_seed013_MT,POWMT,400,13,3,556.6134173604908
8XS_N400_POWMT_seed013_MT,POWMT,400,13,4,739.3313779130581
8XS_N400_POWMT_seed013_MT,POWMT,400,13,5,154.11628177952844
8XS_N400_POWMT_seed013_MT,POWMT,400,13,6,462.48738755493605
8XS_N400_POWMT_seed013_MT,POWMT,400,13,7,1210.834041099909
8XS_N400_POWMT_seed013_MT,POWMT,400,13,8,2967.2974612845837
8XS_N400_POWMT_seed013_MT,POWMT,400,13,9,1483.8881759701635
8XS_N400_POWMT_seed013_MT,POWMT,400,13,10,786.6050876573645
8XS_N400_POWMT_seed014_MT,POWMT,400,14,1,5067.838163349516
8XS_N400_POWMT_seed014_MT,POWMT,400,14,2,1823.4381347115477
8XS_N400_POWMT_seed014_MT,POWMT,400,14,3,1256.721952070503
8XS_N400_POWMT_seed014_MT,POWMT,400,14,4,574.3250055479593
8XS_N400_POWMT_seed014_MT,POWMT,400,14,5,186.36489093668933
8XS_N400_POWMT_seed014_MT,POWMT,400,14,6,196.97704028609587
8XS_N400_POWMT_seed014_MT,POWMT,400,14,7,74.02938299356356
8XS_N400_POWMT_seed015_MT,POWMT,400,15,1,683.082889855357
8XS_N400_POWMT_seed015_MT,POWMT,400,15,2,1906.3599641649932
8XS_N400_POWMT_seed015_MT,POWMT,400,15,3,65.72785789150203
8XS_N400_POWMT_seed015_MT,POWMT,400,15,4,134.9927121366204
8XS_N400_POWMT_seed015_MT,POWMT,400,15,5,7.272785600368934
8XS_N400_POWMT_seed015_MT,POWMT,400,15,6,5430.507286180404
8XS_N400_POWMT_seed015_MT,POWMT,400,15,7,246.49888324359927
8XS_N400_POWMT_seed016_MT,POWMT,400,16,1,724.6822532632457
8XS_N400_POWMT_seed016_MT,POWMT,400,16,2,348.8642844375438
8XS_N400_POWMT_seed016_MT,POWMT,400,16,3,72.80042369021521
8XS_N400_POWMT_seed016_MT,POWMT,400,16,4,69.86602291828785
8XS_N400_POWMT_seed016_MT,POWMT,400,16,5,942.7368231980067
8XS_N400_POWMT_seed016_MT,POWMT,400,16,6,1267.2631541073629
8XS_N400_POWMT_seed016_MT,POWMT,400,16,7,9.07572006418468
8XS_N400_POWMT_seed016_MT,POWMT,400,16,8,634.5917775277235
8XS_N400_POWMT_seed016_MT,POWMT,400,16,9,59.478220950133164
8XS_N400_POWMT_seed016_MT,POWMT,400,16,10,1791.05393265956
8XS_N400_POWMT_seed017_MT,POWMT,400,17,1,430.26908906712583
8XS_N400_POWMT_seed017_MT,POWMT,400,17,2,5196.896179745741
8XS_N400_POWMT_seed017_MT,POWMT,400,17,3,577.7239003345112
8XS_N400_POWMT_seed017_MT,POWMT,400,17,4,3779.285849312706
8XS_N400_POWMT_seed018_MT,POWMT,400,18,1,99.64812063702267
8XS_N400_POWMT_seed018_MT,POWMT,400,18,2,1210.5737910283035
8XS_N400_POWMT_seed018_MT,POWMT,400,18,3,3191.9404113351075
8XS_N400_POWMT_seed018_MT,POWMT,400,18,4,35.871950850418216
8XS_N400_POWMT_seed018_MT,POWMT,400,18,5,709.39157666554
8XS_N400_POWMT_seed018_MT,POWMT,400,18,6,698.2833671480639
8XS_N400_POWMT_seed018_MT,POWMT,400,18,7,1531.1319597599204
8XS_N400_POWMT_seed018_MT,POWMT,400,18,8,425.92802599357583
8XS_N400_POWMT_seed019_MT,POWMT,400,19,1,1152.5965454794186
8XS_N400_POWMT_seed019_MT,POWMT,400,19,2,1225.4596897181932
8XS_N400_POWMT_seed019_MT,POWMT,400,19,3,14.408303586292277
8XS_N400_POWMT_seed019_MT,POWMT,400,19,4,1485.1029274175044
8XS_N400_POWMT_seed019_MT,POWMT,400,19,5,948.3395679129994
8XS_N400_POWMT_seed019_MT,POWMT,400,19,6,35.97101208557342
8XS_N400_POWMT_seed019_MT,POWMT,400,19,7,2098.2202901972123
8XS_N400_POWMT_seed019_MT,POWMT,400,19,8,1909.3462628407633
8XS_N400_POWMT_seed019_MT,POWMT,400,19,9,337.85997507133106
8XS_N400_POWMT_seed020_MT,POWMT,400,20,1,32.2325539815167
8XS_N400_POWMT_seed020_MT,POWMT,400,20,2,447.691808388332
8XS_N400_POWMT_seed020_MT,POWMT,400,20,3,2.1962943467255513
8XS_N400_POWMT_seed020_MT,POWMT,400,20,4,693.0395778116124
8XS_N400_POWMT_seed020_MT,POWMT,400,20,5,1401.8946540994543
8XS_N400_POWMT_seed020_MT,POWMT,400,20,6,344.9611807054139
8XS_N400_POWMT_seed020_MT,POWMT,400,20,7,2575.4532125441315
8XS_N400_POWMT_seed020_MT,POWMT,400,20,8,118.46697957954075
8XS_N400_POWMT_seed020_MT,POWMT,400,20,9,1754.4335548357658
8XS_N400_POWMT_seed020_MT,POWMT,400,20,10,1476.9223734199086
8XS_N400_POWMT_seed020_MT,POWMT,400,20,11,189.22675335813074
8XS_N400_POWMT_seed020_MT,POWMT,400,20,12,300.5104451847619
8XS_N400_POWMT_seed020_MT,POWMT,400,20,13,344.2790599978198
8XS_N400_POWMT_seed020_MT,POWMT,400,20,14,38.63114980265709
8XS_N400_POWMT_seed021_MT,POWMT,400,21,1,32.860582133690976
8XS_N400_POWMT_seed021_MT,POWMT,400,21,2,882.3945735688218
8XS_N400_POWMT_seed021_MT,POWMT,400,21,3,687.6683096977519
8XS_N400_POWMT_seed021_MT,POWMT,400,21,4,1176.3555044759908
8XS_N400_POWMT_seed021_MT,POWMT,400,21,5,1390.0907266562645
8XS_N400_POWMT_seed021_MT,POWMT,400,21,6,236.68519476019083
8XS_N400_POWMT_seed021_MT,POWMT,400,21,7,3130.3880391682133
8XS_N400_POWMT_seed021_MT,POWMT,400,21,8,1255.8093862715396
8XS_N400_POWMT_seed021_MT,POWMT,400,21,9,13.173210330192887
8XS_N400_POWMT_seed022_MT,POWMT,400,22,1,867.6130772669311
8XS_N400_POWMT_seed022_MT,POWMT,400,22,2,168.37197412158991
8XS_N400_POWMT_seed022_MT,POWMT,400,22,3,493.94010019465077
8XS_N400_POWMT_seed022_MT,POWMT,400,22,4,1462.2256728968434
8XS_N400_POWMT_seed022_MT,POWMT,400,22,5,1094.2646789935807
8XS_N400_POWMT_seed022_MT,POWMT,400,22,6,42.537664722882255
8XS_N400_POWMT_seed022_MT,POWMT,400,22,7,835.0442811888024
8XS_N400_POWMT_seed022_MT,POWMT,400,22,8,73.8913793007996
8XS_N400_POWMT_seed022_MT,POWMT,400,22,9,237.2375453804898
8XS_N400_POWMT_seed022_MT,POWMT,400,22,10,73.45678051493996
8XS_N400_POWMT_seed022_MT,POWMT,400,22,11,23.982920545865454
8XS_N400_POWMT_seed022_MT,POWMT,400,22,12,294.599828039547
8XS_N400_POWMT_seed022_MT,POWMT,400,22,13,805.0042852821534
8XS_N400_POWMT_seed022_MT,POWMT,400,22,14,5.028921543637807
8XS_N400_POWMT_seed022_MT,POWMT,400,22,15,497.1969543672567
8XS_N400_POWMT_seed022_MT,POWMT,400,22,16,1354.528931582855
8XS_N400_POWMT_seed022_MT,POWMT,400,22,17,857.7489087888935
8XS_N400_POWMT_seed023_MT,POWMT,400,23,1,105.60132873893494
8XS_N400_POWMT_seed023_MT,POWMT,400,23,2,525.4653111729705
8XS_N400_POWMT_seed023_MT,POWMT,400,23,3,833.8817915913635
8XS_N400_POWMT_seed023_MT,POWMT,400,23,4,103.15887316659791
8XS_N400_POWMT_seed023_MT,POWMT,400,23,5,209.2353884289671
8XS_N400_POWMT_seed023_MT,POWMT,400,23,6,624.6673593395758
8XS_N400_POWMT_seed023_MT,POWMT,400,23,7,1215.6710358321557
8XS_N400_POWMT_seed023_MT,POWMT,400,23,8,667.2240296829164
8XS_N400_POWMT_seed023_MT,POWMT,400,23,9,56.53988076081623
8XS_N400_POWMT_seed023_MT,POWMT,400,23,10,606.8366156486782
8XS_N400_POWMT_seed023_MT,POWMT,400,23,11,846.8847533705593
8XS_N400_POWMT_seed023_MT,POWMT,400,23,12,914.655180631662
8XS_N400_POWMT_seed023_MT,POWMT,400,23,13,1775.9669750996645
8XS_N400_POWMT_seed023_MT,POWMT,400,23,14,266.1959610415561
8XS_N400_POWMT_seed024_MT,POWMT,400,24,1,154.79094227300516
8XS_N400_POWMT_seed024_MT,POWMT,400,24,2,191.4964009255067
8XS_N400_POWMT_seed024_MT,POWMT,400,24,3,373.6339985875926
8XS_N400_POWMT_seed024_MT,POWMT,400,24,4,1121.0802114641872
8XS_N400_POWMT_seed024_MT,POWMT,400,24,5,254.121850463152
8XS_N400_POWMT_seed024_MT,POWMT,400,24,6,351.3624144358005
8XS_N400_POWMT_seed024_MT,POWMT,400,24,7,2471.9268623849425
8XS_N400_POWMT_seed024_MT,POWMT,400,24,8,1658.9350983458999
8XS_N400_POWMT_seed024_MT,POWMT,400,24,9,1094.0920818712275
8XS_N400_POWMT_seed024_MT,POWMT,400,24,10,494.74649891776244
8XS_N400_POWMT_seed024_MT,POWMT,400,24,11,745.2359075626518
8XS_N400_POWMT_seed024_MT,POWMT,400,24,12,661.8022771482101
8XS_N400_POWMT_seed024_MT,POWMT,400,24,13,290.356486044484
8XS_N400_POWMT_seed024_MT,POWMT,400,24,14,65.2989696738623
8XS_N400_POWMT_seed025_MT,POWMT,400,25,1,1311.014917138455
8XS_N400_POWMT_seed025_MT,POWMT,400,25,2,291.15268021924476
8XS_N400_POWMT_seed025_MT,POWMT,400,25,3,831.5798370088623
8XS_N400_POWMT_seed025_MT,POWMT,400,25,4,66.28681003912106
8XS_N400_POWMT_seed025_MT,POWMT,400,25,5,158.83767099545867
8XS_N400_POWMT_seed025_MT,POWMT,400,25,6,939.4117016082419
8XS_N400_POWMT_seed025_MT,POWMT,400,25,7,1817.8639069207334
8XS_N400_POWMT_seed025_MT,POWMT,400,25,8,127.55288375445798
8XS_N400_POWMT_seed025_MT,POWMT,400,25,9,2564.05902015832
8XS_N400_POWMT_seed025_MT,POWMT,400,25,10,61.990513935600575
8XS_N400_POWMT_seed025_MT,POWMT,400,25,11,1409.095092255905
8XS_N400_POWMT_seed026_MT,POWMT,400,26,1,304.15795823660983
8XS_N400_POWMT_seed026_MT,POWMT,400,26,2,147.15060992910094
8XS_N400_POWMT_seed026_MT,POWMT,400,26,3,2687.769954214944
8XS_N400_POWMT_seed026_MT,POWMT,400,26,4,4260.051304445113
8XS_N400_POWMT_seed026_MT,POWMT,400,26,5,84.09929365127664
8XS_N400_POWMT_seed026_MT,POWMT,400,26,6,755.9915980609803
8XS_N400_POWMT_seed026_MT,POWMT,400,26,7,209.12901235400386
8XS_N400_POWMT_seed027_MT,POWMT,400,27,1,268.48385725627685
8XS_N400_POWMT_seed027_MT,POWMT,400,27,2,47.780000402675
8XS_N400_POWMT_seed027_MT,POWMT,400,27,3,559.476610102249
8XS_N400_POWMT_seed027_MT,POWMT,400,27,4,806.7940754166024
8XS_N400_POWMT_seed027_MT,POWMT,400,27,5,241.8210109440688
8XS_N400_POWMT_seed027_MT,POWMT,400,27,6,179.4029990596232
8XS_N400_POWMT_seed027_MT,POWMT,400,27,7,1376.9302901300357
8XS_N400_POWMT_seed027_MT,POWMT,400,27,8,129.70761317793904
8XS_N400_POWMT_seed027_MT,POWMT,400,27,9,3060.853214226287
8XS_N400_POWMT_seed027_MT,POWMT,400,27,10,1924.3880486305916
8XS_N400_POWMT_seed028_MT,POWMT,400,28,1,1574.5534672552244
8XS_N400_POWMT_seed028_MT,POWMT,400,28,2,215.8919199428185
8XS_N400_POWMT_seed028_MT,POWMT,400,28,3,1228.7765805457059
8XS_N400_POWMT_seed028_MT,POWMT,400,28,4,423.25514607903415
8XS_N400_POWMT_seed028_MT,POWMT,400,28,5,172.6754358091107
8XS_N400_POWMT_seed028_MT,POWMT,400,28,6,272.6331800799121
8XS_N400_POWMT_seed028_MT,POWMT,400,28,7,855.4090938714521
8XS_N400_POWMT_seed028_MT,POWMT,400,28,8,475.1961831621202
8XS_N400_POWMT_seed028_MT,POWMT,400,28,9,1271.4191306844814
8XS_N400_POWMT_seed028_MT,POWMT,400,28,10,1193.112192044072
8XS_N400_POWMT_seed028_MT,POWMT,400,28,11,895.8514902322131
8XS_N400_POWMT_seed028_MT,POWMT,400,28,12,769.9458504512168
8XS_N400_POWMT_seed029_MT,POWMT,400,29,1,147.61865439040525
8XS_N400_POWMT_seed029_MT,POWMT,400,29,2,40.477297922519085
8XS_N400_POWMT_seed029_MT,POWMT,400,29,3,136.05316490616315
8XS_N400_POWMT_seed029_MT,POWMT,400,29,4,1201.23360269626
8XS_N400_POWMT_seed029_MT,POWMT,400,29,5,732.6681722821213
8XS_N400_POWMT_seed029_MT,POWMT,400,29,6,148.04106237060932
8XS_N400_POWMT_seed029_MT,POWMT,400,29,7,1456.4121762334298
8XS_N400_POWMT_seed029_MT,POWMT,400,29,8,350.35725064557937
8XS_N400_POWMT_seed029_MT,POWMT,400,29,9,3003.1532120631846
8XS_N400_POWMT_seed029_MT,POWMT,400,29,10,262.3336242849582
8XS_N400_POWMT_seed029_MT,POWMT,400,29,11,821.9749654245334
8XS_N400_POWMT_seed030_MT,POWMT,400,30,1,195.9252864062041
8XS_N400_POWMT_seed030_MT,POWMT,400,30,2,443.845385502486
8XS_N400_POWMT_seed030_MT,POWMT,400,30,3,323.75736046472684
8XS_N400_POWMT_seed030_MT,POWMT,400,30,4,94.92600322474266
8XS_N400_POWMT_seed030_MT,POWMT,400,30,5,2167.2255533259913
8XS_N400_POWMT_seed030_MT,POWMT,400,30,6,761.5415373159508
8XS_N400_POWMT_seed030_MT,POWMT,400,30,7,300.87892753602364
8XS_N400_POWMT_seed030_MT,POWMT,400,30,8,90.71094424239072
8XS_N400_POWMT_seed030_MT,POWMT,400,30,9,1866.3437491204877
8XS_N400_POWMT_seed030_MT,POWMT,400,30,10,176.6437690966086
8XS_N400_POWMT_seed030_MT,POWMT,400,30,11,61.05634128814654
8XS_N400_POWMT_seed030_MT,POWMT,400,30,12,166.71087082332724
8XS_N400_POWMT_seed030_MT,POWMT,400,30,13,59.23207385950718
8XS_N400_POWMT_seed030_MT,POWMT,400,30,14,1426.5750729323445
8XS_N400_POWMT_seed030_MT,POWMT,400,30,15,279.4707963674273
8XS_N400_POWMT_seed030_MT,POWMT,400,30,16,160.88087441124117
8XS_N500_POWMT_seed001_MT,POWMT,500,1,1,116.09933880676918
8XS_N500_POWMT_seed001_MT,POWMT,500,1,2,0.6904935290871208
8XS_N500_POWMT_seed001_MT,POWMT,500,1,3,235.48615171186015
8XS_N500_POWMT_seed001_MT,POWMT,500,1,4,774.2088352137284
8XS_N500_POWMT_seed001_MT,POWMT,500,1,5,2947.304662593966
8XS_N500_POWMT_seed001_MT,POWMT,500,1,6,671.7728178234406
8XS_N500_POWMT_seed001_MT,POWMT,500,1,7,361.6132341227467
8XS_N500_POWMT_seed001_MT,POWMT,500,1,8,2009.905292597814
8XS_N500_POWMT_seed001_MT,POWMT,500,1,9,695.1480172518941
8XS_N500_POWMT_seed002_MT,POWMT,500,2,1,894.7064608003536
8XS_N500_POWMT_seed002_MT,POWMT,500,2,2,662.2577518859116
8XS_N500_POWMT_seed002_MT,POWMT,500,2,3,249.3429138239244
8XS_N500_POWMT_seed002_MT,POWMT,500,2,4,614.769158926021
8XS_N500_POWMT_seed002_MT,POWMT,500,2,5,212.65924061045553
8XS_N500_POWMT_seed002_MT,POWMT,500,2,6,92.09200399148858
8XS_N500_POWMT_seed002_MT,POWMT,500,2,7,2649.2388975482927
8XS_N500_POWMT_seed002_MT,POWMT,500,2,8,1282.2331067713167
8XS_N500_POWMT_seed002_MT,POWMT,500,2,9,1533.8547269755854
8XS_N500_POWMT_seed002_MT,POWMT,500,2,10,810.3339575234295
8XS_N500_POWMT_seed002_MT,POWMT,500,2,11,663.9112622554585
8XS_N500_POWMT_seed003_MT,POWMT,500,3,1,11.807696264448047
8XS_N500_POWMT_seed003_MT,POWMT,500,3,2,3812.2301232398863
8XS_N500_POWMT_seed003_MT,POWMT,500,3,3,1219.4814162376802
8XS_N500_POWMT_seed003_MT,POWMT,500,3,4,1217.5706621281079
8XS_N500_POWMT_seed003_MT,POWMT,500,3,5,172.73336242103233
8XS_N500_POWMT_seed003_MT,POWMT,500,3,6,683.5823994795301
8XS_N500_POWMT_seed003_MT,POWMT,500,3,7,277.4418564159769
8XS_N500_POWMT_seed003_MT,POWMT,500,3,8,589.4200922691407
8XS_N500_POWMT_seed003_MT,POWMT,500,3,9,1390.1177194009051
8XS_N500_POWMT_seed003_MT,POWMT,500,3,10,389.1695194313834
8XS_N500_POWMT_seed004_MT,POWMT,500,4,1,31.707876982683057
8XS_N500_POWMT_seed004_MT,POWMT,500,4,2,271.62398294480465
8XS_N500_POWMT_seed004_MT,POWMT,500,4,3,2309.972134768829
8XS_N500_POWMT_seed004_MT,POWMT,500,4,4,2399.0928625547517
8XS_N500_POWMT_seed004_MT,POWMT,500,4,5,1996.4049635739166
8XS_N500_POWMT_seed004_MT,POWMT,500,4,6,1034.2136292168552
8XS_N500_POWMT_seed004_MT,POWMT,500,4,7,116.88773717750246
8XS_N500_POWMT_seed004_MT,POWMT,500,4,8,1380.413607128985
8XS_N500_POWMT_seed005_MT,POWMT,500,5,1,774.5860042699418
8XS_N500_POWMT_seed005_MT,POWMT,500,5,2,116.25387149523169
8XS_N500_POWMT_seed005_MT,POWMT,500,5,3,1654.7931032332626
8XS_N500_POWMT_seed005_MT,POWMT,500,5,4,73.0368752527761
8XS_N500_POWMT_seed005_MT,POWMT,500,5,5,1604.0233104724539
8XS_N500_POWMT_seed005_MT,POWMT,500,5,6,280.235628373046
8XS_N500_POWMT_seed005_MT,POWMT,500,5,7,2617.6435989965794
8XS_N500_POWMT_seed005_MT,POWMT,500,5,8,145.76720542332714
8XS_N500_POWMT_seed005_MT,POWMT,500,5,9,195.8063818556011
8XS_N500_POWMT_seed005_MT,POWMT,500,5,10,153.41157500334248
8XS_N500_POWMT_seed005_MT,POWMT,500,5,11,87.78445100769932
8XS_N500_POWMT_seed005_MT,POWMT,500,5,12,3.8617548159172657
8XS_N500_POWMT_seed005_MT,POWMT,500,5,13,951.8384512703024
8XS_N500_POWMT_seed006_MT,POWMT,500,6,1,3022.2549254919845
8XS_N500_POWMT_seed006_MT,POWMT,500,6,2,669.4437445172175
8XS_N500_POWMT_seed006_MT,POWMT,500,6,3,1875.3647215196015
8XS_N500_POWMT_seed007_MT,POWMT,500,7,1,615.7240999065648
8XS_N500_POWMT_seed007_MT,POWMT,500,7,2,4.520182346495972
8XS_N500_POWMT_seed007_MT,POWMT,500,7,3,935.4562574883038
8XS_N500_POWMT_seed007_MT,POWMT,500,7,4,346.5533049515632
8XS_N500_POWMT_seed007_MT,POWMT,500,7,5,23.69206776423266
8XS_N500_POWMT_seed007_MT,POWMT,500,7,6,607.5763214202839
8XS_N500_POWMT_seed007_MT,POWMT,500,7,7,1530.4689033867076
8XS_N500_POWMT_seed007_MT,POWMT,500,7,8,616.5144485491073
8XS_N500_POWMT_seed007_MT,POWMT,500,7,9,176.75473591832997
8XS_N500_POWMT_seed007_MT,POWMT,500,7,10,176.8368458719542
8XS_N500_POWMT_seed007_MT,POWMT,500,7,11,122.27514252521269
8XS_N500_POWMT_seed007_MT,POWMT,500,7,12,45.99567188957553
8XS_N500_POWMT_seed007_MT,POWMT,500,7,13,223.7932956015602
8XS_N500_POWMT_seed007_MT,POWMT,500,7,14,609.7698688322962
8XS_N500_POWMT_seed007_MT,POWMT,500,7,15,5.704558126568372
8XS_N500_POWMT_seed007_MT,POWMT,500,7,16,108.51442844438316
8XS_N500_POWMT_seed007_MT,POWMT,500,7,17,176.72350089352494
8XS_N500_POWMT_seed007_MT,POWMT,500,7,18,65.8183324367792
8XS_N500_POWMT_seed007_MT,POWMT,500,7,19,53.76771954098513
8XS_N500_POWMT_seed007_MT,POWMT,500,7,20,1249.7570001410786
8XS_N500_POWMT_seed007_MT,POWMT,500,7,21,954.5897390114251
8XS_N500_POWMT_seed007_MT,POWMT,500,7,22,362.2770897357659
8XS_N500_POWMT_seed007_MT,POWMT,500,7,23,665.2416833748066
8XS_N500_POWMT_seed007_MT,POWMT,500,7,24,27.638438902627968
8XS_N500_POWMT_seed008_MT,POWMT,500,8,1,2283.2057092335476
8XS_N500_POWMT_seed008_MT,POWMT,500,8,2,59.52899320899496
8XS_N500_POWMT_seed008_MT,POWMT,500,8,3,4125.890014999112
8XS_N500_POWMT_seed008_MT,POWMT,500,8,4,99.99102193836825
8XS_N500_POWMT_seed008_MT,POWMT,500,8,5,200.53713925551529
8XS_N500_POWMT_seed008_MT,POWMT,500,8,6,1879.7415176662116
8XS_N500_POWMT_seed008_MT,POWMT,500,8,7,769.6747239173201
8XS_N500_POWMT_seed009_MT,POWMT,500,9,1,182.20887803523493
8XS_N500_POWMT_seed009_MT,POWMT,500,9,2,178.16260310363958
8XS_N500_POWMT_seed009_MT,POWMT,500,9,3,3310.337958312835
8XS_N500_POWMT_seed009_MT,POWMT,500,9,4,1887.0355590185022
8XS_N500_POWMT_seed009_MT,POWMT,500,9,5,441.51640417027284
8XS_N500_POWMT_seed009_MT,POWMT,500,9,6,92.13119504347014
8XS_N500_POWMT_seed009_MT,POWMT,500,9,7,5.080405743990923
8XS_N500_POWMT_seed009_MT,POWMT,500,9,8,273.9686942617782
8XS_N500_POWMT_seed009_MT,POWMT,500,9,9,15.096125257132371
8XS_N500_POWMT_seed009_MT,POWMT,500,9,10,209.6209158761012
8XS_N500_POWMT_seed009_MT,POWMT,500,9,11,791.7008978855538
8XS_N500_POWMT_seed009_MT,POWMT,500,9,12,627.7795046535603
8XS_N500_POWMT_seed010_MT,POWMT,500,10,1,1264.2624952988115
8XS_N500_POWMT_seed010_MT,POWMT,500,10,2,71.57566234376782
8XS_N500_POWMT_seed010_MT,POWMT,500,10,3,199.09650045753665
8XS_N500_POWMT_seed010_MT,POWMT,500,10,4,977.1017305883615
8XS_N500_POWMT_seed010_MT,POWMT,500,10,5,90.52620296624855
8XS_N500_POWMT_seed010_MT,POWMT,500,10,6,1420.4443296877475
8XS_N500_POWMT_seed010_MT,POWMT,500,10,7,214.0936126872425
8XS_N500_POWMT_seed010_MT,POWMT,500,10,8,84.63645886695394
8XS_N500_POWMT_seed010_MT,POWMT,500,10,9,79.24951555340613
8XS_N500_POWMT_seed010_MT,POWMT,500,10,10,481.6831202322519
8XS_N500_POWMT_seed010_MT,POWMT,500,10,11,709.7238592571857
8XS_N500_POWMT_seed010_MT,POWMT,500,10,12,604.8533176551146
8XS_N500_POWMT_seed010_MT,POWMT,500,10,13,754.691055153371
8XS_N500_POWMT_seed010_MT,POWMT,500,10,14,1703.7929687249107
8XS_N500_POWMT_seed010_MT,POWMT,500,10,15,750.3176275825153
8XS_N500_POWMT_seed011_MT,POWMT,500,11,1,2765.0037723943883
8XS_N500_POWMT_seed011_MT,POWMT,500,11,2,646.8816389937879
8XS_N500_POWMT_seed011_MT,POWMT,500,11,3,253.55298732287156
8XS_N500_POWMT_seed011_MT,POWMT,500,11,4,2286.9220195098906
8XS_N500_POWMT_seed011_MT,POWMT,500,11,5,1980.9983406233478
8XS_N500_POWMT_seed011_MT,POWMT,500,11,6,641.905591258279
8XS_N500_POWMT_seed012_MT,POWMT,500,12,1,163.75839168131475
8XS_N500_POWMT_seed012_MT,POWMT,500,12,2,1355.2652264541177
8XS_N500_POWMT_seed012_MT,POWMT,500,12,3,286.226200015823
8XS_N500_POWMT_seed012_MT,POWMT,500,12,4,781.5806552674203
8XS_N500_POWMT_seed012_MT,POWMT,500,12,5,207.0906332882687
8XS_N500_POWMT_seed012_MT,POWMT,500,12,6,2024.6691272120333
8XS_N500_POWMT_seed012_MT,POWMT,500,12,7,705.1738355993039
8XS_N500_POWMT_seed012_MT,POWMT,500,12,8,334.91145563861573
8XS_N500_POWMT_seed012_MT,POWMT,500,12,9,80.70646925524943
8XS_N500_POWMT_seed012_MT,POWMT,500,12,10,186.1796371467981
8XS_N500_POWMT_seed012_MT,POWMT,500,12,11,775.3565003472659
8XS_N500_POWMT_seed012_MT,POWMT,500,12,12,952.1548493905029
8XS_N500_POWMT_seed012_MT,POWMT,500,12,13,403.5108371272099
8XS_N500_POWMT_seed012_MT,POWMT,500,12,14,1500.1308600488373
8XS_N500_POWMT_seed013_MT,POWMT,500,13,1,1190.502961934325
8XS_N500_POWMT_seed013_MT,POWMT,500,13,2,215.7639320491312
8XS_N500_POWMT_seed013_MT,POWMT,500,13,3,556.6134173604905
8XS_N500_POWMT_seed013_MT,POWMT,500,13,4,664.2513906730942
8XS_N500_POWMT_seed013_MT,POWMT,500,13,5,549.4045467231613
8XS_N500_POWMT_seed013_MT,POWMT,500,13,6,288.4197465599341
8XS_N500_POWMT_seed013_MT,POWMT,500,13,7,1245.84296636389
8XS_N500_POWMT_seed013_MT,POWMT,500,13,8,30.402829945429403
8XS_N500_POWMT_seed013_MT,POWMT,500,13,9,2445.8821802333114
8XS_N500_POWMT_seed013_MT,POWMT,500,13,10,788.8227427533402
8XS_N500_POWMT_seed013_MT,POWMT,500,13,11,608.0200460799206
8XS_N500_POWMT_seed013_MT,POWMT,500,13,12,22.686098602891434
8XS_N500_POWMT_seed013_MT,POWMT,500,13,13,417.43789474799996
8XS_N500_POWMT_seed014_MT,POWMT,500,14,1,2274.5733131468114
8XS_N500_POWMT_seed014_MT,POWMT,500,14,2,1954.1815837201411
8XS_N500_POWMT_seed014_MT,POWMT,500,14,3,683.6123432103177
8XS_N500_POWMT_seed014_MT,POWMT,500,14,4,88.09163062236439
8XS_N500_POWMT_seed014_MT,POWMT,500,14,5,350.2786437037721
8XS_N500_POWMT_seed014_MT,POWMT,500,14,6,580.2379478591929
8XS_N500_POWMT_seed014_MT,POWMT,500,14,7,259.4660683582206
8XS_N500_POWMT_seed014_MT,POWMT,500,14,8,476.9275771085986
8XS_N500_POWMT_seed014_MT,POWMT,500,14,9,82.87094366837118
8XS_N500_POWMT_seed014_MT,POWMT,500,14,10,1351.9215840209463
8XS_N500_POWMT_seed015_MT,POWMT,500,15,1,607.972907709778
8XS_N500_POWMT_seed015_MT,POWMT,500,15,2,1389.1860571354678
8XS_N500_POWMT_seed015_MT,POWMT,500,15,3,391.52460170697464
8XS_N500_POWMT_seed015_MT,POWMT,500,15,4,16.044795893853916
8XS_N500_POWMT_seed015_MT,POWMT,500,15,5,139.70140448286838
8XS_N500_POWMT_seed015_MT,POWMT,500,15,6,328.3136072998368
8XS_N500_POWMT_seed015_MT,POWMT,500,15,7,8.857258216225546
8XS_N500_POWMT_seed015_MT,POWMT,500,15,8,1348.3743044734424
8XS_N500_POWMT_seed015_MT,POWMT,500,15,9,75.60748817216518
8XS_N500_POWMT_seed015_MT,POWMT,500,15,10,5520.661685077835
8XS_N500_POWMT_seed016_MT,POWMT,500,16,1,1031.0058061546788
8XS_N500_POWMT_seed016_MT,POWMT,500,16,2,162.77634561662217
8XS_N500_POWMT_seed016_MT,POWMT,500,16,3,47.558077776849814
8XS_N500_POWMT_seed016_MT,POWMT,500,16,4,69.86602291828785
8XS_N500_POWMT_seed016_MT,POWMT,500,16,5,1965.7738831196768
8XS_N500_POWMT_seed016_MT,POWMT,500,16,6,654.1404795904145
8XS_N500_POWMT_seed016_MT,POWMT,500,16,7,26.308398599529482
8XS_N500_POWMT_seed016_MT,POWMT,500,16,8,270.0465307701702
8XS_N500_POWMT_seed016_MT,POWMT,500,16,9,968.2029060470586
8XS_N500_POWMT_seed016_MT,POWMT,500,16,10,1422.3358685718786
8XS_N500_POWMT_seed016_MT,POWMT,500,16,11,2266.3602564127896
8XS_N500_POWMT_seed016_MT,POWMT,500,16,12,294.1302774931046
8XS_N500_POWMT_seed017_MT,POWMT,500,17,1,378.8231202757771
8XS_N500_POWMT_seed017_MT,POWMT,500,17,2,1665.779492612205
8XS_N500_POWMT_seed017_MT,POWMT,500,17,3,458.01978025722315
8XS_N500_POWMT_seed017_MT,POWMT,500,17,4,28.86293613049702
8XS_N500_POWMT_seed017_MT,POWMT,500,17,5,102.73889435977162
8XS_N500_POWMT_seed017_MT,POWMT,500,17,6,29.23310664186647
8XS_N500_POWMT_seed017_MT,POWMT,500,17,7,539.9808565100848
8XS_N500_POWMT_seed017_MT,POWMT,500,17,8,1103.151340871249
8XS_N500_POWMT_seed017_MT,POWMT,500,17,9,242.01425984283833
8XS_N500_POWMT_seed017_MT,POWMT,500,17,10,700.249035218384
8XS_N500_POWMT_seed017_MT,POWMT,500,17,11,3919.7715517392207
8XS_N500_POWMT_seed018_MT,POWMT,500,18,1,99.64812063702267
8XS_N500_POWMT_seed018_MT,POWMT,500,18,2,1591.1198730704884
8XS_N500_POWMT_seed018_MT,POWMT,500,18,3,424.90765395595076
8XS_N500_POWMT_seed018_MT,POWMT,500,18,4,38.64723085907008
8XS_N500_POWMT_seed018_MT,POWMT,500,18,5,60.061900119101665
8XS_N500_POWMT_seed018_MT,POWMT,500,18,6,1929.8588193757014
8XS_N500_POWMT_seed018_MT,POWMT,500,18,7,1350.7542419322572
8XS_N500_POWMT_seed018_MT,POWMT,500,18,8,378.6909052553365
8XS_N500_POWMT_seed018_MT,POWMT,500,18,9,2052.194351435406
8XS_N500_POWMT_seed018_MT,POWMT,500,18,10,330.1469206343645
8XS_N500_POWMT_seed018_MT,POWMT,500,18,11,531.6721865903528
8XS_N500_POWMT_seed018_MT,POWMT,500,18,12,627.4041226124664
8XS_N500_POWMT_seed018_MT,POWMT,500,18,13,71.85099558168986
8XS_N500_POWMT_seed019_MT,POWMT,500,19,1,956.5380668373075
8XS_N500_POWMT_seed019_MT,POWMT,500,19,2,1317.7389825829212
8XS_N500_POWMT_seed019_MT,POWMT,500,19,3,14.408303586292277
8XS_N500_POWMT_seed019_MT,POWMT,500,19,4,1263.6770013389578
8XS_N500_POWMT_seed019_MT,POWMT,500,19,5,893.1631902889158
8XS_N500_POWMT_seed019_MT,POWMT,500,19,6,376.1785578512463
8XS_N500_POWMT_seed019_MT,POWMT,500,19,7,605.645971898366
8XS_N500_POWMT_seed019_MT,POWMT,500,19,8,2172.590277798702
8XS_N500_POWMT_seed019_MT,POWMT,500,19,9,705.36329419708
8XS_N500_POWMT_seed020_MT,POWMT,500,20,1,32.2325539815167
8XS_N500_POWMT_seed020_MT,POWMT,500,20,2,955.5564895584216
8XS_N500_POWMT_seed020_MT,POWMT,500,20,3,2.1962943467254945
8XS_N500_POWMT_seed020_MT,POWMT,500,20,4,32.23310651552947
8XS_N500_POWMT_seed020_MT,POWMT,500,20,5,330.09657715273045
8XS_N500_POWMT_seed020_MT,POWMT,500,20,6,257.5668735037641
8XS_N500_POWMT_seed020_MT,POWMT,500,20,7,638.5183222892169
8XS_N500_POWMT_seed020_MT,POWMT,500,20,8,162.96780619920446
8XS_N500_POWMT_seed020_MT,POWMT,500,20,9,1254.7511091313445
8XS_N500_POWMT_seed020_MT,POWMT,500,20,10,1586.1237418140763
8XS_N500_POWMT_seed020_MT,POWMT,500,20,11,1098.9467784501821
8XS_N500_POWMT_seed020_MT,POWMT,500,20,12,259.26237224448596
8XS_N500_POWMT_seed020_MT,POWMT,500,20,13,81.34432477807513
8XS_N500_POWMT_seed020_MT,POWMT,500,20,14,47.50379544909083
8XS_N500_POWMT_seed020_MT,POWMT,500,20,15,764.0273028661913
8XS_N500_POWMT_seed020_MT,POWMT,500,20,16,788.7427495002776
8XS_N500_POWMT_seed021_MT,POWMT,500,21,1,424.7859101376759
8XS_N500_POWMT_seed021_MT,POWMT,500,21,2,1979.9970826953288
8XS_N500_POWMT_seed021_MT,POWMT,500,21,3,744.3876496336793
8XS_N500_POWMT_seed021_MT,POWMT,500,21,4,625.5498929299806
8XS_N500_POWMT_seed021_MT,POWMT,500,21,5,954.3594226253763
8XS_N500_POWMT_seed021_MT,POWMT,500,21,6,170.28000099498422
8XS_N500_POWMT_seed021_MT,POWMT,500,21,7,3084.1020610309934
8XS_N500_POWMT_seed021_MT,POWMT,500,21,8,806.3385087373717
8XS_N500_POWMT_seed021_MT,POWMT,500,21,9,164.3511108948951
8XS_N500_POWMT_seed022_MT,POWMT,500,22,1,867.6130772669311
8XS_N500_POWMT_seed022_MT,POWMT,500,22,2,369.5996907949103
8XS_N500_POWMT_seed022_MT,POWMT,500,22,3,493.94010019465077
8XS_N500_POWMT_seed022_MT,POWMT,500,22,4,1462.2256728968432
8XS_N500_POWMT_seed022_MT,POWMT,500,22,5,486.62293575108015
8XS_N500_POWMT_seed022_MT,POWMT,500,22,6,30.14499164974586
8XS_N500_POWMT_seed022_MT,POWMT,500,22,7,633.182680355163
8XS_N500_POWMT_seed022_MT,POWMT,500,22,8,218.46771233336403
8XS_N500_POWMT_seed022_MT,POWMT,500,22,9,700.7108344795724
8XS_N500_POWMT_seed022_MT,POWMT,500,22,10,166.3526647880426
8XS_N500_POWMT_seed022_MT,POWMT,500,22,11,440.88545071517547
8XS_N500_POWMT_seed022_MT,POWMT,500,22,12,1425.3587227433136
8XS_N500_POWMT_seed022_MT,POWMT,500,22,13,230.09381302876227
8XS_N500_POWMT_seed022_MT,POWMT,500,22,14,12.47811578373603
8XS_N500_POWMT_seed022_MT,POWMT,500,22,15,211.52941672316138
8XS_N500_POWMT_seed022_MT,POWMT,500,22,16,847.3205556595458
8XS_N500_POWMT_seed022_MT,POWMT,500,22,17,46.87788145520244
8XS_N500_POWMT_seed023_MT,POWMT,500,23,1,105.60132873893494
8XS_N500_POWMT_seed023_MT,POWMT,500,23,2,490.7842689019283
8XS_N500_POWMT_seed023_MT,POWMT,500,23,3,833.8817915913634
8XS_N500_POWMT_seed023_MT,POWMT,500,23,4,472.05952609295514
8XS_N500_POWMT_seed023_MT,POWMT,500,23,5,233.71748943027478
8XS_N500_POWMT_seed023_MT,POWMT,500,23,6,651.7139797385848
8XS_N500_POWMT_seed023_MT,POWMT,500,23,7,1308.8267772620425
8XS_N500_POWMT_seed023_MT,POWMT,500,23,8,676.6181512748662
8XS_N500_POWMT_seed023_MT,POWMT,500,23,9,63.81200766584152
8XS_N500_POWMT_seed023_MT,POWMT,500,23,10,2442.681405588488
8XS_N500_POWMT_seed023_MT,POWMT,500,23,11,746.3456575032114
8XS_N500_POWMT_seed023_MT,POWMT,500,23,12,874.3407811838924
8XS_N500_POWMT_seed024_MT,POWMT,500,24,1,154.79094227300516
8XS_N500_POWMT_seed024_MT,POWMT,500,24,2,40.19815619730218
8XS_N500_POWMT_seed024_MT,POWMT,500,24,3,16.249764341044227
8XS_N500_POWMT_seed024_MT,POWMT,500,24,4,187.9178116144966
8XS_N500_POWMT_seed024_MT,POWMT,500,24,5,101.65767539132474
8XS_N500_POWMT_seed024_MT,POWMT,500,24,6,109.40991980859883
8XS_N500_POWMT_seed024_MT,POWMT,500,24,7,1077.5022332798426
8XS_N500_POWMT_seed024_MT,POWMT,500,24,8,1418.1869248824328
8XS_N500_POWMT_seed024_MT,POWMT,500,24,9,906.1382409669459
8XS_N500_POWMT_seed024_MT,POWMT,500,24,10,93.661132783825
8XS_N500_POWMT_seed024_MT,POWMT,500,24,11,944.0129824789719
8XS_N500_POWMT_seed024_MT,POWMT,500,24,12,331.66646871885587
8XS_N500_POWMT_seed024_MT,POWMT,500,24,13,1.4445478693387486
8XS_N500_POWMT_seed024_MT,POWMT,500,24,14,194.50139581438452
8XS_N500_POWMT_seed024_MT,POWMT,500,24,15,20.971101859960072
8XS_N500_POWMT_seed024_MT,POWMT,500,24,16,121.96667684445947
8XS_N500_POWMT_seed024_MT,POWMT,500,24,17,322.0926284524976
8XS_N500_POWMT_seed024_MT,POWMT,500,24,18,476.07615614583847
8XS_N500_POWMT_seed024_MT,POWMT,500,24,19,2470.045724602507
8XS_N500_POWMT_seed024_MT,POWMT,500,24,20,159.1284050761551
8XS_N500_POWMT_seed024_MT,POWMT,500,24,21,506.34366117076024
8XS_N500_POWMT_seed025_MT,POWMT,500,25,1,1621.8942617242267
8XS_N500_POWMT_seed025_MT,POWMT,500,25,2,234.63357169073493
8XS_N500_POWMT_seed025_MT,POWMT,500,25,3,831.5798370088628
8XS_N500_POWMT_seed025_MT,POWMT,500,25,4,71.59002734709975
8XS_N500_POWMT_seed025_MT,POWMT,500,25,5,276.85378673363493
8XS_N500_POWMT_seed025_MT,POWMT,500,25,6,848.8749315585801
8XS_N500_POWMT_seed025_MT,POWMT,500,25,7,2877.1826635630277
8XS_N500_POWMT_seed025_MT,POWMT,500,25,8,18.58598143045765
8XS_N500_POWMT_seed025_MT,POWMT,500,25,9,2784.105376913286
8XS_N500_POWMT_seed026_MT,POWMT,500,26,1,304.15795823660983
8XS_N500_POWMT_seed026_MT,POWMT,500,26,2,147.15060992910094
8XS_N500_POWMT_seed026_MT,POWMT,500,26,3,2784.8194183605815
8XS_N500_POWMT_seed026_MT,POWMT,500,26,4,4393.474247999676
8XS_N500_POWMT_seed026_MT,POWMT,500,26,5,611.6760647581923
8XS_N500_POWMT_seed026_MT,POWMT,500,26,6,588.1319445283407
8XS_N500_POWMT_seed026_MT,POWMT,500,26,7,453.84147474592646
8XS_N500_POWMT_seed027_MT,POWMT,500,27,1,838.5154408013047
8XS_N500_POWMT_seed027_MT,POWMT,500,27,2,47.780000402675
8XS_N500_POWMT_seed027_MT,POWMT,500,27,3,985.4384154722276
8XS_N500_POWMT_seed027_MT,POWMT,500,27,4,1075.2516531564488
8XS_N500_POWMT_seed027_MT,POWMT,500,27,5,158.55281239472788
8XS_N500_POWMT_seed027_MT,POWMT,500,27,6,179.4029990596232
8XS_N500_POWMT_seed027_MT,POWMT,500,27,7,2488.5251046234284
8XS_N500_POWMT_seed027_MT,POWMT,500,27,8,201.23294315596922
8XS_N500_POWMT_seed027_MT,POWMT,500,27,9,3233.7741865400794
8XS_N500_POWMT_seed028_MT,POWMT,500,28,1,1221.2190866958197
8XS_N500_POWMT_seed028_MT,POWMT,500,28,2,431.76341545633886
8XS_N500_POWMT_seed028_MT,POWMT,500,28,3,1918.0399409746221
8XS_N500_POWMT_seed028_MT,POWMT,500,28,4,314.39286291802773
8XS_N500_POWMT_seed028_MT,POWMT,500,28,5,2365.4673014125315
8XS_N500_POWMT_seed028_MT,POWMT,500,28,6,99.17604115473023
8XS_N500_POWMT_seed028_MT,POWMT,500,28,7,1079.4813507987565
8XS_N500_POWMT_seed028_MT,POWMT,500,28,8,1218.6211830179673
8XS_N500_POWMT_seed028_MT,POWMT,500,28,9,307.9980001084623
8XS_N500_POWMT_seed028_MT,POWMT,500,28,10,743.0017935802061
8XS_N500_POWMT_seed029_MT,POWMT,500,29,1,147.61865439040525
8XS_N500_POWMT_seed029_MT,POWMT,500,29,2,40.477297922519085
8XS_N500_POWMT_seed029_MT,POWMT,500,29,3,136.05316490616315
8XS_N500_POWMT_seed029_MT,POWMT,500,29,4,686.6931716278721
8XS_N500_POWMT_seed029_MT,POWMT,500,29,5,1408.6321665659502
8XS_N500_POWMT_seed029_MT,POWMT,500,29,6,95.30964587303833
8XS_N500_POWMT_seed029_MT,POWMT,500,29,7,323.5451049323501
8XS_N500_POWMT_seed029_MT,POWMT,500,29,8,220.73361105029971
8XS_N500_POWMT_seed029_MT,POWMT,500,29,9,25.356827112024803
8XS_N500_POWMT_seed029_MT,POWMT,500,29,10,231.6966965837505
8XS_N500_POWMT_seed029_MT,POWMT,500,29,11,859.9509361536984
8XS_N500_POWMT_seed029_MT,POWMT,500,29,12,309.1671917083704
8XS_N500_POWMT_seed029_MT,POWMT,500,29,13,597.2562053454285
8XS_N500_POWMT_seed029_MT,POWMT,500,29,14,3035.533411354105
8XS_N500_POWMT_seed029_MT,POWMT,500,29,15,357.85706788469815
8XS_N500_POWMT_seed029_MT,POWMT,500,29,16,1013.9380890664652
8XS_N500_POWMT_seed029_MT,POWMT,500,29,17,121.54057934620687
8XS_N500_POWMT_seed030_MT,POWMT,500,30,1,497.3913376067181
8XS_N500_POWMT_seed030_MT,POWMT,500,30,2,443.84538550248607
8XS_N500_POWMT_seed030_MT,POWMT,500,30,3,383.66806316051
8XS_N500_POWMT_seed030_MT,POWMT,500,30,4,129.61699483838015
8XS_N500_POWMT_seed030_MT,POWMT,500,30,5,1647.3815551141993
8XS_N500_POWMT_seed030_MT,POWMT,500,30,6,1176.110367740318
8XS_N500_POWMT_seed030_MT,POWMT,500,30,7,408.0138870410028
8XS_N500_POWMT_seed030_MT,POWMT,500,30,8,22.334357433926925
8XS_N500_POWMT_seed030_MT,POWMT,500,30,9,1203.050411114139
8XS_N500_POWMT_seed030_MT,POWMT,500,30,10,16.906403705400407
8XS_N500_POWMT_seed030_MT,POWMT,500,30,11,293.07848755990017
8XS_N500_POWMT_seed030_MT,POWMT,500,30,12,1411.4915425078134
8XS_N100_POCOL_seed001_tau300,POCOL,100,1,1,136.02755327903148
8XS_N100_POCOL_seed001_tau300,POCOL,100,1,2,20.1744608256341
8XS_N100_POCOL_seed001_tau300,POCOL,100,1,3,100.20810003493733
8XS_N100_POCOL_seed001_tau300,POCOL,100,1,4,36.62721186117534
8XS_N100_POCOL_seed001_tau300,POCOL,100,1,5,252.61420201738093
8XS_N100_POCOL_seed001_tau300,POCOL,100,1,6,746.2533935407952
8XS_N100_POCOL_seed001_tau300,POCOL,100,1,7,258.9441794101401
8XS_N100_POCOL_seed001_tau300,POCOL,100,1,8,1676.6435907079597
8XS_N100_POCOL_seed001_tau300,POCOL,100,1,9,1091.6187063001612
8XS_N100_POCOL_seed001_tau300,POCOL,100,1,10,75.68211376733052
8XS_N100_POCOL_seed001_tau300,POCOL,100,1,11,936.009247775708
8XS_N100_POCOL_seed001_tau300,POCOL,100,1,12,57.44604729502953
8XS_N100_POCOL_seed001_tau300,POCOL,100,1,13,245.32543517094564
8XS_N100_POCOL_seed001_tau300,POCOL,100,1,14,1209.5006187240851
8XS_N100_POCOL_seed001_tau300,POCOL,100,1,15,1345.0365582228815
8XS_N100_POCOL_seed001_tau300,POCOL,100,1,16,228.83441141018466
8XS_N100_POCOL_seed001_tau300,POCOL,100,1,17,260.48999214750984
8XS_N100_POCOL_seed001_tau300,POCOL,100,1,18,538.9546370126263
8XS_N100_POCOL_seed001_tau300,POCOL,100,1,19,227.35460901803708
8XS_N100_POCOL_seed001_tau300,POCOL,100,1,20,82.54041399590642
8XS_N100_POCOL_seed001_tau300,POCOL,100,1,21,119.08629419221143
8XS_N100_POCOL_seed001_tau300,POCOL,100,1,22,6.031208973081448
8XS_N100_POCOL_seed001_tau300,POCOL,100,1,23,247.42536304911118
8XS_N100_POCOL_seed002_tau300,POCOL,100,2,1,350.234787138915
8XS_N100_POCOL_seed002_tau300,POCOL,100,2,2,184.60118707694363
8XS_N100_POCOL_seed002_tau300,POCOL,100,2,3,437.5366350235396
8XS_N100_POCOL_seed002_tau300,POCOL,100,2,4,84.26491983418589
8XS_N100_POCOL_seed002_tau300,POCOL,100,2,5,790.0024497686559
8XS_N100_POCOL_seed002_tau300,POCOL,100,2,6,830.2500949254986
8XS_N100_POCOL_seed002_tau300,POCOL,100,2,7,142.98194586043292
8XS_N100_POCOL_seed002_tau300,POCOL,100,2,8,381.2708684222721
8XS_N100_POCOL_seed002_tau300,POCOL,100,2,9,827.139194528786
8XS_N100_POCOL_seed002_tau300,POCOL,100,2,10,141.34987311110945
8XS_N100_POCOL_seed002_tau300,POCOL,100,2,11,761.9660281059887
8XS_N100_POCOL_seed002_tau300,POCOL,100,2,12,1464.451267785662
8XS_N100_POCOL_seed002_tau300,POCOL,100,2,13,353.7147130907906
8XS_N100_POCOL_seed002_tau300,POCOL,100,2,14,218.3954006996055
8XS_N100_POCOL_seed002_tau300,POCOL,100,2,15,222.89071541578232
8XS_N100_POCOL_seed003_tau300,POCOL,100,3,1,2588.642188312418
8XS_N100_POCOL_seed003_tau300,POCOL,100,3,2,479.731991658447
8XS_N100_POCOL_seed003_tau300,POCOL,100,3,3,64.0276410356355
8XS_N100_POCOL_seed003_tau300,POCOL,100,3,4,136.88325127296775
8XS_N100_POCOL_seed003_tau300,POCOL,100,3,5,2579.8700592386786
8XS_N100_POCOL_seed003_tau300,POCOL,100,3,6,112.11545132534957
8XS_N100_POCOL_seed003_tau300,POCOL,100,3,7,20.89929222028877
8XS_N100_POCOL_seed003_tau300,POCOL,100,3,8,125.82527806789858
8XS_N100_POCOL_seed003_tau300,POCOL,100,3,9,646.4069459515249
8XS_N100_POCOL_seed003_tau300,POCOL,100,3,10,188.28506519861912
8XS_N100_POCOL_seed003_tau300,POCOL,100,3,11,281.53278179450353
8XS_N100_POCOL_seed003_tau300,POCOL,100,3,12,49.21803481743973
8XS_N100_POCOL_seed003_tau300,POCOL,100,3,13,496.17682730005254
8XS_N100_POCOL_seed003_tau300,POCOL,100,3,14,289.0247471229677
8XS_N100_POCOL_seed003_tau300,POCOL,100,3,15,6.6661686656425445
8XS_N100_POCOL_seed003_tau300,POCOL,100,3,16,455.87893465882007
8XS_N100_POCOL_seed003_tau300,POCOL,100,3,17,121.57314489113014
8XS_N100_POCOL_seed003_tau300,POCOL,100,3,18,279.72676501279966
8XS_N100_POCOL_seed003_tau300,POCOL,100,3,19,571.1260849613354
8XS_N100_POCOL_seed003_tau300,POCOL,100,3,20,247.48624647255565
8XS_N100_POCOL_seed003_tau300,POCOL,100,3,21,219.47996121003962
8XS_N100_POCOL_seed003_tau300,POCOL,100,3,22,19.43390431928492
8XS_N100_POCOL_seed004_tau300,POCOL,100,4,1,2098.3642650575944
8XS_N100_POCOL_seed004_tau300,POCOL,100,4,2,235.48691815350776
8XS_N100_POCOL_seed004_tau300,POCOL,100,4,3,606.1657617008836
8XS_N100_POCOL_seed004_tau300,POCOL,100,4,4,3067.1845091160485
8XS_N100_POCOL_seed004_tau300,POCOL,100,4,5,46.53099379080686
8XS_N100_POCOL_seed004_tau300,POCOL,100,4,6,463.2943929911835
8XS_N100_POCOL_seed004_tau300,POCOL,100,4,7,105.95759141868712
8XS_N100_POCOL_seed004_tau300,POCOL,100,4,8,218.67592475360834
8XS_N100_POCOL_seed004_tau300,POCOL,100,4,9,2144.446561674138
8XS_N100_POCOL_seed004_tau300,POCOL,100,4,10,383.4750758158425
8XS_N100_POCOL_seed005_tau300,POCOL,100,5,1,1745.3047171443918
8XS_N100_POCOL_seed005_tau300,POCOL,100,5,2,28.5267146764852
8XS_N100_POCOL_seed005_tau300,POCOL,100,5,3,268.00015172922554
8XS_N100_POCOL_seed005_tau300,POCOL,100,5,4,1594.8602699178987
8XS_N100_POCOL_seed005_tau300,POCOL,100,5,5,75.45128351015819
8XS_N100_POCOL_seed005_tau300,POCOL,100,5,6,133.78854039440012
8XS_N100_POCOL_seed005_tau300,POCOL,100,5,7,708.765150199788
8XS_N100_POCOL_seed005_tau300,POCOL,100,5,8,320.41358570865486
8XS_N100_POCOL_seed005_tau300,POCOL,100,5,9,137.40298056371103
8XS_N100_POCOL_seed005_tau300,POCOL,100,5,10,718.1020287888205
8XS_N100_POCOL_seed005_tau300,POCOL,100,5,11,279.8654747904029
8XS_N100_POCOL_seed005_tau300,POCOL,100,5,12,211.4445737547112
8XS_N100_POCOL_seed005_tau300,POCOL,100,5,13,85.69909270636072
8XS_N100_POCOL_seed005_tau300,POCOL,100,5,14,1521.7722126367235
8XS_N100_POCOL_seed005_tau300,POCOL,100,5,15,443.0408059622778
8XS_N100_POCOL_seed005_tau300,POCOL,100,5,16,1347.3983168342002
8XS_N100_POCOL_seed006_tau300,POCOL,100,6,1,370.74975205676515
8XS_N100_POCOL_seed006_tau300,POCOL,100,6,2,86.8722931003872
8XS_N100_POCOL_seed006_tau300,POCOL,100,6,3,108.26018391726143
8XS_N100_POCOL_seed006_tau300,POCOL,100,6,4,1018.0807260663682
8XS_N100_POCOL_seed006_tau300,POCOL,100,6,5,6.017558083141239
8XS_N100_POCOL_seed006_tau300,POCOL,100,6,6,1274.749246683912
8XS_N100_POCOL_seed006_tau300,POCOL,100,6,7,870.5572346535891
8XS_N100_POCOL_seed006_tau300,POCOL,100,6,8,114.5810631949621
8XS_N100_POCOL_seed006_tau300,POCOL,100,6,9,237.54694837117495
8XS_N100_POCOL_seed006_tau300,POCOL,100,6,10,46.61057367336707
8XS_N100_POCOL_seed006_tau300,POCOL,100,6,11,42.31570335857123
8XS_N100_POCOL_seed006_tau300,POCOL,100,6,12,1240.8848169113135
8XS_N100_POCOL_seed006_tau300,POCOL,100,6,13,598.861652000518
8XS_N100_POCOL_seed006_tau300,POCOL,100,6,14,1986.145937121446
8XS_N100_POCOL_seed006_tau300,POCOL,100,6,15,459.9759514059515
8XS_N100_POCOL_seed006_tau300,POCOL,100,6,16,418.18847598964203
8XS_N100_POCOL_seed006_tau300,POCOL,100,6,17,712.8552058256028
8XS_N100_POCOL_seed006_tau300,POCOL,100,6,18,239.70929511087343
8XS_N100_POCOL_seed007_tau300,POCOL,100,7,1,19.500810851090325
8XS_N100_POCOL_seed007_tau300,POCOL,100,7,2,504.1550327999335
8XS_N100_POCOL_seed007_tau300,POCOL,100,7,3,987.3607063731461
8XS_N100_POCOL_seed007_tau300,POCOL,100,7,4,640.2880071265301
8XS_N100_POCOL_seed007_tau300,POCOL,100,7,5,640.5566006000131
8XS_N100_POCOL_seed007_tau300,POCOL,100,7,6,902.4833748866272
8XS_N100_POCOL_seed007_tau300,POCOL,100,7,7,158.25022670141425
8XS_N100_POCOL_seed007_tau300,POCOL,100,7,8,324.29320309837385
8XS_N100_POCOL_seed007_tau300,POCOL,100,7,9,2044.1184637212218
8XS_N100_POCOL_seed007_tau300,POCOL,100,7,10,1520.3964426368657
8XS_N100_POCOL_seed007_tau300,POCOL,100,7,11,404.3128080323304
8XS_N100_POCOL_seed007_tau300,POCOL,100,7,12,103.88900244636261
8XS_N100_POCOL_seed007_tau300,POCOL,100,7,13,406.84306283505975
8XS_N100_POCOL_seed007_tau300,POCOL,100,7,14,399.68854303171247
8XS_N100_POCOL_seed007_tau300,POCOL,100,7,15,7.196080075766076
8XS_N100_POCOL_seed007_tau300,POCOL,100,7,16,322.79730899646347
8XS_N100_POCOL_seed007_tau300,POCOL,100,7,17,31.778188345322633
8XS_N100_POCOL_seed007_tau300,POCOL,100,7,18,271.78207478739387
8XS_N100_POCOL_seed007_tau300,POCOL,100,7,19,110.4837750976003
8XS_N100_POCOL_seed007_tau300,POCOL,100,7,20,78.28300733323522
8XS_N100_POCOL_seed008_tau300,POCOL,100,8,1,182.37818799798495
8XS_N100_POCOL_seed008_tau300,POCOL,100,8,2,952.6389236248867
8XS_N100_POCOL_seed008_tau300,POCOL,100,8,3,1860.307234163156
8XS_N100_POCOL_seed008_tau300,POCOL,100,8,4,1002.2233895526874
8XS_N100_POCOL_seed008_tau300,POCOL,100,8,5,534.190464609208
8XS_N100_POCOL_seed008_tau300,POCOL,100,8,6,238.04512583038468
8XS_N100_POCOL_seed008_tau300,POCOL,100,8,7,158.22497455200846
8XS_N100_POCOL_seed008_tau300,POCOL,100,8,8,90.23057700784102
8XS_N100_POCOL_seed008_tau300,POCOL,100,8,9,977.7999899815459
8XS_N100_POCOL_seed008_tau300,POCOL,100,8,10,2.723336360164467
8XS_N100_POCOL_seed008_tau300,POCOL,100,8,11,189.25664009307457
8XS_N100_POCOL_seed008_tau300,POCOL,100,8,12,407.0230195530603
8XS_N100_POCOL_seed008_tau300,POCOL,100,8,13,1559.1733086371069
8XS_N100_POCOL_seed008_tau300,POCOL,100,8,14,70.37520125154879
8XS_N100_POCOL_seed008_tau300,POCOL,100,8,15,216.31217374192056
8XS_N100_POCOL_seed008_tau300,POCOL,100,8,16,378.20783490218673
8XS_N100_POCOL_seed008_tau300,POCOL,100,8,17,2.0715424701556913
8XS_N100_POCOL_seed008_tau300,POCOL,100,8,18,642.3083593794981
8XS_N100_POCOL_seed008_tau300,POCOL,100,8,19,528.8424072168709
8XS_N100_POCOL_seed009_tau300,POCOL,100,9,1,192.87458841829087
8XS_N100_POCOL_seed009_tau300,POCOL,100,9,2,289.8025403436641
8XS_N100_POCOL_seed009_tau300,POCOL,100,9,3,179.03584331289812
8XS_N100_POCOL_seed009_tau300,POCOL,100,9,4,1247.7122177594645
8XS_N100_POCOL_seed009_tau300,POCOL,100,9,5,19.57307498116529
8XS_N100_POCOL_seed009_tau300,POCOL,100,9,6,60.470718072431055
8XS_N100_POCOL_seed009_tau300,POCOL,100,9,7,1001.2541406414796
8XS_N100_POCOL_seed009_tau300,POCOL,100,9,8,758.0170467367452
8XS_N100_POCOL_seed009_tau300,POCOL,100,9,9,1.9469427045646626
8XS_N100_POCOL_seed009_tau300,POCOL,100,9,10,65.8512066074918
8XS_N100_POCOL_seed009_tau300,POCOL,100,9,11,53.52740778979023
8XS_N100_POCOL_seed009_tau300,POCOL,100,9,12,574.2511708474394
8XS_N100_POCOL_seed009_tau300,POCOL,100,9,13,94.11946745798923
8XS_N100_POCOL_seed009_tau300,POCOL,100,9,14,420.06920685763725
8XS_N100_POCOL_seed009_tau300,POCOL,100,9,15,109.85594083056185
8XS_N100_POCOL_seed009_tau300,POCOL,100,9,16,609.4883966090929
8XS_N100_POCOL_seed009_tau300,POCOL,100,9,17,952.724003285738
8XS_N100_POCOL_seed009_tau300,POCOL,100,9,18,837.4406856590467
8XS_N100_POCOL_seed009_tau300,POCOL,100,9,19,72.32636068379907
8XS_N100_POCOL_seed009_tau300,POCOL,100,9,20,97.22839458038561
8XS_N100_POCOL_seed009_tau300,POCOL,100,9,21,1397.6379509680737
8XS_N100_POCOL_seed009_tau300,POCOL,100,9,22,482.1942201030506
8XS_N100_POCOL_seed009_tau300,POCOL,100,9,23,40.113507386126
8XS_N100_POCOL_seed010_tau300,POCOL,100,10,1,553.1018366952769
8XS_N100_POCOL_seed010_tau300,POCOL,100,10,2,454.1653671100004
8XS_N100_POCOL_seed010_tau300,POCOL,100,10,3,107.06097226698523
8XS_N100_POCOL_seed010_tau300,POCOL,100,10,4,643.9928448519584
8XS_N100_POCOL_seed010_tau300,POCOL,100,10,5,705.056353149361
8XS_N100_POCOL_seed010_tau300,POCOL,100,10,6,259.76943344752226
8XS_N100_POCOL_seed010_tau300,POCOL,100,10,7,199.0037869323246
8XS_N100_POCOL_seed010_tau300,POCOL,100,10,8,1162.9855535977354
8XS_N100_POCOL_seed010_tau300,POCOL,100,10,9,31.31700844272018
8XS_N100_POCOL_seed010_tau300,POCOL,100,10,10,79.16559564532417
8XS_N100_POCOL_seed010_tau300,POCOL,100,10,11,0.8923650729830115
8XS_N100_POCOL_seed010_tau300,POCOL,100,10,12,3.8112648654359873
8XS_N100_POCOL_seed010_tau300,POCOL,100,10,13,834.0786196263225
8XS_N100_POCOL_seed010_tau300,POCOL,100,10,14,128.78254425472824
8XS_N100_POCOL_seed010_tau300,POCOL,100,10,15,590.0522383113548
8XS_N100_POCOL_seed010_tau300,POCOL,100,10,16,334.0432758379693
8XS_N100_POCOL_seed010_tau300,POCOL,100,10,17,156.700871451666
8XS_N100_POCOL_seed010_tau300,POCOL,100,10,18,2223.128398178169
8XS_N100_POCOL_seed010_tau300,POCOL,100,10,19,117.89315687631097
8XS_N100_POCOL_seed010_tau300,POCOL,100,10,20,608.5418433815703
8XS_N100_POCOL_seed010_tau300,POCOL,100,10,21,288.46410699650005
8XS_N100_POCOL_seed010_tau300,POCOL,100,10,22,9.956476106677655
8XS_N100_POCOL_seed011_tau300,POCOL,100,11,1,100.28352336178634
8XS_N100_POCOL_seed011_tau300,POCOL,100,11,2,788.6045221903947
8XS_N100_POCOL_seed011_tau300,POCOL,100,11,3,1184.6398010068956
8XS_N100_POCOL_seed011_tau300,POCOL,100,11,4,127.06986198571894
8XS_N100_POCOL_seed011_tau300,POCOL,100,11,5,584.0363697981115
8XS_N100_POCOL_seed011_tau300,POCOL,100,11,6,539.9866642824568
8XS_N100_POCOL_seed011_tau300,POCOL,100,11,7,2677.80337859102
8XS_N100_POCOL_seed011_tau300,POCOL,100,11,8,102.84233988862434
8XS_N100_POCOL_seed011_tau300,POCOL,100,11,9,164.7573494367216
8XS_N100_POCOL_seed011_tau300,POCOL,100,11,10,460.320484556868
8XS_N100_POCOL_seed011_tau300,POCOL,100,11,11,1949.1630030826645
8XS_N100_POCOL_seed011_tau300,POCOL,100,11,12,490.2592554194398
8XS_N100_POCOL_seed011_tau300,POCOL,100,11,13,123.33958305660417
8XS_N100_POCOL_seed012_tau300,POCOL,100,12,1,726.248647674413
8XS_N100_POCOL_seed012_tau300,POCOL,100,12,2,74.407792599804
8XS_N100_POCOL_seed012_tau300,POCOL,100,12,3,216.326220205573
8XS_N100_POCOL_seed012_tau300,POCOL,100,12,4,2106.809851878264
8XS_N100_POCOL_seed012_tau300,POCOL,100,12,5,523.2218538317557
8XS_N100_POCOL_seed012_tau300,POCOL,100,12,6,1181.3323712172628
8XS_N100_POCOL_seed012_tau300,POCOL,100,12,7,48.45060940786243
8XS_N100_POCOL_seed012_tau300,POCOL,100,12,8,130.10214521626403
8XS_N100_POCOL_seed012_tau300,POCOL,100,12,9,66.08586245724837
8XS_N100_POCOL_seed012_tau300,POCOL,100,12,10,4006.8336220153205
8XS_N100_POCOL_seed012_tau300,POCOL,100,12,11,480.72436135272073
8XS_N100_POCOL_seed012_tau300,POCOL,100,12,12,229.3317615419328
8XS_N100_POCOL_seed013_tau300,POCOL,100,13,1,1449.5588278331006
8XS_N100_POCOL_seed013_tau300,POCOL,100,13,2,30.689296395254587
8XS_N100_POCOL_seed013_tau300,POCOL,100,13,3,386.1484673030209
8XS_N100_POCOL_seed013_tau300,POCOL,100,13,4,166.9285324611178
8XS_N100_POCOL_seed013_tau300,POCOL,100,13,5,491.0656878993168
8XS_N100_POCOL_seed013_tau300,POCOL,100,13,6,627.3715631970572
8XS_N100_POCOL_seed013_tau300,POCOL,100,13,7,542.4482863868411
8XS_N100_POCOL_seed013_tau300,POCOL,100,13,8,1084.37022341466
8XS_N100_POCOL_seed013_tau300,POCOL,100,13,9,2.242841144882732
8XS_N100_POCOL_seed013_tau300,POCOL,100,13,10,9.272770475863581
8XS_N100_POCOL_seed013_tau300,POCOL,100,13,11,219.21949264125578
8XS_N100_POCOL_seed013_tau300,POCOL,100,13,12,116.28634725390839
8XS_N100_POCOL_seed013_tau300,POCOL,100,13,13,1022.5977061169615
8XS_N100_POCOL_seed013_tau300,POCOL,100,13,14,62.4980611714509
8XS_N100_POCOL_seed013_tau300,POCOL,100,13,15,587.5769826799415
8XS_N100_POCOL_seed013_tau300,POCOL,100,13,16,23.616821276963492
8XS_N100_POCOL_seed013_tau300,POCOL,100,13,17,163.03230788136716
8XS_N100_POCOL_seed013_tau300,POCOL,100,13,18,197.2536956982649
8XS_N100_POCOL_seed013_tau300,POCOL,100,13,19,220.48408039127116
8XS_N100_POCOL_seed013_tau300,POCOL,100,13,20,307.86517671009733
8XS_N100_POCOL_seed013_tau300,POCOL,100,13,21,273.3597614217151
8XS_N100_POCOL_seed013_tau300,POCOL,100,13,22,983.6676371346884
8XS_N100_POCOL_seed013_tau300,POCOL,100,13,23,164.72294546058401
8XS_N100_POCOL_seed013_tau300,POCOL,100,13,24,153.12386322371458
8XS_N100_POCOL_seed014_tau300,POCOL,100,14,1,503.2068802617458
8XS_N100_POCOL_seed014_tau300,POCOL,100,14,2,713.2184212525152
8XS_N100_POCOL_seed014_tau300,POCOL,100,14,3,1907.4074416575752
8XS_N100_POCOL_seed014_tau300,POCOL,100,14,4,10.241556951475104
8XS_N100_POCOL_seed014_tau300,POCOL,100,14,5,8.25138179524265
8XS_N100_POCOL_seed014_tau300,POCOL,100,14,6,162.57949265888374
8XS_N100_POCOL_seed014_tau300,POCOL,100,14,7,207.23481825994486
8XS_N100_POCOL_seed014_tau300,POCOL,100,14,8,132.86376063396028
8XS_N100_POCOL_seed014_tau300,POCOL,100,14,9,75.75008814217244
8XS_N100_POCOL_seed014_tau300,POCOL,100,14,10,582.1528168104455
8XS_N100_POCOL_seed014_tau300,POCOL,100,14,11,637.9894427629024
8XS_N100_POCOL_seed014_tau300,POCOL,100,14,12,651.0464406299097
8XS_N100_POCOL_seed014_tau300,POCOL,100,14,13,970.8343181448781
8XS_N100_POCOL_seed014_tau300,POCOL,100,14,14,186.94535671700305
8XS_N100_POCOL_seed014_tau300,POCOL,100,14,15,732.7106542781221
8XS_N100_POCOL_seed014_tau300,POCOL,100,14,16,308.4824882122648
8XS_N100_POCOL_seed014_tau300,POCOL,100,14,17,39.62283995111375
8XS_N100_POCOL_seed014_tau300,POCOL,100,14,18,717.4034833939158
8XS_N100_POCOL_seed014_tau300,POCOL,100,14,19,666.2513646184179
8XS_N100_POCOL_seed015_tau300,POCOL,100,15,1,26.85284577121109
8XS_N100_POCOL_seed015_tau300,POCOL,100,15,2,939.3834075627831
8XS_N100_POCOL_seed015_tau300,POCOL,100,15,3,63.96079550718139
8XS_N100_POCOL_seed015_tau300,POCOL,100,15,4,64.8939670461923
8XS_N100_POCOL_seed015_tau300,POCOL,100,15,5,7.771393915214276
8XS_N100_POCOL_seed015_tau300,POCOL,100,15,6,995.4887337559189
8XS_N100_POCOL_seed015_tau300,POCOL,100,15,7,400.9617484231467
8XS_N100_POCOL_seed015_tau300,POCOL,100,15,8,835.9876935044349
8XS_N100_POCOL_seed015_tau300,POCOL,100,15,9,2080.940796868745
8XS_N100_POCOL_seed015_tau300,POCOL,100,15,10,1782.5993063856313
8XS_N100_POCOL_seed015_tau300,POCOL,100,15,11,828.0573097049619
8XS_N100_POCOL_seed015_tau300,POCOL,100,15,12,48.97821263635342
8XS_N100_POCOL_seed015_tau300,POCOL,100,15,13,328.39166614014084
8XS_N100_POCOL_seed015_tau300,POCOL,100,15,14,253.53204634917893
8XS_N100_POCOL_seed015_tau300,POCOL,100,15,15,901.5785925077344
8XS_N100_POCOL_seed016_tau300,POCOL,100,16,1,265.012881882225
8XS_N100_POCOL_seed016_tau300,POCOL,100,16,2,23.454723978420873
8XS_N100_POCOL_seed016_tau300,POCOL,100,16,3,587.745384817061
8XS_N100_POCOL_seed016_tau300,POCOL,100,16,4,140.30272878357084
8XS_N100_POCOL_seed016_tau300,POCOL,100,16,5,48.22186373596912
8XS_N100_POCOL_seed016_tau300,POCOL,100,16,6,1247.294851836159
8XS_N100_POCOL_seed016_tau300,POCOL,100,16,7,902.0665555868463
8XS_N100_POCOL_seed016_tau300,POCOL,100,16,8,537.4583162046824
8XS_N100_POCOL_seed016_tau300,POCOL,100,16,9,757.4731663507569
8XS_N100_POCOL_seed016_tau300,POCOL,100,16,10,25.210945529888704
8XS_N100_POCOL_seed016_tau300,POCOL,100,16,11,1854.4120461620078
8XS_N100_POCOL_seed016_tau300,POCOL,100,16,12,184.2344323085963
8XS_N100_POCOL_seed016_tau300,POCOL,100,16,13,931.7303942112649
8XS_N100_POCOL_seed016_tau300,POCOL,100,16,14,195.05191662986
8XS_N100_POCOL_seed016_tau300,POCOL,100,16,15,1250.0212184169795
8XS_N100_POCOL_seed016_tau300,POCOL,100,16,16,99.76244365501407
8XS_N100_POCOL_seed017_tau300,POCOL,100,17,1,13.040611009263479
8XS_N100_POCOL_seed017_tau300,POCOL,100,17,2,1142.5365264846116
8XS_N100_POCOL_seed017_tau300,POCOL,100,17,3,52.806782455671055
8XS_N100_POCOL_seed017_tau300,POCOL,100,17,4,185.31482230004622
8XS_N100_POCOL_seed017_tau300,POCOL,100,17,5,1049.279724521349
8XS_N100_POCOL_seed017_tau300,POCOL,100,17,6,765.4784680317953
8XS_N100_POCOL_seed017_tau300,POCOL,100,17,7,166.1890807987079
8XS_N100_POCOL_seed017_tau300,POCOL,100,17,8,1142.02955150239
8XS_N100_POCOL_seed017_tau300,POCOL,100,17,9,654.6507310934376
8XS_N100_POCOL_seed017_tau300,POCOL,100,17,10,168.05219865031813
8XS_N100_POCOL_seed017_tau300,POCOL,100,17,11,549.5811457545842
8XS_N100_POCOL_seed017_tau300,POCOL,100,17,12,482.0342182636432
8XS_N100_POCOL_seed017_tau300,POCOL,100,17,13,4.27840066447061
8XS_N100_POCOL_seed017_tau300,POCOL,100,17,14,313.7914124667732
8XS_N100_POCOL_seed017_tau300,POCOL,100,17,15,539.6350230737316
8XS_N100_POCOL_seed017_tau300,POCOL,100,17,16,979.7172438628586
8XS_N100_POCOL_seed017_tau300,POCOL,100,17,17,585.0334856034988
8XS_N100_POCOL_seed017_tau300,POCOL,100,17,18,643.5581944320893
8XS_N100_POCOL_seed017_tau300,POCOL,100,17,19,299.6452144866562
8XS_N100_POCOL_seed017_tau300,POCOL,100,17,20,248.62155697722665
8XS_N100_POCOL_seed018_tau300,POCOL,100,18,1,35.9984365078039
8XS_N100_POCOL_seed018_tau300,POCOL,100,18,2,900.7495342516986
8XS_N100_POCOL_seed018_tau300,POCOL,100,18,3,595.0084201443692
8XS_N100_POCOL_seed018_tau300,POCOL,100,18,4,209.1262458874346
8XS_N100_POCOL_seed018_tau300,POCOL,100,18,5,169.0108215074281
8XS_N100_POCOL_seed018_tau300,POCOL,100,18,6,179.1837139783429
8XS_N100_POCOL_seed018_tau300,POCOL,100,18,7,611.6672764804403
8XS_N100_POCOL_seed018_tau300,POCOL,100,18,8,15.030330419841903
8XS_N100_POCOL_seed018_tau300,POCOL,100,18,9,1038.4724075067866
8XS_N100_POCOL_seed018_tau300,POCOL,100,18,10,20.030886500454017
8XS_N100_POCOL_seed018_tau300,POCOL,100,18,11,184.50166633564913
8XS_N100_POCOL_seed018_tau300,POCOL,100,18,12,171.04854036240476
8XS_N100_POCOL_seed018_tau300,POCOL,100,18,13,296.4266918851945
8XS_N100_POCOL_seed018_tau300,POCOL,100,18,14,54.656406099311425
8XS_N100_POCOL_seed018_tau300,POCOL,100,18,15,737.7589606274341
8XS_N100_POCOL_seed018_tau300,POCOL,100,18,16,161.112264504859
8XS_N100_POCOL_seed018_tau300,POCOL,100,18,17,1248.893751999889
8XS_N100_POCOL_seed018_tau300,POCOL,100,18,18,636.8722608788094
8XS_N100_POCOL_seed018_tau300,POCOL,100,18,19,377.3037558182059
8XS_N100_POCOL_seed018_tau300,POCOL,100,18,20,198.86419448507786
8XS_N100_POCOL_seed018_tau300,POCOL,100,18,21,552.4257026358691
8XS_N100_POCOL_seed018_tau300,POCOL,100,18,22,816.3643782676918
8XS_N100_POCOL_seed019_tau300,POCOL,100,19,1,595.8222900832416
8XS_N100_POCOL_seed019_tau300,POCOL,100,19,2,294.8744578882738
8XS_N100_POCOL_seed019_tau300,POCOL,100,19,3,544.3668180791119
8XS_N100_POCOL_seed019_tau300,POCOL,100,19,4,76.00534917085861
8XS_N100_POCOL_seed019_tau300,POCOL,100,19,5,3358.3712131896905
8XS_N100_POCOL_seed019_tau300,POCOL,100,19,6,544.8083380692224
8XS_N100_POCOL_seed019_tau300,POCOL,100,19,7,5.947938185659041
8XS_N100_POCOL_seed019_tau300,POCOL,100,19,8,157.31531648277087
8XS_N100_POCOL_seed019_tau300,POCOL,100,19,9,1248.4102438327955
8XS_N100_POCOL_seed019_tau300,POCOL,100,19,10,1497.274770078866
8XS_N100_POCOL_seed019_tau300,POCOL,100,19,11,452.6815094170215
8XS_N100_POCOL_seed019_tau300,POCOL,100,19,12,811.5657880176004
8XS_N100_POCOL_seed020_tau300,POCOL,100,20,1,1751.7153440719364
8XS_N100_POCOL_seed020_tau300,POCOL,100,20,2,697.3829301547532
8XS_N100_POCOL_seed020_tau300,POCOL,100,20,3,7.5864349796602255
8XS_N100_POCOL_seed020_tau300,POCOL,100,20,4,329.34996647548996
8XS_N100_POCOL_seed020_tau300,POCOL,100,20,5,1.8986432899982901
8XS_N100_POCOL_seed020_tau300,POCOL,100,20,6,1268.3055130159637
8XS_N100_POCOL_seed020_tau300,POCOL,100,20,7,723.5173260301344
8XS_N100_POCOL_seed020_tau300,POCOL,100,20,8,0.8835897291173751
8XS_N100_POCOL_seed020_tau300,POCOL,100,20,9,568.5119848033291
8XS_N100_POCOL_seed020_tau300,POCOL,100,20,10,375.3478553449122
8XS_N100_POCOL_seed020_tau300,POCOL,100,20,11,163.1834658577718
8XS_N100_POCOL_seed020_tau300,POCOL,100,20,12,1026.3632273164712
8XS_N100_POCOL_seed020_tau300,POCOL,100,20,13,180.70984468158167
8XS_N100_POCOL_seed020_tau300,POCOL,100,20,14,1378.7196520784173
8XS_N100_POCOL_seed021_tau300,POCOL,100,21,1,240.5199212267924
8XS_N100_POCOL_seed021_tau300,POCOL,100,21,2,851.0452723469552
8XS_N100_POCOL_seed021_tau300,POCOL,100,21,3,261.0148189907402
8XS_N100_POCOL_seed021_tau300,POCOL,100,21,4,846.2654379286469
8XS_N100_POCOL_seed021_tau300,POCOL,100,21,5,134.25560010684967
8XS_N100_POCOL_seed021_tau300,POCOL,100,21,6,384.542637120825
8XS_N100_POCOL_seed021_tau300,POCOL,100,21,7,949.9946816047182
8XS_N100_POCOL_seed021_tau300,POCOL,100,21,8,73.63503556455771
8XS_N100_POCOL_seed021_tau300,POCOL,100,21,9,120.93212963279893
8XS_N100_POCOL_seed021_tau300,POCOL,100,21,10,430.7841400944503
8XS_N100_POCOL_seed021_tau300,POCOL,100,21,11,28.005231267752606
8XS_N100_POCOL_seed021_tau300,POCOL,100,21,12,78.07379121859867
8XS_N100_POCOL_seed021_tau300,POCOL,100,21,13,22.958799260328306
8XS_N100_POCOL_seed021_tau300,POCOL,100,21,14,825.1971429883442
8XS_N100_POCOL_seed021_tau300,POCOL,100,21,15,33.59493655231108
8XS_N100_POCOL_seed021_tau300,POCOL,100,21,16,479.3855757835645
8XS_N100_POCOL_seed021_tau300,POCOL,100,21,17,462.5212103046633
8XS_N100_POCOL_seed021_tau300,POCOL,100,21,18,63.05889519888569
8XS_N100_POCOL_seed021_tau300,POCOL,100,21,19,148.26204688797952
8XS_N100_POCOL_seed021_tau300,POCOL,100,21,20,1666.7183174149468
8XS_N100_POCOL_seed021_tau300,POCOL,100,21,21,93.57659227248223
8XS_N100_POCOL_seed021_tau300,POCOL,100,21,22,95.70602216121733
8XS_N100_POCOL_seed021_tau300,POCOL,100,21,23,1302.7945798489327
8XS_N100_POCOL_seed021_tau300,POCOL,100,21,24,189.8339997459334
8XS_N100_POCOL_seed022_tau300,POCOL,100,22,1,570.1964812346982
8XS_N100_POCOL_seed022_tau300,POCOL,100,22,2,2126.2437233350242
8XS_N100_POCOL_seed022_tau300,POCOL,100,22,3,261.4080325714617
8XS_N100_POCOL_seed022_tau300,POCOL,100,22,4,224.69881458114514
8XS_N100_POCOL_seed022_tau300,POCOL,100,22,5,933.4821734979178
8XS_N100_POCOL_seed022_tau300,POCOL,100,22,6,1466.846157913761
8XS_N100_POCOL_seed022_tau300,POCOL,100,22,7,221.68268682398593
8XS_N100_POCOL_seed022_tau300,POCOL,100,22,8,146.86579116715257
8XS_N100_POCOL_seed022_tau300,POCOL,100,22,9,66.32656286937436
8XS_N100_POCOL_seed022_tau300,POCOL,100,22,10,641.13023452365
8XS_N100_POCOL_seed022_tau300,POCOL,100,22,11,510.33149682747444
8XS_N100_POCOL_seed022_tau300,POCOL,100,22,12,1191.78246887541
8XS_N100_POCOL_seed022_tau300,POCOL,100,22,13,294.45891789210873
8XS_N100_POCOL_seed022_tau300,POCOL,100,22,14,1182.603296661655
8XS_N100_POCOL_seed023_tau300,POCOL,100,23,1,196.36913513313513
8XS_N100_POCOL_seed023_tau300,POCOL,100,23,2,176.72504648371753
8XS_N100_POCOL_seed023_tau300,POCOL,100,23,3,280.75323348163283
8XS_N100_POCOL_seed023_tau300,POCOL,100,23,4,396.8006136602189
8XS_N100_POCOL_seed023_tau300,POCOL,100,23,5,607.571335520757
8XS_N100_POCOL_seed023_tau300,POCOL,100,23,6,86.38792229345904
8XS_N100_POCOL_seed023_tau300,POCOL,100,23,7,145.8090304881414
8XS_N100_POCOL_seed023_tau300,POCOL,100,23,8,509.8806857722875
8XS_N100_POCOL_seed023_tau300,POCOL,100,23,9,328.86149318222215
8XS_N100_POCOL_seed023_tau300,POCOL,100,23,10,151.52807800855408
8XS_N100_POCOL_seed023_tau300,POCOL,100,23,11,609.7894504870942
8XS_N100_POCOL_seed023_tau300,POCOL,100,23,12,526.6413172561774
8XS_N100_POCOL_seed023_tau300,POCOL,100,23,13,276.40029346574374
8XS_N100_POCOL_seed023_tau300,POCOL,100,23,14,99.95205824254845
8XS_N100_POCOL_seed023_tau300,POCOL,100,23,15,8.86373363878647
8XS_N100_POCOL_seed024_tau300,POCOL,100,24,1,769.0325289061899
8XS_N100_POCOL_seed024_tau300,POCOL,100,24,2,399.7019280373926
8XS_N100_POCOL_seed024_tau300,POCOL,100,24,3,496.3082706127275
8XS_N100_POCOL_seed024_tau300,POCOL,100,24,4,460.81086261952555
8XS_N100_POCOL_seed024_tau300,POCOL,100,24,5,492.41286288874335
8XS_N100_POCOL_seed024_tau300,POCOL,100,24,6,1145.0401752960797
8XS_N100_POCOL_seed024_tau300,POCOL,100,24,7,741.8039199180212
8XS_N100_POCOL_seed024_tau300,POCOL,100,24,8,249.9561837459496
8XS_N100_POCOL_seed024_tau300,POCOL,100,24,9,1054.82570234395
8XS_N100_POCOL_seed024_tau300,POCOL,100,24,10,131.46792165364877
8XS_N100_POCOL_seed024_tau300,POCOL,100,24,11,1787.5714717672627
8XS_N100_POCOL_seed024_tau300,POCOL,100,24,12,40.52825009888966
8XS_N100_POCOL_seed024_tau300,POCOL,100,24,13,1695.6820490765394
8XS_N100_POCOL_seed024_tau300,POCOL,100,24,14,37.44135417313373
8XS_N100_POCOL_seed025_tau300,POCOL,100,25,1,1865.744543658153
8XS_N100_POCOL_seed025_tau300,POCOL,100,25,2,549.2692560036626
8XS_N100_POCOL_seed025_tau300,POCOL,100,25,3,2567.273494858086
8XS_N100_POCOL_seed025_tau300,POCOL,100,25,4,435.9326804814291
8XS_N100_POCOL_seed025_tau300,POCOL,100,25,5,1808.040576432637
8XS_N100_POCOL_seed025_tau300,POCOL,100,25,6,1033.9138084783926
8XS_N100_POCOL_seed025_tau300,POCOL,100,25,7,718.8816964921316
8XS_N100_POCOL_seed025_tau300,POCOL,100,25,8,138.19031604254997
8XS_N100_POCOL_seed025_tau300,POCOL,100,25,9,173.41888126711092
8XS_N100_POCOL_seed026_tau300,POCOL,100,26,1,71.60870664570551
8XS_N100_POCOL_seed026_tau300,POCOL,100,26,2,166.74920895530397
8XS_N100_POCOL_seed026_tau300,POCOL,100,26,3,21.731787193309543
8XS_N100_POCOL_seed026_tau300,POCOL,100,26,4,235.09461078548657
8XS_N100_POCOL_seed026_tau300,POCOL,100,26,5,809.6002276466927
8XS_N100_POCOL_seed026_tau300,POCOL,100,26,6,654.9716563220322
8XS_N100_POCOL_seed026_tau300,POCOL,100,26,7,687.3116252158734
8XS_N100_POCOL_seed026_tau300,POCOL,100,26,8,1368.5234073704255
8XS_N100_POCOL_seed026_tau300,POCOL,100,26,9,171.71399103560407
8XS_N100_POCOL_seed026_tau300,POCOL,100,26,10,398.8120327597053
8XS_N100_POCOL_seed026_tau300,POCOL,100,26,11,463.5517384948553
8XS_N100_POCOL_seed026_tau300,POCOL,100,26,12,2017.4396811203524
8XS_N100_POCOL_seed026_tau300,POCOL,100,26,13,872.245163443049
8XS_N100_POCOL_seed026_tau300,POCOL,100,26,14,243.41414778110902
8XS_N100_POCOL_seed026_tau300,POCOL,100,26,15,39.870860023717796
8XS_N100_POCOL_seed026_tau300,POCOL,100,26,16,501.33379984119165
8XS_N100_POCOL_seed026_tau300,POCOL,100,26,17,865.4783561531403
8XS_N100_POCOL_seed027_tau300,POCOL,100,27,1,199.48162099125906
8XS_N100_POCOL_seed027_tau300,POCOL,100,27,2,320.51309254739635
8XS_N100_POCOL_seed027_tau300,POCOL,100,27,3,743.8081029029173
8XS_N100_POCOL_seed027_tau300,POCOL,100,27,4,235.04156782411542
8XS_N100_POCOL_seed027_tau300,POCOL,100,27,5,4591.701676527521
8XS_N100_POCOL_seed027_tau300,POCOL,100,27,6,8.864389667325668
8XS_N100_POCOL_seed027_tau300,POCOL,100,27,7,370.09637205793115
8XS_N100_POCOL_seed027_tau300,POCOL,100,27,8,1136.522152790275
8XS_N100_POCOL_seed027_tau300,POCOL,100,27,9,100.60170864430438
8XS_N100_POCOL_seed027_tau300,POCOL,100,27,10,382.752013542864
8XS_N100_POCOL_seed027_tau300,POCOL,100,27,11,896.4021073663798
8XS_N100_POCOL_seed027_tau300,POCOL,100,27,12,862.9095280133824
8XS_N100_POCOL_seed028_tau300,POCOL,100,28,1,464.6609447777533
8XS_N100_POCOL_seed028_tau300,POCOL,100,28,2,310.62936758995266
8XS_N100_POCOL_seed028_tau300,POCOL,100,28,3,375.1448914201893
8XS_N100_POCOL_seed028_tau300,POCOL,100,28,4,1166.5702678648067
8XS_N100_POCOL_seed028_tau300,POCOL,100,28,5,2583.9871742425576
8XS_N100_POCOL_seed028_tau300,POCOL,100,28,6,584.5396706255615
8XS_N100_POCOL_seed028_tau300,POCOL,100,28,7,1623.987646123518
8XS_N100_POCOL_seed028_tau300,POCOL,100,28,8,655.8702619151263
8XS_N100_POCOL_seed028_tau300,POCOL,100,28,9,438.4825132316273
8XS_N100_POCOL_seed028_tau300,POCOL,100,28,10,1051.084512698073
8XS_N100_POCOL_seed029_tau300,POCOL,100,29,1,451.4656301148642
8XS_N100_POCOL_seed029_tau300,POCOL,100,29,2,675.4460040640926
8XS_N100_POCOL_seed029_tau300,POCOL,100,29,3,244.03076861136424
8XS_N100_POCOL_seed029_tau300,POCOL,100,29,4,254.3083361586814
8XS_N100_POCOL_seed029_tau300,POCOL,100,29,5,987.2041017253782
8XS_N100_POCOL_seed029_tau300,POCOL,100,29,6,168.9793100850925
8XS_N100_POCOL_seed029_tau300,POCOL,100,29,7,91.93031275457088
8XS_N100_POCOL_seed029_tau300,POCOL,100,29,8,52.70700104815796
8XS_N100_POCOL_seed029_tau300,POCOL,100,29,9,133.29482992581052
8XS_N100_POCOL_seed029_tau300,POCOL,100,29,10,384.25226815525957
8XS_N100_POCOL_seed029_tau300,POCOL,100,29,11,4.8535200969713514
8XS_N100_POCOL_seed029_tau300,POCOL,100,29,12,403.35327325787966
8XS_N100_POCOL_seed029_tau300,POCOL,100,29,13,178.51262678438343
8XS_N100_POCOL_seed029_tau300,POCOL,100,29,14,523.1291039142052
8XS_N100_POCOL_seed029_tau300,POCOL,100,29,15,289.8774611079234
8XS_N100_POCOL_seed029_tau300,POCOL,100,29,16,123.07391617160647
8XS_N100_POCOL_seed029_tau300,POCOL,100,29,17,115.56190712465559
8XS_N100_POCOL_seed029_tau300,POCOL,100,29,18,971.4977120363465
8XS_N100_POCOL_seed029_tau300,POCOL,100,29,19,100.80131115355289
8XS_N100_POCOL_seed029_tau300,POCOL,100,29,20,1133.703302047209
8XS_N100_POCOL_seed029_tau300,POCOL,100,29,21,795.7306682550734
8XS_N100_POCOL_seed029_tau300,POCOL,100,29,22,110.07344287120031
8XS_N100_POCOL_seed029_tau300,POCOL,100,29,23,79.23606102081249
8XS_N100_POCOL_seed029_tau300,POCOL,100,29,24,1273.3823851875259
8XS_N100_POCOL_seed029_tau300,POCOL,100,29,25,396.00897505561807
8XS_N100_POCOL_seed030_tau300,POCOL,100,30,1,114.1275592002761
8XS_N100_POCOL_seed030_tau300,POCOL,100,30,2,627.9300476023573
8XS_N100_POCOL_seed030_tau300,POCOL,100,30,3,1889.537917744036
8XS_N100_POCOL_seed030_tau300,POCOL,100,30,4,343.41834009868944
8XS_N100_POCOL_seed030_tau300,POCOL,100,30,5,92.45040726597517
8XS_N100_POCOL_seed030_tau300,POCOL,100,30,6,2067.9714537321247
8XS_N100_POCOL_seed030_tau300,POCOL,100,30,7,75.14586962629073
8XS_N100_POCOL_seed030_tau300,POCOL,100,30,8,593.9489270630875
8XS_N100_POCOL_seed030_tau300,POCOL,100,30,9,569.1138172070996
8XS_N100_POCOL_seed030_tau300,POCOL,100,30,10,519.651211655616
8XS_N100_POCOL_seed030_tau300,POCOL,100,30,11,332.66298155287586
8XS_N100_POCOL_seed030_tau300,POCOL,100,30,12,1936.7091748674147
8XS_N100_POCOL_seed030_tau300,POCOL,100,30,13,70.9713758965845
8XS_N100_POCOL_seed030_tau300,POCOL,100,30,14,248.61933515884266
8XS_N100_POCOL_seed030_tau300,POCOL,100,30,15,371.9436976975121
8XS_N300_POCOL_seed001_tau300,POCOL,300,1,1,304.5176377673042
8XS_N300_POCOL_seed001_tau300,POCOL,300,1,2,169.16464673989356
8XS_N300_POCOL_seed001_tau300,POCOL,300,1,3,48.36608956496207
8XS_N300_POCOL_seed001_tau300,POCOL,300,1,4,690.3203791227583
8XS_N300_POCOL_seed001_tau300,POCOL,300,1,5,97.36941615574096
8XS_N300_POCOL_seed001_tau300,POCOL,300,1,6,1383.3955975665363
8XS_N300_POCOL_seed001_tau300,POCOL,300,1,7,419.6723036282424
8XS_N300_POCOL_seed001_tau300,POCOL,300,1,8,1092.2716538636
8XS_N300_POCOL_seed001_tau300,POCOL,300,1,9,75.91759742625891
8XS_N300_POCOL_seed001_tau300,POCOL,300,1,10,67.3832935806613
8XS_N300_POCOL_seed001_tau300,POCOL,300,1,11,408.22552605320016
8XS_N300_POCOL_seed001_tau300,POCOL,300,1,12,68.59212446077618
8XS_N300_POCOL_seed001_tau300,POCOL,300,1,13,57.83198416297182
8XS_N300_POCOL_seed001_tau300,POCOL,300,1,14,106.26639584969053
8XS_N300_POCOL_seed001_tau300,POCOL,300,1,15,1321.6518801011152
8XS_N300_POCOL_seed001_tau300,POCOL,300,1,16,455.3821061297176
8XS_N300_POCOL_seed001_tau300,POCOL,300,1,17,177.30585126856477
8XS_N300_POCOL_seed001_tau300,POCOL,300,1,18,438.34658631919774
8XS_N300_POCOL_seed001_tau300,POCOL,300,1,19,11.086630979281836
8XS_N300_POCOL_seed001_tau300,POCOL,300,1,20,721.4643328535931
8XS_N300_POCOL_seed001_tau300,POCOL,300,1,21,461.35151260872226
8XS_N300_POCOL_seed001_tau300,POCOL,300,1,22,413.60489474678434
8XS_N300_POCOL_seed001_tau300,POCOL,300,1,23,367.50129299221226
8XS_N300_POCOL_seed002_tau300,POCOL,300,2,1,788.2807522084554
8XS_N300_POCOL_seed002_tau300,POCOL,300,2,2,79.58796545699295
8XS_N300_POCOL_seed002_tau300,POCOL,300,2,3,144.9167296157517
8XS_N300_POCOL_seed002_tau300,POCOL,300,2,4,1093.206554860892
8XS_N300_POCOL_seed002_tau300,POCOL,300,2,5,509.91974303705683
8XS_N300_POCOL_seed002_tau300,POCOL,300,2,6,279.4812014995091
8XS_N300_POCOL_seed002_tau300,POCOL,300,2,7,142.98194586043292
8XS_N300_POCOL_seed002_tau300,POCOL,300,2,8,256.24409417143715
8XS_N300_POCOL_seed002_tau300,POCOL,300,2,9,177.20627006950872
8XS_N300_POCOL_seed002_tau300,POCOL,300,2,10,1049.3317227915354
8XS_N300_POCOL_seed002_tau300,POCOL,300,2,11,24.006094183136156
8XS_N300_POCOL_seed002_tau300,POCOL,300,2,12,2072.9510868280995
8XS_N300_POCOL_seed002_tau300,POCOL,300,2,13,1447.2974575517992
8XS_N300_POCOL_seed002_tau300,POCOL,300,2,14,419.7078444261915
8XS_N300_POCOL_seed002_tau300,POCOL,300,2,15,1322.6941277429287
8XS_N300_POCOL_seed003_tau300,POCOL,300,3,1,784.6732887237151
8XS_N300_POCOL_seed003_tau300,POCOL,300,3,2,749.5935638870089
8XS_N300_POCOL_seed003_tau300,POCOL,300,3,3,1265.3045918587395
8XS_N300_POCOL_seed003_tau300,POCOL,300,3,4,275.93214293614574
8XS_N300_POCOL_seed003_tau300,POCOL,300,3,5,555.4208488236827
8XS_N300_POCOL_seed003_tau300,POCOL,300,3,6,90.4500675532272
8XS_N300_POCOL_seed003_tau300,POCOL,300,3,7,418.0548837591723
8XS_N300_POCOL_seed003_tau300,POCOL,300,3,8,1626.096862289306
8XS_N300_POCOL_seed003_tau300,POCOL,300,3,9,165.50815989117018
8XS_N300_POCOL_seed003_tau300,POCOL,300,3,10,126.47196339328002
8XS_N300_POCOL_seed003_tau300,POCOL,300,3,11,413.1835369501832
8XS_N300_POCOL_seed003_tau300,POCOL,300,3,12,1667.5898037426032
8XS_N300_POCOL_seed003_tau300,POCOL,300,3,13,288.97488298154985
8XS_N300_POCOL_seed003_tau300,POCOL,300,3,14,6.815538086648303
8XS_N300_POCOL_seed003_tau300,POCOL,300,3,15,1187.6845534899167
8XS_N300_POCOL_seed003_tau300,POCOL,300,3,16,122.38784627082532
8XS_N300_POCOL_seed004_tau300,POCOL,300,4,1,2101.6696595122057
8XS_N300_POCOL_seed004_tau300,POCOL,300,4,2,235.48691815350776
8XS_N300_POCOL_seed004_tau300,POCOL,300,4,3,66.75975496729279
8XS_N300_POCOL_seed004_tau300,POCOL,300,4,4,3583.578122069469
8XS_N300_POCOL_seed004_tau300,POCOL,300,4,5,128.4182874377002
8XS_N300_POCOL_seed004_tau300,POCOL,300,4,6,78.12248713081499
8XS_N300_POCOL_seed004_tau300,POCOL,300,4,7,474.17507135825963
8XS_N300_POCOL_seed004_tau300,POCOL,300,4,8,120.73598443082938
8XS_N300_POCOL_seed004_tau300,POCOL,300,4,9,219.39142590553
8XS_N300_POCOL_seed004_tau300,POCOL,300,4,10,451.4217844818295
8XS_N300_POCOL_seed004_tau300,POCOL,300,4,11,164.22620473452116
8XS_N300_POCOL_seed004_tau300,POCOL,300,4,12,136.72746226209074
8XS_N300_POCOL_seed004_tau300,POCOL,300,4,13,1137.1221494913616
8XS_N300_POCOL_seed004_tau300,POCOL,300,4,14,188.54840678957225
8XS_N300_POCOL_seed004_tau300,POCOL,300,4,15,55.124361849308116
8XS_N300_POCOL_seed004_tau300,POCOL,300,4,16,332.7465412202273
8XS_N300_POCOL_seed004_tau300,POCOL,300,4,17,231.92728473200805
8XS_N300_POCOL_seed004_tau300,POCOL,300,4,18,44.06714237782944
8XS_N300_POCOL_seed004_tau300,POCOL,300,4,19,162.07053346378416
8XS_N300_POCOL_seed004_tau300,POCOL,300,4,20,15.967543794298763
8XS_N300_POCOL_seed005_tau300,POCOL,300,5,1,201.28565786652834
8XS_N300_POCOL_seed005_tau300,POCOL,300,5,2,129.24593130740814
8XS_N300_POCOL_seed005_tau300,POCOL,300,5,3,1145.008372391587
8XS_N300_POCOL_seed005_tau300,POCOL,300,5,4,681.9465160118555
8XS_N300_POCOL_seed005_tau300,POCOL,300,5,5,1972.170279690115
8XS_N300_POCOL_seed005_tau300,POCOL,300,5,6,26.01420764813338
8XS_N300_POCOL_seed005_tau300,POCOL,300,5,7,925.6474675448444
8XS_N300_POCOL_seed005_tau300,POCOL,300,5,8,1723.5986337511404
8XS_N300_POCOL_seed005_tau300,POCOL,300,5,9,589.404740121654
8XS_N300_POCOL_seed005_tau300,POCOL,300,5,10,1956.504165748329
8XS_N300_POCOL_seed006_tau300,POCOL,300,6,1,799.8187833371555
8XS_N300_POCOL_seed006_tau300,POCOL,300,6,2,109.10884332857427
8XS_N300_POCOL_seed006_tau300,POCOL,300,6,3,135.37037905995157
8XS_N300_POCOL_seed006_tau300,POCOL,300,6,4,715.370149031131
8XS_N300_POCOL_seed006_tau300,POCOL,300,6,5,6.017558083141239
8XS_N300_POCOL_seed006_tau300,POCOL,300,6,6,109.9322555954675
8XS_N300_POCOL_seed006_tau300,POCOL,300,6,7,712.3018432870103
8XS_N300_POCOL_seed006_tau300,POCOL,300,6,8,62.53634831980844
8XS_N300_POCOL_seed006_tau300,POCOL,300,6,9,1360.9168406101276
8XS_N300_POCOL_seed006_tau300,POCOL,300,6,10,46.61057367336707
8XS_N300_POCOL_seed006_tau300,POCOL,300,6,11,42.31570335857214
8XS_N300_POCOL_seed006_tau300,POCOL,300,6,12,248.0367488812235
8XS_N300_POCOL_seed006_tau300,POCOL,300,6,13,524.2183209585792
8XS_N300_POCOL_seed006_tau300,POCOL,300,6,14,774.858469280196
8XS_N300_POCOL_seed006_tau300,POCOL,300,6,15,297.77827750433244
8XS_N300_POCOL_seed006_tau300,POCOL,300,6,16,226.58601507270942
8XS_N300_POCOL_seed006_tau300,POCOL,300,6,17,2719.6529492745494
8XS_N300_POCOL_seed006_tau300,POCOL,300,6,18,262.3049580229508
8XS_N300_POCOL_seed006_tau300,POCOL,300,6,19,251.95970626049711
8XS_N300_POCOL_seed007_tau300,POCOL,300,7,1,1955.3906427481754
8XS_N300_POCOL_seed007_tau300,POCOL,300,7,2,752.0991190742222
8XS_N300_POCOL_seed007_tau300,POCOL,300,7,3,642.5473801741023
8XS_N300_POCOL_seed007_tau300,POCOL,300,7,4,788.0437708972245
8XS_N300_POCOL_seed007_tau300,POCOL,300,7,5,157.94626985526702
8XS_N300_POCOL_seed007_tau300,POCOL,300,7,6,325.0480356506541
8XS_N300_POCOL_seed007_tau300,POCOL,300,7,7,2165.7569843983783
8XS_N300_POCOL_seed007_tau300,POCOL,300,7,8,790.1861859988876
8XS_N300_POCOL_seed007_tau300,POCOL,300,7,9,311.22935598393815
8XS_N300_POCOL_seed007_tau300,POCOL,300,7,10,406.51390081882437
8XS_N300_POCOL_seed007_tau300,POCOL,300,7,11,104.16828936709135
8XS_N300_POCOL_seed007_tau300,POCOL,300,7,12,32.599570932083225
8XS_N300_POCOL_seed007_tau300,POCOL,300,7,13,121.24902656605445
8XS_N300_POCOL_seed007_tau300,POCOL,300,7,14,48.211918513072305
8XS_N300_POCOL_seed007_tau300,POCOL,300,7,15,541.4771129536603
8XS_N300_POCOL_seed007_tau300,POCOL,300,7,16,638.4358387966658
8XS_N300_POCOL_seed008_tau300,POCOL,300,8,1,182.37818799798495
8XS_N300_POCOL_seed008_tau300,POCOL,300,8,2,1239.0978386252525
8XS_N300_POCOL_seed008_tau300,POCOL,300,8,3,697.4459279314283
8XS_N300_POCOL_seed008_tau300,POCOL,300,8,4,1317.8372907085422
8XS_N300_POCOL_seed008_tau300,POCOL,300,8,5,1093.220141408341
8XS_N300_POCOL_seed008_tau300,POCOL,300,8,6,238.04512583038468
8XS_N300_POCOL_seed008_tau300,POCOL,300,8,7,158.22497455200846
8XS_N300_POCOL_seed008_tau300,POCOL,300,8,8,1264.248190678366
8XS_N300_POCOL_seed008_tau300,POCOL,300,8,9,2.6014578894773877
8XS_N300_POCOL_seed008_tau300,POCOL,300,8,10,982.8358932099591
8XS_N300_POCOL_seed008_tau300,POCOL,300,8,11,783.5401987136001
8XS_N300_POCOL_seed008_tau300,POCOL,300,8,12,710.3055869824057
8XS_N300_POCOL_seed008_tau300,POCOL,300,8,13,639.0310970905357
8XS_N300_POCOL_seed009_tau300,POCOL,300,9,1,420.1290256728152
8XS_N300_POCOL_seed009_tau300,POCOL,300,9,2,446.1715705802879
8XS_N300_POCOL_seed009_tau300,POCOL,300,9,3,1017.1882281213464
8XS_N300_POCOL_seed009_tau300,POCOL,300,9,4,19.041804170562727
8XS_N300_POCOL_seed009_tau300,POCOL,300,9,5,61.41851175538932
8XS_N300_POCOL_seed009_tau300,POCOL,300,9,6,861.5443449029879
8XS_N300_POCOL_seed009_tau300,POCOL,300,9,7,1211.9532822159408
8XS_N300_POCOL_seed009_tau300,POCOL,300,9,8,66.02084739248221
8XS_N300_POCOL_seed009_tau300,POCOL,300,9,9,951.800777077111
8XS_N300_POCOL_seed009_tau300,POCOL,300,9,10,420.29966998254713
8XS_N300_POCOL_seed009_tau300,POCOL,300,9,11,1698.6165902103312
8XS_N300_POCOL_seed009_tau300,POCOL,300,9,12,1106.7795335590035
8XS_N300_POCOL_seed009_tau300,POCOL,300,9,13,292.35321207387096
8XS_N300_POCOL_seed009_tau300,POCOL,300,9,14,55.60197598389277
8XS_N300_POCOL_seed009_tau300,POCOL,300,9,15,97.54717927284037
8XS_N300_POCOL_seed009_tau300,POCOL,300,9,16,15.990378504147884
8XS_N300_POCOL_seed010_tau300,POCOL,300,10,1,1315.0285107258085
8XS_N300_POCOL_seed010_tau300,POCOL,300,10,2,618.1831333372315
8XS_N300_POCOL_seed010_tau300,POCOL,300,10,3,241.68895852400806
8XS_N300_POCOL_seed010_tau300,POCOL,300,10,4,403.9718302687115
8XS_N300_POCOL_seed010_tau300,POCOL,300,10,5,50.286571233036284
8XS_N300_POCOL_seed010_tau300,POCOL,300,10,6,198.16624121781342
8XS_N300_POCOL_seed010_tau300,POCOL,300,10,7,1164.0536364614277
8XS_N300_POCOL_seed010_tau300,POCOL,300,10,8,1180.783883575029
8XS_N300_POCOL_seed010_tau300,POCOL,300,10,9,0.16092834541905177
8XS_N300_POCOL_seed010_tau300,POCOL,300,10,10,543.2973069128675
8XS_N300_POCOL_seed010_tau300,POCOL,300,10,11,882.2381339520443
8XS_N300_POCOL_seed010_tau300,POCOL,300,10,12,270.13072533524155
8XS_N300_POCOL_seed010_tau300,POCOL,300,10,13,32.51986358771683
8XS_N300_POCOL_seed010_tau300,POCOL,300,10,14,388.4082504922353
8XS_N300_POCOL_seed010_tau300,POCOL,300,10,15,438.02375884354296
8XS_N300_POCOL_seed010_tau300,POCOL,300,10,16,2257.061179125142
8XS_N300_POCOL_seed011_tau300,POCOL,300,11,1,1092.24152230628
8XS_N300_POCOL_seed011_tau300,POCOL,300,11,2,560.805933402419
8XS_N300_POCOL_seed011_tau300,POCOL,300,11,3,1293.729290324674
8XS_N300_POCOL_seed011_tau300,POCOL,300,11,4,539.7268525801146
8XS_N300_POCOL_seed011_tau300,POCOL,300,11,5,2112.686995924358
8XS_N300_POCOL_seed011_tau300,POCOL,300,11,6,710.1823042253582
8XS_N300_POCOL_seed011_tau300,POCOL,300,11,7,164.56432445528844
8XS_N300_POCOL_seed011_tau300,POCOL,300,11,8,149.2596860557951
8XS_N300_POCOL_seed011_tau300,POCOL,300,11,9,157.79400520285435
8XS_N300_POCOL_seed011_tau300,POCOL,300,11,10,1739.4135480584564
8XS_N300_POCOL_seed011_tau300,POCOL,300,11,11,688.2045945934897
8XS_N300_POCOL_seed011_tau300,POCOL,300,11,12,541.7033730998683
8XS_N300_POCOL_seed012_tau300,POCOL,300,12,1,535.4295367411039
8XS_N300_POCOL_seed012_tau300,POCOL,300,12,2,1077.5619896027026
8XS_N300_POCOL_seed012_tau300,POCOL,300,12,3,978.7702869051991
8XS_N300_POCOL_seed012_tau300,POCOL,300,12,4,545.3539205452716
8XS_N300_POCOL_seed012_tau300,POCOL,300,12,5,559.3140842550829
8XS_N300_POCOL_seed012_tau300,POCOL,300,12,6,1260.220391886855
8XS_N300_POCOL_seed012_tau300,POCOL,300,12,7,69.15007341217915
8XS_N300_POCOL_seed012_tau300,POCOL,300,12,8,65.12223750153589
8XS_N300_POCOL_seed012_tau300,POCOL,300,12,9,1234.5031751332226
8XS_N300_POCOL_seed012_tau300,POCOL,300,12,10,591.8402827049122
8XS_N300_POCOL_seed012_tau300,POCOL,300,12,11,342.31592007847667
8XS_N300_POCOL_seed012_tau300,POCOL,300,12,12,449.0691124703708
8XS_N300_POCOL_seed012_tau300,POCOL,300,12,13,115.05440485147119
8XS_N300_POCOL_seed012_tau300,POCOL,300,12,14,379.81948281462064
8XS_N300_POCOL_seed012_tau300,POCOL,300,12,15,481.7030201964062
8XS_N300_POCOL_seed012_tau300,POCOL,300,12,16,1015.7771588806245
8XS_N300_POCOL_seed012_tau300,POCOL,300,12,17,224.55116250587707
8XS_N300_POCOL_seed013_tau300,POCOL,300,13,1,215.64187421169197
8XS_N300_POCOL_seed013_tau300,POCOL,300,13,2,982.0278101826947
8XS_N300_POCOL_seed013_tau300,POCOL,300,13,3,640.4103168493393
8XS_N300_POCOL_seed013_tau300,POCOL,300,13,4,72.47906875530248
8XS_N300_POCOL_seed013_tau300,POCOL,300,13,5,664.7193503408312
8XS_N300_POCOL_seed013_tau300,POCOL,300,13,6,156.50834944884855
8XS_N300_POCOL_seed013_tau300,POCOL,300,13,7,1994.3018140639438
8XS_N300_POCOL_seed013_tau300,POCOL,300,13,8,1.3968503325768324
8XS_N300_POCOL_seed013_tau300,POCOL,300,13,9,153.95382854060335
8XS_N300_POCOL_seed013_tau300,POCOL,300,13,10,1877.1410429284988
8XS_N300_POCOL_seed013_tau300,POCOL,300,13,11,566.678332435522
8XS_N300_POCOL_seed013_tau300,POCOL,300,13,12,23.276223284980006
8XS_N300_POCOL_seed013_tau300,POCOL,300,13,13,162.49547388091196
8XS_N300_POCOL_seed013_tau300,POCOL,300,13,14,284.42345785420366
8XS_N300_POCOL_seed013_tau300,POCOL,300,13,15,219.97933723003734
8XS_N300_POCOL_seed013_tau300,POCOL,300,13,16,818.8324039988884
8XS_N300_POCOL_seed013_tau300,POCOL,300,13,17,6.1628417224674195
8XS_N300_POCOL_seed013_tau300,POCOL,300,13,18,273.2829092632255
8XS_N300_POCOL_seed013_tau300,POCOL,300,13,19,463.5642608210401
8XS_N300_POCOL_seed014_tau300,POCOL,300,14,1,503.2068802617458
8XS_N300_POCOL_seed014_tau300,POCOL,300,14,2,353.7897181783138
8XS_N300_POCOL_seed014_tau300,POCOL,300,14,3,871.0710118081679
8XS_N300_POCOL_seed014_tau300,POCOL,300,14,4,184.55785452206896
8XS_N300_POCOL_seed014_tau300,POCOL,300,14,5,644.7474044335502
8XS_N300_POCOL_seed014_tau300,POCOL,300,14,6,132.1922512414062
8XS_N300_POCOL_seed014_tau300,POCOL,300,14,7,602.534404497816
8XS_N300_POCOL_seed014_tau300,POCOL,300,14,8,1842.0164571521627
8XS_N300_POCOL_seed014_tau300,POCOL,300,14,9,703.7527724733909
8XS_N300_POCOL_seed014_tau300,POCOL,300,14,10,490.2676626044995
8XS_N300_POCOL_seed014_tau300,POCOL,300,14,11,100.94598906010106
8XS_N300_POCOL_seed014_tau300,POCOL,300,14,12,944.9123956176882
8XS_N300_POCOL_seed014_tau300,POCOL,300,14,13,459.26235249977526
8XS_N300_POCOL_seed014_tau300,POCOL,300,14,14,11.83288920317682
8XS_N300_POCOL_seed014_tau300,POCOL,300,14,15,532.7783116382825
8XS_N300_POCOL_seed014_tau300,POCOL,300,14,16,308.2572436295941
8XS_N300_POCOL_seed014_tau300,POCOL,300,14,17,212.03721839731224
8XS_N300_POCOL_seed015_tau300,POCOL,300,15,1,26.85284577121109
8XS_N300_POCOL_seed015_tau300,POCOL,300,15,2,1720.3228702046042
8XS_N300_POCOL_seed015_tau300,POCOL,300,15,3,7.709185946891694
8XS_N300_POCOL_seed015_tau300,POCOL,300,15,4,498.5152238799749
8XS_N300_POCOL_seed015_tau300,POCOL,300,15,5,430.763478289035
8XS_N300_POCOL_seed015_tau300,POCOL,300,15,6,211.42075767619644
8XS_N300_POCOL_seed015_tau300,POCOL,300,15,7,859.937318290989
8XS_N300_POCOL_seed015_tau300,POCOL,300,15,8,238.89946627437075
8XS_N300_POCOL_seed015_tau300,POCOL,300,15,9,593.5437812260998
8XS_N300_POCOL_seed015_tau300,POCOL,300,15,10,309.79547068755437
8XS_N300_POCOL_seed015_tau300,POCOL,300,15,11,790.4169023289287
8XS_N300_POCOL_seed015_tau300,POCOL,300,15,12,1782.3753564929793
8XS_N300_POCOL_seed016_tau300,POCOL,300,16,1,265.012881882225
8XS_N300_POCOL_seed016_tau300,POCOL,300,16,2,23.454723978420873
8XS_N300_POCOL_seed016_tau300,POCOL,300,16,3,186.8339404900463
8XS_N300_POCOL_seed016_tau300,POCOL,300,16,4,400.4749872754829
8XS_N300_POCOL_seed016_tau300,POCOL,300,16,5,441.9476776569377
8XS_N300_POCOL_seed016_tau300,POCOL,300,16,6,691.506672464302
8XS_N300_POCOL_seed016_tau300,POCOL,300,16,7,1340.1364933986129
8XS_N300_POCOL_seed016_tau300,POCOL,300,16,8,298.9249055847872
8XS_N300_POCOL_seed016_tau300,POCOL,300,16,9,67.75503726535999
8XS_N300_POCOL_seed016_tau300,POCOL,300,16,10,869.4947511402547
8XS_N300_POCOL_seed016_tau300,POCOL,300,16,11,1855.1629154285602
8XS_N300_POCOL_seed016_tau300,POCOL,300,16,12,112.94048966694209
8XS_N300_POCOL_seed016_tau300,POCOL,300,16,13,934.0682039191888
8XS_N300_POCOL_seed016_tau300,POCOL,300,16,14,703.4711097441041
8XS_N300_POCOL_seed016_tau300,POCOL,300,16,15,1103.9006726230791
8XS_N300_POCOL_seed017_tau300,POCOL,300,17,1,148.98619662014076
8XS_N300_POCOL_seed017_tau300,POCOL,300,17,2,405.0935472879604
8XS_N300_POCOL_seed017_tau300,POCOL,300,17,3,657.8771331732341
8XS_N300_POCOL_seed017_tau300,POCOL,300,17,4,403.4531191654428
8XS_N300_POCOL_seed017_tau300,POCOL,300,17,5,92.91721763891678
8XS_N300_POCOL_seed017_tau300,POCOL,300,17,6,173.39253640354514
8XS_N300_POCOL_seed017_tau300,POCOL,300,17,7,2656.4051566172507
8XS_N300_POCOL_seed017_tau300,POCOL,300,17,8,1075.4752866040953
8XS_N300_POCOL_seed017_tau300,POCOL,300,17,9,549.1748495345328
8XS_N300_POCOL_seed017_tau300,POCOL,300,17,10,2386.273056414392
8XS_N300_POCOL_seed017_tau300,POCOL,300,17,11,395.4077573971572
8XS_N300_POCOL_seed017_tau300,POCOL,300,17,12,483.4170683828015
8XS_N300_POCOL_seed017_tau300,POCOL,300,17,13,284.31963680276385
8XS_N300_POCOL_seed018_tau300,POCOL,300,18,1,887.1972023946747
8XS_N300_POCOL_seed018_tau300,POCOL,300,18,2,232.94215462184764
8XS_N300_POCOL_seed018_tau300,POCOL,300,18,3,77.32701249385354
8XS_N300_POCOL_seed018_tau300,POCOL,300,18,4,293.551898314596
8XS_N300_POCOL_seed018_tau300,POCOL,300,18,5,74.74007229136419
8XS_N300_POCOL_seed018_tau300,POCOL,300,18,6,167.21864174012921
8XS_N300_POCOL_seed018_tau300,POCOL,300,18,7,234.1187561096956
8XS_N300_POCOL_seed018_tau300,POCOL,300,18,8,923.6427678920136
8XS_N300_POCOL_seed018_tau300,POCOL,300,18,9,766.765255000601
8XS_N300_POCOL_seed018_tau300,POCOL,300,18,10,311.8336655394128
8XS_N300_POCOL_seed018_tau300,POCOL,300,18,11,637.692973835155
8XS_N300_POCOL_seed018_tau300,POCOL,300,18,12,55.11136942041867
8XS_N300_POCOL_seed018_tau300,POCOL,300,18,13,1069.2703379938584
8XS_N300_POCOL_seed018_tau300,POCOL,300,18,14,71.55761066975447
8XS_N300_POCOL_seed018_tau300,POCOL,300,18,15,92.31102291987281
8XS_N300_POCOL_seed018_tau300,POCOL,300,18,16,618.8408420826918
8XS_N300_POCOL_seed018_tau300,POCOL,300,18,17,638.8513392948398
8XS_N300_POCOL_seed018_tau300,POCOL,300,18,18,750.5849457896011
8XS_N300_POCOL_seed019_tau300,POCOL,300,19,1,1451.8236077847052
8XS_N300_POCOL_seed019_tau300,POCOL,300,19,2,498.6239212504563
8XS_N300_POCOL_seed019_tau300,POCOL,300,19,3,666.1211420020059
8XS_N300_POCOL_seed019_tau300,POCOL,300,19,4,553.7412436672776
8XS_N300_POCOL_seed019_tau300,POCOL,300,19,5,232.3146167832556
8XS_N300_POCOL_seed019_tau300,POCOL,300,19,6,962.6746486802604
8XS_N300_POCOL_seed019_tau300,POCOL,300,19,7,246.01742938221287
8XS_N300_POCOL_seed019_tau300,POCOL,300,19,8,675.8301337720104
8XS_N300_POCOL_seed019_tau300,POCOL,300,19,9,593.5830787725654
8XS_N300_POCOL_seed019_tau300,POCOL,300,19,10,215.536699742951
8XS_N300_POCOL_seed019_tau300,POCOL,300,19,11,1737.9557486516433
8XS_N300_POCOL_seed019_tau300,POCOL,300,19,12,316.2555917923928
8XS_N300_POCOL_seed019_tau300,POCOL,300,19,13,454.2601939544702
8XS_N300_POCOL_seed019_tau300,POCOL,300,19,14,812.2907255049013
8XS_N300_POCOL_seed019_tau300,POCOL,300,19,15,139.81380288522087
8XS_N300_POCOL_seed020_tau300,POCOL,300,20,1,1925.96683571764
8XS_N300_POCOL_seed020_tau300,POCOL,300,20,2,233.54944666857023
8XS_N300_POCOL_seed020_tau300,POCOL,300,20,3,26.46964916630668
8XS_N300_POCOL_seed020_tau300,POCOL,300,20,4,634.4617851924645
8XS_N300_POCOL_seed020_tau300,POCOL,300,20,5,39.7236073740728
8XS_N300_POCOL_seed020_tau300,POCOL,300,20,6,70.58753687386661
8XS_N300_POCOL_seed020_tau300,POCOL,300,20,7,106.35331258460019
8XS_N300_POCOL_seed020_tau300,POCOL,300,20,8,1817.7590956700674
8XS_N300_POCOL_seed020_tau300,POCOL,300,20,9,980.5906396540167
8XS_N300_POCOL_seed020_tau300,POCOL,300,20,10,196.41096798461967
8XS_N300_POCOL_seed020_tau300,POCOL,300,20,11,523.0646916586556
8XS_N300_POCOL_seed020_tau300,POCOL,300,20,12,535.3516208380115
8XS_N300_POCOL_seed020_tau300,POCOL,300,20,13,483.54272174693506
8XS_N300_POCOL_seed020_tau300,POCOL,300,20,14,307.72660620156876
8XS_N300_POCOL_seed020_tau300,POCOL,300,20,15,466.5459484106759
8XS_N300_POCOL_seed020_tau300,POCOL,300,20,16,126.85865008993642
8XS_N300_POCOL_seed020_tau300,POCOL,300,20,17,765.386687767661
8XS_N300_POCOL_seed020_tau300,POCOL,300,20,18,343.44307032769757
8XS_N300_POCOL_seed020_tau300,POCOL,300,20,19,58.44207639873457
8XS_N300_POCOL_seed021_tau300,POCOL,300,21,1,761.9446219749275
8XS_N300_POCOL_seed021_tau300,POCOL,300,21,2,33.06306431211169
8XS_N300_POCOL_seed021_tau300,POCOL,300,21,3,261.0148189907402
8XS_N300_POCOL_seed021_tau300,POCOL,300,21,4,847.2492140283646
8XS_N300_POCOL_seed021_tau300,POCOL,300,21,5,576.9909181951057
8XS_N300_POCOL_seed021_tau300,POCOL,300,21,6,82.91652696174287
8XS_N300_POCOL_seed021_tau300,POCOL,300,21,7,336.84510946761065
8XS_N300_POCOL_seed021_tau300,POCOL,300,21,8,1029.978192428738
8XS_N300_POCOL_seed021_tau300,POCOL,300,21,9,567.3522666535991
8XS_N300_POCOL_seed021_tau300,POCOL,300,21,10,76.11546026525593
8XS_N300_POCOL_seed021_tau300,POCOL,300,21,11,258.94987029359527
8XS_N300_POCOL_seed021_tau300,POCOL,300,21,12,1128.9319377348475
8XS_N300_POCOL_seed021_tau300,POCOL,300,21,13,34.166279741039034
8XS_N300_POCOL_seed021_tau300,POCOL,300,21,14,534.8100130613993
8XS_N300_POCOL_seed021_tau300,POCOL,300,21,15,197.48577568291148
8XS_N300_POCOL_seed021_tau300,POCOL,300,21,16,2576.8194239210306
8XS_N300_POCOL_seed021_tau300,POCOL,300,21,17,93.452476901919
8XS_N300_POCOL_seed021_tau300,POCOL,300,21,18,526.2550246945702
8XS_N300_POCOL_seed022_tau300,POCOL,300,22,1,570.1964812346982
8XS_N300_POCOL_seed022_tau300,POCOL,300,22,2,2730.0212644507087
8XS_N300_POCOL_seed022_tau300,POCOL,300,22,3,411.3440257685984
8XS_N300_POCOL_seed022_tau300,POCOL,300,22,4,12.979233315009424
8XS_N300_POCOL_seed022_tau300,POCOL,300,22,5,315.3827299931554
8XS_N300_POCOL_seed022_tau300,POCOL,300,22,6,1316.9856969958973
8XS_N300_POCOL_seed022_tau300,POCOL,300,22,7,146.7229379098353
8XS_N300_POCOL_seed022_tau300,POCOL,300,22,8,212.07493613539464
8XS_N300_POCOL_seed022_tau300,POCOL,300,22,9,152.98410465610232
8XS_N300_POCOL_seed022_tau300,POCOL,300,22,10,282.00611002736787
8XS_N300_POCOL_seed022_tau300,POCOL,300,22,11,635.7595148236924
8XS_N300_POCOL_seed022_tau300,POCOL,300,22,12,172.79419708713067
8XS_N300_POCOL_seed022_tau300,POCOL,300,22,13,575.7114890968023
8XS_N300_POCOL_seed022_tau300,POCOL,300,22,14,597.7106265777993
8XS_N300_POCOL_seed022_tau300,POCOL,300,22,15,1463.8748767775032
8XS_N300_POCOL_seed022_tau300,POCOL,300,22,16,149.89217037179696
8XS_N300_POCOL_seed023_tau300,POCOL,300,23,1,61.006438821614104
8XS_N300_POCOL_seed023_tau300,POCOL,300,23,2,1004.3359152434588
8XS_N300_POCOL_seed023_tau300,POCOL,300,23,3,201.230162063056
8XS_N300_POCOL_seed023_tau300,POCOL,300,23,4,335.230098206908
8XS_N300_POCOL_seed023_tau300,POCOL,300,23,5,451.5367212117733
8XS_N300_POCOL_seed023_tau300,POCOL,300,23,6,974.7549784484941
8XS_N300_POCOL_seed023_tau300,POCOL,300,23,7,735.3893293988931
8XS_N300_POCOL_seed023_tau300,POCOL,300,23,8,166.72541282215798
8XS_N300_POCOL_seed023_tau300,POCOL,300,23,9,723.7818985174349
8XS_N300_POCOL_seed023_tau300,POCOL,300,23,10,77.29138470152975
8XS_N300_POCOL_seed023_tau300,POCOL,300,23,11,8.415459233227011
8XS_N300_POCOL_seed023_tau300,POCOL,300,23,12,1588.9641446692149
8XS_N300_POCOL_seed023_tau300,POCOL,300,23,13,367.30299319847563
8XS_N300_POCOL_seed023_tau300,POCOL,300,23,14,715.5086519300858
8XS_N300_POCOL_seed023_tau300,POCOL,300,23,15,206.15998681406109
8XS_N300_POCOL_seed023_tau300,POCOL,300,23,16,283.37085746775483
8XS_N300_POCOL_seed023_tau300,POCOL,300,23,17,1625.3746010390314
8XS_N300_POCOL_seed024_tau300,POCOL,300,24,1,1937.8732384626778
8XS_N300_POCOL_seed024_tau300,POCOL,300,24,2,446.36836772298193
8XS_N300_POCOL_seed024_tau300,POCOL,300,24,3,183.1672006342019
8XS_N300_POCOL_seed024_tau300,POCOL,300,24,4,117.54996697663819
8XS_N300_POCOL_seed024_tau300,POCOL,300,24,5,796.5604802345347
8XS_N300_POCOL_seed024_tau300,POCOL,300,24,6,238.66859312118095
8XS_N300_POCOL_seed024_tau300,POCOL,300,24,7,2050.6812224509363
8XS_N300_POCOL_seed024_tau300,POCOL,300,24,8,80.93177539495537
8XS_N300_POCOL_seed024_tau300,POCOL,300,24,9,130.8623619219752
8XS_N300_POCOL_seed024_tau300,POCOL,300,24,10,222.70920009984275
8XS_N300_POCOL_seed024_tau300,POCOL,300,24,11,790.3569792488843
8XS_N300_POCOL_seed024_tau300,POCOL,300,24,12,280.96420147194294
8XS_N300_POCOL_seed024_tau300,POCOL,300,24,13,343.5016725756259
8XS_N300_POCOL_seed024_tau300,POCOL,300,24,14,380.7981750505478
8XS_N300_POCOL_seed024_tau300,POCOL,300,24,15,702.5555566300727
8XS_N300_POCOL_seed024_tau300,POCOL,300,24,16,339.7051757383397
8XS_N300_POCOL_seed024_tau300,POCOL,300,24,17,15.669854319889055
8XS_N300_POCOL_seed024_tau300,POCOL,300,24,18,625.436878685794
8XS_N300_POCOL_seed024_tau300,POCOL,300,24,19,126.1379023670288
8XS_N300_POCOL_seed024_tau300,POCOL,300,24,20,37.86955807632512
8XS_N300_POCOL_seed024_tau300,POCOL,300,24,21,42.94843972994022
8XS_N300_POCOL_seed024_tau300,POCOL,300,24,22,53.24267710543063
8XS_N300_POCOL_seed025_tau300,POCOL,300,25,1,1091.6353053742469
8XS_N300_POCOL_seed025_tau300,POCOL,300,25,2,309.26151071200957
8XS_N300_POCOL_seed025_tau300,POCOL,300,25,3,55.47897532983052
8XS_N300_POCOL_seed025_tau300,POCOL,300,25,4,390.24669961270524
8XS_N300_POCOL_seed025_tau300,POCOL,300,25,5,922.9425157166077
8XS_N300_POCOL_seed025_tau300,POCOL,300,25,6,2494.380588352946
8XS_N300_POCOL_seed025_tau300,POCOL,300,25,7,1096.8931453563691
8XS_N300_POCOL_seed025_tau300,POCOL,300,25,8,1505.3073645686427
8XS_N300_POCOL_seed025_tau300,POCOL,300,25,9,1203.3244233017613
8XS_N300_POCOL_seed025_tau300,POCOL,300,25,10,732.3198809980513
8XS_N300_POCOL_seed026_tau300,POCOL,300,26,1,639.4331850531217
8XS_N300_POCOL_seed026_tau300,POCOL,300,26,2,234.7471194746969
8XS_N300_POCOL_seed026_tau300,POCOL,300,26,3,358.73700917140513
8XS_N300_POCOL_seed026_tau300,POCOL,300,26,4,1205.3137205526498
8XS_N300_POCOL_seed026_tau300,POCOL,300,26,5,353.086492848171
8XS_N300_POCOL_seed026_tau300,POCOL,300,26,6,705.1901777965136
8XS_N300_POCOL_seed026_tau300,POCOL,300,26,7,280.07406201246704
8XS_N300_POCOL_seed026_tau300,POCOL,300,26,8,165.63439496954607
8XS_N300_POCOL_seed026_tau300,POCOL,300,26,9,160.38792821674906
8XS_N300_POCOL_seed026_tau300,POCOL,300,26,10,171.65321912806485
8XS_N300_POCOL_seed026_tau300,POCOL,300,26,11,3236.743719323974
8XS_N300_POCOL_seed026_tau300,POCOL,300,26,12,1252.136933238885
8XS_N300_POCOL_seed027_tau300,POCOL,300,27,1,620.4217595598461
8XS_N300_POCOL_seed027_tau300,POCOL,300,27,2,203.42671835077408
8XS_N300_POCOL_seed027_tau300,POCOL,300,27,3,120.03620578456525
8XS_N300_POCOL_seed027_tau300,POCOL,300,27,4,139.28041011839855
8XS_N300_POCOL_seed027_tau300,POCOL,300,27,5,535.1428009483038
8XS_N300_POCOL_seed027_tau300,POCOL,300,27,6,932.4294915436412
8XS_N300_POCOL_seed027_tau300,POCOL,300,27,7,543.9485622347656
8XS_N300_POCOL_seed027_tau300,POCOL,300,27,8,304.96454967224554
8XS_N300_POCOL_seed027_tau300,POCOL,300,27,9,701.1767045812862
8XS_N300_POCOL_seed027_tau300,POCOL,300,27,10,808.5370527526557
8XS_N300_POCOL_seed027_tau300,POCOL,300,27,11,219.38598645669208
8XS_N300_POCOL_seed027_tau300,POCOL,300,27,12,8.04232170301566
8XS_N300_POCOL_seed027_tau300,POCOL,300,27,13,290.4975863780537
8XS_N300_POCOL_seed027_tau300,POCOL,300,27,14,854.9467277638742
8XS_N300_POCOL_seed027_tau300,POCOL,300,27,15,705.176336071042
8XS_N300_POCOL_seed027_tau300,POCOL,300,27,16,150.54239167510968
8XS_N300_POCOL_seed027_tau300,POCOL,300,27,17,188.374522666114
8XS_N300_POCOL_seed027_tau300,POCOL,300,27,18,809.7300358231578
8XS_N300_POCOL_seed027_tau300,POCOL,300,27,19,863.9168885804447
8XS_N300_POCOL_seed027_tau300,POCOL,300,27,20,984.5652413427251
8XS_N300_POCOL_seed028_tau300,POCOL,300,28,1,320.8386913915551
8XS_N300_POCOL_seed028_tau300,POCOL,300,28,2,388.37685141396895
8XS_N300_POCOL_seed028_tau300,POCOL,300,28,3,375.1448914201893
8XS_N300_POCOL_seed028_tau300,POCOL,300,28,4,252.06500869182082
8XS_N300_POCOL_seed028_tau300,POCOL,300,28,5,97.50124237412115
8XS_N300_POCOL_seed028_tau300,POCOL,300,28,6,4.761235898916539
8XS_N300_POCOL_seed028_tau300,POCOL,300,28,7,382.14485086008517
8XS_N300_POCOL_seed028_tau300,POCOL,300,28,8,1157.035909862322
8XS_N300_POCOL_seed028_tau300,POCOL,300,28,9,360.85979693852687
8XS_N300_POCOL_seed028_tau300,POCOL,300,28,10,526.3623640962683
8XS_N300_POCOL_seed028_tau300,POCOL,300,28,11,73.39552202120876
8XS_N300_POCOL_seed028_tau300,POCOL,300,28,12,1686.2056111676206
8XS_N300_POCOL_seed028_tau300,POCOL,300,28,13,518.8715771172538
8XS_N300_POCOL_seed028_tau300,POCOL,300,28,14,354.7499240445104
8XS_N300_POCOL_seed028_tau300,POCOL,300,28,15,251.23922415798006
8XS_N300_POCOL_seed028_tau300,POCOL,300,28,16,137.14079975002278
8XS_N300_POCOL_seed028_tau300,POCOL,300,28,17,1520.7554607362154
8XS_N300_POCOL_seed028_tau300,POCOL,300,28,18,433.44741406390676
8XS_N300_POCOL_seed028_tau300,POCOL,300,28,19,243.66810779266962
8XS_N300_POCOL_seed028_tau300,POCOL,300,28,20,181.39686203275232
8XS_N300_POCOL_seed028_tau300,POCOL,300,28,21,336.8644925835815
8XS_N300_POCOL_seed029_tau300,POCOL,300,29,1,1024.2737675126054
8XS_N300_POCOL_seed029_tau300,POCOL,300,29,2,220.32490120440912
8XS_N300_POCOL_seed029_tau300,POCOL,300,29,3,557.035758913863
8XS_N300_POCOL_seed029_tau300,POCOL,300,29,4,733.5557241929002
8XS_N300_POCOL_seed029_tau300,POCOL,300,29,5,92.76454773617115
8XS_N300_POCOL_seed029_tau300,POCOL,300,29,6,168.9793100850925
8XS_N300_POCOL_seed029_tau300,POCOL,300,29,7,355.4340302777259
8XS_N300_POCOL_seed029_tau300,POCOL,300,29,8,132.75222712524055
8XS_N300_POCOL_seed029_tau300,POCOL,300,29,9,296.7987004987267
8XS_N300_POCOL_seed029_tau300,POCOL,300,29,10,78.19093226246059
8XS_N300_POCOL_seed029_tau300,POCOL,300,29,11,122.30467379589254
8XS_N300_POCOL_seed029_tau300,POCOL,300,29,12,1947.8732112083026
8XS_N300_POCOL_seed029_tau300,POCOL,300,29,13,447.2028152683397
8XS_N300_POCOL_seed029_tau300,POCOL,300,29,14,1105.8709888940048
8XS_N300_POCOL_seed029_tau300,POCOL,300,29,15,448.32956186715455
8XS_N300_POCOL_seed029_tau300,POCOL,300,29,16,278.8006841701563
8XS_N300_POCOL_seed029_tau300,POCOL,300,29,17,226.74286079069952
8XS_N300_POCOL_seed029_tau300,POCOL,300,29,18,85.27117133236789
8XS_N300_POCOL_seed029_tau300,POCOL,300,29,19,807.1582761175614
8XS_N300_POCOL_seed029_tau300,POCOL,300,29,20,30.714598636010123
8XS_N300_POCOL_seed029_tau300,POCOL,300,29,21,763.6009742612514
8XS_N300_POCOL_seed029_tau300,POCOL,300,29,22,33.47175927960234
8XS_N300_POCOL_seed030_tau300,POCOL,300,30,1,1619.0403494639895
8XS_N300_POCOL_seed030_tau300,POCOL,300,30,2,357.6162203283368
8XS_N300_POCOL_seed030_tau300,POCOL,300,30,3,536.3354143427498
8XS_N300_POCOL_seed030_tau300,POCOL,300,30,4,1502.3247240779638
8XS_N300_POCOL_seed030_tau300,POCOL,300,30,5,357.8601103559763
8XS_N300_POCOL_seed030_tau300,POCOL,300,30,6,456.90487583775484
8XS_N300_POCOL_seed030_tau300,POCOL,300,30,7,298.64461359412053
8XS_N300_POCOL_seed030_tau300,POCOL,300,30,8,682.318558799041
8XS_N300_POCOL_seed030_tau300,POCOL,300,30,9,1643.5877444924063
8XS_N300_POCOL_seed030_tau300,POCOL,300,30,10,45.76102717753929
8XS_N300_POCOL_seed030_tau300,POCOL,300,30,11,467.00946606843445
8XS_N300_POCOL_seed030_tau300,POCOL,300,30,12,194.675924211444
8XS_N300_POCOL_seed030_tau300,POCOL,300,30,13,1282.5555733143246
8XS_N300_POCOL_seed030_tau300,POCOL,300,30,14,379.7324371856903
8XS_N500_POCOL_seed001_tau300,POCOL,500,1,1,578.693779586961
8XS_N500_POCOL_seed001_tau300,POCOL,500,1,2,16.00455697363259
8XS_N500_POCOL_seed001_tau300,POCOL,500,1,3,48.36608956496207
8XS_N500_POCOL_seed001_tau300,POCOL,500,1,4,1007.1596956038256
8XS_N500_POCOL_seed001_tau300,POCOL,500,1,5,1382.984293954186
8XS_N500_POCOL_seed001_tau300,POCOL,500,1,6,214.9314790163512
8XS_N500_POCOL_seed001_tau300,POCOL,500,1,7,116.9101902032753
8XS_N500_POCOL_seed001_tau300,POCOL,500,1,8,945.2113906032059
8XS_N500_POCOL_seed001_tau300,POCOL,500,1,9,160.75646970487833
8XS_N500_POCOL_seed001_tau300,POCOL,500,1,10,67.3832935806613
8XS_N500_POCOL_seed001_tau300,POCOL,500,1,11,1319.4360805656706
8XS_N500_POCOL_seed001_tau300,POCOL,500,1,12,334.92197641300027
8XS_N500_POCOL_seed001_tau300,POCOL,500,1,13,824.9108266325884
8XS_N500_POCOL_seed001_tau300,POCOL,500,1,14,232.11567738747
8XS_N500_POCOL_seed001_tau300,POCOL,500,1,15,1045.0309622637906
8XS_N500_POCOL_seed001_tau300,POCOL,500,1,16,23.979520551267342
8XS_N500_POCOL_seed001_tau300,POCOL,500,1,17,843.3537244007621
8XS_N500_POCOL_seed001_tau300,POCOL,500,1,18,76.87192091134057
8XS_N500_POCOL_seed001_tau300,POCOL,500,1,19,114.53665031306446
8XS_N500_POCOL_seed002_tau300,POCOL,500,2,1,788.2807522084554
8XS_N500_POCOL_seed002_tau300,POCOL,500,2,2,79.58796545699295
8XS_N500_POCOL_seed002_tau300,POCOL,500,2,3,638.1942177649538
8XS_N500_POCOL_seed002_tau300,POCOL,500,2,4,425.64235876642056
8XS_N500_POCOL_seed002_tau300,POCOL,500,2,5,884.9430946738739
8XS_N500_POCOL_seed002_tau300,POCOL,500,2,6,681.1296407870591
8XS_N500_POCOL_seed002_tau300,POCOL,500,2,7,1051.9487473940344
8XS_N500_POCOL_seed002_tau300,POCOL,500,2,8,206.41357214176242
8XS_N500_POCOL_seed002_tau300,POCOL,500,2,9,609.3893832575541
8XS_N500_POCOL_seed002_tau300,POCOL,500,2,10,1164.2758364308102
8XS_N500_POCOL_seed002_tau300,POCOL,500,2,11,228.08236373047384
8XS_N500_POCOL_seed002_tau300,POCOL,500,2,12,443.77912263329927
8XS_N500_POCOL_seed002_tau300,POCOL,500,2,13,193.0105019750972
8XS_N500_POCOL_seed003_tau300,POCOL,500,3,1,784.6931943495651
8XS_N500_POCOL_seed003_tau300,POCOL,500,3,2,480.29559514776884
8XS_N500_POCOL_seed003_tau300,POCOL,500,3,3,789.2950195283697
8XS_N500_POCOL_seed003_tau300,POCOL,500,3,4,283.912445015505
8XS_N500_POCOL_seed003_tau300,POCOL,500,3,5,458.79677627869114
8XS_N500_POCOL_seed003_tau300,POCOL,500,3,6,276.5813154818579
8XS_N500_POCOL_seed003_tau300,POCOL,500,3,7,173.00448117880387
8XS_N500_POCOL_seed003_tau300,POCOL,500,3,8,252.94871237364032
8XS_N500_POCOL_seed003_tau300,POCOL,500,3,9,90.44728473866871
8XS_N500_POCOL_seed003_tau300,POCOL,500,3,10,417.9507906561462
8XS_N500_POCOL_seed003_tau300,POCOL,500,3,11,1627.9736586186182
8XS_N500_POCOL_seed003_tau300,POCOL,500,3,12,564.1291736794892
8XS_N500_POCOL_seed003_tau300,POCOL,500,3,13,78.07392992368568
8XS_N500_POCOL_seed003_tau300,POCOL,500,3,14,110.53093462746529
8XS_N500_POCOL_seed003_tau300,POCOL,500,3,15,1497.1363565787624
8XS_N500_POCOL_seed003_tau300,POCOL,500,3,16,156.18128848001925
8XS_N500_POCOL_seed003_tau300,POCOL,500,3,17,297.0205526737782
8XS_N500_POCOL_seed003_tau300,POCOL,500,3,18,905.745306073406
8XS_N500_POCOL_seed003_tau300,POCOL,500,3,19,598.5080114741249
8XS_N500_POCOL_seed003_tau300,POCOL,500,3,20,122.21688669145806
8XS_N500_POCOL_seed004_tau300,POCOL,500,4,1,442.6551157300622
8XS_N500_POCOL_seed004_tau300,POCOL,500,4,2,505.22582593965683
8XS_N500_POCOL_seed004_tau300,POCOL,500,4,3,893.8595309705684
8XS_N500_POCOL_seed004_tau300,POCOL,500,4,4,371.1858104353123
8XS_N500_POCOL_seed004_tau300,POCOL,500,4,5,80.42200640541841
8XS_N500_POCOL_seed004_tau300,POCOL,500,4,6,1304.4201999420234
8XS_N500_POCOL_seed004_tau300,POCOL,500,4,7,18.094990162141585
8XS_N500_POCOL_seed004_tau300,POCOL,500,4,8,320.076703374752
8XS_N500_POCOL_seed004_tau300,POCOL,500,4,9,115.88747752832069
8XS_N500_POCOL_seed004_tau300,POCOL,500,4,10,146.26826033215912
8XS_N500_POCOL_seed004_tau300,POCOL,500,4,11,431.5332469298464
8XS_N500_POCOL_seed004_tau300,POCOL,500,4,12,78.39896103232786
8XS_N500_POCOL_seed004_tau300,POCOL,500,4,13,1126.8532847385304
8XS_N500_POCOL_seed004_tau300,POCOL,500,4,14,452.71353579531024
8XS_N500_POCOL_seed004_tau300,POCOL,500,4,15,440.33554344073855
8XS_N500_POCOL_seed004_tau300,POCOL,500,4,16,1402.212844580009
8XS_N500_POCOL_seed004_tau300,POCOL,500,4,17,55.39300425300189
8XS_N500_POCOL_seed004_tau300,POCOL,500,4,18,333.47196148674266
8XS_N500_POCOL_seed004_tau300,POCOL,500,4,19,925.9340024964476
8XS_N500_POCOL_seed004_tau300,POCOL,500,4,20,308.2042654305642
8XS_N500_POCOL_seed005_tau300,POCOL,500,5,1,429.8160836618413
8XS_N500_POCOL_seed005_tau300,POCOL,500,5,2,1144.4913668016968
8XS_N500_POCOL_seed005_tau300,POCOL,500,5,3,184.01833787488135
8XS_N500_POCOL_seed005_tau300,POCOL,500,5,4,379.0465188720559
8XS_N500_POCOL_seed005_tau300,POCOL,500,5,5,1974.524787265122
8XS_N500_POCOL_seed005_tau300,POCOL,500,5,6,26.01420764813338
8XS_N500_POCOL_seed005_tau300,POCOL,500,5,7,1488.0064028392371
8XS_N500_POCOL_seed005_tau300,POCOL,500,5,8,266.27826966718567
8XS_N500_POCOL_seed005_tau300,POCOL,500,5,9,1118.734009555409
8XS_N500_POCOL_seed005_tau300,POCOL,500,5,10,589.5548338433418
8XS_N500_POCOL_seed005_tau300,POCOL,500,5,11,1184.4746447350844
8XS_N500_POCOL_seed006_tau300,POCOL,500,6,1,800.1953307604639
8XS_N500_POCOL_seed006_tau300,POCOL,500,6,2,168.23076670296302
8XS_N500_POCOL_seed006_tau300,POCOL,500,6,3,619.9879798654465
8XS_N500_POCOL_seed006_tau300,POCOL,500,6,4,183.2152582499957
8XS_N500_POCOL_seed006_tau300,POCOL,500,6,5,240.6110627828932
8XS_N500_POCOL_seed006_tau300,POCOL,500,6,6,109.93225559546772
8XS_N500_POCOL_seed006_tau300,POCOL,500,6,7,973.0913237612417
8XS_N500_POCOL_seed006_tau300,POCOL,500,6,8,553.4828446836241
8XS_N500_POCOL_seed006_tau300,POCOL,500,6,9,1253.4875462536875
8XS_N500_POCOL_seed006_tau300,POCOL,500,6,10,73.24903909870591
8XS_N500_POCOL_seed006_tau300,POCOL,500,6,11,524.4230669985536
8XS_N500_POCOL_seed006_tau300,POCOL,500,6,12,1205.91677763185
8XS_N500_POCOL_seed006_tau300,POCOL,500,6,13,1692.3385597962697
8XS_N500_POCOL_seed006_tau300,POCOL,500,6,14,1473.4891620908256
8XS_N500_POCOL_seed007_tau300,POCOL,500,7,1,192.7043018427953
8XS_N500_POCOL_seed007_tau300,POCOL,500,7,2,383.9399712651283
8XS_N500_POCOL_seed007_tau300,POCOL,500,7,3,1595.0216052766932
8XS_N500_POCOL_seed007_tau300,POCOL,500,7,4,1535.710106741817
8XS_N500_POCOL_seed007_tau300,POCOL,500,7,5,183.83504673809557
8XS_N500_POCOL_seed007_tau300,POCOL,500,7,6,565.038604350148
8XS_N500_POCOL_seed007_tau300,POCOL,500,7,7,2886.970727983292
8XS_N500_POCOL_seed007_tau300,POCOL,500,7,8,97.93052957065447
8XS_N500_POCOL_seed007_tau300,POCOL,500,7,9,184.95969295306713
8XS_N500_POCOL_seed007_tau300,POCOL,500,7,10,313.1504610056827
8XS_N500_POCOL_seed007_tau300,POCOL,500,7,11,405.53572027658083
8XS_N500_POCOL_seed007_tau300,POCOL,500,7,12,103.88900244636352
8XS_N500_POCOL_seed007_tau300,POCOL,500,7,13,33.09639314543347
8XS_N500_POCOL_seed007_tau300,POCOL,500,7,14,352.1820407629257
8XS_N500_POCOL_seed007_tau300,POCOL,500,7,15,541.7699730278
8XS_N500_POCOL_seed008_tau300,POCOL,500,8,1,182.37818799798495
8XS_N500_POCOL_seed008_tau300,POCOL,500,8,2,2108.352061598874
8XS_N500_POCOL_seed008_tau300,POCOL,500,8,3,91.53693668300366
8XS_N500_POCOL_seed008_tau300,POCOL,500,8,4,793.5503764467967
8XS_N500_POCOL_seed008_tau300,POCOL,500,8,5,413.4452474285504
8XS_N500_POCOL_seed008_tau300,POCOL,500,8,6,1094.0775070185327
8XS_N500_POCOL_seed008_tau300,POCOL,500,8,7,238.07702882024114
8XS_N500_POCOL_seed008_tau300,POCOL,500,8,8,202.65354318463596
8XS_N500_POCOL_seed008_tau300,POCOL,500,8,9,50.3662929732609
8XS_N500_POCOL_seed008_tau300,POCOL,500,8,10,962.0010151981833
8XS_N500_POCOL_seed008_tau300,POCOL,500,8,11,1.9864769277592131
8XS_N500_POCOL_seed008_tau300,POCOL,500,8,12,793.739453960462
8XS_N500_POCOL_seed008_tau300,POCOL,500,8,13,74.69841239386096
8XS_N500_POCOL_seed008_tau300,POCOL,500,8,14,782.6954753381815
8XS_N500_POCOL_seed008_tau300,POCOL,500,8,15,711.4351042289127
8XS_N500_POCOL_seed008_tau300,POCOL,500,8,16,641.9648521681556
8XS_N500_POCOL_seed008_tau300,POCOL,500,8,17,450.2325062323762
8XS_N500_POCOL_seed008_tau300,POCOL,500,8,18,201.53813265429744
8XS_N500_POCOL_seed009_tau300,POCOL,500,9,1,420.1290256728152
8XS_N500_POCOL_seed009_tau300,POCOL,500,9,2,1266.2531234766952
8XS_N500_POCOL_seed009_tau300,POCOL,500,9,3,109.21676777384528
8XS_N500_POCOL_seed009_tau300,POCOL,500,9,4,57.04622413253446
8XS_N500_POCOL_seed009_tau300,POCOL,500,9,5,61.41851175538932
8XS_N500_POCOL_seed009_tau300,POCOL,500,9,6,861.7564657525058
8XS_N500_POCOL_seed009_tau300,POCOL,500,9,7,714.5340735661416
8XS_N500_POCOL_seed009_tau300,POCOL,500,9,8,671.5593238726683
8XS_N500_POCOL_seed009_tau300,POCOL,500,9,9,187.8970726475145
8XS_N500_POCOL_seed009_tau300,POCOL,500,9,10,1329.7550473480478
8XS_N500_POCOL_seed009_tau300,POCOL,500,9,11,972.0796669672936
8XS_N500_POCOL_seed009_tau300,POCOL,500,9,12,1712.2185820279465
8XS_N500_POCOL_seed009_tau300,POCOL,500,9,13,358.7478809920267
8XS_N500_POCOL_seed009_tau300,POCOL,500,9,14,97.98032661165234
8XS_N500_POCOL_seed009_tau300,POCOL,500,9,15,531.2075852636299
8XS_N500_POCOL_seed010_tau300,POCOL,500,10,1,980.2740046851767
8XS_N500_POCOL_seed010_tau300,POCOL,500,10,2,1098.1772800962503
8XS_N500_POCOL_seed010_tau300,POCOL,500,10,3,241.68895852400829
8XS_N500_POCOL_seed010_tau300,POCOL,500,10,4,404.02875560944494
8XS_N500_POCOL_seed010_tau300,POCOL,500,10,5,762.9520405731523
8XS_N500_POCOL_seed010_tau300,POCOL,500,10,6,862.5177989229815
8XS_N500_POCOL_seed010_tau300,POCOL,500,10,7,1183.638677479028
8XS_N500_POCOL_seed010_tau300,POCOL,500,10,8,1792.9399075307028
8XS_N500_POCOL_seed010_tau300,POCOL,500,10,9,228.66738860657733
8XS_N500_POCOL_seed010_tau300,POCOL,500,10,10,31.20034376786043
8XS_N500_POCOL_seed010_tau300,POCOL,500,10,11,387.5272045548254
8XS_N500_POCOL_seed010_tau300,POCOL,500,10,12,439.3767470677967
8XS_N500_POCOL_seed010_tau300,POCOL,500,10,13,275.98316671927023
8XS_N500_POCOL_seed010_tau300,POCOL,500,10,14,184.07924456135152
8XS_N500_POCOL_seed011_tau300,POCOL,500,11,1,298.3175802772984
8XS_N500_POCOL_seed011_tau300,POCOL,500,11,2,791.7463155936771
8XS_N500_POCOL_seed011_tau300,POCOL,500,11,3,495.5402594715081
8XS_N500_POCOL_seed011_tau300,POCOL,500,11,4,1292.197668123579
8XS_N500_POCOL_seed011_tau300,POCOL,500,11,5,542.5884423838488
8XS_N500_POCOL_seed011_tau300,POCOL,500,11,6,2114.8852732032406
8XS_N500_POCOL_seed011_tau300,POCOL,500,11,7,394.75843925450135
8XS_N500_POCOL_seed011_tau300,POCOL,500,11,8,102.84233988862434
8XS_N500_POCOL_seed011_tau300,POCOL,500,11,9,164.7573494367216
8XS_N500_POCOL_seed011_tau300,POCOL,500,11,10,148.81779015367192
8XS_N500_POCOL_seed011_tau300,POCOL,500,11,11,157.62944823355792
8XS_N500_POCOL_seed011_tau300,POCOL,500,11,12,40.49314837804923
8XS_N500_POCOL_seed011_tau300,POCOL,500,11,13,44.54951681623788
8XS_N500_POCOL_seed011_tau300,POCOL,500,11,14,375.3290126412712
8XS_N500_POCOL_seed011_tau300,POCOL,500,11,15,561.3872912293118
8XS_N500_POCOL_seed011_tau300,POCOL,500,11,16,688.4088409142951
8XS_N500_POCOL_seed011_tau300,POCOL,500,11,17,541.8097536140122
8XS_N500_POCOL_seed011_tau300,POCOL,500,11,18,752.630881572084
8XS_N500_POCOL_seed011_tau300,POCOL,500,11,19,352.8113211051823
8XS_N500_POCOL_seed012_tau300,POCOL,500,12,1,197.46793585246377
8XS_N500_POCOL_seed012_tau300,POCOL,500,12,2,235.5099743291466
8XS_N500_POCOL_seed012_tau300,POCOL,500,12,3,1080.4641409177716
8XS_N500_POCOL_seed012_tau300,POCOL,500,12,4,1756.486338945172
8XS_N500_POCOL_seed012_tau300,POCOL,500,12,5,559.3140842550829
8XS_N500_POCOL_seed012_tau300,POCOL,500,12,6,1260.8385286366379
8XS_N500_POCOL_seed012_tau300,POCOL,500,12,7,69.15007341217915
8XS_N500_POCOL_seed012_tau300,POCOL,500,12,8,65.12223750153589
8XS_N500_POCOL_seed012_tau300,POCOL,500,12,9,2462.0190692465976
8XS_N500_POCOL_seed012_tau300,POCOL,500,12,10,449.5533523050299
8XS_N500_POCOL_seed012_tau300,POCOL,500,12,11,115.52322816675223
8XS_N500_POCOL_seed012_tau300,POCOL,500,12,12,1085.6565704327295
8XS_N500_POCOL_seed012_tau300,POCOL,500,12,13,616.8661931487841
8XS_N500_POCOL_seed013_tau300,POCOL,500,13,1,609.6490505176121
8XS_N500_POCOL_seed013_tau300,POCOL,500,13,2,377.34404682555316
8XS_N500_POCOL_seed013_tau300,POCOL,500,13,3,1074.5680516965908
8XS_N500_POCOL_seed013_tau300,POCOL,500,13,4,1063.275625168505
8XS_N500_POCOL_seed013_tau300,POCOL,500,13,5,1486.3504426492318
8XS_N500_POCOL_seed013_tau300,POCOL,500,13,6,481.6971048608548
8XS_N500_POCOL_seed013_tau300,POCOL,500,13,7,1.141957669792646
8XS_N500_POCOL_seed013_tau300,POCOL,500,13,8,153.91447805774897
8XS_N500_POCOL_seed013_tau300,POCOL,500,13,9,1877.2051857289543
8XS_N500_POCOL_seed013_tau300,POCOL,500,13,10,478.741397617624
8XS_N500_POCOL_seed013_tau300,POCOL,500,13,11,23.30976943555106
8XS_N500_POCOL_seed013_tau300,POCOL,500,13,12,163.26260684752015
8XS_N500_POCOL_seed013_tau300,POCOL,500,13,13,79.7579441403268
8XS_N500_POCOL_seed013_tau300,POCOL,500,13,14,219.59899247063822
8XS_N500_POCOL_seed013_tau300,POCOL,500,13,15,612.9330940509035
8XS_N500_POCOL_seed013_tau300,POCOL,500,13,16,264.7069425756472
8XS_N500_POCOL_seed013_tau300,POCOL,500,13,17,273.7679023402088
8XS_N500_POCOL_seed014_tau300,POCOL,500,14,1,503.2068802617458
8XS_N500_POCOL_seed014_tau300,POCOL,500,14,2,353.7897181783138
8XS_N500_POCOL_seed014_tau300,POCOL,500,14,3,1066.0654462053478
8XS_N500_POCOL_seed014_tau300,POCOL,500,14,4,216.61057818190625
8XS_N500_POCOL_seed014_tau300,POCOL,500,14,5,740.2318310427991
8XS_N500_POCOL_seed014_tau300,POCOL,500,14,6,602.3614562027642
8XS_N500_POCOL_seed014_tau300,POCOL,500,14,7,2822.1403164669364
8XS_N500_POCOL_seed014_tau300,POCOL,500,14,8,434.2472277472916
8XS_N500_POCOL_seed014_tau300,POCOL,500,14,9,372.3435012076443
8XS_N500_POCOL_seed014_tau300,POCOL,500,14,10,642.791891607505
8XS_N500_POCOL_seed014_tau300,POCOL,500,14,11,459.04228298318776
8XS_N500_POCOL_seed014_tau300,POCOL,500,14,12,128.90811204180318
8XS_N500_POCOL_seed014_tau300,POCOL,500,14,13,532.4849020372221
8XS_N500_POCOL_seed014_tau300,POCOL,500,14,14,309.0339381397007
8XS_N500_POCOL_seed014_tau300,POCOL,500,14,15,734.8966503226729
8XS_N500_POCOL_seed015_tau300,POCOL,500,15,1,26.85284577121109
8XS_N500_POCOL_seed015_tau300,POCOL,500,15,2,948.4832215916417
8XS_N500_POCOL_seed015_tau300,POCOL,500,15,3,511.4303295169883
8XS_N500_POCOL_seed015_tau300,POCOL,500,15,4,138.9613994897736
8XS_N500_POCOL_seed015_tau300,POCOL,500,15,5,200.19525788478268
8XS_N500_POCOL_seed015_tau300,POCOL,500,15,6,133.45458974253188
8XS_N500_POCOL_seed015_tau300,POCOL,500,15,7,600.7631084214468
8XS_N500_POCOL_seed015_tau300,POCOL,500,15,8,211.24249566281787
8XS_N500_POCOL_seed015_tau300,POCOL,500,15,9,863.0634262185281
8XS_N500_POCOL_seed015_tau300,POCOL,500,15,10,174.9533065104224
8XS_N500_POCOL_seed015_tau300,POCOL,500,15,11,915.1146643197026
8XS_N500_POCOL_seed015_tau300,POCOL,500,15,12,836.5669301140169
8XS_N500_POCOL_seed015_tau300,POCOL,500,15,13,1184.7588211042057
8XS_N500_POCOL_seed015_tau300,POCOL,500,15,14,293.39723632825644
8XS_N500_POCOL_seed015_tau300,POCOL,500,15,15,6.465020031775566
8XS_N500_POCOL_seed015_tau300,POCOL,500,15,16,292.6263469561718
8XS_N500_POCOL_seed015_tau300,POCOL,500,15,17,879.5274013340704
8XS_N500_POCOL_seed016_tau300,POCOL,500,16,1,2150.0480781612728
8XS_N500_POCOL_seed016_tau300,POCOL,500,16,2,465.0794627915334
8XS_N500_POCOL_seed016_tau300,POCOL,500,16,3,1885.3388345114927
8XS_N500_POCOL_seed016_tau300,POCOL,500,16,4,2766.378465215498
8XS_N500_POCOL_seed016_tau300,POCOL,500,16,5,112.92904837741571
8XS_N500_POCOL_seed016_tau300,POCOL,500,16,6,935.9408046258977
8XS_N500_POCOL_seed016_tau300,POCOL,500,16,7,703.8861778562568
8XS_N500_POCOL_seed017_tau300,POCOL,500,17,1,704.8169108885297
8XS_N500_POCOL_seed017_tau300,POCOL,500,17,2,263.30549881282457
8XS_N500_POCOL_seed017_tau300,POCOL,500,17,3,163.58046767100075
8XS_N500_POCOL_seed017_tau300,POCOL,500,17,4,706.7963442497432
8XS_N500_POCOL_seed017_tau300,POCOL,500,17,5,476.03748700859774
8XS_N500_POCOL_seed017_tau300,POCOL,500,17,6,2656.571894522781
8XS_N500_POCOL_seed017_tau300,POCOL,500,17,7,879.4677010609303
8XS_N500_POCOL_seed017_tau300,POCOL,500,17,8,851.879001481102
8XS_N500_POCOL_seed017_tau300,POCOL,500,17,9,1144.766980943842
8XS_N500_POCOL_seed017_tau300,POCOL,500,17,10,201.04784431345252
8XS_N500_POCOL_seed017_tau300,POCOL,500,17,11,37.54060866947839
8XS_N500_POCOL_seed017_tau300,POCOL,500,17,12,572.6745954565667
8XS_N500_POCOL_seed017_tau300,POCOL,500,17,13,889.309689198375
8XS_N500_POCOL_seed017_tau300,POCOL,500,17,14,180.90441269963412
8XS_N500_POCOL_seed018_tau300,POCOL,500,18,1,887.9613024058615
8XS_N500_POCOL_seed018_tau300,POCOL,500,18,2,898.6034234938177
8XS_N500_POCOL_seed018_tau300,POCOL,500,18,3,209.66044522080347
8XS_N500_POCOL_seed018_tau300,POCOL,500,18,4,168.51968623285256
8XS_N500_POCOL_seed018_tau300,POCOL,500,18,5,234.63120770086562
8XS_N500_POCOL_seed018_tau300,POCOL,500,18,6,923.3788694746713
8XS_N500_POCOL_seed018_tau300,POCOL,500,18,7,261.6049705600217
8XS_N500_POCOL_seed018_tau300,POCOL,500,18,8,59.038483947675104
8XS_N500_POCOL_seed018_tau300,POCOL,500,18,9,160.32436081533888
8XS_N500_POCOL_seed018_tau300,POCOL,500,18,10,311.83366553941323
8XS_N500_POCOL_seed018_tau300,POCOL,500,18,11,638.2576991305705
8XS_N500_POCOL_seed018_tau300,POCOL,500,18,12,40.41802388401629
8XS_N500_POCOL_seed018_tau300,POCOL,500,18,13,1069.6426129910024
8XS_N500_POCOL_seed018_tau300,POCOL,500,18,14,71.55761066975447
8XS_N500_POCOL_seed018_tau300,POCOL,500,18,15,53.53766189712587
8XS_N500_POCOL_seed018_tau300,POCOL,500,18,16,235.68174761279442
8XS_N500_POCOL_seed018_tau300,POCOL,500,18,17,1244.238995395026
8XS_N500_POCOL_seed018_tau300,POCOL,500,18,18,202.96619899087182
8XS_N500_POCOL_seed018_tau300,POCOL,500,18,19,446.9024434149578
8XS_N500_POCOL_seed018_tau300,POCOL,500,18,20,473.7443324006272
8XS_N500_POCOL_seed018_tau300,POCOL,500,18,21,862.8811280154987
8XS_N500_POCOL_seed019_tau300,POCOL,500,19,1,2010.2897504948285
8XS_N500_POCOL_seed019_tau300,POCOL,500,19,2,665.1937490833159
8XS_N500_POCOL_seed019_tau300,POCOL,500,19,3,553.3862598381943
8XS_N500_POCOL_seed019_tau300,POCOL,500,19,4,159.01210539299427
8XS_N500_POCOL_seed019_tau300,POCOL,500,19,5,965.5593263416058
8XS_N500_POCOL_seed019_tau300,POCOL,500,19,6,259.33418653643
8XS_N500_POCOL_seed019_tau300,POCOL,500,19,7,704.240264374208
8XS_N500_POCOL_seed019_tau300,POCOL,500,19,8,821.0176200470014
8XS_N500_POCOL_seed019_tau300,POCOL,500,19,9,459.067470647612
8XS_N500_POCOL_seed019_tau300,POCOL,500,19,10,1136.2634879389489
8XS_N500_POCOL_seed019_tau300,POCOL,500,19,11,315.38283439707084
8XS_N500_POCOL_seed019_tau300,POCOL,500,19,12,328.4841815442305
8XS_N500_POCOL_seed019_tau300,POCOL,500,19,13,812.9241912867237
8XS_N500_POCOL_seed019_tau300,POCOL,500,19,14,139.89816048805005
8XS_N500_POCOL_seed020_tau300,POCOL,500,20,1,1959.3907392784931
8XS_N500_POCOL_seed020_tau300,POCOL,500,20,2,330.9435641369587
8XS_N500_POCOL_seed020_tau300,POCOL,500,20,3,757.337059467769
8XS_N500_POCOL_seed020_tau300,POCOL,500,20,4,713.5556893368534
8XS_N500_POCOL_seed020_tau300,POCOL,500,20,5,2112.4581222113584
8XS_N500_POCOL_seed020_tau300,POCOL,500,20,6,897.9441987222444
8XS_N500_POCOL_seed020_tau300,POCOL,500,20,7,1174.7665585664654
8XS_N500_POCOL_seed020_tau300,POCOL,500,20,8,305.80478487926484
8XS_N500_POCOL_seed020_tau300,POCOL,500,20,9,180.26911794797707
8XS_N500_POCOL_seed020_tau300,POCOL,500,20,10,291.4861616089911
8XS_N500_POCOL_seed020_tau300,POCOL,500,20,11,769.5057225403125
8XS_N500_POCOL_seed020_tau300,POCOL,500,20,12,78.73715250263558
8XS_N500_POCOL_seed021_tau300,POCOL,500,21,1,762.3221698625653
8XS_N500_POCOL_seed021_tau300,POCOL,500,21,2,33.06306431211169
8XS_N500_POCOL_seed021_tau300,POCOL,500,21,3,132.18773284509496
8XS_N500_POCOL_seed021_tau300,POCOL,500,21,4,424.9829358438359
8XS_N500_POCOL_seed021_tau300,POCOL,500,21,5,243.22047249539037
8XS_N500_POCOL_seed021_tau300,POCOL,500,21,6,187.85668873586292
8XS_N500_POCOL_seed021_tau300,POCOL,500,21,7,274.9106986485756
8XS_N500_POCOL_seed021_tau300,POCOL,500,21,8,82.78601749645713
8XS_N500_POCOL_seed021_tau300,POCOL,500,21,9,338.62370391588
8XS_N500_POCOL_seed021_tau300,POCOL,500,21,10,273.14403240794627
8XS_N500_POCOL_seed021_tau300,POCOL,500,21,11,725.2455381185187
8XS_N500_POCOL_seed021_tau300,POCOL,500,21,12,568.456706676172
8XS_N500_POCOL_seed021_tau300,POCOL,500,21,13,13.388243631266505
8XS_N500_POCOL_seed021_tau300,POCOL,500,21,14,259.5399104755379
8XS_N500_POCOL_seed021_tau300,POCOL,500,21,15,430.39272618132964
8XS_N500_POCOL_seed021_tau300,POCOL,500,21,16,639.9205268786727
8XS_N500_POCOL_seed021_tau300,POCOL,500,21,17,534.299764583985
8XS_N500_POCOL_seed021_tau300,POCOL,500,21,18,198.14683273546143
8XS_N500_POCOL_seed021_tau300,POCOL,500,21,19,319.3645368795387
8XS_N500_POCOL_seed021_tau300,POCOL,500,21,20,1517.066205910798
8XS_N500_POCOL_seed021_tau300,POCOL,500,21,21,153.91640026193
8XS_N500_POCOL_seed021_tau300,POCOL,500,21,22,584.306295557556
8XS_N500_POCOL_seed021_tau300,POCOL,500,21,23,224.0134121868541
8XS_N500_POCOL_seed022_tau300,POCOL,500,22,1,570.1964812346982
8XS_N500_POCOL_seed022_tau300,POCOL,500,22,2,559.3422144034096
8XS_N500_POCOL_seed022_tau300,POCOL,500,22,3,2125.7706527428527
8XS_N500_POCOL_seed022_tau300,POCOL,500,22,4,103.05296447686896
8XS_N500_POCOL_seed022_tau300,POCOL,500,22,5,920.3534849258681
8XS_N500_POCOL_seed022_tau300,POCOL,500,22,6,696.7220355405407
8XS_N500_POCOL_seed022_tau300,POCOL,500,22,7,410.63139241013687
8XS_N500_POCOL_seed022_tau300,POCOL,500,22,8,97.64150817336395
8XS_N500_POCOL_seed022_tau300,POCOL,500,22,9,456.52583112119464
8XS_N500_POCOL_seed022_tau300,POCOL,500,22,10,350.0466262021082
8XS_N500_POCOL_seed022_tau300,POCOL,500,22,11,297.40862595260114
8XS_N500_POCOL_seed022_tau300,POCOL,500,22,12,475.1437859286534
8XS_N500_POCOL_seed022_tau300,POCOL,500,22,13,506.72512712104253
8XS_N500_POCOL_seed022_tau300,POCOL,500,22,14,33.8062525789901
8XS_N500_POCOL_seed022_tau300,POCOL,500,22,15,113.30969549179645
8XS_N500_POCOL_seed022_tau300,POCOL,500,22,16,1464.9726306986759
8XS_N500_POCOL_seed022_tau300,POCOL,500,22,17,150.16372564148696
8XS_N500_POCOL_seed022_tau300,POCOL,500,22,18,504.6682252533792
8XS_N500_POCOL_seed022_tau300,POCOL,500,22,19,123.44240338218151
8XS_N500_POCOL_seed023_tau300,POCOL,500,23,1,61.006438821614104
8XS_N500_POCOL_seed023_tau300,POCOL,500,23,2,262.50282345548766
8XS_N500_POCOL_seed023_tau300,POCOL,500,23,3,224.64969446921674
8XS_N500_POCOL_seed023_tau300,POCOL,500,23,4,807.4750598581212
8XS_N500_POCOL_seed023_tau300,POCOL,500,23,5,335.63085301082356
8XS_N500_POCOL_seed023_tau300,POCOL,500,23,6,454.0958125873253
8XS_N500_POCOL_seed023_tau300,POCOL,500,23,7,974.3095843359674
8XS_N500_POCOL_seed023_tau300,POCOL,500,23,8,733.5598853618135
8XS_N500_POCOL_seed023_tau300,POCOL,500,23,9,63.30910554498132
8XS_N500_POCOL_seed023_tau300,POCOL,500,23,10,724.370744015443
8XS_N500_POCOL_seed023_tau300,POCOL,500,23,11,76.935984995338
8XS_N500_POCOL_seed023_tau300,POCOL,500,23,12,8.808962124810023
8XS_N500_POCOL_seed023_tau300,POCOL,500,23,13,476.2990604708357
8XS_N500_POCOL_seed023_tau300,POCOL,500,23,14,984.130499848322
8XS_N500_POCOL_seed023_tau300,POCOL,500,23,15,367.3635585106649
8XS_N500_POCOL_seed023_tau300,POCOL,500,23,16,565.6054975224706
8XS_N500_POCOL_seed023_tau300,POCOL,500,23,17,200.49601442981202
8XS_N500_POCOL_seed023_tau300,POCOL,500,23,18,205.8677963767359
8XS_N500_POCOL_seed023_tau300,POCOL,500,23,19,283.6339169583107
8XS_N500_POCOL_seed023_tau300,POCOL,500,23,20,1627.6889960074823
8XS_N500_POCOL_seed023_tau300,POCOL,500,23,21,63.77269824942414
8XS_N500_POCOL_seed023_tau300,POCOL,500,23,22,257.2646850428282
8XS_N500_POCOL_seed023_tau300,POCOL,500,23,23,3.4866818559730746
8XS_N500_POCOL_seed024_tau300,POCOL,500,24,1,30.274722946495675
8XS_N500_POCOL_seed024_tau300,POCOL,500,24,2,2262.834898931724
8XS_N500_POCOL_seed024_tau300,POCOL,500,24,3,183.1672006342019
8XS_N500_POCOL_seed024_tau300,POCOL,500,24,4,117.54996697663819
8XS_N500_POCOL_seed024_tau300,POCOL,500,24,5,1149.3628843420533
8XS_N500_POCOL_seed024_tau300,POCOL,500,24,6,1144.999163471387
8XS_N500_POCOL_seed024_tau300,POCOL,500,24,7,1344.3280439232421
8XS_N500_POCOL_seed024_tau300,POCOL,500,24,8,315.32502183418273
8XS_N500_POCOL_seed024_tau300,POCOL,500,24,9,248.8882613481319
8XS_N500_POCOL_seed024_tau300,POCOL,500,24,10,673.9785666715488
8XS_N500_POCOL_seed024_tau300,POCOL,500,24,11,231.27164350274688
8XS_N500_POCOL_seed024_tau300,POCOL,500,24,12,380.0258457780519
8XS_N500_POCOL_seed024_tau300,POCOL,500,24,13,69.00250236789634
8XS_N500_POCOL_seed024_tau300,POCOL,500,24,14,400.7508899753184
8XS_N500_POCOL_seed024_tau300,POCOL,500,24,15,339.6417792649463
8XS_N500_POCOL_seed024_tau300,POCOL,500,24,16,118.78698185386747
8XS_N500_POCOL_seed024_tau300,POCOL,500,24,17,624.8879691297079
8XS_N500_POCOL_seed024_tau300,POCOL,500,24,18,179.86802241109945
8XS_N500_POCOL_seed024_tau300,POCOL,500,24,19,37.430340280287055
8XS_N500_POCOL_seed024_tau300,POCOL,500,24,20,43.290307537266926
8XS_N500_POCOL_seed024_tau300,POCOL,500,24,21,52.761380110752725
8XS_N500_POCOL_seed025_tau300,POCOL,500,25,1,96.43138661346053
8XS_N500_POCOL_seed025_tau300,POCOL,500,25,2,792.9972552442748
8XS_N500_POCOL_seed025_tau300,POCOL,500,25,3,310.6871899701341
8XS_N500_POCOL_seed025_tau300,POCOL,500,25,4,55.77625148554603
8XS_N500_POCOL_seed025_tau300,POCOL,500,25,5,548.9071964549223
8XS_N500_POCOL_seed025_tau300,POCOL,500,25,6,427.816491461258
8XS_N500_POCOL_seed025_tau300,POCOL,500,25,7,318.0792675477487
8XS_N500_POCOL_seed025_tau300,POCOL,500,25,8,140.73280564839797
8XS_N500_POCOL_seed025_tau300,POCOL,500,25,9,1346.2572369451723
8XS_N500_POCOL_seed025_tau300,POCOL,500,25,10,678.6205591408993
8XS_N500_POCOL_seed025_tau300,POCOL,500,25,11,710.0807368422766
8XS_N500_POCOL_seed025_tau300,POCOL,500,25,12,189.3960927247308
8XS_N500_POCOL_seed025_tau300,POCOL,500,25,13,1050.0902335418305
8XS_N500_POCOL_seed025_tau300,POCOL,500,25,14,293.12963572110584
8XS_N500_POCOL_seed025_tau300,POCOL,500,25,15,1945.5728078847042
8XS_N500_POCOL_seed025_tau300,POCOL,500,25,16,422.73631166562336
8XS_N500_POCOL_seed025_tau300,POCOL,500,25,17,111.86897732775469
8XS_N500_POCOL_seed025_tau300,POCOL,500,25,18,363.1435187043553
8XS_N500_POCOL_seed026_tau300,POCOL,500,26,1,392.532586903432
8XS_N500_POCOL_seed026_tau300,POCOL,500,26,2,37.208087013042245
8XS_N500_POCOL_seed026_tau300,POCOL,500,26,3,234.39666401483152
8XS_N500_POCOL_seed026_tau300,POCOL,500,26,4,359.41778319082255
8XS_N500_POCOL_seed026_tau300,POCOL,500,26,5,1206.025293064402
8XS_N500_POCOL_seed026_tau300,POCOL,500,26,6,509.10647368211403
8XS_N500_POCOL_seed026_tau300,POCOL,500,26,7,112.8124618612319
8XS_N500_POCOL_seed026_tau300,POCOL,500,26,8,16.861171050658868
8XS_N500_POCOL_seed026_tau300,POCOL,500,26,9,99.77773282282033
8XS_N500_POCOL_seed026_tau300,POCOL,500,26,10,279.81744649888014
8XS_N500_POCOL_seed026_tau300,POCOL,500,26,11,166.04698803268002
8XS_N500_POCOL_seed026_tau300,POCOL,500,26,12,160.53807578700116
8XS_N500_POCOL_seed026_tau300,POCOL,500,26,13,172.02192188083518
8XS_N500_POCOL_seed026_tau300,POCOL,500,26,14,410.85096803374563
8XS_N500_POCOL_seed026_tau300,POCOL,500,26,15,471.12197098469915
8XS_N500_POCOL_seed026_tau300,POCOL,500,26,16,316.2945868670722
8XS_N500_POCOL_seed026_tau300,POCOL,500,26,17,1444.7967450286533
8XS_N500_POCOL_seed026_tau300,POCOL,500,26,18,1251.4605241631853
8XS_N500_POCOL_seed027_tau300,POCOL,500,27,1,221.18399252507598
8XS_N500_POCOL_seed027_tau300,POCOL,500,27,2,320.51309254739647
8XS_N500_POCOL_seed027_tau300,POCOL,500,27,3,203.42632977190874
8XS_N500_POCOL_seed027_tau300,POCOL,500,27,4,120.27361282376705
8XS_N500_POCOL_seed027_tau300,POCOL,500,27,5,139.27881449345887
8XS_N500_POCOL_seed027_tau300,POCOL,500,27,6,1539.5197539944145
8XS_N500_POCOL_seed027_tau300,POCOL,500,27,7,544.0406482599492
8XS_N500_POCOL_seed027_tau300,POCOL,500,27,8,305.5577437886368
8XS_N500_POCOL_seed027_tau300,POCOL,500,27,9,766.2877205718705
8XS_N500_POCOL_seed027_tau300,POCOL,500,27,10,930.7798100360615
8XS_N500_POCOL_seed027_tau300,POCOL,500,27,11,8.516769014928286
8XS_N500_POCOL_seed027_tau300,POCOL,500,27,12,679.5627424571767
8XS_N500_POCOL_seed027_tau300,POCOL,500,27,13,1701.5293146644617
8XS_N500_POCOL_seed027_tau300,POCOL,500,27,14,547.2548851935835
8XS_N500_POCOL_seed027_tau300,POCOL,500,27,15,202.22951404431205
8XS_N500_POCOL_seed027_tau300,POCOL,500,27,16,844.5339174017572
8XS_N500_POCOL_seed028_tau300,POCOL,500,28,1,1016.8709058590402
8XS_N500_POCOL_seed028_tau300,POCOL,500,28,2,251.82529617761475
8XS_N500_POCOL_seed028_tau300,POCOL,500,28,3,72.2571126857215
8XS_N500_POCOL_seed028_tau300,POCOL,500,28,4,399.9315009110419
8XS_N500_POCOL_seed028_tau300,POCOL,500,28,5,4.669637405061849
8XS_N500_POCOL_seed028_tau300,POCOL,500,28,6,549.4057157387554
8XS_N500_POCOL_seed028_tau300,POCOL,500,28,7,1158.0754213086657
8XS_N500_POCOL_seed028_tau300,POCOL,500,28,8,361.2899868039717
8XS_N500_POCOL_seed028_tau300,POCOL,500,28,9,3037.8763881146956
8XS_N500_POCOL_seed028_tau300,POCOL,500,28,10,355.31781769608733
8XS_N500_POCOL_seed028_tau300,POCOL,500,28,11,250.60111745896756
8XS_N500_POCOL_seed028_tau300,POCOL,500,28,12,627.8197015965025
8XS_N500_POCOL_seed028_tau300,POCOL,500,28,13,1013.9736457651898
8XS_N500_POCOL_seed028_tau300,POCOL,500,28,14,435.4450821230712
8XS_N500_POCOL_seed029_tau300,POCOL,500,29,1,1025.2361294552002
8XS_N500_POCOL_seed029_tau300,POCOL,500,29,2,71.55210402890998
8XS_N500_POCOL_seed029_tau300,POCOL,500,29,3,558.6055074696974
8XS_N500_POCOL_seed029_tau300,POCOL,500,29,4,735.8392946374524
8XS_N500_POCOL_seed029_tau300,POCOL,500,29,5,92.76454773617115
8XS_N500_POCOL_seed029_tau300,POCOL,500,29,6,168.9793100850925
8XS_N500_POCOL_seed029_tau300,POCOL,500,29,7,241.7190503816737
8XS_N500_POCOL_seed029_tau300,POCOL,500,29,8,171.18421645595208
8XS_N500_POCOL_seed029_tau300,POCOL,500,29,9,133.29482992581052
8XS_N500_POCOL_seed029_tau300,POCOL,500,29,10,296.2687515700263
8XS_N500_POCOL_seed029_tau300,POCOL,500,29,11,78.95012765398633
8XS_N500_POCOL_seed029_tau300,POCOL,500,29,12,122.22628837159664
8XS_N500_POCOL_seed029_tau300,POCOL,500,29,13,197.8431992081105
8XS_N500_POCOL_seed029_tau300,POCOL,500,29,14,1645.427528219443
8XS_N500_POCOL_seed029_tau300,POCOL,500,29,15,2952.8059294676614
8XS_N500_POCOL_seed029_tau300,POCOL,500,29,16,85.5874859941614
8XS_N500_POCOL_seed029_tau300,POCOL,500,29,17,901.8925162027317
8XS_N500_POCOL_seed029_tau300,POCOL,500,29,18,30.49256977499863
8XS_N500_POCOL_seed030_tau300,POCOL,500,30,1,314.13790311004396
8XS_N500_POCOL_seed030_tau300,POCOL,500,30,2,763.1554322971729
8XS_N500_POCOL_seed030_tau300,POCOL,500,30,3,2899.527133719066
8XS_N500_POCOL_seed030_tau300,POCOL,500,30,4,356.87971281662703
8XS_N500_POCOL_seed030_tau300,POCOL,500,30,5,457.2123423905123
8XS_N500_POCOL_seed030_tau300,POCOL,500,30,6,298.28884444115556
8XS_N500_POCOL_seed030_tau300,POCOL,500,30,7,682.6223124863627
8XS_N500_POCOL_seed030_tau300,POCOL,500,30,8,117.6454657680988
8XS_N500_POCOL_seed030_tau300,POCOL,500,30,9,126.45176524416456
8XS_N500_POCOL_seed030_tau300,POCOL,500,30,10,804.0896539878968
8XS_N500_POCOL_seed030_tau300,POCOL,500,30,11,42.270657022952946
8XS_N500_POCOL_seed030_tau300,POCOL,500,30,12,509.2923891778837
8XS_N500_POCOL_seed030_tau300,POCOL,500,30,13,160.7512840695299
8XS_N500_POCOL_seed030_tau300,POCOL,500,30,14,193.59778551827276
8XS_N500_POCOL_seed030_tau300,POCOL,500,30,15,563.327412272366
8XS_N500_POCOL_seed030_tau300,POCOL,500,30,16,675.9946648437781
8XS_N100_POCOL_seed001_tau60,POCOL,100,1,1,67.60416037091527
8XS_N100_POCOL_seed001_tau60,POCOL,100,1,2,75.06574393189145
8XS_N100_POCOL_seed001_tau60,POCOL,100,1,3,230.27062967078504
8XS_N100_POCOL_seed001_tau60,POCOL,100,1,4,1715.890525904863
8XS_N100_POCOL_seed001_tau60,POCOL,100,1,5,245.40614130197582
8XS_N100_POCOL_seed001_tau60,POCOL,100,1,6,1586.220051905193
8XS_N100_POCOL_seed001_tau60,POCOL,100,1,7,1338.1233138263747
8XS_N100_POCOL_seed001_tau60,POCOL,100,1,8,154.91781833279856
8XS_N100_POCOL_seed001_tau60,POCOL,100,1,9,613.3299552518065
8XS_N100_POCOL_seed001_tau60,POCOL,100,1,10,9.333346531624557
8XS_N100_POCOL_seed001_tau60,POCOL,100,1,11,1150.9947305499581
8XS_N100_POCOL_seed001_tau60,POCOL,100,1,12,398.4433787934313
8XS_N100_POCOL_seed001_tau60,POCOL,100,1,13,240.60496769824385
8XS_N100_POCOL_seed001_tau60,POCOL,100,1,14,714.0725493707077
8XS_N100_POCOL_seed001_tau60,POCOL,100,1,15,52.86122321042603
8XS_N100_POCOL_seed001_tau60,POCOL,100,1,16,953.2019011550601
8XS_N100_POCOL_seed002_tau60,POCOL,100,2,1,170.59583292058434
8XS_N100_POCOL_seed002_tau60,POCOL,100,2,2,359.4872536180808
8XS_N100_POCOL_seed002_tau60,POCOL,100,2,3,132.57273184592043
8XS_N100_POCOL_seed002_tau60,POCOL,100,2,4,409.30114344296896
8XS_N100_POCOL_seed002_tau60,POCOL,100,2,5,461.99877547257324
8XS_N100_POCOL_seed002_tau60,POCOL,100,2,6,1446.3693189460894
8XS_N100_POCOL_seed002_tau60,POCOL,100,2,7,49.623881460522625
8XS_N100_POCOL_seed002_tau60,POCOL,100,2,8,7.982741723457366
8XS_N100_POCOL_seed002_tau60,POCOL,100,2,9,1361.198301551853
8XS_N100_POCOL_seed002_tau60,POCOL,100,2,10,971.848999601064
8XS_N100_POCOL_seed002_tau60,POCOL,100,2,11,175.98125106367115
8XS_N100_POCOL_seed002_tau60,POCOL,100,2,12,329.5843340663805
8XS_N100_POCOL_seed002_tau60,POCOL,100,2,13,882.6465705979799
8XS_N100_POCOL_seed002_tau60,POCOL,100,2,14,53.692943694425594
8XS_N100_POCOL_seed002_tau60,POCOL,100,2,15,40.46704785986731
8XS_N100_POCOL_seed002_tau60,POCOL,100,2,16,64.80586129001222
8XS_N100_POCOL_seed002_tau60,POCOL,100,2,17,115.36318698047307
8XS_N100_POCOL_seed002_tau60,POCOL,100,2,18,2433.1152285396165
8XS_N100_POCOL_seed002_tau60,POCOL,100,2,19,49.93171558823087
8XS_N100_POCOL_seed002_tau60,POCOL,100,2,20,385.70296446840985
8XS_N100_POCOL_seed003_tau60,POCOL,100,3,1,738.9049363620563
8XS_N100_POCOL_seed003_tau60,POCOL,100,3,2,651.7943527040302
8XS_N100_POCOL_seed003_tau60,POCOL,100,3,3,1025.2087055567515
8XS_N100_POCOL_seed003_tau60,POCOL,100,3,4,179.42297156798895
8XS_N100_POCOL_seed003_tau60,POCOL,100,3,5,663.379211749158
8XS_N100_POCOL_seed003_tau60,POCOL,100,3,6,63.04414619176623
8XS_N100_POCOL_seed003_tau60,POCOL,100,3,7,236.27476941338864
8XS_N100_POCOL_seed003_tau60,POCOL,100,3,8,210.81534360235264
8XS_N100_POCOL_seed003_tau60,POCOL,100,3,9,7.603088454501176
8XS_N100_POCOL_seed003_tau60,POCOL,100,3,10,117.6178417792803
8XS_N100_POCOL_seed003_tau60,POCOL,100,3,11,928.6243880140319
8XS_N100_POCOL_seed003_tau60,POCOL,100,3,12,1235.7674823766383
8XS_N100_POCOL_seed003_tau60,POCOL,100,3,13,657.0634884468027
8XS_N100_POCOL_seed003_tau60,POCOL,100,3,14,141.3744583125026
8XS_N100_POCOL_seed003_tau60,POCOL,100,3,15,1052.4522737264697
8XS_N100_POCOL_seed003_tau60,POCOL,100,3,16,256.99292760776734
8XS_N100_POCOL_seed003_tau60,POCOL,100,3,17,1735.124088985419
8XS_N100_POCOL_seed004_tau60,POCOL,100,4,1,380.31606002840385
8XS_N100_POCOL_seed004_tau60,POCOL,100,4,2,951.4532174347557
8XS_N100_POCOL_seed004_tau60,POCOL,100,4,3,240.98978699203508
8XS_N100_POCOL_seed004_tau60,POCOL,100,4,4,1379.1755436042658
8XS_N100_POCOL_seed004_tau60,POCOL,100,4,5,305.83468353973467
8XS_N100_POCOL_seed004_tau60,POCOL,100,4,6,134.9145444041128
8XS_N100_POCOL_seed004_tau60,POCOL,100,4,7,760.826889215431
8XS_N100_POCOL_seed004_tau60,POCOL,100,4,8,1309.4409797860226
8XS_N100_POCOL_seed004_tau60,POCOL,100,4,9,110.4506245642433
8XS_N100_POCOL_seed004_tau60,POCOL,100,4,10,1189.6711383902502
8XS_N100_POCOL_seed004_tau60,POCOL,100,4,11,1457.7528447039676
8XS_N100_POCOL_seed004_tau60,POCOL,100,4,12,391.6516882830838
8XS_N100_POCOL_seed004_tau60,POCOL,100,4,13,79.95034007560571
8XS_N100_POCOL_seed004_tau60,POCOL,100,4,14,25.710262904756746
8XS_N100_POCOL_seed004_tau60,POCOL,100,4,15,346.02613293221657
8XS_N100_POCOL_seed004_tau60,POCOL,100,4,16,758.3953346201852
8XS_N100_POCOL_seed005_tau60,POCOL,100,5,1,367.43563966832846
8XS_N100_POCOL_seed005_tau60,POCOL,100,5,2,1295.2776312324809
8XS_N100_POCOL_seed005_tau60,POCOL,100,5,3,1213.1034902730598
8XS_N100_POCOL_seed005_tau60,POCOL,100,5,4,680.4122405594321
8XS_N100_POCOL_seed005_tau60,POCOL,100,5,5,111.5988384724551
8XS_N100_POCOL_seed005_tau60,POCOL,100,5,6,1522.0738676995384
8XS_N100_POCOL_seed005_tau60,POCOL,100,5,7,295.6921383745339
8XS_N100_POCOL_seed005_tau60,POCOL,100,5,8,167.44392834968403
8XS_N100_POCOL_seed005_tau60,POCOL,100,5,9,223.85878590396533
8XS_N100_POCOL_seed005_tau60,POCOL,100,5,10,191.8333744676611
8XS_N100_POCOL_seed005_tau60,POCOL,100,5,11,468.97598470692174
8XS_N100_POCOL_seed005_tau60,POCOL,100,5,12,76.71242576483564
8XS_N100_POCOL_seed005_tau60,POCOL,100,5,13,506.0999561125891
8XS_N100_POCOL_seed005_tau60,POCOL,100,5,14,262.1077300919678
8XS_N100_POCOL_seed005_tau60,POCOL,100,5,15,333.8497431764372
8XS_N100_POCOL_seed005_tau60,POCOL,100,5,16,317.6803949025625
8XS_N100_POCOL_seed005_tau60,POCOL,100,5,17,1101.0806068177835
8XS_N100_POCOL_seed005_tau60,POCOL,100,5,18,510.02604392109606
8XS_N100_POCOL_seed006_tau60,POCOL,100,6,1,479.3640876966876
8XS_N100_POCOL_seed006_tau60,POCOL,100,6,2,326.7254858129558
8XS_N100_POCOL_seed006_tau60,POCOL,100,6,3,383.8864940901211
8XS_N100_POCOL_seed006_tau60,POCOL,100,6,4,391.56934669574343
8XS_N100_POCOL_seed006_tau60,POCOL,100,6,5,1684.2644414829663
8XS_N100_POCOL_seed006_tau60,POCOL,100,6,6,576.2683828873883
8XS_N100_POCOL_seed006_tau60,POCOL,100,6,7,143.946054866512
8XS_N100_POCOL_seed006_tau60,POCOL,100,6,8,840.6845777109834
8XS_N100_POCOL_seed006_tau60,POCOL,100,6,9,137.29577971856452
8XS_N100_POCOL_seed006_tau60,POCOL,100,6,10,363.47358584344147
8XS_N100_POCOL_seed006_tau60,POCOL,100,6,11,254.05810115806707
8XS_N100_POCOL_seed006_tau60,POCOL,100,6,12,246.2497214229752
8XS_N100_POCOL_seed006_tau60,POCOL,100,6,13,174.23028944333237
8XS_N100_POCOL_seed006_tau60,POCOL,100,6,14,712.5400511661737
8XS_N100_POCOL_seed006_tau60,POCOL,100,6,15,212.81006654398425
8XS_N100_POCOL_seed006_tau60,POCOL,100,6,16,1806.2626704056975
8XS_N100_POCOL_seed006_tau60,POCOL,100,6,17,1148.058710346102
8XS_N100_POCOL_seed007_tau60,POCOL,100,7,1,1928.2304669710702
8XS_N100_POCOL_seed007_tau60,POCOL,100,7,2,87.63019749380305
8XS_N100_POCOL_seed007_tau60,POCOL,100,7,3,26.11030825292528
8XS_N100_POCOL_seed007_tau60,POCOL,100,7,4,442.7100847797917
8XS_N100_POCOL_seed007_tau60,POCOL,100,7,5,219.2677867968323
8XS_N100_POCOL_seed007_tau60,POCOL,100,7,6,261.7770223230582
8XS_N100_POCOL_seed007_tau60,POCOL,100,7,7,332.43786044006356
8XS_N100_POCOL_seed007_tau60,POCOL,100,7,8,439.42811559783877
8XS_N100_POCOL_seed007_tau60,POCOL,100,7,9,74.14449694958194
8XS_N100_POCOL_seed007_tau60,POCOL,100,7,10,96.3343685167174
8XS_N100_POCOL_seed007_tau60,POCOL,100,7,11,409.3573839410483
8XS_N100_POCOL_seed007_tau60,POCOL,100,7,12,179.04284122985337
8XS_N100_POCOL_seed007_tau60,POCOL,100,7,13,121.72391574522317
8XS_N100_POCOL_seed007_tau60,POCOL,100,7,14,270.730151059508
8XS_N100_POCOL_seed007_tau60,POCOL,100,7,15,77.69377720030116
8XS_N100_POCOL_seed007_tau60,POCOL,100,7,16,362.48174407929946
8XS_N100_POCOL_seed007_tau60,POCOL,100,7,17,290.075470073848
8XS_N100_POCOL_seed007_tau60,POCOL,100,7,18,40.83972437730881
8XS_N100_POCOL_seed007_tau60,POCOL,100,7,19,456.5654876714825
8XS_N100_POCOL_seed007_tau60,POCOL,100,7,20,944.5127342213045
8XS_N100_POCOL_seed007_tau60,POCOL,100,7,21,792.4621063880459
8XS_N100_POCOL_seed007_tau60,POCOL,100,7,22,48.07473404081247
8XS_N100_POCOL_seed007_tau60,POCOL,100,7,23,958.2235402512888
8XS_N100_POCOL_seed007_tau60,POCOL,100,7,24,531.400480805889
8XS_N100_POCOL_seed008_tau60,POCOL,100,8,1,45.59454742072464
8XS_N100_POCOL_seed008_tau60,POCOL,100,8,2,1041.7068062327226
8XS_N100_POCOL_seed008_tau60,POCOL,100,8,3,60.737519587086126
8XS_N100_POCOL_seed008_tau60,POCOL,100,8,4,58.39851369070129
8XS_N100_POCOL_seed008_tau60,POCOL,100,8,5,310.63488493994987
8XS_N100_POCOL_seed008_tau60,POCOL,100,8,6,765.0656100276838
8XS_N100_POCOL_seed008_tau60,POCOL,100,8,7,587.3303403123191
8XS_N100_POCOL_seed008_tau60,POCOL,100,8,8,1038.2141411897824
8XS_N100_POCOL_seed008_tau60,POCOL,100,8,9,437.68778004979595
8XS_N100_POCOL_seed008_tau60,POCOL,100,8,10,120.41409336928791
8XS_N100_POCOL_seed008_tau60,POCOL,100,8,11,709.8583268250704
8XS_N100_POCOL_seed008_tau60,POCOL,100,8,12,483.12557828231456
8XS_N100_POCOL_seed008_tau60,POCOL,100,8,13,853.8918576758879
8XS_N100_POCOL_seed008_tau60,POCOL,100,8,14,851.1729125396369
8XS_N100_POCOL_seed008_tau60,POCOL,100,8,15,1462.1778686570615
8XS_N100_POCOL_seed009_tau60,POCOL,100,9,1,572.1597896289024
8XS_N100_POCOL_seed009_tau60,POCOL,100,9,2,514.5648249444698
8XS_N100_POCOL_seed009_tau60,POCOL,100,9,3,341.074459289498
8XS_N100_POCOL_seed009_tau60,POCOL,100,9,4,769.8506636675118
8XS_N100_POCOL_seed009_tau60,POCOL,100,9,5,1209.4588981803267
8XS_N100_POCOL_seed009_tau60,POCOL,100,9,6,311.09797960135575
8XS_N100_POCOL_seed009_tau60,POCOL,100,9,7,21.61669732509108
8XS_N100_POCOL_seed009_tau60,POCOL,100,9,8,1879.0031510903095
8XS_N100_POCOL_seed009_tau60,POCOL,100,9,9,160.839071963449
8XS_N100_POCOL_seed009_tau60,POCOL,100,9,10,936.879689487846
8XS_N100_POCOL_seed009_tau60,POCOL,100,9,11,398.45953439901314
8XS_N100_POCOL_seed009_tau60,POCOL,100,9,12,502.9845754441003
8XS_N100_POCOL_seed009_tau60,POCOL,100,9,13,1894.029330797015
8XS_N100_POCOL_seed009_tau60,POCOL,100,9,14,354.0483593169847
8XS_N100_POCOL_seed010_tau60,POCOL,100,10,1,646.4443178930927
8XS_N100_POCOL_seed010_tau60,POCOL,100,10,2,362.4067049172629
8XS_N100_POCOL_seed010_tau60,POCOL,100,10,3,692.3819875290675
8XS_N100_POCOL_seed010_tau60,POCOL,100,10,4,922.0327870303397
8XS_N100_POCOL_seed010_tau60,POCOL,100,10,5,255.47679180084424
8XS_N100_POCOL_seed010_tau60,POCOL,100,10,6,250.25612680124414
8XS_N100_POCOL_seed010_tau60,POCOL,100,10,7,261.8737392041944
8XS_N100_POCOL_seed010_tau60,POCOL,100,10,8,286.52081008549203
8XS_N100_POCOL_seed010_tau60,POCOL,100,10,9,800.3637282552972
8XS_N100_POCOL_seed010_tau60,POCOL,100,10,10,1514.9521180552993
8XS_N100_POCOL_seed010_tau60,POCOL,100,10,11,592.1861043256777
8XS_N100_POCOL_seed010_tau60,POCOL,100,10,12,28.124415710182802
8XS_N100_POCOL_seed010_tau60,POCOL,100,10,13,222.82781601306215
8XS_N100_POCOL_seed010_tau60,POCOL,100,10,14,114.2952326172308
8XS_N100_POCOL_seed010_tau60,POCOL,100,10,15,1355.0098289265452
8XS_N100_POCOL_seed010_tau60,POCOL,100,10,16,444.51846062093136
8XS_N100_POCOL_seed010_tau60,POCOL,100,10,17,626.0699093542626
8XS_N100_POCOL_seed010_tau60,POCOL,100,10,18,262.4030158409005
8XS_N100_POCOL_seed010_tau60,POCOL,100,10,19,43.90398514213666
8XS_N100_POCOL_seed011_tau60,POCOL,100,11,1,230.0079438079586
8XS_N100_POCOL_seed011_tau60,POCOL,100,11,2,411.5327592500054
8XS_N100_POCOL_seed011_tau60,POCOL,100,11,3,124.40019843436016
8XS_N100_POCOL_seed011_tau60,POCOL,100,11,4,588.2831559315284
8XS_N100_POCOL_seed011_tau60,POCOL,100,11,5,41.758026702841335
8XS_N100_POCOL_seed011_tau60,POCOL,100,11,6,102.63406395312859
8XS_N100_POCOL_seed011_tau60,POCOL,100,11,7,844.2042071365465
8XS_N100_POCOL_seed011_tau60,POCOL,100,11,8,119.38010277458534
8XS_N100_POCOL_seed011_tau60,POCOL,100,11,9,1248.944779843137
8XS_N100_POCOL_seed011_tau60,POCOL,100,11,10,249.3685513470532
8XS_N100_POCOL_seed011_tau60,POCOL,100,11,11,377.5651522374519
8XS_N100_POCOL_seed011_tau60,POCOL,100,11,12,1442.9431049749655
8XS_N100_POCOL_seed011_tau60,POCOL,100,11,13,1154.2747127533485
8XS_N100_POCOL_seed011_tau60,POCOL,100,11,14,625.0549695345562
8XS_N100_POCOL_seed011_tau60,POCOL,100,11,15,397.5405362660158
8XS_N100_POCOL_seed011_tau60,POCOL,100,11,16,699.6338419673848
8XS_N100_POCOL_seed011_tau60,POCOL,100,11,17,31.712039443154936
8XS_N100_POCOL_seed011_tau60,POCOL,100,11,18,892.2616435300424
8XS_N100_POCOL_seed011_tau60,POCOL,100,11,19,68.76677658890549
8XS_N100_POCOL_seed012_tau60,POCOL,100,12,1,1129.9229389714249
8XS_N100_POCOL_seed012_tau60,POCOL,100,12,2,78.42944498388715
8XS_N100_POCOL_seed012_tau60,POCOL,100,12,3,976.7559874042156
8XS_N100_POCOL_seed012_tau60,POCOL,100,12,4,213.08072094024783
8XS_N100_POCOL_seed012_tau60,POCOL,100,12,5,205.85475805082888
8XS_N100_POCOL_seed012_tau60,POCOL,100,12,6,2.5631317478205347
8XS_N100_POCOL_seed012_tau60,POCOL,100,12,7,156.48469166656287
8XS_N100_POCOL_seed012_tau60,POCOL,100,12,8,169.88011091414182
8XS_N100_POCOL_seed012_tau60,POCOL,100,12,9,936.5120803791706
8XS_N100_POCOL_seed012_tau60,POCOL,100,12,10,209.53966724560996
8XS_N100_POCOL_seed012_tau60,POCOL,100,12,11,726.5397562971052
8XS_N100_POCOL_seed012_tau60,POCOL,100,12,12,409.5590194025899
8XS_N100_POCOL_seed012_tau60,POCOL,100,12,13,36.691578526677404
8XS_N100_POCOL_seed012_tau60,POCOL,100,12,14,2125.2197021652064
8XS_N100_POCOL_seed012_tau60,POCOL,100,12,15,209.80717061953874
8XS_N100_POCOL_seed012_tau60,POCOL,100,12,16,669.6469727968652
8XS_N100_POCOL_seed012_tau60,POCOL,100,12,17,1093.1426370538593
8XS_N100_POCOL_seed012_tau60,POCOL,100,12,18,44.17462939120378
8XS_N100_POCOL_seed012_tau60,POCOL,100,12,19,86.325592015457
8XS_N100_POCOL_seed012_tau60,POCOL,100,12,20,194.3852603925916
8XS_N100_POCOL_seed013_tau60,POCOL,100,13,1,536.5355221460698
8XS_N100_POCOL_seed013_tau60,POCOL,100,13,2,665.0913370390697
8XS_N100_POCOL_seed013_tau60,POCOL,100,13,3,1.2842885777970423
8XS_N100_POCOL_seed013_tau60,POCOL,100,13,4,451.19901192203406
8XS_N100_POCOL_seed013_tau60,POCOL,100,13,5,129.39541322172636
8XS_N100_POCOL_seed013_tau60,POCOL,100,13,6,40.90610936677467
8XS_N100_POCOL_seed013_tau60,POCOL,100,13,7,2.0874041207937353
8XS_N100_POCOL_seed013_tau60,POCOL,100,13,8,54.93328196345965
8XS_N100_POCOL_seed013_tau60,POCOL,100,13,9,249.0888683801063
8XS_N100_POCOL_seed013_tau60,POCOL,100,13,10,224.28159613456728
8XS_N100_POCOL_seed013_tau60,POCOL,100,13,11,442.9092127145077
8XS_N100_POCOL_seed013_tau60,POCOL,100,13,12,12.558194907308462
8XS_N100_POCOL_seed013_tau60,POCOL,100,13,13,264.4821040380011
8XS_N100_POCOL_seed013_tau60,POCOL,100,13,14,470.75687064904287
8XS_N100_POCOL_seed013_tau60,POCOL,100,13,15,97.2060012618972
8XS_N100_POCOL_seed013_tau60,POCOL,100,13,16,2264.1811589617005
8XS_N100_POCOL_seed013_tau60,POCOL,100,13,17,987.4225524174826
8XS_N100_POCOL_seed013_tau60,POCOL,100,13,18,1281.838794141563
8XS_N100_POCOL_seed013_tau60,POCOL,100,13,19,629.9636175303858
8XS_N100_POCOL_seed013_tau60,POCOL,100,13,20,288.1464887619368
8XS_N100_POCOL_seed013_tau60,POCOL,100,13,21,267.3544752651924
8XS_N100_POCOL_seed014_tau60,POCOL,100,14,1,110.9122406133979
8XS_N100_POCOL_seed014_tau60,POCOL,100,14,2,709.1410515334882
8XS_N100_POCOL_seed014_tau60,POCOL,100,14,3,742.0218953156408
8XS_N100_POCOL_seed014_tau60,POCOL,100,14,4,270.49779932108663
8XS_N100_POCOL_seed014_tau60,POCOL,100,14,5,156.36274874968467
8XS_N100_POCOL_seed014_tau60,POCOL,100,14,6,57.4038198103583
8XS_N100_POCOL_seed014_tau60,POCOL,100,14,7,126.35454941514786
8XS_N100_POCOL_seed014_tau60,POCOL,100,14,8,276.7427755548579
8XS_N100_POCOL_seed014_tau60,POCOL,100,14,9,309.5850279232982
8XS_N100_POCOL_seed014_tau60,POCOL,100,14,10,34.85442322340077
8XS_N100_POCOL_seed014_tau60,POCOL,100,14,11,335.8083924111411
8XS_N100_POCOL_seed014_tau60,POCOL,100,14,12,29.987201558868946
8XS_N100_POCOL_seed014_tau60,POCOL,100,14,13,1360.5823567235325
8XS_N100_POCOL_seed014_tau60,POCOL,100,14,14,347.736431144599
8XS_N100_POCOL_seed014_tau60,POCOL,100,14,15,592.4213851837658
8XS_N100_POCOL_seed014_tau60,POCOL,100,14,16,1695.8528949132933
8XS_N100_POCOL_seed014_tau60,POCOL,100,14,17,524.0605849746571
8XS_N100_POCOL_seed014_tau60,POCOL,100,14,18,65.25266965287665
8XS_N100_POCOL_seed014_tau60,POCOL,100,14,19,771.9809608392588
8XS_N100_POCOL_seed015_tau60,POCOL,100,15,1,6.713211837995363
8XS_N100_POCOL_seed015_tau60,POCOL,100,15,2,407.8154231407931
8XS_N100_POCOL_seed015_tau60,POCOL,100,15,3,1359.5846831641672
8XS_N100_POCOL_seed015_tau60,POCOL,100,15,4,574.6204628368371
8XS_N100_POCOL_seed015_tau60,POCOL,100,15,5,317.3214718180461
8XS_N100_POCOL_seed015_tau60,POCOL,100,15,6,956.5022649351636
8XS_N100_POCOL_seed015_tau60,POCOL,100,15,7,380.423603165088
8XS_N100_POCOL_seed015_tau60,POCOL,100,15,8,10.928691476825861
8XS_N100_POCOL_seed015_tau60,POCOL,100,15,9,108.75592701014739
8XS_N100_POCOL_seed015_tau60,POCOL,100,15,10,1142.9667485983637
8XS_N100_POCOL_seed015_tau60,POCOL,100,15,11,683.6723283808342
8XS_N100_POCOL_seed015_tau60,POCOL,100,15,12,200.80340573343528
8XS_N100_POCOL_seed015_tau60,POCOL,100,15,13,1459.5586014016526
8XS_N100_POCOL_seed015_tau60,POCOL,100,15,14,127.53862124831358
8XS_N100_POCOL_seed015_tau60,POCOL,100,15,15,841.0641742475063
8XS_N100_POCOL_seed015_tau60,POCOL,100,15,16,1360.9388254884707
8XS_N100_POCOL_seed016_tau60,POCOL,100,16,1,1625.3486644557452
8XS_N100_POCOL_seed016_tau60,POCOL,100,16,2,256.87413208195403
8XS_N100_POCOL_seed016_tau60,POCOL,100,16,3,936.3589226733734
8XS_N100_POCOL_seed016_tau60,POCOL,100,16,4,179.63544308568407
8XS_N100_POCOL_seed016_tau60,POCOL,100,16,5,1800.912043561399
8XS_N100_POCOL_seed016_tau60,POCOL,100,16,6,104.71214399341352
8XS_N100_POCOL_seed016_tau60,POCOL,100,16,7,1156.2459434606435
8XS_N100_POCOL_seed016_tau60,POCOL,100,16,8,479.9176303700342
8XS_N100_POCOL_seed016_tau60,POCOL,100,16,9,270.96465107465065
8XS_N100_POCOL_seed016_tau60,POCOL,100,16,10,1273.6324300841634
8XS_N100_POCOL_seed016_tau60,POCOL,100,16,11,68.17142376654283
8XS_N100_POCOL_seed016_tau60,POCOL,100,16,12,307.6506723974662
8XS_N100_POCOL_seed016_tau60,POCOL,100,16,13,109.81876235376512
8XS_N100_POCOL_seed016_tau60,POCOL,100,16,14,109.83991521549797
8XS_N100_POCOL_seed016_tau60,POCOL,100,16,15,726.3371846644914
8XS_N100_POCOL_seed016_tau60,POCOL,100,16,16,67.66313839748364
8XS_N100_POCOL_seed017_tau60,POCOL,100,17,1,1178.07747994709
8XS_N100_POCOL_seed017_tau60,POCOL,100,17,2,366.8533033070355
8XS_N100_POCOL_seed017_tau60,POCOL,100,17,3,1045.8521891067232
8XS_N100_POCOL_seed017_tau60,POCOL,100,17,4,1344.0874959358416
8XS_N100_POCOL_seed017_tau60,POCOL,100,17,5,207.25438328663176
8XS_N100_POCOL_seed017_tau60,POCOL,100,17,6,21.50218116029282
8XS_N100_POCOL_seed017_tau60,POCOL,100,17,7,437.9262620712134
8XS_N100_POCOL_seed017_tau60,POCOL,100,17,8,1530.7581056161052
8XS_N100_POCOL_seed017_tau60,POCOL,100,17,9,28.13535912842417
8XS_N100_POCOL_seed017_tau60,POCOL,100,17,10,207.29291477283186
8XS_N100_POCOL_seed017_tau60,POCOL,100,17,11,214.32521133572754
8XS_N100_POCOL_seed017_tau60,POCOL,100,17,12,848.431836113763
8XS_N100_POCOL_seed017_tau60,POCOL,100,17,13,2019.683395305733
8XS_N100_POCOL_seed017_tau60,POCOL,100,17,14,169.0361754898695
8XS_N100_POCOL_seed018_tau60,POCOL,100,18,1,331.61630607185606
8XS_N100_POCOL_seed018_tau60,POCOL,100,18,2,52.694604001482276
8XS_N100_POCOL_seed018_tau60,POCOL,100,18,3,42.09434332908978
8XS_N100_POCOL_seed018_tau60,POCOL,100,18,4,58.961151024342485
8XS_N100_POCOL_seed018_tau60,POCOL,100,18,5,192.84320395554857
8XS_N100_POCOL_seed018_tau60,POCOL,100,18,6,439.34987359527963
8XS_N100_POCOL_seed018_tau60,POCOL,100,18,7,13.887493159323185
8XS_N100_POCOL_seed018_tau60,POCOL,100,18,8,230.07631812049044
8XS_N100_POCOL_seed018_tau60,POCOL,100,18,9,445.6511315427349
8XS_N100_POCOL_seed018_tau60,POCOL,100,18,10,668.5686188976006
8XS_N100_POCOL_seed018_tau60,POCOL,100,18,11,245.51029970500622
8XS_N100_POCOL_seed018_tau60,POCOL,100,18,12,235.04708820865608
8XS_N100_POCOL_seed018_tau60,POCOL,100,18,13,679.056859478821
8XS_N100_POCOL_seed018_tau60,POCOL,100,18,14,2193.6016800977695
8XS_N100_POCOL_seed018_tau60,POCOL,100,18,15,5.063096280769059
8XS_N100_POCOL_seed018_tau60,POCOL,100,18,16,1003.2078159577804
8XS_N100_POCOL_seed018_tau60,POCOL,100,18,17,754.4438687522761
8XS_N100_POCOL_seed018_tau60,POCOL,100,18,18,29.817483917828213
8XS_N100_POCOL_seed018_tau60,POCOL,100,18,19,382.5493578075948
8XS_N100_POCOL_seed018_tau60,POCOL,100,18,20,1004.334248174403
8XS_N100_POCOL_seed019_tau60,POCOL,100,19,1,2096.3645679936517
8XS_N100_POCOL_seed019_tau60,POCOL,100,19,2,178.8367334475438
8XS_N100_POCOL_seed019_tau60,POCOL,100,19,3,324.19749901682235
8XS_N100_POCOL_seed019_tau60,POCOL,100,19,4,786.7324626276841
8XS_N100_POCOL_seed019_tau60,POCOL,100,19,5,1230.082564020062
8XS_N100_POCOL_seed019_tau60,POCOL,100,19,6,1300.2284867546805
8XS_N100_POCOL_seed019_tau60,POCOL,100,19,7,870.9268245355934
8XS_N100_POCOL_seed020_tau60,POCOL,100,20,1,1920.7778365760025
8XS_N100_POCOL_seed020_tau60,POCOL,100,20,2,45.4774568112025
8XS_N100_POCOL_seed020_tau60,POCOL,100,20,3,631.8697654150267
8XS_N100_POCOL_seed020_tau60,POCOL,100,20,4,896.6174971267797
8XS_N100_POCOL_seed020_tau60,POCOL,100,20,5,689.8628668841866
8XS_N100_POCOL_seed020_tau60,POCOL,100,20,6,140.4729981163855
8XS_N100_POCOL_seed020_tau60,POCOL,100,20,7,1186.2906792433596
8XS_N100_POCOL_seed020_tau60,POCOL,100,20,8,745.8821577382541
8XS_N100_POCOL_seed020_tau60,POCOL,100,20,9,211.37456353716607
8XS_N100_POCOL_seed020_tau60,POCOL,100,20,10,332.9705970474415
8XS_N100_POCOL_seed020_tau60,POCOL,100,20,11,333.397447955801
8XS_N100_POCOL_seed020_tau60,POCOL,100,20,12,3.593123872871729
8XS_N100_POCOL_seed020_tau60,POCOL,100,20,13,296.71884170786416
8XS_N100_POCOL_seed020_tau60,POCOL,100,20,14,73.06970225765963
8XS_N100_POCOL_seed020_tau60,POCOL,100,20,15,552.4782289650757
8XS_N100_POCOL_seed020_tau60,POCOL,100,20,16,318.8194467557014
8XS_N100_POCOL_seed020_tau60,POCOL,100,20,17,880.1090656817887
8XS_N100_POCOL_seed021_tau60,POCOL,100,21,1,474.5146686417428
8XS_N100_POCOL_seed021_tau60,POCOL,100,21,2,146.59702437662963
8XS_N100_POCOL_seed021_tau60,POCOL,100,21,3,341.33040618399025
8XS_N100_POCOL_seed021_tau60,POCOL,100,21,4,205.8721971056641
8XS_N100_POCOL_seed021_tau60,POCOL,100,21,5,256.4976040008603
8XS_N100_POCOL_seed021_tau60,POCOL,100,21,6,725.0840606303898
8XS_N100_POCOL_seed021_tau60,POCOL,100,21,7,1801.8120092473505
8XS_N100_POCOL_seed021_tau60,POCOL,100,21,8,17.236037732631303
8XS_N100_POCOL_seed021_tau60,POCOL,100,21,9,850.1537451624104
8XS_N100_POCOL_seed021_tau60,POCOL,100,21,10,1147.3123638505758
8XS_N100_POCOL_seed021_tau60,POCOL,100,21,11,844.3524995812777
8XS_N100_POCOL_seed021_tau60,POCOL,100,21,12,601.1592265949357
8XS_N100_POCOL_seed021_tau60,POCOL,100,21,13,677.3750660251353
8XS_N100_POCOL_seed021_tau60,POCOL,100,21,14,553.5013123422459
8XS_N100_POCOL_seed021_tau60,POCOL,100,21,15,287.9263265866721
8XS_N100_POCOL_seed021_tau60,POCOL,100,21,16,341.96093529623795
8XS_N100_POCOL_seed021_tau60,POCOL,100,21,17,270.96385089254363
8XS_N100_POCOL_seed022_tau60,POCOL,100,22,1,76.82635254891588
8XS_N100_POCOL_seed022_tau60,POCOL,100,22,2,1945.9971643590927
8XS_N100_POCOL_seed022_tau60,POCOL,100,22,3,348.0602483428629
8XS_N100_POCOL_seed022_tau60,POCOL,100,22,4,155.67090771116364
8XS_N100_POCOL_seed022_tau60,POCOL,100,22,5,292.6330668304777
8XS_N100_POCOL_seed022_tau60,POCOL,100,22,6,352.2676383786834
8XS_N100_POCOL_seed022_tau60,POCOL,100,22,7,640.0580156575688
8XS_N100_POCOL_seed022_tau60,POCOL,100,22,8,299.4443828763083
8XS_N100_POCOL_seed022_tau60,POCOL,100,22,9,276.1697903014192
8XS_N100_POCOL_seed022_tau60,POCOL,100,22,10,340.60598358831066
8XS_N100_POCOL_seed022_tau60,POCOL,100,22,11,779.6167766611825
8XS_N100_POCOL_seed022_tau60,POCOL,100,22,12,110.18108496088735
8XS_N100_POCOL_seed022_tau60,POCOL,100,22,13,651.0729871728754
8XS_N100_POCOL_seed022_tau60,POCOL,100,22,14,31.714000645565648
8XS_N100_POCOL_seed022_tau60,POCOL,100,22,15,132.31417347681145
8XS_N100_POCOL_seed022_tau60,POCOL,100,22,16,452.938568287781
8XS_N100_POCOL_seed022_tau60,POCOL,100,22,17,453.69794896081294
8XS_N100_POCOL_seed022_tau60,POCOL,100,22,18,711.1746287861379
8XS_N100_POCOL_seed022_tau60,POCOL,100,22,19,10.605340817896831
8XS_N100_POCOL_seed022_tau60,POCOL,100,22,20,1122.2543039504253
8XS_N100_POCOL_seed023_tau60,POCOL,100,23,1,49.09228375123072
8XS_N100_POCOL_seed023_tau60,POCOL,100,23,2,766.1798862207716
8XS_N100_POCOL_seed023_tau60,POCOL,100,23,3,498.5847661885025
8XS_N100_POCOL_seed023_tau60,POCOL,100,23,4,2109.428588674272
8XS_N100_POCOL_seed023_tau60,POCOL,100,23,5,1528.7154503616812
8XS_N100_POCOL_seed023_tau60,POCOL,100,23,6,162.0333057400976
8XS_N100_POCOL_seed023_tau60,POCOL,100,23,7,606.9594190563175
8XS_N100_POCOL_seed023_tau60,POCOL,100,23,8,342.5962733465203
8XS_N100_POCOL_seed023_tau60,POCOL,100,23,9,606.5458677715624
8XS_N100_POCOL_seed023_tau60,POCOL,100,23,10,1164.335450078921
8XS_N100_POCOL_seed023_tau60,POCOL,100,23,11,8.753369657741132
8XS_N100_POCOL_seed023_tau60,POCOL,100,23,12,153.1439333907574
8XS_N100_POCOL_seed023_tau60,POCOL,100,23,13,366.4497188469968
8XS_N100_POCOL_seed023_tau60,POCOL,100,23,14,921.8201331989858
8XS_N100_POCOL_seed023_tau60,POCOL,100,23,15,170.56665652302217
8XS_N100_POCOL_seed024_tau60,POCOL,100,24,1,536.6291545519836
8XS_N100_POCOL_seed024_tau60,POCOL,100,24,2,369.0153542216199
8XS_N100_POCOL_seed024_tau60,POCOL,100,24,3,531.3649981896771
8XS_N100_POCOL_seed024_tau60,POCOL,100,24,4,433.57899893148146
8XS_N100_POCOL_seed024_tau60,POCOL,100,24,5,383.8348075699173
8XS_N100_POCOL_seed024_tau60,POCOL,100,24,6,577.66811989499
8XS_N100_POCOL_seed024_tau60,POCOL,100,24,7,1081.0833178910652
8XS_N100_POCOL_seed024_tau60,POCOL,100,24,8,35.18772426855003
8XS_N100_POCOL_seed024_tau60,POCOL,100,24,9,1015.684943224052
8XS_N100_POCOL_seed024_tau60,POCOL,100,24,10,178.70586552731766
8XS_N100_POCOL_seed024_tau60,POCOL,100,24,11,320.82109181564374
8XS_N100_POCOL_seed024_tau60,POCOL,100,24,12,48.29345686783017
8XS_N100_POCOL_seed024_tau60,POCOL,100,24,13,959.5833546765516
8XS_N100_POCOL_seed024_tau60,POCOL,100,24,14,56.976470546977
8XS_N100_POCOL_seed024_tau60,POCOL,100,24,15,1201.1534090860387
8XS_N100_POCOL_seed024_tau60,POCOL,100,24,16,349.11028719074784
8XS_N100_POCOL_seed024_tau60,POCOL,100,24,17,387.4037111730986
8XS_N100_POCOL_seed024_tau60,POCOL,100,24,18,1139.1595113759886
8XS_N100_POCOL_seed024_tau60,POCOL,100,24,19,87.57148563611554
8XS_N100_POCOL_seed024_tau60,POCOL,100,24,20,27.364947246040174
8XS_N100_POCOL_seed025_tau60,POCOL,100,25,1,384.2634007767241
8XS_N100_POCOL_seed025_tau60,POCOL,100,25,2,113.78940404038536
8XS_N100_POCOL_seed025_tau60,POCOL,100,25,3,1892.5715495866339
8XS_N100_POCOL_seed025_tau60,POCOL,100,25,4,585.0038982508895
8XS_N100_POCOL_seed025_tau60,POCOL,100,25,5,89.84470590776982
8XS_N100_POCOL_seed025_tau60,POCOL,100,25,6,18.394306588905238
8XS_N100_POCOL_seed025_tau60,POCOL,100,25,7,541.8885114866321
8XS_N100_POCOL_seed025_tau60,POCOL,100,25,8,2558.791163588797
8XS_N100_POCOL_seed025_tau60,POCOL,100,25,9,509.0191205298779
8XS_N100_POCOL_seed025_tau60,POCOL,100,25,10,255.1558415171612
8XS_N100_POCOL_seed025_tau60,POCOL,100,25,11,411.7996606293
8XS_N100_POCOL_seed025_tau60,POCOL,100,25,12,997.1390621825185
8XS_N100_POCOL_seed025_tau60,POCOL,100,25,13,520.3040203060173
8XS_N100_POCOL_seed025_tau60,POCOL,100,25,14,733.5143143335354
8XS_N100_POCOL_seed025_tau60,POCOL,100,25,15,152.0977023081814
8XS_N100_POCOL_seed026_tau60,POCOL,100,26,1,132.29633356683937
8XS_N100_POCOL_seed026_tau60,POCOL,100,26,2,59.144077756739904
8XS_N100_POCOL_seed026_tau60,POCOL,100,26,3,849.2828822619102
8XS_N100_POCOL_seed026_tau60,POCOL,100,26,4,43.08019066679276
8XS_N100_POCOL_seed026_tau60,POCOL,100,26,5,944.6175138801555
8XS_N100_POCOL_seed026_tau60,POCOL,100,26,6,1004.7779968884122
8XS_N100_POCOL_seed026_tau60,POCOL,100,26,7,313.1899847242489
8XS_N100_POCOL_seed026_tau60,POCOL,100,26,8,245.67492727463105
8XS_N100_POCOL_seed026_tau60,POCOL,100,26,9,520.6838732504052
8XS_N100_POCOL_seed026_tau60,POCOL,100,26,10,157.33743407923248
8XS_N100_POCOL_seed026_tau60,POCOL,100,26,11,719.3607263992626
8XS_N100_POCOL_seed026_tau60,POCOL,100,26,12,98.39423898709992
8XS_N100_POCOL_seed026_tau60,POCOL,100,26,13,531.6099916745416
8XS_N100_POCOL_seed026_tau60,POCOL,100,26,14,556.6958733483189
8XS_N100_POCOL_seed026_tau60,POCOL,100,26,15,27.64838123710979
8XS_N100_POCOL_seed026_tau60,POCOL,100,26,16,564.6486996453859
8XS_N100_POCOL_seed026_tau60,POCOL,100,26,17,266.0794666809279
8XS_N100_POCOL_seed026_tau60,POCOL,100,26,18,165.61347726236272
8XS_N100_POCOL_seed026_tau60,POCOL,100,26,19,2335.779104999513
8XS_N100_POCOL_seed027_tau60,POCOL,100,27,1,126.99952789581869
8XS_N100_POCOL_seed027_tau60,POCOL,100,27,2,159.09490221864684
8XS_N100_POCOL_seed027_tau60,POCOL,100,27,3,1062.403574152869
8XS_N100_POCOL_seed027_tau60,POCOL,100,27,4,490.0656968364226
8XS_N100_POCOL_seed027_tau60,POCOL,100,27,5,385.01871130846575
8XS_N100_POCOL_seed027_tau60,POCOL,100,27,6,508.2182019352049
8XS_N100_POCOL_seed027_tau60,POCOL,100,27,7,536.3948267814917
8XS_N100_POCOL_seed027_tau60,POCOL,100,27,8,218.42511255378622
8XS_N100_POCOL_seed027_tau60,POCOL,100,27,9,1414.6745414343386
8XS_N100_POCOL_seed027_tau60,POCOL,100,27,10,1077.8839385738693
8XS_N100_POCOL_seed027_tau60,POCOL,100,27,11,562.606744527493
8XS_N100_POCOL_seed027_tau60,POCOL,100,27,12,163.11083763266743
8XS_N100_POCOL_seed027_tau60,POCOL,100,27,13,1528.4923833837966
8XS_N100_POCOL_seed027_tau60,POCOL,100,27,14,1160.794991407327
8XS_N100_POCOL_seed027_tau60,POCOL,100,27,15,377.48261867822293
8XS_N100_POCOL_seed028_tau60,POCOL,100,28,1,327.1509025938889
8XS_N100_POCOL_seed028_tau60,POCOL,100,28,2,1440.2328120816396
8XS_N100_POCOL_seed028_tau60,POCOL,100,28,3,1824.9330363392614
8XS_N100_POCOL_seed028_tau60,POCOL,100,28,4,3.076744534424961
8XS_N100_POCOL_seed028_tau60,POCOL,100,28,5,2403.306478138783
8XS_N100_POCOL_seed028_tau60,POCOL,100,28,6,471.9214377051694
8XS_N100_POCOL_seed028_tau60,POCOL,100,28,7,279.7721043702513
8XS_N100_POCOL_seed028_tau60,POCOL,100,28,8,1478.062713983074
8XS_N100_POCOL_seed028_tau60,POCOL,100,28,9,30.51125508777841
8XS_N100_POCOL_seed028_tau60,POCOL,100,28,10,372.2999048902893
8XS_N100_POCOL_seed028_tau60,POCOL,100,28,11,164.62418779828658
8XS_N100_POCOL_seed028_tau60,POCOL,100,28,12,223.48010057111605
8XS_N100_POCOL_seed028_tau60,POCOL,100,28,13,276.68393304808524
8XS_N100_POCOL_seed028_tau60,POCOL,100,28,14,108.29646409845736
8XS_N100_POCOL_seed028_tau60,POCOL,100,28,15,31.299170582018633
8XS_N100_POCOL_seed028_tau60,POCOL,100,28,16,246.8159211934999
8XS_N100_POCOL_seed028_tau60,POCOL,100,28,17,253.88248746468525
8XS_N100_POCOL_seed029_tau60,POCOL,100,29,1,300.7621344598209
8XS_N100_POCOL_seed029_tau60,POCOL,100,29,2,115.52676914743228
8XS_N100_POCOL_seed029_tau60,POCOL,100,29,3,290.9720336387181
8XS_N100_POCOL_seed029_tau60,POCOL,100,29,4,105.41820436392186
8XS_N100_POCOL_seed029_tau60,POCOL,100,29,5,33.222306668723945
8XS_N100_POCOL_seed029_tau60,POCOL,100,29,6,83.87115272903009
8XS_N100_POCOL_seed029_tau60,POCOL,100,29,7,494.23987115578166
8XS_N100_POCOL_seed029_tau60,POCOL,100,29,8,616.5497326953939
8XS_N100_POCOL_seed029_tau60,POCOL,100,29,9,1018.5570268342483
8XS_N100_POCOL_seed029_tau60,POCOL,100,29,10,1053.18804284198
8XS_N100_POCOL_seed029_tau60,POCOL,100,29,11,700.319097564694
8XS_N100_POCOL_seed029_tau60,POCOL,100,29,12,235.86393387240605
8XS_N100_POCOL_seed029_tau60,POCOL,100,29,13,274.59634188076507
8XS_N100_POCOL_seed029_tau60,POCOL,100,29,14,297.3964774373744
8XS_N100_POCOL_seed029_tau60,POCOL,100,29,15,213.6475331311076
8XS_N100_POCOL_seed029_tau60,POCOL,100,29,16,200.54273492285301
8XS_N100_POCOL_seed029_tau60,POCOL,100,29,17,213.72767177832247
8XS_N100_POCOL_seed029_tau60,POCOL,100,29,18,70.0824836644897
8XS_N100_POCOL_seed029_tau60,POCOL,100,29,19,236.61218342083703
8XS_N100_POCOL_seed029_tau60,POCOL,100,29,20,155.90680738853462
8XS_N100_POCOL_seed029_tau60,POCOL,100,29,21,53.016291280222504
8XS_N100_POCOL_seed029_tau60,POCOL,100,29,22,1077.515891493319
8XS_N100_POCOL_seed029_tau60,POCOL,100,29,23,62.71192565498677
8XS_N100_POCOL_seed030_tau60,POCOL,100,30,1,2319.8479766261294
8XS_N100_POCOL_seed030_tau60,POCOL,100,30,2,265.70125011116033
8XS_N100_POCOL_seed030_tau60,POCOL,100,30,3,704.2691154392442
8XS_N100_POCOL_seed030_tau60,POCOL,100,30,4,850.9820821299604
8XS_N100_POCOL_seed030_tau60,POCOL,100,30,5,39.62774124639782
8XS_N100_POCOL_seed030_tau60,POCOL,100,30,6,277.0953594860639
8XS_N100_POCOL_seed030_tau60,POCOL,100,30,7,104.44513190971975
8XS_N100_POCOL_seed030_tau60,POCOL,100,30,8,408.0035318068167
8XS_N100_POCOL_seed030_tau60,POCOL,100,30,9,226.67828578525496
8XS_N100_POCOL_seed030_tau60,POCOL,100,30,10,1223.3550431954045
8XS_N100_POCOL_seed030_tau60,POCOL,100,30,11,171.05171465515923
8XS_N100_POCOL_seed030_tau60,POCOL,100,30,12,114.48454619281438
8XS_N100_POCOL_seed030_tau60,POCOL,100,30,13,275.0042095652534
8XS_N100_POCOL_seed030_tau60,POCOL,100,30,14,174.99121843614466
8XS_N100_POCOL_seed030_tau60,POCOL,100,30,15,525.1904822405213
8XS_N100_POCOL_seed030_tau60,POCOL,100,30,16,293.02628395031115
8XS_N100_POCOL_seed030_tau60,POCOL,100,30,17,324.02356075571515
8XS_N100_POCOL_seed030_tau60,POCOL,100,30,18,51.419447209393184
8XS_N100_POCOL_seed030_tau60,POCOL,100,30,19,1044.4550112725938
8XS_N300_POCOL_seed001_tau60,POCOL,300,1,1,198.1140732710288
8XS_N300_POCOL_seed001_tau60,POCOL,300,1,2,212.511002364353
8XS_N300_POCOL_seed001_tau60,POCOL,300,1,3,292.9604206069813
8XS_N300_POCOL_seed001_tau60,POCOL,300,1,4,454.5905717222637
8XS_N300_POCOL_seed001_tau60,POCOL,300,1,5,276.9597608547906
8XS_N300_POCOL_seed001_tau60,POCOL,300,1,6,430.14528280490504
8XS_N300_POCOL_seed001_tau60,POCOL,300,1,7,529.1065378504995
8XS_N300_POCOL_seed001_tau60,POCOL,300,1,8,1083.6109135373754
8XS_N300_POCOL_seed001_tau60,POCOL,300,1,9,189.4436405841484
8XS_N300_POCOL_seed001_tau60,POCOL,300,1,10,211.21052924886226
8XS_N300_POCOL_seed001_tau60,POCOL,300,1,11,177.14368542812008
8XS_N300_POCOL_seed001_tau60,POCOL,300,1,12,662.3980386562466
8XS_N300_POCOL_seed001_tau60,POCOL,300,1,13,531.39098700878
8XS_N300_POCOL_seed001_tau60,POCOL,300,1,14,636.483300634196
8XS_N300_POCOL_seed001_tau60,POCOL,300,1,15,99.50243922988102
8XS_N300_POCOL_seed001_tau60,POCOL,300,1,16,2142.447505641725
8XS_N300_POCOL_seed001_tau60,POCOL,300,1,17,279.931374173274
8XS_N300_POCOL_seed001_tau60,POCOL,300,1,18,52.8509729055786
8XS_N300_POCOL_seed001_tau60,POCOL,300,1,19,145.0640690060318
8XS_N300_POCOL_seed001_tau60,POCOL,300,1,20,429.9764043603118
8XS_N300_POCOL_seed002_tau60,POCOL,300,2,1,1163.9767111296164
8XS_N300_POCOL_seed002_tau60,POCOL,300,2,2,465.18111133347884
8XS_N300_POCOL_seed002_tau60,POCOL,300,2,3,850.7766985623152
8XS_N300_POCOL_seed002_tau60,POCOL,300,2,4,696.0641276959718
8XS_N300_POCOL_seed002_tau60,POCOL,300,2,5,164.97745808660147
8XS_N300_POCOL_seed002_tau60,POCOL,300,2,6,128.26514971303368
8XS_N300_POCOL_seed002_tau60,POCOL,300,2,7,263.80351353082733
8XS_N300_POCOL_seed002_tau60,POCOL,300,2,8,920.5545740260827
8XS_N300_POCOL_seed002_tau60,POCOL,300,2,9,727.2440965865444
8XS_N300_POCOL_seed002_tau60,POCOL,300,2,10,706.9937722639261
8XS_N300_POCOL_seed002_tau60,POCOL,300,2,11,158.39222631027496
8XS_N300_POCOL_seed002_tau60,POCOL,300,2,12,379.50001262824753
8XS_N300_POCOL_seed002_tau60,POCOL,300,2,13,72.3832387223456
8XS_N300_POCOL_seed002_tau60,POCOL,300,2,14,454.3151841148956
8XS_N300_POCOL_seed002_tau60,POCOL,300,2,15,506.25084727030935
8XS_N300_POCOL_seed002_tau60,POCOL,300,2,16,457.3653770341725
8XS_N300_POCOL_seed002_tau60,POCOL,300,2,17,916.1974031012969
8XS_N300_POCOL_seed002_tau60,POCOL,300,2,18,154.0050868408689
8XS_N300_POCOL_seed002_tau60,POCOL,300,2,19,131.72011813866993
8XS_N300_POCOL_seed003_tau60,POCOL,300,3,1,168.4483976952789
8XS_N300_POCOL_seed003_tau60,POCOL,300,3,2,474.76566011299803
8XS_N300_POCOL_seed003_tau60,POCOL,300,3,3,58.12332188945811
8XS_N300_POCOL_seed003_tau60,POCOL,300,3,4,101.09745464181219
8XS_N300_POCOL_seed003_tau60,POCOL,300,3,5,528.8492104988163
8XS_N300_POCOL_seed003_tau60,POCOL,300,3,6,112.29572206822127
8XS_N300_POCOL_seed003_tau60,POCOL,300,3,7,90.87016998506647
8XS_N300_POCOL_seed003_tau60,POCOL,300,3,8,695.4131182239689
8XS_N300_POCOL_seed003_tau60,POCOL,300,3,9,241.81831239651137
8XS_N300_POCOL_seed003_tau60,POCOL,300,3,10,665.2501837907562
8XS_N300_POCOL_seed003_tau60,POCOL,300,3,11,63.43723959177123
8XS_N300_POCOL_seed003_tau60,POCOL,300,3,12,463.9775001043622
8XS_N300_POCOL_seed003_tau60,POCOL,300,3,13,48.55133493360836
8XS_N300_POCOL_seed003_tau60,POCOL,300,3,14,24.057470950709558
8XS_N300_POCOL_seed003_tau60,POCOL,300,3,15,127.97789385147234
8XS_N300_POCOL_seed003_tau60,POCOL,300,3,16,529.5725564276977
8XS_N300_POCOL_seed003_tau60,POCOL,300,3,17,248.07159382267218
8XS_N300_POCOL_seed003_tau60,POCOL,300,3,18,881.8295624311459
8XS_N300_POCOL_seed003_tau60,POCOL,300,3,19,295.8302966803858
8XS_N300_POCOL_seed003_tau60,POCOL,300,3,20,73.24137931977384
8XS_N300_POCOL_seed003_tau60,POCOL,300,3,21,656.7029748865352
8XS_N300_POCOL_seed003_tau60,POCOL,300,3,22,2362.59105818884
8XS_N300_POCOL_seed004_tau60,POCOL,300,4,1,1395.0281508585595
8XS_N300_POCOL_seed004_tau60,POCOL,300,4,2,474.56735261455106
8XS_N300_POCOL_seed004_tau60,POCOL,300,4,3,296.4752538361927
8XS_N300_POCOL_seed004_tau60,POCOL,300,4,4,135.29083638858447
8XS_N300_POCOL_seed004_tau60,POCOL,300,4,5,191.18977211046467
8XS_N300_POCOL_seed004_tau60,POCOL,300,4,6,389.1588556263646
8XS_N300_POCOL_seed004_tau60,POCOL,300,4,7,447.7307628457379
8XS_N300_POCOL_seed004_tau60,POCOL,300,4,8,2178.4510981249146
8XS_N300_POCOL_seed004_tau60,POCOL,300,4,9,822.095674993112
8XS_N300_POCOL_seed004_tau60,POCOL,300,4,10,1097.2502488004093
8XS_N300_POCOL_seed004_tau60,POCOL,300,4,11,843.3158048041341
8XS_N300_POCOL_seed004_tau60,POCOL,300,4,12,93.93920221579174
8XS_N300_POCOL_seed004_tau60,POCOL,300,4,13,81.38826126899767
8XS_N300_POCOL_seed004_tau60,POCOL,300,4,14,47.45545044566825
8XS_N300_POCOL_seed004_tau60,POCOL,300,4,15,661.263859346227
8XS_N300_POCOL_seed004_tau60,POCOL,300,4,16,56.304115440647365
8XS_N300_POCOL_seed004_tau60,POCOL,300,4,17,562.673755049178
8XS_N300_POCOL_seed004_tau60,POCOL,300,4,18,211.19051346249034
8XS_N300_POCOL_seed005_tau60,POCOL,300,5,1,976.3741629798354
8XS_N300_POCOL_seed005_tau60,POCOL,300,5,2,387.0380375851993
8XS_N300_POCOL_seed005_tau60,POCOL,300,5,3,967.3984551190574
8XS_N300_POCOL_seed005_tau60,POCOL,300,5,4,472.1633292772808
8XS_N300_POCOL_seed005_tau60,POCOL,300,5,5,956.8789016170763
8XS_N300_POCOL_seed005_tau60,POCOL,300,5,6,1773.09482196921
8XS_N300_POCOL_seed005_tau60,POCOL,300,5,7,43.01587822806323
8XS_N300_POCOL_seed005_tau60,POCOL,300,5,8,266.4152631014658
8XS_N300_POCOL_seed005_tau60,POCOL,300,5,9,130.07305890445787
8XS_N300_POCOL_seed005_tau60,POCOL,300,5,10,576.7509958739447
8XS_N300_POCOL_seed005_tau60,POCOL,300,5,11,33.659114102165404
8XS_N300_POCOL_seed005_tau60,POCOL,300,5,12,83.03425055442312
8XS_N300_POCOL_seed005_tau60,POCOL,300,5,13,34.324286843914706
8XS_N300_POCOL_seed005_tau60,POCOL,300,5,14,150.74458576274537
8XS_N300_POCOL_seed005_tau60,POCOL,300,5,15,304.3345213868806
8XS_N300_POCOL_seed005_tau60,POCOL,300,5,16,819.647814441626
8XS_N300_POCOL_seed005_tau60,POCOL,300,5,17,1050.5656344081108
8XS_N300_POCOL_seed005_tau60,POCOL,300,5,18,42.25094160442313
8XS_N300_POCOL_seed005_tau60,POCOL,300,5,19,32.16672297979858
8XS_N300_POCOL_seed005_tau60,POCOL,300,5,20,516.8261627253396
8XS_N300_POCOL_seed005_tau60,POCOL,300,5,21,166.4812220316544
8XS_N300_POCOL_seed006_tau60,POCOL,300,6,1,172.99035555527854
8XS_N300_POCOL_seed006_tau60,POCOL,300,6,2,42.30667561522222
8XS_N300_POCOL_seed006_tau60,POCOL,300,6,3,340.9031802414604
8XS_N300_POCOL_seed006_tau60,POCOL,300,6,4,871.6294429339291
8XS_N300_POCOL_seed006_tau60,POCOL,300,6,5,209.78835816514038
8XS_N300_POCOL_seed006_tau60,POCOL,300,6,6,1526.6613186819357
8XS_N300_POCOL_seed006_tau60,POCOL,300,6,7,674.1640092677712
8XS_N300_POCOL_seed006_tau60,POCOL,300,6,8,253.88590780089316
8XS_N300_POCOL_seed006_tau60,POCOL,300,6,9,220.97832208460386
8XS_N300_POCOL_seed006_tau60,POCOL,300,6,10,1138.3121311039395
8XS_N300_POCOL_seed006_tau60,POCOL,300,6,11,256.641367385585
8XS_N300_POCOL_seed006_tau60,POCOL,300,6,12,426.99090438909207
8XS_N300_POCOL_seed006_tau60,POCOL,300,6,13,829.8920564477621
8XS_N300_POCOL_seed006_tau60,POCOL,300,6,14,78.25632837759349
8XS_N300_POCOL_seed006_tau60,POCOL,300,6,15,690.6557247053261
8XS_N300_POCOL_seed006_tau60,POCOL,300,6,16,487.4273151987418
8XS_N300_POCOL_seed006_tau60,POCOL,300,6,17,1724.22107939954
8XS_N300_POCOL_seed007_tau60,POCOL,300,7,1,982.3947011200562
8XS_N300_POCOL_seed007_tau60,POCOL,300,7,2,1150.5182485996556
8XS_N300_POCOL_seed007_tau60,POCOL,300,7,3,138.13255149070483
8XS_N300_POCOL_seed007_tau60,POCOL,300,7,4,258.1903110600165
8XS_N300_POCOL_seed007_tau60,POCOL,300,7,5,936.7033886066333
8XS_N300_POCOL_seed007_tau60,POCOL,300,7,6,443.52733698323664
8XS_N300_POCOL_seed007_tau60,POCOL,300,7,7,349.5108356177734
8XS_N300_POCOL_seed007_tau60,POCOL,300,7,8,492.3787448245066
8XS_N300_POCOL_seed007_tau60,POCOL,300,7,9,306.0911902248754
8XS_N300_POCOL_seed007_tau60,POCOL,300,7,10,206.63226325685537
8XS_N300_POCOL_seed007_tau60,POCOL,300,7,11,877.4370788651977
8XS_N300_POCOL_seed007_tau60,POCOL,300,7,12,275.92022719262604
8XS_N300_POCOL_seed007_tau60,POCOL,300,7,13,223.0883575873413
8XS_N300_POCOL_seed007_tau60,POCOL,300,7,14,315.36655622417584
8XS_N300_POCOL_seed007_tau60,POCOL,300,7,15,451.19161492184594
8XS_N300_POCOL_seed007_tau60,POCOL,300,7,16,805.1546753346393
8XS_N300_POCOL_seed008_tau60,POCOL,300,8,1,45.59454742072464
8XS_N300_POCOL_seed008_tau60,POCOL,300,8,2,463.21175485673587
8XS_N300_POCOL_seed008_tau60,POCOL,300,8,3,277.60732320260394
8XS_N300_POCOL_seed008_tau60,POCOL,300,8,4,310.4579159174675
8XS_N300_POCOL_seed008_tau60,POCOL,300,8,5,58.08066673601729
8XS_N300_POCOL_seed008_tau60,POCOL,300,8,6,315.4166586683457
8XS_N300_POCOL_seed008_tau60,POCOL,300,8,7,207.4060116772764
8XS_N300_POCOL_seed008_tau60,POCOL,300,8,8,169.1698764932646
8XS_N300_POCOL_seed008_tau60,POCOL,300,8,9,962.9017877200431
8XS_N300_POCOL_seed008_tau60,POCOL,300,8,10,664.1628200444784
8XS_N300_POCOL_seed008_tau60,POCOL,300,8,11,358.6010200756932
8XS_N300_POCOL_seed008_tau60,POCOL,300,8,12,1639.4445071315376
8XS_N300_POCOL_seed008_tau60,POCOL,300,8,13,2027.5188146907067
8XS_N300_POCOL_seed008_tau60,POCOL,300,8,14,885.1407126716185
8XS_N300_POCOL_seed008_tau60,POCOL,300,8,15,383.7205131410228
8XS_N300_POCOL_seed009_tau60,POCOL,300,9,1,574.1159074028633
8XS_N300_POCOL_seed009_tau60,POCOL,300,9,2,911.1784920473522
8XS_N300_POCOL_seed009_tau60,POCOL,300,9,3,1407.6027364903396
8XS_N300_POCOL_seed009_tau60,POCOL,300,9,4,981.1980870118837
8XS_N300_POCOL_seed009_tau60,POCOL,300,9,5,2956.378470317271
8XS_N300_POCOL_seed009_tau60,POCOL,300,9,6,354.7556946070172
8XS_N300_POCOL_seed009_tau60,POCOL,300,9,7,769.9214200397391
8XS_N300_POCOL_seed009_tau60,POCOL,300,9,8,194.75781634021132
8XS_N300_POCOL_seed009_tau60,POCOL,300,9,9,954.3650049000207
8XS_N300_POCOL_seed009_tau60,POCOL,300,9,10,251.60566420257965
8XS_N300_POCOL_seed009_tau60,POCOL,300,9,11,171.14815948278738
8XS_N300_POCOL_seed009_tau60,POCOL,300,9,12,152.33855091713485
8XS_N300_POCOL_seed010_tau60,POCOL,300,10,1,649.1578167381331
8XS_N300_POCOL_seed010_tau60,POCOL,300,10,2,364.65270665075275
8XS_N300_POCOL_seed010_tau60,POCOL,300,10,3,227.31550494211626
8XS_N300_POCOL_seed010_tau60,POCOL,300,10,4,447.34483718704837
8XS_N300_POCOL_seed010_tau60,POCOL,300,10,5,85.33318690649139
8XS_N300_POCOL_seed010_tau60,POCOL,300,10,6,97.84560434393507
8XS_N300_POCOL_seed010_tau60,POCOL,300,10,7,675.4803513919785
8XS_N300_POCOL_seed010_tau60,POCOL,300,10,8,323.5231642879007
8XS_N300_POCOL_seed010_tau60,POCOL,300,10,9,79.76434807726673
8XS_N300_POCOL_seed010_tau60,POCOL,300,10,10,64.87010487532916
8XS_N300_POCOL_seed010_tau60,POCOL,300,10,11,264.4319398701332
8XS_N300_POCOL_seed010_tau60,POCOL,300,10,12,146.7838834086183
8XS_N300_POCOL_seed010_tau60,POCOL,300,10,13,295.25379782964956
8XS_N300_POCOL_seed010_tau60,POCOL,300,10,14,1217.831929107892
8XS_N300_POCOL_seed010_tau60,POCOL,300,10,15,1148.270522515074
8XS_N300_POCOL_seed010_tau60,POCOL,300,10,16,663.1943149066537
8XS_N300_POCOL_seed010_tau60,POCOL,300,10,17,155.4729754325299
8XS_N300_POCOL_seed010_tau60,POCOL,300,10,18,1915.605414070963
8XS_N300_POCOL_seed010_tau60,POCOL,300,10,19,507.30565760696845
8XS_N300_POCOL_seed010_tau60,POCOL,300,10,20,264.2845305260216
8XS_N300_POCOL_seed010_tau60,POCOL,300,10,21,43.94405272862605
8XS_N300_POCOL_seed010_tau60,POCOL,300,10,22,165.73228359785935
8XS_N300_POCOL_seed011_tau60,POCOL,300,11,1,646.1371444846213
8XS_N300_POCOL_seed011_tau60,POCOL,300,11,2,123.19610715277793
8XS_N300_POCOL_seed011_tau60,POCOL,300,11,3,669.5227683626039
8XS_N300_POCOL_seed011_tau60,POCOL,300,11,4,647.7960434952604
8XS_N300_POCOL_seed011_tau60,POCOL,300,11,5,122.49099861197283
8XS_N300_POCOL_seed011_tau60,POCOL,300,11,6,1060.956951072645
8XS_N300_POCOL_seed011_tau60,POCOL,300,11,7,417.4318341055946
8XS_N300_POCOL_seed011_tau60,POCOL,300,11,8,818.0800107059722
8XS_N300_POCOL_seed011_tau60,POCOL,300,11,9,445.3821683336828
8XS_N300_POCOL_seed011_tau60,POCOL,300,11,10,315.82808199039846
8XS_N300_POCOL_seed011_tau60,POCOL,300,11,11,1336.0574276148982
8XS_N300_POCOL_seed011_tau60,POCOL,300,11,12,255.59046648626463
8XS_N300_POCOL_seed011_tau60,POCOL,300,11,13,98.44206462800139
8XS_N300_POCOL_seed011_tau60,POCOL,300,11,14,235.78057560525303
8XS_N300_POCOL_seed011_tau60,POCOL,300,11,15,378.63142610553314
8XS_N300_POCOL_seed011_tau60,POCOL,300,11,16,1218.4938366065007
8XS_N300_POCOL_seed012_tau60,POCOL,300,12,1,1973.6158217913712
8XS_N300_POCOL_seed012_tau60,POCOL,300,12,2,421.4736089914122
8XS_N300_POCOL_seed012_tau60,POCOL,300,12,3,2798.776812402182
8XS_N300_POCOL_seed012_tau60,POCOL,300,12,4,413.9954155429232
8XS_N300_POCOL_seed012_tau60,POCOL,300,12,5,36.45098352586774
8XS_N300_POCOL_seed012_tau60,POCOL,300,12,6,919.9619307463236
8XS_N300_POCOL_seed012_tau60,POCOL,300,12,7,1340.9727996509837
8XS_N300_POCOL_seed012_tau60,POCOL,300,12,8,776.8275308423999
8XS_N300_POCOL_seed012_tau60,POCOL,300,12,9,189.35459067725424
8XS_N300_POCOL_seed013_tau60,POCOL,300,13,1,785.5856533201303
8XS_N300_POCOL_seed013_tau60,POCOL,300,13,2,438.8283095867597
8XS_N300_POCOL_seed013_tau60,POCOL,300,13,3,676.181724039631
8XS_N300_POCOL_seed013_tau60,POCOL,300,13,4,127.21357184511567
8XS_N300_POCOL_seed013_tau60,POCOL,300,13,5,602.3010016156477
8XS_N300_POCOL_seed013_tau60,POCOL,300,13,6,332.4860722585918
8XS_N300_POCOL_seed013_tau60,POCOL,300,13,7,75.39768342574916
8XS_N300_POCOL_seed013_tau60,POCOL,300,13,8,1278.3967132459989
8XS_N300_POCOL_seed013_tau60,POCOL,300,13,9,439.2160296663724
8XS_N300_POCOL_seed013_tau60,POCOL,300,13,10,130.0869641444906
8XS_N300_POCOL_seed013_tau60,POCOL,300,13,11,679.8746837588706
8XS_N300_POCOL_seed013_tau60,POCOL,300,13,12,79.77641655657953
8XS_N300_POCOL_seed013_tau60,POCOL,300,13,13,406.2477219385746
8XS_N300_POCOL_seed013_tau60,POCOL,300,13,14,946.0502585650393
8XS_N300_POCOL_seed013_tau60,POCOL,300,13,15,2344.339509240347
8XS_N300_POCOL_seed013_tau60,POCOL,300,13,16,203.87133246867597
8XS_N300_POCOL_seed013_tau60,POCOL,300,13,17,307.0844316661369
8XS_N300_POCOL_seed013_tau60,POCOL,300,13,18,101.33373196123284
8XS_N300_POCOL_seed014_tau60,POCOL,300,14,1,1900.250162445962
8XS_N300_POCOL_seed014_tau60,POCOL,300,14,2,102.42172331691131
8XS_N300_POCOL_seed014_tau60,POCOL,300,14,3,31.932489068576842
8XS_N300_POCOL_seed014_tau60,POCOL,300,14,4,657.387433803679
8XS_N300_POCOL_seed014_tau60,POCOL,300,14,5,223.39581066389655
8XS_N300_POCOL_seed014_tau60,POCOL,300,14,6,405.6529672298866
8XS_N300_POCOL_seed014_tau60,POCOL,300,14,7,268.8359418203445
8XS_N300_POCOL_seed014_tau60,POCOL,300,14,8,942.1973754181709
8XS_N300_POCOL_seed014_tau60,POCOL,300,14,9,139.07625498330071
8XS_N300_POCOL_seed014_tau60,POCOL,300,14,10,624.675053558044
8XS_N300_POCOL_seed014_tau60,POCOL,300,14,11,332.0692765933345
8XS_N300_POCOL_seed014_tau60,POCOL,300,14,12,460.5949817534247
8XS_N300_POCOL_seed014_tau60,POCOL,300,14,13,992.8316374617452
8XS_N300_POCOL_seed014_tau60,POCOL,300,14,14,139.52194262084777
8XS_N300_POCOL_seed014_tau60,POCOL,300,14,15,1402.6878479878187
8XS_N300_POCOL_seed014_tau60,POCOL,300,14,16,577.8515284494642
8XS_N300_POCOL_seed014_tau60,POCOL,300,14,17,636.4685100287406
8XS_N300_POCOL_seed015_tau60,POCOL,300,15,1,6.713211837995363
8XS_N300_POCOL_seed015_tau60,POCOL,300,15,2,743.212510979183
8XS_N300_POCOL_seed015_tau60,POCOL,300,15,3,1643.5578657987962
8XS_N300_POCOL_seed015_tau60,POCOL,300,15,4,201.4254961848419
8XS_N300_POCOL_seed015_tau60,POCOL,300,15,5,1108.2437227613655
8XS_N300_POCOL_seed015_tau60,POCOL,300,15,6,420.17805820585363
8XS_N300_POCOL_seed015_tau60,POCOL,300,15,7,171.90889608394536
8XS_N300_POCOL_seed015_tau60,POCOL,300,15,8,985.075984340895
8XS_N300_POCOL_seed015_tau60,POCOL,300,15,9,273.57917416102464
8XS_N300_POCOL_seed015_tau60,POCOL,300,15,10,755.997536644586
8XS_N300_POCOL_seed015_tau60,POCOL,300,15,11,601.3895349686672
8XS_N300_POCOL_seed015_tau60,POCOL,300,15,12,771.9291776503605
8XS_N300_POCOL_seed015_tau60,POCOL,300,15,13,1345.7918895965759
8XS_N300_POCOL_seed015_tau60,POCOL,300,15,14,265.2363285471747
8XS_N300_POCOL_seed015_tau60,POCOL,300,15,15,319.21685727586555
8XS_N300_POCOL_seed016_tau60,POCOL,300,16,1,1635.5100198762893
8XS_N300_POCOL_seed016_tau60,POCOL,300,16,2,257.74909229176683
8XS_N300_POCOL_seed016_tau60,POCOL,300,16,3,1383.1384380338168
8XS_N300_POCOL_seed016_tau60,POCOL,300,16,4,158.83518095288537
8XS_N300_POCOL_seed016_tau60,POCOL,300,16,5,172.15612950401237
8XS_N300_POCOL_seed016_tau60,POCOL,300,16,6,396.77001693824013
8XS_N300_POCOL_seed016_tau60,POCOL,300,16,7,271.3685216047156
8XS_N300_POCOL_seed016_tau60,POCOL,300,16,8,113.1946423956606
8XS_N300_POCOL_seed016_tau60,POCOL,300,16,9,303.86995439406473
8XS_N300_POCOL_seed016_tau60,POCOL,300,16,10,976.0902615140603
8XS_N300_POCOL_seed016_tau60,POCOL,300,16,11,5.292547931135232
8XS_N300_POCOL_seed016_tau60,POCOL,300,16,12,734.2859546620857
8XS_N300_POCOL_seed016_tau60,POCOL,300,16,13,1597.563696359647
8XS_N300_POCOL_seed016_tau60,POCOL,300,16,14,435.67394808295285
8XS_N300_POCOL_seed016_tau60,POCOL,300,16,15,109.52753203013526
8XS_N300_POCOL_seed016_tau60,POCOL,300,16,16,55.00394431253335
8XS_N300_POCOL_seed016_tau60,POCOL,300,16,17,542.5904298602109
8XS_N300_POCOL_seed016_tau60,POCOL,300,16,18,320.5359944171669
8XS_N300_POCOL_seed017_tau60,POCOL,300,17,1,461.1416033283918
8XS_N300_POCOL_seed017_tau60,POCOL,300,17,2,1511.4994217925732
8XS_N300_POCOL_seed017_tau60,POCOL,300,17,3,233.9634143309322
8XS_N300_POCOL_seed017_tau60,POCOL,300,17,4,1449.9496663295963
8XS_N300_POCOL_seed017_tau60,POCOL,300,17,5,395.57729266411434
8XS_N300_POCOL_seed017_tau60,POCOL,300,17,6,946.898206431461
8XS_N300_POCOL_seed017_tau60,POCOL,300,17,7,1105.6966471163269
8XS_N300_POCOL_seed017_tau60,POCOL,300,17,8,271.5168725717067
8XS_N300_POCOL_seed017_tau60,POCOL,300,17,9,1102.9292424926534
8XS_N300_POCOL_seed017_tau60,POCOL,300,17,10,2231.3052919459496
8XS_N300_POCOL_seed017_tau60,POCOL,300,17,11,162.9610488880935
8XS_N300_POCOL_seed018_tau60,POCOL,300,18,1,148.866555562009
8XS_N300_POCOL_seed018_tau60,POCOL,300,18,2,372.2788992158519
8XS_N300_POCOL_seed018_tau60,POCOL,300,18,3,765.7209791323572
8XS_N300_POCOL_seed018_tau60,POCOL,300,18,4,1798.0710748662402
8XS_N300_POCOL_seed018_tau60,POCOL,300,18,5,7.19961021995141
8XS_N300_POCOL_seed018_tau60,POCOL,300,18,6,48.706891926351545
8XS_N300_POCOL_seed018_tau60,POCOL,300,18,7,121.50996708512321
8XS_N300_POCOL_seed018_tau60,POCOL,300,18,8,390.1229383915106
8XS_N300_POCOL_seed018_tau60,POCOL,300,18,9,121.85102861644873
8XS_N300_POCOL_seed018_tau60,POCOL,300,18,10,577.585421377406
8XS_N300_POCOL_seed018_tau60,POCOL,300,18,11,130.8813569400063
8XS_N300_POCOL_seed018_tau60,POCOL,300,18,12,258.937151815785
8XS_N300_POCOL_seed018_tau60,POCOL,300,18,13,1862.9497627151632
8XS_N300_POCOL_seed018_tau60,POCOL,300,18,14,318.51554898525774
8XS_N300_POCOL_seed018_tau60,POCOL,300,18,15,846.3444058834812
8XS_N300_POCOL_seed018_tau60,POCOL,300,18,16,384.19251548066495
8XS_N300_POCOL_seed019_tau60,POCOL,300,19,1,423.2766725104063
8XS_N300_POCOL_seed019_tau60,POCOL,300,19,2,306.7471863210873
8XS_N300_POCOL_seed019_tau60,POCOL,300,19,3,445.90770849232547
8XS_N300_POCOL_seed019_tau60,POCOL,300,19,4,24.466990453594235
8XS_N300_POCOL_seed019_tau60,POCOL,300,19,5,556.7385642040088
8XS_N300_POCOL_seed019_tau60,POCOL,300,19,6,839.1044582606121
8XS_N300_POCOL_seed019_tau60,POCOL,300,19,7,150.54800834629805
8XS_N300_POCOL_seed019_tau60,POCOL,300,19,8,539.8915919669844
8XS_N300_POCOL_seed019_tau60,POCOL,300,19,9,1237.935394327185
8XS_N300_POCOL_seed019_tau60,POCOL,300,19,10,607.5254482843939
8XS_N300_POCOL_seed019_tau60,POCOL,300,19,11,681.4753435017656
8XS_N300_POCOL_seed019_tau60,POCOL,300,19,12,238.09763976285285
8XS_N300_POCOL_seed019_tau60,POCOL,300,19,13,1285.3096002779284
8XS_N300_POCOL_seed019_tau60,POCOL,300,19,14,226.34809690386192
8XS_N300_POCOL_seed019_tau60,POCOL,300,19,15,1262.1465430917924
8XS_N300_POCOL_seed020_tau60,POCOL,300,20,1,2641.6481634640436
8XS_N300_POCOL_seed020_tau60,POCOL,300,20,2,854.4496818627676
8XS_N300_POCOL_seed020_tau60,POCOL,300,20,3,30.06670169525296
8XS_N300_POCOL_seed020_tau60,POCOL,300,20,4,68.43161271042527
8XS_N300_POCOL_seed020_tau60,POCOL,300,20,5,287.404691032189
8XS_N300_POCOL_seed020_tau60,POCOL,300,20,6,2667.228962823087
8XS_N300_POCOL_seed020_tau60,POCOL,300,20,7,175.94929664185474
8XS_N300_POCOL_seed020_tau60,POCOL,300,20,8,85.67178253276052
8XS_N300_POCOL_seed020_tau60,POCOL,300,20,9,83.52639202807131
8XS_N300_POCOL_seed020_tau60,POCOL,300,20,10,378.6594576399375
8XS_N300_POCOL_seed020_tau60,POCOL,300,20,11,234.53291713211456
8XS_N300_POCOL_seed020_tau60,POCOL,300,20,12,47.50921422005649
8XS_N300_POCOL_seed020_tau60,POCOL,300,20,13,83.72536283658155
8XS_N300_POCOL_seed020_tau60,POCOL,300,20,14,238.36517980435474
8XS_N300_POCOL_seed020_tau60,POCOL,300,20,15,301.94249330479124
8XS_N300_POCOL_seed020_tau60,POCOL,300,20,16,1263.497982779014
8XS_N300_POCOL_seed021_tau60,POCOL,300,21,1,162.41098335960737
8XS_N300_POCOL_seed021_tau60,POCOL,300,21,2,293.81187917411467
8XS_N300_POCOL_seed021_tau60,POCOL,300,21,3,75.75564089568877
8XS_N300_POCOL_seed021_tau60,POCOL,300,21,4,531.2051470166094
8XS_N300_POCOL_seed021_tau60,POCOL,300,21,5,385.54351456225277
8XS_N300_POCOL_seed021_tau60,POCOL,300,21,6,728.9091270093804
8XS_N300_POCOL_seed021_tau60,POCOL,300,21,7,1789.0052745404528
8XS_N300_POCOL_seed021_tau60,POCOL,300,21,8,1246.2600596736957
8XS_N300_POCOL_seed021_tau60,POCOL,300,21,9,337.30947515929984
8XS_N300_POCOL_seed021_tau60,POCOL,300,21,10,1409.5188218449475
8XS_N300_POCOL_seed021_tau60,POCOL,300,21,11,461.11273785889534
8XS_N300_POCOL_seed021_tau60,POCOL,300,21,12,293.7254030604654
8XS_N300_POCOL_seed021_tau60,POCOL,300,21,13,1058.3388002993233
8XS_N300_POCOL_seed021_tau60,POCOL,300,21,14,526.2418238194714
8XS_N300_POCOL_seed022_tau60,POCOL,300,22,1,1000.8001618969032
8XS_N300_POCOL_seed022_tau60,POCOL,300,22,2,488.9973386542755
8XS_N300_POCOL_seed022_tau60,POCOL,300,22,3,913.4062473966676
8XS_N300_POCOL_seed022_tau60,POCOL,300,22,4,155.67090771116364
8XS_N300_POCOL_seed022_tau60,POCOL,300,22,5,296.2747451289865
8XS_N300_POCOL_seed022_tau60,POCOL,300,22,6,1020.0650910603199
8XS_N300_POCOL_seed022_tau60,POCOL,300,22,7,38.36446279931897
8XS_N300_POCOL_seed022_tau60,POCOL,300,22,8,239.04466340060117
8XS_N300_POCOL_seed022_tau60,POCOL,300,22,9,1425.2964997903864
8XS_N300_POCOL_seed022_tau60,POCOL,300,22,10,33.54019156401955
8XS_N300_POCOL_seed022_tau60,POCOL,300,22,11,363.31165175186834
8XS_N300_POCOL_seed022_tau60,POCOL,300,22,12,65.49576079875806
8XS_N300_POCOL_seed022_tau60,POCOL,300,22,13,1522.5005687146067
8XS_N300_POCOL_seed022_tau60,POCOL,300,22,14,759.1776780272894
8XS_N300_POCOL_seed022_tau60,POCOL,300,22,15,79.05684153112998
8XS_N300_POCOL_seed022_tau60,POCOL,300,22,16,592.7648635956539
8XS_N300_POCOL_seed023_tau60,POCOL,300,23,1,15.251601580493286
8XS_N300_POCOL_seed023_tau60,POCOL,300,23,2,973.9862423575596
8XS_N300_POCOL_seed023_tau60,POCOL,300,23,3,57.76442148851743
8XS_N300_POCOL_seed023_tau60,POCOL,300,23,4,207.20210834730165
8XS_N300_POCOL_seed023_tau60,POCOL,300,23,5,515.7139723272837
8XS_N300_POCOL_seed023_tau60,POCOL,300,23,6,307.27474313603443
8XS_N300_POCOL_seed023_tau60,POCOL,300,23,7,343.74214179190267
8XS_N300_POCOL_seed023_tau60,POCOL,300,23,8,552.4789309216694
8XS_N300_POCOL_seed023_tau60,POCOL,300,23,9,758.1664285127495
8XS_N300_POCOL_seed023_tau60,POCOL,300,23,10,1568.1283765575781
8XS_N300_POCOL_seed023_tau60,POCOL,300,23,11,478.90695488745223
8XS_N300_POCOL_seed023_tau60,POCOL,300,23,12,156.25443606937552
8XS_N300_POCOL_seed023_tau60,POCOL,300,23,13,168.6846480263248
8XS_N300_POCOL_seed023_tau60,POCOL,300,23,14,458.3774608347703
8XS_N300_POCOL_seed023_tau60,POCOL,300,23,15,1180.2456441532486
8XS_N300_POCOL_seed023_tau60,POCOL,300,23,16,72.68080310661298
8XS_N300_POCOL_seed023_tau60,POCOL,300,23,17,46.26233502463492
8XS_N300_POCOL_seed023_tau60,POCOL,300,23,18,236.5901218566023
8XS_N300_POCOL_seed023_tau60,POCOL,300,23,19,1056.9617969531819
8XS_N300_POCOL_seed023_tau60,POCOL,300,23,20,45.14484410980367
8XS_N300_POCOL_seed024_tau60,POCOL,300,24,1,533.5980327929852
8XS_N300_POCOL_seed024_tau60,POCOL,300,24,2,92.40242303992909
8XS_N300_POCOL_seed024_tau60,POCOL,300,24,3,248.582112921688
8XS_N300_POCOL_seed024_tau60,POCOL,300,24,4,999.6069318285047
8XS_N300_POCOL_seed024_tau60,POCOL,300,24,5,83.07591745803347
8XS_N300_POCOL_seed024_tau60,POCOL,300,24,6,150.24159832754322
8XS_N300_POCOL_seed024_tau60,POCOL,300,24,7,318.90341884131385
8XS_N300_POCOL_seed024_tau60,POCOL,300,24,8,45.2213081538448
8XS_N300_POCOL_seed024_tau60,POCOL,300,24,9,9.429745307415487
8XS_N300_POCOL_seed024_tau60,POCOL,300,24,10,11.16210385552904
8XS_N300_POCOL_seed024_tau60,POCOL,300,24,11,2194.650034024109
8XS_N300_POCOL_seed024_tau60,POCOL,300,24,12,269.6941432707181
8XS_N300_POCOL_seed024_tau60,POCOL,300,24,13,384.00472898327644
8XS_N300_POCOL_seed024_tau60,POCOL,300,24,14,260.6178303287443
8XS_N300_POCOL_seed024_tau60,POCOL,300,24,15,96.85859157930008
8XS_N300_POCOL_seed024_tau60,POCOL,300,24,16,2055.819708257648
8XS_N300_POCOL_seed024_tau60,POCOL,300,24,17,1187.6257407551338
8XS_N300_POCOL_seed024_tau60,POCOL,300,24,18,966.2747280873173
8XS_N300_POCOL_seed025_tau60,POCOL,300,25,1,385.7321280582196
8XS_N300_POCOL_seed025_tau60,POCOL,300,25,2,895.5174193966654
8XS_N300_POCOL_seed025_tau60,POCOL,300,25,3,969.5270583543575
8XS_N300_POCOL_seed025_tau60,POCOL,300,25,4,93.27191526878869
8XS_N300_POCOL_seed025_tau60,POCOL,300,25,5,261.87692495475903
8XS_N300_POCOL_seed025_tau60,POCOL,300,25,6,145.2027406740799
8XS_N300_POCOL_seed025_tau60,POCOL,300,25,7,247.50917005205338
8XS_N300_POCOL_seed025_tau60,POCOL,300,25,8,2841.746945588012
8XS_N300_POCOL_seed025_tau60,POCOL,300,25,9,587.1571729106563
8XS_N300_POCOL_seed025_tau60,POCOL,300,25,10,202.73539314058053
8XS_N300_POCOL_seed025_tau60,POCOL,300,25,11,134.3658215725609
8XS_N300_POCOL_seed025_tau60,POCOL,300,25,12,131.23428657581826
8XS_N300_POCOL_seed025_tau60,POCOL,300,25,13,135.3203660548461
8XS_N300_POCOL_seed025_tau60,POCOL,300,25,14,227.42799679995278
8XS_N300_POCOL_seed025_tau60,POCOL,300,25,15,240.93637252944336
8XS_N300_POCOL_seed025_tau60,POCOL,300,25,16,197.86873683606336
8XS_N300_POCOL_seed025_tau60,POCOL,300,25,17,658.7465067291296
8XS_N300_POCOL_seed025_tau60,POCOL,300,25,18,397.7020529234014
8XS_N300_POCOL_seed026_tau60,POCOL,300,26,1,244.0113611221247
8XS_N300_POCOL_seed026_tau60,POCOL,300,26,2,924.5689689856824
8XS_N300_POCOL_seed026_tau60,POCOL,300,26,3,687.304909706236
8XS_N300_POCOL_seed026_tau60,POCOL,300,26,4,1687.4772338647983
8XS_N300_POCOL_seed026_tau60,POCOL,300,26,5,217.9898462836113
8XS_N300_POCOL_seed026_tau60,POCOL,300,26,6,59.98884045405384
8XS_N300_POCOL_seed026_tau60,POCOL,300,26,7,252.1889776566013
8XS_N300_POCOL_seed026_tau60,POCOL,300,26,8,407.23667185758404
8XS_N300_POCOL_seed026_tau60,POCOL,300,26,9,510.1809669871536
8XS_N300_POCOL_seed026_tau60,POCOL,300,26,10,5.138315519098796
8XS_N300_POCOL_seed026_tau60,POCOL,300,26,11,259.69332132584987
8XS_N300_POCOL_seed026_tau60,POCOL,300,26,12,1092.1612260186212
8XS_N300_POCOL_seed026_tau60,POCOL,300,26,13,1083.7746561690064
8XS_N300_POCOL_seed026_tau60,POCOL,300,26,14,190.65586923401952
8XS_N300_POCOL_seed026_tau60,POCOL,300,26,15,1475.2993139805412
8XS_N300_POCOL_seed026_tau60,POCOL,300,26,16,400.0435451441899
8XS_N300_POCOL_seed026_tau60,POCOL,300,26,17,239.16015775400228
8XS_N300_POCOL_seed027_tau60,POCOL,300,27,1,126.99952789581869
8XS_N300_POCOL_seed027_tau60,POCOL,300,27,2,507.05419570017034
8XS_N300_POCOL_seed027_tau60,POCOL,300,27,3,690.9672982840444
8XS_N300_POCOL_seed027_tau60,POCOL,300,27,4,493.0178726442514
8XS_N300_POCOL_seed027_tau60,POCOL,300,27,5,237.90283165479968
8XS_N300_POCOL_seed027_tau60,POCOL,300,27,6,2145.548782396361
8XS_N300_POCOL_seed027_tau60,POCOL,300,27,7,1897.428368674392
8XS_N300_POCOL_seed027_tau60,POCOL,300,27,8,1431.5603714876524
8XS_N300_POCOL_seed027_tau60,POCOL,300,27,9,98.68423130908468
8XS_N300_POCOL_seed027_tau60,POCOL,300,27,10,1766.90216115339
8XS_N300_POCOL_seed027_tau60,POCOL,300,27,11,129.80233547999524
8XS_N300_POCOL_seed028_tau60,POCOL,300,28,1,329.4641825783163
8XS_N300_POCOL_seed028_tau60,POCOL,300,28,2,1369.9282043897022
8XS_N300_POCOL_seed028_tau60,POCOL,300,28,3,137.35384542393626
8XS_N300_POCOL_seed028_tau60,POCOL,300,28,4,401.98164714772133
8XS_N300_POCOL_seed028_tau60,POCOL,300,28,5,601.3930424162445
8XS_N300_POCOL_seed028_tau60,POCOL,300,28,6,85.4754359787803
8XS_N300_POCOL_seed028_tau60,POCOL,300,28,7,590.562353713362
8XS_N300_POCOL_seed028_tau60,POCOL,300,28,8,229.05236473408695
8XS_N300_POCOL_seed028_tau60,POCOL,300,28,9,603.5101524833676
8XS_N300_POCOL_seed028_tau60,POCOL,300,28,10,84.47801280110889
8XS_N300_POCOL_seed028_tau60,POCOL,300,28,11,2154.550274283062
8XS_N300_POCOL_seed028_tau60,POCOL,300,28,12,1615.9627872187903
8XS_N300_POCOL_seed028_tau60,POCOL,300,28,13,30.50344257027973
8XS_N300_POCOL_seed028_tau60,POCOL,300,28,14,465.5171313099472
8XS_N300_POCOL_seed028_tau60,POCOL,300,28,15,579.2233610154981
8XS_N300_POCOL_seed029_tau60,POCOL,300,29,1,214.5951256905419
8XS_N300_POCOL_seed029_tau60,POCOL,300,29,2,479.9302529396665
8XS_N300_POCOL_seed029_tau60,POCOL,300,29,3,342.68510453262604
8XS_N300_POCOL_seed029_tau60,POCOL,300,29,4,405.0847706695822
8XS_N300_POCOL_seed029_tau60,POCOL,300,29,5,862.9361130974758
8XS_N300_POCOL_seed029_tau60,POCOL,300,29,6,7.7658658480058875
8XS_N300_POCOL_seed029_tau60,POCOL,300,29,7,1046.177263144807
8XS_N300_POCOL_seed029_tau60,POCOL,300,29,8,77.28058722882179
8XS_N300_POCOL_seed029_tau60,POCOL,300,29,9,1445.433672140587
8XS_N300_POCOL_seed029_tau60,POCOL,300,29,10,400.4102203749926
8XS_N300_POCOL_seed029_tau60,POCOL,300,29,11,53.19790372288753
8XS_N300_POCOL_seed029_tau60,POCOL,300,29,12,239.73058759000833
8XS_N300_POCOL_seed029_tau60,POCOL,300,29,13,363.9511517857545
8XS_N300_POCOL_seed029_tau60,POCOL,300,29,14,994.2279091160963
8XS_N300_POCOL_seed030_tau60,POCOL,300,30,1,927.3546907156508
8XS_N300_POCOL_seed030_tau60,POCOL,300,30,2,276.53608522868285
8XS_N300_POCOL_seed030_tau60,POCOL,300,30,3,533.6345487938656
8XS_N300_POCOL_seed030_tau60,POCOL,300,30,4,2154.172276282122
8XS_N300_POCOL_seed030_tau60,POCOL,300,30,5,318.48359547485825
8XS_N300_POCOL_seed030_tau60,POCOL,300,30,6,10.570117719698828
8XS_N300_POCOL_seed030_tau60,POCOL,300,30,7,1043.2540814240192
8XS_N300_POCOL_seed030_tau60,POCOL,300,30,8,906.8925096656867
8XS_N300_POCOL_seed030_tau60,POCOL,300,30,9,903.7843288276572
8XS_N300_POCOL_seed030_tau60,POCOL,300,30,10,176.95977120737552
8XS_N300_POCOL_seed030_tau60,POCOL,300,30,11,347.8172958771602
8XS_N300_POCOL_seed030_tau60,POCOL,300,30,12,2350.742712068639
8XS_N500_POCOL_seed001_tau60,POCOL,500,1,1,199.90944574715547
8XS_N500_POCOL_seed001_tau60,POCOL,500,1,2,213.38447660213797
8XS_N500_POCOL_seed001_tau60,POCOL,500,1,3,638.8014624089191
8XS_N500_POCOL_seed001_tau60,POCOL,500,1,4,744.8171594744786
8XS_N500_POCOL_seed001_tau60,POCOL,500,1,5,116.5972186987151
8XS_N500_POCOL_seed001_tau60,POCOL,500,1,6,458.2757385417592
8XS_N500_POCOL_seed001_tau60,POCOL,500,1,7,28.765984407779342
8XS_N500_POCOL_seed001_tau60,POCOL,500,1,8,305.4654941930062
8XS_N500_POCOL_seed001_tau60,POCOL,500,1,9,107.13823376981145
8XS_N500_POCOL_seed001_tau60,POCOL,500,1,10,2012.6206593086076
8XS_N500_POCOL_seed001_tau60,POCOL,500,1,11,534.0491089187608
8XS_N500_POCOL_seed001_tau60,POCOL,500,1,12,914.3818918818142
8XS_N500_POCOL_seed001_tau60,POCOL,500,1,13,1374.321691183026
8XS_N500_POCOL_seed001_tau60,POCOL,500,1,14,640.8289662479228
8XS_N500_POCOL_seed001_tau60,POCOL,500,1,15,520.4192755571985
8XS_N500_POCOL_seed001_tau60,POCOL,500,1,16,35.6302623696065
8XS_N500_POCOL_seed001_tau60,POCOL,500,1,17,329.1735898269271
8XS_N500_POCOL_seed001_tau60,POCOL,500,1,18,52.801087643778374
8XS_N500_POCOL_seed001_tau60,POCOL,500,1,19,314.71960456464876
8XS_N500_POCOL_seed002_tau60,POCOL,500,2,1,182.0309049066311
8XS_N500_POCOL_seed002_tau60,POCOL,500,2,2,980.4918238458094
8XS_N500_POCOL_seed002_tau60,POCOL,500,2,3,2299.279938629268
8XS_N500_POCOL_seed002_tau60,POCOL,500,2,4,128.0829766460838
8XS_N500_POCOL_seed002_tau60,POCOL,500,2,5,265.48987200070997
8XS_N500_POCOL_seed002_tau60,POCOL,500,2,6,923.8302565048925
8XS_N500_POCOL_seed002_tau60,POCOL,500,2,7,339.0606494461081
8XS_N500_POCOL_seed002_tau60,POCOL,500,2,8,355.31392395675357
8XS_N500_POCOL_seed002_tau60,POCOL,500,2,9,47.61025235841953
8XS_N500_POCOL_seed002_tau60,POCOL,500,2,10,848.9673301643725
8XS_N500_POCOL_seed002_tau60,POCOL,500,2,11,458.51799606675104
8XS_N500_POCOL_seed002_tau60,POCOL,500,2,12,9.421745941642257
8XS_N500_POCOL_seed002_tau60,POCOL,500,2,13,109.50669020613259
8XS_N500_POCOL_seed002_tau60,POCOL,500,2,14,328.8830167919341
8XS_N500_POCOL_seed002_tau60,POCOL,500,2,15,507.4134868198589
8XS_N500_POCOL_seed002_tau60,POCOL,500,2,16,460.9465023120247
8XS_N500_POCOL_seed002_tau60,POCOL,500,2,17,919.7169581124053
8XS_N500_POCOL_seed002_tau60,POCOL,500,2,18,154.58364560498194
8XS_N500_POCOL_seed002_tau60,POCOL,500,2,19,132.0267001864413
8XS_N500_POCOL_seed002_tau60,POCOL,500,2,20,166.83069536129915
8XS_N500_POCOL_seed003_tau60,POCOL,500,3,1,168.46830332112893
8XS_N500_POCOL_seed003_tau60,POCOL,500,3,2,107.40903169111255
8XS_N500_POCOL_seed003_tau60,POCOL,500,3,3,212.3244057931244
8XS_N500_POCOL_seed003_tau60,POCOL,500,3,4,288.94313132784515
8XS_N500_POCOL_seed003_tau60,POCOL,500,3,5,530.8315354994261
8XS_N500_POCOL_seed003_tau60,POCOL,500,3,6,144.5942322053329
8XS_N500_POCOL_seed003_tau60,POCOL,500,3,7,27.635479590076784
8XS_N500_POCOL_seed003_tau60,POCOL,500,3,8,1763.4230849297232
8XS_N500_POCOL_seed003_tau60,POCOL,500,3,9,260.58400853861895
8XS_N500_POCOL_seed003_tau60,POCOL,500,3,10,338.5032799753985
8XS_N500_POCOL_seed003_tau60,POCOL,500,3,11,64.93023701955099
8XS_N500_POCOL_seed003_tau60,POCOL,500,3,12,535.6372108842452
8XS_N500_POCOL_seed003_tau60,POCOL,500,3,13,245.02557730601802
8XS_N500_POCOL_seed003_tau60,POCOL,500,3,14,204.8788619250863
8XS_N500_POCOL_seed003_tau60,POCOL,500,3,15,633.9867617927057
8XS_N500_POCOL_seed003_tau60,POCOL,500,3,16,298.89532430671534
8XS_N500_POCOL_seed003_tau60,POCOL,500,3,17,72.99943032191095
8XS_N500_POCOL_seed003_tau60,POCOL,500,3,18,594.0182599678183
8XS_N500_POCOL_seed003_tau60,POCOL,500,3,19,2163.918917384931
8XS_N500_POCOL_seed004_tau60,POCOL,500,4,1,235.5384359783027
8XS_N500_POCOL_seed004_tau60,POCOL,500,4,2,371.159975743558
8XS_N500_POCOL_seed004_tau60,POCOL,500,4,3,274.13029772936034
8XS_N500_POCOL_seed004_tau60,POCOL,500,4,4,4.765697058294336
8XS_N500_POCOL_seed004_tau60,POCOL,500,4,5,66.6897514361558
8XS_N500_POCOL_seed004_tau60,POCOL,500,4,6,28.764426889048536
8XS_N500_POCOL_seed004_tau60,POCOL,500,4,7,1052.395210237683
8XS_N500_POCOL_seed004_tau60,POCOL,500,4,8,383.24260622558995
8XS_N500_POCOL_seed004_tau60,POCOL,500,4,9,387.43892406781833
8XS_N500_POCOL_seed004_tau60,POCOL,500,4,10,450.2735281770956
8XS_N500_POCOL_seed004_tau60,POCOL,500,4,11,2224.157759545647
8XS_N500_POCOL_seed004_tau60,POCOL,500,4,12,53.15416913687204
8XS_N500_POCOL_seed004_tau60,POCOL,500,4,13,698.3352010265216
8XS_N500_POCOL_seed004_tau60,POCOL,500,4,14,821.8338312991009
8XS_N500_POCOL_seed004_tau60,POCOL,500,4,15,402.85273981713635
8XS_N500_POCOL_seed004_tau60,POCOL,500,4,16,787.3354158510128
8XS_N500_POCOL_seed004_tau60,POCOL,500,4,17,83.12535425082751
8XS_N500_POCOL_seed004_tau60,POCOL,500,4,18,722.2211423999415
8XS_N500_POCOL_seed004_tau60,POCOL,500,4,19,56.029494314796466
8XS_N500_POCOL_seed004_tau60,POCOL,500,4,20,778.1182141390109
8XS_N500_POCOL_seed005_tau60,POCOL,500,5,1,419.9679300940961
8XS_N500_POCOL_seed005_tau60,POCOL,500,5,2,539.9530971355402
8XS_N500_POCOL_seed005_tau60,POCOL,500,5,3,388.6890332204016
8XS_N500_POCOL_seed005_tau60,POCOL,500,5,4,971.4327366388038
8XS_N500_POCOL_seed005_tau60,POCOL,500,5,5,1465.9609899825941
8XS_N500_POCOL_seed005_tau60,POCOL,500,5,6,1780.7485514497257
8XS_N500_POCOL_seed005_tau60,POCOL,500,5,7,43.01587822806323
8XS_N500_POCOL_seed005_tau60,POCOL,500,5,8,266.879890816469
8XS_N500_POCOL_seed005_tau60,POCOL,500,5,9,130.07305890445787
8XS_N500_POCOL_seed005_tau60,POCOL,500,5,10,442.27779029627436
8XS_N500_POCOL_seed005_tau60,POCOL,500,5,11,272.73737142441314
8XS_N500_POCOL_seed005_tau60,POCOL,500,5,12,336.7215681094567
8XS_N500_POCOL_seed005_tau60,POCOL,500,5,13,178.21402194460643
8XS_N500_POCOL_seed005_tau60,POCOL,500,5,14,822.650003941988
8XS_N500_POCOL_seed005_tau60,POCOL,500,5,15,1166.0377267069534
8XS_N500_POCOL_seed005_tau60,POCOL,500,5,16,733.4325393033505
8XS_N500_POCOL_seed006_tau60,POCOL,500,6,1,173.36690297858686
8XS_N500_POCOL_seed006_tau60,POCOL,500,6,2,42.30667561522222
8XS_N500_POCOL_seed006_tau60,POCOL,500,6,3,341.53818684147814
8XS_N500_POCOL_seed006_tau60,POCOL,500,6,4,321.9340613525061
8XS_N500_POCOL_seed006_tau60,POCOL,500,6,5,496.5766758388663
8XS_N500_POCOL_seed006_tau60,POCOL,500,6,6,1785.978492782545
8XS_N500_POCOL_seed006_tau60,POCOL,500,6,7,676.310735324625
8XS_N500_POCOL_seed006_tau60,POCOL,500,6,8,1710.0614529726663
8XS_N500_POCOL_seed006_tau60,POCOL,500,6,9,743.2092510104949
8XS_N500_POCOL_seed006_tau60,POCOL,500,6,10,673.5149189448393
8XS_N500_POCOL_seed006_tau60,POCOL,500,6,11,1005.3247942445023
8XS_N500_POCOL_seed006_tau60,POCOL,500,6,12,488.45043783728124
8XS_N500_POCOL_seed007_tau60,POCOL,500,7,1,143.08860282627515
8XS_N500_POCOL_seed007_tau60,POCOL,500,7,2,697.0037893237145
8XS_N500_POCOL_seed007_tau60,POCOL,500,7,3,1218.2082338163732
8XS_N500_POCOL_seed007_tau60,POCOL,500,7,4,137.05736112355407
8XS_N500_POCOL_seed007_tau60,POCOL,500,7,5,1703.8415622750176
8XS_N500_POCOL_seed007_tau60,POCOL,500,7,6,487.50576540735983
8XS_N500_POCOL_seed007_tau60,POCOL,500,7,7,125.85994574540018
8XS_N500_POCOL_seed007_tau60,POCOL,500,7,8,179.7666502991733
8XS_N500_POCOL_seed007_tau60,POCOL,500,7,9,519.6168286715883
8XS_N500_POCOL_seed007_tau60,POCOL,500,7,10,1217.5466514340296
8XS_N500_POCOL_seed007_tau60,POCOL,500,7,11,222.90305702617843
8XS_N500_POCOL_seed007_tau60,POCOL,500,7,12,314.9331331057374
8XS_N500_POCOL_seed007_tau60,POCOL,500,7,13,1368.8030581708326
8XS_N500_POCOL_seed007_tau60,POCOL,500,7,14,36.776817399009815
8XS_N500_POCOL_seed007_tau60,POCOL,500,7,15,1077.76763926278
8XS_N500_POCOL_seed007_tau60,POCOL,500,7,16,99.5997986180173
8XS_N500_POCOL_seed007_tau60,POCOL,500,7,17,271.54641958132015
8XS_N500_POCOL_seed008_tau60,POCOL,500,8,1,524.0818174491974
8XS_N500_POCOL_seed008_tau60,POCOL,500,8,2,277.45806379477904
8XS_N500_POCOL_seed008_tau60,POCOL,500,8,3,366.7336394792769
8XS_N500_POCOL_seed008_tau60,POCOL,500,8,4,551.0074661642359
8XS_N500_POCOL_seed008_tau60,POCOL,500,8,5,19.01162032665161
8XS_N500_POCOL_seed008_tau60,POCOL,500,8,6,1456.2280722187984
8XS_N500_POCOL_seed008_tau60,POCOL,500,8,7,289.41640659389805
8XS_N500_POCOL_seed008_tau60,POCOL,500,8,8,420.01099149843367
8XS_N500_POCOL_seed008_tau60,POCOL,500,8,9,113.9687088842843
8XS_N500_POCOL_seed008_tau60,POCOL,500,8,10,3014.8166963725134
8XS_N500_POCOL_seed008_tau60,POCOL,500,8,11,587.3900758231111
8XS_N500_POCOL_seed008_tau60,POCOL,500,8,12,1332.2852335642647
8XS_N500_POCOL_seed008_tau60,POCOL,500,8,13,488.8785332308962
8XS_N500_POCOL_seed009_tau60,POCOL,500,9,1,1534.8342935833145
8XS_N500_POCOL_seed009_tau60,POCOL,500,9,2,1410.6522962725955
8XS_N500_POCOL_seed009_tau60,POCOL,500,9,3,203.28776329647417
8XS_N500_POCOL_seed009_tau60,POCOL,500,9,4,732.7215941222307
8XS_N500_POCOL_seed009_tau60,POCOL,500,9,5,808.0978706519982
8XS_N500_POCOL_seed009_tau60,POCOL,500,9,6,2148.620355889403
8XS_N500_POCOL_seed009_tau60,POCOL,500,9,7,356.8530180584967
8XS_N500_POCOL_seed009_tau60,POCOL,500,9,8,772.0914628188657
8XS_N500_POCOL_seed009_tau60,POCOL,500,9,9,1210.6971156768623
8XS_N500_POCOL_seed009_tau60,POCOL,500,9,10,15.615037311297783
8XS_N500_POCOL_seed009_tau60,POCOL,500,9,11,189.7049843936984
8XS_N500_POCOL_seed010_tau60,POCOL,500,10,1,203.9494915378941
8XS_N500_POCOL_seed010_tau60,POCOL,500,10,2,807.8386469746558
8XS_N500_POCOL_seed010_tau60,POCOL,500,10,3,978.8149027442644
8XS_N500_POCOL_seed010_tau60,POCOL,500,10,4,108.15498075296728
8XS_N500_POCOL_seed010_tau60,POCOL,500,10,5,553.6754878854731
8XS_N500_POCOL_seed010_tau60,POCOL,500,10,6,229.09476553865034
8XS_N500_POCOL_seed010_tau60,POCOL,500,10,7,312.9153464914416
8XS_N500_POCOL_seed010_tau60,POCOL,500,10,8,459.60916761414455
8XS_N500_POCOL_seed010_tau60,POCOL,500,10,9,294.7495425307716
8XS_N500_POCOL_seed010_tau60,POCOL,500,10,10,1226.1425394402172
8XS_N500_POCOL_seed010_tau60,POCOL,500,10,11,557.1631189790724
8XS_N500_POCOL_seed010_tau60,POCOL,500,10,12,349.2687302080667
8XS_N500_POCOL_seed010_tau60,POCOL,500,10,13,915.4833198668166
8XS_N500_POCOL_seed010_tau60,POCOL,500,10,14,128.95422685772246
8XS_N500_POCOL_seed010_tau60,POCOL,500,10,15,352.75354641692866
8XS_N500_POCOL_seed010_tau60,POCOL,500,10,16,2079.8835583262844
8XS_N500_POCOL_seed010_tau60,POCOL,500,10,17,358.333343545597
8XS_N500_POCOL_seed011_tau60,POCOL,500,11,1,2.5182256131863463
8XS_N500_POCOL_seed011_tau60,POCOL,500,11,2,587.1552844045815
8XS_N500_POCOL_seed011_tau60,POCOL,500,11,3,124.40019843436016
8XS_N500_POCOL_seed011_tau60,POCOL,500,11,4,671.1397435488403
8XS_N500_POCOL_seed011_tau60,POCOL,500,11,5,650.8029277398309
8XS_N500_POCOL_seed011_tau60,POCOL,500,11,6,124.23008894194459
8XS_N500_POCOL_seed011_tau60,POCOL,500,11,7,257.72408059854115
8XS_N500_POCOL_seed011_tau60,POCOL,500,11,8,746.7988750153372
8XS_N500_POCOL_seed011_tau60,POCOL,500,11,9,301.6938235135285
8XS_N500_POCOL_seed011_tau60,POCOL,500,11,10,105.00728874457945
8XS_N500_POCOL_seed011_tau60,POCOL,500,11,11,823.0664800828777
8XS_N500_POCOL_seed011_tau60,POCOL,500,11,12,446.09190940120516
8XS_N500_POCOL_seed011_tau60,POCOL,500,11,13,671.608489517881
8XS_N500_POCOL_seed011_tau60,POCOL,500,11,14,1481.3581672771152
8XS_N500_POCOL_seed011_tau60,POCOL,500,11,15,242.9161739445417
8XS_N500_POCOL_seed011_tau60,POCOL,500,11,16,379.15352387187704
8XS_N500_POCOL_seed012_tau60,POCOL,500,12,1,1984.0801243727522
8XS_N500_POCOL_seed012_tau60,POCOL,500,12,2,3688.659209076336
8XS_N500_POCOL_seed012_tau60,POCOL,500,12,3,37.88805231225797
8XS_N500_POCOL_seed012_tau60,POCOL,500,12,4,922.357675492075
8XS_N500_POCOL_seed012_tau60,POCOL,500,12,5,721.34197207536
8XS_N500_POCOL_seed012_tau60,POCOL,500,12,6,538.3711327568126
8XS_N500_POCOL_seed012_tau60,POCOL,500,12,7,25.319348021262158
8XS_N500_POCOL_seed012_tau60,POCOL,500,12,8,779.0649952777494
8XS_N500_POCOL_seed012_tau60,POCOL,500,12,9,189.46242135596367
8XS_N500_POCOL_seed012_tau60,POCOL,500,12,10,929.5634473460141
8XS_N500_POCOL_seed013_tau60,POCOL,500,13,1,124.03850170063731
8XS_N500_POCOL_seed013_tau60,POCOL,500,13,2,603.3551810152533
8XS_N500_POCOL_seed013_tau60,POCOL,500,13,3,439.9347079219384
8XS_N500_POCOL_seed013_tau60,POCOL,500,13,4,679.0887065332988
8XS_N500_POCOL_seed013_tau60,POCOL,500,13,5,67.37985873265984
8XS_N500_POCOL_seed013_tau60,POCOL,500,13,6,665.9737328655694
8XS_N500_POCOL_seed013_tau60,POCOL,500,13,7,269.6917694192007
8XS_N500_POCOL_seed013_tau60,POCOL,500,13,8,139.2463359520516
8XS_N500_POCOL_seed013_tau60,POCOL,500,13,9,1344.9334142219755
8XS_N500_POCOL_seed013_tau60,POCOL,500,13,10,188.52407274146935
8XS_N500_POCOL_seed013_tau60,POCOL,500,13,11,192.50892403258422
8XS_N500_POCOL_seed013_tau60,POCOL,500,13,12,67.71611618450606
8XS_N500_POCOL_seed013_tau60,POCOL,500,13,13,333.4520441415925
8XS_N500_POCOL_seed013_tau60,POCOL,500,13,14,304.9993031564063
8XS_N500_POCOL_seed013_tau60,POCOL,500,13,15,80.35494227900381
8XS_N500_POCOL_seed013_tau60,POCOL,500,13,16,405.65846769473046
8XS_N500_POCOL_seed013_tau60,POCOL,500,13,17,858.030206130391
8XS_N500_POCOL_seed013_tau60,POCOL,500,13,18,71.17585174531268
8XS_N500_POCOL_seed013_tau60,POCOL,500,13,19,395.8561880500192
8XS_N500_POCOL_seed013_tau60,POCOL,500,13,20,1850.3532622116281
8XS_N500_POCOL_seed013_tau60,POCOL,500,13,21,269.8152637013609
8XS_N500_POCOL_seed014_tau60,POCOL,500,14,1,1602.711095216784
8XS_N500_POCOL_seed014_tau60,POCOL,500,14,2,272.23636513337283
8XS_N500_POCOL_seed014_tau60,POCOL,500,14,3,102.03768814954014
8XS_N500_POCOL_seed014_tau60,POCOL,500,14,4,979.3527105550465
8XS_N500_POCOL_seed014_tau60,POCOL,500,14,5,387.7060714506192
8XS_N500_POCOL_seed014_tau60,POCOL,500,14,6,82.4348995870364
8XS_N500_POCOL_seed014_tau60,POCOL,500,14,7,144.21071621393457
8XS_N500_POCOL_seed014_tau60,POCOL,500,14,8,945.836991921331
8XS_N500_POCOL_seed014_tau60,POCOL,500,14,9,139.62930545851395
8XS_N500_POCOL_seed014_tau60,POCOL,500,14,10,626.3771848869674
8XS_N500_POCOL_seed014_tau60,POCOL,500,14,11,841.6598295988942
8XS_N500_POCOL_seed014_tau60,POCOL,500,14,12,1955.9721981169296
8XS_N500_POCOL_seed014_tau60,POCOL,500,14,13,1336.3226879912745
8XS_N500_POCOL_seed015_tau60,POCOL,500,15,1,6.713211837995363
8XS_N500_POCOL_seed015_tau60,POCOL,500,15,2,537.4070808660078
8XS_N500_POCOL_seed015_tau60,POCOL,500,15,3,180.37148211408555
8XS_N500_POCOL_seed015_tau60,POCOL,500,15,4,136.37467493275835
8XS_N500_POCOL_seed015_tau60,POCOL,500,15,5,1713.5683390819718
8XS_N500_POCOL_seed015_tau60,POCOL,500,15,6,548.7384705774771
8XS_N500_POCOL_seed015_tau60,POCOL,500,15,7,543.1245356539475
8XS_N500_POCOL_seed015_tau60,POCOL,500,15,8,1509.7463291245813
8XS_N500_POCOL_seed015_tau60,POCOL,500,15,9,293.7626145270797
8XS_N500_POCOL_seed015_tau60,POCOL,500,15,10,21.94292778715044
8XS_N500_POCOL_seed015_tau60,POCOL,500,15,11,403.63619969667707
8XS_N500_POCOL_seed015_tau60,POCOL,500,15,12,318.5129925531619
8XS_N500_POCOL_seed015_tau60,POCOL,500,15,13,46.47777386833786
8XS_N500_POCOL_seed015_tau60,POCOL,500,15,14,541.9617191269808
8XS_N500_POCOL_seed015_tau60,POCOL,500,15,15,349.2104972440666
8XS_N500_POCOL_seed015_tau60,POCOL,500,15,16,400.875269825191
8XS_N500_POCOL_seed015_tau60,POCOL,500,15,17,1349.1096436491634
8XS_N500_POCOL_seed015_tau60,POCOL,500,15,18,168.28346345903265
8XS_N500_POCOL_seed015_tau60,POCOL,500,15,19,448.2032880511888
8XS_N500_POCOL_seed016_tau60,POCOL,500,16,1,1952.9527503688892
8XS_N500_POCOL_seed016_tau60,POCOL,500,16,2,1020.043267531411
8XS_N500_POCOL_seed016_tau60,POCOL,500,16,3,317.00198271299723
8XS_N500_POCOL_seed016_tau60,POCOL,500,16,4,158.83518095288537
8XS_N500_POCOL_seed016_tau60,POCOL,500,16,5,172.15612950401237
8XS_N500_POCOL_seed016_tau60,POCOL,500,16,6,713.1994309410911
8XS_N500_POCOL_seed016_tau60,POCOL,500,16,7,114.37432415854164
8XS_N500_POCOL_seed016_tau60,POCOL,500,16,8,155.18137242915964
8XS_N500_POCOL_seed016_tau60,POCOL,500,16,9,116.17618737683642
8XS_N500_POCOL_seed016_tau60,POCOL,500,16,10,981.2673999756298
8XS_N500_POCOL_seed016_tau60,POCOL,500,16,11,5.292547931135232
8XS_N500_POCOL_seed016_tau60,POCOL,500,16,12,108.60553121072735
8XS_N500_POCOL_seed016_tau60,POCOL,500,16,13,1425.2219856857364
8XS_N500_POCOL_seed016_tau60,POCOL,500,16,14,1366.33813772522
8XS_N500_POCOL_seed016_tau60,POCOL,500,16,15,608.4300011543492
8XS_N500_POCOL_seed017_tau60,POCOL,500,17,1,207.51413947721258
8XS_N500_POCOL_seed017_tau60,POCOL,500,17,2,213.82943464518635
8XS_N500_POCOL_seed017_tau60,POCOL,500,17,3,1368.5509216952432
8XS_N500_POCOL_seed017_tau60,POCOL,500,17,4,345.88659891576617
8XS_N500_POCOL_seed017_tau60,POCOL,500,17,5,228.84904409720866
8XS_N500_POCOL_seed017_tau60,POCOL,500,17,6,1265.856149770138
8XS_N500_POCOL_seed017_tau60,POCOL,500,17,7,135.97235324511803
8XS_N500_POCOL_seed017_tau60,POCOL,500,17,8,208.22675229914694
8XS_N500_POCOL_seed017_tau60,POCOL,500,17,9,75.5252085863658
8XS_N500_POCOL_seed017_tau60,POCOL,500,17,10,1204.8472308177024
8XS_N500_POCOL_seed017_tau60,POCOL,500,17,11,732.731243539638
8XS_N500_POCOL_seed017_tau60,POCOL,500,17,12,157.08337244379982
8XS_N500_POCOL_seed017_tau60,POCOL,500,17,13,42.8450608181638
8XS_N500_POCOL_seed017_tau60,POCOL,500,17,14,22.39929812617629
8XS_N500_POCOL_seed017_tau60,POCOL,500,17,15,713.277076541448
8XS_N500_POCOL_seed017_tau60,POCOL,500,17,16,2170.277838314466
8XS_N500_POCOL_seed017_tau60,POCOL,500,17,17,422.3738362404565
8XS_N500_POCOL_seed017_tau60,POCOL,500,17,18,164.01946208993468
8XS_N500_POCOL_seed018_tau60,POCOL,500,18,1,149.63065557319575
8XS_N500_POCOL_seed018_tau60,POCOL,500,18,2,372.8592503297232
8XS_N500_POCOL_seed018_tau60,POCOL,500,18,3,2619.2934831660646
8XS_N500_POCOL_seed018_tau60,POCOL,500,18,4,6.644688177255375
8XS_N500_POCOL_seed018_tau60,POCOL,500,18,5,184.43313796977873
8XS_N500_POCOL_seed018_tau60,POCOL,500,18,6,389.7565643505586
8XS_N500_POCOL_seed018_tau60,POCOL,500,18,7,121.34657308484248
8XS_N500_POCOL_seed018_tau60,POCOL,500,18,8,505.5052379844997
8XS_N500_POCOL_seed018_tau60,POCOL,500,18,9,195.24533559039355
8XS_N500_POCOL_seed018_tau60,POCOL,500,18,10,260.89258727234755
8XS_N500_POCOL_seed018_tau60,POCOL,500,18,11,721.6553001709672
8XS_N500_POCOL_seed018_tau60,POCOL,500,18,12,1455.0386893923323
8XS_N500_POCOL_seed018_tau60,POCOL,500,18,13,845.8550455019486
8XS_N500_POCOL_seed018_tau60,POCOL,500,18,14,278.8868182881679
8XS_N500_POCOL_seed018_tau60,POCOL,500,18,15,25.24736821335773
8XS_N500_POCOL_seed019_tau60,POCOL,500,19,1,423.2766725104063
8XS_N500_POCOL_seed019_tau60,POCOL,500,19,2,306.7471863210873
8XS_N500_POCOL_seed019_tau60,POCOL,500,19,3,1125.1244615480214
8XS_N500_POCOL_seed019_tau60,POCOL,500,19,4,196.5842368764063
8XS_N500_POCOL_seed019_tau60,POCOL,500,19,5,589.3141354327945
8XS_N500_POCOL_seed019_tau60,POCOL,500,19,6,150.13280440122162
8XS_N500_POCOL_seed019_tau60,POCOL,500,19,7,690.6967780336286
8XS_N500_POCOL_seed019_tau60,POCOL,500,19,8,1052.053419803739
8XS_N500_POCOL_seed019_tau60,POCOL,500,19,9,608.1483926136652
8XS_N500_POCOL_seed019_tau60,POCOL,500,19,10,931.3266323588687
8XS_N500_POCOL_seed019_tau60,POCOL,500,19,11,843.9957906200698
8XS_N500_POCOL_seed019_tau60,POCOL,500,19,12,407.8039905124542
8XS_N500_POCOL_seed019_tau60,POCOL,500,19,13,227.48348674135013
8XS_N500_POCOL_seed019_tau60,POCOL,500,19,14,531.4201667808102
8XS_N500_POCOL_seed020_tau60,POCOL,500,20,1,411.16593309915186
8XS_N500_POCOL_seed020_tau60,POCOL,500,20,2,290.58884266605423
8XS_N500_POCOL_seed020_tau60,POCOL,500,20,3,1133.2118125556085
8XS_N500_POCOL_seed020_tau60,POCOL,500,20,4,335.6012701003665
8XS_N500_POCOL_seed020_tau60,POCOL,500,20,5,328.4768439526729
8XS_N500_POCOL_seed020_tau60,POCOL,500,20,6,907.6119706862714
8XS_N500_POCOL_seed020_tau60,POCOL,500,20,7,66.36852938543052
8XS_N500_POCOL_seed020_tau60,POCOL,500,20,8,351.66474870232196
8XS_N500_POCOL_seed020_tau60,POCOL,500,20,9,2876.9263016397717
8XS_N500_POCOL_seed020_tau60,POCOL,500,20,10,147.56165510885967
8XS_N500_POCOL_seed020_tau60,POCOL,500,20,11,128.55532479310932
8XS_N500_POCOL_seed020_tau60,POCOL,500,20,12,484.7491411064975
8XS_N500_POCOL_seed020_tau60,POCOL,500,20,13,47.71949499995844
8XS_N500_POCOL_seed020_tau60,POCOL,500,20,14,83.29274432541024
8XS_N500_POCOL_seed020_tau60,POCOL,500,20,15,233.49265715181627
8XS_N500_POCOL_seed020_tau60,POCOL,500,20,16,245.07088181741346
8XS_N500_POCOL_seed020_tau60,POCOL,500,20,17,51.611445905109576
8XS_N500_POCOL_seed020_tau60,POCOL,500,20,18,300.9087766940029
8XS_N500_POCOL_seed020_tau60,POCOL,500,20,19,310.9595052186669
8XS_N500_POCOL_seed020_tau60,POCOL,500,20,20,635.5918255752695
8XS_N500_POCOL_seed021_tau60,POCOL,500,21,1,162.78853124724526
8XS_N500_POCOL_seed021_tau60,POCOL,500,21,2,97.14832208189091
8XS_N500_POCOL_seed021_tau60,POCOL,500,21,3,262.8984116682476
8XS_N500_POCOL_seed021_tau60,POCOL,500,21,4,206.2723831570471
8XS_N500_POCOL_seed021_tau60,POCOL,500,21,5,280.0617656933391
8XS_N500_POCOL_seed021_tau60,POCOL,500,21,6,387.30029529209844
8XS_N500_POCOL_seed021_tau60,POCOL,500,21,7,630.5206205221937
8XS_N500_POCOL_seed021_tau60,POCOL,500,21,8,1863.9966406483916
8XS_N500_POCOL_seed021_tau60,POCOL,500,21,9,84.66507998897077
8XS_N500_POCOL_seed021_tau60,POCOL,500,21,10,395.2115917023939
8XS_N500_POCOL_seed021_tau60,POCOL,500,21,11,241.7796466315276
8XS_N500_POCOL_seed021_tau60,POCOL,500,21,12,2481.9315670598917
8XS_N500_POCOL_seed021_tau60,POCOL,500,21,13,213.58986531315168
8XS_N500_POCOL_seed021_tau60,POCOL,500,21,14,8.6947306020229
8XS_N500_POCOL_seed021_tau60,POCOL,500,21,15,1654.0529085947583
8XS_N500_POCOL_seed022_tau60,POCOL,500,22,1,775.5467824366166
8XS_N500_POCOL_seed022_tau60,POCOL,500,22,2,588.30056569432
8XS_N500_POCOL_seed022_tau60,POCOL,500,22,3,1222.3947774264861
8XS_N500_POCOL_seed022_tau60,POCOL,500,22,4,827.352108087206
8XS_N500_POCOL_seed022_tau60,POCOL,500,22,5,460.41058841934546
8XS_N500_POCOL_seed022_tau60,POCOL,500,22,6,38.15895795206961
8XS_N500_POCOL_seed022_tau60,POCOL,500,22,7,923.2652532996867
8XS_N500_POCOL_seed022_tau60,POCOL,500,22,8,334.8951513551556
8XS_N500_POCOL_seed022_tau60,POCOL,500,22,9,531.8140898017737
8XS_N500_POCOL_seed022_tau60,POCOL,500,22,10,238.12478885813925
8XS_N500_POCOL_seed022_tau60,POCOL,500,22,11,65.39988048637679
8XS_N500_POCOL_seed022_tau60,POCOL,500,22,12,1700.3858606641315
8XS_N500_POCOL_seed022_tau60,POCOL,500,22,13,576.2456593889956
8XS_N500_POCOL_seed022_tau60,POCOL,500,22,14,719.0042024717623
8XS_N500_POCOL_seed023_tau60,POCOL,500,23,1,15.251601580493286
8XS_N500_POCOL_seed023_tau60,POCOL,500,23,2,1064.0310277127776
8XS_N500_POCOL_seed023_tau60,POCOL,500,23,3,210.1242884955684
8XS_N500_POCOL_seed023_tau60,POCOL,500,23,4,518.6648934641178
8XS_N500_POCOL_seed023_tau60,POCOL,500,23,5,306.217529587183
8XS_N500_POCOL_seed023_tau60,POCOL,500,23,6,344.68449109279754
8XS_N500_POCOL_seed023_tau60,POCOL,500,23,7,1323.4816882485934
8XS_N500_POCOL_seed023_tau60,POCOL,500,23,8,260.7432944376869
8XS_N500_POCOL_seed023_tau60,POCOL,500,23,9,514.9473618404481
8XS_N500_POCOL_seed023_tau60,POCOL,500,23,10,691.855893432541
8XS_N500_POCOL_seed023_tau60,POCOL,500,23,11,295.67675933614464
8XS_N500_POCOL_seed023_tau60,POCOL,500,23,12,344.2162494997092
8XS_N500_POCOL_seed023_tau60,POCOL,500,23,13,169.09512928958975
8XS_N500_POCOL_seed023_tau60,POCOL,500,23,14,459.5063362427627
8XS_N500_POCOL_seed023_tau60,POCOL,500,23,15,93.0797788584141
8XS_N500_POCOL_seed023_tau60,POCOL,500,23,16,1060.4131740367202
8XS_N500_POCOL_seed023_tau60,POCOL,500,23,17,73.0948157593266
8XS_N500_POCOL_seed023_tau60,POCOL,500,23,18,46.331047573696196
8XS_N500_POCOL_seed023_tau60,POCOL,500,23,19,17.122586530535955
8XS_N500_POCOL_seed023_tau60,POCOL,500,23,20,970.5069965024895
8XS_N500_POCOL_seed023_tau60,POCOL,500,23,21,243.52167305362855
8XS_N500_POCOL_seed024_tau60,POCOL,500,24,1,7.568680862870103
8XS_N500_POCOL_seed024_tau60,POCOL,500,24,2,475.74880972265606
8XS_N500_POCOL_seed024_tau60,POCOL,500,24,3,92.04266136172686
8XS_N500_POCOL_seed024_tau60,POCOL,500,24,4,250.82369788962433
8XS_N500_POCOL_seed024_tau60,POCOL,500,24,5,249.0761415704725
8XS_N500_POCOL_seed024_tau60,POCOL,500,24,6,648.3576639486646
8XS_N500_POCOL_seed024_tau60,POCOL,500,24,7,145.4032159496776
8XS_N500_POCOL_seed024_tau60,POCOL,500,24,8,150.57030681739525
8XS_N500_POCOL_seed024_tau60,POCOL,500,24,9,448.79722232388144
8XS_N500_POCOL_seed024_tau60,POCOL,500,24,10,2137.9547368223807
8XS_N500_POCOL_seed024_tau60,POCOL,500,24,11,66.80967461634282
8XS_N500_POCOL_seed024_tau60,POCOL,500,24,12,107.9232226075519
8XS_N500_POCOL_seed024_tau60,POCOL,500,24,13,1039.9338269675545
8XS_N500_POCOL_seed024_tau60,POCOL,500,24,14,287.32704644185196
8XS_N500_POCOL_seed024_tau60,POCOL,500,24,15,1744.7233218295423
8XS_N500_POCOL_seed024_tau60,POCOL,500,24,16,1190.9060748864576
8XS_N500_POCOL_seed024_tau60,POCOL,500,24,17,109.82704406851917
8XS_N500_POCOL_seed024_tau60,POCOL,500,24,18,843.4453070456693
8XS_N500_POCOL_seed025_tau60,POCOL,500,25,1,848.2288854105504
8XS_N500_POCOL_seed025_tau60,POCOL,500,25,2,1480.5159235900373
8XS_N500_POCOL_seed025_tau60,POCOL,500,25,3,93.26089626375688
8XS_N500_POCOL_seed025_tau60,POCOL,500,25,4,29.501406729413702
8XS_N500_POCOL_seed025_tau60,POCOL,500,25,5,366.13899164569557
8XS_N500_POCOL_seed025_tau60,POCOL,500,25,6,19.807830344974263
8XS_N500_POCOL_seed025_tau60,POCOL,500,25,7,248.22083264500816
8XS_N500_POCOL_seed025_tau60,POCOL,500,25,8,643.1093029474246
8XS_N500_POCOL_seed025_tau60,POCOL,500,25,9,407.4080253559796
8XS_N500_POCOL_seed025_tau60,POCOL,500,25,10,831.213263264237
8XS_N500_POCOL_seed025_tau60,POCOL,500,25,11,796.0944872497621
8XS_N500_POCOL_seed025_tau60,POCOL,500,25,12,26.13229113304169
8XS_N500_POCOL_seed025_tau60,POCOL,500,25,13,833.6185268288818
8XS_N500_POCOL_seed025_tau60,POCOL,500,25,14,211.95312676604863
8XS_N500_POCOL_seed025_tau60,POCOL,500,25,15,803.1542883256025
8XS_N500_POCOL_seed025_tau60,POCOL,500,25,16,199.1422814709449
8XS_N500_POCOL_seed025_tau60,POCOL,500,25,17,659.5712415662865
8XS_N500_POCOL_seed025_tau60,POCOL,500,25,18,729.5102444278491
8XS_N500_POCOL_seed026_tau60,POCOL,500,26,1,244.49602131725464
8XS_N500_POCOL_seed026_tau60,POCOL,500,26,2,89.83121492090442
8XS_N500_POCOL_seed026_tau60,POCOL,500,26,3,909.8294201472702
8XS_N500_POCOL_seed026_tau60,POCOL,500,26,4,510.2603592851758
8XS_N500_POCOL_seed026_tau60,POCOL,500,26,5,1270.1882614737924
8XS_N500_POCOL_seed026_tau60,POCOL,500,26,6,372.29910338084346
8XS_N500_POCOL_seed026_tau60,POCOL,500,26,7,217.97811572232058
8XS_N500_POCOL_seed026_tau60,POCOL,500,26,8,59.77164621368638
8XS_N500_POCOL_seed026_tau60,POCOL,500,26,9,253.66908819976288
8XS_N500_POCOL_seed026_tau60,POCOL,500,26,10,952.6716615654514
8XS_N500_POCOL_seed026_tau60,POCOL,500,26,11,323.3781914816673
8XS_N500_POCOL_seed026_tau60,POCOL,500,26,12,1098.470597419856
8XS_N500_POCOL_seed026_tau60,POCOL,500,26,13,389.2404672685898
8XS_N500_POCOL_seed026_tau60,POCOL,500,26,14,340.06415898767136
8XS_N500_POCOL_seed026_tau60,POCOL,500,26,15,505.640085786471
8XS_N500_POCOL_seed026_tau60,POCOL,500,26,16,458.39201180553937
8XS_N500_POCOL_seed026_tau60,POCOL,500,26,17,391.18193573506596
8XS_N500_POCOL_seed026_tau60,POCOL,500,26,18,534.8533008607665
8XS_N500_POCOL_seed026_tau60,POCOL,500,26,19,401.44341547443037
8XS_N500_POCOL_seed026_tau60,POCOL,500,26,20,525.6692306127516
8XS_N500_POCOL_seed027_tau60,POCOL,500,27,1,126.99952789581869
8XS_N500_POCOL_seed027_tau60,POCOL,500,27,2,508.2300649964542
8XS_N500_POCOL_seed027_tau60,POCOL,500,27,3,692.9929934655174
8XS_N500_POCOL_seed027_tau60,POCOL,500,27,4,494.39041674143436
8XS_N500_POCOL_seed027_tau60,POCOL,500,27,5,139.31761776377652
8XS_N500_POCOL_seed027_tau60,POCOL,500,27,6,50.86447709339859
8XS_N500_POCOL_seed027_tau60,POCOL,500,27,7,486.39530779820325
8XS_N500_POCOL_seed027_tau60,POCOL,500,27,8,4230.694936971013
8XS_N500_POCOL_seed027_tau60,POCOL,500,27,9,830.5318139512083
8XS_N500_POCOL_seed027_tau60,POCOL,500,27,10,1748.066231363885
8XS_N500_POCOL_seed027_tau60,POCOL,500,27,11,78.28532337535216
8XS_N500_POCOL_seed027_tau60,POCOL,500,27,12,211.04041350650186
8XS_N500_POCOL_seed028_tau60,POCOL,500,28,1,1696.5709755077971
8XS_N500_POCOL_seed028_tau60,POCOL,500,28,2,138.31645449738585
8XS_N500_POCOL_seed028_tau60,POCOL,500,28,3,403.91120781725704
8XS_N500_POCOL_seed028_tau60,POCOL,500,28,4,396.18161539961375
8XS_N500_POCOL_seed028_tau60,POCOL,500,28,5,165.0812848050332
8XS_N500_POCOL_seed028_tau60,POCOL,500,28,6,85.4754359787803
8XS_N500_POCOL_seed028_tau60,POCOL,500,28,7,593.4623233563602
8XS_N500_POCOL_seed028_tau60,POCOL,500,28,8,231.26067997281416
8XS_N500_POCOL_seed028_tau60,POCOL,500,28,9,604.7067158362747
8XS_N500_POCOL_seed028_tau60,POCOL,500,28,10,58.506445233773775
8XS_N500_POCOL_seed028_tau60,POCOL,500,28,11,557.4237548848687
8XS_N500_POCOL_seed028_tau60,POCOL,500,28,12,2310.787991193415
8XS_N500_POCOL_seed028_tau60,POCOL,500,28,13,530.0086813706703
8XS_N500_POCOL_seed028_tau60,POCOL,500,28,14,425.6435677530317
8XS_N500_POCOL_seed028_tau60,POCOL,500,28,15,30.51827937275084
8XS_N500_POCOL_seed029_tau60,POCOL,500,29,1,215.55748763313665
8XS_N500_POCOL_seed029_tau60,POCOL,500,29,2,1288.5433834319326
8XS_N500_POCOL_seed029_tau60,POCOL,500,29,3,888.364702223704
8XS_N500_POCOL_seed029_tau60,POCOL,500,29,4,385.2852251911422
8XS_N500_POCOL_seed029_tau60,POCOL,500,29,5,2203.79360849869
8XS_N500_POCOL_seed029_tau60,POCOL,500,29,6,492.2645191325046
8XS_N500_POCOL_seed029_tau60,POCOL,500,29,7,239.6306942483243
8XS_N500_POCOL_seed029_tau60,POCOL,500,29,8,1296.9644201633873
8XS_N500_POCOL_seed029_tau60,POCOL,500,29,9,52.43246827286839
8XS_N500_POCOL_seed029_tau60,POCOL,500,29,10,1197.8124138486219
8XS_N500_POCOL_seed029_tau60,POCOL,500,29,11,632.5832123387008
8XS_N500_POCOL_seed029_tau60,POCOL,500,29,12,514.3591553273236
8XS_N500_POCOL_seed029_tau60,POCOL,500,29,13,7.049147185156471
8XS_N500_POCOL_seed030_tau60,POCOL,500,30,1,928.501230063538
8XS_N500_POCOL_seed030_tau60,POCOL,500,30,2,849.657704918163
8XS_N500_POCOL_seed030_tau60,POCOL,500,30,3,2520.914635374906
8XS_N500_POCOL_seed030_tau60,POCOL,500,30,4,327.20356298152
8XS_N500_POCOL_seed030_tau60,POCOL,500,30,5,2285.8526816951
8XS_N500_POCOL_seed030_tau60,POCOL,500,30,6,491.2781025640352
8XS_N500_POCOL_seed030_tau60,POCOL,500,30,7,346.79325854225135
8XS_N500_POCOL_seed030_tau60,POCOL,500,30,8,906.7600273174849
8XS_N500_POCOL_seed030_tau60,POCOL,500,30,9,660.4997767271325
8XS_N100_POCOL_seed001_tau6,POCOL,100,1,1,23.738303425857325
8XS_N100_POCOL_seed001_tau6,POCOL,100,1,2,711.950378496838
8XS_N100_POCOL_seed001_tau6,POCOL,100,1,3,1613.110241326648
8XS_N100_POCOL_seed001_tau6,POCOL,100,1,4,890.9063913628115
8XS_N100_POCOL_seed001_tau6,POCOL,100,1,5,1098.009723718205
8XS_N100_POCOL_seed001_tau6,POCOL,100,1,6,93.15411579893953
8XS_N100_POCOL_seed001_tau6,POCOL,100,1,7,618.2537472004515
8XS_N100_POCOL_seed001_tau6,POCOL,100,1,8,1235.8125758543756
8XS_N100_POCOL_seed001_tau6,POCOL,100,1,9,287.2184670269944
8XS_N100_POCOL_seed001_tau6,POCOL,100,1,10,2780.3645656588105
8XS_N100_POCOL_seed001_tau6,POCOL,100,1,11,324.9622820539389
8XS_N100_POCOL_seed002_tau6,POCOL,100,2,1,153.367617771936
8XS_N100_POCOL_seed002_tau6,POCOL,100,2,2,1155.2304138170764
8XS_N100_POCOL_seed002_tau6,POCOL,100,2,3,233.34321675637875
8XS_N100_POCOL_seed002_tau6,POCOL,100,2,4,153.7959231714699
8XS_N100_POCOL_seed002_tau6,POCOL,100,2,5,232.02451112257268
8XS_N100_POCOL_seed002_tau6,POCOL,100,2,6,2841.361792570176
8XS_N100_POCOL_seed002_tau6,POCOL,100,2,7,508.4938473435868
8XS_N100_POCOL_seed002_tau6,POCOL,100,2,8,3042.829171602698
8XS_N100_POCOL_seed002_tau6,POCOL,100,2,9,136.22834909944686
8XS_N100_POCOL_seed003_tau6,POCOL,100,3,1,662.6284972727078
8XS_N100_POCOL_seed003_tau6,POCOL,100,3,2,3222.361224887978
8XS_N100_POCOL_seed003_tau6,POCOL,100,3,3,269.43392430426866
8XS_N100_POCOL_seed003_tau6,POCOL,100,3,4,157.5322657577126
8XS_N100_POCOL_seed003_tau6,POCOL,100,3,5,2638.5018825382112
8XS_N100_POCOL_seed003_tau6,POCOL,100,3,6,230.37596325863524
8XS_N100_POCOL_seed003_tau6,POCOL,100,3,7,1149.1936458060927
8XS_N100_POCOL_seed003_tau6,POCOL,100,3,8,544.8044850918468
8XS_N100_POCOL_seed004_tau6,POCOL,100,4,1,462.24495684712264
8XS_N100_POCOL_seed004_tau6,POCOL,100,4,2,1569.407270390601
8XS_N100_POCOL_seed004_tau6,POCOL,100,4,3,590.1320269514213
8XS_N100_POCOL_seed004_tau6,POCOL,100,4,4,18.631413164591322
8XS_N100_POCOL_seed004_tau6,POCOL,100,4,5,927.1362336624675
8XS_N100_POCOL_seed004_tau6,POCOL,100,4,6,62.99239597512633
8XS_N100_POCOL_seed004_tau6,POCOL,100,4,7,87.2242561916828
8XS_N100_POCOL_seed004_tau6,POCOL,100,4,8,902.0131293758895
8XS_N100_POCOL_seed004_tau6,POCOL,100,4,9,824.562623374326
8XS_N100_POCOL_seed004_tau6,POCOL,100,4,10,2538.115475958053
8XS_N100_POCOL_seed005_tau6,POCOL,100,5,1,1108.4819649530284
8XS_N100_POCOL_seed005_tau6,POCOL,100,5,2,383.4054418825601
8XS_N100_POCOL_seed005_tau6,POCOL,100,5,3,119.68819931696453
8XS_N100_POCOL_seed005_tau6,POCOL,100,5,4,43.093941289896975
8XS_N100_POCOL_seed005_tau6,POCOL,100,5,5,255.86792660001015
8XS_N100_POCOL_seed005_tau6,POCOL,100,5,6,3588.8284890938385
8XS_N100_POCOL_seed005_tau6,POCOL,100,5,7,1255.8544202666462
8XS_N100_POCOL_seed005_tau6,POCOL,100,5,8,428.5609043502045
8XS_N100_POCOL_seed005_tau6,POCOL,100,5,9,1289.7403937204754
8XS_N100_POCOL_seed005_tau6,POCOL,100,5,10,682.9350255078953
8XS_N100_POCOL_seed005_tau6,POCOL,100,5,11,85.89678801150512
8XS_N100_POCOL_seed005_tau6,POCOL,100,5,12,125.00522755158818
8XS_N100_POCOL_seed006_tau6,POCOL,100,6,1,1579.6789541715923
8XS_N100_POCOL_seed006_tau6,POCOL,100,6,2,224.84358917957547
8XS_N100_POCOL_seed006_tau6,POCOL,100,6,3,168.22761134390748
8XS_N100_POCOL_seed006_tau6,POCOL,100,6,4,204.34866379647792
8XS_N100_POCOL_seed006_tau6,POCOL,100,6,5,203.21552061245848
8XS_N100_POCOL_seed006_tau6,POCOL,100,6,6,827.8618635734333
8XS_N100_POCOL_seed006_tau6,POCOL,100,6,7,46.3148797714839
8XS_N100_POCOL_seed006_tau6,POCOL,100,6,8,754.3209410760014
8XS_N100_POCOL_seed006_tau6,POCOL,100,6,9,99.13604162560432
8XS_N100_POCOL_seed006_tau6,POCOL,100,6,10,1602.1478156825015
8XS_N100_POCOL_seed006_tau6,POCOL,100,6,11,1289.127694508572
8XS_N100_POCOL_seed006_tau6,POCOL,100,6,12,282.8703244298731
8XS_N100_POCOL_seed006_tau6,POCOL,100,6,13,1076.052129225257
8XS_N100_POCOL_seed006_tau6,POCOL,100,6,14,119.93866248163795
8XS_N100_POCOL_seed006_tau6,POCOL,100,6,15,820.0731209604564
8XS_N100_POCOL_seed007_tau6,POCOL,100,7,1,279.901851837077
8XS_N100_POCOL_seed007_tau6,POCOL,100,7,2,252.49850224365053
8XS_N100_POCOL_seed007_tau6,POCOL,100,7,3,113.09302710270185
8XS_N100_POCOL_seed007_tau6,POCOL,100,7,4,226.16601055351964
8XS_N100_POCOL_seed007_tau6,POCOL,100,7,5,255.50623598088862
8XS_N100_POCOL_seed007_tau6,POCOL,100,7,6,1101.1288046893992
8XS_N100_POCOL_seed007_tau6,POCOL,100,7,7,139.58984601357224
8XS_N100_POCOL_seed007_tau6,POCOL,100,7,8,1785.0530959300313
8XS_N100_POCOL_seed007_tau6,POCOL,100,7,9,3213.4992342029573
8XS_N100_POCOL_seed007_tau6,POCOL,100,7,10,80.50511617970824
8XS_N100_POCOL_seed007_tau6,POCOL,100,7,11,29.81968348506507
8XS_N100_POCOL_seed007_tau6,POCOL,100,7,12,1231.0590620427201
8XS_N100_POCOL_seed007_tau6,POCOL,100,7,13,550.6980228409175
8XS_N100_POCOL_seed007_tau6,POCOL,100,7,14,105.68903353130918
8XS_N100_POCOL_seed007_tau6,POCOL,100,7,15,192.47279119802442
8XS_N100_POCOL_seed008_tau6,POCOL,100,8,1,1621.0121977650192
8XS_N100_POCOL_seed008_tau6,POCOL,100,8,2,153.87569638315244
8XS_N100_POCOL_seed008_tau6,POCOL,100,8,3,75.94460274501239
8XS_N100_POCOL_seed008_tau6,POCOL,100,8,4,697.5639086506565
8XS_N100_POCOL_seed008_tau6,POCOL,100,8,5,1507.1754716971368
8XS_N100_POCOL_seed008_tau6,POCOL,100,8,6,981.8221126023682
8XS_N100_POCOL_seed008_tau6,POCOL,100,8,7,1487.1388789137527
8XS_N100_POCOL_seed009_tau6,POCOL,100,9,1,199.70265877942572
8XS_N100_POCOL_seed009_tau6,POCOL,100,9,2,861.2346511350072
8XS_N100_POCOL_seed009_tau6,POCOL,100,9,3,1224.45775287539
8XS_N100_POCOL_seed009_tau6,POCOL,100,9,4,163.697292288497
8XS_N100_POCOL_seed009_tau6,POCOL,100,9,5,273.4221129381399
8XS_N100_POCOL_seed009_tau6,POCOL,100,9,6,28.044390712475888
8XS_N100_POCOL_seed009_tau6,POCOL,100,9,7,143.3546818296045
8XS_N100_POCOL_seed009_tau6,POCOL,100,9,8,943.6100252806218
8XS_N100_POCOL_seed009_tau6,POCOL,100,9,9,628.4922190993393
8XS_N100_POCOL_seed009_tau6,POCOL,100,9,10,784.7390486458153
8XS_N100_POCOL_seed009_tau6,POCOL,100,9,11,152.24284933365016
8XS_N100_POCOL_seed009_tau6,POCOL,100,9,12,588.4176157247266
8XS_N100_POCOL_seed009_tau6,POCOL,100,9,13,543.7375564319427
8XS_N100_POCOL_seed009_tau6,POCOL,100,9,14,497.5368489259654
8XS_N100_POCOL_seed009_tau6,POCOL,100,9,15,160.10139857785543
8XS_N100_POCOL_seed009_tau6,POCOL,100,9,16,10.16524904990547
8XS_N100_POCOL_seed009_tau6,POCOL,100,9,17,2632.734498739931
8XS_N100_POCOL_seed009_tau6,POCOL,100,9,18,138.12990983464624
8XS_N100_POCOL_seed010_tau6,POCOL,100,10,1,135.13384713770168
8XS_N100_POCOL_seed010_tau6,POCOL,100,10,2,1504.093792040592
8XS_N100_POCOL_seed010_tau6,POCOL,100,10,3,5788.253427684857
8XS_N100_POCOL_seed010_tau6,POCOL,100,10,4,216.6229900049584
8XS_N100_POCOL_seed010_tau6,POCOL,100,10,5,702.6009660309646
8XS_N100_POCOL_seed010_tau6,POCOL,100,10,6,1122.9603834805275
8XS_N100_POCOL_seed010_tau6,POCOL,100,10,7,144.31221291091606
8XS_N100_POCOL_seed010_tau6,POCOL,100,10,8,279.71810375177665
8XS_N100_POCOL_seed011_tau6,POCOL,100,11,1,192.23180515081387
8XS_N100_POCOL_seed011_tau6,POCOL,100,11,2,406.889354925804
8XS_N100_POCOL_seed011_tau6,POCOL,100,11,3,352.46522066657985
8XS_N100_POCOL_seed011_tau6,POCOL,100,11,4,84.008287031946
8XS_N100_POCOL_seed011_tau6,POCOL,100,11,5,694.507337078463
8XS_N100_POCOL_seed011_tau6,POCOL,100,11,6,466.67539182137966
8XS_N100_POCOL_seed011_tau6,POCOL,100,11,7,631.3051210655926
8XS_N100_POCOL_seed011_tau6,POCOL,100,11,8,449.4074660745591
8XS_N100_POCOL_seed011_tau6,POCOL,100,11,9,800.2734427540827
8XS_N100_POCOL_seed011_tau6,POCOL,100,11,10,35.50645903108989
8XS_N100_POCOL_seed011_tau6,POCOL,100,11,11,3402.91690195511
8XS_N100_POCOL_seed011_tau6,POCOL,100,11,12,957.3076930262496
8XS_N100_POCOL_seed011_tau6,POCOL,100,11,13,740.2105722175311
8XS_N100_POCOL_seed012_tau6,POCOL,100,12,1,1609.6362627444232
8XS_N100_POCOL_seed012_tau6,POCOL,100,12,2,651.2000711501128
8XS_N100_POCOL_seed012_tau6,POCOL,100,12,3,2313.2406859254384
8XS_N100_POCOL_seed012_tau6,POCOL,100,12,4,13.021105445883222
8XS_N100_POCOL_seed012_tau6,POCOL,100,12,5,313.30286154558416
8XS_N100_POCOL_seed012_tau6,POCOL,100,12,6,216.31415997130898
8XS_N100_POCOL_seed012_tau6,POCOL,100,12,7,1936.94657218673
8XS_N100_POCOL_seed012_tau6,POCOL,100,12,8,1448.8910564303915
8XS_N100_POCOL_seed012_tau6,POCOL,100,12,9,903.5436943213008
8XS_N100_POCOL_seed012_tau6,POCOL,100,12,10,291.0120901720802
8XS_N100_POCOL_seed013_tau6,POCOL,100,13,1,159.48672929904816
8XS_N100_POCOL_seed013_tau6,POCOL,100,13,2,259.18497490697746
8XS_N100_POCOL_seed013_tau6,POCOL,100,13,3,879.3686505740075
8XS_N100_POCOL_seed013_tau6,POCOL,100,13,4,940.5320390340878
8XS_N100_POCOL_seed013_tau6,POCOL,100,13,5,280.41884139208196
8XS_N100_POCOL_seed013_tau6,POCOL,100,13,6,262.89607506332095
8XS_N100_POCOL_seed013_tau6,POCOL,100,13,7,1337.3412574745666
8XS_N100_POCOL_seed013_tau6,POCOL,100,13,8,60.409054971462865
8XS_N100_POCOL_seed013_tau6,POCOL,100,13,9,109.70194043434367
8XS_N100_POCOL_seed013_tau6,POCOL,100,13,10,707.0605211644624
8XS_N100_POCOL_seed013_tau6,POCOL,100,13,11,460.95180770649677
8XS_N100_POCOL_seed013_tau6,POCOL,100,13,12,892.6012329723735
8XS_N100_POCOL_seed013_tau6,POCOL,100,13,13,2199.9206086562044
8XS_N100_POCOL_seed013_tau6,POCOL,100,13,14,655.5846245879802
8XS_N100_POCOL_seed013_tau6,POCOL,100,13,15,233.80015808066855
8XS_N100_POCOL_seed014_tau6,POCOL,100,14,1,249.39593594515068
8XS_N100_POCOL_seed014_tau6,POCOL,100,14,2,142.8925769619107
8XS_N100_POCOL_seed014_tau6,POCOL,100,14,3,1845.9794470583743
8XS_N100_POCOL_seed014_tau6,POCOL,100,14,4,298.1504103587986
8XS_N100_POCOL_seed014_tau6,POCOL,100,14,5,444.5776290791223
8XS_N100_POCOL_seed014_tau6,POCOL,100,14,6,612.1490499656989
8XS_N100_POCOL_seed014_tau6,POCOL,100,14,7,2721.525494555197
8XS_N100_POCOL_seed014_tau6,POCOL,100,14,8,173.9406534613354
8XS_N100_POCOL_seed014_tau6,POCOL,100,14,9,134.73215497530146
8XS_N100_POCOL_seed014_tau6,POCOL,100,14,10,605.5918280619408
8XS_N100_POCOL_seed014_tau6,POCOL,100,14,11,1309.041057101891
8XS_N100_POCOL_seed014_tau6,POCOL,100,14,12,1017.8424324700118
8XS_N100_POCOL_seed015_tau6,POCOL,100,15,1,0.8391465873937906
8XS_N100_POCOL_seed015_tau6,POCOL,100,15,2,745.5078970398306
8XS_N100_POCOL_seed015_tau6,POCOL,100,15,3,466.01397566250307
8XS_N100_POCOL_seed015_tau6,POCOL,100,15,4,1114.5091333673652
8XS_N100_POCOL_seed015_tau6,POCOL,100,15,5,1849.3326366283077
8XS_N100_POCOL_seed015_tau6,POCOL,100,15,6,285.3913467602233
8XS_N100_POCOL_seed015_tau6,POCOL,100,15,7,17.695915641649663
8XS_N100_POCOL_seed015_tau6,POCOL,100,15,8,26.94913677851673
8XS_N100_POCOL_seed015_tau6,POCOL,100,15,9,28.966234693217302
8XS_N100_POCOL_seed015_tau6,POCOL,100,15,10,25.51652736676442
8XS_N100_POCOL_seed015_tau6,POCOL,100,15,11,3124.3952266447013
8XS_N100_POCOL_seed015_tau6,POCOL,100,15,12,728.0850379564372
8XS_N100_POCOL_seed015_tau6,POCOL,100,15,13,439.8678482485375
8XS_N100_POCOL_seed015_tau6,POCOL,100,15,14,1002.2647002714784
8XS_N100_POCOL_seed016_tau6,POCOL,100,16,1,252.9047317447406
8XS_N100_POCOL_seed016_tau6,POCOL,100,16,2,1610.7078165159053
8XS_N100_POCOL_seed016_tau6,POCOL,100,16,3,346.9793192032189
8XS_N100_POCOL_seed016_tau6,POCOL,100,16,4,1279.3889432211513
8XS_N100_POCOL_seed016_tau6,POCOL,100,16,5,2393.5428557140485
8XS_N100_POCOL_seed016_tau6,POCOL,100,16,6,1215.1344971148528
8XS_N100_POCOL_seed016_tau6,POCOL,100,16,7,350.287673974417
8XS_N100_POCOL_seed016_tau6,POCOL,100,16,8,1353.9680283771086
8XS_N100_POCOL_seed016_tau6,POCOL,100,16,9,73.50218778324415
8XS_N100_POCOL_seed016_tau6,POCOL,100,16,10,403.7240696436893
8XS_N100_POCOL_seed016_tau6,POCOL,100,16,11,144.76755157216576
8XS_N100_POCOL_seed016_tau6,POCOL,100,16,12,369.79898042975765
8XS_N100_POCOL_seed016_tau6,POCOL,100,16,13,96.15739694060176
8XS_N100_POCOL_seed017_tau6,POCOL,100,17,1,554.7750979135218
8XS_N100_POCOL_seed017_tau6,POCOL,100,17,2,275.73170256446065
8XS_N100_POCOL_seed017_tau6,POCOL,100,17,3,481.05881011173676
8XS_N100_POCOL_seed017_tau6,POCOL,100,17,4,1061.6474531263402
8XS_N100_POCOL_seed017_tau6,POCOL,100,17,5,18.3794124322867
8XS_N100_POCOL_seed017_tau6,POCOL,100,17,6,59.10458243479707
8XS_N100_POCOL_seed017_tau6,POCOL,100,17,7,337.06270222564126
8XS_N100_POCOL_seed017_tau6,POCOL,100,17,8,564.4517375533678
8XS_N100_POCOL_seed017_tau6,POCOL,100,17,9,1171.7485218363681
8XS_N100_POCOL_seed017_tau6,POCOL,100,17,10,454.0687459676892
8XS_N100_POCOL_seed017_tau6,POCOL,100,17,11,287.32808846703847
8XS_N100_POCOL_seed017_tau6,POCOL,100,17,12,194.08008742429956
8XS_N100_POCOL_seed017_tau6,POCOL,100,17,13,3311.1444626244192
8XS_N100_POCOL_seed018_tau6,POCOL,100,18,1,68.23247675908344
8XS_N100_POCOL_seed018_tau6,POCOL,100,18,2,451.50530177201273
8XS_N100_POCOL_seed018_tau6,POCOL,100,18,3,1047.857346694337
8XS_N100_POCOL_seed018_tau6,POCOL,100,18,4,1086.6649409750544
8XS_N100_POCOL_seed018_tau6,POCOL,100,18,5,241.03030994382698
8XS_N100_POCOL_seed018_tau6,POCOL,100,18,6,230.74230279819358
8XS_N100_POCOL_seed018_tau6,POCOL,100,18,7,901.3355900130405
8XS_N100_POCOL_seed018_tau6,POCOL,100,18,8,876.1595245297899
8XS_N100_POCOL_seed018_tau6,POCOL,100,18,9,1389.9411929850949
8XS_N100_POCOL_seed018_tau6,POCOL,100,18,10,327.0099007680383
8XS_N100_POCOL_seed018_tau6,POCOL,100,18,11,359.2288118286424
8XS_N100_POCOL_seed018_tau6,POCOL,100,18,12,682.0729598685575
8XS_N100_POCOL_seed018_tau6,POCOL,100,18,13,339.5482315441968
8XS_N100_POCOL_seed018_tau6,POCOL,100,18,14,267.9782908674333
8XS_N100_POCOL_seed018_tau6,POCOL,100,18,15,831.7964372761635
8XS_N100_POCOL_seed019_tau6,POCOL,100,19,1,629.1816564805131
8XS_N100_POCOL_seed019_tau6,POCOL,100,19,2,1924.8541109022494
8XS_N100_POCOL_seed019_tau6,POCOL,100,19,3,2968.172534566754
8XS_N100_POCOL_seed019_tau6,POCOL,100,19,4,1959.948274583382
8XS_N100_POCOL_seed019_tau6,POCOL,100,19,5,2044.5213057761603
8XS_N100_POCOL_seed020_tau6,POCOL,100,20,1,343.70763370787967
8XS_N100_POCOL_seed020_tau6,POCOL,100,20,2,115.6390619974643
8XS_N100_POCOL_seed020_tau6,POCOL,100,20,3,657.0372314824865
8XS_N100_POCOL_seed020_tau6,POCOL,100,20,4,1058.663177240926
8XS_N100_POCOL_seed020_tau6,POCOL,100,20,5,3775.415421807839
8XS_N100_POCOL_seed020_tau6,POCOL,100,20,6,390.40366457385426
8XS_N100_POCOL_seed020_tau6,POCOL,100,20,7,233.70294966910296
8XS_N100_POCOL_seed020_tau6,POCOL,100,20,8,1971.089303330944
8XS_N100_POCOL_seed020_tau6,POCOL,100,20,9,1247.0080901022939
8XS_N100_POCOL_seed021_tau6,POCOL,100,21,1,2194.093993303319
8XS_N100_POCOL_seed021_tau6,POCOL,100,21,2,190.63404943327168
8XS_N100_POCOL_seed021_tau6,POCOL,100,21,3,1324.0298127770252
8XS_N100_POCOL_seed021_tau6,POCOL,100,21,4,536.472288562717
8XS_N100_POCOL_seed021_tau6,POCOL,100,21,5,1.285432746177321
8XS_N100_POCOL_seed021_tau6,POCOL,100,21,6,424.03611947319314
8XS_N100_POCOL_seed021_tau6,POCOL,100,21,7,1097.8989184339107
8XS_N100_POCOL_seed021_tau6,POCOL,100,21,8,2167.296676249116
8XS_N100_POCOL_seed021_tau6,POCOL,100,21,9,131.94072810059242
8XS_N100_POCOL_seed021_tau6,POCOL,100,21,10,458.93947776281766
8XS_N100_POCOL_seed021_tau6,POCOL,100,21,11,978.3501035619847
8XS_N100_POCOL_seed021_tau6,POCOL,100,21,12,65.21289953673295
8XS_N100_POCOL_seed022_tau6,POCOL,100,22,1,515.3699193755784
8XS_N100_POCOL_seed022_tau6,POCOL,100,22,2,1117.5277591293666
8XS_N100_POCOL_seed022_tau6,POCOL,100,22,3,1318.5416667788475
8XS_N100_POCOL_seed022_tau6,POCOL,100,22,4,992.4829282872647
8XS_N100_POCOL_seed022_tau6,POCOL,100,22,5,1045.730954471368
8XS_N100_POCOL_seed022_tau6,POCOL,100,22,6,1707.3521673755977
8XS_N100_POCOL_seed022_tau6,POCOL,100,22,7,955.421661794875
8XS_N100_POCOL_seed022_tau6,POCOL,100,22,8,196.16133803454431
8XS_N100_POCOL_seed022_tau6,POCOL,100,22,9,110.56139876206817
8XS_N100_POCOL_seed022_tau6,POCOL,100,22,10,175.79717084750519
8XS_N100_POCOL_seed022_tau6,POCOL,100,22,11,366.44544931776363
8XS_N100_POCOL_seed022_tau6,POCOL,100,22,12,425.14837447098944
8XS_N100_POCOL_seed023_tau6,POCOL,100,23,1,1092.5283644074884
8XS_N100_POCOL_seed023_tau6,POCOL,100,23,2,167.57141493916652
8XS_N100_POCOL_seed023_tau6,POCOL,100,23,3,334.5773287504935
8XS_N100_POCOL_seed023_tau6,POCOL,100,23,4,682.7695401924198
8XS_N100_POCOL_seed023_tau6,POCOL,100,23,5,264.95537871970873
8XS_N100_POCOL_seed023_tau6,POCOL,100,23,6,2508.458876500047
8XS_N100_POCOL_seed023_tau6,POCOL,100,23,7,317.01434692744533
8XS_N100_POCOL_seed023_tau6,POCOL,100,23,8,331.0822906677249
8XS_N100_POCOL_seed023_tau6,POCOL,100,23,9,89.21443619832098
8XS_N100_POCOL_seed023_tau6,POCOL,100,23,10,488.1253870439541
8XS_N100_POCOL_seed023_tau6,POCOL,100,23,11,782.5454046793684
8XS_N100_POCOL_seed023_tau6,POCOL,100,23,12,876.5195120448525
8XS_N100_POCOL_seed023_tau6,POCOL,100,23,13,280.5206029994706
8XS_N100_POCOL_seed023_tau6,POCOL,100,23,14,353.690906223359
8XS_N100_POCOL_seed023_tau6,POCOL,100,23,15,1399.0853423846165
8XS_N100_POCOL_seed024_tau6,POCOL,100,24,1,2228.194616310646
8XS_N100_POCOL_seed024_tau6,POCOL,100,24,2,755.5943520832138
8XS_N100_POCOL_seed024_tau6,POCOL,100,24,3,356.63449311034947
8XS_N100_POCOL_seed024_tau6,POCOL,100,24,4,1012.914424781869
8XS_N100_POCOL_seed024_tau6,POCOL,100,24,5,196.31176769210924
8XS_N100_POCOL_seed024_tau6,POCOL,100,24,6,273.65361785142613
8XS_N100_POCOL_seed024_tau6,POCOL,100,24,7,593.9047857921141
8XS_N100_POCOL_seed024_tau6,POCOL,100,24,8,1005.3316689614676
8XS_N100_POCOL_seed024_tau6,POCOL,100,24,9,763.7608752844935
8XS_N100_POCOL_seed025_tau6,POCOL,100,25,1,318.972247817592
8XS_N100_POCOL_seed025_tau6,POCOL,100,25,2,3459.9436356222504
8XS_N100_POCOL_seed025_tau6,POCOL,100,25,3,494.70264009548646
8XS_N100_POCOL_seed025_tau6,POCOL,100,25,4,1185.7167848142772
8XS_N100_POCOL_seed025_tau6,POCOL,100,25,5,727.1696277170768
8XS_N100_POCOL_seed025_tau6,POCOL,100,25,6,1853.3155836382994
8XS_N100_POCOL_seed025_tau6,POCOL,100,25,7,1588.193366941935
8XS_N100_POCOL_seed026_tau6,POCOL,100,26,1,26.880269223298676
8XS_N100_POCOL_seed026_tau6,POCOL,100,26,2,472.0652900647686
8XS_N100_POCOL_seed026_tau6,POCOL,100,26,3,1263.6496999323467
8XS_N100_POCOL_seed026_tau6,POCOL,100,26,4,318.59356353972953
8XS_N100_POCOL_seed026_tau6,POCOL,100,26,5,923.0269908808118
8XS_N100_POCOL_seed026_tau6,POCOL,100,26,6,1574.4822785801416
8XS_N100_POCOL_seed026_tau6,POCOL,100,26,7,707.3506114925294
8XS_N100_POCOL_seed026_tau6,POCOL,100,26,8,3398.809805885712
8XS_N100_POCOL_seed027_tau6,POCOL,100,27,1,15.084701914636877
8XS_N100_POCOL_seed027_tau6,POCOL,100,27,2,260.6470722763344
8XS_N100_POCOL_seed027_tau6,POCOL,100,27,3,2106.7697548627502
8XS_N100_POCOL_seed027_tau6,POCOL,100,27,4,214.43548110441088
8XS_N100_POCOL_seed027_tau6,POCOL,100,27,5,850.1274927019804
8XS_N100_POCOL_seed027_tau6,POCOL,100,27,6,1164.8184248704565
8XS_N100_POCOL_seed027_tau6,POCOL,100,27,7,87.43960602811421
8XS_N100_POCOL_seed027_tau6,POCOL,100,27,8,978.7291765738746
8XS_N100_POCOL_seed027_tau6,POCOL,100,27,9,1045.7668672346545
8XS_N100_POCOL_seed027_tau6,POCOL,100,27,10,186.1881140661526
8XS_N100_POCOL_seed027_tau6,POCOL,100,27,11,296.17675560707175
8XS_N100_POCOL_seed027_tau6,POCOL,100,27,12,1012.3045958127241
8XS_N100_POCOL_seed027_tau6,POCOL,100,27,13,919.8395210414437
8XS_N100_POCOL_seed028_tau6,POCOL,100,28,1,475.43597205733755
8XS_N100_POCOL_seed028_tau6,POCOL,100,28,2,620.8377247845235
8XS_N100_POCOL_seed028_tau6,POCOL,100,28,3,1209.8290006205782
8XS_N100_POCOL_seed028_tau6,POCOL,100,28,4,106.4314870784342
8XS_N100_POCOL_seed028_tau6,POCOL,100,28,5,233.0025285639922
8XS_N100_POCOL_seed028_tau6,POCOL,100,28,6,185.3078045964653
8XS_N100_POCOL_seed028_tau6,POCOL,100,28,7,127.49199652123343
8XS_N100_POCOL_seed028_tau6,POCOL,100,28,8,748.2862911248599
8XS_N100_POCOL_seed028_tau6,POCOL,100,28,9,142.76116793511392
8XS_N100_POCOL_seed028_tau6,POCOL,100,28,10,849.0593238932215
8XS_N100_POCOL_seed028_tau6,POCOL,100,28,11,590.6800079445156
8XS_N100_POCOL_seed028_tau6,POCOL,100,28,12,159.55336137444192
8XS_N100_POCOL_seed028_tau6,POCOL,100,28,13,29.120553318440216
8XS_N100_POCOL_seed028_tau6,POCOL,100,28,14,560.4988642382896
8XS_N100_POCOL_seed028_tau6,POCOL,100,28,15,468.0947733314724
8XS_N100_POCOL_seed028_tau6,POCOL,100,28,16,60.35585511764384
8XS_N100_POCOL_seed028_tau6,POCOL,100,28,17,345.0413248948289
8XS_N100_POCOL_seed028_tau6,POCOL,100,28,18,938.863867494043
8XS_N100_POCOL_seed028_tau6,POCOL,100,28,19,1228.3822363104227
8XS_N100_POCOL_seed028_tau6,POCOL,100,28,20,241.2377034252495
8XS_N100_POCOL_seed028_tau6,POCOL,100,28,21,97.12106217703513
8XS_N100_POCOL_seed028_tau6,POCOL,100,28,22,111.46864740796445
8XS_N100_POCOL_seed029_tau6,POCOL,100,29,1,756.2371465582643
8XS_N100_POCOL_seed029_tau6,POCOL,100,29,2,1040.786412821919
8XS_N100_POCOL_seed029_tau6,POCOL,100,29,3,556.936592962156
8XS_N100_POCOL_seed029_tau6,POCOL,100,29,4,1642.9848549056837
8XS_N100_POCOL_seed029_tau6,POCOL,100,29,5,271.33779728061745
8XS_N100_POCOL_seed029_tau6,POCOL,100,29,6,1431.1584799873845
8XS_N100_POCOL_seed029_tau6,POCOL,100,29,7,2414.8806155074353
8XS_N100_POCOL_seed029_tau6,POCOL,100,29,8,443.5393301334843
8XS_N100_POCOL_seed029_tau6,POCOL,100,29,9,88.76201949617098
8XS_N100_POCOL_seed029_tau6,POCOL,100,29,10,1096.0797522770663
8XS_N100_POCOL_seed029_tau6,POCOL,100,29,11,100.50086755653138
8XS_N100_POCOL_seed030_tau6,POCOL,100,30,1,985.4895543142371
8XS_N100_POCOL_seed030_tau6,POCOL,100,30,2,698.7602083594076
8XS_N100_POCOL_seed030_tau6,POCOL,100,30,3,569.7661525777505
8XS_N100_POCOL_seed030_tau6,POCOL,100,30,4,290.1141118283381
8XS_N100_POCOL_seed030_tau6,POCOL,100,30,5,2036.8400202152002
8XS_N100_POCOL_seed030_tau6,POCOL,100,30,6,457.1440290344299
8XS_N100_POCOL_seed030_tau6,POCOL,100,30,7,658.308594502977
8XS_N100_POCOL_seed030_tau6,POCOL,100,30,8,2206.3892573398543
8XS_N100_POCOL_seed030_tau6,POCOL,100,30,9,485.38461991374515
8XS_N100_POCOL_seed030_tau6,POCOL,100,30,10,400.1821178545688
8XS_N300_POCOL_seed001_tau6,POCOL,300,1,1,25.57385643542292
8XS_N300_POCOL_seed001_tau6,POCOL,300,1,2,29.22073935071449
8XS_N300_POCOL_seed001_tau6,POCOL,300,1,3,833.1841946631785
8XS_N300_POCOL_seed001_tau6,POCOL,300,1,4,418.0491604546029
8XS_N300_POCOL_seed001_tau6,POCOL,300,1,5,1022.540881542991
8XS_N300_POCOL_seed001_tau6,POCOL,300,1,6,145.58098527640504
8XS_N300_POCOL_seed001_tau6,POCOL,300,1,7,3.6283592020404285
8XS_N300_POCOL_seed001_tau6,POCOL,300,1,8,931.2217543432334
8XS_N300_POCOL_seed001_tau6,POCOL,300,1,9,1139.4982898875678
8XS_N300_POCOL_seed001_tau6,POCOL,300,1,10,301.26563160837395
8XS_N300_POCOL_seed001_tau6,POCOL,300,1,11,707.396253259979
8XS_N300_POCOL_seed001_tau6,POCOL,300,1,12,1289.3840179525696
8XS_N300_POCOL_seed001_tau6,POCOL,300,1,13,94.02997538653744
8XS_N300_POCOL_seed001_tau6,POCOL,300,1,14,244.89230315557234
8XS_N300_POCOL_seed001_tau6,POCOL,300,1,15,288.41301645008207
8XS_N300_POCOL_seed001_tau6,POCOL,300,1,16,2398.7412922327658
8XS_N300_POCOL_seed002_tau6,POCOL,300,2,1,161.11588438840764
8XS_N300_POCOL_seed002_tau6,POCOL,300,2,2,1192.5828206026774
8XS_N300_POCOL_seed002_tau6,POCOL,300,2,3,19.751555365004833
8XS_N300_POCOL_seed002_tau6,POCOL,300,2,4,250.478536583194
8XS_N300_POCOL_seed002_tau6,POCOL,300,2,5,2199.8219760693983
8XS_N300_POCOL_seed002_tau6,POCOL,300,2,6,1100.3002021377092
8XS_N300_POCOL_seed002_tau6,POCOL,300,2,7,115.47283114271431
8XS_N300_POCOL_seed002_tau6,POCOL,300,2,8,798.681695517641
8XS_N300_POCOL_seed002_tau6,POCOL,300,2,9,357.17844120972586
8XS_N300_POCOL_seed002_tau6,POCOL,300,2,10,99.70598319663713
8XS_N300_POCOL_seed002_tau6,POCOL,300,2,11,1346.775895772902
8XS_N300_POCOL_seed002_tau6,POCOL,300,2,12,771.6819601699699
8XS_N300_POCOL_seed002_tau6,POCOL,300,2,13,498.26381133825817
8XS_N300_POCOL_seed002_tau6,POCOL,300,2,14,570.6779984262175
8XS_N300_POCOL_seed003_tau6,POCOL,300,3,1,664.7557925159622
8XS_N300_POCOL_seed003_tau6,POCOL,300,3,2,213.16599484854726
8XS_N300_POCOL_seed003_tau6,POCOL,300,3,3,2575.928055712045
8XS_N300_POCOL_seed003_tau6,POCOL,300,3,4,930.1591601265895
8XS_N300_POCOL_seed003_tau6,POCOL,300,3,5,140.37205235298643
8XS_N300_POCOL_seed003_tau6,POCOL,300,3,6,1129.2468478546443
8XS_N300_POCOL_seed003_tau6,POCOL,300,3,7,18.483468729004016
8XS_N300_POCOL_seed003_tau6,POCOL,300,3,8,82.53922500370481
8XS_N300_POCOL_seed003_tau6,POCOL,300,3,9,301.50626820060097
8XS_N300_POCOL_seed003_tau6,POCOL,300,3,10,890.0041817634128
8XS_N300_POCOL_seed003_tau6,POCOL,300,3,11,366.18081755925596
8XS_N300_POCOL_seed003_tau6,POCOL,300,3,12,170.93405995262947
8XS_N300_POCOL_seed003_tau6,POCOL,300,3,13,539.9111794471528
8XS_N300_POCOL_seed003_tau6,POCOL,300,3,14,107.83292123666524
8XS_N300_POCOL_seed003_tau6,POCOL,300,3,15,292.3033115599401
8XS_N300_POCOL_seed003_tau6,POCOL,300,3,16,172.697662568733
8XS_N300_POCOL_seed003_tau6,POCOL,300,3,17,145.9301852906774
8XS_N300_POCOL_seed004_tau6,POCOL,300,4,1,1498.491741625002
8XS_N300_POCOL_seed004_tau6,POCOL,300,4,2,1284.5564839004512
8XS_N300_POCOL_seed004_tau6,POCOL,300,4,3,9.76856385070323
8XS_N300_POCOL_seed004_tau6,POCOL,300,4,4,1065.4863626625734
8XS_N300_POCOL_seed004_tau6,POCOL,300,4,5,74.90625095410678
8XS_N300_POCOL_seed004_tau6,POCOL,300,4,6,402.0467197475982
8XS_N300_POCOL_seed004_tau6,POCOL,300,4,7,321.6167454399174
8XS_N300_POCOL_seed004_tau6,POCOL,300,4,8,871.2618383650861
8XS_N300_POCOL_seed004_tau6,POCOL,300,4,9,232.95159509639961
8XS_N300_POCOL_seed004_tau6,POCOL,300,4,10,750.3137178285133
8XS_N300_POCOL_seed004_tau6,POCOL,300,4,11,400.9872254240672
8XS_N300_POCOL_seed004_tau6,POCOL,300,4,12,44.388235231318504
8XS_N300_POCOL_seed004_tau6,POCOL,300,4,13,305.57864882260037
8XS_N300_POCOL_seed004_tau6,POCOL,300,4,14,2313.1609189737346
8XS_N300_POCOL_seed005_tau6,POCOL,300,5,1,131.75580884602084
8XS_N300_POCOL_seed005_tau6,POCOL,300,5,2,53.92723725847324
8XS_N300_POCOL_seed005_tau6,POCOL,300,5,3,133.50004568308034
8XS_N300_POCOL_seed005_tau6,POCOL,300,5,4,838.3890695751335
8XS_N300_POCOL_seed005_tau6,POCOL,300,5,5,265.10663808366826
8XS_N300_POCOL_seed005_tau6,POCOL,300,5,6,133.4791686326148
8XS_N300_POCOL_seed005_tau6,POCOL,300,5,7,105.72943214481757
8XS_N300_POCOL_seed005_tau6,POCOL,300,5,8,64.47550198587692
8XS_N300_POCOL_seed005_tau6,POCOL,300,5,9,271.8707735173257
8XS_N300_POCOL_seed005_tau6,POCOL,300,5,10,1758.7016358285262
8XS_N300_POCOL_seed005_tau6,POCOL,300,5,11,532.9510026761895
8XS_N300_POCOL_seed005_tau6,POCOL,300,5,12,701.7801753331005
8XS_N300_POCOL_seed005_tau6,POCOL,300,5,13,1054.1172077841647
8XS_N300_POCOL_seed005_tau6,POCOL,300,5,14,428.3615889143757
8XS_N300_POCOL_seed005_tau6,POCOL,300,5,15,329.9064950552947
8XS_N300_POCOL_seed005_tau6,POCOL,300,5,16,1986.4278793206477
8XS_N300_POCOL_seed005_tau6,POCOL,300,5,17,609.0505490464948
8XS_N300_POCOL_seed006_tau6,POCOL,300,6,1,29.594599130325403
8XS_N300_POCOL_seed006_tau6,POCOL,300,6,2,47.482722929471336
8XS_N300_POCOL_seed006_tau6,POCOL,300,6,3,1825.928517403125
8XS_N300_POCOL_seed006_tau6,POCOL,300,6,4,2662.463367327052
8XS_N300_POCOL_seed006_tau6,POCOL,300,6,5,207.5176615764467
8XS_N300_POCOL_seed006_tau6,POCOL,300,6,6,1293.5798002660194
8XS_N300_POCOL_seed006_tau6,POCOL,300,6,7,337.86837865297184
8XS_N300_POCOL_seed006_tau6,POCOL,300,6,8,79.867053906195
8XS_N300_POCOL_seed006_tau6,POCOL,300,6,9,887.1366833897009
8XS_N300_POCOL_seed006_tau6,POCOL,300,6,10,780.2733266563537
8XS_N300_POCOL_seed006_tau6,POCOL,300,6,11,331.9778266890371
8XS_N300_POCOL_seed006_tau6,POCOL,300,6,12,1045.8848391094853
8XS_N300_POCOL_seed007_tau6,POCOL,300,7,1,290.73030709674356
8XS_N300_POCOL_seed007_tau6,POCOL,300,7,2,265.16937494000706
8XS_N300_POCOL_seed007_tau6,POCOL,300,7,3,118.90126716060843
8XS_N300_POCOL_seed007_tau6,POCOL,300,7,4,517.4441420921236
8XS_N300_POCOL_seed007_tau6,POCOL,300,7,5,518.9830697243324
8XS_N300_POCOL_seed007_tau6,POCOL,300,7,6,2421.241979410771
8XS_N300_POCOL_seed007_tau6,POCOL,300,7,7,1272.562866973447
8XS_N300_POCOL_seed007_tau6,POCOL,300,7,8,1623.0302584768278
8XS_N300_POCOL_seed007_tau6,POCOL,300,7,9,848.9868855648874
8XS_N300_POCOL_seed007_tau6,POCOL,300,7,10,901.7698768941254
8XS_N300_POCOL_seed007_tau6,POCOL,300,7,11,990.7090804387572
8XS_N300_POCOL_seed007_tau6,POCOL,300,7,12,122.29867034575909
8XS_N300_POCOL_seed008_tau6,POCOL,300,8,1,250.00893352578163
8XS_N300_POCOL_seed008_tau6,POCOL,300,8,2,825.1599229754086
8XS_N300_POCOL_seed008_tau6,POCOL,300,8,3,638.0233275629439
8XS_N300_POCOL_seed008_tau6,POCOL,300,8,4,1529.9869369393316
8XS_N300_POCOL_seed008_tau6,POCOL,300,8,5,336.7679814887524
8XS_N300_POCOL_seed008_tau6,POCOL,300,8,6,2209.9878130936436
8XS_N300_POCOL_seed008_tau6,POCOL,300,8,7,1114.982208263369
8XS_N300_POCOL_seed008_tau6,POCOL,300,8,8,533.3107772061876
8XS_N300_POCOL_seed008_tau6,POCOL,300,8,9,279.1882204539479
8XS_N300_POCOL_seed008_tau6,POCOL,300,8,10,1122.0325569839952
8XS_N300_POCOL_seed009_tau6,POCOL,300,9,1,1297.0436468632583
8XS_N300_POCOL_seed009_tau6,POCOL,300,9,2,851.8763141512609
8XS_N300_POCOL_seed009_tau6,POCOL,300,9,3,47.06572839095861
8XS_N300_POCOL_seed009_tau6,POCOL,300,9,4,113.24715137895919
8XS_N300_POCOL_seed009_tau6,POCOL,300,9,5,98.53370557479593
8XS_N300_POCOL_seed009_tau6,POCOL,300,9,6,172.80648096134655
8XS_N300_POCOL_seed009_tau6,POCOL,300,9,7,292.69185861090455
8XS_N300_POCOL_seed009_tau6,POCOL,300,9,8,148.9097956288706
8XS_N300_POCOL_seed009_tau6,POCOL,300,9,9,31.054938759870765
8XS_N300_POCOL_seed009_tau6,POCOL,300,9,10,981.6236464473641
8XS_N300_POCOL_seed009_tau6,POCOL,300,9,11,1539.1676825131285
8XS_N300_POCOL_seed009_tau6,POCOL,300,9,12,764.1273465604454
8XS_N300_POCOL_seed009_tau6,POCOL,300,9,13,1304.0146904491066
8XS_N300_POCOL_seed009_tau6,POCOL,300,9,14,150.40748808124954
8XS_N300_POCOL_seed009_tau6,POCOL,300,9,15,858.4964946134533
8XS_N300_POCOL_seed009_tau6,POCOL,300,9,16,532.5326581677291
8XS_N300_POCOL_seed010_tau6,POCOL,300,10,1,140.7945361418208
8XS_N300_POCOL_seed010_tau6,POCOL,300,10,2,1754.8780948267126
8XS_N300_POCOL_seed010_tau6,POCOL,300,10,3,252.9805639158942
8XS_N300_POCOL_seed010_tau6,POCOL,300,10,4,621.7797912637534
8XS_N300_POCOL_seed010_tau6,POCOL,300,10,5,128.0885232053929
8XS_N300_POCOL_seed010_tau6,POCOL,300,10,6,769.6866323961858
8XS_N300_POCOL_seed010_tau6,POCOL,300,10,7,165.8212161637398
8XS_N300_POCOL_seed010_tau6,POCOL,300,10,8,442.9086551385226
8XS_N300_POCOL_seed010_tau6,POCOL,300,10,9,805.7225050156549
8XS_N300_POCOL_seed010_tau6,POCOL,300,10,10,1419.7802352097606
8XS_N300_POCOL_seed010_tau6,POCOL,300,10,11,1240.7351045911491
8XS_N300_POCOL_seed010_tau6,POCOL,300,10,12,73.26487196314429
8XS_N300_POCOL_seed011_tau6,POCOL,300,11,1,206.1019137333485
8XS_N300_POCOL_seed011_tau6,POCOL,300,11,2,89.1483941072704
8XS_N300_POCOL_seed011_tau6,POCOL,300,11,3,717.4741574261636
8XS_N300_POCOL_seed011_tau6,POCOL,300,11,4,823.8151060552445
8XS_N300_POCOL_seed011_tau6,POCOL,300,11,5,250.80337953213598
8XS_N300_POCOL_seed011_tau6,POCOL,300,11,6,57.70972255818515
8XS_N300_POCOL_seed011_tau6,POCOL,300,11,7,72.07740013395005
8XS_N300_POCOL_seed011_tau6,POCOL,300,11,8,781.2995926285043
8XS_N300_POCOL_seed011_tau6,POCOL,300,11,9,468.1367826571063
8XS_N300_POCOL_seed011_tau6,POCOL,300,11,10,1.653897176947794
8XS_N300_POCOL_seed011_tau6,POCOL,300,11,11,756.4257347268749
8XS_N300_POCOL_seed011_tau6,POCOL,300,11,12,2959.239159835277
8XS_N300_POCOL_seed011_tau6,POCOL,300,11,13,1776.1923808756683
8XS_N300_POCOL_seed011_tau6,POCOL,300,11,14,975.198624828914
8XS_N300_POCOL_seed012_tau6,POCOL,300,12,1,3077.1759928215806
8XS_N300_POCOL_seed012_tau6,POCOL,300,12,2,1359.8504642316411
8XS_N300_POCOL_seed012_tau6,POCOL,300,12,3,409.5574455908645
8XS_N300_POCOL_seed012_tau6,POCOL,300,12,4,364.5838952433096
8XS_N300_POCOL_seed012_tau6,POCOL,300,12,5,341.6384706458648
8XS_N300_POCOL_seed012_tau6,POCOL,300,12,6,1919.0779106216996
8XS_N300_POCOL_seed012_tau6,POCOL,300,12,7,2482.0723588997535
8XS_N300_POCOL_seed013_tau6,POCOL,300,13,1,167.7660946400924
8XS_N300_POCOL_seed013_tau6,POCOL,300,13,2,276.7764491501646
8XS_N300_POCOL_seed013_tau6,POCOL,300,13,3,238.64959461789573
8XS_N300_POCOL_seed013_tau6,POCOL,300,13,4,108.97824961467825
8XS_N300_POCOL_seed013_tau6,POCOL,300,13,5,1933.9570495028834
8XS_N300_POCOL_seed013_tau6,POCOL,300,13,6,337.26949231174694
8XS_N300_POCOL_seed013_tau6,POCOL,300,13,7,1357.2987560706933
8XS_N300_POCOL_seed013_tau6,POCOL,300,13,8,111.25265631318871
8XS_N300_POCOL_seed013_tau6,POCOL,300,13,9,742.6963066818316
8XS_N300_POCOL_seed013_tau6,POCOL,300,13,10,1433.1368817343664
8XS_N300_POCOL_seed013_tau6,POCOL,300,13,11,337.98679708996497
8XS_N300_POCOL_seed013_tau6,POCOL,300,13,12,1969.26031044091
8XS_N300_POCOL_seed013_tau6,POCOL,300,13,13,383.3071667948061
8XS_N300_POCOL_seed013_tau6,POCOL,300,13,14,548.5133154828673
8XS_N300_POCOL_seed014_tau6,POCOL,300,14,1,265.56622797385273
8XS_N300_POCOL_seed014_tau6,POCOL,300,14,2,1424.1027724353075
8XS_N300_POCOL_seed014_tau6,POCOL,300,14,3,2126.8233525064425
8XS_N300_POCOL_seed014_tau6,POCOL,300,14,4,695.9565049698917
8XS_N300_POCOL_seed014_tau6,POCOL,300,14,5,224.22077052915756
8XS_N300_POCOL_seed014_tau6,POCOL,300,14,6,150.0230846912291
8XS_N300_POCOL_seed014_tau6,POCOL,300,14,7,1307.5345092548696
8XS_N300_POCOL_seed014_tau6,POCOL,300,14,8,1098.515202690869
8XS_N300_POCOL_seed014_tau6,POCOL,300,14,9,1262.1928677973447
8XS_N300_POCOL_seed015_tau6,POCOL,300,15,1,1987.9383821667454
8XS_N300_POCOL_seed015_tau6,POCOL,300,15,2,484.37494867738474
8XS_N300_POCOL_seed015_tau6,POCOL,300,15,3,418.01853963192525
8XS_N300_POCOL_seed015_tau6,POCOL,300,15,4,120.46895876181861
8XS_N300_POCOL_seed015_tau6,POCOL,300,15,5,489.33238882307114
8XS_N300_POCOL_seed015_tau6,POCOL,300,15,6,653.0575322340974
8XS_N300_POCOL_seed015_tau6,POCOL,300,15,7,590.4899156818337
8XS_N300_POCOL_seed015_tau6,POCOL,300,15,8,87.71936395046941
8XS_N300_POCOL_seed015_tau6,POCOL,300,15,9,28.92117707376383
8XS_N300_POCOL_seed015_tau6,POCOL,300,15,10,546.7509365869837
8XS_N300_POCOL_seed015_tau6,POCOL,300,15,11,743.5553550441182
8XS_N300_POCOL_seed015_tau6,POCOL,300,15,12,188.11606080417096
8XS_N300_POCOL_seed015_tau6,POCOL,300,15,13,1539.2393177796475
8XS_N300_POCOL_seed015_tau6,POCOL,300,15,14,230.8415696223674
8XS_N300_POCOL_seed015_tau6,POCOL,300,15,15,497.63483560047734
8XS_N300_POCOL_seed015_tau6,POCOL,300,15,16,116.83930307475748
8XS_N300_POCOL_seed015_tau6,POCOL,300,15,17,3.6862022924342455
8XS_N300_POCOL_seed015_tau6,POCOL,300,15,18,36.062279628689794
8XS_N300_POCOL_seed015_tau6,POCOL,300,15,19,100.04463804140505
8XS_N300_POCOL_seed015_tau6,POCOL,300,15,20,457.682745195787
8XS_N300_POCOL_seed016_tau6,POCOL,300,16,1,264.97459102975637
8XS_N300_POCOL_seed016_tau6,POCOL,300,16,2,354.07481710032874
8XS_N300_POCOL_seed016_tau6,POCOL,300,16,3,10.868210105721914
8XS_N300_POCOL_seed016_tau6,POCOL,300,16,4,36.33385833152329
8XS_N300_POCOL_seed016_tau6,POCOL,300,16,5,135.83914169050422
8XS_N300_POCOL_seed016_tau6,POCOL,300,16,6,1139.1625674471102
8XS_N300_POCOL_seed016_tau6,POCOL,300,16,7,270.1970344582619
8XS_N300_POCOL_seed016_tau6,POCOL,300,16,8,94.69700069192413
8XS_N300_POCOL_seed016_tau6,POCOL,300,16,9,30.37017129273636
8XS_N300_POCOL_seed016_tau6,POCOL,300,16,10,437.4491785455557
8XS_N300_POCOL_seed016_tau6,POCOL,300,16,11,1488.7393173322998
8XS_N300_POCOL_seed016_tau6,POCOL,300,16,12,2032.9215490813312
8XS_N300_POCOL_seed016_tau6,POCOL,300,16,13,629.3343654265564
8XS_N300_POCOL_seed016_tau6,POCOL,300,16,14,1649.9835214626864
8XS_N300_POCOL_seed016_tau6,POCOL,300,16,15,701.0919391767457
8XS_N300_POCOL_seed016_tau6,POCOL,300,16,16,126.58598082272147
8XS_N300_POCOL_seed017_tau6,POCOL,300,17,1,581.0423711468194
8XS_N300_POCOL_seed017_tau6,POCOL,300,17,2,874.7419956769617
8XS_N300_POCOL_seed017_tau6,POCOL,300,17,3,646.8715202844319
8XS_N300_POCOL_seed017_tau6,POCOL,300,17,4,289.0027557048875
8XS_N300_POCOL_seed017_tau6,POCOL,300,17,5,98.81518025023297
8XS_N300_POCOL_seed017_tau6,POCOL,300,17,6,87.2516368817719
8XS_N300_POCOL_seed017_tau6,POCOL,300,17,7,355.03068707625744
8XS_N300_POCOL_seed017_tau6,POCOL,300,17,8,217.09881805052055
8XS_N300_POCOL_seed017_tau6,POCOL,300,17,9,1615.0542033502916
8XS_N300_POCOL_seed017_tau6,POCOL,300,17,10,381.9476873086405
8XS_N300_POCOL_seed017_tau6,POCOL,300,17,11,396.8031853705397
8XS_N300_POCOL_seed017_tau6,POCOL,300,17,12,131.30774199194275
8XS_N300_POCOL_seed017_tau6,POCOL,300,17,13,1514.6232298706946
8XS_N300_POCOL_seed017_tau6,POCOL,300,17,14,900.7767785920278
8XS_N300_POCOL_seed018_tau6,POCOL,300,18,1,532.3623071624921
8XS_N300_POCOL_seed018_tau6,POCOL,300,18,2,165.17723020572305
8XS_N300_POCOL_seed018_tau6,POCOL,300,18,3,948.9479499327817
8XS_N300_POCOL_seed018_tau6,POCOL,300,18,4,262.21803141422356
8XS_N300_POCOL_seed018_tau6,POCOL,300,18,5,330.2385293197076
8XS_N300_POCOL_seed018_tau6,POCOL,300,18,6,800.3900016162643
8XS_N300_POCOL_seed018_tau6,POCOL,300,18,7,1102.3482940071067
8XS_N300_POCOL_seed018_tau6,POCOL,300,18,8,105.62879449995671
8XS_N300_POCOL_seed019_tau6,POCOL,300,19,1,1494.529079764224
8XS_N300_POCOL_seed019_tau6,POCOL,300,19,2,530.725130488484
8XS_N300_POCOL_seed019_tau6,POCOL,300,19,3,389.38415656255415
8XS_N300_POCOL_seed019_tau6,POCOL,300,19,4,163.9448544301831
8XS_N300_POCOL_seed019_tau6,POCOL,300,19,5,694.4934133966476
8XS_N300_POCOL_seed019_tau6,POCOL,300,19,6,599.2679686002261
8XS_N300_POCOL_seed019_tau6,POCOL,300,19,7,1247.7419801060341
8XS_N300_POCOL_seed019_tau6,POCOL,300,19,8,668.4313378712377
8XS_N300_POCOL_seed019_tau6,POCOL,300,19,9,2071.6593797538535
8XS_N300_POCOL_seed019_tau6,POCOL,300,19,10,495.6922067837313
8XS_N300_POCOL_seed019_tau6,POCOL,300,19,11,1375.2722515546575
8XS_N300_POCOL_seed020_tau6,POCOL,300,20,1,1179.9830045209308
8XS_N300_POCOL_seed020_tau6,POCOL,300,20,2,2672.04871165851
8XS_N300_POCOL_seed020_tau6,POCOL,300,20,3,185.67604351544787
8XS_N300_POCOL_seed020_tau6,POCOL,300,20,4,509.1351214482561
8XS_N300_POCOL_seed020_tau6,POCOL,300,20,5,1.1254729166294055
8XS_N300_POCOL_seed020_tau6,POCOL,300,20,6,1613.4307429713936
8XS_N300_POCOL_seed020_tau6,POCOL,300,20,7,458.60080722933435
8XS_N300_POCOL_seed020_tau6,POCOL,300,20,8,51.89207169209021
8XS_N300_POCOL_seed020_tau6,POCOL,300,20,9,245.26082268360824
8XS_N300_POCOL_seed020_tau6,POCOL,300,20,10,512.2117987410866
8XS_N300_POCOL_seed020_tau6,POCOL,300,20,11,1528.3635058861255
8XS_N300_POCOL_seed020_tau6,POCOL,300,20,12,669.2830618259559
8XS_N300_POCOL_seed020_tau6,POCOL,300,20,13,46.112306852648544
8XS_N300_POCOL_seed020_tau6,POCOL,300,20,14,91.42712328571179
8XS_N300_POCOL_seed021_tau6,POCOL,300,21,1,19.547008489232514
8XS_N300_POCOL_seed021_tau6,POCOL,300,21,2,133.19435473092932
8XS_N300_POCOL_seed021_tau6,POCOL,300,21,3,1559.4121174751729
8XS_N300_POCOL_seed021_tau6,POCOL,300,21,4,466.19080755116306
8XS_N300_POCOL_seed021_tau6,POCOL,300,21,5,773.8300470192548
8XS_N300_POCOL_seed021_tau6,POCOL,300,21,6,873.8350490851176
8XS_N300_POCOL_seed021_tau6,POCOL,300,21,7,616.7135257128757
8XS_N300_POCOL_seed021_tau6,POCOL,300,21,8,451.09818177230954
8XS_N300_POCOL_seed021_tau6,POCOL,300,21,9,837.9122921140934
8XS_N300_POCOL_seed021_tau6,POCOL,300,21,10,219.6612022014042
8XS_N300_POCOL_seed021_tau6,POCOL,300,21,11,149.20621097665935
8XS_N300_POCOL_seed021_tau6,POCOL,300,21,12,748.7269803251966
8XS_N300_POCOL_seed021_tau6,POCOL,300,21,13,1338.1904749347696
8XS_N300_POCOL_seed021_tau6,POCOL,300,21,14,289.06308838762834
8XS_N300_POCOL_seed021_tau6,POCOL,300,21,15,158.54685784159665
8XS_N300_POCOL_seed021_tau6,POCOL,300,21,16,1005.0496561661221
8XS_N300_POCOL_seed021_tau6,POCOL,300,21,17,350.8936180990804
8XS_N300_POCOL_seed022_tau6,POCOL,300,22,1,848.0677820889276
8XS_N300_POCOL_seed022_tau6,POCOL,300,22,2,627.1534997119837
8XS_N300_POCOL_seed022_tau6,POCOL,300,22,3,1644.671085708487
8XS_N300_POCOL_seed022_tau6,POCOL,300,22,4,1642.1053749992634
8XS_N300_POCOL_seed022_tau6,POCOL,300,22,5,160.76094624485359
8XS_N300_POCOL_seed022_tau6,POCOL,300,22,6,62.947830882955714
8XS_N300_POCOL_seed022_tau6,POCOL,300,22,7,560.7036552756754
8XS_N300_POCOL_seed022_tau6,POCOL,300,22,8,139.3246394953212
8XS_N300_POCOL_seed022_tau6,POCOL,300,22,9,725.0921439763242
8XS_N300_POCOL_seed022_tau6,POCOL,300,22,10,1658.147690446688
8XS_N300_POCOL_seed022_tau6,POCOL,300,22,11,325.8519952290362
8XS_N300_POCOL_seed022_tau6,POCOL,300,22,12,194.14319712872384
8XS_N300_POCOL_seed022_tau6,POCOL,300,22,13,295.48222799891846
8XS_N300_POCOL_seed022_tau6,POCOL,300,22,14,524.7117032234546
8XS_N300_POCOL_seed023_tau6,POCOL,300,23,1,181.96898686618627
8XS_N300_POCOL_seed023_tau6,POCOL,300,23,2,575.6506589676477
8XS_N300_POCOL_seed023_tau6,POCOL,300,23,3,931.5787830509952
8XS_N300_POCOL_seed023_tau6,POCOL,300,23,4,402.1655797181095
8XS_N300_POCOL_seed023_tau6,POCOL,300,23,5,176.73447035655545
8XS_N300_POCOL_seed023_tau6,POCOL,300,23,6,1188.242264276816
8XS_N300_POCOL_seed023_tau6,POCOL,300,23,7,440.4727412428115
8XS_N300_POCOL_seed023_tau6,POCOL,300,23,8,431.6584804758754
8XS_N300_POCOL_seed023_tau6,POCOL,300,23,9,2323.3753189787594
8XS_N300_POCOL_seed023_tau6,POCOL,300,23,10,68.76602724195618
8XS_N300_POCOL_seed023_tau6,POCOL,300,23,11,334.9178478975864
8XS_N300_POCOL_seed023_tau6,POCOL,300,23,12,412.0587545157887
8XS_N300_POCOL_seed023_tau6,POCOL,300,23,13,74.25229167526686
8XS_N300_POCOL_seed023_tau6,POCOL,300,23,14,852.723316865131
8XS_N300_POCOL_seed023_tau6,POCOL,300,23,15,446.557301869585
8XS_N300_POCOL_seed024_tau6,POCOL,300,24,1,70.36459010700695
8XS_N300_POCOL_seed024_tau6,POCOL,300,24,2,204.85331950466883
8XS_N300_POCOL_seed024_tau6,POCOL,300,24,3,23.14549193539972
8XS_N300_POCOL_seed024_tau6,POCOL,300,24,4,2050.4480620359104
8XS_N300_POCOL_seed024_tau6,POCOL,300,24,5,3003.5778003847745
8XS_N300_POCOL_seed024_tau6,POCOL,300,24,6,928.9319759317987
8XS_N300_POCOL_seed024_tau6,POCOL,300,24,7,200.42818819152126
8XS_N300_POCOL_seed024_tau6,POCOL,300,24,8,304.3242871420416
8XS_N300_POCOL_seed024_tau6,POCOL,300,24,9,454.151895178039
8XS_N300_POCOL_seed024_tau6,POCOL,300,24,10,244.71580542376068
8XS_N300_POCOL_seed024_tau6,POCOL,300,24,11,114.69761367551018
8XS_N300_POCOL_seed024_tau6,POCOL,300,24,12,207.839767842921
8XS_N300_POCOL_seed024_tau6,POCOL,300,24,13,396.2240106618319
8XS_N300_POCOL_seed024_tau6,POCOL,300,24,14,55.174438194077084
8XS_N300_POCOL_seed025_tau6,POCOL,300,25,1,319.6484090919383
8XS_N300_POCOL_seed025_tau6,POCOL,300,25,2,516.8505140283366
8XS_N300_POCOL_seed025_tau6,POCOL,300,25,3,2836.0392138907923
8XS_N300_POCOL_seed025_tau6,POCOL,300,25,4,1284.6396403534445
8XS_N300_POCOL_seed025_tau6,POCOL,300,25,5,820.3693772068737
8XS_N300_POCOL_seed025_tau6,POCOL,300,25,6,251.96617295028045
8XS_N300_POCOL_seed025_tau6,POCOL,300,25,7,5.931604532925121
8XS_N300_POCOL_seed025_tau6,POCOL,300,25,8,509.5183288183207
8XS_N300_POCOL_seed025_tau6,POCOL,300,25,9,585.9590905312762
8XS_N300_POCOL_seed025_tau6,POCOL,300,25,10,405.45861324766156
8XS_N300_POCOL_seed025_tau6,POCOL,300,25,11,933.734872563351
8XS_N300_POCOL_seed025_tau6,POCOL,300,25,12,967.5832206481045
8XS_N300_POCOL_seed026_tau6,POCOL,300,26,1,27.785682314619024
8XS_N300_POCOL_seed026_tau6,POCOL,300,26,2,491.86389261653693
8XS_N300_POCOL_seed026_tau6,POCOL,300,26,3,5.441148650402283
8XS_N300_POCOL_seed026_tau6,POCOL,300,26,4,1826.2398766958192
8XS_N300_POCOL_seed026_tau6,POCOL,300,26,5,3415.9981328968656
8XS_N300_POCOL_seed026_tau6,POCOL,300,26,6,14.169343798273076
8XS_N300_POCOL_seed026_tau6,POCOL,300,26,7,1101.115026387186
8XS_N300_POCOL_seed026_tau6,POCOL,300,26,8,510.42587767736495
8XS_N300_POCOL_seed026_tau6,POCOL,300,26,9,1588.7901555266199
8XS_N300_POCOL_seed027_tau6,POCOL,300,27,1,296.0085602343006
8XS_N300_POCOL_seed027_tau6,POCOL,300,27,2,1935.7119055529151
8XS_N300_POCOL_seed027_tau6,POCOL,300,27,3,809.7025452044436
8XS_N300_POCOL_seed027_tau6,POCOL,300,27,4,1753.915960372617
8XS_N300_POCOL_seed027_tau6,POCOL,300,27,5,54.67889688369269
8XS_N300_POCOL_seed027_tau6,POCOL,300,27,6,1120.7873594044013
8XS_N300_POCOL_seed027_tau6,POCOL,300,27,7,1099.9895600425316
8XS_N300_POCOL_seed027_tau6,POCOL,300,27,8,522.4027331058296
8XS_N300_POCOL_seed027_tau6,POCOL,300,27,9,870.5710642746217
8XS_N300_POCOL_seed027_tau6,POCOL,300,27,10,1175.5725008637983
8XS_N300_POCOL_seed028_tau6,POCOL,300,28,1,403.9404784375363
8XS_N300_POCOL_seed028_tau6,POCOL,300,28,2,134.01874485755673
8XS_N300_POCOL_seed028_tau6,POCOL,300,28,3,1675.298791260666
8XS_N300_POCOL_seed028_tau6,POCOL,300,28,4,578.2235943582514
8XS_N300_POCOL_seed028_tau6,POCOL,300,28,5,243.2068047785133
8XS_N300_POCOL_seed028_tau6,POCOL,300,28,6,903.7559855324776
8XS_N300_POCOL_seed028_tau6,POCOL,300,28,7,154.71288888738582
8XS_N300_POCOL_seed028_tau6,POCOL,300,28,8,1509.9627657010428
8XS_N300_POCOL_seed028_tau6,POCOL,300,28,9,108.69872647740067
8XS_N300_POCOL_seed028_tau6,POCOL,300,28,10,70.09587072506656
8XS_N300_POCOL_seed028_tau6,POCOL,300,28,11,31.469850210377444
8XS_N300_POCOL_seed028_tau6,POCOL,300,28,12,1080.7736030444748
8XS_N300_POCOL_seed028_tau6,POCOL,300,28,13,64.78226577707028
8XS_N300_POCOL_seed028_tau6,POCOL,300,28,14,144.5982003664676
8XS_N300_POCOL_seed028_tau6,POCOL,300,28,15,215.12096537529487
8XS_N300_POCOL_seed028_tau6,POCOL,300,28,16,254.65918445400257
8XS_N300_POCOL_seed028_tau6,POCOL,300,28,17,728.7226378348214
8XS_N300_POCOL_seed028_tau6,POCOL,300,28,18,940.7290752809458
8XS_N300_POCOL_seed028_tau6,POCOL,300,28,19,245.92889418614504
8XS_N300_POCOL_seed028_tau6,POCOL,300,28,20,458.4349691690677
8XS_N300_POCOL_seed029_tau6,POCOL,300,29,1,801.2676754302763
8XS_N300_POCOL_seed029_tau6,POCOL,300,29,2,5534.341490328476
8XS_N300_POCOL_seed029_tau6,POCOL,300,29,3,70.45001766546557
8XS_N300_POCOL_seed029_tau6,POCOL,300,29,4,3.080488567183238
8XS_N300_POCOL_seed029_tau6,POCOL,300,29,5,359.58355266419403
8XS_N300_POCOL_seed029_tau6,POCOL,300,29,6,888.666355298451
8XS_N300_POCOL_seed030_tau6,POCOL,300,30,1,1577.8148639102499
8XS_N300_POCOL_seed030_tau6,POCOL,300,30,2,201.57319487087807
8XS_N300_POCOL_seed030_tau6,POCOL,300,30,3,909.2271416604501
8XS_N300_POCOL_seed030_tau6,POCOL,300,30,4,1102.3154652780217
8XS_N300_POCOL_seed030_tau6,POCOL,300,30,5,2604.3061263641307
8XS_N300_POCOL_seed030_tau6,POCOL,300,30,6,1594.9310430753112
8XS_N300_POCOL_seed030_tau6,POCOL,300,30,7,824.4794187629232
8XS_N300_POCOL_seed030_tau6,POCOL,300,30,8,78.48150263356547
8XS_N300_POCOL_seed030_tau6,POCOL,300,30,9,53.49442622023162
8XS_N500_POCOL_seed001_tau6,POCOL,500,1,1,27.36922891154959
8XS_N500_POCOL_seed001_tau6,POCOL,500,1,2,30.094213588499443
8XS_N500_POCOL_seed001_tau6,POCOL,500,1,3,354.30436532636156
8XS_N500_POCOL_seed001_tau6,POCOL,500,1,4,496.48817798278026
8XS_N500_POCOL_seed001_tau6,POCOL,500,1,5,425.67232307643985
8XS_N500_POCOL_seed001_tau6,POCOL,500,1,6,70.85042713410758
8XS_N500_POCOL_seed001_tau6,POCOL,500,1,7,967.9593917780392
8XS_N500_POCOL_seed001_tau6,POCOL,500,1,8,157.46177443055922
8XS_N500_POCOL_seed001_tau6,POCOL,500,1,9,953.6742113389028
8XS_N500_POCOL_seed001_tau6,POCOL,500,1,10,664.0095719372107
8XS_N500_POCOL_seed001_tau6,POCOL,500,1,11,500.2914989378942
8XS_N500_POCOL_seed001_tau6,POCOL,500,1,12,306.60039851041165
8XS_N500_POCOL_seed001_tau6,POCOL,500,1,13,721.950005288345
8XS_N500_POCOL_seed001_tau6,POCOL,500,1,14,1698.2360085451119
8XS_N500_POCOL_seed001_tau6,POCOL,500,1,15,268.3073696773072
8XS_N500_POCOL_seed001_tau6,POCOL,500,1,16,392.13458304173855
8XS_N500_POCOL_seed001_tau6,POCOL,500,1,17,247.4021057790551
8XS_N500_POCOL_seed002_tau6,POCOL,500,2,1,15.044421766015164
8XS_N500_POCOL_seed002_tau6,POCOL,500,2,2,139.63099710460057
8XS_N500_POCOL_seed002_tau6,POCOL,500,2,3,838.7940724283015
8XS_N500_POCOL_seed002_tau6,POCOL,500,2,4,23.6337177279122
8XS_N500_POCOL_seed002_tau6,POCOL,500,2,5,360.20900279579087
8XS_N500_POCOL_seed002_tau6,POCOL,500,2,6,10.019155639207384
8XS_N500_POCOL_seed002_tau6,POCOL,500,2,7,265.34828037467287
8XS_N500_POCOL_seed002_tau6,POCOL,500,2,8,3508.24623393423
8XS_N500_POCOL_seed002_tau6,POCOL,500,2,9,827.9149305947094
8XS_N500_POCOL_seed002_tau6,POCOL,500,2,10,365.3263924281855
8XS_N500_POCOL_seed002_tau6,POCOL,500,2,11,482.43393846828894
8XS_N500_POCOL_seed002_tau6,POCOL,500,2,12,992.4121816880006
8XS_N500_POCOL_seed002_tau6,POCOL,500,2,13,1316.1909870144473
8XS_N500_POCOL_seed002_tau6,POCOL,500,2,14,566.6176544445661
8XS_N500_POCOL_seed003_tau6,POCOL,500,3,1,682.524578424974
8XS_N500_POCOL_seed003_tau6,POCOL,500,3,2,216.47081107477447
8XS_N500_POCOL_seed003_tau6,POCOL,500,3,3,389.55657965977514
8XS_N500_POCOL_seed003_tau6,POCOL,500,3,4,2111.955626731467
8XS_N500_POCOL_seed003_tau6,POCOL,500,3,5,1083.4527770031732
8XS_N500_POCOL_seed003_tau6,POCOL,500,3,6,1299.02226496
8XS_N500_POCOL_seed003_tau6,POCOL,500,3,7,18.483468729004016
8XS_N500_POCOL_seed003_tau6,POCOL,500,3,8,85.80830995776614
8XS_N500_POCOL_seed003_tau6,POCOL,500,3,9,308.0022546720156
8XS_N500_POCOL_seed003_tau6,POCOL,500,3,10,1491.5183559485313
8XS_N500_POCOL_seed003_tau6,POCOL,500,3,11,544.9096640866373
8XS_N500_POCOL_seed003_tau6,POCOL,500,3,12,107.4093116839631
8XS_N500_POCOL_seed003_tau6,POCOL,500,3,13,247.66650391348048
8XS_N500_POCOL_seed003_tau6,POCOL,500,3,14,36.80928195026536
8XS_N500_POCOL_seed003_tau6,POCOL,500,3,15,183.29031938534354
8XS_N500_POCOL_seed003_tau6,POCOL,500,3,16,153.13831902170205
8XS_N500_POCOL_seed003_tau6,POCOL,500,3,17,860.136411432497
8XS_N500_POCOL_seed004_tau6,POCOL,500,4,1,1529.7864150693547
8XS_N500_POCOL_seed004_tau6,POCOL,500,4,2,1317.529852004495
8XS_N500_POCOL_seed004_tau6,POCOL,500,4,3,1054.8312926850813
8XS_N500_POCOL_seed004_tau6,POCOL,500,4,4,130.10064589982267
8XS_N500_POCOL_seed004_tau6,POCOL,500,4,5,756.5077376710601
8XS_N500_POCOL_seed004_tau6,POCOL,500,4,6,899.7894954560225
8XS_N500_POCOL_seed004_tau6,POCOL,500,4,7,1003.932159265356
8XS_N500_POCOL_seed004_tau6,POCOL,500,4,8,378.74410444564455
8XS_N500_POCOL_seed004_tau6,POCOL,500,4,9,27.609058207494854
8XS_N500_POCOL_seed004_tau6,POCOL,500,4,10,431.56813910106393
8XS_N500_POCOL_seed004_tau6,POCOL,500,4,11,2306.7525173913436
8XS_N500_POCOL_seed005_tau6,POCOL,500,5,1,56.046190723215034
8XS_N500_POCOL_seed005_tau6,POCOL,500,5,2,74.17154977223666
8XS_N500_POCOL_seed005_tau6,POCOL,500,5,3,1344.8443300233332
8XS_N500_POCOL_seed005_tau6,POCOL,500,5,4,135.33447201058243
8XS_N500_POCOL_seed005_tau6,POCOL,500,5,5,114.76104079847391
8XS_N500_POCOL_seed005_tau6,POCOL,500,5,6,68.36266401578632
8XS_N500_POCOL_seed005_tau6,POCOL,500,5,7,271.1183150972797
8XS_N500_POCOL_seed005_tau6,POCOL,500,5,8,858.8560852071919
8XS_N500_POCOL_seed005_tau6,POCOL,500,5,9,945.7442340994426
8XS_N500_POCOL_seed005_tau6,POCOL,500,5,10,547.972535227947
8XS_N500_POCOL_seed005_tau6,POCOL,500,5,11,717.8604834954949
8XS_N500_POCOL_seed005_tau6,POCOL,500,5,12,1082.8321256357995
8XS_N500_POCOL_seed005_tau6,POCOL,500,5,13,3462.44408060594
8XS_N500_POCOL_seed006_tau6,POCOL,500,6,1,80.33331351602601
8XS_N500_POCOL_seed006_tau6,POCOL,500,6,2,4607.515962439202
8XS_N500_POCOL_seed006_tau6,POCOL,500,6,3,215.63420146639146
8XS_N500_POCOL_seed006_tau6,POCOL,500,6,4,1261.4627975960157
8XS_N500_POCOL_seed006_tau6,POCOL,500,6,5,57.29703837801844
8XS_N500_POCOL_seed006_tau6,POCOL,500,6,6,428.3964241802223
8XS_N500_POCOL_seed006_tau6,POCOL,500,6,7,1351.445384566081
8XS_N500_POCOL_seed006_tau6,POCOL,500,6,8,352.1754068602795
8XS_N500_POCOL_seed007_tau6,POCOL,500,7,1,17.453136726799457
8XS_N500_POCOL_seed007_tau6,POCOL,500,7,2,549.326130139441
8XS_N500_POCOL_seed007_tau6,POCOL,500,7,3,118.90126716060843
8XS_N500_POCOL_seed007_tau6,POCOL,500,7,4,526.990379551475
8XS_N500_POCOL_seed007_tau6,POCOL,500,7,5,1066.6812963873522
8XS_N500_POCOL_seed007_tau6,POCOL,500,7,6,1339.0370688200405
8XS_N500_POCOL_seed007_tau6,POCOL,500,7,7,604.6972888966284
8XS_N500_POCOL_seed007_tau6,POCOL,500,7,8,835.492962928919
8XS_N500_POCOL_seed007_tau6,POCOL,500,7,9,466.6811587138154
8XS_N500_POCOL_seed007_tau6,POCOL,500,7,10,1592.580311731057
8XS_N500_POCOL_seed007_tau6,POCOL,500,7,11,250.30291657949329
8XS_N500_POCOL_seed007_tau6,POCOL,500,7,12,677.5090812898961
8XS_N500_POCOL_seed007_tau6,POCOL,500,7,13,933.8001728149056
8XS_N500_POCOL_seed007_tau6,POCOL,500,7,14,826.5573001151242
8XS_N500_POCOL_seed007_tau6,POCOL,500,7,15,178.11081010101225
8XS_N500_POCOL_seed008_tau6,POCOL,500,8,1,169.43922984356868
8XS_N500_POCOL_seed008_tau6,POCOL,500,8,2,81.47947201981015
8XS_N500_POCOL_seed008_tau6,POCOL,500,8,3,849.7829695908497
8XS_N500_POCOL_seed008_tau6,POCOL,500,8,4,647.356568961475
8XS_N500_POCOL_seed008_tau6,POCOL,500,8,5,976.6727773061052
8XS_N500_POCOL_seed008_tau6,POCOL,500,8,6,926.3570046346958
8XS_N500_POCOL_seed008_tau6,POCOL,500,8,7,1300.722069192434
8XS_N500_POCOL_seed008_tau6,POCOL,500,8,8,959.6709772266486
8XS_N500_POCOL_seed008_tau6,POCOL,500,8,9,1145.3835425649486
8XS_N500_POCOL_seed008_tau6,POCOL,500,8,10,422.14521145010985
8XS_N500_POCOL_seed008_tau6,POCOL,500,8,11,406.67041824260014
8XS_N500_POCOL_seed008_tau6,POCOL,500,8,12,1171.804076063041
8XS_N500_POCOL_seed009_tau6,POCOL,500,9,1,1324.6958691932725
8XS_N500_POCOL_seed009_tau6,POCOL,500,9,2,2.623283633034589
8XS_N500_POCOL_seed009_tau6,POCOL,500,9,3,863.3804416754663
8XS_N500_POCOL_seed009_tau6,POCOL,500,9,4,167.17103659419308
8XS_N500_POCOL_seed009_tau6,POCOL,500,9,5,102.49586134479296
8XS_N500_POCOL_seed009_tau6,POCOL,500,9,6,479.5643994532702
8XS_N500_POCOL_seed009_tau6,POCOL,500,9,7,192.3521650280877
8XS_N500_POCOL_seed009_tau6,POCOL,500,9,8,339.79877176588707
8XS_N500_POCOL_seed009_tau6,POCOL,500,9,9,55.44416221927804
8XS_N500_POCOL_seed009_tau6,POCOL,500,9,10,595.0953652192525
8XS_N500_POCOL_seed009_tau6,POCOL,500,9,11,2370.3664975397915
8XS_N500_POCOL_seed009_tau6,POCOL,500,9,12,1336.9193113679403
8XS_N500_POCOL_seed009_tau6,POCOL,500,9,13,144.59477175574102
8XS_N500_POCOL_seed009_tau6,POCOL,500,9,14,891.9538630231436
8XS_N500_POCOL_seed009_tau6,POCOL,500,9,15,99.25034212497667
8XS_N500_POCOL_seed009_tau6,POCOL,500,9,16,445.82387311179264
8XS_N500_POCOL_seed010_tau6,POCOL,500,10,1,304.85711234938935
8XS_N500_POCOL_seed010_tau6,POCOL,500,10,2,1640.6020763444167
8XS_N500_POCOL_seed010_tau6,POCOL,500,10,3,263.17964518065764
8XS_N500_POCOL_seed010_tau6,POCOL,500,10,4,461.0575966098004
8XS_N500_POCOL_seed010_tau6,POCOL,500,10,5,1095.549941151376
8XS_N500_POCOL_seed010_tau6,POCOL,500,10,6,170.5150019199541
8XS_N500_POCOL_seed010_tau6,POCOL,500,10,7,455.8820672966858
8XS_N500_POCOL_seed010_tau6,POCOL,500,10,8,272.5598529962099
8XS_N500_POCOL_seed010_tau6,POCOL,500,10,9,544.8163713748063
8XS_N500_POCOL_seed010_tau6,POCOL,500,10,10,1462.53909960504
8XS_N500_POCOL_seed010_tau6,POCOL,500,10,11,596.7935601781
8XS_N500_POCOL_seed010_tau6,POCOL,500,10,12,753.0075447902846
8XS_N500_POCOL_seed011_tau6,POCOL,500,11,1,210.62027124389544
8XS_N500_POCOL_seed011_tau6,POCOL,500,11,2,827.9179606112106
8XS_N500_POCOL_seed011_tau6,POCOL,500,11,3,848.1739132847956
8XS_N500_POCOL_seed011_tau6,POCOL,500,11,4,502.4648990952528
8XS_N500_POCOL_seed011_tau6,POCOL,500,11,5,702.6585378319774
8XS_N500_POCOL_seed011_tau6,POCOL,500,11,6,481.81998692261004
8XS_N500_POCOL_seed011_tau6,POCOL,500,11,7,2.557680198557591
8XS_N500_POCOL_seed011_tau6,POCOL,500,11,8,776.7667524498593
8XS_N500_POCOL_seed011_tau6,POCOL,500,11,9,563.6402237497978
8XS_N500_POCOL_seed011_tau6,POCOL,500,11,10,462.69309185083785
8XS_N500_POCOL_seed011_tau6,POCOL,500,11,11,1913.0214152284962
8XS_N500_POCOL_seed011_tau6,POCOL,500,11,12,79.04015675811752
8XS_N500_POCOL_seed011_tau6,POCOL,500,11,13,1816.179978271095
8XS_N500_POCOL_seed012_tau6,POCOL,500,12,1,2129.867348628384
8XS_N500_POCOL_seed012_tau6,POCOL,500,12,2,1028.8862404398778
8XS_N500_POCOL_seed012_tau6,POCOL,500,12,3,257.2419128829242
8XS_N500_POCOL_seed012_tau6,POCOL,500,12,4,991.0907266988988
8XS_N500_POCOL_seed012_tau6,POCOL,500,12,5,127.03890056624277
8XS_N500_POCOL_seed012_tau6,POCOL,500,12,6,319.8446571268705
8XS_N500_POCOL_seed012_tau6,POCOL,500,12,7,92.48834366295614
8XS_N500_POCOL_seed012_tau6,POCOL,500,12,8,14.378656735028017
8XS_N500_POCOL_seed012_tau6,POCOL,500,12,9,710.0918734412126
8XS_N500_POCOL_seed012_tau6,POCOL,500,12,10,1240.0450749728116
8XS_N500_POCOL_seed012_tau6,POCOL,500,12,11,708.2411154043957
8XS_N500_POCOL_seed013_tau6,POCOL,500,13,1,454.01804600804877
8XS_N500_POCOL_seed013_tau6,POCOL,500,13,2,240.95513666630512
8XS_N500_POCOL_seed013_tau6,POCOL,500,13,3,120.43959736820989
8XS_N500_POCOL_seed013_tau6,POCOL,500,13,4,1249.8683470821836
8XS_N500_POCOL_seed013_tau6,POCOL,500,13,5,733.3279644814443
8XS_N500_POCOL_seed013_tau6,POCOL,500,13,6,335.3450090860779
8XS_N500_POCOL_seed013_tau6,POCOL,500,13,7,1510.5613227469253
8XS_N500_POCOL_seed013_tau6,POCOL,500,13,8,755.8714346402539
8XS_N500_POCOL_seed013_tau6,POCOL,500,13,9,1471.203479728997
8XS_N500_POCOL_seed013_tau6,POCOL,500,13,10,352.8902666357717
8XS_N500_POCOL_seed013_tau6,POCOL,500,13,11,31.44569863781453
8XS_N500_POCOL_seed013_tau6,POCOL,500,13,12,553.0242084115753
8XS_N500_POCOL_seed013_tau6,POCOL,500,13,13,2096.491792383984
8XS_N500_POCOL_seed014_tau6,POCOL,500,14,1,270.6534159129876
8XS_N500_POCOL_seed014_tau6,POCOL,500,14,2,215.8761417649531
8XS_N500_POCOL_seed014_tau6,POCOL,500,14,3,3414.9450098270877
8XS_N500_POCOL_seed014_tau6,POCOL,500,14,4,951.3727171066434
8XS_N500_POCOL_seed014_tau6,POCOL,500,14,5,141.5410588935356
8XS_N500_POCOL_seed014_tau6,POCOL,500,14,6,670.4530594388043
8XS_N500_POCOL_seed014_tau6,POCOL,500,14,7,672.4895185923851
8XS_N500_POCOL_seed014_tau6,POCOL,500,14,8,129.26421648448468
8XS_N500_POCOL_seed014_tau6,POCOL,500,14,9,2288.8768490103803
8XS_N500_POCOL_seed014_tau6,POCOL,500,14,10,605.0136309421905
8XS_N500_POCOL_seed014_tau6,POCOL,500,14,11,137.89906338653236
8XS_N500_POCOL_seed015_tau6,POCOL,500,15,1,82.4202408585882
8XS_N500_POCOL_seed015_tau6,POCOL,500,15,2,1690.2509106038015
8XS_N500_POCOL_seed015_tau6,POCOL,500,15,3,353.63021283252124
8XS_N500_POCOL_seed015_tau6,POCOL,500,15,4,178.79833598403957
8XS_N500_POCOL_seed015_tau6,POCOL,500,15,5,649.4549883508435
8XS_N500_POCOL_seed015_tau6,POCOL,500,15,6,627.5864150294574
8XS_N500_POCOL_seed015_tau6,POCOL,500,15,7,1277.8459667131315
8XS_N500_POCOL_seed015_tau6,POCOL,500,15,8,123.44002163079585
8XS_N500_POCOL_seed015_tau6,POCOL,500,15,9,557.2667065883606
8XS_N500_POCOL_seed015_tau6,POCOL,500,15,10,767.5904349586535
8XS_N500_POCOL_seed015_tau6,POCOL,500,15,11,222.67536107195156
8XS_N500_POCOL_seed015_tau6,POCOL,500,15,12,1360.221123474339
8XS_N500_POCOL_seed015_tau6,POCOL,500,15,13,177.40442435749628
8XS_N500_POCOL_seed015_tau6,POCOL,500,15,14,757.0674765231561
8XS_N500_POCOL_seed015_tau6,POCOL,500,15,15,127.32700387403202
8XS_N500_POCOL_seed015_tau6,POCOL,500,15,16,38.98700989105782
8XS_N500_POCOL_seed015_tau6,POCOL,500,15,17,100.60971063777652
8XS_N500_POCOL_seed015_tau6,POCOL,500,15,18,471.7928828502645
8XS_N500_POCOL_seed015_tau6,POCOL,500,15,19,148.23638230266442
8XS_N500_POCOL_seed016_tau6,POCOL,500,16,1,273.6195756791674
8XS_N500_POCOL_seed016_tau6,POCOL,500,16,2,407.7684865550849
8XS_N500_POCOL_seed016_tau6,POCOL,500,16,3,10.190349851330097
8XS_N500_POCOL_seed016_tau6,POCOL,500,16,4,139.55676448640008
8XS_N500_POCOL_seed016_tau6,POCOL,500,16,5,1099.5904224244186
8XS_N500_POCOL_seed016_tau6,POCOL,500,16,6,74.72554530722687
8XS_N500_POCOL_seed016_tau6,POCOL,500,16,7,371.5199283716322
8XS_N500_POCOL_seed016_tau6,POCOL,500,16,8,30.20237796273159
8XS_N500_POCOL_seed016_tau6,POCOL,500,16,9,179.09667296426824
8XS_N500_POCOL_seed016_tau6,POCOL,500,16,10,266.5210836293136
8XS_N500_POCOL_seed016_tau6,POCOL,500,16,11,788.8108870268497
8XS_N500_POCOL_seed016_tau6,POCOL,500,16,12,739.4038162835773
8XS_N500_POCOL_seed016_tau6,POCOL,500,16,13,2721.0317309140155
8XS_N500_POCOL_seed016_tau6,POCOL,500,16,14,1692.3826025227536
8XS_N500_POCOL_seed016_tau6,POCOL,500,16,15,729.8278164567819
8XS_N500_POCOL_seed017_tau6,POCOL,500,17,1,254.48624053137488
8XS_N500_POCOL_seed017_tau6,POCOL,500,17,2,663.3784673808506
8XS_N500_POCOL_seed017_tau6,POCOL,500,17,3,567.5881178992529
8XS_N500_POCOL_seed017_tau6,POCOL,500,17,4,371.110338762885
8XS_N500_POCOL_seed017_tau6,POCOL,500,17,5,589.4652678117309
8XS_N500_POCOL_seed017_tau6,POCOL,500,17,6,195.63733678177277
8XS_N500_POCOL_seed017_tau6,POCOL,500,17,7,385.8993018395927
8XS_N500_POCOL_seed017_tau6,POCOL,500,17,8,202.77280790779196
8XS_N500_POCOL_seed017_tau6,POCOL,500,17,9,1654.5754365129646
8XS_N500_POCOL_seed017_tau6,POCOL,500,17,10,389.3948343301163
8XS_N500_POCOL_seed017_tau6,POCOL,500,17,11,405.25852118964303
8XS_N500_POCOL_seed017_tau6,POCOL,500,17,12,135.80770117309567
8XS_N500_POCOL_seed017_tau6,POCOL,500,17,13,363.4800760558346
8XS_N500_POCOL_seed017_tau6,POCOL,500,17,14,1183.4356727319446
8XS_N500_POCOL_seed017_tau6,POCOL,500,17,15,924.6863563427451
8XS_N500_POCOL_seed017_tau6,POCOL,500,17,16,464.22635331724996
8XS_N500_POCOL_seed018_tau6,POCOL,500,18,1,544.849030757957
8XS_N500_POCOL_seed018_tau6,POCOL,500,18,2,173.27110677253654
8XS_N500_POCOL_seed018_tau6,POCOL,500,18,3,874.6077389717839
8XS_N500_POCOL_seed018_tau6,POCOL,500,18,4,365.25562270359524
8XS_N500_POCOL_seed018_tau6,POCOL,500,18,5,339.1797766860859
8XS_N500_POCOL_seed018_tau6,POCOL,500,18,6,825.8639795362637
8XS_N500_POCOL_seed018_tau6,POCOL,500,18,7,1240.3766796353916
8XS_N500_POCOL_seed018_tau6,POCOL,500,18,8,2669.9233558994238
8XS_N500_POCOL_seed019_tau6,POCOL,500,19,1,1526.279541538608
8XS_N500_POCOL_seed019_tau6,POCOL,500,19,2,2467.7869778887907
8XS_N500_POCOL_seed019_tau6,POCOL,500,19,3,255.68242900850146
8XS_N500_POCOL_seed019_tau6,POCOL,500,19,4,309.2490503100398
8XS_N500_POCOL_seed019_tau6,POCOL,500,19,5,1393.2847599981123
8XS_N500_POCOL_seed019_tau6,POCOL,500,19,6,1405.660284131367
8XS_N500_POCOL_seed019_tau6,POCOL,500,19,7,62.443976353234575
8XS_N500_POCOL_seed019_tau6,POCOL,500,19,8,306.68515563540313
8XS_N500_POCOL_seed019_tau6,POCOL,500,19,9,821.5223618903274
8XS_N500_POCOL_seed019_tau6,POCOL,500,19,10,1412.074989825216
8XS_N500_POCOL_seed020_tau6,POCOL,500,20,1,1203.6320545760332
8XS_N500_POCOL_seed020_tau6,POCOL,500,20,2,2743.6070047504645
8XS_N500_POCOL_seed020_tau6,POCOL,500,20,3,187.9697647961989
8XS_N500_POCOL_seed020_tau6,POCOL,500,20,4,522.5619912245284
8XS_N500_POCOL_seed020_tau6,POCOL,500,20,5,1.1254729166294055
8XS_N500_POCOL_seed020_tau6,POCOL,500,20,6,768.9744003965943
8XS_N500_POCOL_seed020_tau6,POCOL,500,20,7,1363.9720342612763
8XS_N500_POCOL_seed020_tau6,POCOL,500,20,8,54.1099294202113
8XS_N500_POCOL_seed020_tau6,POCOL,500,20,9,245.85527483900023
8XS_N500_POCOL_seed020_tau6,POCOL,500,20,10,643.6648940984878
8XS_N500_POCOL_seed020_tau6,POCOL,500,20,11,780.2914350990477
8XS_N500_POCOL_seed020_tau6,POCOL,500,20,12,91.75529673711935
8XS_N500_POCOL_seed020_tau6,POCOL,500,20,13,95.61762206649655
8XS_N500_POCOL_seed020_tau6,POCOL,500,20,14,1166.187783156076
8XS_N500_POCOL_seed021_tau6,POCOL,500,21,1,157.30705184728032
8XS_N500_POCOL_seed021_tau6,POCOL,500,21,2,1604.5934015259031
8XS_N500_POCOL_seed021_tau6,POCOL,500,21,3,475.8444514717928
8XS_N500_POCOL_seed021_tau6,POCOL,500,21,4,794.9232944288597
8XS_N500_POCOL_seed021_tau6,POCOL,500,21,5,1532.6713174007182
8XS_N500_POCOL_seed021_tau6,POCOL,500,21,6,472.1126443664034
8XS_N500_POCOL_seed021_tau6,POCOL,500,21,7,852.9563221719645
8XS_N500_POCOL_seed021_tau6,POCOL,500,21,8,226.7552035215449
8XS_N500_POCOL_seed021_tau6,POCOL,500,21,9,158.41377565828589
8XS_N500_POCOL_seed021_tau6,POCOL,500,21,10,96.93007450666937
8XS_N500_POCOL_seed021_tau6,POCOL,500,21,11,272.70618671123066
8XS_N500_POCOL_seed021_tau6,POCOL,500,21,12,1584.0949095500791
8XS_N500_POCOL_seed021_tau6,POCOL,500,21,13,1690.7972625807888
8XS_N500_POCOL_seed022_tau6,POCOL,500,22,1,699.5706977504839
8XS_N500_POCOL_seed022_tau6,POCOL,500,22,2,811.502668452595
8XS_N500_POCOL_seed022_tau6,POCOL,500,22,3,726.8859210386304
8XS_N500_POCOL_seed022_tau6,POCOL,500,22,4,950.8479217278323
8XS_N500_POCOL_seed022_tau6,POCOL,500,22,5,1685.3218035639202
8XS_N500_POCOL_seed022_tau6,POCOL,500,22,6,170.3046270402956
8XS_N500_POCOL_seed022_tau6,POCOL,500,22,7,56.37991095534289
8XS_N500_POCOL_seed022_tau6,POCOL,500,22,8,574.0825491857704
8XS_N500_POCOL_seed022_tau6,POCOL,500,22,9,140.9788433659587
8XS_N500_POCOL_seed022_tau6,POCOL,500,22,10,751.6227722118119
8XS_N500_POCOL_seed022_tau6,POCOL,500,22,11,219.39790752282624
8XS_N500_POCOL_seed022_tau6,POCOL,500,22,12,1465.500054430444
8XS_N500_POCOL_seed022_tau6,POCOL,500,22,13,336.9924627508917
8XS_N500_POCOL_seed022_tau6,POCOL,500,22,14,189.73271161772573
8XS_N500_POCOL_seed022_tau6,POCOL,500,22,15,326.0240238349252
8XS_N500_POCOL_seed022_tau6,POCOL,500,22,16,744.6316580403127
8XS_N500_POCOL_seed023_tau6,POCOL,500,23,1,186.04331220308342
8XS_N500_POCOL_seed023_tau6,POCOL,500,23,2,486.96611322185726
8XS_N500_POCOL_seed023_tau6,POCOL,500,23,3,1044.0306458891882
8XS_N500_POCOL_seed023_tau6,POCOL,500,23,4,1446.3691650805254
8XS_N500_POCOL_seed023_tau6,POCOL,500,23,5,682.9735406692744
8XS_N500_POCOL_seed023_tau6,POCOL,500,23,6,145.59873937464863
8XS_N500_POCOL_seed023_tau6,POCOL,500,23,7,2819.6220689397514
8XS_N500_POCOL_seed023_tau6,POCOL,500,23,8,60.183533077049105
8XS_N500_POCOL_seed023_tau6,POCOL,500,23,9,174.21420288956233
8XS_N500_POCOL_seed023_tau6,POCOL,500,23,10,608.6821430019036
8XS_N500_POCOL_seed023_tau6,POCOL,500,23,11,68.63758686199253
8XS_N500_POCOL_seed023_tau6,POCOL,500,23,12,410.222729617798
8XS_N500_POCOL_seed023_tau6,POCOL,500,23,13,478.067184071102
8XS_N500_POCOL_seed023_tau6,POCOL,500,23,14,455.5709186328422
8XS_N500_POCOL_seed024_tau6,POCOL,500,24,1,285.58764085442095
8XS_N500_POCOL_seed024_tau6,POCOL,500,24,2,20.847151728382357
8XS_N500_POCOL_seed024_tau6,POCOL,500,24,3,410.56197630224017
8XS_N500_POCOL_seed024_tau6,POCOL,500,24,4,622.8156301301673
8XS_N500_POCOL_seed024_tau6,POCOL,500,24,5,1054.8244603817839
8XS_N500_POCOL_seed024_tau6,POCOL,500,24,6,281.0767019846553
8XS_N500_POCOL_seed024_tau6,POCOL,500,24,7,1264.3773206428982
8XS_N500_POCOL_seed024_tau6,POCOL,500,24,8,107.96405050736894
8XS_N500_POCOL_seed024_tau6,POCOL,500,24,9,340.2819731055042
8XS_N500_POCOL_seed024_tau6,POCOL,500,24,10,62.3792110658469
8XS_N500_POCOL_seed024_tau6,POCOL,500,24,11,991.5318125089989
8XS_N500_POCOL_seed024_tau6,POCOL,500,24,12,1949.904159039167
8XS_N500_POCOL_seed024_tau6,POCOL,500,24,13,249.5475097224098
8XS_N500_POCOL_seed024_tau6,POCOL,500,24,14,117.95641941992108
8XS_N500_POCOL_seed024_tau6,POCOL,500,24,15,212.69703735049552
8XS_N500_POCOL_seed025_tau6,POCOL,500,25,1,863.0146500754007
8XS_N500_POCOL_seed025_tau6,POCOL,500,25,2,1501.0650231667973
8XS_N500_POCOL_seed025_tau6,POCOL,500,25,3,1382.796328706138
8XS_N500_POCOL_seed025_tau6,POCOL,500,25,4,681.2466460059095
8XS_N500_POCOL_seed025_tau6,POCOL,500,25,5,625.307370831848
8XS_N500_POCOL_seed025_tau6,POCOL,500,25,6,1113.8910140773269
8XS_N500_POCOL_seed025_tau6,POCOL,500,25,7,336.38391557664454
8XS_N500_POCOL_seed025_tau6,POCOL,500,25,8,178.02622244691065
8XS_N500_POCOL_seed025_tau6,POCOL,500,25,9,187.73206287917765
8XS_N500_POCOL_seed025_tau6,POCOL,500,25,10,413.55178647674984
8XS_N500_POCOL_seed025_tau6,POCOL,500,25,11,2369.1907825115813
8XS_N500_POCOL_seed026_tau6,POCOL,500,26,1,46.260498110191286
8XS_N500_POCOL_seed026_tau6,POCOL,500,26,2,480.76433863691045
8XS_N500_POCOL_seed026_tau6,POCOL,500,26,3,731.1404095484152
8XS_N500_POCOL_seed026_tau6,POCOL,500,26,4,2926.118276621103
8XS_N500_POCOL_seed026_tau6,POCOL,500,26,5,671.7559852206896
8XS_N500_POCOL_seed026_tau6,POCOL,500,26,6,775.4504621387077
8XS_N500_POCOL_seed026_tau6,POCOL,500,26,7,275.5380810404722
8XS_N500_POCOL_seed026_tau6,POCOL,500,26,8,1147.7439269097486
8XS_N500_POCOL_seed026_tau6,POCOL,500,26,9,38.29444532051457
8XS_N500_POCOL_seed026_tau6,POCOL,500,26,10,487.1391851108119
8XS_N500_POCOL_seed026_tau6,POCOL,500,26,11,1155.0882110336406
8XS_N500_POCOL_seed027_tau6,POCOL,500,27,1,383.21653431414126
8XS_N500_POCOL_seed027_tau6,POCOL,500,27,2,1899.4354547911405
8XS_N500_POCOL_seed027_tau6,POCOL,500,27,3,18.703196617218964
8XS_N500_POCOL_seed027_tau6,POCOL,500,27,4,613.4756819524946
8XS_N500_POCOL_seed027_tau6,POCOL,500,27,5,308.6176979396578
8XS_N500_POCOL_seed027_tau6,POCOL,500,27,6,1675.80552922372
8XS_N500_POCOL_seed027_tau6,POCOL,500,27,7,47.699993607259785
8XS_N500_POCOL_seed027_tau6,POCOL,500,27,8,351.55389361843845
8XS_N500_POCOL_seed027_tau6,POCOL,500,27,9,207.6503925690995
8XS_N500_POCOL_seed027_tau6,POCOL,500,27,10,578.4670277101286
8XS_N500_POCOL_seed027_tau6,POCOL,500,27,11,1115.5649667876396
8XS_N500_POCOL_seed027_tau6,POCOL,500,27,12,318.6296947598239
8XS_N500_POCOL_seed027_tau6,POCOL,500,27,13,202.43920936455015
8XS_N500_POCOL_seed027_tau6,POCOL,500,27,14,898.0414435219791
8XS_N500_POCOL_seed027_tau6,POCOL,500,27,15,1118.2618387497205
8XS_N500_POCOL_seed027_tau6,POCOL,500,27,16,54.10025647548355
8XS_N500_POCOL_seed028_tau6,POCOL,500,28,1,2870.4147454878585
8XS_N500_POCOL_seed028_tau6,POCOL,500,28,2,245.3933328443968
8XS_N500_POCOL_seed028_tau6,POCOL,500,28,3,926.2769666733925
8XS_N500_POCOL_seed028_tau6,POCOL,500,28,4,157.8272520540213
8XS_N500_POCOL_seed028_tau6,POCOL,500,28,5,325.500552254347
8XS_N500_POCOL_seed028_tau6,POCOL,500,28,6,1214.6899919974458
8XS_N500_POCOL_seed028_tau6,POCOL,500,28,7,110.85787777840142
8XS_N500_POCOL_seed028_tau6,POCOL,500,28,8,1341.6601384862897
8XS_N500_POCOL_seed028_tau6,POCOL,500,28,9,99.75199282800622
8XS_N500_POCOL_seed028_tau6,POCOL,500,28,10,216.54918021451067
8XS_N500_POCOL_seed028_tau6,POCOL,500,28,11,1004.5077955561183
8XS_N500_POCOL_seed029_tau6,POCOL,500,29,1,6251.582250985209
8XS_N500_POCOL_seed029_tau6,POCOL,500,29,2,231.89282250163706
8XS_N500_POCOL_seed029_tau6,POCOL,500,29,3,81.68469368844853
8XS_N500_POCOL_seed029_tau6,POCOL,500,29,4,366.93116547056434
8XS_N500_POCOL_seed029_tau6,POCOL,500,29,5,909.9583228520623
8XS_N500_POCOL_seed029_tau6,POCOL,500,29,6,2065.225565059218
8XS_N500_POCOL_seed030_tau6,POCOL,500,30,1,1620.0213044826692
8XS_N500_POCOL_seed030_tau6,POCOL,500,30,2,205.23384891515047
8XS_N500_POCOL_seed030_tau6,POCOL,500,30,3,2661.336613106737
8XS_N500_POCOL_seed030_tau6,POCOL,500,30,4,2257.2241056832345
8XS_N500_POCOL_seed030_tau6,POCOL,500,30,5,495.163731180759
8XS_N500_POCOL_seed030_tau6,POCOL,500,30,6,46.83306465787609
8XS_N500_POCOL_seed030_tau6,POCOL,500,30,7,179.58301015597863
8XS_N500_POCOL_seed030_tau6,POCOL,500,30,8,725.6868804883579
8XS_N500_POCOL_seed030_tau6,POCOL,500,30,9,172.35555670958547
8XS_N500_POCOL_seed030_tau6,POCOL,500,30,10,151.10404976513382
8XS_N500_POCOL_seed030_tau6,POCOL,500,30,11,575.5078350987733
