      0.0s 1/750 primary N=100 seed=18231826143518580289 XNR-PW-CONV-ZERO blocks=15
      0.0s 2/750 primary N=100 seed=18231826143518580289 XNR-PW-CONV-OFFSET blocks=15
      0.0s 3/750 primary N=100 seed=18231826143518580289 XNR-PW-MT-ZERO blocks=0
      0.0s 4/750 primary N=100 seed=18231826143518580289 XNR-PW-MT-OFFSET blocks=0
      0.0s 5/750 primary N=100 seed=18231826143518580289 XNR-PC blocks=15
      0.0s 6/750 primary N=100 seed=8906286495562900921 XNR-PW-CONV-ZERO blocks=19
      0.0s 7/750 primary N=100 seed=8906286495562900921 XNR-PW-CONV-OFFSET blocks=19
      0.0s 8/750 primary N=100 seed=8906286495562900921 XNR-PW-MT-ZERO blocks=1
      0.0s 9/750 primary N=100 seed=8906286495562900921 XNR-PW-MT-OFFSET blocks=1
      0.0s 10/750 primary N=100 seed=8906286495562900921 XNR-PC blocks=19
      0.0s 11/750 primary N=100 seed=8770642015975544875 XNR-PW-CONV-ZERO blocks=16
      0.1s 12/750 primary N=100 seed=8770642015975544875 XNR-PW-CONV-OFFSET blocks=16
      0.1s 13/750 primary N=100 seed=8770642015975544875 XNR-PW-MT-ZERO blocks=0
      0.1s 14/750 primary N=100 seed=8770642015975544875 XNR-PW-MT-OFFSET blocks=0
      0.1s 15/750 primary N=100 seed=8770642015975544875 XNR-PC blocks=16
      0.1s 16/750 primary N=100 seed=9576473659758073777 XNR-PW-CONV-ZERO blocks=16
      0.1s 17/750 primary N=100 seed=9576473659758073777 XNR-PW-CONV-OFFSET blocks=16
      0.1s 18/750 primary N=100 seed=9576473659758073777 XNR-PW-MT-ZERO blocks=0
      0.1s 19/750 primary N=100 seed=9576473659758073777 XNR-PW-MT-OFFSET blocks=0
      0.1s 20/750 primary N=100 seed=9576473659758073777 XNR-PC blocks=16
      0.1s 21/750 primary N=100 seed=16363268894485278985 XNR-PW-CONV-ZERO blocks=11
      0.1s 22/750 primary N=100 seed=16363268894485278985 XNR-PW-CONV-OFFSET blocks=11
      0.1s 23/750 primary N=100 seed=16363268894485278985 XNR-PW-MT-ZERO blocks=0
      0.1s 24/750 primary N=100 seed=16363268894485278985 XNR-PW-MT-OFFSET blocks=0
      0.1s 25/750 primary N=100 seed=16363268894485278985 XNR-PC blocks=11
      0.1s 26/750 primary N=100 seed=16585534704111605887 XNR-PW-CONV-ZERO blocks=17
      0.1s 27/750 primary N=100 seed=16585534704111605887 XNR-PW-CONV-OFFSET blocks=17
      0.1s 28/750 primary N=100 seed=16585534704111605887 XNR-PW-MT-ZERO blocks=0
      0.1s 29/750 primary N=100 seed=16585534704111605887 XNR-PW-MT-OFFSET blocks=0
      0.1s 30/750 primary N=100 seed=16585534704111605887 XNR-PC blocks=17
      0.1s 31/750 primary N=100 seed=14790319751179523344 XNR-PW-CONV-ZERO blocks=16
      0.1s 32/750 primary N=100 seed=14790319751179523344 XNR-PW-CONV-OFFSET blocks=16
      0.1s 33/750 primary N=100 seed=14790319751179523344 XNR-PW-MT-ZERO blocks=0
      0.1s 34/750 primary N=100 seed=14790319751179523344 XNR-PW-MT-OFFSET blocks=0
      0.1s 35/750 primary N=100 seed=14790319751179523344 XNR-PC blocks=16
      0.1s 36/750 primary N=100 seed=15311360825920276038 XNR-PW-CONV-ZERO blocks=14
      0.1s 37/750 primary N=100 seed=15311360825920276038 XNR-PW-CONV-OFFSET blocks=14
      0.2s 38/750 primary N=100 seed=15311360825920276038 XNR-PW-MT-ZERO blocks=0
      0.2s 39/750 primary N=100 seed=15311360825920276038 XNR-PW-MT-OFFSET blocks=0
      0.2s 40/750 primary N=100 seed=15311360825920276038 XNR-PC blocks=14
      0.2s 41/750 primary N=100 seed=10419287363523441034 XNR-PW-CONV-ZERO blocks=12
      0.2s 42/750 primary N=100 seed=10419287363523441034 XNR-PW-CONV-OFFSET blocks=12
      0.2s 43/750 primary N=100 seed=10419287363523441034 XNR-PW-MT-ZERO blocks=0
      0.2s 44/750 primary N=100 seed=10419287363523441034 XNR-PW-MT-OFFSET blocks=0
      0.2s 45/750 primary N=100 seed=10419287363523441034 XNR-PC blocks=12
      0.2s 46/750 primary N=100 seed=9964858435511495645 XNR-PW-CONV-ZERO blocks=16
      0.2s 47/750 primary N=100 seed=9964858435511495645 XNR-PW-CONV-OFFSET blocks=16
      0.2s 48/750 primary N=100 seed=9964858435511495645 XNR-PW-MT-ZERO blocks=0
      0.2s 49/750 primary N=100 seed=9964858435511495645 XNR-PW-MT-OFFSET blocks=0
      0.2s 50/750 primary N=100 seed=9964858435511495645 XNR-PC blocks=16
      0.2s 51/750 primary N=100 seed=12980243426712185825 XNR-PW-CONV-ZERO blocks=18
      0.2s 52/750 primary N=100 seed=12980243426712185825 XNR-PW-CONV-OFFSET blocks=18
      0.2s 53/750 primary N=100 seed=12980243426712185825 XNR-PW-MT-ZERO blocks=0
      0.2s 54/750 primary N=100 seed=12980243426712185825 XNR-PW-MT-OFFSET blocks=0
      0.2s 55/750 primary N=100 seed=12980243426712185825 XNR-PC blocks=18
      0.2s 56/750 primary N=100 seed=2834549471034337693 XNR-PW-CONV-ZERO blocks=19
      0.2s 57/750 primary N=100 seed=2834549471034337693 XNR-PW-CONV-OFFSET blocks=19
      0.2s 58/750 primary N=100 seed=2834549471034337693 XNR-PW-MT-ZERO blocks=0
      0.2s 59/750 primary N=100 seed=2834549471034337693 XNR-PW-MT-OFFSET blocks=0
      0.2s 60/750 primary N=100 seed=2834549471034337693 XNR-PC blocks=19
      0.2s 61/750 primary N=100 seed=17638313716927524985 XNR-PW-CONV-ZERO blocks=10
      0.2s 62/750 primary N=100 seed=17638313716927524985 XNR-PW-CONV-OFFSET blocks=10
      0.2s 63/750 primary N=100 seed=17638313716927524985 XNR-PW-MT-ZERO blocks=0
      0.2s 64/750 primary N=100 seed=17638313716927524985 XNR-PW-MT-OFFSET blocks=0
      0.2s 65/750 primary N=100 seed=17638313716927524985 XNR-PC blocks=10
      0.3s 66/750 primary N=100 seed=4701815876319261908 XNR-PW-CONV-ZERO blocks=15
      0.3s 67/750 primary N=100 seed=4701815876319261908 XNR-PW-CONV-OFFSET blocks=15
      0.3s 68/750 primary N=100 seed=4701815876319261908 XNR-PW-MT-ZERO blocks=0
      0.3s 69/750 primary N=100 seed=4701815876319261908 XNR-PW-MT-OFFSET blocks=0
      0.3s 70/750 primary N=100 seed=4701815876319261908 XNR-PC blocks=15
      0.3s 71/750 primary N=100 seed=7822082833909267661 XNR-PW-CONV-ZERO blocks=20
      0.3s 72/750 primary N=100 seed=7822082833909267661 XNR-PW-CONV-OFFSET blocks=20
      0.3s 73/750 primary N=100 seed=7822082833909267661 XNR-PW-MT-ZERO blocks=0
      0.3s 74/750 primary N=100 seed=7822082833909267661 XNR-PW-MT-OFFSET blocks=0
      0.3s 75/750 primary N=100 seed=7822082833909267661 XNR-PC blocks=20
      0.3s 76/750 primary N=100 seed=12102592183121031244 XNR-PW-CONV-ZERO blocks=21
      0.3s 77/750 primary N=100 seed=12102592183121031244 XNR-PW-CONV-OFFSET blocks=21
      0.3s 78/750 primary N=100 seed=12102592183121031244 XNR-PW-MT-ZERO blocks=0
      0.3s 79/750 primary N=100 seed=12102592183121031244 XNR-PW-MT-OFFSET blocks=0
      0.3s 80/750 primary N=100 seed=12102592183121031244 XNR-PC blocks=21
      0.3s 81/750 primary N=100 seed=4849566379269777204 XNR-PW-CONV-ZERO blocks=17
      0.3s 82/750 primary N=100 seed=4849566379269777204 XNR-PW-CONV-OFFSET blocks=17
      0.3s 83/750 primary N=100 seed=4849566379269777204 XNR-PW-MT-ZERO blocks=0
      0.3s 84/750 primary N=100 seed=4849566379269777204 XNR-PW-MT-OFFSET blocks=0
      0.3s 85/750 primary N=100 seed=4849566379269777204 XNR-PC blocks=17
      0.3s 86/750 primary N=100 seed=4171531546602603804 XNR-PW-CONV-ZERO blocks=16
      0.3s 87/750 primary N=100 seed=4171531546602603804 XNR-PW-CONV-OFFSET blocks=16
      0.3s 88/750 primary N=100 seed=4171531546602603804 XNR-PW-MT-ZERO blocks=0
      0.3s 89/750 primary N=100 seed=4171531546602603804 XNR-PW-MT-OFFSET blocks=0
      0.3s 90/750 primary N=100 seed=4171531546602603804 XNR-PC blocks=16
      0.4s 91/750 primary N=100 seed=6773169848162830496 XNR-PW-CONV-ZERO blocks=15
      0.4s 92/750 primary N=100 seed=6773169848162830496 XNR-PW-CONV-OFFSET blocks=15
      0.4s 93/750 primary N=100 seed=6773169848162830496 XNR-PW-MT-ZERO blocks=0
      0.4s 94/750 primary N=100 seed=6773169848162830496 XNR-PW-MT-OFFSET blocks=0
      0.4s 95/750 primary N=100 seed=6773169848162830496 XNR-PC blocks=15
      0.4s 96/750 primary N=100 seed=13259265031399199819 XNR-PW-CONV-ZERO blocks=20
      0.4s 97/750 primary N=100 seed=13259265031399199819 XNR-PW-CONV-OFFSET blocks=20
      0.4s 98/750 primary N=100 seed=13259265031399199819 XNR-PW-MT-ZERO blocks=0
      0.4s 99/750 primary N=100 seed=13259265031399199819 XNR-PW-MT-OFFSET blocks=0
      0.4s 100/750 primary N=100 seed=13259265031399199819 XNR-PC blocks=20
      0.4s 101/750 primary N=100 seed=7383040523285475032 XNR-PW-CONV-ZERO blocks=22
      0.4s 102/750 primary N=100 seed=7383040523285475032 XNR-PW-CONV-OFFSET blocks=22
      0.4s 103/750 primary N=100 seed=7383040523285475032 XNR-PW-MT-ZERO blocks=0
      0.4s 104/750 primary N=100 seed=7383040523285475032 XNR-PW-MT-OFFSET blocks=0
      0.4s 105/750 primary N=100 seed=7383040523285475032 XNR-PC blocks=22
      0.4s 106/750 primary N=100 seed=8469065342115915783 XNR-PW-CONV-ZERO blocks=21
      0.4s 107/750 primary N=100 seed=8469065342115915783 XNR-PW-CONV-OFFSET blocks=21
      0.4s 108/750 primary N=100 seed=8469065342115915783 XNR-PW-MT-ZERO blocks=0
      0.4s 109/750 primary N=100 seed=8469065342115915783 XNR-PW-MT-OFFSET blocks=0
      0.4s 110/750 primary N=100 seed=8469065342115915783 XNR-PC blocks=21
      0.4s 111/750 primary N=100 seed=11167473384098259577 XNR-PW-CONV-ZERO blocks=15
      0.5s 112/750 primary N=100 seed=11167473384098259577 XNR-PW-CONV-OFFSET blocks=15
      0.5s 113/750 primary N=100 seed=11167473384098259577 XNR-PW-MT-ZERO blocks=0
      0.5s 114/750 primary N=100 seed=11167473384098259577 XNR-PW-MT-OFFSET blocks=0
      0.5s 115/750 primary N=100 seed=11167473384098259577 XNR-PC blocks=15
      0.5s 116/750 primary N=100 seed=3927382471087979842 XNR-PW-CONV-ZERO blocks=10
      0.5s 117/750 primary N=100 seed=3927382471087979842 XNR-PW-CONV-OFFSET blocks=10
      0.5s 118/750 primary N=100 seed=3927382471087979842 XNR-PW-MT-ZERO blocks=0
      0.5s 119/750 primary N=100 seed=3927382471087979842 XNR-PW-MT-OFFSET blocks=0
      0.5s 120/750 primary N=100 seed=3927382471087979842 XNR-PC blocks=10
      0.5s 121/750 primary N=100 seed=12250540210932396121 XNR-PW-CONV-ZERO blocks=15
      0.5s 122/750 primary N=100 seed=12250540210932396121 XNR-PW-CONV-OFFSET blocks=15
      0.5s 123/750 primary N=100 seed=12250540210932396121 XNR-PW-MT-ZERO blocks=0
      0.5s 124/750 primary N=100 seed=12250540210932396121 XNR-PW-MT-OFFSET blocks=0
      0.5s 125/750 primary N=100 seed=12250540210932396121 XNR-PC blocks=15
      0.5s 126/750 primary N=100 seed=12687317089305426264 XNR-PW-CONV-ZERO blocks=18
      0.5s 127/750 primary N=100 seed=12687317089305426264 XNR-PW-CONV-OFFSET blocks=18
      0.5s 128/750 primary N=100 seed=12687317089305426264 XNR-PW-MT-ZERO blocks=0
      0.5s 129/750 primary N=100 seed=12687317089305426264 XNR-PW-MT-OFFSET blocks=0
      0.5s 130/750 primary N=100 seed=12687317089305426264 XNR-PC blocks=18
      0.5s 131/750 primary N=100 seed=3068354826123602611 XNR-PW-CONV-ZERO blocks=20
      0.5s 132/750 primary N=100 seed=3068354826123602611 XNR-PW-CONV-OFFSET blocks=20
      0.5s 133/750 primary N=100 seed=3068354826123602611 XNR-PW-MT-ZERO blocks=0
      0.5s 134/750 primary N=100 seed=3068354826123602611 XNR-PW-MT-OFFSET blocks=0
      0.5s 135/750 primary N=100 seed=3068354826123602611 XNR-PC blocks=20
      0.5s 136/750 primary N=100 seed=6452565723836495873 XNR-PW-CONV-ZERO blocks=10
      0.5s 137/750 primary N=100 seed=6452565723836495873 XNR-PW-CONV-OFFSET blocks=10
      0.5s 138/750 primary N=100 seed=6452565723836495873 XNR-PW-MT-ZERO blocks=0
      0.5s 139/750 primary N=100 seed=6452565723836495873 XNR-PW-MT-OFFSET blocks=0
      0.5s 140/750 primary N=100 seed=6452565723836495873 XNR-PC blocks=10
      0.6s 141/750 primary N=100 seed=12576523555926126553 XNR-PW-CONV-ZERO blocks=18
      0.6s 142/750 primary N=100 seed=12576523555926126553 XNR-PW-CONV-OFFSET blocks=18
      0.6s 143/750 primary N=100 seed=12576523555926126553 XNR-PW-MT-ZERO blocks=0
      0.6s 144/750 primary N=100 seed=12576523555926126553 XNR-PW-MT-OFFSET blocks=0
      0.6s 145/750 primary N=100 seed=12576523555926126553 XNR-PC blocks=18
      0.6s 146/750 primary N=100 seed=7616672725889129548 XNR-PW-CONV-ZERO blocks=12
      0.6s 147/750 primary N=100 seed=7616672725889129548 XNR-PW-CONV-OFFSET blocks=12
      0.6s 148/750 primary N=100 seed=7616672725889129548 XNR-PW-MT-ZERO blocks=1
      0.6s 149/750 primary N=100 seed=7616672725889129548 XNR-PW-MT-OFFSET blocks=1
      0.6s 150/750 primary N=100 seed=7616672725889129548 XNR-PC blocks=12
      0.6s 151/750 primary N=200 seed=18231826143518580289 XNR-PW-CONV-ZERO blocks=15
      0.6s 152/750 primary N=200 seed=18231826143518580289 XNR-PW-CONV-OFFSET blocks=15
      0.6s 153/750 primary N=200 seed=18231826143518580289 XNR-PW-MT-ZERO blocks=0
      0.6s 154/750 primary N=200 seed=18231826143518580289 XNR-PW-MT-OFFSET blocks=0
      0.6s 155/750 primary N=200 seed=18231826143518580289 XNR-PC blocks=15
      0.6s 156/750 primary N=200 seed=8906286495562900921 XNR-PW-CONV-ZERO blocks=19
      0.6s 157/750 primary N=200 seed=8906286495562900921 XNR-PW-CONV-OFFSET blocks=19
      0.6s 158/750 primary N=200 seed=8906286495562900921 XNR-PW-MT-ZERO blocks=0
      0.6s 159/750 primary N=200 seed=8906286495562900921 XNR-PW-MT-OFFSET blocks=0
      0.7s 160/750 primary N=200 seed=8906286495562900921 XNR-PC blocks=19
      0.7s 161/750 primary N=200 seed=8770642015975544875 XNR-PW-CONV-ZERO blocks=16
      0.7s 162/750 primary N=200 seed=8770642015975544875 XNR-PW-CONV-OFFSET blocks=16
      0.7s 163/750 primary N=200 seed=8770642015975544875 XNR-PW-MT-ZERO blocks=0
      0.7s 164/750 primary N=200 seed=8770642015975544875 XNR-PW-MT-OFFSET blocks=0
      0.7s 165/750 primary N=200 seed=8770642015975544875 XNR-PC blocks=16
      0.7s 166/750 primary N=200 seed=9576473659758073777 XNR-PW-CONV-ZERO blocks=16
      0.7s 167/750 primary N=200 seed=9576473659758073777 XNR-PW-CONV-OFFSET blocks=16
      0.7s 168/750 primary N=200 seed=9576473659758073777 XNR-PW-MT-ZERO blocks=0
      0.7s 169/750 primary N=200 seed=9576473659758073777 XNR-PW-MT-OFFSET blocks=0
      0.7s 170/750 primary N=200 seed=9576473659758073777 XNR-PC blocks=16
      0.7s 171/750 primary N=200 seed=16363268894485278985 XNR-PW-CONV-ZERO blocks=11
      0.7s 172/750 primary N=200 seed=16363268894485278985 XNR-PW-CONV-OFFSET blocks=11
      0.7s 173/750 primary N=200 seed=16363268894485278985 XNR-PW-MT-ZERO blocks=0
      0.7s 174/750 primary N=200 seed=16363268894485278985 XNR-PW-MT-OFFSET blocks=0
      0.7s 175/750 primary N=200 seed=16363268894485278985 XNR-PC blocks=11
      0.8s 176/750 primary N=200 seed=16585534704111605887 XNR-PW-CONV-ZERO blocks=17
      0.8s 177/750 primary N=200 seed=16585534704111605887 XNR-PW-CONV-OFFSET blocks=17
      0.8s 178/750 primary N=200 seed=16585534704111605887 XNR-PW-MT-ZERO blocks=0
      0.8s 179/750 primary N=200 seed=16585534704111605887 XNR-PW-MT-OFFSET blocks=0
      0.8s 180/750 primary N=200 seed=16585534704111605887 XNR-PC blocks=17
      0.8s 181/750 primary N=200 seed=14790319751179523344 XNR-PW-CONV-ZERO blocks=16
      0.8s 182/750 primary N=200 seed=14790319751179523344 XNR-PW-CONV-OFFSET blocks=16
      0.8s 183/750 primary N=200 seed=14790319751179523344 XNR-PW-MT-ZERO blocks=0
      0.8s 184/750 primary N=200 seed=14790319751179523344 XNR-PW-MT-OFFSET blocks=0
      0.8s 185/750 primary N=200 seed=14790319751179523344 XNR-PC blocks=16
      0.8s 186/750 primary N=200 seed=15311360825920276038 XNR-PW-CONV-ZERO blocks=14
      0.8s 187/750 primary N=200 seed=15311360825920276038 XNR-PW-CONV-OFFSET blocks=14
      0.8s 188/750 primary N=200 seed=15311360825920276038 XNR-PW-MT-ZERO blocks=0
      0.8s 189/750 primary N=200 seed=15311360825920276038 XNR-PW-MT-OFFSET blocks=0
      0.9s 190/750 primary N=200 seed=15311360825920276038 XNR-PC blocks=14
      0.9s 191/750 primary N=200 seed=10419287363523441034 XNR-PW-CONV-ZERO blocks=12
      0.9s 192/750 primary N=200 seed=10419287363523441034 XNR-PW-CONV-OFFSET blocks=12
      0.9s 193/750 primary N=200 seed=10419287363523441034 XNR-PW-MT-ZERO blocks=0
      0.9s 194/750 primary N=200 seed=10419287363523441034 XNR-PW-MT-OFFSET blocks=0
      0.9s 195/750 primary N=200 seed=10419287363523441034 XNR-PC blocks=12
      0.9s 196/750 primary N=200 seed=9964858435511495645 XNR-PW-CONV-ZERO blocks=16
      0.9s 197/750 primary N=200 seed=9964858435511495645 XNR-PW-CONV-OFFSET blocks=16
      0.9s 198/750 primary N=200 seed=9964858435511495645 XNR-PW-MT-ZERO blocks=0
      0.9s 199/750 primary N=200 seed=9964858435511495645 XNR-PW-MT-OFFSET blocks=0
      0.9s 200/750 primary N=200 seed=9964858435511495645 XNR-PC blocks=16
      0.9s 201/750 primary N=200 seed=12980243426712185825 XNR-PW-CONV-ZERO blocks=18
      0.9s 202/750 primary N=200 seed=12980243426712185825 XNR-PW-CONV-OFFSET blocks=18
      0.9s 203/750 primary N=200 seed=12980243426712185825 XNR-PW-MT-ZERO blocks=0
      0.9s 204/750 primary N=200 seed=12980243426712185825 XNR-PW-MT-OFFSET blocks=0
      1.0s 205/750 primary N=200 seed=12980243426712185825 XNR-PC blocks=18
      1.0s 206/750 primary N=200 seed=2834549471034337693 XNR-PW-CONV-ZERO blocks=19
      1.0s 207/750 primary N=200 seed=2834549471034337693 XNR-PW-CONV-OFFSET blocks=19
      1.0s 208/750 primary N=200 seed=2834549471034337693 XNR-PW-MT-ZERO blocks=0
      1.0s 209/750 primary N=200 seed=2834549471034337693 XNR-PW-MT-OFFSET blocks=0
      1.0s 210/750 primary N=200 seed=2834549471034337693 XNR-PC blocks=19
      1.0s 211/750 primary N=200 seed=17638313716927524985 XNR-PW-CONV-ZERO blocks=10
      1.0s 212/750 primary N=200 seed=17638313716927524985 XNR-PW-CONV-OFFSET blocks=10
      1.0s 213/750 primary N=200 seed=17638313716927524985 XNR-PW-MT-ZERO blocks=0
      1.0s 214/750 primary N=200 seed=17638313716927524985 XNR-PW-MT-OFFSET blocks=0
      1.0s 215/750 primary N=200 seed=17638313716927524985 XNR-PC blocks=10
      1.0s 216/750 primary N=200 seed=4701815876319261908 XNR-PW-CONV-ZERO blocks=15
      1.0s 217/750 primary N=200 seed=4701815876319261908 XNR-PW-CONV-OFFSET blocks=15
      1.0s 218/750 primary N=200 seed=4701815876319261908 XNR-PW-MT-ZERO blocks=0
      1.0s 219/750 primary N=200 seed=4701815876319261908 XNR-PW-MT-OFFSET blocks=0
      1.1s 220/750 primary N=200 seed=4701815876319261908 XNR-PC blocks=15
      1.1s 221/750 primary N=200 seed=7822082833909267661 XNR-PW-CONV-ZERO blocks=20
      1.1s 222/750 primary N=200 seed=7822082833909267661 XNR-PW-CONV-OFFSET blocks=20
      1.1s 223/750 primary N=200 seed=7822082833909267661 XNR-PW-MT-ZERO blocks=0
      1.1s 224/750 primary N=200 seed=7822082833909267661 XNR-PW-MT-OFFSET blocks=0
      1.1s 225/750 primary N=200 seed=7822082833909267661 XNR-PC blocks=20
      1.1s 226/750 primary N=200 seed=12102592183121031244 XNR-PW-CONV-ZERO blocks=21
      1.1s 227/750 primary N=200 seed=12102592183121031244 XNR-PW-CONV-OFFSET blocks=21
      1.1s 228/750 primary N=200 seed=12102592183121031244 XNR-PW-MT-ZERO blocks=0
      1.1s 229/750 primary N=200 seed=12102592183121031244 XNR-PW-MT-OFFSET blocks=0
      1.1s 230/750 primary N=200 seed=12102592183121031244 XNR-PC blocks=21
      1.2s 231/750 primary N=200 seed=4849566379269777204 XNR-PW-CONV-ZERO blocks=17
      1.2s 232/750 primary N=200 seed=4849566379269777204 XNR-PW-CONV-OFFSET blocks=17
      1.2s 233/750 primary N=200 seed=4849566379269777204 XNR-PW-MT-ZERO blocks=0
      1.2s 234/750 primary N=200 seed=4849566379269777204 XNR-PW-MT-OFFSET blocks=0
      1.2s 235/750 primary N=200 seed=4849566379269777204 XNR-PC blocks=17
      1.2s 236/750 primary N=200 seed=4171531546602603804 XNR-PW-CONV-ZERO blocks=16
      1.2s 237/750 primary N=200 seed=4171531546602603804 XNR-PW-CONV-OFFSET blocks=16
      1.2s 238/750 primary N=200 seed=4171531546602603804 XNR-PW-MT-ZERO blocks=0
      1.2s 239/750 primary N=200 seed=4171531546602603804 XNR-PW-MT-OFFSET blocks=0
      1.2s 240/750 primary N=200 seed=4171531546602603804 XNR-PC blocks=16
      1.2s 241/750 primary N=200 seed=6773169848162830496 XNR-PW-CONV-ZERO blocks=15
      1.2s 242/750 primary N=200 seed=6773169848162830496 XNR-PW-CONV-OFFSET blocks=15
      1.2s 243/750 primary N=200 seed=6773169848162830496 XNR-PW-MT-ZERO blocks=0
      1.2s 244/750 primary N=200 seed=6773169848162830496 XNR-PW-MT-OFFSET blocks=0
      1.3s 245/750 primary N=200 seed=6773169848162830496 XNR-PC blocks=15
      1.3s 246/750 primary N=200 seed=13259265031399199819 XNR-PW-CONV-ZERO blocks=20
      1.3s 247/750 primary N=200 seed=13259265031399199819 XNR-PW-CONV-OFFSET blocks=20
      1.3s 248/750 primary N=200 seed=13259265031399199819 XNR-PW-MT-ZERO blocks=0
      1.3s 249/750 primary N=200 seed=13259265031399199819 XNR-PW-MT-OFFSET blocks=0
      1.3s 250/750 primary N=200 seed=13259265031399199819 XNR-PC blocks=20
      1.3s 251/750 primary N=200 seed=7383040523285475032 XNR-PW-CONV-ZERO blocks=22
      1.3s 252/750 primary N=200 seed=7383040523285475032 XNR-PW-CONV-OFFSET blocks=22
      1.3s 253/750 primary N=200 seed=7383040523285475032 XNR-PW-MT-ZERO blocks=0
      1.3s 254/750 primary N=200 seed=7383040523285475032 XNR-PW-MT-OFFSET blocks=0
      1.3s 255/750 primary N=200 seed=7383040523285475032 XNR-PC blocks=22
      1.4s 256/750 primary N=200 seed=8469065342115915783 XNR-PW-CONV-ZERO blocks=21
      1.4s 257/750 primary N=200 seed=8469065342115915783 XNR-PW-CONV-OFFSET blocks=21
      1.4s 258/750 primary N=200 seed=8469065342115915783 XNR-PW-MT-ZERO blocks=0
      1.4s 259/750 primary N=200 seed=8469065342115915783 XNR-PW-MT-OFFSET blocks=0
      1.4s 260/750 primary N=200 seed=8469065342115915783 XNR-PC blocks=21
      1.4s 261/750 primary N=200 seed=11167473384098259577 XNR-PW-CONV-ZERO blocks=15
      1.4s 262/750 primary N=200 seed=11167473384098259577 XNR-PW-CONV-OFFSET blocks=15
      1.4s 263/750 primary N=200 seed=11167473384098259577 XNR-PW-MT-ZERO blocks=0
      1.4s 264/750 primary N=200 seed=11167473384098259577 XNR-PW-MT-OFFSET blocks=0
      1.4s 265/750 primary N=200 seed=11167473384098259577 XNR-PC blocks=15
      1.4s 266/750 primary N=200 seed=3927382471087979842 XNR-PW-CONV-ZERO blocks=10
      1.4s 267/750 primary N=200 seed=3927382471087979842 XNR-PW-CONV-OFFSET blocks=10
      1.4s 268/750 primary N=200 seed=3927382471087979842 XNR-PW-MT-ZERO blocks=0
      1.4s 269/750 primary N=200 seed=3927382471087979842 XNR-PW-MT-OFFSET blocks=0
      1.5s 270/750 primary N=200 seed=3927382471087979842 XNR-PC blocks=10
      1.5s 271/750 primary N=200 seed=12250540210932396121 XNR-PW-CONV-ZERO blocks=15
      1.5s 272/750 primary N=200 seed=12250540210932396121 XNR-PW-CONV-OFFSET blocks=15
      1.5s 273/750 primary N=200 seed=12250540210932396121 XNR-PW-MT-ZERO blocks=0
      1.5s 274/750 primary N=200 seed=12250540210932396121 XNR-PW-MT-OFFSET blocks=0
      1.5s 275/750 primary N=200 seed=12250540210932396121 XNR-PC blocks=15
      1.5s 276/750 primary N=200 seed=12687317089305426264 XNR-PW-CONV-ZERO blocks=18
      1.5s 277/750 primary N=200 seed=12687317089305426264 XNR-PW-CONV-OFFSET blocks=18
      1.5s 278/750 primary N=200 seed=12687317089305426264 XNR-PW-MT-ZERO blocks=0
      1.5s 279/750 primary N=200 seed=12687317089305426264 XNR-PW-MT-OFFSET blocks=0
      1.5s 280/750 primary N=200 seed=12687317089305426264 XNR-PC blocks=18
      1.5s 281/750 primary N=200 seed=3068354826123602611 XNR-PW-CONV-ZERO blocks=20
      1.6s 282/750 primary N=200 seed=3068354826123602611 XNR-PW-CONV-OFFSET blocks=20
      1.6s 283/750 primary N=200 seed=3068354826123602611 XNR-PW-MT-ZERO blocks=0
      1.6s 284/750 primary N=200 seed=3068354826123602611 XNR-PW-MT-OFFSET blocks=0
      1.6s 285/750 primary N=200 seed=3068354826123602611 XNR-PC blocks=20
      1.6s 286/750 primary N=200 seed=6452565723836495873 XNR-PW-CONV-ZERO blocks=10
      1.6s 287/750 primary N=200 seed=6452565723836495873 XNR-PW-CONV-OFFSET blocks=10
      1.6s 288/750 primary N=200 seed=6452565723836495873 XNR-PW-MT-ZERO blocks=0
      1.6s 289/750 primary N=200 seed=6452565723836495873 XNR-PW-MT-OFFSET blocks=0
      1.6s 290/750 primary N=200 seed=6452565723836495873 XNR-PC blocks=10
      1.6s 291/750 primary N=200 seed=12576523555926126553 XNR-PW-CONV-ZERO blocks=18
      1.6s 292/750 primary N=200 seed=12576523555926126553 XNR-PW-CONV-OFFSET blocks=18
      1.6s 293/750 primary N=200 seed=12576523555926126553 XNR-PW-MT-ZERO blocks=0
      1.6s 294/750 primary N=200 seed=12576523555926126553 XNR-PW-MT-OFFSET blocks=0
      1.6s 295/750 primary N=200 seed=12576523555926126553 XNR-PC blocks=18
      1.7s 296/750 primary N=200 seed=7616672725889129548 XNR-PW-CONV-ZERO blocks=12
      1.7s 297/750 primary N=200 seed=7616672725889129548 XNR-PW-CONV-OFFSET blocks=12
      1.7s 298/750 primary N=200 seed=7616672725889129548 XNR-PW-MT-ZERO blocks=1
      1.7s 299/750 primary N=200 seed=7616672725889129548 XNR-PW-MT-OFFSET blocks=1
      1.7s 300/750 primary N=200 seed=7616672725889129548 XNR-PC blocks=12
      1.7s 301/750 primary N=300 seed=18231826143518580289 XNR-PW-CONV-ZERO blocks=15
      1.7s 302/750 primary N=300 seed=18231826143518580289 XNR-PW-CONV-OFFSET blocks=15
      1.7s 303/750 primary N=300 seed=18231826143518580289 XNR-PW-MT-ZERO blocks=0
      1.7s 304/750 primary N=300 seed=18231826143518580289 XNR-PW-MT-OFFSET blocks=0
      1.7s 305/750 primary N=300 seed=18231826143518580289 XNR-PC blocks=15
      1.7s 306/750 primary N=300 seed=8906286495562900921 XNR-PW-CONV-ZERO blocks=19
      1.8s 307/750 primary N=300 seed=8906286495562900921 XNR-PW-CONV-OFFSET blocks=19
      1.8s 308/750 primary N=300 seed=8906286495562900921 XNR-PW-MT-ZERO blocks=0
      1.8s 309/750 primary N=300 seed=8906286495562900921 XNR-PW-MT-OFFSET blocks=0
      1.8s 310/750 primary N=300 seed=8906286495562900921 XNR-PC blocks=19
      1.8s 311/750 primary N=300 seed=8770642015975544875 XNR-PW-CONV-ZERO blocks=16
      1.8s 312/750 primary N=300 seed=8770642015975544875 XNR-PW-CONV-OFFSET blocks=16
      1.8s 313/750 primary N=300 seed=8770642015975544875 XNR-PW-MT-ZERO blocks=0
      1.8s 314/750 primary N=300 seed=8770642015975544875 XNR-PW-MT-OFFSET blocks=0
      1.8s 315/750 primary N=300 seed=8770642015975544875 XNR-PC blocks=16
      1.8s 316/750 primary N=300 seed=9576473659758073777 XNR-PW-CONV-ZERO blocks=16
      1.9s 317/750 primary N=300 seed=9576473659758073777 XNR-PW-CONV-OFFSET blocks=16
      1.9s 318/750 primary N=300 seed=9576473659758073777 XNR-PW-MT-ZERO blocks=0
      1.9s 319/750 primary N=300 seed=9576473659758073777 XNR-PW-MT-OFFSET blocks=0
      1.9s 320/750 primary N=300 seed=9576473659758073777 XNR-PC blocks=16
      1.9s 321/750 primary N=300 seed=16363268894485278985 XNR-PW-CONV-ZERO blocks=11
      1.9s 322/750 primary N=300 seed=16363268894485278985 XNR-PW-CONV-OFFSET blocks=11
      1.9s 323/750 primary N=300 seed=16363268894485278985 XNR-PW-MT-ZERO blocks=0
      1.9s 324/750 primary N=300 seed=16363268894485278985 XNR-PW-MT-OFFSET blocks=0
      1.9s 325/750 primary N=300 seed=16363268894485278985 XNR-PC blocks=11
      1.9s 326/750 primary N=300 seed=16585534704111605887 XNR-PW-CONV-ZERO blocks=17
      2.0s 327/750 primary N=300 seed=16585534704111605887 XNR-PW-CONV-OFFSET blocks=17
      2.0s 328/750 primary N=300 seed=16585534704111605887 XNR-PW-MT-ZERO blocks=0
      2.0s 329/750 primary N=300 seed=16585534704111605887 XNR-PW-MT-OFFSET blocks=0
      2.0s 330/750 primary N=300 seed=16585534704111605887 XNR-PC blocks=17
      2.0s 331/750 primary N=300 seed=14790319751179523344 XNR-PW-CONV-ZERO blocks=16
      2.0s 332/750 primary N=300 seed=14790319751179523344 XNR-PW-CONV-OFFSET blocks=16
      2.0s 333/750 primary N=300 seed=14790319751179523344 XNR-PW-MT-ZERO blocks=0
      2.0s 334/750 primary N=300 seed=14790319751179523344 XNR-PW-MT-OFFSET blocks=0
      2.0s 335/750 primary N=300 seed=14790319751179523344 XNR-PC blocks=16
      2.0s 336/750 primary N=300 seed=15311360825920276038 XNR-PW-CONV-ZERO blocks=14
      2.1s 337/750 primary N=300 seed=15311360825920276038 XNR-PW-CONV-OFFSET blocks=14
      2.1s 338/750 primary N=300 seed=15311360825920276038 XNR-PW-MT-ZERO blocks=0
      2.1s 339/750 primary N=300 seed=15311360825920276038 XNR-PW-MT-OFFSET blocks=0
      2.1s 340/750 primary N=300 seed=15311360825920276038 XNR-PC blocks=14
      2.1s 341/750 primary N=300 seed=10419287363523441034 XNR-PW-CONV-ZERO blocks=12
      2.1s 342/750 primary N=300 seed=10419287363523441034 XNR-PW-CONV-OFFSET blocks=12
      2.1s 343/750 primary N=300 seed=10419287363523441034 XNR-PW-MT-ZERO blocks=0
      2.1s 344/750 primary N=300 seed=10419287363523441034 XNR-PW-MT-OFFSET blocks=0
      2.1s 345/750 primary N=300 seed=10419287363523441034 XNR-PC blocks=12
      2.1s 346/750 primary N=300 seed=9964858435511495645 XNR-PW-CONV-ZERO blocks=16
      2.2s 347/750 primary N=300 seed=9964858435511495645 XNR-PW-CONV-OFFSET blocks=16
      2.2s 348/750 primary N=300 seed=9964858435511495645 XNR-PW-MT-ZERO blocks=0
      2.2s 349/750 primary N=300 seed=9964858435511495645 XNR-PW-MT-OFFSET blocks=0
      2.2s 350/750 primary N=300 seed=9964858435511495645 XNR-PC blocks=16
      2.2s 351/750 primary N=300 seed=12980243426712185825 XNR-PW-CONV-ZERO blocks=18
      2.2s 352/750 primary N=300 seed=12980243426712185825 XNR-PW-CONV-OFFSET blocks=18
      2.2s 353/750 primary N=300 seed=12980243426712185825 XNR-PW-MT-ZERO blocks=0
      2.2s 354/750 primary N=300 seed=12980243426712185825 XNR-PW-MT-OFFSET blocks=0
      2.2s 355/750 primary N=300 seed=12980243426712185825 XNR-PC blocks=18
      2.3s 356/750 primary N=300 seed=2834549471034337693 XNR-PW-CONV-ZERO blocks=19
      2.3s 357/750 primary N=300 seed=2834549471034337693 XNR-PW-CONV-OFFSET blocks=19
      2.3s 358/750 primary N=300 seed=2834549471034337693 XNR-PW-MT-ZERO blocks=0
      2.3s 359/750 primary N=300 seed=2834549471034337693 XNR-PW-MT-OFFSET blocks=0
      2.3s 360/750 primary N=300 seed=2834549471034337693 XNR-PC blocks=19
      2.3s 361/750 primary N=300 seed=17638313716927524985 XNR-PW-CONV-ZERO blocks=10
      2.3s 362/750 primary N=300 seed=17638313716927524985 XNR-PW-CONV-OFFSET blocks=10
      2.3s 363/750 primary N=300 seed=17638313716927524985 XNR-PW-MT-ZERO blocks=0
      2.3s 364/750 primary N=300 seed=17638313716927524985 XNR-PW-MT-OFFSET blocks=0
      2.3s 365/750 primary N=300 seed=17638313716927524985 XNR-PC blocks=10
      2.4s 366/750 primary N=300 seed=4701815876319261908 XNR-PW-CONV-ZERO blocks=15
      2.4s 367/750 primary N=300 seed=4701815876319261908 XNR-PW-CONV-OFFSET blocks=15
      2.4s 368/750 primary N=300 seed=4701815876319261908 XNR-PW-MT-ZERO blocks=0
      2.4s 369/750 primary N=300 seed=4701815876319261908 XNR-PW-MT-OFFSET blocks=0
      2.4s 370/750 primary N=300 seed=4701815876319261908 XNR-PC blocks=15
      2.4s 371/750 primary N=300 seed=7822082833909267661 XNR-PW-CONV-ZERO blocks=20
      2.4s 372/750 primary N=300 seed=7822082833909267661 XNR-PW-CONV-OFFSET blocks=20
      2.4s 373/750 primary N=300 seed=7822082833909267661 XNR-PW-MT-ZERO blocks=0
      2.4s 374/750 primary N=300 seed=7822082833909267661 XNR-PW-MT-OFFSET blocks=0
      2.5s 375/750 primary N=300 seed=7822082833909267661 XNR-PC blocks=20
      2.5s 376/750 primary N=300 seed=12102592183121031244 XNR-PW-CONV-ZERO blocks=21
      2.5s 377/750 primary N=300 seed=12102592183121031244 XNR-PW-CONV-OFFSET blocks=21
      2.5s 378/750 primary N=300 seed=12102592183121031244 XNR-PW-MT-ZERO blocks=0
      2.5s 379/750 primary N=300 seed=12102592183121031244 XNR-PW-MT-OFFSET blocks=0
      2.5s 380/750 primary N=300 seed=12102592183121031244 XNR-PC blocks=21
      2.5s 381/750 primary N=300 seed=4849566379269777204 XNR-PW-CONV-ZERO blocks=17
      2.6s 382/750 primary N=300 seed=4849566379269777204 XNR-PW-CONV-OFFSET blocks=17
      2.6s 383/750 primary N=300 seed=4849566379269777204 XNR-PW-MT-ZERO blocks=0
      2.6s 384/750 primary N=300 seed=4849566379269777204 XNR-PW-MT-OFFSET blocks=0
      2.6s 385/750 primary N=300 seed=4849566379269777204 XNR-PC blocks=17
      2.6s 386/750 primary N=300 seed=4171531546602603804 XNR-PW-CONV-ZERO blocks=16
      2.6s 387/750 primary N=300 seed=4171531546602603804 XNR-PW-CONV-OFFSET blocks=16
      2.6s 388/750 primary N=300 seed=4171531546602603804 XNR-PW-MT-ZERO blocks=0
      2.6s 389/750 primary N=300 seed=4171531546602603804 XNR-PW-MT-OFFSET blocks=0
      2.6s 390/750 primary N=300 seed=4171531546602603804 XNR-PC blocks=16
      2.7s 391/750 primary N=300 seed=6773169848162830496 XNR-PW-CONV-ZERO blocks=15
      2.7s 392/750 primary N=300 seed=6773169848162830496 XNR-PW-CONV-OFFSET blocks=15
      2.7s 393/750 primary N=300 seed=6773169848162830496 XNR-PW-MT-ZERO blocks=0
      2.7s 394/750 primary N=300 seed=6773169848162830496 XNR-PW-MT-OFFSET blocks=0
      2.7s 395/750 primary N=300 seed=6773169848162830496 XNR-PC blocks=15
      2.7s 396/750 primary N=300 seed=13259265031399199819 XNR-PW-CONV-ZERO blocks=20
      2.7s 397/750 primary N=300 seed=13259265031399199819 XNR-PW-CONV-OFFSET blocks=20
      2.7s 398/750 primary N=300 seed=13259265031399199819 XNR-PW-MT-ZERO blocks=0
      2.7s 399/750 primary N=300 seed=13259265031399199819 XNR-PW-MT-OFFSET blocks=0
      2.8s 400/750 primary N=300 seed=13259265031399199819 XNR-PC blocks=20
      2.8s 401/750 primary N=300 seed=7383040523285475032 XNR-PW-CONV-ZERO blocks=22
      2.8s 402/750 primary N=300 seed=7383040523285475032 XNR-PW-CONV-OFFSET blocks=22
      2.8s 403/750 primary N=300 seed=7383040523285475032 XNR-PW-MT-ZERO blocks=0
      2.8s 404/750 primary N=300 seed=7383040523285475032 XNR-PW-MT-OFFSET blocks=0
      2.8s 405/750 primary N=300 seed=7383040523285475032 XNR-PC blocks=22
      2.9s 406/750 primary N=300 seed=8469065342115915783 XNR-PW-CONV-ZERO blocks=21
      2.9s 407/750 primary N=300 seed=8469065342115915783 XNR-PW-CONV-OFFSET blocks=21
      2.9s 408/750 primary N=300 seed=8469065342115915783 XNR-PW-MT-ZERO blocks=0
      2.9s 409/750 primary N=300 seed=8469065342115915783 XNR-PW-MT-OFFSET blocks=0
      2.9s 410/750 primary N=300 seed=8469065342115915783 XNR-PC blocks=21
      2.9s 411/750 primary N=300 seed=11167473384098259577 XNR-PW-CONV-ZERO blocks=15
      2.9s 412/750 primary N=300 seed=11167473384098259577 XNR-PW-CONV-OFFSET blocks=15
      2.9s 413/750 primary N=300 seed=11167473384098259577 XNR-PW-MT-ZERO blocks=0
      2.9s 414/750 primary N=300 seed=11167473384098259577 XNR-PW-MT-OFFSET blocks=0
      3.0s 415/750 primary N=300 seed=11167473384098259577 XNR-PC blocks=15
      3.0s 416/750 primary N=300 seed=3927382471087979842 XNR-PW-CONV-ZERO blocks=10
      3.0s 417/750 primary N=300 seed=3927382471087979842 XNR-PW-CONV-OFFSET blocks=10
      3.0s 418/750 primary N=300 seed=3927382471087979842 XNR-PW-MT-ZERO blocks=0
      3.0s 419/750 primary N=300 seed=3927382471087979842 XNR-PW-MT-OFFSET blocks=0
      3.0s 420/750 primary N=300 seed=3927382471087979842 XNR-PC blocks=10
      3.0s 421/750 primary N=300 seed=12250540210932396121 XNR-PW-CONV-ZERO blocks=15
      3.0s 422/750 primary N=300 seed=12250540210932396121 XNR-PW-CONV-OFFSET blocks=15
      3.0s 423/750 primary N=300 seed=12250540210932396121 XNR-PW-MT-ZERO blocks=0
      3.0s 424/750 primary N=300 seed=12250540210932396121 XNR-PW-MT-OFFSET blocks=0
      3.0s 425/750 primary N=300 seed=12250540210932396121 XNR-PC blocks=15
      3.1s 426/750 primary N=300 seed=12687317089305426264 XNR-PW-CONV-ZERO blocks=18
      3.1s 427/750 primary N=300 seed=12687317089305426264 XNR-PW-CONV-OFFSET blocks=18
      3.1s 428/750 primary N=300 seed=12687317089305426264 XNR-PW-MT-ZERO blocks=0
      3.1s 429/750 primary N=300 seed=12687317089305426264 XNR-PW-MT-OFFSET blocks=0
      3.1s 430/750 primary N=300 seed=12687317089305426264 XNR-PC blocks=18
      3.1s 431/750 primary N=300 seed=3068354826123602611 XNR-PW-CONV-ZERO blocks=20
      3.1s 432/750 primary N=300 seed=3068354826123602611 XNR-PW-CONV-OFFSET blocks=20
      3.1s 433/750 primary N=300 seed=3068354826123602611 XNR-PW-MT-ZERO blocks=0
      3.1s 434/750 primary N=300 seed=3068354826123602611 XNR-PW-MT-OFFSET blocks=0
      3.2s 435/750 primary N=300 seed=3068354826123602611 XNR-PC blocks=20
      3.2s 436/750 primary N=300 seed=6452565723836495873 XNR-PW-CONV-ZERO blocks=10
      3.2s 437/750 primary N=300 seed=6452565723836495873 XNR-PW-CONV-OFFSET blocks=10
      3.2s 438/750 primary N=300 seed=6452565723836495873 XNR-PW-MT-ZERO blocks=0
      3.2s 439/750 primary N=300 seed=6452565723836495873 XNR-PW-MT-OFFSET blocks=0
      3.2s 440/750 primary N=300 seed=6452565723836495873 XNR-PC blocks=10
      3.2s 441/750 primary N=300 seed=12576523555926126553 XNR-PW-CONV-ZERO blocks=18
      3.2s 442/750 primary N=300 seed=12576523555926126553 XNR-PW-CONV-OFFSET blocks=18
      3.2s 443/750 primary N=300 seed=12576523555926126553 XNR-PW-MT-ZERO blocks=0
      3.2s 444/750 primary N=300 seed=12576523555926126553 XNR-PW-MT-OFFSET blocks=0
      3.3s 445/750 primary N=300 seed=12576523555926126553 XNR-PC blocks=18
      3.3s 446/750 primary N=300 seed=7616672725889129548 XNR-PW-CONV-ZERO blocks=12
      3.3s 447/750 primary N=300 seed=7616672725889129548 XNR-PW-CONV-OFFSET blocks=12
      3.3s 448/750 primary N=300 seed=7616672725889129548 XNR-PW-MT-ZERO blocks=1
      3.3s 449/750 primary N=300 seed=7616672725889129548 XNR-PW-MT-OFFSET blocks=1
      3.3s 450/750 primary N=300 seed=7616672725889129548 XNR-PC blocks=12
      3.3s 451/750 primary N=400 seed=18231826143518580289 XNR-PW-CONV-ZERO blocks=15
      3.3s 452/750 primary N=400 seed=18231826143518580289 XNR-PW-CONV-OFFSET blocks=15
      3.3s 453/750 primary N=400 seed=18231826143518580289 XNR-PW-MT-ZERO blocks=0
      3.3s 454/750 primary N=400 seed=18231826143518580289 XNR-PW-MT-OFFSET blocks=0
      3.4s 455/750 primary N=400 seed=18231826143518580289 XNR-PC blocks=15
      3.4s 456/750 primary N=400 seed=8906286495562900921 XNR-PW-CONV-ZERO blocks=19
      3.4s 457/750 primary N=400 seed=8906286495562900921 XNR-PW-CONV-OFFSET blocks=19
      3.4s 458/750 primary N=400 seed=8906286495562900921 XNR-PW-MT-ZERO blocks=0
      3.4s 459/750 primary N=400 seed=8906286495562900921 XNR-PW-MT-OFFSET blocks=0
      3.4s 460/750 primary N=400 seed=8906286495562900921 XNR-PC blocks=19
      3.5s 461/750 primary N=400 seed=8770642015975544875 XNR-PW-CONV-ZERO blocks=16
      3.5s 462/750 primary N=400 seed=8770642015975544875 XNR-PW-CONV-OFFSET blocks=16
      3.5s 463/750 primary N=400 seed=8770642015975544875 XNR-PW-MT-ZERO blocks=0
      3.5s 464/750 primary N=400 seed=8770642015975544875 XNR-PW-MT-OFFSET blocks=0
      3.5s 465/750 primary N=400 seed=8770642015975544875 XNR-PC blocks=16
      3.5s 466/750 primary N=400 seed=9576473659758073777 XNR-PW-CONV-ZERO blocks=16
      3.6s 467/750 primary N=400 seed=9576473659758073777 XNR-PW-CONV-OFFSET blocks=16
      3.6s 468/750 primary N=400 seed=9576473659758073777 XNR-PW-MT-ZERO blocks=0
      3.6s 469/750 primary N=400 seed=9576473659758073777 XNR-PW-MT-OFFSET blocks=0
      3.6s 470/750 primary N=400 seed=9576473659758073777 XNR-PC blocks=16
      3.6s 471/750 primary N=400 seed=16363268894485278985 XNR-PW-CONV-ZERO blocks=11
      3.6s 472/750 primary N=400 seed=16363268894485278985 XNR-PW-CONV-OFFSET blocks=11
      3.6s 473/750 primary N=400 seed=16363268894485278985 XNR-PW-MT-ZERO blocks=0
      3.6s 474/750 primary N=400 seed=16363268894485278985 XNR-PW-MT-OFFSET blocks=0
      3.6s 475/750 primary N=400 seed=16363268894485278985 XNR-PC blocks=11
      3.7s 476/750 primary N=400 seed=16585534704111605887 XNR-PW-CONV-ZERO blocks=17
      3.7s 477/750 primary N=400 seed=16585534704111605887 XNR-PW-CONV-OFFSET blocks=17
      3.7s 478/750 primary N=400 seed=16585534704111605887 XNR-PW-MT-ZERO blocks=0
      3.7s 479/750 primary N=400 seed=16585534704111605887 XNR-PW-MT-OFFSET blocks=0
      3.7s 480/750 primary N=400 seed=16585534704111605887 XNR-PC blocks=17
      3.7s 481/750 primary N=400 seed=14790319751179523344 XNR-PW-CONV-ZERO blocks=16
      3.7s 482/750 primary N=400 seed=14790319751179523344 XNR-PW-CONV-OFFSET blocks=16
      3.8s 483/750 primary N=400 seed=14790319751179523344 XNR-PW-MT-ZERO blocks=0
      3.8s 484/750 primary N=400 seed=14790319751179523344 XNR-PW-MT-OFFSET blocks=0
      3.8s 485/750 primary N=400 seed=14790319751179523344 XNR-PC blocks=16
      3.8s 486/750 primary N=400 seed=15311360825920276038 XNR-PW-CONV-ZERO blocks=14
      3.8s 487/750 primary N=400 seed=15311360825920276038 XNR-PW-CONV-OFFSET blocks=14
      3.8s 488/750 primary N=400 seed=15311360825920276038 XNR-PW-MT-ZERO blocks=0
      3.8s 489/750 primary N=400 seed=15311360825920276038 XNR-PW-MT-OFFSET blocks=0
      3.8s 490/750 primary N=400 seed=15311360825920276038 XNR-PC blocks=14
      3.9s 491/750 primary N=400 seed=10419287363523441034 XNR-PW-CONV-ZERO blocks=12
      3.9s 492/750 primary N=400 seed=10419287363523441034 XNR-PW-CONV-OFFSET blocks=12
      3.9s 493/750 primary N=400 seed=10419287363523441034 XNR-PW-MT-ZERO blocks=0
      3.9s 494/750 primary N=400 seed=10419287363523441034 XNR-PW-MT-OFFSET blocks=0
      3.9s 495/750 primary N=400 seed=10419287363523441034 XNR-PC blocks=12
      3.9s 496/750 primary N=400 seed=9964858435511495645 XNR-PW-CONV-ZERO blocks=16
      3.9s 497/750 primary N=400 seed=9964858435511495645 XNR-PW-CONV-OFFSET blocks=16
      3.9s 498/750 primary N=400 seed=9964858435511495645 XNR-PW-MT-ZERO blocks=0
      3.9s 499/750 primary N=400 seed=9964858435511495645 XNR-PW-MT-OFFSET blocks=0
      4.0s 500/750 primary N=400 seed=9964858435511495645 XNR-PC blocks=16
      4.0s 501/750 primary N=400 seed=12980243426712185825 XNR-PW-CONV-ZERO blocks=18
      4.0s 502/750 primary N=400 seed=12980243426712185825 XNR-PW-CONV-OFFSET blocks=18
      4.0s 503/750 primary N=400 seed=12980243426712185825 XNR-PW-MT-ZERO blocks=0
      4.0s 504/750 primary N=400 seed=12980243426712185825 XNR-PW-MT-OFFSET blocks=0
      4.0s 505/750 primary N=400 seed=12980243426712185825 XNR-PC blocks=18
      4.1s 506/750 primary N=400 seed=2834549471034337693 XNR-PW-CONV-ZERO blocks=19
      4.1s 507/750 primary N=400 seed=2834549471034337693 XNR-PW-CONV-OFFSET blocks=19
      4.1s 508/750 primary N=400 seed=2834549471034337693 XNR-PW-MT-ZERO blocks=0
      4.1s 509/750 primary N=400 seed=2834549471034337693 XNR-PW-MT-OFFSET blocks=0
      4.1s 510/750 primary N=400 seed=2834549471034337693 XNR-PC blocks=19
      4.1s 511/750 primary N=400 seed=17638313716927524985 XNR-PW-CONV-ZERO blocks=10
      4.2s 512/750 primary N=400 seed=17638313716927524985 XNR-PW-CONV-OFFSET blocks=10
      4.2s 513/750 primary N=400 seed=17638313716927524985 XNR-PW-MT-ZERO blocks=0
      4.2s 514/750 primary N=400 seed=17638313716927524985 XNR-PW-MT-OFFSET blocks=0
      4.2s 515/750 primary N=400 seed=17638313716927524985 XNR-PC blocks=10
      4.2s 516/750 primary N=400 seed=4701815876319261908 XNR-PW-CONV-ZERO blocks=15
      4.2s 517/750 primary N=400 seed=4701815876319261908 XNR-PW-CONV-OFFSET blocks=15
      4.2s 518/750 primary N=400 seed=4701815876319261908 XNR-PW-MT-ZERO blocks=0
      4.2s 519/750 primary N=400 seed=4701815876319261908 XNR-PW-MT-OFFSET blocks=0
      4.2s 520/750 primary N=400 seed=4701815876319261908 XNR-PC blocks=15
      4.3s 521/750 primary N=400 seed=7822082833909267661 XNR-PW-CONV-ZERO blocks=20
      4.3s 522/750 primary N=400 seed=7822082833909267661 XNR-PW-CONV-OFFSET blocks=20
      4.3s 523/750 primary N=400 seed=7822082833909267661 XNR-PW-MT-ZERO blocks=0
      4.3s 524/750 primary N=400 seed=7822082833909267661 XNR-PW-MT-OFFSET blocks=0
      4.3s 525/750 primary N=400 seed=7822082833909267661 XNR-PC blocks=20
      4.3s 526/750 primary N=400 seed=12102592183121031244 XNR-PW-CONV-ZERO blocks=21
      4.4s 527/750 primary N=400 seed=12102592183121031244 XNR-PW-CONV-OFFSET blocks=21
      4.4s 528/750 primary N=400 seed=12102592183121031244 XNR-PW-MT-ZERO blocks=0
      4.4s 529/750 primary N=400 seed=12102592183121031244 XNR-PW-MT-OFFSET blocks=0
      4.4s 530/750 primary N=400 seed=12102592183121031244 XNR-PC blocks=21
      4.4s 531/750 primary N=400 seed=4849566379269777204 XNR-PW-CONV-ZERO blocks=17
      4.4s 532/750 primary N=400 seed=4849566379269777204 XNR-PW-CONV-OFFSET blocks=17
      4.5s 533/750 primary N=400 seed=4849566379269777204 XNR-PW-MT-ZERO blocks=0
      4.5s 534/750 primary N=400 seed=4849566379269777204 XNR-PW-MT-OFFSET blocks=0
      4.5s 535/750 primary N=400 seed=4849566379269777204 XNR-PC blocks=17
      4.5s 536/750 primary N=400 seed=4171531546602603804 XNR-PW-CONV-ZERO blocks=16
      4.5s 537/750 primary N=400 seed=4171531546602603804 XNR-PW-CONV-OFFSET blocks=16
      4.5s 538/750 primary N=400 seed=4171531546602603804 XNR-PW-MT-ZERO blocks=0
      4.5s 539/750 primary N=400 seed=4171531546602603804 XNR-PW-MT-OFFSET blocks=0
      4.6s 540/750 primary N=400 seed=4171531546602603804 XNR-PC blocks=16
      4.6s 541/750 primary N=400 seed=6773169848162830496 XNR-PW-CONV-ZERO blocks=15
      4.6s 542/750 primary N=400 seed=6773169848162830496 XNR-PW-CONV-OFFSET blocks=15
      4.6s 543/750 primary N=400 seed=6773169848162830496 XNR-PW-MT-ZERO blocks=0
      4.6s 544/750 primary N=400 seed=6773169848162830496 XNR-PW-MT-OFFSET blocks=0
      4.6s 545/750 primary N=400 seed=6773169848162830496 XNR-PC blocks=15
      4.6s 546/750 primary N=400 seed=13259265031399199819 XNR-PW-CONV-ZERO blocks=20
      4.7s 547/750 primary N=400 seed=13259265031399199819 XNR-PW-CONV-OFFSET blocks=20
      4.7s 548/750 primary N=400 seed=13259265031399199819 XNR-PW-MT-ZERO blocks=0
      4.7s 549/750 primary N=400 seed=13259265031399199819 XNR-PW-MT-OFFSET blocks=0
      4.7s 550/750 primary N=400 seed=13259265031399199819 XNR-PC blocks=20
      4.7s 551/750 primary N=400 seed=7383040523285475032 XNR-PW-CONV-ZERO blocks=22
      4.8s 552/750 primary N=400 seed=7383040523285475032 XNR-PW-CONV-OFFSET blocks=22
      4.8s 553/750 primary N=400 seed=7383040523285475032 XNR-PW-MT-ZERO blocks=0
      4.8s 554/750 primary N=400 seed=7383040523285475032 XNR-PW-MT-OFFSET blocks=0
      4.8s 555/750 primary N=400 seed=7383040523285475032 XNR-PC blocks=22
      4.8s 556/750 primary N=400 seed=8469065342115915783 XNR-PW-CONV-ZERO blocks=21
      4.8s 557/750 primary N=400 seed=8469065342115915783 XNR-PW-CONV-OFFSET blocks=21
      4.8s 558/750 primary N=400 seed=8469065342115915783 XNR-PW-MT-ZERO blocks=0
      4.8s 559/750 primary N=400 seed=8469065342115915783 XNR-PW-MT-OFFSET blocks=0
      4.9s 560/750 primary N=400 seed=8469065342115915783 XNR-PC blocks=21
      4.9s 561/750 primary N=400 seed=11167473384098259577 XNR-PW-CONV-ZERO blocks=15
      4.9s 562/750 primary N=400 seed=11167473384098259577 XNR-PW-CONV-OFFSET blocks=15
      4.9s 563/750 primary N=400 seed=11167473384098259577 XNR-PW-MT-ZERO blocks=0
      4.9s 564/750 primary N=400 seed=11167473384098259577 XNR-PW-MT-OFFSET blocks=0
      4.9s 565/750 primary N=400 seed=11167473384098259577 XNR-PC blocks=15
      5.0s 566/750 primary N=400 seed=3927382471087979842 XNR-PW-CONV-ZERO blocks=10
      5.0s 567/750 primary N=400 seed=3927382471087979842 XNR-PW-CONV-OFFSET blocks=10
      5.0s 568/750 primary N=400 seed=3927382471087979842 XNR-PW-MT-ZERO blocks=0
      5.0s 569/750 primary N=400 seed=3927382471087979842 XNR-PW-MT-OFFSET blocks=0
      5.0s 570/750 primary N=400 seed=3927382471087979842 XNR-PC blocks=10
      5.0s 571/750 primary N=400 seed=12250540210932396121 XNR-PW-CONV-ZERO blocks=15
      5.0s 572/750 primary N=400 seed=12250540210932396121 XNR-PW-CONV-OFFSET blocks=15
      5.0s 573/750 primary N=400 seed=12250540210932396121 XNR-PW-MT-ZERO blocks=0
      5.0s 574/750 primary N=400 seed=12250540210932396121 XNR-PW-MT-OFFSET blocks=0
      5.1s 575/750 primary N=400 seed=12250540210932396121 XNR-PC blocks=15
      5.1s 576/750 primary N=400 seed=12687317089305426264 XNR-PW-CONV-ZERO blocks=18
      5.1s 577/750 primary N=400 seed=12687317089305426264 XNR-PW-CONV-OFFSET blocks=18
      5.1s 578/750 primary N=400 seed=12687317089305426264 XNR-PW-MT-ZERO blocks=0
      5.1s 579/750 primary N=400 seed=12687317089305426264 XNR-PW-MT-OFFSET blocks=0
      5.1s 580/750 primary N=400 seed=12687317089305426264 XNR-PC blocks=18
      5.2s 581/750 primary N=400 seed=3068354826123602611 XNR-PW-CONV-ZERO blocks=20
      5.2s 582/750 primary N=400 seed=3068354826123602611 XNR-PW-CONV-OFFSET blocks=20
      5.2s 583/750 primary N=400 seed=3068354826123602611 XNR-PW-MT-ZERO blocks=0
      5.2s 584/750 primary N=400 seed=3068354826123602611 XNR-PW-MT-OFFSET blocks=0
      5.2s 585/750 primary N=400 seed=3068354826123602611 XNR-PC blocks=20
      5.2s 586/750 primary N=400 seed=6452565723836495873 XNR-PW-CONV-ZERO blocks=10
      5.2s 587/750 primary N=400 seed=6452565723836495873 XNR-PW-CONV-OFFSET blocks=10
      5.2s 588/750 primary N=400 seed=6452565723836495873 XNR-PW-MT-ZERO blocks=0
      5.2s 589/750 primary N=400 seed=6452565723836495873 XNR-PW-MT-OFFSET blocks=0
      5.3s 590/750 primary N=400 seed=6452565723836495873 XNR-PC blocks=10
      5.3s 591/750 primary N=400 seed=12576523555926126553 XNR-PW-CONV-ZERO blocks=18
      5.3s 592/750 primary N=400 seed=12576523555926126553 XNR-PW-CONV-OFFSET blocks=18
      5.3s 593/750 primary N=400 seed=12576523555926126553 XNR-PW-MT-ZERO blocks=0
      5.3s 594/750 primary N=400 seed=12576523555926126553 XNR-PW-MT-OFFSET blocks=0
      5.4s 595/750 primary N=400 seed=12576523555926126553 XNR-PC blocks=18
      5.4s 596/750 primary N=400 seed=7616672725889129548 XNR-PW-CONV-ZERO blocks=12
      5.4s 597/750 primary N=400 seed=7616672725889129548 XNR-PW-CONV-OFFSET blocks=12
      5.4s 598/750 primary N=400 seed=7616672725889129548 XNR-PW-MT-ZERO blocks=1
      5.4s 599/750 primary N=400 seed=7616672725889129548 XNR-PW-MT-OFFSET blocks=1
      5.4s 600/750 primary N=400 seed=7616672725889129548 XNR-PC blocks=12
      5.4s 601/750 primary N=500 seed=18231826143518580289 XNR-PW-CONV-ZERO blocks=15
      5.5s 602/750 primary N=500 seed=18231826143518580289 XNR-PW-CONV-OFFSET blocks=15
      5.5s 603/750 primary N=500 seed=18231826143518580289 XNR-PW-MT-ZERO blocks=0
      5.5s 604/750 primary N=500 seed=18231826143518580289 XNR-PW-MT-OFFSET blocks=0
      5.5s 605/750 primary N=500 seed=18231826143518580289 XNR-PC blocks=15
      5.5s 606/750 primary N=500 seed=8906286495562900921 XNR-PW-CONV-ZERO blocks=19
      5.5s 607/750 primary N=500 seed=8906286495562900921 XNR-PW-CONV-OFFSET blocks=19
      5.6s 608/750 primary N=500 seed=8906286495562900921 XNR-PW-MT-ZERO blocks=0
      5.6s 609/750 primary N=500 seed=8906286495562900921 XNR-PW-MT-OFFSET blocks=0
      5.6s 610/750 primary N=500 seed=8906286495562900921 XNR-PC blocks=19
      5.6s 611/750 primary N=500 seed=8770642015975544875 XNR-PW-CONV-ZERO blocks=16
      5.6s 612/750 primary N=500 seed=8770642015975544875 XNR-PW-CONV-OFFSET blocks=16
      5.6s 613/750 primary N=500 seed=8770642015975544875 XNR-PW-MT-ZERO blocks=0
      5.6s 614/750 primary N=500 seed=8770642015975544875 XNR-PW-MT-OFFSET blocks=0
      5.7s 615/750 primary N=500 seed=8770642015975544875 XNR-PC blocks=16
      5.7s 616/750 primary N=500 seed=9576473659758073777 XNR-PW-CONV-ZERO blocks=16
      5.7s 617/750 primary N=500 seed=9576473659758073777 XNR-PW-CONV-OFFSET blocks=16
      5.7s 618/750 primary N=500 seed=9576473659758073777 XNR-PW-MT-ZERO blocks=0
      5.7s 619/750 primary N=500 seed=9576473659758073777 XNR-PW-MT-OFFSET blocks=0
      5.8s 620/750 primary N=500 seed=9576473659758073777 XNR-PC blocks=16
      5.8s 621/750 primary N=500 seed=16363268894485278985 XNR-PW-CONV-ZERO blocks=11
      5.8s 622/750 primary N=500 seed=16363268894485278985 XNR-PW-CONV-OFFSET blocks=11
      5.8s 623/750 primary N=500 seed=16363268894485278985 XNR-PW-MT-ZERO blocks=0
      5.8s 624/750 primary N=500 seed=16363268894485278985 XNR-PW-MT-OFFSET blocks=0
      5.8s 625/750 primary N=500 seed=16363268894485278985 XNR-PC blocks=11
      5.8s 626/750 primary N=500 seed=16585534704111605887 XNR-PW-CONV-ZERO blocks=17
      5.9s 627/750 primary N=500 seed=16585534704111605887 XNR-PW-CONV-OFFSET blocks=17
      5.9s 628/750 primary N=500 seed=16585534704111605887 XNR-PW-MT-ZERO blocks=0
      5.9s 629/750 primary N=500 seed=16585534704111605887 XNR-PW-MT-OFFSET blocks=0
      5.9s 630/750 primary N=500 seed=16585534704111605887 XNR-PC blocks=17
      5.9s 631/750 primary N=500 seed=14790319751179523344 XNR-PW-CONV-ZERO blocks=16
      6.0s 632/750 primary N=500 seed=14790319751179523344 XNR-PW-CONV-OFFSET blocks=16
      6.0s 633/750 primary N=500 seed=14790319751179523344 XNR-PW-MT-ZERO blocks=0
      6.0s 634/750 primary N=500 seed=14790319751179523344 XNR-PW-MT-OFFSET blocks=0
      6.0s 635/750 primary N=500 seed=14790319751179523344 XNR-PC blocks=16
      6.0s 636/750 primary N=500 seed=15311360825920276038 XNR-PW-CONV-ZERO blocks=14
      6.0s 637/750 primary N=500 seed=15311360825920276038 XNR-PW-CONV-OFFSET blocks=14
      6.0s 638/750 primary N=500 seed=15311360825920276038 XNR-PW-MT-ZERO blocks=0
      6.0s 639/750 primary N=500 seed=15311360825920276038 XNR-PW-MT-OFFSET blocks=0
      6.1s 640/750 primary N=500 seed=15311360825920276038 XNR-PC blocks=14
      6.1s 641/750 primary N=500 seed=10419287363523441034 XNR-PW-CONV-ZERO blocks=12
      6.2s 642/750 primary N=500 seed=10419287363523441034 XNR-PW-CONV-OFFSET blocks=12
      6.2s 643/750 primary N=500 seed=10419287363523441034 XNR-PW-MT-ZERO blocks=0
      6.2s 644/750 primary N=500 seed=10419287363523441034 XNR-PW-MT-OFFSET blocks=0
      6.2s 645/750 primary N=500 seed=10419287363523441034 XNR-PC blocks=12
      6.2s 646/750 primary N=500 seed=9964858435511495645 XNR-PW-CONV-ZERO blocks=16
      6.2s 647/750 primary N=500 seed=9964858435511495645 XNR-PW-CONV-OFFSET blocks=16
      6.2s 648/750 primary N=500 seed=9964858435511495645 XNR-PW-MT-ZERO blocks=0
      6.2s 649/750 primary N=500 seed=9964858435511495645 XNR-PW-MT-OFFSET blocks=0
      6.3s 650/750 primary N=500 seed=9964858435511495645 XNR-PC blocks=16
      6.3s 651/750 primary N=500 seed=12980243426712185825 XNR-PW-CONV-ZERO blocks=18
      6.3s 652/750 primary N=500 seed=12980243426712185825 XNR-PW-CONV-OFFSET blocks=18
      6.3s 653/750 primary N=500 seed=12980243426712185825 XNR-PW-MT-ZERO blocks=0
      6.3s 654/750 primary N=500 seed=12980243426712185825 XNR-PW-MT-OFFSET blocks=0
      6.4s 655/750 primary N=500 seed=12980243426712185825 XNR-PC blocks=18
      6.4s 656/750 primary N=500 seed=2834549471034337693 XNR-PW-CONV-ZERO blocks=19
      6.4s 657/750 primary N=500 seed=2834549471034337693 XNR-PW-CONV-OFFSET blocks=19
      6.4s 658/750 primary N=500 seed=2834549471034337693 XNR-PW-MT-ZERO blocks=0
      6.4s 659/750 primary N=500 seed=2834549471034337693 XNR-PW-MT-OFFSET blocks=0
      6.5s 660/750 primary N=500 seed=2834549471034337693 XNR-PC blocks=19
      6.5s 661/750 primary N=500 seed=17638313716927524985 XNR-PW-CONV-ZERO blocks=10
      6.5s 662/750 primary N=500 seed=17638313716927524985 XNR-PW-CONV-OFFSET blocks=10
      6.5s 663/750 primary N=500 seed=17638313716927524985 XNR-PW-MT-ZERO blocks=0
      6.5s 664/750 primary N=500 seed=17638313716927524985 XNR-PW-MT-OFFSET blocks=0
      6.5s 665/750 primary N=500 seed=17638313716927524985 XNR-PC blocks=10
      6.5s 666/750 primary N=500 seed=4701815876319261908 XNR-PW-CONV-ZERO blocks=15
      6.6s 667/750 primary N=500 seed=4701815876319261908 XNR-PW-CONV-OFFSET blocks=15
      6.6s 668/750 primary N=500 seed=4701815876319261908 XNR-PW-MT-ZERO blocks=0
      6.6s 669/750 primary N=500 seed=4701815876319261908 XNR-PW-MT-OFFSET blocks=0
      6.6s 670/750 primary N=500 seed=4701815876319261908 XNR-PC blocks=15
      6.6s 671/750 primary N=500 seed=7822082833909267661 XNR-PW-CONV-ZERO blocks=20
      6.7s 672/750 primary N=500 seed=7822082833909267661 XNR-PW-CONV-OFFSET blocks=20
      6.7s 673/750 primary N=500 seed=7822082833909267661 XNR-PW-MT-ZERO blocks=0
      6.7s 674/750 primary N=500 seed=7822082833909267661 XNR-PW-MT-OFFSET blocks=0
      6.7s 675/750 primary N=500 seed=7822082833909267661 XNR-PC blocks=20
      6.7s 676/750 primary N=500 seed=12102592183121031244 XNR-PW-CONV-ZERO blocks=21
      6.8s 677/750 primary N=500 seed=12102592183121031244 XNR-PW-CONV-OFFSET blocks=21
      6.8s 678/750 primary N=500 seed=12102592183121031244 XNR-PW-MT-ZERO blocks=0
      6.8s 679/750 primary N=500 seed=12102592183121031244 XNR-PW-MT-OFFSET blocks=0
      6.8s 680/750 primary N=500 seed=12102592183121031244 XNR-PC blocks=21
      6.8s 681/750 primary N=500 seed=4849566379269777204 XNR-PW-CONV-ZERO blocks=17
      6.9s 682/750 primary N=500 seed=4849566379269777204 XNR-PW-CONV-OFFSET blocks=17
      6.9s 683/750 primary N=500 seed=4849566379269777204 XNR-PW-MT-ZERO blocks=0
      6.9s 684/750 primary N=500 seed=4849566379269777204 XNR-PW-MT-OFFSET blocks=0
      6.9s 685/750 primary N=500 seed=4849566379269777204 XNR-PC blocks=17
      6.9s 686/750 primary N=500 seed=4171531546602603804 XNR-PW-CONV-ZERO blocks=16
      6.9s 687/750 primary N=500 seed=4171531546602603804 XNR-PW-CONV-OFFSET blocks=16
      6.9s 688/750 primary N=500 seed=4171531546602603804 XNR-PW-MT-ZERO blocks=0
      7.0s 689/750 primary N=500 seed=4171531546602603804 XNR-PW-MT-OFFSET blocks=0
      7.0s 690/750 primary N=500 seed=4171531546602603804 XNR-PC blocks=16
      7.0s 691/750 primary N=500 seed=6773169848162830496 XNR-PW-CONV-ZERO blocks=15
      7.0s 692/750 primary N=500 seed=6773169848162830496 XNR-PW-CONV-OFFSET blocks=15
      7.0s 693/750 primary N=500 seed=6773169848162830496 XNR-PW-MT-ZERO blocks=0
      7.0s 694/750 primary N=500 seed=6773169848162830496 XNR-PW-MT-OFFSET blocks=0
      7.1s 695/750 primary N=500 seed=6773169848162830496 XNR-PC blocks=15
      7.1s 696/750 primary N=500 seed=13259265031399199819 XNR-PW-CONV-ZERO blocks=20
      7.1s 697/750 primary N=500 seed=13259265031399199819 XNR-PW-CONV-OFFSET blocks=20
      7.1s 698/750 primary N=500 seed=13259265031399199819 XNR-PW-MT-ZERO blocks=0
      7.1s 699/750 primary N=500 seed=13259265031399199819 XNR-PW-MT-OFFSET blocks=0
      7.2s 700/750 primary N=500 seed=13259265031399199819 XNR-PC blocks=20
      7.2s 701/750 primary N=500 seed=7383040523285475032 XNR-PW-CONV-ZERO blocks=22
      7.2s 702/750 primary N=500 seed=7383040523285475032 XNR-PW-CONV-OFFSET blocks=22
      7.2s 703/750 primary N=500 seed=7383040523285475032 XNR-PW-MT-ZERO blocks=0
      7.2s 704/750 primary N=500 seed=7383040523285475032 XNR-PW-MT-OFFSET blocks=0
      7.3s 705/750 primary N=500 seed=7383040523285475032 XNR-PC blocks=22
      7.3s 706/750 primary N=500 seed=8469065342115915783 XNR-PW-CONV-ZERO blocks=21
      7.3s 707/750 primary N=500 seed=8469065342115915783 XNR-PW-CONV-OFFSET blocks=21
      7.3s 708/750 primary N=500 seed=8469065342115915783 XNR-PW-MT-ZERO blocks=0
      7.3s 709/750 primary N=500 seed=8469065342115915783 XNR-PW-MT-OFFSET blocks=0
      7.4s 710/750 primary N=500 seed=8469065342115915783 XNR-PC blocks=21
      7.4s 711/750 primary N=500 seed=11167473384098259577 XNR-PW-CONV-ZERO blocks=15
      7.4s 712/750 primary N=500 seed=11167473384098259577 XNR-PW-CONV-OFFSET blocks=15
      7.4s 713/750 primary N=500 seed=11167473384098259577 XNR-PW-MT-ZERO blocks=0
      7.4s 714/750 primary N=500 seed=11167473384098259577 XNR-PW-MT-OFFSET blocks=0
      7.5s 715/750 primary N=500 seed=11167473384098259577 XNR-PC blocks=15
      7.5s 716/750 primary N=500 seed=3927382471087979842 XNR-PW-CONV-ZERO blocks=10
      7.5s 717/750 primary N=500 seed=3927382471087979842 XNR-PW-CONV-OFFSET blocks=10
      7.5s 718/750 primary N=500 seed=3927382471087979842 XNR-PW-MT-ZERO blocks=0
      7.5s 719/750 primary N=500 seed=3927382471087979842 XNR-PW-MT-OFFSET blocks=0
      7.5s 720/750 primary N=500 seed=3927382471087979842 XNR-PC blocks=10
      7.5s 721/750 primary N=500 seed=12250540210932396121 XNR-PW-CONV-ZERO blocks=15
      7.6s 722/750 primary N=500 seed=12250540210932396121 XNR-PW-CONV-OFFSET blocks=15
      7.6s 723/750 primary N=500 seed=12250540210932396121 XNR-PW-MT-ZERO blocks=0
      7.6s 724/750 primary N=500 seed=12250540210932396121 XNR-PW-MT-OFFSET blocks=0
      7.6s 725/750 primary N=500 seed=12250540210932396121 XNR-PC blocks=15
      7.6s 726/750 primary N=500 seed=12687317089305426264 XNR-PW-CONV-ZERO blocks=18
      7.6s 727/750 primary N=500 seed=12687317089305426264 XNR-PW-CONV-OFFSET blocks=18
      7.7s 728/750 primary N=500 seed=12687317089305426264 XNR-PW-MT-ZERO blocks=0
      7.7s 729/750 primary N=500 seed=12687317089305426264 XNR-PW-MT-OFFSET blocks=0
      7.7s 730/750 primary N=500 seed=12687317089305426264 XNR-PC blocks=18
      7.7s 731/750 primary N=500 seed=3068354826123602611 XNR-PW-CONV-ZERO blocks=20
      7.7s 732/750 primary N=500 seed=3068354826123602611 XNR-PW-CONV-OFFSET blocks=20
      7.7s 733/750 primary N=500 seed=3068354826123602611 XNR-PW-MT-ZERO blocks=0
      7.8s 734/750 primary N=500 seed=3068354826123602611 XNR-PW-MT-OFFSET blocks=0
      7.8s 735/750 primary N=500 seed=3068354826123602611 XNR-PC blocks=20
      7.8s 736/750 primary N=500 seed=6452565723836495873 XNR-PW-CONV-ZERO blocks=10
      7.8s 737/750 primary N=500 seed=6452565723836495873 XNR-PW-CONV-OFFSET blocks=10
      7.8s 738/750 primary N=500 seed=6452565723836495873 XNR-PW-MT-ZERO blocks=0
      7.8s 739/750 primary N=500 seed=6452565723836495873 XNR-PW-MT-OFFSET blocks=0
      7.8s 740/750 primary N=500 seed=6452565723836495873 XNR-PC blocks=10
      7.9s 741/750 primary N=500 seed=12576523555926126553 XNR-PW-CONV-ZERO blocks=18
      7.9s 742/750 primary N=500 seed=12576523555926126553 XNR-PW-CONV-OFFSET blocks=18
      7.9s 743/750 primary N=500 seed=12576523555926126553 XNR-PW-MT-ZERO blocks=0
      7.9s 744/750 primary N=500 seed=12576523555926126553 XNR-PW-MT-OFFSET blocks=0
      7.9s 745/750 primary N=500 seed=12576523555926126553 XNR-PC blocks=18
      7.9s 746/750 primary N=500 seed=7616672725889129548 XNR-PW-CONV-ZERO blocks=12
      8.0s 747/750 primary N=500 seed=7616672725889129548 XNR-PW-CONV-OFFSET blocks=12
      8.0s 748/750 primary N=500 seed=7616672725889129548 XNR-PW-MT-ZERO blocks=1
      8.0s 749/750 primary N=500 seed=7616672725889129548 XNR-PW-MT-OFFSET blocks=1
      8.0s 750/750 primary N=500 seed=7616672725889129548 XNR-PC blocks=12
      0.0s 1/750 primary N=100 seed=18231826143518580289 XNR-PW-CONV-ZERO blocks=15
      0.0s 2/750 primary N=100 seed=18231826143518580289 XNR-PW-CONV-OFFSET blocks=15
      0.0s 3/750 primary N=100 seed=18231826143518580289 XNR-PW-MT-ZERO blocks=0
      0.0s 4/750 primary N=100 seed=18231826143518580289 XNR-PW-MT-OFFSET blocks=0
      0.0s 5/750 primary N=100 seed=18231826143518580289 XNR-PC blocks=15
      0.0s 6/750 primary N=100 seed=8906286495562900921 XNR-PW-CONV-ZERO blocks=19
      0.0s 7/750 primary N=100 seed=8906286495562900921 XNR-PW-CONV-OFFSET blocks=19
      0.0s 8/750 primary N=100 seed=8906286495562900921 XNR-PW-MT-ZERO blocks=1
      0.0s 9/750 primary N=100 seed=8906286495562900921 XNR-PW-MT-OFFSET blocks=1
      0.0s 10/750 primary N=100 seed=8906286495562900921 XNR-PC blocks=19
      0.0s 11/750 primary N=100 seed=8770642015975544875 XNR-PW-CONV-ZERO blocks=16
      0.1s 12/750 primary N=100 seed=8770642015975544875 XNR-PW-CONV-OFFSET blocks=16
      0.1s 13/750 primary N=100 seed=8770642015975544875 XNR-PW-MT-ZERO blocks=0
      0.1s 14/750 primary N=100 seed=8770642015975544875 XNR-PW-MT-OFFSET blocks=0
      0.1s 15/750 primary N=100 seed=8770642015975544875 XNR-PC blocks=16
      0.1s 16/750 primary N=100 seed=9576473659758073777 XNR-PW-CONV-ZERO blocks=16
      0.1s 17/750 primary N=100 seed=9576473659758073777 XNR-PW-CONV-OFFSET blocks=16
      0.1s 18/750 primary N=100 seed=9576473659758073777 XNR-PW-MT-ZERO blocks=0
      0.1s 19/750 primary N=100 seed=9576473659758073777 XNR-PW-MT-OFFSET blocks=0
      0.1s 20/750 primary N=100 seed=9576473659758073777 XNR-PC blocks=16
      0.1s 21/750 primary N=100 seed=16363268894485278985 XNR-PW-CONV-ZERO blocks=11
      0.1s 22/750 primary N=100 seed=16363268894485278985 XNR-PW-CONV-OFFSET blocks=11
      0.1s 23/750 primary N=100 seed=16363268894485278985 XNR-PW-MT-ZERO blocks=0
      0.1s 24/750 primary N=100 seed=16363268894485278985 XNR-PW-MT-OFFSET blocks=0
      0.1s 25/750 primary N=100 seed=16363268894485278985 XNR-PC blocks=11
      0.1s 26/750 primary N=100 seed=16585534704111605887 XNR-PW-CONV-ZERO blocks=17
      0.1s 27/750 primary N=100 seed=16585534704111605887 XNR-PW-CONV-OFFSET blocks=17
      0.1s 28/750 primary N=100 seed=16585534704111605887 XNR-PW-MT-ZERO blocks=0
      0.1s 29/750 primary N=100 seed=16585534704111605887 XNR-PW-MT-OFFSET blocks=0
      0.1s 30/750 primary N=100 seed=16585534704111605887 XNR-PC blocks=17
      0.1s 31/750 primary N=100 seed=14790319751179523344 XNR-PW-CONV-ZERO blocks=16
      0.1s 32/750 primary N=100 seed=14790319751179523344 XNR-PW-CONV-OFFSET blocks=16
      0.1s 33/750 primary N=100 seed=14790319751179523344 XNR-PW-MT-ZERO blocks=0
      0.1s 34/750 primary N=100 seed=14790319751179523344 XNR-PW-MT-OFFSET blocks=0
      0.1s 35/750 primary N=100 seed=14790319751179523344 XNR-PC blocks=16
      0.1s 36/750 primary N=100 seed=15311360825920276038 XNR-PW-CONV-ZERO blocks=14
      0.1s 37/750 primary N=100 seed=15311360825920276038 XNR-PW-CONV-OFFSET blocks=14
      0.1s 38/750 primary N=100 seed=15311360825920276038 XNR-PW-MT-ZERO blocks=0
      0.1s 39/750 primary N=100 seed=15311360825920276038 XNR-PW-MT-OFFSET blocks=0
      0.1s 40/750 primary N=100 seed=15311360825920276038 XNR-PC blocks=14
      0.2s 41/750 primary N=100 seed=10419287363523441034 XNR-PW-CONV-ZERO blocks=12
      0.2s 42/750 primary N=100 seed=10419287363523441034 XNR-PW-CONV-OFFSET blocks=12
      0.2s 43/750 primary N=100 seed=10419287363523441034 XNR-PW-MT-ZERO blocks=0
      0.2s 44/750 primary N=100 seed=10419287363523441034 XNR-PW-MT-OFFSET blocks=0
      0.2s 45/750 primary N=100 seed=10419287363523441034 XNR-PC blocks=12
      0.2s 46/750 primary N=100 seed=9964858435511495645 XNR-PW-CONV-ZERO blocks=16
      0.2s 47/750 primary N=100 seed=9964858435511495645 XNR-PW-CONV-OFFSET blocks=16
      0.2s 48/750 primary N=100 seed=9964858435511495645 XNR-PW-MT-ZERO blocks=0
      0.2s 49/750 primary N=100 seed=9964858435511495645 XNR-PW-MT-OFFSET blocks=0
      0.2s 50/750 primary N=100 seed=9964858435511495645 XNR-PC blocks=16
      0.2s 51/750 primary N=100 seed=12980243426712185825 XNR-PW-CONV-ZERO blocks=18
      0.2s 52/750 primary N=100 seed=12980243426712185825 XNR-PW-CONV-OFFSET blocks=18
      0.2s 53/750 primary N=100 seed=12980243426712185825 XNR-PW-MT-ZERO blocks=0
      0.2s 54/750 primary N=100 seed=12980243426712185825 XNR-PW-MT-OFFSET blocks=0
      0.2s 55/750 primary N=100 seed=12980243426712185825 XNR-PC blocks=18
      0.2s 56/750 primary N=100 seed=2834549471034337693 XNR-PW-CONV-ZERO blocks=19
      0.2s 57/750 primary N=100 seed=2834549471034337693 XNR-PW-CONV-OFFSET blocks=19
      0.2s 58/750 primary N=100 seed=2834549471034337693 XNR-PW-MT-ZERO blocks=0
      0.2s 59/750 primary N=100 seed=2834549471034337693 XNR-PW-MT-OFFSET blocks=0
      0.2s 60/750 primary N=100 seed=2834549471034337693 XNR-PC blocks=19
      0.2s 61/750 primary N=100 seed=17638313716927524985 XNR-PW-CONV-ZERO blocks=10
      0.2s 62/750 primary N=100 seed=17638313716927524985 XNR-PW-CONV-OFFSET blocks=10
      0.2s 63/750 primary N=100 seed=17638313716927524985 XNR-PW-MT-ZERO blocks=0
      0.2s 64/750 primary N=100 seed=17638313716927524985 XNR-PW-MT-OFFSET blocks=0
      0.2s 65/750 primary N=100 seed=17638313716927524985 XNR-PC blocks=10
      0.2s 66/750 primary N=100 seed=4701815876319261908 XNR-PW-CONV-ZERO blocks=15
      0.2s 67/750 primary N=100 seed=4701815876319261908 XNR-PW-CONV-OFFSET blocks=15
      0.2s 68/750 primary N=100 seed=4701815876319261908 XNR-PW-MT-ZERO blocks=0
      0.2s 69/750 primary N=100 seed=4701815876319261908 XNR-PW-MT-OFFSET blocks=0
      0.3s 70/750 primary N=100 seed=4701815876319261908 XNR-PC blocks=15
      0.3s 71/750 primary N=100 seed=7822082833909267661 XNR-PW-CONV-ZERO blocks=20
      0.3s 72/750 primary N=100 seed=7822082833909267661 XNR-PW-CONV-OFFSET blocks=20
      0.3s 73/750 primary N=100 seed=7822082833909267661 XNR-PW-MT-ZERO blocks=0
      0.3s 74/750 primary N=100 seed=7822082833909267661 XNR-PW-MT-OFFSET blocks=0
      0.3s 75/750 primary N=100 seed=7822082833909267661 XNR-PC blocks=20
      0.3s 76/750 primary N=100 seed=12102592183121031244 XNR-PW-CONV-ZERO blocks=21
      0.3s 77/750 primary N=100 seed=12102592183121031244 XNR-PW-CONV-OFFSET blocks=21
      0.3s 78/750 primary N=100 seed=12102592183121031244 XNR-PW-MT-ZERO blocks=0
      0.3s 79/750 primary N=100 seed=12102592183121031244 XNR-PW-MT-OFFSET blocks=0
      0.3s 80/750 primary N=100 seed=12102592183121031244 XNR-PC blocks=21
      0.3s 81/750 primary N=100 seed=4849566379269777204 XNR-PW-CONV-ZERO blocks=17
      0.3s 82/750 primary N=100 seed=4849566379269777204 XNR-PW-CONV-OFFSET blocks=17
      0.3s 83/750 primary N=100 seed=4849566379269777204 XNR-PW-MT-ZERO blocks=0
      0.3s 84/750 primary N=100 seed=4849566379269777204 XNR-PW-MT-OFFSET blocks=0
      0.3s 85/750 primary N=100 seed=4849566379269777204 XNR-PC blocks=17
      0.3s 86/750 primary N=100 seed=4171531546602603804 XNR-PW-CONV-ZERO blocks=16
      0.3s 87/750 primary N=100 seed=4171531546602603804 XNR-PW-CONV-OFFSET blocks=16
      0.3s 88/750 primary N=100 seed=4171531546602603804 XNR-PW-MT-ZERO blocks=0
      0.3s 89/750 primary N=100 seed=4171531546602603804 XNR-PW-MT-OFFSET blocks=0
      0.3s 90/750 primary N=100 seed=4171531546602603804 XNR-PC blocks=16
      0.3s 91/750 primary N=100 seed=6773169848162830496 XNR-PW-CONV-ZERO blocks=15
      0.4s 92/750 primary N=100 seed=6773169848162830496 XNR-PW-CONV-OFFSET blocks=15
      0.4s 93/750 primary N=100 seed=6773169848162830496 XNR-PW-MT-ZERO blocks=0
      0.4s 94/750 primary N=100 seed=6773169848162830496 XNR-PW-MT-OFFSET blocks=0
      0.4s 95/750 primary N=100 seed=6773169848162830496 XNR-PC blocks=15
      0.4s 96/750 primary N=100 seed=13259265031399199819 XNR-PW-CONV-ZERO blocks=20
      0.4s 97/750 primary N=100 seed=13259265031399199819 XNR-PW-CONV-OFFSET blocks=20
      0.4s 98/750 primary N=100 seed=13259265031399199819 XNR-PW-MT-ZERO blocks=0
      0.4s 99/750 primary N=100 seed=13259265031399199819 XNR-PW-MT-OFFSET blocks=0
      0.4s 100/750 primary N=100 seed=13259265031399199819 XNR-PC blocks=20
      0.4s 101/750 primary N=100 seed=7383040523285475032 XNR-PW-CONV-ZERO blocks=22
      0.4s 102/750 primary N=100 seed=7383040523285475032 XNR-PW-CONV-OFFSET blocks=22
      0.4s 103/750 primary N=100 seed=7383040523285475032 XNR-PW-MT-ZERO blocks=0
      0.4s 104/750 primary N=100 seed=7383040523285475032 XNR-PW-MT-OFFSET blocks=0
      0.4s 105/750 primary N=100 seed=7383040523285475032 XNR-PC blocks=22
      0.4s 106/750 primary N=100 seed=8469065342115915783 XNR-PW-CONV-ZERO blocks=21
      0.4s 107/750 primary N=100 seed=8469065342115915783 XNR-PW-CONV-OFFSET blocks=21
      0.4s 108/750 primary N=100 seed=8469065342115915783 XNR-PW-MT-ZERO blocks=0
      0.4s 109/750 primary N=100 seed=8469065342115915783 XNR-PW-MT-OFFSET blocks=0
      0.4s 110/750 primary N=100 seed=8469065342115915783 XNR-PC blocks=21
      0.4s 111/750 primary N=100 seed=11167473384098259577 XNR-PW-CONV-ZERO blocks=15
      0.4s 112/750 primary N=100 seed=11167473384098259577 XNR-PW-CONV-OFFSET blocks=15
      0.4s 113/750 primary N=100 seed=11167473384098259577 XNR-PW-MT-ZERO blocks=0
      0.4s 114/750 primary N=100 seed=11167473384098259577 XNR-PW-MT-OFFSET blocks=0
      0.5s 115/750 primary N=100 seed=11167473384098259577 XNR-PC blocks=15
      0.5s 116/750 primary N=100 seed=3927382471087979842 XNR-PW-CONV-ZERO blocks=10
      0.5s 117/750 primary N=100 seed=3927382471087979842 XNR-PW-CONV-OFFSET blocks=10
      0.5s 118/750 primary N=100 seed=3927382471087979842 XNR-PW-MT-ZERO blocks=0
      0.5s 119/750 primary N=100 seed=3927382471087979842 XNR-PW-MT-OFFSET blocks=0
      0.5s 120/750 primary N=100 seed=3927382471087979842 XNR-PC blocks=10
      0.5s 121/750 primary N=100 seed=12250540210932396121 XNR-PW-CONV-ZERO blocks=15
      0.5s 122/750 primary N=100 seed=12250540210932396121 XNR-PW-CONV-OFFSET blocks=15
      0.5s 123/750 primary N=100 seed=12250540210932396121 XNR-PW-MT-ZERO blocks=0
      0.5s 124/750 primary N=100 seed=12250540210932396121 XNR-PW-MT-OFFSET blocks=0
      0.5s 125/750 primary N=100 seed=12250540210932396121 XNR-PC blocks=15
      0.5s 126/750 primary N=100 seed=12687317089305426264 XNR-PW-CONV-ZERO blocks=18
      0.5s 127/750 primary N=100 seed=12687317089305426264 XNR-PW-CONV-OFFSET blocks=18
      0.5s 128/750 primary N=100 seed=12687317089305426264 XNR-PW-MT-ZERO blocks=0
      0.5s 129/750 primary N=100 seed=12687317089305426264 XNR-PW-MT-OFFSET blocks=0
      0.5s 130/750 primary N=100 seed=12687317089305426264 XNR-PC blocks=18
      0.5s 131/750 primary N=100 seed=3068354826123602611 XNR-PW-CONV-ZERO blocks=20
      0.5s 132/750 primary N=100 seed=3068354826123602611 XNR-PW-CONV-OFFSET blocks=20
      0.5s 133/750 primary N=100 seed=3068354826123602611 XNR-PW-MT-ZERO blocks=0
      0.5s 134/750 primary N=100 seed=3068354826123602611 XNR-PW-MT-OFFSET blocks=0
      0.5s 135/750 primary N=100 seed=3068354826123602611 XNR-PC blocks=20
      0.5s 136/750 primary N=100 seed=6452565723836495873 XNR-PW-CONV-ZERO blocks=10
      0.5s 137/750 primary N=100 seed=6452565723836495873 XNR-PW-CONV-OFFSET blocks=10
      0.5s 138/750 primary N=100 seed=6452565723836495873 XNR-PW-MT-ZERO blocks=0
      0.5s 139/750 primary N=100 seed=6452565723836495873 XNR-PW-MT-OFFSET blocks=0
      0.5s 140/750 primary N=100 seed=6452565723836495873 XNR-PC blocks=10
      0.6s 141/750 primary N=100 seed=12576523555926126553 XNR-PW-CONV-ZERO blocks=18
      0.6s 142/750 primary N=100 seed=12576523555926126553 XNR-PW-CONV-OFFSET blocks=18
      0.6s 143/750 primary N=100 seed=12576523555926126553 XNR-PW-MT-ZERO blocks=0
      0.6s 144/750 primary N=100 seed=12576523555926126553 XNR-PW-MT-OFFSET blocks=0
      0.6s 145/750 primary N=100 seed=12576523555926126553 XNR-PC blocks=18
      0.6s 146/750 primary N=100 seed=7616672725889129548 XNR-PW-CONV-ZERO blocks=12
      0.6s 147/750 primary N=100 seed=7616672725889129548 XNR-PW-CONV-OFFSET blocks=12
      0.6s 148/750 primary N=100 seed=7616672725889129548 XNR-PW-MT-ZERO blocks=1
      0.6s 149/750 primary N=100 seed=7616672725889129548 XNR-PW-MT-OFFSET blocks=1
      0.6s 150/750 primary N=100 seed=7616672725889129548 XNR-PC blocks=12
      0.6s 151/750 primary N=200 seed=18231826143518580289 XNR-PW-CONV-ZERO blocks=15
      0.6s 152/750 primary N=200 seed=18231826143518580289 XNR-PW-CONV-OFFSET blocks=15
      0.6s 153/750 primary N=200 seed=18231826143518580289 XNR-PW-MT-ZERO blocks=0
      0.6s 154/750 primary N=200 seed=18231826143518580289 XNR-PW-MT-OFFSET blocks=0
      0.6s 155/750 primary N=200 seed=18231826143518580289 XNR-PC blocks=15
      0.6s 156/750 primary N=200 seed=8906286495562900921 XNR-PW-CONV-ZERO blocks=19
      0.7s 157/750 primary N=200 seed=8906286495562900921 XNR-PW-CONV-OFFSET blocks=19
      0.7s 158/750 primary N=200 seed=8906286495562900921 XNR-PW-MT-ZERO blocks=0
      0.7s 159/750 primary N=200 seed=8906286495562900921 XNR-PW-MT-OFFSET blocks=0
      0.7s 160/750 primary N=200 seed=8906286495562900921 XNR-PC blocks=19
      0.7s 161/750 primary N=200 seed=8770642015975544875 XNR-PW-CONV-ZERO blocks=16
      0.7s 162/750 primary N=200 seed=8770642015975544875 XNR-PW-CONV-OFFSET blocks=16
      0.7s 163/750 primary N=200 seed=8770642015975544875 XNR-PW-MT-ZERO blocks=0
      0.7s 164/750 primary N=200 seed=8770642015975544875 XNR-PW-MT-OFFSET blocks=0
      0.7s 165/750 primary N=200 seed=8770642015975544875 XNR-PC blocks=16
      0.7s 166/750 primary N=200 seed=9576473659758073777 XNR-PW-CONV-ZERO blocks=16
      0.7s 167/750 primary N=200 seed=9576473659758073777 XNR-PW-CONV-OFFSET blocks=16
      0.7s 168/750 primary N=200 seed=9576473659758073777 XNR-PW-MT-ZERO blocks=0
      0.7s 169/750 primary N=200 seed=9576473659758073777 XNR-PW-MT-OFFSET blocks=0
      0.7s 170/750 primary N=200 seed=9576473659758073777 XNR-PC blocks=16
      0.7s 171/750 primary N=200 seed=16363268894485278985 XNR-PW-CONV-ZERO blocks=11
      0.8s 172/750 primary N=200 seed=16363268894485278985 XNR-PW-CONV-OFFSET blocks=11
      0.8s 173/750 primary N=200 seed=16363268894485278985 XNR-PW-MT-ZERO blocks=0
      0.8s 174/750 primary N=200 seed=16363268894485278985 XNR-PW-MT-OFFSET blocks=0
      0.8s 175/750 primary N=200 seed=16363268894485278985 XNR-PC blocks=11
      0.8s 176/750 primary N=200 seed=16585534704111605887 XNR-PW-CONV-ZERO blocks=17
      0.8s 177/750 primary N=200 seed=16585534704111605887 XNR-PW-CONV-OFFSET blocks=17
      0.8s 178/750 primary N=200 seed=16585534704111605887 XNR-PW-MT-ZERO blocks=0
      0.8s 179/750 primary N=200 seed=16585534704111605887 XNR-PW-MT-OFFSET blocks=0
      0.8s 180/750 primary N=200 seed=16585534704111605887 XNR-PC blocks=17
      0.8s 181/750 primary N=200 seed=14790319751179523344 XNR-PW-CONV-ZERO blocks=16
      0.8s 182/750 primary N=200 seed=14790319751179523344 XNR-PW-CONV-OFFSET blocks=16
      0.8s 183/750 primary N=200 seed=14790319751179523344 XNR-PW-MT-ZERO blocks=0
      0.8s 184/750 primary N=200 seed=14790319751179523344 XNR-PW-MT-OFFSET blocks=0
      0.8s 185/750 primary N=200 seed=14790319751179523344 XNR-PC blocks=16
      0.8s 186/750 primary N=200 seed=15311360825920276038 XNR-PW-CONV-ZERO blocks=14
      0.9s 187/750 primary N=200 seed=15311360825920276038 XNR-PW-CONV-OFFSET blocks=14
      0.9s 188/750 primary N=200 seed=15311360825920276038 XNR-PW-MT-ZERO blocks=0
      0.9s 189/750 primary N=200 seed=15311360825920276038 XNR-PW-MT-OFFSET blocks=0
      0.9s 190/750 primary N=200 seed=15311360825920276038 XNR-PC blocks=14
      0.9s 191/750 primary N=200 seed=10419287363523441034 XNR-PW-CONV-ZERO blocks=12
      0.9s 192/750 primary N=200 seed=10419287363523441034 XNR-PW-CONV-OFFSET blocks=12
      0.9s 193/750 primary N=200 seed=10419287363523441034 XNR-PW-MT-ZERO blocks=0
      0.9s 194/750 primary N=200 seed=10419287363523441034 XNR-PW-MT-OFFSET blocks=0
      0.9s 195/750 primary N=200 seed=10419287363523441034 XNR-PC blocks=12
      0.9s 196/750 primary N=200 seed=9964858435511495645 XNR-PW-CONV-ZERO blocks=16
      0.9s 197/750 primary N=200 seed=9964858435511495645 XNR-PW-CONV-OFFSET blocks=16
      0.9s 198/750 primary N=200 seed=9964858435511495645 XNR-PW-MT-ZERO blocks=0
      0.9s 199/750 primary N=200 seed=9964858435511495645 XNR-PW-MT-OFFSET blocks=0
      0.9s 200/750 primary N=200 seed=9964858435511495645 XNR-PC blocks=16
      0.9s 201/750 primary N=200 seed=12980243426712185825 XNR-PW-CONV-ZERO blocks=18
      1.0s 202/750 primary N=200 seed=12980243426712185825 XNR-PW-CONV-OFFSET blocks=18
      1.0s 203/750 primary N=200 seed=12980243426712185825 XNR-PW-MT-ZERO blocks=0
      1.0s 204/750 primary N=200 seed=12980243426712185825 XNR-PW-MT-OFFSET blocks=0
      1.0s 205/750 primary N=200 seed=12980243426712185825 XNR-PC blocks=18
      1.0s 206/750 primary N=200 seed=2834549471034337693 XNR-PW-CONV-ZERO blocks=19
      1.0s 207/750 primary N=200 seed=2834549471034337693 XNR-PW-CONV-OFFSET blocks=19
      1.0s 208/750 primary N=200 seed=2834549471034337693 XNR-PW-MT-ZERO blocks=0
      1.0s 209/750 primary N=200 seed=2834549471034337693 XNR-PW-MT-OFFSET blocks=0
      1.0s 210/750 primary N=200 seed=2834549471034337693 XNR-PC blocks=19
      1.0s 211/750 primary N=200 seed=17638313716927524985 XNR-PW-CONV-ZERO blocks=10
      1.0s 212/750 primary N=200 seed=17638313716927524985 XNR-PW-CONV-OFFSET blocks=10
      1.0s 213/750 primary N=200 seed=17638313716927524985 XNR-PW-MT-ZERO blocks=0
      1.0s 214/750 primary N=200 seed=17638313716927524985 XNR-PW-MT-OFFSET blocks=0
      1.0s 215/750 primary N=200 seed=17638313716927524985 XNR-PC blocks=10
      1.1s 216/750 primary N=200 seed=4701815876319261908 XNR-PW-CONV-ZERO blocks=15
      1.1s 217/750 primary N=200 seed=4701815876319261908 XNR-PW-CONV-OFFSET blocks=15
      1.1s 218/750 primary N=200 seed=4701815876319261908 XNR-PW-MT-ZERO blocks=0
      1.1s 219/750 primary N=200 seed=4701815876319261908 XNR-PW-MT-OFFSET blocks=0
      1.1s 220/750 primary N=200 seed=4701815876319261908 XNR-PC blocks=15
      1.1s 221/750 primary N=200 seed=7822082833909267661 XNR-PW-CONV-ZERO blocks=20
      1.1s 222/750 primary N=200 seed=7822082833909267661 XNR-PW-CONV-OFFSET blocks=20
      1.1s 223/750 primary N=200 seed=7822082833909267661 XNR-PW-MT-ZERO blocks=0
      1.1s 224/750 primary N=200 seed=7822082833909267661 XNR-PW-MT-OFFSET blocks=0
      1.1s 225/750 primary N=200 seed=7822082833909267661 XNR-PC blocks=20
      1.1s 226/750 primary N=200 seed=12102592183121031244 XNR-PW-CONV-ZERO blocks=21
      1.1s 227/750 primary N=200 seed=12102592183121031244 XNR-PW-CONV-OFFSET blocks=21
      1.1s 228/750 primary N=200 seed=12102592183121031244 XNR-PW-MT-ZERO blocks=0
      1.1s 229/750 primary N=200 seed=12102592183121031244 XNR-PW-MT-OFFSET blocks=0
      1.2s 230/750 primary N=200 seed=12102592183121031244 XNR-PC blocks=21
      1.2s 231/750 primary N=200 seed=4849566379269777204 XNR-PW-CONV-ZERO blocks=17
      1.2s 232/750 primary N=200 seed=4849566379269777204 XNR-PW-CONV-OFFSET blocks=17
      1.2s 233/750 primary N=200 seed=4849566379269777204 XNR-PW-MT-ZERO blocks=0
      1.2s 234/750 primary N=200 seed=4849566379269777204 XNR-PW-MT-OFFSET blocks=0
      1.2s 235/750 primary N=200 seed=4849566379269777204 XNR-PC blocks=17
      1.2s 236/750 primary N=200 seed=4171531546602603804 XNR-PW-CONV-ZERO blocks=16
      1.2s 237/750 primary N=200 seed=4171531546602603804 XNR-PW-CONV-OFFSET blocks=16
      1.2s 238/750 primary N=200 seed=4171531546602603804 XNR-PW-MT-ZERO blocks=0
      1.2s 239/750 primary N=200 seed=4171531546602603804 XNR-PW-MT-OFFSET blocks=0
      1.2s 240/750 primary N=200 seed=4171531546602603804 XNR-PC blocks=16
      1.3s 241/750 primary N=200 seed=6773169848162830496 XNR-PW-CONV-ZERO blocks=15
      1.3s 242/750 primary N=200 seed=6773169848162830496 XNR-PW-CONV-OFFSET blocks=15
      1.3s 243/750 primary N=200 seed=6773169848162830496 XNR-PW-MT-ZERO blocks=0
      1.3s 244/750 primary N=200 seed=6773169848162830496 XNR-PW-MT-OFFSET blocks=0
      1.3s 245/750 primary N=200 seed=6773169848162830496 XNR-PC blocks=15
      1.3s 246/750 primary N=200 seed=13259265031399199819 XNR-PW-CONV-ZERO blocks=20
      1.3s 247/750 primary N=200 seed=13259265031399199819 XNR-PW-CONV-OFFSET blocks=20
      1.3s 248/750 primary N=200 seed=13259265031399199819 XNR-PW-MT-ZERO blocks=0
      1.3s 249/750 primary N=200 seed=13259265031399199819 XNR-PW-MT-OFFSET blocks=0
      1.3s 250/750 primary N=200 seed=13259265031399199819 XNR-PC blocks=20
      1.3s 251/750 primary N=200 seed=7383040523285475032 XNR-PW-CONV-ZERO blocks=22
      1.3s 252/750 primary N=200 seed=7383040523285475032 XNR-PW-CONV-OFFSET blocks=22
      1.3s 253/750 primary N=200 seed=7383040523285475032 XNR-PW-MT-ZERO blocks=0
      1.3s 254/750 primary N=200 seed=7383040523285475032 XNR-PW-MT-OFFSET blocks=0
      1.4s 255/750 primary N=200 seed=7383040523285475032 XNR-PC blocks=22
      1.4s 256/750 primary N=200 seed=8469065342115915783 XNR-PW-CONV-ZERO blocks=21
      1.4s 257/750 primary N=200 seed=8469065342115915783 XNR-PW-CONV-OFFSET blocks=21
      1.4s 258/750 primary N=200 seed=8469065342115915783 XNR-PW-MT-ZERO blocks=0
      1.4s 259/750 primary N=200 seed=8469065342115915783 XNR-PW-MT-OFFSET blocks=0
      1.4s 260/750 primary N=200 seed=8469065342115915783 XNR-PC blocks=21
      1.4s 261/750 primary N=200 seed=11167473384098259577 XNR-PW-CONV-ZERO blocks=15
      1.4s 262/750 primary N=200 seed=11167473384098259577 XNR-PW-CONV-OFFSET blocks=15
      1.4s 263/750 primary N=200 seed=11167473384098259577 XNR-PW-MT-ZERO blocks=0
      1.4s 264/750 primary N=200 seed=11167473384098259577 XNR-PW-MT-OFFSET blocks=0
      1.4s 265/750 primary N=200 seed=11167473384098259577 XNR-PC blocks=15
      1.4s 266/750 primary N=200 seed=3927382471087979842 XNR-PW-CONV-ZERO blocks=10
      1.5s 267/750 primary N=200 seed=3927382471087979842 XNR-PW-CONV-OFFSET blocks=10
      1.5s 268/750 primary N=200 seed=3927382471087979842 XNR-PW-MT-ZERO blocks=0
      1.5s 269/750 primary N=200 seed=3927382471087979842 XNR-PW-MT-OFFSET blocks=0
      1.5s 270/750 primary N=200 seed=3927382471087979842 XNR-PC blocks=10
      1.5s 271/750 primary N=200 seed=12250540210932396121 XNR-PW-CONV-ZERO blocks=15
      1.5s 272/750 primary N=200 seed=12250540210932396121 XNR-PW-CONV-OFFSET blocks=15
      1.5s 273/750 primary N=200 seed=12250540210932396121 XNR-PW-MT-ZERO blocks=0
      1.5s 274/750 primary N=200 seed=12250540210932396121 XNR-PW-MT-OFFSET blocks=0
      1.5s 275/750 primary N=200 seed=12250540210932396121 XNR-PC blocks=15
      1.5s 276/750 primary N=200 seed=12687317089305426264 XNR-PW-CONV-ZERO blocks=18
      1.5s 277/750 primary N=200 seed=12687317089305426264 XNR-PW-CONV-OFFSET blocks=18
      1.5s 278/750 primary N=200 seed=12687317089305426264 XNR-PW-MT-ZERO blocks=0
      1.5s 279/750 primary N=200 seed=12687317089305426264 XNR-PW-MT-OFFSET blocks=0
      1.5s 280/750 primary N=200 seed=12687317089305426264 XNR-PC blocks=18
      1.6s 281/750 primary N=200 seed=3068354826123602611 XNR-PW-CONV-ZERO blocks=20
      1.6s 282/750 primary N=200 seed=3068354826123602611 XNR-PW-CONV-OFFSET blocks=20
      1.6s 283/750 primary N=200 seed=3068354826123602611 XNR-PW-MT-ZERO blocks=0
      1.6s 284/750 primary N=200 seed=3068354826123602611 XNR-PW-MT-OFFSET blocks=0
      1.6s 285/750 primary N=200 seed=3068354826123602611 XNR-PC blocks=20
      1.6s 286/750 primary N=200 seed=6452565723836495873 XNR-PW-CONV-ZERO blocks=10
      1.6s 287/750 primary N=200 seed=6452565723836495873 XNR-PW-CONV-OFFSET blocks=10
      1.6s 288/750 primary N=200 seed=6452565723836495873 XNR-PW-MT-ZERO blocks=0
      1.6s 289/750 primary N=200 seed=6452565723836495873 XNR-PW-MT-OFFSET blocks=0
      1.6s 290/750 primary N=200 seed=6452565723836495873 XNR-PC blocks=10
      1.6s 291/750 primary N=200 seed=12576523555926126553 XNR-PW-CONV-ZERO blocks=18
      1.6s 292/750 primary N=200 seed=12576523555926126553 XNR-PW-CONV-OFFSET blocks=18
      1.6s 293/750 primary N=200 seed=12576523555926126553 XNR-PW-MT-ZERO blocks=0
      1.6s 294/750 primary N=200 seed=12576523555926126553 XNR-PW-MT-OFFSET blocks=0
      1.6s 295/750 primary N=200 seed=12576523555926126553 XNR-PC blocks=18
      1.7s 296/750 primary N=200 seed=7616672725889129548 XNR-PW-CONV-ZERO blocks=12
      1.7s 297/750 primary N=200 seed=7616672725889129548 XNR-PW-CONV-OFFSET blocks=12
      1.7s 298/750 primary N=200 seed=7616672725889129548 XNR-PW-MT-ZERO blocks=1
      1.7s 299/750 primary N=200 seed=7616672725889129548 XNR-PW-MT-OFFSET blocks=1
      1.7s 300/750 primary N=200 seed=7616672725889129548 XNR-PC blocks=12
      1.7s 301/750 primary N=300 seed=18231826143518580289 XNR-PW-CONV-ZERO blocks=15
      1.7s 302/750 primary N=300 seed=18231826143518580289 XNR-PW-CONV-OFFSET blocks=15
      1.7s 303/750 primary N=300 seed=18231826143518580289 XNR-PW-MT-ZERO blocks=0
      1.7s 304/750 primary N=300 seed=18231826143518580289 XNR-PW-MT-OFFSET blocks=0
      1.7s 305/750 primary N=300 seed=18231826143518580289 XNR-PC blocks=15
      1.7s 306/750 primary N=300 seed=8906286495562900921 XNR-PW-CONV-ZERO blocks=19
      1.8s 307/750 primary N=300 seed=8906286495562900921 XNR-PW-CONV-OFFSET blocks=19
      1.8s 308/750 primary N=300 seed=8906286495562900921 XNR-PW-MT-ZERO blocks=0
      1.8s 309/750 primary N=300 seed=8906286495562900921 XNR-PW-MT-OFFSET blocks=0
      1.8s 310/750 primary N=300 seed=8906286495562900921 XNR-PC blocks=19
      1.8s 311/750 primary N=300 seed=8770642015975544875 XNR-PW-CONV-ZERO blocks=16
      1.8s 312/750 primary N=300 seed=8770642015975544875 XNR-PW-CONV-OFFSET blocks=16
      1.8s 313/750 primary N=300 seed=8770642015975544875 XNR-PW-MT-ZERO blocks=0
      1.8s 314/750 primary N=300 seed=8770642015975544875 XNR-PW-MT-OFFSET blocks=0
      1.8s 315/750 primary N=300 seed=8770642015975544875 XNR-PC blocks=16
      1.9s 316/750 primary N=300 seed=9576473659758073777 XNR-PW-CONV-ZERO blocks=16
      1.9s 317/750 primary N=300 seed=9576473659758073777 XNR-PW-CONV-OFFSET blocks=16
      1.9s 318/750 primary N=300 seed=9576473659758073777 XNR-PW-MT-ZERO blocks=0
      1.9s 319/750 primary N=300 seed=9576473659758073777 XNR-PW-MT-OFFSET blocks=0
      1.9s 320/750 primary N=300 seed=9576473659758073777 XNR-PC blocks=16
      1.9s 321/750 primary N=300 seed=16363268894485278985 XNR-PW-CONV-ZERO blocks=11
      1.9s 322/750 primary N=300 seed=16363268894485278985 XNR-PW-CONV-OFFSET blocks=11
      1.9s 323/750 primary N=300 seed=16363268894485278985 XNR-PW-MT-ZERO blocks=0
      1.9s 324/750 primary N=300 seed=16363268894485278985 XNR-PW-MT-OFFSET blocks=0
      1.9s 325/750 primary N=300 seed=16363268894485278985 XNR-PC blocks=11
      1.9s 326/750 primary N=300 seed=16585534704111605887 XNR-PW-CONV-ZERO blocks=17
      2.0s 327/750 primary N=300 seed=16585534704111605887 XNR-PW-CONV-OFFSET blocks=17
      2.0s 328/750 primary N=300 seed=16585534704111605887 XNR-PW-MT-ZERO blocks=0
      2.0s 329/750 primary N=300 seed=16585534704111605887 XNR-PW-MT-OFFSET blocks=0
      2.0s 330/750 primary N=300 seed=16585534704111605887 XNR-PC blocks=17
      2.0s 331/750 primary N=300 seed=14790319751179523344 XNR-PW-CONV-ZERO blocks=16
      2.0s 332/750 primary N=300 seed=14790319751179523344 XNR-PW-CONV-OFFSET blocks=16
      2.0s 333/750 primary N=300 seed=14790319751179523344 XNR-PW-MT-ZERO blocks=0
      2.0s 334/750 primary N=300 seed=14790319751179523344 XNR-PW-MT-OFFSET blocks=0
      2.0s 335/750 primary N=300 seed=14790319751179523344 XNR-PC blocks=16
      2.0s 336/750 primary N=300 seed=15311360825920276038 XNR-PW-CONV-ZERO blocks=14
      2.1s 337/750 primary N=300 seed=15311360825920276038 XNR-PW-CONV-OFFSET blocks=14
      2.1s 338/750 primary N=300 seed=15311360825920276038 XNR-PW-MT-ZERO blocks=0
      2.1s 339/750 primary N=300 seed=15311360825920276038 XNR-PW-MT-OFFSET blocks=0
      2.1s 340/750 primary N=300 seed=15311360825920276038 XNR-PC blocks=14
      2.1s 341/750 primary N=300 seed=10419287363523441034 XNR-PW-CONV-ZERO blocks=12
      2.1s 342/750 primary N=300 seed=10419287363523441034 XNR-PW-CONV-OFFSET blocks=12
      2.1s 343/750 primary N=300 seed=10419287363523441034 XNR-PW-MT-ZERO blocks=0
      2.1s 344/750 primary N=300 seed=10419287363523441034 XNR-PW-MT-OFFSET blocks=0
      2.1s 345/750 primary N=300 seed=10419287363523441034 XNR-PC blocks=12
      2.1s 346/750 primary N=300 seed=9964858435511495645 XNR-PW-CONV-ZERO blocks=16
      2.2s 347/750 primary N=300 seed=9964858435511495645 XNR-PW-CONV-OFFSET blocks=16
      2.2s 348/750 primary N=300 seed=9964858435511495645 XNR-PW-MT-ZERO blocks=0
      2.2s 349/750 primary N=300 seed=9964858435511495645 XNR-PW-MT-OFFSET blocks=0
      2.2s 350/750 primary N=300 seed=9964858435511495645 XNR-PC blocks=16
      2.2s 351/750 primary N=300 seed=12980243426712185825 XNR-PW-CONV-ZERO blocks=18
      2.2s 352/750 primary N=300 seed=12980243426712185825 XNR-PW-CONV-OFFSET blocks=18
      2.2s 353/750 primary N=300 seed=12980243426712185825 XNR-PW-MT-ZERO blocks=0
      2.2s 354/750 primary N=300 seed=12980243426712185825 XNR-PW-MT-OFFSET blocks=0
      2.2s 355/750 primary N=300 seed=12980243426712185825 XNR-PC blocks=18
      2.2s 356/750 primary N=300 seed=2834549471034337693 XNR-PW-CONV-ZERO blocks=19
      2.3s 357/750 primary N=300 seed=2834549471034337693 XNR-PW-CONV-OFFSET blocks=19
      2.3s 358/750 primary N=300 seed=2834549471034337693 XNR-PW-MT-ZERO blocks=0
      2.3s 359/750 primary N=300 seed=2834549471034337693 XNR-PW-MT-OFFSET blocks=0
      2.3s 360/750 primary N=300 seed=2834549471034337693 XNR-PC blocks=19
      2.3s 361/750 primary N=300 seed=17638313716927524985 XNR-PW-CONV-ZERO blocks=10
      2.3s 362/750 primary N=300 seed=17638313716927524985 XNR-PW-CONV-OFFSET blocks=10
      2.3s 363/750 primary N=300 seed=17638313716927524985 XNR-PW-MT-ZERO blocks=0
      2.3s 364/750 primary N=300 seed=17638313716927524985 XNR-PW-MT-OFFSET blocks=0
      2.3s 365/750 primary N=300 seed=17638313716927524985 XNR-PC blocks=10
      2.3s 366/750 primary N=300 seed=4701815876319261908 XNR-PW-CONV-ZERO blocks=15
      2.4s 367/750 primary N=300 seed=4701815876319261908 XNR-PW-CONV-OFFSET blocks=15
      2.4s 368/750 primary N=300 seed=4701815876319261908 XNR-PW-MT-ZERO blocks=0
      2.4s 369/750 primary N=300 seed=4701815876319261908 XNR-PW-MT-OFFSET blocks=0
      2.4s 370/750 primary N=300 seed=4701815876319261908 XNR-PC blocks=15
      2.4s 371/750 primary N=300 seed=7822082833909267661 XNR-PW-CONV-ZERO blocks=20
      2.4s 372/750 primary N=300 seed=7822082833909267661 XNR-PW-CONV-OFFSET blocks=20
      2.4s 373/750 primary N=300 seed=7822082833909267661 XNR-PW-MT-ZERO blocks=0
      2.4s 374/750 primary N=300 seed=7822082833909267661 XNR-PW-MT-OFFSET blocks=0
      2.4s 375/750 primary N=300 seed=7822082833909267661 XNR-PC blocks=20
      2.5s 376/750 primary N=300 seed=12102592183121031244 XNR-PW-CONV-ZERO blocks=21
      2.5s 377/750 primary N=300 seed=12102592183121031244 XNR-PW-CONV-OFFSET blocks=21
      2.5s 378/750 primary N=300 seed=12102592183121031244 XNR-PW-MT-ZERO blocks=0
      2.5s 379/750 primary N=300 seed=12102592183121031244 XNR-PW-MT-OFFSET blocks=0
      2.5s 380/750 primary N=300 seed=12102592183121031244 XNR-PC blocks=21
      2.5s 381/750 primary N=300 seed=4849566379269777204 XNR-PW-CONV-ZERO blocks=17
      2.5s 382/750 primary N=300 seed=4849566379269777204 XNR-PW-CONV-OFFSET blocks=17
      2.5s 383/750 primary N=300 seed=4849566379269777204 XNR-PW-MT-ZERO blocks=0
      2.5s 384/750 primary N=300 seed=4849566379269777204 XNR-PW-MT-OFFSET blocks=0
      2.6s 385/750 primary N=300 seed=4849566379269777204 XNR-PC blocks=17
      2.6s 386/750 primary N=300 seed=4171531546602603804 XNR-PW-CONV-ZERO blocks=16
      2.6s 387/750 primary N=300 seed=4171531546602603804 XNR-PW-CONV-OFFSET blocks=16
      2.6s 388/750 primary N=300 seed=4171531546602603804 XNR-PW-MT-ZERO blocks=0
      2.6s 389/750 primary N=300 seed=4171531546602603804 XNR-PW-MT-OFFSET blocks=0
      2.6s 390/750 primary N=300 seed=4171531546602603804 XNR-PC blocks=16
      2.6s 391/750 primary N=300 seed=6773169848162830496 XNR-PW-CONV-ZERO blocks=15
      2.6s 392/750 primary N=300 seed=6773169848162830496 XNR-PW-CONV-OFFSET blocks=15
      2.6s 393/750 primary N=300 seed=6773169848162830496 XNR-PW-MT-ZERO blocks=0
      2.6s 394/750 primary N=300 seed=6773169848162830496 XNR-PW-MT-OFFSET blocks=0
      2.7s 395/750 primary N=300 seed=6773169848162830496 XNR-PC blocks=15
      2.7s 396/750 primary N=300 seed=13259265031399199819 XNR-PW-CONV-ZERO blocks=20
      2.7s 397/750 primary N=300 seed=13259265031399199819 XNR-PW-CONV-OFFSET blocks=20
      2.7s 398/750 primary N=300 seed=13259265031399199819 XNR-PW-MT-ZERO blocks=0
      2.7s 399/750 primary N=300 seed=13259265031399199819 XNR-PW-MT-OFFSET blocks=0
      2.7s 400/750 primary N=300 seed=13259265031399199819 XNR-PC blocks=20
      2.7s 401/750 primary N=300 seed=7383040523285475032 XNR-PW-CONV-ZERO blocks=22
      2.8s 402/750 primary N=300 seed=7383040523285475032 XNR-PW-CONV-OFFSET blocks=22
      2.8s 403/750 primary N=300 seed=7383040523285475032 XNR-PW-MT-ZERO blocks=0
      2.8s 404/750 primary N=300 seed=7383040523285475032 XNR-PW-MT-OFFSET blocks=0
      2.8s 405/750 primary N=300 seed=7383040523285475032 XNR-PC blocks=22
      2.8s 406/750 primary N=300 seed=8469065342115915783 XNR-PW-CONV-ZERO blocks=21
      2.8s 407/750 primary N=300 seed=8469065342115915783 XNR-PW-CONV-OFFSET blocks=21
      2.8s 408/750 primary N=300 seed=8469065342115915783 XNR-PW-MT-ZERO blocks=0
      2.8s 409/750 primary N=300 seed=8469065342115915783 XNR-PW-MT-OFFSET blocks=0
      2.9s 410/750 primary N=300 seed=8469065342115915783 XNR-PC blocks=21
      2.9s 411/750 primary N=300 seed=11167473384098259577 XNR-PW-CONV-ZERO blocks=15
      2.9s 412/750 primary N=300 seed=11167473384098259577 XNR-PW-CONV-OFFSET blocks=15
      2.9s 413/750 primary N=300 seed=11167473384098259577 XNR-PW-MT-ZERO blocks=0
      2.9s 414/750 primary N=300 seed=11167473384098259577 XNR-PW-MT-OFFSET blocks=0
      2.9s 415/750 primary N=300 seed=11167473384098259577 XNR-PC blocks=15
      2.9s 416/750 primary N=300 seed=3927382471087979842 XNR-PW-CONV-ZERO blocks=10
      2.9s 417/750 primary N=300 seed=3927382471087979842 XNR-PW-CONV-OFFSET blocks=10
      2.9s 418/750 primary N=300 seed=3927382471087979842 XNR-PW-MT-ZERO blocks=0
      2.9s 419/750 primary N=300 seed=3927382471087979842 XNR-PW-MT-OFFSET blocks=0
      2.9s 420/750 primary N=300 seed=3927382471087979842 XNR-PC blocks=10
      3.0s 421/750 primary N=300 seed=12250540210932396121 XNR-PW-CONV-ZERO blocks=15
      3.0s 422/750 primary N=300 seed=12250540210932396121 XNR-PW-CONV-OFFSET blocks=15
      3.0s 423/750 primary N=300 seed=12250540210932396121 XNR-PW-MT-ZERO blocks=0
      3.0s 424/750 primary N=300 seed=12250540210932396121 XNR-PW-MT-OFFSET blocks=0
      3.0s 425/750 primary N=300 seed=12250540210932396121 XNR-PC blocks=15
      3.0s 426/750 primary N=300 seed=12687317089305426264 XNR-PW-CONV-ZERO blocks=18
      3.0s 427/750 primary N=300 seed=12687317089305426264 XNR-PW-CONV-OFFSET blocks=18
      3.0s 428/750 primary N=300 seed=12687317089305426264 XNR-PW-MT-ZERO blocks=0
      3.0s 429/750 primary N=300 seed=12687317089305426264 XNR-PW-MT-OFFSET blocks=0
      3.1s 430/750 primary N=300 seed=12687317089305426264 XNR-PC blocks=18
      3.1s 431/750 primary N=300 seed=3068354826123602611 XNR-PW-CONV-ZERO blocks=20
      3.1s 432/750 primary N=300 seed=3068354826123602611 XNR-PW-CONV-OFFSET blocks=20
      3.1s 433/750 primary N=300 seed=3068354826123602611 XNR-PW-MT-ZERO blocks=0
      3.1s 434/750 primary N=300 seed=3068354826123602611 XNR-PW-MT-OFFSET blocks=0
      3.1s 435/750 primary N=300 seed=3068354826123602611 XNR-PC blocks=20
      3.1s 436/750 primary N=300 seed=6452565723836495873 XNR-PW-CONV-ZERO blocks=10
      3.1s 437/750 primary N=300 seed=6452565723836495873 XNR-PW-CONV-OFFSET blocks=10
      3.1s 438/750 primary N=300 seed=6452565723836495873 XNR-PW-MT-ZERO blocks=0
      3.1s 439/750 primary N=300 seed=6452565723836495873 XNR-PW-MT-OFFSET blocks=0
      3.1s 440/750 primary N=300 seed=6452565723836495873 XNR-PC blocks=10
      3.2s 441/750 primary N=300 seed=12576523555926126553 XNR-PW-CONV-ZERO blocks=18
      3.2s 442/750 primary N=300 seed=12576523555926126553 XNR-PW-CONV-OFFSET blocks=18
      3.2s 443/750 primary N=300 seed=12576523555926126553 XNR-PW-MT-ZERO blocks=0
      3.2s 444/750 primary N=300 seed=12576523555926126553 XNR-PW-MT-OFFSET blocks=0
      3.2s 445/750 primary N=300 seed=12576523555926126553 XNR-PC blocks=18
      3.2s 446/750 primary N=300 seed=7616672725889129548 XNR-PW-CONV-ZERO blocks=12
      3.2s 447/750 primary N=300 seed=7616672725889129548 XNR-PW-CONV-OFFSET blocks=12
      3.2s 448/750 primary N=300 seed=7616672725889129548 XNR-PW-MT-ZERO blocks=1
      3.2s 449/750 primary N=300 seed=7616672725889129548 XNR-PW-MT-OFFSET blocks=1
      3.2s 450/750 primary N=300 seed=7616672725889129548 XNR-PC blocks=12
      3.3s 451/750 primary N=400 seed=18231826143518580289 XNR-PW-CONV-ZERO blocks=15
      3.3s 452/750 primary N=400 seed=18231826143518580289 XNR-PW-CONV-OFFSET blocks=15
      3.3s 453/750 primary N=400 seed=18231826143518580289 XNR-PW-MT-ZERO blocks=0
      3.3s 454/750 primary N=400 seed=18231826143518580289 XNR-PW-MT-OFFSET blocks=0
      3.3s 455/750 primary N=400 seed=18231826143518580289 XNR-PC blocks=15
      3.3s 456/750 primary N=400 seed=8906286495562900921 XNR-PW-CONV-ZERO blocks=19
      3.4s 457/750 primary N=400 seed=8906286495562900921 XNR-PW-CONV-OFFSET blocks=19
      3.4s 458/750 primary N=400 seed=8906286495562900921 XNR-PW-MT-ZERO blocks=0
      3.4s 459/750 primary N=400 seed=8906286495562900921 XNR-PW-MT-OFFSET blocks=0
      3.4s 460/750 primary N=400 seed=8906286495562900921 XNR-PC blocks=19
      3.4s 461/750 primary N=400 seed=8770642015975544875 XNR-PW-CONV-ZERO blocks=16
      3.4s 462/750 primary N=400 seed=8770642015975544875 XNR-PW-CONV-OFFSET blocks=16
      3.4s 463/750 primary N=400 seed=8770642015975544875 XNR-PW-MT-ZERO blocks=0
      3.4s 464/750 primary N=400 seed=8770642015975544875 XNR-PW-MT-OFFSET blocks=0
      3.5s 465/750 primary N=400 seed=8770642015975544875 XNR-PC blocks=16
      3.5s 466/750 primary N=400 seed=9576473659758073777 XNR-PW-CONV-ZERO blocks=16
      3.5s 467/750 primary N=400 seed=9576473659758073777 XNR-PW-CONV-OFFSET blocks=16
      3.5s 468/750 primary N=400 seed=9576473659758073777 XNR-PW-MT-ZERO blocks=0
      3.5s 469/750 primary N=400 seed=9576473659758073777 XNR-PW-MT-OFFSET blocks=0
      3.5s 470/750 primary N=400 seed=9576473659758073777 XNR-PC blocks=16
      3.5s 471/750 primary N=400 seed=16363268894485278985 XNR-PW-CONV-ZERO blocks=11
      3.6s 472/750 primary N=400 seed=16363268894485278985 XNR-PW-CONV-OFFSET blocks=11
      3.6s 473/750 primary N=400 seed=16363268894485278985 XNR-PW-MT-ZERO blocks=0
      3.6s 474/750 primary N=400 seed=16363268894485278985 XNR-PW-MT-OFFSET blocks=0
      3.6s 475/750 primary N=400 seed=16363268894485278985 XNR-PC blocks=11
      3.6s 476/750 primary N=400 seed=16585534704111605887 XNR-PW-CONV-ZERO blocks=17
      3.6s 477/750 primary N=400 seed=16585534704111605887 XNR-PW-CONV-OFFSET blocks=17
      3.6s 478/750 primary N=400 seed=16585534704111605887 XNR-PW-MT-ZERO blocks=0
      3.6s 479/750 primary N=400 seed=16585534704111605887 XNR-PW-MT-OFFSET blocks=0
      3.6s 480/750 primary N=400 seed=16585534704111605887 XNR-PC blocks=17
      3.7s 481/750 primary N=400 seed=14790319751179523344 XNR-PW-CONV-ZERO blocks=16
      3.7s 482/750 primary N=400 seed=14790319751179523344 XNR-PW-CONV-OFFSET blocks=16
      3.7s 483/750 primary N=400 seed=14790319751179523344 XNR-PW-MT-ZERO blocks=0
      3.7s 484/750 primary N=400 seed=14790319751179523344 XNR-PW-MT-OFFSET blocks=0
      3.7s 485/750 primary N=400 seed=14790319751179523344 XNR-PC blocks=16
      3.7s 486/750 primary N=400 seed=15311360825920276038 XNR-PW-CONV-ZERO blocks=14
      3.7s 487/750 primary N=400 seed=15311360825920276038 XNR-PW-CONV-OFFSET blocks=14
      3.7s 488/750 primary N=400 seed=15311360825920276038 XNR-PW-MT-ZERO blocks=0
      3.7s 489/750 primary N=400 seed=15311360825920276038 XNR-PW-MT-OFFSET blocks=0
      3.8s 490/750 primary N=400 seed=15311360825920276038 XNR-PC blocks=14
      3.8s 491/750 primary N=400 seed=10419287363523441034 XNR-PW-CONV-ZERO blocks=12
      3.8s 492/750 primary N=400 seed=10419287363523441034 XNR-PW-CONV-OFFSET blocks=12
      3.8s 493/750 primary N=400 seed=10419287363523441034 XNR-PW-MT-ZERO blocks=0
      3.8s 494/750 primary N=400 seed=10419287363523441034 XNR-PW-MT-OFFSET blocks=0
      3.8s 495/750 primary N=400 seed=10419287363523441034 XNR-PC blocks=12
      3.8s 496/750 primary N=400 seed=9964858435511495645 XNR-PW-CONV-ZERO blocks=16
      3.9s 497/750 primary N=400 seed=9964858435511495645 XNR-PW-CONV-OFFSET blocks=16
      3.9s 498/750 primary N=400 seed=9964858435511495645 XNR-PW-MT-ZERO blocks=0
      3.9s 499/750 primary N=400 seed=9964858435511495645 XNR-PW-MT-OFFSET blocks=0
      3.9s 500/750 primary N=400 seed=9964858435511495645 XNR-PC blocks=16
      3.9s 501/750 primary N=400 seed=12980243426712185825 XNR-PW-CONV-ZERO blocks=18
      3.9s 502/750 primary N=400 seed=12980243426712185825 XNR-PW-CONV-OFFSET blocks=18
      3.9s 503/750 primary N=400 seed=12980243426712185825 XNR-PW-MT-ZERO blocks=0
      3.9s 504/750 primary N=400 seed=12980243426712185825 XNR-PW-MT-OFFSET blocks=0
      4.0s 505/750 primary N=400 seed=12980243426712185825 XNR-PC blocks=18
      4.0s 506/750 primary N=400 seed=2834549471034337693 XNR-PW-CONV-ZERO blocks=19
      4.0s 507/750 primary N=400 seed=2834549471034337693 XNR-PW-CONV-OFFSET blocks=19
      4.0s 508/750 primary N=400 seed=2834549471034337693 XNR-PW-MT-ZERO blocks=0
      4.0s 509/750 primary N=400 seed=2834549471034337693 XNR-PW-MT-OFFSET blocks=0
      4.0s 510/750 primary N=400 seed=2834549471034337693 XNR-PC blocks=19
      4.1s 511/750 primary N=400 seed=17638313716927524985 XNR-PW-CONV-ZERO blocks=10
      4.1s 512/750 primary N=400 seed=17638313716927524985 XNR-PW-CONV-OFFSET blocks=10
      4.1s 513/750 primary N=400 seed=17638313716927524985 XNR-PW-MT-ZERO blocks=0
      4.1s 514/750 primary N=400 seed=17638313716927524985 XNR-PW-MT-OFFSET blocks=0
      4.1s 515/750 primary N=400 seed=17638313716927524985 XNR-PC blocks=10
      4.1s 516/750 primary N=400 seed=4701815876319261908 XNR-PW-CONV-ZERO blocks=15
      4.1s 517/750 primary N=400 seed=4701815876319261908 XNR-PW-CONV-OFFSET blocks=15
      4.1s 518/750 primary N=400 seed=4701815876319261908 XNR-PW-MT-ZERO blocks=0
      4.1s 519/750 primary N=400 seed=4701815876319261908 XNR-PW-MT-OFFSET blocks=0
      4.2s 520/750 primary N=400 seed=4701815876319261908 XNR-PC blocks=15
      4.2s 521/750 primary N=400 seed=7822082833909267661 XNR-PW-CONV-ZERO blocks=20
      4.2s 522/750 primary N=400 seed=7822082833909267661 XNR-PW-CONV-OFFSET blocks=20
      4.2s 523/750 primary N=400 seed=7822082833909267661 XNR-PW-MT-ZERO blocks=0
      4.2s 524/750 primary N=400 seed=7822082833909267661 XNR-PW-MT-OFFSET blocks=0
      4.2s 525/750 primary N=400 seed=7822082833909267661 XNR-PC blocks=20
      4.3s 526/750 primary N=400 seed=12102592183121031244 XNR-PW-CONV-ZERO blocks=21
      4.3s 527/750 primary N=400 seed=12102592183121031244 XNR-PW-CONV-OFFSET blocks=21
      4.3s 528/750 primary N=400 seed=12102592183121031244 XNR-PW-MT-ZERO blocks=0
      4.3s 529/750 primary N=400 seed=12102592183121031244 XNR-PW-MT-OFFSET blocks=0
      4.3s 530/750 primary N=400 seed=12102592183121031244 XNR-PC blocks=21
      4.3s 531/750 primary N=400 seed=4849566379269777204 XNR-PW-CONV-ZERO blocks=17
      4.4s 532/750 primary N=400 seed=4849566379269777204 XNR-PW-CONV-OFFSET blocks=17
      4.4s 533/750 primary N=400 seed=4849566379269777204 XNR-PW-MT-ZERO blocks=0
      4.4s 534/750 primary N=400 seed=4849566379269777204 XNR-PW-MT-OFFSET blocks=0
      4.4s 535/750 primary N=400 seed=4849566379269777204 XNR-PC blocks=17
      4.4s 536/750 primary N=400 seed=4171531546602603804 XNR-PW-CONV-ZERO blocks=16
      4.4s 537/750 primary N=400 seed=4171531546602603804 XNR-PW-CONV-OFFSET blocks=16
      4.4s 538/750 primary N=400 seed=4171531546602603804 XNR-PW-MT-ZERO blocks=0
      4.4s 539/750 primary N=400 seed=4171531546602603804 XNR-PW-MT-OFFSET blocks=0
      4.5s 540/750 primary N=400 seed=4171531546602603804 XNR-PC blocks=16
      4.5s 541/750 primary N=400 seed=6773169848162830496 XNR-PW-CONV-ZERO blocks=15
      4.5s 542/750 primary N=400 seed=6773169848162830496 XNR-PW-CONV-OFFSET blocks=15
      4.5s 543/750 primary N=400 seed=6773169848162830496 XNR-PW-MT-ZERO blocks=0
      4.5s 544/750 primary N=400 seed=6773169848162830496 XNR-PW-MT-OFFSET blocks=0
      4.5s 545/750 primary N=400 seed=6773169848162830496 XNR-PC blocks=15
      4.6s 546/750 primary N=400 seed=13259265031399199819 XNR-PW-CONV-ZERO blocks=20
      4.6s 547/750 primary N=400 seed=13259265031399199819 XNR-PW-CONV-OFFSET blocks=20
      4.6s 548/750 primary N=400 seed=13259265031399199819 XNR-PW-MT-ZERO blocks=0
      4.6s 549/750 primary N=400 seed=13259265031399199819 XNR-PW-MT-OFFSET blocks=0
      4.6s 550/750 primary N=400 seed=13259265031399199819 XNR-PC blocks=20
      4.6s 551/750 primary N=400 seed=7383040523285475032 XNR-PW-CONV-ZERO blocks=22
      4.7s 552/750 primary N=400 seed=7383040523285475032 XNR-PW-CONV-OFFSET blocks=22
      4.7s 553/750 primary N=400 seed=7383040523285475032 XNR-PW-MT-ZERO blocks=0
      4.7s 554/750 primary N=400 seed=7383040523285475032 XNR-PW-MT-OFFSET blocks=0
      4.7s 555/750 primary N=400 seed=7383040523285475032 XNR-PC blocks=22
      4.7s 556/750 primary N=400 seed=8469065342115915783 XNR-PW-CONV-ZERO blocks=21
      4.8s 557/750 primary N=400 seed=8469065342115915783 XNR-PW-CONV-OFFSET blocks=21
      4.8s 558/750 primary N=400 seed=8469065342115915783 XNR-PW-MT-ZERO blocks=0
      4.8s 559/750 primary N=400 seed=8469065342115915783 XNR-PW-MT-OFFSET blocks=0
      4.8s 560/750 primary N=400 seed=8469065342115915783 XNR-PC blocks=21
      4.8s 561/750 primary N=400 seed=11167473384098259577 XNR-PW-CONV-ZERO blocks=15
      4.9s 562/750 primary N=400 seed=11167473384098259577 XNR-PW-CONV-OFFSET blocks=15
      4.9s 563/750 primary N=400 seed=11167473384098259577 XNR-PW-MT-ZERO blocks=0
      4.9s 564/750 primary N=400 seed=11167473384098259577 XNR-PW-MT-OFFSET blocks=0
      4.9s 565/750 primary N=400 seed=11167473384098259577 XNR-PC blocks=15
      4.9s 566/750 primary N=400 seed=3927382471087979842 XNR-PW-CONV-ZERO blocks=10
      4.9s 567/750 primary N=400 seed=3927382471087979842 XNR-PW-CONV-OFFSET blocks=10
      4.9s 568/750 primary N=400 seed=3927382471087979842 XNR-PW-MT-ZERO blocks=0
      4.9s 569/750 primary N=400 seed=3927382471087979842 XNR-PW-MT-OFFSET blocks=0
      4.9s 570/750 primary N=400 seed=3927382471087979842 XNR-PC blocks=10
      4.9s 571/750 primary N=400 seed=12250540210932396121 XNR-PW-CONV-ZERO blocks=15
      5.0s 572/750 primary N=400 seed=12250540210932396121 XNR-PW-CONV-OFFSET blocks=15
      5.0s 573/750 primary N=400 seed=12250540210932396121 XNR-PW-MT-ZERO blocks=0
      5.0s 574/750 primary N=400 seed=12250540210932396121 XNR-PW-MT-OFFSET blocks=0
      5.0s 575/750 primary N=400 seed=12250540210932396121 XNR-PC blocks=15
      5.0s 576/750 primary N=400 seed=12687317089305426264 XNR-PW-CONV-ZERO blocks=18
      5.1s 577/750 primary N=400 seed=12687317089305426264 XNR-PW-CONV-OFFSET blocks=18
      5.1s 578/750 primary N=400 seed=12687317089305426264 XNR-PW-MT-ZERO blocks=0
      5.1s 579/750 primary N=400 seed=12687317089305426264 XNR-PW-MT-OFFSET blocks=0
      5.1s 580/750 primary N=400 seed=12687317089305426264 XNR-PC blocks=18
      5.1s 581/750 primary N=400 seed=3068354826123602611 XNR-PW-CONV-ZERO blocks=20
      5.1s 582/750 primary N=400 seed=3068354826123602611 XNR-PW-CONV-OFFSET blocks=20
      5.1s 583/750 primary N=400 seed=3068354826123602611 XNR-PW-MT-ZERO blocks=0
      5.1s 584/750 primary N=400 seed=3068354826123602611 XNR-PW-MT-OFFSET blocks=0
      5.2s 585/750 primary N=400 seed=3068354826123602611 XNR-PC blocks=20
      5.2s 586/750 primary N=400 seed=6452565723836495873 XNR-PW-CONV-ZERO blocks=10
      5.2s 587/750 primary N=400 seed=6452565723836495873 XNR-PW-CONV-OFFSET blocks=10
      5.2s 588/750 primary N=400 seed=6452565723836495873 XNR-PW-MT-ZERO blocks=0
      5.2s 589/750 primary N=400 seed=6452565723836495873 XNR-PW-MT-OFFSET blocks=0
      5.2s 590/750 primary N=400 seed=6452565723836495873 XNR-PC blocks=10
      5.2s 591/750 primary N=400 seed=12576523555926126553 XNR-PW-CONV-ZERO blocks=18
      5.3s 592/750 primary N=400 seed=12576523555926126553 XNR-PW-CONV-OFFSET blocks=18
      5.3s 593/750 primary N=400 seed=12576523555926126553 XNR-PW-MT-ZERO blocks=0
      5.3s 594/750 primary N=400 seed=12576523555926126553 XNR-PW-MT-OFFSET blocks=0
      5.3s 595/750 primary N=400 seed=12576523555926126553 XNR-PC blocks=18
      5.3s 596/750 primary N=400 seed=7616672725889129548 XNR-PW-CONV-ZERO blocks=12
      5.3s 597/750 primary N=400 seed=7616672725889129548 XNR-PW-CONV-OFFSET blocks=12
      5.3s 598/750 primary N=400 seed=7616672725889129548 XNR-PW-MT-ZERO blocks=1
      5.3s 599/750 primary N=400 seed=7616672725889129548 XNR-PW-MT-OFFSET blocks=1
      5.4s 600/750 primary N=400 seed=7616672725889129548 XNR-PC blocks=12
      5.4s 601/750 primary N=500 seed=18231826143518580289 XNR-PW-CONV-ZERO blocks=15
      5.4s 602/750 primary N=500 seed=18231826143518580289 XNR-PW-CONV-OFFSET blocks=15
      5.4s 603/750 primary N=500 seed=18231826143518580289 XNR-PW-MT-ZERO blocks=0
      5.4s 604/750 primary N=500 seed=18231826143518580289 XNR-PW-MT-OFFSET blocks=0
      5.4s 605/750 primary N=500 seed=18231826143518580289 XNR-PC blocks=15
      5.5s 606/750 primary N=500 seed=8906286495562900921 XNR-PW-CONV-ZERO blocks=19
      5.5s 607/750 primary N=500 seed=8906286495562900921 XNR-PW-CONV-OFFSET blocks=19
      5.5s 608/750 primary N=500 seed=8906286495562900921 XNR-PW-MT-ZERO blocks=0
      5.5s 609/750 primary N=500 seed=8906286495562900921 XNR-PW-MT-OFFSET blocks=0
      5.5s 610/750 primary N=500 seed=8906286495562900921 XNR-PC blocks=19
      5.6s 611/750 primary N=500 seed=8770642015975544875 XNR-PW-CONV-ZERO blocks=16
      5.6s 612/750 primary N=500 seed=8770642015975544875 XNR-PW-CONV-OFFSET blocks=16
      5.6s 613/750 primary N=500 seed=8770642015975544875 XNR-PW-MT-ZERO blocks=0
      5.6s 614/750 primary N=500 seed=8770642015975544875 XNR-PW-MT-OFFSET blocks=0
      5.6s 615/750 primary N=500 seed=8770642015975544875 XNR-PC blocks=16
      5.6s 616/750 primary N=500 seed=9576473659758073777 XNR-PW-CONV-ZERO blocks=16
      5.7s 617/750 primary N=500 seed=9576473659758073777 XNR-PW-CONV-OFFSET blocks=16
      5.7s 618/750 primary N=500 seed=9576473659758073777 XNR-PW-MT-ZERO blocks=0
      5.7s 619/750 primary N=500 seed=9576473659758073777 XNR-PW-MT-OFFSET blocks=0
      5.7s 620/750 primary N=500 seed=9576473659758073777 XNR-PC blocks=16
      5.7s 621/750 primary N=500 seed=16363268894485278985 XNR-PW-CONV-ZERO blocks=11
      5.7s 622/750 primary N=500 seed=16363268894485278985 XNR-PW-CONV-OFFSET blocks=11
      5.7s 623/750 primary N=500 seed=16363268894485278985 XNR-PW-MT-ZERO blocks=0
      5.7s 624/750 primary N=500 seed=16363268894485278985 XNR-PW-MT-OFFSET blocks=0
      5.8s 625/750 primary N=500 seed=16363268894485278985 XNR-PC blocks=11
      5.8s 626/750 primary N=500 seed=16585534704111605887 XNR-PW-CONV-ZERO blocks=17
      5.8s 627/750 primary N=500 seed=16585534704111605887 XNR-PW-CONV-OFFSET blocks=17
      5.8s 628/750 primary N=500 seed=16585534704111605887 XNR-PW-MT-ZERO blocks=0
      5.8s 629/750 primary N=500 seed=16585534704111605887 XNR-PW-MT-OFFSET blocks=0
      5.9s 630/750 primary N=500 seed=16585534704111605887 XNR-PC blocks=17
      5.9s 631/750 primary N=500 seed=14790319751179523344 XNR-PW-CONV-ZERO blocks=16
      5.9s 632/750 primary N=500 seed=14790319751179523344 XNR-PW-CONV-OFFSET blocks=16
      5.9s 633/750 primary N=500 seed=14790319751179523344 XNR-PW-MT-ZERO blocks=0
      5.9s 634/750 primary N=500 seed=14790319751179523344 XNR-PW-MT-OFFSET blocks=0
      5.9s 635/750 primary N=500 seed=14790319751179523344 XNR-PC blocks=16
      6.0s 636/750 primary N=500 seed=15311360825920276038 XNR-PW-CONV-ZERO blocks=14
      6.0s 637/750 primary N=500 seed=15311360825920276038 XNR-PW-CONV-OFFSET blocks=14
      6.0s 638/750 primary N=500 seed=15311360825920276038 XNR-PW-MT-ZERO blocks=0
      6.0s 639/750 primary N=500 seed=15311360825920276038 XNR-PW-MT-OFFSET blocks=0
      6.0s 640/750 primary N=500 seed=15311360825920276038 XNR-PC blocks=14
      6.0s 641/750 primary N=500 seed=10419287363523441034 XNR-PW-CONV-ZERO blocks=12
      6.1s 642/750 primary N=500 seed=10419287363523441034 XNR-PW-CONV-OFFSET blocks=12
      6.1s 643/750 primary N=500 seed=10419287363523441034 XNR-PW-MT-ZERO blocks=0
      6.1s 644/750 primary N=500 seed=10419287363523441034 XNR-PW-MT-OFFSET blocks=0
      6.1s 645/750 primary N=500 seed=10419287363523441034 XNR-PC blocks=12
      6.1s 646/750 primary N=500 seed=9964858435511495645 XNR-PW-CONV-ZERO blocks=16
      6.1s 647/750 primary N=500 seed=9964858435511495645 XNR-PW-CONV-OFFSET blocks=16
      6.1s 648/750 primary N=500 seed=9964858435511495645 XNR-PW-MT-ZERO blocks=0
      6.1s 649/750 primary N=500 seed=9964858435511495645 XNR-PW-MT-OFFSET blocks=0
      6.2s 650/750 primary N=500 seed=9964858435511495645 XNR-PC blocks=16
      6.2s 651/750 primary N=500 seed=12980243426712185825 XNR-PW-CONV-ZERO blocks=18
      6.2s 652/750 primary N=500 seed=12980243426712185825 XNR-PW-CONV-OFFSET blocks=18
      6.2s 653/750 primary N=500 seed=12980243426712185825 XNR-PW-MT-ZERO blocks=0
      6.2s 654/750 primary N=500 seed=12980243426712185825 XNR-PW-MT-OFFSET blocks=0
      6.3s 655/750 primary N=500 seed=12980243426712185825 XNR-PC blocks=18
      6.3s 656/750 primary N=500 seed=2834549471034337693 XNR-PW-CONV-ZERO blocks=19
      6.3s 657/750 primary N=500 seed=2834549471034337693 XNR-PW-CONV-OFFSET blocks=19
      6.3s 658/750 primary N=500 seed=2834549471034337693 XNR-PW-MT-ZERO blocks=0
      6.3s 659/750 primary N=500 seed=2834549471034337693 XNR-PW-MT-OFFSET blocks=0
      6.4s 660/750 primary N=500 seed=2834549471034337693 XNR-PC blocks=19
      6.4s 661/750 primary N=500 seed=17638313716927524985 XNR-PW-CONV-ZERO blocks=10
      6.4s 662/750 primary N=500 seed=17638313716927524985 XNR-PW-CONV-OFFSET blocks=10
      6.4s 663/750 primary N=500 seed=17638313716927524985 XNR-PW-MT-ZERO blocks=0
      6.4s 664/750 primary N=500 seed=17638313716927524985 XNR-PW-MT-OFFSET blocks=0
      6.4s 665/750 primary N=500 seed=17638313716927524985 XNR-PC blocks=10
      6.4s 666/750 primary N=500 seed=4701815876319261908 XNR-PW-CONV-ZERO blocks=15
      6.5s 667/750 primary N=500 seed=4701815876319261908 XNR-PW-CONV-OFFSET blocks=15
      6.5s 668/750 primary N=500 seed=4701815876319261908 XNR-PW-MT-ZERO blocks=0
      6.5s 669/750 primary N=500 seed=4701815876319261908 XNR-PW-MT-OFFSET blocks=0
      6.5s 670/750 primary N=500 seed=4701815876319261908 XNR-PC blocks=15
      6.5s 671/750 primary N=500 seed=7822082833909267661 XNR-PW-CONV-ZERO blocks=20
      6.6s 672/750 primary N=500 seed=7822082833909267661 XNR-PW-CONV-OFFSET blocks=20
      6.6s 673/750 primary N=500 seed=7822082833909267661 XNR-PW-MT-ZERO blocks=0
      6.6s 674/750 primary N=500 seed=7822082833909267661 XNR-PW-MT-OFFSET blocks=0
      6.6s 675/750 primary N=500 seed=7822082833909267661 XNR-PC blocks=20
      6.6s 676/750 primary N=500 seed=12102592183121031244 XNR-PW-CONV-ZERO blocks=21
      6.7s 677/750 primary N=500 seed=12102592183121031244 XNR-PW-CONV-OFFSET blocks=21
      6.7s 678/750 primary N=500 seed=12102592183121031244 XNR-PW-MT-ZERO blocks=0
      6.7s 679/750 primary N=500 seed=12102592183121031244 XNR-PW-MT-OFFSET blocks=0
      6.7s 680/750 primary N=500 seed=12102592183121031244 XNR-PC blocks=21
      6.7s 681/750 primary N=500 seed=4849566379269777204 XNR-PW-CONV-ZERO blocks=17
      6.7s 682/750 primary N=500 seed=4849566379269777204 XNR-PW-CONV-OFFSET blocks=17
      6.8s 683/750 primary N=500 seed=4849566379269777204 XNR-PW-MT-ZERO blocks=0
      6.8s 684/750 primary N=500 seed=4849566379269777204 XNR-PW-MT-OFFSET blocks=0
      6.8s 685/750 primary N=500 seed=4849566379269777204 XNR-PC blocks=17
      6.8s 686/750 primary N=500 seed=4171531546602603804 XNR-PW-CONV-ZERO blocks=16
      6.8s 687/750 primary N=500 seed=4171531546602603804 XNR-PW-CONV-OFFSET blocks=16
      6.8s 688/750 primary N=500 seed=4171531546602603804 XNR-PW-MT-ZERO blocks=0
      6.8s 689/750 primary N=500 seed=4171531546602603804 XNR-PW-MT-OFFSET blocks=0
      6.9s 690/750 primary N=500 seed=4171531546602603804 XNR-PC blocks=16
      6.9s 691/750 primary N=500 seed=6773169848162830496 XNR-PW-CONV-ZERO blocks=15
      6.9s 692/750 primary N=500 seed=6773169848162830496 XNR-PW-CONV-OFFSET blocks=15
      6.9s 693/750 primary N=500 seed=6773169848162830496 XNR-PW-MT-ZERO blocks=0
      6.9s 694/750 primary N=500 seed=6773169848162830496 XNR-PW-MT-OFFSET blocks=0
      6.9s 695/750 primary N=500 seed=6773169848162830496 XNR-PC blocks=15
      7.0s 696/750 primary N=500 seed=13259265031399199819 XNR-PW-CONV-ZERO blocks=20
      7.0s 697/750 primary N=500 seed=13259265031399199819 XNR-PW-CONV-OFFSET blocks=20
      7.0s 698/750 primary N=500 seed=13259265031399199819 XNR-PW-MT-ZERO blocks=0
      7.0s 699/750 primary N=500 seed=13259265031399199819 XNR-PW-MT-OFFSET blocks=0
      7.0s 700/750 primary N=500 seed=13259265031399199819 XNR-PC blocks=20
      7.1s 701/750 primary N=500 seed=7383040523285475032 XNR-PW-CONV-ZERO blocks=22
      7.1s 702/750 primary N=500 seed=7383040523285475032 XNR-PW-CONV-OFFSET blocks=22
      7.1s 703/750 primary N=500 seed=7383040523285475032 XNR-PW-MT-ZERO blocks=0
      7.1s 704/750 primary N=500 seed=7383040523285475032 XNR-PW-MT-OFFSET blocks=0
      7.2s 705/750 primary N=500 seed=7383040523285475032 XNR-PC blocks=22
      7.2s 706/750 primary N=500 seed=8469065342115915783 XNR-PW-CONV-ZERO blocks=21
      7.2s 707/750 primary N=500 seed=8469065342115915783 XNR-PW-CONV-OFFSET blocks=21
      7.2s 708/750 primary N=500 seed=8469065342115915783 XNR-PW-MT-ZERO blocks=0
      7.2s 709/750 primary N=500 seed=8469065342115915783 XNR-PW-MT-OFFSET blocks=0
      7.3s 710/750 primary N=500 seed=8469065342115915783 XNR-PC blocks=21
      7.3s 711/750 primary N=500 seed=11167473384098259577 XNR-PW-CONV-ZERO blocks=15
      7.3s 712/750 primary N=500 seed=11167473384098259577 XNR-PW-CONV-OFFSET blocks=15
      7.3s 713/750 primary N=500 seed=11167473384098259577 XNR-PW-MT-ZERO blocks=0
      7.3s 714/750 primary N=500 seed=11167473384098259577 XNR-PW-MT-OFFSET blocks=0
      7.3s 715/750 primary N=500 seed=11167473384098259577 XNR-PC blocks=15
      7.3s 716/750 primary N=500 seed=3927382471087979842 XNR-PW-CONV-ZERO blocks=10
      7.4s 717/750 primary N=500 seed=3927382471087979842 XNR-PW-CONV-OFFSET blocks=10
      7.4s 718/750 primary N=500 seed=3927382471087979842 XNR-PW-MT-ZERO blocks=0
      7.4s 719/750 primary N=500 seed=3927382471087979842 XNR-PW-MT-OFFSET blocks=0
      7.4s 720/750 primary N=500 seed=3927382471087979842 XNR-PC blocks=10
      7.4s 721/750 primary N=500 seed=12250540210932396121 XNR-PW-CONV-ZERO blocks=15
      7.4s 722/750 primary N=500 seed=12250540210932396121 XNR-PW-CONV-OFFSET blocks=15
      7.4s 723/750 primary N=500 seed=12250540210932396121 XNR-PW-MT-ZERO blocks=0
      7.4s 724/750 primary N=500 seed=12250540210932396121 XNR-PW-MT-OFFSET blocks=0
      7.5s 725/750 primary N=500 seed=12250540210932396121 XNR-PC blocks=15
      7.5s 726/750 primary N=500 seed=12687317089305426264 XNR-PW-CONV-ZERO blocks=18
      7.5s 727/750 primary N=500 seed=12687317089305426264 XNR-PW-CONV-OFFSET blocks=18
      7.5s 728/750 primary N=500 seed=12687317089305426264 XNR-PW-MT-ZERO blocks=0
      7.5s 729/750 primary N=500 seed=12687317089305426264 XNR-PW-MT-OFFSET blocks=0
      7.6s 730/750 primary N=500 seed=12687317089305426264 XNR-PC blocks=18
      7.6s 731/750 primary N=500 seed=3068354826123602611 XNR-PW-CONV-ZERO blocks=20
      7.6s 732/750 primary N=500 seed=3068354826123602611 XNR-PW-CONV-OFFSET blocks=20
      7.6s 733/750 primary N=500 seed=3068354826123602611 XNR-PW-MT-ZERO blocks=0
      7.6s 734/750 primary N=500 seed=3068354826123602611 XNR-PW-MT-OFFSET blocks=0
      7.7s 735/750 primary N=500 seed=3068354826123602611 XNR-PC blocks=20
      7.7s 736/750 primary N=500 seed=6452565723836495873 XNR-PW-CONV-ZERO blocks=10
      7.7s 737/750 primary N=500 seed=6452565723836495873 XNR-PW-CONV-OFFSET blocks=10
      7.7s 738/750 primary N=500 seed=6452565723836495873 XNR-PW-MT-ZERO blocks=0
      7.7s 739/750 primary N=500 seed=6452565723836495873 XNR-PW-MT-OFFSET blocks=0
      7.7s 740/750 primary N=500 seed=6452565723836495873 XNR-PC blocks=10
      7.7s 741/750 primary N=500 seed=12576523555926126553 XNR-PW-CONV-ZERO blocks=18
      7.8s 742/750 primary N=500 seed=12576523555926126553 XNR-PW-CONV-OFFSET blocks=18
      7.8s 743/750 primary N=500 seed=12576523555926126553 XNR-PW-MT-ZERO blocks=0
      7.8s 744/750 primary N=500 seed=12576523555926126553 XNR-PW-MT-OFFSET blocks=0
      7.8s 745/750 primary N=500 seed=12576523555926126553 XNR-PC blocks=18
      7.8s 746/750 primary N=500 seed=7616672725889129548 XNR-PW-CONV-ZERO blocks=12
      7.8s 747/750 primary N=500 seed=7616672725889129548 XNR-PW-CONV-OFFSET blocks=12
      7.8s 748/750 primary N=500 seed=7616672725889129548 XNR-PW-MT-ZERO blocks=1
      7.9s 749/750 primary N=500 seed=7616672725889129548 XNR-PW-MT-OFFSET blocks=1
      7.9s 750/750 primary N=500 seed=7616672725889129548 XNR-PC blocks=12
