tag,arm,N,seed,scope,O_mean,O_median,O_p95,O_max,M_ge2,M_ge3,m_max,mean_mult_reused
primary,XNR-PW-CONV-ZERO,100,18231826143518580289,round,4294967296.0,4294967296.0,4294967296.0,4294967296.0,4294967296.0,4294967296.0,100.0,100.0
primary,XNR-PW-CONV-ZERO,100,18231826143518580289,subsweep,21474836.0,21474836.0,21474836.0,21474836.0,21474836.0,21474836.0,100.0,100.0
primary,XNR-PW-CONV-OFFSET,100,18231826143518580289,round,4294967296.0,4294967296.0,4294967296.0,4294967296.0,4294967296.0,4294967296.0,100.0,100.0
primary,XNR-PW-CONV-OFFSET,100,18231826143518580289,subsweep,109449.2151515151,0.0,0.0,21269498.0,414006899.0,63883358.0,3.0,2.1543050566410966
primary,XNR-PW-MT-ZERO,100,18231826143518580289,round,4294967296.0,4294967296.0,4294967296.0,4294967296.0,4294967296.0,4294967296.0,100.0,100.0
primary,XNR-PW-MT-ZERO,100,18231826143518580289,subsweep,21474836.0,21474836.0,21474836.0,21474836.0,21474836.0,21474836.0,100.0,100.0
primary,XNR-PW-MT-OFFSET,100,18231826143518580289,round,4294967296.0,4294967296.0,4294967296.0,4294967296.0,4294967296.0,4294967296.0,100.0,100.0
primary,XNR-PW-MT-OFFSET,100,18231826143518580289,subsweep,109449.21515151515,0.0,0.0,21269498.0,414006899.0,63883358.0,3.0,2.154305056641097
primary,XNR-PC,100,18231826143518580289,round,0.0,0.0,0.0,0.0,0.0,0.0,1.0,0.0
primary,XNR-PC,100,18231826143518580289,subsweep,0.0,0.0,0.0,0.0,0.0,0.0,1.0,0.0
primary,XNR-PW-CONV-ZERO,100,8906286495562900921,round,4294967296.0,4294967296.0,4294967296.0,4294967296.0,4294967296.0,4294967296.0,100.0,100.0
primary,XNR-PW-CONV-ZERO,100,8906286495562900921,subsweep,21474836.0,21474836.0,21474836.0,21474836.0,21474836.0,21474836.0,100.0,100.0
primary,XNR-PW-CONV-OFFSET,100,8906286495562900921,round,4294967296.0,4294967296.0,4294967296.0,4294967296.0,4294967296.0,4294967296.0,100.0,100.0
primary,XNR-PW-CONV-OFFSET,100,8906286495562900921,subsweep,126016.80868686871,0.0,0.0,21333857.0,402742842.0,88391573.0,4.0,2.2561038142547547
primary,XNR-PW-MT-ZERO,100,8906286495562900921,round,4294967296.0,4294967296.0,4294967296.0,4294967296.0,4294967296.0,4294967296.0,100.0,100.0
primary,XNR-PW-MT-ZERO,100,8906286495562900921,subsweep,21474836.0,21474836.0,21474836.0,21474836.0,21474836.0,21474836.0,100.0,100.0
primary,XNR-PW-MT-OFFSET,100,8906286495562900921,round,4294967296.0,4294967296.0,4294967296.0,4294967296.0,4294967296.0,4294967296.0,100.0,100.0
primary,XNR-PW-MT-OFFSET,100,8906286495562900921,subsweep,126016.80868686868,0.0,0.0,21333857.0,402742842.0,88391573.0,4.0,2.2561038142547547
primary,XNR-PC,100,8906286495562900921,round,0.0,0.0,0.0,0.0,0.0,0.0,1.0,0.0
primary,XNR-PC,100,8906286495562900921,subsweep,0.0,0.0,0.0,0.0,0.0,0.0,1.0,0.0
primary,XNR-PW-CONV-ZERO,100,8770642015975544875,round,4294967296.0,4294967296.0,4294967296.0,4294967296.0,4294967296.0,4294967296.0,100.0,100.0
primary,XNR-PW-CONV-ZERO,100,8770642015975544875,subsweep,21474836.0,21474836.0,21474836.0,21474836.0,21474836.0,21474836.0,100.0,100.0
primary,XNR-PW-CONV-OFFSET,100,8770642015975544875,round,4294967296.0,4294967296.0,4294967296.0,4294967296.0,4294967296.0,4294967296.0,100.0,100.0
primary,XNR-PW-CONV-OFFSET,100,8770642015975544875,subsweep,109523.7818181818,0.0,0.0,21302197.0,427068323.0,56837411.0,4.0,2.1341797855609164
primary,XNR-PW-MT-ZERO,100,8770642015975544875,round,4294967296.0,4294967296.0,4294967296.0,4294967296.0,4294967296.0,4294967296.0,100.0,100.0
primary,XNR-PW-MT-ZERO,100,8770642015975544875,subsweep,21474836.0,21474836.0,21474836.0,21474836.0,21474836.0,21474836.0,100.0,100.0
primary,XNR-PW-MT-OFFSET,100,8770642015975544875,round,4294967296.0,4294967296.0,4294967296.0,4294967296.0,4294967296.0,4294967296.0,100.0,100.0
primary,XNR-PW-MT-OFFSET,100,8770642015975544875,subsweep,109523.78181818181,0.0,0.0,21302197.0,427068323.0,56837411.0,4.0,2.134179785560916
primary,XNR-PC,100,8770642015975544875,round,0.0,0.0,0.0,0.0,0.0,0.0,1.0,0.0
primary,XNR-PC,100,8770642015975544875,subsweep,0.0,0.0,0.0,0.0,0.0,0.0,1.0,0.0
primary,XNR-PW-CONV-ZERO,100,9576473659758073777,round,4294967296.0,4294967296.0,4294967296.0,4294967296.0,4294967296.0,4294967296.0,100.0,100.0
primary,XNR-PW-CONV-ZERO,100,9576473659758073777,subsweep,21474836.0,21474836.0,21474836.0,21474836.0,21474836.0,21474836.0,100.0,100.0
primary,XNR-PW-CONV-OFFSET,100,9576473659758073777,round,4294967296.0,4294967296.0,4294967296.0,4294967296.0,4294967296.0,4294967296.0,100.0,100.0
primary,XNR-PW-CONV-OFFSET,100,9576473659758073777,subsweep,111559.38505050502,0.0,0.0,21311010.0,388900788.0,80631020.0,4.0,2.209092906234996
primary,XNR-PW-MT-ZERO,100,9576473659758073777,round,4294967296.0,4294967296.0,4294967296.0,4294967296.0,4294967296.0,4294967296.0,100.0,100.0
primary,XNR-PW-MT-ZERO,100,9576473659758073777,subsweep,21474836.0,21474836.0,21474836.0,21474836.0,21474836.0,21474836.0,100.0,100.0
primary,XNR-PW-MT-OFFSET,100,9576473659758073777,round,4294967296.0,4294967296.0,4294967296.0,4294967296.0,4294967296.0,4294967296.0,100.0,100.0
primary,XNR-PW-MT-OFFSET,100,9576473659758073777,subsweep,111559.38505050505,0.0,0.0,21311010.0,388900788.0,80631020.0,4.0,2.209092906234996
primary,XNR-PC,100,9576473659758073777,round,0.0,0.0,0.0,0.0,0.0,0.0,1.0,0.0
primary,XNR-PC,100,9576473659758073777,subsweep,0.0,0.0,0.0,0.0,0.0,0.0,1.0,0.0
primary,XNR-PW-CONV-ZERO,100,16363268894485278985,round,4294967296.0,4294967296.0,4294967296.0,4294967296.0,4294967296.0,4294967296.0,100.0,100.0
primary,XNR-PW-CONV-ZERO,100,16363268894485278985,subsweep,21474836.0,21474836.0,21474836.0,21474836.0,21474836.0,21474836.0,100.0,100.0
primary,XNR-PW-CONV-OFFSET,100,16363268894485278985,round,4294967296.0,4294967296.0,4294967296.0,4294967296.0,4294967296.0,4294967296.0,100.0,100.0
primary,XNR-PW-CONV-OFFSET,100,16363268894485278985,subsweep,75381.8088888889,0.0,0.0,21467346.0,329226502.0,21956726.0,3.0,2.0666918545943784
primary,XNR-PW-MT-ZERO,100,16363268894485278985,round,4294967296.0,4294967296.0,4294967296.0,4294967296.0,4294967296.0,4294967296.0,100.0,100.0
primary,XNR-PW-MT-ZERO,100,16363268894485278985,subsweep,21474836.0,21474836.0,21474836.0,21474836.0,21474836.0,21474836.0,100.0,100.0
primary,XNR-PW-MT-OFFSET,100,16363268894485278985,round,4294967296.0,4294967296.0,4294967296.0,4294967296.0,4294967296.0,4294967296.0,100.0,100.0
primary,XNR-PW-MT-OFFSET,100,16363268894485278985,subsweep,75381.80888888889,0.0,0.0,21467346.0,329226502.0,21956726.0,3.0,2.066691854594379
primary,XNR-PC,100,16363268894485278985,round,0.0,0.0,0.0,0.0,0.0,0.0,1.0,0.0
primary,XNR-PC,100,16363268894485278985,subsweep,0.0,0.0,0.0,0.0,0.0,0.0,1.0,0.0
primary,XNR-PW-CONV-ZERO,100,16585534704111605887,round,4294967296.0,4294967296.0,4294967296.0,4294967296.0,4294967296.0,4294967296.0,100.0,100.0
primary,XNR-PW-CONV-ZERO,100,16585534704111605887,subsweep,21474836.0,21474836.0,21474836.0,21474836.0,21474836.0,21474836.0,100.0,100.0
primary,XNR-PW-CONV-OFFSET,100,16585534704111605887,round,4294967296.0,4294967296.0,4294967296.0,4294967296.0,4294967296.0,4294967296.0,100.0,100.0
primary,XNR-PW-CONV-OFFSET,100,16585534704111605887,subsweep,138777.87515151515,0.0,0.0,21106266.0,356126124.0,104905643.0,5.0,2.4062786250412795
primary,XNR-PW-MT-ZERO,100,16585534704111605887,round,4294967296.0,4294967296.0,4294967296.0,4294967296.0,4294967296.0,4294967296.0,100.0,100.0
primary,XNR-PW-MT-ZERO,100,16585534704111605887,subsweep,21474836.0,21474836.0,21474836.0,21474836.0,21474836.0,21474836.0,100.0,100.0
primary,XNR-PW-MT-OFFSET,100,16585534704111605887,round,4294967296.0,4294967296.0,4294967296.0,4294967296.0,4294967296.0,4294967296.0,100.0,100.0
primary,XNR-PW-MT-OFFSET,100,16585534704111605887,subsweep,138777.87515151515,0.0,0.0,21106266.0,356126124.0,104905643.0,5.0,2.406278625041279
primary,XNR-PC,100,16585534704111605887,round,0.0,0.0,0.0,0.0,0.0,0.0,1.0,0.0
primary,XNR-PC,100,16585534704111605887,subsweep,0.0,0.0,0.0,0.0,0.0,0.0,1.0,0.0
primary,XNR-PW-CONV-ZERO,100,14790319751179523344,round,4294967296.0,4294967296.0,4294967296.0,4294967296.0,4294967296.0,4294967296.0,100.0,100.0
primary,XNR-PW-CONV-ZERO,100,14790319751179523344,subsweep,21474836.0,21474836.0,21474836.0,21474836.0,21474836.0,21474836.0,100.0,100.0
primary,XNR-PW-CONV-OFFSET,100,14790319751179523344,round,4294967296.0,4294967296.0,4294967296.0,4294967296.0,4294967296.0,4294967296.0,100.0,100.0
primary,XNR-PW-CONV-OFFSET,100,14790319751179523344,subsweep,110806.3432323232,0.0,0.0,21120975.0,409453759.0,68474472.0,4.0,2.168934104229337
primary,XNR-PW-MT-ZERO,100,14790319751179523344,round,4294967296.0,4294967296.0,4294967296.0,4294967296.0,4294967296.0,4294967296.0,100.0,100.0
primary,XNR-PW-MT-ZERO,100,14790319751179523344,subsweep,21474836.0,21474836.0,21474836.0,21474836.0,21474836.0,21474836.0,100.0,100.0
primary,XNR-PW-MT-OFFSET,100,14790319751179523344,round,4294967296.0,4294967296.0,4294967296.0,4294967296.0,4294967296.0,4294967296.0,100.0,100.0
primary,XNR-PW-MT-OFFSET,100,14790319751179523344,subsweep,110806.34323232323,0.0,0.0,21120975.0,409453759.0,68474472.0,4.0,2.1689341042293373
primary,XNR-PC,100,14790319751179523344,round,0.0,0.0,0.0,0.0,0.0,0.0,1.0,0.0
primary,XNR-PC,100,14790319751179523344,subsweep,0.0,0.0,0.0,0.0,0.0,0.0,1.0,0.0
primary,XNR-PW-CONV-ZERO,100,15311360825920276038,round,4294967296.0,4294967296.0,4294967296.0,4294967296.0,4294967296.0,4294967296.0,100.0,100.0
primary,XNR-PW-CONV-ZERO,100,15311360825920276038,subsweep,21474836.0,21474836.0,21474836.0,21474836.0,21474836.0,21474836.0,100.0,100.0
primary,XNR-PW-CONV-OFFSET,100,15311360825920276038,round,4294967296.0,4294967296.0,4294967296.0,4294967296.0,4294967296.0,4294967296.0,100.0,100.0
primary,XNR-PW-CONV-OFFSET,100,15311360825920276038,subsweep,115746.14161616167,0.0,0.0,21324313.0,398433037.0,63291722.0,4.0,2.198947764464621
primary,XNR-PW-MT-ZERO,100,15311360825920276038,round,4294967296.0,4294967296.0,4294967296.0,4294967296.0,4294967296.0,4294967296.0,100.0,100.0
primary,XNR-PW-MT-ZERO,100,15311360825920276038,subsweep,21474836.0,21474836.0,21474836.0,21474836.0,21474836.0,21474836.0,100.0,100.0
primary,XNR-PW-MT-OFFSET,100,15311360825920276038,round,4294967296.0,4294967296.0,4294967296.0,4294967296.0,4294967296.0,4294967296.0,100.0,100.0
primary,XNR-PW-MT-OFFSET,100,15311360825920276038,subsweep,115746.14161616162,0.0,0.0,21324313.0,398433037.0,63291722.0,4.0,2.198947764464622
primary,XNR-PC,100,15311360825920276038,round,0.0,0.0,0.0,0.0,0.0,0.0,1.0,0.0
primary,XNR-PC,100,15311360825920276038,subsweep,0.0,0.0,0.0,0.0,0.0,0.0,1.0,0.0
primary,XNR-PW-CONV-ZERO,100,10419287363523441034,round,4294967296.0,4294967296.0,4294967296.0,4294967296.0,4294967296.0,4294967296.0,100.0,100.0
primary,XNR-PW-CONV-ZERO,100,10419287363523441034,subsweep,21474836.0,21474836.0,21474836.0,21474836.0,21474836.0,21474836.0,100.0,100.0
primary,XNR-PW-CONV-OFFSET,100,10419287363523441034,round,4294967296.0,4294967296.0,4294967296.0,4294967296.0,4294967296.0,4294967296.0,100.0,100.0
primary,XNR-PW-CONV-OFFSET,100,10419287363523441034,subsweep,99597.73777777774,0.0,0.0,20575929.0,338385443.0,77075557.0,4.0,2.2282396409115033
primary,XNR-PW-MT-ZERO,100,10419287363523441034,round,4294967296.0,4294967296.0,4294967296.0,4294967296.0,4294967296.0,4294967296.0,100.0,100.0
primary,XNR-PW-MT-ZERO,100,10419287363523441034,subsweep,21474836.0,21474836.0,21474836.0,21474836.0,21474836.0,21474836.0,100.0,100.0
primary,XNR-PW-MT-OFFSET,100,10419287363523441034,round,4294967296.0,4294967296.0,4294967296.0,4294967296.0,4294967296.0,4294967296.0,100.0,100.0
primary,XNR-PW-MT-OFFSET,100,10419287363523441034,subsweep,99597.73777777777,0.0,0.0,20575929.0,338385443.0,77075557.0,4.0,2.2282396409115033
primary,XNR-PC,100,10419287363523441034,round,0.0,0.0,0.0,0.0,0.0,0.0,1.0,0.0
primary,XNR-PC,100,10419287363523441034,subsweep,0.0,0.0,0.0,0.0,0.0,0.0,1.0,0.0
primary,XNR-PW-CONV-ZERO,100,9964858435511495645,round,4294967296.0,4294967296.0,4294967296.0,4294967296.0,4294967296.0,4294967296.0,100.0,100.0
primary,XNR-PW-CONV-ZERO,100,9964858435511495645,subsweep,21474836.0,21474836.0,21474836.0,21474836.0,21474836.0,21474836.0,100.0,100.0
primary,XNR-PW-CONV-OFFSET,100,9964858435511495645,round,4294967296.0,4294967296.0,4294967296.0,4294967296.0,4294967296.0,4294967296.0,100.0,100.0
primary,XNR-PW-CONV-OFFSET,100,9964858435511495645,subsweep,112143.76222222227,0.0,0.0,20578637.0,357535998.0,70766872.0,4.0,2.2501776030955076
primary,XNR-PW-MT-ZERO,100,9964858435511495645,round,4294967296.0,4294967296.0,4294967296.0,4294967296.0,4294967296.0,4294967296.0,100.0,100.0
primary,XNR-PW-MT-ZERO,100,9964858435511495645,subsweep,21474836.0,21474836.0,21474836.0,21474836.0,21474836.0,21474836.0,100.0,100.0
primary,XNR-PW-MT-OFFSET,100,9964858435511495645,round,4294967296.0,4294967296.0,4294967296.0,4294967296.0,4294967296.0,4294967296.0,100.0,100.0
primary,XNR-PW-MT-OFFSET,100,9964858435511495645,subsweep,112143.76222222223,0.0,0.0,20578637.0,357535998.0,70766872.0,4.0,2.250177603095507
primary,XNR-PC,100,9964858435511495645,round,0.0,0.0,0.0,0.0,0.0,0.0,1.0,0.0
primary,XNR-PC,100,9964858435511495645,subsweep,0.0,0.0,0.0,0.0,0.0,0.0,1.0,0.0
primary,XNR-PW-CONV-ZERO,100,12980243426712185825,round,4294967296.0,4294967296.0,4294967296.0,4294967296.0,4294967296.0,4294967296.0,100.0,100.0
primary,XNR-PW-CONV-ZERO,100,12980243426712185825,subsweep,21474836.0,21474836.0,21474836.0,21474836.0,21474836.0,21474836.0,100.0,100.0
primary,XNR-PW-CONV-OFFSET,100,12980243426712185825,round,4294967296.0,4294967296.0,4294967296.0,4294967296.0,4294967296.0,4294967296.0,100.0,100.0
primary,XNR-PW-CONV-OFFSET,100,12980243426712185825,subsweep,94981.46181818185,0.0,0.0,20523534.0,398685498.0,35736369.0,3.0,2.089635487569202
primary,XNR-PW-MT-ZERO,100,12980243426712185825,round,4294967296.0,4294967296.0,4294967296.0,4294967296.0,4294967296.0,4294967296.0,100.0,100.0
primary,XNR-PW-MT-ZERO,100,12980243426712185825,subsweep,21474836.0,21474836.0,21474836.0,21474836.0,21474836.0,21474836.0,100.0,100.0
primary,XNR-PW-MT-OFFSET,100,12980243426712185825,round,4294967296.0,4294967296.0,4294967296.0,4294967296.0,4294967296.0,4294967296.0,100.0,100.0
primary,XNR-PW-MT-OFFSET,100,12980243426712185825,subsweep,94981.46181818182,0.0,0.0,20523534.0,398685498.0,35736369.0,3.0,2.089635487569202
primary,XNR-PC,100,12980243426712185825,round,0.0,0.0,0.0,0.0,0.0,0.0,1.0,0.0
primary,XNR-PC,100,12980243426712185825,subsweep,0.0,0.0,0.0,0.0,0.0,0.0,1.0,0.0
primary,XNR-PW-CONV-ZERO,100,2834549471034337693,round,4294967296.0,4294967296.0,4294967296.0,4294967296.0,4294967296.0,4294967296.0,100.0,100.0
primary,XNR-PW-CONV-ZERO,100,2834549471034337693,subsweep,21474836.0,21474836.0,21474836.0,21474836.0,21474836.0,21474836.0,100.0,100.0
primary,XNR-PW-CONV-OFFSET,100,2834549471034337693,round,4294967296.0,4294967296.0,4294967296.0,4294967296.0,4294967296.0,4294967296.0,100.0,100.0
primary,XNR-PW-CONV-OFFSET,100,2834549471034337693,subsweep,105191.03434343431,0.0,0.0,20675357.0,413887528.0,53404046.0,3.0,2.129030334057324
primary,XNR-PW-MT-ZERO,100,2834549471034337693,round,4294967296.0,4294967296.0,4294967296.0,4294967296.0,4294967296.0,4294967296.0,100.0,100.0
primary,XNR-PW-MT-ZERO,100,2834549471034337693,subsweep,21474836.0,21474836.0,21474836.0,21474836.0,21474836.0,21474836.0,100.0,100.0
primary,XNR-PW-MT-OFFSET,100,2834549471034337693,round,4294967296.0,4294967296.0,4294967296.0,4294967296.0,4294967296.0,4294967296.0,100.0,100.0
primary,XNR-PW-MT-OFFSET,100,2834549471034337693,subsweep,105191.03434343434,0.0,0.0,20675357.0,413887528.0,53404046.0,3.0,2.129030334057324
primary,XNR-PC,100,2834549471034337693,round,0.0,0.0,0.0,0.0,0.0,0.0,1.0,0.0
primary,XNR-PC,100,2834549471034337693,subsweep,0.0,0.0,0.0,0.0,0.0,0.0,1.0,0.0
primary,XNR-PW-CONV-ZERO,100,17638313716927524985,round,4294967296.0,4294967296.0,4294967296.0,4294967296.0,4294967296.0,4294967296.0,100.0,100.0
primary,XNR-PW-CONV-ZERO,100,17638313716927524985,subsweep,21474836.0,21474836.0,21474836.0,21474836.0,21474836.0,21474836.0,100.0,100.0
primary,XNR-PW-CONV-OFFSET,100,17638313716927524985,round,4294967296.0,4294967296.0,4294967296.0,4294967296.0,4294967296.0,4294967296.0,100.0,100.0
primary,XNR-PW-CONV-OFFSET,100,17638313716927524985,subsweep,91497.2901010101,0.0,0.0,21442900.0,365889171.0,41590501.0,4.0,2.117169283482292
primary,XNR-PW-MT-ZERO,100,17638313716927524985,round,4294967296.0,4294967296.0,4294967296.0,4294967296.0,4294967296.0,4294967296.0,100.0,100.0
primary,XNR-PW-MT-ZERO,100,17638313716927524985,subsweep,21474836.0,21474836.0,21474836.0,21474836.0,21474836.0,21474836.0,100.0,100.0
primary,XNR-PW-MT-OFFSET,100,17638313716927524985,round,4294967296.0,4294967296.0,4294967296.0,4294967296.0,4294967296.0,4294967296.0,100.0,100.0
primary,XNR-PW-MT-OFFSET,100,17638313716927524985,subsweep,91497.2901010101,0.0,0.0,21442900.0,365889171.0,41590501.0,4.0,2.1171692834822924
primary,XNR-PC,100,17638313716927524985,round,0.0,0.0,0.0,0.0,0.0,0.0,1.0,0.0
primary,XNR-PC,100,17638313716927524985,subsweep,0.0,0.0,0.0,0.0,0.0,0.0,1.0,0.0
primary,XNR-PW-CONV-ZERO,100,4701815876319261908,round,4294967296.0,4294967296.0,4294967296.0,4294967296.0,4294967296.0,4294967296.0,100.0,100.0
primary,XNR-PW-CONV-ZERO,100,4701815876319261908,subsweep,21474836.0,21474836.0,21474836.0,21474836.0,21474836.0,21474836.0,100.0,100.0
primary,XNR-PW-CONV-OFFSET,100,4701815876319261908,round,4294967296.0,4294967296.0,4294967296.0,4294967296.0,4294967296.0,4294967296.0,100.0,100.0
primary,XNR-PW-CONV-OFFSET,100,4701815876319261908,subsweep,132065.9080808081,0.0,0.0,20631880.0,389086812.0,98517128.0,4.0,2.3111187099294446
primary,XNR-PW-MT-ZERO,100,4701815876319261908,round,4294967296.0,4294967296.0,4294967296.0,4294967296.0,4294967296.0,4294967296.0,100.0,100.0
primary,XNR-PW-MT-ZERO,100,4701815876319261908,subsweep,21474836.0,21474836.0,21474836.0,21474836.0,21474836.0,21474836.0,100.0,100.0
primary,XNR-PW-MT-OFFSET,100,4701815876319261908,round,4294967296.0,4294967296.0,4294967296.0,4294967296.0,4294967296.0,4294967296.0,100.0,100.0
primary,XNR-PW-MT-OFFSET,100,4701815876319261908,subsweep,132065.9080808081,0.0,0.0,20631880.0,389086812.0,98517128.0,4.0,2.3111187099294437
primary,XNR-PC,100,4701815876319261908,round,0.0,0.0,0.0,0.0,0.0,0.0,1.0,0.0
primary,XNR-PC,100,4701815876319261908,subsweep,0.0,0.0,0.0,0.0,0.0,0.0,1.0,0.0
primary,XNR-PW-CONV-ZERO,100,7822082833909267661,round,4294967296.0,4294967296.0,4294967296.0,4294967296.0,4294967296.0,4294967296.0,100.0,100.0
primary,XNR-PW-CONV-ZERO,100,7822082833909267661,subsweep,21474836.0,21474836.0,21474836.0,21474836.0,21474836.0,21474836.0,100.0,100.0
primary,XNR-PW-CONV-OFFSET,100,7822082833909267661,round,4294967296.0,4294967296.0,4294967296.0,4294967296.0,4294967296.0,4294967296.0,100.0,100.0
primary,XNR-PW-CONV-OFFSET,100,7822082833909267661,subsweep,115566.36404040406,0.0,0.0,21466221.0,431042009.0,67494255.0,4.0,2.1612416296992527
primary,XNR-PW-MT-ZERO,100,7822082833909267661,round,4294967296.0,4294967296.0,4294967296.0,4294967296.0,4294967296.0,4294967296.0,100.0,100.0
primary,XNR-PW-MT-ZERO,100,7822082833909267661,subsweep,21474836.0,21474836.0,21474836.0,21474836.0,21474836.0,21474836.0,100.0,100.0
primary,XNR-PW-MT-OFFSET,100,7822082833909267661,round,4294967296.0,4294967296.0,4294967296.0,4294967296.0,4294967296.0,4294967296.0,100.0,100.0
primary,XNR-PW-MT-OFFSET,100,7822082833909267661,subsweep,115566.36404040403,0.0,0.0,21466221.0,431042009.0,67494255.0,4.0,2.1612416296992527
primary,XNR-PC,100,7822082833909267661,round,0.0,0.0,0.0,0.0,0.0,0.0,1.0,0.0
primary,XNR-PC,100,7822082833909267661,subsweep,0.0,0.0,0.0,0.0,0.0,0.0,1.0,0.0
primary,XNR-PW-CONV-ZERO,100,12102592183121031244,round,4294967296.0,4294967296.0,4294967296.0,4294967296.0,4294967296.0,4294967296.0,100.0,100.0
primary,XNR-PW-CONV-ZERO,100,12102592183121031244,subsweep,21474836.0,21474836.0,21474836.0,21474836.0,21474836.0,21474836.0,100.0,100.0
primary,XNR-PW-CONV-OFFSET,100,12102592183121031244,round,4294967296.0,4294967296.0,4294967296.0,4294967296.0,4294967296.0,4294967296.0,100.0,100.0
primary,XNR-PW-CONV-OFFSET,100,12102592183121031244,subsweep,96563.59010101015,0.0,0.0,21402281.0,371049559.0,53470106.0,3.0,2.1441050250648597
primary,XNR-PW-MT-ZERO,100,12102592183121031244,round,4294967296.0,4294967296.0,4294967296.0,4294967296.0,4294967296.0,4294967296.0,100.0,100.0
primary,XNR-PW-MT-ZERO,100,12102592183121031244,subsweep,21474836.0,21474836.0,21474836.0,21474836.0,21474836.0,21474836.0,100.0,100.0
primary,XNR-PW-MT-OFFSET,100,12102592183121031244,round,4294967296.0,4294967296.0,4294967296.0,4294967296.0,4294967296.0,4294967296.0,100.0,100.0
primary,XNR-PW-MT-OFFSET,100,12102592183121031244,subsweep,96563.59010101011,0.0,0.0,21402281.0,371049559.0,53470106.0,3.0,2.1441050250648592
primary,XNR-PC,100,12102592183121031244,round,0.0,0.0,0.0,0.0,0.0,0.0,1.0,0.0
primary,XNR-PC,100,12102592183121031244,subsweep,0.0,0.0,0.0,0.0,0.0,0.0,1.0,0.0
primary,XNR-PW-CONV-ZERO,100,4849566379269777204,round,4294967296.0,4294967296.0,4294967296.0,4294967296.0,4294967296.0,4294967296.0,100.0,100.0
primary,XNR-PW-CONV-ZERO,100,4849566379269777204,subsweep,21474836.0,21474836.0,21474836.0,21474836.0,21474836.0,21474836.0,100.0,100.0
primary,XNR-PW-CONV-OFFSET,100,4849566379269777204,round,4294967296.0,4294967296.0,4294967296.0,4294967296.0,4294967296.0,4294967296.0,100.0,100.0
primary,XNR-PW-CONV-OFFSET,100,4849566379269777204,subsweep,146905.5426262626,0.0,0.0,21386463.0,386742800.0,85357647.0,6.0,2.344624238641288
primary,XNR-PW-MT-ZERO,100,4849566379269777204,round,4294967296.0,4294967296.0,4294967296.0,4294967296.0,4294967296.0,4294967296.0,100.0,100.0
primary,XNR-PW-MT-ZERO,100,4849566379269777204,subsweep,21474836.0,21474836.0,21474836.0,21474836.0,21474836.0,21474836.0,100.0,100.0
primary,XNR-PW-MT-OFFSET,100,4849566379269777204,round,4294967296.0,4294967296.0,4294967296.0,4294967296.0,4294967296.0,4294967296.0,100.0,100.0
primary,XNR-PW-MT-OFFSET,100,4849566379269777204,subsweep,146905.5426262626,0.0,0.0,21386463.0,386742800.0,85357647.0,6.0,2.344624238641288
primary,XNR-PC,100,4849566379269777204,round,0.0,0.0,0.0,0.0,0.0,0.0,1.0,0.0
primary,XNR-PC,100,4849566379269777204,subsweep,0.0,0.0,0.0,0.0,0.0,0.0,1.0,0.0
primary,XNR-PW-CONV-ZERO,100,4171531546602603804,round,4294967296.0,4294967296.0,4294967296.0,4294967296.0,4294967296.0,4294967296.0,100.0,100.0
primary,XNR-PW-CONV-ZERO,100,4171531546602603804,subsweep,21474836.0,21474836.0,21474836.0,21474836.0,21474836.0,21474836.0,100.0,100.0
primary,XNR-PW-CONV-OFFSET,100,4171531546602603804,round,4294967296.0,4294967296.0,4294967296.0,4294967296.0,4294967296.0,4294967296.0,100.0,100.0
primary,XNR-PW-CONV-OFFSET,100,4171531546602603804,subsweep,130031.80707070703,0.0,0.0,21369414.0,430509647.0,74915713.0,5.0,2.222420486201091
primary,XNR-PW-MT-ZERO,100,4171531546602603804,round,4294967296.0,4294967296.0,4294967296.0,4294967296.0,4294967296.0,4294967296.0,100.0,100.0
primary,XNR-PW-MT-ZERO,100,4171531546602603804,subsweep,21474836.0,21474836.0,21474836.0,21474836.0,21474836.0,21474836.0,100.0,100.0
primary,XNR-PW-MT-OFFSET,100,4171531546602603804,round,4294967296.0,4294967296.0,4294967296.0,4294967296.0,4294967296.0,4294967296.0,100.0,100.0
primary,XNR-PW-MT-OFFSET,100,4171531546602603804,subsweep,130031.80707070707,0.0,0.0,21369414.0,430509647.0,74915713.0,5.0,2.222420486201091
primary,XNR-PC,100,4171531546602603804,round,0.0,0.0,0.0,0.0,0.0,0.0,1.0,0.0
primary,XNR-PC,100,4171531546602603804,subsweep,0.0,0.0,0.0,0.0,0.0,0.0,1.0,0.0
primary,XNR-PW-CONV-ZERO,100,6773169848162830496,round,4294967296.0,4294967296.0,4294967296.0,4294967296.0,4294967296.0,4294967296.0,100.0,100.0
primary,XNR-PW-CONV-ZERO,100,6773169848162830496,subsweep,21474836.0,21474836.0,21474836.0,21474836.0,21474836.0,21474836.0,100.0,100.0
primary,XNR-PW-CONV-OFFSET,100,6773169848162830496,round,4294967296.0,4294967296.0,4294967296.0,4294967296.0,4294967296.0,4294967296.0,100.0,100.0
primary,XNR-PW-CONV-OFFSET,100,6773169848162830496,subsweep,120161.51555555552,0.0,0.0,21436966.0,434365750.0,70247519.0,4.0,2.1770253685977776
primary,XNR-PW-MT-ZERO,100,6773169848162830496,round,4294967296.0,4294967296.0,4294967296.0,4294967296.0,4294967296.0,4294967296.0,100.0,100.0
primary,XNR-PW-MT-ZERO,100,6773169848162830496,subsweep,21474836.0,21474836.0,21474836.0,21474836.0,21474836.0,21474836.0,100.0,100.0
primary,XNR-PW-MT-OFFSET,100,6773169848162830496,round,4294967296.0,4294967296.0,4294967296.0,4294967296.0,4294967296.0,4294967296.0,100.0,100.0
primary,XNR-PW-MT-OFFSET,100,6773169848162830496,subsweep,120161.51555555555,0.0,0.0,21436966.0,434365750.0,70247519.0,4.0,2.177025368597777
primary,XNR-PC,100,6773169848162830496,round,0.0,0.0,0.0,0.0,0.0,0.0,1.0,0.0
primary,XNR-PC,100,6773169848162830496,subsweep,0.0,0.0,0.0,0.0,0.0,0.0,1.0,0.0
primary,XNR-PW-CONV-ZERO,100,13259265031399199819,round,4294967296.0,4294967296.0,4294967296.0,4294967296.0,4294967296.0,4294967296.0,100.0,100.0
primary,XNR-PW-CONV-ZERO,100,13259265031399199819,subsweep,21474836.0,21474836.0,21474836.0,21474836.0,21474836.0,21474836.0,100.0,100.0
primary,XNR-PW-CONV-OFFSET,100,13259265031399199819,round,4294967296.0,4294967296.0,4294967296.0,4294967296.0,4294967296.0,4294967296.0,100.0,100.0
primary,XNR-PW-CONV-OFFSET,100,13259265031399199819,subsweep,107942.1117171717,0.0,0.0,21471301.0,377360575.0,57719883.0,4.0,2.1896265581003003
primary,XNR-PW-MT-ZERO,100,13259265031399199819,round,4294967296.0,4294967296.0,4294967296.0,4294967296.0,4294967296.0,4294967296.0,100.0,100.0
primary,XNR-PW-MT-ZERO,100,13259265031399199819,subsweep,21474836.0,21474836.0,21474836.0,21474836.0,21474836.0,21474836.0,100.0,100.0
primary,XNR-PW-MT-OFFSET,100,13259265031399199819,round,4294967296.0,4294967296.0,4294967296.0,4294967296.0,4294967296.0,4294967296.0,100.0,100.0
primary,XNR-PW-MT-OFFSET,100,13259265031399199819,subsweep,107942.11171717172,0.0,0.0,21471301.0,377360575.0,57719883.0,4.0,2.1896265581003
primary,XNR-PC,100,13259265031399199819,round,0.0,0.0,0.0,0.0,0.0,0.0,1.0,0.0
primary,XNR-PC,100,13259265031399199819,subsweep,0.0,0.0,0.0,0.0,0.0,0.0,1.0,0.0
primary,XNR-PW-CONV-ZERO,100,7383040523285475032,round,4294967296.0,4294967296.0,4294967296.0,4294967296.0,4294967296.0,4294967296.0,100.0,100.0
primary,XNR-PW-CONV-ZERO,100,7383040523285475032,subsweep,21474836.0,21474836.0,21474836.0,21474836.0,21474836.0,21474836.0,100.0,100.0
primary,XNR-PW-CONV-OFFSET,100,7383040523285475032,round,4294967296.0,4294967296.0,4294967296.0,4294967296.0,4294967296.0,4294967296.0,100.0,100.0
primary,XNR-PW-CONV-OFFSET,100,7383040523285475032,subsweep,107762.24888888888,0.0,0.0,21365595.0,377834626.0,77794253.0,3.0,2.2058949806257293
primary,XNR-PW-MT-ZERO,100,7383040523285475032,round,4294967296.0,4294967296.0,4294967296.0,4294967296.0,4294967296.0,4294967296.0,100.0,100.0
primary,XNR-PW-MT-ZERO,100,7383040523285475032,subsweep,21474836.0,21474836.0,21474836.0,21474836.0,21474836.0,21474836.0,100.0,100.0
primary,XNR-PW-MT-OFFSET,100,7383040523285475032,round,4294967296.0,4294967296.0,4294967296.0,4294967296.0,4294967296.0,4294967296.0,100.0,100.0
primary,XNR-PW-MT-OFFSET,100,7383040523285475032,subsweep,107762.24888888889,0.0,0.0,21365595.0,377834626.0,77794253.0,3.0,2.20589498062573
primary,XNR-PC,100,7383040523285475032,round,0.0,0.0,0.0,0.0,0.0,0.0,1.0,0.0
primary,XNR-PC,100,7383040523285475032,subsweep,0.0,0.0,0.0,0.0,0.0,0.0,1.0,0.0
primary,XNR-PW-CONV-ZERO,100,8469065342115915783,round,4294967296.0,4294967296.0,4294967296.0,4294967296.0,4294967296.0,4294967296.0,100.0,100.0
primary,XNR-PW-CONV-ZERO,100,8469065342115915783,subsweep,21474836.0,21474836.0,21474836.0,21474836.0,21474836.0,21474836.0,100.0,100.0
primary,XNR-PW-CONV-OFFSET,100,8469065342115915783,round,4294967296.0,4294967296.0,4294967296.0,4294967296.0,4294967296.0,4294967296.0,100.0,100.0
primary,XNR-PW-CONV-OFFSET,100,8469065342115915783,subsweep,68361.8967676768,0.0,0.0,21344140.0,298201065.0,20095162.0,3.0,2.067387961877332
primary,XNR-PW-MT-ZERO,100,8469065342115915783,round,4294967296.0,4294967296.0,4294967296.0,4294967296.0,4294967296.0,4294967296.0,100.0,100.0
primary,XNR-PW-MT-ZERO,100,8469065342115915783,subsweep,21474836.0,21474836.0,21474836.0,21474836.0,21474836.0,21474836.0,100.0,100.0
primary,XNR-PW-MT-OFFSET,100,8469065342115915783,round,4294967296.0,4294967296.0,4294967296.0,4294967296.0,4294967296.0,4294967296.0,100.0,100.0
primary,XNR-PW-MT-OFFSET,100,8469065342115915783,subsweep,68361.89676767676,0.0,0.0,21344140.0,298201065.0,20095162.0,3.0,2.0673879618773325
primary,XNR-PC,100,8469065342115915783,round,0.0,0.0,0.0,0.0,0.0,0.0,1.0,0.0
primary,XNR-PC,100,8469065342115915783,subsweep,0.0,0.0,0.0,0.0,0.0,0.0,1.0,0.0
primary,XNR-PW-CONV-ZERO,100,11167473384098259577,round,4294967296.0,4294967296.0,4294967296.0,4294967296.0,4294967296.0,4294967296.0,100.0,100.0
primary,XNR-PW-CONV-ZERO,100,11167473384098259577,subsweep,21474836.0,21474836.0,21474836.0,21474836.0,21474836.0,21474836.0,100.0,100.0
primary,XNR-PW-CONV-OFFSET,100,11167473384098259577,round,4294967296.0,4294967296.0,4294967296.0,4294967296.0,4294967296.0,4294967296.0,100.0,100.0
primary,XNR-PW-CONV-OFFSET,100,11167473384098259577,subsweep,110831.22565656569,0.0,0.0,20909485.0,339715778.0,69397094.0,5.0,2.268707148479869
primary,XNR-PW-MT-ZERO,100,11167473384098259577,round,4294967296.0,4294967296.0,4294967296.0,4294967296.0,4294967296.0,4294967296.0,100.0,100.0
primary,XNR-PW-MT-ZERO,100,11167473384098259577,subsweep,21474836.0,21474836.0,21474836.0,21474836.0,21474836.0,21474836.0,100.0,100.0
primary,XNR-PW-MT-OFFSET,100,11167473384098259577,round,4294967296.0,4294967296.0,4294967296.0,4294967296.0,4294967296.0,4294967296.0,100.0,100.0
primary,XNR-PW-MT-OFFSET,100,11167473384098259577,subsweep,110831.22565656566,0.0,0.0,20909485.0,339715778.0,69397094.0,5.0,2.2687071484798684
primary,XNR-PC,100,11167473384098259577,round,0.0,0.0,0.0,0.0,0.0,0.0,1.0,0.0
primary,XNR-PC,100,11167473384098259577,subsweep,0.0,0.0,0.0,0.0,0.0,0.0,1.0,0.0
primary,XNR-PW-CONV-ZERO,100,3927382471087979842,round,4294967296.0,4294967296.0,4294967296.0,4294967296.0,4294967296.0,4294967296.0,100.0,100.0
primary,XNR-PW-CONV-ZERO,100,3927382471087979842,subsweep,21474836.0,21474836.0,21474836.0,21474836.0,21474836.0,21474836.0,100.0,100.0
primary,XNR-PW-CONV-OFFSET,100,3927382471087979842,round,4294967296.0,4294967296.0,4294967296.0,4294967296.0,4294967296.0,4294967296.0,100.0,100.0
primary,XNR-PW-CONV-OFFSET,100,3927382471087979842,subsweep,119406.92383838384,0.0,0.0,21413566.0,447319583.0,51367543.0,4.0,2.1453936144798744
primary,XNR-PW-MT-ZERO,100,3927382471087979842,round,4294967296.0,4294967296.0,4294967296.0,4294967296.0,4294967296.0,4294967296.0,100.0,100.0
primary,XNR-PW-MT-ZERO,100,3927382471087979842,subsweep,21474836.0,21474836.0,21474836.0,21474836.0,21474836.0,21474836.0,100.0,100.0
primary,XNR-PW-MT-OFFSET,100,3927382471087979842,round,4294967296.0,4294967296.0,4294967296.0,4294967296.0,4294967296.0,4294967296.0,100.0,100.0
primary,XNR-PW-MT-OFFSET,100,3927382471087979842,subsweep,119406.92383838384,0.0,0.0,21413566.0,447319583.0,51367543.0,4.0,2.145393614479874
primary,XNR-PC,100,3927382471087979842,round,0.0,0.0,0.0,0.0,0.0,0.0,1.0,0.0
primary,XNR-PC,100,3927382471087979842,subsweep,0.0,0.0,0.0,0.0,0.0,0.0,1.0,0.0
primary,XNR-PW-CONV-ZERO,100,12250540210932396121,round,4294967296.0,4294967296.0,4294967296.0,4294967296.0,4294967296.0,4294967296.0,100.0,100.0
primary,XNR-PW-CONV-ZERO,100,12250540210932396121,subsweep,21474836.0,21474836.0,21474836.0,21474836.0,21474836.0,21474836.0,100.0,100.0
primary,XNR-PW-CONV-OFFSET,100,12250540210932396121,round,4294967296.0,4294967296.0,4294967296.0,4294967296.0,4294967296.0,4294967296.0,100.0,100.0
primary,XNR-PW-CONV-OFFSET,100,12250540210932396121,subsweep,106043.50585858588,0.0,0.0,21242366.0,416963112.0,53976121.0,3.0,2.1294505903438288
primary,XNR-PW-MT-ZERO,100,12250540210932396121,round,4294967296.0,4294967296.0,4294967296.0,4294967296.0,4294967296.0,4294967296.0,100.0,100.0
primary,XNR-PW-MT-ZERO,100,12250540210932396121,subsweep,21474836.0,21474836.0,21474836.0,21474836.0,21474836.0,21474836.0,100.0,100.0
primary,XNR-PW-MT-OFFSET,100,12250540210932396121,round,4294967296.0,4294967296.0,4294967296.0,4294967296.0,4294967296.0,4294967296.0,100.0,100.0
primary,XNR-PW-MT-OFFSET,100,12250540210932396121,subsweep,106043.50585858586,0.0,0.0,21242366.0,416963112.0,53976121.0,3.0,2.1294505903438288
primary,XNR-PC,100,12250540210932396121,round,0.0,0.0,0.0,0.0,0.0,0.0,1.0,0.0
primary,XNR-PC,100,12250540210932396121,subsweep,0.0,0.0,0.0,0.0,0.0,0.0,1.0,0.0
primary,XNR-PW-CONV-ZERO,100,12687317089305426264,round,4294967296.0,4294967296.0,4294967296.0,4294967296.0,4294967296.0,4294967296.0,100.0,100.0
primary,XNR-PW-CONV-ZERO,100,12687317089305426264,subsweep,21474836.0,21474836.0,21474836.0,21474836.0,21474836.0,21474836.0,100.0,100.0
primary,XNR-PW-CONV-OFFSET,100,12687317089305426264,round,4294967296.0,4294967296.0,4294967296.0,4294967296.0,4294967296.0,4294967296.0,100.0,100.0
primary,XNR-PW-CONV-OFFSET,100,12687317089305426264,subsweep,105182.4581818182,0.0,0.0,21149765.0,437119044.0,41767062.0,3.0,2.0955507717481194
primary,XNR-PW-MT-ZERO,100,12687317089305426264,round,4294967296.0,4294967296.0,4294967296.0,4294967296.0,4294967296.0,4294967296.0,100.0,100.0
primary,XNR-PW-MT-ZERO,100,12687317089305426264,subsweep,21474836.0,21474836.0,21474836.0,21474836.0,21474836.0,21474836.0,100.0,100.0
primary,XNR-PW-MT-OFFSET,100,12687317089305426264,round,4294967296.0,4294967296.0,4294967296.0,4294967296.0,4294967296.0,4294967296.0,100.0,100.0
primary,XNR-PW-MT-OFFSET,100,12687317089305426264,subsweep,105182.45818181818,0.0,0.0,21149765.0,437119044.0,41767062.0,3.0,2.095550771748119
primary,XNR-PC,100,12687317089305426264,round,0.0,0.0,0.0,0.0,0.0,0.0,1.0,0.0
primary,XNR-PC,100,12687317089305426264,subsweep,0.0,0.0,0.0,0.0,0.0,0.0,1.0,0.0
primary,XNR-PW-CONV-ZERO,100,3068354826123602611,round,4294967296.0,4294967296.0,4294967296.0,4294967296.0,4294967296.0,4294967296.0,100.0,100.0
primary,XNR-PW-CONV-ZERO,100,3068354826123602611,subsweep,21474836.0,21474836.0,21474836.0,21474836.0,21474836.0,21474836.0,100.0,100.0
primary,XNR-PW-CONV-OFFSET,100,3068354826123602611,round,4294967296.0,4294967296.0,4294967296.0,4294967296.0,4294967296.0,4294967296.0,100.0,100.0
primary,XNR-PW-CONV-OFFSET,100,3068354826123602611,subsweep,118499.5876767677,0.0,0.0,20920810.0,378540169.0,82601573.0,4.0,2.2559256029708172
primary,XNR-PW-MT-ZERO,100,3068354826123602611,round,4294967296.0,4294967296.0,4294967296.0,4294967296.0,4294967296.0,4294967296.0,100.0,100.0
primary,XNR-PW-MT-ZERO,100,3068354826123602611,subsweep,21474836.0,21474836.0,21474836.0,21474836.0,21474836.0,21474836.0,100.0,100.0
primary,XNR-PW-MT-OFFSET,100,3068354826123602611,round,4294967296.0,4294967296.0,4294967296.0,4294967296.0,4294967296.0,4294967296.0,100.0,100.0
primary,XNR-PW-MT-OFFSET,100,3068354826123602611,subsweep,118499.58767676768,0.0,0.0,20920810.0,378540169.0,82601573.0,4.0,2.2559256029708172
primary,XNR-PC,100,3068354826123602611,round,0.0,0.0,0.0,0.0,0.0,0.0,1.0,0.0
primary,XNR-PC,100,3068354826123602611,subsweep,0.0,0.0,0.0,0.0,0.0,0.0,1.0,0.0
primary,XNR-PW-CONV-ZERO,100,6452565723836495873,round,4294967296.0,4294967296.0,4294967296.0,4294967296.0,4294967296.0,4294967296.0,100.0,100.0
primary,XNR-PW-CONV-ZERO,100,6452565723836495873,subsweep,21474836.0,21474836.0,21474836.0,21474836.0,21474836.0,21474836.0,100.0,100.0
primary,XNR-PW-CONV-OFFSET,100,6452565723836495873,round,4294967296.0,4294967296.0,4294967296.0,4294967296.0,4294967296.0,4294967296.0,100.0,100.0
primary,XNR-PW-CONV-OFFSET,100,6452565723836495873,subsweep,78610.38606060608,0.0,0.0,21109446.0,348705235.0,20208088.0,3.0,2.05795177694995
primary,XNR-PW-MT-ZERO,100,6452565723836495873,round,4294967296.0,4294967296.0,4294967296.0,4294967296.0,4294967296.0,4294967296.0,100.0,100.0
primary,XNR-PW-MT-ZERO,100,6452565723836495873,subsweep,21474836.0,21474836.0,21474836.0,21474836.0,21474836.0,21474836.0,100.0,100.0
primary,XNR-PW-MT-OFFSET,100,6452565723836495873,round,4294967296.0,4294967296.0,4294967296.0,4294967296.0,4294967296.0,4294967296.0,100.0,100.0
primary,XNR-PW-MT-OFFSET,100,6452565723836495873,subsweep,78610.38606060606,0.0,0.0,21109446.0,348705235.0,20208088.0,3.0,2.0579517769499502
primary,XNR-PC,100,6452565723836495873,round,0.0,0.0,0.0,0.0,0.0,0.0,1.0,0.0
primary,XNR-PC,100,6452565723836495873,subsweep,0.0,0.0,0.0,0.0,0.0,0.0,1.0,0.0
primary,XNR-PW-CONV-ZERO,100,12576523555926126553,round,4294967296.0,4294967296.0,4294967296.0,4294967296.0,4294967296.0,4294967296.0,100.0,100.0
primary,XNR-PW-CONV-ZERO,100,12576523555926126553,subsweep,21474836.0,21474836.0,21474836.0,21474836.0,21474836.0,21474836.0,100.0,100.0
primary,XNR-PW-CONV-OFFSET,100,12576523555926126553,round,4294967296.0,4294967296.0,4294967296.0,4294967296.0,4294967296.0,4294967296.0,100.0,100.0
primary,XNR-PW-CONV-OFFSET,100,12576523555926126553,subsweep,107721.21070707076,0.0,0.0,21427873.0,375864487.0,54306413.0,5.0,2.186988232277449
primary,XNR-PW-MT-ZERO,100,12576523555926126553,round,4294967296.0,4294967296.0,4294967296.0,4294967296.0,4294967296.0,4294967296.0,100.0,100.0
primary,XNR-PW-MT-ZERO,100,12576523555926126553,subsweep,21474836.0,21474836.0,21474836.0,21474836.0,21474836.0,21474836.0,100.0,100.0
primary,XNR-PW-MT-OFFSET,100,12576523555926126553,round,4294967296.0,4294967296.0,4294967296.0,4294967296.0,4294967296.0,4294967296.0,100.0,100.0
primary,XNR-PW-MT-OFFSET,100,12576523555926126553,subsweep,107721.21070707071,0.0,0.0,21427873.0,375864487.0,54306413.0,5.0,2.1869882322774483
primary,XNR-PC,100,12576523555926126553,round,0.0,0.0,0.0,0.0,0.0,0.0,1.0,0.0
primary,XNR-PC,100,12576523555926126553,subsweep,0.0,0.0,0.0,0.0,0.0,0.0,1.0,0.0
primary,XNR-PW-CONV-ZERO,100,7616672725889129548,round,4294967296.0,4294967296.0,4294967296.0,4294967296.0,4294967296.0,4294967296.0,100.0,100.0
primary,XNR-PW-CONV-ZERO,100,7616672725889129548,subsweep,21474836.0,21474836.0,21474836.0,21474836.0,21474836.0,21474836.0,100.0,100.0
primary,XNR-PW-CONV-OFFSET,100,7616672725889129548,round,4294967296.0,4294967296.0,4294967296.0,4294967296.0,4294967296.0,4294967296.0,100.0,100.0
primary,XNR-PW-CONV-OFFSET,100,7616672725889129548,subsweep,97512.26808080808,0.0,0.0,21390961.0,332201755.0,58532772.0,4.0,2.2097287174175224
primary,XNR-PW-MT-ZERO,100,7616672725889129548,round,4294967296.0,4294967296.0,4294967296.0,4294967296.0,4294967296.0,4294967296.0,100.0,100.0
primary,XNR-PW-MT-ZERO,100,7616672725889129548,subsweep,21474836.0,21474836.0,21474836.0,21474836.0,21474836.0,21474836.0,100.0,100.0
primary,XNR-PW-MT-OFFSET,100,7616672725889129548,round,4294967296.0,4294967296.0,4294967296.0,4294967296.0,4294967296.0,4294967296.0,100.0,100.0
primary,XNR-PW-MT-OFFSET,100,7616672725889129548,subsweep,97512.26808080808,0.0,0.0,21390961.0,332201755.0,58532772.0,4.0,2.2097287174175224
primary,XNR-PC,100,7616672725889129548,round,0.0,0.0,0.0,0.0,0.0,0.0,1.0,0.0
primary,XNR-PC,100,7616672725889129548,subsweep,0.0,0.0,0.0,0.0,0.0,0.0,1.0,0.0
primary,XNR-PW-CONV-ZERO,200,18231826143518580289,round,4294967296.0,4294967296.0,4294967296.0,4294967296.0,4294967296.0,4294967296.0,200.0,200.0
primary,XNR-PW-CONV-ZERO,200,18231826143518580289,subsweep,10737418.0,10737418.0,10737418.0,10737418.0,10737418.0,10737418.0,200.0,200.0
primary,XNR-PW-CONV-OFFSET,200,18231826143518580289,round,4294967296.0,4294967296.0,4294967296.0,4294967296.0,4294967296.0,4294967296.0,200.0,200.0
primary,XNR-PW-CONV-OFFSET,200,18231826143518580289,subsweep,35729.922160804024,0.0,0.0,10682082.0,459135335.0,104595953.0,5.0,2.258718534481777
primary,XNR-PW-MT-ZERO,200,18231826143518580289,round,4294967296.0,4294967296.0,4294967296.0,4294967296.0,4294967296.0,4294967296.0,200.0,200.0
primary,XNR-PW-MT-ZERO,200,18231826143518580289,subsweep,10737418.0,10737418.0,10737418.0,10737418.0,10737418.0,10737418.0,200.0,200.0
primary,XNR-PW-MT-OFFSET,200,18231826143518580289,round,4294967296.0,4294967296.0,4294967296.0,4294967296.0,4294967296.0,4294967296.0,200.0,200.0
primary,XNR-PW-MT-OFFSET,200,18231826143518580289,subsweep,35729.92216080402,0.0,0.0,10682082.0,459135335.0,104595953.0,5.0,2.2587185344817775
primary,XNR-PC,200,18231826143518580289,round,0.0,0.0,0.0,0.0,0.0,0.0,1.0,0.0
primary,XNR-PC,200,18231826143518580289,subsweep,0.0,0.0,0.0,0.0,0.0,0.0,1.0,0.0
primary,XNR-PW-CONV-ZERO,200,8906286495562900921,round,4294967296.0,4294967296.0,4294967296.0,4294967296.0,4294967296.0,4294967296.0,200.0,200.0
primary,XNR-PW-CONV-ZERO,200,8906286495562900921,subsweep,10737418.0,10737418.0,10737418.0,10737418.0,10737418.0,10737418.0,200.0,200.0
primary,XNR-PW-CONV-OFFSET,200,8906286495562900921,round,4294967296.0,4294967296.0,4294967296.0,4294967296.0,4294967296.0,4294967296.0,200.0,200.0
primary,XNR-PW-CONV-OFFSET,200,8906286495562900921,subsweep,26109.31623115577,0.0,0.0,10692661.0,382123628.0,61530831.0,4.0,2.1735761076779054
primary,XNR-PW-MT-ZERO,200,8906286495562900921,round,4294967296.0,4294967296.0,4294967296.0,4294967296.0,4294967296.0,4294967296.0,200.0,200.0
primary,XNR-PW-MT-ZERO,200,8906286495562900921,subsweep,10737418.0,10737418.0,10737418.0,10737418.0,10737418.0,10737418.0,200.0,200.0
primary,XNR-PW-MT-OFFSET,200,8906286495562900921,round,4294967296.0,4294967296.0,4294967296.0,4294967296.0,4294967296.0,4294967296.0,200.0,200.0
primary,XNR-PW-MT-OFFSET,200,8906286495562900921,subsweep,26109.31623115578,0.0,0.0,10692661.0,382123628.0,61530831.0,4.0,2.173576107677906
primary,XNR-PC,200,8906286495562900921,round,0.0,0.0,0.0,0.0,0.0,0.0,1.0,0.0
primary,XNR-PC,200,8906286495562900921,subsweep,0.0,0.0,0.0,0.0,0.0,0.0,1.0,0.0
primary,XNR-PW-CONV-ZERO,200,8770642015975544875,round,4294967296.0,4294967296.0,4294967296.0,4294967296.0,4294967296.0,4294967296.0,200.0,200.0
primary,XNR-PW-CONV-ZERO,200,8770642015975544875,subsweep,10737418.0,10737418.0,10737418.0,10737418.0,10737418.0,10737418.0,200.0,200.0
primary,XNR-PW-CONV-OFFSET,200,8770642015975544875,round,4294967296.0,4294967296.0,4294967296.0,4294967296.0,4294967296.0,4294967296.0,200.0,200.0
primary,XNR-PW-CONV-OFFSET,200,8770642015975544875,subsweep,28347.673668341708,0.0,0.0,10660276.0,429354210.0,46275628.0,5.0,2.137246768815892
primary,XNR-PW-MT-ZERO,200,8770642015975544875,round,4294967296.0,4294967296.0,4294967296.0,4294967296.0,4294967296.0,4294967296.0,200.0,200.0
primary,XNR-PW-MT-ZERO,200,8770642015975544875,subsweep,10737418.0,10737418.0,10737418.0,10737418.0,10737418.0,10737418.0,200.0,200.0
primary,XNR-PW-MT-OFFSET,200,8770642015975544875,round,4294967296.0,4294967296.0,4294967296.0,4294967296.0,4294967296.0,4294967296.0,200.0,200.0
primary,XNR-PW-MT-OFFSET,200,8770642015975544875,subsweep,28347.673668341708,0.0,0.0,10660276.0,429354210.0,46275628.0,5.0,2.137246768815892
primary,XNR-PC,200,8770642015975544875,round,0.0,0.0,0.0,0.0,0.0,0.0,1.0,0.0
primary,XNR-PC,200,8770642015975544875,subsweep,0.0,0.0,0.0,0.0,0.0,0.0,1.0,0.0
primary,XNR-PW-CONV-ZERO,200,9576473659758073777,round,4294967296.0,4294967296.0,4294967296.0,4294967296.0,4294967296.0,4294967296.0,200.0,200.0
primary,XNR-PW-CONV-ZERO,200,9576473659758073777,subsweep,10737418.0,10737418.0,10737418.0,10737418.0,10737418.0,10737418.0,200.0,200.0
primary,XNR-PW-CONV-OFFSET,200,9576473659758073777,round,4294967296.0,4294967296.0,4294967296.0,4294967296.0,4294967296.0,4294967296.0,200.0,200.0
primary,XNR-PW-CONV-OFFSET,200,9576473659758073777,subsweep,26531.34281407035,0.0,0.0,10717962.0,363502480.0,65076984.0,5.0,2.2102542656655326
primary,XNR-PW-MT-ZERO,200,9576473659758073777,round,4294967296.0,4294967296.0,4294967296.0,4294967296.0,4294967296.0,4294967296.0,200.0,200.0
primary,XNR-PW-MT-ZERO,200,9576473659758073777,subsweep,10737418.0,10737418.0,10737418.0,10737418.0,10737418.0,10737418.0,200.0,200.0
primary,XNR-PW-MT-OFFSET,200,9576473659758073777,round,4294967296.0,4294967296.0,4294967296.0,4294967296.0,4294967296.0,4294967296.0,200.0,200.0
primary,XNR-PW-MT-OFFSET,200,9576473659758073777,subsweep,26531.34281407035,0.0,0.0,10717962.0,363502480.0,65076984.0,5.0,2.2102542656655326
primary,XNR-PC,200,9576473659758073777,round,0.0,0.0,0.0,0.0,0.0,0.0,1.0,0.0
primary,XNR-PC,200,9576473659758073777,subsweep,0.0,0.0,0.0,0.0,0.0,0.0,1.0,0.0
primary,XNR-PW-CONV-ZERO,200,16363268894485278985,round,4294967296.0,4294967296.0,4294967296.0,4294967296.0,4294967296.0,4294967296.0,200.0,200.0
primary,XNR-PW-CONV-ZERO,200,16363268894485278985,subsweep,10737418.0,10737418.0,10737418.0,10737418.0,10737418.0,10737418.0,200.0,200.0
primary,XNR-PW-CONV-OFFSET,200,16363268894485278985,round,4294967296.0,4294967296.0,4294967296.0,4294967296.0,4294967296.0,4294967296.0,200.0,200.0
primary,XNR-PW-CONV-OFFSET,200,16363268894485278985,subsweep,21252.18432160804,0.0,0.0,10729928.0,334193831.0,39738531.0,4.0,2.1281323951189277
primary,XNR-PW-MT-ZERO,200,16363268894485278985,round,4294967296.0,4294967296.0,4294967296.0,4294967296.0,4294967296.0,4294967296.0,200.0,200.0
primary,XNR-PW-MT-ZERO,200,16363268894485278985,subsweep,10737418.0,10737418.0,10737418.0,10737418.0,10737418.0,10737418.0,200.0,200.0
primary,XNR-PW-MT-OFFSET,200,16363268894485278985,round,4294967296.0,4294967296.0,4294967296.0,4294967296.0,4294967296.0,4294967296.0,200.0,200.0
primary,XNR-PW-MT-OFFSET,200,16363268894485278985,subsweep,21252.18432160804,0.0,0.0,10729928.0,334193831.0,39738531.0,4.0,2.1281323951189273
primary,XNR-PC,200,16363268894485278985,round,0.0,0.0,0.0,0.0,0.0,0.0,1.0,0.0
primary,XNR-PC,200,16363268894485278985,subsweep,0.0,0.0,0.0,0.0,0.0,0.0,1.0,0.0
primary,XNR-PW-CONV-ZERO,200,16585534704111605887,round,4294967296.0,4294967296.0,4294967296.0,4294967296.0,4294967296.0,4294967296.0,200.0,200.0
primary,XNR-PW-CONV-ZERO,200,16585534704111605887,subsweep,10737418.0,10737418.0,10737418.0,10737418.0,10737418.0,10737418.0,200.0,200.0
primary,XNR-PW-CONV-OFFSET,200,16585534704111605887,round,4294967296.0,4294967296.0,4294967296.0,4294967296.0,4294967296.0,4294967296.0,200.0,200.0
primary,XNR-PW-CONV-OFFSET,200,16585534704111605887,subsweep,29733.605125628135,0.0,0.0,10719948.0,370938831.0,84175219.0,5.0,2.2722380526400054
primary,XNR-PW-MT-ZERO,200,16585534704111605887,round,4294967296.0,4294967296.0,4294967296.0,4294967296.0,4294967296.0,4294967296.0,200.0,200.0
primary,XNR-PW-MT-ZERO,200,16585534704111605887,subsweep,10737418.0,10737418.0,10737418.0,10737418.0,10737418.0,10737418.0,200.0,200.0
primary,XNR-PW-MT-OFFSET,200,16585534704111605887,round,4294967296.0,4294967296.0,4294967296.0,4294967296.0,4294967296.0,4294967296.0,200.0,200.0
primary,XNR-PW-MT-OFFSET,200,16585534704111605887,subsweep,29733.60512562814,0.0,0.0,10719948.0,370938831.0,84175219.0,5.0,2.272238052640005
primary,XNR-PC,200,16585534704111605887,round,0.0,0.0,0.0,0.0,0.0,0.0,1.0,0.0
primary,XNR-PC,200,16585534704111605887,subsweep,0.0,0.0,0.0,0.0,0.0,0.0,1.0,0.0
primary,XNR-PW-CONV-ZERO,200,14790319751179523344,round,4294967296.0,4294967296.0,4294967296.0,4294967296.0,4294967296.0,4294967296.0,200.0,200.0
primary,XNR-PW-CONV-ZERO,200,14790319751179523344,subsweep,10737418.0,10737418.0,10737418.0,10737418.0,10737418.0,10737418.0,200.0,200.0
primary,XNR-PW-CONV-OFFSET,200,14790319751179523344,round,4294967296.0,4294967296.0,4294967296.0,4294967296.0,4294967296.0,4294967296.0,200.0,200.0
primary,XNR-PW-CONV-OFFSET,200,14790319751179523344,subsweep,26294.410301507545,0.0,0.0,10591895.0,383983156.0,57047685.0,4.0,2.170427001751087
primary,XNR-PW-MT-ZERO,200,14790319751179523344,round,4294967296.0,4294967296.0,4294967296.0,4294967296.0,4294967296.0,4294967296.0,200.0,200.0
primary,XNR-PW-MT-ZERO,200,14790319751179523344,subsweep,10737418.0,10737418.0,10737418.0,10737418.0,10737418.0,10737418.0,200.0,200.0
primary,XNR-PW-MT-OFFSET,200,14790319751179523344,round,4294967296.0,4294967296.0,4294967296.0,4294967296.0,4294967296.0,4294967296.0,200.0,200.0
primary,XNR-PW-MT-OFFSET,200,14790319751179523344,subsweep,26294.410301507538,0.0,0.0,10591895.0,383983156.0,57047685.0,4.0,2.1704270017510874
primary,XNR-PC,200,14790319751179523344,round,0.0,0.0,0.0,0.0,0.0,0.0,1.0,0.0
primary,XNR-PC,200,14790319751179523344,subsweep,0.0,0.0,0.0,0.0,0.0,0.0,1.0,0.0
primary,XNR-PW-CONV-ZERO,200,15311360825920276038,round,4294967296.0,4294967296.0,4294967296.0,4294967296.0,4294967296.0,4294967296.0,200.0,200.0
primary,XNR-PW-CONV-ZERO,200,15311360825920276038,subsweep,10737418.0,10737418.0,10737418.0,10737418.0,10737418.0,10737418.0,200.0,200.0
primary,XNR-PW-CONV-OFFSET,200,15311360825920276038,round,4294967296.0,4294967296.0,4294967296.0,4294967296.0,4294967296.0,4294967296.0,200.0,200.0
primary,XNR-PW-CONV-OFFSET,200,15311360825920276038,subsweep,25832.840301507542,0.0,0.0,10586895.0,381578867.0,52244133.0,5.0,2.1601772275297426
primary,XNR-PW-MT-ZERO,200,15311360825920276038,round,4294967296.0,4294967296.0,4294967296.0,4294967296.0,4294967296.0,4294967296.0,200.0,200.0
primary,XNR-PW-MT-ZERO,200,15311360825920276038,subsweep,10737418.0,10737418.0,10737418.0,10737418.0,10737418.0,10737418.0,200.0,200.0
primary,XNR-PW-MT-OFFSET,200,15311360825920276038,round,4294967296.0,4294967296.0,4294967296.0,4294967296.0,4294967296.0,4294967296.0,200.0,200.0
primary,XNR-PW-MT-OFFSET,200,15311360825920276038,subsweep,25832.84030150754,0.0,0.0,10586895.0,381578867.0,52244133.0,5.0,2.1601772275297417
primary,XNR-PC,200,15311360825920276038,round,0.0,0.0,0.0,0.0,0.0,0.0,1.0,0.0
primary,XNR-PC,200,15311360825920276038,subsweep,0.0,0.0,0.0,0.0,0.0,0.0,1.0,0.0
primary,XNR-PW-CONV-ZERO,200,10419287363523441034,round,4294967296.0,4294967296.0,4294967296.0,4294967296.0,4294967296.0,4294967296.0,200.0,200.0
primary,XNR-PW-CONV-ZERO,200,10419287363523441034,subsweep,10737418.0,10737418.0,10737418.0,10737418.0,10737418.0,10737418.0,200.0,200.0
primary,XNR-PW-CONV-OFFSET,200,10419287363523441034,round,4294967296.0,4294967296.0,4294967296.0,4294967296.0,4294967296.0,4294967296.0,200.0,200.0
primary,XNR-PW-CONV-OFFSET,200,10419287363523441034,subsweep,24175.65326633165,0.0,0.0,10153446.0,324517885.0,73318172.0,4.0,2.2361408493710604
primary,XNR-PW-MT-ZERO,200,10419287363523441034,round,4294967296.0,4294967296.0,4294967296.0,4294967296.0,4294967296.0,4294967296.0,200.0,200.0
primary,XNR-PW-MT-ZERO,200,10419287363523441034,subsweep,10737418.0,10737418.0,10737418.0,10737418.0,10737418.0,10737418.0,200.0,200.0
primary,XNR-PW-MT-OFFSET,200,10419287363523441034,round,4294967296.0,4294967296.0,4294967296.0,4294967296.0,4294967296.0,4294967296.0,200.0,200.0
primary,XNR-PW-MT-OFFSET,200,10419287363523441034,subsweep,24175.653266331658,0.0,0.0,10153446.0,324517885.0,73318172.0,4.0,2.23614084937106
primary,XNR-PC,200,10419287363523441034,round,0.0,0.0,0.0,0.0,0.0,0.0,1.0,0.0
primary,XNR-PC,200,10419287363523441034,subsweep,0.0,0.0,0.0,0.0,0.0,0.0,1.0,0.0
primary,XNR-PW-CONV-ZERO,200,9964858435511495645,round,4294967296.0,4294967296.0,4294967296.0,4294967296.0,4294967296.0,4294967296.0,200.0,200.0
primary,XNR-PW-CONV-ZERO,200,9964858435511495645,subsweep,10737418.0,10737418.0,10737418.0,10737418.0,10737418.0,10737418.0,200.0,200.0
primary,XNR-PW-CONV-OFFSET,200,9964858435511495645,round,4294967296.0,4294967296.0,4294967296.0,4294967296.0,4294967296.0,4294967296.0,200.0,200.0
primary,XNR-PW-CONV-OFFSET,200,9964858435511495645,subsweep,26059.64648241206,0.0,0.0,10379915.0,396502352.0,49595913.0,4.0,2.1443291362871912
primary,XNR-PW-MT-ZERO,200,9964858435511495645,round,4294967296.0,4294967296.0,4294967296.0,4294967296.0,4294967296.0,4294967296.0,200.0,200.0
primary,XNR-PW-MT-ZERO,200,9964858435511495645,subsweep,10737418.0,10737418.0,10737418.0,10737418.0,10737418.0,10737418.0,200.0,200.0
primary,XNR-PW-MT-OFFSET,200,9964858435511495645,round,4294967296.0,4294967296.0,4294967296.0,4294967296.0,4294967296.0,4294967296.0,200.0,200.0
primary,XNR-PW-MT-OFFSET,200,9964858435511495645,subsweep,26059.64648241206,0.0,0.0,10379915.0,396502352.0,49595913.0,4.0,2.1443291362871917
primary,XNR-PC,200,9964858435511495645,round,0.0,0.0,0.0,0.0,0.0,0.0,1.0,0.0
primary,XNR-PC,200,9964858435511495645,subsweep,0.0,0.0,0.0,0.0,0.0,0.0,1.0,0.0
primary,XNR-PW-CONV-ZERO,200,12980243426712185825,round,4294967296.0,4294967296.0,4294967296.0,4294967296.0,4294967296.0,4294967296.0,200.0,200.0
primary,XNR-PW-CONV-ZERO,200,12980243426712185825,subsweep,10737418.0,10737418.0,10737418.0,10737418.0,10737418.0,10737418.0,200.0,200.0
primary,XNR-PW-CONV-OFFSET,200,12980243426712185825,round,4294967296.0,4294967296.0,4294967296.0,4294967296.0,4294967296.0,4294967296.0,200.0,200.0
primary,XNR-PW-CONV-OFFSET,200,12980243426712185825,subsweep,25244.255628140705,0.0,0.0,10594092.0,390064487.0,47909074.0,4.0,2.1369049472068444
primary,XNR-PW-MT-ZERO,200,12980243426712185825,round,4294967296.0,4294967296.0,4294967296.0,4294967296.0,4294967296.0,4294967296.0,200.0,200.0
primary,XNR-PW-MT-ZERO,200,12980243426712185825,subsweep,10737418.0,10737418.0,10737418.0,10737418.0,10737418.0,10737418.0,200.0,200.0
primary,XNR-PW-MT-OFFSET,200,12980243426712185825,round,4294967296.0,4294967296.0,4294967296.0,4294967296.0,4294967296.0,4294967296.0,200.0,200.0
primary,XNR-PW-MT-OFFSET,200,12980243426712185825,subsweep,25244.255628140705,0.0,0.0,10594092.0,390064487.0,47909074.0,4.0,2.136904947206845
primary,XNR-PC,200,12980243426712185825,round,0.0,0.0,0.0,0.0,0.0,0.0,1.0,0.0
primary,XNR-PC,200,12980243426712185825,subsweep,0.0,0.0,0.0,0.0,0.0,0.0,1.0,0.0
primary,XNR-PW-CONV-ZERO,200,2834549471034337693,round,4294967296.0,4294967296.0,4294967296.0,4294967296.0,4294967296.0,4294967296.0,200.0,200.0
primary,XNR-PW-CONV-ZERO,200,2834549471034337693,subsweep,10737418.0,10737418.0,10737418.0,10737418.0,10737418.0,10737418.0,200.0,200.0
primary,XNR-PW-CONV-OFFSET,200,2834549471034337693,round,4294967296.0,4294967296.0,4294967296.0,4294967296.0,4294967296.0,4294967296.0,200.0,200.0
primary,XNR-PW-CONV-OFFSET,200,2834549471034337693,subsweep,25118.52944723617,0.0,0.0,10510833.0,391097377.0,46461245.0,4.0,2.132296637724573
primary,XNR-PW-MT-ZERO,200,2834549471034337693,round,4294967296.0,4294967296.0,4294967296.0,4294967296.0,4294967296.0,4294967296.0,200.0,200.0
primary,XNR-PW-MT-ZERO,200,2834549471034337693,subsweep,10737418.0,10737418.0,10737418.0,10737418.0,10737418.0,10737418.0,200.0,200.0
primary,XNR-PW-MT-OFFSET,200,2834549471034337693,round,4294967296.0,4294967296.0,4294967296.0,4294967296.0,4294967296.0,4294967296.0,200.0,200.0
primary,XNR-PW-MT-OFFSET,200,2834549471034337693,subsweep,25118.529447236182,0.0,0.0,10510833.0,391097377.0,46461245.0,4.0,2.132296637724574
primary,XNR-PC,200,2834549471034337693,round,0.0,0.0,0.0,0.0,0.0,0.0,1.0,0.0
primary,XNR-PC,200,2834549471034337693,subsweep,0.0,0.0,0.0,0.0,0.0,0.0,1.0,0.0
primary,XNR-PW-CONV-ZERO,200,17638313716927524985,round,4294967296.0,4294967296.0,4294967296.0,4294967296.0,4294967296.0,4294967296.0,200.0,200.0
primary,XNR-PW-CONV-ZERO,200,17638313716927524985,subsweep,10737418.0,10737418.0,10737418.0,10737418.0,10737418.0,10737418.0,200.0,200.0
primary,XNR-PW-CONV-OFFSET,200,17638313716927524985,round,4294967296.0,4294967296.0,4294967296.0,4294967296.0,4294967296.0,4294967296.0,200.0,200.0
primary,XNR-PW-CONV-OFFSET,200,17638313716927524985,subsweep,25085.066532663313,0.0,0.0,10705482.0,381664440.0,54751887.0,4.0,2.1504639965934476
primary,XNR-PW-MT-ZERO,200,17638313716927524985,round,4294967296.0,4294967296.0,4294967296.0,4294967296.0,4294967296.0,4294967296.0,200.0,200.0
primary,XNR-PW-MT-ZERO,200,17638313716927524985,subsweep,10737418.0,10737418.0,10737418.0,10737418.0,10737418.0,10737418.0,200.0,200.0
primary,XNR-PW-MT-OFFSET,200,17638313716927524985,round,4294967296.0,4294967296.0,4294967296.0,4294967296.0,4294967296.0,4294967296.0,200.0,200.0
primary,XNR-PW-MT-OFFSET,200,17638313716927524985,subsweep,25085.066532663317,0.0,0.0,10705482.0,381664440.0,54751887.0,4.0,2.1504639965934476
primary,XNR-PC,200,17638313716927524985,round,0.0,0.0,0.0,0.0,0.0,0.0,1.0,0.0
primary,XNR-PC,200,17638313716927524985,subsweep,0.0,0.0,0.0,0.0,0.0,0.0,1.0,0.0
primary,XNR-PW-CONV-ZERO,200,4701815876319261908,round,4294967296.0,4294967296.0,4294967296.0,4294967296.0,4294967296.0,4294967296.0,200.0,200.0
primary,XNR-PW-CONV-ZERO,200,4701815876319261908,subsweep,10737418.0,10737418.0,10737418.0,10737418.0,10737418.0,10737418.0,200.0,200.0
primary,XNR-PW-CONV-OFFSET,200,4701815876319261908,round,4294967296.0,4294967296.0,4294967296.0,4294967296.0,4294967296.0,4294967296.0,200.0,200.0
primary,XNR-PW-CONV-OFFSET,200,4701815876319261908,subsweep,27581.140854271358,0.0,0.0,10476604.0,425141157.0,56667900.0,4.0,2.141436511167984
primary,XNR-PW-MT-ZERO,200,4701815876319261908,round,4294967296.0,4294967296.0,4294967296.0,4294967296.0,4294967296.0,4294967296.0,200.0,200.0
primary,XNR-PW-MT-ZERO,200,4701815876319261908,subsweep,10737418.0,10737418.0,10737418.0,10737418.0,10737418.0,10737418.0,200.0,200.0
primary,XNR-PW-MT-OFFSET,200,4701815876319261908,round,4294967296.0,4294967296.0,4294967296.0,4294967296.0,4294967296.0,4294967296.0,200.0,200.0
primary,XNR-PW-MT-OFFSET,200,4701815876319261908,subsweep,27581.140854271358,0.0,0.0,10476604.0,425141157.0,56667900.0,4.0,2.1414365111679836
primary,XNR-PC,200,4701815876319261908,round,0.0,0.0,0.0,0.0,0.0,0.0,1.0,0.0
primary,XNR-PC,200,4701815876319261908,subsweep,0.0,0.0,0.0,0.0,0.0,0.0,1.0,0.0
primary,XNR-PW-CONV-ZERO,200,7822082833909267661,round,4294967296.0,4294967296.0,4294967296.0,4294967296.0,4294967296.0,4294967296.0,200.0,200.0
primary,XNR-PW-CONV-ZERO,200,7822082833909267661,subsweep,10737418.0,10737418.0,10737418.0,10737418.0,10737418.0,10737418.0,200.0,200.0
primary,XNR-PW-CONV-OFFSET,200,7822082833909267661,round,4294967296.0,4294967296.0,4294967296.0,4294967296.0,4294967296.0,4294967296.0,200.0,200.0
primary,XNR-PW-CONV-OFFSET,200,7822082833909267661,subsweep,23517.33718592965,0.0,0.0,10728803.0,389838110.0,39078450.0,3.0,2.100242764874886
primary,XNR-PW-MT-ZERO,200,7822082833909267661,round,4294967296.0,4294967296.0,4294967296.0,4294967296.0,4294967296.0,4294967296.0,200.0,200.0
primary,XNR-PW-MT-ZERO,200,7822082833909267661,subsweep,10737418.0,10737418.0,10737418.0,10737418.0,10737418.0,10737418.0,200.0,200.0
primary,XNR-PW-MT-OFFSET,200,7822082833909267661,round,4294967296.0,4294967296.0,4294967296.0,4294967296.0,4294967296.0,4294967296.0,200.0,200.0
primary,XNR-PW-MT-OFFSET,200,7822082833909267661,subsweep,23517.33718592965,0.0,0.0,10728803.0,389838110.0,39078450.0,3.0,2.1002427648748863
primary,XNR-PC,200,7822082833909267661,round,0.0,0.0,0.0,0.0,0.0,0.0,1.0,0.0
primary,XNR-PC,200,7822082833909267661,subsweep,0.0,0.0,0.0,0.0,0.0,0.0,1.0,0.0
primary,XNR-PW-CONV-ZERO,200,12102592183121031244,round,4294967296.0,4294967296.0,4294967296.0,4294967296.0,4294967296.0,4294967296.0,200.0,200.0
primary,XNR-PW-CONV-ZERO,200,12102592183121031244,subsweep,10737418.0,10737418.0,10737418.0,10737418.0,10737418.0,10737418.0,200.0,200.0
primary,XNR-PW-CONV-OFFSET,200,12102592183121031244,round,4294967296.0,4294967296.0,4294967296.0,4294967296.0,4294967296.0,4294967296.0,200.0,200.0
primary,XNR-PW-CONV-OFFSET,200,12102592183121031244,subsweep,22456.051507537704,0.0,0.0,10664863.0,356099237.0,44840528.0,4.0,2.1269465567543473
primary,XNR-PW-MT-ZERO,200,12102592183121031244,round,4294967296.0,4294967296.0,4294967296.0,4294967296.0,4294967296.0,4294967296.0,200.0,200.0
primary,XNR-PW-MT-ZERO,200,12102592183121031244,subsweep,10737418.0,10737418.0,10737418.0,10737418.0,10737418.0,10737418.0,200.0,200.0
primary,XNR-PW-MT-OFFSET,200,12102592183121031244,round,4294967296.0,4294967296.0,4294967296.0,4294967296.0,4294967296.0,4294967296.0,200.0,200.0
primary,XNR-PW-MT-OFFSET,200,12102592183121031244,subsweep,22456.05150753769,0.0,0.0,10664863.0,356099237.0,44840528.0,4.0,2.1269465567543464
primary,XNR-PC,200,12102592183121031244,round,0.0,0.0,0.0,0.0,0.0,0.0,1.0,0.0
primary,XNR-PC,200,12102592183121031244,subsweep,0.0,0.0,0.0,0.0,0.0,0.0,1.0,0.0
primary,XNR-PW-CONV-ZERO,200,4849566379269777204,round,4294967296.0,4294967296.0,4294967296.0,4294967296.0,4294967296.0,4294967296.0,200.0,200.0
primary,XNR-PW-CONV-ZERO,200,4849566379269777204,subsweep,10737418.0,10737418.0,10737418.0,10737418.0,10737418.0,10737418.0,200.0,200.0
primary,XNR-PW-CONV-OFFSET,200,4849566379269777204,round,4294967296.0,4294967296.0,4294967296.0,4294967296.0,4294967296.0,4294967296.0,200.0,200.0
primary,XNR-PW-CONV-OFFSET,200,4849566379269777204,subsweep,27958.697236180902,0.0,0.0,10676998.0,377102305.0,67457973.0,4.0,2.2180962033631695
primary,XNR-PW-MT-ZERO,200,4849566379269777204,round,4294967296.0,4294967296.0,4294967296.0,4294967296.0,4294967296.0,4294967296.0,200.0,200.0
primary,XNR-PW-MT-ZERO,200,4849566379269777204,subsweep,10737418.0,10737418.0,10737418.0,10737418.0,10737418.0,10737418.0,200.0,200.0
primary,XNR-PW-MT-OFFSET,200,4849566379269777204,round,4294967296.0,4294967296.0,4294967296.0,4294967296.0,4294967296.0,4294967296.0,200.0,200.0
primary,XNR-PW-MT-OFFSET,200,4849566379269777204,subsweep,27958.697236180906,0.0,0.0,10676998.0,377102305.0,67457973.0,4.0,2.2180962033631695
primary,XNR-PC,200,4849566379269777204,round,0.0,0.0,0.0,0.0,0.0,0.0,1.0,0.0
primary,XNR-PC,200,4849566379269777204,subsweep,0.0,0.0,0.0,0.0,0.0,0.0,1.0,0.0
primary,XNR-PW-CONV-ZERO,200,4171531546602603804,round,4294967296.0,4294967296.0,4294967296.0,4294967296.0,4294967296.0,4294967296.0,200.0,200.0
primary,XNR-PW-CONV-ZERO,200,4171531546602603804,subsweep,10737418.0,10737418.0,10737418.0,10737418.0,10737418.0,10737418.0,200.0,200.0
primary,XNR-PW-CONV-OFFSET,200,4171531546602603804,round,4294967296.0,4294967296.0,4294967296.0,4294967296.0,4294967296.0,4294967296.0,200.0,200.0
primary,XNR-PW-CONV-OFFSET,200,4171531546602603804,subsweep,29580.26798994974,0.0,0.0,10631996.0,425486769.0,68537716.0,4.0,2.1815162435756017
primary,XNR-PW-MT-ZERO,200,4171531546602603804,round,4294967296.0,4294967296.0,4294967296.0,4294967296.0,4294967296.0,4294967296.0,200.0,200.0
primary,XNR-PW-MT-ZERO,200,4171531546602603804,subsweep,10737418.0,10737418.0,10737418.0,10737418.0,10737418.0,10737418.0,200.0,200.0
primary,XNR-PW-MT-OFFSET,200,4171531546602603804,round,4294967296.0,4294967296.0,4294967296.0,4294967296.0,4294967296.0,4294967296.0,200.0,200.0
primary,XNR-PW-MT-OFFSET,200,4171531546602603804,subsweep,29580.26798994975,0.0,0.0,10631996.0,425486769.0,68537716.0,4.0,2.181516243575602
primary,XNR-PC,200,4171531546602603804,round,0.0,0.0,0.0,0.0,0.0,0.0,1.0,0.0
primary,XNR-PC,200,4171531546602603804,subsweep,0.0,0.0,0.0,0.0,0.0,0.0,1.0,0.0
primary,XNR-PW-CONV-ZERO,200,6773169848162830496,round,4294967296.0,4294967296.0,4294967296.0,4294967296.0,4294967296.0,4294967296.0,200.0,200.0
primary,XNR-PW-CONV-ZERO,200,6773169848162830496,subsweep,10737418.0,10737418.0,10737418.0,10737418.0,10737418.0,10737418.0,200.0,200.0
primary,XNR-PW-CONV-OFFSET,200,6773169848162830496,round,4294967296.0,4294967296.0,4294967296.0,4294967296.0,4294967296.0,4294967296.0,200.0,200.0
primary,XNR-PW-CONV-OFFSET,200,6773169848162830496,subsweep,30704.20698492462,0.0,0.0,10699548.0,432118232.0,80707860.0,5.0,2.199982425180338
primary,XNR-PW-MT-ZERO,200,6773169848162830496,round,4294967296.0,4294967296.0,4294967296.0,4294967296.0,4294967296.0,4294967296.0,200.0,200.0
primary,XNR-PW-MT-ZERO,200,6773169848162830496,subsweep,10737418.0,10737418.0,10737418.0,10737418.0,10737418.0,10737418.0,200.0,200.0
primary,XNR-PW-MT-OFFSET,200,6773169848162830496,round,4294967296.0,4294967296.0,4294967296.0,4294967296.0,4294967296.0,4294967296.0,200.0,200.0
primary,XNR-PW-MT-OFFSET,200,6773169848162830496,subsweep,30704.20698492462,0.0,0.0,10699548.0,432118232.0,80707860.0,5.0,2.199982425180338
primary,XNR-PC,200,6773169848162830496,round,0.0,0.0,0.0,0.0,0.0,0.0,1.0,0.0
primary,XNR-PC,200,6773169848162830496,subsweep,0.0,0.0,0.0,0.0,0.0,0.0,1.0,0.0
primary,XNR-PW-CONV-ZERO,200,13259265031399199819,round,4294967296.0,4294967296.0,4294967296.0,4294967296.0,4294967296.0,4294967296.0,200.0,200.0
primary,XNR-PW-CONV-ZERO,200,13259265031399199819,subsweep,10737418.0,10737418.0,10737418.0,10737418.0,10737418.0,10737418.0,200.0,200.0
primary,XNR-PW-CONV-OFFSET,200,13259265031399199819,round,4294967296.0,4294967296.0,4294967296.0,4294967296.0,4294967296.0,4294967296.0,200.0,200.0
primary,XNR-PW-CONV-OFFSET,200,13259265031399199819,subsweep,26605.93190954775,0.0,0.0,10733883.0,394411702.0,62953216.0,4.0,2.1673374615036143
primary,XNR-PW-MT-ZERO,200,13259265031399199819,round,4294967296.0,4294967296.0,4294967296.0,4294967296.0,4294967296.0,4294967296.0,200.0,200.0
primary,XNR-PW-MT-ZERO,200,13259265031399199819,subsweep,10737418.0,10737418.0,10737418.0,10737418.0,10737418.0,10737418.0,200.0,200.0
primary,XNR-PW-MT-OFFSET,200,13259265031399199819,round,4294967296.0,4294967296.0,4294967296.0,4294967296.0,4294967296.0,4294967296.0,200.0,200.0
primary,XNR-PW-MT-OFFSET,200,13259265031399199819,subsweep,26605.93190954774,0.0,0.0,10733883.0,394411702.0,62953216.0,4.0,2.1673374615036143
primary,XNR-PC,200,13259265031399199819,round,0.0,0.0,0.0,0.0,0.0,0.0,1.0,0.0
primary,XNR-PC,200,13259265031399199819,subsweep,0.0,0.0,0.0,0.0,0.0,0.0,1.0,0.0
primary,XNR-PW-CONV-ZERO,200,7383040523285475032,round,4294967296.0,4294967296.0,4294967296.0,4294967296.0,4294967296.0,4294967296.0,200.0,200.0
primary,XNR-PW-CONV-ZERO,200,7383040523285475032,subsweep,10737418.0,10737418.0,10737418.0,10737418.0,10737418.0,10737418.0,200.0,200.0
primary,XNR-PW-CONV-OFFSET,200,7383040523285475032,round,4294967296.0,4294967296.0,4294967296.0,4294967296.0,4294967296.0,4294967296.0,200.0,200.0
primary,XNR-PW-CONV-OFFSET,200,7383040523285475032,subsweep,27131.057236180914,0.0,0.0,10729786.0,401671469.0,59765893.0,4.0,2.1643154321224642
primary,XNR-PW-MT-ZERO,200,7383040523285475032,round,4294967296.0,4294967296.0,4294967296.0,4294967296.0,4294967296.0,4294967296.0,200.0,200.0
primary,XNR-PW-MT-ZERO,200,7383040523285475032,subsweep,10737418.0,10737418.0,10737418.0,10737418.0,10737418.0,10737418.0,200.0,200.0
primary,XNR-PW-MT-OFFSET,200,7383040523285475032,round,4294967296.0,4294967296.0,4294967296.0,4294967296.0,4294967296.0,4294967296.0,200.0,200.0
primary,XNR-PW-MT-OFFSET,200,7383040523285475032,subsweep,27131.057236180906,0.0,0.0,10729786.0,401671469.0,59765893.0,4.0,2.1643154321224642
primary,XNR-PC,200,7383040523285475032,round,0.0,0.0,0.0,0.0,0.0,0.0,1.0,0.0
primary,XNR-PC,200,7383040523285475032,subsweep,0.0,0.0,0.0,0.0,0.0,0.0,1.0,0.0
primary,XNR-PW-CONV-ZERO,200,8469065342115915783,round,4294967296.0,4294967296.0,4294967296.0,4294967296.0,4294967296.0,4294967296.0,200.0,200.0
primary,XNR-PW-CONV-ZERO,200,8469065342115915783,subsweep,10737418.0,10737418.0,10737418.0,10737418.0,10737418.0,10737418.0,200.0,200.0
primary,XNR-PW-CONV-OFFSET,200,8469065342115915783,round,4294967296.0,4294967296.0,4294967296.0,4294967296.0,4294967296.0,4294967296.0,200.0,200.0
primary,XNR-PW-CONV-OFFSET,200,8469065342115915783,subsweep,23577.333366834166,0.0,0.0,10606722.0,366731561.0,45623644.0,4.0,2.134595285078286
primary,XNR-PW-MT-ZERO,200,8469065342115915783,round,4294967296.0,4294967296.0,4294967296.0,4294967296.0,4294967296.0,4294967296.0,200.0,200.0
primary,XNR-PW-MT-ZERO,200,8469065342115915783,subsweep,10737418.0,10737418.0,10737418.0,10737418.0,10737418.0,10737418.0,200.0,200.0
primary,XNR-PW-MT-OFFSET,200,8469065342115915783,round,4294967296.0,4294967296.0,4294967296.0,4294967296.0,4294967296.0,4294967296.0,200.0,200.0
primary,XNR-PW-MT-OFFSET,200,8469065342115915783,subsweep,23577.33336683417,0.0,0.0,10606722.0,366731561.0,45623644.0,4.0,2.1345952850782863
primary,XNR-PC,200,8469065342115915783,round,0.0,0.0,0.0,0.0,0.0,0.0,1.0,0.0
primary,XNR-PC,200,8469065342115915783,subsweep,0.0,0.0,0.0,0.0,0.0,0.0,1.0,0.0
primary,XNR-PW-CONV-ZERO,200,11167473384098259577,round,4294967296.0,4294967296.0,4294967296.0,4294967296.0,4294967296.0,4294967296.0,200.0,200.0
primary,XNR-PW-CONV-ZERO,200,11167473384098259577,subsweep,10737418.0,10737418.0,10737418.0,10737418.0,10737418.0,10737418.0,200.0,200.0
primary,XNR-PW-CONV-OFFSET,200,11167473384098259577,round,4294967296.0,4294967296.0,4294967296.0,4294967296.0,4294967296.0,4294967296.0,200.0,200.0
primary,XNR-PW-CONV-OFFSET,200,11167473384098259577,subsweep,24633.558944723623,0.0,0.0,10732208.0,315594133.0,58991778.0,5.0,2.2457881021508084
primary,XNR-PW-MT-ZERO,200,11167473384098259577,round,4294967296.0,4294967296.0,4294967296.0,4294967296.0,4294967296.0,4294967296.0,200.0,200.0
primary,XNR-PW-MT-ZERO,200,11167473384098259577,subsweep,10737418.0,10737418.0,10737418.0,10737418.0,10737418.0,10737418.0,200.0,200.0
primary,XNR-PW-MT-OFFSET,200,11167473384098259577,round,4294967296.0,4294967296.0,4294967296.0,4294967296.0,4294967296.0,4294967296.0,200.0,200.0
primary,XNR-PW-MT-OFFSET,200,11167473384098259577,subsweep,24633.55894472362,0.0,0.0,10732208.0,315594133.0,58991778.0,5.0,2.245788102150809
primary,XNR-PC,200,11167473384098259577,round,0.0,0.0,0.0,0.0,0.0,0.0,1.0,0.0
primary,XNR-PC,200,11167473384098259577,subsweep,0.0,0.0,0.0,0.0,0.0,0.0,1.0,0.0
primary,XNR-PW-CONV-ZERO,200,3927382471087979842,round,4294967296.0,4294967296.0,4294967296.0,4294967296.0,4294967296.0,4294967296.0,200.0,200.0
primary,XNR-PW-CONV-ZERO,200,3927382471087979842,subsweep,10737418.0,10737418.0,10737418.0,10737418.0,10737418.0,10737418.0,200.0,200.0
primary,XNR-PW-CONV-OFFSET,200,3927382471087979842,round,4294967296.0,4294967296.0,4294967296.0,4294967296.0,4294967296.0,4294967296.0,200.0,200.0
primary,XNR-PW-CONV-OFFSET,200,3927382471087979842,subsweep,28577.231909547736,0.0,0.0,10676148.0,412230893.0,63220862.0,4.0,2.177632557975222
primary,XNR-PW-MT-ZERO,200,3927382471087979842,round,4294967296.0,4294967296.0,4294967296.0,4294967296.0,4294967296.0,4294967296.0,200.0,200.0
primary,XNR-PW-MT-ZERO,200,3927382471087979842,subsweep,10737418.0,10737418.0,10737418.0,10737418.0,10737418.0,10737418.0,200.0,200.0
primary,XNR-PW-MT-OFFSET,200,3927382471087979842,round,4294967296.0,4294967296.0,4294967296.0,4294967296.0,4294967296.0,4294967296.0,200.0,200.0
primary,XNR-PW-MT-OFFSET,200,3927382471087979842,subsweep,28577.23190954774,0.0,0.0,10676148.0,412230893.0,63220862.0,4.0,2.177632557975222
primary,XNR-PC,200,3927382471087979842,round,0.0,0.0,0.0,0.0,0.0,0.0,1.0,0.0
primary,XNR-PC,200,3927382471087979842,subsweep,0.0,0.0,0.0,0.0,0.0,0.0,1.0,0.0
primary,XNR-PW-CONV-ZERO,200,12250540210932396121,round,4294967296.0,4294967296.0,4294967296.0,4294967296.0,4294967296.0,4294967296.0,200.0,200.0
primary,XNR-PW-CONV-ZERO,200,12250540210932396121,subsweep,10737418.0,10737418.0,10737418.0,10737418.0,10737418.0,10737418.0,200.0,200.0
primary,XNR-PW-CONV-OFFSET,200,12250540210932396121,round,4294967296.0,4294967296.0,4294967296.0,4294967296.0,4294967296.0,4294967296.0,200.0,200.0
primary,XNR-PW-CONV-OFFSET,200,12250540210932396121,subsweep,23092.290603015084,0.0,0.0,10726662.0,352330590.0,48979806.0,4.0,2.1477644419123534
primary,XNR-PW-MT-ZERO,200,12250540210932396121,round,4294967296.0,4294967296.0,4294967296.0,4294967296.0,4294967296.0,4294967296.0,200.0,200.0
primary,XNR-PW-MT-ZERO,200,12250540210932396121,subsweep,10737418.0,10737418.0,10737418.0,10737418.0,10737418.0,10737418.0,200.0,200.0
primary,XNR-PW-MT-OFFSET,200,12250540210932396121,round,4294967296.0,4294967296.0,4294967296.0,4294967296.0,4294967296.0,4294967296.0,200.0,200.0
primary,XNR-PW-MT-OFFSET,200,12250540210932396121,subsweep,23092.290603015077,0.0,0.0,10726662.0,352330590.0,48979806.0,4.0,2.147764441912353
primary,XNR-PC,200,12250540210932396121,round,0.0,0.0,0.0,0.0,0.0,0.0,1.0,0.0
primary,XNR-PC,200,12250540210932396121,subsweep,0.0,0.0,0.0,0.0,0.0,0.0,1.0,0.0
primary,XNR-PW-CONV-ZERO,200,12687317089305426264,round,4294967296.0,4294967296.0,4294967296.0,4294967296.0,4294967296.0,4294967296.0,200.0,200.0
primary,XNR-PW-CONV-ZERO,200,12687317089305426264,subsweep,10737418.0,10737418.0,10737418.0,10737418.0,10737418.0,10737418.0,200.0,200.0
primary,XNR-PW-CONV-OFFSET,200,12687317089305426264,round,4294967296.0,4294967296.0,4294967296.0,4294967296.0,4294967296.0,4294967296.0,200.0,200.0
primary,XNR-PW-CONV-OFFSET,200,12687317089305426264,subsweep,25398.900703517596,0.0,0.0,10469079.0,382627124.0,45586947.0,4.0,2.146703266650797
primary,XNR-PW-MT-ZERO,200,12687317089305426264,round,4294967296.0,4294967296.0,4294967296.0,4294967296.0,4294967296.0,4294967296.0,200.0,200.0
primary,XNR-PW-MT-ZERO,200,12687317089305426264,subsweep,10737418.0,10737418.0,10737418.0,10737418.0,10737418.0,10737418.0,200.0,200.0
primary,XNR-PW-MT-OFFSET,200,12687317089305426264,round,4294967296.0,4294967296.0,4294967296.0,4294967296.0,4294967296.0,4294967296.0,200.0,200.0
primary,XNR-PW-MT-OFFSET,200,12687317089305426264,subsweep,25398.90070351759,0.0,0.0,10469079.0,382627124.0,45586947.0,4.0,2.146703266650798
primary,XNR-PC,200,12687317089305426264,round,0.0,0.0,0.0,0.0,0.0,0.0,1.0,0.0
primary,XNR-PC,200,12687317089305426264,subsweep,0.0,0.0,0.0,0.0,0.0,0.0,1.0,0.0
primary,XNR-PW-CONV-ZERO,200,3068354826123602611,round,4294967296.0,4294967296.0,4294967296.0,4294967296.0,4294967296.0,4294967296.0,200.0,200.0
primary,XNR-PW-CONV-ZERO,200,3068354826123602611,subsweep,10737418.0,10737418.0,10737418.0,10737418.0,10737418.0,10737418.0,200.0,200.0
primary,XNR-PW-CONV-OFFSET,200,3068354826123602611,round,4294967296.0,4294967296.0,4294967296.0,4294967296.0,4294967296.0,4294967296.0,200.0,200.0
primary,XNR-PW-CONV-OFFSET,200,3068354826123602611,subsweep,32093.307939698494,0.0,0.0,10712758.0,410937252.0,82961574.0,5.0,2.2468867242047943
primary,XNR-PW-MT-ZERO,200,3068354826123602611,round,4294967296.0,4294967296.0,4294967296.0,4294967296.0,4294967296.0,4294967296.0,200.0,200.0
primary,XNR-PW-MT-ZERO,200,3068354826123602611,subsweep,10737418.0,10737418.0,10737418.0,10737418.0,10737418.0,10737418.0,200.0,200.0
primary,XNR-PW-MT-OFFSET,200,3068354826123602611,round,4294967296.0,4294967296.0,4294967296.0,4294967296.0,4294967296.0,4294967296.0,200.0,200.0
primary,XNR-PW-MT-OFFSET,200,3068354826123602611,subsweep,32093.307939698494,0.0,0.0,10712758.0,410937252.0,82961574.0,5.0,2.2468867242047943
primary,XNR-PC,200,3068354826123602611,round,0.0,0.0,0.0,0.0,0.0,0.0,1.0,0.0
primary,XNR-PC,200,3068354826123602611,subsweep,0.0,0.0,0.0,0.0,0.0,0.0,1.0,0.0
primary,XNR-PW-CONV-ZERO,200,6452565723836495873,round,4294967296.0,4294967296.0,4294967296.0,4294967296.0,4294967296.0,4294967296.0,200.0,200.0
primary,XNR-PW-CONV-ZERO,200,6452565723836495873,subsweep,10737418.0,10737418.0,10737418.0,10737418.0,10737418.0,10737418.0,200.0,200.0
primary,XNR-PW-CONV-OFFSET,200,6452565723836495873,round,4294967296.0,4294967296.0,4294967296.0,4294967296.0,4294967296.0,4294967296.0,200.0,200.0
primary,XNR-PW-CONV-OFFSET,200,6452565723836495873,subsweep,20423.84718592965,0.0,0.0,10728972.0,345939905.0,30247327.0,3.0,2.087435206412512
primary,XNR-PW-MT-ZERO,200,6452565723836495873,round,4294967296.0,4294967296.0,4294967296.0,4294967296.0,4294967296.0,4294967296.0,200.0,200.0
primary,XNR-PW-MT-ZERO,200,6452565723836495873,subsweep,10737418.0,10737418.0,10737418.0,10737418.0,10737418.0,10737418.0,200.0,200.0
primary,XNR-PW-MT-OFFSET,200,6452565723836495873,round,4294967296.0,4294967296.0,4294967296.0,4294967296.0,4294967296.0,4294967296.0,200.0,200.0
primary,XNR-PW-MT-OFFSET,200,6452565723836495873,subsweep,20423.847185929648,0.0,0.0,10728972.0,345939905.0,30247327.0,3.0,2.0874352064125126
primary,XNR-PC,200,6452565723836495873,round,0.0,0.0,0.0,0.0,0.0,0.0,1.0,0.0
primary,XNR-PC,200,6452565723836495873,subsweep,0.0,0.0,0.0,0.0,0.0,0.0,1.0,0.0
primary,XNR-PW-CONV-ZERO,200,12576523555926126553,round,4294967296.0,4294967296.0,4294967296.0,4294967296.0,4294967296.0,4294967296.0,200.0,200.0
primary,XNR-PW-CONV-ZERO,200,12576523555926126553,subsweep,10737418.0,10737418.0,10737418.0,10737418.0,10737418.0,10737418.0,200.0,200.0
primary,XNR-PW-CONV-OFFSET,200,12576523555926126553,round,4294967296.0,4294967296.0,4294967296.0,4294967296.0,4294967296.0,4294967296.0,200.0,200.0
primary,XNR-PW-CONV-OFFSET,200,12576523555926126553,subsweep,26282.76814070351,0.0,0.0,10731197.0,376922979.0,56092011.0,4.0,2.178812939924259
primary,XNR-PW-MT-ZERO,200,12576523555926126553,round,4294967296.0,4294967296.0,4294967296.0,4294967296.0,4294967296.0,4294967296.0,200.0,200.0
primary,XNR-PW-MT-ZERO,200,12576523555926126553,subsweep,10737418.0,10737418.0,10737418.0,10737418.0,10737418.0,10737418.0,200.0,200.0
primary,XNR-PW-MT-OFFSET,200,12576523555926126553,round,4294967296.0,4294967296.0,4294967296.0,4294967296.0,4294967296.0,4294967296.0,200.0,200.0
primary,XNR-PW-MT-OFFSET,200,12576523555926126553,subsweep,26282.768140703516,0.0,0.0,10731197.0,376922979.0,56092011.0,4.0,2.1788129399242595
primary,XNR-PC,200,12576523555926126553,round,0.0,0.0,0.0,0.0,0.0,0.0,1.0,0.0
primary,XNR-PC,200,12576523555926126553,subsweep,0.0,0.0,0.0,0.0,0.0,0.0,1.0,0.0
primary,XNR-PW-CONV-ZERO,200,7616672725889129548,round,4294967296.0,4294967296.0,4294967296.0,4294967296.0,4294967296.0,4294967296.0,200.0,200.0
primary,XNR-PW-CONV-ZERO,200,7616672725889129548,subsweep,10737418.0,10737418.0,10737418.0,10737418.0,10737418.0,10737418.0,200.0,200.0
primary,XNR-PW-CONV-OFFSET,200,7616672725889129548,round,4294967296.0,4294967296.0,4294967296.0,4294967296.0,4294967296.0,4294967296.0,200.0,200.0
primary,XNR-PW-CONV-OFFSET,200,7616672725889129548,subsweep,24939.763366834166,0.0,0.0,10736830.0,409457471.0,43421910.0,3.0,2.1060474239093807
primary,XNR-PW-MT-ZERO,200,7616672725889129548,round,4294967296.0,4294967296.0,4294967296.0,4294967296.0,4294967296.0,4294967296.0,200.0,200.0
primary,XNR-PW-MT-ZERO,200,7616672725889129548,subsweep,10737418.0,10737418.0,10737418.0,10737418.0,10737418.0,10737418.0,200.0,200.0
primary,XNR-PW-MT-OFFSET,200,7616672725889129548,round,4294967296.0,4294967296.0,4294967296.0,4294967296.0,4294967296.0,4294967296.0,200.0,200.0
primary,XNR-PW-MT-OFFSET,200,7616672725889129548,subsweep,24939.76336683417,0.0,0.0,10736830.0,409457471.0,43421910.0,3.0,2.1060474239093807
primary,XNR-PC,200,7616672725889129548,round,0.0,0.0,0.0,0.0,0.0,0.0,1.0,0.0
primary,XNR-PC,200,7616672725889129548,subsweep,0.0,0.0,0.0,0.0,0.0,0.0,1.0,0.0
primary,XNR-PW-CONV-ZERO,300,18231826143518580289,round,4294967296.0,4294967296.0,4294967296.0,4294967296.0,4294967296.0,4294967296.0,300.0,300.0
primary,XNR-PW-CONV-ZERO,300,18231826143518580289,subsweep,7158278.0,7158278.0,7158278.0,7158278.0,7158278.0,7158278.0,300.0,300.0
primary,XNR-PW-CONV-OFFSET,300,18231826143518580289,round,4294967296.0,4294967296.0,4294967296.0,4294967296.0,4294967296.0,4294967296.0,300.0,300.0
primary,XNR-PW-CONV-OFFSET,300,18231826143518580289,subsweep,15456.568049052403,0.0,0.0,7102942.0,428568984.0,94783923.0,5.0,2.277240086044117
primary,XNR-PW-MT-ZERO,300,18231826143518580289,round,4294967296.0,4294967296.0,4294967296.0,4294967296.0,4294967296.0,4294967296.0,300.0,300.0
primary,XNR-PW-MT-ZERO,300,18231826143518580289,subsweep,7158278.0,7158278.0,7158278.0,7158278.0,7158278.0,7158278.0,300.0,300.0
primary,XNR-PW-MT-OFFSET,300,18231826143518580289,round,4294967296.0,4294967296.0,4294967296.0,4294967296.0,4294967296.0,4294967296.0,300.0,300.0
primary,XNR-PW-MT-OFFSET,300,18231826143518580289,subsweep,15456.568049052397,0.0,0.0,7102942.0,428568984.0,94783923.0,5.0,2.2772400860441175
primary,XNR-PC,300,18231826143518580289,round,0.0,0.0,0.0,0.0,0.0,0.0,1.0,0.0
primary,XNR-PC,300,18231826143518580289,subsweep,0.0,0.0,0.0,0.0,0.0,0.0,1.0,0.0
primary,XNR-PW-CONV-ZERO,300,8906286495562900921,round,4294967296.0,4294967296.0,4294967296.0,4294967296.0,4294967296.0,4294967296.0,300.0,300.0
primary,XNR-PW-CONV-ZERO,300,8906286495562900921,subsweep,7158278.0,7158278.0,7158278.0,7158278.0,7158278.0,7158278.0,300.0,300.0
primary,XNR-PW-CONV-OFFSET,300,8906286495562900921,round,4294967296.0,4294967296.0,4294967296.0,4294967296.0,4294967296.0,4294967296.0,300.0,300.0
primary,XNR-PW-CONV-OFFSET,300,8906286495562900921,subsweep,12742.691081382389,0.0,0.0,7113521.0,419490576.0,63764549.0,5.0,2.171237958871333
primary,XNR-PW-MT-ZERO,300,8906286495562900921,round,4294967296.0,4294967296.0,4294967296.0,4294967296.0,4294967296.0,4294967296.0,300.0,300.0
primary,XNR-PW-MT-ZERO,300,8906286495562900921,subsweep,7158278.0,7158278.0,7158278.0,7158278.0,7158278.0,7158278.0,300.0,300.0
primary,XNR-PW-MT-OFFSET,300,8906286495562900921,round,4294967296.0,4294967296.0,4294967296.0,4294967296.0,4294967296.0,4294967296.0,300.0,300.0
primary,XNR-PW-MT-OFFSET,300,8906286495562900921,subsweep,12742.691081382385,0.0,0.0,7113521.0,419490576.0,63764549.0,5.0,2.1712379588713335
primary,XNR-PC,300,8906286495562900921,round,0.0,0.0,0.0,0.0,0.0,0.0,1.0,0.0
primary,XNR-PC,300,8906286495562900921,subsweep,0.0,0.0,0.0,0.0,0.0,0.0,1.0,0.0
primary,XNR-PW-CONV-ZERO,300,8770642015975544875,round,4294967296.0,4294967296.0,4294967296.0,4294967296.0,4294967296.0,4294967296.0,300.0,300.0
primary,XNR-PW-CONV-ZERO,300,8770642015975544875,subsweep,7158278.0,7158278.0,7158278.0,7158278.0,7158278.0,7158278.0,300.0,300.0
primary,XNR-PW-CONV-OFFSET,300,8770642015975544875,round,4294967296.0,4294967296.0,4294967296.0,4294967296.0,4294967296.0,4294967296.0,300.0,300.0
primary,XNR-PW-CONV-OFFSET,300,8770642015975544875,subsweep,11673.52923076923,0.0,0.0,7081136.0,374370157.0,53288711.0,6.0,2.1767481562372515
primary,XNR-PW-MT-ZERO,300,8770642015975544875,round,4294967296.0,4294967296.0,4294967296.0,4294967296.0,4294967296.0,4294967296.0,300.0,300.0
primary,XNR-PW-MT-ZERO,300,8770642015975544875,subsweep,7158278.0,7158278.0,7158278.0,7158278.0,7158278.0,7158278.0,300.0,300.0
primary,XNR-PW-MT-OFFSET,300,8770642015975544875,round,4294967296.0,4294967296.0,4294967296.0,4294967296.0,4294967296.0,4294967296.0,300.0,300.0
primary,XNR-PW-MT-OFFSET,300,8770642015975544875,subsweep,11673.52923076923,0.0,0.0,7081136.0,374370157.0,53288711.0,6.0,2.1767481562372506
primary,XNR-PC,300,8770642015975544875,round,0.0,0.0,0.0,0.0,0.0,0.0,1.0,0.0
primary,XNR-PC,300,8770642015975544875,subsweep,0.0,0.0,0.0,0.0,0.0,0.0,1.0,0.0
primary,XNR-PW-CONV-ZERO,300,9576473659758073777,round,4294967296.0,4294967296.0,4294967296.0,4294967296.0,4294967296.0,4294967296.0,300.0,300.0
primary,XNR-PW-CONV-ZERO,300,9576473659758073777,subsweep,7158278.0,7158278.0,7158278.0,7158278.0,7158278.0,7158278.0,300.0,300.0
primary,XNR-PW-CONV-OFFSET,300,9576473659758073777,round,4294967296.0,4294967296.0,4294967296.0,4294967296.0,4294967296.0,4294967296.0,300.0,300.0
primary,XNR-PW-CONV-OFFSET,300,9576473659758073777,subsweep,13451.571482720175,0.0,0.0,7138822.0,421875607.0,70924816.0,5.0,2.1972263449685547
primary,XNR-PW-MT-ZERO,300,9576473659758073777,round,4294967296.0,4294967296.0,4294967296.0,4294967296.0,4294967296.0,4294967296.0,300.0,300.0
primary,XNR-PW-MT-ZERO,300,9576473659758073777,subsweep,7158278.0,7158278.0,7158278.0,7158278.0,7158278.0,7158278.0,300.0,300.0
primary,XNR-PW-MT-OFFSET,300,9576473659758073777,round,4294967296.0,4294967296.0,4294967296.0,4294967296.0,4294967296.0,4294967296.0,300.0,300.0
primary,XNR-PW-MT-OFFSET,300,9576473659758073777,subsweep,13451.57148272018,0.0,0.0,7138822.0,421875607.0,70924816.0,5.0,2.197226344968554
primary,XNR-PC,300,9576473659758073777,round,0.0,0.0,0.0,0.0,0.0,0.0,1.0,0.0
primary,XNR-PC,300,9576473659758073777,subsweep,0.0,0.0,0.0,0.0,0.0,0.0,1.0,0.0
primary,XNR-PW-CONV-ZERO,300,16363268894485278985,round,4294967296.0,4294967296.0,4294967296.0,4294967296.0,4294967296.0,4294967296.0,300.0,300.0
primary,XNR-PW-CONV-ZERO,300,16363268894485278985,subsweep,7158278.0,7158278.0,7158278.0,7158278.0,7158278.0,7158278.0,300.0,300.0
primary,XNR-PW-CONV-OFFSET,300,16363268894485278985,round,4294967296.0,4294967296.0,4294967296.0,4294967296.0,4294967296.0,4294967296.0,300.0,300.0
primary,XNR-PW-CONV-OFFSET,300,16363268894485278985,subsweep,10429.851995540694,0.0,0.0,7150788.0,335285946.0,45815662.0,6.0,2.1731460584393245
primary,XNR-PW-MT-ZERO,300,16363268894485278985,round,4294967296.0,4294967296.0,4294967296.0,4294967296.0,4294967296.0,4294967296.0,300.0,300.0
primary,XNR-PW-MT-ZERO,300,16363268894485278985,subsweep,7158278.0,7158278.0,7158278.0,7158278.0,7158278.0,7158278.0,300.0,300.0
primary,XNR-PW-MT-OFFSET,300,16363268894485278985,round,4294967296.0,4294967296.0,4294967296.0,4294967296.0,4294967296.0,4294967296.0,300.0,300.0
primary,XNR-PW-MT-OFFSET,300,16363268894485278985,subsweep,10429.851995540692,0.0,0.0,7150788.0,335285946.0,45815662.0,6.0,2.173146058439324
primary,XNR-PC,300,16363268894485278985,round,0.0,0.0,0.0,0.0,0.0,0.0,1.0,0.0
primary,XNR-PC,300,16363268894485278985,subsweep,0.0,0.0,0.0,0.0,0.0,0.0,1.0,0.0
primary,XNR-PW-CONV-ZERO,300,16585534704111605887,round,4294967296.0,4294967296.0,4294967296.0,4294967296.0,4294967296.0,4294967296.0,300.0,300.0
primary,XNR-PW-CONV-ZERO,300,16585534704111605887,subsweep,7158278.0,7158278.0,7158278.0,7158278.0,7158278.0,7158278.0,300.0,300.0
primary,XNR-PW-CONV-OFFSET,300,16585534704111605887,round,4294967296.0,4294967296.0,4294967296.0,4294967296.0,4294967296.0,4294967296.0,300.0,300.0
primary,XNR-PW-CONV-OFFSET,300,16585534704111605887,subsweep,12982.872017837239,0.0,0.0,7140808.0,390234185.0,70322180.0,5.0,2.221254403942084
primary,XNR-PW-MT-ZERO,300,16585534704111605887,round,4294967296.0,4294967296.0,4294967296.0,4294967296.0,4294967296.0,4294967296.0,300.0,300.0
primary,XNR-PW-MT-ZERO,300,16585534704111605887,subsweep,7158278.0,7158278.0,7158278.0,7158278.0,7158278.0,7158278.0,300.0,300.0
primary,XNR-PW-MT-OFFSET,300,16585534704111605887,round,4294967296.0,4294967296.0,4294967296.0,4294967296.0,4294967296.0,4294967296.0,300.0,300.0
primary,XNR-PW-MT-OFFSET,300,16585534704111605887,subsweep,12982.872017837235,0.0,0.0,7140808.0,390234185.0,70322180.0,5.0,2.2212544039420843
primary,XNR-PC,300,16585534704111605887,round,0.0,0.0,0.0,0.0,0.0,0.0,1.0,0.0
primary,XNR-PC,300,16585534704111605887,subsweep,0.0,0.0,0.0,0.0,0.0,0.0,1.0,0.0
primary,XNR-PW-CONV-ZERO,300,14790319751179523344,round,4294967296.0,4294967296.0,4294967296.0,4294967296.0,4294967296.0,4294967296.0,300.0,300.0
primary,XNR-PW-CONV-ZERO,300,14790319751179523344,subsweep,7158278.0,7158278.0,7158278.0,7158278.0,7158278.0,7158278.0,300.0,300.0
primary,XNR-PW-CONV-OFFSET,300,14790319751179523344,round,4294967296.0,4294967296.0,4294967296.0,4294967296.0,4294967296.0,4294967296.0,300.0,300.0
primary,XNR-PW-CONV-OFFSET,300,14790319751179523344,subsweep,12649.773311036786,0.0,0.0,7015031.0,406713906.0,66893448.0,5.0,2.1856475077102475
primary,XNR-PW-MT-ZERO,300,14790319751179523344,round,4294967296.0,4294967296.0,4294967296.0,4294967296.0,4294967296.0,4294967296.0,300.0,300.0
primary,XNR-PW-MT-ZERO,300,14790319751179523344,subsweep,7158278.0,7158278.0,7158278.0,7158278.0,7158278.0,7158278.0,300.0,300.0
primary,XNR-PW-MT-OFFSET,300,14790319751179523344,round,4294967296.0,4294967296.0,4294967296.0,4294967296.0,4294967296.0,4294967296.0,300.0,300.0
primary,XNR-PW-MT-OFFSET,300,14790319751179523344,subsweep,12649.77331103679,0.0,0.0,7015031.0,406713906.0,66893448.0,5.0,2.185647507710248
primary,XNR-PC,300,14790319751179523344,round,0.0,0.0,0.0,0.0,0.0,0.0,1.0,0.0
primary,XNR-PC,300,14790319751179523344,subsweep,0.0,0.0,0.0,0.0,0.0,0.0,1.0,0.0
primary,XNR-PW-CONV-ZERO,300,15311360825920276038,round,4294967296.0,4294967296.0,4294967296.0,4294967296.0,4294967296.0,4294967296.0,300.0,300.0
primary,XNR-PW-CONV-ZERO,300,15311360825920276038,subsweep,7158278.0,7158278.0,7158278.0,7158278.0,7158278.0,7158278.0,300.0,300.0
primary,XNR-PW-CONV-OFFSET,300,15311360825920276038,round,4294967296.0,4294967296.0,4294967296.0,4294967296.0,4294967296.0,4294967296.0,300.0,300.0
primary,XNR-PW-CONV-OFFSET,300,15311360825920276038,subsweep,10399.38017837235,0.0,0.0,7040934.0,361215155.0,51160197.0,4.0,2.1442881902338793
primary,XNR-PW-MT-ZERO,300,15311360825920276038,round,4294967296.0,4294967296.0,4294967296.0,4294967296.0,4294967296.0,4294967296.0,300.0,300.0
primary,XNR-PW-MT-ZERO,300,15311360825920276038,subsweep,7158278.0,7158278.0,7158278.0,7158278.0,7158278.0,7158278.0,300.0,300.0
primary,XNR-PW-MT-OFFSET,300,15311360825920276038,round,4294967296.0,4294967296.0,4294967296.0,4294967296.0,4294967296.0,4294967296.0,300.0,300.0
primary,XNR-PW-MT-OFFSET,300,15311360825920276038,subsweep,10399.380178372352,0.0,0.0,7040934.0,361215155.0,51160197.0,4.0,2.144288190233879
primary,XNR-PC,300,15311360825920276038,round,0.0,0.0,0.0,0.0,0.0,0.0,1.0,0.0
primary,XNR-PC,300,15311360825920276038,subsweep,0.0,0.0,0.0,0.0,0.0,0.0,1.0,0.0
primary,XNR-PW-CONV-ZERO,300,10419287363523441034,round,4294967296.0,4294967296.0,4294967296.0,4294967296.0,4294967296.0,4294967296.0,300.0,300.0
primary,XNR-PW-CONV-ZERO,300,10419287363523441034,subsweep,7158278.0,7158278.0,7158278.0,7158278.0,7158278.0,7158278.0,300.0,300.0
primary,XNR-PW-CONV-OFFSET,300,10419287363523441034,round,4294967296.0,4294967296.0,4294967296.0,4294967296.0,4294967296.0,4294967296.0,300.0,300.0
primary,XNR-PW-CONV-OFFSET,300,10419287363523441034,subsweep,11358.976120401338,0.0,0.0,7085103.0,368232118.0,60557218.0,4.0,2.1826521634378446
primary,XNR-PW-MT-ZERO,300,10419287363523441034,round,4294967296.0,4294967296.0,4294967296.0,4294967296.0,4294967296.0,4294967296.0,300.0,300.0
primary,XNR-PW-MT-ZERO,300,10419287363523441034,subsweep,7158278.0,7158278.0,7158278.0,7158278.0,7158278.0,7158278.0,300.0,300.0
primary,XNR-PW-MT-OFFSET,300,10419287363523441034,round,4294967296.0,4294967296.0,4294967296.0,4294967296.0,4294967296.0,4294967296.0,300.0,300.0
primary,XNR-PW-MT-OFFSET,300,10419287363523441034,subsweep,11358.976120401338,0.0,0.0,7085103.0,368232118.0,60557218.0,4.0,2.1826521634378455
primary,XNR-PC,300,10419287363523441034,round,0.0,0.0,0.0,0.0,0.0,0.0,1.0,0.0
primary,XNR-PC,300,10419287363523441034,subsweep,0.0,0.0,0.0,0.0,0.0,0.0,1.0,0.0
primary,XNR-PW-CONV-ZERO,300,9964858435511495645,round,4294967296.0,4294967296.0,4294967296.0,4294967296.0,4294967296.0,4294967296.0,300.0,300.0
primary,XNR-PW-CONV-ZERO,300,9964858435511495645,subsweep,7158278.0,7158278.0,7158278.0,7158278.0,7158278.0,7158278.0,300.0,300.0
primary,XNR-PW-CONV-OFFSET,300,9964858435511495645,round,4294967296.0,4294967296.0,4294967296.0,4294967296.0,4294967296.0,4294967296.0,300.0,300.0
primary,XNR-PW-CONV-OFFSET,300,9964858435511495645,subsweep,12118.287090300999,0.0,0.0,6974510.0,366677411.0,67358707.0,5.0,2.221148027032405
primary,XNR-PW-MT-ZERO,300,9964858435511495645,round,4294967296.0,4294967296.0,4294967296.0,4294967296.0,4294967296.0,4294967296.0,300.0,300.0
primary,XNR-PW-MT-ZERO,300,9964858435511495645,subsweep,7158278.0,7158278.0,7158278.0,7158278.0,7158278.0,7158278.0,300.0,300.0
primary,XNR-PW-MT-OFFSET,300,9964858435511495645,round,4294967296.0,4294967296.0,4294967296.0,4294967296.0,4294967296.0,4294967296.0,300.0,300.0
primary,XNR-PW-MT-OFFSET,300,9964858435511495645,subsweep,12118.287090301003,0.0,0.0,6974510.0,366677411.0,67358707.0,5.0,2.221148027032404
primary,XNR-PC,300,9964858435511495645,round,0.0,0.0,0.0,0.0,0.0,0.0,1.0,0.0
primary,XNR-PC,300,9964858435511495645,subsweep,0.0,0.0,0.0,0.0,0.0,0.0,1.0,0.0
primary,XNR-PW-CONV-ZERO,300,12980243426712185825,round,4294967296.0,4294967296.0,4294967296.0,4294967296.0,4294967296.0,4294967296.0,300.0,300.0
primary,XNR-PW-CONV-ZERO,300,12980243426712185825,subsweep,7158278.0,7158278.0,7158278.0,7158278.0,7158278.0,7158278.0,300.0,300.0
primary,XNR-PW-CONV-OFFSET,300,12980243426712185825,round,4294967296.0,4294967296.0,4294967296.0,4294967296.0,4294967296.0,4294967296.0,300.0,300.0
primary,XNR-PW-CONV-OFFSET,300,12980243426712185825,subsweep,10896.266020066889,0.0,0.0,7119685.0,397279110.0,37850896.0,5.0,2.1083433659524653
primary,XNR-PW-MT-ZERO,300,12980243426712185825,round,4294967296.0,4294967296.0,4294967296.0,4294967296.0,4294967296.0,4294967296.0,300.0,300.0
primary,XNR-PW-MT-ZERO,300,12980243426712185825,subsweep,7158278.0,7158278.0,7158278.0,7158278.0,7158278.0,7158278.0,300.0,300.0
primary,XNR-PW-MT-OFFSET,300,12980243426712185825,round,4294967296.0,4294967296.0,4294967296.0,4294967296.0,4294967296.0,4294967296.0,300.0,300.0
primary,XNR-PW-MT-OFFSET,300,12980243426712185825,subsweep,10896.266020066889,0.0,0.0,7119685.0,397279110.0,37850896.0,5.0,2.108343365952466
primary,XNR-PC,300,12980243426712185825,round,0.0,0.0,0.0,0.0,0.0,0.0,1.0,0.0
primary,XNR-PC,300,12980243426712185825,subsweep,0.0,0.0,0.0,0.0,0.0,0.0,1.0,0.0
primary,XNR-PW-CONV-ZERO,300,2834549471034337693,round,4294967296.0,4294967296.0,4294967296.0,4294967296.0,4294967296.0,4294967296.0,300.0,300.0
primary,XNR-PW-CONV-ZERO,300,2834549471034337693,subsweep,7158278.0,7158278.0,7158278.0,7158278.0,7158278.0,7158278.0,300.0,300.0
primary,XNR-PW-CONV-OFFSET,300,2834549471034337693,round,4294967296.0,4294967296.0,4294967296.0,4294967296.0,4294967296.0,4294967296.0,300.0,300.0
primary,XNR-PW-CONV-OFFSET,300,2834549471034337693,subsweep,11336.053311036785,0.0,0.0,6982511.0,405525578.0,43104149.0,4.0,2.1200093326788876
primary,XNR-PW-MT-ZERO,300,2834549471034337693,round,4294967296.0,4294967296.0,4294967296.0,4294967296.0,4294967296.0,4294967296.0,300.0,300.0
primary,XNR-PW-MT-ZERO,300,2834549471034337693,subsweep,7158278.0,7158278.0,7158278.0,7158278.0,7158278.0,7158278.0,300.0,300.0
primary,XNR-PW-MT-OFFSET,300,2834549471034337693,round,4294967296.0,4294967296.0,4294967296.0,4294967296.0,4294967296.0,4294967296.0,300.0,300.0
primary,XNR-PW-MT-OFFSET,300,2834549471034337693,subsweep,11336.053311036789,0.0,0.0,6982511.0,405525578.0,43104149.0,4.0,2.120009332678887
primary,XNR-PC,300,2834549471034337693,round,0.0,0.0,0.0,0.0,0.0,0.0,1.0,0.0
primary,XNR-PC,300,2834549471034337693,subsweep,0.0,0.0,0.0,0.0,0.0,0.0,1.0,0.0
primary,XNR-PW-CONV-ZERO,300,17638313716927524985,round,4294967296.0,4294967296.0,4294967296.0,4294967296.0,4294967296.0,4294967296.0,300.0,300.0
primary,XNR-PW-CONV-ZERO,300,17638313716927524985,subsweep,7158278.0,7158278.0,7158278.0,7158278.0,7158278.0,7158278.0,300.0,300.0
primary,XNR-PW-CONV-OFFSET,300,17638313716927524985,round,4294967296.0,4294967296.0,4294967296.0,4294967296.0,4294967296.0,4294967296.0,300.0,300.0
primary,XNR-PW-CONV-OFFSET,300,17638313716927524985,subsweep,11654.169765886285,0.0,0.0,7143439.0,420457655.0,43785527.0,4.0,2.1157606751148346
primary,XNR-PW-MT-ZERO,300,17638313716927524985,round,4294967296.0,4294967296.0,4294967296.0,4294967296.0,4294967296.0,4294967296.0,300.0,300.0
primary,XNR-PW-MT-ZERO,300,17638313716927524985,subsweep,7158278.0,7158278.0,7158278.0,7158278.0,7158278.0,7158278.0,300.0,300.0
primary,XNR-PW-MT-OFFSET,300,17638313716927524985,round,4294967296.0,4294967296.0,4294967296.0,4294967296.0,4294967296.0,4294967296.0,300.0,300.0
primary,XNR-PW-MT-OFFSET,300,17638313716927524985,subsweep,11654.169765886287,0.0,0.0,7143439.0,420457655.0,43785527.0,4.0,2.115760675114834
primary,XNR-PC,300,17638313716927524985,round,0.0,0.0,0.0,0.0,0.0,0.0,1.0,0.0
primary,XNR-PC,300,17638313716927524985,subsweep,0.0,0.0,0.0,0.0,0.0,0.0,1.0,0.0
primary,XNR-PW-CONV-ZERO,300,4701815876319261908,round,4294967296.0,4294967296.0,4294967296.0,4294967296.0,4294967296.0,4294967296.0,300.0,300.0
primary,XNR-PW-CONV-ZERO,300,4701815876319261908,subsweep,7158278.0,7158278.0,7158278.0,7158278.0,7158278.0,7158278.0,300.0,300.0
primary,XNR-PW-CONV-OFFSET,300,4701815876319261908,round,4294967296.0,4294967296.0,4294967296.0,4294967296.0,4294967296.0,4294967296.0,300.0,300.0
primary,XNR-PW-CONV-OFFSET,300,4701815876319261908,subsweep,11411.767959866218,0.0,0.0,7138316.0,412644179.0,48083057.0,4.0,2.1189537124186595
primary,XNR-PW-MT-ZERO,300,4701815876319261908,round,4294967296.0,4294967296.0,4294967296.0,4294967296.0,4294967296.0,4294967296.0,300.0,300.0
primary,XNR-PW-MT-ZERO,300,4701815876319261908,subsweep,7158278.0,7158278.0,7158278.0,7158278.0,7158278.0,7158278.0,300.0,300.0
primary,XNR-PW-MT-OFFSET,300,4701815876319261908,round,4294967296.0,4294967296.0,4294967296.0,4294967296.0,4294967296.0,4294967296.0,300.0,300.0
primary,XNR-PW-MT-OFFSET,300,4701815876319261908,subsweep,11411.767959866222,0.0,0.0,7138316.0,412644179.0,48083057.0,4.0,2.11895371241866
primary,XNR-PC,300,4701815876319261908,round,0.0,0.0,0.0,0.0,0.0,0.0,1.0,0.0
primary,XNR-PC,300,4701815876319261908,subsweep,0.0,0.0,0.0,0.0,0.0,0.0,1.0,0.0
primary,XNR-PW-CONV-ZERO,300,7822082833909267661,round,4294967296.0,4294967296.0,4294967296.0,4294967296.0,4294967296.0,4294967296.0,300.0,300.0
primary,XNR-PW-CONV-ZERO,300,7822082833909267661,subsweep,7158278.0,7158278.0,7158278.0,7158278.0,7158278.0,7158278.0,300.0,300.0
primary,XNR-PW-CONV-OFFSET,300,7822082833909267661,round,4294967296.0,4294967296.0,4294967296.0,4294967296.0,4294967296.0,4294967296.0,300.0,300.0
primary,XNR-PW-CONV-OFFSET,300,7822082833909267661,subsweep,11673.570211817165,0.0,0.0,7149663.0,378004142.0,68382756.0,4.0,2.188655990970596
primary,XNR-PW-MT-ZERO,300,7822082833909267661,round,4294967296.0,4294967296.0,4294967296.0,4294967296.0,4294967296.0,4294967296.0,300.0,300.0
primary,XNR-PW-MT-ZERO,300,7822082833909267661,subsweep,7158278.0,7158278.0,7158278.0,7158278.0,7158278.0,7158278.0,300.0,300.0
primary,XNR-PW-MT-OFFSET,300,7822082833909267661,round,4294967296.0,4294967296.0,4294967296.0,4294967296.0,4294967296.0,4294967296.0,300.0,300.0
primary,XNR-PW-MT-OFFSET,300,7822082833909267661,subsweep,11673.570211817168,0.0,0.0,7149663.0,378004142.0,68382756.0,4.0,2.1886559909705965
primary,XNR-PC,300,7822082833909267661,round,0.0,0.0,0.0,0.0,0.0,0.0,1.0,0.0
primary,XNR-PC,300,7822082833909267661,subsweep,0.0,0.0,0.0,0.0,0.0,0.0,1.0,0.0
primary,XNR-PW-CONV-ZERO,300,12102592183121031244,round,4294967296.0,4294967296.0,4294967296.0,4294967296.0,4294967296.0,4294967296.0,300.0,300.0
primary,XNR-PW-CONV-ZERO,300,12102592183121031244,subsweep,7158278.0,7158278.0,7158278.0,7158278.0,7158278.0,7158278.0,300.0,300.0
primary,XNR-PW-CONV-OFFSET,300,12102592183121031244,round,4294967296.0,4294967296.0,4294967296.0,4294967296.0,4294967296.0,4294967296.0,300.0,300.0
primary,XNR-PW-CONV-OFFSET,300,12102592183121031244,subsweep,10632.042630992191,0.0,0.0,7085723.0,387915070.0,44466021.0,3.0,2.1146282380831445
primary,XNR-PW-MT-ZERO,300,12102592183121031244,round,4294967296.0,4294967296.0,4294967296.0,4294967296.0,4294967296.0,4294967296.0,300.0,300.0
primary,XNR-PW-MT-ZERO,300,12102592183121031244,subsweep,7158278.0,7158278.0,7158278.0,7158278.0,7158278.0,7158278.0,300.0,300.0
primary,XNR-PW-MT-OFFSET,300,12102592183121031244,round,4294967296.0,4294967296.0,4294967296.0,4294967296.0,4294967296.0,4294967296.0,300.0,300.0
primary,XNR-PW-MT-OFFSET,300,12102592183121031244,subsweep,10632.042630992197,0.0,0.0,7085723.0,387915070.0,44466021.0,3.0,2.1146282380831454
primary,XNR-PC,300,12102592183121031244,round,0.0,0.0,0.0,0.0,0.0,0.0,1.0,0.0
primary,XNR-PC,300,12102592183121031244,subsweep,0.0,0.0,0.0,0.0,0.0,0.0,1.0,0.0
primary,XNR-PW-CONV-ZERO,300,4849566379269777204,round,4294967296.0,4294967296.0,4294967296.0,4294967296.0,4294967296.0,4294967296.0,300.0,300.0
primary,XNR-PW-CONV-ZERO,300,4849566379269777204,subsweep,7158278.0,7158278.0,7158278.0,7158278.0,7158278.0,7158278.0,300.0,300.0
primary,XNR-PW-CONV-OFFSET,300,4849566379269777204,round,4294967296.0,4294967296.0,4294967296.0,4294967296.0,4294967296.0,4294967296.0,300.0,300.0
primary,XNR-PW-CONV-OFFSET,300,4849566379269777204,subsweep,11535.81061315496,0.0,0.0,7144926.0,386813971.0,54639281.0,4.0,2.1595999023520274
primary,XNR-PW-MT-ZERO,300,4849566379269777204,round,4294967296.0,4294967296.0,4294967296.0,4294967296.0,4294967296.0,4294967296.0,300.0,300.0
primary,XNR-PW-MT-ZERO,300,4849566379269777204,subsweep,7158278.0,7158278.0,7158278.0,7158278.0,7158278.0,7158278.0,300.0,300.0
primary,XNR-PW-MT-OFFSET,300,4849566379269777204,round,4294967296.0,4294967296.0,4294967296.0,4294967296.0,4294967296.0,4294967296.0,300.0,300.0
primary,XNR-PW-MT-OFFSET,300,4849566379269777204,subsweep,11535.810613154961,0.0,0.0,7144926.0,386813971.0,54639281.0,4.0,2.1595999023520274
primary,XNR-PC,300,4849566379269777204,round,0.0,0.0,0.0,0.0,0.0,0.0,1.0,0.0
primary,XNR-PC,300,4849566379269777204,subsweep,0.0,0.0,0.0,0.0,0.0,0.0,1.0,0.0
primary,XNR-PW-CONV-ZERO,300,4171531546602603804,round,4294967296.0,4294967296.0,4294967296.0,4294967296.0,4294967296.0,4294967296.0,300.0,300.0
primary,XNR-PW-CONV-ZERO,300,4171531546602603804,subsweep,7158278.0,7158278.0,7158278.0,7158278.0,7158278.0,7158278.0,300.0,300.0
primary,XNR-PW-CONV-OFFSET,300,4171531546602603804,round,4294967296.0,4294967296.0,4294967296.0,4294967296.0,4294967296.0,4294967296.0,300.0,300.0
primary,XNR-PW-CONV-OFFSET,300,4171531546602603804,subsweep,13065.937703455966,0.0,0.0,7075634.0,429418605.0,72120076.0,4.0,2.1775336655476307
primary,XNR-PW-MT-ZERO,300,4171531546602603804,round,4294967296.0,4294967296.0,4294967296.0,4294967296.0,4294967296.0,4294967296.0,300.0,300.0
primary,XNR-PW-MT-ZERO,300,4171531546602603804,subsweep,7158278.0,7158278.0,7158278.0,7158278.0,7158278.0,7158278.0,300.0,300.0
primary,XNR-PW-MT-OFFSET,300,4171531546602603804,round,4294967296.0,4294967296.0,4294967296.0,4294967296.0,4294967296.0,4294967296.0,300.0,300.0
primary,XNR-PW-MT-OFFSET,300,4171531546602603804,subsweep,13065.937703455964,0.0,0.0,7075634.0,429418605.0,72120076.0,4.0,2.1775336655476303
primary,XNR-PC,300,4171531546602603804,round,0.0,0.0,0.0,0.0,0.0,0.0,1.0,0.0
primary,XNR-PC,300,4171531546602603804,subsweep,0.0,0.0,0.0,0.0,0.0,0.0,1.0,0.0
primary,XNR-PW-CONV-ZERO,300,6773169848162830496,round,4294967296.0,4294967296.0,4294967296.0,4294967296.0,4294967296.0,4294967296.0,300.0,300.0
primary,XNR-PW-CONV-ZERO,300,6773169848162830496,subsweep,7158278.0,7158278.0,7158278.0,7158278.0,7158278.0,7158278.0,300.0,300.0
primary,XNR-PW-CONV-OFFSET,300,6773169848162830496,round,4294967296.0,4294967296.0,4294967296.0,4294967296.0,4294967296.0,4294967296.0,300.0,300.0
primary,XNR-PW-CONV-OFFSET,300,6773169848162830496,subsweep,15146.823857302115,0.0,0.0,7142280.0,455800279.0,92802308.0,4.0,2.2313418790162696
primary,XNR-PW-MT-ZERO,300,6773169848162830496,round,4294967296.0,4294967296.0,4294967296.0,4294967296.0,4294967296.0,4294967296.0,300.0,300.0
primary,XNR-PW-MT-ZERO,300,6773169848162830496,subsweep,7158278.0,7158278.0,7158278.0,7158278.0,7158278.0,7158278.0,300.0,300.0
primary,XNR-PW-MT-OFFSET,300,6773169848162830496,round,4294967296.0,4294967296.0,4294967296.0,4294967296.0,4294967296.0,4294967296.0,300.0,300.0
primary,XNR-PW-MT-OFFSET,300,6773169848162830496,subsweep,15146.823857302119,0.0,0.0,7142280.0,455800279.0,92802308.0,4.0,2.2313418790162696
primary,XNR-PC,300,6773169848162830496,round,0.0,0.0,0.0,0.0,0.0,0.0,1.0,0.0
primary,XNR-PC,300,6773169848162830496,subsweep,0.0,0.0,0.0,0.0,0.0,0.0,1.0,0.0
primary,XNR-PW-CONV-ZERO,300,13259265031399199819,round,4294967296.0,4294967296.0,4294967296.0,4294967296.0,4294967296.0,4294967296.0,300.0,300.0
primary,XNR-PW-CONV-ZERO,300,13259265031399199819,subsweep,7158278.0,7158278.0,7158278.0,7158278.0,7158278.0,7158278.0,300.0,300.0
primary,XNR-PW-CONV-OFFSET,300,13259265031399199819,round,4294967296.0,4294967296.0,4294967296.0,4294967296.0,4294967296.0,4294967296.0,300.0,300.0
primary,XNR-PW-CONV-OFFSET,300,13259265031399199819,subsweep,11262.078974358972,0.0,0.0,7154743.0,375046230.0,64159186.0,4.0,2.1726162292045976
primary,XNR-PW-MT-ZERO,300,13259265031399199819,round,4294967296.0,4294967296.0,4294967296.0,4294967296.0,4294967296.0,4294967296.0,300.0,300.0
primary,XNR-PW-MT-ZERO,300,13259265031399199819,subsweep,7158278.0,7158278.0,7158278.0,7158278.0,7158278.0,7158278.0,300.0,300.0
primary,XNR-PW-MT-OFFSET,300,13259265031399199819,round,4294967296.0,4294967296.0,4294967296.0,4294967296.0,4294967296.0,4294967296.0,300.0,300.0
primary,XNR-PW-MT-OFFSET,300,13259265031399199819,subsweep,11262.078974358974,0.0,0.0,7154743.0,375046230.0,64159186.0,4.0,2.172616229204597
primary,XNR-PC,300,13259265031399199819,round,0.0,0.0,0.0,0.0,0.0,0.0,1.0,0.0
primary,XNR-PC,300,13259265031399199819,subsweep,0.0,0.0,0.0,0.0,0.0,0.0,1.0,0.0
primary,XNR-PW-CONV-ZERO,300,7383040523285475032,round,4294967296.0,4294967296.0,4294967296.0,4294967296.0,4294967296.0,4294967296.0,300.0,300.0
primary,XNR-PW-CONV-ZERO,300,7383040523285475032,subsweep,7158278.0,7158278.0,7158278.0,7158278.0,7158278.0,7158278.0,300.0,300.0
primary,XNR-PW-CONV-OFFSET,300,7383040523285475032,round,4294967296.0,4294967296.0,4294967296.0,4294967296.0,4294967296.0,4294967296.0,300.0,300.0
primary,XNR-PW-CONV-OFFSET,300,7383040523285475032,subsweep,13322.138818283163,0.0,0.0,7150646.0,396108002.0,76623403.0,5.0,2.233700822837706
primary,XNR-PW-MT-ZERO,300,7383040523285475032,round,4294967296.0,4294967296.0,4294967296.0,4294967296.0,4294967296.0,4294967296.0,300.0,300.0
primary,XNR-PW-MT-ZERO,300,7383040523285475032,subsweep,7158278.0,7158278.0,7158278.0,7158278.0,7158278.0,7158278.0,300.0,300.0
primary,XNR-PW-MT-OFFSET,300,7383040523285475032,round,4294967296.0,4294967296.0,4294967296.0,4294967296.0,4294967296.0,4294967296.0,300.0,300.0
primary,XNR-PW-MT-OFFSET,300,7383040523285475032,subsweep,13322.138818283167,0.0,0.0,7150646.0,396108002.0,76623403.0,5.0,2.2337008228377067
primary,XNR-PC,300,7383040523285475032,round,0.0,0.0,0.0,0.0,0.0,0.0,1.0,0.0
primary,XNR-PC,300,7383040523285475032,subsweep,0.0,0.0,0.0,0.0,0.0,0.0,1.0,0.0
primary,XNR-PW-CONV-ZERO,300,8469065342115915783,round,4294967296.0,4294967296.0,4294967296.0,4294967296.0,4294967296.0,4294967296.0,300.0,300.0
primary,XNR-PW-CONV-ZERO,300,8469065342115915783,subsweep,7158278.0,7158278.0,7158278.0,7158278.0,7158278.0,7158278.0,300.0,300.0
primary,XNR-PW-CONV-OFFSET,300,8469065342115915783,round,4294967296.0,4294967296.0,4294967296.0,4294967296.0,4294967296.0,4294967296.0,300.0,300.0
primary,XNR-PW-CONV-OFFSET,300,8469065342115915783,subsweep,11503.278416945368,0.0,0.0,7154873.0,386852154.0,62386601.0,4.0,2.1649695557853876
primary,XNR-PW-MT-ZERO,300,8469065342115915783,round,4294967296.0,4294967296.0,4294967296.0,4294967296.0,4294967296.0,4294967296.0,300.0,300.0
primary,XNR-PW-MT-ZERO,300,8469065342115915783,subsweep,7158278.0,7158278.0,7158278.0,7158278.0,7158278.0,7158278.0,300.0,300.0
primary,XNR-PW-MT-OFFSET,300,8469065342115915783,round,4294967296.0,4294967296.0,4294967296.0,4294967296.0,4294967296.0,4294967296.0,300.0,300.0
primary,XNR-PW-MT-OFFSET,300,8469065342115915783,subsweep,11503.278416945373,0.0,0.0,7154873.0,386852154.0,62386601.0,4.0,2.1649695557853867
primary,XNR-PC,300,8469065342115915783,round,0.0,0.0,0.0,0.0,0.0,0.0,1.0,0.0
primary,XNR-PC,300,8469065342115915783,subsweep,0.0,0.0,0.0,0.0,0.0,0.0,1.0,0.0
primary,XNR-PW-CONV-ZERO,300,11167473384098259577,round,4294967296.0,4294967296.0,4294967296.0,4294967296.0,4294967296.0,4294967296.0,300.0,300.0
primary,XNR-PW-CONV-ZERO,300,11167473384098259577,subsweep,7158278.0,7158278.0,7158278.0,7158278.0,7158278.0,7158278.0,300.0,300.0
primary,XNR-PW-CONV-OFFSET,300,11167473384098259577,round,4294967296.0,4294967296.0,4294967296.0,4294967296.0,4294967296.0,4294967296.0,300.0,300.0
primary,XNR-PW-CONV-OFFSET,300,11167473384098259577,subsweep,11940.017926421402,0.0,0.0,7153068.0,349610085.0,72717535.0,5.0,2.242270974534388
primary,XNR-PW-MT-ZERO,300,11167473384098259577,round,4294967296.0,4294967296.0,4294967296.0,4294967296.0,4294967296.0,4294967296.0,300.0,300.0
primary,XNR-PW-MT-ZERO,300,11167473384098259577,subsweep,7158278.0,7158278.0,7158278.0,7158278.0,7158278.0,7158278.0,300.0,300.0
primary,XNR-PW-MT-OFFSET,300,11167473384098259577,round,4294967296.0,4294967296.0,4294967296.0,4294967296.0,4294967296.0,4294967296.0,300.0,300.0
primary,XNR-PW-MT-OFFSET,300,11167473384098259577,subsweep,11940.017926421404,0.0,0.0,7153068.0,349610085.0,72717535.0,5.0,2.2422709745343874
primary,XNR-PC,300,11167473384098259577,round,0.0,0.0,0.0,0.0,0.0,0.0,1.0,0.0
primary,XNR-PC,300,11167473384098259577,subsweep,0.0,0.0,0.0,0.0,0.0,0.0,1.0,0.0
primary,XNR-PW-CONV-ZERO,300,3927382471087979842,round,4294967296.0,4294967296.0,4294967296.0,4294967296.0,4294967296.0,4294967296.0,300.0,300.0
primary,XNR-PW-CONV-ZERO,300,3927382471087979842,subsweep,7158278.0,7158278.0,7158278.0,7158278.0,7158278.0,7158278.0,300.0,300.0
primary,XNR-PW-CONV-OFFSET,300,3927382471087979842,round,4294967296.0,4294967296.0,4294967296.0,4294967296.0,4294967296.0,4294967296.0,300.0,300.0
primary,XNR-PW-CONV-OFFSET,300,3927382471087979842,subsweep,12168.752508361202,0.0,0.0,7097008.0,413417889.0,58211265.0,4.0,2.1536475408784255
primary,XNR-PW-MT-ZERO,300,3927382471087979842,round,4294967296.0,4294967296.0,4294967296.0,4294967296.0,4294967296.0,4294967296.0,300.0,300.0
primary,XNR-PW-MT-ZERO,300,3927382471087979842,subsweep,7158278.0,7158278.0,7158278.0,7158278.0,7158278.0,7158278.0,300.0,300.0
primary,XNR-PW-MT-OFFSET,300,3927382471087979842,round,4294967296.0,4294967296.0,4294967296.0,4294967296.0,4294967296.0,4294967296.0,300.0,300.0
primary,XNR-PW-MT-OFFSET,300,3927382471087979842,subsweep,12168.752508361204,0.0,0.0,7097008.0,413417889.0,58211265.0,4.0,2.153647540878426
primary,XNR-PC,300,3927382471087979842,round,0.0,0.0,0.0,0.0,0.0,0.0,1.0,0.0
primary,XNR-PC,300,3927382471087979842,subsweep,0.0,0.0,0.0,0.0,0.0,0.0,1.0,0.0
primary,XNR-PW-CONV-ZERO,300,12250540210932396121,round,4294967296.0,4294967296.0,4294967296.0,4294967296.0,4294967296.0,4294967296.0,300.0,300.0
primary,XNR-PW-CONV-ZERO,300,12250540210932396121,subsweep,7158278.0,7158278.0,7158278.0,7158278.0,7158278.0,7158278.0,300.0,300.0
primary,XNR-PW-CONV-OFFSET,300,12250540210932396121,round,4294967296.0,4294967296.0,4294967296.0,4294967296.0,4294967296.0,4294967296.0,300.0,300.0
primary,XNR-PW-CONV-OFFSET,300,12250540210932396121,subsweep,11197.59790412486,0.0,0.0,7147522.0,362566919.0,48366967.0,5.0,2.1706528250582062
primary,XNR-PW-MT-ZERO,300,12250540210932396121,round,4294967296.0,4294967296.0,4294967296.0,4294967296.0,4294967296.0,4294967296.0,300.0,300.0
primary,XNR-PW-MT-ZERO,300,12250540210932396121,subsweep,7158278.0,7158278.0,7158278.0,7158278.0,7158278.0,7158278.0,300.0,300.0
primary,XNR-PW-MT-OFFSET,300,12250540210932396121,round,4294967296.0,4294967296.0,4294967296.0,4294967296.0,4294967296.0,4294967296.0,300.0,300.0
primary,XNR-PW-MT-OFFSET,300,12250540210932396121,subsweep,11197.597904124861,0.0,0.0,7147522.0,362566919.0,48366967.0,5.0,2.1706528250582067
primary,XNR-PC,300,12250540210932396121,round,0.0,0.0,0.0,0.0,0.0,0.0,1.0,0.0
primary,XNR-PC,300,12250540210932396121,subsweep,0.0,0.0,0.0,0.0,0.0,0.0,1.0,0.0
primary,XNR-PW-CONV-ZERO,300,12687317089305426264,round,4294967296.0,4294967296.0,4294967296.0,4294967296.0,4294967296.0,4294967296.0,300.0,300.0
primary,XNR-PW-CONV-ZERO,300,12687317089305426264,subsweep,7158278.0,7158278.0,7158278.0,7158278.0,7158278.0,7158278.0,300.0,300.0
primary,XNR-PW-CONV-OFFSET,300,12687317089305426264,round,4294967296.0,4294967296.0,4294967296.0,4294967296.0,4294967296.0,4294967296.0,300.0,300.0
primary,XNR-PW-CONV-OFFSET,300,12687317089305426264,subsweep,11759.811505016723,0.0,0.0,7075634.0,405087825.0,51145295.0,5.0,2.142751584795223
primary,XNR-PW-MT-ZERO,300,12687317089305426264,round,4294967296.0,4294967296.0,4294967296.0,4294967296.0,4294967296.0,4294967296.0,300.0,300.0
primary,XNR-PW-MT-ZERO,300,12687317089305426264,subsweep,7158278.0,7158278.0,7158278.0,7158278.0,7158278.0,7158278.0,300.0,300.0
primary,XNR-PW-MT-OFFSET,300,12687317089305426264,round,4294967296.0,4294967296.0,4294967296.0,4294967296.0,4294967296.0,4294967296.0,300.0,300.0
primary,XNR-PW-MT-OFFSET,300,12687317089305426264,subsweep,11759.811505016722,0.0,0.0,7075634.0,405087825.0,51145295.0,5.0,2.142751584795223
primary,XNR-PC,300,12687317089305426264,round,0.0,0.0,0.0,0.0,0.0,0.0,1.0,0.0
primary,XNR-PC,300,12687317089305426264,subsweep,0.0,0.0,0.0,0.0,0.0,0.0,1.0,0.0
primary,XNR-PW-CONV-ZERO,300,3068354826123602611,round,4294967296.0,4294967296.0,4294967296.0,4294967296.0,4294967296.0,4294967296.0,300.0,300.0
primary,XNR-PW-CONV-ZERO,300,3068354826123602611,subsweep,7158278.0,7158278.0,7158278.0,7158278.0,7158278.0,7158278.0,300.0,300.0
primary,XNR-PW-CONV-OFFSET,300,3068354826123602611,round,4294967296.0,4294967296.0,4294967296.0,4294967296.0,4294967296.0,4294967296.0,300.0,300.0
primary,XNR-PW-CONV-OFFSET,300,3068354826123602611,subsweep,12706.238974358976,0.0,0.0,7138129.0,391387447.0,75294523.0,5.0,2.2138075215273836
primary,XNR-PW-MT-ZERO,300,3068354826123602611,round,4294967296.0,4294967296.0,4294967296.0,4294967296.0,4294967296.0,4294967296.0,300.0,300.0
primary,XNR-PW-MT-ZERO,300,3068354826123602611,subsweep,7158278.0,7158278.0,7158278.0,7158278.0,7158278.0,7158278.0,300.0,300.0
primary,XNR-PW-MT-OFFSET,300,3068354826123602611,round,4294967296.0,4294967296.0,4294967296.0,4294967296.0,4294967296.0,4294967296.0,300.0,300.0
primary,XNR-PW-MT-OFFSET,300,3068354826123602611,subsweep,12706.238974358974,0.0,0.0,7138129.0,391387447.0,75294523.0,5.0,2.213807521527383
primary,XNR-PC,300,3068354826123602611,round,0.0,0.0,0.0,0.0,0.0,0.0,1.0,0.0
primary,XNR-PC,300,3068354826123602611,subsweep,0.0,0.0,0.0,0.0,0.0,0.0,1.0,0.0
primary,XNR-PW-CONV-ZERO,300,6452565723836495873,round,4294967296.0,4294967296.0,4294967296.0,4294967296.0,4294967296.0,4294967296.0,300.0,300.0
primary,XNR-PW-CONV-ZERO,300,6452565723836495873,subsweep,7158278.0,7158278.0,7158278.0,7158278.0,7158278.0,7158278.0,300.0,300.0
primary,XNR-PW-CONV-OFFSET,300,6452565723836495873,round,4294967296.0,4294967296.0,4294967296.0,4294967296.0,4294967296.0,4294967296.0,300.0,300.0
primary,XNR-PW-CONV-OFFSET,300,6452565723836495873,subsweep,11545.084347826085,0.0,0.0,7149832.0,379060520.0,60001895.0,4.0,2.1747640086601474
primary,XNR-PW-MT-ZERO,300,6452565723836495873,round,4294967296.0,4294967296.0,4294967296.0,4294967296.0,4294967296.0,4294967296.0,300.0,300.0
primary,XNR-PW-MT-ZERO,300,6452565723836495873,subsweep,7158278.0,7158278.0,7158278.0,7158278.0,7158278.0,7158278.0,300.0,300.0
primary,XNR-PW-MT-OFFSET,300,6452565723836495873,round,4294967296.0,4294967296.0,4294967296.0,4294967296.0,4294967296.0,4294967296.0,300.0,300.0
primary,XNR-PW-MT-OFFSET,300,6452565723836495873,subsweep,11545.084347826087,0.0,0.0,7149832.0,379060520.0,60001895.0,4.0,2.1747640086601474
primary,XNR-PC,300,6452565723836495873,round,0.0,0.0,0.0,0.0,0.0,0.0,1.0,0.0
primary,XNR-PC,300,6452565723836495873,subsweep,0.0,0.0,0.0,0.0,0.0,0.0,1.0,0.0
primary,XNR-PW-CONV-ZERO,300,12576523555926126553,round,4294967296.0,4294967296.0,4294967296.0,4294967296.0,4294967296.0,4294967296.0,300.0,300.0
primary,XNR-PW-CONV-ZERO,300,12576523555926126553,subsweep,7158278.0,7158278.0,7158278.0,7158278.0,7158278.0,7158278.0,300.0,300.0
primary,XNR-PW-CONV-OFFSET,300,12576523555926126553,round,4294967296.0,4294967296.0,4294967296.0,4294967296.0,4294967296.0,4294967296.0,300.0,300.0
primary,XNR-PW-CONV-OFFSET,300,12576523555926126553,subsweep,10604.340334448158,0.0,0.0,7152057.0,356639775.0,47358422.0,5.0,2.1544828587893763
primary,XNR-PW-MT-ZERO,300,12576523555926126553,round,4294967296.0,4294967296.0,4294967296.0,4294967296.0,4294967296.0,4294967296.0,300.0,300.0
primary,XNR-PW-MT-ZERO,300,12576523555926126553,subsweep,7158278.0,7158278.0,7158278.0,7158278.0,7158278.0,7158278.0,300.0,300.0
primary,XNR-PW-MT-OFFSET,300,12576523555926126553,round,4294967296.0,4294967296.0,4294967296.0,4294967296.0,4294967296.0,4294967296.0,300.0,300.0
primary,XNR-PW-MT-OFFSET,300,12576523555926126553,subsweep,10604.340334448161,0.0,0.0,7152057.0,356639775.0,47358422.0,5.0,2.1544828587893763
primary,XNR-PC,300,12576523555926126553,round,0.0,0.0,0.0,0.0,0.0,0.0,1.0,0.0
primary,XNR-PC,300,12576523555926126553,subsweep,0.0,0.0,0.0,0.0,0.0,0.0,1.0,0.0
primary,XNR-PW-CONV-ZERO,300,7616672725889129548,round,4294967296.0,4294967296.0,4294967296.0,4294967296.0,4294967296.0,4294967296.0,300.0,300.0
primary,XNR-PW-CONV-ZERO,300,7616672725889129548,subsweep,7158278.0,7158278.0,7158278.0,7158278.0,7158278.0,7158278.0,300.0,300.0
primary,XNR-PW-CONV-OFFSET,300,7616672725889129548,round,4294967296.0,4294967296.0,4294967296.0,4294967296.0,4294967296.0,4294967296.0,300.0,300.0
primary,XNR-PW-CONV-OFFSET,300,7616672725889129548,subsweep,11353.81085841695,0.0,0.0,7157690.0,360463635.0,56065655.0,5.0,2.1879157935029983
primary,XNR-PW-MT-ZERO,300,7616672725889129548,round,4294967296.0,4294967296.0,4294967296.0,4294967296.0,4294967296.0,4294967296.0,300.0,300.0
primary,XNR-PW-MT-ZERO,300,7616672725889129548,subsweep,7158278.0,7158278.0,7158278.0,7158278.0,7158278.0,7158278.0,300.0,300.0
primary,XNR-PW-MT-OFFSET,300,7616672725889129548,round,4294967296.0,4294967296.0,4294967296.0,4294967296.0,4294967296.0,4294967296.0,300.0,300.0
primary,XNR-PW-MT-OFFSET,300,7616672725889129548,subsweep,11353.810858416946,0.0,0.0,7157690.0,360463635.0,56065655.0,5.0,2.187915793502998
primary,XNR-PC,300,7616672725889129548,round,0.0,0.0,0.0,0.0,0.0,0.0,1.0,0.0
primary,XNR-PC,300,7616672725889129548,subsweep,0.0,0.0,0.0,0.0,0.0,0.0,1.0,0.0
primary,XNR-PW-CONV-ZERO,400,18231826143518580289,round,4294967296.0,4294967296.0,4294967296.0,4294967296.0,4294967296.0,4294967296.0,400.0,400.0
primary,XNR-PW-CONV-ZERO,400,18231826143518580289,subsweep,5368709.0,5368709.0,5368709.0,5368709.0,5368709.0,5368709.0,400.0,400.0
primary,XNR-PW-CONV-OFFSET,400,18231826143518580289,round,4294967296.0,4294967296.0,4294967296.0,4294967296.0,4294967296.0,4294967296.0,400.0,400.0
primary,XNR-PW-CONV-OFFSET,400,18231826143518580289,subsweep,7893.803784461153,0.0,0.0,5365755.0,411313387.0,82407233.0,4.0,2.243949745306977
primary,XNR-PW-MT-ZERO,400,18231826143518580289,round,4294967296.0,4294967296.0,4294967296.0,4294967296.0,4294967296.0,4294967296.0,400.0,400.0
primary,XNR-PW-MT-ZERO,400,18231826143518580289,subsweep,5368709.0,5368709.0,5368709.0,5368709.0,5368709.0,5368709.0,400.0,400.0
primary,XNR-PW-MT-OFFSET,400,18231826143518580289,round,4294967296.0,4294967296.0,4294967296.0,4294967296.0,4294967296.0,4294967296.0,400.0,400.0
primary,XNR-PW-MT-OFFSET,400,18231826143518580289,subsweep,7893.803784461153,0.0,0.0,5365755.0,411313387.0,82407233.0,4.0,2.2439497453069768
primary,XNR-PC,400,18231826143518580289,round,0.0,0.0,0.0,0.0,0.0,0.0,1.0,0.0
primary,XNR-PC,400,18231826143518580289,subsweep,0.0,0.0,0.0,0.0,0.0,0.0,1.0,0.0
primary,XNR-PW-CONV-ZERO,400,8906286495562900921,round,4294967296.0,4294967296.0,4294967296.0,4294967296.0,4294967296.0,4294967296.0,400.0,400.0
primary,XNR-PW-CONV-ZERO,400,8906286495562900921,subsweep,5368709.0,5368709.0,5368709.0,5368709.0,5368709.0,5368709.0,400.0,400.0
primary,XNR-PW-CONV-OFFSET,400,8906286495562900921,round,4294967296.0,4294967296.0,4294967296.0,4294967296.0,4294967296.0,4294967296.0,400.0,400.0
primary,XNR-PW-CONV-OFFSET,400,8906286495562900921,subsweep,6582.1406265664145,0.0,0.0,5366081.0,411930573.0,55481212.0,4.0,2.1365970158277134
primary,XNR-PW-MT-ZERO,400,8906286495562900921,round,4294967296.0,4294967296.0,4294967296.0,4294967296.0,4294967296.0,4294967296.0,400.0,400.0
primary,XNR-PW-MT-ZERO,400,8906286495562900921,subsweep,5368709.0,5368709.0,5368709.0,5368709.0,5368709.0,5368709.0,400.0,400.0
primary,XNR-PW-MT-OFFSET,400,8906286495562900921,round,4294967296.0,4294967296.0,4294967296.0,4294967296.0,4294967296.0,4294967296.0,400.0,400.0
primary,XNR-PW-MT-OFFSET,400,8906286495562900921,subsweep,6582.140626566416,0.0,0.0,5366081.0,411930573.0,55481212.0,4.0,2.1365970158277134
primary,XNR-PC,400,8906286495562900921,round,0.0,0.0,0.0,0.0,0.0,0.0,1.0,0.0
primary,XNR-PC,400,8906286495562900921,subsweep,0.0,0.0,0.0,0.0,0.0,0.0,1.0,0.0
primary,XNR-PW-CONV-ZERO,400,8770642015975544875,round,4294967296.0,4294967296.0,4294967296.0,4294967296.0,4294967296.0,4294967296.0,400.0,400.0
primary,XNR-PW-CONV-ZERO,400,8770642015975544875,subsweep,5368709.0,5368709.0,5368709.0,5368709.0,5368709.0,5368709.0,400.0,400.0
primary,XNR-PW-CONV-OFFSET,400,8770642015975544875,round,4294967296.0,4294967296.0,4294967296.0,4294967296.0,4294967296.0,4294967296.0,400.0,400.0
primary,XNR-PW-CONV-OFFSET,400,8770642015975544875,subsweep,6126.471340852131,0.0,0.0,5350142.0,358144864.0,46471679.0,4.0,2.1649418487821737
primary,XNR-PW-MT-ZERO,400,8770642015975544875,round,4294967296.0,4294967296.0,4294967296.0,4294967296.0,4294967296.0,4294967296.0,400.0,400.0
primary,XNR-PW-MT-ZERO,400,8770642015975544875,subsweep,5368709.0,5368709.0,5368709.0,5368709.0,5368709.0,5368709.0,400.0,400.0
primary,XNR-PW-MT-OFFSET,400,8770642015975544875,round,4294967296.0,4294967296.0,4294967296.0,4294967296.0,4294967296.0,4294967296.0,400.0,400.0
primary,XNR-PW-MT-OFFSET,400,8770642015975544875,subsweep,6126.47134085213,0.0,0.0,5350142.0,358144864.0,46471679.0,4.0,2.164941848782173
primary,XNR-PC,400,8770642015975544875,round,0.0,0.0,0.0,0.0,0.0,0.0,1.0,0.0
primary,XNR-PC,400,8770642015975544875,subsweep,0.0,0.0,0.0,0.0,0.0,0.0,1.0,0.0
primary,XNR-PW-CONV-ZERO,400,9576473659758073777,round,4294967296.0,4294967296.0,4294967296.0,4294967296.0,4294967296.0,4294967296.0,400.0,400.0
primary,XNR-PW-CONV-ZERO,400,9576473659758073777,subsweep,5368709.0,5368709.0,5368709.0,5368709.0,5368709.0,5368709.0,400.0,400.0
primary,XNR-PW-CONV-OFFSET,400,9576473659758073777,round,4294967296.0,4294967296.0,4294967296.0,4294967296.0,4294967296.0,4294967296.0,400.0,400.0
primary,XNR-PW-CONV-OFFSET,400,9576473659758073777,subsweep,7483.809210526318,0.0,0.0,5349253.0,410883779.0,76937524.0,5.0,2.2131167485197802
primary,XNR-PW-MT-ZERO,400,9576473659758073777,round,4294967296.0,4294967296.0,4294967296.0,4294967296.0,4294967296.0,4294967296.0,400.0,400.0
primary,XNR-PW-MT-ZERO,400,9576473659758073777,subsweep,5368709.0,5368709.0,5368709.0,5368709.0,5368709.0,5368709.0,400.0,400.0
primary,XNR-PW-MT-OFFSET,400,9576473659758073777,round,4294967296.0,4294967296.0,4294967296.0,4294967296.0,4294967296.0,4294967296.0,400.0,400.0
primary,XNR-PW-MT-OFFSET,400,9576473659758073777,subsweep,7483.809210526316,0.0,0.0,5349253.0,410883779.0,76937524.0,5.0,2.2131167485197802
primary,XNR-PC,400,9576473659758073777,round,0.0,0.0,0.0,0.0,0.0,0.0,1.0,0.0
primary,XNR-PC,400,9576473659758073777,subsweep,0.0,0.0,0.0,0.0,0.0,0.0,1.0,0.0
primary,XNR-PW-CONV-ZERO,400,16363268894485278985,round,4294967296.0,4294967296.0,4294967296.0,4294967296.0,4294967296.0,4294967296.0,400.0,400.0
primary,XNR-PW-CONV-ZERO,400,16363268894485278985,subsweep,5368709.0,5368709.0,5368709.0,5368709.0,5368709.0,5368709.0,400.0,400.0
primary,XNR-PW-CONV-OFFSET,400,16363268894485278985,round,4294967296.0,4294967296.0,4294967296.0,4294967296.0,4294967296.0,4294967296.0,400.0,400.0
primary,XNR-PW-CONV-OFFSET,400,16363268894485278985,subsweep,5653.850914786969,0.0,0.0,5361219.0,348873393.0,39921909.0,5.0,2.13539807835102
primary,XNR-PW-MT-ZERO,400,16363268894485278985,round,4294967296.0,4294967296.0,4294967296.0,4294967296.0,4294967296.0,4294967296.0,400.0,400.0
primary,XNR-PW-MT-ZERO,400,16363268894485278985,subsweep,5368709.0,5368709.0,5368709.0,5368709.0,5368709.0,5368709.0,400.0,400.0
primary,XNR-PW-MT-OFFSET,400,16363268894485278985,round,4294967296.0,4294967296.0,4294967296.0,4294967296.0,4294967296.0,4294967296.0,400.0,400.0
primary,XNR-PW-MT-OFFSET,400,16363268894485278985,subsweep,5653.850914786967,0.0,0.0,5361219.0,348873393.0,39921909.0,5.0,2.1353980783510194
primary,XNR-PC,400,16363268894485278985,round,0.0,0.0,0.0,0.0,0.0,0.0,1.0,0.0
primary,XNR-PC,400,16363268894485278985,subsweep,0.0,0.0,0.0,0.0,0.0,0.0,1.0,0.0
primary,XNR-PW-CONV-ZERO,400,16585534704111605887,round,4294967296.0,4294967296.0,4294967296.0,4294967296.0,4294967296.0,4294967296.0,400.0,400.0
primary,XNR-PW-CONV-ZERO,400,16585534704111605887,subsweep,5368709.0,5368709.0,5368709.0,5368709.0,5368709.0,5368709.0,400.0,400.0
primary,XNR-PW-CONV-OFFSET,400,16585534704111605887,round,4294967296.0,4294967296.0,4294967296.0,4294967296.0,4294967296.0,4294967296.0,400.0,400.0
primary,XNR-PW-CONV-OFFSET,400,16585534704111605887,subsweep,7341.067017543859,0.0,0.0,5351239.0,381856083.0,79472569.0,5.0,2.2464166113598347
primary,XNR-PW-MT-ZERO,400,16585534704111605887,round,4294967296.0,4294967296.0,4294967296.0,4294967296.0,4294967296.0,4294967296.0,400.0,400.0
primary,XNR-PW-MT-ZERO,400,16585534704111605887,subsweep,5368709.0,5368709.0,5368709.0,5368709.0,5368709.0,5368709.0,400.0,400.0
primary,XNR-PW-MT-OFFSET,400,16585534704111605887,round,4294967296.0,4294967296.0,4294967296.0,4294967296.0,4294967296.0,4294967296.0,400.0,400.0
primary,XNR-PW-MT-OFFSET,400,16585534704111605887,subsweep,7341.06701754386,0.0,0.0,5351239.0,381856083.0,79472569.0,5.0,2.246416611359835
primary,XNR-PC,400,16585534704111605887,round,0.0,0.0,0.0,0.0,0.0,0.0,1.0,0.0
primary,XNR-PC,400,16585534704111605887,subsweep,0.0,0.0,0.0,0.0,0.0,0.0,1.0,0.0
primary,XNR-PW-CONV-ZERO,400,14790319751179523344,round,4294967296.0,4294967296.0,4294967296.0,4294967296.0,4294967296.0,4294967296.0,400.0,400.0
primary,XNR-PW-CONV-ZERO,400,14790319751179523344,subsweep,5368709.0,5368709.0,5368709.0,5368709.0,5368709.0,5368709.0,400.0,400.0
primary,XNR-PW-CONV-OFFSET,400,14790319751179523344,round,4294967296.0,4294967296.0,4294967296.0,4294967296.0,4294967296.0,4294967296.0,400.0,400.0
primary,XNR-PW-CONV-OFFSET,400,14790319751179523344,subsweep,6816.574937343361,0.0,0.0,5227777.0,405831426.0,66180326.0,4.0,2.167813174724423
primary,XNR-PW-MT-ZERO,400,14790319751179523344,round,4294967296.0,4294967296.0,4294967296.0,4294967296.0,4294967296.0,4294967296.0,400.0,400.0
primary,XNR-PW-MT-ZERO,400,14790319751179523344,subsweep,5368709.0,5368709.0,5368709.0,5368709.0,5368709.0,5368709.0,400.0,400.0
primary,XNR-PW-MT-OFFSET,400,14790319751179523344,round,4294967296.0,4294967296.0,4294967296.0,4294967296.0,4294967296.0,4294967296.0,400.0,400.0
primary,XNR-PW-MT-OFFSET,400,14790319751179523344,subsweep,6816.574937343358,0.0,0.0,5227777.0,405831426.0,66180326.0,4.0,2.1678131747244236
primary,XNR-PC,400,14790319751179523344,round,0.0,0.0,0.0,0.0,0.0,0.0,1.0,0.0
primary,XNR-PC,400,14790319751179523344,subsweep,0.0,0.0,0.0,0.0,0.0,0.0,1.0,0.0
primary,XNR-PW-CONV-ZERO,400,15311360825920276038,round,4294967296.0,4294967296.0,4294967296.0,4294967296.0,4294967296.0,4294967296.0,400.0,400.0
primary,XNR-PW-CONV-ZERO,400,15311360825920276038,subsweep,5368709.0,5368709.0,5368709.0,5368709.0,5368709.0,5368709.0,400.0,400.0
primary,XNR-PW-CONV-OFFSET,400,15311360825920276038,round,4294967296.0,4294967296.0,4294967296.0,4294967296.0,4294967296.0,4294967296.0,400.0,400.0
primary,XNR-PW-CONV-OFFSET,400,15311360825920276038,subsweep,6319.028383458645,0.0,0.0,5284120.0,381492472.0,54088937.0,5.0,2.1536817402782202
primary,XNR-PW-MT-ZERO,400,15311360825920276038,round,4294967296.0,4294967296.0,4294967296.0,4294967296.0,4294967296.0,4294967296.0,400.0,400.0
primary,XNR-PW-MT-ZERO,400,15311360825920276038,subsweep,5368709.0,5368709.0,5368709.0,5368709.0,5368709.0,5368709.0,400.0,400.0
primary,XNR-PW-MT-OFFSET,400,15311360825920276038,round,4294967296.0,4294967296.0,4294967296.0,4294967296.0,4294967296.0,4294967296.0,400.0,400.0
primary,XNR-PW-MT-OFFSET,400,15311360825920276038,subsweep,6319.028383458646,0.0,0.0,5284120.0,381492472.0,54088937.0,5.0,2.15368174027822
primary,XNR-PC,400,15311360825920276038,round,0.0,0.0,0.0,0.0,0.0,0.0,1.0,0.0
primary,XNR-PC,400,15311360825920276038,subsweep,0.0,0.0,0.0,0.0,0.0,0.0,1.0,0.0
primary,XNR-PW-CONV-ZERO,400,10419287363523441034,round,4294967296.0,4294967296.0,4294967296.0,4294967296.0,4294967296.0,4294967296.0,400.0,400.0
primary,XNR-PW-CONV-ZERO,400,10419287363523441034,subsweep,5368709.0,5368709.0,5368709.0,5368709.0,5368709.0,5368709.0,400.0,400.0
primary,XNR-PW-CONV-OFFSET,400,10419287363523441034,round,4294967296.0,4294967296.0,4294967296.0,4294967296.0,4294967296.0,4294967296.0,400.0,400.0
primary,XNR-PW-CONV-OFFSET,400,10419287363523441034,subsweep,6177.809122807017,0.0,0.0,5295534.0,361606358.0,58583505.0,4.0,2.175113361806542
primary,XNR-PW-MT-ZERO,400,10419287363523441034,round,4294967296.0,4294967296.0,4294967296.0,4294967296.0,4294967296.0,4294967296.0,400.0,400.0
primary,XNR-PW-MT-ZERO,400,10419287363523441034,subsweep,5368709.0,5368709.0,5368709.0,5368709.0,5368709.0,5368709.0,400.0,400.0
primary,XNR-PW-MT-OFFSET,400,10419287363523441034,round,4294967296.0,4294967296.0,4294967296.0,4294967296.0,4294967296.0,4294967296.0,400.0,400.0
primary,XNR-PW-MT-OFFSET,400,10419287363523441034,subsweep,6177.809122807018,0.0,0.0,5295534.0,361606358.0,58583505.0,4.0,2.175113361806542
primary,XNR-PC,400,10419287363523441034,round,0.0,0.0,0.0,0.0,0.0,0.0,1.0,0.0
primary,XNR-PC,400,10419287363523441034,subsweep,0.0,0.0,0.0,0.0,0.0,0.0,1.0,0.0
primary,XNR-PW-CONV-ZERO,400,9964858435511495645,round,4294967296.0,4294967296.0,4294967296.0,4294967296.0,4294967296.0,4294967296.0,400.0,400.0
primary,XNR-PW-CONV-ZERO,400,9964858435511495645,subsweep,5368709.0,5368709.0,5368709.0,5368709.0,5368709.0,5368709.0,400.0,400.0
primary,XNR-PW-CONV-OFFSET,400,9964858435511495645,round,4294967296.0,4294967296.0,4294967296.0,4294967296.0,4294967296.0,4294967296.0,400.0,400.0
primary,XNR-PW-CONV-OFFSET,400,9964858435511495645,subsweep,6774.9025187969955,0.0,0.0,5327092.0,377797146.0,65937439.0,5.0,2.200102528037626
primary,XNR-PW-MT-ZERO,400,9964858435511495645,round,4294967296.0,4294967296.0,4294967296.0,4294967296.0,4294967296.0,4294967296.0,400.0,400.0
primary,XNR-PW-MT-ZERO,400,9964858435511495645,subsweep,5368709.0,5368709.0,5368709.0,5368709.0,5368709.0,5368709.0,400.0,400.0
primary,XNR-PW-MT-OFFSET,400,9964858435511495645,round,4294967296.0,4294967296.0,4294967296.0,4294967296.0,4294967296.0,4294967296.0,400.0,400.0
primary,XNR-PW-MT-OFFSET,400,9964858435511495645,subsweep,6774.902518796993,0.0,0.0,5327092.0,377797146.0,65937439.0,5.0,2.200102528037626
primary,XNR-PC,400,9964858435511495645,round,0.0,0.0,0.0,0.0,0.0,0.0,1.0,0.0
primary,XNR-PC,400,9964858435511495645,subsweep,0.0,0.0,0.0,0.0,0.0,0.0,1.0,0.0
primary,XNR-PW-CONV-ZERO,400,12980243426712185825,round,4294967296.0,4294967296.0,4294967296.0,4294967296.0,4294967296.0,4294967296.0,400.0,400.0
primary,XNR-PW-CONV-ZERO,400,12980243426712185825,subsweep,5368709.0,5368709.0,5368709.0,5368709.0,5368709.0,5368709.0,400.0,400.0
primary,XNR-PW-CONV-OFFSET,400,12980243426712185825,round,4294967296.0,4294967296.0,4294967296.0,4294967296.0,4294967296.0,4294967296.0,400.0,400.0
primary,XNR-PW-CONV-OFFSET,400,12980243426712185825,subsweep,6719.794962406014,0.0,0.0,5330116.0,428618131.0,42702431.0,5.0,2.1151386220756967
primary,XNR-PW-MT-ZERO,400,12980243426712185825,round,4294967296.0,4294967296.0,4294967296.0,4294967296.0,4294967296.0,4294967296.0,400.0,400.0
primary,XNR-PW-MT-ZERO,400,12980243426712185825,subsweep,5368709.0,5368709.0,5368709.0,5368709.0,5368709.0,5368709.0,400.0,400.0
primary,XNR-PW-MT-OFFSET,400,12980243426712185825,round,4294967296.0,4294967296.0,4294967296.0,4294967296.0,4294967296.0,4294967296.0,400.0,400.0
primary,XNR-PW-MT-OFFSET,400,12980243426712185825,subsweep,6719.794962406015,0.0,0.0,5330116.0,428618131.0,42702431.0,5.0,2.115138622075696
primary,XNR-PC,400,12980243426712185825,round,0.0,0.0,0.0,0.0,0.0,0.0,1.0,0.0
primary,XNR-PC,400,12980243426712185825,subsweep,0.0,0.0,0.0,0.0,0.0,0.0,1.0,0.0
primary,XNR-PW-CONV-ZERO,400,2834549471034337693,round,4294967296.0,4294967296.0,4294967296.0,4294967296.0,4294967296.0,4294967296.0,400.0,400.0
primary,XNR-PW-CONV-ZERO,400,2834549471034337693,subsweep,5368709.0,5368709.0,5368709.0,5368709.0,5368709.0,5368709.0,400.0,400.0
primary,XNR-PW-CONV-OFFSET,400,2834549471034337693,round,4294967296.0,4294967296.0,4294967296.0,4294967296.0,4294967296.0,4294967296.0,400.0,400.0
primary,XNR-PW-CONV-OFFSET,400,2834549471034337693,subsweep,6239.0726817042605,0.0,0.0,5346436.0,386795421.0,50288474.0,4.0,2.1390666695612195
primary,XNR-PW-MT-ZERO,400,2834549471034337693,round,4294967296.0,4294967296.0,4294967296.0,4294967296.0,4294967296.0,4294967296.0,400.0,400.0
primary,XNR-PW-MT-ZERO,400,2834549471034337693,subsweep,5368709.0,5368709.0,5368709.0,5368709.0,5368709.0,5368709.0,400.0,400.0
primary,XNR-PW-MT-OFFSET,400,2834549471034337693,round,4294967296.0,4294967296.0,4294967296.0,4294967296.0,4294967296.0,4294967296.0,400.0,400.0
primary,XNR-PW-MT-OFFSET,400,2834549471034337693,subsweep,6239.0726817042605,0.0,0.0,5346436.0,386795421.0,50288474.0,4.0,2.13906666956122
primary,XNR-PC,400,2834549471034337693,round,0.0,0.0,0.0,0.0,0.0,0.0,1.0,0.0
primary,XNR-PC,400,2834549471034337693,subsweep,0.0,0.0,0.0,0.0,0.0,0.0,1.0,0.0
primary,XNR-PW-CONV-ZERO,400,17638313716927524985,round,4294967296.0,4294967296.0,4294967296.0,4294967296.0,4294967296.0,4294967296.0,400.0,400.0
primary,XNR-PW-CONV-ZERO,400,17638313716927524985,subsweep,5368709.0,5368709.0,5368709.0,5368709.0,5368709.0,5368709.0,400.0,400.0
primary,XNR-PW-CONV-OFFSET,400,17638313716927524985,round,4294967296.0,4294967296.0,4294967296.0,4294967296.0,4294967296.0,4294967296.0,400.0,400.0
primary,XNR-PW-CONV-OFFSET,400,17638313716927524985,subsweep,6727.320839598999,0.0,0.0,5357749.0,415418369.0,55120505.0,5.0,2.1415347836965775
primary,XNR-PW-MT-ZERO,400,17638313716927524985,round,4294967296.0,4294967296.0,4294967296.0,4294967296.0,4294967296.0,4294967296.0,400.0,400.0
primary,XNR-PW-MT-ZERO,400,17638313716927524985,subsweep,5368709.0,5368709.0,5368709.0,5368709.0,5368709.0,5368709.0,400.0,400.0
primary,XNR-PW-MT-OFFSET,400,17638313716927524985,round,4294967296.0,4294967296.0,4294967296.0,4294967296.0,4294967296.0,4294967296.0,400.0,400.0
primary,XNR-PW-MT-OFFSET,400,17638313716927524985,subsweep,6727.320839598998,0.0,0.0,5357749.0,415418369.0,55120505.0,5.0,2.1415347836965775
primary,XNR-PC,400,17638313716927524985,round,0.0,0.0,0.0,0.0,0.0,0.0,1.0,0.0
primary,XNR-PC,400,17638313716927524985,subsweep,0.0,0.0,0.0,0.0,0.0,0.0,1.0,0.0
primary,XNR-PW-CONV-ZERO,400,4701815876319261908,round,4294967296.0,4294967296.0,4294967296.0,4294967296.0,4294967296.0,4294967296.0,400.0,400.0
primary,XNR-PW-CONV-ZERO,400,4701815876319261908,subsweep,5368709.0,5368709.0,5368709.0,5368709.0,5368709.0,5368709.0,400.0,400.0
primary,XNR-PW-CONV-OFFSET,400,4701815876319261908,round,4294967296.0,4294967296.0,4294967296.0,4294967296.0,4294967296.0,4294967296.0,400.0,400.0
primary,XNR-PW-CONV-OFFSET,400,4701815876319261908,subsweep,6259.605288220553,0.0,0.0,5348747.0,391512509.0,50862135.0,4.0,2.1352584522401554
primary,XNR-PW-MT-ZERO,400,4701815876319261908,round,4294967296.0,4294967296.0,4294967296.0,4294967296.0,4294967296.0,4294967296.0,400.0,400.0
primary,XNR-PW-MT-ZERO,400,4701815876319261908,subsweep,5368709.0,5368709.0,5368709.0,5368709.0,5368709.0,5368709.0,400.0,400.0
primary,XNR-PW-MT-OFFSET,400,4701815876319261908,round,4294967296.0,4294967296.0,4294967296.0,4294967296.0,4294967296.0,4294967296.0,400.0,400.0
primary,XNR-PW-MT-OFFSET,400,4701815876319261908,subsweep,6259.605288220551,0.0,0.0,5348747.0,391512509.0,50862135.0,4.0,2.1352584522401554
primary,XNR-PC,400,4701815876319261908,round,0.0,0.0,0.0,0.0,0.0,0.0,1.0,0.0
primary,XNR-PC,400,4701815876319261908,subsweep,0.0,0.0,0.0,0.0,0.0,0.0,1.0,0.0
primary,XNR-PW-CONV-ZERO,400,7822082833909267661,round,4294967296.0,4294967296.0,4294967296.0,4294967296.0,4294967296.0,4294967296.0,400.0,400.0
primary,XNR-PW-CONV-ZERO,400,7822082833909267661,subsweep,5368709.0,5368709.0,5368709.0,5368709.0,5368709.0,5368709.0,400.0,400.0
primary,XNR-PW-CONV-OFFSET,400,7822082833909267661,round,4294967296.0,4294967296.0,4294967296.0,4294967296.0,4294967296.0,4294967296.0,400.0,400.0
primary,XNR-PW-CONV-OFFSET,400,7822082833909267661,subsweep,6601.878070175441,0.0,0.0,5360094.0,391547197.0,60253556.0,5.0,2.1658200760916193
primary,XNR-PW-MT-ZERO,400,7822082833909267661,round,4294967296.0,4294967296.0,4294967296.0,4294967296.0,4294967296.0,4294967296.0,400.0,400.0
primary,XNR-PW-MT-ZERO,400,7822082833909267661,subsweep,5368709.0,5368709.0,5368709.0,5368709.0,5368709.0,5368709.0,400.0,400.0
primary,XNR-PW-MT-OFFSET,400,7822082833909267661,round,4294967296.0,4294967296.0,4294967296.0,4294967296.0,4294967296.0,4294967296.0,400.0,400.0
primary,XNR-PW-MT-OFFSET,400,7822082833909267661,subsweep,6601.878070175439,0.0,0.0,5360094.0,391547197.0,60253556.0,5.0,2.165820076091619
primary,XNR-PC,400,7822082833909267661,round,0.0,0.0,0.0,0.0,0.0,0.0,1.0,0.0
primary,XNR-PC,400,7822082833909267661,subsweep,0.0,0.0,0.0,0.0,0.0,0.0,1.0,0.0
primary,XNR-PW-CONV-ZERO,400,12102592183121031244,round,4294967296.0,4294967296.0,4294967296.0,4294967296.0,4294967296.0,4294967296.0,400.0,400.0
primary,XNR-PW-CONV-ZERO,400,12102592183121031244,subsweep,5368709.0,5368709.0,5368709.0,5368709.0,5368709.0,5368709.0,400.0,400.0
primary,XNR-PW-CONV-OFFSET,400,12102592183121031244,round,4294967296.0,4294967296.0,4294967296.0,4294967296.0,4294967296.0,4294967296.0,400.0,400.0
primary,XNR-PW-CONV-OFFSET,400,12102592183121031244,subsweep,6123.985852130326,0.0,0.0,5296154.0,396374379.0,43765669.0,4.0,2.1144417737454213
primary,XNR-PW-MT-ZERO,400,12102592183121031244,round,4294967296.0,4294967296.0,4294967296.0,4294967296.0,4294967296.0,4294967296.0,400.0,400.0
primary,XNR-PW-MT-ZERO,400,12102592183121031244,subsweep,5368709.0,5368709.0,5368709.0,5368709.0,5368709.0,5368709.0,400.0,400.0
primary,XNR-PW-MT-OFFSET,400,12102592183121031244,round,4294967296.0,4294967296.0,4294967296.0,4294967296.0,4294967296.0,4294967296.0,400.0,400.0
primary,XNR-PW-MT-OFFSET,400,12102592183121031244,subsweep,6123.985852130326,0.0,0.0,5296154.0,396374379.0,43765669.0,4.0,2.1144417737454217
primary,XNR-PC,400,12102592183121031244,round,0.0,0.0,0.0,0.0,0.0,0.0,1.0,0.0
primary,XNR-PC,400,12102592183121031244,subsweep,0.0,0.0,0.0,0.0,0.0,0.0,1.0,0.0
primary,XNR-PW-CONV-ZERO,400,4849566379269777204,round,4294967296.0,4294967296.0,4294967296.0,4294967296.0,4294967296.0,4294967296.0,400.0,400.0
primary,XNR-PW-CONV-ZERO,400,4849566379269777204,subsweep,5368709.0,5368709.0,5368709.0,5368709.0,5368709.0,5368709.0,400.0,400.0
primary,XNR-PW-CONV-OFFSET,400,4849566379269777204,round,4294967296.0,4294967296.0,4294967296.0,4294967296.0,4294967296.0,4294967296.0,400.0,400.0
primary,XNR-PW-CONV-OFFSET,400,4849566379269777204,subsweep,6323.152731829572,0.0,0.0,5355357.0,360298087.0,63787526.0,4.0,2.192504516406161
primary,XNR-PW-MT-ZERO,400,4849566379269777204,round,4294967296.0,4294967296.0,4294967296.0,4294967296.0,4294967296.0,4294967296.0,400.0,400.0
primary,XNR-PW-MT-ZERO,400,4849566379269777204,subsweep,5368709.0,5368709.0,5368709.0,5368709.0,5368709.0,5368709.0,400.0,400.0
primary,XNR-PW-MT-OFFSET,400,4849566379269777204,round,4294967296.0,4294967296.0,4294967296.0,4294967296.0,4294967296.0,4294967296.0,400.0,400.0
primary,XNR-PW-MT-OFFSET,400,4849566379269777204,subsweep,6323.152731829574,0.0,0.0,5355357.0,360298087.0,63787526.0,4.0,2.1925045164061614
primary,XNR-PC,400,4849566379269777204,round,0.0,0.0,0.0,0.0,0.0,0.0,1.0,0.0
primary,XNR-PC,400,4849566379269777204,subsweep,0.0,0.0,0.0,0.0,0.0,0.0,1.0,0.0
primary,XNR-PW-CONV-ZERO,400,4171531546602603804,round,4294967296.0,4294967296.0,4294967296.0,4294967296.0,4294967296.0,4294967296.0,400.0,400.0
primary,XNR-PW-CONV-ZERO,400,4171531546602603804,subsweep,5368709.0,5368709.0,5368709.0,5368709.0,5368709.0,5368709.0,400.0,400.0
primary,XNR-PW-CONV-OFFSET,400,4171531546602603804,round,4294967296.0,4294967296.0,4294967296.0,4294967296.0,4294967296.0,4294967296.0,400.0,400.0
primary,XNR-PW-CONV-OFFSET,400,4171531546602603804,subsweep,7925.166290726817,0.0,0.0,5332542.0,380341587.0,89771956.0,5.0,2.297120432954391
primary,XNR-PW-MT-ZERO,400,4171531546602603804,round,4294967296.0,4294967296.0,4294967296.0,4294967296.0,4294967296.0,4294967296.0,400.0,400.0
primary,XNR-PW-MT-ZERO,400,4171531546602603804,subsweep,5368709.0,5368709.0,5368709.0,5368709.0,5368709.0,5368709.0,400.0,400.0
primary,XNR-PW-MT-OFFSET,400,4171531546602603804,round,4294967296.0,4294967296.0,4294967296.0,4294967296.0,4294967296.0,4294967296.0,400.0,400.0
primary,XNR-PW-MT-OFFSET,400,4171531546602603804,subsweep,7925.166290726817,0.0,0.0,5332542.0,380341587.0,89771956.0,5.0,2.2971204329543906
primary,XNR-PC,400,4171531546602603804,round,0.0,0.0,0.0,0.0,0.0,0.0,1.0,0.0
primary,XNR-PC,400,4171531546602603804,subsweep,0.0,0.0,0.0,0.0,0.0,0.0,1.0,0.0
primary,XNR-PW-CONV-ZERO,400,6773169848162830496,round,4294967296.0,4294967296.0,4294967296.0,4294967296.0,4294967296.0,4294967296.0,400.0,400.0
primary,XNR-PW-CONV-ZERO,400,6773169848162830496,subsweep,5368709.0,5368709.0,5368709.0,5368709.0,5368709.0,5368709.0,400.0,400.0
primary,XNR-PW-CONV-OFFSET,400,6773169848162830496,round,4294967296.0,4294967296.0,4294967296.0,4294967296.0,4294967296.0,4294967296.0,400.0,400.0
primary,XNR-PW-CONV-OFFSET,400,6773169848162830496,subsweep,8104.228709273185,0.0,0.0,5352711.0,424998581.0,91995060.0,5.0,2.245385744005578
primary,XNR-PW-MT-ZERO,400,6773169848162830496,round,4294967296.0,4294967296.0,4294967296.0,4294967296.0,4294967296.0,4294967296.0,400.0,400.0
primary,XNR-PW-MT-ZERO,400,6773169848162830496,subsweep,5368709.0,5368709.0,5368709.0,5368709.0,5368709.0,5368709.0,400.0,400.0
primary,XNR-PW-MT-OFFSET,400,6773169848162830496,round,4294967296.0,4294967296.0,4294967296.0,4294967296.0,4294967296.0,4294967296.0,400.0,400.0
primary,XNR-PW-MT-OFFSET,400,6773169848162830496,subsweep,8104.228709273183,0.0,0.0,5352711.0,424998581.0,91995060.0,5.0,2.245385744005578
primary,XNR-PC,400,6773169848162830496,round,0.0,0.0,0.0,0.0,0.0,0.0,1.0,0.0
primary,XNR-PC,400,6773169848162830496,subsweep,0.0,0.0,0.0,0.0,0.0,0.0,1.0,0.0
primary,XNR-PW-CONV-ZERO,400,13259265031399199819,round,4294967296.0,4294967296.0,4294967296.0,4294967296.0,4294967296.0,4294967296.0,400.0,400.0
primary,XNR-PW-CONV-ZERO,400,13259265031399199819,subsweep,5368709.0,5368709.0,5368709.0,5368709.0,5368709.0,5368709.0,400.0,400.0
primary,XNR-PW-CONV-OFFSET,400,13259265031399199819,round,4294967296.0,4294967296.0,4294967296.0,4294967296.0,4294967296.0,4294967296.0,400.0,400.0
primary,XNR-PW-CONV-OFFSET,400,13259265031399199819,subsweep,6313.194736842106,0.0,0.0,5365174.0,361660295.0,59349149.0,4.0,2.185700777576372
primary,XNR-PW-MT-ZERO,400,13259265031399199819,round,4294967296.0,4294967296.0,4294967296.0,4294967296.0,4294967296.0,4294967296.0,400.0,400.0
primary,XNR-PW-MT-ZERO,400,13259265031399199819,subsweep,5368709.0,5368709.0,5368709.0,5368709.0,5368709.0,5368709.0,400.0,400.0
primary,XNR-PW-MT-OFFSET,400,13259265031399199819,round,4294967296.0,4294967296.0,4294967296.0,4294967296.0,4294967296.0,4294967296.0,400.0,400.0
primary,XNR-PW-MT-OFFSET,400,13259265031399199819,subsweep,6313.194736842105,0.0,0.0,5365174.0,361660295.0,59349149.0,4.0,2.185700777576372
primary,XNR-PC,400,13259265031399199819,round,0.0,0.0,0.0,0.0,0.0,0.0,1.0,0.0
primary,XNR-PC,400,13259265031399199819,subsweep,0.0,0.0,0.0,0.0,0.0,0.0,1.0,0.0
primary,XNR-PW-CONV-ZERO,400,7383040523285475032,round,4294967296.0,4294967296.0,4294967296.0,4294967296.0,4294967296.0,4294967296.0,400.0,400.0
primary,XNR-PW-CONV-ZERO,400,7383040523285475032,subsweep,5368709.0,5368709.0,5368709.0,5368709.0,5368709.0,5368709.0,400.0,400.0
primary,XNR-PW-CONV-OFFSET,400,7383040523285475032,round,4294967296.0,4294967296.0,4294967296.0,4294967296.0,4294967296.0,4294967296.0,400.0,400.0
primary,XNR-PW-CONV-OFFSET,400,7383040523285475032,subsweep,7595.795914786965,0.0,0.0,5361077.0,400947171.0,75041067.0,5.0,2.2303469650868304
primary,XNR-PW-MT-ZERO,400,7383040523285475032,round,4294967296.0,4294967296.0,4294967296.0,4294967296.0,4294967296.0,4294967296.0,400.0,400.0
primary,XNR-PW-MT-ZERO,400,7383040523285475032,subsweep,5368709.0,5368709.0,5368709.0,5368709.0,5368709.0,5368709.0,400.0,400.0
primary,XNR-PW-MT-OFFSET,400,7383040523285475032,round,4294967296.0,4294967296.0,4294967296.0,4294967296.0,4294967296.0,4294967296.0,400.0,400.0
primary,XNR-PW-MT-OFFSET,400,7383040523285475032,subsweep,7595.795914786968,0.0,0.0,5361077.0,400947171.0,75041067.0,5.0,2.2303469650868295
primary,XNR-PC,400,7383040523285475032,round,0.0,0.0,0.0,0.0,0.0,0.0,1.0,0.0
primary,XNR-PC,400,7383040523285475032,subsweep,0.0,0.0,0.0,0.0,0.0,0.0,1.0,0.0
primary,XNR-PW-CONV-ZERO,400,8469065342115915783,round,4294967296.0,4294967296.0,4294967296.0,4294967296.0,4294967296.0,4294967296.0,400.0,400.0
primary,XNR-PW-CONV-ZERO,400,8469065342115915783,subsweep,5368709.0,5368709.0,5368709.0,5368709.0,5368709.0,5368709.0,400.0,400.0
primary,XNR-PW-CONV-OFFSET,400,8469065342115915783,round,4294967296.0,4294967296.0,4294967296.0,4294967296.0,4294967296.0,4294967296.0,400.0,400.0
primary,XNR-PW-CONV-OFFSET,400,8469065342115915783,subsweep,7155.611365914784,0.0,0.0,5365304.0,404214938.0,72870886.0,5.0,2.196611002040702
primary,XNR-PW-MT-ZERO,400,8469065342115915783,round,4294967296.0,4294967296.0,4294967296.0,4294967296.0,4294967296.0,4294967296.0,400.0,400.0
primary,XNR-PW-MT-ZERO,400,8469065342115915783,subsweep,5368709.0,5368709.0,5368709.0,5368709.0,5368709.0,5368709.0,400.0,400.0
primary,XNR-PW-MT-OFFSET,400,8469065342115915783,round,4294967296.0,4294967296.0,4294967296.0,4294967296.0,4294967296.0,4294967296.0,400.0,400.0
primary,XNR-PW-MT-OFFSET,400,8469065342115915783,subsweep,7155.611365914787,0.0,0.0,5365304.0,404214938.0,72870886.0,5.0,2.1966110020407013
primary,XNR-PC,400,8469065342115915783,round,0.0,0.0,0.0,0.0,0.0,0.0,1.0,0.0
primary,XNR-PC,400,8469065342115915783,subsweep,0.0,0.0,0.0,0.0,0.0,0.0,1.0,0.0
primary,XNR-PW-CONV-ZERO,400,11167473384098259577,round,4294967296.0,4294967296.0,4294967296.0,4294967296.0,4294967296.0,4294967296.0,400.0,400.0
primary,XNR-PW-CONV-ZERO,400,11167473384098259577,subsweep,5368709.0,5368709.0,5368709.0,5368709.0,5368709.0,5368709.0,400.0,400.0
primary,XNR-PW-CONV-OFFSET,400,11167473384098259577,round,4294967296.0,4294967296.0,4294967296.0,4294967296.0,4294967296.0,4294967296.0,400.0,400.0
primary,XNR-PW-CONV-OFFSET,400,11167473384098259577,subsweep,7227.603696741857,0.0,0.0,5363499.0,405717346.0,64236407.0,5.0,2.1913295149081446
primary,XNR-PW-MT-ZERO,400,11167473384098259577,round,4294967296.0,4294967296.0,4294967296.0,4294967296.0,4294967296.0,4294967296.0,400.0,400.0
primary,XNR-PW-MT-ZERO,400,11167473384098259577,subsweep,5368709.0,5368709.0,5368709.0,5368709.0,5368709.0,5368709.0,400.0,400.0
primary,XNR-PW-MT-OFFSET,400,11167473384098259577,round,4294967296.0,4294967296.0,4294967296.0,4294967296.0,4294967296.0,4294967296.0,400.0,400.0
primary,XNR-PW-MT-OFFSET,400,11167473384098259577,subsweep,7227.603696741855,0.0,0.0,5363499.0,405717346.0,64236407.0,5.0,2.191329514908145
primary,XNR-PC,400,11167473384098259577,round,0.0,0.0,0.0,0.0,0.0,0.0,1.0,0.0
primary,XNR-PC,400,11167473384098259577,subsweep,0.0,0.0,0.0,0.0,0.0,0.0,1.0,0.0
primary,XNR-PW-CONV-ZERO,400,3927382471087979842,round,4294967296.0,4294967296.0,4294967296.0,4294967296.0,4294967296.0,4294967296.0,400.0,400.0
primary,XNR-PW-CONV-ZERO,400,3927382471087979842,subsweep,5368709.0,5368709.0,5368709.0,5368709.0,5368709.0,5368709.0,400.0,400.0
primary,XNR-PW-CONV-OFFSET,400,3927382471087979842,round,4294967296.0,4294967296.0,4294967296.0,4294967296.0,4294967296.0,4294967296.0,400.0,400.0
primary,XNR-PW-CONV-OFFSET,400,3927382471087979842,subsweep,6476.768020050126,0.0,0.0,5316408.0,384947075.0,56833444.0,4.0,2.163427190607955
primary,XNR-PW-MT-ZERO,400,3927382471087979842,round,4294967296.0,4294967296.0,4294967296.0,4294967296.0,4294967296.0,4294967296.0,400.0,400.0
primary,XNR-PW-MT-ZERO,400,3927382471087979842,subsweep,5368709.0,5368709.0,5368709.0,5368709.0,5368709.0,5368709.0,400.0,400.0
primary,XNR-PW-MT-OFFSET,400,3927382471087979842,round,4294967296.0,4294967296.0,4294967296.0,4294967296.0,4294967296.0,4294967296.0,400.0,400.0
primary,XNR-PW-MT-OFFSET,400,3927382471087979842,subsweep,6476.768020050125,0.0,0.0,5316408.0,384947075.0,56833444.0,4.0,2.1634271906079556
primary,XNR-PC,400,3927382471087979842,round,0.0,0.0,0.0,0.0,0.0,0.0,1.0,0.0
primary,XNR-PC,400,3927382471087979842,subsweep,0.0,0.0,0.0,0.0,0.0,0.0,1.0,0.0
primary,XNR-PW-CONV-ZERO,400,12250540210932396121,round,4294967296.0,4294967296.0,4294967296.0,4294967296.0,4294967296.0,4294967296.0,400.0,400.0
primary,XNR-PW-CONV-ZERO,400,12250540210932396121,subsweep,5368709.0,5368709.0,5368709.0,5368709.0,5368709.0,5368709.0,400.0,400.0
primary,XNR-PW-CONV-OFFSET,400,12250540210932396121,round,4294967296.0,4294967296.0,4294967296.0,4294967296.0,4294967296.0,4294967296.0,400.0,400.0
primary,XNR-PW-CONV-OFFSET,400,12250540210932396121,subsweep,7219.096428571429,0.0,0.0,5365184.0,384059556.0,67906558.0,5.0,2.2250756468613946
primary,XNR-PW-MT-ZERO,400,12250540210932396121,round,4294967296.0,4294967296.0,4294967296.0,4294967296.0,4294967296.0,4294967296.0,400.0,400.0
primary,XNR-PW-MT-ZERO,400,12250540210932396121,subsweep,5368709.0,5368709.0,5368709.0,5368709.0,5368709.0,5368709.0,400.0,400.0
primary,XNR-PW-MT-OFFSET,400,12250540210932396121,round,4294967296.0,4294967296.0,4294967296.0,4294967296.0,4294967296.0,4294967296.0,400.0,400.0
primary,XNR-PW-MT-OFFSET,400,12250540210932396121,subsweep,7219.096428571429,0.0,0.0,5365184.0,384059556.0,67906558.0,5.0,2.2250756468613946
primary,XNR-PC,400,12250540210932396121,round,0.0,0.0,0.0,0.0,0.0,0.0,1.0,0.0
primary,XNR-PC,400,12250540210932396121,subsweep,0.0,0.0,0.0,0.0,0.0,0.0,1.0,0.0
primary,XNR-PW-CONV-ZERO,400,12687317089305426264,round,4294967296.0,4294967296.0,4294967296.0,4294967296.0,4294967296.0,4294967296.0,400.0,400.0
primary,XNR-PW-CONV-ZERO,400,12687317089305426264,subsweep,5368709.0,5368709.0,5368709.0,5368709.0,5368709.0,5368709.0,400.0,400.0
primary,XNR-PW-CONV-OFFSET,400,12687317089305426264,round,4294967296.0,4294967296.0,4294967296.0,4294967296.0,4294967296.0,4294967296.0,400.0,400.0
primary,XNR-PW-CONV-OFFSET,400,12687317089305426264,subsweep,6772.420952380954,0.0,0.0,5296474.0,420191360.0,53651446.0,4.0,2.1379524462378283
primary,XNR-PW-MT-ZERO,400,12687317089305426264,round,4294967296.0,4294967296.0,4294967296.0,4294967296.0,4294967296.0,4294967296.0,400.0,400.0
primary,XNR-PW-MT-ZERO,400,12687317089305426264,subsweep,5368709.0,5368709.0,5368709.0,5368709.0,5368709.0,5368709.0,400.0,400.0
primary,XNR-PW-MT-OFFSET,400,12687317089305426264,round,4294967296.0,4294967296.0,4294967296.0,4294967296.0,4294967296.0,4294967296.0,400.0,400.0
primary,XNR-PW-MT-OFFSET,400,12687317089305426264,subsweep,6772.420952380952,0.0,0.0,5296474.0,420191360.0,53651446.0,4.0,2.1379524462378283
primary,XNR-PC,400,12687317089305426264,round,0.0,0.0,0.0,0.0,0.0,0.0,1.0,0.0
primary,XNR-PC,400,12687317089305426264,subsweep,0.0,0.0,0.0,0.0,0.0,0.0,1.0,0.0
primary,XNR-PW-CONV-ZERO,400,3068354826123602611,round,4294967296.0,4294967296.0,4294967296.0,4294967296.0,4294967296.0,4294967296.0,400.0,400.0
primary,XNR-PW-CONV-ZERO,400,3068354826123602611,subsweep,5368709.0,5368709.0,5368709.0,5368709.0,5368709.0,5368709.0,400.0,400.0
primary,XNR-PW-CONV-OFFSET,400,3068354826123602611,round,4294967296.0,4294967296.0,4294967296.0,4294967296.0,4294967296.0,4294967296.0,400.0,400.0
primary,XNR-PW-CONV-OFFSET,400,3068354826123602611,subsweep,8002.307781954886,0.0,0.0,5348560.0,424458728.0,81065686.0,6.0,2.227761998099377
primary,XNR-PW-MT-ZERO,400,3068354826123602611,round,4294967296.0,4294967296.0,4294967296.0,4294967296.0,4294967296.0,4294967296.0,400.0,400.0
primary,XNR-PW-MT-ZERO,400,3068354826123602611,subsweep,5368709.0,5368709.0,5368709.0,5368709.0,5368709.0,5368709.0,400.0,400.0
primary,XNR-PW-MT-OFFSET,400,3068354826123602611,round,4294967296.0,4294967296.0,4294967296.0,4294967296.0,4294967296.0,4294967296.0,400.0,400.0
primary,XNR-PW-MT-OFFSET,400,3068354826123602611,subsweep,8002.307781954887,0.0,0.0,5348560.0,424458728.0,81065686.0,6.0,2.227761998099377
primary,XNR-PC,400,3068354826123602611,round,0.0,0.0,0.0,0.0,0.0,0.0,1.0,0.0
primary,XNR-PC,400,3068354826123602611,subsweep,0.0,0.0,0.0,0.0,0.0,0.0,1.0,0.0
primary,XNR-PW-CONV-ZERO,400,6452565723836495873,round,4294967296.0,4294967296.0,4294967296.0,4294967296.0,4294967296.0,4294967296.0,400.0,400.0
primary,XNR-PW-CONV-ZERO,400,6452565723836495873,subsweep,5368709.0,5368709.0,5368709.0,5368709.0,5368709.0,5368709.0,400.0,400.0
primary,XNR-PW-CONV-OFFSET,400,6452565723836495873,round,4294967296.0,4294967296.0,4294967296.0,4294967296.0,4294967296.0,4294967296.0,400.0,400.0
primary,XNR-PW-CONV-OFFSET,400,6452565723836495873,subsweep,6253.282493734337,0.0,0.0,5360263.0,388935051.0,49321034.0,4.0,2.1366105776874305
primary,XNR-PW-MT-ZERO,400,6452565723836495873,round,4294967296.0,4294967296.0,4294967296.0,4294967296.0,4294967296.0,4294967296.0,400.0,400.0
primary,XNR-PW-MT-ZERO,400,6452565723836495873,subsweep,5368709.0,5368709.0,5368709.0,5368709.0,5368709.0,5368709.0,400.0,400.0
primary,XNR-PW-MT-OFFSET,400,6452565723836495873,round,4294967296.0,4294967296.0,4294967296.0,4294967296.0,4294967296.0,4294967296.0,400.0,400.0
primary,XNR-PW-MT-OFFSET,400,6452565723836495873,subsweep,6253.282493734336,0.0,0.0,5360263.0,388935051.0,49321034.0,4.0,2.13661057768743
primary,XNR-PC,400,6452565723836495873,round,0.0,0.0,0.0,0.0,0.0,0.0,1.0,0.0
primary,XNR-PC,400,6452565723836495873,subsweep,0.0,0.0,0.0,0.0,0.0,0.0,1.0,0.0
primary,XNR-PW-CONV-ZERO,400,12576523555926126553,round,4294967296.0,4294967296.0,4294967296.0,4294967296.0,4294967296.0,4294967296.0,400.0,400.0
primary,XNR-PW-CONV-ZERO,400,12576523555926126553,subsweep,5368709.0,5368709.0,5368709.0,5368709.0,5368709.0,5368709.0,400.0,400.0
primary,XNR-PW-CONV-OFFSET,400,12576523555926126553,round,4294967296.0,4294967296.0,4294967296.0,4294967296.0,4294967296.0,4294967296.0,400.0,400.0
primary,XNR-PW-CONV-OFFSET,400,12576523555926126553,subsweep,5286.852581453636,0.0,0.0,5362488.0,339392381.0,39427752.0,4.0,2.119749503156938
primary,XNR-PW-MT-ZERO,400,12576523555926126553,round,4294967296.0,4294967296.0,4294967296.0,4294967296.0,4294967296.0,4294967296.0,400.0,400.0
primary,XNR-PW-MT-ZERO,400,12576523555926126553,subsweep,5368709.0,5368709.0,5368709.0,5368709.0,5368709.0,5368709.0,400.0,400.0
primary,XNR-PW-MT-OFFSET,400,12576523555926126553,round,4294967296.0,4294967296.0,4294967296.0,4294967296.0,4294967296.0,4294967296.0,400.0,400.0
primary,XNR-PW-MT-OFFSET,400,12576523555926126553,subsweep,5286.852581453634,0.0,0.0,5362488.0,339392381.0,39427752.0,4.0,2.1197495031569376
primary,XNR-PC,400,12576523555926126553,round,0.0,0.0,0.0,0.0,0.0,0.0,1.0,0.0
primary,XNR-PC,400,12576523555926126553,subsweep,0.0,0.0,0.0,0.0,0.0,0.0,1.0,0.0
primary,XNR-PW-CONV-ZERO,400,7616672725889129548,round,4294967296.0,4294967296.0,4294967296.0,4294967296.0,4294967296.0,4294967296.0,400.0,400.0
primary,XNR-PW-CONV-ZERO,400,7616672725889129548,subsweep,5368709.0,5368709.0,5368709.0,5368709.0,5368709.0,5368709.0,400.0,400.0
primary,XNR-PW-CONV-OFFSET,400,7616672725889129548,round,4294967296.0,4294967296.0,4294967296.0,4294967296.0,4294967296.0,4294967296.0,400.0,400.0
primary,XNR-PW-CONV-OFFSET,400,7616672725889129548,subsweep,6086.668408521305,0.0,0.0,5368121.0,353679396.0,51435655.0,5.0,2.1713180628707027
primary,XNR-PW-MT-ZERO,400,7616672725889129548,round,4294967296.0,4294967296.0,4294967296.0,4294967296.0,4294967296.0,4294967296.0,400.0,400.0
primary,XNR-PW-MT-ZERO,400,7616672725889129548,subsweep,5368709.0,5368709.0,5368709.0,5368709.0,5368709.0,5368709.0,400.0,400.0
primary,XNR-PW-MT-OFFSET,400,7616672725889129548,round,4294967296.0,4294967296.0,4294967296.0,4294967296.0,4294967296.0,4294967296.0,400.0,400.0
primary,XNR-PW-MT-OFFSET,400,7616672725889129548,subsweep,6086.668408521303,0.0,0.0,5368121.0,353679396.0,51435655.0,5.0,2.1713180628707023
primary,XNR-PC,400,7616672725889129548,round,0.0,0.0,0.0,0.0,0.0,0.0,1.0,0.0
primary,XNR-PC,400,7616672725889129548,subsweep,0.0,0.0,0.0,0.0,0.0,0.0,1.0,0.0
primary,XNR-PW-CONV-ZERO,500,18231826143518580289,round,4294967296.0,4294967296.0,4294967296.0,4294967296.0,4294967296.0,4294967296.0,500.0,500.0
primary,XNR-PW-CONV-ZERO,500,18231826143518580289,subsweep,4294967.0,4294967.0,4294967.0,4294967.0,4294967.0,4294967.0,500.0,500.0
primary,XNR-PW-CONV-OFFSET,500,18231826143518580289,round,4294967296.0,4294967296.0,4294967296.0,4294967296.0,4294967296.0,4294967296.0,500.0,500.0
primary,XNR-PW-CONV-OFFSET,500,18231826143518580289,subsweep,4825.598997995992,0.0,0.0,4292013.0,403834986.0,77229157.0,4.0,2.227310374738061
primary,XNR-PW-MT-ZERO,500,18231826143518580289,round,4294967296.0,4294967296.0,4294967296.0,4294967296.0,4294967296.0,4294967296.0,500.0,500.0
primary,XNR-PW-MT-ZERO,500,18231826143518580289,subsweep,4294967.0,4294967.0,4294967.0,4294967.0,4294967.0,4294967.0,500.0,500.0
primary,XNR-PW-MT-OFFSET,500,18231826143518580289,round,4294967296.0,4294967296.0,4294967296.0,4294967296.0,4294967296.0,4294967296.0,500.0,500.0
primary,XNR-PW-MT-OFFSET,500,18231826143518580289,subsweep,4825.598997995992,0.0,0.0,4292013.0,403834986.0,77229157.0,4.0,2.227310374738062
primary,XNR-PC,500,18231826143518580289,round,0.0,0.0,0.0,0.0,0.0,0.0,1.0,0.0
primary,XNR-PC,500,18231826143518580289,subsweep,0.0,0.0,0.0,0.0,0.0,0.0,1.0,0.0
primary,XNR-PW-CONV-ZERO,500,8906286495562900921,round,4294967296.0,4294967296.0,4294967296.0,4294967296.0,4294967296.0,4294967296.0,500.0,500.0
primary,XNR-PW-CONV-ZERO,500,8906286495562900921,subsweep,4294967.0,4294967.0,4294967.0,4294967.0,4294967.0,4294967.0,500.0,500.0
primary,XNR-PW-CONV-OFFSET,500,8906286495562900921,round,4294967296.0,4294967296.0,4294967296.0,4294967296.0,4294967296.0,4294967296.0,500.0,500.0
primary,XNR-PW-CONV-OFFSET,500,8906286495562900921,subsweep,4240.785867735469,0.0,0.0,4292339.0,412418148.0,49931912.0,5.0,2.1346017779993525
primary,XNR-PW-MT-ZERO,500,8906286495562900921,round,4294967296.0,4294967296.0,4294967296.0,4294967296.0,4294967296.0,4294967296.0,500.0,500.0
primary,XNR-PW-MT-ZERO,500,8906286495562900921,subsweep,4294967.0,4294967.0,4294967.0,4294967.0,4294967.0,4294967.0,500.0,500.0
primary,XNR-PW-MT-OFFSET,500,8906286495562900921,round,4294967296.0,4294967296.0,4294967296.0,4294967296.0,4294967296.0,4294967296.0,500.0,500.0
primary,XNR-PW-MT-OFFSET,500,8906286495562900921,subsweep,4240.785867735471,0.0,0.0,4292339.0,412418148.0,49931912.0,5.0,2.1346017779993525
primary,XNR-PC,500,8906286495562900921,round,0.0,0.0,0.0,0.0,0.0,0.0,1.0,0.0
primary,XNR-PC,500,8906286495562900921,subsweep,0.0,0.0,0.0,0.0,0.0,0.0,1.0,0.0
primary,XNR-PW-CONV-ZERO,500,8770642015975544875,round,4294967296.0,4294967296.0,4294967296.0,4294967296.0,4294967296.0,4294967296.0,500.0,500.0
primary,XNR-PW-CONV-ZERO,500,8770642015975544875,subsweep,4294967.0,4294967.0,4294967.0,4294967.0,4294967.0,4294967.0,500.0,500.0
primary,XNR-PW-CONV-OFFSET,500,8770642015975544875,round,4294967296.0,4294967296.0,4294967296.0,4294967296.0,4294967296.0,4294967296.0,500.0,500.0
primary,XNR-PW-CONV-OFFSET,500,8770642015975544875,subsweep,4219.298396793587,0.0,0.0,4276400.0,369702536.0,57722762.0,5.0,2.192004668856261
primary,XNR-PW-MT-ZERO,500,8770642015975544875,round,4294967296.0,4294967296.0,4294967296.0,4294967296.0,4294967296.0,4294967296.0,500.0,500.0
primary,XNR-PW-MT-ZERO,500,8770642015975544875,subsweep,4294967.0,4294967.0,4294967.0,4294967.0,4294967.0,4294967.0,500.0,500.0
primary,XNR-PW-MT-OFFSET,500,8770642015975544875,round,4294967296.0,4294967296.0,4294967296.0,4294967296.0,4294967296.0,4294967296.0,500.0,500.0
primary,XNR-PW-MT-OFFSET,500,8770642015975544875,subsweep,4219.298396793587,0.0,0.0,4276400.0,369702536.0,57722762.0,5.0,2.1920046688562613
primary,XNR-PC,500,8770642015975544875,round,0.0,0.0,0.0,0.0,0.0,0.0,1.0,0.0
primary,XNR-PC,500,8770642015975544875,subsweep,0.0,0.0,0.0,0.0,0.0,0.0,1.0,0.0
primary,XNR-PW-CONV-ZERO,500,9576473659758073777,round,4294967296.0,4294967296.0,4294967296.0,4294967296.0,4294967296.0,4294967296.0,500.0,500.0
primary,XNR-PW-CONV-ZERO,500,9576473659758073777,subsweep,4294967.0,4294967.0,4294967.0,4294967.0,4294967.0,4294967.0,500.0,500.0
primary,XNR-PW-CONV-OFFSET,500,9576473659758073777,round,4294967296.0,4294967296.0,4294967296.0,4294967296.0,4294967296.0,4294967296.0,500.0,500.0
primary,XNR-PW-CONV-OFFSET,500,9576473659758073777,subsweep,4558.5267094188375,0.0,0.0,4275511.0,394832472.0,69000967.0,4.0,2.205019191025403
primary,XNR-PW-MT-ZERO,500,9576473659758073777,round,4294967296.0,4294967296.0,4294967296.0,4294967296.0,4294967296.0,4294967296.0,500.0,500.0
primary,XNR-PW-MT-ZERO,500,9576473659758073777,subsweep,4294967.0,4294967.0,4294967.0,4294967.0,4294967.0,4294967.0,500.0,500.0
primary,XNR-PW-MT-OFFSET,500,9576473659758073777,round,4294967296.0,4294967296.0,4294967296.0,4294967296.0,4294967296.0,4294967296.0,500.0,500.0
primary,XNR-PW-MT-OFFSET,500,9576473659758073777,subsweep,4558.5267094188375,0.0,0.0,4275511.0,394832472.0,69000967.0,4.0,2.2050191910254027
primary,XNR-PC,500,9576473659758073777,round,0.0,0.0,0.0,0.0,0.0,0.0,1.0,0.0
primary,XNR-PC,500,9576473659758073777,subsweep,0.0,0.0,0.0,0.0,0.0,0.0,1.0,0.0
primary,XNR-PW-CONV-ZERO,500,16363268894485278985,round,4294967296.0,4294967296.0,4294967296.0,4294967296.0,4294967296.0,4294967296.0,500.0,500.0
primary,XNR-PW-CONV-ZERO,500,16363268894485278985,subsweep,4294967.0,4294967.0,4294967.0,4294967.0,4294967.0,4294967.0,500.0,500.0
primary,XNR-PW-CONV-OFFSET,500,16363268894485278985,round,4294967296.0,4294967296.0,4294967296.0,4294967296.0,4294967296.0,4294967296.0,500.0,500.0
primary,XNR-PW-CONV-OFFSET,500,16363268894485278985,subsweep,3880.6198717434872,0.0,0.0,4290743.0,352824180.0,49036372.0,5.0,2.169481187485506
primary,XNR-PW-MT-ZERO,500,16363268894485278985,round,4294967296.0,4294967296.0,4294967296.0,4294967296.0,4294967296.0,4294967296.0,500.0,500.0
primary,XNR-PW-MT-ZERO,500,16363268894485278985,subsweep,4294967.0,4294967.0,4294967.0,4294967.0,4294967.0,4294967.0,500.0,500.0
primary,XNR-PW-MT-OFFSET,500,16363268894485278985,round,4294967296.0,4294967296.0,4294967296.0,4294967296.0,4294967296.0,4294967296.0,500.0,500.0
primary,XNR-PW-MT-OFFSET,500,16363268894485278985,subsweep,3880.619871743487,0.0,0.0,4290743.0,352824180.0,49036372.0,5.0,2.1694811874855064
primary,XNR-PC,500,16363268894485278985,round,0.0,0.0,0.0,0.0,0.0,0.0,1.0,0.0
primary,XNR-PC,500,16363268894485278985,subsweep,0.0,0.0,0.0,0.0,0.0,0.0,1.0,0.0
primary,XNR-PW-CONV-ZERO,500,16585534704111605887,round,4294967296.0,4294967296.0,4294967296.0,4294967296.0,4294967296.0,4294967296.0,500.0,500.0
primary,XNR-PW-CONV-ZERO,500,16585534704111605887,subsweep,4294967.0,4294967.0,4294967.0,4294967.0,4294967.0,4294967.0,500.0,500.0
primary,XNR-PW-CONV-OFFSET,500,16585534704111605887,round,4294967296.0,4294967296.0,4294967296.0,4294967296.0,4294967296.0,4294967296.0,500.0,500.0
primary,XNR-PW-CONV-OFFSET,500,16585534704111605887,subsweep,4524.118388777555,0.0,0.0,4277497.0,384699934.0,69500633.0,5.0,2.21446108696239
primary,XNR-PW-MT-ZERO,500,16585534704111605887,round,4294967296.0,4294967296.0,4294967296.0,4294967296.0,4294967296.0,4294967296.0,500.0,500.0
primary,XNR-PW-MT-ZERO,500,16585534704111605887,subsweep,4294967.0,4294967.0,4294967.0,4294967.0,4294967.0,4294967.0,500.0,500.0
primary,XNR-PW-MT-OFFSET,500,16585534704111605887,round,4294967296.0,4294967296.0,4294967296.0,4294967296.0,4294967296.0,4294967296.0,500.0,500.0
primary,XNR-PW-MT-OFFSET,500,16585534704111605887,subsweep,4524.118388777555,0.0,0.0,4277497.0,384699934.0,69500633.0,5.0,2.2144610869623906
primary,XNR-PC,500,16585534704111605887,round,0.0,0.0,0.0,0.0,0.0,0.0,1.0,0.0
primary,XNR-PC,500,16585534704111605887,subsweep,0.0,0.0,0.0,0.0,0.0,0.0,1.0,0.0
primary,XNR-PW-CONV-ZERO,500,14790319751179523344,round,4294967296.0,4294967296.0,4294967296.0,4294967296.0,4294967296.0,4294967296.0,500.0,500.0
primary,XNR-PW-CONV-ZERO,500,14790319751179523344,subsweep,4294967.0,4294967.0,4294967.0,4294967.0,4294967.0,4294967.0,500.0,500.0
primary,XNR-PW-CONV-OFFSET,500,14790319751179523344,round,4294967296.0,4294967296.0,4294967296.0,4294967296.0,4294967296.0,4294967296.0,500.0,500.0
primary,XNR-PW-CONV-OFFSET,500,14790319751179523344,subsweep,4253.700537074147,0.0,0.0,4270478.0,377996558.0,68968885.0,4.0,2.195435173777429
primary,XNR-PW-MT-ZERO,500,14790319751179523344,round,4294967296.0,4294967296.0,4294967296.0,4294967296.0,4294967296.0,4294967296.0,500.0,500.0
primary,XNR-PW-MT-ZERO,500,14790319751179523344,subsweep,4294967.0,4294967.0,4294967.0,4294967.0,4294967.0,4294967.0,500.0,500.0
primary,XNR-PW-MT-OFFSET,500,14790319751179523344,round,4294967296.0,4294967296.0,4294967296.0,4294967296.0,4294967296.0,4294967296.0,500.0,500.0
primary,XNR-PW-MT-OFFSET,500,14790319751179523344,subsweep,4253.700537074148,0.0,0.0,4270478.0,377996558.0,68968885.0,4.0,2.195435173777429
primary,XNR-PC,500,14790319751179523344,round,0.0,0.0,0.0,0.0,0.0,0.0,1.0,0.0
primary,XNR-PC,500,14790319751179523344,subsweep,0.0,0.0,0.0,0.0,0.0,0.0,1.0,0.0
primary,XNR-PW-CONV-ZERO,500,15311360825920276038,round,4294967296.0,4294967296.0,4294967296.0,4294967296.0,4294967296.0,4294967296.0,500.0,500.0
primary,XNR-PW-CONV-ZERO,500,15311360825920276038,subsweep,4294967.0,4294967.0,4294967.0,4294967.0,4294967.0,4294967.0,500.0,500.0
primary,XNR-PW-CONV-OFFSET,500,15311360825920276038,round,4294967296.0,4294967296.0,4294967296.0,4294967296.0,4294967296.0,4294967296.0,500.0,500.0
primary,XNR-PW-CONV-OFFSET,500,15311360825920276038,subsweep,3766.1816352705423,0.0,0.0,4260919.0,358346987.0,50340052.0,4.0,2.1505284262373334
primary,XNR-PW-MT-ZERO,500,15311360825920276038,round,4294967296.0,4294967296.0,4294967296.0,4294967296.0,4294967296.0,4294967296.0,500.0,500.0
primary,XNR-PW-MT-ZERO,500,15311360825920276038,subsweep,4294967.0,4294967.0,4294967.0,4294967.0,4294967.0,4294967.0,500.0,500.0
primary,XNR-PW-MT-OFFSET,500,15311360825920276038,round,4294967296.0,4294967296.0,4294967296.0,4294967296.0,4294967296.0,4294967296.0,500.0,500.0
primary,XNR-PW-MT-OFFSET,500,15311360825920276038,subsweep,3766.181635270541,0.0,0.0,4260919.0,358346987.0,50340052.0,4.0,2.150528426237333
primary,XNR-PC,500,15311360825920276038,round,0.0,0.0,0.0,0.0,0.0,0.0,1.0,0.0
primary,XNR-PC,500,15311360825920276038,subsweep,0.0,0.0,0.0,0.0,0.0,0.0,1.0,0.0
primary,XNR-PW-CONV-ZERO,500,10419287363523441034,round,4294967296.0,4294967296.0,4294967296.0,4294967296.0,4294967296.0,4294967296.0,500.0,500.0
primary,XNR-PW-CONV-ZERO,500,10419287363523441034,subsweep,4294967.0,4294967.0,4294967.0,4294967.0,4294967.0,4294967.0,500.0,500.0
primary,XNR-PW-CONV-OFFSET,500,10419287363523441034,round,4294967296.0,4294967296.0,4294967296.0,4294967296.0,4294967296.0,4294967296.0,500.0,500.0
primary,XNR-PW-CONV-OFFSET,500,10419287363523441034,subsweep,4167.639895791583,0.0,0.0,4263022.0,368307360.0,66257625.0,4.0,2.197175299456411
primary,XNR-PW-MT-ZERO,500,10419287363523441034,round,4294967296.0,4294967296.0,4294967296.0,4294967296.0,4294967296.0,4294967296.0,500.0,500.0
primary,XNR-PW-MT-ZERO,500,10419287363523441034,subsweep,4294967.0,4294967.0,4294967.0,4294967.0,4294967.0,4294967.0,500.0,500.0
primary,XNR-PW-MT-OFFSET,500,10419287363523441034,round,4294967296.0,4294967296.0,4294967296.0,4294967296.0,4294967296.0,4294967296.0,500.0,500.0
primary,XNR-PW-MT-OFFSET,500,10419287363523441034,subsweep,4167.6398957915835,0.0,0.0,4263022.0,368307360.0,66257625.0,4.0,2.1971752994564104
primary,XNR-PC,500,10419287363523441034,round,0.0,0.0,0.0,0.0,0.0,0.0,1.0,0.0
primary,XNR-PC,500,10419287363523441034,subsweep,0.0,0.0,0.0,0.0,0.0,0.0,1.0,0.0
primary,XNR-PW-CONV-ZERO,500,9964858435511495645,round,4294967296.0,4294967296.0,4294967296.0,4294967296.0,4294967296.0,4294967296.0,500.0,500.0
primary,XNR-PW-CONV-ZERO,500,9964858435511495645,subsweep,4294967.0,4294967.0,4294967.0,4294967.0,4294967.0,4294967.0,500.0,500.0
primary,XNR-PW-CONV-OFFSET,500,9964858435511495645,round,4294967296.0,4294967296.0,4294967296.0,4294967296.0,4294967296.0,4294967296.0,500.0,500.0
primary,XNR-PW-CONV-OFFSET,500,9964858435511495645,subsweep,4162.325306613226,0.0,0.0,4253350.0,366656132.0,63627727.0,5.0,2.1957441666351296
primary,XNR-PW-MT-ZERO,500,9964858435511495645,round,4294967296.0,4294967296.0,4294967296.0,4294967296.0,4294967296.0,4294967296.0,500.0,500.0
primary,XNR-PW-MT-ZERO,500,9964858435511495645,subsweep,4294967.0,4294967.0,4294967.0,4294967.0,4294967.0,4294967.0,500.0,500.0
primary,XNR-PW-MT-OFFSET,500,9964858435511495645,round,4294967296.0,4294967296.0,4294967296.0,4294967296.0,4294967296.0,4294967296.0,500.0,500.0
primary,XNR-PW-MT-OFFSET,500,9964858435511495645,subsweep,4162.3253066132265,0.0,0.0,4253350.0,366656132.0,63627727.0,5.0,2.1957441666351296
primary,XNR-PC,500,9964858435511495645,round,0.0,0.0,0.0,0.0,0.0,0.0,1.0,0.0
primary,XNR-PC,500,9964858435511495645,subsweep,0.0,0.0,0.0,0.0,0.0,0.0,1.0,0.0
primary,XNR-PW-CONV-ZERO,500,12980243426712185825,round,4294967296.0,4294967296.0,4294967296.0,4294967296.0,4294967296.0,4294967296.0,500.0,500.0
primary,XNR-PW-CONV-ZERO,500,12980243426712185825,subsweep,4294967.0,4294967.0,4294967.0,4294967.0,4294967.0,4294967.0,500.0,500.0
primary,XNR-PW-CONV-OFFSET,500,12980243426712185825,round,4294967296.0,4294967296.0,4294967296.0,4294967296.0,4294967296.0,4294967296.0,500.0,500.0
primary,XNR-PW-CONV-OFFSET,500,12980243426712185825,subsweep,3933.493755511022,0.0,0.0,4288932.0,399885742.0,39049496.0,5.0,2.107254309157139
primary,XNR-PW-MT-ZERO,500,12980243426712185825,round,4294967296.0,4294967296.0,4294967296.0,4294967296.0,4294967296.0,4294967296.0,500.0,500.0
primary,XNR-PW-MT-ZERO,500,12980243426712185825,subsweep,4294967.0,4294967.0,4294967.0,4294967.0,4294967.0,4294967.0,500.0,500.0
primary,XNR-PW-MT-OFFSET,500,12980243426712185825,round,4294967296.0,4294967296.0,4294967296.0,4294967296.0,4294967296.0,4294967296.0,500.0,500.0
primary,XNR-PW-MT-OFFSET,500,12980243426712185825,subsweep,3933.493755511022,0.0,0.0,4288932.0,399885742.0,39049496.0,5.0,2.107254309157139
primary,XNR-PC,500,12980243426712185825,round,0.0,0.0,0.0,0.0,0.0,0.0,1.0,0.0
primary,XNR-PC,500,12980243426712185825,subsweep,0.0,0.0,0.0,0.0,0.0,0.0,1.0,0.0
primary,XNR-PW-CONV-ZERO,500,2834549471034337693,round,4294967296.0,4294967296.0,4294967296.0,4294967296.0,4294967296.0,4294967296.0,500.0,500.0
primary,XNR-PW-CONV-ZERO,500,2834549471034337693,subsweep,4294967.0,4294967.0,4294967.0,4294967.0,4294967.0,4294967.0,500.0,500.0
primary,XNR-PW-CONV-OFFSET,500,2834549471034337693,round,4294967296.0,4294967296.0,4294967296.0,4294967296.0,4294967296.0,4294967296.0,500.0,500.0
primary,XNR-PW-CONV-OFFSET,500,2834549471034337693,subsweep,3941.7521763527047,0.0,0.0,4288166.0,385305420.0,48605305.0,4.0,2.1341217131074877
primary,XNR-PW-MT-ZERO,500,2834549471034337693,round,4294967296.0,4294967296.0,4294967296.0,4294967296.0,4294967296.0,4294967296.0,500.0,500.0
primary,XNR-PW-MT-ZERO,500,2834549471034337693,subsweep,4294967.0,4294967.0,4294967.0,4294967.0,4294967.0,4294967.0,500.0,500.0
primary,XNR-PW-MT-OFFSET,500,2834549471034337693,round,4294967296.0,4294967296.0,4294967296.0,4294967296.0,4294967296.0,4294967296.0,500.0,500.0
primary,XNR-PW-MT-OFFSET,500,2834549471034337693,subsweep,3941.752176352705,0.0,0.0,4288166.0,385305420.0,48605305.0,4.0,2.1341217131074877
primary,XNR-PC,500,2834549471034337693,round,0.0,0.0,0.0,0.0,0.0,0.0,1.0,0.0
primary,XNR-PC,500,2834549471034337693,subsweep,0.0,0.0,0.0,0.0,0.0,0.0,1.0,0.0
primary,XNR-PW-CONV-ZERO,500,17638313716927524985,round,4294967296.0,4294967296.0,4294967296.0,4294967296.0,4294967296.0,4294967296.0,500.0,500.0
primary,XNR-PW-CONV-ZERO,500,17638313716927524985,subsweep,4294967.0,4294967.0,4294967.0,4294967.0,4294967.0,4294967.0,500.0,500.0
primary,XNR-PW-CONV-OFFSET,500,17638313716927524985,round,4294967296.0,4294967296.0,4294967296.0,4294967296.0,4294967296.0,4294967296.0,500.0,500.0
primary,XNR-PW-CONV-OFFSET,500,17638313716927524985,subsweep,4322.681274549098,0.0,0.0,4284007.0,403816736.0,64001611.0,4.0,2.164628610142597
primary,XNR-PW-MT-ZERO,500,17638313716927524985,round,4294967296.0,4294967296.0,4294967296.0,4294967296.0,4294967296.0,4294967296.0,500.0,500.0
primary,XNR-PW-MT-ZERO,500,17638313716927524985,subsweep,4294967.0,4294967.0,4294967.0,4294967.0,4294967.0,4294967.0,500.0,500.0
primary,XNR-PW-MT-OFFSET,500,17638313716927524985,round,4294967296.0,4294967296.0,4294967296.0,4294967296.0,4294967296.0,4294967296.0,500.0,500.0
primary,XNR-PW-MT-OFFSET,500,17638313716927524985,subsweep,4322.681274549098,0.0,0.0,4284007.0,403816736.0,64001611.0,4.0,2.164628610142597
primary,XNR-PC,500,17638313716927524985,round,0.0,0.0,0.0,0.0,0.0,0.0,1.0,0.0
primary,XNR-PC,500,17638313716927524985,subsweep,0.0,0.0,0.0,0.0,0.0,0.0,1.0,0.0
primary,XNR-PW-CONV-ZERO,500,4701815876319261908,round,4294967296.0,4294967296.0,4294967296.0,4294967296.0,4294967296.0,4294967296.0,500.0,500.0
primary,XNR-PW-CONV-ZERO,500,4701815876319261908,subsweep,4294967.0,4294967.0,4294967.0,4294967.0,4294967.0,4294967.0,500.0,500.0
primary,XNR-PW-CONV-OFFSET,500,4701815876319261908,round,4294967296.0,4294967296.0,4294967296.0,4294967296.0,4294967296.0,4294967296.0,500.0,500.0
primary,XNR-PW-CONV-OFFSET,500,4701815876319261908,subsweep,4127.4798557114245,0.0,0.0,4290959.0,404688158.0,54179262.0,4.0,2.1354081430769223
primary,XNR-PW-MT-ZERO,500,4701815876319261908,round,4294967296.0,4294967296.0,4294967296.0,4294967296.0,4294967296.0,4294967296.0,500.0,500.0
primary,XNR-PW-MT-ZERO,500,4701815876319261908,subsweep,4294967.0,4294967.0,4294967.0,4294967.0,4294967.0,4294967.0,500.0,500.0
primary,XNR-PW-MT-OFFSET,500,4701815876319261908,round,4294967296.0,4294967296.0,4294967296.0,4294967296.0,4294967296.0,4294967296.0,500.0,500.0
primary,XNR-PW-MT-OFFSET,500,4701815876319261908,subsweep,4127.479855711423,0.0,0.0,4290959.0,404688158.0,54179262.0,4.0,2.135408143076922
primary,XNR-PC,500,4701815876319261908,round,0.0,0.0,0.0,0.0,0.0,0.0,1.0,0.0
primary,XNR-PC,500,4701815876319261908,subsweep,0.0,0.0,0.0,0.0,0.0,0.0,1.0,0.0
primary,XNR-PW-CONV-ZERO,500,7822082833909267661,round,4294967296.0,4294967296.0,4294967296.0,4294967296.0,4294967296.0,4294967296.0,500.0,500.0
primary,XNR-PW-CONV-ZERO,500,7822082833909267661,subsweep,4294967.0,4294967.0,4294967.0,4294967.0,4294967.0,4294967.0,500.0,500.0
primary,XNR-PW-CONV-OFFSET,500,7822082833909267661,round,4294967296.0,4294967296.0,4294967296.0,4294967296.0,4294967296.0,4294967296.0,500.0,500.0
primary,XNR-PW-CONV-OFFSET,500,7822082833909267661,subsweep,4045.496104208417,0.0,0.0,4286352.0,391577289.0,51287412.0,4.0,2.139934709032628
primary,XNR-PW-MT-ZERO,500,7822082833909267661,round,4294967296.0,4294967296.0,4294967296.0,4294967296.0,4294967296.0,4294967296.0,500.0,500.0
primary,XNR-PW-MT-ZERO,500,7822082833909267661,subsweep,4294967.0,4294967.0,4294967.0,4294967.0,4294967.0,4294967.0,500.0,500.0
primary,XNR-PW-MT-OFFSET,500,7822082833909267661,round,4294967296.0,4294967296.0,4294967296.0,4294967296.0,4294967296.0,4294967296.0,500.0,500.0
primary,XNR-PW-MT-OFFSET,500,7822082833909267661,subsweep,4045.496104208417,0.0,0.0,4286352.0,391577289.0,51287412.0,4.0,2.139934709032627
primary,XNR-PC,500,7822082833909267661,round,0.0,0.0,0.0,0.0,0.0,0.0,1.0,0.0
primary,XNR-PC,500,7822082833909267661,subsweep,0.0,0.0,0.0,0.0,0.0,0.0,1.0,0.0
primary,XNR-PW-CONV-ZERO,500,12102592183121031244,round,4294967296.0,4294967296.0,4294967296.0,4294967296.0,4294967296.0,4294967296.0,500.0,500.0
primary,XNR-PW-CONV-ZERO,500,12102592183121031244,subsweep,4294967.0,4294967.0,4294967.0,4294967.0,4294967.0,4294967.0,500.0,500.0
primary,XNR-PW-CONV-OFFSET,500,12102592183121031244,round,4294967296.0,4294967296.0,4294967296.0,4294967296.0,4294967296.0,4294967296.0,500.0,500.0
primary,XNR-PW-CONV-OFFSET,500,12102592183121031244,subsweep,4121.243014028058,0.0,0.0,4291766.0,406963948.0,50224558.0,4.0,2.128910416408679
primary,XNR-PW-MT-ZERO,500,12102592183121031244,round,4294967296.0,4294967296.0,4294967296.0,4294967296.0,4294967296.0,4294967296.0,500.0,500.0
primary,XNR-PW-MT-ZERO,500,12102592183121031244,subsweep,4294967.0,4294967.0,4294967.0,4294967.0,4294967.0,4294967.0,500.0,500.0
primary,XNR-PW-MT-OFFSET,500,12102592183121031244,round,4294967296.0,4294967296.0,4294967296.0,4294967296.0,4294967296.0,4294967296.0,500.0,500.0
primary,XNR-PW-MT-OFFSET,500,12102592183121031244,subsweep,4121.243014028056,0.0,0.0,4291766.0,406963948.0,50224558.0,4.0,2.128910416408679
primary,XNR-PC,500,12102592183121031244,round,0.0,0.0,0.0,0.0,0.0,0.0,1.0,0.0
primary,XNR-PC,500,12102592183121031244,subsweep,0.0,0.0,0.0,0.0,0.0,0.0,1.0,0.0
primary,XNR-PW-CONV-ZERO,500,4849566379269777204,round,4294967296.0,4294967296.0,4294967296.0,4294967296.0,4294967296.0,4294967296.0,500.0,500.0
primary,XNR-PW-CONV-ZERO,500,4849566379269777204,subsweep,4294967.0,4294967.0,4294967.0,4294967.0,4294967.0,4294967.0,500.0,500.0
primary,XNR-PW-CONV-OFFSET,500,4849566379269777204,round,4294967296.0,4294967296.0,4294967296.0,4294967296.0,4294967296.0,4294967296.0,500.0,500.0
primary,XNR-PW-CONV-OFFSET,500,4849566379269777204,subsweep,4245.946957915831,0.0,0.0,4281615.0,380076910.0,61719996.0,5.0,2.1847527806937816
primary,XNR-PW-MT-ZERO,500,4849566379269777204,round,4294967296.0,4294967296.0,4294967296.0,4294967296.0,4294967296.0,4294967296.0,500.0,500.0
primary,XNR-PW-MT-ZERO,500,4849566379269777204,subsweep,4294967.0,4294967.0,4294967.0,4294967.0,4294967.0,4294967.0,500.0,500.0
primary,XNR-PW-MT-OFFSET,500,4849566379269777204,round,4294967296.0,4294967296.0,4294967296.0,4294967296.0,4294967296.0,4294967296.0,500.0,500.0
primary,XNR-PW-MT-OFFSET,500,4849566379269777204,subsweep,4245.946957915831,0.0,0.0,4281615.0,380076910.0,61719996.0,5.0,2.184752780693781
primary,XNR-PC,500,4849566379269777204,round,0.0,0.0,0.0,0.0,0.0,0.0,1.0,0.0
primary,XNR-PC,500,4849566379269777204,subsweep,0.0,0.0,0.0,0.0,0.0,0.0,1.0,0.0
primary,XNR-PW-CONV-ZERO,500,4171531546602603804,round,4294967296.0,4294967296.0,4294967296.0,4294967296.0,4294967296.0,4294967296.0,500.0,500.0
primary,XNR-PW-CONV-ZERO,500,4171531546602603804,subsweep,4294967.0,4294967.0,4294967.0,4294967.0,4294967.0,4294967.0,500.0,500.0
primary,XNR-PW-CONV-OFFSET,500,4171531546602603804,round,4294967296.0,4294967296.0,4294967296.0,4294967296.0,4294967296.0,4294967296.0,500.0,500.0
primary,XNR-PW-CONV-OFFSET,500,4171531546602603804,subsweep,5190.473202404812,0.0,0.0,4265712.0,397630944.0,92101322.0,5.0,2.2856050232348113
primary,XNR-PW-MT-ZERO,500,4171531546602603804,round,4294967296.0,4294967296.0,4294967296.0,4294967296.0,4294967296.0,4294967296.0,500.0,500.0
primary,XNR-PW-MT-ZERO,500,4171531546602603804,subsweep,4294967.0,4294967.0,4294967.0,4294967.0,4294967.0,4294967.0,500.0,500.0
primary,XNR-PW-MT-OFFSET,500,4171531546602603804,round,4294967296.0,4294967296.0,4294967296.0,4294967296.0,4294967296.0,4294967296.0,500.0,500.0
primary,XNR-PW-MT-OFFSET,500,4171531546602603804,subsweep,5190.47320240481,0.0,0.0,4265712.0,397630944.0,92101322.0,5.0,2.2856050232348113
primary,XNR-PC,500,4171531546602603804,round,0.0,0.0,0.0,0.0,0.0,0.0,1.0,0.0
primary,XNR-PC,500,4171531546602603804,subsweep,0.0,0.0,0.0,0.0,0.0,0.0,1.0,0.0
primary,XNR-PW-CONV-ZERO,500,6773169848162830496,round,4294967296.0,4294967296.0,4294967296.0,4294967296.0,4294967296.0,4294967296.0,500.0,500.0
primary,XNR-PW-CONV-ZERO,500,6773169848162830496,subsweep,4294967.0,4294967.0,4294967.0,4294967.0,4294967.0,4294967.0,500.0,500.0
primary,XNR-PW-CONV-OFFSET,500,6773169848162830496,round,4294967296.0,4294967296.0,4294967296.0,4294967296.0,4294967296.0,4294967296.0,500.0,500.0
primary,XNR-PW-CONV-OFFSET,500,6773169848162830496,subsweep,4845.304440881764,0.0,0.0,4278969.0,410430603.0,74734284.0,5.0,2.2175063076375916
primary,XNR-PW-MT-ZERO,500,6773169848162830496,round,4294967296.0,4294967296.0,4294967296.0,4294967296.0,4294967296.0,4294967296.0,500.0,500.0
primary,XNR-PW-MT-ZERO,500,6773169848162830496,subsweep,4294967.0,4294967.0,4294967.0,4294967.0,4294967.0,4294967.0,500.0,500.0
primary,XNR-PW-MT-OFFSET,500,6773169848162830496,round,4294967296.0,4294967296.0,4294967296.0,4294967296.0,4294967296.0,4294967296.0,500.0,500.0
primary,XNR-PW-MT-OFFSET,500,6773169848162830496,subsweep,4845.304440881763,0.0,0.0,4278969.0,410430603.0,74734284.0,5.0,2.217506307637591
primary,XNR-PC,500,6773169848162830496,round,0.0,0.0,0.0,0.0,0.0,0.0,1.0,0.0
primary,XNR-PC,500,6773169848162830496,subsweep,0.0,0.0,0.0,0.0,0.0,0.0,1.0,0.0
primary,XNR-PW-CONV-ZERO,500,13259265031399199819,round,4294967296.0,4294967296.0,4294967296.0,4294967296.0,4294967296.0,4294967296.0,500.0,500.0
primary,XNR-PW-CONV-ZERO,500,13259265031399199819,subsweep,4294967.0,4294967.0,4294967.0,4294967.0,4294967.0,4294967.0,500.0,500.0
primary,XNR-PW-CONV-OFFSET,500,13259265031399199819,round,4294967296.0,4294967296.0,4294967296.0,4294967296.0,4294967296.0,4294967296.0,500.0,500.0
primary,XNR-PW-CONV-OFFSET,500,13259265031399199819,subsweep,3748.608985971945,0.0,0.0,4291432.0,351740968.0,49887940.0,4.0,2.1571098792222587
primary,XNR-PW-MT-ZERO,500,13259265031399199819,round,4294967296.0,4294967296.0,4294967296.0,4294967296.0,4294967296.0,4294967296.0,500.0,500.0
primary,XNR-PW-MT-ZERO,500,13259265031399199819,subsweep,4294967.0,4294967.0,4294967.0,4294967.0,4294967.0,4294967.0,500.0,500.0
primary,XNR-PW-MT-OFFSET,500,13259265031399199819,round,4294967296.0,4294967296.0,4294967296.0,4294967296.0,4294967296.0,4294967296.0,500.0,500.0
primary,XNR-PW-MT-OFFSET,500,13259265031399199819,subsweep,3748.608985971944,0.0,0.0,4291432.0,351740968.0,49887940.0,4.0,2.157109879222258
primary,XNR-PC,500,13259265031399199819,round,0.0,0.0,0.0,0.0,0.0,0.0,1.0,0.0
primary,XNR-PC,500,13259265031399199819,subsweep,0.0,0.0,0.0,0.0,0.0,0.0,1.0,0.0
primary,XNR-PW-CONV-ZERO,500,7383040523285475032,round,4294967296.0,4294967296.0,4294967296.0,4294967296.0,4294967296.0,4294967296.0,500.0,500.0
primary,XNR-PW-CONV-ZERO,500,7383040523285475032,subsweep,4294967.0,4294967.0,4294967.0,4294967.0,4294967.0,4294967.0,500.0,500.0
primary,XNR-PW-CONV-OFFSET,500,7383040523285475032,round,4294967296.0,4294967296.0,4294967296.0,4294967296.0,4294967296.0,4294967296.0,500.0,500.0
primary,XNR-PW-CONV-OFFSET,500,7383040523285475032,subsweep,4653.495935871745,0.0,0.0,4293641.0,385215480.0,74144745.0,5.0,2.232375355216774
primary,XNR-PW-MT-ZERO,500,7383040523285475032,round,4294967296.0,4294967296.0,4294967296.0,4294967296.0,4294967296.0,4294967296.0,500.0,500.0
primary,XNR-PW-MT-ZERO,500,7383040523285475032,subsweep,4294967.0,4294967.0,4294967.0,4294967.0,4294967.0,4294967.0,500.0,500.0
primary,XNR-PW-MT-OFFSET,500,7383040523285475032,round,4294967296.0,4294967296.0,4294967296.0,4294967296.0,4294967296.0,4294967296.0,500.0,500.0
primary,XNR-PW-MT-OFFSET,500,7383040523285475032,subsweep,4653.495935871743,0.0,0.0,4293641.0,385215480.0,74144745.0,5.0,2.2323753552167735
primary,XNR-PC,500,7383040523285475032,round,0.0,0.0,0.0,0.0,0.0,0.0,1.0,0.0
primary,XNR-PC,500,7383040523285475032,subsweep,0.0,0.0,0.0,0.0,0.0,0.0,1.0,0.0
primary,XNR-PW-CONV-ZERO,500,8469065342115915783,round,4294967296.0,4294967296.0,4294967296.0,4294967296.0,4294967296.0,4294967296.0,500.0,500.0
primary,XNR-PW-CONV-ZERO,500,8469065342115915783,subsweep,4294967.0,4294967.0,4294967.0,4294967.0,4294967.0,4294967.0,500.0,500.0
primary,XNR-PW-CONV-OFFSET,500,8469065342115915783,round,4294967296.0,4294967296.0,4294967296.0,4294967296.0,4294967296.0,4294967296.0,500.0,500.0
primary,XNR-PW-CONV-OFFSET,500,8469065342115915783,subsweep,4533.728192384768,0.0,0.0,4291562.0,391318303.0,71626948.0,5.0,2.2075892013668463
primary,XNR-PW-MT-ZERO,500,8469065342115915783,round,4294967296.0,4294967296.0,4294967296.0,4294967296.0,4294967296.0,4294967296.0,500.0,500.0
primary,XNR-PW-MT-ZERO,500,8469065342115915783,subsweep,4294967.0,4294967.0,4294967.0,4294967.0,4294967.0,4294967.0,500.0,500.0
primary,XNR-PW-MT-OFFSET,500,8469065342115915783,round,4294967296.0,4294967296.0,4294967296.0,4294967296.0,4294967296.0,4294967296.0,500.0,500.0
primary,XNR-PW-MT-OFFSET,500,8469065342115915783,subsweep,4533.7281923847695,0.0,0.0,4291562.0,391318303.0,71626948.0,5.0,2.207589201366847
primary,XNR-PC,500,8469065342115915783,round,0.0,0.0,0.0,0.0,0.0,0.0,1.0,0.0
primary,XNR-PC,500,8469065342115915783,subsweep,0.0,0.0,0.0,0.0,0.0,0.0,1.0,0.0
primary,XNR-PW-CONV-ZERO,500,11167473384098259577,round,4294967296.0,4294967296.0,4294967296.0,4294967296.0,4294967296.0,4294967296.0,500.0,500.0
primary,XNR-PW-CONV-ZERO,500,11167473384098259577,subsweep,4294967.0,4294967.0,4294967.0,4294967.0,4294967.0,4294967.0,500.0,500.0
primary,XNR-PW-CONV-OFFSET,500,11167473384098259577,round,4294967296.0,4294967296.0,4294967296.0,4294967296.0,4294967296.0,4294967296.0,500.0,500.0
primary,XNR-PW-CONV-OFFSET,500,11167473384098259577,subsweep,4512.129899799599,0.0,0.0,4289757.0,381718166.0,68505194.0,5.0,2.2168652775094806
primary,XNR-PW-MT-ZERO,500,11167473384098259577,round,4294967296.0,4294967296.0,4294967296.0,4294967296.0,4294967296.0,4294967296.0,500.0,500.0
primary,XNR-PW-MT-ZERO,500,11167473384098259577,subsweep,4294967.0,4294967.0,4294967.0,4294967.0,4294967.0,4294967.0,500.0,500.0
primary,XNR-PW-MT-OFFSET,500,11167473384098259577,round,4294967296.0,4294967296.0,4294967296.0,4294967296.0,4294967296.0,4294967296.0,500.0,500.0
primary,XNR-PW-MT-OFFSET,500,11167473384098259577,subsweep,4512.129899799599,0.0,0.0,4289757.0,381718166.0,68505194.0,5.0,2.2168652775094806
primary,XNR-PC,500,11167473384098259577,round,0.0,0.0,0.0,0.0,0.0,0.0,1.0,0.0
primary,XNR-PC,500,11167473384098259577,subsweep,0.0,0.0,0.0,0.0,0.0,0.0,1.0,0.0
primary,XNR-PW-CONV-ZERO,500,3927382471087979842,round,4294967296.0,4294967296.0,4294967296.0,4294967296.0,4294967296.0,4294967296.0,500.0,500.0
primary,XNR-PW-CONV-ZERO,500,3927382471087979842,subsweep,4294967.0,4294967.0,4294967.0,4294967.0,4294967.0,4294967.0,500.0,500.0
primary,XNR-PW-CONV-OFFSET,500,3927382471087979842,round,4294967296.0,4294967296.0,4294967296.0,4294967296.0,4294967296.0,4294967296.0,500.0,500.0
primary,XNR-PW-CONV-OFFSET,500,3927382471087979842,subsweep,4227.329490981965,0.0,0.0,4242666.0,382694372.0,58185587.0,5.0,2.1758906687031185
primary,XNR-PW-MT-ZERO,500,3927382471087979842,round,4294967296.0,4294967296.0,4294967296.0,4294967296.0,4294967296.0,4294967296.0,500.0,500.0
primary,XNR-PW-MT-ZERO,500,3927382471087979842,subsweep,4294967.0,4294967.0,4294967.0,4294967.0,4294967.0,4294967.0,500.0,500.0
primary,XNR-PW-MT-OFFSET,500,3927382471087979842,round,4294967296.0,4294967296.0,4294967296.0,4294967296.0,4294967296.0,4294967296.0,500.0,500.0
primary,XNR-PW-MT-OFFSET,500,3927382471087979842,subsweep,4227.329490981964,0.0,0.0,4242666.0,382694372.0,58185587.0,5.0,2.1758906687031185
primary,XNR-PC,500,3927382471087979842,round,0.0,0.0,0.0,0.0,0.0,0.0,1.0,0.0
primary,XNR-PC,500,3927382471087979842,subsweep,0.0,0.0,0.0,0.0,0.0,0.0,1.0,0.0
primary,XNR-PW-CONV-ZERO,500,12250540210932396121,round,4294967296.0,4294967296.0,4294967296.0,4294967296.0,4294967296.0,4294967296.0,500.0,500.0
primary,XNR-PW-CONV-ZERO,500,12250540210932396121,subsweep,4294967.0,4294967.0,4294967.0,4294967.0,4294967.0,4294967.0,500.0,500.0
primary,XNR-PW-CONV-OFFSET,500,12250540210932396121,round,4294967296.0,4294967296.0,4294967296.0,4294967296.0,4294967296.0,4294967296.0,500.0,500.0
primary,XNR-PW-CONV-OFFSET,500,12250540210932396121,subsweep,4497.142933867734,0.0,0.0,4292876.0,398792914.0,64243457.0,5.0,2.189067037936386
primary,XNR-PW-MT-ZERO,500,12250540210932396121,round,4294967296.0,4294967296.0,4294967296.0,4294967296.0,4294967296.0,4294967296.0,500.0,500.0
primary,XNR-PW-MT-ZERO,500,12250540210932396121,subsweep,4294967.0,4294967.0,4294967.0,4294967.0,4294967.0,4294967.0,500.0,500.0
primary,XNR-PW-MT-OFFSET,500,12250540210932396121,round,4294967296.0,4294967296.0,4294967296.0,4294967296.0,4294967296.0,4294967296.0,500.0,500.0
primary,XNR-PW-MT-OFFSET,500,12250540210932396121,subsweep,4497.142933867735,0.0,0.0,4292876.0,398792914.0,64243457.0,5.0,2.189067037936386
primary,XNR-PC,500,12250540210932396121,round,0.0,0.0,0.0,0.0,0.0,0.0,1.0,0.0
primary,XNR-PC,500,12250540210932396121,subsweep,0.0,0.0,0.0,0.0,0.0,0.0,1.0,0.0
primary,XNR-PW-CONV-ZERO,500,12687317089305426264,round,4294967296.0,4294967296.0,4294967296.0,4294967296.0,4294967296.0,4294967296.0,500.0,500.0
primary,XNR-PW-CONV-ZERO,500,12687317089305426264,subsweep,4294967.0,4294967.0,4294967.0,4294967.0,4294967.0,4294967.0,500.0,500.0
primary,XNR-PW-CONV-OFFSET,500,12687317089305426264,round,4294967296.0,4294967296.0,4294967296.0,4294967296.0,4294967296.0,4294967296.0,500.0,500.0
primary,XNR-PW-CONV-OFFSET,500,12687317089305426264,subsweep,4426.936545090181,0.0,0.0,4279722.0,407409863.0,63510824.0,4.0,2.1704763956585897
primary,XNR-PW-MT-ZERO,500,12687317089305426264,round,4294967296.0,4294967296.0,4294967296.0,4294967296.0,4294967296.0,4294967296.0,500.0,500.0
primary,XNR-PW-MT-ZERO,500,12687317089305426264,subsweep,4294967.0,4294967.0,4294967.0,4294967.0,4294967.0,4294967.0,500.0,500.0
primary,XNR-PW-MT-OFFSET,500,12687317089305426264,round,4294967296.0,4294967296.0,4294967296.0,4294967296.0,4294967296.0,4294967296.0,500.0,500.0
primary,XNR-PW-MT-OFFSET,500,12687317089305426264,subsweep,4426.9365450901805,0.0,0.0,4279722.0,407409863.0,63510824.0,4.0,2.17047639565859
primary,XNR-PC,500,12687317089305426264,round,0.0,0.0,0.0,0.0,0.0,0.0,1.0,0.0
primary,XNR-PC,500,12687317089305426264,subsweep,0.0,0.0,0.0,0.0,0.0,0.0,1.0,0.0
primary,XNR-PW-CONV-ZERO,500,3068354826123602611,round,4294967296.0,4294967296.0,4294967296.0,4294967296.0,4294967296.0,4294967296.0,500.0,500.0
primary,XNR-PW-CONV-ZERO,500,3068354826123602611,subsweep,4294967.0,4294967.0,4294967.0,4294967.0,4294967.0,4294967.0,500.0,500.0
primary,XNR-PW-CONV-OFFSET,500,3068354826123602611,round,4294967296.0,4294967296.0,4294967296.0,4294967296.0,4294967296.0,4294967296.0,500.0,500.0
primary,XNR-PW-CONV-OFFSET,500,3068354826123602611,subsweep,4996.648168336674,0.0,0.0,4274818.0,408435740.0,78929033.0,5.0,2.237100580375263
primary,XNR-PW-MT-ZERO,500,3068354826123602611,round,4294967296.0,4294967296.0,4294967296.0,4294967296.0,4294967296.0,4294967296.0,500.0,500.0
primary,XNR-PW-MT-ZERO,500,3068354826123602611,subsweep,4294967.0,4294967.0,4294967.0,4294967.0,4294967.0,4294967.0,500.0,500.0
primary,XNR-PW-MT-OFFSET,500,3068354826123602611,round,4294967296.0,4294967296.0,4294967296.0,4294967296.0,4294967296.0,4294967296.0,500.0,500.0
primary,XNR-PW-MT-OFFSET,500,3068354826123602611,subsweep,4996.648168336674,0.0,0.0,4274818.0,408435740.0,78929033.0,5.0,2.237100580375263
primary,XNR-PC,500,3068354826123602611,round,0.0,0.0,0.0,0.0,0.0,0.0,1.0,0.0
primary,XNR-PC,500,3068354826123602611,subsweep,0.0,0.0,0.0,0.0,0.0,0.0,1.0,0.0
primary,XNR-PW-CONV-ZERO,500,6452565723836495873,round,4294967296.0,4294967296.0,4294967296.0,4294967296.0,4294967296.0,4294967296.0,500.0,500.0
primary,XNR-PW-CONV-ZERO,500,6452565723836495873,subsweep,4294967.0,4294967.0,4294967.0,4294967.0,4294967.0,4294967.0,500.0,500.0
primary,XNR-PW-CONV-OFFSET,500,6452565723836495873,round,4294967296.0,4294967296.0,4294967296.0,4294967296.0,4294967296.0,4294967296.0,500.0,500.0
primary,XNR-PW-CONV-OFFSET,500,6452565723836495873,subsweep,4371.12031262525,0.0,0.0,4286521.0,401705942.0,63171911.0,4.0,2.1715709647132884
primary,XNR-PW-MT-ZERO,500,6452565723836495873,round,4294967296.0,4294967296.0,4294967296.0,4294967296.0,4294967296.0,4294967296.0,500.0,500.0
primary,XNR-PW-MT-ZERO,500,6452565723836495873,subsweep,4294967.0,4294967.0,4294967.0,4294967.0,4294967.0,4294967.0,500.0,500.0
primary,XNR-PW-MT-OFFSET,500,6452565723836495873,round,4294967296.0,4294967296.0,4294967296.0,4294967296.0,4294967296.0,4294967296.0,500.0,500.0
primary,XNR-PW-MT-OFFSET,500,6452565723836495873,subsweep,4371.12031262525,0.0,0.0,4286521.0,401705942.0,63171911.0,4.0,2.171570964713288
primary,XNR-PC,500,6452565723836495873,round,0.0,0.0,0.0,0.0,0.0,0.0,1.0,0.0
primary,XNR-PC,500,6452565723836495873,subsweep,0.0,0.0,0.0,0.0,0.0,0.0,1.0,0.0
primary,XNR-PW-CONV-ZERO,500,12576523555926126553,round,4294967296.0,4294967296.0,4294967296.0,4294967296.0,4294967296.0,4294967296.0,500.0,500.0
primary,XNR-PW-CONV-ZERO,500,12576523555926126553,subsweep,4294967.0,4294967.0,4294967.0,4294967.0,4294967.0,4294967.0,500.0,500.0
primary,XNR-PW-CONV-OFFSET,500,12576523555926126553,round,4294967296.0,4294967296.0,4294967296.0,4294967296.0,4294967296.0,4294967296.0,500.0,500.0
primary,XNR-PW-CONV-OFFSET,500,12576523555926126553,subsweep,3358.3614589178337,0.0,0.0,4288746.0,337752733.0,38129479.0,4.0,2.1177709078670874
primary,XNR-PW-MT-ZERO,500,12576523555926126553,round,4294967296.0,4294967296.0,4294967296.0,4294967296.0,4294967296.0,4294967296.0,500.0,500.0
primary,XNR-PW-MT-ZERO,500,12576523555926126553,subsweep,4294967.0,4294967.0,4294967.0,4294967.0,4294967.0,4294967.0,500.0,500.0
primary,XNR-PW-MT-OFFSET,500,12576523555926126553,round,4294967296.0,4294967296.0,4294967296.0,4294967296.0,4294967296.0,4294967296.0,500.0,500.0
primary,XNR-PW-MT-OFFSET,500,12576523555926126553,subsweep,3358.3614589178355,0.0,0.0,4288746.0,337752733.0,38129479.0,4.0,2.1177709078670874
primary,XNR-PC,500,12576523555926126553,round,0.0,0.0,0.0,0.0,0.0,0.0,1.0,0.0
primary,XNR-PC,500,12576523555926126553,subsweep,0.0,0.0,0.0,0.0,0.0,0.0,1.0,0.0
primary,XNR-PW-CONV-ZERO,500,7616672725889129548,round,4294967296.0,4294967296.0,4294967296.0,4294967296.0,4294967296.0,4294967296.0,500.0,500.0
primary,XNR-PW-CONV-ZERO,500,7616672725889129548,subsweep,4294967.0,4294967.0,4294967.0,4294967.0,4294967.0,4294967.0,500.0,500.0
primary,XNR-PW-CONV-OFFSET,500,7616672725889129548,round,4294967296.0,4294967296.0,4294967296.0,4294967296.0,4294967296.0,4294967296.0,500.0,500.0
primary,XNR-PW-CONV-OFFSET,500,7616672725889129548,subsweep,3795.1553747494986,0.0,0.0,4294379.0,368655782.0,44658713.0,5.0,2.1345653789311787
primary,XNR-PW-MT-ZERO,500,7616672725889129548,round,4294967296.0,4294967296.0,4294967296.0,4294967296.0,4294967296.0,4294967296.0,500.0,500.0
primary,XNR-PW-MT-ZERO,500,7616672725889129548,subsweep,4294967.0,4294967.0,4294967.0,4294967.0,4294967.0,4294967.0,500.0,500.0
primary,XNR-PW-MT-OFFSET,500,7616672725889129548,round,4294967296.0,4294967296.0,4294967296.0,4294967296.0,4294967296.0,4294967296.0,500.0,500.0
primary,XNR-PW-MT-OFFSET,500,7616672725889129548,subsweep,3795.155374749499,0.0,0.0,4294379.0,368655782.0,44658713.0,5.0,2.1345653789311787
primary,XNR-PC,500,7616672725889129548,round,0.0,0.0,0.0,0.0,0.0,0.0,1.0,0.0
primary,XNR-PC,500,7616672725889129548,subsweep,0.0,0.0,0.0,0.0,0.0,0.0,1.0,0.0
