run_id,scenario_id,interpretation_labels,reused_by_hypotheses,hypothesis_id,matrix_class,seed,miner_count,underlying_execution_model,network_hash_rate_hps,efficiency_j_per_th,simulation_duration_s,target_block_interval_s,propagation_delay_mean_s,hash_rate_distribution,mu,inactive_miner_fraction,idle_power_ratio,allocation_policy,configuration_hash,execution_semantics_hash,analysis_group_hash,validation_only,retain_full_log,expected_output_path,planned_status
S5B2-00000,B0,B0,,H1;A1,CORE,20260201,100,independent_full_parallel,141000000000000.0,21.5,10000.0,600.0,0.42,homogeneous,2.0,0.0,0.0,disjoint_equal,ff1119e1afeb1b82,b93fa3698899129f,41108ac0904fb97d,False,True,results/thesis_revision_v43/stage_05b2/raw/S5B2-00000.summary.json,PLANNED
S5B2-00001,B0,B0,,H1;A1,CORE,20260202,100,independent_full_parallel,141000000000000.0,21.5,10000.0,600.0,0.42,homogeneous,2.0,0.0,0.0,disjoint_equal,eeb4ffd9ded09fdc,710851fa6a5acf7f,41108ac0904fb97d,False,False,results/thesis_revision_v43/stage_05b2/raw/S5B2-00001.summary.json,PLANNED
S5B2-00002,B0,B0,,H1;A1,CORE,20260203,100,independent_full_parallel,141000000000000.0,21.5,10000.0,600.0,0.42,homogeneous,2.0,0.0,0.0,disjoint_equal,11aa6cbc7de65f17,656a91625890b22a,41108ac0904fb97d,False,False,results/thesis_revision_v43/stage_05b2/raw/S5B2-00002.summary.json,PLANNED
S5B2-00003,B0,B0,,H1;A1,CORE,20260204,100,independent_full_parallel,141000000000000.0,21.5,10000.0,600.0,0.42,homogeneous,2.0,0.0,0.0,disjoint_equal,4fc7e5bc6ae88880,ca0661cab10e54f8,41108ac0904fb97d,False,False,results/thesis_revision_v43/stage_05b2/raw/S5B2-00003.summary.json,PLANNED
S5B2-00004,B0,B0,,H1;A1,CORE,20260205,100,independent_full_parallel,141000000000000.0,21.5,10000.0,600.0,0.42,homogeneous,2.0,0.0,0.0,disjoint_equal,f586e985a17610d5,73a48e25dac5e531,41108ac0904fb97d,False,False,results/thesis_revision_v43/stage_05b2/raw/S5B2-00004.summary.json,PLANNED
S5B2-00005,B0,B0,,H1;A1,CORE,20260206,100,independent_full_parallel,141000000000000.0,21.5,10000.0,600.0,0.42,homogeneous,2.0,0.0,0.0,disjoint_equal,17ec87bdd28c2b5f,d4d83396ad0c74c2,41108ac0904fb97d,False,False,results/thesis_revision_v43/stage_05b2/raw/S5B2-00005.summary.json,PLANNED
S5B2-00006,B0,B0,,H1;A1,CORE,20260207,100,independent_full_parallel,141000000000000.0,21.5,10000.0,600.0,0.42,homogeneous,2.0,0.0,0.0,disjoint_equal,27ced87d5c46e16d,3defa706c621ea41,41108ac0904fb97d,False,False,results/thesis_revision_v43/stage_05b2/raw/S5B2-00006.summary.json,PLANNED
S5B2-00007,B0,B0,,H1;A1,CORE,20260208,100,independent_full_parallel,141000000000000.0,21.5,10000.0,600.0,0.42,homogeneous,2.0,0.0,0.0,disjoint_equal,5286124c79944256,7aacf28220bcec91,41108ac0904fb97d,False,False,results/thesis_revision_v43/stage_05b2/raw/S5B2-00007.summary.json,PLANNED
S5B2-00008,B0,B0,,H1;A1,CORE,20260209,100,independent_full_parallel,141000000000000.0,21.5,10000.0,600.0,0.42,homogeneous,2.0,0.0,0.0,disjoint_equal,16111c245a6fbed6,3228db9a15bdf666,41108ac0904fb97d,False,False,results/thesis_revision_v43/stage_05b2/raw/S5B2-00008.summary.json,PLANNED
S5B2-00009,B0,B0,,H1;A1,CORE,20260210,100,independent_full_parallel,141000000000000.0,21.5,10000.0,600.0,0.42,homogeneous,2.0,0.0,0.0,disjoint_equal,487cd3fe146f513c,4ed6c3609ab822b0,41108ac0904fb97d,False,False,results/thesis_revision_v43/stage_05b2/raw/S5B2-00009.summary.json,PLANNED
S5B2-00010,B0,B0,,H1;A1,CORE,20260211,100,independent_full_parallel,141000000000000.0,21.5,10000.0,600.0,0.42,homogeneous,2.0,0.0,0.0,disjoint_equal,09a2759cbe542af5,4779ad93a5a9e388,41108ac0904fb97d,False,False,results/thesis_revision_v43/stage_05b2/raw/S5B2-00010.summary.json,PLANNED
S5B2-00011,B0,B0,,H1;A1,CORE,20260212,100,independent_full_parallel,141000000000000.0,21.5,10000.0,600.0,0.42,homogeneous,2.0,0.0,0.0,disjoint_equal,fcdab52a304b776a,aa6c2ece5b3cda33,41108ac0904fb97d,False,False,results/thesis_revision_v43/stage_05b2/raw/S5B2-00011.summary.json,PLANNED
S5B2-00012,B0,B0,,H1;A1,CORE,20260213,100,independent_full_parallel,141000000000000.0,21.5,10000.0,600.0,0.42,homogeneous,2.0,0.0,0.0,disjoint_equal,1316ef5af96f7670,5b582db53773d1bb,41108ac0904fb97d,False,False,results/thesis_revision_v43/stage_05b2/raw/S5B2-00012.summary.json,PLANNED
S5B2-00013,B0,B0,,H1;A1,CORE,20260214,100,independent_full_parallel,141000000000000.0,21.5,10000.0,600.0,0.42,homogeneous,2.0,0.0,0.0,disjoint_equal,f94ab9dd039f1fd3,4a5de12ac79c2a85,41108ac0904fb97d,False,False,results/thesis_revision_v43/stage_05b2/raw/S5B2-00013.summary.json,PLANNED
S5B2-00014,B0,B0,,H1;A1,CORE,20260215,100,independent_full_parallel,141000000000000.0,21.5,10000.0,600.0,0.42,homogeneous,2.0,0.0,0.0,disjoint_equal,4833de7ebfd45bc3,4c74756e73a5b863,41108ac0904fb97d,False,False,results/thesis_revision_v43/stage_05b2/raw/S5B2-00014.summary.json,PLANNED
S5B2-00015,B0,B0,,H1;A1,CORE,20260216,100,independent_full_parallel,141000000000000.0,21.5,10000.0,600.0,0.42,homogeneous,2.0,0.0,0.0,disjoint_equal,bbbbd2ccb945a75d,3d27f2f02127189c,41108ac0904fb97d,False,False,results/thesis_revision_v43/stage_05b2/raw/S5B2-00015.summary.json,PLANNED
S5B2-00016,B0,B0,,H1;A1,CORE,20260217,100,independent_full_parallel,141000000000000.0,21.5,10000.0,600.0,0.42,homogeneous,2.0,0.0,0.0,disjoint_equal,1191b85eca617441,9cd5363187e9a915,41108ac0904fb97d,False,False,results/thesis_revision_v43/stage_05b2/raw/S5B2-00016.summary.json,PLANNED
S5B2-00017,B0,B0,,H1;A1,CORE,20260218,100,independent_full_parallel,141000000000000.0,21.5,10000.0,600.0,0.42,homogeneous,2.0,0.0,0.0,disjoint_equal,33fa9a7a12728ca3,d22f2e6dcf1cefbe,41108ac0904fb97d,False,False,results/thesis_revision_v43/stage_05b2/raw/S5B2-00017.summary.json,PLANNED
S5B2-00018,B0,B0,,H1;A1,CORE,20260219,100,independent_full_parallel,141000000000000.0,21.5,10000.0,600.0,0.42,homogeneous,2.0,0.0,0.0,disjoint_equal,b47b5c00e2f65d2c,2f27c2d7b91798d1,41108ac0904fb97d,False,False,results/thesis_revision_v43/stage_05b2/raw/S5B2-00018.summary.json,PLANNED
S5B2-00019,B0,B0,,H1;A1,CORE,20260220,100,independent_full_parallel,141000000000000.0,21.5,10000.0,600.0,0.42,homogeneous,2.0,0.0,0.0,disjoint_equal,5678a3059ed07f3b,ec179173bca47dde,41108ac0904fb97d,False,False,results/thesis_revision_v43/stage_05b2/raw/S5B2-00019.summary.json,PLANNED
S5B2-00020,B0,B0,,H1;A1,CORE,20260221,100,independent_full_parallel,141000000000000.0,21.5,10000.0,600.0,0.42,homogeneous,2.0,0.0,0.0,disjoint_equal,ba8b0398cbe99a9c,16e5534dafbd3776,41108ac0904fb97d,False,False,results/thesis_revision_v43/stage_05b2/raw/S5B2-00020.summary.json,PLANNED
S5B2-00021,B0,B0,,H1;A1,CORE,20260222,100,independent_full_parallel,141000000000000.0,21.5,10000.0,600.0,0.42,homogeneous,2.0,0.0,0.0,disjoint_equal,ae4bbc1adb0fa4d1,992d597478b48a30,41108ac0904fb97d,False,False,results/thesis_revision_v43/stage_05b2/raw/S5B2-00021.summary.json,PLANNED
S5B2-00022,B0,B0,,H1;A1,CORE,20260223,100,independent_full_parallel,141000000000000.0,21.5,10000.0,600.0,0.42,homogeneous,2.0,0.0,0.0,disjoint_equal,f141846d1a2a2d8a,9175ba2ce8652481,41108ac0904fb97d,False,False,results/thesis_revision_v43/stage_05b2/raw/S5B2-00022.summary.json,PLANNED
S5B2-00023,B0,B0,,H1;A1,CORE,20260224,100,independent_full_parallel,141000000000000.0,21.5,10000.0,600.0,0.42,homogeneous,2.0,0.0,0.0,disjoint_equal,f9c9dddc32f01ed3,d8c068b465f1b712,41108ac0904fb97d,False,False,results/thesis_revision_v43/stage_05b2/raw/S5B2-00023.summary.json,PLANNED
S5B2-00024,B0,B0,,H1;A1,CORE,20260225,100,independent_full_parallel,141000000000000.0,21.5,10000.0,600.0,0.42,homogeneous,2.0,0.0,0.0,disjoint_equal,580acaf036f96049,1b3f103fb664db47,41108ac0904fb97d,False,False,results/thesis_revision_v43/stage_05b2/raw/S5B2-00024.summary.json,PLANNED
S5B2-00025,B0,B0,,H1;A1,CORE,20260226,100,independent_full_parallel,141000000000000.0,21.5,10000.0,600.0,0.42,homogeneous,2.0,0.0,0.0,disjoint_equal,427f291d476e253f,661ec90a20f83a0f,41108ac0904fb97d,False,False,results/thesis_revision_v43/stage_05b2/raw/S5B2-00025.summary.json,PLANNED
S5B2-00026,B0,B0,,H1;A1,CORE,20260227,100,independent_full_parallel,141000000000000.0,21.5,10000.0,600.0,0.42,homogeneous,2.0,0.0,0.0,disjoint_equal,29164f14dda221f5,c4480733ca9bdba1,41108ac0904fb97d,False,False,results/thesis_revision_v43/stage_05b2/raw/S5B2-00026.summary.json,PLANNED
S5B2-00027,B0,B0,,H1;A1,CORE,20260228,100,independent_full_parallel,141000000000000.0,21.5,10000.0,600.0,0.42,homogeneous,2.0,0.0,0.0,disjoint_equal,dd21c3a1c0fbda5d,94eb20ac266c366c,41108ac0904fb97d,False,False,results/thesis_revision_v43/stage_05b2/raw/S5B2-00027.summary.json,PLANNED
S5B2-00028,B0,B0,,H1;A1,CORE,20260229,100,independent_full_parallel,141000000000000.0,21.5,10000.0,600.0,0.42,homogeneous,2.0,0.0,0.0,disjoint_equal,154c61d5361a8127,c9cb9342caf72d11,41108ac0904fb97d,False,False,results/thesis_revision_v43/stage_05b2/raw/S5B2-00028.summary.json,PLANNED
S5B2-00029,B0,B0,,H1;A1,CORE,20260230,100,independent_full_parallel,141000000000000.0,21.5,10000.0,600.0,0.42,homogeneous,2.0,0.0,0.0,disjoint_equal,df067076766d7237,d5a46f63094e5f97,41108ac0904fb97d,False,False,results/thesis_revision_v43/stage_05b2/raw/S5B2-00029.summary.json,PLANNED
S5B2-00030,B0,B0,,H1;A1,CORE,20260201,200,independent_full_parallel,141000000000000.0,21.5,10000.0,600.0,0.42,homogeneous,2.0,0.0,0.0,disjoint_equal,9fa237cb692d6729,ecd1e67e7dbae792,aef3bc867bad787f,False,True,results/thesis_revision_v43/stage_05b2/raw/S5B2-00030.summary.json,PLANNED
S5B2-00031,B0,B0,,H1;A1,CORE,20260202,200,independent_full_parallel,141000000000000.0,21.5,10000.0,600.0,0.42,homogeneous,2.0,0.0,0.0,disjoint_equal,3001f364a3d31730,1478a4dee7ef86ec,aef3bc867bad787f,False,False,results/thesis_revision_v43/stage_05b2/raw/S5B2-00031.summary.json,PLANNED
S5B2-00032,B0,B0,,H1;A1,CORE,20260203,200,independent_full_parallel,141000000000000.0,21.5,10000.0,600.0,0.42,homogeneous,2.0,0.0,0.0,disjoint_equal,717d869a90b17ff5,f4214f81ebe88040,aef3bc867bad787f,False,False,results/thesis_revision_v43/stage_05b2/raw/S5B2-00032.summary.json,PLANNED
S5B2-00033,B0,B0,,H1;A1,CORE,20260204,200,independent_full_parallel,141000000000000.0,21.5,10000.0,600.0,0.42,homogeneous,2.0,0.0,0.0,disjoint_equal,82f2ccdce094c6c0,5fbdb7e8d5c88c63,aef3bc867bad787f,False,False,results/thesis_revision_v43/stage_05b2/raw/S5B2-00033.summary.json,PLANNED
S5B2-00034,B0,B0,,H1;A1,CORE,20260205,200,independent_full_parallel,141000000000000.0,21.5,10000.0,600.0,0.42,homogeneous,2.0,0.0,0.0,disjoint_equal,b72bebbc51ad9390,4303bd3092255274,aef3bc867bad787f,False,False,results/thesis_revision_v43/stage_05b2/raw/S5B2-00034.summary.json,PLANNED
S5B2-00035,B0,B0,,H1;A1,CORE,20260206,200,independent_full_parallel,141000000000000.0,21.5,10000.0,600.0,0.42,homogeneous,2.0,0.0,0.0,disjoint_equal,03f54b78f52929ed,82f304cc4bfe9da5,aef3bc867bad787f,False,False,results/thesis_revision_v43/stage_05b2/raw/S5B2-00035.summary.json,PLANNED
S5B2-00036,B0,B0,,H1;A1,CORE,20260207,200,independent_full_parallel,141000000000000.0,21.5,10000.0,600.0,0.42,homogeneous,2.0,0.0,0.0,disjoint_equal,4fc65a3b23658e86,76dcb57c32864929,aef3bc867bad787f,False,False,results/thesis_revision_v43/stage_05b2/raw/S5B2-00036.summary.json,PLANNED
S5B2-00037,B0,B0,,H1;A1,CORE,20260208,200,independent_full_parallel,141000000000000.0,21.5,10000.0,600.0,0.42,homogeneous,2.0,0.0,0.0,disjoint_equal,d1135ac877eaee86,4719e9bfe227f7dc,aef3bc867bad787f,False,False,results/thesis_revision_v43/stage_05b2/raw/S5B2-00037.summary.json,PLANNED
S5B2-00038,B0,B0,,H1;A1,CORE,20260209,200,independent_full_parallel,141000000000000.0,21.5,10000.0,600.0,0.42,homogeneous,2.0,0.0,0.0,disjoint_equal,03efacaaacaa6f12,c148d1e9b9439097,aef3bc867bad787f,False,False,results/thesis_revision_v43/stage_05b2/raw/S5B2-00038.summary.json,PLANNED
S5B2-00039,B0,B0,,H1;A1,CORE,20260210,200,independent_full_parallel,141000000000000.0,21.5,10000.0,600.0,0.42,homogeneous,2.0,0.0,0.0,disjoint_equal,e9413eb7ab2c2e05,5273938cca6c3b2f,aef3bc867bad787f,False,False,results/thesis_revision_v43/stage_05b2/raw/S5B2-00039.summary.json,PLANNED
S5B2-00040,B0,B0,,H1;A1,CORE,20260211,200,independent_full_parallel,141000000000000.0,21.5,10000.0,600.0,0.42,homogeneous,2.0,0.0,0.0,disjoint_equal,91e10620bb5cdf9e,47be23e587ff3177,aef3bc867bad787f,False,False,results/thesis_revision_v43/stage_05b2/raw/S5B2-00040.summary.json,PLANNED
S5B2-00041,B0,B0,,H1;A1,CORE,20260212,200,independent_full_parallel,141000000000000.0,21.5,10000.0,600.0,0.42,homogeneous,2.0,0.0,0.0,disjoint_equal,d4ac78f49ed5879a,af78c93811c8ea37,aef3bc867bad787f,False,False,results/thesis_revision_v43/stage_05b2/raw/S5B2-00041.summary.json,PLANNED
S5B2-00042,B0,B0,,H1;A1,CORE,20260213,200,independent_full_parallel,141000000000000.0,21.5,10000.0,600.0,0.42,homogeneous,2.0,0.0,0.0,disjoint_equal,aaae13b91ec14035,cc871b0c60cfb201,aef3bc867bad787f,False,False,results/thesis_revision_v43/stage_05b2/raw/S5B2-00042.summary.json,PLANNED
S5B2-00043,B0,B0,,H1;A1,CORE,20260214,200,independent_full_parallel,141000000000000.0,21.5,10000.0,600.0,0.42,homogeneous,2.0,0.0,0.0,disjoint_equal,a0d3b7b921d049e9,9a768d022753c9b7,aef3bc867bad787f,False,False,results/thesis_revision_v43/stage_05b2/raw/S5B2-00043.summary.json,PLANNED
S5B2-00044,B0,B0,,H1;A1,CORE,20260215,200,independent_full_parallel,141000000000000.0,21.5,10000.0,600.0,0.42,homogeneous,2.0,0.0,0.0,disjoint_equal,bd077d5a17ffbe06,086113867bb876ab,aef3bc867bad787f,False,False,results/thesis_revision_v43/stage_05b2/raw/S5B2-00044.summary.json,PLANNED
S5B2-00045,B0,B0,,H1;A1,CORE,20260216,200,independent_full_parallel,141000000000000.0,21.5,10000.0,600.0,0.42,homogeneous,2.0,0.0,0.0,disjoint_equal,18e05e843e0267c4,f71183f767d0c9bc,aef3bc867bad787f,False,False,results/thesis_revision_v43/stage_05b2/raw/S5B2-00045.summary.json,PLANNED
S5B2-00046,B0,B0,,H1;A1,CORE,20260217,200,independent_full_parallel,141000000000000.0,21.5,10000.0,600.0,0.42,homogeneous,2.0,0.0,0.0,disjoint_equal,f2099aa0c345ee0b,8c8f3fd53d89a2c9,aef3bc867bad787f,False,False,results/thesis_revision_v43/stage_05b2/raw/S5B2-00046.summary.json,PLANNED
S5B2-00047,B0,B0,,H1;A1,CORE,20260218,200,independent_full_parallel,141000000000000.0,21.5,10000.0,600.0,0.42,homogeneous,2.0,0.0,0.0,disjoint_equal,e454223934eeb2da,7f2074003e247bfc,aef3bc867bad787f,False,False,results/thesis_revision_v43/stage_05b2/raw/S5B2-00047.summary.json,PLANNED
S5B2-00048,B0,B0,,H1;A1,CORE,20260219,200,independent_full_parallel,141000000000000.0,21.5,10000.0,600.0,0.42,homogeneous,2.0,0.0,0.0,disjoint_equal,3e44414eea065e8b,535c794215a73c04,aef3bc867bad787f,False,False,results/thesis_revision_v43/stage_05b2/raw/S5B2-00048.summary.json,PLANNED
S5B2-00049,B0,B0,,H1;A1,CORE,20260220,200,independent_full_parallel,141000000000000.0,21.5,10000.0,600.0,0.42,homogeneous,2.0,0.0,0.0,disjoint_equal,d05cffb303cb202a,4d3bfc1379ca9634,aef3bc867bad787f,False,False,results/thesis_revision_v43/stage_05b2/raw/S5B2-00049.summary.json,PLANNED
S5B2-00050,B0,B0,,H1;A1,CORE,20260221,200,independent_full_parallel,141000000000000.0,21.5,10000.0,600.0,0.42,homogeneous,2.0,0.0,0.0,disjoint_equal,c67e17783d56dad1,442b4d5e92b8c794,aef3bc867bad787f,False,False,results/thesis_revision_v43/stage_05b2/raw/S5B2-00050.summary.json,PLANNED
S5B2-00051,B0,B0,,H1;A1,CORE,20260222,200,independent_full_parallel,141000000000000.0,21.5,10000.0,600.0,0.42,homogeneous,2.0,0.0,0.0,disjoint_equal,766b0365b6d39ed0,37d38e90603ab000,aef3bc867bad787f,False,False,results/thesis_revision_v43/stage_05b2/raw/S5B2-00051.summary.json,PLANNED
S5B2-00052,B0,B0,,H1;A1,CORE,20260223,200,independent_full_parallel,141000000000000.0,21.5,10000.0,600.0,0.42,homogeneous,2.0,0.0,0.0,disjoint_equal,1c9bbb06f6a49103,0e209880c8b2a0de,aef3bc867bad787f,False,False,results/thesis_revision_v43/stage_05b2/raw/S5B2-00052.summary.json,PLANNED
S5B2-00053,B0,B0,,H1;A1,CORE,20260224,200,independent_full_parallel,141000000000000.0,21.5,10000.0,600.0,0.42,homogeneous,2.0,0.0,0.0,disjoint_equal,d98cf631089ee0a2,c255dab9dbebafb0,aef3bc867bad787f,False,False,results/thesis_revision_v43/stage_05b2/raw/S5B2-00053.summary.json,PLANNED
S5B2-00054,B0,B0,,H1;A1,CORE,20260225,200,independent_full_parallel,141000000000000.0,21.5,10000.0,600.0,0.42,homogeneous,2.0,0.0,0.0,disjoint_equal,bb11e704cb065778,06ee482fe25b1056,aef3bc867bad787f,False,False,results/thesis_revision_v43/stage_05b2/raw/S5B2-00054.summary.json,PLANNED
S5B2-00055,B0,B0,,H1;A1,CORE,20260226,200,independent_full_parallel,141000000000000.0,21.5,10000.0,600.0,0.42,homogeneous,2.0,0.0,0.0,disjoint_equal,bcdc4449b5340e64,78766ebce3bc0d90,aef3bc867bad787f,False,False,results/thesis_revision_v43/stage_05b2/raw/S5B2-00055.summary.json,PLANNED
S5B2-00056,B0,B0,,H1;A1,CORE,20260227,200,independent_full_parallel,141000000000000.0,21.5,10000.0,600.0,0.42,homogeneous,2.0,0.0,0.0,disjoint_equal,287ffb6c4557feef,6d730c95844b51e8,aef3bc867bad787f,False,False,results/thesis_revision_v43/stage_05b2/raw/S5B2-00056.summary.json,PLANNED
S5B2-00057,B0,B0,,H1;A1,CORE,20260228,200,independent_full_parallel,141000000000000.0,21.5,10000.0,600.0,0.42,homogeneous,2.0,0.0,0.0,disjoint_equal,60618747515905f7,86bedb59eed3affe,aef3bc867bad787f,False,False,results/thesis_revision_v43/stage_05b2/raw/S5B2-00057.summary.json,PLANNED
S5B2-00058,B0,B0,,H1;A1,CORE,20260229,200,independent_full_parallel,141000000000000.0,21.5,10000.0,600.0,0.42,homogeneous,2.0,0.0,0.0,disjoint_equal,cd67657b9f0fbf09,ea58faeef7f9c4b6,aef3bc867bad787f,False,False,results/thesis_revision_v43/stage_05b2/raw/S5B2-00058.summary.json,PLANNED
S5B2-00059,B0,B0,,H1;A1,CORE,20260230,200,independent_full_parallel,141000000000000.0,21.5,10000.0,600.0,0.42,homogeneous,2.0,0.0,0.0,disjoint_equal,a05bf385c806fd09,27dbe4f12f02b618,aef3bc867bad787f,False,False,results/thesis_revision_v43/stage_05b2/raw/S5B2-00059.summary.json,PLANNED
S5B2-00060,B0,B0,,H1;A1,CORE,20260201,300,independent_full_parallel,141000000000000.0,21.5,10000.0,600.0,0.42,homogeneous,2.0,0.0,0.0,disjoint_equal,399dac5c8a89c126,daa115c7542d42b8,2559bacf6f318ccb,False,True,results/thesis_revision_v43/stage_05b2/raw/S5B2-00060.summary.json,PLANNED
S5B2-00061,B0,B0,,H1;A1,CORE,20260202,300,independent_full_parallel,141000000000000.0,21.5,10000.0,600.0,0.42,homogeneous,2.0,0.0,0.0,disjoint_equal,7ec28a3b1fe0ba78,2b74acf70136652d,2559bacf6f318ccb,False,False,results/thesis_revision_v43/stage_05b2/raw/S5B2-00061.summary.json,PLANNED
S5B2-00062,B0,B0,,H1;A1,CORE,20260203,300,independent_full_parallel,141000000000000.0,21.5,10000.0,600.0,0.42,homogeneous,2.0,0.0,0.0,disjoint_equal,77bcaf152a94e15f,3d4438ebbe817953,2559bacf6f318ccb,False,False,results/thesis_revision_v43/stage_05b2/raw/S5B2-00062.summary.json,PLANNED
S5B2-00063,B0,B0,,H1;A1,CORE,20260204,300,independent_full_parallel,141000000000000.0,21.5,10000.0,600.0,0.42,homogeneous,2.0,0.0,0.0,disjoint_equal,054c921dcee2239e,68c067216cc09bd8,2559bacf6f318ccb,False,False,results/thesis_revision_v43/stage_05b2/raw/S5B2-00063.summary.json,PLANNED
S5B2-00064,B0,B0,,H1;A1,CORE,20260205,300,independent_full_parallel,141000000000000.0,21.5,10000.0,600.0,0.42,homogeneous,2.0,0.0,0.0,disjoint_equal,3270fb57205f41f1,bc0fc2c5319925bd,2559bacf6f318ccb,False,False,results/thesis_revision_v43/stage_05b2/raw/S5B2-00064.summary.json,PLANNED
S5B2-00065,B0,B0,,H1;A1,CORE,20260206,300,independent_full_parallel,141000000000000.0,21.5,10000.0,600.0,0.42,homogeneous,2.0,0.0,0.0,disjoint_equal,bd35e6d3d6d86953,3598f91366eafea3,2559bacf6f318ccb,False,False,results/thesis_revision_v43/stage_05b2/raw/S5B2-00065.summary.json,PLANNED
S5B2-00066,B0,B0,,H1;A1,CORE,20260207,300,independent_full_parallel,141000000000000.0,21.5,10000.0,600.0,0.42,homogeneous,2.0,0.0,0.0,disjoint_equal,a177a408978ed6f6,c2f707045fc6e9ed,2559bacf6f318ccb,False,False,results/thesis_revision_v43/stage_05b2/raw/S5B2-00066.summary.json,PLANNED
S5B2-00067,B0,B0,,H1;A1,CORE,20260208,300,independent_full_parallel,141000000000000.0,21.5,10000.0,600.0,0.42,homogeneous,2.0,0.0,0.0,disjoint_equal,7f44e81a3a57b78a,4676726ae79a8907,2559bacf6f318ccb,False,False,results/thesis_revision_v43/stage_05b2/raw/S5B2-00067.summary.json,PLANNED
S5B2-00068,B0,B0,,H1;A1,CORE,20260209,300,independent_full_parallel,141000000000000.0,21.5,10000.0,600.0,0.42,homogeneous,2.0,0.0,0.0,disjoint_equal,8c8b1143661b9181,720c1d31f3cc32f4,2559bacf6f318ccb,False,False,results/thesis_revision_v43/stage_05b2/raw/S5B2-00068.summary.json,PLANNED
S5B2-00069,B0,B0,,H1;A1,CORE,20260210,300,independent_full_parallel,141000000000000.0,21.5,10000.0,600.0,0.42,homogeneous,2.0,0.0,0.0,disjoint_equal,874217350224722f,b64a4819469e91cf,2559bacf6f318ccb,False,False,results/thesis_revision_v43/stage_05b2/raw/S5B2-00069.summary.json,PLANNED
S5B2-00070,B0,B0,,H1;A1,CORE,20260211,300,independent_full_parallel,141000000000000.0,21.5,10000.0,600.0,0.42,homogeneous,2.0,0.0,0.0,disjoint_equal,4a0a4438a8a8fa6d,3b0e6dd147d24a76,2559bacf6f318ccb,False,False,results/thesis_revision_v43/stage_05b2/raw/S5B2-00070.summary.json,PLANNED
S5B2-00071,B0,B0,,H1;A1,CORE,20260212,300,independent_full_parallel,141000000000000.0,21.5,10000.0,600.0,0.42,homogeneous,2.0,0.0,0.0,disjoint_equal,be74e608c5b9675c,ea598fde50f06516,2559bacf6f318ccb,False,False,results/thesis_revision_v43/stage_05b2/raw/S5B2-00071.summary.json,PLANNED
S5B2-00072,B0,B0,,H1;A1,CORE,20260213,300,independent_full_parallel,141000000000000.0,21.5,10000.0,600.0,0.42,homogeneous,2.0,0.0,0.0,disjoint_equal,99df8b4165a80844,c40a5bdfa75dee0a,2559bacf6f318ccb,False,False,results/thesis_revision_v43/stage_05b2/raw/S5B2-00072.summary.json,PLANNED
S5B2-00073,B0,B0,,H1;A1,CORE,20260214,300,independent_full_parallel,141000000000000.0,21.5,10000.0,600.0,0.42,homogeneous,2.0,0.0,0.0,disjoint_equal,29a86fcb6ddf6183,404d45ad32f35b02,2559bacf6f318ccb,False,False,results/thesis_revision_v43/stage_05b2/raw/S5B2-00073.summary.json,PLANNED
S5B2-00074,B0,B0,,H1;A1,CORE,20260215,300,independent_full_parallel,141000000000000.0,21.5,10000.0,600.0,0.42,homogeneous,2.0,0.0,0.0,disjoint_equal,045450fc09993444,3042e0966f4a59fd,2559bacf6f318ccb,False,False,results/thesis_revision_v43/stage_05b2/raw/S5B2-00074.summary.json,PLANNED
S5B2-00075,B0,B0,,H1;A1,CORE,20260216,300,independent_full_parallel,141000000000000.0,21.5,10000.0,600.0,0.42,homogeneous,2.0,0.0,0.0,disjoint_equal,9cefa47c07d646ea,c9ff83b3e5762f01,2559bacf6f318ccb,False,False,results/thesis_revision_v43/stage_05b2/raw/S5B2-00075.summary.json,PLANNED
S5B2-00076,B0,B0,,H1;A1,CORE,20260217,300,independent_full_parallel,141000000000000.0,21.5,10000.0,600.0,0.42,homogeneous,2.0,0.0,0.0,disjoint_equal,73ef739445906649,7c0cb4863774893d,2559bacf6f318ccb,False,False,results/thesis_revision_v43/stage_05b2/raw/S5B2-00076.summary.json,PLANNED
S5B2-00077,B0,B0,,H1;A1,CORE,20260218,300,independent_full_parallel,141000000000000.0,21.5,10000.0,600.0,0.42,homogeneous,2.0,0.0,0.0,disjoint_equal,d30ca03408bee6d2,2b93b9f894b69ed2,2559bacf6f318ccb,False,False,results/thesis_revision_v43/stage_05b2/raw/S5B2-00077.summary.json,PLANNED
S5B2-00078,B0,B0,,H1;A1,CORE,20260219,300,independent_full_parallel,141000000000000.0,21.5,10000.0,600.0,0.42,homogeneous,2.0,0.0,0.0,disjoint_equal,551273503d72a03d,effb7c8dca636d8b,2559bacf6f318ccb,False,False,results/thesis_revision_v43/stage_05b2/raw/S5B2-00078.summary.json,PLANNED
S5B2-00079,B0,B0,,H1;A1,CORE,20260220,300,independent_full_parallel,141000000000000.0,21.5,10000.0,600.0,0.42,homogeneous,2.0,0.0,0.0,disjoint_equal,c4df2904e9f1cf94,6f743c45ff10afdd,2559bacf6f318ccb,False,False,results/thesis_revision_v43/stage_05b2/raw/S5B2-00079.summary.json,PLANNED
S5B2-00080,B0,B0,,H1;A1,CORE,20260221,300,independent_full_parallel,141000000000000.0,21.5,10000.0,600.0,0.42,homogeneous,2.0,0.0,0.0,disjoint_equal,c76cafa9c5975c56,4e57dc3737f5626d,2559bacf6f318ccb,False,False,results/thesis_revision_v43/stage_05b2/raw/S5B2-00080.summary.json,PLANNED
S5B2-00081,B0,B0,,H1;A1,CORE,20260222,300,independent_full_parallel,141000000000000.0,21.5,10000.0,600.0,0.42,homogeneous,2.0,0.0,0.0,disjoint_equal,7a2a97cfdf29c199,d6c6b3b179dbafdd,2559bacf6f318ccb,False,False,results/thesis_revision_v43/stage_05b2/raw/S5B2-00081.summary.json,PLANNED
S5B2-00082,B0,B0,,H1;A1,CORE,20260223,300,independent_full_parallel,141000000000000.0,21.5,10000.0,600.0,0.42,homogeneous,2.0,0.0,0.0,disjoint_equal,ead9c5b1f423d55c,7841e173f7e1c865,2559bacf6f318ccb,False,False,results/thesis_revision_v43/stage_05b2/raw/S5B2-00082.summary.json,PLANNED
S5B2-00083,B0,B0,,H1;A1,CORE,20260224,300,independent_full_parallel,141000000000000.0,21.5,10000.0,600.0,0.42,homogeneous,2.0,0.0,0.0,disjoint_equal,84a62ec495dfb09a,0760bf1168933d05,2559bacf6f318ccb,False,False,results/thesis_revision_v43/stage_05b2/raw/S5B2-00083.summary.json,PLANNED
S5B2-00084,B0,B0,,H1;A1,CORE,20260225,300,independent_full_parallel,141000000000000.0,21.5,10000.0,600.0,0.42,homogeneous,2.0,0.0,0.0,disjoint_equal,5f65f6c03ef8de5c,69ed06461adfc883,2559bacf6f318ccb,False,False,results/thesis_revision_v43/stage_05b2/raw/S5B2-00084.summary.json,PLANNED
S5B2-00085,B0,B0,,H1;A1,CORE,20260226,300,independent_full_parallel,141000000000000.0,21.5,10000.0,600.0,0.42,homogeneous,2.0,0.0,0.0,disjoint_equal,b3c2a90e36e127c2,4a465654111bb8a1,2559bacf6f318ccb,False,False,results/thesis_revision_v43/stage_05b2/raw/S5B2-00085.summary.json,PLANNED
S5B2-00086,B0,B0,,H1;A1,CORE,20260227,300,independent_full_parallel,141000000000000.0,21.5,10000.0,600.0,0.42,homogeneous,2.0,0.0,0.0,disjoint_equal,a69c94d6186edadb,e720c61ab05874fb,2559bacf6f318ccb,False,False,results/thesis_revision_v43/stage_05b2/raw/S5B2-00086.summary.json,PLANNED
S5B2-00087,B0,B0,,H1;A1,CORE,20260228,300,independent_full_parallel,141000000000000.0,21.5,10000.0,600.0,0.42,homogeneous,2.0,0.0,0.0,disjoint_equal,9ca4129d37d96baa,9636f1f95f6c0c2e,2559bacf6f318ccb,False,False,results/thesis_revision_v43/stage_05b2/raw/S5B2-00087.summary.json,PLANNED
S5B2-00088,B0,B0,,H1;A1,CORE,20260229,300,independent_full_parallel,141000000000000.0,21.5,10000.0,600.0,0.42,homogeneous,2.0,0.0,0.0,disjoint_equal,a5464ad649ec2e4c,28eb453ddd8171f7,2559bacf6f318ccb,False,False,results/thesis_revision_v43/stage_05b2/raw/S5B2-00088.summary.json,PLANNED
S5B2-00089,B0,B0,,H1;A1,CORE,20260230,300,independent_full_parallel,141000000000000.0,21.5,10000.0,600.0,0.42,homogeneous,2.0,0.0,0.0,disjoint_equal,0eaafa0515b1955b,9f878c7c1e7a4538,2559bacf6f318ccb,False,False,results/thesis_revision_v43/stage_05b2/raw/S5B2-00089.summary.json,PLANNED
S5B2-00090,B0,B0,,H1;A1,CORE,20260201,400,independent_full_parallel,141000000000000.0,21.5,10000.0,600.0,0.42,homogeneous,2.0,0.0,0.0,disjoint_equal,104cb0b6c6532f50,2d811e735bb9bd66,ca875fda44bfd547,False,True,results/thesis_revision_v43/stage_05b2/raw/S5B2-00090.summary.json,PLANNED
S5B2-00091,B0,B0,,H1;A1,CORE,20260202,400,independent_full_parallel,141000000000000.0,21.5,10000.0,600.0,0.42,homogeneous,2.0,0.0,0.0,disjoint_equal,56bba03681ec074e,9650e7b493d1386e,ca875fda44bfd547,False,False,results/thesis_revision_v43/stage_05b2/raw/S5B2-00091.summary.json,PLANNED
S5B2-00092,B0,B0,,H1;A1,CORE,20260203,400,independent_full_parallel,141000000000000.0,21.5,10000.0,600.0,0.42,homogeneous,2.0,0.0,0.0,disjoint_equal,063e33c354845c38,4f506ad51121f5ee,ca875fda44bfd547,False,False,results/thesis_revision_v43/stage_05b2/raw/S5B2-00092.summary.json,PLANNED
S5B2-00093,B0,B0,,H1;A1,CORE,20260204,400,independent_full_parallel,141000000000000.0,21.5,10000.0,600.0,0.42,homogeneous,2.0,0.0,0.0,disjoint_equal,0bf1bff1774907ce,9e90b7b9e2bba6ab,ca875fda44bfd547,False,False,results/thesis_revision_v43/stage_05b2/raw/S5B2-00093.summary.json,PLANNED
S5B2-00094,B0,B0,,H1;A1,CORE,20260205,400,independent_full_parallel,141000000000000.0,21.5,10000.0,600.0,0.42,homogeneous,2.0,0.0,0.0,disjoint_equal,3d1db73f045ff922,dc198d09c275f443,ca875fda44bfd547,False,False,results/thesis_revision_v43/stage_05b2/raw/S5B2-00094.summary.json,PLANNED
S5B2-00095,B0,B0,,H1;A1,CORE,20260206,400,independent_full_parallel,141000000000000.0,21.5,10000.0,600.0,0.42,homogeneous,2.0,0.0,0.0,disjoint_equal,949829891e523bb5,3a89f1506c48f34b,ca875fda44bfd547,False,False,results/thesis_revision_v43/stage_05b2/raw/S5B2-00095.summary.json,PLANNED
S5B2-00096,B0,B0,,H1;A1,CORE,20260207,400,independent_full_parallel,141000000000000.0,21.5,10000.0,600.0,0.42,homogeneous,2.0,0.0,0.0,disjoint_equal,c5c23f8f76c42e0f,be346dfc8f0b8be9,ca875fda44bfd547,False,False,results/thesis_revision_v43/stage_05b2/raw/S5B2-00096.summary.json,PLANNED
S5B2-00097,B0,B0,,H1;A1,CORE,20260208,400,independent_full_parallel,141000000000000.0,21.5,10000.0,600.0,0.42,homogeneous,2.0,0.0,0.0,disjoint_equal,6826d14b7880cdca,3287681062ef183a,ca875fda44bfd547,False,False,results/thesis_revision_v43/stage_05b2/raw/S5B2-00097.summary.json,PLANNED
S5B2-00098,B0,B0,,H1;A1,CORE,20260209,400,independent_full_parallel,141000000000000.0,21.5,10000.0,600.0,0.42,homogeneous,2.0,0.0,0.0,disjoint_equal,0dbf4e75feec15f6,269fb8db54962e4f,ca875fda44bfd547,False,False,results/thesis_revision_v43/stage_05b2/raw/S5B2-00098.summary.json,PLANNED
S5B2-00099,B0,B0,,H1;A1,CORE,20260210,400,independent_full_parallel,141000000000000.0,21.5,10000.0,600.0,0.42,homogeneous,2.0,0.0,0.0,disjoint_equal,671fc02bd71ce033,eea76b502ab2227e,ca875fda44bfd547,False,False,results/thesis_revision_v43/stage_05b2/raw/S5B2-00099.summary.json,PLANNED
S5B2-00100,B0,B0,,H1;A1,CORE,20260211,400,independent_full_parallel,141000000000000.0,21.5,10000.0,600.0,0.42,homogeneous,2.0,0.0,0.0,disjoint_equal,ff7466acdaeade9e,2abf114007ed0a6f,ca875fda44bfd547,False,True,results/thesis_revision_v43/stage_05b2/raw/S5B2-00100.summary.json,PLANNED
S5B2-00101,B0,B0,,H1;A1,CORE,20260212,400,independent_full_parallel,141000000000000.0,21.5,10000.0,600.0,0.42,homogeneous,2.0,0.0,0.0,disjoint_equal,07c130fee3eed8c5,83a7b7e05bd7eb56,ca875fda44bfd547,False,False,results/thesis_revision_v43/stage_05b2/raw/S5B2-00101.summary.json,PLANNED
S5B2-00102,B0,B0,,H1;A1,CORE,20260213,400,independent_full_parallel,141000000000000.0,21.5,10000.0,600.0,0.42,homogeneous,2.0,0.0,0.0,disjoint_equal,61eb20c54c5e220c,f59a5cc7d89bc5d3,ca875fda44bfd547,False,False,results/thesis_revision_v43/stage_05b2/raw/S5B2-00102.summary.json,PLANNED
S5B2-00103,B0,B0,,H1;A1,CORE,20260214,400,independent_full_parallel,141000000000000.0,21.5,10000.0,600.0,0.42,homogeneous,2.0,0.0,0.0,disjoint_equal,3e5388459b44bdd4,edfc7d104380fd58,ca875fda44bfd547,False,False,results/thesis_revision_v43/stage_05b2/raw/S5B2-00103.summary.json,PLANNED
S5B2-00104,B0,B0,,H1;A1,CORE,20260215,400,independent_full_parallel,141000000000000.0,21.5,10000.0,600.0,0.42,homogeneous,2.0,0.0,0.0,disjoint_equal,92aabed21cb846e3,9f23b634a0cc7d94,ca875fda44bfd547,False,False,results/thesis_revision_v43/stage_05b2/raw/S5B2-00104.summary.json,PLANNED
S5B2-00105,B0,B0,,H1;A1,CORE,20260216,400,independent_full_parallel,141000000000000.0,21.5,10000.0,600.0,0.42,homogeneous,2.0,0.0,0.0,disjoint_equal,9dc608a6e0f573ea,9e561874a5e47b1f,ca875fda44bfd547,False,False,results/thesis_revision_v43/stage_05b2/raw/S5B2-00105.summary.json,PLANNED
S5B2-00106,B0,B0,,H1;A1,CORE,20260217,400,independent_full_parallel,141000000000000.0,21.5,10000.0,600.0,0.42,homogeneous,2.0,0.0,0.0,disjoint_equal,2d77990fb13ad787,788b3aceebcaf4ef,ca875fda44bfd547,False,False,results/thesis_revision_v43/stage_05b2/raw/S5B2-00106.summary.json,PLANNED
S5B2-00107,B0,B0,,H1;A1,CORE,20260218,400,independent_full_parallel,141000000000000.0,21.5,10000.0,600.0,0.42,homogeneous,2.0,0.0,0.0,disjoint_equal,8e5d753ecb9149b6,0e37d89c478def7d,ca875fda44bfd547,False,False,results/thesis_revision_v43/stage_05b2/raw/S5B2-00107.summary.json,PLANNED
S5B2-00108,B0,B0,,H1;A1,CORE,20260219,400,independent_full_parallel,141000000000000.0,21.5,10000.0,600.0,0.42,homogeneous,2.0,0.0,0.0,disjoint_equal,59cb0b9832c54b5f,b6b3d885092ff8e4,ca875fda44bfd547,False,False,results/thesis_revision_v43/stage_05b2/raw/S5B2-00108.summary.json,PLANNED
S5B2-00109,B0,B0,,H1;A1,CORE,20260220,400,independent_full_parallel,141000000000000.0,21.5,10000.0,600.0,0.42,homogeneous,2.0,0.0,0.0,disjoint_equal,fab8c93157b0892a,47a87850cd8b4407,ca875fda44bfd547,False,False,results/thesis_revision_v43/stage_05b2/raw/S5B2-00109.summary.json,PLANNED
S5B2-00110,B0,B0,,H1;A1,CORE,20260221,400,independent_full_parallel,141000000000000.0,21.5,10000.0,600.0,0.42,homogeneous,2.0,0.0,0.0,disjoint_equal,3ebdb5dac9b5713a,8a1da4ec8e7262b9,ca875fda44bfd547,False,False,results/thesis_revision_v43/stage_05b2/raw/S5B2-00110.summary.json,PLANNED
S5B2-00111,B0,B0,,H1;A1,CORE,20260222,400,independent_full_parallel,141000000000000.0,21.5,10000.0,600.0,0.42,homogeneous,2.0,0.0,0.0,disjoint_equal,12e3e292ea87ad4e,8c4c91d7eee9473d,ca875fda44bfd547,False,False,results/thesis_revision_v43/stage_05b2/raw/S5B2-00111.summary.json,PLANNED
S5B2-00112,B0,B0,,H1;A1,CORE,20260223,400,independent_full_parallel,141000000000000.0,21.5,10000.0,600.0,0.42,homogeneous,2.0,0.0,0.0,disjoint_equal,78ffebc06d3590ac,b5a53d190eb5d907,ca875fda44bfd547,False,False,results/thesis_revision_v43/stage_05b2/raw/S5B2-00112.summary.json,PLANNED
S5B2-00113,B0,B0,,H1;A1,CORE,20260224,400,independent_full_parallel,141000000000000.0,21.5,10000.0,600.0,0.42,homogeneous,2.0,0.0,0.0,disjoint_equal,c290ad2451b43d1c,3ae72114a33f6867,ca875fda44bfd547,False,False,results/thesis_revision_v43/stage_05b2/raw/S5B2-00113.summary.json,PLANNED
S5B2-00114,B0,B0,,H1;A1,CORE,20260225,400,independent_full_parallel,141000000000000.0,21.5,10000.0,600.0,0.42,homogeneous,2.0,0.0,0.0,disjoint_equal,eff011a319d84453,d86750dcd6f0b9c2,ca875fda44bfd547,False,False,results/thesis_revision_v43/stage_05b2/raw/S5B2-00114.summary.json,PLANNED
S5B2-00115,B0,B0,,H1;A1,CORE,20260226,400,independent_full_parallel,141000000000000.0,21.5,10000.0,600.0,0.42,homogeneous,2.0,0.0,0.0,disjoint_equal,779837608b6e0b22,3ed717318f7071c3,ca875fda44bfd547,False,False,results/thesis_revision_v43/stage_05b2/raw/S5B2-00115.summary.json,PLANNED
S5B2-00116,B0,B0,,H1;A1,CORE,20260227,400,independent_full_parallel,141000000000000.0,21.5,10000.0,600.0,0.42,homogeneous,2.0,0.0,0.0,disjoint_equal,a1fa34ed75db4537,5f6bda72fde01460,ca875fda44bfd547,False,False,results/thesis_revision_v43/stage_05b2/raw/S5B2-00116.summary.json,PLANNED
S5B2-00117,B0,B0,,H1;A1,CORE,20260228,400,independent_full_parallel,141000000000000.0,21.5,10000.0,600.0,0.42,homogeneous,2.0,0.0,0.0,disjoint_equal,cf71969e605139fe,fa7e695db24aecd5,ca875fda44bfd547,False,False,results/thesis_revision_v43/stage_05b2/raw/S5B2-00117.summary.json,PLANNED
S5B2-00118,B0,B0,,H1;A1,CORE,20260229,400,independent_full_parallel,141000000000000.0,21.5,10000.0,600.0,0.42,homogeneous,2.0,0.0,0.0,disjoint_equal,2c8e7db87a20623a,7a15af0906480a99,ca875fda44bfd547,False,False,results/thesis_revision_v43/stage_05b2/raw/S5B2-00118.summary.json,PLANNED
S5B2-00119,B0,B0,,H1;A1,CORE,20260230,400,independent_full_parallel,141000000000000.0,21.5,10000.0,600.0,0.42,homogeneous,2.0,0.0,0.0,disjoint_equal,614862c245951acf,47883dd2a500445f,ca875fda44bfd547,False,False,results/thesis_revision_v43/stage_05b2/raw/S5B2-00119.summary.json,PLANNED
S5B2-00120,B0,B0,,H1;A1,CORE,20260201,500,independent_full_parallel,141000000000000.0,21.5,10000.0,600.0,0.42,homogeneous,2.0,0.0,0.0,disjoint_equal,1538aefeffe9510f,dac1e1d4cc54924d,4a173e9c1bcfbd6b,False,True,results/thesis_revision_v43/stage_05b2/raw/S5B2-00120.summary.json,PLANNED
S5B2-00121,B0,B0,,H1;A1,CORE,20260202,500,independent_full_parallel,141000000000000.0,21.5,10000.0,600.0,0.42,homogeneous,2.0,0.0,0.0,disjoint_equal,4131a29fda89d047,3a34c42803a1cd68,4a173e9c1bcfbd6b,False,False,results/thesis_revision_v43/stage_05b2/raw/S5B2-00121.summary.json,PLANNED
S5B2-00122,B0,B0,,H1;A1,CORE,20260203,500,independent_full_parallel,141000000000000.0,21.5,10000.0,600.0,0.42,homogeneous,2.0,0.0,0.0,disjoint_equal,5718979482498533,632d9df668e0a275,4a173e9c1bcfbd6b,False,False,results/thesis_revision_v43/stage_05b2/raw/S5B2-00122.summary.json,PLANNED
S5B2-00123,B0,B0,,H1;A1,CORE,20260204,500,independent_full_parallel,141000000000000.0,21.5,10000.0,600.0,0.42,homogeneous,2.0,0.0,0.0,disjoint_equal,7452888567c2edb9,73945d51f255f61a,4a173e9c1bcfbd6b,False,False,results/thesis_revision_v43/stage_05b2/raw/S5B2-00123.summary.json,PLANNED
S5B2-00124,B0,B0,,H1;A1,CORE,20260205,500,independent_full_parallel,141000000000000.0,21.5,10000.0,600.0,0.42,homogeneous,2.0,0.0,0.0,disjoint_equal,265859f757900295,f70bbf08a6e2f15f,4a173e9c1bcfbd6b,False,False,results/thesis_revision_v43/stage_05b2/raw/S5B2-00124.summary.json,PLANNED
S5B2-00125,B0,B0,,H1;A1,CORE,20260206,500,independent_full_parallel,141000000000000.0,21.5,10000.0,600.0,0.42,homogeneous,2.0,0.0,0.0,disjoint_equal,ee72943d0af9969c,e0125f6c71755913,4a173e9c1bcfbd6b,False,False,results/thesis_revision_v43/stage_05b2/raw/S5B2-00125.summary.json,PLANNED
S5B2-00126,B0,B0,,H1;A1,CORE,20260207,500,independent_full_parallel,141000000000000.0,21.5,10000.0,600.0,0.42,homogeneous,2.0,0.0,0.0,disjoint_equal,620ce068199fcd49,4ed10187afceb47c,4a173e9c1bcfbd6b,False,False,results/thesis_revision_v43/stage_05b2/raw/S5B2-00126.summary.json,PLANNED
S5B2-00127,B0,B0,,H1;A1,CORE,20260208,500,independent_full_parallel,141000000000000.0,21.5,10000.0,600.0,0.42,homogeneous,2.0,0.0,0.0,disjoint_equal,33e1b5fdbe9cc4b5,8abaf2865cf862df,4a173e9c1bcfbd6b,False,False,results/thesis_revision_v43/stage_05b2/raw/S5B2-00127.summary.json,PLANNED
S5B2-00128,B0,B0,,H1;A1,CORE,20260209,500,independent_full_parallel,141000000000000.0,21.5,10000.0,600.0,0.42,homogeneous,2.0,0.0,0.0,disjoint_equal,5b2cf22d3effa008,e73fc354589dc7cc,4a173e9c1bcfbd6b,False,False,results/thesis_revision_v43/stage_05b2/raw/S5B2-00128.summary.json,PLANNED
S5B2-00129,B0,B0,,H1;A1,CORE,20260210,500,independent_full_parallel,141000000000000.0,21.5,10000.0,600.0,0.42,homogeneous,2.0,0.0,0.0,disjoint_equal,a4081bed871b4ad3,05793d6f7a723ece,4a173e9c1bcfbd6b,False,False,results/thesis_revision_v43/stage_05b2/raw/S5B2-00129.summary.json,PLANNED
S5B2-00130,B0,B0,,H1;A1,CORE,20260211,500,independent_full_parallel,141000000000000.0,21.5,10000.0,600.0,0.42,homogeneous,2.0,0.0,0.0,disjoint_equal,7e55d5a1536429d5,ebae91042a72c759,4a173e9c1bcfbd6b,False,False,results/thesis_revision_v43/stage_05b2/raw/S5B2-00130.summary.json,PLANNED
S5B2-00131,B0,B0,,H1;A1,CORE,20260212,500,independent_full_parallel,141000000000000.0,21.5,10000.0,600.0,0.42,homogeneous,2.0,0.0,0.0,disjoint_equal,597b500804d07690,6c8d7e56d22fa3f7,4a173e9c1bcfbd6b,False,False,results/thesis_revision_v43/stage_05b2/raw/S5B2-00131.summary.json,PLANNED
S5B2-00132,B0,B0,,H1;A1,CORE,20260213,500,independent_full_parallel,141000000000000.0,21.5,10000.0,600.0,0.42,homogeneous,2.0,0.0,0.0,disjoint_equal,cbf46b1c94180e88,47a96df0f4d30820,4a173e9c1bcfbd6b,False,False,results/thesis_revision_v43/stage_05b2/raw/S5B2-00132.summary.json,PLANNED
S5B2-00133,B0,B0,,H1;A1,CORE,20260214,500,independent_full_parallel,141000000000000.0,21.5,10000.0,600.0,0.42,homogeneous,2.0,0.0,0.0,disjoint_equal,fed25dc446f22de2,5a9c813ea36ab8a6,4a173e9c1bcfbd6b,False,False,results/thesis_revision_v43/stage_05b2/raw/S5B2-00133.summary.json,PLANNED
S5B2-00134,B0,B0,,H1;A1,CORE,20260215,500,independent_full_parallel,141000000000000.0,21.5,10000.0,600.0,0.42,homogeneous,2.0,0.0,0.0,disjoint_equal,b1931547437ab388,51ebedf0b4e8479a,4a173e9c1bcfbd6b,False,False,results/thesis_revision_v43/stage_05b2/raw/S5B2-00134.summary.json,PLANNED
S5B2-00135,B0,B0,,H1;A1,CORE,20260216,500,independent_full_parallel,141000000000000.0,21.5,10000.0,600.0,0.42,homogeneous,2.0,0.0,0.0,disjoint_equal,d021655fb9349ba4,e50a6c38700a02b5,4a173e9c1bcfbd6b,False,False,results/thesis_revision_v43/stage_05b2/raw/S5B2-00135.summary.json,PLANNED
S5B2-00136,B0,B0,,H1;A1,CORE,20260217,500,independent_full_parallel,141000000000000.0,21.5,10000.0,600.0,0.42,homogeneous,2.0,0.0,0.0,disjoint_equal,a5f1da74437accef,480807f778e0a78c,4a173e9c1bcfbd6b,False,False,results/thesis_revision_v43/stage_05b2/raw/S5B2-00136.summary.json,PLANNED
S5B2-00137,B0,B0,,H1;A1,CORE,20260218,500,independent_full_parallel,141000000000000.0,21.5,10000.0,600.0,0.42,homogeneous,2.0,0.0,0.0,disjoint_equal,71e6c93747c8c222,574e1b2b5c1546bf,4a173e9c1bcfbd6b,False,False,results/thesis_revision_v43/stage_05b2/raw/S5B2-00137.summary.json,PLANNED
S5B2-00138,B0,B0,,H1;A1,CORE,20260219,500,independent_full_parallel,141000000000000.0,21.5,10000.0,600.0,0.42,homogeneous,2.0,0.0,0.0,disjoint_equal,52587b151ee7bcce,5e44701ae2f378ff,4a173e9c1bcfbd6b,False,False,results/thesis_revision_v43/stage_05b2/raw/S5B2-00138.summary.json,PLANNED
S5B2-00139,B0,B0,,H1;A1,CORE,20260220,500,independent_full_parallel,141000000000000.0,21.5,10000.0,600.0,0.42,homogeneous,2.0,0.0,0.0,disjoint_equal,755d9e0ef26ef875,43ef3a0a613050a2,4a173e9c1bcfbd6b,False,False,results/thesis_revision_v43/stage_05b2/raw/S5B2-00139.summary.json,PLANNED
S5B2-00140,B0,B0,,H1;A1,CORE,20260221,500,independent_full_parallel,141000000000000.0,21.5,10000.0,600.0,0.42,homogeneous,2.0,0.0,0.0,disjoint_equal,86da20e032f34b06,343f94bed9eaefc7,4a173e9c1bcfbd6b,False,False,results/thesis_revision_v43/stage_05b2/raw/S5B2-00140.summary.json,PLANNED
S5B2-00141,B0,B0,,H1;A1,CORE,20260222,500,independent_full_parallel,141000000000000.0,21.5,10000.0,600.0,0.42,homogeneous,2.0,0.0,0.0,disjoint_equal,7ad0f26077e43918,1a861eccf74727c1,4a173e9c1bcfbd6b,False,False,results/thesis_revision_v43/stage_05b2/raw/S5B2-00141.summary.json,PLANNED
S5B2-00142,B0,B0,,H1;A1,CORE,20260223,500,independent_full_parallel,141000000000000.0,21.5,10000.0,600.0,0.42,homogeneous,2.0,0.0,0.0,disjoint_equal,18fd30c9a1d1e2ae,742817fafb084140,4a173e9c1bcfbd6b,False,False,results/thesis_revision_v43/stage_05b2/raw/S5B2-00142.summary.json,PLANNED
S5B2-00143,B0,B0,,H1;A1,CORE,20260224,500,independent_full_parallel,141000000000000.0,21.5,10000.0,600.0,0.42,homogeneous,2.0,0.0,0.0,disjoint_equal,97802df191453900,f4bb21654265e4a0,4a173e9c1bcfbd6b,False,False,results/thesis_revision_v43/stage_05b2/raw/S5B2-00143.summary.json,PLANNED
S5B2-00144,B0,B0,,H1;A1,CORE,20260225,500,independent_full_parallel,141000000000000.0,21.5,10000.0,600.0,0.42,homogeneous,2.0,0.0,0.0,disjoint_equal,1179b4e092b245ad,43dfe7f5f6eef60c,4a173e9c1bcfbd6b,False,False,results/thesis_revision_v43/stage_05b2/raw/S5B2-00144.summary.json,PLANNED
S5B2-00145,B0,B0,,H1;A1,CORE,20260226,500,independent_full_parallel,141000000000000.0,21.5,10000.0,600.0,0.42,homogeneous,2.0,0.0,0.0,disjoint_equal,09973c41c521fcb0,80b23b21bf19dbe5,4a173e9c1bcfbd6b,False,False,results/thesis_revision_v43/stage_05b2/raw/S5B2-00145.summary.json,PLANNED
S5B2-00146,B0,B0,,H1;A1,CORE,20260227,500,independent_full_parallel,141000000000000.0,21.5,10000.0,600.0,0.42,homogeneous,2.0,0.0,0.0,disjoint_equal,ee4d64910e6fb260,c4cd041f9fbc9dd9,4a173e9c1bcfbd6b,False,False,results/thesis_revision_v43/stage_05b2/raw/S5B2-00146.summary.json,PLANNED
S5B2-00147,B0,B0,,H1;A1,CORE,20260228,500,independent_full_parallel,141000000000000.0,21.5,10000.0,600.0,0.42,homogeneous,2.0,0.0,0.0,disjoint_equal,144dab8edf44d535,416ec069e8e771cc,4a173e9c1bcfbd6b,False,False,results/thesis_revision_v43/stage_05b2/raw/S5B2-00147.summary.json,PLANNED
S5B2-00148,B0,B0,,H1;A1,CORE,20260229,500,independent_full_parallel,141000000000000.0,21.5,10000.0,600.0,0.42,homogeneous,2.0,0.0,0.0,disjoint_equal,e19142bf7dfd3f6f,c4ad90393bd712b5,4a173e9c1bcfbd6b,False,False,results/thesis_revision_v43/stage_05b2/raw/S5B2-00148.summary.json,PLANNED
S5B2-00149,B0,B0,,H1;A1,CORE,20260230,500,independent_full_parallel,141000000000000.0,21.5,10000.0,600.0,0.42,homogeneous,2.0,0.0,0.0,disjoint_equal,23ebb33df6c483d1,04b5938143d95c77,4a173e9c1bcfbd6b,False,False,results/thesis_revision_v43/stage_05b2/raw/S5B2-00149.summary.json,PLANNED
S5B2-00150,B1,B1,,H1;A1,CORE,20260201,100,common_from_zero,141000000000000.0,21.5,10000.0,600.0,0.42,homogeneous,2.0,0.0,0.0,disjoint_equal,bcb2dbbb2b21651c,8a06b45eac823286,9182f585dcc31df8,False,True,results/thesis_revision_v43/stage_05b2/raw/S5B2-00150.summary.json,PLANNED
S5B2-00151,B1,B1,,H1;A1,CORE,20260202,100,common_from_zero,141000000000000.0,21.5,10000.0,600.0,0.42,homogeneous,2.0,0.0,0.0,disjoint_equal,2e182c7f86df2a93,e2c9f78a1047fe7c,9182f585dcc31df8,False,False,results/thesis_revision_v43/stage_05b2/raw/S5B2-00151.summary.json,PLANNED
S5B2-00152,B1,B1,,H1;A1,CORE,20260203,100,common_from_zero,141000000000000.0,21.5,10000.0,600.0,0.42,homogeneous,2.0,0.0,0.0,disjoint_equal,5d934dacfdeca1ba,5ecedd652387faeb,9182f585dcc31df8,False,False,results/thesis_revision_v43/stage_05b2/raw/S5B2-00152.summary.json,PLANNED
S5B2-00153,B1,B1,,H1;A1,CORE,20260204,100,common_from_zero,141000000000000.0,21.5,10000.0,600.0,0.42,homogeneous,2.0,0.0,0.0,disjoint_equal,e057318e56854d1d,33273eac1633527e,9182f585dcc31df8,False,False,results/thesis_revision_v43/stage_05b2/raw/S5B2-00153.summary.json,PLANNED
S5B2-00154,B1,B1,,H1;A1,CORE,20260205,100,common_from_zero,141000000000000.0,21.5,10000.0,600.0,0.42,homogeneous,2.0,0.0,0.0,disjoint_equal,d71ec0492980d0a2,5542f8050e703423,9182f585dcc31df8,False,False,results/thesis_revision_v43/stage_05b2/raw/S5B2-00154.summary.json,PLANNED
S5B2-00155,B1,B1,,H1;A1,CORE,20260206,100,common_from_zero,141000000000000.0,21.5,10000.0,600.0,0.42,homogeneous,2.0,0.0,0.0,disjoint_equal,94305482974508d4,7def92b259826f51,9182f585dcc31df8,False,False,results/thesis_revision_v43/stage_05b2/raw/S5B2-00155.summary.json,PLANNED
S5B2-00156,B1,B1,,H1;A1,CORE,20260207,100,common_from_zero,141000000000000.0,21.5,10000.0,600.0,0.42,homogeneous,2.0,0.0,0.0,disjoint_equal,6fb894104d0e4629,9f6438af4f70c750,9182f585dcc31df8,False,False,results/thesis_revision_v43/stage_05b2/raw/S5B2-00156.summary.json,PLANNED
S5B2-00157,B1,B1,,H1;A1,CORE,20260208,100,common_from_zero,141000000000000.0,21.5,10000.0,600.0,0.42,homogeneous,2.0,0.0,0.0,disjoint_equal,c01ca5bf9782d830,7f7c8c7be01d49aa,9182f585dcc31df8,False,False,results/thesis_revision_v43/stage_05b2/raw/S5B2-00157.summary.json,PLANNED
S5B2-00158,B1,B1,,H1;A1,CORE,20260209,100,common_from_zero,141000000000000.0,21.5,10000.0,600.0,0.42,homogeneous,2.0,0.0,0.0,disjoint_equal,90cdae307fe2ff7b,8d4bc0cb80f18288,9182f585dcc31df8,False,False,results/thesis_revision_v43/stage_05b2/raw/S5B2-00158.summary.json,PLANNED
S5B2-00159,B1,B1,,H1;A1,CORE,20260210,100,common_from_zero,141000000000000.0,21.5,10000.0,600.0,0.42,homogeneous,2.0,0.0,0.0,disjoint_equal,e930c07458618af4,701af51d74069dad,9182f585dcc31df8,False,False,results/thesis_revision_v43/stage_05b2/raw/S5B2-00159.summary.json,PLANNED
S5B2-00160,B1,B1,,H1;A1,CORE,20260211,100,common_from_zero,141000000000000.0,21.5,10000.0,600.0,0.42,homogeneous,2.0,0.0,0.0,disjoint_equal,3c0eddcaefe75bea,a37372dc41a738ce,9182f585dcc31df8,False,False,results/thesis_revision_v43/stage_05b2/raw/S5B2-00160.summary.json,PLANNED
S5B2-00161,B1,B1,,H1;A1,CORE,20260212,100,common_from_zero,141000000000000.0,21.5,10000.0,600.0,0.42,homogeneous,2.0,0.0,0.0,disjoint_equal,834def532f40f125,a9dee81086d147cb,9182f585dcc31df8,False,False,results/thesis_revision_v43/stage_05b2/raw/S5B2-00161.summary.json,PLANNED
S5B2-00162,B1,B1,,H1;A1,CORE,20260213,100,common_from_zero,141000000000000.0,21.5,10000.0,600.0,0.42,homogeneous,2.0,0.0,0.0,disjoint_equal,2e527e4266a4decf,0aefab3e0aae1b5b,9182f585dcc31df8,False,False,results/thesis_revision_v43/stage_05b2/raw/S5B2-00162.summary.json,PLANNED
S5B2-00163,B1,B1,,H1;A1,CORE,20260214,100,common_from_zero,141000000000000.0,21.5,10000.0,600.0,0.42,homogeneous,2.0,0.0,0.0,disjoint_equal,b77e5d0afe798e0b,7febd9a52bb5fb7b,9182f585dcc31df8,False,False,results/thesis_revision_v43/stage_05b2/raw/S5B2-00163.summary.json,PLANNED
S5B2-00164,B1,B1,,H1;A1,CORE,20260215,100,common_from_zero,141000000000000.0,21.5,10000.0,600.0,0.42,homogeneous,2.0,0.0,0.0,disjoint_equal,3d1dfc56218b29cb,18d721e2e086a79d,9182f585dcc31df8,False,False,results/thesis_revision_v43/stage_05b2/raw/S5B2-00164.summary.json,PLANNED
S5B2-00165,B1,B1,,H1;A1,CORE,20260216,100,common_from_zero,141000000000000.0,21.5,10000.0,600.0,0.42,homogeneous,2.0,0.0,0.0,disjoint_equal,72b5cf37436eb3f7,6b29f2c2973256a7,9182f585dcc31df8,False,False,results/thesis_revision_v43/stage_05b2/raw/S5B2-00165.summary.json,PLANNED
S5B2-00166,B1,B1,,H1;A1,CORE,20260217,100,common_from_zero,141000000000000.0,21.5,10000.0,600.0,0.42,homogeneous,2.0,0.0,0.0,disjoint_equal,43e2c2bcd7222653,5279dc7d86107e8b,9182f585dcc31df8,False,False,results/thesis_revision_v43/stage_05b2/raw/S5B2-00166.summary.json,PLANNED
S5B2-00167,B1,B1,,H1;A1,CORE,20260218,100,common_from_zero,141000000000000.0,21.5,10000.0,600.0,0.42,homogeneous,2.0,0.0,0.0,disjoint_equal,205848bf4de2dcce,5b624518a0431e1c,9182f585dcc31df8,False,False,results/thesis_revision_v43/stage_05b2/raw/S5B2-00167.summary.json,PLANNED
S5B2-00168,B1,B1,,H1;A1,CORE,20260219,100,common_from_zero,141000000000000.0,21.5,10000.0,600.0,0.42,homogeneous,2.0,0.0,0.0,disjoint_equal,437f06016bbdd7d4,31bcf822647c6a4a,9182f585dcc31df8,False,False,results/thesis_revision_v43/stage_05b2/raw/S5B2-00168.summary.json,PLANNED
S5B2-00169,B1,B1,,H1;A1,CORE,20260220,100,common_from_zero,141000000000000.0,21.5,10000.0,600.0,0.42,homogeneous,2.0,0.0,0.0,disjoint_equal,a1d2b44b94ef221b,2eb2e926e187c2a0,9182f585dcc31df8,False,False,results/thesis_revision_v43/stage_05b2/raw/S5B2-00169.summary.json,PLANNED
S5B2-00170,B1,B1,,H1;A1,CORE,20260221,100,common_from_zero,141000000000000.0,21.5,10000.0,600.0,0.42,homogeneous,2.0,0.0,0.0,disjoint_equal,8d8b7a40b868e557,9fcf89904a71a0f7,9182f585dcc31df8,False,False,results/thesis_revision_v43/stage_05b2/raw/S5B2-00170.summary.json,PLANNED
S5B2-00171,B1,B1,,H1;A1,CORE,20260222,100,common_from_zero,141000000000000.0,21.5,10000.0,600.0,0.42,homogeneous,2.0,0.0,0.0,disjoint_equal,c89769832ad9dec0,f8844f00c1ea6948,9182f585dcc31df8,False,False,results/thesis_revision_v43/stage_05b2/raw/S5B2-00171.summary.json,PLANNED
S5B2-00172,B1,B1,,H1;A1,CORE,20260223,100,common_from_zero,141000000000000.0,21.5,10000.0,600.0,0.42,homogeneous,2.0,0.0,0.0,disjoint_equal,92e8235f74d849fe,429c805faa5b50f3,9182f585dcc31df8,False,False,results/thesis_revision_v43/stage_05b2/raw/S5B2-00172.summary.json,PLANNED
S5B2-00173,B1,B1,,H1;A1,CORE,20260224,100,common_from_zero,141000000000000.0,21.5,10000.0,600.0,0.42,homogeneous,2.0,0.0,0.0,disjoint_equal,3091d20951a47e39,fdb9efb142d21e81,9182f585dcc31df8,False,False,results/thesis_revision_v43/stage_05b2/raw/S5B2-00173.summary.json,PLANNED
S5B2-00174,B1,B1,,H1;A1,CORE,20260225,100,common_from_zero,141000000000000.0,21.5,10000.0,600.0,0.42,homogeneous,2.0,0.0,0.0,disjoint_equal,d876d7869f3f29f0,a1e89f7d2b053bca,9182f585dcc31df8,False,False,results/thesis_revision_v43/stage_05b2/raw/S5B2-00174.summary.json,PLANNED
S5B2-00175,B1,B1,,H1;A1,CORE,20260226,100,common_from_zero,141000000000000.0,21.5,10000.0,600.0,0.42,homogeneous,2.0,0.0,0.0,disjoint_equal,d0b180c84c94a393,0bb66473dd975ac4,9182f585dcc31df8,False,False,results/thesis_revision_v43/stage_05b2/raw/S5B2-00175.summary.json,PLANNED
S5B2-00176,B1,B1,,H1;A1,CORE,20260227,100,common_from_zero,141000000000000.0,21.5,10000.0,600.0,0.42,homogeneous,2.0,0.0,0.0,disjoint_equal,6eb1b8406c1b6a65,383aed94464dbdbf,9182f585dcc31df8,False,False,results/thesis_revision_v43/stage_05b2/raw/S5B2-00176.summary.json,PLANNED
S5B2-00177,B1,B1,,H1;A1,CORE,20260228,100,common_from_zero,141000000000000.0,21.5,10000.0,600.0,0.42,homogeneous,2.0,0.0,0.0,disjoint_equal,dcbb5c6697dede91,205ccb80cb13989d,9182f585dcc31df8,False,False,results/thesis_revision_v43/stage_05b2/raw/S5B2-00177.summary.json,PLANNED
S5B2-00178,B1,B1,,H1;A1,CORE,20260229,100,common_from_zero,141000000000000.0,21.5,10000.0,600.0,0.42,homogeneous,2.0,0.0,0.0,disjoint_equal,99056bccf762e374,dec77ebbd5edfc8f,9182f585dcc31df8,False,False,results/thesis_revision_v43/stage_05b2/raw/S5B2-00178.summary.json,PLANNED
S5B2-00179,B1,B1,,H1;A1,CORE,20260230,100,common_from_zero,141000000000000.0,21.5,10000.0,600.0,0.42,homogeneous,2.0,0.0,0.0,disjoint_equal,d8f5a4bb68020dcc,b795d935c62f7a75,9182f585dcc31df8,False,False,results/thesis_revision_v43/stage_05b2/raw/S5B2-00179.summary.json,PLANNED
S5B2-00180,B1,B1,,H1;A1,CORE,20260201,200,common_from_zero,141000000000000.0,21.5,10000.0,600.0,0.42,homogeneous,2.0,0.0,0.0,disjoint_equal,97d96d1ba5b0eac7,9ced39ae5ce62a6d,af40327586c6323c,False,True,results/thesis_revision_v43/stage_05b2/raw/S5B2-00180.summary.json,PLANNED
S5B2-00181,B1,B1,,H1;A1,CORE,20260202,200,common_from_zero,141000000000000.0,21.5,10000.0,600.0,0.42,homogeneous,2.0,0.0,0.0,disjoint_equal,9d4335436e4525e3,e06b7721d547faee,af40327586c6323c,False,False,results/thesis_revision_v43/stage_05b2/raw/S5B2-00181.summary.json,PLANNED
S5B2-00182,B1,B1,,H1;A1,CORE,20260203,200,common_from_zero,141000000000000.0,21.5,10000.0,600.0,0.42,homogeneous,2.0,0.0,0.0,disjoint_equal,2ac6b9bdd0eb4919,8e022a16910496df,af40327586c6323c,False,False,results/thesis_revision_v43/stage_05b2/raw/S5B2-00182.summary.json,PLANNED
S5B2-00183,B1,B1,,H1;A1,CORE,20260204,200,common_from_zero,141000000000000.0,21.5,10000.0,600.0,0.42,homogeneous,2.0,0.0,0.0,disjoint_equal,3c3bb9dd3b5dd25d,b8ee7159770ff4e9,af40327586c6323c,False,False,results/thesis_revision_v43/stage_05b2/raw/S5B2-00183.summary.json,PLANNED
S5B2-00184,B1,B1,,H1;A1,CORE,20260205,200,common_from_zero,141000000000000.0,21.5,10000.0,600.0,0.42,homogeneous,2.0,0.0,0.0,disjoint_equal,9cac5cc21b132c43,35baca00a3c14d21,af40327586c6323c,False,False,results/thesis_revision_v43/stage_05b2/raw/S5B2-00184.summary.json,PLANNED
S5B2-00185,B1,B1,,H1;A1,CORE,20260206,200,common_from_zero,141000000000000.0,21.5,10000.0,600.0,0.42,homogeneous,2.0,0.0,0.0,disjoint_equal,78907079a452b0c8,c2a89c994ee4a10b,af40327586c6323c,False,False,results/thesis_revision_v43/stage_05b2/raw/S5B2-00185.summary.json,PLANNED
S5B2-00186,B1,B1,,H1;A1,CORE,20260207,200,common_from_zero,141000000000000.0,21.5,10000.0,600.0,0.42,homogeneous,2.0,0.0,0.0,disjoint_equal,fe13c8088e870f3f,113593f2407c4512,af40327586c6323c,False,False,results/thesis_revision_v43/stage_05b2/raw/S5B2-00186.summary.json,PLANNED
S5B2-00187,B1,B1,,H1;A1,CORE,20260208,200,common_from_zero,141000000000000.0,21.5,10000.0,600.0,0.42,homogeneous,2.0,0.0,0.0,disjoint_equal,b8596bc6f7fa9c57,d8675f78c2507a2b,af40327586c6323c,False,False,results/thesis_revision_v43/stage_05b2/raw/S5B2-00187.summary.json,PLANNED
S5B2-00188,B1,B1,,H1;A1,CORE,20260209,200,common_from_zero,141000000000000.0,21.5,10000.0,600.0,0.42,homogeneous,2.0,0.0,0.0,disjoint_equal,7fe31c219b166f1c,9c084e52c6a43753,af40327586c6323c,False,False,results/thesis_revision_v43/stage_05b2/raw/S5B2-00188.summary.json,PLANNED
S5B2-00189,B1,B1,,H1;A1,CORE,20260210,200,common_from_zero,141000000000000.0,21.5,10000.0,600.0,0.42,homogeneous,2.0,0.0,0.0,disjoint_equal,2c5a78c2700ab015,faa029b880c3f7f4,af40327586c6323c,False,False,results/thesis_revision_v43/stage_05b2/raw/S5B2-00189.summary.json,PLANNED
S5B2-00190,B1,B1,,H1;A1,CORE,20260211,200,common_from_zero,141000000000000.0,21.5,10000.0,600.0,0.42,homogeneous,2.0,0.0,0.0,disjoint_equal,23f29527b3c7c3ab,4643cd9cde8d42db,af40327586c6323c,False,False,results/thesis_revision_v43/stage_05b2/raw/S5B2-00190.summary.json,PLANNED
S5B2-00191,B1,B1,,H1;A1,CORE,20260212,200,common_from_zero,141000000000000.0,21.5,10000.0,600.0,0.42,homogeneous,2.0,0.0,0.0,disjoint_equal,f2f8bb44549c9b80,38243bc6329dae36,af40327586c6323c,False,False,results/thesis_revision_v43/stage_05b2/raw/S5B2-00191.summary.json,PLANNED
S5B2-00192,B1,B1,,H1;A1,CORE,20260213,200,common_from_zero,141000000000000.0,21.5,10000.0,600.0,0.42,homogeneous,2.0,0.0,0.0,disjoint_equal,3c53ad48b5dad518,44b5ced3aab2dac0,af40327586c6323c,False,False,results/thesis_revision_v43/stage_05b2/raw/S5B2-00192.summary.json,PLANNED
S5B2-00193,B1,B1,,H1;A1,CORE,20260214,200,common_from_zero,141000000000000.0,21.5,10000.0,600.0,0.42,homogeneous,2.0,0.0,0.0,disjoint_equal,b2bb77c463108421,2a6df1d1ded0e574,af40327586c6323c,False,False,results/thesis_revision_v43/stage_05b2/raw/S5B2-00193.summary.json,PLANNED
S5B2-00194,B1,B1,,H1;A1,CORE,20260215,200,common_from_zero,141000000000000.0,21.5,10000.0,600.0,0.42,homogeneous,2.0,0.0,0.0,disjoint_equal,22b39d4d47111daf,f6836854d1d57c95,af40327586c6323c,False,False,results/thesis_revision_v43/stage_05b2/raw/S5B2-00194.summary.json,PLANNED
S5B2-00195,B1,B1,,H1;A1,CORE,20260216,200,common_from_zero,141000000000000.0,21.5,10000.0,600.0,0.42,homogeneous,2.0,0.0,0.0,disjoint_equal,4b6b08c213a01a6f,4e39e68a00a18e2f,af40327586c6323c,False,False,results/thesis_revision_v43/stage_05b2/raw/S5B2-00195.summary.json,PLANNED
S5B2-00196,B1,B1,,H1;A1,CORE,20260217,200,common_from_zero,141000000000000.0,21.5,10000.0,600.0,0.42,homogeneous,2.0,0.0,0.0,disjoint_equal,38f76ef82d23ec8f,c45718c4e95580cf,af40327586c6323c,False,False,results/thesis_revision_v43/stage_05b2/raw/S5B2-00196.summary.json,PLANNED
S5B2-00197,B1,B1,,H1;A1,CORE,20260218,200,common_from_zero,141000000000000.0,21.5,10000.0,600.0,0.42,homogeneous,2.0,0.0,0.0,disjoint_equal,326653d919778df7,f7999b40a68ae14d,af40327586c6323c,False,False,results/thesis_revision_v43/stage_05b2/raw/S5B2-00197.summary.json,PLANNED
S5B2-00198,B1,B1,,H1;A1,CORE,20260219,200,common_from_zero,141000000000000.0,21.5,10000.0,600.0,0.42,homogeneous,2.0,0.0,0.0,disjoint_equal,65c61a7f5d9ac1c8,d936a6075bd5d0c2,af40327586c6323c,False,False,results/thesis_revision_v43/stage_05b2/raw/S5B2-00198.summary.json,PLANNED
S5B2-00199,B1,B1,,H1;A1,CORE,20260220,200,common_from_zero,141000000000000.0,21.5,10000.0,600.0,0.42,homogeneous,2.0,0.0,0.0,disjoint_equal,7e978425bd9e2efa,b153b04fde368706,af40327586c6323c,False,False,results/thesis_revision_v43/stage_05b2/raw/S5B2-00199.summary.json,PLANNED
S5B2-00200,B1,B1,,H1;A1,CORE,20260221,200,common_from_zero,141000000000000.0,21.5,10000.0,600.0,0.42,homogeneous,2.0,0.0,0.0,disjoint_equal,4f797b350153901e,b131cce23352488a,af40327586c6323c,False,True,results/thesis_revision_v43/stage_05b2/raw/S5B2-00200.summary.json,PLANNED
S5B2-00201,B1,B1,,H1;A1,CORE,20260222,200,common_from_zero,141000000000000.0,21.5,10000.0,600.0,0.42,homogeneous,2.0,0.0,0.0,disjoint_equal,3ba00b53021fe59e,6d1cd1a21d16064c,af40327586c6323c,False,False,results/thesis_revision_v43/stage_05b2/raw/S5B2-00201.summary.json,PLANNED
S5B2-00202,B1,B1,,H1;A1,CORE,20260223,200,common_from_zero,141000000000000.0,21.5,10000.0,600.0,0.42,homogeneous,2.0,0.0,0.0,disjoint_equal,dde386674b24dc1f,4a5dcac67e713087,af40327586c6323c,False,False,results/thesis_revision_v43/stage_05b2/raw/S5B2-00202.summary.json,PLANNED
S5B2-00203,B1,B1,,H1;A1,CORE,20260224,200,common_from_zero,141000000000000.0,21.5,10000.0,600.0,0.42,homogeneous,2.0,0.0,0.0,disjoint_equal,4d82dd88e424fb07,a34802b9a5b0dd4c,af40327586c6323c,False,False,results/thesis_revision_v43/stage_05b2/raw/S5B2-00203.summary.json,PLANNED
S5B2-00204,B1,B1,,H1;A1,CORE,20260225,200,common_from_zero,141000000000000.0,21.5,10000.0,600.0,0.42,homogeneous,2.0,0.0,0.0,disjoint_equal,3b7764ea6ddce52e,1a86c4db575659c0,af40327586c6323c,False,False,results/thesis_revision_v43/stage_05b2/raw/S5B2-00204.summary.json,PLANNED
S5B2-00205,B1,B1,,H1;A1,CORE,20260226,200,common_from_zero,141000000000000.0,21.5,10000.0,600.0,0.42,homogeneous,2.0,0.0,0.0,disjoint_equal,190d5ab8d37c7cc4,0ef5de037524e0f4,af40327586c6323c,False,False,results/thesis_revision_v43/stage_05b2/raw/S5B2-00205.summary.json,PLANNED
S5B2-00206,B1,B1,,H1;A1,CORE,20260227,200,common_from_zero,141000000000000.0,21.5,10000.0,600.0,0.42,homogeneous,2.0,0.0,0.0,disjoint_equal,09541ef330ba27b0,fbc74456816c941f,af40327586c6323c,False,False,results/thesis_revision_v43/stage_05b2/raw/S5B2-00206.summary.json,PLANNED
S5B2-00207,B1,B1,,H1;A1,CORE,20260228,200,common_from_zero,141000000000000.0,21.5,10000.0,600.0,0.42,homogeneous,2.0,0.0,0.0,disjoint_equal,c55af28064c1331e,5af4257f0cb1d386,af40327586c6323c,False,False,results/thesis_revision_v43/stage_05b2/raw/S5B2-00207.summary.json,PLANNED
S5B2-00208,B1,B1,,H1;A1,CORE,20260229,200,common_from_zero,141000000000000.0,21.5,10000.0,600.0,0.42,homogeneous,2.0,0.0,0.0,disjoint_equal,4a7625da4812b0b9,ef3d3677d2e82c9f,af40327586c6323c,False,False,results/thesis_revision_v43/stage_05b2/raw/S5B2-00208.summary.json,PLANNED
S5B2-00209,B1,B1,,H1;A1,CORE,20260230,200,common_from_zero,141000000000000.0,21.5,10000.0,600.0,0.42,homogeneous,2.0,0.0,0.0,disjoint_equal,6281ef4a1e6d56c5,83ff10f1bb4a5de9,af40327586c6323c,False,False,results/thesis_revision_v43/stage_05b2/raw/S5B2-00209.summary.json,PLANNED
S5B2-00210,B1,B1,,H1;A1,CORE,20260201,300,common_from_zero,141000000000000.0,21.5,10000.0,600.0,0.42,homogeneous,2.0,0.0,0.0,disjoint_equal,264f80f69f607a04,46b9951220b29aaa,99218a85bc53c68e,False,True,results/thesis_revision_v43/stage_05b2/raw/S5B2-00210.summary.json,PLANNED
S5B2-00211,B1,B1,,H1;A1,CORE,20260202,300,common_from_zero,141000000000000.0,21.5,10000.0,600.0,0.42,homogeneous,2.0,0.0,0.0,disjoint_equal,1887f6225199b519,2f92f2e7dbb442d2,99218a85bc53c68e,False,False,results/thesis_revision_v43/stage_05b2/raw/S5B2-00211.summary.json,PLANNED
S5B2-00212,B1,B1,,H1;A1,CORE,20260203,300,common_from_zero,141000000000000.0,21.5,10000.0,600.0,0.42,homogeneous,2.0,0.0,0.0,disjoint_equal,46d68c7a244ebd07,0760bd828103d8ff,99218a85bc53c68e,False,False,results/thesis_revision_v43/stage_05b2/raw/S5B2-00212.summary.json,PLANNED
S5B2-00213,B1,B1,,H1;A1,CORE,20260204,300,common_from_zero,141000000000000.0,21.5,10000.0,600.0,0.42,homogeneous,2.0,0.0,0.0,disjoint_equal,202aa486cdf8c92a,8cfa23048fc16418,99218a85bc53c68e,False,False,results/thesis_revision_v43/stage_05b2/raw/S5B2-00213.summary.json,PLANNED
S5B2-00214,B1,B1,,H1;A1,CORE,20260205,300,common_from_zero,141000000000000.0,21.5,10000.0,600.0,0.42,homogeneous,2.0,0.0,0.0,disjoint_equal,68c80b85636a816f,e8f334110e887d8e,99218a85bc53c68e,False,False,results/thesis_revision_v43/stage_05b2/raw/S5B2-00214.summary.json,PLANNED
S5B2-00215,B1,B1,,H1;A1,CORE,20260206,300,common_from_zero,141000000000000.0,21.5,10000.0,600.0,0.42,homogeneous,2.0,0.0,0.0,disjoint_equal,88c5ff4f50bc7119,0b2e628536368a0d,99218a85bc53c68e,False,False,results/thesis_revision_v43/stage_05b2/raw/S5B2-00215.summary.json,PLANNED
S5B2-00216,B1,B1,,H1;A1,CORE,20260207,300,common_from_zero,141000000000000.0,21.5,10000.0,600.0,0.42,homogeneous,2.0,0.0,0.0,disjoint_equal,6f60507b9dc3d205,4b27988015231195,99218a85bc53c68e,False,False,results/thesis_revision_v43/stage_05b2/raw/S5B2-00216.summary.json,PLANNED
S5B2-00217,B1,B1,,H1;A1,CORE,20260208,300,common_from_zero,141000000000000.0,21.5,10000.0,600.0,0.42,homogeneous,2.0,0.0,0.0,disjoint_equal,8e3c28af7627afe3,66f5ba6c48ef2d5f,99218a85bc53c68e,False,False,results/thesis_revision_v43/stage_05b2/raw/S5B2-00217.summary.json,PLANNED
S5B2-00218,B1,B1,,H1;A1,CORE,20260209,300,common_from_zero,141000000000000.0,21.5,10000.0,600.0,0.42,homogeneous,2.0,0.0,0.0,disjoint_equal,6b64bb621784f2c3,748e814ea258dea2,99218a85bc53c68e,False,False,results/thesis_revision_v43/stage_05b2/raw/S5B2-00218.summary.json,PLANNED
S5B2-00219,B1,B1,,H1;A1,CORE,20260210,300,common_from_zero,141000000000000.0,21.5,10000.0,600.0,0.42,homogeneous,2.0,0.0,0.0,disjoint_equal,e7b73323a691799c,8d40fcda3a6b6095,99218a85bc53c68e,False,False,results/thesis_revision_v43/stage_05b2/raw/S5B2-00219.summary.json,PLANNED
S5B2-00220,B1,B1,,H1;A1,CORE,20260211,300,common_from_zero,141000000000000.0,21.5,10000.0,600.0,0.42,homogeneous,2.0,0.0,0.0,disjoint_equal,ae3f658325aa9b77,2c1bc8d82931568c,99218a85bc53c68e,False,False,results/thesis_revision_v43/stage_05b2/raw/S5B2-00220.summary.json,PLANNED
S5B2-00221,B1,B1,,H1;A1,CORE,20260212,300,common_from_zero,141000000000000.0,21.5,10000.0,600.0,0.42,homogeneous,2.0,0.0,0.0,disjoint_equal,90922366f9cf65d2,7926eef09effda57,99218a85bc53c68e,False,False,results/thesis_revision_v43/stage_05b2/raw/S5B2-00221.summary.json,PLANNED
S5B2-00222,B1,B1,,H1;A1,CORE,20260213,300,common_from_zero,141000000000000.0,21.5,10000.0,600.0,0.42,homogeneous,2.0,0.0,0.0,disjoint_equal,403b64894f2d081f,fddb331b622b7915,99218a85bc53c68e,False,False,results/thesis_revision_v43/stage_05b2/raw/S5B2-00222.summary.json,PLANNED
S5B2-00223,B1,B1,,H1;A1,CORE,20260214,300,common_from_zero,141000000000000.0,21.5,10000.0,600.0,0.42,homogeneous,2.0,0.0,0.0,disjoint_equal,8fff81a73b5a543f,77bf985d573b2f77,99218a85bc53c68e,False,False,results/thesis_revision_v43/stage_05b2/raw/S5B2-00223.summary.json,PLANNED
S5B2-00224,B1,B1,,H1;A1,CORE,20260215,300,common_from_zero,141000000000000.0,21.5,10000.0,600.0,0.42,homogeneous,2.0,0.0,0.0,disjoint_equal,47455b984d898af4,f1782f80ab56e16f,99218a85bc53c68e,False,False,results/thesis_revision_v43/stage_05b2/raw/S5B2-00224.summary.json,PLANNED
S5B2-00225,B1,B1,,H1;A1,CORE,20260216,300,common_from_zero,141000000000000.0,21.5,10000.0,600.0,0.42,homogeneous,2.0,0.0,0.0,disjoint_equal,52c92dfd1f324734,155c4be93cd43f28,99218a85bc53c68e,False,False,results/thesis_revision_v43/stage_05b2/raw/S5B2-00225.summary.json,PLANNED
S5B2-00226,B1,B1,,H1;A1,CORE,20260217,300,common_from_zero,141000000000000.0,21.5,10000.0,600.0,0.42,homogeneous,2.0,0.0,0.0,disjoint_equal,8d297d8d1f54faf8,c236c7b5e5965515,99218a85bc53c68e,False,False,results/thesis_revision_v43/stage_05b2/raw/S5B2-00226.summary.json,PLANNED
S5B2-00227,B1,B1,,H1;A1,CORE,20260218,300,common_from_zero,141000000000000.0,21.5,10000.0,600.0,0.42,homogeneous,2.0,0.0,0.0,disjoint_equal,49e8735bb004f743,4b7956ead090fddd,99218a85bc53c68e,False,False,results/thesis_revision_v43/stage_05b2/raw/S5B2-00227.summary.json,PLANNED
S5B2-00228,B1,B1,,H1;A1,CORE,20260219,300,common_from_zero,141000000000000.0,21.5,10000.0,600.0,0.42,homogeneous,2.0,0.0,0.0,disjoint_equal,215fedbd96415019,3e2913a6924bde9a,99218a85bc53c68e,False,False,results/thesis_revision_v43/stage_05b2/raw/S5B2-00228.summary.json,PLANNED
S5B2-00229,B1,B1,,H1;A1,CORE,20260220,300,common_from_zero,141000000000000.0,21.5,10000.0,600.0,0.42,homogeneous,2.0,0.0,0.0,disjoint_equal,4d025db09aa09130,87b8a499111e13e7,99218a85bc53c68e,False,False,results/thesis_revision_v43/stage_05b2/raw/S5B2-00229.summary.json,PLANNED
S5B2-00230,B1,B1,,H1;A1,CORE,20260221,300,common_from_zero,141000000000000.0,21.5,10000.0,600.0,0.42,homogeneous,2.0,0.0,0.0,disjoint_equal,dff0d528c8828688,ea7c556f84a3c7fc,99218a85bc53c68e,False,False,results/thesis_revision_v43/stage_05b2/raw/S5B2-00230.summary.json,PLANNED
S5B2-00231,B1,B1,,H1;A1,CORE,20260222,300,common_from_zero,141000000000000.0,21.5,10000.0,600.0,0.42,homogeneous,2.0,0.0,0.0,disjoint_equal,c30c3724326540b0,c5731ecb2de53cbd,99218a85bc53c68e,False,False,results/thesis_revision_v43/stage_05b2/raw/S5B2-00231.summary.json,PLANNED
S5B2-00232,B1,B1,,H1;A1,CORE,20260223,300,common_from_zero,141000000000000.0,21.5,10000.0,600.0,0.42,homogeneous,2.0,0.0,0.0,disjoint_equal,20113f56c7485872,6d4635bffcf4e975,99218a85bc53c68e,False,False,results/thesis_revision_v43/stage_05b2/raw/S5B2-00232.summary.json,PLANNED
S5B2-00233,B1,B1,,H1;A1,CORE,20260224,300,common_from_zero,141000000000000.0,21.5,10000.0,600.0,0.42,homogeneous,2.0,0.0,0.0,disjoint_equal,688855002a233caf,850df07d892f5d40,99218a85bc53c68e,False,False,results/thesis_revision_v43/stage_05b2/raw/S5B2-00233.summary.json,PLANNED
S5B2-00234,B1,B1,,H1;A1,CORE,20260225,300,common_from_zero,141000000000000.0,21.5,10000.0,600.0,0.42,homogeneous,2.0,0.0,0.0,disjoint_equal,571c6c329ac1bf4b,7e2c9a19561bd3cb,99218a85bc53c68e,False,False,results/thesis_revision_v43/stage_05b2/raw/S5B2-00234.summary.json,PLANNED
S5B2-00235,B1,B1,,H1;A1,CORE,20260226,300,common_from_zero,141000000000000.0,21.5,10000.0,600.0,0.42,homogeneous,2.0,0.0,0.0,disjoint_equal,99f7b139f592af4a,9b62f210892a723f,99218a85bc53c68e,False,False,results/thesis_revision_v43/stage_05b2/raw/S5B2-00235.summary.json,PLANNED
S5B2-00236,B1,B1,,H1;A1,CORE,20260227,300,common_from_zero,141000000000000.0,21.5,10000.0,600.0,0.42,homogeneous,2.0,0.0,0.0,disjoint_equal,37f6a9e68e07b875,355717d82aaedd49,99218a85bc53c68e,False,False,results/thesis_revision_v43/stage_05b2/raw/S5B2-00236.summary.json,PLANNED
S5B2-00237,B1,B1,,H1;A1,CORE,20260228,300,common_from_zero,141000000000000.0,21.5,10000.0,600.0,0.42,homogeneous,2.0,0.0,0.0,disjoint_equal,a4a8d76f7c8ca786,f70dfcc8ff59777c,99218a85bc53c68e,False,False,results/thesis_revision_v43/stage_05b2/raw/S5B2-00237.summary.json,PLANNED
S5B2-00238,B1,B1,,H1;A1,CORE,20260229,300,common_from_zero,141000000000000.0,21.5,10000.0,600.0,0.42,homogeneous,2.0,0.0,0.0,disjoint_equal,29f946dff9955e0b,f2c97fd85845c1e6,99218a85bc53c68e,False,False,results/thesis_revision_v43/stage_05b2/raw/S5B2-00238.summary.json,PLANNED
S5B2-00239,B1,B1,,H1;A1,CORE,20260230,300,common_from_zero,141000000000000.0,21.5,10000.0,600.0,0.42,homogeneous,2.0,0.0,0.0,disjoint_equal,b142ce2dbff6f7f4,9fdacc07b97addc1,99218a85bc53c68e,False,False,results/thesis_revision_v43/stage_05b2/raw/S5B2-00239.summary.json,PLANNED
S5B2-00240,B1,B1,,H1;A1,CORE,20260201,400,common_from_zero,141000000000000.0,21.5,10000.0,600.0,0.42,homogeneous,2.0,0.0,0.0,disjoint_equal,e7769abeef80f03f,c1e0c016f589949c,6d3ddcc7ff53d973,False,True,results/thesis_revision_v43/stage_05b2/raw/S5B2-00240.summary.json,PLANNED
S5B2-00241,B1,B1,,H1;A1,CORE,20260202,400,common_from_zero,141000000000000.0,21.5,10000.0,600.0,0.42,homogeneous,2.0,0.0,0.0,disjoint_equal,c9f97058a9005d5e,43772194918201b1,6d3ddcc7ff53d973,False,False,results/thesis_revision_v43/stage_05b2/raw/S5B2-00241.summary.json,PLANNED
S5B2-00242,B1,B1,,H1;A1,CORE,20260203,400,common_from_zero,141000000000000.0,21.5,10000.0,600.0,0.42,homogeneous,2.0,0.0,0.0,disjoint_equal,fab120afa01673d2,5d5a7255036f0023,6d3ddcc7ff53d973,False,False,results/thesis_revision_v43/stage_05b2/raw/S5B2-00242.summary.json,PLANNED
S5B2-00243,B1,B1,,H1;A1,CORE,20260204,400,common_from_zero,141000000000000.0,21.5,10000.0,600.0,0.42,homogeneous,2.0,0.0,0.0,disjoint_equal,7bcf5d8173413e53,b6deab62b13e505e,6d3ddcc7ff53d973,False,False,results/thesis_revision_v43/stage_05b2/raw/S5B2-00243.summary.json,PLANNED
S5B2-00244,B1,B1,,H1;A1,CORE,20260205,400,common_from_zero,141000000000000.0,21.5,10000.0,600.0,0.42,homogeneous,2.0,0.0,0.0,disjoint_equal,106d46f65ed2ee3d,b028f325540a56d2,6d3ddcc7ff53d973,False,False,results/thesis_revision_v43/stage_05b2/raw/S5B2-00244.summary.json,PLANNED
S5B2-00245,B1,B1,,H1;A1,CORE,20260206,400,common_from_zero,141000000000000.0,21.5,10000.0,600.0,0.42,homogeneous,2.0,0.0,0.0,disjoint_equal,4e5fd9f8b9af5ce8,8ae38453d23583d7,6d3ddcc7ff53d973,False,False,results/thesis_revision_v43/stage_05b2/raw/S5B2-00245.summary.json,PLANNED
S5B2-00246,B1,B1,,H1;A1,CORE,20260207,400,common_from_zero,141000000000000.0,21.5,10000.0,600.0,0.42,homogeneous,2.0,0.0,0.0,disjoint_equal,9de8ae7c9cb814f5,9b354202d77cec5e,6d3ddcc7ff53d973,False,False,results/thesis_revision_v43/stage_05b2/raw/S5B2-00246.summary.json,PLANNED
S5B2-00247,B1,B1,,H1;A1,CORE,20260208,400,common_from_zero,141000000000000.0,21.5,10000.0,600.0,0.42,homogeneous,2.0,0.0,0.0,disjoint_equal,330f82c5dad718bb,eec57e44d1794a03,6d3ddcc7ff53d973,False,False,results/thesis_revision_v43/stage_05b2/raw/S5B2-00247.summary.json,PLANNED
S5B2-00248,B1,B1,,H1;A1,CORE,20260209,400,common_from_zero,141000000000000.0,21.5,10000.0,600.0,0.42,homogeneous,2.0,0.0,0.0,disjoint_equal,f899da54b83dd0ab,8d52eba90020d01a,6d3ddcc7ff53d973,False,False,results/thesis_revision_v43/stage_05b2/raw/S5B2-00248.summary.json,PLANNED
S5B2-00249,B1,B1,,H1;A1,CORE,20260210,400,common_from_zero,141000000000000.0,21.5,10000.0,600.0,0.42,homogeneous,2.0,0.0,0.0,disjoint_equal,b49f85aa9b6f1813,8c7287f48b5e8c8e,6d3ddcc7ff53d973,False,False,results/thesis_revision_v43/stage_05b2/raw/S5B2-00249.summary.json,PLANNED
S5B2-00250,B1,B1,,H1;A1,CORE,20260211,400,common_from_zero,141000000000000.0,21.5,10000.0,600.0,0.42,homogeneous,2.0,0.0,0.0,disjoint_equal,acbae687b4987e78,e645740d2b1cac1d,6d3ddcc7ff53d973,False,False,results/thesis_revision_v43/stage_05b2/raw/S5B2-00250.summary.json,PLANNED
S5B2-00251,B1,B1,,H1;A1,CORE,20260212,400,common_from_zero,141000000000000.0,21.5,10000.0,600.0,0.42,homogeneous,2.0,0.0,0.0,disjoint_equal,c94cd89826751865,83f68792a06be7e5,6d3ddcc7ff53d973,False,False,results/thesis_revision_v43/stage_05b2/raw/S5B2-00251.summary.json,PLANNED
S5B2-00252,B1,B1,,H1;A1,CORE,20260213,400,common_from_zero,141000000000000.0,21.5,10000.0,600.0,0.42,homogeneous,2.0,0.0,0.0,disjoint_equal,aa0f8381e97c81aa,d36aec0019be0dbc,6d3ddcc7ff53d973,False,False,results/thesis_revision_v43/stage_05b2/raw/S5B2-00252.summary.json,PLANNED
S5B2-00253,B1,B1,,H1;A1,CORE,20260214,400,common_from_zero,141000000000000.0,21.5,10000.0,600.0,0.42,homogeneous,2.0,0.0,0.0,disjoint_equal,8f7c3d497cbf53ea,698b4ef7098ffe24,6d3ddcc7ff53d973,False,False,results/thesis_revision_v43/stage_05b2/raw/S5B2-00253.summary.json,PLANNED
S5B2-00254,B1,B1,,H1;A1,CORE,20260215,400,common_from_zero,141000000000000.0,21.5,10000.0,600.0,0.42,homogeneous,2.0,0.0,0.0,disjoint_equal,d6895dca3eb45814,8d33a6ffb4d7791d,6d3ddcc7ff53d973,False,False,results/thesis_revision_v43/stage_05b2/raw/S5B2-00254.summary.json,PLANNED
S5B2-00255,B1,B1,,H1;A1,CORE,20260216,400,common_from_zero,141000000000000.0,21.5,10000.0,600.0,0.42,homogeneous,2.0,0.0,0.0,disjoint_equal,47e0b2f9b244d51e,3357a0f45860b7a9,6d3ddcc7ff53d973,False,False,results/thesis_revision_v43/stage_05b2/raw/S5B2-00255.summary.json,PLANNED
S5B2-00256,B1,B1,,H1;A1,CORE,20260217,400,common_from_zero,141000000000000.0,21.5,10000.0,600.0,0.42,homogeneous,2.0,0.0,0.0,disjoint_equal,8fd654ba99949e84,8fa595edf475d1be,6d3ddcc7ff53d973,False,False,results/thesis_revision_v43/stage_05b2/raw/S5B2-00256.summary.json,PLANNED
S5B2-00257,B1,B1,,H1;A1,CORE,20260218,400,common_from_zero,141000000000000.0,21.5,10000.0,600.0,0.42,homogeneous,2.0,0.0,0.0,disjoint_equal,e5d655d80ceae6bd,92bb9f84e585893c,6d3ddcc7ff53d973,False,False,results/thesis_revision_v43/stage_05b2/raw/S5B2-00257.summary.json,PLANNED
S5B2-00258,B1,B1,,H1;A1,CORE,20260219,400,common_from_zero,141000000000000.0,21.5,10000.0,600.0,0.42,homogeneous,2.0,0.0,0.0,disjoint_equal,4aad8c48bb7c0240,0c497259acc20ddd,6d3ddcc7ff53d973,False,False,results/thesis_revision_v43/stage_05b2/raw/S5B2-00258.summary.json,PLANNED
S5B2-00259,B1,B1,,H1;A1,CORE,20260220,400,common_from_zero,141000000000000.0,21.5,10000.0,600.0,0.42,homogeneous,2.0,0.0,0.0,disjoint_equal,5bc4570cb5b8540d,19db70e5fe3b126b,6d3ddcc7ff53d973,False,False,results/thesis_revision_v43/stage_05b2/raw/S5B2-00259.summary.json,PLANNED
S5B2-00260,B1,B1,,H1;A1,CORE,20260221,400,common_from_zero,141000000000000.0,21.5,10000.0,600.0,0.42,homogeneous,2.0,0.0,0.0,disjoint_equal,370d70f8a5d48c35,d7e732801ca28223,6d3ddcc7ff53d973,False,False,results/thesis_revision_v43/stage_05b2/raw/S5B2-00260.summary.json,PLANNED
S5B2-00261,B1,B1,,H1;A1,CORE,20260222,400,common_from_zero,141000000000000.0,21.5,10000.0,600.0,0.42,homogeneous,2.0,0.0,0.0,disjoint_equal,15c364cf66d22252,43cc0728735e27ef,6d3ddcc7ff53d973,False,False,results/thesis_revision_v43/stage_05b2/raw/S5B2-00261.summary.json,PLANNED
S5B2-00262,B1,B1,,H1;A1,CORE,20260223,400,common_from_zero,141000000000000.0,21.5,10000.0,600.0,0.42,homogeneous,2.0,0.0,0.0,disjoint_equal,0c560b9532c79ea2,8ca839dca812af76,6d3ddcc7ff53d973,False,False,results/thesis_revision_v43/stage_05b2/raw/S5B2-00262.summary.json,PLANNED
S5B2-00263,B1,B1,,H1;A1,CORE,20260224,400,common_from_zero,141000000000000.0,21.5,10000.0,600.0,0.42,homogeneous,2.0,0.0,0.0,disjoint_equal,94c0eaf393d36c66,83e77e94f6b0d325,6d3ddcc7ff53d973,False,False,results/thesis_revision_v43/stage_05b2/raw/S5B2-00263.summary.json,PLANNED
S5B2-00264,B1,B1,,H1;A1,CORE,20260225,400,common_from_zero,141000000000000.0,21.5,10000.0,600.0,0.42,homogeneous,2.0,0.0,0.0,disjoint_equal,efb2632938cb6c8d,c79e5bd7586eeee4,6d3ddcc7ff53d973,False,False,results/thesis_revision_v43/stage_05b2/raw/S5B2-00264.summary.json,PLANNED
S5B2-00265,B1,B1,,H1;A1,CORE,20260226,400,common_from_zero,141000000000000.0,21.5,10000.0,600.0,0.42,homogeneous,2.0,0.0,0.0,disjoint_equal,5e4021f766b229bd,4727c742b627e240,6d3ddcc7ff53d973,False,False,results/thesis_revision_v43/stage_05b2/raw/S5B2-00265.summary.json,PLANNED
S5B2-00266,B1,B1,,H1;A1,CORE,20260227,400,common_from_zero,141000000000000.0,21.5,10000.0,600.0,0.42,homogeneous,2.0,0.0,0.0,disjoint_equal,3a7717cb176e05f3,8e57bd992d786396,6d3ddcc7ff53d973,False,False,results/thesis_revision_v43/stage_05b2/raw/S5B2-00266.summary.json,PLANNED
S5B2-00267,B1,B1,,H1;A1,CORE,20260228,400,common_from_zero,141000000000000.0,21.5,10000.0,600.0,0.42,homogeneous,2.0,0.0,0.0,disjoint_equal,2ca30f52d69dcfc3,487709646ae314e4,6d3ddcc7ff53d973,False,False,results/thesis_revision_v43/stage_05b2/raw/S5B2-00267.summary.json,PLANNED
S5B2-00268,B1,B1,,H1;A1,CORE,20260229,400,common_from_zero,141000000000000.0,21.5,10000.0,600.0,0.42,homogeneous,2.0,0.0,0.0,disjoint_equal,ff0b7c5acc138a7d,b050000c11eb44e2,6d3ddcc7ff53d973,False,False,results/thesis_revision_v43/stage_05b2/raw/S5B2-00268.summary.json,PLANNED
S5B2-00269,B1,B1,,H1;A1,CORE,20260230,400,common_from_zero,141000000000000.0,21.5,10000.0,600.0,0.42,homogeneous,2.0,0.0,0.0,disjoint_equal,371d7b6d3f1b1e9a,b55081b23f245249,6d3ddcc7ff53d973,False,False,results/thesis_revision_v43/stage_05b2/raw/S5B2-00269.summary.json,PLANNED
S5B2-00270,B1,B1,,H1;A1,CORE,20260201,500,common_from_zero,141000000000000.0,21.5,10000.0,600.0,0.42,homogeneous,2.0,0.0,0.0,disjoint_equal,8cab9c434ba56f69,195fbbb323679336,87a6bb146c499500,False,True,results/thesis_revision_v43/stage_05b2/raw/S5B2-00270.summary.json,PLANNED
S5B2-00271,B1,B1,,H1;A1,CORE,20260202,500,common_from_zero,141000000000000.0,21.5,10000.0,600.0,0.42,homogeneous,2.0,0.0,0.0,disjoint_equal,4024aaeca0546f12,b8e51648c0f111cd,87a6bb146c499500,False,False,results/thesis_revision_v43/stage_05b2/raw/S5B2-00271.summary.json,PLANNED
S5B2-00272,B1,B1,,H1;A1,CORE,20260203,500,common_from_zero,141000000000000.0,21.5,10000.0,600.0,0.42,homogeneous,2.0,0.0,0.0,disjoint_equal,3082e26158e277ef,8ad0776bc3303a17,87a6bb146c499500,False,False,results/thesis_revision_v43/stage_05b2/raw/S5B2-00272.summary.json,PLANNED
S5B2-00273,B1,B1,,H1;A1,CORE,20260204,500,common_from_zero,141000000000000.0,21.5,10000.0,600.0,0.42,homogeneous,2.0,0.0,0.0,disjoint_equal,71a98c9d8fd95fef,427aad5ad094f463,87a6bb146c499500,False,False,results/thesis_revision_v43/stage_05b2/raw/S5B2-00273.summary.json,PLANNED
S5B2-00274,B1,B1,,H1;A1,CORE,20260205,500,common_from_zero,141000000000000.0,21.5,10000.0,600.0,0.42,homogeneous,2.0,0.0,0.0,disjoint_equal,d41b1b7f3b719bc6,255ad581a2035619,87a6bb146c499500,False,False,results/thesis_revision_v43/stage_05b2/raw/S5B2-00274.summary.json,PLANNED
S5B2-00275,B1,B1,,H1;A1,CORE,20260206,500,common_from_zero,141000000000000.0,21.5,10000.0,600.0,0.42,homogeneous,2.0,0.0,0.0,disjoint_equal,655a502252d07fcf,65db656ad600b7fa,87a6bb146c499500,False,False,results/thesis_revision_v43/stage_05b2/raw/S5B2-00275.summary.json,PLANNED
S5B2-00276,B1,B1,,H1;A1,CORE,20260207,500,common_from_zero,141000000000000.0,21.5,10000.0,600.0,0.42,homogeneous,2.0,0.0,0.0,disjoint_equal,a37d301d9dec4b48,7608d135de1ba847,87a6bb146c499500,False,False,results/thesis_revision_v43/stage_05b2/raw/S5B2-00276.summary.json,PLANNED
S5B2-00277,B1,B1,,H1;A1,CORE,20260208,500,common_from_zero,141000000000000.0,21.5,10000.0,600.0,0.42,homogeneous,2.0,0.0,0.0,disjoint_equal,a185818467a88eff,ea1536aa90ca165f,87a6bb146c499500,False,False,results/thesis_revision_v43/stage_05b2/raw/S5B2-00277.summary.json,PLANNED
S5B2-00278,B1,B1,,H1;A1,CORE,20260209,500,common_from_zero,141000000000000.0,21.5,10000.0,600.0,0.42,homogeneous,2.0,0.0,0.0,disjoint_equal,05af807ce69290c2,86c52bb4c091687b,87a6bb146c499500,False,False,results/thesis_revision_v43/stage_05b2/raw/S5B2-00278.summary.json,PLANNED
S5B2-00279,B1,B1,,H1;A1,CORE,20260210,500,common_from_zero,141000000000000.0,21.5,10000.0,600.0,0.42,homogeneous,2.0,0.0,0.0,disjoint_equal,536eb446ceabd461,a4bf046cb72ffbd3,87a6bb146c499500,False,False,results/thesis_revision_v43/stage_05b2/raw/S5B2-00279.summary.json,PLANNED
S5B2-00280,B1,B1,,H1;A1,CORE,20260211,500,common_from_zero,141000000000000.0,21.5,10000.0,600.0,0.42,homogeneous,2.0,0.0,0.0,disjoint_equal,d2fc19bf517e0247,7cc241674725cb50,87a6bb146c499500,False,False,results/thesis_revision_v43/stage_05b2/raw/S5B2-00280.summary.json,PLANNED
S5B2-00281,B1,B1,,H1;A1,CORE,20260212,500,common_from_zero,141000000000000.0,21.5,10000.0,600.0,0.42,homogeneous,2.0,0.0,0.0,disjoint_equal,16bb805a33496aa0,4b38a5fe7bf47652,87a6bb146c499500,False,False,results/thesis_revision_v43/stage_05b2/raw/S5B2-00281.summary.json,PLANNED
S5B2-00282,B1,B1,,H1;A1,CORE,20260213,500,common_from_zero,141000000000000.0,21.5,10000.0,600.0,0.42,homogeneous,2.0,0.0,0.0,disjoint_equal,7af81576a27f8d1b,be640c7a45922d49,87a6bb146c499500,False,False,results/thesis_revision_v43/stage_05b2/raw/S5B2-00282.summary.json,PLANNED
S5B2-00283,B1,B1,,H1;A1,CORE,20260214,500,common_from_zero,141000000000000.0,21.5,10000.0,600.0,0.42,homogeneous,2.0,0.0,0.0,disjoint_equal,b17008e2c42048e3,24ae41ce4d3c292f,87a6bb146c499500,False,False,results/thesis_revision_v43/stage_05b2/raw/S5B2-00283.summary.json,PLANNED
S5B2-00284,B1,B1,,H1;A1,CORE,20260215,500,common_from_zero,141000000000000.0,21.5,10000.0,600.0,0.42,homogeneous,2.0,0.0,0.0,disjoint_equal,e4e419438c37e94d,b7d55aaffeada3f4,87a6bb146c499500,False,False,results/thesis_revision_v43/stage_05b2/raw/S5B2-00284.summary.json,PLANNED
S5B2-00285,B1,B1,,H1;A1,CORE,20260216,500,common_from_zero,141000000000000.0,21.5,10000.0,600.0,0.42,homogeneous,2.0,0.0,0.0,disjoint_equal,e14ed44b22bf5ba1,f2b7c7eb43ff6a62,87a6bb146c499500,False,False,results/thesis_revision_v43/stage_05b2/raw/S5B2-00285.summary.json,PLANNED
S5B2-00286,B1,B1,,H1;A1,CORE,20260217,500,common_from_zero,141000000000000.0,21.5,10000.0,600.0,0.42,homogeneous,2.0,0.0,0.0,disjoint_equal,f3c837005f196ead,4998ef495042813b,87a6bb146c499500,False,False,results/thesis_revision_v43/stage_05b2/raw/S5B2-00286.summary.json,PLANNED
S5B2-00287,B1,B1,,H1;A1,CORE,20260218,500,common_from_zero,141000000000000.0,21.5,10000.0,600.0,0.42,homogeneous,2.0,0.0,0.0,disjoint_equal,152d99f4d53c20fe,3a4232424343e828,87a6bb146c499500,False,False,results/thesis_revision_v43/stage_05b2/raw/S5B2-00287.summary.json,PLANNED
S5B2-00288,B1,B1,,H1;A1,CORE,20260219,500,common_from_zero,141000000000000.0,21.5,10000.0,600.0,0.42,homogeneous,2.0,0.0,0.0,disjoint_equal,1b31e94d6875ea65,05a676a5bd50aa13,87a6bb146c499500,False,False,results/thesis_revision_v43/stage_05b2/raw/S5B2-00288.summary.json,PLANNED
S5B2-00289,B1,B1,,H1;A1,CORE,20260220,500,common_from_zero,141000000000000.0,21.5,10000.0,600.0,0.42,homogeneous,2.0,0.0,0.0,disjoint_equal,03c400f4fac3a1ea,fd0bb38403171b09,87a6bb146c499500,False,False,results/thesis_revision_v43/stage_05b2/raw/S5B2-00289.summary.json,PLANNED
S5B2-00290,B1,B1,,H1;A1,CORE,20260221,500,common_from_zero,141000000000000.0,21.5,10000.0,600.0,0.42,homogeneous,2.0,0.0,0.0,disjoint_equal,b0cf9112fc067e7d,2b88ed2e8c000be7,87a6bb146c499500,False,False,results/thesis_revision_v43/stage_05b2/raw/S5B2-00290.summary.json,PLANNED
S5B2-00291,B1,B1,,H1;A1,CORE,20260222,500,common_from_zero,141000000000000.0,21.5,10000.0,600.0,0.42,homogeneous,2.0,0.0,0.0,disjoint_equal,cb768a97b70a13c8,3b4b5a257801df0f,87a6bb146c499500,False,False,results/thesis_revision_v43/stage_05b2/raw/S5B2-00291.summary.json,PLANNED
S5B2-00292,B1,B1,,H1;A1,CORE,20260223,500,common_from_zero,141000000000000.0,21.5,10000.0,600.0,0.42,homogeneous,2.0,0.0,0.0,disjoint_equal,23d05ab353c2430b,95d8df346f2b1398,87a6bb146c499500,False,False,results/thesis_revision_v43/stage_05b2/raw/S5B2-00292.summary.json,PLANNED
S5B2-00293,B1,B1,,H1;A1,CORE,20260224,500,common_from_zero,141000000000000.0,21.5,10000.0,600.0,0.42,homogeneous,2.0,0.0,0.0,disjoint_equal,540126b1aedd7d7e,42310529c400e222,87a6bb146c499500,False,False,results/thesis_revision_v43/stage_05b2/raw/S5B2-00293.summary.json,PLANNED
S5B2-00294,B1,B1,,H1;A1,CORE,20260225,500,common_from_zero,141000000000000.0,21.5,10000.0,600.0,0.42,homogeneous,2.0,0.0,0.0,disjoint_equal,9ec3f6ad3f09a7bd,9ffc4a36a3c63a17,87a6bb146c499500,False,False,results/thesis_revision_v43/stage_05b2/raw/S5B2-00294.summary.json,PLANNED
S5B2-00295,B1,B1,,H1;A1,CORE,20260226,500,common_from_zero,141000000000000.0,21.5,10000.0,600.0,0.42,homogeneous,2.0,0.0,0.0,disjoint_equal,f70a92bf9f3fe28f,f8c9bb3f10d98077,87a6bb146c499500,False,False,results/thesis_revision_v43/stage_05b2/raw/S5B2-00295.summary.json,PLANNED
S5B2-00296,B1,B1,,H1;A1,CORE,20260227,500,common_from_zero,141000000000000.0,21.5,10000.0,600.0,0.42,homogeneous,2.0,0.0,0.0,disjoint_equal,afb61cfd62cd21a3,92316e91d7623c7f,87a6bb146c499500,False,False,results/thesis_revision_v43/stage_05b2/raw/S5B2-00296.summary.json,PLANNED
S5B2-00297,B1,B1,,H1;A1,CORE,20260228,500,common_from_zero,141000000000000.0,21.5,10000.0,600.0,0.42,homogeneous,2.0,0.0,0.0,disjoint_equal,58da1e873fa6300b,4c4eae5568afa53f,87a6bb146c499500,False,False,results/thesis_revision_v43/stage_05b2/raw/S5B2-00297.summary.json,PLANNED
S5B2-00298,B1,B1,,H1;A1,CORE,20260229,500,common_from_zero,141000000000000.0,21.5,10000.0,600.0,0.42,homogeneous,2.0,0.0,0.0,disjoint_equal,29c793f2140dbbf9,a3dceb4e3c1f018a,87a6bb146c499500,False,False,results/thesis_revision_v43/stage_05b2/raw/S5B2-00298.summary.json,PLANNED
S5B2-00299,B1,B1,,H1;A1,CORE,20260230,500,common_from_zero,141000000000000.0,21.5,10000.0,600.0,0.42,homogeneous,2.0,0.0,0.0,disjoint_equal,4d1885cf024f30b1,5c782df4257eab72,87a6bb146c499500,False,False,results/thesis_revision_v43/stage_05b2/raw/S5B2-00299.summary.json,PLANNED
S5B2-00300,B2,B2,,H1;A1,CORE,20260201,100,common_random_start,141000000000000.0,21.5,10000.0,600.0,0.42,homogeneous,2.0,0.0,0.0,disjoint_equal,fa1b8209883f8933,07c1559f95e28757,d09fb461022aac36,False,True,results/thesis_revision_v43/stage_05b2/raw/S5B2-00300.summary.json,PLANNED
S5B2-00301,B2,B2,,H1;A1,CORE,20260202,100,common_random_start,141000000000000.0,21.5,10000.0,600.0,0.42,homogeneous,2.0,0.0,0.0,disjoint_equal,44efd7bc9a267ccd,35c441941202900f,d09fb461022aac36,False,False,results/thesis_revision_v43/stage_05b2/raw/S5B2-00301.summary.json,PLANNED
S5B2-00302,B2,B2,,H1;A1,CORE,20260203,100,common_random_start,141000000000000.0,21.5,10000.0,600.0,0.42,homogeneous,2.0,0.0,0.0,disjoint_equal,c631899a8ade389d,9ea317ae948ca15a,d09fb461022aac36,False,False,results/thesis_revision_v43/stage_05b2/raw/S5B2-00302.summary.json,PLANNED
S5B2-00303,B2,B2,,H1;A1,CORE,20260204,100,common_random_start,141000000000000.0,21.5,10000.0,600.0,0.42,homogeneous,2.0,0.0,0.0,disjoint_equal,d63ccac1f2c904ef,c9733cc9438b40a3,d09fb461022aac36,False,False,results/thesis_revision_v43/stage_05b2/raw/S5B2-00303.summary.json,PLANNED
S5B2-00304,B2,B2,,H1;A1,CORE,20260205,100,common_random_start,141000000000000.0,21.5,10000.0,600.0,0.42,homogeneous,2.0,0.0,0.0,disjoint_equal,08875bbe66ed3b01,c65f6b6b0e0b6dc8,d09fb461022aac36,False,False,results/thesis_revision_v43/stage_05b2/raw/S5B2-00304.summary.json,PLANNED
S5B2-00305,B2,B2,,H1;A1,CORE,20260206,100,common_random_start,141000000000000.0,21.5,10000.0,600.0,0.42,homogeneous,2.0,0.0,0.0,disjoint_equal,7f4eb144f0b7d164,53bdf5f910328bdf,d09fb461022aac36,False,False,results/thesis_revision_v43/stage_05b2/raw/S5B2-00305.summary.json,PLANNED
S5B2-00306,B2,B2,,H1;A1,CORE,20260207,100,common_random_start,141000000000000.0,21.5,10000.0,600.0,0.42,homogeneous,2.0,0.0,0.0,disjoint_equal,abbf715b610e45d7,5d5aede9cc980751,d09fb461022aac36,False,False,results/thesis_revision_v43/stage_05b2/raw/S5B2-00306.summary.json,PLANNED
S5B2-00307,B2,B2,,H1;A1,CORE,20260208,100,common_random_start,141000000000000.0,21.5,10000.0,600.0,0.42,homogeneous,2.0,0.0,0.0,disjoint_equal,c26437eee18899f0,f09d6e814c8802d8,d09fb461022aac36,False,False,results/thesis_revision_v43/stage_05b2/raw/S5B2-00307.summary.json,PLANNED
S5B2-00308,B2,B2,,H1;A1,CORE,20260209,100,common_random_start,141000000000000.0,21.5,10000.0,600.0,0.42,homogeneous,2.0,0.0,0.0,disjoint_equal,2d9a84c5c3096c0d,665290d57c010d0e,d09fb461022aac36,False,False,results/thesis_revision_v43/stage_05b2/raw/S5B2-00308.summary.json,PLANNED
S5B2-00309,B2,B2,,H1;A1,CORE,20260210,100,common_random_start,141000000000000.0,21.5,10000.0,600.0,0.42,homogeneous,2.0,0.0,0.0,disjoint_equal,90eb31b56c4ed07f,f8f994f14f396a27,d09fb461022aac36,False,False,results/thesis_revision_v43/stage_05b2/raw/S5B2-00309.summary.json,PLANNED
S5B2-00310,B2,B2,,H1;A1,CORE,20260211,100,common_random_start,141000000000000.0,21.5,10000.0,600.0,0.42,homogeneous,2.0,0.0,0.0,disjoint_equal,31cc2c2241505c6b,27836db8ab4534a3,d09fb461022aac36,False,False,results/thesis_revision_v43/stage_05b2/raw/S5B2-00310.summary.json,PLANNED
S5B2-00311,B2,B2,,H1;A1,CORE,20260212,100,common_random_start,141000000000000.0,21.5,10000.0,600.0,0.42,homogeneous,2.0,0.0,0.0,disjoint_equal,2ac3e3f910f8ebc7,ae0d7ac8bcc092c4,d09fb461022aac36,False,False,results/thesis_revision_v43/stage_05b2/raw/S5B2-00311.summary.json,PLANNED
S5B2-00312,B2,B2,,H1;A1,CORE,20260213,100,common_random_start,141000000000000.0,21.5,10000.0,600.0,0.42,homogeneous,2.0,0.0,0.0,disjoint_equal,90d88d1ad1964bb9,3515de5c71bb2e42,d09fb461022aac36,False,False,results/thesis_revision_v43/stage_05b2/raw/S5B2-00312.summary.json,PLANNED
S5B2-00313,B2,B2,,H1;A1,CORE,20260214,100,common_random_start,141000000000000.0,21.5,10000.0,600.0,0.42,homogeneous,2.0,0.0,0.0,disjoint_equal,f94aa00c104f5044,6319636792365bac,d09fb461022aac36,False,False,results/thesis_revision_v43/stage_05b2/raw/S5B2-00313.summary.json,PLANNED
S5B2-00314,B2,B2,,H1;A1,CORE,20260215,100,common_random_start,141000000000000.0,21.5,10000.0,600.0,0.42,homogeneous,2.0,0.0,0.0,disjoint_equal,c06117b43de608cb,d76a63adb6e5c1e1,d09fb461022aac36,False,False,results/thesis_revision_v43/stage_05b2/raw/S5B2-00314.summary.json,PLANNED
S5B2-00315,B2,B2,,H1;A1,CORE,20260216,100,common_random_start,141000000000000.0,21.5,10000.0,600.0,0.42,homogeneous,2.0,0.0,0.0,disjoint_equal,d5f3f96a1be93286,01d6bae72d842ce1,d09fb461022aac36,False,False,results/thesis_revision_v43/stage_05b2/raw/S5B2-00315.summary.json,PLANNED
S5B2-00316,B2,B2,,H1;A1,CORE,20260217,100,common_random_start,141000000000000.0,21.5,10000.0,600.0,0.42,homogeneous,2.0,0.0,0.0,disjoint_equal,7ac8214a5f7aae4b,24daca9ed068a31d,d09fb461022aac36,False,False,results/thesis_revision_v43/stage_05b2/raw/S5B2-00316.summary.json,PLANNED
S5B2-00317,B2,B2,,H1;A1,CORE,20260218,100,common_random_start,141000000000000.0,21.5,10000.0,600.0,0.42,homogeneous,2.0,0.0,0.0,disjoint_equal,5d5c8967d1196d41,db418c9561416fd8,d09fb461022aac36,False,False,results/thesis_revision_v43/stage_05b2/raw/S5B2-00317.summary.json,PLANNED
S5B2-00318,B2,B2,,H1;A1,CORE,20260219,100,common_random_start,141000000000000.0,21.5,10000.0,600.0,0.42,homogeneous,2.0,0.0,0.0,disjoint_equal,42d6d4992ecce3f1,f2cc152ace4b7241,d09fb461022aac36,False,False,results/thesis_revision_v43/stage_05b2/raw/S5B2-00318.summary.json,PLANNED
S5B2-00319,B2,B2,,H1;A1,CORE,20260220,100,common_random_start,141000000000000.0,21.5,10000.0,600.0,0.42,homogeneous,2.0,0.0,0.0,disjoint_equal,bf045a8725ab72e2,8440c5e38d468dd0,d09fb461022aac36,False,False,results/thesis_revision_v43/stage_05b2/raw/S5B2-00319.summary.json,PLANNED
S5B2-00320,B2,B2,,H1;A1,CORE,20260221,100,common_random_start,141000000000000.0,21.5,10000.0,600.0,0.42,homogeneous,2.0,0.0,0.0,disjoint_equal,cedf89c6f9360569,b971aabee4f09ef1,d09fb461022aac36,False,False,results/thesis_revision_v43/stage_05b2/raw/S5B2-00320.summary.json,PLANNED
S5B2-00321,B2,B2,,H1;A1,CORE,20260222,100,common_random_start,141000000000000.0,21.5,10000.0,600.0,0.42,homogeneous,2.0,0.0,0.0,disjoint_equal,732e9a151b9ce28a,166316fe48ddaf89,d09fb461022aac36,False,False,results/thesis_revision_v43/stage_05b2/raw/S5B2-00321.summary.json,PLANNED
S5B2-00322,B2,B2,,H1;A1,CORE,20260223,100,common_random_start,141000000000000.0,21.5,10000.0,600.0,0.42,homogeneous,2.0,0.0,0.0,disjoint_equal,6c11f7ff1d25f7db,5ee7fd52e998aa5d,d09fb461022aac36,False,False,results/thesis_revision_v43/stage_05b2/raw/S5B2-00322.summary.json,PLANNED
S5B2-00323,B2,B2,,H1;A1,CORE,20260224,100,common_random_start,141000000000000.0,21.5,10000.0,600.0,0.42,homogeneous,2.0,0.0,0.0,disjoint_equal,fd05dcbeb3759e2e,e427482c78b4c968,d09fb461022aac36,False,False,results/thesis_revision_v43/stage_05b2/raw/S5B2-00323.summary.json,PLANNED
S5B2-00324,B2,B2,,H1;A1,CORE,20260225,100,common_random_start,141000000000000.0,21.5,10000.0,600.0,0.42,homogeneous,2.0,0.0,0.0,disjoint_equal,ff8e26672b87dda8,9679daf5e2683ec7,d09fb461022aac36,False,False,results/thesis_revision_v43/stage_05b2/raw/S5B2-00324.summary.json,PLANNED
S5B2-00325,B2,B2,,H1;A1,CORE,20260226,100,common_random_start,141000000000000.0,21.5,10000.0,600.0,0.42,homogeneous,2.0,0.0,0.0,disjoint_equal,95526fbc63c49c7b,6680e8f5ed01cb17,d09fb461022aac36,False,False,results/thesis_revision_v43/stage_05b2/raw/S5B2-00325.summary.json,PLANNED
S5B2-00326,B2,B2,,H1;A1,CORE,20260227,100,common_random_start,141000000000000.0,21.5,10000.0,600.0,0.42,homogeneous,2.0,0.0,0.0,disjoint_equal,ffcd8f2abd352368,33eddeeaa2080d77,d09fb461022aac36,False,False,results/thesis_revision_v43/stage_05b2/raw/S5B2-00326.summary.json,PLANNED
S5B2-00327,B2,B2,,H1;A1,CORE,20260228,100,common_random_start,141000000000000.0,21.5,10000.0,600.0,0.42,homogeneous,2.0,0.0,0.0,disjoint_equal,ec0c1d5f47493449,2cc690140c69715f,d09fb461022aac36,False,False,results/thesis_revision_v43/stage_05b2/raw/S5B2-00327.summary.json,PLANNED
S5B2-00328,B2,B2,,H1;A1,CORE,20260229,100,common_random_start,141000000000000.0,21.5,10000.0,600.0,0.42,homogeneous,2.0,0.0,0.0,disjoint_equal,6c27933765ee9f42,4ddc722167207c29,d09fb461022aac36,False,False,results/thesis_revision_v43/stage_05b2/raw/S5B2-00328.summary.json,PLANNED
S5B2-00329,B2,B2,,H1;A1,CORE,20260230,100,common_random_start,141000000000000.0,21.5,10000.0,600.0,0.42,homogeneous,2.0,0.0,0.0,disjoint_equal,4cb3cd8985d067f9,8dfde06bcd379e30,d09fb461022aac36,False,False,results/thesis_revision_v43/stage_05b2/raw/S5B2-00329.summary.json,PLANNED
S5B2-00330,B2,B2,,H1;A1,CORE,20260201,200,common_random_start,141000000000000.0,21.5,10000.0,600.0,0.42,homogeneous,2.0,0.0,0.0,disjoint_equal,1a03d0eac9ceb1f3,8d9692c98122b943,27574d7d59755208,False,True,results/thesis_revision_v43/stage_05b2/raw/S5B2-00330.summary.json,PLANNED
S5B2-00331,B2,B2,,H1;A1,CORE,20260202,200,common_random_start,141000000000000.0,21.5,10000.0,600.0,0.42,homogeneous,2.0,0.0,0.0,disjoint_equal,3644e73685ccc2c5,32a2615e2328ac97,27574d7d59755208,False,False,results/thesis_revision_v43/stage_05b2/raw/S5B2-00331.summary.json,PLANNED
S5B2-00332,B2,B2,,H1;A1,CORE,20260203,200,common_random_start,141000000000000.0,21.5,10000.0,600.0,0.42,homogeneous,2.0,0.0,0.0,disjoint_equal,fddfd42c2ab7ace5,011983c7f2d65bb6,27574d7d59755208,False,False,results/thesis_revision_v43/stage_05b2/raw/S5B2-00332.summary.json,PLANNED
S5B2-00333,B2,B2,,H1;A1,CORE,20260204,200,common_random_start,141000000000000.0,21.5,10000.0,600.0,0.42,homogeneous,2.0,0.0,0.0,disjoint_equal,571e29a579523ed9,fba7af150ab9ce0a,27574d7d59755208,False,False,results/thesis_revision_v43/stage_05b2/raw/S5B2-00333.summary.json,PLANNED
S5B2-00334,B2,B2,,H1;A1,CORE,20260205,200,common_random_start,141000000000000.0,21.5,10000.0,600.0,0.42,homogeneous,2.0,0.0,0.0,disjoint_equal,aa0fc78132b5eb1c,f18b7fc0138c4085,27574d7d59755208,False,False,results/thesis_revision_v43/stage_05b2/raw/S5B2-00334.summary.json,PLANNED
S5B2-00335,B2,B2,,H1;A1,CORE,20260206,200,common_random_start,141000000000000.0,21.5,10000.0,600.0,0.42,homogeneous,2.0,0.0,0.0,disjoint_equal,b6c5026d45c4ae7f,250349c8346e73a0,27574d7d59755208,False,False,results/thesis_revision_v43/stage_05b2/raw/S5B2-00335.summary.json,PLANNED
S5B2-00336,B2,B2,,H1;A1,CORE,20260207,200,common_random_start,141000000000000.0,21.5,10000.0,600.0,0.42,homogeneous,2.0,0.0,0.0,disjoint_equal,5b7a0281fe68f6df,f0a844d959d5760e,27574d7d59755208,False,False,results/thesis_revision_v43/stage_05b2/raw/S5B2-00336.summary.json,PLANNED
S5B2-00337,B2,B2,,H1;A1,CORE,20260208,200,common_random_start,141000000000000.0,21.5,10000.0,600.0,0.42,homogeneous,2.0,0.0,0.0,disjoint_equal,f774ec66940ba7f8,6e055735b909c4f6,27574d7d59755208,False,False,results/thesis_revision_v43/stage_05b2/raw/S5B2-00337.summary.json,PLANNED
S5B2-00338,B2,B2,,H1;A1,CORE,20260209,200,common_random_start,141000000000000.0,21.5,10000.0,600.0,0.42,homogeneous,2.0,0.0,0.0,disjoint_equal,60c7e135f4661d4e,149425cdc1202993,27574d7d59755208,False,False,results/thesis_revision_v43/stage_05b2/raw/S5B2-00338.summary.json,PLANNED
S5B2-00339,B2,B2,,H1;A1,CORE,20260210,200,common_random_start,141000000000000.0,21.5,10000.0,600.0,0.42,homogeneous,2.0,0.0,0.0,disjoint_equal,a8bc07f9879fb490,c6c5a10b17333561,27574d7d59755208,False,False,results/thesis_revision_v43/stage_05b2/raw/S5B2-00339.summary.json,PLANNED
S5B2-00340,B2,B2,,H1;A1,CORE,20260211,200,common_random_start,141000000000000.0,21.5,10000.0,600.0,0.42,homogeneous,2.0,0.0,0.0,disjoint_equal,26be9e31261788f6,f6e0220cdc0ae4f9,27574d7d59755208,False,False,results/thesis_revision_v43/stage_05b2/raw/S5B2-00340.summary.json,PLANNED
S5B2-00341,B2,B2,,H1;A1,CORE,20260212,200,common_random_start,141000000000000.0,21.5,10000.0,600.0,0.42,homogeneous,2.0,0.0,0.0,disjoint_equal,0ac26191bcac7a71,2fd9b0585b03b2f6,27574d7d59755208,False,False,results/thesis_revision_v43/stage_05b2/raw/S5B2-00341.summary.json,PLANNED
S5B2-00342,B2,B2,,H1;A1,CORE,20260213,200,common_random_start,141000000000000.0,21.5,10000.0,600.0,0.42,homogeneous,2.0,0.0,0.0,disjoint_equal,17495fc52c892531,b9cbc5a201d6c3aa,27574d7d59755208,False,False,results/thesis_revision_v43/stage_05b2/raw/S5B2-00342.summary.json,PLANNED
S5B2-00343,B2,B2,,H1;A1,CORE,20260214,200,common_random_start,141000000000000.0,21.5,10000.0,600.0,0.42,homogeneous,2.0,0.0,0.0,disjoint_equal,72a2307cc261c8c0,83fb176a608c7e39,27574d7d59755208,False,False,results/thesis_revision_v43/stage_05b2/raw/S5B2-00343.summary.json,PLANNED
S5B2-00344,B2,B2,,H1;A1,CORE,20260215,200,common_random_start,141000000000000.0,21.5,10000.0,600.0,0.42,homogeneous,2.0,0.0,0.0,disjoint_equal,203e4cd265ecea20,852f385cd2bc1774,27574d7d59755208,False,False,results/thesis_revision_v43/stage_05b2/raw/S5B2-00344.summary.json,PLANNED
S5B2-00345,B2,B2,,H1;A1,CORE,20260216,200,common_random_start,141000000000000.0,21.5,10000.0,600.0,0.42,homogeneous,2.0,0.0,0.0,disjoint_equal,8f7365e4b7723b27,1724c93ef895b620,27574d7d59755208,False,False,results/thesis_revision_v43/stage_05b2/raw/S5B2-00345.summary.json,PLANNED
S5B2-00346,B2,B2,,H1;A1,CORE,20260217,200,common_random_start,141000000000000.0,21.5,10000.0,600.0,0.42,homogeneous,2.0,0.0,0.0,disjoint_equal,10470be3067e6476,d56d3e83b447c042,27574d7d59755208,False,False,results/thesis_revision_v43/stage_05b2/raw/S5B2-00346.summary.json,PLANNED
S5B2-00347,B2,B2,,H1;A1,CORE,20260218,200,common_random_start,141000000000000.0,21.5,10000.0,600.0,0.42,homogeneous,2.0,0.0,0.0,disjoint_equal,fa72eb44e68e71b4,8a46edc7e1878ab7,27574d7d59755208,False,False,results/thesis_revision_v43/stage_05b2/raw/S5B2-00347.summary.json,PLANNED
S5B2-00348,B2,B2,,H1;A1,CORE,20260219,200,common_random_start,141000000000000.0,21.5,10000.0,600.0,0.42,homogeneous,2.0,0.0,0.0,disjoint_equal,3c05f70a8dc7fd02,2f683681d1b51f2c,27574d7d59755208,False,False,results/thesis_revision_v43/stage_05b2/raw/S5B2-00348.summary.json,PLANNED
S5B2-00349,B2,B2,,H1;A1,CORE,20260220,200,common_random_start,141000000000000.0,21.5,10000.0,600.0,0.42,homogeneous,2.0,0.0,0.0,disjoint_equal,86a906b46a412c6d,cc7068ef781530c7,27574d7d59755208,False,False,results/thesis_revision_v43/stage_05b2/raw/S5B2-00349.summary.json,PLANNED
S5B2-00350,B2,B2,,H1;A1,CORE,20260221,200,common_random_start,141000000000000.0,21.5,10000.0,600.0,0.42,homogeneous,2.0,0.0,0.0,disjoint_equal,79d9b8324c657bbb,d043a86cd81e5268,27574d7d59755208,False,False,results/thesis_revision_v43/stage_05b2/raw/S5B2-00350.summary.json,PLANNED
S5B2-00351,B2,B2,,H1;A1,CORE,20260222,200,common_random_start,141000000000000.0,21.5,10000.0,600.0,0.42,homogeneous,2.0,0.0,0.0,disjoint_equal,d2338158671fb7bb,bc165f933b777bee,27574d7d59755208,False,False,results/thesis_revision_v43/stage_05b2/raw/S5B2-00351.summary.json,PLANNED
S5B2-00352,B2,B2,,H1;A1,CORE,20260223,200,common_random_start,141000000000000.0,21.5,10000.0,600.0,0.42,homogeneous,2.0,0.0,0.0,disjoint_equal,7d984dd716722b3b,51add1b4b0a11c8d,27574d7d59755208,False,False,results/thesis_revision_v43/stage_05b2/raw/S5B2-00352.summary.json,PLANNED
S5B2-00353,B2,B2,,H1;A1,CORE,20260224,200,common_random_start,141000000000000.0,21.5,10000.0,600.0,0.42,homogeneous,2.0,0.0,0.0,disjoint_equal,d4b8524429c20c12,dec348cdb5af0b83,27574d7d59755208,False,False,results/thesis_revision_v43/stage_05b2/raw/S5B2-00353.summary.json,PLANNED
S5B2-00354,B2,B2,,H1;A1,CORE,20260225,200,common_random_start,141000000000000.0,21.5,10000.0,600.0,0.42,homogeneous,2.0,0.0,0.0,disjoint_equal,40dc18075cdd06f4,8a769c4f97da1016,27574d7d59755208,False,False,results/thesis_revision_v43/stage_05b2/raw/S5B2-00354.summary.json,PLANNED
S5B2-00355,B2,B2,,H1;A1,CORE,20260226,200,common_random_start,141000000000000.0,21.5,10000.0,600.0,0.42,homogeneous,2.0,0.0,0.0,disjoint_equal,449061fde97ed25b,ed2d18fca980cc95,27574d7d59755208,False,False,results/thesis_revision_v43/stage_05b2/raw/S5B2-00355.summary.json,PLANNED
S5B2-00356,B2,B2,,H1;A1,CORE,20260227,200,common_random_start,141000000000000.0,21.5,10000.0,600.0,0.42,homogeneous,2.0,0.0,0.0,disjoint_equal,dbd9a0194610e39b,5c756cef9c3df20f,27574d7d59755208,False,False,results/thesis_revision_v43/stage_05b2/raw/S5B2-00356.summary.json,PLANNED
S5B2-00357,B2,B2,,H1;A1,CORE,20260228,200,common_random_start,141000000000000.0,21.5,10000.0,600.0,0.42,homogeneous,2.0,0.0,0.0,disjoint_equal,9c8dd6217356d0f8,a40b74b44e2cf555,27574d7d59755208,False,False,results/thesis_revision_v43/stage_05b2/raw/S5B2-00357.summary.json,PLANNED
S5B2-00358,B2,B2,,H1;A1,CORE,20260229,200,common_random_start,141000000000000.0,21.5,10000.0,600.0,0.42,homogeneous,2.0,0.0,0.0,disjoint_equal,b7c00d8bbdfa827c,ddfb8a35e307bdcf,27574d7d59755208,False,False,results/thesis_revision_v43/stage_05b2/raw/S5B2-00358.summary.json,PLANNED
S5B2-00359,B2,B2,,H1;A1,CORE,20260230,200,common_random_start,141000000000000.0,21.5,10000.0,600.0,0.42,homogeneous,2.0,0.0,0.0,disjoint_equal,c314c23e14a44c9d,247e311de22ab310,27574d7d59755208,False,False,results/thesis_revision_v43/stage_05b2/raw/S5B2-00359.summary.json,PLANNED
S5B2-00360,B2,B2,,H1;A1,CORE,20260201,300,common_random_start,141000000000000.0,21.5,10000.0,600.0,0.42,homogeneous,2.0,0.0,0.0,disjoint_equal,7095744cadb4aff9,c5dc72ff7c2206b0,7d53f6721b133371,False,True,results/thesis_revision_v43/stage_05b2/raw/S5B2-00360.summary.json,PLANNED
S5B2-00361,B2,B2,,H1;A1,CORE,20260202,300,common_random_start,141000000000000.0,21.5,10000.0,600.0,0.42,homogeneous,2.0,0.0,0.0,disjoint_equal,661dea6e865a9286,116a631199e78710,7d53f6721b133371,False,False,results/thesis_revision_v43/stage_05b2/raw/S5B2-00361.summary.json,PLANNED
S5B2-00362,B2,B2,,H1;A1,CORE,20260203,300,common_random_start,141000000000000.0,21.5,10000.0,600.0,0.42,homogeneous,2.0,0.0,0.0,disjoint_equal,4aa095c34c102fb3,b6ac202766a2396c,7d53f6721b133371,False,False,results/thesis_revision_v43/stage_05b2/raw/S5B2-00362.summary.json,PLANNED
S5B2-00363,B2,B2,,H1;A1,CORE,20260204,300,common_random_start,141000000000000.0,21.5,10000.0,600.0,0.42,homogeneous,2.0,0.0,0.0,disjoint_equal,3d6fbc29d14264d1,83ac7acfa5ab4b2f,7d53f6721b133371,False,False,results/thesis_revision_v43/stage_05b2/raw/S5B2-00363.summary.json,PLANNED
S5B2-00364,B2,B2,,H1;A1,CORE,20260205,300,common_random_start,141000000000000.0,21.5,10000.0,600.0,0.42,homogeneous,2.0,0.0,0.0,disjoint_equal,036c65bdc650125f,824153d419079f6c,7d53f6721b133371,False,False,results/thesis_revision_v43/stage_05b2/raw/S5B2-00364.summary.json,PLANNED
S5B2-00365,B2,B2,,H1;A1,CORE,20260206,300,common_random_start,141000000000000.0,21.5,10000.0,600.0,0.42,homogeneous,2.0,0.0,0.0,disjoint_equal,79bc937a314852fd,4c27ec830b948422,7d53f6721b133371,False,False,results/thesis_revision_v43/stage_05b2/raw/S5B2-00365.summary.json,PLANNED
S5B2-00366,B2,B2,,H1;A1,CORE,20260207,300,common_random_start,141000000000000.0,21.5,10000.0,600.0,0.42,homogeneous,2.0,0.0,0.0,disjoint_equal,146493af1251c57a,f31c6d7412636317,7d53f6721b133371,False,False,results/thesis_revision_v43/stage_05b2/raw/S5B2-00366.summary.json,PLANNED
S5B2-00367,B2,B2,,H1;A1,CORE,20260208,300,common_random_start,141000000000000.0,21.5,10000.0,600.0,0.42,homogeneous,2.0,0.0,0.0,disjoint_equal,9d10a602e594afde,0a89aa806b1edd03,7d53f6721b133371,False,False,results/thesis_revision_v43/stage_05b2/raw/S5B2-00367.summary.json,PLANNED
S5B2-00368,B2,B2,,H1;A1,CORE,20260209,300,common_random_start,141000000000000.0,21.5,10000.0,600.0,0.42,homogeneous,2.0,0.0,0.0,disjoint_equal,e7584af38c5858b0,6550f300ac62822b,7d53f6721b133371,False,False,results/thesis_revision_v43/stage_05b2/raw/S5B2-00368.summary.json,PLANNED
S5B2-00369,B2,B2,,H1;A1,CORE,20260210,300,common_random_start,141000000000000.0,21.5,10000.0,600.0,0.42,homogeneous,2.0,0.0,0.0,disjoint_equal,5e8e084edad76acd,4188b3beef50e24b,7d53f6721b133371,False,False,results/thesis_revision_v43/stage_05b2/raw/S5B2-00369.summary.json,PLANNED
S5B2-00370,B2,B2,,H1;A1,CORE,20260211,300,common_random_start,141000000000000.0,21.5,10000.0,600.0,0.42,homogeneous,2.0,0.0,0.0,disjoint_equal,af88f8e8959a310f,abef75f5d317da00,7d53f6721b133371,False,False,results/thesis_revision_v43/stage_05b2/raw/S5B2-00370.summary.json,PLANNED
S5B2-00371,B2,B2,,H1;A1,CORE,20260212,300,common_random_start,141000000000000.0,21.5,10000.0,600.0,0.42,homogeneous,2.0,0.0,0.0,disjoint_equal,d148bdd6c7617cad,fb334bbda876e977,7d53f6721b133371,False,False,results/thesis_revision_v43/stage_05b2/raw/S5B2-00371.summary.json,PLANNED
S5B2-00372,B2,B2,,H1;A1,CORE,20260213,300,common_random_start,141000000000000.0,21.5,10000.0,600.0,0.42,homogeneous,2.0,0.0,0.0,disjoint_equal,6479b6adf93ce67a,63f366ec225cd72e,7d53f6721b133371,False,False,results/thesis_revision_v43/stage_05b2/raw/S5B2-00372.summary.json,PLANNED
S5B2-00373,B2,B2,,H1;A1,CORE,20260214,300,common_random_start,141000000000000.0,21.5,10000.0,600.0,0.42,homogeneous,2.0,0.0,0.0,disjoint_equal,d9b45f3a3d4b0e80,9a61084f6e9942b7,7d53f6721b133371,False,False,results/thesis_revision_v43/stage_05b2/raw/S5B2-00373.summary.json,PLANNED
S5B2-00374,B2,B2,,H1;A1,CORE,20260215,300,common_random_start,141000000000000.0,21.5,10000.0,600.0,0.42,homogeneous,2.0,0.0,0.0,disjoint_equal,eec59c4e59d07ec7,ce85281f48dc9d6f,7d53f6721b133371,False,False,results/thesis_revision_v43/stage_05b2/raw/S5B2-00374.summary.json,PLANNED
S5B2-00375,B2,B2,,H1;A1,CORE,20260216,300,common_random_start,141000000000000.0,21.5,10000.0,600.0,0.42,homogeneous,2.0,0.0,0.0,disjoint_equal,343f7700c2fd6942,a29547e1def0c56c,7d53f6721b133371,False,False,results/thesis_revision_v43/stage_05b2/raw/S5B2-00375.summary.json,PLANNED
S5B2-00376,B2,B2,,H1;A1,CORE,20260217,300,common_random_start,141000000000000.0,21.5,10000.0,600.0,0.42,homogeneous,2.0,0.0,0.0,disjoint_equal,901ec8ad4d090dac,3ab9a20763707175,7d53f6721b133371,False,False,results/thesis_revision_v43/stage_05b2/raw/S5B2-00376.summary.json,PLANNED
S5B2-00377,B2,B2,,H1;A1,CORE,20260218,300,common_random_start,141000000000000.0,21.5,10000.0,600.0,0.42,homogeneous,2.0,0.0,0.0,disjoint_equal,e8d0975a8546ba34,7ad2e298822cb4f7,7d53f6721b133371,False,False,results/thesis_revision_v43/stage_05b2/raw/S5B2-00377.summary.json,PLANNED
S5B2-00378,B2,B2,,H1;A1,CORE,20260219,300,common_random_start,141000000000000.0,21.5,10000.0,600.0,0.42,homogeneous,2.0,0.0,0.0,disjoint_equal,7ebedce575482d03,d402022937fd1349,7d53f6721b133371,False,False,results/thesis_revision_v43/stage_05b2/raw/S5B2-00378.summary.json,PLANNED
S5B2-00379,B2,B2,,H1;A1,CORE,20260220,300,common_random_start,141000000000000.0,21.5,10000.0,600.0,0.42,homogeneous,2.0,0.0,0.0,disjoint_equal,789ce541758a5353,7363c55f6fdeb601,7d53f6721b133371,False,False,results/thesis_revision_v43/stage_05b2/raw/S5B2-00379.summary.json,PLANNED
S5B2-00380,B2,B2,,H1;A1,CORE,20260221,300,common_random_start,141000000000000.0,21.5,10000.0,600.0,0.42,homogeneous,2.0,0.0,0.0,disjoint_equal,bbda55f38da6f264,5f6247e1117a59d3,7d53f6721b133371,False,False,results/thesis_revision_v43/stage_05b2/raw/S5B2-00380.summary.json,PLANNED
S5B2-00381,B2,B2,,H1;A1,CORE,20260222,300,common_random_start,141000000000000.0,21.5,10000.0,600.0,0.42,homogeneous,2.0,0.0,0.0,disjoint_equal,39f952eb7c1a3fc3,4ccb73c0e33b27c5,7d53f6721b133371,False,False,results/thesis_revision_v43/stage_05b2/raw/S5B2-00381.summary.json,PLANNED
S5B2-00382,B2,B2,,H1;A1,CORE,20260223,300,common_random_start,141000000000000.0,21.5,10000.0,600.0,0.42,homogeneous,2.0,0.0,0.0,disjoint_equal,362b1cd377714ae3,8b83a3ce3fa20a5f,7d53f6721b133371,False,False,results/thesis_revision_v43/stage_05b2/raw/S5B2-00382.summary.json,PLANNED
S5B2-00383,B2,B2,,H1;A1,CORE,20260224,300,common_random_start,141000000000000.0,21.5,10000.0,600.0,0.42,homogeneous,2.0,0.0,0.0,disjoint_equal,4f9e290bea0fe85c,711936a05a0010a7,7d53f6721b133371,False,False,results/thesis_revision_v43/stage_05b2/raw/S5B2-00383.summary.json,PLANNED
S5B2-00384,B2,B2,,H1;A1,CORE,20260225,300,common_random_start,141000000000000.0,21.5,10000.0,600.0,0.42,homogeneous,2.0,0.0,0.0,disjoint_equal,0da53caa02220598,7de46e027e697cf0,7d53f6721b133371,False,False,results/thesis_revision_v43/stage_05b2/raw/S5B2-00384.summary.json,PLANNED
S5B2-00385,B2,B2,,H1;A1,CORE,20260226,300,common_random_start,141000000000000.0,21.5,10000.0,600.0,0.42,homogeneous,2.0,0.0,0.0,disjoint_equal,4f0f4c5abc367683,a7e757879b107869,7d53f6721b133371,False,False,results/thesis_revision_v43/stage_05b2/raw/S5B2-00385.summary.json,PLANNED
S5B2-00386,B2,B2,,H1;A1,CORE,20260227,300,common_random_start,141000000000000.0,21.5,10000.0,600.0,0.42,homogeneous,2.0,0.0,0.0,disjoint_equal,8971763ba8cd37ac,e834c44430a4bd93,7d53f6721b133371,False,False,results/thesis_revision_v43/stage_05b2/raw/S5B2-00386.summary.json,PLANNED
S5B2-00387,B2,B2,,H1;A1,CORE,20260228,300,common_random_start,141000000000000.0,21.5,10000.0,600.0,0.42,homogeneous,2.0,0.0,0.0,disjoint_equal,0af622719fb9ba95,0ebacf2b4ace8d9d,7d53f6721b133371,False,False,results/thesis_revision_v43/stage_05b2/raw/S5B2-00387.summary.json,PLANNED
S5B2-00388,B2,B2,,H1;A1,CORE,20260229,300,common_random_start,141000000000000.0,21.5,10000.0,600.0,0.42,homogeneous,2.0,0.0,0.0,disjoint_equal,6fa848d7adb97e8a,342ac3e1543f9a40,7d53f6721b133371,False,False,results/thesis_revision_v43/stage_05b2/raw/S5B2-00388.summary.json,PLANNED
S5B2-00389,B2,B2,,H1;A1,CORE,20260230,300,common_random_start,141000000000000.0,21.5,10000.0,600.0,0.42,homogeneous,2.0,0.0,0.0,disjoint_equal,b2c999ccdca4d997,6968769f551d716b,7d53f6721b133371,False,False,results/thesis_revision_v43/stage_05b2/raw/S5B2-00389.summary.json,PLANNED
S5B2-00390,B2,B2,,H1;A1,CORE,20260201,400,common_random_start,141000000000000.0,21.5,10000.0,600.0,0.42,homogeneous,2.0,0.0,0.0,disjoint_equal,6ab60c25a3d2d5aa,eab207bf98490d75,aa731fa0ae52cf7b,False,True,results/thesis_revision_v43/stage_05b2/raw/S5B2-00390.summary.json,PLANNED
S5B2-00391,B2,B2,,H1;A1,CORE,20260202,400,common_random_start,141000000000000.0,21.5,10000.0,600.0,0.42,homogeneous,2.0,0.0,0.0,disjoint_equal,613003b554ea79df,462b146c200208f9,aa731fa0ae52cf7b,False,False,results/thesis_revision_v43/stage_05b2/raw/S5B2-00391.summary.json,PLANNED
S5B2-00392,B2,B2,,H1;A1,CORE,20260203,400,common_random_start,141000000000000.0,21.5,10000.0,600.0,0.42,homogeneous,2.0,0.0,0.0,disjoint_equal,ef12a8db7101edf9,37995132ea4638db,aa731fa0ae52cf7b,False,False,results/thesis_revision_v43/stage_05b2/raw/S5B2-00392.summary.json,PLANNED
S5B2-00393,B2,B2,,H1;A1,CORE,20260204,400,common_random_start,141000000000000.0,21.5,10000.0,600.0,0.42,homogeneous,2.0,0.0,0.0,disjoint_equal,f61c448903fad4fd,eb14cdf5762b2834,aa731fa0ae52cf7b,False,False,results/thesis_revision_v43/stage_05b2/raw/S5B2-00393.summary.json,PLANNED
S5B2-00394,B2,B2,,H1;A1,CORE,20260205,400,common_random_start,141000000000000.0,21.5,10000.0,600.0,0.42,homogeneous,2.0,0.0,0.0,disjoint_equal,946a7a421ad5ebeb,65722e42789c5823,aa731fa0ae52cf7b,False,False,results/thesis_revision_v43/stage_05b2/raw/S5B2-00394.summary.json,PLANNED
S5B2-00395,B2,B2,,H1;A1,CORE,20260206,400,common_random_start,141000000000000.0,21.5,10000.0,600.0,0.42,homogeneous,2.0,0.0,0.0,disjoint_equal,fbd1ac284964f022,2198399f4c2e79a0,aa731fa0ae52cf7b,False,False,results/thesis_revision_v43/stage_05b2/raw/S5B2-00395.summary.json,PLANNED
S5B2-00396,B2,B2,,H1;A1,CORE,20260207,400,common_random_start,141000000000000.0,21.5,10000.0,600.0,0.42,homogeneous,2.0,0.0,0.0,disjoint_equal,0ccea58880713959,06c5eee5f9f4aef6,aa731fa0ae52cf7b,False,False,results/thesis_revision_v43/stage_05b2/raw/S5B2-00396.summary.json,PLANNED
S5B2-00397,B2,B2,,H1;A1,CORE,20260208,400,common_random_start,141000000000000.0,21.5,10000.0,600.0,0.42,homogeneous,2.0,0.0,0.0,disjoint_equal,cd62feaf4474c1e6,3488aad9c4ecd38d,aa731fa0ae52cf7b,False,False,results/thesis_revision_v43/stage_05b2/raw/S5B2-00397.summary.json,PLANNED
S5B2-00398,B2,B2,,H1;A1,CORE,20260209,400,common_random_start,141000000000000.0,21.5,10000.0,600.0,0.42,homogeneous,2.0,0.0,0.0,disjoint_equal,15c0f95af85cce0e,a0a2370d331ecf87,aa731fa0ae52cf7b,False,False,results/thesis_revision_v43/stage_05b2/raw/S5B2-00398.summary.json,PLANNED
S5B2-00399,B2,B2,,H1;A1,CORE,20260210,400,common_random_start,141000000000000.0,21.5,10000.0,600.0,0.42,homogeneous,2.0,0.0,0.0,disjoint_equal,6fc76b6693c6ac63,b92d0b5fa4a6d566,aa731fa0ae52cf7b,False,False,results/thesis_revision_v43/stage_05b2/raw/S5B2-00399.summary.json,PLANNED
S5B2-00400,B2,B2,,H1;A1,CORE,20260211,400,common_random_start,141000000000000.0,21.5,10000.0,600.0,0.42,homogeneous,2.0,0.0,0.0,disjoint_equal,05a43234f0995bc7,193a27414facbacd,aa731fa0ae52cf7b,False,True,results/thesis_revision_v43/stage_05b2/raw/S5B2-00400.summary.json,PLANNED
S5B2-00401,B2,B2,,H1;A1,CORE,20260212,400,common_random_start,141000000000000.0,21.5,10000.0,600.0,0.42,homogeneous,2.0,0.0,0.0,disjoint_equal,55a8c4ee03b03460,c429f7e692b49376,aa731fa0ae52cf7b,False,False,results/thesis_revision_v43/stage_05b2/raw/S5B2-00401.summary.json,PLANNED
S5B2-00402,B2,B2,,H1;A1,CORE,20260213,400,common_random_start,141000000000000.0,21.5,10000.0,600.0,0.42,homogeneous,2.0,0.0,0.0,disjoint_equal,a98b8074a7b8b930,9421733805237603,aa731fa0ae52cf7b,False,False,results/thesis_revision_v43/stage_05b2/raw/S5B2-00402.summary.json,PLANNED
S5B2-00403,B2,B2,,H1;A1,CORE,20260214,400,common_random_start,141000000000000.0,21.5,10000.0,600.0,0.42,homogeneous,2.0,0.0,0.0,disjoint_equal,97a88d46e2bdb8f3,3b94db072fb9c47f,aa731fa0ae52cf7b,False,False,results/thesis_revision_v43/stage_05b2/raw/S5B2-00403.summary.json,PLANNED
S5B2-00404,B2,B2,,H1;A1,CORE,20260215,400,common_random_start,141000000000000.0,21.5,10000.0,600.0,0.42,homogeneous,2.0,0.0,0.0,disjoint_equal,0f4f1b727e67ec9d,a4e6cda2d0e91a7e,aa731fa0ae52cf7b,False,False,results/thesis_revision_v43/stage_05b2/raw/S5B2-00404.summary.json,PLANNED
S5B2-00405,B2,B2,,H1;A1,CORE,20260216,400,common_random_start,141000000000000.0,21.5,10000.0,600.0,0.42,homogeneous,2.0,0.0,0.0,disjoint_equal,3042e6908d1afe94,4ceeb284779f99ff,aa731fa0ae52cf7b,False,False,results/thesis_revision_v43/stage_05b2/raw/S5B2-00405.summary.json,PLANNED
S5B2-00406,B2,B2,,H1;A1,CORE,20260217,400,common_random_start,141000000000000.0,21.5,10000.0,600.0,0.42,homogeneous,2.0,0.0,0.0,disjoint_equal,1658706c2bbe731b,b4f710571a789574,aa731fa0ae52cf7b,False,False,results/thesis_revision_v43/stage_05b2/raw/S5B2-00406.summary.json,PLANNED
S5B2-00407,B2,B2,,H1;A1,CORE,20260218,400,common_random_start,141000000000000.0,21.5,10000.0,600.0,0.42,homogeneous,2.0,0.0,0.0,disjoint_equal,dfa4571a51fa6464,05d1d6aee36f7e06,aa731fa0ae52cf7b,False,False,results/thesis_revision_v43/stage_05b2/raw/S5B2-00407.summary.json,PLANNED
S5B2-00408,B2,B2,,H1;A1,CORE,20260219,400,common_random_start,141000000000000.0,21.5,10000.0,600.0,0.42,homogeneous,2.0,0.0,0.0,disjoint_equal,69ce54a82622ee30,db5a3befdc3e7054,aa731fa0ae52cf7b,False,False,results/thesis_revision_v43/stage_05b2/raw/S5B2-00408.summary.json,PLANNED
S5B2-00409,B2,B2,,H1;A1,CORE,20260220,400,common_random_start,141000000000000.0,21.5,10000.0,600.0,0.42,homogeneous,2.0,0.0,0.0,disjoint_equal,e52db898506d7730,7cd4259b740e0d8a,aa731fa0ae52cf7b,False,False,results/thesis_revision_v43/stage_05b2/raw/S5B2-00409.summary.json,PLANNED
S5B2-00410,B2,B2,,H1;A1,CORE,20260221,400,common_random_start,141000000000000.0,21.5,10000.0,600.0,0.42,homogeneous,2.0,0.0,0.0,disjoint_equal,b6f7ce60f98931a2,474ea93294697f3c,aa731fa0ae52cf7b,False,False,results/thesis_revision_v43/stage_05b2/raw/S5B2-00410.summary.json,PLANNED
S5B2-00411,B2,B2,,H1;A1,CORE,20260222,400,common_random_start,141000000000000.0,21.5,10000.0,600.0,0.42,homogeneous,2.0,0.0,0.0,disjoint_equal,fe405c06ca0e951e,ac0e1034107a623b,aa731fa0ae52cf7b,False,False,results/thesis_revision_v43/stage_05b2/raw/S5B2-00411.summary.json,PLANNED
S5B2-00412,B2,B2,,H1;A1,CORE,20260223,400,common_random_start,141000000000000.0,21.5,10000.0,600.0,0.42,homogeneous,2.0,0.0,0.0,disjoint_equal,1d3f2eca3f7ba33e,8e8c4f0d4fe49567,aa731fa0ae52cf7b,False,False,results/thesis_revision_v43/stage_05b2/raw/S5B2-00412.summary.json,PLANNED
S5B2-00413,B2,B2,,H1;A1,CORE,20260224,400,common_random_start,141000000000000.0,21.5,10000.0,600.0,0.42,homogeneous,2.0,0.0,0.0,disjoint_equal,2f4ef68ac3731bce,8ebec3c5ce78a705,aa731fa0ae52cf7b,False,False,results/thesis_revision_v43/stage_05b2/raw/S5B2-00413.summary.json,PLANNED
S5B2-00414,B2,B2,,H1;A1,CORE,20260225,400,common_random_start,141000000000000.0,21.5,10000.0,600.0,0.42,homogeneous,2.0,0.0,0.0,disjoint_equal,f28e3f9f6b6b500a,c9e69d781c1a68b5,aa731fa0ae52cf7b,False,False,results/thesis_revision_v43/stage_05b2/raw/S5B2-00414.summary.json,PLANNED
S5B2-00415,B2,B2,,H1;A1,CORE,20260226,400,common_random_start,141000000000000.0,21.5,10000.0,600.0,0.42,homogeneous,2.0,0.0,0.0,disjoint_equal,32ffac01b0625e2a,a9e469bbb4d971f4,aa731fa0ae52cf7b,False,False,results/thesis_revision_v43/stage_05b2/raw/S5B2-00415.summary.json,PLANNED
S5B2-00416,B2,B2,,H1;A1,CORE,20260227,400,common_random_start,141000000000000.0,21.5,10000.0,600.0,0.42,homogeneous,2.0,0.0,0.0,disjoint_equal,3b7526398da2d732,38cb7339cff8eea8,aa731fa0ae52cf7b,False,False,results/thesis_revision_v43/stage_05b2/raw/S5B2-00416.summary.json,PLANNED
S5B2-00417,B2,B2,,H1;A1,CORE,20260228,400,common_random_start,141000000000000.0,21.5,10000.0,600.0,0.42,homogeneous,2.0,0.0,0.0,disjoint_equal,bc14ac91b461fe11,ae435e49fd6de9cb,aa731fa0ae52cf7b,False,False,results/thesis_revision_v43/stage_05b2/raw/S5B2-00417.summary.json,PLANNED
S5B2-00418,B2,B2,,H1;A1,CORE,20260229,400,common_random_start,141000000000000.0,21.5,10000.0,600.0,0.42,homogeneous,2.0,0.0,0.0,disjoint_equal,caf270ef7d3461e0,49e1b90bd5b01e53,aa731fa0ae52cf7b,False,False,results/thesis_revision_v43/stage_05b2/raw/S5B2-00418.summary.json,PLANNED
S5B2-00419,B2,B2,,H1;A1,CORE,20260230,400,common_random_start,141000000000000.0,21.5,10000.0,600.0,0.42,homogeneous,2.0,0.0,0.0,disjoint_equal,618a90c66fbec12e,350fe8e9a48e435c,aa731fa0ae52cf7b,False,False,results/thesis_revision_v43/stage_05b2/raw/S5B2-00419.summary.json,PLANNED
S5B2-00420,B2,B2,,H1;A1,CORE,20260201,500,common_random_start,141000000000000.0,21.5,10000.0,600.0,0.42,homogeneous,2.0,0.0,0.0,disjoint_equal,c5ad308aa3127931,852bf340f11d6bbf,6abd9d6e163fe696,False,True,results/thesis_revision_v43/stage_05b2/raw/S5B2-00420.summary.json,PLANNED
S5B2-00421,B2,B2,,H1;A1,CORE,20260202,500,common_random_start,141000000000000.0,21.5,10000.0,600.0,0.42,homogeneous,2.0,0.0,0.0,disjoint_equal,e0a85232d73f458d,a52dd19f7b80b792,6abd9d6e163fe696,False,False,results/thesis_revision_v43/stage_05b2/raw/S5B2-00421.summary.json,PLANNED
S5B2-00422,B2,B2,,H1;A1,CORE,20260203,500,common_random_start,141000000000000.0,21.5,10000.0,600.0,0.42,homogeneous,2.0,0.0,0.0,disjoint_equal,fe054694c1ab9e6d,818b0ad9a7289136,6abd9d6e163fe696,False,False,results/thesis_revision_v43/stage_05b2/raw/S5B2-00422.summary.json,PLANNED
S5B2-00423,B2,B2,,H1;A1,CORE,20260204,500,common_random_start,141000000000000.0,21.5,10000.0,600.0,0.42,homogeneous,2.0,0.0,0.0,disjoint_equal,5c3f476eccf916a1,4e2c6a05cb5c4f22,6abd9d6e163fe696,False,False,results/thesis_revision_v43/stage_05b2/raw/S5B2-00423.summary.json,PLANNED
S5B2-00424,B2,B2,,H1;A1,CORE,20260205,500,common_random_start,141000000000000.0,21.5,10000.0,600.0,0.42,homogeneous,2.0,0.0,0.0,disjoint_equal,14f12a5605e9af85,a82b0ea1196d86ad,6abd9d6e163fe696,False,False,results/thesis_revision_v43/stage_05b2/raw/S5B2-00424.summary.json,PLANNED
S5B2-00425,B2,B2,,H1;A1,CORE,20260206,500,common_random_start,141000000000000.0,21.5,10000.0,600.0,0.42,homogeneous,2.0,0.0,0.0,disjoint_equal,fe00af7d8c125889,f2400770d771634f,6abd9d6e163fe696,False,False,results/thesis_revision_v43/stage_05b2/raw/S5B2-00425.summary.json,PLANNED
S5B2-00426,B2,B2,,H1;A1,CORE,20260207,500,common_random_start,141000000000000.0,21.5,10000.0,600.0,0.42,homogeneous,2.0,0.0,0.0,disjoint_equal,7a8ac69d44232b06,2f48fcbd2178c1ce,6abd9d6e163fe696,False,False,results/thesis_revision_v43/stage_05b2/raw/S5B2-00426.summary.json,PLANNED
S5B2-00427,B2,B2,,H1;A1,CORE,20260208,500,common_random_start,141000000000000.0,21.5,10000.0,600.0,0.42,homogeneous,2.0,0.0,0.0,disjoint_equal,063402b8d5288bb9,225137573494f52d,6abd9d6e163fe696,False,False,results/thesis_revision_v43/stage_05b2/raw/S5B2-00427.summary.json,PLANNED
S5B2-00428,B2,B2,,H1;A1,CORE,20260209,500,common_random_start,141000000000000.0,21.5,10000.0,600.0,0.42,homogeneous,2.0,0.0,0.0,disjoint_equal,2e0cf245e619c1e3,f83b3756242dd10f,6abd9d6e163fe696,False,False,results/thesis_revision_v43/stage_05b2/raw/S5B2-00428.summary.json,PLANNED
S5B2-00429,B2,B2,,H1;A1,CORE,20260210,500,common_random_start,141000000000000.0,21.5,10000.0,600.0,0.42,homogeneous,2.0,0.0,0.0,disjoint_equal,b70fee5f3b70ae09,30d4d547f9df3fb9,6abd9d6e163fe696,False,False,results/thesis_revision_v43/stage_05b2/raw/S5B2-00429.summary.json,PLANNED
S5B2-00430,B2,B2,,H1;A1,CORE,20260211,500,common_random_start,141000000000000.0,21.5,10000.0,600.0,0.42,homogeneous,2.0,0.0,0.0,disjoint_equal,0b61e761114050a8,a1884ce2f6bca924,6abd9d6e163fe696,False,False,results/thesis_revision_v43/stage_05b2/raw/S5B2-00430.summary.json,PLANNED
S5B2-00431,B2,B2,,H1;A1,CORE,20260212,500,common_random_start,141000000000000.0,21.5,10000.0,600.0,0.42,homogeneous,2.0,0.0,0.0,disjoint_equal,954988fc6bfc415d,19faa7724849d783,6abd9d6e163fe696,False,False,results/thesis_revision_v43/stage_05b2/raw/S5B2-00431.summary.json,PLANNED
S5B2-00432,B2,B2,,H1;A1,CORE,20260213,500,common_random_start,141000000000000.0,21.5,10000.0,600.0,0.42,homogeneous,2.0,0.0,0.0,disjoint_equal,2b31862dc9bc8aa7,64cf3a3817403285,6abd9d6e163fe696,False,False,results/thesis_revision_v43/stage_05b2/raw/S5B2-00432.summary.json,PLANNED
S5B2-00433,B2,B2,,H1;A1,CORE,20260214,500,common_random_start,141000000000000.0,21.5,10000.0,600.0,0.42,homogeneous,2.0,0.0,0.0,disjoint_equal,eec3a85b56adce64,a411295c8f103eba,6abd9d6e163fe696,False,False,results/thesis_revision_v43/stage_05b2/raw/S5B2-00433.summary.json,PLANNED
S5B2-00434,B2,B2,,H1;A1,CORE,20260215,500,common_random_start,141000000000000.0,21.5,10000.0,600.0,0.42,homogeneous,2.0,0.0,0.0,disjoint_equal,6cbd051a5bfc95e3,3c1bb1bff0332582,6abd9d6e163fe696,False,False,results/thesis_revision_v43/stage_05b2/raw/S5B2-00434.summary.json,PLANNED
S5B2-00435,B2,B2,,H1;A1,CORE,20260216,500,common_random_start,141000000000000.0,21.5,10000.0,600.0,0.42,homogeneous,2.0,0.0,0.0,disjoint_equal,0ffecfd58634fe2e,03d8b3bc9a137142,6abd9d6e163fe696,False,False,results/thesis_revision_v43/stage_05b2/raw/S5B2-00435.summary.json,PLANNED
S5B2-00436,B2,B2,,H1;A1,CORE,20260217,500,common_random_start,141000000000000.0,21.5,10000.0,600.0,0.42,homogeneous,2.0,0.0,0.0,disjoint_equal,b9b24a0075c36e11,814f7731b2a4496e,6abd9d6e163fe696,False,False,results/thesis_revision_v43/stage_05b2/raw/S5B2-00436.summary.json,PLANNED
S5B2-00437,B2,B2,,H1;A1,CORE,20260218,500,common_random_start,141000000000000.0,21.5,10000.0,600.0,0.42,homogeneous,2.0,0.0,0.0,disjoint_equal,5e61e938587ba6e1,c903305e480406c6,6abd9d6e163fe696,False,False,results/thesis_revision_v43/stage_05b2/raw/S5B2-00437.summary.json,PLANNED
S5B2-00438,B2,B2,,H1;A1,CORE,20260219,500,common_random_start,141000000000000.0,21.5,10000.0,600.0,0.42,homogeneous,2.0,0.0,0.0,disjoint_equal,50ba3250ceda6a36,fc9be25c9473a29b,6abd9d6e163fe696,False,False,results/thesis_revision_v43/stage_05b2/raw/S5B2-00438.summary.json,PLANNED
S5B2-00439,B2,B2,,H1;A1,CORE,20260220,500,common_random_start,141000000000000.0,21.5,10000.0,600.0,0.42,homogeneous,2.0,0.0,0.0,disjoint_equal,c41cf9278c3d832f,bf72f6b3d9a1502e,6abd9d6e163fe696,False,False,results/thesis_revision_v43/stage_05b2/raw/S5B2-00439.summary.json,PLANNED
S5B2-00440,B2,B2,,H1;A1,CORE,20260221,500,common_random_start,141000000000000.0,21.5,10000.0,600.0,0.42,homogeneous,2.0,0.0,0.0,disjoint_equal,a08b2bf4c27a6310,7d9309048e8fc988,6abd9d6e163fe696,False,False,results/thesis_revision_v43/stage_05b2/raw/S5B2-00440.summary.json,PLANNED
S5B2-00441,B2,B2,,H1;A1,CORE,20260222,500,common_random_start,141000000000000.0,21.5,10000.0,600.0,0.42,homogeneous,2.0,0.0,0.0,disjoint_equal,2bcfbf39e983f28a,ad57e1a9d2bcd9ca,6abd9d6e163fe696,False,False,results/thesis_revision_v43/stage_05b2/raw/S5B2-00441.summary.json,PLANNED
S5B2-00442,B2,B2,,H1;A1,CORE,20260223,500,common_random_start,141000000000000.0,21.5,10000.0,600.0,0.42,homogeneous,2.0,0.0,0.0,disjoint_equal,9186b5fb72a069f0,6ffa6580f411dd97,6abd9d6e163fe696,False,False,results/thesis_revision_v43/stage_05b2/raw/S5B2-00442.summary.json,PLANNED
S5B2-00443,B2,B2,,H1;A1,CORE,20260224,500,common_random_start,141000000000000.0,21.5,10000.0,600.0,0.42,homogeneous,2.0,0.0,0.0,disjoint_equal,cccb48f1e3fbc576,e0b88283da120272,6abd9d6e163fe696,False,False,results/thesis_revision_v43/stage_05b2/raw/S5B2-00443.summary.json,PLANNED
S5B2-00444,B2,B2,,H1;A1,CORE,20260225,500,common_random_start,141000000000000.0,21.5,10000.0,600.0,0.42,homogeneous,2.0,0.0,0.0,disjoint_equal,3db331af89fc9ce3,13b7e47e18d1d572,6abd9d6e163fe696,False,False,results/thesis_revision_v43/stage_05b2/raw/S5B2-00444.summary.json,PLANNED
S5B2-00445,B2,B2,,H1;A1,CORE,20260226,500,common_random_start,141000000000000.0,21.5,10000.0,600.0,0.42,homogeneous,2.0,0.0,0.0,disjoint_equal,9d2d3279a3451ac8,393341584cda0f11,6abd9d6e163fe696,False,False,results/thesis_revision_v43/stage_05b2/raw/S5B2-00445.summary.json,PLANNED
S5B2-00446,B2,B2,,H1;A1,CORE,20260227,500,common_random_start,141000000000000.0,21.5,10000.0,600.0,0.42,homogeneous,2.0,0.0,0.0,disjoint_equal,e89f795795254882,0cc4d58cdb9f03ac,6abd9d6e163fe696,False,False,results/thesis_revision_v43/stage_05b2/raw/S5B2-00446.summary.json,PLANNED
S5B2-00447,B2,B2,,H1;A1,CORE,20260228,500,common_random_start,141000000000000.0,21.5,10000.0,600.0,0.42,homogeneous,2.0,0.0,0.0,disjoint_equal,c470ba4e3768fdd6,ba8fd0825691b399,6abd9d6e163fe696,False,False,results/thesis_revision_v43/stage_05b2/raw/S5B2-00447.summary.json,PLANNED
S5B2-00448,B2,B2,,H1;A1,CORE,20260229,500,common_random_start,141000000000000.0,21.5,10000.0,600.0,0.42,homogeneous,2.0,0.0,0.0,disjoint_equal,7919253a3f16f266,75dda98d92f18b87,6abd9d6e163fe696,False,False,results/thesis_revision_v43/stage_05b2/raw/S5B2-00448.summary.json,PLANNED
S5B2-00449,B2,B2,,H1;A1,CORE,20260230,500,common_random_start,141000000000000.0,21.5,10000.0,600.0,0.42,homogeneous,2.0,0.0,0.0,disjoint_equal,9b20e2156fc9a6a2,be3b6ea46e4d6524,6abd9d6e163fe696,False,False,results/thesis_revision_v43/stage_05b2/raw/S5B2-00449.summary.json,PLANNED
S5B2-00450,B3_C1_CONTINUOUS_DISJOINT,B3;C1,H1;A1,H1;A1,CORE,20260201,100,common_disjoint_continuous,141000000000000.0,21.5,10000.0,600.0,0.42,homogeneous,2.0,0.0,0.0,disjoint_equal,099eddb5b557ebb9,f602b7fe6fc2eea2,45aad7d5012916be,False,True,results/thesis_revision_v43/stage_05b2/raw/S5B2-00450.summary.json,PLANNED
S5B2-00451,B3_C1_CONTINUOUS_DISJOINT,B3;C1,H1;A1,H1;A1,CORE,20260202,100,common_disjoint_continuous,141000000000000.0,21.5,10000.0,600.0,0.42,homogeneous,2.0,0.0,0.0,disjoint_equal,c8c17df400096074,fe6412883d9ab4c5,45aad7d5012916be,False,False,results/thesis_revision_v43/stage_05b2/raw/S5B2-00451.summary.json,PLANNED
S5B2-00452,B3_C1_CONTINUOUS_DISJOINT,B3;C1,H1;A1,H1;A1,CORE,20260203,100,common_disjoint_continuous,141000000000000.0,21.5,10000.0,600.0,0.42,homogeneous,2.0,0.0,0.0,disjoint_equal,ceb59e51b55442de,a0d7de9729365147,45aad7d5012916be,False,False,results/thesis_revision_v43/stage_05b2/raw/S5B2-00452.summary.json,PLANNED
S5B2-00453,B3_C1_CONTINUOUS_DISJOINT,B3;C1,H1;A1,H1;A1,CORE,20260204,100,common_disjoint_continuous,141000000000000.0,21.5,10000.0,600.0,0.42,homogeneous,2.0,0.0,0.0,disjoint_equal,b2505597cc55562c,7f03a337cbdba025,45aad7d5012916be,False,False,results/thesis_revision_v43/stage_05b2/raw/S5B2-00453.summary.json,PLANNED
S5B2-00454,B3_C1_CONTINUOUS_DISJOINT,B3;C1,H1;A1,H1;A1,CORE,20260205,100,common_disjoint_continuous,141000000000000.0,21.5,10000.0,600.0,0.42,homogeneous,2.0,0.0,0.0,disjoint_equal,f62441e2a98e5d01,5cb85cd7eb4336f8,45aad7d5012916be,False,False,results/thesis_revision_v43/stage_05b2/raw/S5B2-00454.summary.json,PLANNED
S5B2-00455,B3_C1_CONTINUOUS_DISJOINT,B3;C1,H1;A1,H1;A1,CORE,20260206,100,common_disjoint_continuous,141000000000000.0,21.5,10000.0,600.0,0.42,homogeneous,2.0,0.0,0.0,disjoint_equal,9c46b0251bc5e22f,e8f6512f1c5ceb79,45aad7d5012916be,False,False,results/thesis_revision_v43/stage_05b2/raw/S5B2-00455.summary.json,PLANNED
S5B2-00456,B3_C1_CONTINUOUS_DISJOINT,B3;C1,H1;A1,H1;A1,CORE,20260207,100,common_disjoint_continuous,141000000000000.0,21.5,10000.0,600.0,0.42,homogeneous,2.0,0.0,0.0,disjoint_equal,4ccaaf53eb55a6de,8e954ff3940544d4,45aad7d5012916be,False,False,results/thesis_revision_v43/stage_05b2/raw/S5B2-00456.summary.json,PLANNED
S5B2-00457,B3_C1_CONTINUOUS_DISJOINT,B3;C1,H1;A1,H1;A1,CORE,20260208,100,common_disjoint_continuous,141000000000000.0,21.5,10000.0,600.0,0.42,homogeneous,2.0,0.0,0.0,disjoint_equal,3d0a4a75535a5b59,51110473052074dc,45aad7d5012916be,False,False,results/thesis_revision_v43/stage_05b2/raw/S5B2-00457.summary.json,PLANNED
S5B2-00458,B3_C1_CONTINUOUS_DISJOINT,B3;C1,H1;A1,H1;A1,CORE,20260209,100,common_disjoint_continuous,141000000000000.0,21.5,10000.0,600.0,0.42,homogeneous,2.0,0.0,0.0,disjoint_equal,849b05a44bf11f20,146f76716ce33d62,45aad7d5012916be,False,False,results/thesis_revision_v43/stage_05b2/raw/S5B2-00458.summary.json,PLANNED
S5B2-00459,B3_C1_CONTINUOUS_DISJOINT,B3;C1,H1;A1,H1;A1,CORE,20260210,100,common_disjoint_continuous,141000000000000.0,21.5,10000.0,600.0,0.42,homogeneous,2.0,0.0,0.0,disjoint_equal,b6b65793b28a8f48,e272a2b7897f7997,45aad7d5012916be,False,False,results/thesis_revision_v43/stage_05b2/raw/S5B2-00459.summary.json,PLANNED
S5B2-00460,B3_C1_CONTINUOUS_DISJOINT,B3;C1,H1;A1,H1;A1,CORE,20260211,100,common_disjoint_continuous,141000000000000.0,21.5,10000.0,600.0,0.42,homogeneous,2.0,0.0,0.0,disjoint_equal,20e5b5583e9bd652,b5bfbac77104e0ac,45aad7d5012916be,False,False,results/thesis_revision_v43/stage_05b2/raw/S5B2-00460.summary.json,PLANNED
S5B2-00461,B3_C1_CONTINUOUS_DISJOINT,B3;C1,H1;A1,H1;A1,CORE,20260212,100,common_disjoint_continuous,141000000000000.0,21.5,10000.0,600.0,0.42,homogeneous,2.0,0.0,0.0,disjoint_equal,0e6d5760545f467a,1631aca09a183de6,45aad7d5012916be,False,False,results/thesis_revision_v43/stage_05b2/raw/S5B2-00461.summary.json,PLANNED
S5B2-00462,B3_C1_CONTINUOUS_DISJOINT,B3;C1,H1;A1,H1;A1,CORE,20260213,100,common_disjoint_continuous,141000000000000.0,21.5,10000.0,600.0,0.42,homogeneous,2.0,0.0,0.0,disjoint_equal,dd2429b91e5cb140,9c774c11994d8a8d,45aad7d5012916be,False,False,results/thesis_revision_v43/stage_05b2/raw/S5B2-00462.summary.json,PLANNED
S5B2-00463,B3_C1_CONTINUOUS_DISJOINT,B3;C1,H1;A1,H1;A1,CORE,20260214,100,common_disjoint_continuous,141000000000000.0,21.5,10000.0,600.0,0.42,homogeneous,2.0,0.0,0.0,disjoint_equal,72cf829f862a6362,9961ee224e0e831c,45aad7d5012916be,False,False,results/thesis_revision_v43/stage_05b2/raw/S5B2-00463.summary.json,PLANNED
S5B2-00464,B3_C1_CONTINUOUS_DISJOINT,B3;C1,H1;A1,H1;A1,CORE,20260215,100,common_disjoint_continuous,141000000000000.0,21.5,10000.0,600.0,0.42,homogeneous,2.0,0.0,0.0,disjoint_equal,f5c825311dcf2b9b,bd7f07be8ac181a4,45aad7d5012916be,False,False,results/thesis_revision_v43/stage_05b2/raw/S5B2-00464.summary.json,PLANNED
S5B2-00465,B3_C1_CONTINUOUS_DISJOINT,B3;C1,H1;A1,H1;A1,CORE,20260216,100,common_disjoint_continuous,141000000000000.0,21.5,10000.0,600.0,0.42,homogeneous,2.0,0.0,0.0,disjoint_equal,ec818b64415c6740,b1ac1cf82d92e625,45aad7d5012916be,False,False,results/thesis_revision_v43/stage_05b2/raw/S5B2-00465.summary.json,PLANNED
S5B2-00466,B3_C1_CONTINUOUS_DISJOINT,B3;C1,H1;A1,H1;A1,CORE,20260217,100,common_disjoint_continuous,141000000000000.0,21.5,10000.0,600.0,0.42,homogeneous,2.0,0.0,0.0,disjoint_equal,e35f512d2fe369ad,8de8e20d16c15df8,45aad7d5012916be,False,False,results/thesis_revision_v43/stage_05b2/raw/S5B2-00466.summary.json,PLANNED
S5B2-00467,B3_C1_CONTINUOUS_DISJOINT,B3;C1,H1;A1,H1;A1,CORE,20260218,100,common_disjoint_continuous,141000000000000.0,21.5,10000.0,600.0,0.42,homogeneous,2.0,0.0,0.0,disjoint_equal,dbed9bc28626db3d,c7d9d7000838ec2d,45aad7d5012916be,False,False,results/thesis_revision_v43/stage_05b2/raw/S5B2-00467.summary.json,PLANNED
S5B2-00468,B3_C1_CONTINUOUS_DISJOINT,B3;C1,H1;A1,H1;A1,CORE,20260219,100,common_disjoint_continuous,141000000000000.0,21.5,10000.0,600.0,0.42,homogeneous,2.0,0.0,0.0,disjoint_equal,60e1205cf3cd7c5e,6b4c5058f438ae30,45aad7d5012916be,False,False,results/thesis_revision_v43/stage_05b2/raw/S5B2-00468.summary.json,PLANNED
S5B2-00469,B3_C1_CONTINUOUS_DISJOINT,B3;C1,H1;A1,H1;A1,CORE,20260220,100,common_disjoint_continuous,141000000000000.0,21.5,10000.0,600.0,0.42,homogeneous,2.0,0.0,0.0,disjoint_equal,c395f95f4bb4a327,acb9154975bcb353,45aad7d5012916be,False,False,results/thesis_revision_v43/stage_05b2/raw/S5B2-00469.summary.json,PLANNED
S5B2-00470,B3_C1_CONTINUOUS_DISJOINT,B3;C1,H1;A1,H1;A1,CORE,20260221,100,common_disjoint_continuous,141000000000000.0,21.5,10000.0,600.0,0.42,homogeneous,2.0,0.0,0.0,disjoint_equal,c70b4a7d8d442aef,ca2c3d753502ded0,45aad7d5012916be,False,False,results/thesis_revision_v43/stage_05b2/raw/S5B2-00470.summary.json,PLANNED
S5B2-00471,B3_C1_CONTINUOUS_DISJOINT,B3;C1,H1;A1,H1;A1,CORE,20260222,100,common_disjoint_continuous,141000000000000.0,21.5,10000.0,600.0,0.42,homogeneous,2.0,0.0,0.0,disjoint_equal,7bf2b9d2229556c1,595bae5d90e71e47,45aad7d5012916be,False,False,results/thesis_revision_v43/stage_05b2/raw/S5B2-00471.summary.json,PLANNED
S5B2-00472,B3_C1_CONTINUOUS_DISJOINT,B3;C1,H1;A1,H1;A1,CORE,20260223,100,common_disjoint_continuous,141000000000000.0,21.5,10000.0,600.0,0.42,homogeneous,2.0,0.0,0.0,disjoint_equal,5731f16119091f41,1cfff4777da95955,45aad7d5012916be,False,False,results/thesis_revision_v43/stage_05b2/raw/S5B2-00472.summary.json,PLANNED
S5B2-00473,B3_C1_CONTINUOUS_DISJOINT,B3;C1,H1;A1,H1;A1,CORE,20260224,100,common_disjoint_continuous,141000000000000.0,21.5,10000.0,600.0,0.42,homogeneous,2.0,0.0,0.0,disjoint_equal,b125ac557a53333f,7d06320d5bef5b85,45aad7d5012916be,False,False,results/thesis_revision_v43/stage_05b2/raw/S5B2-00473.summary.json,PLANNED
S5B2-00474,B3_C1_CONTINUOUS_DISJOINT,B3;C1,H1;A1,H1;A1,CORE,20260225,100,common_disjoint_continuous,141000000000000.0,21.5,10000.0,600.0,0.42,homogeneous,2.0,0.0,0.0,disjoint_equal,500028bb2fb7d1cd,e1049a27b4fc4cd0,45aad7d5012916be,False,False,results/thesis_revision_v43/stage_05b2/raw/S5B2-00474.summary.json,PLANNED
S5B2-00475,B3_C1_CONTINUOUS_DISJOINT,B3;C1,H1;A1,H1;A1,CORE,20260226,100,common_disjoint_continuous,141000000000000.0,21.5,10000.0,600.0,0.42,homogeneous,2.0,0.0,0.0,disjoint_equal,4da21cc1b1d8d6c2,9b16e4be32386db7,45aad7d5012916be,False,False,results/thesis_revision_v43/stage_05b2/raw/S5B2-00475.summary.json,PLANNED
S5B2-00476,B3_C1_CONTINUOUS_DISJOINT,B3;C1,H1;A1,H1;A1,CORE,20260227,100,common_disjoint_continuous,141000000000000.0,21.5,10000.0,600.0,0.42,homogeneous,2.0,0.0,0.0,disjoint_equal,2bd2a74e2aedbbd6,5d2c7f6b4207c656,45aad7d5012916be,False,False,results/thesis_revision_v43/stage_05b2/raw/S5B2-00476.summary.json,PLANNED
S5B2-00477,B3_C1_CONTINUOUS_DISJOINT,B3;C1,H1;A1,H1;A1,CORE,20260228,100,common_disjoint_continuous,141000000000000.0,21.5,10000.0,600.0,0.42,homogeneous,2.0,0.0,0.0,disjoint_equal,4df23969fdd53b1c,2af49e9c87c0f344,45aad7d5012916be,False,False,results/thesis_revision_v43/stage_05b2/raw/S5B2-00477.summary.json,PLANNED
S5B2-00478,B3_C1_CONTINUOUS_DISJOINT,B3;C1,H1;A1,H1;A1,CORE,20260229,100,common_disjoint_continuous,141000000000000.0,21.5,10000.0,600.0,0.42,homogeneous,2.0,0.0,0.0,disjoint_equal,0e6aa007990fa491,d553aad167e9439c,45aad7d5012916be,False,False,results/thesis_revision_v43/stage_05b2/raw/S5B2-00478.summary.json,PLANNED
S5B2-00479,B3_C1_CONTINUOUS_DISJOINT,B3;C1,H1;A1,H1;A1,CORE,20260230,100,common_disjoint_continuous,141000000000000.0,21.5,10000.0,600.0,0.42,homogeneous,2.0,0.0,0.0,disjoint_equal,770a5e12bb9272f3,3ca041f063ed1f4d,45aad7d5012916be,False,False,results/thesis_revision_v43/stage_05b2/raw/S5B2-00479.summary.json,PLANNED
S5B2-00480,B3_C1_CONTINUOUS_DISJOINT,B3;C1,H1;A1,H1;A1,CORE,20260201,200,common_disjoint_continuous,141000000000000.0,21.5,10000.0,600.0,0.42,homogeneous,2.0,0.0,0.0,disjoint_equal,91a4cdd527abf797,a8ddbef4f69c3d09,130bf6344f43469c,False,True,results/thesis_revision_v43/stage_05b2/raw/S5B2-00480.summary.json,PLANNED
S5B2-00481,B3_C1_CONTINUOUS_DISJOINT,B3;C1,H1;A1,H1;A1,CORE,20260202,200,common_disjoint_continuous,141000000000000.0,21.5,10000.0,600.0,0.42,homogeneous,2.0,0.0,0.0,disjoint_equal,3e44d1e75ca9d4cb,241ddf1bc1207611,130bf6344f43469c,False,False,results/thesis_revision_v43/stage_05b2/raw/S5B2-00481.summary.json,PLANNED
S5B2-00482,B3_C1_CONTINUOUS_DISJOINT,B3;C1,H1;A1,H1;A1,CORE,20260203,200,common_disjoint_continuous,141000000000000.0,21.5,10000.0,600.0,0.42,homogeneous,2.0,0.0,0.0,disjoint_equal,552c5cb861f6a8b4,776b384e84d01207,130bf6344f43469c,False,False,results/thesis_revision_v43/stage_05b2/raw/S5B2-00482.summary.json,PLANNED
S5B2-00483,B3_C1_CONTINUOUS_DISJOINT,B3;C1,H1;A1,H1;A1,CORE,20260204,200,common_disjoint_continuous,141000000000000.0,21.5,10000.0,600.0,0.42,homogeneous,2.0,0.0,0.0,disjoint_equal,6d4aaf2cf5982f23,1df6da2cb3b40791,130bf6344f43469c,False,False,results/thesis_revision_v43/stage_05b2/raw/S5B2-00483.summary.json,PLANNED
S5B2-00484,B3_C1_CONTINUOUS_DISJOINT,B3;C1,H1;A1,H1;A1,CORE,20260205,200,common_disjoint_continuous,141000000000000.0,21.5,10000.0,600.0,0.42,homogeneous,2.0,0.0,0.0,disjoint_equal,1a8ec9d83293b1ee,f3952205fe6e8dfc,130bf6344f43469c,False,False,results/thesis_revision_v43/stage_05b2/raw/S5B2-00484.summary.json,PLANNED
S5B2-00485,B3_C1_CONTINUOUS_DISJOINT,B3;C1,H1;A1,H1;A1,CORE,20260206,200,common_disjoint_continuous,141000000000000.0,21.5,10000.0,600.0,0.42,homogeneous,2.0,0.0,0.0,disjoint_equal,059d88b146f88fd0,e684306a0a0892da,130bf6344f43469c,False,False,results/thesis_revision_v43/stage_05b2/raw/S5B2-00485.summary.json,PLANNED
S5B2-00486,B3_C1_CONTINUOUS_DISJOINT,B3;C1,H1;A1,H1;A1,CORE,20260207,200,common_disjoint_continuous,141000000000000.0,21.5,10000.0,600.0,0.42,homogeneous,2.0,0.0,0.0,disjoint_equal,888ec73aaf5064a0,6fc01576213799b7,130bf6344f43469c,False,False,results/thesis_revision_v43/stage_05b2/raw/S5B2-00486.summary.json,PLANNED
S5B2-00487,B3_C1_CONTINUOUS_DISJOINT,B3;C1,H1;A1,H1;A1,CORE,20260208,200,common_disjoint_continuous,141000000000000.0,21.5,10000.0,600.0,0.42,homogeneous,2.0,0.0,0.0,disjoint_equal,16dfccc5b0233308,14522601072c5fb5,130bf6344f43469c,False,False,results/thesis_revision_v43/stage_05b2/raw/S5B2-00487.summary.json,PLANNED
S5B2-00488,B3_C1_CONTINUOUS_DISJOINT,B3;C1,H1;A1,H1;A1,CORE,20260209,200,common_disjoint_continuous,141000000000000.0,21.5,10000.0,600.0,0.42,homogeneous,2.0,0.0,0.0,disjoint_equal,b78e80fdf49539e3,e66377ec16b72c3d,130bf6344f43469c,False,False,results/thesis_revision_v43/stage_05b2/raw/S5B2-00488.summary.json,PLANNED
S5B2-00489,B3_C1_CONTINUOUS_DISJOINT,B3;C1,H1;A1,H1;A1,CORE,20260210,200,common_disjoint_continuous,141000000000000.0,21.5,10000.0,600.0,0.42,homogeneous,2.0,0.0,0.0,disjoint_equal,28ab38ad7b7a7afc,772e70fb9b87d148,130bf6344f43469c,False,False,results/thesis_revision_v43/stage_05b2/raw/S5B2-00489.summary.json,PLANNED
S5B2-00490,B3_C1_CONTINUOUS_DISJOINT,B3;C1,H1;A1,H1;A1,CORE,20260211,200,common_disjoint_continuous,141000000000000.0,21.5,10000.0,600.0,0.42,homogeneous,2.0,0.0,0.0,disjoint_equal,f6552f9d78e7e432,42ff6ebfab253234,130bf6344f43469c,False,False,results/thesis_revision_v43/stage_05b2/raw/S5B2-00490.summary.json,PLANNED
S5B2-00491,B3_C1_CONTINUOUS_DISJOINT,B3;C1,H1;A1,H1;A1,CORE,20260212,200,common_disjoint_continuous,141000000000000.0,21.5,10000.0,600.0,0.42,homogeneous,2.0,0.0,0.0,disjoint_equal,a63b5f3481a2b103,30802d2050e7a4d8,130bf6344f43469c,False,False,results/thesis_revision_v43/stage_05b2/raw/S5B2-00491.summary.json,PLANNED
S5B2-00492,B3_C1_CONTINUOUS_DISJOINT,B3;C1,H1;A1,H1;A1,CORE,20260213,200,common_disjoint_continuous,141000000000000.0,21.5,10000.0,600.0,0.42,homogeneous,2.0,0.0,0.0,disjoint_equal,65fe1d60abdb3958,5547658d23924ece,130bf6344f43469c,False,False,results/thesis_revision_v43/stage_05b2/raw/S5B2-00492.summary.json,PLANNED
S5B2-00493,B3_C1_CONTINUOUS_DISJOINT,B3;C1,H1;A1,H1;A1,CORE,20260214,200,common_disjoint_continuous,141000000000000.0,21.5,10000.0,600.0,0.42,homogeneous,2.0,0.0,0.0,disjoint_equal,235fa2ab07d2b727,69217c17bb60a4c3,130bf6344f43469c,False,False,results/thesis_revision_v43/stage_05b2/raw/S5B2-00493.summary.json,PLANNED
S5B2-00494,B3_C1_CONTINUOUS_DISJOINT,B3;C1,H1;A1,H1;A1,CORE,20260215,200,common_disjoint_continuous,141000000000000.0,21.5,10000.0,600.0,0.42,homogeneous,2.0,0.0,0.0,disjoint_equal,3a86a44378909006,2977a7f6e94e41ba,130bf6344f43469c,False,False,results/thesis_revision_v43/stage_05b2/raw/S5B2-00494.summary.json,PLANNED
S5B2-00495,B3_C1_CONTINUOUS_DISJOINT,B3;C1,H1;A1,H1;A1,CORE,20260216,200,common_disjoint_continuous,141000000000000.0,21.5,10000.0,600.0,0.42,homogeneous,2.0,0.0,0.0,disjoint_equal,0ed16e87d91207e5,511973213733e179,130bf6344f43469c,False,False,results/thesis_revision_v43/stage_05b2/raw/S5B2-00495.summary.json,PLANNED
S5B2-00496,B3_C1_CONTINUOUS_DISJOINT,B3;C1,H1;A1,H1;A1,CORE,20260217,200,common_disjoint_continuous,141000000000000.0,21.5,10000.0,600.0,0.42,homogeneous,2.0,0.0,0.0,disjoint_equal,31f48109a797e20e,77d15fbbfceebecc,130bf6344f43469c,False,False,results/thesis_revision_v43/stage_05b2/raw/S5B2-00496.summary.json,PLANNED
S5B2-00497,B3_C1_CONTINUOUS_DISJOINT,B3;C1,H1;A1,H1;A1,CORE,20260218,200,common_disjoint_continuous,141000000000000.0,21.5,10000.0,600.0,0.42,homogeneous,2.0,0.0,0.0,disjoint_equal,1388048d57123adc,8a317d3e125d44f4,130bf6344f43469c,False,False,results/thesis_revision_v43/stage_05b2/raw/S5B2-00497.summary.json,PLANNED
S5B2-00498,B3_C1_CONTINUOUS_DISJOINT,B3;C1,H1;A1,H1;A1,CORE,20260219,200,common_disjoint_continuous,141000000000000.0,21.5,10000.0,600.0,0.42,homogeneous,2.0,0.0,0.0,disjoint_equal,03b20a4938b8c46d,f8af2556ce83bb4a,130bf6344f43469c,False,False,results/thesis_revision_v43/stage_05b2/raw/S5B2-00498.summary.json,PLANNED
S5B2-00499,B3_C1_CONTINUOUS_DISJOINT,B3;C1,H1;A1,H1;A1,CORE,20260220,200,common_disjoint_continuous,141000000000000.0,21.5,10000.0,600.0,0.42,homogeneous,2.0,0.0,0.0,disjoint_equal,dba8d953b1e73ad0,08ac4c75e4bb626c,130bf6344f43469c,False,False,results/thesis_revision_v43/stage_05b2/raw/S5B2-00499.summary.json,PLANNED
S5B2-00500,B3_C1_CONTINUOUS_DISJOINT,B3;C1,H1;A1,H1;A1,CORE,20260221,200,common_disjoint_continuous,141000000000000.0,21.5,10000.0,600.0,0.42,homogeneous,2.0,0.0,0.0,disjoint_equal,8ff928c2afbe6b93,5bef0ef590431b10,130bf6344f43469c,False,True,results/thesis_revision_v43/stage_05b2/raw/S5B2-00500.summary.json,PLANNED
S5B2-00501,B3_C1_CONTINUOUS_DISJOINT,B3;C1,H1;A1,H1;A1,CORE,20260222,200,common_disjoint_continuous,141000000000000.0,21.5,10000.0,600.0,0.42,homogeneous,2.0,0.0,0.0,disjoint_equal,489ce4667c918e4f,8969df10a82d6305,130bf6344f43469c,False,False,results/thesis_revision_v43/stage_05b2/raw/S5B2-00501.summary.json,PLANNED
S5B2-00502,B3_C1_CONTINUOUS_DISJOINT,B3;C1,H1;A1,H1;A1,CORE,20260223,200,common_disjoint_continuous,141000000000000.0,21.5,10000.0,600.0,0.42,homogeneous,2.0,0.0,0.0,disjoint_equal,f7a96a4c64550435,a87078d1ce5be64f,130bf6344f43469c,False,False,results/thesis_revision_v43/stage_05b2/raw/S5B2-00502.summary.json,PLANNED
S5B2-00503,B3_C1_CONTINUOUS_DISJOINT,B3;C1,H1;A1,H1;A1,CORE,20260224,200,common_disjoint_continuous,141000000000000.0,21.5,10000.0,600.0,0.42,homogeneous,2.0,0.0,0.0,disjoint_equal,48c1b329459cb351,64a4fcf38ca90ca2,130bf6344f43469c,False,False,results/thesis_revision_v43/stage_05b2/raw/S5B2-00503.summary.json,PLANNED
S5B2-00504,B3_C1_CONTINUOUS_DISJOINT,B3;C1,H1;A1,H1;A1,CORE,20260225,200,common_disjoint_continuous,141000000000000.0,21.5,10000.0,600.0,0.42,homogeneous,2.0,0.0,0.0,disjoint_equal,99bcf7fc173573d3,3aeb8156a1ec5ac3,130bf6344f43469c,False,False,results/thesis_revision_v43/stage_05b2/raw/S5B2-00504.summary.json,PLANNED
S5B2-00505,B3_C1_CONTINUOUS_DISJOINT,B3;C1,H1;A1,H1;A1,CORE,20260226,200,common_disjoint_continuous,141000000000000.0,21.5,10000.0,600.0,0.42,homogeneous,2.0,0.0,0.0,disjoint_equal,a5cd2fa0310cde96,299d987e7a001426,130bf6344f43469c,False,False,results/thesis_revision_v43/stage_05b2/raw/S5B2-00505.summary.json,PLANNED
S5B2-00506,B3_C1_CONTINUOUS_DISJOINT,B3;C1,H1;A1,H1;A1,CORE,20260227,200,common_disjoint_continuous,141000000000000.0,21.5,10000.0,600.0,0.42,homogeneous,2.0,0.0,0.0,disjoint_equal,a130b9301b175295,8b175ea6ab8769c5,130bf6344f43469c,False,False,results/thesis_revision_v43/stage_05b2/raw/S5B2-00506.summary.json,PLANNED
S5B2-00507,B3_C1_CONTINUOUS_DISJOINT,B3;C1,H1;A1,H1;A1,CORE,20260228,200,common_disjoint_continuous,141000000000000.0,21.5,10000.0,600.0,0.42,homogeneous,2.0,0.0,0.0,disjoint_equal,bba55478d6256fa2,9a3609e7a640fb45,130bf6344f43469c,False,False,results/thesis_revision_v43/stage_05b2/raw/S5B2-00507.summary.json,PLANNED
S5B2-00508,B3_C1_CONTINUOUS_DISJOINT,B3;C1,H1;A1,H1;A1,CORE,20260229,200,common_disjoint_continuous,141000000000000.0,21.5,10000.0,600.0,0.42,homogeneous,2.0,0.0,0.0,disjoint_equal,56ae3b782b8c36ff,e8a472166f3b1790,130bf6344f43469c,False,False,results/thesis_revision_v43/stage_05b2/raw/S5B2-00508.summary.json,PLANNED
S5B2-00509,B3_C1_CONTINUOUS_DISJOINT,B3;C1,H1;A1,H1;A1,CORE,20260230,200,common_disjoint_continuous,141000000000000.0,21.5,10000.0,600.0,0.42,homogeneous,2.0,0.0,0.0,disjoint_equal,a64ae26e15a4bfdc,16e5aad8fbcd05ad,130bf6344f43469c,False,False,results/thesis_revision_v43/stage_05b2/raw/S5B2-00509.summary.json,PLANNED
S5B2-00510,B3_C1_CONTINUOUS_DISJOINT,B3;C1,H1;A1,H1;A1,CORE,20260201,300,common_disjoint_continuous,141000000000000.0,21.5,10000.0,600.0,0.42,homogeneous,2.0,0.0,0.0,disjoint_equal,af689d52349259d9,05e90065846dd074,207a1135ea168b0a,False,True,results/thesis_revision_v43/stage_05b2/raw/S5B2-00510.summary.json,PLANNED
S5B2-00511,B3_C1_CONTINUOUS_DISJOINT,B3;C1,H1;A1,H1;A1,CORE,20260202,300,common_disjoint_continuous,141000000000000.0,21.5,10000.0,600.0,0.42,homogeneous,2.0,0.0,0.0,disjoint_equal,7b646a7f18943a18,cc090bf690dac20f,207a1135ea168b0a,False,False,results/thesis_revision_v43/stage_05b2/raw/S5B2-00511.summary.json,PLANNED
S5B2-00512,B3_C1_CONTINUOUS_DISJOINT,B3;C1,H1;A1,H1;A1,CORE,20260203,300,common_disjoint_continuous,141000000000000.0,21.5,10000.0,600.0,0.42,homogeneous,2.0,0.0,0.0,disjoint_equal,f35d5d2c672a9716,e6d8ac44baad6a5e,207a1135ea168b0a,False,False,results/thesis_revision_v43/stage_05b2/raw/S5B2-00512.summary.json,PLANNED
S5B2-00513,B3_C1_CONTINUOUS_DISJOINT,B3;C1,H1;A1,H1;A1,CORE,20260204,300,common_disjoint_continuous,141000000000000.0,21.5,10000.0,600.0,0.42,homogeneous,2.0,0.0,0.0,disjoint_equal,bb20c605473de0f9,03568f52173a4a3c,207a1135ea168b0a,False,False,results/thesis_revision_v43/stage_05b2/raw/S5B2-00513.summary.json,PLANNED
S5B2-00514,B3_C1_CONTINUOUS_DISJOINT,B3;C1,H1;A1,H1;A1,CORE,20260205,300,common_disjoint_continuous,141000000000000.0,21.5,10000.0,600.0,0.42,homogeneous,2.0,0.0,0.0,disjoint_equal,6e687d1322e3d8fb,c265dccc758b8b6c,207a1135ea168b0a,False,False,results/thesis_revision_v43/stage_05b2/raw/S5B2-00514.summary.json,PLANNED
S5B2-00515,B3_C1_CONTINUOUS_DISJOINT,B3;C1,H1;A1,H1;A1,CORE,20260206,300,common_disjoint_continuous,141000000000000.0,21.5,10000.0,600.0,0.42,homogeneous,2.0,0.0,0.0,disjoint_equal,85332147a7651bf3,24afa68f55c18ab6,207a1135ea168b0a,False,False,results/thesis_revision_v43/stage_05b2/raw/S5B2-00515.summary.json,PLANNED
S5B2-00516,B3_C1_CONTINUOUS_DISJOINT,B3;C1,H1;A1,H1;A1,CORE,20260207,300,common_disjoint_continuous,141000000000000.0,21.5,10000.0,600.0,0.42,homogeneous,2.0,0.0,0.0,disjoint_equal,135fd4078f27f51f,5b3ac99a72d100f5,207a1135ea168b0a,False,False,results/thesis_revision_v43/stage_05b2/raw/S5B2-00516.summary.json,PLANNED
S5B2-00517,B3_C1_CONTINUOUS_DISJOINT,B3;C1,H1;A1,H1;A1,CORE,20260208,300,common_disjoint_continuous,141000000000000.0,21.5,10000.0,600.0,0.42,homogeneous,2.0,0.0,0.0,disjoint_equal,6ce1d7888f574b2e,4be30c60b3401f3b,207a1135ea168b0a,False,False,results/thesis_revision_v43/stage_05b2/raw/S5B2-00517.summary.json,PLANNED
S5B2-00518,B3_C1_CONTINUOUS_DISJOINT,B3;C1,H1;A1,H1;A1,CORE,20260209,300,common_disjoint_continuous,141000000000000.0,21.5,10000.0,600.0,0.42,homogeneous,2.0,0.0,0.0,disjoint_equal,81e9fbb972b2399f,bbc3c32f14fd5285,207a1135ea168b0a,False,False,results/thesis_revision_v43/stage_05b2/raw/S5B2-00518.summary.json,PLANNED
S5B2-00519,B3_C1_CONTINUOUS_DISJOINT,B3;C1,H1;A1,H1;A1,CORE,20260210,300,common_disjoint_continuous,141000000000000.0,21.5,10000.0,600.0,0.42,homogeneous,2.0,0.0,0.0,disjoint_equal,e87838a52cc6d93e,aae208b1a79eda55,207a1135ea168b0a,False,False,results/thesis_revision_v43/stage_05b2/raw/S5B2-00519.summary.json,PLANNED
S5B2-00520,B3_C1_CONTINUOUS_DISJOINT,B3;C1,H1;A1,H1;A1,CORE,20260211,300,common_disjoint_continuous,141000000000000.0,21.5,10000.0,600.0,0.42,homogeneous,2.0,0.0,0.0,disjoint_equal,4605d0d2789a3b4c,94680a9afedb0c6c,207a1135ea168b0a,False,False,results/thesis_revision_v43/stage_05b2/raw/S5B2-00520.summary.json,PLANNED
S5B2-00521,B3_C1_CONTINUOUS_DISJOINT,B3;C1,H1;A1,H1;A1,CORE,20260212,300,common_disjoint_continuous,141000000000000.0,21.5,10000.0,600.0,0.42,homogeneous,2.0,0.0,0.0,disjoint_equal,3769a69139e18920,92afd8bf94ed4535,207a1135ea168b0a,False,False,results/thesis_revision_v43/stage_05b2/raw/S5B2-00521.summary.json,PLANNED
S5B2-00522,B3_C1_CONTINUOUS_DISJOINT,B3;C1,H1;A1,H1;A1,CORE,20260213,300,common_disjoint_continuous,141000000000000.0,21.5,10000.0,600.0,0.42,homogeneous,2.0,0.0,0.0,disjoint_equal,20b0faa381309925,5ba23d15129959b5,207a1135ea168b0a,False,False,results/thesis_revision_v43/stage_05b2/raw/S5B2-00522.summary.json,PLANNED
S5B2-00523,B3_C1_CONTINUOUS_DISJOINT,B3;C1,H1;A1,H1;A1,CORE,20260214,300,common_disjoint_continuous,141000000000000.0,21.5,10000.0,600.0,0.42,homogeneous,2.0,0.0,0.0,disjoint_equal,8e6161af09e2fa02,77171414ab39b908,207a1135ea168b0a,False,False,results/thesis_revision_v43/stage_05b2/raw/S5B2-00523.summary.json,PLANNED
S5B2-00524,B3_C1_CONTINUOUS_DISJOINT,B3;C1,H1;A1,H1;A1,CORE,20260215,300,common_disjoint_continuous,141000000000000.0,21.5,10000.0,600.0,0.42,homogeneous,2.0,0.0,0.0,disjoint_equal,219f468e572e6316,34e8cc38c48d2d8d,207a1135ea168b0a,False,False,results/thesis_revision_v43/stage_05b2/raw/S5B2-00524.summary.json,PLANNED
S5B2-00525,B3_C1_CONTINUOUS_DISJOINT,B3;C1,H1;A1,H1;A1,CORE,20260216,300,common_disjoint_continuous,141000000000000.0,21.5,10000.0,600.0,0.42,homogeneous,2.0,0.0,0.0,disjoint_equal,6b54a9b25f5e1c98,6b030bfca65b3cdc,207a1135ea168b0a,False,False,results/thesis_revision_v43/stage_05b2/raw/S5B2-00525.summary.json,PLANNED
S5B2-00526,B3_C1_CONTINUOUS_DISJOINT,B3;C1,H1;A1,H1;A1,CORE,20260217,300,common_disjoint_continuous,141000000000000.0,21.5,10000.0,600.0,0.42,homogeneous,2.0,0.0,0.0,disjoint_equal,1d854eeb24e51ab7,6e647f01ba20c7d7,207a1135ea168b0a,False,False,results/thesis_revision_v43/stage_05b2/raw/S5B2-00526.summary.json,PLANNED
S5B2-00527,B3_C1_CONTINUOUS_DISJOINT,B3;C1,H1;A1,H1;A1,CORE,20260218,300,common_disjoint_continuous,141000000000000.0,21.5,10000.0,600.0,0.42,homogeneous,2.0,0.0,0.0,disjoint_equal,e4bb2f2ffe7a4535,7a79f94b653483d7,207a1135ea168b0a,False,False,results/thesis_revision_v43/stage_05b2/raw/S5B2-00527.summary.json,PLANNED
S5B2-00528,B3_C1_CONTINUOUS_DISJOINT,B3;C1,H1;A1,H1;A1,CORE,20260219,300,common_disjoint_continuous,141000000000000.0,21.5,10000.0,600.0,0.42,homogeneous,2.0,0.0,0.0,disjoint_equal,dea9b131d9536704,b0bb856eb9f38182,207a1135ea168b0a,False,False,results/thesis_revision_v43/stage_05b2/raw/S5B2-00528.summary.json,PLANNED
S5B2-00529,B3_C1_CONTINUOUS_DISJOINT,B3;C1,H1;A1,H1;A1,CORE,20260220,300,common_disjoint_continuous,141000000000000.0,21.5,10000.0,600.0,0.42,homogeneous,2.0,0.0,0.0,disjoint_equal,af4428d0a398c77a,b0a210a429067827,207a1135ea168b0a,False,False,results/thesis_revision_v43/stage_05b2/raw/S5B2-00529.summary.json,PLANNED
S5B2-00530,B3_C1_CONTINUOUS_DISJOINT,B3;C1,H1;A1,H1;A1,CORE,20260221,300,common_disjoint_continuous,141000000000000.0,21.5,10000.0,600.0,0.42,homogeneous,2.0,0.0,0.0,disjoint_equal,073d8e3ffef5beb0,889dfbca7ec7f96d,207a1135ea168b0a,False,False,results/thesis_revision_v43/stage_05b2/raw/S5B2-00530.summary.json,PLANNED
S5B2-00531,B3_C1_CONTINUOUS_DISJOINT,B3;C1,H1;A1,H1;A1,CORE,20260222,300,common_disjoint_continuous,141000000000000.0,21.5,10000.0,600.0,0.42,homogeneous,2.0,0.0,0.0,disjoint_equal,2e3179f227a98eb8,794a1e0b7f142fe6,207a1135ea168b0a,False,False,results/thesis_revision_v43/stage_05b2/raw/S5B2-00531.summary.json,PLANNED
S5B2-00532,B3_C1_CONTINUOUS_DISJOINT,B3;C1,H1;A1,H1;A1,CORE,20260223,300,common_disjoint_continuous,141000000000000.0,21.5,10000.0,600.0,0.42,homogeneous,2.0,0.0,0.0,disjoint_equal,87320a14c9f0902c,6a87ec4d007cdfdf,207a1135ea168b0a,False,False,results/thesis_revision_v43/stage_05b2/raw/S5B2-00532.summary.json,PLANNED
S5B2-00533,B3_C1_CONTINUOUS_DISJOINT,B3;C1,H1;A1,H1;A1,CORE,20260224,300,common_disjoint_continuous,141000000000000.0,21.5,10000.0,600.0,0.42,homogeneous,2.0,0.0,0.0,disjoint_equal,94c7cfac57c1349c,858171ff5ad6724f,207a1135ea168b0a,False,False,results/thesis_revision_v43/stage_05b2/raw/S5B2-00533.summary.json,PLANNED
S5B2-00534,B3_C1_CONTINUOUS_DISJOINT,B3;C1,H1;A1,H1;A1,CORE,20260225,300,common_disjoint_continuous,141000000000000.0,21.5,10000.0,600.0,0.42,homogeneous,2.0,0.0,0.0,disjoint_equal,98e661482a218435,664511582ae53a97,207a1135ea168b0a,False,False,results/thesis_revision_v43/stage_05b2/raw/S5B2-00534.summary.json,PLANNED
S5B2-00535,B3_C1_CONTINUOUS_DISJOINT,B3;C1,H1;A1,H1;A1,CORE,20260226,300,common_disjoint_continuous,141000000000000.0,21.5,10000.0,600.0,0.42,homogeneous,2.0,0.0,0.0,disjoint_equal,0b44d38dd0f24ca0,88d108f8240db4ab,207a1135ea168b0a,False,False,results/thesis_revision_v43/stage_05b2/raw/S5B2-00535.summary.json,PLANNED
S5B2-00536,B3_C1_CONTINUOUS_DISJOINT,B3;C1,H1;A1,H1;A1,CORE,20260227,300,common_disjoint_continuous,141000000000000.0,21.5,10000.0,600.0,0.42,homogeneous,2.0,0.0,0.0,disjoint_equal,eb24498e56c3e7c1,3cc9d03a29b67259,207a1135ea168b0a,False,False,results/thesis_revision_v43/stage_05b2/raw/S5B2-00536.summary.json,PLANNED
S5B2-00537,B3_C1_CONTINUOUS_DISJOINT,B3;C1,H1;A1,H1;A1,CORE,20260228,300,common_disjoint_continuous,141000000000000.0,21.5,10000.0,600.0,0.42,homogeneous,2.0,0.0,0.0,disjoint_equal,ed25f2a87ef0077a,be027771e23df035,207a1135ea168b0a,False,False,results/thesis_revision_v43/stage_05b2/raw/S5B2-00537.summary.json,PLANNED
S5B2-00538,B3_C1_CONTINUOUS_DISJOINT,B3;C1,H1;A1,H1;A1,CORE,20260229,300,common_disjoint_continuous,141000000000000.0,21.5,10000.0,600.0,0.42,homogeneous,2.0,0.0,0.0,disjoint_equal,78fb10509bd816bd,4a5a28e857b8eca4,207a1135ea168b0a,False,False,results/thesis_revision_v43/stage_05b2/raw/S5B2-00538.summary.json,PLANNED
S5B2-00539,B3_C1_CONTINUOUS_DISJOINT,B3;C1,H1;A1,H1;A1,CORE,20260230,300,common_disjoint_continuous,141000000000000.0,21.5,10000.0,600.0,0.42,homogeneous,2.0,0.0,0.0,disjoint_equal,e25782f7dd284edb,acac2fba9c877706,207a1135ea168b0a,False,False,results/thesis_revision_v43/stage_05b2/raw/S5B2-00539.summary.json,PLANNED
S5B2-00540,B3_C1_CONTINUOUS_DISJOINT,B3;C1,H1;A1,H1;A1,CORE,20260201,400,common_disjoint_continuous,141000000000000.0,21.5,10000.0,600.0,0.42,homogeneous,2.0,0.0,0.0,disjoint_equal,71b9157ce8385ea4,6b3007e403fe6d5d,7de8f06a0336d0ab,False,True,results/thesis_revision_v43/stage_05b2/raw/S5B2-00540.summary.json,PLANNED
S5B2-00541,B3_C1_CONTINUOUS_DISJOINT,B3;C1,H1;A1,H1;A1,CORE,20260202,400,common_disjoint_continuous,141000000000000.0,21.5,10000.0,600.0,0.42,homogeneous,2.0,0.0,0.0,disjoint_equal,7119e98e5999612a,b70149736d705f84,7de8f06a0336d0ab,False,False,results/thesis_revision_v43/stage_05b2/raw/S5B2-00541.summary.json,PLANNED
S5B2-00542,B3_C1_CONTINUOUS_DISJOINT,B3;C1,H1;A1,H1;A1,CORE,20260203,400,common_disjoint_continuous,141000000000000.0,21.5,10000.0,600.0,0.42,homogeneous,2.0,0.0,0.0,disjoint_equal,8f1351bd5e44466a,3bd8de5eeb3c31ae,7de8f06a0336d0ab,False,False,results/thesis_revision_v43/stage_05b2/raw/S5B2-00542.summary.json,PLANNED
S5B2-00543,B3_C1_CONTINUOUS_DISJOINT,B3;C1,H1;A1,H1;A1,CORE,20260204,400,common_disjoint_continuous,141000000000000.0,21.5,10000.0,600.0,0.42,homogeneous,2.0,0.0,0.0,disjoint_equal,53e67439182886a7,d9cdb68b20dbffa4,7de8f06a0336d0ab,False,False,results/thesis_revision_v43/stage_05b2/raw/S5B2-00543.summary.json,PLANNED
S5B2-00544,B3_C1_CONTINUOUS_DISJOINT,B3;C1,H1;A1,H1;A1,CORE,20260205,400,common_disjoint_continuous,141000000000000.0,21.5,10000.0,600.0,0.42,homogeneous,2.0,0.0,0.0,disjoint_equal,1f709fbc06b8dec8,7c24b6858e3d3dbd,7de8f06a0336d0ab,False,False,results/thesis_revision_v43/stage_05b2/raw/S5B2-00544.summary.json,PLANNED
S5B2-00545,B3_C1_CONTINUOUS_DISJOINT,B3;C1,H1;A1,H1;A1,CORE,20260206,400,common_disjoint_continuous,141000000000000.0,21.5,10000.0,600.0,0.42,homogeneous,2.0,0.0,0.0,disjoint_equal,6945ed03efbaea14,4fbfe44b34bc2719,7de8f06a0336d0ab,False,False,results/thesis_revision_v43/stage_05b2/raw/S5B2-00545.summary.json,PLANNED
S5B2-00546,B3_C1_CONTINUOUS_DISJOINT,B3;C1,H1;A1,H1;A1,CORE,20260207,400,common_disjoint_continuous,141000000000000.0,21.5,10000.0,600.0,0.42,homogeneous,2.0,0.0,0.0,disjoint_equal,7d9c84f384cb74a2,38e12b59b6c701d5,7de8f06a0336d0ab,False,False,results/thesis_revision_v43/stage_05b2/raw/S5B2-00546.summary.json,PLANNED
S5B2-00547,B3_C1_CONTINUOUS_DISJOINT,B3;C1,H1;A1,H1;A1,CORE,20260208,400,common_disjoint_continuous,141000000000000.0,21.5,10000.0,600.0,0.42,homogeneous,2.0,0.0,0.0,disjoint_equal,235c7825295c6fb2,18fe6e93de3757dd,7de8f06a0336d0ab,False,False,results/thesis_revision_v43/stage_05b2/raw/S5B2-00547.summary.json,PLANNED
S5B2-00548,B3_C1_CONTINUOUS_DISJOINT,B3;C1,H1;A1,H1;A1,CORE,20260209,400,common_disjoint_continuous,141000000000000.0,21.5,10000.0,600.0,0.42,homogeneous,2.0,0.0,0.0,disjoint_equal,bce0f9dfd98e7b3a,9762e19a7b124e28,7de8f06a0336d0ab,False,False,results/thesis_revision_v43/stage_05b2/raw/S5B2-00548.summary.json,PLANNED
S5B2-00549,B3_C1_CONTINUOUS_DISJOINT,B3;C1,H1;A1,H1;A1,CORE,20260210,400,common_disjoint_continuous,141000000000000.0,21.5,10000.0,600.0,0.42,homogeneous,2.0,0.0,0.0,disjoint_equal,55f109aa72206130,2ed0fee9199d9d93,7de8f06a0336d0ab,False,False,results/thesis_revision_v43/stage_05b2/raw/S5B2-00549.summary.json,PLANNED
S5B2-00550,B3_C1_CONTINUOUS_DISJOINT,B3;C1,H1;A1,H1;A1,CORE,20260211,400,common_disjoint_continuous,141000000000000.0,21.5,10000.0,600.0,0.42,homogeneous,2.0,0.0,0.0,disjoint_equal,94b7b28ed96b20ea,17decf76891471d2,7de8f06a0336d0ab,False,False,results/thesis_revision_v43/stage_05b2/raw/S5B2-00550.summary.json,PLANNED
S5B2-00551,B3_C1_CONTINUOUS_DISJOINT,B3;C1,H1;A1,H1;A1,CORE,20260212,400,common_disjoint_continuous,141000000000000.0,21.5,10000.0,600.0,0.42,homogeneous,2.0,0.0,0.0,disjoint_equal,5a5849756099690d,3007441b1270392f,7de8f06a0336d0ab,False,False,results/thesis_revision_v43/stage_05b2/raw/S5B2-00551.summary.json,PLANNED
S5B2-00552,B3_C1_CONTINUOUS_DISJOINT,B3;C1,H1;A1,H1;A1,CORE,20260213,400,common_disjoint_continuous,141000000000000.0,21.5,10000.0,600.0,0.42,homogeneous,2.0,0.0,0.0,disjoint_equal,15748338ef4cbdd0,587cb040a6a0d20b,7de8f06a0336d0ab,False,False,results/thesis_revision_v43/stage_05b2/raw/S5B2-00552.summary.json,PLANNED
S5B2-00553,B3_C1_CONTINUOUS_DISJOINT,B3;C1,H1;A1,H1;A1,CORE,20260214,400,common_disjoint_continuous,141000000000000.0,21.5,10000.0,600.0,0.42,homogeneous,2.0,0.0,0.0,disjoint_equal,45aa63142e2d779b,1fceb339e25e16c8,7de8f06a0336d0ab,False,False,results/thesis_revision_v43/stage_05b2/raw/S5B2-00553.summary.json,PLANNED
S5B2-00554,B3_C1_CONTINUOUS_DISJOINT,B3;C1,H1;A1,H1;A1,CORE,20260215,400,common_disjoint_continuous,141000000000000.0,21.5,10000.0,600.0,0.42,homogeneous,2.0,0.0,0.0,disjoint_equal,bae007c7b7f287e7,7a08e0e3386933f4,7de8f06a0336d0ab,False,False,results/thesis_revision_v43/stage_05b2/raw/S5B2-00554.summary.json,PLANNED
S5B2-00555,B3_C1_CONTINUOUS_DISJOINT,B3;C1,H1;A1,H1;A1,CORE,20260216,400,common_disjoint_continuous,141000000000000.0,21.5,10000.0,600.0,0.42,homogeneous,2.0,0.0,0.0,disjoint_equal,47c9332ea13194c1,9dc0e729d08c7b3c,7de8f06a0336d0ab,False,False,results/thesis_revision_v43/stage_05b2/raw/S5B2-00555.summary.json,PLANNED
S5B2-00556,B3_C1_CONTINUOUS_DISJOINT,B3;C1,H1;A1,H1;A1,CORE,20260217,400,common_disjoint_continuous,141000000000000.0,21.5,10000.0,600.0,0.42,homogeneous,2.0,0.0,0.0,disjoint_equal,febd87ed730e5e1e,da9363d096356801,7de8f06a0336d0ab,False,False,results/thesis_revision_v43/stage_05b2/raw/S5B2-00556.summary.json,PLANNED
S5B2-00557,B3_C1_CONTINUOUS_DISJOINT,B3;C1,H1;A1,H1;A1,CORE,20260218,400,common_disjoint_continuous,141000000000000.0,21.5,10000.0,600.0,0.42,homogeneous,2.0,0.0,0.0,disjoint_equal,b1a3ead9d344298b,7eddfb33866356d3,7de8f06a0336d0ab,False,False,results/thesis_revision_v43/stage_05b2/raw/S5B2-00557.summary.json,PLANNED
S5B2-00558,B3_C1_CONTINUOUS_DISJOINT,B3;C1,H1;A1,H1;A1,CORE,20260219,400,common_disjoint_continuous,141000000000000.0,21.5,10000.0,600.0,0.42,homogeneous,2.0,0.0,0.0,disjoint_equal,8effe543a77dd14a,432df6955b7ecc7a,7de8f06a0336d0ab,False,False,results/thesis_revision_v43/stage_05b2/raw/S5B2-00558.summary.json,PLANNED
S5B2-00559,B3_C1_CONTINUOUS_DISJOINT,B3;C1,H1;A1,H1;A1,CORE,20260220,400,common_disjoint_continuous,141000000000000.0,21.5,10000.0,600.0,0.42,homogeneous,2.0,0.0,0.0,disjoint_equal,3fb77f3070fc85af,61c46f1f45ee6112,7de8f06a0336d0ab,False,False,results/thesis_revision_v43/stage_05b2/raw/S5B2-00559.summary.json,PLANNED
S5B2-00560,B3_C1_CONTINUOUS_DISJOINT,B3;C1,H1;A1,H1;A1,CORE,20260221,400,common_disjoint_continuous,141000000000000.0,21.5,10000.0,600.0,0.42,homogeneous,2.0,0.0,0.0,disjoint_equal,c24fe120496b60d7,a878fe02067bd02d,7de8f06a0336d0ab,False,False,results/thesis_revision_v43/stage_05b2/raw/S5B2-00560.summary.json,PLANNED
S5B2-00561,B3_C1_CONTINUOUS_DISJOINT,B3;C1,H1;A1,H1;A1,CORE,20260222,400,common_disjoint_continuous,141000000000000.0,21.5,10000.0,600.0,0.42,homogeneous,2.0,0.0,0.0,disjoint_equal,5f1dc7502f33a6a5,206eb9d75dfeab9c,7de8f06a0336d0ab,False,False,results/thesis_revision_v43/stage_05b2/raw/S5B2-00561.summary.json,PLANNED
S5B2-00562,B3_C1_CONTINUOUS_DISJOINT,B3;C1,H1;A1,H1;A1,CORE,20260223,400,common_disjoint_continuous,141000000000000.0,21.5,10000.0,600.0,0.42,homogeneous,2.0,0.0,0.0,disjoint_equal,0b69657d985dc473,872523114a358b3e,7de8f06a0336d0ab,False,False,results/thesis_revision_v43/stage_05b2/raw/S5B2-00562.summary.json,PLANNED
S5B2-00563,B3_C1_CONTINUOUS_DISJOINT,B3;C1,H1;A1,H1;A1,CORE,20260224,400,common_disjoint_continuous,141000000000000.0,21.5,10000.0,600.0,0.42,homogeneous,2.0,0.0,0.0,disjoint_equal,f10a291f6f74413f,b4ba7cc3068709f2,7de8f06a0336d0ab,False,False,results/thesis_revision_v43/stage_05b2/raw/S5B2-00563.summary.json,PLANNED
S5B2-00564,B3_C1_CONTINUOUS_DISJOINT,B3;C1,H1;A1,H1;A1,CORE,20260225,400,common_disjoint_continuous,141000000000000.0,21.5,10000.0,600.0,0.42,homogeneous,2.0,0.0,0.0,disjoint_equal,68ec5732de4db676,76908bf5c8876264,7de8f06a0336d0ab,False,False,results/thesis_revision_v43/stage_05b2/raw/S5B2-00564.summary.json,PLANNED
S5B2-00565,B3_C1_CONTINUOUS_DISJOINT,B3;C1,H1;A1,H1;A1,CORE,20260226,400,common_disjoint_continuous,141000000000000.0,21.5,10000.0,600.0,0.42,homogeneous,2.0,0.0,0.0,disjoint_equal,5369f17ec350dba3,b4602f8070616535,7de8f06a0336d0ab,False,False,results/thesis_revision_v43/stage_05b2/raw/S5B2-00565.summary.json,PLANNED
S5B2-00566,B3_C1_CONTINUOUS_DISJOINT,B3;C1,H1;A1,H1;A1,CORE,20260227,400,common_disjoint_continuous,141000000000000.0,21.5,10000.0,600.0,0.42,homogeneous,2.0,0.0,0.0,disjoint_equal,dc8eaa8a770500d1,8de8f9ed289495e2,7de8f06a0336d0ab,False,False,results/thesis_revision_v43/stage_05b2/raw/S5B2-00566.summary.json,PLANNED
S5B2-00567,B3_C1_CONTINUOUS_DISJOINT,B3;C1,H1;A1,H1;A1,CORE,20260228,400,common_disjoint_continuous,141000000000000.0,21.5,10000.0,600.0,0.42,homogeneous,2.0,0.0,0.0,disjoint_equal,4da34a2d20a662aa,ef5e468fdbb6d34c,7de8f06a0336d0ab,False,False,results/thesis_revision_v43/stage_05b2/raw/S5B2-00567.summary.json,PLANNED
S5B2-00568,B3_C1_CONTINUOUS_DISJOINT,B3;C1,H1;A1,H1;A1,CORE,20260229,400,common_disjoint_continuous,141000000000000.0,21.5,10000.0,600.0,0.42,homogeneous,2.0,0.0,0.0,disjoint_equal,c0bbf726e1c0fe77,5265226f49823c2d,7de8f06a0336d0ab,False,False,results/thesis_revision_v43/stage_05b2/raw/S5B2-00568.summary.json,PLANNED
S5B2-00569,B3_C1_CONTINUOUS_DISJOINT,B3;C1,H1;A1,H1;A1,CORE,20260230,400,common_disjoint_continuous,141000000000000.0,21.5,10000.0,600.0,0.42,homogeneous,2.0,0.0,0.0,disjoint_equal,7484c24df795a082,a10822519e266d10,7de8f06a0336d0ab,False,False,results/thesis_revision_v43/stage_05b2/raw/S5B2-00569.summary.json,PLANNED
S5B2-00570,B3_C1_CONTINUOUS_DISJOINT,B3;C1,H1;A1,H1;A1,CORE,20260201,500,common_disjoint_continuous,141000000000000.0,21.5,10000.0,600.0,0.42,homogeneous,2.0,0.0,0.0,disjoint_equal,ac624bafd3b3e68e,32bad06aef7d4dac,9940e3b186092d3a,False,True,results/thesis_revision_v43/stage_05b2/raw/S5B2-00570.summary.json,PLANNED
S5B2-00571,B3_C1_CONTINUOUS_DISJOINT,B3;C1,H1;A1,H1;A1,CORE,20260202,500,common_disjoint_continuous,141000000000000.0,21.5,10000.0,600.0,0.42,homogeneous,2.0,0.0,0.0,disjoint_equal,742f1eba77de4844,0e7b0580d2f36b3e,9940e3b186092d3a,False,False,results/thesis_revision_v43/stage_05b2/raw/S5B2-00571.summary.json,PLANNED
S5B2-00572,B3_C1_CONTINUOUS_DISJOINT,B3;C1,H1;A1,H1;A1,CORE,20260203,500,common_disjoint_continuous,141000000000000.0,21.5,10000.0,600.0,0.42,homogeneous,2.0,0.0,0.0,disjoint_equal,74f1cb8ba3b2650d,c7eb13c2260f2b38,9940e3b186092d3a,False,False,results/thesis_revision_v43/stage_05b2/raw/S5B2-00572.summary.json,PLANNED
S5B2-00573,B3_C1_CONTINUOUS_DISJOINT,B3;C1,H1;A1,H1;A1,CORE,20260204,500,common_disjoint_continuous,141000000000000.0,21.5,10000.0,600.0,0.42,homogeneous,2.0,0.0,0.0,disjoint_equal,23e461e9c4ed8aeb,35fb6fbfc2a2bd40,9940e3b186092d3a,False,False,results/thesis_revision_v43/stage_05b2/raw/S5B2-00573.summary.json,PLANNED
S5B2-00574,B3_C1_CONTINUOUS_DISJOINT,B3;C1,H1;A1,H1;A1,CORE,20260205,500,common_disjoint_continuous,141000000000000.0,21.5,10000.0,600.0,0.42,homogeneous,2.0,0.0,0.0,disjoint_equal,7242cdb134883b7d,ed841995292aad68,9940e3b186092d3a,False,False,results/thesis_revision_v43/stage_05b2/raw/S5B2-00574.summary.json,PLANNED
S5B2-00575,B3_C1_CONTINUOUS_DISJOINT,B3;C1,H1;A1,H1;A1,CORE,20260206,500,common_disjoint_continuous,141000000000000.0,21.5,10000.0,600.0,0.42,homogeneous,2.0,0.0,0.0,disjoint_equal,1abfcad2a0b23033,69162e1457497bc5,9940e3b186092d3a,False,False,results/thesis_revision_v43/stage_05b2/raw/S5B2-00575.summary.json,PLANNED
S5B2-00576,B3_C1_CONTINUOUS_DISJOINT,B3;C1,H1;A1,H1;A1,CORE,20260207,500,common_disjoint_continuous,141000000000000.0,21.5,10000.0,600.0,0.42,homogeneous,2.0,0.0,0.0,disjoint_equal,bdb1f8a40ba88d93,d003db36dee5a3e2,9940e3b186092d3a,False,False,results/thesis_revision_v43/stage_05b2/raw/S5B2-00576.summary.json,PLANNED
S5B2-00577,B3_C1_CONTINUOUS_DISJOINT,B3;C1,H1;A1,H1;A1,CORE,20260208,500,common_disjoint_continuous,141000000000000.0,21.5,10000.0,600.0,0.42,homogeneous,2.0,0.0,0.0,disjoint_equal,edde5737e04ebbe1,9417ad9d243d12df,9940e3b186092d3a,False,False,results/thesis_revision_v43/stage_05b2/raw/S5B2-00577.summary.json,PLANNED
S5B2-00578,B3_C1_CONTINUOUS_DISJOINT,B3;C1,H1;A1,H1;A1,CORE,20260209,500,common_disjoint_continuous,141000000000000.0,21.5,10000.0,600.0,0.42,homogeneous,2.0,0.0,0.0,disjoint_equal,6732a3197862d6df,f120abc9ce04a811,9940e3b186092d3a,False,False,results/thesis_revision_v43/stage_05b2/raw/S5B2-00578.summary.json,PLANNED
S5B2-00579,B3_C1_CONTINUOUS_DISJOINT,B3;C1,H1;A1,H1;A1,CORE,20260210,500,common_disjoint_continuous,141000000000000.0,21.5,10000.0,600.0,0.42,homogeneous,2.0,0.0,0.0,disjoint_equal,d30c53a4f22aec75,aebd2b4c9076c684,9940e3b186092d3a,False,False,results/thesis_revision_v43/stage_05b2/raw/S5B2-00579.summary.json,PLANNED
S5B2-00580,B3_C1_CONTINUOUS_DISJOINT,B3;C1,H1;A1,H1;A1,CORE,20260211,500,common_disjoint_continuous,141000000000000.0,21.5,10000.0,600.0,0.42,homogeneous,2.0,0.0,0.0,disjoint_equal,36f015426e3564d4,c2300e60e2c9357c,9940e3b186092d3a,False,False,results/thesis_revision_v43/stage_05b2/raw/S5B2-00580.summary.json,PLANNED
S5B2-00581,B3_C1_CONTINUOUS_DISJOINT,B3;C1,H1;A1,H1;A1,CORE,20260212,500,common_disjoint_continuous,141000000000000.0,21.5,10000.0,600.0,0.42,homogeneous,2.0,0.0,0.0,disjoint_equal,e6e50056a9fb92ba,747ec2fc6811c075,9940e3b186092d3a,False,False,results/thesis_revision_v43/stage_05b2/raw/S5B2-00581.summary.json,PLANNED
S5B2-00582,B3_C1_CONTINUOUS_DISJOINT,B3;C1,H1;A1,H1;A1,CORE,20260213,500,common_disjoint_continuous,141000000000000.0,21.5,10000.0,600.0,0.42,homogeneous,2.0,0.0,0.0,disjoint_equal,7c451fbe9d9d7818,2491cd70fe9f9230,9940e3b186092d3a,False,False,results/thesis_revision_v43/stage_05b2/raw/S5B2-00582.summary.json,PLANNED
S5B2-00583,B3_C1_CONTINUOUS_DISJOINT,B3;C1,H1;A1,H1;A1,CORE,20260214,500,common_disjoint_continuous,141000000000000.0,21.5,10000.0,600.0,0.42,homogeneous,2.0,0.0,0.0,disjoint_equal,39cd2ccb4e992527,475d0e11d0b3f6de,9940e3b186092d3a,False,False,results/thesis_revision_v43/stage_05b2/raw/S5B2-00583.summary.json,PLANNED
S5B2-00584,B3_C1_CONTINUOUS_DISJOINT,B3;C1,H1;A1,H1;A1,CORE,20260215,500,common_disjoint_continuous,141000000000000.0,21.5,10000.0,600.0,0.42,homogeneous,2.0,0.0,0.0,disjoint_equal,88ba880021edc40f,6e78275c6e74cd6e,9940e3b186092d3a,False,False,results/thesis_revision_v43/stage_05b2/raw/S5B2-00584.summary.json,PLANNED
S5B2-00585,B3_C1_CONTINUOUS_DISJOINT,B3;C1,H1;A1,H1;A1,CORE,20260216,500,common_disjoint_continuous,141000000000000.0,21.5,10000.0,600.0,0.42,homogeneous,2.0,0.0,0.0,disjoint_equal,207e7a68d13c862f,a670ced3143d4726,9940e3b186092d3a,False,False,results/thesis_revision_v43/stage_05b2/raw/S5B2-00585.summary.json,PLANNED
S5B2-00586,B3_C1_CONTINUOUS_DISJOINT,B3;C1,H1;A1,H1;A1,CORE,20260217,500,common_disjoint_continuous,141000000000000.0,21.5,10000.0,600.0,0.42,homogeneous,2.0,0.0,0.0,disjoint_equal,7bf1d3eaca8fc28e,2532c91baaa87dc9,9940e3b186092d3a,False,False,results/thesis_revision_v43/stage_05b2/raw/S5B2-00586.summary.json,PLANNED
S5B2-00587,B3_C1_CONTINUOUS_DISJOINT,B3;C1,H1;A1,H1;A1,CORE,20260218,500,common_disjoint_continuous,141000000000000.0,21.5,10000.0,600.0,0.42,homogeneous,2.0,0.0,0.0,disjoint_equal,1f26f3b069f918be,23fa33a487213892,9940e3b186092d3a,False,False,results/thesis_revision_v43/stage_05b2/raw/S5B2-00587.summary.json,PLANNED
S5B2-00588,B3_C1_CONTINUOUS_DISJOINT,B3;C1,H1;A1,H1;A1,CORE,20260219,500,common_disjoint_continuous,141000000000000.0,21.5,10000.0,600.0,0.42,homogeneous,2.0,0.0,0.0,disjoint_equal,92906e0900013dc8,65a084cb199300c0,9940e3b186092d3a,False,False,results/thesis_revision_v43/stage_05b2/raw/S5B2-00588.summary.json,PLANNED
S5B2-00589,B3_C1_CONTINUOUS_DISJOINT,B3;C1,H1;A1,H1;A1,CORE,20260220,500,common_disjoint_continuous,141000000000000.0,21.5,10000.0,600.0,0.42,homogeneous,2.0,0.0,0.0,disjoint_equal,08954f735eefa090,a584edc481c5dc65,9940e3b186092d3a,False,False,results/thesis_revision_v43/stage_05b2/raw/S5B2-00589.summary.json,PLANNED
S5B2-00590,B3_C1_CONTINUOUS_DISJOINT,B3;C1,H1;A1,H1;A1,CORE,20260221,500,common_disjoint_continuous,141000000000000.0,21.5,10000.0,600.0,0.42,homogeneous,2.0,0.0,0.0,disjoint_equal,ca9a7397f3829c27,ea3d1d23ed3ef93d,9940e3b186092d3a,False,False,results/thesis_revision_v43/stage_05b2/raw/S5B2-00590.summary.json,PLANNED
S5B2-00591,B3_C1_CONTINUOUS_DISJOINT,B3;C1,H1;A1,H1;A1,CORE,20260222,500,common_disjoint_continuous,141000000000000.0,21.5,10000.0,600.0,0.42,homogeneous,2.0,0.0,0.0,disjoint_equal,d856b6fb6789ada2,e9ae0b4c95fd5a40,9940e3b186092d3a,False,False,results/thesis_revision_v43/stage_05b2/raw/S5B2-00591.summary.json,PLANNED
S5B2-00592,B3_C1_CONTINUOUS_DISJOINT,B3;C1,H1;A1,H1;A1,CORE,20260223,500,common_disjoint_continuous,141000000000000.0,21.5,10000.0,600.0,0.42,homogeneous,2.0,0.0,0.0,disjoint_equal,b1037e6bffae5b64,8c4323176bf9e904,9940e3b186092d3a,False,False,results/thesis_revision_v43/stage_05b2/raw/S5B2-00592.summary.json,PLANNED
S5B2-00593,B3_C1_CONTINUOUS_DISJOINT,B3;C1,H1;A1,H1;A1,CORE,20260224,500,common_disjoint_continuous,141000000000000.0,21.5,10000.0,600.0,0.42,homogeneous,2.0,0.0,0.0,disjoint_equal,9389191bf240ff79,3d45c4ead9685aa4,9940e3b186092d3a,False,False,results/thesis_revision_v43/stage_05b2/raw/S5B2-00593.summary.json,PLANNED
S5B2-00594,B3_C1_CONTINUOUS_DISJOINT,B3;C1,H1;A1,H1;A1,CORE,20260225,500,common_disjoint_continuous,141000000000000.0,21.5,10000.0,600.0,0.42,homogeneous,2.0,0.0,0.0,disjoint_equal,cbdef516a225be85,1cd9a88e4a7c4e1c,9940e3b186092d3a,False,False,results/thesis_revision_v43/stage_05b2/raw/S5B2-00594.summary.json,PLANNED
S5B2-00595,B3_C1_CONTINUOUS_DISJOINT,B3;C1,H1;A1,H1;A1,CORE,20260226,500,common_disjoint_continuous,141000000000000.0,21.5,10000.0,600.0,0.42,homogeneous,2.0,0.0,0.0,disjoint_equal,d37f165799e5db78,d7ec17062ec6c435,9940e3b186092d3a,False,False,results/thesis_revision_v43/stage_05b2/raw/S5B2-00595.summary.json,PLANNED
S5B2-00596,B3_C1_CONTINUOUS_DISJOINT,B3;C1,H1;A1,H1;A1,CORE,20260227,500,common_disjoint_continuous,141000000000000.0,21.5,10000.0,600.0,0.42,homogeneous,2.0,0.0,0.0,disjoint_equal,22c6d7e99c124c4b,09d0e15c9d40b5cb,9940e3b186092d3a,False,False,results/thesis_revision_v43/stage_05b2/raw/S5B2-00596.summary.json,PLANNED
S5B2-00597,B3_C1_CONTINUOUS_DISJOINT,B3;C1,H1;A1,H1;A1,CORE,20260228,500,common_disjoint_continuous,141000000000000.0,21.5,10000.0,600.0,0.42,homogeneous,2.0,0.0,0.0,disjoint_equal,2b6fc6248417793f,f343b34fcaa0aab0,9940e3b186092d3a,False,False,results/thesis_revision_v43/stage_05b2/raw/S5B2-00597.summary.json,PLANNED
S5B2-00598,B3_C1_CONTINUOUS_DISJOINT,B3;C1,H1;A1,H1;A1,CORE,20260229,500,common_disjoint_continuous,141000000000000.0,21.5,10000.0,600.0,0.42,homogeneous,2.0,0.0,0.0,disjoint_equal,c58fd85a4af67234,6e8803d5048a71ea,9940e3b186092d3a,False,False,results/thesis_revision_v43/stage_05b2/raw/S5B2-00598.summary.json,PLANNED
S5B2-00599,B3_C1_CONTINUOUS_DISJOINT,B3;C1,H1;A1,H1;A1,CORE,20260230,500,common_disjoint_continuous,141000000000000.0,21.5,10000.0,600.0,0.42,homogeneous,2.0,0.0,0.0,disjoint_equal,82b47561c1296d99,fcdef9ae6d5c70b1,9940e3b186092d3a,False,False,results/thesis_revision_v43/stage_05b2/raw/S5B2-00599.summary.json,PLANNED
S5B2-00600,C2,C2,,H3;H4,CORE_C2,20260201,100,common_disjoint_idle,141000000000000.0,21.5,10000.0,600.0,0.42,homogeneous,2.0,0.0,0.0,disjoint_equal,c80263a3991da381,75fcf318b54557b8,8d9a4d53fe38d87e,False,True,results/thesis_revision_v43/stage_05b2/raw/S5B2-00600.summary.json,PLANNED
S5B2-00601,C2,C2,,H3;H4,CORE_C2,20260202,100,common_disjoint_idle,141000000000000.0,21.5,10000.0,600.0,0.42,homogeneous,2.0,0.0,0.0,disjoint_equal,3f073f42247b8894,6cc57f1293d21985,8d9a4d53fe38d87e,False,False,results/thesis_revision_v43/stage_05b2/raw/S5B2-00601.summary.json,PLANNED
S5B2-00602,C2,C2,,H3;H4,CORE_C2,20260203,100,common_disjoint_idle,141000000000000.0,21.5,10000.0,600.0,0.42,homogeneous,2.0,0.0,0.0,disjoint_equal,ae48cf701e157451,90f8c53985ab5b72,8d9a4d53fe38d87e,False,False,results/thesis_revision_v43/stage_05b2/raw/S5B2-00602.summary.json,PLANNED
S5B2-00603,C2,C2,,H3;H4,CORE_C2,20260204,100,common_disjoint_idle,141000000000000.0,21.5,10000.0,600.0,0.42,homogeneous,2.0,0.0,0.0,disjoint_equal,f320c14544cd751c,bff2046a0023131e,8d9a4d53fe38d87e,False,False,results/thesis_revision_v43/stage_05b2/raw/S5B2-00603.summary.json,PLANNED
S5B2-00604,C2,C2,,H3;H4,CORE_C2,20260205,100,common_disjoint_idle,141000000000000.0,21.5,10000.0,600.0,0.42,homogeneous,2.0,0.0,0.0,disjoint_equal,4ade7596344cb630,3f8674c8cc72baa6,8d9a4d53fe38d87e,False,False,results/thesis_revision_v43/stage_05b2/raw/S5B2-00604.summary.json,PLANNED
S5B2-00605,C2,C2,,H3;H4,CORE_C2,20260206,100,common_disjoint_idle,141000000000000.0,21.5,10000.0,600.0,0.42,homogeneous,2.0,0.0,0.0,disjoint_equal,2e62a0b6d2dcd5a1,2683acdded79de00,8d9a4d53fe38d87e,False,False,results/thesis_revision_v43/stage_05b2/raw/S5B2-00605.summary.json,PLANNED
S5B2-00606,C2,C2,,H3;H4,CORE_C2,20260207,100,common_disjoint_idle,141000000000000.0,21.5,10000.0,600.0,0.42,homogeneous,2.0,0.0,0.0,disjoint_equal,8ea0c24d355a34b4,2d1d5312381ba194,8d9a4d53fe38d87e,False,False,results/thesis_revision_v43/stage_05b2/raw/S5B2-00606.summary.json,PLANNED
S5B2-00607,C2,C2,,H3;H4,CORE_C2,20260208,100,common_disjoint_idle,141000000000000.0,21.5,10000.0,600.0,0.42,homogeneous,2.0,0.0,0.0,disjoint_equal,ecad5878c9007b49,9eab079f1e2a6e10,8d9a4d53fe38d87e,False,False,results/thesis_revision_v43/stage_05b2/raw/S5B2-00607.summary.json,PLANNED
S5B2-00608,C2,C2,,H3;H4,CORE_C2,20260209,100,common_disjoint_idle,141000000000000.0,21.5,10000.0,600.0,0.42,homogeneous,2.0,0.0,0.0,disjoint_equal,4199ef018954f02c,abe8773e141b5c69,8d9a4d53fe38d87e,False,False,results/thesis_revision_v43/stage_05b2/raw/S5B2-00608.summary.json,PLANNED
S5B2-00609,C2,C2,,H3;H4,CORE_C2,20260210,100,common_disjoint_idle,141000000000000.0,21.5,10000.0,600.0,0.42,homogeneous,2.0,0.0,0.0,disjoint_equal,cdac1833a6f29014,de761b7609336aa3,8d9a4d53fe38d87e,False,False,results/thesis_revision_v43/stage_05b2/raw/S5B2-00609.summary.json,PLANNED
S5B2-00610,C2,C2,,H3;H4,CORE_C2,20260211,100,common_disjoint_idle,141000000000000.0,21.5,10000.0,600.0,0.42,homogeneous,2.0,0.0,0.0,disjoint_equal,9c2015d3a86e1782,60f540eb81671283,8d9a4d53fe38d87e,False,False,results/thesis_revision_v43/stage_05b2/raw/S5B2-00610.summary.json,PLANNED
S5B2-00611,C2,C2,,H3;H4,CORE_C2,20260212,100,common_disjoint_idle,141000000000000.0,21.5,10000.0,600.0,0.42,homogeneous,2.0,0.0,0.0,disjoint_equal,6154910ce0a6457d,ad71b572f0fc4f48,8d9a4d53fe38d87e,False,False,results/thesis_revision_v43/stage_05b2/raw/S5B2-00611.summary.json,PLANNED
S5B2-00612,C2,C2,,H3;H4,CORE_C2,20260213,100,common_disjoint_idle,141000000000000.0,21.5,10000.0,600.0,0.42,homogeneous,2.0,0.0,0.0,disjoint_equal,c3278c3bfddd1753,e6c7f501df2c6442,8d9a4d53fe38d87e,False,False,results/thesis_revision_v43/stage_05b2/raw/S5B2-00612.summary.json,PLANNED
S5B2-00613,C2,C2,,H3;H4,CORE_C2,20260214,100,common_disjoint_idle,141000000000000.0,21.5,10000.0,600.0,0.42,homogeneous,2.0,0.0,0.0,disjoint_equal,3ec8ddebb07efec5,710651084ffe1345,8d9a4d53fe38d87e,False,False,results/thesis_revision_v43/stage_05b2/raw/S5B2-00613.summary.json,PLANNED
S5B2-00614,C2,C2,,H3;H4,CORE_C2,20260215,100,common_disjoint_idle,141000000000000.0,21.5,10000.0,600.0,0.42,homogeneous,2.0,0.0,0.0,disjoint_equal,4fdbf6f6c92971f0,a5c6efc2d691b8fe,8d9a4d53fe38d87e,False,False,results/thesis_revision_v43/stage_05b2/raw/S5B2-00614.summary.json,PLANNED
S5B2-00615,C2,C2,,H3;H4,CORE_C2,20260216,100,common_disjoint_idle,141000000000000.0,21.5,10000.0,600.0,0.42,homogeneous,2.0,0.0,0.0,disjoint_equal,7b5cb16e9a1e29eb,205476b8f82c83dd,8d9a4d53fe38d87e,False,False,results/thesis_revision_v43/stage_05b2/raw/S5B2-00615.summary.json,PLANNED
S5B2-00616,C2,C2,,H3;H4,CORE_C2,20260217,100,common_disjoint_idle,141000000000000.0,21.5,10000.0,600.0,0.42,homogeneous,2.0,0.0,0.0,disjoint_equal,00c648a87276e5e7,e70336377f2ef21a,8d9a4d53fe38d87e,False,False,results/thesis_revision_v43/stage_05b2/raw/S5B2-00616.summary.json,PLANNED
S5B2-00617,C2,C2,,H3;H4,CORE_C2,20260218,100,common_disjoint_idle,141000000000000.0,21.5,10000.0,600.0,0.42,homogeneous,2.0,0.0,0.0,disjoint_equal,8b12d7699d24757d,447d11611a3ce223,8d9a4d53fe38d87e,False,False,results/thesis_revision_v43/stage_05b2/raw/S5B2-00617.summary.json,PLANNED
S5B2-00618,C2,C2,,H3;H4,CORE_C2,20260219,100,common_disjoint_idle,141000000000000.0,21.5,10000.0,600.0,0.42,homogeneous,2.0,0.0,0.0,disjoint_equal,6f61266eaadf2ace,ed9cdeb23534fcd1,8d9a4d53fe38d87e,False,False,results/thesis_revision_v43/stage_05b2/raw/S5B2-00618.summary.json,PLANNED
S5B2-00619,C2,C2,,H3;H4,CORE_C2,20260220,100,common_disjoint_idle,141000000000000.0,21.5,10000.0,600.0,0.42,homogeneous,2.0,0.0,0.0,disjoint_equal,4e90489a97f4efc4,42abcb3a23548b16,8d9a4d53fe38d87e,False,False,results/thesis_revision_v43/stage_05b2/raw/S5B2-00619.summary.json,PLANNED
S5B2-00620,C2,C2,,H3;H4,CORE_C2,20260221,100,common_disjoint_idle,141000000000000.0,21.5,10000.0,600.0,0.42,homogeneous,2.0,0.0,0.0,disjoint_equal,3d9fbd7149e7d1d3,fed6f43d491fe19c,8d9a4d53fe38d87e,False,False,results/thesis_revision_v43/stage_05b2/raw/S5B2-00620.summary.json,PLANNED
S5B2-00621,C2,C2,,H3;H4,CORE_C2,20260222,100,common_disjoint_idle,141000000000000.0,21.5,10000.0,600.0,0.42,homogeneous,2.0,0.0,0.0,disjoint_equal,bb1b4fcc6e24b0ff,0d7415fab66e9c74,8d9a4d53fe38d87e,False,False,results/thesis_revision_v43/stage_05b2/raw/S5B2-00621.summary.json,PLANNED
S5B2-00622,C2,C2,,H3;H4,CORE_C2,20260223,100,common_disjoint_idle,141000000000000.0,21.5,10000.0,600.0,0.42,homogeneous,2.0,0.0,0.0,disjoint_equal,7a2042cb4217d599,7ddb0fce50df6325,8d9a4d53fe38d87e,False,False,results/thesis_revision_v43/stage_05b2/raw/S5B2-00622.summary.json,PLANNED
S5B2-00623,C2,C2,,H3;H4,CORE_C2,20260224,100,common_disjoint_idle,141000000000000.0,21.5,10000.0,600.0,0.42,homogeneous,2.0,0.0,0.0,disjoint_equal,4a23687e97e90307,993ade6460ea7130,8d9a4d53fe38d87e,False,False,results/thesis_revision_v43/stage_05b2/raw/S5B2-00623.summary.json,PLANNED
S5B2-00624,C2,C2,,H3;H4,CORE_C2,20260225,100,common_disjoint_idle,141000000000000.0,21.5,10000.0,600.0,0.42,homogeneous,2.0,0.0,0.0,disjoint_equal,64a50b341ae52eb6,46503a561e22bfaa,8d9a4d53fe38d87e,False,False,results/thesis_revision_v43/stage_05b2/raw/S5B2-00624.summary.json,PLANNED
S5B2-00625,C2,C2,,H3;H4,CORE_C2,20260226,100,common_disjoint_idle,141000000000000.0,21.5,10000.0,600.0,0.42,homogeneous,2.0,0.0,0.0,disjoint_equal,48606a1bf62b94a2,937630317e85e02a,8d9a4d53fe38d87e,False,False,results/thesis_revision_v43/stage_05b2/raw/S5B2-00625.summary.json,PLANNED
S5B2-00626,C2,C2,,H3;H4,CORE_C2,20260227,100,common_disjoint_idle,141000000000000.0,21.5,10000.0,600.0,0.42,homogeneous,2.0,0.0,0.0,disjoint_equal,d5fb29dc48d3ec1f,395a8cd878cb9e12,8d9a4d53fe38d87e,False,False,results/thesis_revision_v43/stage_05b2/raw/S5B2-00626.summary.json,PLANNED
S5B2-00627,C2,C2,,H3;H4,CORE_C2,20260228,100,common_disjoint_idle,141000000000000.0,21.5,10000.0,600.0,0.42,homogeneous,2.0,0.0,0.0,disjoint_equal,a36d809c3e2c5fdc,7149515dbaca8395,8d9a4d53fe38d87e,False,False,results/thesis_revision_v43/stage_05b2/raw/S5B2-00627.summary.json,PLANNED
S5B2-00628,C2,C2,,H3;H4,CORE_C2,20260229,100,common_disjoint_idle,141000000000000.0,21.5,10000.0,600.0,0.42,homogeneous,2.0,0.0,0.0,disjoint_equal,0fd533233719c081,beaab9cc94f5a51c,8d9a4d53fe38d87e,False,False,results/thesis_revision_v43/stage_05b2/raw/S5B2-00628.summary.json,PLANNED
S5B2-00629,C2,C2,,H3;H4,CORE_C2,20260230,100,common_disjoint_idle,141000000000000.0,21.5,10000.0,600.0,0.42,homogeneous,2.0,0.0,0.0,disjoint_equal,550bae88f6bbcc1b,94139c61f6504ac7,8d9a4d53fe38d87e,False,False,results/thesis_revision_v43/stage_05b2/raw/S5B2-00629.summary.json,PLANNED
S5B2-00630,C2,C2,,H3;H4,CORE_C2,20260201,200,common_disjoint_idle,141000000000000.0,21.5,10000.0,600.0,0.42,homogeneous,2.0,0.0,0.0,disjoint_equal,1f29cee698e8c76f,4e40e3b36758026d,68f746dcf98e1042,False,True,results/thesis_revision_v43/stage_05b2/raw/S5B2-00630.summary.json,PLANNED
S5B2-00631,C2,C2,,H3;H4,CORE_C2,20260202,200,common_disjoint_idle,141000000000000.0,21.5,10000.0,600.0,0.42,homogeneous,2.0,0.0,0.0,disjoint_equal,70b98de07f065d89,f77335e88cd25bd8,68f746dcf98e1042,False,False,results/thesis_revision_v43/stage_05b2/raw/S5B2-00631.summary.json,PLANNED
S5B2-00632,C2,C2,,H3;H4,CORE_C2,20260203,200,common_disjoint_idle,141000000000000.0,21.5,10000.0,600.0,0.42,homogeneous,2.0,0.0,0.0,disjoint_equal,d2d6ed40719d96e0,e0047b31f260b9a5,68f746dcf98e1042,False,False,results/thesis_revision_v43/stage_05b2/raw/S5B2-00632.summary.json,PLANNED
S5B2-00633,C2,C2,,H3;H4,CORE_C2,20260204,200,common_disjoint_idle,141000000000000.0,21.5,10000.0,600.0,0.42,homogeneous,2.0,0.0,0.0,disjoint_equal,493a7b8b3f55d05f,3c9de98f65cc6f94,68f746dcf98e1042,False,False,results/thesis_revision_v43/stage_05b2/raw/S5B2-00633.summary.json,PLANNED
S5B2-00634,C2,C2,,H3;H4,CORE_C2,20260205,200,common_disjoint_idle,141000000000000.0,21.5,10000.0,600.0,0.42,homogeneous,2.0,0.0,0.0,disjoint_equal,56d4181970895604,47e162f329beb685,68f746dcf98e1042,False,False,results/thesis_revision_v43/stage_05b2/raw/S5B2-00634.summary.json,PLANNED
S5B2-00635,C2,C2,,H3;H4,CORE_C2,20260206,200,common_disjoint_idle,141000000000000.0,21.5,10000.0,600.0,0.42,homogeneous,2.0,0.0,0.0,disjoint_equal,dd4ffd51be56389f,69f70dcdf690c6b6,68f746dcf98e1042,False,False,results/thesis_revision_v43/stage_05b2/raw/S5B2-00635.summary.json,PLANNED
S5B2-00636,C2,C2,,H3;H4,CORE_C2,20260207,200,common_disjoint_idle,141000000000000.0,21.5,10000.0,600.0,0.42,homogeneous,2.0,0.0,0.0,disjoint_equal,975d9a2d60b04e4c,f4ee7d1be1f15698,68f746dcf98e1042,False,False,results/thesis_revision_v43/stage_05b2/raw/S5B2-00636.summary.json,PLANNED
S5B2-00637,C2,C2,,H3;H4,CORE_C2,20260208,200,common_disjoint_idle,141000000000000.0,21.5,10000.0,600.0,0.42,homogeneous,2.0,0.0,0.0,disjoint_equal,41d91a25b18efe27,78467cf763cd8052,68f746dcf98e1042,False,False,results/thesis_revision_v43/stage_05b2/raw/S5B2-00637.summary.json,PLANNED
S5B2-00638,C2,C2,,H3;H4,CORE_C2,20260209,200,common_disjoint_idle,141000000000000.0,21.5,10000.0,600.0,0.42,homogeneous,2.0,0.0,0.0,disjoint_equal,4d3782237d9110cc,25492aafd99629f0,68f746dcf98e1042,False,False,results/thesis_revision_v43/stage_05b2/raw/S5B2-00638.summary.json,PLANNED
S5B2-00639,C2,C2,,H3;H4,CORE_C2,20260210,200,common_disjoint_idle,141000000000000.0,21.5,10000.0,600.0,0.42,homogeneous,2.0,0.0,0.0,disjoint_equal,4de2ca0a66f0a22d,51d184fdb5d35046,68f746dcf98e1042,False,False,results/thesis_revision_v43/stage_05b2/raw/S5B2-00639.summary.json,PLANNED
S5B2-00640,C2,C2,,H3;H4,CORE_C2,20260211,200,common_disjoint_idle,141000000000000.0,21.5,10000.0,600.0,0.42,homogeneous,2.0,0.0,0.0,disjoint_equal,3d9c9e8f17b6b8da,90f60732ff4f7c5a,68f746dcf98e1042,False,False,results/thesis_revision_v43/stage_05b2/raw/S5B2-00640.summary.json,PLANNED
S5B2-00641,C2,C2,,H3;H4,CORE_C2,20260212,200,common_disjoint_idle,141000000000000.0,21.5,10000.0,600.0,0.42,homogeneous,2.0,0.0,0.0,disjoint_equal,64a6fd9cad0bafff,c92554d35de3b2af,68f746dcf98e1042,False,False,results/thesis_revision_v43/stage_05b2/raw/S5B2-00641.summary.json,PLANNED
S5B2-00642,C2,C2,,H3;H4,CORE_C2,20260213,200,common_disjoint_idle,141000000000000.0,21.5,10000.0,600.0,0.42,homogeneous,2.0,0.0,0.0,disjoint_equal,728b35144039b2fe,f8f85f292d98a4e7,68f746dcf98e1042,False,False,results/thesis_revision_v43/stage_05b2/raw/S5B2-00642.summary.json,PLANNED
S5B2-00643,C2,C2,,H3;H4,CORE_C2,20260214,200,common_disjoint_idle,141000000000000.0,21.5,10000.0,600.0,0.42,homogeneous,2.0,0.0,0.0,disjoint_equal,3551933f5bf530f1,9a5b0024a6879d4c,68f746dcf98e1042,False,False,results/thesis_revision_v43/stage_05b2/raw/S5B2-00643.summary.json,PLANNED
S5B2-00644,C2,C2,,H3;H4,CORE_C2,20260215,200,common_disjoint_idle,141000000000000.0,21.5,10000.0,600.0,0.42,homogeneous,2.0,0.0,0.0,disjoint_equal,93518a973848d948,6d4dc070877e3b82,68f746dcf98e1042,False,False,results/thesis_revision_v43/stage_05b2/raw/S5B2-00644.summary.json,PLANNED
S5B2-00645,C2,C2,,H3;H4,CORE_C2,20260216,200,common_disjoint_idle,141000000000000.0,21.5,10000.0,600.0,0.42,homogeneous,2.0,0.0,0.0,disjoint_equal,c16070dd9a77a40f,5565100a7fc4e023,68f746dcf98e1042,False,False,results/thesis_revision_v43/stage_05b2/raw/S5B2-00645.summary.json,PLANNED
S5B2-00646,C2,C2,,H3;H4,CORE_C2,20260217,200,common_disjoint_idle,141000000000000.0,21.5,10000.0,600.0,0.42,homogeneous,2.0,0.0,0.0,disjoint_equal,a5ee83f9d728cb48,0a6cfd554c24e599,68f746dcf98e1042,False,False,results/thesis_revision_v43/stage_05b2/raw/S5B2-00646.summary.json,PLANNED
S5B2-00647,C2,C2,,H3;H4,CORE_C2,20260218,200,common_disjoint_idle,141000000000000.0,21.5,10000.0,600.0,0.42,homogeneous,2.0,0.0,0.0,disjoint_equal,93b3b86ddb80a7b4,1c4f3e12878960cc,68f746dcf98e1042,False,False,results/thesis_revision_v43/stage_05b2/raw/S5B2-00647.summary.json,PLANNED
S5B2-00648,C2,C2,,H3;H4,CORE_C2,20260219,200,common_disjoint_idle,141000000000000.0,21.5,10000.0,600.0,0.42,homogeneous,2.0,0.0,0.0,disjoint_equal,3c9f65519067b4f8,dc4b06d2c9ed0a09,68f746dcf98e1042,False,False,results/thesis_revision_v43/stage_05b2/raw/S5B2-00648.summary.json,PLANNED
S5B2-00649,C2,C2,,H3;H4,CORE_C2,20260220,200,common_disjoint_idle,141000000000000.0,21.5,10000.0,600.0,0.42,homogeneous,2.0,0.0,0.0,disjoint_equal,ecfe74fcf260aa8e,cb6b2aea5618acec,68f746dcf98e1042,False,False,results/thesis_revision_v43/stage_05b2/raw/S5B2-00649.summary.json,PLANNED
S5B2-00650,C2,C2,,H3;H4,CORE_C2,20260221,200,common_disjoint_idle,141000000000000.0,21.5,10000.0,600.0,0.42,homogeneous,2.0,0.0,0.0,disjoint_equal,3038cf27cc4f41f5,e4480e9f14612fea,68f746dcf98e1042,False,False,results/thesis_revision_v43/stage_05b2/raw/S5B2-00650.summary.json,PLANNED
S5B2-00651,C2,C2,,H3;H4,CORE_C2,20260222,200,common_disjoint_idle,141000000000000.0,21.5,10000.0,600.0,0.42,homogeneous,2.0,0.0,0.0,disjoint_equal,2ddfa0979619db0c,a6e717f6527b90d5,68f746dcf98e1042,False,False,results/thesis_revision_v43/stage_05b2/raw/S5B2-00651.summary.json,PLANNED
S5B2-00652,C2,C2,,H3;H4,CORE_C2,20260223,200,common_disjoint_idle,141000000000000.0,21.5,10000.0,600.0,0.42,homogeneous,2.0,0.0,0.0,disjoint_equal,e6ae5016f9740449,8088be5295a90387,68f746dcf98e1042,False,False,results/thesis_revision_v43/stage_05b2/raw/S5B2-00652.summary.json,PLANNED
S5B2-00653,C2,C2,,H3;H4,CORE_C2,20260224,200,common_disjoint_idle,141000000000000.0,21.5,10000.0,600.0,0.42,homogeneous,2.0,0.0,0.0,disjoint_equal,e8fb7b52bbeea5d9,fd7c16820a826bd8,68f746dcf98e1042,False,False,results/thesis_revision_v43/stage_05b2/raw/S5B2-00653.summary.json,PLANNED
S5B2-00654,C2,C2,,H3;H4,CORE_C2,20260225,200,common_disjoint_idle,141000000000000.0,21.5,10000.0,600.0,0.42,homogeneous,2.0,0.0,0.0,disjoint_equal,a3bd4970ad450f2e,7fed09d2a63f3d1c,68f746dcf98e1042,False,False,results/thesis_revision_v43/stage_05b2/raw/S5B2-00654.summary.json,PLANNED
S5B2-00655,C2,C2,,H3;H4,CORE_C2,20260226,200,common_disjoint_idle,141000000000000.0,21.5,10000.0,600.0,0.42,homogeneous,2.0,0.0,0.0,disjoint_equal,1304d40b6b8ff340,30daafb939f17f72,68f746dcf98e1042,False,False,results/thesis_revision_v43/stage_05b2/raw/S5B2-00655.summary.json,PLANNED
S5B2-00656,C2,C2,,H3;H4,CORE_C2,20260227,200,common_disjoint_idle,141000000000000.0,21.5,10000.0,600.0,0.42,homogeneous,2.0,0.0,0.0,disjoint_equal,223a70fe53852c29,4978fce7f1027228,68f746dcf98e1042,False,False,results/thesis_revision_v43/stage_05b2/raw/S5B2-00656.summary.json,PLANNED
S5B2-00657,C2,C2,,H3;H4,CORE_C2,20260228,200,common_disjoint_idle,141000000000000.0,21.5,10000.0,600.0,0.42,homogeneous,2.0,0.0,0.0,disjoint_equal,404d380df6b95c3e,04a28a6d18c47cea,68f746dcf98e1042,False,False,results/thesis_revision_v43/stage_05b2/raw/S5B2-00657.summary.json,PLANNED
S5B2-00658,C2,C2,,H3;H4,CORE_C2,20260229,200,common_disjoint_idle,141000000000000.0,21.5,10000.0,600.0,0.42,homogeneous,2.0,0.0,0.0,disjoint_equal,22e83ee85d6aa25a,b8a89a46c2747655,68f746dcf98e1042,False,False,results/thesis_revision_v43/stage_05b2/raw/S5B2-00658.summary.json,PLANNED
S5B2-00659,C2,C2,,H3;H4,CORE_C2,20260230,200,common_disjoint_idle,141000000000000.0,21.5,10000.0,600.0,0.42,homogeneous,2.0,0.0,0.0,disjoint_equal,55b04f8764225517,aa74656c730a5c69,68f746dcf98e1042,False,False,results/thesis_revision_v43/stage_05b2/raw/S5B2-00659.summary.json,PLANNED
S5B2-00660,C2,C2,,H3;H4,CORE_C2,20260201,300,common_disjoint_idle,141000000000000.0,21.5,10000.0,600.0,0.42,homogeneous,2.0,0.0,0.0,disjoint_equal,350b5312c1ba1b32,d848dad93484724e,4e3b0bd08eb0574e,False,True,results/thesis_revision_v43/stage_05b2/raw/S5B2-00660.summary.json,PLANNED
S5B2-00661,C2,C2,,H3;H4,CORE_C2,20260202,300,common_disjoint_idle,141000000000000.0,21.5,10000.0,600.0,0.42,homogeneous,2.0,0.0,0.0,disjoint_equal,8e7b988eca7dc3f1,bdbd01324ba9313f,4e3b0bd08eb0574e,False,False,results/thesis_revision_v43/stage_05b2/raw/S5B2-00661.summary.json,PLANNED
S5B2-00662,C2,C2,,H3;H4,CORE_C2,20260203,300,common_disjoint_idle,141000000000000.0,21.5,10000.0,600.0,0.42,homogeneous,2.0,0.0,0.0,disjoint_equal,29b4be72f67ace7d,9b3ef215c88d7c71,4e3b0bd08eb0574e,False,False,results/thesis_revision_v43/stage_05b2/raw/S5B2-00662.summary.json,PLANNED
S5B2-00663,C2,C2,,H3;H4,CORE_C2,20260204,300,common_disjoint_idle,141000000000000.0,21.5,10000.0,600.0,0.42,homogeneous,2.0,0.0,0.0,disjoint_equal,97516c828b15b36b,a19f067c53bc4d3a,4e3b0bd08eb0574e,False,False,results/thesis_revision_v43/stage_05b2/raw/S5B2-00663.summary.json,PLANNED
S5B2-00664,C2,C2,,H3;H4,CORE_C2,20260205,300,common_disjoint_idle,141000000000000.0,21.5,10000.0,600.0,0.42,homogeneous,2.0,0.0,0.0,disjoint_equal,1315bc111ed1e6a9,0093dfe9facb8875,4e3b0bd08eb0574e,False,False,results/thesis_revision_v43/stage_05b2/raw/S5B2-00664.summary.json,PLANNED
S5B2-00665,C2,C2,,H3;H4,CORE_C2,20260206,300,common_disjoint_idle,141000000000000.0,21.5,10000.0,600.0,0.42,homogeneous,2.0,0.0,0.0,disjoint_equal,59011bfb58e0aa39,b1ff94407297a810,4e3b0bd08eb0574e,False,False,results/thesis_revision_v43/stage_05b2/raw/S5B2-00665.summary.json,PLANNED
S5B2-00666,C2,C2,,H3;H4,CORE_C2,20260207,300,common_disjoint_idle,141000000000000.0,21.5,10000.0,600.0,0.42,homogeneous,2.0,0.0,0.0,disjoint_equal,b4da43006366d9e9,c0e627eaea01b8c7,4e3b0bd08eb0574e,False,False,results/thesis_revision_v43/stage_05b2/raw/S5B2-00666.summary.json,PLANNED
S5B2-00667,C2,C2,,H3;H4,CORE_C2,20260208,300,common_disjoint_idle,141000000000000.0,21.5,10000.0,600.0,0.42,homogeneous,2.0,0.0,0.0,disjoint_equal,0fca2048b0ec477c,1b487d099d4290e9,4e3b0bd08eb0574e,False,False,results/thesis_revision_v43/stage_05b2/raw/S5B2-00667.summary.json,PLANNED
S5B2-00668,C2,C2,,H3;H4,CORE_C2,20260209,300,common_disjoint_idle,141000000000000.0,21.5,10000.0,600.0,0.42,homogeneous,2.0,0.0,0.0,disjoint_equal,9433d49e8160dd84,f28e5c8893a2d077,4e3b0bd08eb0574e,False,False,results/thesis_revision_v43/stage_05b2/raw/S5B2-00668.summary.json,PLANNED
S5B2-00669,C2,C2,,H3;H4,CORE_C2,20260210,300,common_disjoint_idle,141000000000000.0,21.5,10000.0,600.0,0.42,homogeneous,2.0,0.0,0.0,disjoint_equal,2acc1aeaf179fdbf,9878003f6b701c2c,4e3b0bd08eb0574e,False,False,results/thesis_revision_v43/stage_05b2/raw/S5B2-00669.summary.json,PLANNED
S5B2-00670,C2,C2,,H3;H4,CORE_C2,20260211,300,common_disjoint_idle,141000000000000.0,21.5,10000.0,600.0,0.42,homogeneous,2.0,0.0,0.0,disjoint_equal,1344eb2d2375f5b7,88c173840f679c19,4e3b0bd08eb0574e,False,False,results/thesis_revision_v43/stage_05b2/raw/S5B2-00670.summary.json,PLANNED
S5B2-00671,C2,C2,,H3;H4,CORE_C2,20260212,300,common_disjoint_idle,141000000000000.0,21.5,10000.0,600.0,0.42,homogeneous,2.0,0.0,0.0,disjoint_equal,0191fb26f216eddf,3ff512d244d6056b,4e3b0bd08eb0574e,False,False,results/thesis_revision_v43/stage_05b2/raw/S5B2-00671.summary.json,PLANNED
S5B2-00672,C2,C2,,H3;H4,CORE_C2,20260213,300,common_disjoint_idle,141000000000000.0,21.5,10000.0,600.0,0.42,homogeneous,2.0,0.0,0.0,disjoint_equal,53cfea449c4158ad,279ce71f6b6935b3,4e3b0bd08eb0574e,False,False,results/thesis_revision_v43/stage_05b2/raw/S5B2-00672.summary.json,PLANNED
S5B2-00673,C2,C2,,H3;H4,CORE_C2,20260214,300,common_disjoint_idle,141000000000000.0,21.5,10000.0,600.0,0.42,homogeneous,2.0,0.0,0.0,disjoint_equal,689485497a690723,53b861776b27f124,4e3b0bd08eb0574e,False,False,results/thesis_revision_v43/stage_05b2/raw/S5B2-00673.summary.json,PLANNED
S5B2-00674,C2,C2,,H3;H4,CORE_C2,20260215,300,common_disjoint_idle,141000000000000.0,21.5,10000.0,600.0,0.42,homogeneous,2.0,0.0,0.0,disjoint_equal,527635746c7cd6ab,d6ae90ea69bafa77,4e3b0bd08eb0574e,False,False,results/thesis_revision_v43/stage_05b2/raw/S5B2-00674.summary.json,PLANNED
S5B2-00675,C2,C2,,H3;H4,CORE_C2,20260216,300,common_disjoint_idle,141000000000000.0,21.5,10000.0,600.0,0.42,homogeneous,2.0,0.0,0.0,disjoint_equal,b2c3c9ca7be305ec,fab5882d8f311e3c,4e3b0bd08eb0574e,False,False,results/thesis_revision_v43/stage_05b2/raw/S5B2-00675.summary.json,PLANNED
S5B2-00676,C2,C2,,H3;H4,CORE_C2,20260217,300,common_disjoint_idle,141000000000000.0,21.5,10000.0,600.0,0.42,homogeneous,2.0,0.0,0.0,disjoint_equal,c270b57820194722,b0ff20de721b8861,4e3b0bd08eb0574e,False,False,results/thesis_revision_v43/stage_05b2/raw/S5B2-00676.summary.json,PLANNED
S5B2-00677,C2,C2,,H3;H4,CORE_C2,20260218,300,common_disjoint_idle,141000000000000.0,21.5,10000.0,600.0,0.42,homogeneous,2.0,0.0,0.0,disjoint_equal,b6398dd97ca5287d,58eb09887e0f3bf3,4e3b0bd08eb0574e,False,False,results/thesis_revision_v43/stage_05b2/raw/S5B2-00677.summary.json,PLANNED
S5B2-00678,C2,C2,,H3;H4,CORE_C2,20260219,300,common_disjoint_idle,141000000000000.0,21.5,10000.0,600.0,0.42,homogeneous,2.0,0.0,0.0,disjoint_equal,8f448da07e0b6bde,69b8e405ddac0969,4e3b0bd08eb0574e,False,False,results/thesis_revision_v43/stage_05b2/raw/S5B2-00678.summary.json,PLANNED
S5B2-00679,C2,C2,,H3;H4,CORE_C2,20260220,300,common_disjoint_idle,141000000000000.0,21.5,10000.0,600.0,0.42,homogeneous,2.0,0.0,0.0,disjoint_equal,8afdb47039dde33d,83ed6801b3ff2433,4e3b0bd08eb0574e,False,False,results/thesis_revision_v43/stage_05b2/raw/S5B2-00679.summary.json,PLANNED
S5B2-00680,C2,C2,,H3;H4,CORE_C2,20260221,300,common_disjoint_idle,141000000000000.0,21.5,10000.0,600.0,0.42,homogeneous,2.0,0.0,0.0,disjoint_equal,ad82c8a987730c7c,c701a6da32009f1b,4e3b0bd08eb0574e,False,False,results/thesis_revision_v43/stage_05b2/raw/S5B2-00680.summary.json,PLANNED
S5B2-00681,C2,C2,,H3;H4,CORE_C2,20260222,300,common_disjoint_idle,141000000000000.0,21.5,10000.0,600.0,0.42,homogeneous,2.0,0.0,0.0,disjoint_equal,594176ff0416c7b3,cb6a917decfd1724,4e3b0bd08eb0574e,False,False,results/thesis_revision_v43/stage_05b2/raw/S5B2-00681.summary.json,PLANNED
S5B2-00682,C2,C2,,H3;H4,CORE_C2,20260223,300,common_disjoint_idle,141000000000000.0,21.5,10000.0,600.0,0.42,homogeneous,2.0,0.0,0.0,disjoint_equal,0ddb210f59133ff6,2f91c2ddc6405c40,4e3b0bd08eb0574e,False,False,results/thesis_revision_v43/stage_05b2/raw/S5B2-00682.summary.json,PLANNED
S5B2-00683,C2,C2,,H3;H4,CORE_C2,20260224,300,common_disjoint_idle,141000000000000.0,21.5,10000.0,600.0,0.42,homogeneous,2.0,0.0,0.0,disjoint_equal,47846700f8ae2247,c666544b14e83744,4e3b0bd08eb0574e,False,False,results/thesis_revision_v43/stage_05b2/raw/S5B2-00683.summary.json,PLANNED
S5B2-00684,C2,C2,,H3;H4,CORE_C2,20260225,300,common_disjoint_idle,141000000000000.0,21.5,10000.0,600.0,0.42,homogeneous,2.0,0.0,0.0,disjoint_equal,888b56da87f30834,3356815839418617,4e3b0bd08eb0574e,False,False,results/thesis_revision_v43/stage_05b2/raw/S5B2-00684.summary.json,PLANNED
S5B2-00685,C2,C2,,H3;H4,CORE_C2,20260226,300,common_disjoint_idle,141000000000000.0,21.5,10000.0,600.0,0.42,homogeneous,2.0,0.0,0.0,disjoint_equal,ae192ba6f05de231,048d4a729cfa6cd1,4e3b0bd08eb0574e,False,False,results/thesis_revision_v43/stage_05b2/raw/S5B2-00685.summary.json,PLANNED
S5B2-00686,C2,C2,,H3;H4,CORE_C2,20260227,300,common_disjoint_idle,141000000000000.0,21.5,10000.0,600.0,0.42,homogeneous,2.0,0.0,0.0,disjoint_equal,e6d2351fa3cc8371,fba24373b5726435,4e3b0bd08eb0574e,False,False,results/thesis_revision_v43/stage_05b2/raw/S5B2-00686.summary.json,PLANNED
S5B2-00687,C2,C2,,H3;H4,CORE_C2,20260228,300,common_disjoint_idle,141000000000000.0,21.5,10000.0,600.0,0.42,homogeneous,2.0,0.0,0.0,disjoint_equal,3bc6f14e899dca10,9d1077c6fc224ece,4e3b0bd08eb0574e,False,False,results/thesis_revision_v43/stage_05b2/raw/S5B2-00687.summary.json,PLANNED
S5B2-00688,C2,C2,,H3;H4,CORE_C2,20260229,300,common_disjoint_idle,141000000000000.0,21.5,10000.0,600.0,0.42,homogeneous,2.0,0.0,0.0,disjoint_equal,dda5f9b3eba99535,73785b4ee8049c57,4e3b0bd08eb0574e,False,False,results/thesis_revision_v43/stage_05b2/raw/S5B2-00688.summary.json,PLANNED
S5B2-00689,C2,C2,,H3;H4,CORE_C2,20260230,300,common_disjoint_idle,141000000000000.0,21.5,10000.0,600.0,0.42,homogeneous,2.0,0.0,0.0,disjoint_equal,bc363a2ff5c6da92,168bf436b9250925,4e3b0bd08eb0574e,False,False,results/thesis_revision_v43/stage_05b2/raw/S5B2-00689.summary.json,PLANNED
S5B2-00690,C2,C2,,H3;H4,CORE_C2,20260201,400,common_disjoint_idle,141000000000000.0,21.5,10000.0,600.0,0.42,homogeneous,2.0,0.0,0.0,disjoint_equal,65525987b58786fb,a13fdfe3249171a6,a9c8fc0988961efb,False,True,results/thesis_revision_v43/stage_05b2/raw/S5B2-00690.summary.json,PLANNED
S5B2-00691,C2,C2,,H3;H4,CORE_C2,20260202,400,common_disjoint_idle,141000000000000.0,21.5,10000.0,600.0,0.42,homogeneous,2.0,0.0,0.0,disjoint_equal,50c7c82909916156,eddc28a4eb4eb772,a9c8fc0988961efb,False,False,results/thesis_revision_v43/stage_05b2/raw/S5B2-00691.summary.json,PLANNED
S5B2-00692,C2,C2,,H3;H4,CORE_C2,20260203,400,common_disjoint_idle,141000000000000.0,21.5,10000.0,600.0,0.42,homogeneous,2.0,0.0,0.0,disjoint_equal,fe94851e4a77199a,cdbea187f26350fc,a9c8fc0988961efb,False,False,results/thesis_revision_v43/stage_05b2/raw/S5B2-00692.summary.json,PLANNED
S5B2-00693,C2,C2,,H3;H4,CORE_C2,20260204,400,common_disjoint_idle,141000000000000.0,21.5,10000.0,600.0,0.42,homogeneous,2.0,0.0,0.0,disjoint_equal,df1fc9c3bc01f1d5,7b1e364d1c92551d,a9c8fc0988961efb,False,False,results/thesis_revision_v43/stage_05b2/raw/S5B2-00693.summary.json,PLANNED
S5B2-00694,C2,C2,,H3;H4,CORE_C2,20260205,400,common_disjoint_idle,141000000000000.0,21.5,10000.0,600.0,0.42,homogeneous,2.0,0.0,0.0,disjoint_equal,73fe27235c9216f7,5eadb03d03f80f25,a9c8fc0988961efb,False,False,results/thesis_revision_v43/stage_05b2/raw/S5B2-00694.summary.json,PLANNED
S5B2-00695,C2,C2,,H3;H4,CORE_C2,20260206,400,common_disjoint_idle,141000000000000.0,21.5,10000.0,600.0,0.42,homogeneous,2.0,0.0,0.0,disjoint_equal,bf9c69412b6fe127,1848885b13edf051,a9c8fc0988961efb,False,False,results/thesis_revision_v43/stage_05b2/raw/S5B2-00695.summary.json,PLANNED
S5B2-00696,C2,C2,,H3;H4,CORE_C2,20260207,400,common_disjoint_idle,141000000000000.0,21.5,10000.0,600.0,0.42,homogeneous,2.0,0.0,0.0,disjoint_equal,3801c584164ac74e,8ff959b549701c86,a9c8fc0988961efb,False,False,results/thesis_revision_v43/stage_05b2/raw/S5B2-00696.summary.json,PLANNED
S5B2-00697,C2,C2,,H3;H4,CORE_C2,20260208,400,common_disjoint_idle,141000000000000.0,21.5,10000.0,600.0,0.42,homogeneous,2.0,0.0,0.0,disjoint_equal,f1851fcb374cae5d,741c10c71deb4353,a9c8fc0988961efb,False,False,results/thesis_revision_v43/stage_05b2/raw/S5B2-00697.summary.json,PLANNED
S5B2-00698,C2,C2,,H3;H4,CORE_C2,20260209,400,common_disjoint_idle,141000000000000.0,21.5,10000.0,600.0,0.42,homogeneous,2.0,0.0,0.0,disjoint_equal,1fa04af1789dec10,e5b3473788023f0a,a9c8fc0988961efb,False,False,results/thesis_revision_v43/stage_05b2/raw/S5B2-00698.summary.json,PLANNED
S5B2-00699,C2,C2,,H3;H4,CORE_C2,20260210,400,common_disjoint_idle,141000000000000.0,21.5,10000.0,600.0,0.42,homogeneous,2.0,0.0,0.0,disjoint_equal,2cf3112d4700df7e,4ee928bd6ca87945,a9c8fc0988961efb,False,False,results/thesis_revision_v43/stage_05b2/raw/S5B2-00699.summary.json,PLANNED
S5B2-00700,C2,C2,,H3;H4,CORE_C2,20260211,400,common_disjoint_idle,141000000000000.0,21.5,10000.0,600.0,0.42,homogeneous,2.0,0.0,0.0,disjoint_equal,5bb7076d29762d3d,6ff214db81423f3a,a9c8fc0988961efb,False,True,results/thesis_revision_v43/stage_05b2/raw/S5B2-00700.summary.json,PLANNED
S5B2-00701,C2,C2,,H3;H4,CORE_C2,20260212,400,common_disjoint_idle,141000000000000.0,21.5,10000.0,600.0,0.42,homogeneous,2.0,0.0,0.0,disjoint_equal,ad9f52400b16abb0,d91812f707cc7cc5,a9c8fc0988961efb,False,False,results/thesis_revision_v43/stage_05b2/raw/S5B2-00701.summary.json,PLANNED
S5B2-00702,C2,C2,,H3;H4,CORE_C2,20260213,400,common_disjoint_idle,141000000000000.0,21.5,10000.0,600.0,0.42,homogeneous,2.0,0.0,0.0,disjoint_equal,1d77dfbc6cdb80b3,9b0afc5b99c1fbe3,a9c8fc0988961efb,False,False,results/thesis_revision_v43/stage_05b2/raw/S5B2-00702.summary.json,PLANNED
S5B2-00703,C2,C2,,H3;H4,CORE_C2,20260214,400,common_disjoint_idle,141000000000000.0,21.5,10000.0,600.0,0.42,homogeneous,2.0,0.0,0.0,disjoint_equal,c6795033ddf06523,97e648ef1430758a,a9c8fc0988961efb,False,False,results/thesis_revision_v43/stage_05b2/raw/S5B2-00703.summary.json,PLANNED
S5B2-00704,C2,C2,,H3;H4,CORE_C2,20260215,400,common_disjoint_idle,141000000000000.0,21.5,10000.0,600.0,0.42,homogeneous,2.0,0.0,0.0,disjoint_equal,fa8ba362f00446cd,81e96b1960cf1741,a9c8fc0988961efb,False,False,results/thesis_revision_v43/stage_05b2/raw/S5B2-00704.summary.json,PLANNED
S5B2-00705,C2,C2,,H3;H4,CORE_C2,20260216,400,common_disjoint_idle,141000000000000.0,21.5,10000.0,600.0,0.42,homogeneous,2.0,0.0,0.0,disjoint_equal,474571e459261260,1d19a25d1daf0061,a9c8fc0988961efb,False,False,results/thesis_revision_v43/stage_05b2/raw/S5B2-00705.summary.json,PLANNED
S5B2-00706,C2,C2,,H3;H4,CORE_C2,20260217,400,common_disjoint_idle,141000000000000.0,21.5,10000.0,600.0,0.42,homogeneous,2.0,0.0,0.0,disjoint_equal,b12ee385f9dcafab,0dee9021050ca4bb,a9c8fc0988961efb,False,False,results/thesis_revision_v43/stage_05b2/raw/S5B2-00706.summary.json,PLANNED
S5B2-00707,C2,C2,,H3;H4,CORE_C2,20260218,400,common_disjoint_idle,141000000000000.0,21.5,10000.0,600.0,0.42,homogeneous,2.0,0.0,0.0,disjoint_equal,f023ddcabf3d0d5e,b2a9474985259651,a9c8fc0988961efb,False,False,results/thesis_revision_v43/stage_05b2/raw/S5B2-00707.summary.json,PLANNED
S5B2-00708,C2,C2,,H3;H4,CORE_C2,20260219,400,common_disjoint_idle,141000000000000.0,21.5,10000.0,600.0,0.42,homogeneous,2.0,0.0,0.0,disjoint_equal,cc4db86c720ed04f,67bbbe92e838e821,a9c8fc0988961efb,False,False,results/thesis_revision_v43/stage_05b2/raw/S5B2-00708.summary.json,PLANNED
S5B2-00709,C2,C2,,H3;H4,CORE_C2,20260220,400,common_disjoint_idle,141000000000000.0,21.5,10000.0,600.0,0.42,homogeneous,2.0,0.0,0.0,disjoint_equal,cf3638e9a7ecd5f5,5b07500dd238b8f5,a9c8fc0988961efb,False,False,results/thesis_revision_v43/stage_05b2/raw/S5B2-00709.summary.json,PLANNED
S5B2-00710,C2,C2,,H3;H4,CORE_C2,20260221,400,common_disjoint_idle,141000000000000.0,21.5,10000.0,600.0,0.42,homogeneous,2.0,0.0,0.0,disjoint_equal,1a6d91e4e1192cae,3856c93d295f82cb,a9c8fc0988961efb,False,False,results/thesis_revision_v43/stage_05b2/raw/S5B2-00710.summary.json,PLANNED
S5B2-00711,C2,C2,,H3;H4,CORE_C2,20260222,400,common_disjoint_idle,141000000000000.0,21.5,10000.0,600.0,0.42,homogeneous,2.0,0.0,0.0,disjoint_equal,40ea85b9cc9584bc,a53adba9dc17683e,a9c8fc0988961efb,False,False,results/thesis_revision_v43/stage_05b2/raw/S5B2-00711.summary.json,PLANNED
S5B2-00712,C2,C2,,H3;H4,CORE_C2,20260223,400,common_disjoint_idle,141000000000000.0,21.5,10000.0,600.0,0.42,homogeneous,2.0,0.0,0.0,disjoint_equal,832098a9514ad39c,8720fbe93e38fab3,a9c8fc0988961efb,False,False,results/thesis_revision_v43/stage_05b2/raw/S5B2-00712.summary.json,PLANNED
S5B2-00713,C2,C2,,H3;H4,CORE_C2,20260224,400,common_disjoint_idle,141000000000000.0,21.5,10000.0,600.0,0.42,homogeneous,2.0,0.0,0.0,disjoint_equal,7bc10d5480dc3b6d,ed6a6f5caead3211,a9c8fc0988961efb,False,False,results/thesis_revision_v43/stage_05b2/raw/S5B2-00713.summary.json,PLANNED
S5B2-00714,C2,C2,,H3;H4,CORE_C2,20260225,400,common_disjoint_idle,141000000000000.0,21.5,10000.0,600.0,0.42,homogeneous,2.0,0.0,0.0,disjoint_equal,c4fa84104938da08,3152d0dbead51cdd,a9c8fc0988961efb,False,False,results/thesis_revision_v43/stage_05b2/raw/S5B2-00714.summary.json,PLANNED
S5B2-00715,C2,C2,,H3;H4,CORE_C2,20260226,400,common_disjoint_idle,141000000000000.0,21.5,10000.0,600.0,0.42,homogeneous,2.0,0.0,0.0,disjoint_equal,95d8eb6211a1c8fd,c1510fdf6da84fc7,a9c8fc0988961efb,False,False,results/thesis_revision_v43/stage_05b2/raw/S5B2-00715.summary.json,PLANNED
S5B2-00716,C2,C2,,H3;H4,CORE_C2,20260227,400,common_disjoint_idle,141000000000000.0,21.5,10000.0,600.0,0.42,homogeneous,2.0,0.0,0.0,disjoint_equal,3560c819f81e57dd,e11ab941f025108d,a9c8fc0988961efb,False,False,results/thesis_revision_v43/stage_05b2/raw/S5B2-00716.summary.json,PLANNED
S5B2-00717,C2,C2,,H3;H4,CORE_C2,20260228,400,common_disjoint_idle,141000000000000.0,21.5,10000.0,600.0,0.42,homogeneous,2.0,0.0,0.0,disjoint_equal,9311fa9cb3023b4e,3c38d912a9715ef4,a9c8fc0988961efb,False,False,results/thesis_revision_v43/stage_05b2/raw/S5B2-00717.summary.json,PLANNED
S5B2-00718,C2,C2,,H3;H4,CORE_C2,20260229,400,common_disjoint_idle,141000000000000.0,21.5,10000.0,600.0,0.42,homogeneous,2.0,0.0,0.0,disjoint_equal,4c16b0bae4664f1e,b7c40708e9992f7a,a9c8fc0988961efb,False,False,results/thesis_revision_v43/stage_05b2/raw/S5B2-00718.summary.json,PLANNED
S5B2-00719,C2,C2,,H3;H4,CORE_C2,20260230,400,common_disjoint_idle,141000000000000.0,21.5,10000.0,600.0,0.42,homogeneous,2.0,0.0,0.0,disjoint_equal,ac286b54f61b9964,0e652158c7a9cd5d,a9c8fc0988961efb,False,False,results/thesis_revision_v43/stage_05b2/raw/S5B2-00719.summary.json,PLANNED
S5B2-00720,C2,C2,,H3;H4,CORE_C2,20260201,500,common_disjoint_idle,141000000000000.0,21.5,10000.0,600.0,0.42,homogeneous,2.0,0.0,0.0,disjoint_equal,5dd783a85d801035,67db8c7668cd9902,523eb5eb632986de,False,True,results/thesis_revision_v43/stage_05b2/raw/S5B2-00720.summary.json,PLANNED
S5B2-00721,C2,C2,,H3;H4,CORE_C2,20260202,500,common_disjoint_idle,141000000000000.0,21.5,10000.0,600.0,0.42,homogeneous,2.0,0.0,0.0,disjoint_equal,d78e336814b08e60,315c0a2bc1ca1bd0,523eb5eb632986de,False,False,results/thesis_revision_v43/stage_05b2/raw/S5B2-00721.summary.json,PLANNED
S5B2-00722,C2,C2,,H3;H4,CORE_C2,20260203,500,common_disjoint_idle,141000000000000.0,21.5,10000.0,600.0,0.42,homogeneous,2.0,0.0,0.0,disjoint_equal,dc45ca438157063b,34b55e5d54a715e3,523eb5eb632986de,False,False,results/thesis_revision_v43/stage_05b2/raw/S5B2-00722.summary.json,PLANNED
S5B2-00723,C2,C2,,H3;H4,CORE_C2,20260204,500,common_disjoint_idle,141000000000000.0,21.5,10000.0,600.0,0.42,homogeneous,2.0,0.0,0.0,disjoint_equal,b2b224be174cf8ca,462545d35aedc0ee,523eb5eb632986de,False,False,results/thesis_revision_v43/stage_05b2/raw/S5B2-00723.summary.json,PLANNED
S5B2-00724,C2,C2,,H3;H4,CORE_C2,20260205,500,common_disjoint_idle,141000000000000.0,21.5,10000.0,600.0,0.42,homogeneous,2.0,0.0,0.0,disjoint_equal,b3af49a7580a593e,80c133283e14daf8,523eb5eb632986de,False,False,results/thesis_revision_v43/stage_05b2/raw/S5B2-00724.summary.json,PLANNED
S5B2-00725,C2,C2,,H3;H4,CORE_C2,20260206,500,common_disjoint_idle,141000000000000.0,21.5,10000.0,600.0,0.42,homogeneous,2.0,0.0,0.0,disjoint_equal,6ab2c63ca5840598,36ea3f62007e9e6e,523eb5eb632986de,False,False,results/thesis_revision_v43/stage_05b2/raw/S5B2-00725.summary.json,PLANNED
S5B2-00726,C2,C2,,H3;H4,CORE_C2,20260207,500,common_disjoint_idle,141000000000000.0,21.5,10000.0,600.0,0.42,homogeneous,2.0,0.0,0.0,disjoint_equal,df4acbc3a579240a,32549967645bf0e6,523eb5eb632986de,False,False,results/thesis_revision_v43/stage_05b2/raw/S5B2-00726.summary.json,PLANNED
S5B2-00727,C2,C2,,H3;H4,CORE_C2,20260208,500,common_disjoint_idle,141000000000000.0,21.5,10000.0,600.0,0.42,homogeneous,2.0,0.0,0.0,disjoint_equal,23030b12d8a7d8fd,a80691009a1a6089,523eb5eb632986de,False,False,results/thesis_revision_v43/stage_05b2/raw/S5B2-00727.summary.json,PLANNED
S5B2-00728,C2,C2,,H3;H4,CORE_C2,20260209,500,common_disjoint_idle,141000000000000.0,21.5,10000.0,600.0,0.42,homogeneous,2.0,0.0,0.0,disjoint_equal,d6660968fc1261bd,a95b947b3719247c,523eb5eb632986de,False,False,results/thesis_revision_v43/stage_05b2/raw/S5B2-00728.summary.json,PLANNED
S5B2-00729,C2,C2,,H3;H4,CORE_C2,20260210,500,common_disjoint_idle,141000000000000.0,21.5,10000.0,600.0,0.42,homogeneous,2.0,0.0,0.0,disjoint_equal,f88b9299ef56c135,ff5289ac598efa1f,523eb5eb632986de,False,False,results/thesis_revision_v43/stage_05b2/raw/S5B2-00729.summary.json,PLANNED
S5B2-00730,C2,C2,,H3;H4,CORE_C2,20260211,500,common_disjoint_idle,141000000000000.0,21.5,10000.0,600.0,0.42,homogeneous,2.0,0.0,0.0,disjoint_equal,ad999d5abfdec0b1,538a3f5a9f89f498,523eb5eb632986de,False,False,results/thesis_revision_v43/stage_05b2/raw/S5B2-00730.summary.json,PLANNED
S5B2-00731,C2,C2,,H3;H4,CORE_C2,20260212,500,common_disjoint_idle,141000000000000.0,21.5,10000.0,600.0,0.42,homogeneous,2.0,0.0,0.0,disjoint_equal,cf74a6c2d7f431b6,657a4467742a0f25,523eb5eb632986de,False,False,results/thesis_revision_v43/stage_05b2/raw/S5B2-00731.summary.json,PLANNED
S5B2-00732,C2,C2,,H3;H4,CORE_C2,20260213,500,common_disjoint_idle,141000000000000.0,21.5,10000.0,600.0,0.42,homogeneous,2.0,0.0,0.0,disjoint_equal,8bb08920b8bf8088,5ccb07ed90ea25eb,523eb5eb632986de,False,False,results/thesis_revision_v43/stage_05b2/raw/S5B2-00732.summary.json,PLANNED
S5B2-00733,C2,C2,,H3;H4,CORE_C2,20260214,500,common_disjoint_idle,141000000000000.0,21.5,10000.0,600.0,0.42,homogeneous,2.0,0.0,0.0,disjoint_equal,a65b0b06fe5cc15c,fa67a024fa42ce45,523eb5eb632986de,False,False,results/thesis_revision_v43/stage_05b2/raw/S5B2-00733.summary.json,PLANNED
S5B2-00734,C2,C2,,H3;H4,CORE_C2,20260215,500,common_disjoint_idle,141000000000000.0,21.5,10000.0,600.0,0.42,homogeneous,2.0,0.0,0.0,disjoint_equal,a9e781a5a0e2022d,e9ffb3a2f5dfe167,523eb5eb632986de,False,False,results/thesis_revision_v43/stage_05b2/raw/S5B2-00734.summary.json,PLANNED
S5B2-00735,C2,C2,,H3;H4,CORE_C2,20260216,500,common_disjoint_idle,141000000000000.0,21.5,10000.0,600.0,0.42,homogeneous,2.0,0.0,0.0,disjoint_equal,bc9b50b14e9deb96,3d14ce9f2fd87371,523eb5eb632986de,False,False,results/thesis_revision_v43/stage_05b2/raw/S5B2-00735.summary.json,PLANNED
S5B2-00736,C2,C2,,H3;H4,CORE_C2,20260217,500,common_disjoint_idle,141000000000000.0,21.5,10000.0,600.0,0.42,homogeneous,2.0,0.0,0.0,disjoint_equal,73caa6b9d29775fe,9a8b04ec9ba6b7e0,523eb5eb632986de,False,False,results/thesis_revision_v43/stage_05b2/raw/S5B2-00736.summary.json,PLANNED
S5B2-00737,C2,C2,,H3;H4,CORE_C2,20260218,500,common_disjoint_idle,141000000000000.0,21.5,10000.0,600.0,0.42,homogeneous,2.0,0.0,0.0,disjoint_equal,e19b25750c8f504f,baa4baad3a427680,523eb5eb632986de,False,False,results/thesis_revision_v43/stage_05b2/raw/S5B2-00737.summary.json,PLANNED
S5B2-00738,C2,C2,,H3;H4,CORE_C2,20260219,500,common_disjoint_idle,141000000000000.0,21.5,10000.0,600.0,0.42,homogeneous,2.0,0.0,0.0,disjoint_equal,18546bb64239463f,522ff0dc6b0c3701,523eb5eb632986de,False,False,results/thesis_revision_v43/stage_05b2/raw/S5B2-00738.summary.json,PLANNED
S5B2-00739,C2,C2,,H3;H4,CORE_C2,20260220,500,common_disjoint_idle,141000000000000.0,21.5,10000.0,600.0,0.42,homogeneous,2.0,0.0,0.0,disjoint_equal,ea8d9cf3960d16bc,e32d582f2ee4437c,523eb5eb632986de,False,False,results/thesis_revision_v43/stage_05b2/raw/S5B2-00739.summary.json,PLANNED
S5B2-00740,C2,C2,,H3;H4,CORE_C2,20260221,500,common_disjoint_idle,141000000000000.0,21.5,10000.0,600.0,0.42,homogeneous,2.0,0.0,0.0,disjoint_equal,f5dc9aa68cf747d5,7f1e8f12116ddf9b,523eb5eb632986de,False,False,results/thesis_revision_v43/stage_05b2/raw/S5B2-00740.summary.json,PLANNED
S5B2-00741,C2,C2,,H3;H4,CORE_C2,20260222,500,common_disjoint_idle,141000000000000.0,21.5,10000.0,600.0,0.42,homogeneous,2.0,0.0,0.0,disjoint_equal,663814d03c17db86,d60054239243caf5,523eb5eb632986de,False,False,results/thesis_revision_v43/stage_05b2/raw/S5B2-00741.summary.json,PLANNED
S5B2-00742,C2,C2,,H3;H4,CORE_C2,20260223,500,common_disjoint_idle,141000000000000.0,21.5,10000.0,600.0,0.42,homogeneous,2.0,0.0,0.0,disjoint_equal,062273d6e84c3d82,62d4502386a15fb8,523eb5eb632986de,False,False,results/thesis_revision_v43/stage_05b2/raw/S5B2-00742.summary.json,PLANNED
S5B2-00743,C2,C2,,H3;H4,CORE_C2,20260224,500,common_disjoint_idle,141000000000000.0,21.5,10000.0,600.0,0.42,homogeneous,2.0,0.0,0.0,disjoint_equal,f76ee9a47eac1b14,3ae0a761560f1909,523eb5eb632986de,False,False,results/thesis_revision_v43/stage_05b2/raw/S5B2-00743.summary.json,PLANNED
S5B2-00744,C2,C2,,H3;H4,CORE_C2,20260225,500,common_disjoint_idle,141000000000000.0,21.5,10000.0,600.0,0.42,homogeneous,2.0,0.0,0.0,disjoint_equal,be8989f3d665a9fe,e2c9d026b7d73afc,523eb5eb632986de,False,False,results/thesis_revision_v43/stage_05b2/raw/S5B2-00744.summary.json,PLANNED
S5B2-00745,C2,C2,,H3;H4,CORE_C2,20260226,500,common_disjoint_idle,141000000000000.0,21.5,10000.0,600.0,0.42,homogeneous,2.0,0.0,0.0,disjoint_equal,18a52d0866d1ae6f,c93c8bb318345139,523eb5eb632986de,False,False,results/thesis_revision_v43/stage_05b2/raw/S5B2-00745.summary.json,PLANNED
S5B2-00746,C2,C2,,H3;H4,CORE_C2,20260227,500,common_disjoint_idle,141000000000000.0,21.5,10000.0,600.0,0.42,homogeneous,2.0,0.0,0.0,disjoint_equal,d1269831b3374c44,e4f611ba6d5571cd,523eb5eb632986de,False,False,results/thesis_revision_v43/stage_05b2/raw/S5B2-00746.summary.json,PLANNED
S5B2-00747,C2,C2,,H3;H4,CORE_C2,20260228,500,common_disjoint_idle,141000000000000.0,21.5,10000.0,600.0,0.42,homogeneous,2.0,0.0,0.0,disjoint_equal,b04c27b3e7eaa1ea,4e2b35aca33c9260,523eb5eb632986de,False,False,results/thesis_revision_v43/stage_05b2/raw/S5B2-00747.summary.json,PLANNED
S5B2-00748,C2,C2,,H3;H4,CORE_C2,20260229,500,common_disjoint_idle,141000000000000.0,21.5,10000.0,600.0,0.42,homogeneous,2.0,0.0,0.0,disjoint_equal,0d72d2ff64f52c9e,d28b1a55e0be56a7,523eb5eb632986de,False,False,results/thesis_revision_v43/stage_05b2/raw/S5B2-00748.summary.json,PLANNED
S5B2-00749,C2,C2,,H3;H4,CORE_C2,20260230,500,common_disjoint_idle,141000000000000.0,21.5,10000.0,600.0,0.42,homogeneous,2.0,0.0,0.0,disjoint_equal,1865aa3cb896d1b4,8dceda8048952042,523eb5eb632986de,False,False,results/thesis_revision_v43/stage_05b2/raw/S5B2-00749.summary.json,PLANNED
S5B2-00750,C2,C2,,H3,SENS_IDLE,20260201,100,common_disjoint_idle,141000000000000.0,21.5,10000.0,600.0,0.42,homogeneous,0.5,0.0,0.0,disjoint_equal,0f10926794a90f86,4535670fd9768245,97d1973ad03fa808,False,False,results/thesis_revision_v43/stage_05b2/raw/S5B2-00750.summary.json,PLANNED
S5B2-00751,C2,C2,,H3,SENS_IDLE,20260202,100,common_disjoint_idle,141000000000000.0,21.5,10000.0,600.0,0.42,homogeneous,0.5,0.0,0.0,disjoint_equal,c9dad1e3e7b40d11,1e80e126be6aa9e9,97d1973ad03fa808,False,False,results/thesis_revision_v43/stage_05b2/raw/S5B2-00751.summary.json,PLANNED
S5B2-00752,C2,C2,,H3,SENS_IDLE,20260203,100,common_disjoint_idle,141000000000000.0,21.5,10000.0,600.0,0.42,homogeneous,0.5,0.0,0.0,disjoint_equal,e8da261f017b5839,baa9f00eb22ac347,97d1973ad03fa808,False,False,results/thesis_revision_v43/stage_05b2/raw/S5B2-00752.summary.json,PLANNED
S5B2-00753,C2,C2,,H3,SENS_IDLE,20260204,100,common_disjoint_idle,141000000000000.0,21.5,10000.0,600.0,0.42,homogeneous,0.5,0.0,0.0,disjoint_equal,0e4c51d63cefefe8,cda9280a1168fe23,97d1973ad03fa808,False,False,results/thesis_revision_v43/stage_05b2/raw/S5B2-00753.summary.json,PLANNED
S5B2-00754,C2,C2,,H3,SENS_IDLE,20260205,100,common_disjoint_idle,141000000000000.0,21.5,10000.0,600.0,0.42,homogeneous,0.5,0.0,0.0,disjoint_equal,953eea212b801348,f52f8708035c4aa2,97d1973ad03fa808,False,False,results/thesis_revision_v43/stage_05b2/raw/S5B2-00754.summary.json,PLANNED
S5B2-00755,C2,C2,,H3,SENS_IDLE,20260206,100,common_disjoint_idle,141000000000000.0,21.5,10000.0,600.0,0.42,homogeneous,0.5,0.0,0.0,disjoint_equal,74d650939d3ebc56,ab7a722c74e98171,97d1973ad03fa808,False,False,results/thesis_revision_v43/stage_05b2/raw/S5B2-00755.summary.json,PLANNED
S5B2-00756,C2,C2,,H3,SENS_IDLE,20260207,100,common_disjoint_idle,141000000000000.0,21.5,10000.0,600.0,0.42,homogeneous,0.5,0.0,0.0,disjoint_equal,63cb0c38d97cd5fb,78cb848d24ee2b95,97d1973ad03fa808,False,False,results/thesis_revision_v43/stage_05b2/raw/S5B2-00756.summary.json,PLANNED
S5B2-00757,C2,C2,,H3,SENS_IDLE,20260208,100,common_disjoint_idle,141000000000000.0,21.5,10000.0,600.0,0.42,homogeneous,0.5,0.0,0.0,disjoint_equal,bf274e879f9d1389,d10594dbf40263be,97d1973ad03fa808,False,False,results/thesis_revision_v43/stage_05b2/raw/S5B2-00757.summary.json,PLANNED
S5B2-00758,C2,C2,,H3,SENS_IDLE,20260209,100,common_disjoint_idle,141000000000000.0,21.5,10000.0,600.0,0.42,homogeneous,0.5,0.0,0.0,disjoint_equal,96655e0679b7ed1a,175bc67bb4ad321d,97d1973ad03fa808,False,False,results/thesis_revision_v43/stage_05b2/raw/S5B2-00758.summary.json,PLANNED
S5B2-00759,C2,C2,,H3,SENS_IDLE,20260210,100,common_disjoint_idle,141000000000000.0,21.5,10000.0,600.0,0.42,homogeneous,0.5,0.0,0.0,disjoint_equal,a4972f776df592ea,32465815ead744c8,97d1973ad03fa808,False,False,results/thesis_revision_v43/stage_05b2/raw/S5B2-00759.summary.json,PLANNED
S5B2-00760,C2,C2,,H3,SENS_IDLE,20260211,100,common_disjoint_idle,141000000000000.0,21.5,10000.0,600.0,0.42,homogeneous,0.5,0.0,0.0,disjoint_equal,f31ce20bb4c8113b,ac6fdba68bc2e9c9,97d1973ad03fa808,False,False,results/thesis_revision_v43/stage_05b2/raw/S5B2-00760.summary.json,PLANNED
S5B2-00761,C2,C2,,H3,SENS_IDLE,20260212,100,common_disjoint_idle,141000000000000.0,21.5,10000.0,600.0,0.42,homogeneous,0.5,0.0,0.0,disjoint_equal,dfd7eb7854f6b485,a8f82da212e36441,97d1973ad03fa808,False,False,results/thesis_revision_v43/stage_05b2/raw/S5B2-00761.summary.json,PLANNED
S5B2-00762,C2,C2,,H3,SENS_IDLE,20260213,100,common_disjoint_idle,141000000000000.0,21.5,10000.0,600.0,0.42,homogeneous,0.5,0.0,0.0,disjoint_equal,ac385b0dfcd549cf,3210bffcc3a51121,97d1973ad03fa808,False,False,results/thesis_revision_v43/stage_05b2/raw/S5B2-00762.summary.json,PLANNED
S5B2-00763,C2,C2,,H3,SENS_IDLE,20260214,100,common_disjoint_idle,141000000000000.0,21.5,10000.0,600.0,0.42,homogeneous,0.5,0.0,0.0,disjoint_equal,44020b5600f96022,fffa14ae18347566,97d1973ad03fa808,False,False,results/thesis_revision_v43/stage_05b2/raw/S5B2-00763.summary.json,PLANNED
S5B2-00764,C2,C2,,H3,SENS_IDLE,20260215,100,common_disjoint_idle,141000000000000.0,21.5,10000.0,600.0,0.42,homogeneous,0.5,0.0,0.0,disjoint_equal,ece96d842bbe9aab,57e71cdc0f8ca083,97d1973ad03fa808,False,False,results/thesis_revision_v43/stage_05b2/raw/S5B2-00764.summary.json,PLANNED
S5B2-00765,C2,C2,,H3,SENS_IDLE,20260216,100,common_disjoint_idle,141000000000000.0,21.5,10000.0,600.0,0.42,homogeneous,0.5,0.0,0.0,disjoint_equal,16acb71d267dd26d,0fbc60cbeacd25d7,97d1973ad03fa808,False,False,results/thesis_revision_v43/stage_05b2/raw/S5B2-00765.summary.json,PLANNED
S5B2-00766,C2,C2,,H3,SENS_IDLE,20260217,100,common_disjoint_idle,141000000000000.0,21.5,10000.0,600.0,0.42,homogeneous,0.5,0.0,0.0,disjoint_equal,2e5648269f4bda3a,d2d6b9d8799711b3,97d1973ad03fa808,False,False,results/thesis_revision_v43/stage_05b2/raw/S5B2-00766.summary.json,PLANNED
S5B2-00767,C2,C2,,H3,SENS_IDLE,20260218,100,common_disjoint_idle,141000000000000.0,21.5,10000.0,600.0,0.42,homogeneous,0.5,0.0,0.0,disjoint_equal,8dbed6c17210da04,fbc3f0e830e79066,97d1973ad03fa808,False,False,results/thesis_revision_v43/stage_05b2/raw/S5B2-00767.summary.json,PLANNED
S5B2-00768,C2,C2,,H3,SENS_IDLE,20260219,100,common_disjoint_idle,141000000000000.0,21.5,10000.0,600.0,0.42,homogeneous,0.5,0.0,0.0,disjoint_equal,fce1a714063e70a0,fc8bcb570886e88f,97d1973ad03fa808,False,False,results/thesis_revision_v43/stage_05b2/raw/S5B2-00768.summary.json,PLANNED
S5B2-00769,C2,C2,,H3,SENS_IDLE,20260220,100,common_disjoint_idle,141000000000000.0,21.5,10000.0,600.0,0.42,homogeneous,0.5,0.0,0.0,disjoint_equal,843374ba7cd9dc72,2dcc89a59cf8f0bb,97d1973ad03fa808,False,False,results/thesis_revision_v43/stage_05b2/raw/S5B2-00769.summary.json,PLANNED
S5B2-00770,C2,C2,,H3,SENS_IDLE,20260221,100,common_disjoint_idle,141000000000000.0,21.5,10000.0,600.0,0.42,homogeneous,0.5,0.0,0.0,disjoint_equal,920473332594d1f1,32beb0da0045ca87,97d1973ad03fa808,False,False,results/thesis_revision_v43/stage_05b2/raw/S5B2-00770.summary.json,PLANNED
S5B2-00771,C2,C2,,H3,SENS_IDLE,20260222,100,common_disjoint_idle,141000000000000.0,21.5,10000.0,600.0,0.42,homogeneous,0.5,0.0,0.0,disjoint_equal,63827b632b302895,cf35776efc3f56df,97d1973ad03fa808,False,False,results/thesis_revision_v43/stage_05b2/raw/S5B2-00771.summary.json,PLANNED
S5B2-00772,C2,C2,,H3,SENS_IDLE,20260223,100,common_disjoint_idle,141000000000000.0,21.5,10000.0,600.0,0.42,homogeneous,0.5,0.0,0.0,disjoint_equal,c61bc910a224e24f,3a81be946073f19c,97d1973ad03fa808,False,False,results/thesis_revision_v43/stage_05b2/raw/S5B2-00772.summary.json,PLANNED
S5B2-00773,C2,C2,,H3,SENS_IDLE,20260224,100,common_disjoint_idle,141000000000000.0,21.5,10000.0,600.0,0.42,homogeneous,0.5,0.0,0.0,disjoint_equal,eef2bb4a6b8317a7,c382b91782034604,97d1973ad03fa808,False,False,results/thesis_revision_v43/stage_05b2/raw/S5B2-00773.summary.json,PLANNED
S5B2-00774,C2,C2,,H3,SENS_IDLE,20260225,100,common_disjoint_idle,141000000000000.0,21.5,10000.0,600.0,0.42,homogeneous,0.5,0.0,0.0,disjoint_equal,7b614d00477c8da1,b0f3d793c0ab8db5,97d1973ad03fa808,False,False,results/thesis_revision_v43/stage_05b2/raw/S5B2-00774.summary.json,PLANNED
S5B2-00775,C2,C2,,H3,SENS_IDLE,20260226,100,common_disjoint_idle,141000000000000.0,21.5,10000.0,600.0,0.42,homogeneous,0.5,0.0,0.0,disjoint_equal,86c07728176569e0,7863b5393b34bb6c,97d1973ad03fa808,False,False,results/thesis_revision_v43/stage_05b2/raw/S5B2-00775.summary.json,PLANNED
S5B2-00776,C2,C2,,H3,SENS_IDLE,20260227,100,common_disjoint_idle,141000000000000.0,21.5,10000.0,600.0,0.42,homogeneous,0.5,0.0,0.0,disjoint_equal,57b8d6c2e91c07cf,0214eb94aa3428f5,97d1973ad03fa808,False,False,results/thesis_revision_v43/stage_05b2/raw/S5B2-00776.summary.json,PLANNED
S5B2-00777,C2,C2,,H3,SENS_IDLE,20260228,100,common_disjoint_idle,141000000000000.0,21.5,10000.0,600.0,0.42,homogeneous,0.5,0.0,0.0,disjoint_equal,3ae25f3742d2086a,4474467da56013a5,97d1973ad03fa808,False,False,results/thesis_revision_v43/stage_05b2/raw/S5B2-00777.summary.json,PLANNED
S5B2-00778,C2,C2,,H3,SENS_IDLE,20260229,100,common_disjoint_idle,141000000000000.0,21.5,10000.0,600.0,0.42,homogeneous,0.5,0.0,0.0,disjoint_equal,93e406f2c29e4820,07aa2fa0b979f1dc,97d1973ad03fa808,False,False,results/thesis_revision_v43/stage_05b2/raw/S5B2-00778.summary.json,PLANNED
S5B2-00779,C2,C2,,H3,SENS_IDLE,20260230,100,common_disjoint_idle,141000000000000.0,21.5,10000.0,600.0,0.42,homogeneous,0.5,0.0,0.0,disjoint_equal,7cd72dc129750cb5,e77f9e018837fb68,97d1973ad03fa808,False,False,results/thesis_revision_v43/stage_05b2/raw/S5B2-00779.summary.json,PLANNED
S5B2-00780,C2,C2,,H3,SENS_IDLE,20260201,500,common_disjoint_idle,141000000000000.0,21.5,10000.0,600.0,0.42,homogeneous,0.5,0.0,0.0,disjoint_equal,8dd4065c9babc3ca,375321441e81c93b,bf4ee309ffedd059,False,False,results/thesis_revision_v43/stage_05b2/raw/S5B2-00780.summary.json,PLANNED
S5B2-00781,C2,C2,,H3,SENS_IDLE,20260202,500,common_disjoint_idle,141000000000000.0,21.5,10000.0,600.0,0.42,homogeneous,0.5,0.0,0.0,disjoint_equal,c4304d8070448efc,883709bddb06daf6,bf4ee309ffedd059,False,False,results/thesis_revision_v43/stage_05b2/raw/S5B2-00781.summary.json,PLANNED
S5B2-00782,C2,C2,,H3,SENS_IDLE,20260203,500,common_disjoint_idle,141000000000000.0,21.5,10000.0,600.0,0.42,homogeneous,0.5,0.0,0.0,disjoint_equal,aef424599af4ce70,516e4c1e83ecdfdf,bf4ee309ffedd059,False,False,results/thesis_revision_v43/stage_05b2/raw/S5B2-00782.summary.json,PLANNED
S5B2-00783,C2,C2,,H3,SENS_IDLE,20260204,500,common_disjoint_idle,141000000000000.0,21.5,10000.0,600.0,0.42,homogeneous,0.5,0.0,0.0,disjoint_equal,82b1b980f1c47221,d883da0555e4f581,bf4ee309ffedd059,False,False,results/thesis_revision_v43/stage_05b2/raw/S5B2-00783.summary.json,PLANNED
S5B2-00784,C2,C2,,H3,SENS_IDLE,20260205,500,common_disjoint_idle,141000000000000.0,21.5,10000.0,600.0,0.42,homogeneous,0.5,0.0,0.0,disjoint_equal,abaf06aab10d0ada,6da557c6b16d0a80,bf4ee309ffedd059,False,False,results/thesis_revision_v43/stage_05b2/raw/S5B2-00784.summary.json,PLANNED
S5B2-00785,C2,C2,,H3,SENS_IDLE,20260206,500,common_disjoint_idle,141000000000000.0,21.5,10000.0,600.0,0.42,homogeneous,0.5,0.0,0.0,disjoint_equal,1573997d3267ddcd,812dd715047d7f67,bf4ee309ffedd059,False,False,results/thesis_revision_v43/stage_05b2/raw/S5B2-00785.summary.json,PLANNED
S5B2-00786,C2,C2,,H3,SENS_IDLE,20260207,500,common_disjoint_idle,141000000000000.0,21.5,10000.0,600.0,0.42,homogeneous,0.5,0.0,0.0,disjoint_equal,f021b1a3466fa3f1,52eaf34d1bd638ec,bf4ee309ffedd059,False,False,results/thesis_revision_v43/stage_05b2/raw/S5B2-00786.summary.json,PLANNED
S5B2-00787,C2,C2,,H3,SENS_IDLE,20260208,500,common_disjoint_idle,141000000000000.0,21.5,10000.0,600.0,0.42,homogeneous,0.5,0.0,0.0,disjoint_equal,f4b15490b1703170,e3f293c4fa320c77,bf4ee309ffedd059,False,False,results/thesis_revision_v43/stage_05b2/raw/S5B2-00787.summary.json,PLANNED
S5B2-00788,C2,C2,,H3,SENS_IDLE,20260209,500,common_disjoint_idle,141000000000000.0,21.5,10000.0,600.0,0.42,homogeneous,0.5,0.0,0.0,disjoint_equal,54cf601590a1c57d,773a9781285dc146,bf4ee309ffedd059,False,False,results/thesis_revision_v43/stage_05b2/raw/S5B2-00788.summary.json,PLANNED
S5B2-00789,C2,C2,,H3,SENS_IDLE,20260210,500,common_disjoint_idle,141000000000000.0,21.5,10000.0,600.0,0.42,homogeneous,0.5,0.0,0.0,disjoint_equal,8af699d51aedb3ef,8f4de8fcd30d92cc,bf4ee309ffedd059,False,False,results/thesis_revision_v43/stage_05b2/raw/S5B2-00789.summary.json,PLANNED
S5B2-00790,C2,C2,,H3,SENS_IDLE,20260211,500,common_disjoint_idle,141000000000000.0,21.5,10000.0,600.0,0.42,homogeneous,0.5,0.0,0.0,disjoint_equal,96e952257d94ce84,8e372cf573589196,bf4ee309ffedd059,False,False,results/thesis_revision_v43/stage_05b2/raw/S5B2-00790.summary.json,PLANNED
S5B2-00791,C2,C2,,H3,SENS_IDLE,20260212,500,common_disjoint_idle,141000000000000.0,21.5,10000.0,600.0,0.42,homogeneous,0.5,0.0,0.0,disjoint_equal,e6afa08f1a02b6fe,1f97d4844fc47226,bf4ee309ffedd059,False,False,results/thesis_revision_v43/stage_05b2/raw/S5B2-00791.summary.json,PLANNED
S5B2-00792,C2,C2,,H3,SENS_IDLE,20260213,500,common_disjoint_idle,141000000000000.0,21.5,10000.0,600.0,0.42,homogeneous,0.5,0.0,0.0,disjoint_equal,88182c1b9f2a8990,8b6fa77f34808289,bf4ee309ffedd059,False,False,results/thesis_revision_v43/stage_05b2/raw/S5B2-00792.summary.json,PLANNED
S5B2-00793,C2,C2,,H3,SENS_IDLE,20260214,500,common_disjoint_idle,141000000000000.0,21.5,10000.0,600.0,0.42,homogeneous,0.5,0.0,0.0,disjoint_equal,d6e08d184d5246a6,beaf852fe671c5cc,bf4ee309ffedd059,False,False,results/thesis_revision_v43/stage_05b2/raw/S5B2-00793.summary.json,PLANNED
S5B2-00794,C2,C2,,H3,SENS_IDLE,20260215,500,common_disjoint_idle,141000000000000.0,21.5,10000.0,600.0,0.42,homogeneous,0.5,0.0,0.0,disjoint_equal,a82a68694df3e326,6a3923759fefe081,bf4ee309ffedd059,False,False,results/thesis_revision_v43/stage_05b2/raw/S5B2-00794.summary.json,PLANNED
S5B2-00795,C2,C2,,H3,SENS_IDLE,20260216,500,common_disjoint_idle,141000000000000.0,21.5,10000.0,600.0,0.42,homogeneous,0.5,0.0,0.0,disjoint_equal,be6af551dc80834b,7eb7b13e44b62dd7,bf4ee309ffedd059,False,False,results/thesis_revision_v43/stage_05b2/raw/S5B2-00795.summary.json,PLANNED
S5B2-00796,C2,C2,,H3,SENS_IDLE,20260217,500,common_disjoint_idle,141000000000000.0,21.5,10000.0,600.0,0.42,homogeneous,0.5,0.0,0.0,disjoint_equal,1aad886d76fdbb83,91853e5f1a2425e1,bf4ee309ffedd059,False,False,results/thesis_revision_v43/stage_05b2/raw/S5B2-00796.summary.json,PLANNED
S5B2-00797,C2,C2,,H3,SENS_IDLE,20260218,500,common_disjoint_idle,141000000000000.0,21.5,10000.0,600.0,0.42,homogeneous,0.5,0.0,0.0,disjoint_equal,41ce093e97f51007,8dc629cf0c9122e6,bf4ee309ffedd059,False,False,results/thesis_revision_v43/stage_05b2/raw/S5B2-00797.summary.json,PLANNED
S5B2-00798,C2,C2,,H3,SENS_IDLE,20260219,500,common_disjoint_idle,141000000000000.0,21.5,10000.0,600.0,0.42,homogeneous,0.5,0.0,0.0,disjoint_equal,e94dcf99fbba99c0,ac3b2b7d82fc2568,bf4ee309ffedd059,False,False,results/thesis_revision_v43/stage_05b2/raw/S5B2-00798.summary.json,PLANNED
S5B2-00799,C2,C2,,H3,SENS_IDLE,20260220,500,common_disjoint_idle,141000000000000.0,21.5,10000.0,600.0,0.42,homogeneous,0.5,0.0,0.0,disjoint_equal,f170baf5d229f286,22c0ea2b7a7979bc,bf4ee309ffedd059,False,False,results/thesis_revision_v43/stage_05b2/raw/S5B2-00799.summary.json,PLANNED
S5B2-00800,C2,C2,,H3,SENS_IDLE,20260221,500,common_disjoint_idle,141000000000000.0,21.5,10000.0,600.0,0.42,homogeneous,0.5,0.0,0.0,disjoint_equal,5bc3e409db74fa1d,96b8ce6499e284c7,bf4ee309ffedd059,False,True,results/thesis_revision_v43/stage_05b2/raw/S5B2-00800.summary.json,PLANNED
S5B2-00801,C2,C2,,H3,SENS_IDLE,20260222,500,common_disjoint_idle,141000000000000.0,21.5,10000.0,600.0,0.42,homogeneous,0.5,0.0,0.0,disjoint_equal,7e65dc279521cdbf,af3e2db9247e3f5a,bf4ee309ffedd059,False,False,results/thesis_revision_v43/stage_05b2/raw/S5B2-00801.summary.json,PLANNED
S5B2-00802,C2,C2,,H3,SENS_IDLE,20260223,500,common_disjoint_idle,141000000000000.0,21.5,10000.0,600.0,0.42,homogeneous,0.5,0.0,0.0,disjoint_equal,a0acfbaaa7582ecd,5e891d6d340d7abe,bf4ee309ffedd059,False,False,results/thesis_revision_v43/stage_05b2/raw/S5B2-00802.summary.json,PLANNED
S5B2-00803,C2,C2,,H3,SENS_IDLE,20260224,500,common_disjoint_idle,141000000000000.0,21.5,10000.0,600.0,0.42,homogeneous,0.5,0.0,0.0,disjoint_equal,124f24781a236939,fe3e6272fdbf780f,bf4ee309ffedd059,False,False,results/thesis_revision_v43/stage_05b2/raw/S5B2-00803.summary.json,PLANNED
S5B2-00804,C2,C2,,H3,SENS_IDLE,20260225,500,common_disjoint_idle,141000000000000.0,21.5,10000.0,600.0,0.42,homogeneous,0.5,0.0,0.0,disjoint_equal,979dee64bbdb26af,bf7d5898fb5589e0,bf4ee309ffedd059,False,False,results/thesis_revision_v43/stage_05b2/raw/S5B2-00804.summary.json,PLANNED
S5B2-00805,C2,C2,,H3,SENS_IDLE,20260226,500,common_disjoint_idle,141000000000000.0,21.5,10000.0,600.0,0.42,homogeneous,0.5,0.0,0.0,disjoint_equal,30659b5fb0a99fd6,3404780de7021ef4,bf4ee309ffedd059,False,False,results/thesis_revision_v43/stage_05b2/raw/S5B2-00805.summary.json,PLANNED
S5B2-00806,C2,C2,,H3,SENS_IDLE,20260227,500,common_disjoint_idle,141000000000000.0,21.5,10000.0,600.0,0.42,homogeneous,0.5,0.0,0.0,disjoint_equal,56231992ae92e119,679982a5de481d1d,bf4ee309ffedd059,False,False,results/thesis_revision_v43/stage_05b2/raw/S5B2-00806.summary.json,PLANNED
S5B2-00807,C2,C2,,H3,SENS_IDLE,20260228,500,common_disjoint_idle,141000000000000.0,21.5,10000.0,600.0,0.42,homogeneous,0.5,0.0,0.0,disjoint_equal,03e88cf75a1bedb5,927bd8e56ca5ae01,bf4ee309ffedd059,False,False,results/thesis_revision_v43/stage_05b2/raw/S5B2-00807.summary.json,PLANNED
S5B2-00808,C2,C2,,H3,SENS_IDLE,20260229,500,common_disjoint_idle,141000000000000.0,21.5,10000.0,600.0,0.42,homogeneous,0.5,0.0,0.0,disjoint_equal,e1a10c1f0176d980,7fc14b24d6ab859e,bf4ee309ffedd059,False,False,results/thesis_revision_v43/stage_05b2/raw/S5B2-00808.summary.json,PLANNED
S5B2-00809,C2,C2,,H3,SENS_IDLE,20260230,500,common_disjoint_idle,141000000000000.0,21.5,10000.0,600.0,0.42,homogeneous,0.5,0.0,0.0,disjoint_equal,36f6c5196173018b,810d951bbc807dd5,bf4ee309ffedd059,False,False,results/thesis_revision_v43/stage_05b2/raw/S5B2-00809.summary.json,PLANNED
S5B2-00810,C2,C2,,H3,SENS_IDLE,20260201,100,common_disjoint_idle,141000000000000.0,21.5,10000.0,600.0,0.42,homogeneous,0.5,0.0,0.05,disjoint_equal,be0985657168ec5e,0d502bf116b4ca7c,0d2ccece6d473a47,False,False,results/thesis_revision_v43/stage_05b2/raw/S5B2-00810.summary.json,PLANNED
S5B2-00811,C2,C2,,H3,SENS_IDLE,20260202,100,common_disjoint_idle,141000000000000.0,21.5,10000.0,600.0,0.42,homogeneous,0.5,0.0,0.05,disjoint_equal,a57424adf3d8d9b1,20309c63f48fa86e,0d2ccece6d473a47,False,False,results/thesis_revision_v43/stage_05b2/raw/S5B2-00811.summary.json,PLANNED
S5B2-00812,C2,C2,,H3,SENS_IDLE,20260203,100,common_disjoint_idle,141000000000000.0,21.5,10000.0,600.0,0.42,homogeneous,0.5,0.0,0.05,disjoint_equal,7e7b85504f9880a6,322df2735ff3b81b,0d2ccece6d473a47,False,False,results/thesis_revision_v43/stage_05b2/raw/S5B2-00812.summary.json,PLANNED
S5B2-00813,C2,C2,,H3,SENS_IDLE,20260204,100,common_disjoint_idle,141000000000000.0,21.5,10000.0,600.0,0.42,homogeneous,0.5,0.0,0.05,disjoint_equal,d9866713a1d473ad,be8c78b53559ac30,0d2ccece6d473a47,False,False,results/thesis_revision_v43/stage_05b2/raw/S5B2-00813.summary.json,PLANNED
S5B2-00814,C2,C2,,H3,SENS_IDLE,20260205,100,common_disjoint_idle,141000000000000.0,21.5,10000.0,600.0,0.42,homogeneous,0.5,0.0,0.05,disjoint_equal,3d51856f8fd7e0ae,1c3e986ee8a8f9b0,0d2ccece6d473a47,False,False,results/thesis_revision_v43/stage_05b2/raw/S5B2-00814.summary.json,PLANNED
S5B2-00815,C2,C2,,H3,SENS_IDLE,20260206,100,common_disjoint_idle,141000000000000.0,21.5,10000.0,600.0,0.42,homogeneous,0.5,0.0,0.05,disjoint_equal,8528010e47dd50e9,2800d978d1ddfb68,0d2ccece6d473a47,False,False,results/thesis_revision_v43/stage_05b2/raw/S5B2-00815.summary.json,PLANNED
S5B2-00816,C2,C2,,H3,SENS_IDLE,20260207,100,common_disjoint_idle,141000000000000.0,21.5,10000.0,600.0,0.42,homogeneous,0.5,0.0,0.05,disjoint_equal,7969a862f61d87cd,d5c6e07780bd0fa8,0d2ccece6d473a47,False,False,results/thesis_revision_v43/stage_05b2/raw/S5B2-00816.summary.json,PLANNED
S5B2-00817,C2,C2,,H3,SENS_IDLE,20260208,100,common_disjoint_idle,141000000000000.0,21.5,10000.0,600.0,0.42,homogeneous,0.5,0.0,0.05,disjoint_equal,8ff22272eba72579,f42af045eaee9c72,0d2ccece6d473a47,False,False,results/thesis_revision_v43/stage_05b2/raw/S5B2-00817.summary.json,PLANNED
S5B2-00818,C2,C2,,H3,SENS_IDLE,20260209,100,common_disjoint_idle,141000000000000.0,21.5,10000.0,600.0,0.42,homogeneous,0.5,0.0,0.05,disjoint_equal,65e34cd521106df4,6f52d53c6336bfea,0d2ccece6d473a47,False,False,results/thesis_revision_v43/stage_05b2/raw/S5B2-00818.summary.json,PLANNED
S5B2-00819,C2,C2,,H3,SENS_IDLE,20260210,100,common_disjoint_idle,141000000000000.0,21.5,10000.0,600.0,0.42,homogeneous,0.5,0.0,0.05,disjoint_equal,9903ba030c7a22aa,bebbaa585556f1e2,0d2ccece6d473a47,False,False,results/thesis_revision_v43/stage_05b2/raw/S5B2-00819.summary.json,PLANNED
S5B2-00820,C2,C2,,H3,SENS_IDLE,20260211,100,common_disjoint_idle,141000000000000.0,21.5,10000.0,600.0,0.42,homogeneous,0.5,0.0,0.05,disjoint_equal,712a31f5fdef048d,8bf6ed38ed530d7c,0d2ccece6d473a47,False,False,results/thesis_revision_v43/stage_05b2/raw/S5B2-00820.summary.json,PLANNED
S5B2-00821,C2,C2,,H3,SENS_IDLE,20260212,100,common_disjoint_idle,141000000000000.0,21.5,10000.0,600.0,0.42,homogeneous,0.5,0.0,0.05,disjoint_equal,e3ec07ad94d5751d,0742f360ec2d2d1b,0d2ccece6d473a47,False,False,results/thesis_revision_v43/stage_05b2/raw/S5B2-00821.summary.json,PLANNED
S5B2-00822,C2,C2,,H3,SENS_IDLE,20260213,100,common_disjoint_idle,141000000000000.0,21.5,10000.0,600.0,0.42,homogeneous,0.5,0.0,0.05,disjoint_equal,9dfbd644eb8b9729,efb18a8e3c420d63,0d2ccece6d473a47,False,False,results/thesis_revision_v43/stage_05b2/raw/S5B2-00822.summary.json,PLANNED
S5B2-00823,C2,C2,,H3,SENS_IDLE,20260214,100,common_disjoint_idle,141000000000000.0,21.5,10000.0,600.0,0.42,homogeneous,0.5,0.0,0.05,disjoint_equal,57a7028679225992,20c73f50d9296bd1,0d2ccece6d473a47,False,False,results/thesis_revision_v43/stage_05b2/raw/S5B2-00823.summary.json,PLANNED
S5B2-00824,C2,C2,,H3,SENS_IDLE,20260215,100,common_disjoint_idle,141000000000000.0,21.5,10000.0,600.0,0.42,homogeneous,0.5,0.0,0.05,disjoint_equal,5519ae3547cc4bd9,5bd85d521fd78484,0d2ccece6d473a47,False,False,results/thesis_revision_v43/stage_05b2/raw/S5B2-00824.summary.json,PLANNED
S5B2-00825,C2,C2,,H3,SENS_IDLE,20260216,100,common_disjoint_idle,141000000000000.0,21.5,10000.0,600.0,0.42,homogeneous,0.5,0.0,0.05,disjoint_equal,6d76c6e5b9d19be8,e7e7b18945433987,0d2ccece6d473a47,False,False,results/thesis_revision_v43/stage_05b2/raw/S5B2-00825.summary.json,PLANNED
S5B2-00826,C2,C2,,H3,SENS_IDLE,20260217,100,common_disjoint_idle,141000000000000.0,21.5,10000.0,600.0,0.42,homogeneous,0.5,0.0,0.05,disjoint_equal,bffca00640121495,c3b8911892482e41,0d2ccece6d473a47,False,False,results/thesis_revision_v43/stage_05b2/raw/S5B2-00826.summary.json,PLANNED
S5B2-00827,C2,C2,,H3,SENS_IDLE,20260218,100,common_disjoint_idle,141000000000000.0,21.5,10000.0,600.0,0.42,homogeneous,0.5,0.0,0.05,disjoint_equal,6c2ec63b91447daf,432de7a47f07f161,0d2ccece6d473a47,False,False,results/thesis_revision_v43/stage_05b2/raw/S5B2-00827.summary.json,PLANNED
S5B2-00828,C2,C2,,H3,SENS_IDLE,20260219,100,common_disjoint_idle,141000000000000.0,21.5,10000.0,600.0,0.42,homogeneous,0.5,0.0,0.05,disjoint_equal,42c84ae0261e3c52,7eef1c21b1eaf859,0d2ccece6d473a47,False,False,results/thesis_revision_v43/stage_05b2/raw/S5B2-00828.summary.json,PLANNED
S5B2-00829,C2,C2,,H3,SENS_IDLE,20260220,100,common_disjoint_idle,141000000000000.0,21.5,10000.0,600.0,0.42,homogeneous,0.5,0.0,0.05,disjoint_equal,ac45000a2f770112,7784b958603d30fa,0d2ccece6d473a47,False,False,results/thesis_revision_v43/stage_05b2/raw/S5B2-00829.summary.json,PLANNED
S5B2-00830,C2,C2,,H3,SENS_IDLE,20260221,100,common_disjoint_idle,141000000000000.0,21.5,10000.0,600.0,0.42,homogeneous,0.5,0.0,0.05,disjoint_equal,6b27fa2de0b9c4db,9b998d97375b9c96,0d2ccece6d473a47,False,False,results/thesis_revision_v43/stage_05b2/raw/S5B2-00830.summary.json,PLANNED
S5B2-00831,C2,C2,,H3,SENS_IDLE,20260222,100,common_disjoint_idle,141000000000000.0,21.5,10000.0,600.0,0.42,homogeneous,0.5,0.0,0.05,disjoint_equal,3c829115b3764b5f,c7c8fd1c7cd6523e,0d2ccece6d473a47,False,False,results/thesis_revision_v43/stage_05b2/raw/S5B2-00831.summary.json,PLANNED
S5B2-00832,C2,C2,,H3,SENS_IDLE,20260223,100,common_disjoint_idle,141000000000000.0,21.5,10000.0,600.0,0.42,homogeneous,0.5,0.0,0.05,disjoint_equal,80c62774ce799f42,9e6b34057ec318d1,0d2ccece6d473a47,False,False,results/thesis_revision_v43/stage_05b2/raw/S5B2-00832.summary.json,PLANNED
S5B2-00833,C2,C2,,H3,SENS_IDLE,20260224,100,common_disjoint_idle,141000000000000.0,21.5,10000.0,600.0,0.42,homogeneous,0.5,0.0,0.05,disjoint_equal,b55988e4d050a6ea,a5e584253e05136f,0d2ccece6d473a47,False,False,results/thesis_revision_v43/stage_05b2/raw/S5B2-00833.summary.json,PLANNED
S5B2-00834,C2,C2,,H3,SENS_IDLE,20260225,100,common_disjoint_idle,141000000000000.0,21.5,10000.0,600.0,0.42,homogeneous,0.5,0.0,0.05,disjoint_equal,700872b400cb514c,6a1ba3f320380c5f,0d2ccece6d473a47,False,False,results/thesis_revision_v43/stage_05b2/raw/S5B2-00834.summary.json,PLANNED
S5B2-00835,C2,C2,,H3,SENS_IDLE,20260226,100,common_disjoint_idle,141000000000000.0,21.5,10000.0,600.0,0.42,homogeneous,0.5,0.0,0.05,disjoint_equal,fea2bdc3e50a482d,08e0c16848283f4b,0d2ccece6d473a47,False,False,results/thesis_revision_v43/stage_05b2/raw/S5B2-00835.summary.json,PLANNED
S5B2-00836,C2,C2,,H3,SENS_IDLE,20260227,100,common_disjoint_idle,141000000000000.0,21.5,10000.0,600.0,0.42,homogeneous,0.5,0.0,0.05,disjoint_equal,bc282cc041800470,d29f6a06b80753a1,0d2ccece6d473a47,False,False,results/thesis_revision_v43/stage_05b2/raw/S5B2-00836.summary.json,PLANNED
S5B2-00837,C2,C2,,H3,SENS_IDLE,20260228,100,common_disjoint_idle,141000000000000.0,21.5,10000.0,600.0,0.42,homogeneous,0.5,0.0,0.05,disjoint_equal,abc0d6fd9b0caca7,2a6275088f356fa0,0d2ccece6d473a47,False,False,results/thesis_revision_v43/stage_05b2/raw/S5B2-00837.summary.json,PLANNED
S5B2-00838,C2,C2,,H3,SENS_IDLE,20260229,100,common_disjoint_idle,141000000000000.0,21.5,10000.0,600.0,0.42,homogeneous,0.5,0.0,0.05,disjoint_equal,7214810204968973,ac3303987c22ca3b,0d2ccece6d473a47,False,False,results/thesis_revision_v43/stage_05b2/raw/S5B2-00838.summary.json,PLANNED
S5B2-00839,C2,C2,,H3,SENS_IDLE,20260230,100,common_disjoint_idle,141000000000000.0,21.5,10000.0,600.0,0.42,homogeneous,0.5,0.0,0.05,disjoint_equal,35e91009fa79cd0f,56a4a5ca8e0cd520,0d2ccece6d473a47,False,False,results/thesis_revision_v43/stage_05b2/raw/S5B2-00839.summary.json,PLANNED
S5B2-00840,C2,C2,,H3,SENS_IDLE,20260201,500,common_disjoint_idle,141000000000000.0,21.5,10000.0,600.0,0.42,homogeneous,0.5,0.0,0.05,disjoint_equal,cc92bd78d770e2ed,bdf597b8763be817,0402dbbfe831265e,False,False,results/thesis_revision_v43/stage_05b2/raw/S5B2-00840.summary.json,PLANNED
S5B2-00841,C2,C2,,H3,SENS_IDLE,20260202,500,common_disjoint_idle,141000000000000.0,21.5,10000.0,600.0,0.42,homogeneous,0.5,0.0,0.05,disjoint_equal,9bcfc2bb06e92ced,bd36c522edb731dc,0402dbbfe831265e,False,False,results/thesis_revision_v43/stage_05b2/raw/S5B2-00841.summary.json,PLANNED
S5B2-00842,C2,C2,,H3,SENS_IDLE,20260203,500,common_disjoint_idle,141000000000000.0,21.5,10000.0,600.0,0.42,homogeneous,0.5,0.0,0.05,disjoint_equal,29a0bd8cbb4a353c,d9bf9bd66f595373,0402dbbfe831265e,False,False,results/thesis_revision_v43/stage_05b2/raw/S5B2-00842.summary.json,PLANNED
S5B2-00843,C2,C2,,H3,SENS_IDLE,20260204,500,common_disjoint_idle,141000000000000.0,21.5,10000.0,600.0,0.42,homogeneous,0.5,0.0,0.05,disjoint_equal,3ab900192851c248,1133dea7f6fbd2ef,0402dbbfe831265e,False,False,results/thesis_revision_v43/stage_05b2/raw/S5B2-00843.summary.json,PLANNED
S5B2-00844,C2,C2,,H3,SENS_IDLE,20260205,500,common_disjoint_idle,141000000000000.0,21.5,10000.0,600.0,0.42,homogeneous,0.5,0.0,0.05,disjoint_equal,4e71db34b916cf93,a24243a76d05d245,0402dbbfe831265e,False,False,results/thesis_revision_v43/stage_05b2/raw/S5B2-00844.summary.json,PLANNED
S5B2-00845,C2,C2,,H3,SENS_IDLE,20260206,500,common_disjoint_idle,141000000000000.0,21.5,10000.0,600.0,0.42,homogeneous,0.5,0.0,0.05,disjoint_equal,57b79f2d4c4e5c76,ddc73a7fefa55ce2,0402dbbfe831265e,False,False,results/thesis_revision_v43/stage_05b2/raw/S5B2-00845.summary.json,PLANNED
S5B2-00846,C2,C2,,H3,SENS_IDLE,20260207,500,common_disjoint_idle,141000000000000.0,21.5,10000.0,600.0,0.42,homogeneous,0.5,0.0,0.05,disjoint_equal,39aeefe7b038fb09,d870028c8bb20035,0402dbbfe831265e,False,False,results/thesis_revision_v43/stage_05b2/raw/S5B2-00846.summary.json,PLANNED
S5B2-00847,C2,C2,,H3,SENS_IDLE,20260208,500,common_disjoint_idle,141000000000000.0,21.5,10000.0,600.0,0.42,homogeneous,0.5,0.0,0.05,disjoint_equal,cd7eddfa804625e1,54eb236c4dd220a7,0402dbbfe831265e,False,False,results/thesis_revision_v43/stage_05b2/raw/S5B2-00847.summary.json,PLANNED
S5B2-00848,C2,C2,,H3,SENS_IDLE,20260209,500,common_disjoint_idle,141000000000000.0,21.5,10000.0,600.0,0.42,homogeneous,0.5,0.0,0.05,disjoint_equal,e4e181923e6efff1,3704022f3be481b2,0402dbbfe831265e,False,False,results/thesis_revision_v43/stage_05b2/raw/S5B2-00848.summary.json,PLANNED
S5B2-00849,C2,C2,,H3,SENS_IDLE,20260210,500,common_disjoint_idle,141000000000000.0,21.5,10000.0,600.0,0.42,homogeneous,0.5,0.0,0.05,disjoint_equal,0fd3d57a14f72601,59e163e988917308,0402dbbfe831265e,False,False,results/thesis_revision_v43/stage_05b2/raw/S5B2-00849.summary.json,PLANNED
S5B2-00850,C2,C2,,H3,SENS_IDLE,20260211,500,common_disjoint_idle,141000000000000.0,21.5,10000.0,600.0,0.42,homogeneous,0.5,0.0,0.05,disjoint_equal,52e4317cdc5af83c,752c3f2329bd6e72,0402dbbfe831265e,False,False,results/thesis_revision_v43/stage_05b2/raw/S5B2-00850.summary.json,PLANNED
S5B2-00851,C2,C2,,H3,SENS_IDLE,20260212,500,common_disjoint_idle,141000000000000.0,21.5,10000.0,600.0,0.42,homogeneous,0.5,0.0,0.05,disjoint_equal,be9534486c4644f5,4b1f30527bf8bce5,0402dbbfe831265e,False,False,results/thesis_revision_v43/stage_05b2/raw/S5B2-00851.summary.json,PLANNED
S5B2-00852,C2,C2,,H3,SENS_IDLE,20260213,500,common_disjoint_idle,141000000000000.0,21.5,10000.0,600.0,0.42,homogeneous,0.5,0.0,0.05,disjoint_equal,ccb96b48fa378b6a,6ecb3ca7876f60f9,0402dbbfe831265e,False,False,results/thesis_revision_v43/stage_05b2/raw/S5B2-00852.summary.json,PLANNED
S5B2-00853,C2,C2,,H3,SENS_IDLE,20260214,500,common_disjoint_idle,141000000000000.0,21.5,10000.0,600.0,0.42,homogeneous,0.5,0.0,0.05,disjoint_equal,6534004405991496,ecf0764de4fba8f7,0402dbbfe831265e,False,False,results/thesis_revision_v43/stage_05b2/raw/S5B2-00853.summary.json,PLANNED
S5B2-00854,C2,C2,,H3,SENS_IDLE,20260215,500,common_disjoint_idle,141000000000000.0,21.5,10000.0,600.0,0.42,homogeneous,0.5,0.0,0.05,disjoint_equal,f3259b8914443b3b,e0a11a37bbb0cfb9,0402dbbfe831265e,False,False,results/thesis_revision_v43/stage_05b2/raw/S5B2-00854.summary.json,PLANNED
S5B2-00855,C2,C2,,H3,SENS_IDLE,20260216,500,common_disjoint_idle,141000000000000.0,21.5,10000.0,600.0,0.42,homogeneous,0.5,0.0,0.05,disjoint_equal,4ac0c90410a46bf5,eb81d69dbdc408d6,0402dbbfe831265e,False,False,results/thesis_revision_v43/stage_05b2/raw/S5B2-00855.summary.json,PLANNED
S5B2-00856,C2,C2,,H3,SENS_IDLE,20260217,500,common_disjoint_idle,141000000000000.0,21.5,10000.0,600.0,0.42,homogeneous,0.5,0.0,0.05,disjoint_equal,3e536d4b7437ebdc,6951176a294303d0,0402dbbfe831265e,False,False,results/thesis_revision_v43/stage_05b2/raw/S5B2-00856.summary.json,PLANNED
S5B2-00857,C2,C2,,H3,SENS_IDLE,20260218,500,common_disjoint_idle,141000000000000.0,21.5,10000.0,600.0,0.42,homogeneous,0.5,0.0,0.05,disjoint_equal,8ae7f8361fb6a84b,8002b927f783722c,0402dbbfe831265e,False,False,results/thesis_revision_v43/stage_05b2/raw/S5B2-00857.summary.json,PLANNED
S5B2-00858,C2,C2,,H3,SENS_IDLE,20260219,500,common_disjoint_idle,141000000000000.0,21.5,10000.0,600.0,0.42,homogeneous,0.5,0.0,0.05,disjoint_equal,31f4acfa141ca08f,e6130beee94bae9a,0402dbbfe831265e,False,False,results/thesis_revision_v43/stage_05b2/raw/S5B2-00858.summary.json,PLANNED
S5B2-00859,C2,C2,,H3,SENS_IDLE,20260220,500,common_disjoint_idle,141000000000000.0,21.5,10000.0,600.0,0.42,homogeneous,0.5,0.0,0.05,disjoint_equal,a53fdd1a86e4ae49,5515410b8a558cfd,0402dbbfe831265e,False,False,results/thesis_revision_v43/stage_05b2/raw/S5B2-00859.summary.json,PLANNED
S5B2-00860,C2,C2,,H3,SENS_IDLE,20260221,500,common_disjoint_idle,141000000000000.0,21.5,10000.0,600.0,0.42,homogeneous,0.5,0.0,0.05,disjoint_equal,9dc46e2a948f6d9f,92a2302d93fb53b9,0402dbbfe831265e,False,False,results/thesis_revision_v43/stage_05b2/raw/S5B2-00860.summary.json,PLANNED
S5B2-00861,C2,C2,,H3,SENS_IDLE,20260222,500,common_disjoint_idle,141000000000000.0,21.5,10000.0,600.0,0.42,homogeneous,0.5,0.0,0.05,disjoint_equal,5f0c7209c28697ac,188222c97cb3b421,0402dbbfe831265e,False,False,results/thesis_revision_v43/stage_05b2/raw/S5B2-00861.summary.json,PLANNED
S5B2-00862,C2,C2,,H3,SENS_IDLE,20260223,500,common_disjoint_idle,141000000000000.0,21.5,10000.0,600.0,0.42,homogeneous,0.5,0.0,0.05,disjoint_equal,54c03969bb3b6cd5,c9e52c3b0edba379,0402dbbfe831265e,False,False,results/thesis_revision_v43/stage_05b2/raw/S5B2-00862.summary.json,PLANNED
S5B2-00863,C2,C2,,H3,SENS_IDLE,20260224,500,common_disjoint_idle,141000000000000.0,21.5,10000.0,600.0,0.42,homogeneous,0.5,0.0,0.05,disjoint_equal,86fa22f3d8491625,7046ae7a55ec0bdd,0402dbbfe831265e,False,False,results/thesis_revision_v43/stage_05b2/raw/S5B2-00863.summary.json,PLANNED
S5B2-00864,C2,C2,,H3,SENS_IDLE,20260225,500,common_disjoint_idle,141000000000000.0,21.5,10000.0,600.0,0.42,homogeneous,0.5,0.0,0.05,disjoint_equal,f5a0b95f2242d08e,8baaeadae1343049,0402dbbfe831265e,False,False,results/thesis_revision_v43/stage_05b2/raw/S5B2-00864.summary.json,PLANNED
S5B2-00865,C2,C2,,H3,SENS_IDLE,20260226,500,common_disjoint_idle,141000000000000.0,21.5,10000.0,600.0,0.42,homogeneous,0.5,0.0,0.05,disjoint_equal,98adaeae50c3e54b,3309de022a8eac96,0402dbbfe831265e,False,False,results/thesis_revision_v43/stage_05b2/raw/S5B2-00865.summary.json,PLANNED
S5B2-00866,C2,C2,,H3,SENS_IDLE,20260227,500,common_disjoint_idle,141000000000000.0,21.5,10000.0,600.0,0.42,homogeneous,0.5,0.0,0.05,disjoint_equal,331860e814aea6f8,f175198702cce5f9,0402dbbfe831265e,False,False,results/thesis_revision_v43/stage_05b2/raw/S5B2-00866.summary.json,PLANNED
S5B2-00867,C2,C2,,H3,SENS_IDLE,20260228,500,common_disjoint_idle,141000000000000.0,21.5,10000.0,600.0,0.42,homogeneous,0.5,0.0,0.05,disjoint_equal,d27b9da09d3ab09d,85fdfc790ebbcf7f,0402dbbfe831265e,False,False,results/thesis_revision_v43/stage_05b2/raw/S5B2-00867.summary.json,PLANNED
S5B2-00868,C2,C2,,H3,SENS_IDLE,20260229,500,common_disjoint_idle,141000000000000.0,21.5,10000.0,600.0,0.42,homogeneous,0.5,0.0,0.05,disjoint_equal,73fc5df5fa1648e6,2f75824a9218b16d,0402dbbfe831265e,False,False,results/thesis_revision_v43/stage_05b2/raw/S5B2-00868.summary.json,PLANNED
S5B2-00869,C2,C2,,H3,SENS_IDLE,20260230,500,common_disjoint_idle,141000000000000.0,21.5,10000.0,600.0,0.42,homogeneous,0.5,0.0,0.05,disjoint_equal,7b4d961175e737f2,6354f793b1b6e298,0402dbbfe831265e,False,False,results/thesis_revision_v43/stage_05b2/raw/S5B2-00869.summary.json,PLANNED
S5B2-00870,C2,C2,,H3,SENS_IDLE,20260201,100,common_disjoint_idle,141000000000000.0,21.5,10000.0,600.0,0.42,homogeneous,0.5,0.0,0.1,disjoint_equal,fea67a1f082d2fd6,c7140c41f53a4ecd,3a260cd79f73affe,False,False,results/thesis_revision_v43/stage_05b2/raw/S5B2-00870.summary.json,PLANNED
S5B2-00871,C2,C2,,H3,SENS_IDLE,20260202,100,common_disjoint_idle,141000000000000.0,21.5,10000.0,600.0,0.42,homogeneous,0.5,0.0,0.1,disjoint_equal,47b3b6d581aaf1cc,7a09b607af982f69,3a260cd79f73affe,False,False,results/thesis_revision_v43/stage_05b2/raw/S5B2-00871.summary.json,PLANNED
S5B2-00872,C2,C2,,H3,SENS_IDLE,20260203,100,common_disjoint_idle,141000000000000.0,21.5,10000.0,600.0,0.42,homogeneous,0.5,0.0,0.1,disjoint_equal,c574cbc257b86fb1,240a756543cd36bd,3a260cd79f73affe,False,False,results/thesis_revision_v43/stage_05b2/raw/S5B2-00872.summary.json,PLANNED
S5B2-00873,C2,C2,,H3,SENS_IDLE,20260204,100,common_disjoint_idle,141000000000000.0,21.5,10000.0,600.0,0.42,homogeneous,0.5,0.0,0.1,disjoint_equal,cbc73938961503f1,e12da4cfc3f998cd,3a260cd79f73affe,False,False,results/thesis_revision_v43/stage_05b2/raw/S5B2-00873.summary.json,PLANNED
S5B2-00874,C2,C2,,H3,SENS_IDLE,20260205,100,common_disjoint_idle,141000000000000.0,21.5,10000.0,600.0,0.42,homogeneous,0.5,0.0,0.1,disjoint_equal,e8cb458bcfb9c10a,206e0136ff5ad177,3a260cd79f73affe,False,False,results/thesis_revision_v43/stage_05b2/raw/S5B2-00874.summary.json,PLANNED
S5B2-00875,C2,C2,,H3,SENS_IDLE,20260206,100,common_disjoint_idle,141000000000000.0,21.5,10000.0,600.0,0.42,homogeneous,0.5,0.0,0.1,disjoint_equal,c8ca3b1a4a4b6969,b1d696b051efd177,3a260cd79f73affe,False,False,results/thesis_revision_v43/stage_05b2/raw/S5B2-00875.summary.json,PLANNED
S5B2-00876,C2,C2,,H3,SENS_IDLE,20260207,100,common_disjoint_idle,141000000000000.0,21.5,10000.0,600.0,0.42,homogeneous,0.5,0.0,0.1,disjoint_equal,424e17e9ec504890,7c815f66288c5379,3a260cd79f73affe,False,False,results/thesis_revision_v43/stage_05b2/raw/S5B2-00876.summary.json,PLANNED
S5B2-00877,C2,C2,,H3,SENS_IDLE,20260208,100,common_disjoint_idle,141000000000000.0,21.5,10000.0,600.0,0.42,homogeneous,0.5,0.0,0.1,disjoint_equal,aaa43b0ddebb2eb7,503b8c09a07053b5,3a260cd79f73affe,False,False,results/thesis_revision_v43/stage_05b2/raw/S5B2-00877.summary.json,PLANNED
S5B2-00878,C2,C2,,H3,SENS_IDLE,20260209,100,common_disjoint_idle,141000000000000.0,21.5,10000.0,600.0,0.42,homogeneous,0.5,0.0,0.1,disjoint_equal,f455af4238dbdd70,6ac2b78a97846e82,3a260cd79f73affe,False,False,results/thesis_revision_v43/stage_05b2/raw/S5B2-00878.summary.json,PLANNED
S5B2-00879,C2,C2,,H3,SENS_IDLE,20260210,100,common_disjoint_idle,141000000000000.0,21.5,10000.0,600.0,0.42,homogeneous,0.5,0.0,0.1,disjoint_equal,a9c7cf38eb6054c5,c52280f833fa352f,3a260cd79f73affe,False,False,results/thesis_revision_v43/stage_05b2/raw/S5B2-00879.summary.json,PLANNED
S5B2-00880,C2,C2,,H3,SENS_IDLE,20260211,100,common_disjoint_idle,141000000000000.0,21.5,10000.0,600.0,0.42,homogeneous,0.5,0.0,0.1,disjoint_equal,1b699e401441312a,ee916f16569500ce,3a260cd79f73affe,False,False,results/thesis_revision_v43/stage_05b2/raw/S5B2-00880.summary.json,PLANNED
S5B2-00881,C2,C2,,H3,SENS_IDLE,20260212,100,common_disjoint_idle,141000000000000.0,21.5,10000.0,600.0,0.42,homogeneous,0.5,0.0,0.1,disjoint_equal,5b8a4ac4226f46a9,eb19fbcaed94f62f,3a260cd79f73affe,False,False,results/thesis_revision_v43/stage_05b2/raw/S5B2-00881.summary.json,PLANNED
S5B2-00882,C2,C2,,H3,SENS_IDLE,20260213,100,common_disjoint_idle,141000000000000.0,21.5,10000.0,600.0,0.42,homogeneous,0.5,0.0,0.1,disjoint_equal,4900b508201054e7,8cd5be880e243d8f,3a260cd79f73affe,False,False,results/thesis_revision_v43/stage_05b2/raw/S5B2-00882.summary.json,PLANNED
S5B2-00883,C2,C2,,H3,SENS_IDLE,20260214,100,common_disjoint_idle,141000000000000.0,21.5,10000.0,600.0,0.42,homogeneous,0.5,0.0,0.1,disjoint_equal,a97e8dfd14e35019,5de0b893a9eb52df,3a260cd79f73affe,False,False,results/thesis_revision_v43/stage_05b2/raw/S5B2-00883.summary.json,PLANNED
S5B2-00884,C2,C2,,H3,SENS_IDLE,20260215,100,common_disjoint_idle,141000000000000.0,21.5,10000.0,600.0,0.42,homogeneous,0.5,0.0,0.1,disjoint_equal,8c5cd22ad6154357,57069177552bc2d2,3a260cd79f73affe,False,False,results/thesis_revision_v43/stage_05b2/raw/S5B2-00884.summary.json,PLANNED
S5B2-00885,C2,C2,,H3,SENS_IDLE,20260216,100,common_disjoint_idle,141000000000000.0,21.5,10000.0,600.0,0.42,homogeneous,0.5,0.0,0.1,disjoint_equal,76c982b3380b4ecc,604091969e4e3721,3a260cd79f73affe,False,False,results/thesis_revision_v43/stage_05b2/raw/S5B2-00885.summary.json,PLANNED
S5B2-00886,C2,C2,,H3,SENS_IDLE,20260217,100,common_disjoint_idle,141000000000000.0,21.5,10000.0,600.0,0.42,homogeneous,0.5,0.0,0.1,disjoint_equal,b4259a2cfffe6f2e,2975a8da4ec81a33,3a260cd79f73affe,False,False,results/thesis_revision_v43/stage_05b2/raw/S5B2-00886.summary.json,PLANNED
S5B2-00887,C2,C2,,H3,SENS_IDLE,20260218,100,common_disjoint_idle,141000000000000.0,21.5,10000.0,600.0,0.42,homogeneous,0.5,0.0,0.1,disjoint_equal,787aa4cfc36f8497,cbe1636b15c3b2c6,3a260cd79f73affe,False,False,results/thesis_revision_v43/stage_05b2/raw/S5B2-00887.summary.json,PLANNED
S5B2-00888,C2,C2,,H3,SENS_IDLE,20260219,100,common_disjoint_idle,141000000000000.0,21.5,10000.0,600.0,0.42,homogeneous,0.5,0.0,0.1,disjoint_equal,8352aee3ecf32679,f3755430a79aa1f1,3a260cd79f73affe,False,False,results/thesis_revision_v43/stage_05b2/raw/S5B2-00888.summary.json,PLANNED
S5B2-00889,C2,C2,,H3,SENS_IDLE,20260220,100,common_disjoint_idle,141000000000000.0,21.5,10000.0,600.0,0.42,homogeneous,0.5,0.0,0.1,disjoint_equal,f8a55bbbec7226d6,9dbd2f51c8aa105a,3a260cd79f73affe,False,False,results/thesis_revision_v43/stage_05b2/raw/S5B2-00889.summary.json,PLANNED
S5B2-00890,C2,C2,,H3,SENS_IDLE,20260221,100,common_disjoint_idle,141000000000000.0,21.5,10000.0,600.0,0.42,homogeneous,0.5,0.0,0.1,disjoint_equal,6972837318f8f218,24ce4bcec2812259,3a260cd79f73affe,False,False,results/thesis_revision_v43/stage_05b2/raw/S5B2-00890.summary.json,PLANNED
S5B2-00891,C2,C2,,H3,SENS_IDLE,20260222,100,common_disjoint_idle,141000000000000.0,21.5,10000.0,600.0,0.42,homogeneous,0.5,0.0,0.1,disjoint_equal,556ee07966813f0c,6952f64653df8ce0,3a260cd79f73affe,False,False,results/thesis_revision_v43/stage_05b2/raw/S5B2-00891.summary.json,PLANNED
S5B2-00892,C2,C2,,H3,SENS_IDLE,20260223,100,common_disjoint_idle,141000000000000.0,21.5,10000.0,600.0,0.42,homogeneous,0.5,0.0,0.1,disjoint_equal,b5e16e5e0dde8526,8f77f1cef4aeaafb,3a260cd79f73affe,False,False,results/thesis_revision_v43/stage_05b2/raw/S5B2-00892.summary.json,PLANNED
S5B2-00893,C2,C2,,H3,SENS_IDLE,20260224,100,common_disjoint_idle,141000000000000.0,21.5,10000.0,600.0,0.42,homogeneous,0.5,0.0,0.1,disjoint_equal,b2c26a9431728de2,b17c8f209e03bc83,3a260cd79f73affe,False,False,results/thesis_revision_v43/stage_05b2/raw/S5B2-00893.summary.json,PLANNED
S5B2-00894,C2,C2,,H3,SENS_IDLE,20260225,100,common_disjoint_idle,141000000000000.0,21.5,10000.0,600.0,0.42,homogeneous,0.5,0.0,0.1,disjoint_equal,4b300a849415e7d5,839b716a77e99054,3a260cd79f73affe,False,False,results/thesis_revision_v43/stage_05b2/raw/S5B2-00894.summary.json,PLANNED
S5B2-00895,C2,C2,,H3,SENS_IDLE,20260226,100,common_disjoint_idle,141000000000000.0,21.5,10000.0,600.0,0.42,homogeneous,0.5,0.0,0.1,disjoint_equal,a41aac3e3c35ef40,b34a1201d26eda4a,3a260cd79f73affe,False,False,results/thesis_revision_v43/stage_05b2/raw/S5B2-00895.summary.json,PLANNED
S5B2-00896,C2,C2,,H3,SENS_IDLE,20260227,100,common_disjoint_idle,141000000000000.0,21.5,10000.0,600.0,0.42,homogeneous,0.5,0.0,0.1,disjoint_equal,370ee96397075b88,b191adcdf7ef26cb,3a260cd79f73affe,False,False,results/thesis_revision_v43/stage_05b2/raw/S5B2-00896.summary.json,PLANNED
S5B2-00897,C2,C2,,H3,SENS_IDLE,20260228,100,common_disjoint_idle,141000000000000.0,21.5,10000.0,600.0,0.42,homogeneous,0.5,0.0,0.1,disjoint_equal,e78ab94a0a785000,f6a0d0a60b1ace78,3a260cd79f73affe,False,False,results/thesis_revision_v43/stage_05b2/raw/S5B2-00897.summary.json,PLANNED
S5B2-00898,C2,C2,,H3,SENS_IDLE,20260229,100,common_disjoint_idle,141000000000000.0,21.5,10000.0,600.0,0.42,homogeneous,0.5,0.0,0.1,disjoint_equal,04262b4c3279c956,ba18e70aa7851591,3a260cd79f73affe,False,False,results/thesis_revision_v43/stage_05b2/raw/S5B2-00898.summary.json,PLANNED
S5B2-00899,C2,C2,,H3,SENS_IDLE,20260230,100,common_disjoint_idle,141000000000000.0,21.5,10000.0,600.0,0.42,homogeneous,0.5,0.0,0.1,disjoint_equal,e17214f5e0f80a29,c77d3f8fccc92fc0,3a260cd79f73affe,False,False,results/thesis_revision_v43/stage_05b2/raw/S5B2-00899.summary.json,PLANNED
S5B2-00900,C2,C2,,H3,SENS_IDLE,20260201,500,common_disjoint_idle,141000000000000.0,21.5,10000.0,600.0,0.42,homogeneous,0.5,0.0,0.1,disjoint_equal,496a35e89ca3bebb,1377b3685d11b808,f932a288a968cfca,False,True,results/thesis_revision_v43/stage_05b2/raw/S5B2-00900.summary.json,PLANNED
S5B2-00901,C2,C2,,H3,SENS_IDLE,20260202,500,common_disjoint_idle,141000000000000.0,21.5,10000.0,600.0,0.42,homogeneous,0.5,0.0,0.1,disjoint_equal,70bcaba829a43049,72d6d2abdc0a3efa,f932a288a968cfca,False,False,results/thesis_revision_v43/stage_05b2/raw/S5B2-00901.summary.json,PLANNED
S5B2-00902,C2,C2,,H3,SENS_IDLE,20260203,500,common_disjoint_idle,141000000000000.0,21.5,10000.0,600.0,0.42,homogeneous,0.5,0.0,0.1,disjoint_equal,854273bbbe215210,d6c08bfffaf4f71a,f932a288a968cfca,False,False,results/thesis_revision_v43/stage_05b2/raw/S5B2-00902.summary.json,PLANNED
S5B2-00903,C2,C2,,H3,SENS_IDLE,20260204,500,common_disjoint_idle,141000000000000.0,21.5,10000.0,600.0,0.42,homogeneous,0.5,0.0,0.1,disjoint_equal,667777a06c0e73f8,5bc3a5768b15fbe6,f932a288a968cfca,False,False,results/thesis_revision_v43/stage_05b2/raw/S5B2-00903.summary.json,PLANNED
S5B2-00904,C2,C2,,H3,SENS_IDLE,20260205,500,common_disjoint_idle,141000000000000.0,21.5,10000.0,600.0,0.42,homogeneous,0.5,0.0,0.1,disjoint_equal,34eea8a5f491bcdc,5437312bee3417fc,f932a288a968cfca,False,False,results/thesis_revision_v43/stage_05b2/raw/S5B2-00904.summary.json,PLANNED
S5B2-00905,C2,C2,,H3,SENS_IDLE,20260206,500,common_disjoint_idle,141000000000000.0,21.5,10000.0,600.0,0.42,homogeneous,0.5,0.0,0.1,disjoint_equal,0cb0dc55de6d9414,260ac106b2b0eb21,f932a288a968cfca,False,False,results/thesis_revision_v43/stage_05b2/raw/S5B2-00905.summary.json,PLANNED
S5B2-00906,C2,C2,,H3,SENS_IDLE,20260207,500,common_disjoint_idle,141000000000000.0,21.5,10000.0,600.0,0.42,homogeneous,0.5,0.0,0.1,disjoint_equal,6a24d515e01f6c6f,0f6818449ced1728,f932a288a968cfca,False,False,results/thesis_revision_v43/stage_05b2/raw/S5B2-00906.summary.json,PLANNED
S5B2-00907,C2,C2,,H3,SENS_IDLE,20260208,500,common_disjoint_idle,141000000000000.0,21.5,10000.0,600.0,0.42,homogeneous,0.5,0.0,0.1,disjoint_equal,68c2ae0ab4baee36,c604b0fc5d311a10,f932a288a968cfca,False,False,results/thesis_revision_v43/stage_05b2/raw/S5B2-00907.summary.json,PLANNED
S5B2-00908,C2,C2,,H3,SENS_IDLE,20260209,500,common_disjoint_idle,141000000000000.0,21.5,10000.0,600.0,0.42,homogeneous,0.5,0.0,0.1,disjoint_equal,e7718362b1e22994,cf6c5d164f32cbbf,f932a288a968cfca,False,False,results/thesis_revision_v43/stage_05b2/raw/S5B2-00908.summary.json,PLANNED
S5B2-00909,C2,C2,,H3,SENS_IDLE,20260210,500,common_disjoint_idle,141000000000000.0,21.5,10000.0,600.0,0.42,homogeneous,0.5,0.0,0.1,disjoint_equal,d3643c8671d59d44,66aa44299979ac76,f932a288a968cfca,False,False,results/thesis_revision_v43/stage_05b2/raw/S5B2-00909.summary.json,PLANNED
S5B2-00910,C2,C2,,H3,SENS_IDLE,20260211,500,common_disjoint_idle,141000000000000.0,21.5,10000.0,600.0,0.42,homogeneous,0.5,0.0,0.1,disjoint_equal,3ace1d69dcbaf950,c16e0ccaa8cff418,f932a288a968cfca,False,False,results/thesis_revision_v43/stage_05b2/raw/S5B2-00910.summary.json,PLANNED
S5B2-00911,C2,C2,,H3,SENS_IDLE,20260212,500,common_disjoint_idle,141000000000000.0,21.5,10000.0,600.0,0.42,homogeneous,0.5,0.0,0.1,disjoint_equal,ef4b7918017e0016,cf4bbbe1b56e7f1e,f932a288a968cfca,False,False,results/thesis_revision_v43/stage_05b2/raw/S5B2-00911.summary.json,PLANNED
S5B2-00912,C2,C2,,H3,SENS_IDLE,20260213,500,common_disjoint_idle,141000000000000.0,21.5,10000.0,600.0,0.42,homogeneous,0.5,0.0,0.1,disjoint_equal,ef567a2db4df5923,dd11b67334c76cf8,f932a288a968cfca,False,False,results/thesis_revision_v43/stage_05b2/raw/S5B2-00912.summary.json,PLANNED
S5B2-00913,C2,C2,,H3,SENS_IDLE,20260214,500,common_disjoint_idle,141000000000000.0,21.5,10000.0,600.0,0.42,homogeneous,0.5,0.0,0.1,disjoint_equal,6533db3318320cb9,130530475c3b665c,f932a288a968cfca,False,False,results/thesis_revision_v43/stage_05b2/raw/S5B2-00913.summary.json,PLANNED
S5B2-00914,C2,C2,,H3,SENS_IDLE,20260215,500,common_disjoint_idle,141000000000000.0,21.5,10000.0,600.0,0.42,homogeneous,0.5,0.0,0.1,disjoint_equal,4800927e7392ad30,1b54d62a93aee1eb,f932a288a968cfca,False,False,results/thesis_revision_v43/stage_05b2/raw/S5B2-00914.summary.json,PLANNED
S5B2-00915,C2,C2,,H3,SENS_IDLE,20260216,500,common_disjoint_idle,141000000000000.0,21.5,10000.0,600.0,0.42,homogeneous,0.5,0.0,0.1,disjoint_equal,1f8d4af698eba3c2,a552b1b657a696a0,f932a288a968cfca,False,False,results/thesis_revision_v43/stage_05b2/raw/S5B2-00915.summary.json,PLANNED
S5B2-00916,C2,C2,,H3,SENS_IDLE,20260217,500,common_disjoint_idle,141000000000000.0,21.5,10000.0,600.0,0.42,homogeneous,0.5,0.0,0.1,disjoint_equal,d16c1c8f47596cea,84790f28846fdbc8,f932a288a968cfca,False,False,results/thesis_revision_v43/stage_05b2/raw/S5B2-00916.summary.json,PLANNED
S5B2-00917,C2,C2,,H3,SENS_IDLE,20260218,500,common_disjoint_idle,141000000000000.0,21.5,10000.0,600.0,0.42,homogeneous,0.5,0.0,0.1,disjoint_equal,0268a630ecf2d1df,445d245664f98058,f932a288a968cfca,False,False,results/thesis_revision_v43/stage_05b2/raw/S5B2-00917.summary.json,PLANNED
S5B2-00918,C2,C2,,H3,SENS_IDLE,20260219,500,common_disjoint_idle,141000000000000.0,21.5,10000.0,600.0,0.42,homogeneous,0.5,0.0,0.1,disjoint_equal,40f82c10923ffdf8,fa8709083a80fd5b,f932a288a968cfca,False,False,results/thesis_revision_v43/stage_05b2/raw/S5B2-00918.summary.json,PLANNED
S5B2-00919,C2,C2,,H3,SENS_IDLE,20260220,500,common_disjoint_idle,141000000000000.0,21.5,10000.0,600.0,0.42,homogeneous,0.5,0.0,0.1,disjoint_equal,ec7255a2295e41a7,6a5b137217f08260,f932a288a968cfca,False,False,results/thesis_revision_v43/stage_05b2/raw/S5B2-00919.summary.json,PLANNED
S5B2-00920,C2,C2,,H3,SENS_IDLE,20260221,500,common_disjoint_idle,141000000000000.0,21.5,10000.0,600.0,0.42,homogeneous,0.5,0.0,0.1,disjoint_equal,bbc774a5790a5a3d,f9efc751b5af87e6,f932a288a968cfca,False,False,results/thesis_revision_v43/stage_05b2/raw/S5B2-00920.summary.json,PLANNED
S5B2-00921,C2,C2,,H3,SENS_IDLE,20260222,500,common_disjoint_idle,141000000000000.0,21.5,10000.0,600.0,0.42,homogeneous,0.5,0.0,0.1,disjoint_equal,0a26d70d343251ac,9aea81a06bc95aa6,f932a288a968cfca,False,False,results/thesis_revision_v43/stage_05b2/raw/S5B2-00921.summary.json,PLANNED
S5B2-00922,C2,C2,,H3,SENS_IDLE,20260223,500,common_disjoint_idle,141000000000000.0,21.5,10000.0,600.0,0.42,homogeneous,0.5,0.0,0.1,disjoint_equal,7f5fd8dcc386ce7e,f0c7cac9186da09e,f932a288a968cfca,False,False,results/thesis_revision_v43/stage_05b2/raw/S5B2-00922.summary.json,PLANNED
S5B2-00923,C2,C2,,H3,SENS_IDLE,20260224,500,common_disjoint_idle,141000000000000.0,21.5,10000.0,600.0,0.42,homogeneous,0.5,0.0,0.1,disjoint_equal,295e2764c64c9e53,551c45ff85644f3c,f932a288a968cfca,False,False,results/thesis_revision_v43/stage_05b2/raw/S5B2-00923.summary.json,PLANNED
S5B2-00924,C2,C2,,H3,SENS_IDLE,20260225,500,common_disjoint_idle,141000000000000.0,21.5,10000.0,600.0,0.42,homogeneous,0.5,0.0,0.1,disjoint_equal,71b86b2650f8ac4c,9169a915c89e2dee,f932a288a968cfca,False,False,results/thesis_revision_v43/stage_05b2/raw/S5B2-00924.summary.json,PLANNED
S5B2-00925,C2,C2,,H3,SENS_IDLE,20260226,500,common_disjoint_idle,141000000000000.0,21.5,10000.0,600.0,0.42,homogeneous,0.5,0.0,0.1,disjoint_equal,b1cbd6323d457a01,5e23ba5330a9094a,f932a288a968cfca,False,False,results/thesis_revision_v43/stage_05b2/raw/S5B2-00925.summary.json,PLANNED
S5B2-00926,C2,C2,,H3,SENS_IDLE,20260227,500,common_disjoint_idle,141000000000000.0,21.5,10000.0,600.0,0.42,homogeneous,0.5,0.0,0.1,disjoint_equal,8d05cba1c95169ec,28c3718d437a5d46,f932a288a968cfca,False,False,results/thesis_revision_v43/stage_05b2/raw/S5B2-00926.summary.json,PLANNED
S5B2-00927,C2,C2,,H3,SENS_IDLE,20260228,500,common_disjoint_idle,141000000000000.0,21.5,10000.0,600.0,0.42,homogeneous,0.5,0.0,0.1,disjoint_equal,4f0aa73fc5c7b644,bd68627c3bf09737,f932a288a968cfca,False,False,results/thesis_revision_v43/stage_05b2/raw/S5B2-00927.summary.json,PLANNED
S5B2-00928,C2,C2,,H3,SENS_IDLE,20260229,500,common_disjoint_idle,141000000000000.0,21.5,10000.0,600.0,0.42,homogeneous,0.5,0.0,0.1,disjoint_equal,7ed7a2c25911395b,c508c47e58e22959,f932a288a968cfca,False,False,results/thesis_revision_v43/stage_05b2/raw/S5B2-00928.summary.json,PLANNED
S5B2-00929,C2,C2,,H3,SENS_IDLE,20260230,500,common_disjoint_idle,141000000000000.0,21.5,10000.0,600.0,0.42,homogeneous,0.5,0.0,0.1,disjoint_equal,e93408465ae68a4c,b78b01d65889d461,f932a288a968cfca,False,False,results/thesis_revision_v43/stage_05b2/raw/S5B2-00929.summary.json,PLANNED
S5B2-00930,C2,C2,,H3,SENS_IDLE,20260201,100,common_disjoint_idle,141000000000000.0,21.5,10000.0,600.0,0.42,homogeneous,0.5,0.0,0.2,disjoint_equal,8debef859e6915bc,1e69ec21dd85a174,29918f3499577fbe,False,False,results/thesis_revision_v43/stage_05b2/raw/S5B2-00930.summary.json,PLANNED
S5B2-00931,C2,C2,,H3,SENS_IDLE,20260202,100,common_disjoint_idle,141000000000000.0,21.5,10000.0,600.0,0.42,homogeneous,0.5,0.0,0.2,disjoint_equal,62b3c94ea31c528e,653ae7f2eee8e971,29918f3499577fbe,False,False,results/thesis_revision_v43/stage_05b2/raw/S5B2-00931.summary.json,PLANNED
S5B2-00932,C2,C2,,H3,SENS_IDLE,20260203,100,common_disjoint_idle,141000000000000.0,21.5,10000.0,600.0,0.42,homogeneous,0.5,0.0,0.2,disjoint_equal,85f704bfe8ceaf41,b5cadc53ba0579cf,29918f3499577fbe,False,False,results/thesis_revision_v43/stage_05b2/raw/S5B2-00932.summary.json,PLANNED
S5B2-00933,C2,C2,,H3,SENS_IDLE,20260204,100,common_disjoint_idle,141000000000000.0,21.5,10000.0,600.0,0.42,homogeneous,0.5,0.0,0.2,disjoint_equal,ced8fb2fe515a6bd,ba2123f1645bd91e,29918f3499577fbe,False,False,results/thesis_revision_v43/stage_05b2/raw/S5B2-00933.summary.json,PLANNED
S5B2-00934,C2,C2,,H3,SENS_IDLE,20260205,100,common_disjoint_idle,141000000000000.0,21.5,10000.0,600.0,0.42,homogeneous,0.5,0.0,0.2,disjoint_equal,4e459981da9232a1,85b35457a2fd74f1,29918f3499577fbe,False,False,results/thesis_revision_v43/stage_05b2/raw/S5B2-00934.summary.json,PLANNED
S5B2-00935,C2,C2,,H3,SENS_IDLE,20260206,100,common_disjoint_idle,141000000000000.0,21.5,10000.0,600.0,0.42,homogeneous,0.5,0.0,0.2,disjoint_equal,564c4d44a83089cf,7f2facfb746fcb3b,29918f3499577fbe,False,False,results/thesis_revision_v43/stage_05b2/raw/S5B2-00935.summary.json,PLANNED
S5B2-00936,C2,C2,,H3,SENS_IDLE,20260207,100,common_disjoint_idle,141000000000000.0,21.5,10000.0,600.0,0.42,homogeneous,0.5,0.0,0.2,disjoint_equal,8cfce20c9d5c87e2,face70e1fdb283f6,29918f3499577fbe,False,False,results/thesis_revision_v43/stage_05b2/raw/S5B2-00936.summary.json,PLANNED
S5B2-00937,C2,C2,,H3,SENS_IDLE,20260208,100,common_disjoint_idle,141000000000000.0,21.5,10000.0,600.0,0.42,homogeneous,0.5,0.0,0.2,disjoint_equal,4ab9eecfb68b223b,cd0961f7a0ae5f10,29918f3499577fbe,False,False,results/thesis_revision_v43/stage_05b2/raw/S5B2-00937.summary.json,PLANNED
S5B2-00938,C2,C2,,H3,SENS_IDLE,20260209,100,common_disjoint_idle,141000000000000.0,21.5,10000.0,600.0,0.42,homogeneous,0.5,0.0,0.2,disjoint_equal,b4866f15eef6e8c0,eaeaa2f6e4ad8822,29918f3499577fbe,False,False,results/thesis_revision_v43/stage_05b2/raw/S5B2-00938.summary.json,PLANNED
S5B2-00939,C2,C2,,H3,SENS_IDLE,20260210,100,common_disjoint_idle,141000000000000.0,21.5,10000.0,600.0,0.42,homogeneous,0.5,0.0,0.2,disjoint_equal,b61b654b913e4791,841560b999176695,29918f3499577fbe,False,False,results/thesis_revision_v43/stage_05b2/raw/S5B2-00939.summary.json,PLANNED
S5B2-00940,C2,C2,,H3,SENS_IDLE,20260211,100,common_disjoint_idle,141000000000000.0,21.5,10000.0,600.0,0.42,homogeneous,0.5,0.0,0.2,disjoint_equal,5290876c64370b2f,34f82e4041eec680,29918f3499577fbe,False,False,results/thesis_revision_v43/stage_05b2/raw/S5B2-00940.summary.json,PLANNED
S5B2-00941,C2,C2,,H3,SENS_IDLE,20260212,100,common_disjoint_idle,141000000000000.0,21.5,10000.0,600.0,0.42,homogeneous,0.5,0.0,0.2,disjoint_equal,0e83979faf3bb25a,89fbc0c452960092,29918f3499577fbe,False,False,results/thesis_revision_v43/stage_05b2/raw/S5B2-00941.summary.json,PLANNED
S5B2-00942,C2,C2,,H3,SENS_IDLE,20260213,100,common_disjoint_idle,141000000000000.0,21.5,10000.0,600.0,0.42,homogeneous,0.5,0.0,0.2,disjoint_equal,25ef37bc77fc8535,e85d200022c90f61,29918f3499577fbe,False,False,results/thesis_revision_v43/stage_05b2/raw/S5B2-00942.summary.json,PLANNED
S5B2-00943,C2,C2,,H3,SENS_IDLE,20260214,100,common_disjoint_idle,141000000000000.0,21.5,10000.0,600.0,0.42,homogeneous,0.5,0.0,0.2,disjoint_equal,4562658d834bc422,b4984a17c6f2c8d6,29918f3499577fbe,False,False,results/thesis_revision_v43/stage_05b2/raw/S5B2-00943.summary.json,PLANNED
S5B2-00944,C2,C2,,H3,SENS_IDLE,20260215,100,common_disjoint_idle,141000000000000.0,21.5,10000.0,600.0,0.42,homogeneous,0.5,0.0,0.2,disjoint_equal,52959cb0faf91b09,f351d44fc74a6f2f,29918f3499577fbe,False,False,results/thesis_revision_v43/stage_05b2/raw/S5B2-00944.summary.json,PLANNED
S5B2-00945,C2,C2,,H3,SENS_IDLE,20260216,100,common_disjoint_idle,141000000000000.0,21.5,10000.0,600.0,0.42,homogeneous,0.5,0.0,0.2,disjoint_equal,2f5e2694b8b18fc2,e29b5c7c5f5979b5,29918f3499577fbe,False,False,results/thesis_revision_v43/stage_05b2/raw/S5B2-00945.summary.json,PLANNED
S5B2-00946,C2,C2,,H3,SENS_IDLE,20260217,100,common_disjoint_idle,141000000000000.0,21.5,10000.0,600.0,0.42,homogeneous,0.5,0.0,0.2,disjoint_equal,bd7a5aa06753ced3,d652246b841b87a0,29918f3499577fbe,False,False,results/thesis_revision_v43/stage_05b2/raw/S5B2-00946.summary.json,PLANNED
S5B2-00947,C2,C2,,H3,SENS_IDLE,20260218,100,common_disjoint_idle,141000000000000.0,21.5,10000.0,600.0,0.42,homogeneous,0.5,0.0,0.2,disjoint_equal,75d02763ffd9256a,6b212bf3d9c3bc9f,29918f3499577fbe,False,False,results/thesis_revision_v43/stage_05b2/raw/S5B2-00947.summary.json,PLANNED
S5B2-00948,C2,C2,,H3,SENS_IDLE,20260219,100,common_disjoint_idle,141000000000000.0,21.5,10000.0,600.0,0.42,homogeneous,0.5,0.0,0.2,disjoint_equal,dc8d4b4bd9451e21,e8c81375d1990906,29918f3499577fbe,False,False,results/thesis_revision_v43/stage_05b2/raw/S5B2-00948.summary.json,PLANNED
S5B2-00949,C2,C2,,H3,SENS_IDLE,20260220,100,common_disjoint_idle,141000000000000.0,21.5,10000.0,600.0,0.42,homogeneous,0.5,0.0,0.2,disjoint_equal,a8e10e5520f63e59,e90063f1bcdbb62a,29918f3499577fbe,False,False,results/thesis_revision_v43/stage_05b2/raw/S5B2-00949.summary.json,PLANNED
S5B2-00950,C2,C2,,H3,SENS_IDLE,20260221,100,common_disjoint_idle,141000000000000.0,21.5,10000.0,600.0,0.42,homogeneous,0.5,0.0,0.2,disjoint_equal,fc84c9950dc15971,1c0b826bc4e9b7df,29918f3499577fbe,False,False,results/thesis_revision_v43/stage_05b2/raw/S5B2-00950.summary.json,PLANNED
S5B2-00951,C2,C2,,H3,SENS_IDLE,20260222,100,common_disjoint_idle,141000000000000.0,21.5,10000.0,600.0,0.42,homogeneous,0.5,0.0,0.2,disjoint_equal,30ebb136e0dd7046,6f8f392fa603d357,29918f3499577fbe,False,False,results/thesis_revision_v43/stage_05b2/raw/S5B2-00951.summary.json,PLANNED
S5B2-00952,C2,C2,,H3,SENS_IDLE,20260223,100,common_disjoint_idle,141000000000000.0,21.5,10000.0,600.0,0.42,homogeneous,0.5,0.0,0.2,disjoint_equal,5a86ef249c546d0c,a4727680fb346dff,29918f3499577fbe,False,False,results/thesis_revision_v43/stage_05b2/raw/S5B2-00952.summary.json,PLANNED
S5B2-00953,C2,C2,,H3,SENS_IDLE,20260224,100,common_disjoint_idle,141000000000000.0,21.5,10000.0,600.0,0.42,homogeneous,0.5,0.0,0.2,disjoint_equal,55256a6e89a113eb,0eff848b1b56ab55,29918f3499577fbe,False,False,results/thesis_revision_v43/stage_05b2/raw/S5B2-00953.summary.json,PLANNED
S5B2-00954,C2,C2,,H3,SENS_IDLE,20260225,100,common_disjoint_idle,141000000000000.0,21.5,10000.0,600.0,0.42,homogeneous,0.5,0.0,0.2,disjoint_equal,45c2ccfeea4aa838,56253bdc0491a4d7,29918f3499577fbe,False,False,results/thesis_revision_v43/stage_05b2/raw/S5B2-00954.summary.json,PLANNED
S5B2-00955,C2,C2,,H3,SENS_IDLE,20260226,100,common_disjoint_idle,141000000000000.0,21.5,10000.0,600.0,0.42,homogeneous,0.5,0.0,0.2,disjoint_equal,dd3f11fd43b61402,043aa7460a0fa24c,29918f3499577fbe,False,False,results/thesis_revision_v43/stage_05b2/raw/S5B2-00955.summary.json,PLANNED
S5B2-00956,C2,C2,,H3,SENS_IDLE,20260227,100,common_disjoint_idle,141000000000000.0,21.5,10000.0,600.0,0.42,homogeneous,0.5,0.0,0.2,disjoint_equal,c387570d7f544d6a,12fa4ba864c01c21,29918f3499577fbe,False,False,results/thesis_revision_v43/stage_05b2/raw/S5B2-00956.summary.json,PLANNED
S5B2-00957,C2,C2,,H3,SENS_IDLE,20260228,100,common_disjoint_idle,141000000000000.0,21.5,10000.0,600.0,0.42,homogeneous,0.5,0.0,0.2,disjoint_equal,3e9e84bc853d53fd,f87e441e1131b932,29918f3499577fbe,False,False,results/thesis_revision_v43/stage_05b2/raw/S5B2-00957.summary.json,PLANNED
S5B2-00958,C2,C2,,H3,SENS_IDLE,20260229,100,common_disjoint_idle,141000000000000.0,21.5,10000.0,600.0,0.42,homogeneous,0.5,0.0,0.2,disjoint_equal,c0d8cfd5aa6d0920,2883b998c9865816,29918f3499577fbe,False,False,results/thesis_revision_v43/stage_05b2/raw/S5B2-00958.summary.json,PLANNED
S5B2-00959,C2,C2,,H3,SENS_IDLE,20260230,100,common_disjoint_idle,141000000000000.0,21.5,10000.0,600.0,0.42,homogeneous,0.5,0.0,0.2,disjoint_equal,339c904724c788ec,54e90776cfa98a18,29918f3499577fbe,False,False,results/thesis_revision_v43/stage_05b2/raw/S5B2-00959.summary.json,PLANNED
S5B2-00960,C2,C2,,H3,SENS_IDLE,20260201,500,common_disjoint_idle,141000000000000.0,21.5,10000.0,600.0,0.42,homogeneous,0.5,0.0,0.2,disjoint_equal,b0573bc94a43c752,d414dcd9104b0a04,6008706bbc2bb824,False,False,results/thesis_revision_v43/stage_05b2/raw/S5B2-00960.summary.json,PLANNED
S5B2-00961,C2,C2,,H3,SENS_IDLE,20260202,500,common_disjoint_idle,141000000000000.0,21.5,10000.0,600.0,0.42,homogeneous,0.5,0.0,0.2,disjoint_equal,486d7e8ff6212a09,51d80ce50c428e49,6008706bbc2bb824,False,False,results/thesis_revision_v43/stage_05b2/raw/S5B2-00961.summary.json,PLANNED
S5B2-00962,C2,C2,,H3,SENS_IDLE,20260203,500,common_disjoint_idle,141000000000000.0,21.5,10000.0,600.0,0.42,homogeneous,0.5,0.0,0.2,disjoint_equal,76c98030b673ad34,05d13eda47c7a72e,6008706bbc2bb824,False,False,results/thesis_revision_v43/stage_05b2/raw/S5B2-00962.summary.json,PLANNED
S5B2-00963,C2,C2,,H3,SENS_IDLE,20260204,500,common_disjoint_idle,141000000000000.0,21.5,10000.0,600.0,0.42,homogeneous,0.5,0.0,0.2,disjoint_equal,90b231f08f37e17d,efd2e6224a7ed190,6008706bbc2bb824,False,False,results/thesis_revision_v43/stage_05b2/raw/S5B2-00963.summary.json,PLANNED
S5B2-00964,C2,C2,,H3,SENS_IDLE,20260205,500,common_disjoint_idle,141000000000000.0,21.5,10000.0,600.0,0.42,homogeneous,0.5,0.0,0.2,disjoint_equal,243a48aa3d46fab3,635131527d3663cf,6008706bbc2bb824,False,False,results/thesis_revision_v43/stage_05b2/raw/S5B2-00964.summary.json,PLANNED
S5B2-00965,C2,C2,,H3,SENS_IDLE,20260206,500,common_disjoint_idle,141000000000000.0,21.5,10000.0,600.0,0.42,homogeneous,0.5,0.0,0.2,disjoint_equal,371386b998b0804b,9cf3ebac4ee0f9fc,6008706bbc2bb824,False,False,results/thesis_revision_v43/stage_05b2/raw/S5B2-00965.summary.json,PLANNED
S5B2-00966,C2,C2,,H3,SENS_IDLE,20260207,500,common_disjoint_idle,141000000000000.0,21.5,10000.0,600.0,0.42,homogeneous,0.5,0.0,0.2,disjoint_equal,2530ac3f372f3f20,5616c763eed39a02,6008706bbc2bb824,False,False,results/thesis_revision_v43/stage_05b2/raw/S5B2-00966.summary.json,PLANNED
S5B2-00967,C2,C2,,H3,SENS_IDLE,20260208,500,common_disjoint_idle,141000000000000.0,21.5,10000.0,600.0,0.42,homogeneous,0.5,0.0,0.2,disjoint_equal,f78d7a14e0704f61,5513eccda744498c,6008706bbc2bb824,False,False,results/thesis_revision_v43/stage_05b2/raw/S5B2-00967.summary.json,PLANNED
S5B2-00968,C2,C2,,H3,SENS_IDLE,20260209,500,common_disjoint_idle,141000000000000.0,21.5,10000.0,600.0,0.42,homogeneous,0.5,0.0,0.2,disjoint_equal,6356ba6725f82e8e,4aa87f99ad78cd79,6008706bbc2bb824,False,False,results/thesis_revision_v43/stage_05b2/raw/S5B2-00968.summary.json,PLANNED
S5B2-00969,C2,C2,,H3,SENS_IDLE,20260210,500,common_disjoint_idle,141000000000000.0,21.5,10000.0,600.0,0.42,homogeneous,0.5,0.0,0.2,disjoint_equal,6c4f8d8998d991db,be5fed4b1402e2d7,6008706bbc2bb824,False,False,results/thesis_revision_v43/stage_05b2/raw/S5B2-00969.summary.json,PLANNED
S5B2-00970,C2,C2,,H3,SENS_IDLE,20260211,500,common_disjoint_idle,141000000000000.0,21.5,10000.0,600.0,0.42,homogeneous,0.5,0.0,0.2,disjoint_equal,2f5c7880fdb8e969,2a3da780443af555,6008706bbc2bb824,False,False,results/thesis_revision_v43/stage_05b2/raw/S5B2-00970.summary.json,PLANNED
S5B2-00971,C2,C2,,H3,SENS_IDLE,20260212,500,common_disjoint_idle,141000000000000.0,21.5,10000.0,600.0,0.42,homogeneous,0.5,0.0,0.2,disjoint_equal,f6bd836bb4b03bda,41dc51f3b3f7c8ed,6008706bbc2bb824,False,False,results/thesis_revision_v43/stage_05b2/raw/S5B2-00971.summary.json,PLANNED
S5B2-00972,C2,C2,,H3,SENS_IDLE,20260213,500,common_disjoint_idle,141000000000000.0,21.5,10000.0,600.0,0.42,homogeneous,0.5,0.0,0.2,disjoint_equal,ffb0390014189dc8,ca40113a28ce3d52,6008706bbc2bb824,False,False,results/thesis_revision_v43/stage_05b2/raw/S5B2-00972.summary.json,PLANNED
S5B2-00973,C2,C2,,H3,SENS_IDLE,20260214,500,common_disjoint_idle,141000000000000.0,21.5,10000.0,600.0,0.42,homogeneous,0.5,0.0,0.2,disjoint_equal,939b15a34c21ed83,b223383cf9c479b2,6008706bbc2bb824,False,False,results/thesis_revision_v43/stage_05b2/raw/S5B2-00973.summary.json,PLANNED
S5B2-00974,C2,C2,,H3,SENS_IDLE,20260215,500,common_disjoint_idle,141000000000000.0,21.5,10000.0,600.0,0.42,homogeneous,0.5,0.0,0.2,disjoint_equal,59551f4071668439,ad89c983c6b2133e,6008706bbc2bb824,False,False,results/thesis_revision_v43/stage_05b2/raw/S5B2-00974.summary.json,PLANNED
S5B2-00975,C2,C2,,H3,SENS_IDLE,20260216,500,common_disjoint_idle,141000000000000.0,21.5,10000.0,600.0,0.42,homogeneous,0.5,0.0,0.2,disjoint_equal,55ff2bc5a4b0a7c6,77fe3af902a1a83f,6008706bbc2bb824,False,False,results/thesis_revision_v43/stage_05b2/raw/S5B2-00975.summary.json,PLANNED
S5B2-00976,C2,C2,,H3,SENS_IDLE,20260217,500,common_disjoint_idle,141000000000000.0,21.5,10000.0,600.0,0.42,homogeneous,0.5,0.0,0.2,disjoint_equal,87890139c2d6e9de,30e0b33c2338ba24,6008706bbc2bb824,False,False,results/thesis_revision_v43/stage_05b2/raw/S5B2-00976.summary.json,PLANNED
S5B2-00977,C2,C2,,H3,SENS_IDLE,20260218,500,common_disjoint_idle,141000000000000.0,21.5,10000.0,600.0,0.42,homogeneous,0.5,0.0,0.2,disjoint_equal,9f811a62427e08f2,53d03a416d085a2d,6008706bbc2bb824,False,False,results/thesis_revision_v43/stage_05b2/raw/S5B2-00977.summary.json,PLANNED
S5B2-00978,C2,C2,,H3,SENS_IDLE,20260219,500,common_disjoint_idle,141000000000000.0,21.5,10000.0,600.0,0.42,homogeneous,0.5,0.0,0.2,disjoint_equal,41bafd702db153f1,ed5b3e815da0aba4,6008706bbc2bb824,False,False,results/thesis_revision_v43/stage_05b2/raw/S5B2-00978.summary.json,PLANNED
S5B2-00979,C2,C2,,H3,SENS_IDLE,20260220,500,common_disjoint_idle,141000000000000.0,21.5,10000.0,600.0,0.42,homogeneous,0.5,0.0,0.2,disjoint_equal,4d7270a48ec32446,65237fcc9901fbee,6008706bbc2bb824,False,False,results/thesis_revision_v43/stage_05b2/raw/S5B2-00979.summary.json,PLANNED
S5B2-00980,C2,C2,,H3,SENS_IDLE,20260221,500,common_disjoint_idle,141000000000000.0,21.5,10000.0,600.0,0.42,homogeneous,0.5,0.0,0.2,disjoint_equal,55ca1ce971a4750f,b41bb46525b1705a,6008706bbc2bb824,False,False,results/thesis_revision_v43/stage_05b2/raw/S5B2-00980.summary.json,PLANNED
S5B2-00981,C2,C2,,H3,SENS_IDLE,20260222,500,common_disjoint_idle,141000000000000.0,21.5,10000.0,600.0,0.42,homogeneous,0.5,0.0,0.2,disjoint_equal,0b7dd8eaf70e34a1,66cf3ee4e3e63422,6008706bbc2bb824,False,False,results/thesis_revision_v43/stage_05b2/raw/S5B2-00981.summary.json,PLANNED
S5B2-00982,C2,C2,,H3,SENS_IDLE,20260223,500,common_disjoint_idle,141000000000000.0,21.5,10000.0,600.0,0.42,homogeneous,0.5,0.0,0.2,disjoint_equal,7553116b29895d8f,e844d46a15740ad3,6008706bbc2bb824,False,False,results/thesis_revision_v43/stage_05b2/raw/S5B2-00982.summary.json,PLANNED
S5B2-00983,C2,C2,,H3,SENS_IDLE,20260224,500,common_disjoint_idle,141000000000000.0,21.5,10000.0,600.0,0.42,homogeneous,0.5,0.0,0.2,disjoint_equal,5f1fe453b9c840af,085522b29994874e,6008706bbc2bb824,False,False,results/thesis_revision_v43/stage_05b2/raw/S5B2-00983.summary.json,PLANNED
S5B2-00984,C2,C2,,H3,SENS_IDLE,20260225,500,common_disjoint_idle,141000000000000.0,21.5,10000.0,600.0,0.42,homogeneous,0.5,0.0,0.2,disjoint_equal,eb7ffbbf469c552e,9e17e54ccb971fb6,6008706bbc2bb824,False,False,results/thesis_revision_v43/stage_05b2/raw/S5B2-00984.summary.json,PLANNED
S5B2-00985,C2,C2,,H3,SENS_IDLE,20260226,500,common_disjoint_idle,141000000000000.0,21.5,10000.0,600.0,0.42,homogeneous,0.5,0.0,0.2,disjoint_equal,ba9e96bdd69ce60f,430c5f54bd8a639a,6008706bbc2bb824,False,False,results/thesis_revision_v43/stage_05b2/raw/S5B2-00985.summary.json,PLANNED
S5B2-00986,C2,C2,,H3,SENS_IDLE,20260227,500,common_disjoint_idle,141000000000000.0,21.5,10000.0,600.0,0.42,homogeneous,0.5,0.0,0.2,disjoint_equal,b4922ccdf1a4ec9c,b94753eede7709a2,6008706bbc2bb824,False,False,results/thesis_revision_v43/stage_05b2/raw/S5B2-00986.summary.json,PLANNED
S5B2-00987,C2,C2,,H3,SENS_IDLE,20260228,500,common_disjoint_idle,141000000000000.0,21.5,10000.0,600.0,0.42,homogeneous,0.5,0.0,0.2,disjoint_equal,e9ecadf2575f2c73,cf7f51c9ef35a9f6,6008706bbc2bb824,False,False,results/thesis_revision_v43/stage_05b2/raw/S5B2-00987.summary.json,PLANNED
S5B2-00988,C2,C2,,H3,SENS_IDLE,20260229,500,common_disjoint_idle,141000000000000.0,21.5,10000.0,600.0,0.42,homogeneous,0.5,0.0,0.2,disjoint_equal,2a05eeb9ae1c01a9,56946db3cb6dba8f,6008706bbc2bb824,False,False,results/thesis_revision_v43/stage_05b2/raw/S5B2-00988.summary.json,PLANNED
S5B2-00989,C2,C2,,H3,SENS_IDLE,20260230,500,common_disjoint_idle,141000000000000.0,21.5,10000.0,600.0,0.42,homogeneous,0.5,0.0,0.2,disjoint_equal,53ad024220ed9301,69c087ab399a4ea2,6008706bbc2bb824,False,False,results/thesis_revision_v43/stage_05b2/raw/S5B2-00989.summary.json,PLANNED
S5B2-00990,C2,C2,,H3,SENS_IDLE,20260201,100,common_disjoint_idle,141000000000000.0,21.5,10000.0,600.0,0.42,homogeneous,0.5,0.0,0.3,disjoint_equal,41e43151bd5b1819,aca74c8a5ce62a3f,f2903bd7a0107587,False,False,results/thesis_revision_v43/stage_05b2/raw/S5B2-00990.summary.json,PLANNED
S5B2-00991,C2,C2,,H3,SENS_IDLE,20260202,100,common_disjoint_idle,141000000000000.0,21.5,10000.0,600.0,0.42,homogeneous,0.5,0.0,0.3,disjoint_equal,753b54de37d1ab64,59cf856ed53af258,f2903bd7a0107587,False,False,results/thesis_revision_v43/stage_05b2/raw/S5B2-00991.summary.json,PLANNED
S5B2-00992,C2,C2,,H3,SENS_IDLE,20260203,100,common_disjoint_idle,141000000000000.0,21.5,10000.0,600.0,0.42,homogeneous,0.5,0.0,0.3,disjoint_equal,45e18203304b51a8,33a6d34c2a359d7f,f2903bd7a0107587,False,False,results/thesis_revision_v43/stage_05b2/raw/S5B2-00992.summary.json,PLANNED
S5B2-00993,C2,C2,,H3,SENS_IDLE,20260204,100,common_disjoint_idle,141000000000000.0,21.5,10000.0,600.0,0.42,homogeneous,0.5,0.0,0.3,disjoint_equal,766b22878a06a2ff,03a85fc398572963,f2903bd7a0107587,False,False,results/thesis_revision_v43/stage_05b2/raw/S5B2-00993.summary.json,PLANNED
S5B2-00994,C2,C2,,H3,SENS_IDLE,20260205,100,common_disjoint_idle,141000000000000.0,21.5,10000.0,600.0,0.42,homogeneous,0.5,0.0,0.3,disjoint_equal,fafef3e0c99d8278,c7ab58c8def76757,f2903bd7a0107587,False,False,results/thesis_revision_v43/stage_05b2/raw/S5B2-00994.summary.json,PLANNED
S5B2-00995,C2,C2,,H3,SENS_IDLE,20260206,100,common_disjoint_idle,141000000000000.0,21.5,10000.0,600.0,0.42,homogeneous,0.5,0.0,0.3,disjoint_equal,be1b5b758ff05d37,e8342a5f04e90450,f2903bd7a0107587,False,False,results/thesis_revision_v43/stage_05b2/raw/S5B2-00995.summary.json,PLANNED
S5B2-00996,C2,C2,,H3,SENS_IDLE,20260207,100,common_disjoint_idle,141000000000000.0,21.5,10000.0,600.0,0.42,homogeneous,0.5,0.0,0.3,disjoint_equal,20353d831bda2124,dacab510e3776278,f2903bd7a0107587,False,False,results/thesis_revision_v43/stage_05b2/raw/S5B2-00996.summary.json,PLANNED
S5B2-00997,C2,C2,,H3,SENS_IDLE,20260208,100,common_disjoint_idle,141000000000000.0,21.5,10000.0,600.0,0.42,homogeneous,0.5,0.0,0.3,disjoint_equal,f5bab8d1769ed6e7,1db12866e9af8ae9,f2903bd7a0107587,False,False,results/thesis_revision_v43/stage_05b2/raw/S5B2-00997.summary.json,PLANNED
S5B2-00998,C2,C2,,H3,SENS_IDLE,20260209,100,common_disjoint_idle,141000000000000.0,21.5,10000.0,600.0,0.42,homogeneous,0.5,0.0,0.3,disjoint_equal,e325c969cc0365a8,64e1ca4b476a0aaa,f2903bd7a0107587,False,False,results/thesis_revision_v43/stage_05b2/raw/S5B2-00998.summary.json,PLANNED
S5B2-00999,C2,C2,,H3,SENS_IDLE,20260210,100,common_disjoint_idle,141000000000000.0,21.5,10000.0,600.0,0.42,homogeneous,0.5,0.0,0.3,disjoint_equal,ffa2d8166781f0fe,7b685a1f7c7dd72c,f2903bd7a0107587,False,False,results/thesis_revision_v43/stage_05b2/raw/S5B2-00999.summary.json,PLANNED
S5B2-01000,C2,C2,,H3,SENS_IDLE,20260211,100,common_disjoint_idle,141000000000000.0,21.5,10000.0,600.0,0.42,homogeneous,0.5,0.0,0.3,disjoint_equal,1dab0887c5218de6,13969ca26a79e0b3,f2903bd7a0107587,False,True,results/thesis_revision_v43/stage_05b2/raw/S5B2-01000.summary.json,PLANNED
S5B2-01001,C2,C2,,H3,SENS_IDLE,20260212,100,common_disjoint_idle,141000000000000.0,21.5,10000.0,600.0,0.42,homogeneous,0.5,0.0,0.3,disjoint_equal,f7992e0a11f947f1,c0e5517edf15e72d,f2903bd7a0107587,False,False,results/thesis_revision_v43/stage_05b2/raw/S5B2-01001.summary.json,PLANNED
S5B2-01002,C2,C2,,H3,SENS_IDLE,20260213,100,common_disjoint_idle,141000000000000.0,21.5,10000.0,600.0,0.42,homogeneous,0.5,0.0,0.3,disjoint_equal,b0bd305801a36bf3,f2adf42bf689f248,f2903bd7a0107587,False,False,results/thesis_revision_v43/stage_05b2/raw/S5B2-01002.summary.json,PLANNED
S5B2-01003,C2,C2,,H3,SENS_IDLE,20260214,100,common_disjoint_idle,141000000000000.0,21.5,10000.0,600.0,0.42,homogeneous,0.5,0.0,0.3,disjoint_equal,67dec00ab28c6850,bcab500f873eb57b,f2903bd7a0107587,False,False,results/thesis_revision_v43/stage_05b2/raw/S5B2-01003.summary.json,PLANNED
S5B2-01004,C2,C2,,H3,SENS_IDLE,20260215,100,common_disjoint_idle,141000000000000.0,21.5,10000.0,600.0,0.42,homogeneous,0.5,0.0,0.3,disjoint_equal,170ab4bb6a855ec4,924ad400b32fafb6,f2903bd7a0107587,False,False,results/thesis_revision_v43/stage_05b2/raw/S5B2-01004.summary.json,PLANNED
S5B2-01005,C2,C2,,H3,SENS_IDLE,20260216,100,common_disjoint_idle,141000000000000.0,21.5,10000.0,600.0,0.42,homogeneous,0.5,0.0,0.3,disjoint_equal,46172640aa1a8ae6,2e2626d003e5d57b,f2903bd7a0107587,False,False,results/thesis_revision_v43/stage_05b2/raw/S5B2-01005.summary.json,PLANNED
S5B2-01006,C2,C2,,H3,SENS_IDLE,20260217,100,common_disjoint_idle,141000000000000.0,21.5,10000.0,600.0,0.42,homogeneous,0.5,0.0,0.3,disjoint_equal,72a1fefc7040643c,6a2d97e5fc3c3622,f2903bd7a0107587,False,False,results/thesis_revision_v43/stage_05b2/raw/S5B2-01006.summary.json,PLANNED
S5B2-01007,C2,C2,,H3,SENS_IDLE,20260218,100,common_disjoint_idle,141000000000000.0,21.5,10000.0,600.0,0.42,homogeneous,0.5,0.0,0.3,disjoint_equal,aef380548b453b8c,4d023f86ed9b9398,f2903bd7a0107587,False,False,results/thesis_revision_v43/stage_05b2/raw/S5B2-01007.summary.json,PLANNED
S5B2-01008,C2,C2,,H3,SENS_IDLE,20260219,100,common_disjoint_idle,141000000000000.0,21.5,10000.0,600.0,0.42,homogeneous,0.5,0.0,0.3,disjoint_equal,77b8cc3c93f69a6c,d9f395ee9aeefed3,f2903bd7a0107587,False,False,results/thesis_revision_v43/stage_05b2/raw/S5B2-01008.summary.json,PLANNED
S5B2-01009,C2,C2,,H3,SENS_IDLE,20260220,100,common_disjoint_idle,141000000000000.0,21.5,10000.0,600.0,0.42,homogeneous,0.5,0.0,0.3,disjoint_equal,a921abfa669378ba,9e8e5903ffbf1ec9,f2903bd7a0107587,False,False,results/thesis_revision_v43/stage_05b2/raw/S5B2-01009.summary.json,PLANNED
S5B2-01010,C2,C2,,H3,SENS_IDLE,20260221,100,common_disjoint_idle,141000000000000.0,21.5,10000.0,600.0,0.42,homogeneous,0.5,0.0,0.3,disjoint_equal,27ae6e0f03b37942,24120deac43d44c6,f2903bd7a0107587,False,False,results/thesis_revision_v43/stage_05b2/raw/S5B2-01010.summary.json,PLANNED
S5B2-01011,C2,C2,,H3,SENS_IDLE,20260222,100,common_disjoint_idle,141000000000000.0,21.5,10000.0,600.0,0.42,homogeneous,0.5,0.0,0.3,disjoint_equal,154b684ff023aa70,8789783a7707f841,f2903bd7a0107587,False,False,results/thesis_revision_v43/stage_05b2/raw/S5B2-01011.summary.json,PLANNED
S5B2-01012,C2,C2,,H3,SENS_IDLE,20260223,100,common_disjoint_idle,141000000000000.0,21.5,10000.0,600.0,0.42,homogeneous,0.5,0.0,0.3,disjoint_equal,c11d32a2c837f57d,7fbca7aa1dc750f7,f2903bd7a0107587,False,False,results/thesis_revision_v43/stage_05b2/raw/S5B2-01012.summary.json,PLANNED
S5B2-01013,C2,C2,,H3,SENS_IDLE,20260224,100,common_disjoint_idle,141000000000000.0,21.5,10000.0,600.0,0.42,homogeneous,0.5,0.0,0.3,disjoint_equal,ce148b975007e49b,25b43a5250ef9300,f2903bd7a0107587,False,False,results/thesis_revision_v43/stage_05b2/raw/S5B2-01013.summary.json,PLANNED
S5B2-01014,C2,C2,,H3,SENS_IDLE,20260225,100,common_disjoint_idle,141000000000000.0,21.5,10000.0,600.0,0.42,homogeneous,0.5,0.0,0.3,disjoint_equal,7834f7e37331e9af,faa1cbe5429e7e3e,f2903bd7a0107587,False,False,results/thesis_revision_v43/stage_05b2/raw/S5B2-01014.summary.json,PLANNED
S5B2-01015,C2,C2,,H3,SENS_IDLE,20260226,100,common_disjoint_idle,141000000000000.0,21.5,10000.0,600.0,0.42,homogeneous,0.5,0.0,0.3,disjoint_equal,45d58f7b6b60e3b5,9c97ba41f0258ced,f2903bd7a0107587,False,False,results/thesis_revision_v43/stage_05b2/raw/S5B2-01015.summary.json,PLANNED
S5B2-01016,C2,C2,,H3,SENS_IDLE,20260227,100,common_disjoint_idle,141000000000000.0,21.5,10000.0,600.0,0.42,homogeneous,0.5,0.0,0.3,disjoint_equal,34bc810bf7a3c6ac,09de5b15a8ac14ef,f2903bd7a0107587,False,False,results/thesis_revision_v43/stage_05b2/raw/S5B2-01016.summary.json,PLANNED
S5B2-01017,C2,C2,,H3,SENS_IDLE,20260228,100,common_disjoint_idle,141000000000000.0,21.5,10000.0,600.0,0.42,homogeneous,0.5,0.0,0.3,disjoint_equal,2d7e357e9464df43,199085c4ae7d5615,f2903bd7a0107587,False,False,results/thesis_revision_v43/stage_05b2/raw/S5B2-01017.summary.json,PLANNED
S5B2-01018,C2,C2,,H3,SENS_IDLE,20260229,100,common_disjoint_idle,141000000000000.0,21.5,10000.0,600.0,0.42,homogeneous,0.5,0.0,0.3,disjoint_equal,a05773aa3ffd47eb,032e9f232a526106,f2903bd7a0107587,False,False,results/thesis_revision_v43/stage_05b2/raw/S5B2-01018.summary.json,PLANNED
S5B2-01019,C2,C2,,H3,SENS_IDLE,20260230,100,common_disjoint_idle,141000000000000.0,21.5,10000.0,600.0,0.42,homogeneous,0.5,0.0,0.3,disjoint_equal,8c58edead0c89d80,3c1fb52120abff48,f2903bd7a0107587,False,False,results/thesis_revision_v43/stage_05b2/raw/S5B2-01019.summary.json,PLANNED
S5B2-01020,C2,C2,,H3,SENS_IDLE,20260201,500,common_disjoint_idle,141000000000000.0,21.5,10000.0,600.0,0.42,homogeneous,0.5,0.0,0.3,disjoint_equal,9e2d86337b588de9,16a374881ae9ce21,98265e7a80b12769,False,False,results/thesis_revision_v43/stage_05b2/raw/S5B2-01020.summary.json,PLANNED
S5B2-01021,C2,C2,,H3,SENS_IDLE,20260202,500,common_disjoint_idle,141000000000000.0,21.5,10000.0,600.0,0.42,homogeneous,0.5,0.0,0.3,disjoint_equal,4a49a27dcc91cd6b,51c8e3e55821b97c,98265e7a80b12769,False,False,results/thesis_revision_v43/stage_05b2/raw/S5B2-01021.summary.json,PLANNED
S5B2-01022,C2,C2,,H3,SENS_IDLE,20260203,500,common_disjoint_idle,141000000000000.0,21.5,10000.0,600.0,0.42,homogeneous,0.5,0.0,0.3,disjoint_equal,fdce7d51ef4ba1b6,537a927d59783796,98265e7a80b12769,False,False,results/thesis_revision_v43/stage_05b2/raw/S5B2-01022.summary.json,PLANNED
S5B2-01023,C2,C2,,H3,SENS_IDLE,20260204,500,common_disjoint_idle,141000000000000.0,21.5,10000.0,600.0,0.42,homogeneous,0.5,0.0,0.3,disjoint_equal,211598d00cfc3c45,ad936dbec48afba5,98265e7a80b12769,False,False,results/thesis_revision_v43/stage_05b2/raw/S5B2-01023.summary.json,PLANNED
S5B2-01024,C2,C2,,H3,SENS_IDLE,20260205,500,common_disjoint_idle,141000000000000.0,21.5,10000.0,600.0,0.42,homogeneous,0.5,0.0,0.3,disjoint_equal,a83bea4dd37f8d99,d51882a70f718bb9,98265e7a80b12769,False,False,results/thesis_revision_v43/stage_05b2/raw/S5B2-01024.summary.json,PLANNED
S5B2-01025,C2,C2,,H3,SENS_IDLE,20260206,500,common_disjoint_idle,141000000000000.0,21.5,10000.0,600.0,0.42,homogeneous,0.5,0.0,0.3,disjoint_equal,1cf46e5cdc0eb2a9,0599fe8a9dc87337,98265e7a80b12769,False,False,results/thesis_revision_v43/stage_05b2/raw/S5B2-01025.summary.json,PLANNED
S5B2-01026,C2,C2,,H3,SENS_IDLE,20260207,500,common_disjoint_idle,141000000000000.0,21.5,10000.0,600.0,0.42,homogeneous,0.5,0.0,0.3,disjoint_equal,75191915dc77affc,bf1b9b472df7a6d2,98265e7a80b12769,False,False,results/thesis_revision_v43/stage_05b2/raw/S5B2-01026.summary.json,PLANNED
S5B2-01027,C2,C2,,H3,SENS_IDLE,20260208,500,common_disjoint_idle,141000000000000.0,21.5,10000.0,600.0,0.42,homogeneous,0.5,0.0,0.3,disjoint_equal,a957a20bbbdab622,243e524b92297b54,98265e7a80b12769,False,False,results/thesis_revision_v43/stage_05b2/raw/S5B2-01027.summary.json,PLANNED
S5B2-01028,C2,C2,,H3,SENS_IDLE,20260209,500,common_disjoint_idle,141000000000000.0,21.5,10000.0,600.0,0.42,homogeneous,0.5,0.0,0.3,disjoint_equal,91e8727a0e496a86,a3864e65d8cb4b2f,98265e7a80b12769,False,False,results/thesis_revision_v43/stage_05b2/raw/S5B2-01028.summary.json,PLANNED
S5B2-01029,C2,C2,,H3,SENS_IDLE,20260210,500,common_disjoint_idle,141000000000000.0,21.5,10000.0,600.0,0.42,homogeneous,0.5,0.0,0.3,disjoint_equal,435afc89b83efdf3,50f48cf17f77b5c8,98265e7a80b12769,False,False,results/thesis_revision_v43/stage_05b2/raw/S5B2-01029.summary.json,PLANNED
S5B2-01030,C2,C2,,H3,SENS_IDLE,20260211,500,common_disjoint_idle,141000000000000.0,21.5,10000.0,600.0,0.42,homogeneous,0.5,0.0,0.3,disjoint_equal,9f402d21cc1b1fc6,6c14290363158e80,98265e7a80b12769,False,False,results/thesis_revision_v43/stage_05b2/raw/S5B2-01030.summary.json,PLANNED
S5B2-01031,C2,C2,,H3,SENS_IDLE,20260212,500,common_disjoint_idle,141000000000000.0,21.5,10000.0,600.0,0.42,homogeneous,0.5,0.0,0.3,disjoint_equal,d1f1ec551eb4e579,2c1eac560bd34657,98265e7a80b12769,False,False,results/thesis_revision_v43/stage_05b2/raw/S5B2-01031.summary.json,PLANNED
S5B2-01032,C2,C2,,H3,SENS_IDLE,20260213,500,common_disjoint_idle,141000000000000.0,21.5,10000.0,600.0,0.42,homogeneous,0.5,0.0,0.3,disjoint_equal,431f91ff888c1aa6,000afcb168e5293b,98265e7a80b12769,False,False,results/thesis_revision_v43/stage_05b2/raw/S5B2-01032.summary.json,PLANNED
S5B2-01033,C2,C2,,H3,SENS_IDLE,20260214,500,common_disjoint_idle,141000000000000.0,21.5,10000.0,600.0,0.42,homogeneous,0.5,0.0,0.3,disjoint_equal,9b54c57e22e1c134,180d7922e7a81d76,98265e7a80b12769,False,False,results/thesis_revision_v43/stage_05b2/raw/S5B2-01033.summary.json,PLANNED
S5B2-01034,C2,C2,,H3,SENS_IDLE,20260215,500,common_disjoint_idle,141000000000000.0,21.5,10000.0,600.0,0.42,homogeneous,0.5,0.0,0.3,disjoint_equal,ab6bdefc528e8df0,b42533d2c72d543e,98265e7a80b12769,False,False,results/thesis_revision_v43/stage_05b2/raw/S5B2-01034.summary.json,PLANNED
S5B2-01035,C2,C2,,H3,SENS_IDLE,20260216,500,common_disjoint_idle,141000000000000.0,21.5,10000.0,600.0,0.42,homogeneous,0.5,0.0,0.3,disjoint_equal,2dfdd0dad74f7b71,cd1ba31b6095f0cd,98265e7a80b12769,False,False,results/thesis_revision_v43/stage_05b2/raw/S5B2-01035.summary.json,PLANNED
S5B2-01036,C2,C2,,H3,SENS_IDLE,20260217,500,common_disjoint_idle,141000000000000.0,21.5,10000.0,600.0,0.42,homogeneous,0.5,0.0,0.3,disjoint_equal,66e42c6269e4f57e,c37c0b13802ef780,98265e7a80b12769,False,False,results/thesis_revision_v43/stage_05b2/raw/S5B2-01036.summary.json,PLANNED
S5B2-01037,C2,C2,,H3,SENS_IDLE,20260218,500,common_disjoint_idle,141000000000000.0,21.5,10000.0,600.0,0.42,homogeneous,0.5,0.0,0.3,disjoint_equal,33881c8deec501ac,138253b14224159a,98265e7a80b12769,False,False,results/thesis_revision_v43/stage_05b2/raw/S5B2-01037.summary.json,PLANNED
S5B2-01038,C2,C2,,H3,SENS_IDLE,20260219,500,common_disjoint_idle,141000000000000.0,21.5,10000.0,600.0,0.42,homogeneous,0.5,0.0,0.3,disjoint_equal,935afce010c33470,2d03bbc0e4b7eaaf,98265e7a80b12769,False,False,results/thesis_revision_v43/stage_05b2/raw/S5B2-01038.summary.json,PLANNED
S5B2-01039,C2,C2,,H3,SENS_IDLE,20260220,500,common_disjoint_idle,141000000000000.0,21.5,10000.0,600.0,0.42,homogeneous,0.5,0.0,0.3,disjoint_equal,e5ee6431d5344657,926f0487106dad4d,98265e7a80b12769,False,False,results/thesis_revision_v43/stage_05b2/raw/S5B2-01039.summary.json,PLANNED
S5B2-01040,C2,C2,,H3,SENS_IDLE,20260221,500,common_disjoint_idle,141000000000000.0,21.5,10000.0,600.0,0.42,homogeneous,0.5,0.0,0.3,disjoint_equal,a21df176c4c56888,9118f70fa0998210,98265e7a80b12769,False,False,results/thesis_revision_v43/stage_05b2/raw/S5B2-01040.summary.json,PLANNED
S5B2-01041,C2,C2,,H3,SENS_IDLE,20260222,500,common_disjoint_idle,141000000000000.0,21.5,10000.0,600.0,0.42,homogeneous,0.5,0.0,0.3,disjoint_equal,42406bc7f20c5e62,87bd85e13f718ace,98265e7a80b12769,False,False,results/thesis_revision_v43/stage_05b2/raw/S5B2-01041.summary.json,PLANNED
S5B2-01042,C2,C2,,H3,SENS_IDLE,20260223,500,common_disjoint_idle,141000000000000.0,21.5,10000.0,600.0,0.42,homogeneous,0.5,0.0,0.3,disjoint_equal,f56c439742ceb610,c08e589b10d94e59,98265e7a80b12769,False,False,results/thesis_revision_v43/stage_05b2/raw/S5B2-01042.summary.json,PLANNED
S5B2-01043,C2,C2,,H3,SENS_IDLE,20260224,500,common_disjoint_idle,141000000000000.0,21.5,10000.0,600.0,0.42,homogeneous,0.5,0.0,0.3,disjoint_equal,7c66a292cd4025ae,06b0571b3e9e3caa,98265e7a80b12769,False,False,results/thesis_revision_v43/stage_05b2/raw/S5B2-01043.summary.json,PLANNED
S5B2-01044,C2,C2,,H3,SENS_IDLE,20260225,500,common_disjoint_idle,141000000000000.0,21.5,10000.0,600.0,0.42,homogeneous,0.5,0.0,0.3,disjoint_equal,1d112464514375c5,e0c2a68c3615343f,98265e7a80b12769,False,False,results/thesis_revision_v43/stage_05b2/raw/S5B2-01044.summary.json,PLANNED
S5B2-01045,C2,C2,,H3,SENS_IDLE,20260226,500,common_disjoint_idle,141000000000000.0,21.5,10000.0,600.0,0.42,homogeneous,0.5,0.0,0.3,disjoint_equal,86541fbc623cf414,54ea782c281e7a9d,98265e7a80b12769,False,False,results/thesis_revision_v43/stage_05b2/raw/S5B2-01045.summary.json,PLANNED
S5B2-01046,C2,C2,,H3,SENS_IDLE,20260227,500,common_disjoint_idle,141000000000000.0,21.5,10000.0,600.0,0.42,homogeneous,0.5,0.0,0.3,disjoint_equal,2e9920af9ce41c8f,6be88238210cec90,98265e7a80b12769,False,False,results/thesis_revision_v43/stage_05b2/raw/S5B2-01046.summary.json,PLANNED
S5B2-01047,C2,C2,,H3,SENS_IDLE,20260228,500,common_disjoint_idle,141000000000000.0,21.5,10000.0,600.0,0.42,homogeneous,0.5,0.0,0.3,disjoint_equal,ab043dc4fd75b6a4,71bdb34e9727309f,98265e7a80b12769,False,False,results/thesis_revision_v43/stage_05b2/raw/S5B2-01047.summary.json,PLANNED
S5B2-01048,C2,C2,,H3,SENS_IDLE,20260229,500,common_disjoint_idle,141000000000000.0,21.5,10000.0,600.0,0.42,homogeneous,0.5,0.0,0.3,disjoint_equal,b562afb7179d773b,debc862d4bcfea1f,98265e7a80b12769,False,False,results/thesis_revision_v43/stage_05b2/raw/S5B2-01048.summary.json,PLANNED
S5B2-01049,C2,C2,,H3,SENS_IDLE,20260230,500,common_disjoint_idle,141000000000000.0,21.5,10000.0,600.0,0.42,homogeneous,0.5,0.0,0.3,disjoint_equal,898ee8064af57e7c,b4b0acb7aafdf301,98265e7a80b12769,False,False,results/thesis_revision_v43/stage_05b2/raw/S5B2-01049.summary.json,PLANNED
S5B2-01050,B3_C1_CONTINUOUS_DISJOINT,B3;C1,H5,H5,SENS_HETERO,20260201,100,common_disjoint_continuous,141000000000000.0,21.5,10000.0,600.0,0.42,heterogeneous_moderate,2.0,0.0,0.0,disjoint_equal,54bd07af449e97a6,d0258504116aaa22,e770ac1e931620f7,False,False,results/thesis_revision_v43/stage_05b2/raw/S5B2-01050.summary.json,PLANNED
S5B2-01051,B3_C1_CONTINUOUS_DISJOINT,B3;C1,H5,H5,SENS_HETERO,20260202,100,common_disjoint_continuous,141000000000000.0,21.5,10000.0,600.0,0.42,heterogeneous_moderate,2.0,0.0,0.0,disjoint_equal,d95be436301cdd93,546fb3e3add12b68,e770ac1e931620f7,False,False,results/thesis_revision_v43/stage_05b2/raw/S5B2-01051.summary.json,PLANNED
S5B2-01052,B3_C1_CONTINUOUS_DISJOINT,B3;C1,H5,H5,SENS_HETERO,20260203,100,common_disjoint_continuous,141000000000000.0,21.5,10000.0,600.0,0.42,heterogeneous_moderate,2.0,0.0,0.0,disjoint_equal,cdf9a9131a27d3ce,3336a992b5dada5e,e770ac1e931620f7,False,False,results/thesis_revision_v43/stage_05b2/raw/S5B2-01052.summary.json,PLANNED
S5B2-01053,B3_C1_CONTINUOUS_DISJOINT,B3;C1,H5,H5,SENS_HETERO,20260204,100,common_disjoint_continuous,141000000000000.0,21.5,10000.0,600.0,0.42,heterogeneous_moderate,2.0,0.0,0.0,disjoint_equal,d7a37eb802082a27,fd58ee88649069ca,e770ac1e931620f7,False,False,results/thesis_revision_v43/stage_05b2/raw/S5B2-01053.summary.json,PLANNED
S5B2-01054,B3_C1_CONTINUOUS_DISJOINT,B3;C1,H5,H5,SENS_HETERO,20260205,100,common_disjoint_continuous,141000000000000.0,21.5,10000.0,600.0,0.42,heterogeneous_moderate,2.0,0.0,0.0,disjoint_equal,d746532b05724091,081eeb2d489f3353,e770ac1e931620f7,False,False,results/thesis_revision_v43/stage_05b2/raw/S5B2-01054.summary.json,PLANNED
S5B2-01055,B3_C1_CONTINUOUS_DISJOINT,B3;C1,H5,H5,SENS_HETERO,20260206,100,common_disjoint_continuous,141000000000000.0,21.5,10000.0,600.0,0.42,heterogeneous_moderate,2.0,0.0,0.0,disjoint_equal,e4fccd0612feee60,4e56e011e7da8ddb,e770ac1e931620f7,False,False,results/thesis_revision_v43/stage_05b2/raw/S5B2-01055.summary.json,PLANNED
S5B2-01056,B3_C1_CONTINUOUS_DISJOINT,B3;C1,H5,H5,SENS_HETERO,20260207,100,common_disjoint_continuous,141000000000000.0,21.5,10000.0,600.0,0.42,heterogeneous_moderate,2.0,0.0,0.0,disjoint_equal,ecea01a3e5544730,4b82fd471de2abad,e770ac1e931620f7,False,False,results/thesis_revision_v43/stage_05b2/raw/S5B2-01056.summary.json,PLANNED
S5B2-01057,B3_C1_CONTINUOUS_DISJOINT,B3;C1,H5,H5,SENS_HETERO,20260208,100,common_disjoint_continuous,141000000000000.0,21.5,10000.0,600.0,0.42,heterogeneous_moderate,2.0,0.0,0.0,disjoint_equal,cd7b17ce620e5c17,3b989f6d64297489,e770ac1e931620f7,False,False,results/thesis_revision_v43/stage_05b2/raw/S5B2-01057.summary.json,PLANNED
S5B2-01058,B3_C1_CONTINUOUS_DISJOINT,B3;C1,H5,H5,SENS_HETERO,20260209,100,common_disjoint_continuous,141000000000000.0,21.5,10000.0,600.0,0.42,heterogeneous_moderate,2.0,0.0,0.0,disjoint_equal,41b244a66ab9b000,9d81ed30b996f22d,e770ac1e931620f7,False,False,results/thesis_revision_v43/stage_05b2/raw/S5B2-01058.summary.json,PLANNED
S5B2-01059,B3_C1_CONTINUOUS_DISJOINT,B3;C1,H5,H5,SENS_HETERO,20260210,100,common_disjoint_continuous,141000000000000.0,21.5,10000.0,600.0,0.42,heterogeneous_moderate,2.0,0.0,0.0,disjoint_equal,f506ecccef38b350,18937ea99331e11c,e770ac1e931620f7,False,False,results/thesis_revision_v43/stage_05b2/raw/S5B2-01059.summary.json,PLANNED
S5B2-01060,B3_C1_CONTINUOUS_DISJOINT,B3;C1,H5,H5,SENS_HETERO,20260211,100,common_disjoint_continuous,141000000000000.0,21.5,10000.0,600.0,0.42,heterogeneous_moderate,2.0,0.0,0.0,disjoint_equal,fa0e41714cee67bb,ec6c1567274ea235,e770ac1e931620f7,False,False,results/thesis_revision_v43/stage_05b2/raw/S5B2-01060.summary.json,PLANNED
S5B2-01061,B3_C1_CONTINUOUS_DISJOINT,B3;C1,H5,H5,SENS_HETERO,20260212,100,common_disjoint_continuous,141000000000000.0,21.5,10000.0,600.0,0.42,heterogeneous_moderate,2.0,0.0,0.0,disjoint_equal,6b28d711b5fbb886,1728e369181fe6b3,e770ac1e931620f7,False,False,results/thesis_revision_v43/stage_05b2/raw/S5B2-01061.summary.json,PLANNED
S5B2-01062,B3_C1_CONTINUOUS_DISJOINT,B3;C1,H5,H5,SENS_HETERO,20260213,100,common_disjoint_continuous,141000000000000.0,21.5,10000.0,600.0,0.42,heterogeneous_moderate,2.0,0.0,0.0,disjoint_equal,f07b6b980c68e95d,d895dd3cdaf2cb33,e770ac1e931620f7,False,False,results/thesis_revision_v43/stage_05b2/raw/S5B2-01062.summary.json,PLANNED
S5B2-01063,B3_C1_CONTINUOUS_DISJOINT,B3;C1,H5,H5,SENS_HETERO,20260214,100,common_disjoint_continuous,141000000000000.0,21.5,10000.0,600.0,0.42,heterogeneous_moderate,2.0,0.0,0.0,disjoint_equal,cc6e312e91f7e955,e9fcc68334d38033,e770ac1e931620f7,False,False,results/thesis_revision_v43/stage_05b2/raw/S5B2-01063.summary.json,PLANNED
S5B2-01064,B3_C1_CONTINUOUS_DISJOINT,B3;C1,H5,H5,SENS_HETERO,20260215,100,common_disjoint_continuous,141000000000000.0,21.5,10000.0,600.0,0.42,heterogeneous_moderate,2.0,0.0,0.0,disjoint_equal,96b4c9b3875a08f0,af058fce5f7537a0,e770ac1e931620f7,False,False,results/thesis_revision_v43/stage_05b2/raw/S5B2-01064.summary.json,PLANNED
S5B2-01065,B3_C1_CONTINUOUS_DISJOINT,B3;C1,H5,H5,SENS_HETERO,20260216,100,common_disjoint_continuous,141000000000000.0,21.5,10000.0,600.0,0.42,heterogeneous_moderate,2.0,0.0,0.0,disjoint_equal,f13a91d57e54f070,b1f67bb1124c7dc4,e770ac1e931620f7,False,False,results/thesis_revision_v43/stage_05b2/raw/S5B2-01065.summary.json,PLANNED
S5B2-01066,B3_C1_CONTINUOUS_DISJOINT,B3;C1,H5,H5,SENS_HETERO,20260217,100,common_disjoint_continuous,141000000000000.0,21.5,10000.0,600.0,0.42,heterogeneous_moderate,2.0,0.0,0.0,disjoint_equal,dc578ce1e65ebaf0,1f706074ec4e5997,e770ac1e931620f7,False,False,results/thesis_revision_v43/stage_05b2/raw/S5B2-01066.summary.json,PLANNED
S5B2-01067,B3_C1_CONTINUOUS_DISJOINT,B3;C1,H5,H5,SENS_HETERO,20260218,100,common_disjoint_continuous,141000000000000.0,21.5,10000.0,600.0,0.42,heterogeneous_moderate,2.0,0.0,0.0,disjoint_equal,7d92c9eff315c8bd,ce6840ffd91e9438,e770ac1e931620f7,False,False,results/thesis_revision_v43/stage_05b2/raw/S5B2-01067.summary.json,PLANNED
S5B2-01068,B3_C1_CONTINUOUS_DISJOINT,B3;C1,H5,H5,SENS_HETERO,20260219,100,common_disjoint_continuous,141000000000000.0,21.5,10000.0,600.0,0.42,heterogeneous_moderate,2.0,0.0,0.0,disjoint_equal,6f04e6629e1f3ea2,5182e22afe1b1f03,e770ac1e931620f7,False,False,results/thesis_revision_v43/stage_05b2/raw/S5B2-01068.summary.json,PLANNED
S5B2-01069,B3_C1_CONTINUOUS_DISJOINT,B3;C1,H5,H5,SENS_HETERO,20260220,100,common_disjoint_continuous,141000000000000.0,21.5,10000.0,600.0,0.42,heterogeneous_moderate,2.0,0.0,0.0,disjoint_equal,f269207aa042db89,22412336eaefff82,e770ac1e931620f7,False,False,results/thesis_revision_v43/stage_05b2/raw/S5B2-01069.summary.json,PLANNED
S5B2-01070,B3_C1_CONTINUOUS_DISJOINT,B3;C1,H5,H5,SENS_HETERO,20260221,100,common_disjoint_continuous,141000000000000.0,21.5,10000.0,600.0,0.42,heterogeneous_moderate,2.0,0.0,0.0,disjoint_equal,c83cda922059f449,c44f139cd1d2cfe8,e770ac1e931620f7,False,False,results/thesis_revision_v43/stage_05b2/raw/S5B2-01070.summary.json,PLANNED
S5B2-01071,B3_C1_CONTINUOUS_DISJOINT,B3;C1,H5,H5,SENS_HETERO,20260222,100,common_disjoint_continuous,141000000000000.0,21.5,10000.0,600.0,0.42,heterogeneous_moderate,2.0,0.0,0.0,disjoint_equal,604f4287b05a04bb,795570501d80f939,e770ac1e931620f7,False,False,results/thesis_revision_v43/stage_05b2/raw/S5B2-01071.summary.json,PLANNED
S5B2-01072,B3_C1_CONTINUOUS_DISJOINT,B3;C1,H5,H5,SENS_HETERO,20260223,100,common_disjoint_continuous,141000000000000.0,21.5,10000.0,600.0,0.42,heterogeneous_moderate,2.0,0.0,0.0,disjoint_equal,ffdd2b6fe355aec7,6377809ebe8ed9a4,e770ac1e931620f7,False,False,results/thesis_revision_v43/stage_05b2/raw/S5B2-01072.summary.json,PLANNED
S5B2-01073,B3_C1_CONTINUOUS_DISJOINT,B3;C1,H5,H5,SENS_HETERO,20260224,100,common_disjoint_continuous,141000000000000.0,21.5,10000.0,600.0,0.42,heterogeneous_moderate,2.0,0.0,0.0,disjoint_equal,9995916a3e306281,8dedc65118aa5efe,e770ac1e931620f7,False,False,results/thesis_revision_v43/stage_05b2/raw/S5B2-01073.summary.json,PLANNED
S5B2-01074,B3_C1_CONTINUOUS_DISJOINT,B3;C1,H5,H5,SENS_HETERO,20260225,100,common_disjoint_continuous,141000000000000.0,21.5,10000.0,600.0,0.42,heterogeneous_moderate,2.0,0.0,0.0,disjoint_equal,302b7b00d9c7dee5,4b8a76e0a0dfcf60,e770ac1e931620f7,False,False,results/thesis_revision_v43/stage_05b2/raw/S5B2-01074.summary.json,PLANNED
S5B2-01075,B3_C1_CONTINUOUS_DISJOINT,B3;C1,H5,H5,SENS_HETERO,20260226,100,common_disjoint_continuous,141000000000000.0,21.5,10000.0,600.0,0.42,heterogeneous_moderate,2.0,0.0,0.0,disjoint_equal,d8ad0c0e014b472e,24ca159a9361ab25,e770ac1e931620f7,False,False,results/thesis_revision_v43/stage_05b2/raw/S5B2-01075.summary.json,PLANNED
S5B2-01076,B3_C1_CONTINUOUS_DISJOINT,B3;C1,H5,H5,SENS_HETERO,20260227,100,common_disjoint_continuous,141000000000000.0,21.5,10000.0,600.0,0.42,heterogeneous_moderate,2.0,0.0,0.0,disjoint_equal,ed20b8d94afd3b25,ddd75ca34d0a0eac,e770ac1e931620f7,False,False,results/thesis_revision_v43/stage_05b2/raw/S5B2-01076.summary.json,PLANNED
S5B2-01077,B3_C1_CONTINUOUS_DISJOINT,B3;C1,H5,H5,SENS_HETERO,20260228,100,common_disjoint_continuous,141000000000000.0,21.5,10000.0,600.0,0.42,heterogeneous_moderate,2.0,0.0,0.0,disjoint_equal,bc3108eb248a857b,75b62cee6f67a4be,e770ac1e931620f7,False,False,results/thesis_revision_v43/stage_05b2/raw/S5B2-01077.summary.json,PLANNED
S5B2-01078,B3_C1_CONTINUOUS_DISJOINT,B3;C1,H5,H5,SENS_HETERO,20260229,100,common_disjoint_continuous,141000000000000.0,21.5,10000.0,600.0,0.42,heterogeneous_moderate,2.0,0.0,0.0,disjoint_equal,de9f0ca97e0c5707,110c9e1732a3c692,e770ac1e931620f7,False,False,results/thesis_revision_v43/stage_05b2/raw/S5B2-01078.summary.json,PLANNED
S5B2-01079,B3_C1_CONTINUOUS_DISJOINT,B3;C1,H5,H5,SENS_HETERO,20260230,100,common_disjoint_continuous,141000000000000.0,21.5,10000.0,600.0,0.42,heterogeneous_moderate,2.0,0.0,0.0,disjoint_equal,3bea1c392f096990,b62ae88e9b73aca7,e770ac1e931620f7,False,False,results/thesis_revision_v43/stage_05b2/raw/S5B2-01079.summary.json,PLANNED
S5B2-01080,B3_C1_CONTINUOUS_DISJOINT,B3;C1,H5,H5,SENS_HETERO,20260201,500,common_disjoint_continuous,141000000000000.0,21.5,10000.0,600.0,0.42,heterogeneous_moderate,2.0,0.0,0.0,disjoint_equal,fd2f26f0b4586285,817860432db416b0,d359909c47074ce8,False,False,results/thesis_revision_v43/stage_05b2/raw/S5B2-01080.summary.json,PLANNED
S5B2-01081,B3_C1_CONTINUOUS_DISJOINT,B3;C1,H5,H5,SENS_HETERO,20260202,500,common_disjoint_continuous,141000000000000.0,21.5,10000.0,600.0,0.42,heterogeneous_moderate,2.0,0.0,0.0,disjoint_equal,c9f8e407614fe2dd,20e8002abd0d9e7e,d359909c47074ce8,False,False,results/thesis_revision_v43/stage_05b2/raw/S5B2-01081.summary.json,PLANNED
S5B2-01082,B3_C1_CONTINUOUS_DISJOINT,B3;C1,H5,H5,SENS_HETERO,20260203,500,common_disjoint_continuous,141000000000000.0,21.5,10000.0,600.0,0.42,heterogeneous_moderate,2.0,0.0,0.0,disjoint_equal,08a7ca5d16fca227,727c60e0664beb72,d359909c47074ce8,False,False,results/thesis_revision_v43/stage_05b2/raw/S5B2-01082.summary.json,PLANNED
S5B2-01083,B3_C1_CONTINUOUS_DISJOINT,B3;C1,H5,H5,SENS_HETERO,20260204,500,common_disjoint_continuous,141000000000000.0,21.5,10000.0,600.0,0.42,heterogeneous_moderate,2.0,0.0,0.0,disjoint_equal,1dd4c8cdb2140023,7259b4e55ad239bd,d359909c47074ce8,False,False,results/thesis_revision_v43/stage_05b2/raw/S5B2-01083.summary.json,PLANNED
S5B2-01084,B3_C1_CONTINUOUS_DISJOINT,B3;C1,H5,H5,SENS_HETERO,20260205,500,common_disjoint_continuous,141000000000000.0,21.5,10000.0,600.0,0.42,heterogeneous_moderate,2.0,0.0,0.0,disjoint_equal,2c448faef8f959b9,bbe9bd42202f13d7,d359909c47074ce8,False,False,results/thesis_revision_v43/stage_05b2/raw/S5B2-01084.summary.json,PLANNED
S5B2-01085,B3_C1_CONTINUOUS_DISJOINT,B3;C1,H5,H5,SENS_HETERO,20260206,500,common_disjoint_continuous,141000000000000.0,21.5,10000.0,600.0,0.42,heterogeneous_moderate,2.0,0.0,0.0,disjoint_equal,76bf7af5f76f2425,dec1ba340bc21229,d359909c47074ce8,False,False,results/thesis_revision_v43/stage_05b2/raw/S5B2-01085.summary.json,PLANNED
S5B2-01086,B3_C1_CONTINUOUS_DISJOINT,B3;C1,H5,H5,SENS_HETERO,20260207,500,common_disjoint_continuous,141000000000000.0,21.5,10000.0,600.0,0.42,heterogeneous_moderate,2.0,0.0,0.0,disjoint_equal,11ae2917b3c547c5,dbe35ba7ee9ebca3,d359909c47074ce8,False,False,results/thesis_revision_v43/stage_05b2/raw/S5B2-01086.summary.json,PLANNED
S5B2-01087,B3_C1_CONTINUOUS_DISJOINT,B3;C1,H5,H5,SENS_HETERO,20260208,500,common_disjoint_continuous,141000000000000.0,21.5,10000.0,600.0,0.42,heterogeneous_moderate,2.0,0.0,0.0,disjoint_equal,e4f553e3509597ad,3388b5dd6eb42f98,d359909c47074ce8,False,False,results/thesis_revision_v43/stage_05b2/raw/S5B2-01087.summary.json,PLANNED
S5B2-01088,B3_C1_CONTINUOUS_DISJOINT,B3;C1,H5,H5,SENS_HETERO,20260209,500,common_disjoint_continuous,141000000000000.0,21.5,10000.0,600.0,0.42,heterogeneous_moderate,2.0,0.0,0.0,disjoint_equal,b04f16e9548158c0,50cbd911ef83492d,d359909c47074ce8,False,False,results/thesis_revision_v43/stage_05b2/raw/S5B2-01088.summary.json,PLANNED
S5B2-01089,B3_C1_CONTINUOUS_DISJOINT,B3;C1,H5,H5,SENS_HETERO,20260210,500,common_disjoint_continuous,141000000000000.0,21.5,10000.0,600.0,0.42,heterogeneous_moderate,2.0,0.0,0.0,disjoint_equal,ed360150770ac6b4,bcccc7d112fa0ccb,d359909c47074ce8,False,False,results/thesis_revision_v43/stage_05b2/raw/S5B2-01089.summary.json,PLANNED
S5B2-01090,B3_C1_CONTINUOUS_DISJOINT,B3;C1,H5,H5,SENS_HETERO,20260211,500,common_disjoint_continuous,141000000000000.0,21.5,10000.0,600.0,0.42,heterogeneous_moderate,2.0,0.0,0.0,disjoint_equal,818a7fb8234e81e2,4708987d62b7d0cd,d359909c47074ce8,False,False,results/thesis_revision_v43/stage_05b2/raw/S5B2-01090.summary.json,PLANNED
S5B2-01091,B3_C1_CONTINUOUS_DISJOINT,B3;C1,H5,H5,SENS_HETERO,20260212,500,common_disjoint_continuous,141000000000000.0,21.5,10000.0,600.0,0.42,heterogeneous_moderate,2.0,0.0,0.0,disjoint_equal,eb03c3a8a5964cb0,936aee443ea0b2e0,d359909c47074ce8,False,False,results/thesis_revision_v43/stage_05b2/raw/S5B2-01091.summary.json,PLANNED
S5B2-01092,B3_C1_CONTINUOUS_DISJOINT,B3;C1,H5,H5,SENS_HETERO,20260213,500,common_disjoint_continuous,141000000000000.0,21.5,10000.0,600.0,0.42,heterogeneous_moderate,2.0,0.0,0.0,disjoint_equal,c9e3dedc3a25231e,07d746ab760d0470,d359909c47074ce8,False,False,results/thesis_revision_v43/stage_05b2/raw/S5B2-01092.summary.json,PLANNED
S5B2-01093,B3_C1_CONTINUOUS_DISJOINT,B3;C1,H5,H5,SENS_HETERO,20260214,500,common_disjoint_continuous,141000000000000.0,21.5,10000.0,600.0,0.42,heterogeneous_moderate,2.0,0.0,0.0,disjoint_equal,7b457f49368b4b6d,6222278b7a129fab,d359909c47074ce8,False,False,results/thesis_revision_v43/stage_05b2/raw/S5B2-01093.summary.json,PLANNED
S5B2-01094,B3_C1_CONTINUOUS_DISJOINT,B3;C1,H5,H5,SENS_HETERO,20260215,500,common_disjoint_continuous,141000000000000.0,21.5,10000.0,600.0,0.42,heterogeneous_moderate,2.0,0.0,0.0,disjoint_equal,83c76baf2f226f94,979d2a75313983ce,d359909c47074ce8,False,False,results/thesis_revision_v43/stage_05b2/raw/S5B2-01094.summary.json,PLANNED
S5B2-01095,B3_C1_CONTINUOUS_DISJOINT,B3;C1,H5,H5,SENS_HETERO,20260216,500,common_disjoint_continuous,141000000000000.0,21.5,10000.0,600.0,0.42,heterogeneous_moderate,2.0,0.0,0.0,disjoint_equal,d5a609b77e777017,7ac0e455046c8704,d359909c47074ce8,False,False,results/thesis_revision_v43/stage_05b2/raw/S5B2-01095.summary.json,PLANNED
S5B2-01096,B3_C1_CONTINUOUS_DISJOINT,B3;C1,H5,H5,SENS_HETERO,20260217,500,common_disjoint_continuous,141000000000000.0,21.5,10000.0,600.0,0.42,heterogeneous_moderate,2.0,0.0,0.0,disjoint_equal,533fb7755c2e6962,b72c48bff9eb170e,d359909c47074ce8,False,False,results/thesis_revision_v43/stage_05b2/raw/S5B2-01096.summary.json,PLANNED
S5B2-01097,B3_C1_CONTINUOUS_DISJOINT,B3;C1,H5,H5,SENS_HETERO,20260218,500,common_disjoint_continuous,141000000000000.0,21.5,10000.0,600.0,0.42,heterogeneous_moderate,2.0,0.0,0.0,disjoint_equal,0f9ec1e17cf34795,4edd6409984f223c,d359909c47074ce8,False,False,results/thesis_revision_v43/stage_05b2/raw/S5B2-01097.summary.json,PLANNED
S5B2-01098,B3_C1_CONTINUOUS_DISJOINT,B3;C1,H5,H5,SENS_HETERO,20260219,500,common_disjoint_continuous,141000000000000.0,21.5,10000.0,600.0,0.42,heterogeneous_moderate,2.0,0.0,0.0,disjoint_equal,84d38d1468eed6c7,7b94c0800f991c41,d359909c47074ce8,False,False,results/thesis_revision_v43/stage_05b2/raw/S5B2-01098.summary.json,PLANNED
S5B2-01099,B3_C1_CONTINUOUS_DISJOINT,B3;C1,H5,H5,SENS_HETERO,20260220,500,common_disjoint_continuous,141000000000000.0,21.5,10000.0,600.0,0.42,heterogeneous_moderate,2.0,0.0,0.0,disjoint_equal,71914ebd486fb91a,50071d02d9836cf6,d359909c47074ce8,False,False,results/thesis_revision_v43/stage_05b2/raw/S5B2-01099.summary.json,PLANNED
S5B2-01100,B3_C1_CONTINUOUS_DISJOINT,B3;C1,H5,H5,SENS_HETERO,20260221,500,common_disjoint_continuous,141000000000000.0,21.5,10000.0,600.0,0.42,heterogeneous_moderate,2.0,0.0,0.0,disjoint_equal,6361b64a0fa044a5,0990f028abf18b50,d359909c47074ce8,False,True,results/thesis_revision_v43/stage_05b2/raw/S5B2-01100.summary.json,PLANNED
S5B2-01101,B3_C1_CONTINUOUS_DISJOINT,B3;C1,H5,H5,SENS_HETERO,20260222,500,common_disjoint_continuous,141000000000000.0,21.5,10000.0,600.0,0.42,heterogeneous_moderate,2.0,0.0,0.0,disjoint_equal,d84af08d8e8ae764,8392f74ddd941907,d359909c47074ce8,False,False,results/thesis_revision_v43/stage_05b2/raw/S5B2-01101.summary.json,PLANNED
S5B2-01102,B3_C1_CONTINUOUS_DISJOINT,B3;C1,H5,H5,SENS_HETERO,20260223,500,common_disjoint_continuous,141000000000000.0,21.5,10000.0,600.0,0.42,heterogeneous_moderate,2.0,0.0,0.0,disjoint_equal,80d69441a7841460,83d075df4229dbb8,d359909c47074ce8,False,False,results/thesis_revision_v43/stage_05b2/raw/S5B2-01102.summary.json,PLANNED
S5B2-01103,B3_C1_CONTINUOUS_DISJOINT,B3;C1,H5,H5,SENS_HETERO,20260224,500,common_disjoint_continuous,141000000000000.0,21.5,10000.0,600.0,0.42,heterogeneous_moderate,2.0,0.0,0.0,disjoint_equal,2b9f4cfbd1812834,c36d4e3c30dfa8db,d359909c47074ce8,False,False,results/thesis_revision_v43/stage_05b2/raw/S5B2-01103.summary.json,PLANNED
S5B2-01104,B3_C1_CONTINUOUS_DISJOINT,B3;C1,H5,H5,SENS_HETERO,20260225,500,common_disjoint_continuous,141000000000000.0,21.5,10000.0,600.0,0.42,heterogeneous_moderate,2.0,0.0,0.0,disjoint_equal,4dcabe12fd90ad7a,eede3b878e6f78a0,d359909c47074ce8,False,False,results/thesis_revision_v43/stage_05b2/raw/S5B2-01104.summary.json,PLANNED
S5B2-01105,B3_C1_CONTINUOUS_DISJOINT,B3;C1,H5,H5,SENS_HETERO,20260226,500,common_disjoint_continuous,141000000000000.0,21.5,10000.0,600.0,0.42,heterogeneous_moderate,2.0,0.0,0.0,disjoint_equal,d751690608c2463e,1e68150de16b8978,d359909c47074ce8,False,False,results/thesis_revision_v43/stage_05b2/raw/S5B2-01105.summary.json,PLANNED
S5B2-01106,B3_C1_CONTINUOUS_DISJOINT,B3;C1,H5,H5,SENS_HETERO,20260227,500,common_disjoint_continuous,141000000000000.0,21.5,10000.0,600.0,0.42,heterogeneous_moderate,2.0,0.0,0.0,disjoint_equal,e187da024a4fae50,55b10775bbb4f985,d359909c47074ce8,False,False,results/thesis_revision_v43/stage_05b2/raw/S5B2-01106.summary.json,PLANNED
S5B2-01107,B3_C1_CONTINUOUS_DISJOINT,B3;C1,H5,H5,SENS_HETERO,20260228,500,common_disjoint_continuous,141000000000000.0,21.5,10000.0,600.0,0.42,heterogeneous_moderate,2.0,0.0,0.0,disjoint_equal,bba6f9879ad240e6,0eae4e2dae65353b,d359909c47074ce8,False,False,results/thesis_revision_v43/stage_05b2/raw/S5B2-01107.summary.json,PLANNED
S5B2-01108,B3_C1_CONTINUOUS_DISJOINT,B3;C1,H5,H5,SENS_HETERO,20260229,500,common_disjoint_continuous,141000000000000.0,21.5,10000.0,600.0,0.42,heterogeneous_moderate,2.0,0.0,0.0,disjoint_equal,99af14e9ed9dc937,7486df8acbcef73f,d359909c47074ce8,False,False,results/thesis_revision_v43/stage_05b2/raw/S5B2-01108.summary.json,PLANNED
S5B2-01109,B3_C1_CONTINUOUS_DISJOINT,B3;C1,H5,H5,SENS_HETERO,20260230,500,common_disjoint_continuous,141000000000000.0,21.5,10000.0,600.0,0.42,heterogeneous_moderate,2.0,0.0,0.0,disjoint_equal,29bc77590e0e5199,215297413bd34e0b,d359909c47074ce8,False,False,results/thesis_revision_v43/stage_05b2/raw/S5B2-01109.summary.json,PLANNED
S5B2-01110,B3_C1_CONTINUOUS_DISJOINT,B3;C1,H5,H5,SENS_HETERO,20260201,100,common_disjoint_continuous,141000000000000.0,21.5,10000.0,600.0,0.42,heterogeneous_moderate,2.0,0.0,0.0,disjoint_weighted,aa399b9a3fc6e535,4ac8c6c09bde7a3f,eb0d59191968e6f9,False,False,results/thesis_revision_v43/stage_05b2/raw/S5B2-01110.summary.json,PLANNED
S5B2-01111,B3_C1_CONTINUOUS_DISJOINT,B3;C1,H5,H5,SENS_HETERO,20260202,100,common_disjoint_continuous,141000000000000.0,21.5,10000.0,600.0,0.42,heterogeneous_moderate,2.0,0.0,0.0,disjoint_weighted,4b8d165ecc698869,7c3681bbc1969d5f,eb0d59191968e6f9,False,False,results/thesis_revision_v43/stage_05b2/raw/S5B2-01111.summary.json,PLANNED
S5B2-01112,B3_C1_CONTINUOUS_DISJOINT,B3;C1,H5,H5,SENS_HETERO,20260203,100,common_disjoint_continuous,141000000000000.0,21.5,10000.0,600.0,0.42,heterogeneous_moderate,2.0,0.0,0.0,disjoint_weighted,de83c7b533feb9da,7cbc4fd26d7e48e7,eb0d59191968e6f9,False,False,results/thesis_revision_v43/stage_05b2/raw/S5B2-01112.summary.json,PLANNED
S5B2-01113,B3_C1_CONTINUOUS_DISJOINT,B3;C1,H5,H5,SENS_HETERO,20260204,100,common_disjoint_continuous,141000000000000.0,21.5,10000.0,600.0,0.42,heterogeneous_moderate,2.0,0.0,0.0,disjoint_weighted,5b99696bf53647ee,68a0fc091a54a030,eb0d59191968e6f9,False,False,results/thesis_revision_v43/stage_05b2/raw/S5B2-01113.summary.json,PLANNED
S5B2-01114,B3_C1_CONTINUOUS_DISJOINT,B3;C1,H5,H5,SENS_HETERO,20260205,100,common_disjoint_continuous,141000000000000.0,21.5,10000.0,600.0,0.42,heterogeneous_moderate,2.0,0.0,0.0,disjoint_weighted,e9e51b27ba0cf6da,a74aa7e5a3a75fc7,eb0d59191968e6f9,False,False,results/thesis_revision_v43/stage_05b2/raw/S5B2-01114.summary.json,PLANNED
S5B2-01115,B3_C1_CONTINUOUS_DISJOINT,B3;C1,H5,H5,SENS_HETERO,20260206,100,common_disjoint_continuous,141000000000000.0,21.5,10000.0,600.0,0.42,heterogeneous_moderate,2.0,0.0,0.0,disjoint_weighted,c7472936d6c0689e,38b7c1304ca79f60,eb0d59191968e6f9,False,False,results/thesis_revision_v43/stage_05b2/raw/S5B2-01115.summary.json,PLANNED
S5B2-01116,B3_C1_CONTINUOUS_DISJOINT,B3;C1,H5,H5,SENS_HETERO,20260207,100,common_disjoint_continuous,141000000000000.0,21.5,10000.0,600.0,0.42,heterogeneous_moderate,2.0,0.0,0.0,disjoint_weighted,ee9dfc92b7f83ed4,1430a4d3ddbdd39d,eb0d59191968e6f9,False,False,results/thesis_revision_v43/stage_05b2/raw/S5B2-01116.summary.json,PLANNED
S5B2-01117,B3_C1_CONTINUOUS_DISJOINT,B3;C1,H5,H5,SENS_HETERO,20260208,100,common_disjoint_continuous,141000000000000.0,21.5,10000.0,600.0,0.42,heterogeneous_moderate,2.0,0.0,0.0,disjoint_weighted,12d4d11fa8ca0562,bd40ae74d8f1bf8d,eb0d59191968e6f9,False,False,results/thesis_revision_v43/stage_05b2/raw/S5B2-01117.summary.json,PLANNED
S5B2-01118,B3_C1_CONTINUOUS_DISJOINT,B3;C1,H5,H5,SENS_HETERO,20260209,100,common_disjoint_continuous,141000000000000.0,21.5,10000.0,600.0,0.42,heterogeneous_moderate,2.0,0.0,0.0,disjoint_weighted,47f55ccfadf6a415,e44ea02a7f653a1f,eb0d59191968e6f9,False,False,results/thesis_revision_v43/stage_05b2/raw/S5B2-01118.summary.json,PLANNED
S5B2-01119,B3_C1_CONTINUOUS_DISJOINT,B3;C1,H5,H5,SENS_HETERO,20260210,100,common_disjoint_continuous,141000000000000.0,21.5,10000.0,600.0,0.42,heterogeneous_moderate,2.0,0.0,0.0,disjoint_weighted,5f8b8846912e847c,6cf954d6ca7994b7,eb0d59191968e6f9,False,False,results/thesis_revision_v43/stage_05b2/raw/S5B2-01119.summary.json,PLANNED
S5B2-01120,B3_C1_CONTINUOUS_DISJOINT,B3;C1,H5,H5,SENS_HETERO,20260211,100,common_disjoint_continuous,141000000000000.0,21.5,10000.0,600.0,0.42,heterogeneous_moderate,2.0,0.0,0.0,disjoint_weighted,fc2fe8c8e155a9f8,a48074c0e941f441,eb0d59191968e6f9,False,False,results/thesis_revision_v43/stage_05b2/raw/S5B2-01120.summary.json,PLANNED
S5B2-01121,B3_C1_CONTINUOUS_DISJOINT,B3;C1,H5,H5,SENS_HETERO,20260212,100,common_disjoint_continuous,141000000000000.0,21.5,10000.0,600.0,0.42,heterogeneous_moderate,2.0,0.0,0.0,disjoint_weighted,5ba2b7d585c939c6,abf352c2e481d8ea,eb0d59191968e6f9,False,False,results/thesis_revision_v43/stage_05b2/raw/S5B2-01121.summary.json,PLANNED
S5B2-01122,B3_C1_CONTINUOUS_DISJOINT,B3;C1,H5,H5,SENS_HETERO,20260213,100,common_disjoint_continuous,141000000000000.0,21.5,10000.0,600.0,0.42,heterogeneous_moderate,2.0,0.0,0.0,disjoint_weighted,1cab56442a108d92,876ad008b96214b7,eb0d59191968e6f9,False,False,results/thesis_revision_v43/stage_05b2/raw/S5B2-01122.summary.json,PLANNED
S5B2-01123,B3_C1_CONTINUOUS_DISJOINT,B3;C1,H5,H5,SENS_HETERO,20260214,100,common_disjoint_continuous,141000000000000.0,21.5,10000.0,600.0,0.42,heterogeneous_moderate,2.0,0.0,0.0,disjoint_weighted,3171ef1878933a72,29f78730a4005b98,eb0d59191968e6f9,False,False,results/thesis_revision_v43/stage_05b2/raw/S5B2-01123.summary.json,PLANNED
S5B2-01124,B3_C1_CONTINUOUS_DISJOINT,B3;C1,H5,H5,SENS_HETERO,20260215,100,common_disjoint_continuous,141000000000000.0,21.5,10000.0,600.0,0.42,heterogeneous_moderate,2.0,0.0,0.0,disjoint_weighted,eacff95fe1194c76,84089295855d145e,eb0d59191968e6f9,False,False,results/thesis_revision_v43/stage_05b2/raw/S5B2-01124.summary.json,PLANNED
S5B2-01125,B3_C1_CONTINUOUS_DISJOINT,B3;C1,H5,H5,SENS_HETERO,20260216,100,common_disjoint_continuous,141000000000000.0,21.5,10000.0,600.0,0.42,heterogeneous_moderate,2.0,0.0,0.0,disjoint_weighted,9381c2f42e300e7a,6d353a0703b914fb,eb0d59191968e6f9,False,False,results/thesis_revision_v43/stage_05b2/raw/S5B2-01125.summary.json,PLANNED
S5B2-01126,B3_C1_CONTINUOUS_DISJOINT,B3;C1,H5,H5,SENS_HETERO,20260217,100,common_disjoint_continuous,141000000000000.0,21.5,10000.0,600.0,0.42,heterogeneous_moderate,2.0,0.0,0.0,disjoint_weighted,2ec58b2b4be44730,f972291bc093927c,eb0d59191968e6f9,False,False,results/thesis_revision_v43/stage_05b2/raw/S5B2-01126.summary.json,PLANNED
S5B2-01127,B3_C1_CONTINUOUS_DISJOINT,B3;C1,H5,H5,SENS_HETERO,20260218,100,common_disjoint_continuous,141000000000000.0,21.5,10000.0,600.0,0.42,heterogeneous_moderate,2.0,0.0,0.0,disjoint_weighted,7dc22bc9df739729,e4f5a96633b58579,eb0d59191968e6f9,False,False,results/thesis_revision_v43/stage_05b2/raw/S5B2-01127.summary.json,PLANNED
S5B2-01128,B3_C1_CONTINUOUS_DISJOINT,B3;C1,H5,H5,SENS_HETERO,20260219,100,common_disjoint_continuous,141000000000000.0,21.5,10000.0,600.0,0.42,heterogeneous_moderate,2.0,0.0,0.0,disjoint_weighted,5abfb56ae8b16179,4909df4c7243f5b8,eb0d59191968e6f9,False,False,results/thesis_revision_v43/stage_05b2/raw/S5B2-01128.summary.json,PLANNED
S5B2-01129,B3_C1_CONTINUOUS_DISJOINT,B3;C1,H5,H5,SENS_HETERO,20260220,100,common_disjoint_continuous,141000000000000.0,21.5,10000.0,600.0,0.42,heterogeneous_moderate,2.0,0.0,0.0,disjoint_weighted,522f40c8818f6b7c,c8465895b1e69a65,eb0d59191968e6f9,False,False,results/thesis_revision_v43/stage_05b2/raw/S5B2-01129.summary.json,PLANNED
S5B2-01130,B3_C1_CONTINUOUS_DISJOINT,B3;C1,H5,H5,SENS_HETERO,20260221,100,common_disjoint_continuous,141000000000000.0,21.5,10000.0,600.0,0.42,heterogeneous_moderate,2.0,0.0,0.0,disjoint_weighted,8aa448059fa28d29,47074d8480f09f41,eb0d59191968e6f9,False,False,results/thesis_revision_v43/stage_05b2/raw/S5B2-01130.summary.json,PLANNED
S5B2-01131,B3_C1_CONTINUOUS_DISJOINT,B3;C1,H5,H5,SENS_HETERO,20260222,100,common_disjoint_continuous,141000000000000.0,21.5,10000.0,600.0,0.42,heterogeneous_moderate,2.0,0.0,0.0,disjoint_weighted,29dab5d4100fd587,69ed0132544e4c6d,eb0d59191968e6f9,False,False,results/thesis_revision_v43/stage_05b2/raw/S5B2-01131.summary.json,PLANNED
S5B2-01132,B3_C1_CONTINUOUS_DISJOINT,B3;C1,H5,H5,SENS_HETERO,20260223,100,common_disjoint_continuous,141000000000000.0,21.5,10000.0,600.0,0.42,heterogeneous_moderate,2.0,0.0,0.0,disjoint_weighted,a7a4c7a17a294555,a56f8ea55ba22e21,eb0d59191968e6f9,False,False,results/thesis_revision_v43/stage_05b2/raw/S5B2-01132.summary.json,PLANNED
S5B2-01133,B3_C1_CONTINUOUS_DISJOINT,B3;C1,H5,H5,SENS_HETERO,20260224,100,common_disjoint_continuous,141000000000000.0,21.5,10000.0,600.0,0.42,heterogeneous_moderate,2.0,0.0,0.0,disjoint_weighted,d1c98facaad79f48,be3ab7e3ef061e6b,eb0d59191968e6f9,False,False,results/thesis_revision_v43/stage_05b2/raw/S5B2-01133.summary.json,PLANNED
S5B2-01134,B3_C1_CONTINUOUS_DISJOINT,B3;C1,H5,H5,SENS_HETERO,20260225,100,common_disjoint_continuous,141000000000000.0,21.5,10000.0,600.0,0.42,heterogeneous_moderate,2.0,0.0,0.0,disjoint_weighted,825cb3d11d386d55,aad49d9b66c8fdef,eb0d59191968e6f9,False,False,results/thesis_revision_v43/stage_05b2/raw/S5B2-01134.summary.json,PLANNED
S5B2-01135,B3_C1_CONTINUOUS_DISJOINT,B3;C1,H5,H5,SENS_HETERO,20260226,100,common_disjoint_continuous,141000000000000.0,21.5,10000.0,600.0,0.42,heterogeneous_moderate,2.0,0.0,0.0,disjoint_weighted,0ba45fb457e58550,0b6951a4ba885495,eb0d59191968e6f9,False,False,results/thesis_revision_v43/stage_05b2/raw/S5B2-01135.summary.json,PLANNED
S5B2-01136,B3_C1_CONTINUOUS_DISJOINT,B3;C1,H5,H5,SENS_HETERO,20260227,100,common_disjoint_continuous,141000000000000.0,21.5,10000.0,600.0,0.42,heterogeneous_moderate,2.0,0.0,0.0,disjoint_weighted,cb7ba9188fbc6dfb,9fb60cff940b6a54,eb0d59191968e6f9,False,False,results/thesis_revision_v43/stage_05b2/raw/S5B2-01136.summary.json,PLANNED
S5B2-01137,B3_C1_CONTINUOUS_DISJOINT,B3;C1,H5,H5,SENS_HETERO,20260228,100,common_disjoint_continuous,141000000000000.0,21.5,10000.0,600.0,0.42,heterogeneous_moderate,2.0,0.0,0.0,disjoint_weighted,2821817c8263ac78,bfbf98634c229513,eb0d59191968e6f9,False,False,results/thesis_revision_v43/stage_05b2/raw/S5B2-01137.summary.json,PLANNED
S5B2-01138,B3_C1_CONTINUOUS_DISJOINT,B3;C1,H5,H5,SENS_HETERO,20260229,100,common_disjoint_continuous,141000000000000.0,21.5,10000.0,600.0,0.42,heterogeneous_moderate,2.0,0.0,0.0,disjoint_weighted,1742adef6f3fd749,cd4d6cb310bc9448,eb0d59191968e6f9,False,False,results/thesis_revision_v43/stage_05b2/raw/S5B2-01138.summary.json,PLANNED
S5B2-01139,B3_C1_CONTINUOUS_DISJOINT,B3;C1,H5,H5,SENS_HETERO,20260230,100,common_disjoint_continuous,141000000000000.0,21.5,10000.0,600.0,0.42,heterogeneous_moderate,2.0,0.0,0.0,disjoint_weighted,0632f5a6f220cd39,827887697153e1bc,eb0d59191968e6f9,False,False,results/thesis_revision_v43/stage_05b2/raw/S5B2-01139.summary.json,PLANNED
S5B2-01140,B3_C1_CONTINUOUS_DISJOINT,B3;C1,H5,H5,SENS_HETERO,20260201,500,common_disjoint_continuous,141000000000000.0,21.5,10000.0,600.0,0.42,heterogeneous_moderate,2.0,0.0,0.0,disjoint_weighted,9dd8f2447efa3d13,2307cf53a619d21d,9e482b642968cbd6,False,False,results/thesis_revision_v43/stage_05b2/raw/S5B2-01140.summary.json,PLANNED
S5B2-01141,B3_C1_CONTINUOUS_DISJOINT,B3;C1,H5,H5,SENS_HETERO,20260202,500,common_disjoint_continuous,141000000000000.0,21.5,10000.0,600.0,0.42,heterogeneous_moderate,2.0,0.0,0.0,disjoint_weighted,9efe3349817b4195,b3b1888cd23ffa69,9e482b642968cbd6,False,False,results/thesis_revision_v43/stage_05b2/raw/S5B2-01141.summary.json,PLANNED
S5B2-01142,B3_C1_CONTINUOUS_DISJOINT,B3;C1,H5,H5,SENS_HETERO,20260203,500,common_disjoint_continuous,141000000000000.0,21.5,10000.0,600.0,0.42,heterogeneous_moderate,2.0,0.0,0.0,disjoint_weighted,034d37fd0c565d91,c73f26b35a1aa50e,9e482b642968cbd6,False,False,results/thesis_revision_v43/stage_05b2/raw/S5B2-01142.summary.json,PLANNED
S5B2-01143,B3_C1_CONTINUOUS_DISJOINT,B3;C1,H5,H5,SENS_HETERO,20260204,500,common_disjoint_continuous,141000000000000.0,21.5,10000.0,600.0,0.42,heterogeneous_moderate,2.0,0.0,0.0,disjoint_weighted,50e6dac6b3353b7d,2ecb51d360273f24,9e482b642968cbd6,False,False,results/thesis_revision_v43/stage_05b2/raw/S5B2-01143.summary.json,PLANNED
S5B2-01144,B3_C1_CONTINUOUS_DISJOINT,B3;C1,H5,H5,SENS_HETERO,20260205,500,common_disjoint_continuous,141000000000000.0,21.5,10000.0,600.0,0.42,heterogeneous_moderate,2.0,0.0,0.0,disjoint_weighted,231399e6797baa62,7663231fef4386e2,9e482b642968cbd6,False,False,results/thesis_revision_v43/stage_05b2/raw/S5B2-01144.summary.json,PLANNED
S5B2-01145,B3_C1_CONTINUOUS_DISJOINT,B3;C1,H5,H5,SENS_HETERO,20260206,500,common_disjoint_continuous,141000000000000.0,21.5,10000.0,600.0,0.42,heterogeneous_moderate,2.0,0.0,0.0,disjoint_weighted,083246c5a710bfce,b9db988409e5a4a5,9e482b642968cbd6,False,False,results/thesis_revision_v43/stage_05b2/raw/S5B2-01145.summary.json,PLANNED
S5B2-01146,B3_C1_CONTINUOUS_DISJOINT,B3;C1,H5,H5,SENS_HETERO,20260207,500,common_disjoint_continuous,141000000000000.0,21.5,10000.0,600.0,0.42,heterogeneous_moderate,2.0,0.0,0.0,disjoint_weighted,a80217d98db88771,bb607dc698f1988c,9e482b642968cbd6,False,False,results/thesis_revision_v43/stage_05b2/raw/S5B2-01146.summary.json,PLANNED
S5B2-01147,B3_C1_CONTINUOUS_DISJOINT,B3;C1,H5,H5,SENS_HETERO,20260208,500,common_disjoint_continuous,141000000000000.0,21.5,10000.0,600.0,0.42,heterogeneous_moderate,2.0,0.0,0.0,disjoint_weighted,74012692bca84696,bd28f2a8019df91c,9e482b642968cbd6,False,False,results/thesis_revision_v43/stage_05b2/raw/S5B2-01147.summary.json,PLANNED
S5B2-01148,B3_C1_CONTINUOUS_DISJOINT,B3;C1,H5,H5,SENS_HETERO,20260209,500,common_disjoint_continuous,141000000000000.0,21.5,10000.0,600.0,0.42,heterogeneous_moderate,2.0,0.0,0.0,disjoint_weighted,8ad9d9b732cd83a3,6e1fe46fbeedca16,9e482b642968cbd6,False,False,results/thesis_revision_v43/stage_05b2/raw/S5B2-01148.summary.json,PLANNED
S5B2-01149,B3_C1_CONTINUOUS_DISJOINT,B3;C1,H5,H5,SENS_HETERO,20260210,500,common_disjoint_continuous,141000000000000.0,21.5,10000.0,600.0,0.42,heterogeneous_moderate,2.0,0.0,0.0,disjoint_weighted,626a54b6ca6db430,e0918541a71b9acc,9e482b642968cbd6,False,False,results/thesis_revision_v43/stage_05b2/raw/S5B2-01149.summary.json,PLANNED
S5B2-01150,B3_C1_CONTINUOUS_DISJOINT,B3;C1,H5,H5,SENS_HETERO,20260211,500,common_disjoint_continuous,141000000000000.0,21.5,10000.0,600.0,0.42,heterogeneous_moderate,2.0,0.0,0.0,disjoint_weighted,edfce714c516c7bf,303e79c5321ce1f6,9e482b642968cbd6,False,False,results/thesis_revision_v43/stage_05b2/raw/S5B2-01150.summary.json,PLANNED
S5B2-01151,B3_C1_CONTINUOUS_DISJOINT,B3;C1,H5,H5,SENS_HETERO,20260212,500,common_disjoint_continuous,141000000000000.0,21.5,10000.0,600.0,0.42,heterogeneous_moderate,2.0,0.0,0.0,disjoint_weighted,70dfe692d35d9c3e,50ff960ec3eeffb3,9e482b642968cbd6,False,False,results/thesis_revision_v43/stage_05b2/raw/S5B2-01151.summary.json,PLANNED
S5B2-01152,B3_C1_CONTINUOUS_DISJOINT,B3;C1,H5,H5,SENS_HETERO,20260213,500,common_disjoint_continuous,141000000000000.0,21.5,10000.0,600.0,0.42,heterogeneous_moderate,2.0,0.0,0.0,disjoint_weighted,fd9b3c07ac9f948a,96c752be7a4c53c7,9e482b642968cbd6,False,False,results/thesis_revision_v43/stage_05b2/raw/S5B2-01152.summary.json,PLANNED
S5B2-01153,B3_C1_CONTINUOUS_DISJOINT,B3;C1,H5,H5,SENS_HETERO,20260214,500,common_disjoint_continuous,141000000000000.0,21.5,10000.0,600.0,0.42,heterogeneous_moderate,2.0,0.0,0.0,disjoint_weighted,db8f2e34efef26c3,1cc4c4341eb79fc0,9e482b642968cbd6,False,False,results/thesis_revision_v43/stage_05b2/raw/S5B2-01153.summary.json,PLANNED
S5B2-01154,B3_C1_CONTINUOUS_DISJOINT,B3;C1,H5,H5,SENS_HETERO,20260215,500,common_disjoint_continuous,141000000000000.0,21.5,10000.0,600.0,0.42,heterogeneous_moderate,2.0,0.0,0.0,disjoint_weighted,e8ee0cbc35c5d7fb,083fa9433d086150,9e482b642968cbd6,False,False,results/thesis_revision_v43/stage_05b2/raw/S5B2-01154.summary.json,PLANNED
S5B2-01155,B3_C1_CONTINUOUS_DISJOINT,B3;C1,H5,H5,SENS_HETERO,20260216,500,common_disjoint_continuous,141000000000000.0,21.5,10000.0,600.0,0.42,heterogeneous_moderate,2.0,0.0,0.0,disjoint_weighted,5e7948b94bdebd83,36fd4d5c9a48df20,9e482b642968cbd6,False,False,results/thesis_revision_v43/stage_05b2/raw/S5B2-01155.summary.json,PLANNED
S5B2-01156,B3_C1_CONTINUOUS_DISJOINT,B3;C1,H5,H5,SENS_HETERO,20260217,500,common_disjoint_continuous,141000000000000.0,21.5,10000.0,600.0,0.42,heterogeneous_moderate,2.0,0.0,0.0,disjoint_weighted,bafb32d85aa260cd,5a6df6d5a5a2b729,9e482b642968cbd6,False,False,results/thesis_revision_v43/stage_05b2/raw/S5B2-01156.summary.json,PLANNED
S5B2-01157,B3_C1_CONTINUOUS_DISJOINT,B3;C1,H5,H5,SENS_HETERO,20260218,500,common_disjoint_continuous,141000000000000.0,21.5,10000.0,600.0,0.42,heterogeneous_moderate,2.0,0.0,0.0,disjoint_weighted,e00efe89ec2f1c7b,0061c877fd415c71,9e482b642968cbd6,False,False,results/thesis_revision_v43/stage_05b2/raw/S5B2-01157.summary.json,PLANNED
S5B2-01158,B3_C1_CONTINUOUS_DISJOINT,B3;C1,H5,H5,SENS_HETERO,20260219,500,common_disjoint_continuous,141000000000000.0,21.5,10000.0,600.0,0.42,heterogeneous_moderate,2.0,0.0,0.0,disjoint_weighted,82278be674f62aaa,d185d0c3dd37e1e0,9e482b642968cbd6,False,False,results/thesis_revision_v43/stage_05b2/raw/S5B2-01158.summary.json,PLANNED
S5B2-01159,B3_C1_CONTINUOUS_DISJOINT,B3;C1,H5,H5,SENS_HETERO,20260220,500,common_disjoint_continuous,141000000000000.0,21.5,10000.0,600.0,0.42,heterogeneous_moderate,2.0,0.0,0.0,disjoint_weighted,a4a6a7306738ed3a,e0791fe5c2db4aa9,9e482b642968cbd6,False,False,results/thesis_revision_v43/stage_05b2/raw/S5B2-01159.summary.json,PLANNED
S5B2-01160,B3_C1_CONTINUOUS_DISJOINT,B3;C1,H5,H5,SENS_HETERO,20260221,500,common_disjoint_continuous,141000000000000.0,21.5,10000.0,600.0,0.42,heterogeneous_moderate,2.0,0.0,0.0,disjoint_weighted,8a207f9c67010574,f724aaf551319ac8,9e482b642968cbd6,False,False,results/thesis_revision_v43/stage_05b2/raw/S5B2-01160.summary.json,PLANNED
S5B2-01161,B3_C1_CONTINUOUS_DISJOINT,B3;C1,H5,H5,SENS_HETERO,20260222,500,common_disjoint_continuous,141000000000000.0,21.5,10000.0,600.0,0.42,heterogeneous_moderate,2.0,0.0,0.0,disjoint_weighted,b3d069c46ccf6df5,b6ab956c8546233f,9e482b642968cbd6,False,False,results/thesis_revision_v43/stage_05b2/raw/S5B2-01161.summary.json,PLANNED
S5B2-01162,B3_C1_CONTINUOUS_DISJOINT,B3;C1,H5,H5,SENS_HETERO,20260223,500,common_disjoint_continuous,141000000000000.0,21.5,10000.0,600.0,0.42,heterogeneous_moderate,2.0,0.0,0.0,disjoint_weighted,136a743c816e474f,3960fb4b3ccaa97b,9e482b642968cbd6,False,False,results/thesis_revision_v43/stage_05b2/raw/S5B2-01162.summary.json,PLANNED
S5B2-01163,B3_C1_CONTINUOUS_DISJOINT,B3;C1,H5,H5,SENS_HETERO,20260224,500,common_disjoint_continuous,141000000000000.0,21.5,10000.0,600.0,0.42,heterogeneous_moderate,2.0,0.0,0.0,disjoint_weighted,bc245c0559b701de,b15a96be18743e31,9e482b642968cbd6,False,False,results/thesis_revision_v43/stage_05b2/raw/S5B2-01163.summary.json,PLANNED
S5B2-01164,B3_C1_CONTINUOUS_DISJOINT,B3;C1,H5,H5,SENS_HETERO,20260225,500,common_disjoint_continuous,141000000000000.0,21.5,10000.0,600.0,0.42,heterogeneous_moderate,2.0,0.0,0.0,disjoint_weighted,cdc49f4546c92fcb,3636b0d2e7d89dcc,9e482b642968cbd6,False,False,results/thesis_revision_v43/stage_05b2/raw/S5B2-01164.summary.json,PLANNED
S5B2-01165,B3_C1_CONTINUOUS_DISJOINT,B3;C1,H5,H5,SENS_HETERO,20260226,500,common_disjoint_continuous,141000000000000.0,21.5,10000.0,600.0,0.42,heterogeneous_moderate,2.0,0.0,0.0,disjoint_weighted,dfb88e7c512832e6,5128a3887961ef10,9e482b642968cbd6,False,False,results/thesis_revision_v43/stage_05b2/raw/S5B2-01165.summary.json,PLANNED
S5B2-01166,B3_C1_CONTINUOUS_DISJOINT,B3;C1,H5,H5,SENS_HETERO,20260227,500,common_disjoint_continuous,141000000000000.0,21.5,10000.0,600.0,0.42,heterogeneous_moderate,2.0,0.0,0.0,disjoint_weighted,4567032d68130535,b1c2f1ba6c884f6f,9e482b642968cbd6,False,False,results/thesis_revision_v43/stage_05b2/raw/S5B2-01166.summary.json,PLANNED
S5B2-01167,B3_C1_CONTINUOUS_DISJOINT,B3;C1,H5,H5,SENS_HETERO,20260228,500,common_disjoint_continuous,141000000000000.0,21.5,10000.0,600.0,0.42,heterogeneous_moderate,2.0,0.0,0.0,disjoint_weighted,b395abe2c43d59ff,b03e1329e04d875e,9e482b642968cbd6,False,False,results/thesis_revision_v43/stage_05b2/raw/S5B2-01167.summary.json,PLANNED
S5B2-01168,B3_C1_CONTINUOUS_DISJOINT,B3;C1,H5,H5,SENS_HETERO,20260229,500,common_disjoint_continuous,141000000000000.0,21.5,10000.0,600.0,0.42,heterogeneous_moderate,2.0,0.0,0.0,disjoint_weighted,f412e337c72a9ff2,f79348b28bdd1a53,9e482b642968cbd6,False,False,results/thesis_revision_v43/stage_05b2/raw/S5B2-01168.summary.json,PLANNED
S5B2-01169,B3_C1_CONTINUOUS_DISJOINT,B3;C1,H5,H5,SENS_HETERO,20260230,500,common_disjoint_continuous,141000000000000.0,21.5,10000.0,600.0,0.42,heterogeneous_moderate,2.0,0.0,0.0,disjoint_weighted,2c8fa43e708137b3,6cce96aa66835612,9e482b642968cbd6,False,False,results/thesis_revision_v43/stage_05b2/raw/S5B2-01169.summary.json,PLANNED
S5B2-01170,C2,C2,,H5,SENS_HETERO,20260201,100,common_disjoint_idle,141000000000000.0,21.5,10000.0,600.0,0.42,heterogeneous_moderate,2.0,0.0,0.1,disjoint_equal,27b0641d84371020,076aaf5a99c45ee5,716038c9b560462d,False,False,results/thesis_revision_v43/stage_05b2/raw/S5B2-01170.summary.json,PLANNED
S5B2-01171,C2,C2,,H5,SENS_HETERO,20260202,100,common_disjoint_idle,141000000000000.0,21.5,10000.0,600.0,0.42,heterogeneous_moderate,2.0,0.0,0.1,disjoint_equal,d871fe530a1adad3,b6e5d2121cfe5800,716038c9b560462d,False,False,results/thesis_revision_v43/stage_05b2/raw/S5B2-01171.summary.json,PLANNED
S5B2-01172,C2,C2,,H5,SENS_HETERO,20260203,100,common_disjoint_idle,141000000000000.0,21.5,10000.0,600.0,0.42,heterogeneous_moderate,2.0,0.0,0.1,disjoint_equal,aeb04484a8d01950,a9c30f94a1bff926,716038c9b560462d,False,False,results/thesis_revision_v43/stage_05b2/raw/S5B2-01172.summary.json,PLANNED
S5B2-01173,C2,C2,,H5,SENS_HETERO,20260204,100,common_disjoint_idle,141000000000000.0,21.5,10000.0,600.0,0.42,heterogeneous_moderate,2.0,0.0,0.1,disjoint_equal,13bdc2bc9d03e6cd,282108a0ca8c39c9,716038c9b560462d,False,False,results/thesis_revision_v43/stage_05b2/raw/S5B2-01173.summary.json,PLANNED
S5B2-01174,C2,C2,,H5,SENS_HETERO,20260205,100,common_disjoint_idle,141000000000000.0,21.5,10000.0,600.0,0.42,heterogeneous_moderate,2.0,0.0,0.1,disjoint_equal,9618ba2ccacab1cd,275eec0990a70348,716038c9b560462d,False,False,results/thesis_revision_v43/stage_05b2/raw/S5B2-01174.summary.json,PLANNED
S5B2-01175,C2,C2,,H5,SENS_HETERO,20260206,100,common_disjoint_idle,141000000000000.0,21.5,10000.0,600.0,0.42,heterogeneous_moderate,2.0,0.0,0.1,disjoint_equal,d3648ed30d18d451,ecbaaa46b5d51cd0,716038c9b560462d,False,False,results/thesis_revision_v43/stage_05b2/raw/S5B2-01175.summary.json,PLANNED
S5B2-01176,C2,C2,,H5,SENS_HETERO,20260207,100,common_disjoint_idle,141000000000000.0,21.5,10000.0,600.0,0.42,heterogeneous_moderate,2.0,0.0,0.1,disjoint_equal,10cd4ac27bf7f024,bf62e98d92f7027e,716038c9b560462d,False,False,results/thesis_revision_v43/stage_05b2/raw/S5B2-01176.summary.json,PLANNED
S5B2-01177,C2,C2,,H5,SENS_HETERO,20260208,100,common_disjoint_idle,141000000000000.0,21.5,10000.0,600.0,0.42,heterogeneous_moderate,2.0,0.0,0.1,disjoint_equal,620d3d2481a5878a,9f9eb888e6330095,716038c9b560462d,False,False,results/thesis_revision_v43/stage_05b2/raw/S5B2-01177.summary.json,PLANNED
S5B2-01178,C2,C2,,H5,SENS_HETERO,20260209,100,common_disjoint_idle,141000000000000.0,21.5,10000.0,600.0,0.42,heterogeneous_moderate,2.0,0.0,0.1,disjoint_equal,f387b83bd6e3f7f2,499d9122a531cd5e,716038c9b560462d,False,False,results/thesis_revision_v43/stage_05b2/raw/S5B2-01178.summary.json,PLANNED
S5B2-01179,C2,C2,,H5,SENS_HETERO,20260210,100,common_disjoint_idle,141000000000000.0,21.5,10000.0,600.0,0.42,heterogeneous_moderate,2.0,0.0,0.1,disjoint_equal,6e6add2a1532cf27,5b025481ac66accb,716038c9b560462d,False,False,results/thesis_revision_v43/stage_05b2/raw/S5B2-01179.summary.json,PLANNED
S5B2-01180,C2,C2,,H5,SENS_HETERO,20260211,100,common_disjoint_idle,141000000000000.0,21.5,10000.0,600.0,0.42,heterogeneous_moderate,2.0,0.0,0.1,disjoint_equal,e8dadf8c3b4d5991,4d815888a2f79a43,716038c9b560462d,False,False,results/thesis_revision_v43/stage_05b2/raw/S5B2-01180.summary.json,PLANNED
S5B2-01181,C2,C2,,H5,SENS_HETERO,20260212,100,common_disjoint_idle,141000000000000.0,21.5,10000.0,600.0,0.42,heterogeneous_moderate,2.0,0.0,0.1,disjoint_equal,b422d3b93b249aaf,6a497653b8486f65,716038c9b560462d,False,False,results/thesis_revision_v43/stage_05b2/raw/S5B2-01181.summary.json,PLANNED
S5B2-01182,C2,C2,,H5,SENS_HETERO,20260213,100,common_disjoint_idle,141000000000000.0,21.5,10000.0,600.0,0.42,heterogeneous_moderate,2.0,0.0,0.1,disjoint_equal,7bd93897e4a71254,74d2520b3a0bc757,716038c9b560462d,False,False,results/thesis_revision_v43/stage_05b2/raw/S5B2-01182.summary.json,PLANNED
S5B2-01183,C2,C2,,H5,SENS_HETERO,20260214,100,common_disjoint_idle,141000000000000.0,21.5,10000.0,600.0,0.42,heterogeneous_moderate,2.0,0.0,0.1,disjoint_equal,7bee4433d5b786d5,ce0c112ba04abb87,716038c9b560462d,False,False,results/thesis_revision_v43/stage_05b2/raw/S5B2-01183.summary.json,PLANNED
S5B2-01184,C2,C2,,H5,SENS_HETERO,20260215,100,common_disjoint_idle,141000000000000.0,21.5,10000.0,600.0,0.42,heterogeneous_moderate,2.0,0.0,0.1,disjoint_equal,02311397c2239ad3,58236fefe688258f,716038c9b560462d,False,False,results/thesis_revision_v43/stage_05b2/raw/S5B2-01184.summary.json,PLANNED
S5B2-01185,C2,C2,,H5,SENS_HETERO,20260216,100,common_disjoint_idle,141000000000000.0,21.5,10000.0,600.0,0.42,heterogeneous_moderate,2.0,0.0,0.1,disjoint_equal,2aab729299f6e4b1,83c9275de19d58a5,716038c9b560462d,False,False,results/thesis_revision_v43/stage_05b2/raw/S5B2-01185.summary.json,PLANNED
S5B2-01186,C2,C2,,H5,SENS_HETERO,20260217,100,common_disjoint_idle,141000000000000.0,21.5,10000.0,600.0,0.42,heterogeneous_moderate,2.0,0.0,0.1,disjoint_equal,5e0e037c8a665209,4736b86d522decff,716038c9b560462d,False,False,results/thesis_revision_v43/stage_05b2/raw/S5B2-01186.summary.json,PLANNED
S5B2-01187,C2,C2,,H5,SENS_HETERO,20260218,100,common_disjoint_idle,141000000000000.0,21.5,10000.0,600.0,0.42,heterogeneous_moderate,2.0,0.0,0.1,disjoint_equal,7e86247651215abe,52ac7c91dfb532b9,716038c9b560462d,False,False,results/thesis_revision_v43/stage_05b2/raw/S5B2-01187.summary.json,PLANNED
S5B2-01188,C2,C2,,H5,SENS_HETERO,20260219,100,common_disjoint_idle,141000000000000.0,21.5,10000.0,600.0,0.42,heterogeneous_moderate,2.0,0.0,0.1,disjoint_equal,70b32a412bf4de0a,d986617860cb6400,716038c9b560462d,False,False,results/thesis_revision_v43/stage_05b2/raw/S5B2-01188.summary.json,PLANNED
S5B2-01189,C2,C2,,H5,SENS_HETERO,20260220,100,common_disjoint_idle,141000000000000.0,21.5,10000.0,600.0,0.42,heterogeneous_moderate,2.0,0.0,0.1,disjoint_equal,22f008aa7753e6d5,ddb6a0ebf0cce428,716038c9b560462d,False,False,results/thesis_revision_v43/stage_05b2/raw/S5B2-01189.summary.json,PLANNED
S5B2-01190,C2,C2,,H5,SENS_HETERO,20260221,100,common_disjoint_idle,141000000000000.0,21.5,10000.0,600.0,0.42,heterogeneous_moderate,2.0,0.0,0.1,disjoint_equal,3e053ed4a9927e8a,811487239fa9cf64,716038c9b560462d,False,False,results/thesis_revision_v43/stage_05b2/raw/S5B2-01190.summary.json,PLANNED
S5B2-01191,C2,C2,,H5,SENS_HETERO,20260222,100,common_disjoint_idle,141000000000000.0,21.5,10000.0,600.0,0.42,heterogeneous_moderate,2.0,0.0,0.1,disjoint_equal,1bb3028356e42056,ecbd520059c68d8d,716038c9b560462d,False,False,results/thesis_revision_v43/stage_05b2/raw/S5B2-01191.summary.json,PLANNED
S5B2-01192,C2,C2,,H5,SENS_HETERO,20260223,100,common_disjoint_idle,141000000000000.0,21.5,10000.0,600.0,0.42,heterogeneous_moderate,2.0,0.0,0.1,disjoint_equal,98a9cd92fdd9cd55,381bc4a4539c0d0b,716038c9b560462d,False,False,results/thesis_revision_v43/stage_05b2/raw/S5B2-01192.summary.json,PLANNED
S5B2-01193,C2,C2,,H5,SENS_HETERO,20260224,100,common_disjoint_idle,141000000000000.0,21.5,10000.0,600.0,0.42,heterogeneous_moderate,2.0,0.0,0.1,disjoint_equal,c23efe45a36600e5,73b6a113aa14b73f,716038c9b560462d,False,False,results/thesis_revision_v43/stage_05b2/raw/S5B2-01193.summary.json,PLANNED
S5B2-01194,C2,C2,,H5,SENS_HETERO,20260225,100,common_disjoint_idle,141000000000000.0,21.5,10000.0,600.0,0.42,heterogeneous_moderate,2.0,0.0,0.1,disjoint_equal,d0bce870a47bd51d,cdfef0f065f11657,716038c9b560462d,False,False,results/thesis_revision_v43/stage_05b2/raw/S5B2-01194.summary.json,PLANNED
S5B2-01195,C2,C2,,H5,SENS_HETERO,20260226,100,common_disjoint_idle,141000000000000.0,21.5,10000.0,600.0,0.42,heterogeneous_moderate,2.0,0.0,0.1,disjoint_equal,1acfb139d6d2fa10,af1677485c11fd7e,716038c9b560462d,False,False,results/thesis_revision_v43/stage_05b2/raw/S5B2-01195.summary.json,PLANNED
S5B2-01196,C2,C2,,H5,SENS_HETERO,20260227,100,common_disjoint_idle,141000000000000.0,21.5,10000.0,600.0,0.42,heterogeneous_moderate,2.0,0.0,0.1,disjoint_equal,6ddce2fae91c4c76,0b97e495771ea6ea,716038c9b560462d,False,False,results/thesis_revision_v43/stage_05b2/raw/S5B2-01196.summary.json,PLANNED
S5B2-01197,C2,C2,,H5,SENS_HETERO,20260228,100,common_disjoint_idle,141000000000000.0,21.5,10000.0,600.0,0.42,heterogeneous_moderate,2.0,0.0,0.1,disjoint_equal,2834bb12b3103730,f3a2d3c979900184,716038c9b560462d,False,False,results/thesis_revision_v43/stage_05b2/raw/S5B2-01197.summary.json,PLANNED
S5B2-01198,C2,C2,,H5,SENS_HETERO,20260229,100,common_disjoint_idle,141000000000000.0,21.5,10000.0,600.0,0.42,heterogeneous_moderate,2.0,0.0,0.1,disjoint_equal,6e8e82b5a4ed6abc,5b97c3d56c5c5273,716038c9b560462d,False,False,results/thesis_revision_v43/stage_05b2/raw/S5B2-01198.summary.json,PLANNED
S5B2-01199,C2,C2,,H5,SENS_HETERO,20260230,100,common_disjoint_idle,141000000000000.0,21.5,10000.0,600.0,0.42,heterogeneous_moderate,2.0,0.0,0.1,disjoint_equal,d9dcae4a1f61830f,c6562a35d88f522c,716038c9b560462d,False,False,results/thesis_revision_v43/stage_05b2/raw/S5B2-01199.summary.json,PLANNED
S5B2-01200,C2,C2,,H5,SENS_HETERO,20260201,500,common_disjoint_idle,141000000000000.0,21.5,10000.0,600.0,0.42,heterogeneous_moderate,2.0,0.0,0.1,disjoint_equal,0870e67161b5cdfe,106af62bf799a1fc,427bd94a4c27834b,False,True,results/thesis_revision_v43/stage_05b2/raw/S5B2-01200.summary.json,PLANNED
S5B2-01201,C2,C2,,H5,SENS_HETERO,20260202,500,common_disjoint_idle,141000000000000.0,21.5,10000.0,600.0,0.42,heterogeneous_moderate,2.0,0.0,0.1,disjoint_equal,8d66ace516fe1390,e106d0e5ad7790bc,427bd94a4c27834b,False,False,results/thesis_revision_v43/stage_05b2/raw/S5B2-01201.summary.json,PLANNED
S5B2-01202,C2,C2,,H5,SENS_HETERO,20260203,500,common_disjoint_idle,141000000000000.0,21.5,10000.0,600.0,0.42,heterogeneous_moderate,2.0,0.0,0.1,disjoint_equal,04fa9cff414c43c8,329f4e5112aae9da,427bd94a4c27834b,False,False,results/thesis_revision_v43/stage_05b2/raw/S5B2-01202.summary.json,PLANNED
S5B2-01203,C2,C2,,H5,SENS_HETERO,20260204,500,common_disjoint_idle,141000000000000.0,21.5,10000.0,600.0,0.42,heterogeneous_moderate,2.0,0.0,0.1,disjoint_equal,d7396933cc01e12e,f7d8fef07a5b58f9,427bd94a4c27834b,False,False,results/thesis_revision_v43/stage_05b2/raw/S5B2-01203.summary.json,PLANNED
S5B2-01204,C2,C2,,H5,SENS_HETERO,20260205,500,common_disjoint_idle,141000000000000.0,21.5,10000.0,600.0,0.42,heterogeneous_moderate,2.0,0.0,0.1,disjoint_equal,bf0057bffd9870c6,d903b12c712268fe,427bd94a4c27834b,False,False,results/thesis_revision_v43/stage_05b2/raw/S5B2-01204.summary.json,PLANNED
S5B2-01205,C2,C2,,H5,SENS_HETERO,20260206,500,common_disjoint_idle,141000000000000.0,21.5,10000.0,600.0,0.42,heterogeneous_moderate,2.0,0.0,0.1,disjoint_equal,85718fae2ae22de4,11e9cf8a9270a476,427bd94a4c27834b,False,False,results/thesis_revision_v43/stage_05b2/raw/S5B2-01205.summary.json,PLANNED
S5B2-01206,C2,C2,,H5,SENS_HETERO,20260207,500,common_disjoint_idle,141000000000000.0,21.5,10000.0,600.0,0.42,heterogeneous_moderate,2.0,0.0,0.1,disjoint_equal,3949d7296d2c2710,36d399d38f14587c,427bd94a4c27834b,False,False,results/thesis_revision_v43/stage_05b2/raw/S5B2-01206.summary.json,PLANNED
S5B2-01207,C2,C2,,H5,SENS_HETERO,20260208,500,common_disjoint_idle,141000000000000.0,21.5,10000.0,600.0,0.42,heterogeneous_moderate,2.0,0.0,0.1,disjoint_equal,32c8dd0f46f0a7a4,e54bdf3b28017105,427bd94a4c27834b,False,False,results/thesis_revision_v43/stage_05b2/raw/S5B2-01207.summary.json,PLANNED
S5B2-01208,C2,C2,,H5,SENS_HETERO,20260209,500,common_disjoint_idle,141000000000000.0,21.5,10000.0,600.0,0.42,heterogeneous_moderate,2.0,0.0,0.1,disjoint_equal,a9f279187d600ba3,d84ddef898fc9126,427bd94a4c27834b,False,False,results/thesis_revision_v43/stage_05b2/raw/S5B2-01208.summary.json,PLANNED
S5B2-01209,C2,C2,,H5,SENS_HETERO,20260210,500,common_disjoint_idle,141000000000000.0,21.5,10000.0,600.0,0.42,heterogeneous_moderate,2.0,0.0,0.1,disjoint_equal,878fb17a83e7156b,d7a45db82a1d515b,427bd94a4c27834b,False,False,results/thesis_revision_v43/stage_05b2/raw/S5B2-01209.summary.json,PLANNED
S5B2-01210,C2,C2,,H5,SENS_HETERO,20260211,500,common_disjoint_idle,141000000000000.0,21.5,10000.0,600.0,0.42,heterogeneous_moderate,2.0,0.0,0.1,disjoint_equal,0d69db0a2146774d,27856c9e8781576b,427bd94a4c27834b,False,False,results/thesis_revision_v43/stage_05b2/raw/S5B2-01210.summary.json,PLANNED
S5B2-01211,C2,C2,,H5,SENS_HETERO,20260212,500,common_disjoint_idle,141000000000000.0,21.5,10000.0,600.0,0.42,heterogeneous_moderate,2.0,0.0,0.1,disjoint_equal,bb02a35df28d8a55,4295874d3b0f0761,427bd94a4c27834b,False,False,results/thesis_revision_v43/stage_05b2/raw/S5B2-01211.summary.json,PLANNED
S5B2-01212,C2,C2,,H5,SENS_HETERO,20260213,500,common_disjoint_idle,141000000000000.0,21.5,10000.0,600.0,0.42,heterogeneous_moderate,2.0,0.0,0.1,disjoint_equal,e39a376424cc9692,e6c00090003a0824,427bd94a4c27834b,False,False,results/thesis_revision_v43/stage_05b2/raw/S5B2-01212.summary.json,PLANNED
S5B2-01213,C2,C2,,H5,SENS_HETERO,20260214,500,common_disjoint_idle,141000000000000.0,21.5,10000.0,600.0,0.42,heterogeneous_moderate,2.0,0.0,0.1,disjoint_equal,4438e81965c82486,14bef8ce63085489,427bd94a4c27834b,False,False,results/thesis_revision_v43/stage_05b2/raw/S5B2-01213.summary.json,PLANNED
S5B2-01214,C2,C2,,H5,SENS_HETERO,20260215,500,common_disjoint_idle,141000000000000.0,21.5,10000.0,600.0,0.42,heterogeneous_moderate,2.0,0.0,0.1,disjoint_equal,5704630efd3451b2,0fb9ea9439965502,427bd94a4c27834b,False,False,results/thesis_revision_v43/stage_05b2/raw/S5B2-01214.summary.json,PLANNED
S5B2-01215,C2,C2,,H5,SENS_HETERO,20260216,500,common_disjoint_idle,141000000000000.0,21.5,10000.0,600.0,0.42,heterogeneous_moderate,2.0,0.0,0.1,disjoint_equal,d6397d262f7a41a0,794b201a30f3cc69,427bd94a4c27834b,False,False,results/thesis_revision_v43/stage_05b2/raw/S5B2-01215.summary.json,PLANNED
S5B2-01216,C2,C2,,H5,SENS_HETERO,20260217,500,common_disjoint_idle,141000000000000.0,21.5,10000.0,600.0,0.42,heterogeneous_moderate,2.0,0.0,0.1,disjoint_equal,a943992c659426fa,3af140d6ac2bb1cb,427bd94a4c27834b,False,False,results/thesis_revision_v43/stage_05b2/raw/S5B2-01216.summary.json,PLANNED
S5B2-01217,C2,C2,,H5,SENS_HETERO,20260218,500,common_disjoint_idle,141000000000000.0,21.5,10000.0,600.0,0.42,heterogeneous_moderate,2.0,0.0,0.1,disjoint_equal,c6b9377a5a5b9e45,7dab891a085c1e87,427bd94a4c27834b,False,False,results/thesis_revision_v43/stage_05b2/raw/S5B2-01217.summary.json,PLANNED
S5B2-01218,C2,C2,,H5,SENS_HETERO,20260219,500,common_disjoint_idle,141000000000000.0,21.5,10000.0,600.0,0.42,heterogeneous_moderate,2.0,0.0,0.1,disjoint_equal,43d809c72c436c91,47bcd2aaf51b3346,427bd94a4c27834b,False,False,results/thesis_revision_v43/stage_05b2/raw/S5B2-01218.summary.json,PLANNED
S5B2-01219,C2,C2,,H5,SENS_HETERO,20260220,500,common_disjoint_idle,141000000000000.0,21.5,10000.0,600.0,0.42,heterogeneous_moderate,2.0,0.0,0.1,disjoint_equal,769c2196fed98afa,afa6ee88afbbf48d,427bd94a4c27834b,False,False,results/thesis_revision_v43/stage_05b2/raw/S5B2-01219.summary.json,PLANNED
S5B2-01220,C2,C2,,H5,SENS_HETERO,20260221,500,common_disjoint_idle,141000000000000.0,21.5,10000.0,600.0,0.42,heterogeneous_moderate,2.0,0.0,0.1,disjoint_equal,10ebbca104e8ddc9,487583b7df73d1aa,427bd94a4c27834b,False,False,results/thesis_revision_v43/stage_05b2/raw/S5B2-01220.summary.json,PLANNED
S5B2-01221,C2,C2,,H5,SENS_HETERO,20260222,500,common_disjoint_idle,141000000000000.0,21.5,10000.0,600.0,0.42,heterogeneous_moderate,2.0,0.0,0.1,disjoint_equal,e5020738d54e0532,fc7deb2f6a43bc64,427bd94a4c27834b,False,False,results/thesis_revision_v43/stage_05b2/raw/S5B2-01221.summary.json,PLANNED
S5B2-01222,C2,C2,,H5,SENS_HETERO,20260223,500,common_disjoint_idle,141000000000000.0,21.5,10000.0,600.0,0.42,heterogeneous_moderate,2.0,0.0,0.1,disjoint_equal,64c24d4f179b358e,eb5918f5e065d1b6,427bd94a4c27834b,False,False,results/thesis_revision_v43/stage_05b2/raw/S5B2-01222.summary.json,PLANNED
S5B2-01223,C2,C2,,H5,SENS_HETERO,20260224,500,common_disjoint_idle,141000000000000.0,21.5,10000.0,600.0,0.42,heterogeneous_moderate,2.0,0.0,0.1,disjoint_equal,4d684af306febd97,253757ad965756dc,427bd94a4c27834b,False,False,results/thesis_revision_v43/stage_05b2/raw/S5B2-01223.summary.json,PLANNED
S5B2-01224,C2,C2,,H5,SENS_HETERO,20260225,500,common_disjoint_idle,141000000000000.0,21.5,10000.0,600.0,0.42,heterogeneous_moderate,2.0,0.0,0.1,disjoint_equal,750b7b2edab5c712,6070070c11b6b798,427bd94a4c27834b,False,False,results/thesis_revision_v43/stage_05b2/raw/S5B2-01224.summary.json,PLANNED
S5B2-01225,C2,C2,,H5,SENS_HETERO,20260226,500,common_disjoint_idle,141000000000000.0,21.5,10000.0,600.0,0.42,heterogeneous_moderate,2.0,0.0,0.1,disjoint_equal,3ca4660a86333b18,ff9779324276f08c,427bd94a4c27834b,False,False,results/thesis_revision_v43/stage_05b2/raw/S5B2-01225.summary.json,PLANNED
S5B2-01226,C2,C2,,H5,SENS_HETERO,20260227,500,common_disjoint_idle,141000000000000.0,21.5,10000.0,600.0,0.42,heterogeneous_moderate,2.0,0.0,0.1,disjoint_equal,e10b28b1d55703c5,40aa6570da67fb99,427bd94a4c27834b,False,False,results/thesis_revision_v43/stage_05b2/raw/S5B2-01226.summary.json,PLANNED
S5B2-01227,C2,C2,,H5,SENS_HETERO,20260228,500,common_disjoint_idle,141000000000000.0,21.5,10000.0,600.0,0.42,heterogeneous_moderate,2.0,0.0,0.1,disjoint_equal,aa04ad4369544e76,ddb90d247bc053b3,427bd94a4c27834b,False,False,results/thesis_revision_v43/stage_05b2/raw/S5B2-01227.summary.json,PLANNED
S5B2-01228,C2,C2,,H5,SENS_HETERO,20260229,500,common_disjoint_idle,141000000000000.0,21.5,10000.0,600.0,0.42,heterogeneous_moderate,2.0,0.0,0.1,disjoint_equal,f19bb63b80abd47d,8135f3f03989a82e,427bd94a4c27834b,False,False,results/thesis_revision_v43/stage_05b2/raw/S5B2-01228.summary.json,PLANNED
S5B2-01229,C2,C2,,H5,SENS_HETERO,20260230,500,common_disjoint_idle,141000000000000.0,21.5,10000.0,600.0,0.42,heterogeneous_moderate,2.0,0.0,0.1,disjoint_equal,882ac88bef539ec7,1b70fe3324d27ae6,427bd94a4c27834b,False,False,results/thesis_revision_v43/stage_05b2/raw/S5B2-01229.summary.json,PLANNED
S5B2-01230,C2,C2,,H5,SENS_HETERO,20260201,100,common_disjoint_idle,141000000000000.0,21.5,10000.0,600.0,0.42,heterogeneous_moderate,2.0,0.0,0.1,disjoint_weighted,837b3ed4c583f6da,9c6dcab417cad74c,a962a2cae6a146b5,False,False,results/thesis_revision_v43/stage_05b2/raw/S5B2-01230.summary.json,PLANNED
S5B2-01231,C2,C2,,H5,SENS_HETERO,20260202,100,common_disjoint_idle,141000000000000.0,21.5,10000.0,600.0,0.42,heterogeneous_moderate,2.0,0.0,0.1,disjoint_weighted,92f48580102b8a79,c701f61a4f997fe6,a962a2cae6a146b5,False,False,results/thesis_revision_v43/stage_05b2/raw/S5B2-01231.summary.json,PLANNED
S5B2-01232,C2,C2,,H5,SENS_HETERO,20260203,100,common_disjoint_idle,141000000000000.0,21.5,10000.0,600.0,0.42,heterogeneous_moderate,2.0,0.0,0.1,disjoint_weighted,e57010786c7447f4,56c613ad1a6f6243,a962a2cae6a146b5,False,False,results/thesis_revision_v43/stage_05b2/raw/S5B2-01232.summary.json,PLANNED
S5B2-01233,C2,C2,,H5,SENS_HETERO,20260204,100,common_disjoint_idle,141000000000000.0,21.5,10000.0,600.0,0.42,heterogeneous_moderate,2.0,0.0,0.1,disjoint_weighted,b7e84d89cf450503,167e779e7e64509a,a962a2cae6a146b5,False,False,results/thesis_revision_v43/stage_05b2/raw/S5B2-01233.summary.json,PLANNED
S5B2-01234,C2,C2,,H5,SENS_HETERO,20260205,100,common_disjoint_idle,141000000000000.0,21.5,10000.0,600.0,0.42,heterogeneous_moderate,2.0,0.0,0.1,disjoint_weighted,3382b1e2f56477b4,1235b319cd6ea164,a962a2cae6a146b5,False,False,results/thesis_revision_v43/stage_05b2/raw/S5B2-01234.summary.json,PLANNED
S5B2-01235,C2,C2,,H5,SENS_HETERO,20260206,100,common_disjoint_idle,141000000000000.0,21.5,10000.0,600.0,0.42,heterogeneous_moderate,2.0,0.0,0.1,disjoint_weighted,62479ac1a9fc4a18,41c1df5a4702c37b,a962a2cae6a146b5,False,False,results/thesis_revision_v43/stage_05b2/raw/S5B2-01235.summary.json,PLANNED
S5B2-01236,C2,C2,,H5,SENS_HETERO,20260207,100,common_disjoint_idle,141000000000000.0,21.5,10000.0,600.0,0.42,heterogeneous_moderate,2.0,0.0,0.1,disjoint_weighted,7fcce1b0f84a88d5,35572734ce7a2488,a962a2cae6a146b5,False,False,results/thesis_revision_v43/stage_05b2/raw/S5B2-01236.summary.json,PLANNED
S5B2-01237,C2,C2,,H5,SENS_HETERO,20260208,100,common_disjoint_idle,141000000000000.0,21.5,10000.0,600.0,0.42,heterogeneous_moderate,2.0,0.0,0.1,disjoint_weighted,9eaa5b66bc6aafec,5f9bc300c63cac92,a962a2cae6a146b5,False,False,results/thesis_revision_v43/stage_05b2/raw/S5B2-01237.summary.json,PLANNED
S5B2-01238,C2,C2,,H5,SENS_HETERO,20260209,100,common_disjoint_idle,141000000000000.0,21.5,10000.0,600.0,0.42,heterogeneous_moderate,2.0,0.0,0.1,disjoint_weighted,2242b092aa69ad1f,0e127954d8b9b622,a962a2cae6a146b5,False,False,results/thesis_revision_v43/stage_05b2/raw/S5B2-01238.summary.json,PLANNED
S5B2-01239,C2,C2,,H5,SENS_HETERO,20260210,100,common_disjoint_idle,141000000000000.0,21.5,10000.0,600.0,0.42,heterogeneous_moderate,2.0,0.0,0.1,disjoint_weighted,a78067381401a7da,bbe181d03b043236,a962a2cae6a146b5,False,False,results/thesis_revision_v43/stage_05b2/raw/S5B2-01239.summary.json,PLANNED
S5B2-01240,C2,C2,,H5,SENS_HETERO,20260211,100,common_disjoint_idle,141000000000000.0,21.5,10000.0,600.0,0.42,heterogeneous_moderate,2.0,0.0,0.1,disjoint_weighted,d1e42dcbc6d22da3,c4f621077eaa754b,a962a2cae6a146b5,False,False,results/thesis_revision_v43/stage_05b2/raw/S5B2-01240.summary.json,PLANNED
S5B2-01241,C2,C2,,H5,SENS_HETERO,20260212,100,common_disjoint_idle,141000000000000.0,21.5,10000.0,600.0,0.42,heterogeneous_moderate,2.0,0.0,0.1,disjoint_weighted,4619950576e1e68c,ef564e9ed25e82fd,a962a2cae6a146b5,False,False,results/thesis_revision_v43/stage_05b2/raw/S5B2-01241.summary.json,PLANNED
S5B2-01242,C2,C2,,H5,SENS_HETERO,20260213,100,common_disjoint_idle,141000000000000.0,21.5,10000.0,600.0,0.42,heterogeneous_moderate,2.0,0.0,0.1,disjoint_weighted,0f770f9d454cc245,d57f8bcad94b4cb4,a962a2cae6a146b5,False,False,results/thesis_revision_v43/stage_05b2/raw/S5B2-01242.summary.json,PLANNED
S5B2-01243,C2,C2,,H5,SENS_HETERO,20260214,100,common_disjoint_idle,141000000000000.0,21.5,10000.0,600.0,0.42,heterogeneous_moderate,2.0,0.0,0.1,disjoint_weighted,a6977b39e5aeef9a,b7134ee0082d76a5,a962a2cae6a146b5,False,False,results/thesis_revision_v43/stage_05b2/raw/S5B2-01243.summary.json,PLANNED
S5B2-01244,C2,C2,,H5,SENS_HETERO,20260215,100,common_disjoint_idle,141000000000000.0,21.5,10000.0,600.0,0.42,heterogeneous_moderate,2.0,0.0,0.1,disjoint_weighted,505c27cfbe858fb1,e88bff935173e880,a962a2cae6a146b5,False,False,results/thesis_revision_v43/stage_05b2/raw/S5B2-01244.summary.json,PLANNED
S5B2-01245,C2,C2,,H5,SENS_HETERO,20260216,100,common_disjoint_idle,141000000000000.0,21.5,10000.0,600.0,0.42,heterogeneous_moderate,2.0,0.0,0.1,disjoint_weighted,378582cda3ae90cf,d77d8cee41ff6b30,a962a2cae6a146b5,False,False,results/thesis_revision_v43/stage_05b2/raw/S5B2-01245.summary.json,PLANNED
S5B2-01246,C2,C2,,H5,SENS_HETERO,20260217,100,common_disjoint_idle,141000000000000.0,21.5,10000.0,600.0,0.42,heterogeneous_moderate,2.0,0.0,0.1,disjoint_weighted,c963e859b6bb5794,6f789b99d30be243,a962a2cae6a146b5,False,False,results/thesis_revision_v43/stage_05b2/raw/S5B2-01246.summary.json,PLANNED
S5B2-01247,C2,C2,,H5,SENS_HETERO,20260218,100,common_disjoint_idle,141000000000000.0,21.5,10000.0,600.0,0.42,heterogeneous_moderate,2.0,0.0,0.1,disjoint_weighted,c20e962633c4ec7a,c8e8abca20a7e17b,a962a2cae6a146b5,False,False,results/thesis_revision_v43/stage_05b2/raw/S5B2-01247.summary.json,PLANNED
S5B2-01248,C2,C2,,H5,SENS_HETERO,20260219,100,common_disjoint_idle,141000000000000.0,21.5,10000.0,600.0,0.42,heterogeneous_moderate,2.0,0.0,0.1,disjoint_weighted,3ad94c2e87d1ce51,fae5accc807a6c79,a962a2cae6a146b5,False,False,results/thesis_revision_v43/stage_05b2/raw/S5B2-01248.summary.json,PLANNED
S5B2-01249,C2,C2,,H5,SENS_HETERO,20260220,100,common_disjoint_idle,141000000000000.0,21.5,10000.0,600.0,0.42,heterogeneous_moderate,2.0,0.0,0.1,disjoint_weighted,9d8dfa61fd57602d,b443b160223d89a2,a962a2cae6a146b5,False,False,results/thesis_revision_v43/stage_05b2/raw/S5B2-01249.summary.json,PLANNED
S5B2-01250,C2,C2,,H5,SENS_HETERO,20260221,100,common_disjoint_idle,141000000000000.0,21.5,10000.0,600.0,0.42,heterogeneous_moderate,2.0,0.0,0.1,disjoint_weighted,d95f341b2ef2a6da,8989f39f1bfae31d,a962a2cae6a146b5,False,False,results/thesis_revision_v43/stage_05b2/raw/S5B2-01250.summary.json,PLANNED
S5B2-01251,C2,C2,,H5,SENS_HETERO,20260222,100,common_disjoint_idle,141000000000000.0,21.5,10000.0,600.0,0.42,heterogeneous_moderate,2.0,0.0,0.1,disjoint_weighted,ee0d4693f0fefe9f,f09e21c3b0306c5d,a962a2cae6a146b5,False,False,results/thesis_revision_v43/stage_05b2/raw/S5B2-01251.summary.json,PLANNED
S5B2-01252,C2,C2,,H5,SENS_HETERO,20260223,100,common_disjoint_idle,141000000000000.0,21.5,10000.0,600.0,0.42,heterogeneous_moderate,2.0,0.0,0.1,disjoint_weighted,f8041dec9fddfb2a,17686cac758eb79f,a962a2cae6a146b5,False,False,results/thesis_revision_v43/stage_05b2/raw/S5B2-01252.summary.json,PLANNED
S5B2-01253,C2,C2,,H5,SENS_HETERO,20260224,100,common_disjoint_idle,141000000000000.0,21.5,10000.0,600.0,0.42,heterogeneous_moderate,2.0,0.0,0.1,disjoint_weighted,cbb972e8581b4a8a,392ede3793b3bb81,a962a2cae6a146b5,False,False,results/thesis_revision_v43/stage_05b2/raw/S5B2-01253.summary.json,PLANNED
S5B2-01254,C2,C2,,H5,SENS_HETERO,20260225,100,common_disjoint_idle,141000000000000.0,21.5,10000.0,600.0,0.42,heterogeneous_moderate,2.0,0.0,0.1,disjoint_weighted,625e58fec01937fc,f519ea341d68d74f,a962a2cae6a146b5,False,False,results/thesis_revision_v43/stage_05b2/raw/S5B2-01254.summary.json,PLANNED
S5B2-01255,C2,C2,,H5,SENS_HETERO,20260226,100,common_disjoint_idle,141000000000000.0,21.5,10000.0,600.0,0.42,heterogeneous_moderate,2.0,0.0,0.1,disjoint_weighted,c63a38a78283b294,79322ab6ea6c19b8,a962a2cae6a146b5,False,False,results/thesis_revision_v43/stage_05b2/raw/S5B2-01255.summary.json,PLANNED
S5B2-01256,C2,C2,,H5,SENS_HETERO,20260227,100,common_disjoint_idle,141000000000000.0,21.5,10000.0,600.0,0.42,heterogeneous_moderate,2.0,0.0,0.1,disjoint_weighted,75dbdd11df56f210,2b4f1f1d9792dcb3,a962a2cae6a146b5,False,False,results/thesis_revision_v43/stage_05b2/raw/S5B2-01256.summary.json,PLANNED
S5B2-01257,C2,C2,,H5,SENS_HETERO,20260228,100,common_disjoint_idle,141000000000000.0,21.5,10000.0,600.0,0.42,heterogeneous_moderate,2.0,0.0,0.1,disjoint_weighted,f9d727df9cb88519,aa6934b77327620c,a962a2cae6a146b5,False,False,results/thesis_revision_v43/stage_05b2/raw/S5B2-01257.summary.json,PLANNED
S5B2-01258,C2,C2,,H5,SENS_HETERO,20260229,100,common_disjoint_idle,141000000000000.0,21.5,10000.0,600.0,0.42,heterogeneous_moderate,2.0,0.0,0.1,disjoint_weighted,a0f89566b52ebfda,809c9f7b28bb2a62,a962a2cae6a146b5,False,False,results/thesis_revision_v43/stage_05b2/raw/S5B2-01258.summary.json,PLANNED
S5B2-01259,C2,C2,,H5,SENS_HETERO,20260230,100,common_disjoint_idle,141000000000000.0,21.5,10000.0,600.0,0.42,heterogeneous_moderate,2.0,0.0,0.1,disjoint_weighted,ce0eeee09ff45546,1ec4d735969bb15b,a962a2cae6a146b5,False,False,results/thesis_revision_v43/stage_05b2/raw/S5B2-01259.summary.json,PLANNED
S5B2-01260,C2,C2,,H5,SENS_HETERO,20260201,500,common_disjoint_idle,141000000000000.0,21.5,10000.0,600.0,0.42,heterogeneous_moderate,2.0,0.0,0.1,disjoint_weighted,eff6036308a0bfd9,066e0180b0b82149,75f732c7ee2420a5,False,False,results/thesis_revision_v43/stage_05b2/raw/S5B2-01260.summary.json,PLANNED
S5B2-01261,C2,C2,,H5,SENS_HETERO,20260202,500,common_disjoint_idle,141000000000000.0,21.5,10000.0,600.0,0.42,heterogeneous_moderate,2.0,0.0,0.1,disjoint_weighted,8642f4409acc09d4,40b309ef3c1fc392,75f732c7ee2420a5,False,False,results/thesis_revision_v43/stage_05b2/raw/S5B2-01261.summary.json,PLANNED
S5B2-01262,C2,C2,,H5,SENS_HETERO,20260203,500,common_disjoint_idle,141000000000000.0,21.5,10000.0,600.0,0.42,heterogeneous_moderate,2.0,0.0,0.1,disjoint_weighted,ffa9d2c76781c8a9,75030f396ce2838a,75f732c7ee2420a5,False,False,results/thesis_revision_v43/stage_05b2/raw/S5B2-01262.summary.json,PLANNED
S5B2-01263,C2,C2,,H5,SENS_HETERO,20260204,500,common_disjoint_idle,141000000000000.0,21.5,10000.0,600.0,0.42,heterogeneous_moderate,2.0,0.0,0.1,disjoint_weighted,94ffeecfe4eb73a2,aa35ec953168bc53,75f732c7ee2420a5,False,False,results/thesis_revision_v43/stage_05b2/raw/S5B2-01263.summary.json,PLANNED
S5B2-01264,C2,C2,,H5,SENS_HETERO,20260205,500,common_disjoint_idle,141000000000000.0,21.5,10000.0,600.0,0.42,heterogeneous_moderate,2.0,0.0,0.1,disjoint_weighted,ae50e53036c0ad2a,cf2a49d73ac014da,75f732c7ee2420a5,False,False,results/thesis_revision_v43/stage_05b2/raw/S5B2-01264.summary.json,PLANNED
S5B2-01265,C2,C2,,H5,SENS_HETERO,20260206,500,common_disjoint_idle,141000000000000.0,21.5,10000.0,600.0,0.42,heterogeneous_moderate,2.0,0.0,0.1,disjoint_weighted,bf8203846498a796,0036006b74684e3d,75f732c7ee2420a5,False,False,results/thesis_revision_v43/stage_05b2/raw/S5B2-01265.summary.json,PLANNED
S5B2-01266,C2,C2,,H5,SENS_HETERO,20260207,500,common_disjoint_idle,141000000000000.0,21.5,10000.0,600.0,0.42,heterogeneous_moderate,2.0,0.0,0.1,disjoint_weighted,9280b0914170f5d5,b56c5902f19cd3bf,75f732c7ee2420a5,False,False,results/thesis_revision_v43/stage_05b2/raw/S5B2-01266.summary.json,PLANNED
S5B2-01267,C2,C2,,H5,SENS_HETERO,20260208,500,common_disjoint_idle,141000000000000.0,21.5,10000.0,600.0,0.42,heterogeneous_moderate,2.0,0.0,0.1,disjoint_weighted,a63ad92ea8880b75,3863fa461f170001,75f732c7ee2420a5,False,False,results/thesis_revision_v43/stage_05b2/raw/S5B2-01267.summary.json,PLANNED
S5B2-01268,C2,C2,,H5,SENS_HETERO,20260209,500,common_disjoint_idle,141000000000000.0,21.5,10000.0,600.0,0.42,heterogeneous_moderate,2.0,0.0,0.1,disjoint_weighted,54b17ca0b0b36b58,ef178c5225e8ffc7,75f732c7ee2420a5,False,False,results/thesis_revision_v43/stage_05b2/raw/S5B2-01268.summary.json,PLANNED
S5B2-01269,C2,C2,,H5,SENS_HETERO,20260210,500,common_disjoint_idle,141000000000000.0,21.5,10000.0,600.0,0.42,heterogeneous_moderate,2.0,0.0,0.1,disjoint_weighted,de4f03ed9f2ce872,a3bdda373a7a6606,75f732c7ee2420a5,False,False,results/thesis_revision_v43/stage_05b2/raw/S5B2-01269.summary.json,PLANNED
S5B2-01270,C2,C2,,H5,SENS_HETERO,20260211,500,common_disjoint_idle,141000000000000.0,21.5,10000.0,600.0,0.42,heterogeneous_moderate,2.0,0.0,0.1,disjoint_weighted,27870fd74a773fbb,3e504b7708edf0f4,75f732c7ee2420a5,False,False,results/thesis_revision_v43/stage_05b2/raw/S5B2-01270.summary.json,PLANNED
S5B2-01271,C2,C2,,H5,SENS_HETERO,20260212,500,common_disjoint_idle,141000000000000.0,21.5,10000.0,600.0,0.42,heterogeneous_moderate,2.0,0.0,0.1,disjoint_weighted,e7eb6dd4874467dc,84f17b3582c33093,75f732c7ee2420a5,False,False,results/thesis_revision_v43/stage_05b2/raw/S5B2-01271.summary.json,PLANNED
S5B2-01272,C2,C2,,H5,SENS_HETERO,20260213,500,common_disjoint_idle,141000000000000.0,21.5,10000.0,600.0,0.42,heterogeneous_moderate,2.0,0.0,0.1,disjoint_weighted,872cd150a122d324,c67278c5dd58bc30,75f732c7ee2420a5,False,False,results/thesis_revision_v43/stage_05b2/raw/S5B2-01272.summary.json,PLANNED
S5B2-01273,C2,C2,,H5,SENS_HETERO,20260214,500,common_disjoint_idle,141000000000000.0,21.5,10000.0,600.0,0.42,heterogeneous_moderate,2.0,0.0,0.1,disjoint_weighted,04fac44afe6f9578,ceaeaece012f1ff7,75f732c7ee2420a5,False,False,results/thesis_revision_v43/stage_05b2/raw/S5B2-01273.summary.json,PLANNED
S5B2-01274,C2,C2,,H5,SENS_HETERO,20260215,500,common_disjoint_idle,141000000000000.0,21.5,10000.0,600.0,0.42,heterogeneous_moderate,2.0,0.0,0.1,disjoint_weighted,baae1decda88b507,1c977f9a4c7be27d,75f732c7ee2420a5,False,False,results/thesis_revision_v43/stage_05b2/raw/S5B2-01274.summary.json,PLANNED
S5B2-01275,C2,C2,,H5,SENS_HETERO,20260216,500,common_disjoint_idle,141000000000000.0,21.5,10000.0,600.0,0.42,heterogeneous_moderate,2.0,0.0,0.1,disjoint_weighted,ad16c3fd685ac80c,a26c4bbc7d5ce255,75f732c7ee2420a5,False,False,results/thesis_revision_v43/stage_05b2/raw/S5B2-01275.summary.json,PLANNED
S5B2-01276,C2,C2,,H5,SENS_HETERO,20260217,500,common_disjoint_idle,141000000000000.0,21.5,10000.0,600.0,0.42,heterogeneous_moderate,2.0,0.0,0.1,disjoint_weighted,6ab971d97d1d298c,436027527ba29927,75f732c7ee2420a5,False,False,results/thesis_revision_v43/stage_05b2/raw/S5B2-01276.summary.json,PLANNED
S5B2-01277,C2,C2,,H5,SENS_HETERO,20260218,500,common_disjoint_idle,141000000000000.0,21.5,10000.0,600.0,0.42,heterogeneous_moderate,2.0,0.0,0.1,disjoint_weighted,e631b9008c3e4373,b18a62336c5e5915,75f732c7ee2420a5,False,False,results/thesis_revision_v43/stage_05b2/raw/S5B2-01277.summary.json,PLANNED
S5B2-01278,C2,C2,,H5,SENS_HETERO,20260219,500,common_disjoint_idle,141000000000000.0,21.5,10000.0,600.0,0.42,heterogeneous_moderate,2.0,0.0,0.1,disjoint_weighted,ce3c7debd3ce60da,8ac0b3a8533c8db4,75f732c7ee2420a5,False,False,results/thesis_revision_v43/stage_05b2/raw/S5B2-01278.summary.json,PLANNED
S5B2-01279,C2,C2,,H5,SENS_HETERO,20260220,500,common_disjoint_idle,141000000000000.0,21.5,10000.0,600.0,0.42,heterogeneous_moderate,2.0,0.0,0.1,disjoint_weighted,3d772544b5faf9fb,5d8a49e943b82583,75f732c7ee2420a5,False,False,results/thesis_revision_v43/stage_05b2/raw/S5B2-01279.summary.json,PLANNED
S5B2-01280,C2,C2,,H5,SENS_HETERO,20260221,500,common_disjoint_idle,141000000000000.0,21.5,10000.0,600.0,0.42,heterogeneous_moderate,2.0,0.0,0.1,disjoint_weighted,2e090fdceb713928,5859fb550ef81d32,75f732c7ee2420a5,False,False,results/thesis_revision_v43/stage_05b2/raw/S5B2-01280.summary.json,PLANNED
S5B2-01281,C2,C2,,H5,SENS_HETERO,20260222,500,common_disjoint_idle,141000000000000.0,21.5,10000.0,600.0,0.42,heterogeneous_moderate,2.0,0.0,0.1,disjoint_weighted,cafbadf2f2c3adf9,189e24853ded1aa9,75f732c7ee2420a5,False,False,results/thesis_revision_v43/stage_05b2/raw/S5B2-01281.summary.json,PLANNED
S5B2-01282,C2,C2,,H5,SENS_HETERO,20260223,500,common_disjoint_idle,141000000000000.0,21.5,10000.0,600.0,0.42,heterogeneous_moderate,2.0,0.0,0.1,disjoint_weighted,93dfaf72bece06fd,d85b5ed118adcc2e,75f732c7ee2420a5,False,False,results/thesis_revision_v43/stage_05b2/raw/S5B2-01282.summary.json,PLANNED
S5B2-01283,C2,C2,,H5,SENS_HETERO,20260224,500,common_disjoint_idle,141000000000000.0,21.5,10000.0,600.0,0.42,heterogeneous_moderate,2.0,0.0,0.1,disjoint_weighted,f42e20709a188edc,5f897053f6764aea,75f732c7ee2420a5,False,False,results/thesis_revision_v43/stage_05b2/raw/S5B2-01283.summary.json,PLANNED
S5B2-01284,C2,C2,,H5,SENS_HETERO,20260225,500,common_disjoint_idle,141000000000000.0,21.5,10000.0,600.0,0.42,heterogeneous_moderate,2.0,0.0,0.1,disjoint_weighted,8b5861a82f582d63,409bfed341977088,75f732c7ee2420a5,False,False,results/thesis_revision_v43/stage_05b2/raw/S5B2-01284.summary.json,PLANNED
S5B2-01285,C2,C2,,H5,SENS_HETERO,20260226,500,common_disjoint_idle,141000000000000.0,21.5,10000.0,600.0,0.42,heterogeneous_moderate,2.0,0.0,0.1,disjoint_weighted,6169049b01cf8aad,5644a01fe3acc409,75f732c7ee2420a5,False,False,results/thesis_revision_v43/stage_05b2/raw/S5B2-01285.summary.json,PLANNED
S5B2-01286,C2,C2,,H5,SENS_HETERO,20260227,500,common_disjoint_idle,141000000000000.0,21.5,10000.0,600.0,0.42,heterogeneous_moderate,2.0,0.0,0.1,disjoint_weighted,a1bfdefaa6954b7d,d295637214b27312,75f732c7ee2420a5,False,False,results/thesis_revision_v43/stage_05b2/raw/S5B2-01286.summary.json,PLANNED
S5B2-01287,C2,C2,,H5,SENS_HETERO,20260228,500,common_disjoint_idle,141000000000000.0,21.5,10000.0,600.0,0.42,heterogeneous_moderate,2.0,0.0,0.1,disjoint_weighted,f89759cb75697611,19e1678e93cf7a52,75f732c7ee2420a5,False,False,results/thesis_revision_v43/stage_05b2/raw/S5B2-01287.summary.json,PLANNED
S5B2-01288,C2,C2,,H5,SENS_HETERO,20260229,500,common_disjoint_idle,141000000000000.0,21.5,10000.0,600.0,0.42,heterogeneous_moderate,2.0,0.0,0.1,disjoint_weighted,7264637f217c1991,5b4e5d102db785fc,75f732c7ee2420a5,False,False,results/thesis_revision_v43/stage_05b2/raw/S5B2-01288.summary.json,PLANNED
S5B2-01289,C2,C2,,H5,SENS_HETERO,20260230,500,common_disjoint_idle,141000000000000.0,21.5,10000.0,600.0,0.42,heterogeneous_moderate,2.0,0.0,0.1,disjoint_weighted,2fc002e1f9fa940d,d42d2c575371707c,75f732c7ee2420a5,False,False,results/thesis_revision_v43/stage_05b2/raw/S5B2-01289.summary.json,PLANNED
S5B2-01290,B3_C1_CONTINUOUS_DISJOINT,B3;C1,H8,H8,SENS_MU,20260201,100,common_disjoint_continuous,141000000000000.0,21.5,10000.0,600.0,0.42,homogeneous,0.5,0.0,0.0,disjoint_equal,6292f55659291d7b,5101dcf7ea32eb77,9bc4a047dff63e77,False,False,results/thesis_revision_v43/stage_05b2/raw/S5B2-01290.summary.json,PLANNED
S5B2-01291,B3_C1_CONTINUOUS_DISJOINT,B3;C1,H8,H8,SENS_MU,20260202,100,common_disjoint_continuous,141000000000000.0,21.5,10000.0,600.0,0.42,homogeneous,0.5,0.0,0.0,disjoint_equal,ae34dfc473e8ed45,2e2dbc9599deda5f,9bc4a047dff63e77,False,False,results/thesis_revision_v43/stage_05b2/raw/S5B2-01291.summary.json,PLANNED
S5B2-01292,B3_C1_CONTINUOUS_DISJOINT,B3;C1,H8,H8,SENS_MU,20260203,100,common_disjoint_continuous,141000000000000.0,21.5,10000.0,600.0,0.42,homogeneous,0.5,0.0,0.0,disjoint_equal,0aaa6b39dda986c7,b8fe2151afa0c605,9bc4a047dff63e77,False,False,results/thesis_revision_v43/stage_05b2/raw/S5B2-01292.summary.json,PLANNED
S5B2-01293,B3_C1_CONTINUOUS_DISJOINT,B3;C1,H8,H8,SENS_MU,20260204,100,common_disjoint_continuous,141000000000000.0,21.5,10000.0,600.0,0.42,homogeneous,0.5,0.0,0.0,disjoint_equal,2b7e778d1b250bb7,fd922886e1cebc95,9bc4a047dff63e77,False,False,results/thesis_revision_v43/stage_05b2/raw/S5B2-01293.summary.json,PLANNED
S5B2-01294,B3_C1_CONTINUOUS_DISJOINT,B3;C1,H8,H8,SENS_MU,20260205,100,common_disjoint_continuous,141000000000000.0,21.5,10000.0,600.0,0.42,homogeneous,0.5,0.0,0.0,disjoint_equal,69f19df2d8305e0d,8c3ecd71694fadba,9bc4a047dff63e77,False,False,results/thesis_revision_v43/stage_05b2/raw/S5B2-01294.summary.json,PLANNED
S5B2-01295,B3_C1_CONTINUOUS_DISJOINT,B3;C1,H8,H8,SENS_MU,20260206,100,common_disjoint_continuous,141000000000000.0,21.5,10000.0,600.0,0.42,homogeneous,0.5,0.0,0.0,disjoint_equal,e9e7b0ea7688a2b7,95731408a666d5cd,9bc4a047dff63e77,False,False,results/thesis_revision_v43/stage_05b2/raw/S5B2-01295.summary.json,PLANNED
S5B2-01296,B3_C1_CONTINUOUS_DISJOINT,B3;C1,H8,H8,SENS_MU,20260207,100,common_disjoint_continuous,141000000000000.0,21.5,10000.0,600.0,0.42,homogeneous,0.5,0.0,0.0,disjoint_equal,0cc034098f796589,320aa5d9b2f77052,9bc4a047dff63e77,False,False,results/thesis_revision_v43/stage_05b2/raw/S5B2-01296.summary.json,PLANNED
S5B2-01297,B3_C1_CONTINUOUS_DISJOINT,B3;C1,H8,H8,SENS_MU,20260208,100,common_disjoint_continuous,141000000000000.0,21.5,10000.0,600.0,0.42,homogeneous,0.5,0.0,0.0,disjoint_equal,9e8b5e1e250ac091,5a93997174b96f43,9bc4a047dff63e77,False,False,results/thesis_revision_v43/stage_05b2/raw/S5B2-01297.summary.json,PLANNED
S5B2-01298,B3_C1_CONTINUOUS_DISJOINT,B3;C1,H8,H8,SENS_MU,20260209,100,common_disjoint_continuous,141000000000000.0,21.5,10000.0,600.0,0.42,homogeneous,0.5,0.0,0.0,disjoint_equal,02cb54aa0152763a,e6f6084b75b49a55,9bc4a047dff63e77,False,False,results/thesis_revision_v43/stage_05b2/raw/S5B2-01298.summary.json,PLANNED
S5B2-01299,B3_C1_CONTINUOUS_DISJOINT,B3;C1,H8,H8,SENS_MU,20260210,100,common_disjoint_continuous,141000000000000.0,21.5,10000.0,600.0,0.42,homogeneous,0.5,0.0,0.0,disjoint_equal,447b85b1dcc020eb,d5894e49ac2bf73c,9bc4a047dff63e77,False,False,results/thesis_revision_v43/stage_05b2/raw/S5B2-01299.summary.json,PLANNED
S5B2-01300,B3_C1_CONTINUOUS_DISJOINT,B3;C1,H8,H8,SENS_MU,20260211,100,common_disjoint_continuous,141000000000000.0,21.5,10000.0,600.0,0.42,homogeneous,0.5,0.0,0.0,disjoint_equal,26b8bebf96bb56ce,5547162b19e448ec,9bc4a047dff63e77,False,True,results/thesis_revision_v43/stage_05b2/raw/S5B2-01300.summary.json,PLANNED
S5B2-01301,B3_C1_CONTINUOUS_DISJOINT,B3;C1,H8,H8,SENS_MU,20260212,100,common_disjoint_continuous,141000000000000.0,21.5,10000.0,600.0,0.42,homogeneous,0.5,0.0,0.0,disjoint_equal,9497c336b68055c1,0bffba1a41efcb56,9bc4a047dff63e77,False,False,results/thesis_revision_v43/stage_05b2/raw/S5B2-01301.summary.json,PLANNED
S5B2-01302,B3_C1_CONTINUOUS_DISJOINT,B3;C1,H8,H8,SENS_MU,20260213,100,common_disjoint_continuous,141000000000000.0,21.5,10000.0,600.0,0.42,homogeneous,0.5,0.0,0.0,disjoint_equal,0407bc76e561e775,e731091a6508c3d2,9bc4a047dff63e77,False,False,results/thesis_revision_v43/stage_05b2/raw/S5B2-01302.summary.json,PLANNED
S5B2-01303,B3_C1_CONTINUOUS_DISJOINT,B3;C1,H8,H8,SENS_MU,20260214,100,common_disjoint_continuous,141000000000000.0,21.5,10000.0,600.0,0.42,homogeneous,0.5,0.0,0.0,disjoint_equal,95c46eb2dd92b52a,d6dc336c66eb2298,9bc4a047dff63e77,False,False,results/thesis_revision_v43/stage_05b2/raw/S5B2-01303.summary.json,PLANNED
S5B2-01304,B3_C1_CONTINUOUS_DISJOINT,B3;C1,H8,H8,SENS_MU,20260215,100,common_disjoint_continuous,141000000000000.0,21.5,10000.0,600.0,0.42,homogeneous,0.5,0.0,0.0,disjoint_equal,46e6259a21e1a3ca,d96d33c99460eaf4,9bc4a047dff63e77,False,False,results/thesis_revision_v43/stage_05b2/raw/S5B2-01304.summary.json,PLANNED
S5B2-01305,B3_C1_CONTINUOUS_DISJOINT,B3;C1,H8,H8,SENS_MU,20260216,100,common_disjoint_continuous,141000000000000.0,21.5,10000.0,600.0,0.42,homogeneous,0.5,0.0,0.0,disjoint_equal,14889f00c93c9f74,336869590f00d0cb,9bc4a047dff63e77,False,False,results/thesis_revision_v43/stage_05b2/raw/S5B2-01305.summary.json,PLANNED
S5B2-01306,B3_C1_CONTINUOUS_DISJOINT,B3;C1,H8,H8,SENS_MU,20260217,100,common_disjoint_continuous,141000000000000.0,21.5,10000.0,600.0,0.42,homogeneous,0.5,0.0,0.0,disjoint_equal,6a385ca784a1e3cc,e3c366aea737b073,9bc4a047dff63e77,False,False,results/thesis_revision_v43/stage_05b2/raw/S5B2-01306.summary.json,PLANNED
S5B2-01307,B3_C1_CONTINUOUS_DISJOINT,B3;C1,H8,H8,SENS_MU,20260218,100,common_disjoint_continuous,141000000000000.0,21.5,10000.0,600.0,0.42,homogeneous,0.5,0.0,0.0,disjoint_equal,6efe8329b742776d,ddb97b7f101c9357,9bc4a047dff63e77,False,False,results/thesis_revision_v43/stage_05b2/raw/S5B2-01307.summary.json,PLANNED
S5B2-01308,B3_C1_CONTINUOUS_DISJOINT,B3;C1,H8,H8,SENS_MU,20260219,100,common_disjoint_continuous,141000000000000.0,21.5,10000.0,600.0,0.42,homogeneous,0.5,0.0,0.0,disjoint_equal,e7e536593e816870,145854717739235a,9bc4a047dff63e77,False,False,results/thesis_revision_v43/stage_05b2/raw/S5B2-01308.summary.json,PLANNED
S5B2-01309,B3_C1_CONTINUOUS_DISJOINT,B3;C1,H8,H8,SENS_MU,20260220,100,common_disjoint_continuous,141000000000000.0,21.5,10000.0,600.0,0.42,homogeneous,0.5,0.0,0.0,disjoint_equal,20cd7fc2d9ee3db3,df0d08748f21e333,9bc4a047dff63e77,False,False,results/thesis_revision_v43/stage_05b2/raw/S5B2-01309.summary.json,PLANNED
S5B2-01310,B3_C1_CONTINUOUS_DISJOINT,B3;C1,H8,H8,SENS_MU,20260221,100,common_disjoint_continuous,141000000000000.0,21.5,10000.0,600.0,0.42,homogeneous,0.5,0.0,0.0,disjoint_equal,f80ee24566e9941f,ac59bb0095a6187d,9bc4a047dff63e77,False,False,results/thesis_revision_v43/stage_05b2/raw/S5B2-01310.summary.json,PLANNED
S5B2-01311,B3_C1_CONTINUOUS_DISJOINT,B3;C1,H8,H8,SENS_MU,20260222,100,common_disjoint_continuous,141000000000000.0,21.5,10000.0,600.0,0.42,homogeneous,0.5,0.0,0.0,disjoint_equal,51cc37a3d7ae19d0,fc724193777bccda,9bc4a047dff63e77,False,False,results/thesis_revision_v43/stage_05b2/raw/S5B2-01311.summary.json,PLANNED
S5B2-01312,B3_C1_CONTINUOUS_DISJOINT,B3;C1,H8,H8,SENS_MU,20260223,100,common_disjoint_continuous,141000000000000.0,21.5,10000.0,600.0,0.42,homogeneous,0.5,0.0,0.0,disjoint_equal,4cdc764710293640,63ad7af99f54c075,9bc4a047dff63e77,False,False,results/thesis_revision_v43/stage_05b2/raw/S5B2-01312.summary.json,PLANNED
S5B2-01313,B3_C1_CONTINUOUS_DISJOINT,B3;C1,H8,H8,SENS_MU,20260224,100,common_disjoint_continuous,141000000000000.0,21.5,10000.0,600.0,0.42,homogeneous,0.5,0.0,0.0,disjoint_equal,434bfb9b80631c2e,1c0aa1541c7e3e35,9bc4a047dff63e77,False,False,results/thesis_revision_v43/stage_05b2/raw/S5B2-01313.summary.json,PLANNED
S5B2-01314,B3_C1_CONTINUOUS_DISJOINT,B3;C1,H8,H8,SENS_MU,20260225,100,common_disjoint_continuous,141000000000000.0,21.5,10000.0,600.0,0.42,homogeneous,0.5,0.0,0.0,disjoint_equal,f50e5d10a245db04,838bc12320a699f7,9bc4a047dff63e77,False,False,results/thesis_revision_v43/stage_05b2/raw/S5B2-01314.summary.json,PLANNED
S5B2-01315,B3_C1_CONTINUOUS_DISJOINT,B3;C1,H8,H8,SENS_MU,20260226,100,common_disjoint_continuous,141000000000000.0,21.5,10000.0,600.0,0.42,homogeneous,0.5,0.0,0.0,disjoint_equal,0b5cd9b7f9fd25cb,44bf8d5e01f16858,9bc4a047dff63e77,False,False,results/thesis_revision_v43/stage_05b2/raw/S5B2-01315.summary.json,PLANNED
S5B2-01316,B3_C1_CONTINUOUS_DISJOINT,B3;C1,H8,H8,SENS_MU,20260227,100,common_disjoint_continuous,141000000000000.0,21.5,10000.0,600.0,0.42,homogeneous,0.5,0.0,0.0,disjoint_equal,fc0374473043e344,ea8dd4273f332253,9bc4a047dff63e77,False,False,results/thesis_revision_v43/stage_05b2/raw/S5B2-01316.summary.json,PLANNED
S5B2-01317,B3_C1_CONTINUOUS_DISJOINT,B3;C1,H8,H8,SENS_MU,20260228,100,common_disjoint_continuous,141000000000000.0,21.5,10000.0,600.0,0.42,homogeneous,0.5,0.0,0.0,disjoint_equal,8055dddbd25dd51b,c2caec723c863ea8,9bc4a047dff63e77,False,False,results/thesis_revision_v43/stage_05b2/raw/S5B2-01317.summary.json,PLANNED
S5B2-01318,B3_C1_CONTINUOUS_DISJOINT,B3;C1,H8,H8,SENS_MU,20260229,100,common_disjoint_continuous,141000000000000.0,21.5,10000.0,600.0,0.42,homogeneous,0.5,0.0,0.0,disjoint_equal,6f15c3c1266effd0,9b2e1e28d918459f,9bc4a047dff63e77,False,False,results/thesis_revision_v43/stage_05b2/raw/S5B2-01318.summary.json,PLANNED
S5B2-01319,B3_C1_CONTINUOUS_DISJOINT,B3;C1,H8,H8,SENS_MU,20260230,100,common_disjoint_continuous,141000000000000.0,21.5,10000.0,600.0,0.42,homogeneous,0.5,0.0,0.0,disjoint_equal,e202568c703af39b,b9bb23a4a2317556,9bc4a047dff63e77,False,False,results/thesis_revision_v43/stage_05b2/raw/S5B2-01319.summary.json,PLANNED
S5B2-01320,B3_C1_CONTINUOUS_DISJOINT,B3;C1,H8,H8,SENS_MU,20260201,500,common_disjoint_continuous,141000000000000.0,21.5,10000.0,600.0,0.42,homogeneous,0.5,0.0,0.0,disjoint_equal,6d56926564534329,7e775fbad3ca07b4,b5cda1b4a3a5225c,False,False,results/thesis_revision_v43/stage_05b2/raw/S5B2-01320.summary.json,PLANNED
S5B2-01321,B3_C1_CONTINUOUS_DISJOINT,B3;C1,H8,H8,SENS_MU,20260202,500,common_disjoint_continuous,141000000000000.0,21.5,10000.0,600.0,0.42,homogeneous,0.5,0.0,0.0,disjoint_equal,ccd67e3de50854a1,ca39ccbe8098282f,b5cda1b4a3a5225c,False,False,results/thesis_revision_v43/stage_05b2/raw/S5B2-01321.summary.json,PLANNED
S5B2-01322,B3_C1_CONTINUOUS_DISJOINT,B3;C1,H8,H8,SENS_MU,20260203,500,common_disjoint_continuous,141000000000000.0,21.5,10000.0,600.0,0.42,homogeneous,0.5,0.0,0.0,disjoint_equal,f8b7ccebc052a7cd,1621dd114d491ca8,b5cda1b4a3a5225c,False,False,results/thesis_revision_v43/stage_05b2/raw/S5B2-01322.summary.json,PLANNED
S5B2-01323,B3_C1_CONTINUOUS_DISJOINT,B3;C1,H8,H8,SENS_MU,20260204,500,common_disjoint_continuous,141000000000000.0,21.5,10000.0,600.0,0.42,homogeneous,0.5,0.0,0.0,disjoint_equal,a1769b93fa775885,4076378e3cb6ae6e,b5cda1b4a3a5225c,False,False,results/thesis_revision_v43/stage_05b2/raw/S5B2-01323.summary.json,PLANNED
S5B2-01324,B3_C1_CONTINUOUS_DISJOINT,B3;C1,H8,H8,SENS_MU,20260205,500,common_disjoint_continuous,141000000000000.0,21.5,10000.0,600.0,0.42,homogeneous,0.5,0.0,0.0,disjoint_equal,99314e5482761ea6,9dd3703649d07526,b5cda1b4a3a5225c,False,False,results/thesis_revision_v43/stage_05b2/raw/S5B2-01324.summary.json,PLANNED
S5B2-01325,B3_C1_CONTINUOUS_DISJOINT,B3;C1,H8,H8,SENS_MU,20260206,500,common_disjoint_continuous,141000000000000.0,21.5,10000.0,600.0,0.42,homogeneous,0.5,0.0,0.0,disjoint_equal,94abf7975c6a6575,12e5477c08b6b8cc,b5cda1b4a3a5225c,False,False,results/thesis_revision_v43/stage_05b2/raw/S5B2-01325.summary.json,PLANNED
S5B2-01326,B3_C1_CONTINUOUS_DISJOINT,B3;C1,H8,H8,SENS_MU,20260207,500,common_disjoint_continuous,141000000000000.0,21.5,10000.0,600.0,0.42,homogeneous,0.5,0.0,0.0,disjoint_equal,aff4cba2bea0804d,cc3467b48b5fc42c,b5cda1b4a3a5225c,False,False,results/thesis_revision_v43/stage_05b2/raw/S5B2-01326.summary.json,PLANNED
S5B2-01327,B3_C1_CONTINUOUS_DISJOINT,B3;C1,H8,H8,SENS_MU,20260208,500,common_disjoint_continuous,141000000000000.0,21.5,10000.0,600.0,0.42,homogeneous,0.5,0.0,0.0,disjoint_equal,31794a007b887cde,e5c6faeb9129c03d,b5cda1b4a3a5225c,False,False,results/thesis_revision_v43/stage_05b2/raw/S5B2-01327.summary.json,PLANNED
S5B2-01328,B3_C1_CONTINUOUS_DISJOINT,B3;C1,H8,H8,SENS_MU,20260209,500,common_disjoint_continuous,141000000000000.0,21.5,10000.0,600.0,0.42,homogeneous,0.5,0.0,0.0,disjoint_equal,81b06e2978e8f1ea,134c80f9ee4af733,b5cda1b4a3a5225c,False,False,results/thesis_revision_v43/stage_05b2/raw/S5B2-01328.summary.json,PLANNED
S5B2-01329,B3_C1_CONTINUOUS_DISJOINT,B3;C1,H8,H8,SENS_MU,20260210,500,common_disjoint_continuous,141000000000000.0,21.5,10000.0,600.0,0.42,homogeneous,0.5,0.0,0.0,disjoint_equal,f35d1f84b9e52840,ca957a88e81faef1,b5cda1b4a3a5225c,False,False,results/thesis_revision_v43/stage_05b2/raw/S5B2-01329.summary.json,PLANNED
S5B2-01330,B3_C1_CONTINUOUS_DISJOINT,B3;C1,H8,H8,SENS_MU,20260211,500,common_disjoint_continuous,141000000000000.0,21.5,10000.0,600.0,0.42,homogeneous,0.5,0.0,0.0,disjoint_equal,8bca089fd00bf115,9cdb0b5d59846c8e,b5cda1b4a3a5225c,False,False,results/thesis_revision_v43/stage_05b2/raw/S5B2-01330.summary.json,PLANNED
S5B2-01331,B3_C1_CONTINUOUS_DISJOINT,B3;C1,H8,H8,SENS_MU,20260212,500,common_disjoint_continuous,141000000000000.0,21.5,10000.0,600.0,0.42,homogeneous,0.5,0.0,0.0,disjoint_equal,a354313887c5f5fa,8fc18d24706469de,b5cda1b4a3a5225c,False,False,results/thesis_revision_v43/stage_05b2/raw/S5B2-01331.summary.json,PLANNED
S5B2-01332,B3_C1_CONTINUOUS_DISJOINT,B3;C1,H8,H8,SENS_MU,20260213,500,common_disjoint_continuous,141000000000000.0,21.5,10000.0,600.0,0.42,homogeneous,0.5,0.0,0.0,disjoint_equal,07352dc2610c225e,99016631c3aae0d3,b5cda1b4a3a5225c,False,False,results/thesis_revision_v43/stage_05b2/raw/S5B2-01332.summary.json,PLANNED
S5B2-01333,B3_C1_CONTINUOUS_DISJOINT,B3;C1,H8,H8,SENS_MU,20260214,500,common_disjoint_continuous,141000000000000.0,21.5,10000.0,600.0,0.42,homogeneous,0.5,0.0,0.0,disjoint_equal,caa214e8db49f09c,e3ccb8667d274815,b5cda1b4a3a5225c,False,False,results/thesis_revision_v43/stage_05b2/raw/S5B2-01333.summary.json,PLANNED
S5B2-01334,B3_C1_CONTINUOUS_DISJOINT,B3;C1,H8,H8,SENS_MU,20260215,500,common_disjoint_continuous,141000000000000.0,21.5,10000.0,600.0,0.42,homogeneous,0.5,0.0,0.0,disjoint_equal,67fc0538a3548c30,9a0f8c12d159ab72,b5cda1b4a3a5225c,False,False,results/thesis_revision_v43/stage_05b2/raw/S5B2-01334.summary.json,PLANNED
S5B2-01335,B3_C1_CONTINUOUS_DISJOINT,B3;C1,H8,H8,SENS_MU,20260216,500,common_disjoint_continuous,141000000000000.0,21.5,10000.0,600.0,0.42,homogeneous,0.5,0.0,0.0,disjoint_equal,597d13fe25232d3b,7321fea01e217c9a,b5cda1b4a3a5225c,False,False,results/thesis_revision_v43/stage_05b2/raw/S5B2-01335.summary.json,PLANNED
S5B2-01336,B3_C1_CONTINUOUS_DISJOINT,B3;C1,H8,H8,SENS_MU,20260217,500,common_disjoint_continuous,141000000000000.0,21.5,10000.0,600.0,0.42,homogeneous,0.5,0.0,0.0,disjoint_equal,5f57bf04327b7244,97059a41506f82ae,b5cda1b4a3a5225c,False,False,results/thesis_revision_v43/stage_05b2/raw/S5B2-01336.summary.json,PLANNED
S5B2-01337,B3_C1_CONTINUOUS_DISJOINT,B3;C1,H8,H8,SENS_MU,20260218,500,common_disjoint_continuous,141000000000000.0,21.5,10000.0,600.0,0.42,homogeneous,0.5,0.0,0.0,disjoint_equal,f4e1c5262b66d2ae,38e0f78770fca3ca,b5cda1b4a3a5225c,False,False,results/thesis_revision_v43/stage_05b2/raw/S5B2-01337.summary.json,PLANNED
S5B2-01338,B3_C1_CONTINUOUS_DISJOINT,B3;C1,H8,H8,SENS_MU,20260219,500,common_disjoint_continuous,141000000000000.0,21.5,10000.0,600.0,0.42,homogeneous,0.5,0.0,0.0,disjoint_equal,14d3a2df594d4091,07d3a677b7c68c3b,b5cda1b4a3a5225c,False,False,results/thesis_revision_v43/stage_05b2/raw/S5B2-01338.summary.json,PLANNED
S5B2-01339,B3_C1_CONTINUOUS_DISJOINT,B3;C1,H8,H8,SENS_MU,20260220,500,common_disjoint_continuous,141000000000000.0,21.5,10000.0,600.0,0.42,homogeneous,0.5,0.0,0.0,disjoint_equal,bdca452e675c954d,1ae9ad9232f788c1,b5cda1b4a3a5225c,False,False,results/thesis_revision_v43/stage_05b2/raw/S5B2-01339.summary.json,PLANNED
S5B2-01340,B3_C1_CONTINUOUS_DISJOINT,B3;C1,H8,H8,SENS_MU,20260221,500,common_disjoint_continuous,141000000000000.0,21.5,10000.0,600.0,0.42,homogeneous,0.5,0.0,0.0,disjoint_equal,4b27e25e142a383b,11da42851f0a1809,b5cda1b4a3a5225c,False,False,results/thesis_revision_v43/stage_05b2/raw/S5B2-01340.summary.json,PLANNED
S5B2-01341,B3_C1_CONTINUOUS_DISJOINT,B3;C1,H8,H8,SENS_MU,20260222,500,common_disjoint_continuous,141000000000000.0,21.5,10000.0,600.0,0.42,homogeneous,0.5,0.0,0.0,disjoint_equal,5d8b037619a47ecf,1683abdbeb22966b,b5cda1b4a3a5225c,False,False,results/thesis_revision_v43/stage_05b2/raw/S5B2-01341.summary.json,PLANNED
S5B2-01342,B3_C1_CONTINUOUS_DISJOINT,B3;C1,H8,H8,SENS_MU,20260223,500,common_disjoint_continuous,141000000000000.0,21.5,10000.0,600.0,0.42,homogeneous,0.5,0.0,0.0,disjoint_equal,764718677511e265,14b637c793f06d3f,b5cda1b4a3a5225c,False,False,results/thesis_revision_v43/stage_05b2/raw/S5B2-01342.summary.json,PLANNED
S5B2-01343,B3_C1_CONTINUOUS_DISJOINT,B3;C1,H8,H8,SENS_MU,20260224,500,common_disjoint_continuous,141000000000000.0,21.5,10000.0,600.0,0.42,homogeneous,0.5,0.0,0.0,disjoint_equal,46c39ed7dbd3f454,f0844a94daa1ed07,b5cda1b4a3a5225c,False,False,results/thesis_revision_v43/stage_05b2/raw/S5B2-01343.summary.json,PLANNED
S5B2-01344,B3_C1_CONTINUOUS_DISJOINT,B3;C1,H8,H8,SENS_MU,20260225,500,common_disjoint_continuous,141000000000000.0,21.5,10000.0,600.0,0.42,homogeneous,0.5,0.0,0.0,disjoint_equal,e32383b3a659e822,7cf47e7df146a79c,b5cda1b4a3a5225c,False,False,results/thesis_revision_v43/stage_05b2/raw/S5B2-01344.summary.json,PLANNED
S5B2-01345,B3_C1_CONTINUOUS_DISJOINT,B3;C1,H8,H8,SENS_MU,20260226,500,common_disjoint_continuous,141000000000000.0,21.5,10000.0,600.0,0.42,homogeneous,0.5,0.0,0.0,disjoint_equal,32d3f7e47c096699,10f22cd0e73931cc,b5cda1b4a3a5225c,False,False,results/thesis_revision_v43/stage_05b2/raw/S5B2-01345.summary.json,PLANNED
S5B2-01346,B3_C1_CONTINUOUS_DISJOINT,B3;C1,H8,H8,SENS_MU,20260227,500,common_disjoint_continuous,141000000000000.0,21.5,10000.0,600.0,0.42,homogeneous,0.5,0.0,0.0,disjoint_equal,81dbecba0503b9f6,fd17731e36f1a98f,b5cda1b4a3a5225c,False,False,results/thesis_revision_v43/stage_05b2/raw/S5B2-01346.summary.json,PLANNED
S5B2-01347,B3_C1_CONTINUOUS_DISJOINT,B3;C1,H8,H8,SENS_MU,20260228,500,common_disjoint_continuous,141000000000000.0,21.5,10000.0,600.0,0.42,homogeneous,0.5,0.0,0.0,disjoint_equal,194b5203690d3b74,d1f186f4f2288d1d,b5cda1b4a3a5225c,False,False,results/thesis_revision_v43/stage_05b2/raw/S5B2-01347.summary.json,PLANNED
S5B2-01348,B3_C1_CONTINUOUS_DISJOINT,B3;C1,H8,H8,SENS_MU,20260229,500,common_disjoint_continuous,141000000000000.0,21.5,10000.0,600.0,0.42,homogeneous,0.5,0.0,0.0,disjoint_equal,7a14282796cb8541,6d9692d4db0b8562,b5cda1b4a3a5225c,False,False,results/thesis_revision_v43/stage_05b2/raw/S5B2-01348.summary.json,PLANNED
S5B2-01349,B3_C1_CONTINUOUS_DISJOINT,B3;C1,H8,H8,SENS_MU,20260230,500,common_disjoint_continuous,141000000000000.0,21.5,10000.0,600.0,0.42,homogeneous,0.5,0.0,0.0,disjoint_equal,b06bf2054ba3c4ba,32a853830cc853bc,b5cda1b4a3a5225c,False,False,results/thesis_revision_v43/stage_05b2/raw/S5B2-01349.summary.json,PLANNED
S5B2-01350,B3_C1_CONTINUOUS_DISJOINT,B3;C1,H8,H8,SENS_MU,20260201,100,common_disjoint_continuous,141000000000000.0,21.5,10000.0,600.0,0.42,homogeneous,1.0,0.0,0.0,disjoint_equal,6252f29cb88bf50b,7f52c6bb04d652f0,490a6de1cbb77728,False,False,results/thesis_revision_v43/stage_05b2/raw/S5B2-01350.summary.json,PLANNED
S5B2-01351,B3_C1_CONTINUOUS_DISJOINT,B3;C1,H8,H8,SENS_MU,20260202,100,common_disjoint_continuous,141000000000000.0,21.5,10000.0,600.0,0.42,homogeneous,1.0,0.0,0.0,disjoint_equal,7db1fd1f0fd5f2f7,e9594f3338642afa,490a6de1cbb77728,False,False,results/thesis_revision_v43/stage_05b2/raw/S5B2-01351.summary.json,PLANNED
S5B2-01352,B3_C1_CONTINUOUS_DISJOINT,B3;C1,H8,H8,SENS_MU,20260203,100,common_disjoint_continuous,141000000000000.0,21.5,10000.0,600.0,0.42,homogeneous,1.0,0.0,0.0,disjoint_equal,4342e9f98ef2f94a,7665ababdf402573,490a6de1cbb77728,False,False,results/thesis_revision_v43/stage_05b2/raw/S5B2-01352.summary.json,PLANNED
S5B2-01353,B3_C1_CONTINUOUS_DISJOINT,B3;C1,H8,H8,SENS_MU,20260204,100,common_disjoint_continuous,141000000000000.0,21.5,10000.0,600.0,0.42,homogeneous,1.0,0.0,0.0,disjoint_equal,2d74d89d11ce9ec0,7992735355d5f3da,490a6de1cbb77728,False,False,results/thesis_revision_v43/stage_05b2/raw/S5B2-01353.summary.json,PLANNED
S5B2-01354,B3_C1_CONTINUOUS_DISJOINT,B3;C1,H8,H8,SENS_MU,20260205,100,common_disjoint_continuous,141000000000000.0,21.5,10000.0,600.0,0.42,homogeneous,1.0,0.0,0.0,disjoint_equal,0e9c8efd36a1aedd,0156925e91e8e8cf,490a6de1cbb77728,False,False,results/thesis_revision_v43/stage_05b2/raw/S5B2-01354.summary.json,PLANNED
S5B2-01355,B3_C1_CONTINUOUS_DISJOINT,B3;C1,H8,H8,SENS_MU,20260206,100,common_disjoint_continuous,141000000000000.0,21.5,10000.0,600.0,0.42,homogeneous,1.0,0.0,0.0,disjoint_equal,996e9cbeb10a6c77,3c0bc06de005300a,490a6de1cbb77728,False,False,results/thesis_revision_v43/stage_05b2/raw/S5B2-01355.summary.json,PLANNED
S5B2-01356,B3_C1_CONTINUOUS_DISJOINT,B3;C1,H8,H8,SENS_MU,20260207,100,common_disjoint_continuous,141000000000000.0,21.5,10000.0,600.0,0.42,homogeneous,1.0,0.0,0.0,disjoint_equal,04b488bdcd6f3883,2200272c76d26deb,490a6de1cbb77728,False,False,results/thesis_revision_v43/stage_05b2/raw/S5B2-01356.summary.json,PLANNED
S5B2-01357,B3_C1_CONTINUOUS_DISJOINT,B3;C1,H8,H8,SENS_MU,20260208,100,common_disjoint_continuous,141000000000000.0,21.5,10000.0,600.0,0.42,homogeneous,1.0,0.0,0.0,disjoint_equal,ae171766b89c4452,556f8d4f2f3e0d8d,490a6de1cbb77728,False,False,results/thesis_revision_v43/stage_05b2/raw/S5B2-01357.summary.json,PLANNED
S5B2-01358,B3_C1_CONTINUOUS_DISJOINT,B3;C1,H8,H8,SENS_MU,20260209,100,common_disjoint_continuous,141000000000000.0,21.5,10000.0,600.0,0.42,homogeneous,1.0,0.0,0.0,disjoint_equal,7451014a096b8e5a,ba00c3361d48254f,490a6de1cbb77728,False,False,results/thesis_revision_v43/stage_05b2/raw/S5B2-01358.summary.json,PLANNED
S5B2-01359,B3_C1_CONTINUOUS_DISJOINT,B3;C1,H8,H8,SENS_MU,20260210,100,common_disjoint_continuous,141000000000000.0,21.5,10000.0,600.0,0.42,homogeneous,1.0,0.0,0.0,disjoint_equal,7f3fafc1736d4a18,7c42a33bf2f3c8d4,490a6de1cbb77728,False,False,results/thesis_revision_v43/stage_05b2/raw/S5B2-01359.summary.json,PLANNED
S5B2-01360,B3_C1_CONTINUOUS_DISJOINT,B3;C1,H8,H8,SENS_MU,20260211,100,common_disjoint_continuous,141000000000000.0,21.5,10000.0,600.0,0.42,homogeneous,1.0,0.0,0.0,disjoint_equal,6632c8988d0f864a,b3f54e1df17883f1,490a6de1cbb77728,False,False,results/thesis_revision_v43/stage_05b2/raw/S5B2-01360.summary.json,PLANNED
S5B2-01361,B3_C1_CONTINUOUS_DISJOINT,B3;C1,H8,H8,SENS_MU,20260212,100,common_disjoint_continuous,141000000000000.0,21.5,10000.0,600.0,0.42,homogeneous,1.0,0.0,0.0,disjoint_equal,d604e0acdfaec827,c3c9308f982498d1,490a6de1cbb77728,False,False,results/thesis_revision_v43/stage_05b2/raw/S5B2-01361.summary.json,PLANNED
S5B2-01362,B3_C1_CONTINUOUS_DISJOINT,B3;C1,H8,H8,SENS_MU,20260213,100,common_disjoint_continuous,141000000000000.0,21.5,10000.0,600.0,0.42,homogeneous,1.0,0.0,0.0,disjoint_equal,f821c487ca03fc9c,a4c5bd451ccd02b4,490a6de1cbb77728,False,False,results/thesis_revision_v43/stage_05b2/raw/S5B2-01362.summary.json,PLANNED
S5B2-01363,B3_C1_CONTINUOUS_DISJOINT,B3;C1,H8,H8,SENS_MU,20260214,100,common_disjoint_continuous,141000000000000.0,21.5,10000.0,600.0,0.42,homogeneous,1.0,0.0,0.0,disjoint_equal,0176251d80340a23,834b29e73c544569,490a6de1cbb77728,False,False,results/thesis_revision_v43/stage_05b2/raw/S5B2-01363.summary.json,PLANNED
S5B2-01364,B3_C1_CONTINUOUS_DISJOINT,B3;C1,H8,H8,SENS_MU,20260215,100,common_disjoint_continuous,141000000000000.0,21.5,10000.0,600.0,0.42,homogeneous,1.0,0.0,0.0,disjoint_equal,0a5adbb92c8ed22d,7cd40a00f72e46d4,490a6de1cbb77728,False,False,results/thesis_revision_v43/stage_05b2/raw/S5B2-01364.summary.json,PLANNED
S5B2-01365,B3_C1_CONTINUOUS_DISJOINT,B3;C1,H8,H8,SENS_MU,20260216,100,common_disjoint_continuous,141000000000000.0,21.5,10000.0,600.0,0.42,homogeneous,1.0,0.0,0.0,disjoint_equal,1c16e4714958b58e,1b8690185497d8b3,490a6de1cbb77728,False,False,results/thesis_revision_v43/stage_05b2/raw/S5B2-01365.summary.json,PLANNED
S5B2-01366,B3_C1_CONTINUOUS_DISJOINT,B3;C1,H8,H8,SENS_MU,20260217,100,common_disjoint_continuous,141000000000000.0,21.5,10000.0,600.0,0.42,homogeneous,1.0,0.0,0.0,disjoint_equal,2f311927d49489e9,02ce63d723d9549a,490a6de1cbb77728,False,False,results/thesis_revision_v43/stage_05b2/raw/S5B2-01366.summary.json,PLANNED
S5B2-01367,B3_C1_CONTINUOUS_DISJOINT,B3;C1,H8,H8,SENS_MU,20260218,100,common_disjoint_continuous,141000000000000.0,21.5,10000.0,600.0,0.42,homogeneous,1.0,0.0,0.0,disjoint_equal,4b2842419b7601c4,79577c93d28abc47,490a6de1cbb77728,False,False,results/thesis_revision_v43/stage_05b2/raw/S5B2-01367.summary.json,PLANNED
S5B2-01368,B3_C1_CONTINUOUS_DISJOINT,B3;C1,H8,H8,SENS_MU,20260219,100,common_disjoint_continuous,141000000000000.0,21.5,10000.0,600.0,0.42,homogeneous,1.0,0.0,0.0,disjoint_equal,90f40df7e7a8aad2,ea8af869cb6fedc4,490a6de1cbb77728,False,False,results/thesis_revision_v43/stage_05b2/raw/S5B2-01368.summary.json,PLANNED
S5B2-01369,B3_C1_CONTINUOUS_DISJOINT,B3;C1,H8,H8,SENS_MU,20260220,100,common_disjoint_continuous,141000000000000.0,21.5,10000.0,600.0,0.42,homogeneous,1.0,0.0,0.0,disjoint_equal,39c86893a845c08c,0ddf82d1752edb7d,490a6de1cbb77728,False,False,results/thesis_revision_v43/stage_05b2/raw/S5B2-01369.summary.json,PLANNED
S5B2-01370,B3_C1_CONTINUOUS_DISJOINT,B3;C1,H8,H8,SENS_MU,20260221,100,common_disjoint_continuous,141000000000000.0,21.5,10000.0,600.0,0.42,homogeneous,1.0,0.0,0.0,disjoint_equal,973a976e522f359c,40dbdab210dc8745,490a6de1cbb77728,False,False,results/thesis_revision_v43/stage_05b2/raw/S5B2-01370.summary.json,PLANNED
S5B2-01371,B3_C1_CONTINUOUS_DISJOINT,B3;C1,H8,H8,SENS_MU,20260222,100,common_disjoint_continuous,141000000000000.0,21.5,10000.0,600.0,0.42,homogeneous,1.0,0.0,0.0,disjoint_equal,acedb9c06f532b03,7b27a98337aa7082,490a6de1cbb77728,False,False,results/thesis_revision_v43/stage_05b2/raw/S5B2-01371.summary.json,PLANNED
S5B2-01372,B3_C1_CONTINUOUS_DISJOINT,B3;C1,H8,H8,SENS_MU,20260223,100,common_disjoint_continuous,141000000000000.0,21.5,10000.0,600.0,0.42,homogeneous,1.0,0.0,0.0,disjoint_equal,97eff0fa9382412a,817b71ce10666592,490a6de1cbb77728,False,False,results/thesis_revision_v43/stage_05b2/raw/S5B2-01372.summary.json,PLANNED
S5B2-01373,B3_C1_CONTINUOUS_DISJOINT,B3;C1,H8,H8,SENS_MU,20260224,100,common_disjoint_continuous,141000000000000.0,21.5,10000.0,600.0,0.42,homogeneous,1.0,0.0,0.0,disjoint_equal,72fbf25133776401,1f31f66f50320c31,490a6de1cbb77728,False,False,results/thesis_revision_v43/stage_05b2/raw/S5B2-01373.summary.json,PLANNED
S5B2-01374,B3_C1_CONTINUOUS_DISJOINT,B3;C1,H8,H8,SENS_MU,20260225,100,common_disjoint_continuous,141000000000000.0,21.5,10000.0,600.0,0.42,homogeneous,1.0,0.0,0.0,disjoint_equal,e7719d7c923d29f1,a24150f3240b1ec0,490a6de1cbb77728,False,False,results/thesis_revision_v43/stage_05b2/raw/S5B2-01374.summary.json,PLANNED
S5B2-01375,B3_C1_CONTINUOUS_DISJOINT,B3;C1,H8,H8,SENS_MU,20260226,100,common_disjoint_continuous,141000000000000.0,21.5,10000.0,600.0,0.42,homogeneous,1.0,0.0,0.0,disjoint_equal,8b6440f07c747cc8,ea18885260329978,490a6de1cbb77728,False,False,results/thesis_revision_v43/stage_05b2/raw/S5B2-01375.summary.json,PLANNED
S5B2-01376,B3_C1_CONTINUOUS_DISJOINT,B3;C1,H8,H8,SENS_MU,20260227,100,common_disjoint_continuous,141000000000000.0,21.5,10000.0,600.0,0.42,homogeneous,1.0,0.0,0.0,disjoint_equal,bcf4864cb88f5e8b,869e7419a7330289,490a6de1cbb77728,False,False,results/thesis_revision_v43/stage_05b2/raw/S5B2-01376.summary.json,PLANNED
S5B2-01377,B3_C1_CONTINUOUS_DISJOINT,B3;C1,H8,H8,SENS_MU,20260228,100,common_disjoint_continuous,141000000000000.0,21.5,10000.0,600.0,0.42,homogeneous,1.0,0.0,0.0,disjoint_equal,b0181fb6399de476,83bf8f4122cccac9,490a6de1cbb77728,False,False,results/thesis_revision_v43/stage_05b2/raw/S5B2-01377.summary.json,PLANNED
S5B2-01378,B3_C1_CONTINUOUS_DISJOINT,B3;C1,H8,H8,SENS_MU,20260229,100,common_disjoint_continuous,141000000000000.0,21.5,10000.0,600.0,0.42,homogeneous,1.0,0.0,0.0,disjoint_equal,cdf4b53e1402238f,7494d9b777a740f6,490a6de1cbb77728,False,False,results/thesis_revision_v43/stage_05b2/raw/S5B2-01378.summary.json,PLANNED
S5B2-01379,B3_C1_CONTINUOUS_DISJOINT,B3;C1,H8,H8,SENS_MU,20260230,100,common_disjoint_continuous,141000000000000.0,21.5,10000.0,600.0,0.42,homogeneous,1.0,0.0,0.0,disjoint_equal,216cd3c5378a17fc,b0302aad32d34ea2,490a6de1cbb77728,False,False,results/thesis_revision_v43/stage_05b2/raw/S5B2-01379.summary.json,PLANNED
S5B2-01380,B3_C1_CONTINUOUS_DISJOINT,B3;C1,H8,H8,SENS_MU,20260201,500,common_disjoint_continuous,141000000000000.0,21.5,10000.0,600.0,0.42,homogeneous,1.0,0.0,0.0,disjoint_equal,2ac466d96e17347c,86d798c91c63f209,139cbb5c97a38995,False,False,results/thesis_revision_v43/stage_05b2/raw/S5B2-01380.summary.json,PLANNED
S5B2-01381,B3_C1_CONTINUOUS_DISJOINT,B3;C1,H8,H8,SENS_MU,20260202,500,common_disjoint_continuous,141000000000000.0,21.5,10000.0,600.0,0.42,homogeneous,1.0,0.0,0.0,disjoint_equal,650beb4654c0ba55,ba9d88cd31a4b6f8,139cbb5c97a38995,False,False,results/thesis_revision_v43/stage_05b2/raw/S5B2-01381.summary.json,PLANNED
S5B2-01382,B3_C1_CONTINUOUS_DISJOINT,B3;C1,H8,H8,SENS_MU,20260203,500,common_disjoint_continuous,141000000000000.0,21.5,10000.0,600.0,0.42,homogeneous,1.0,0.0,0.0,disjoint_equal,976d9aaf5553ec2c,e8f5c0ccdcbd91cc,139cbb5c97a38995,False,False,results/thesis_revision_v43/stage_05b2/raw/S5B2-01382.summary.json,PLANNED
S5B2-01383,B3_C1_CONTINUOUS_DISJOINT,B3;C1,H8,H8,SENS_MU,20260204,500,common_disjoint_continuous,141000000000000.0,21.5,10000.0,600.0,0.42,homogeneous,1.0,0.0,0.0,disjoint_equal,3e3f1af1584e476b,e1d066847b2778fd,139cbb5c97a38995,False,False,results/thesis_revision_v43/stage_05b2/raw/S5B2-01383.summary.json,PLANNED
S5B2-01384,B3_C1_CONTINUOUS_DISJOINT,B3;C1,H8,H8,SENS_MU,20260205,500,common_disjoint_continuous,141000000000000.0,21.5,10000.0,600.0,0.42,homogeneous,1.0,0.0,0.0,disjoint_equal,fd42d0d6c1f04e1a,af7e09c3b24ae848,139cbb5c97a38995,False,False,results/thesis_revision_v43/stage_05b2/raw/S5B2-01384.summary.json,PLANNED
S5B2-01385,B3_C1_CONTINUOUS_DISJOINT,B3;C1,H8,H8,SENS_MU,20260206,500,common_disjoint_continuous,141000000000000.0,21.5,10000.0,600.0,0.42,homogeneous,1.0,0.0,0.0,disjoint_equal,63a2329dd1bb525d,02039b00e6d15732,139cbb5c97a38995,False,False,results/thesis_revision_v43/stage_05b2/raw/S5B2-01385.summary.json,PLANNED
S5B2-01386,B3_C1_CONTINUOUS_DISJOINT,B3;C1,H8,H8,SENS_MU,20260207,500,common_disjoint_continuous,141000000000000.0,21.5,10000.0,600.0,0.42,homogeneous,1.0,0.0,0.0,disjoint_equal,d5735a1264494f75,e628b61c6d0099ba,139cbb5c97a38995,False,False,results/thesis_revision_v43/stage_05b2/raw/S5B2-01386.summary.json,PLANNED
S5B2-01387,B3_C1_CONTINUOUS_DISJOINT,B3;C1,H8,H8,SENS_MU,20260208,500,common_disjoint_continuous,141000000000000.0,21.5,10000.0,600.0,0.42,homogeneous,1.0,0.0,0.0,disjoint_equal,9332af5521aa20d5,55302befd89d8433,139cbb5c97a38995,False,False,results/thesis_revision_v43/stage_05b2/raw/S5B2-01387.summary.json,PLANNED
S5B2-01388,B3_C1_CONTINUOUS_DISJOINT,B3;C1,H8,H8,SENS_MU,20260209,500,common_disjoint_continuous,141000000000000.0,21.5,10000.0,600.0,0.42,homogeneous,1.0,0.0,0.0,disjoint_equal,00475c57f02a8137,2d5d2de44027b2c5,139cbb5c97a38995,False,False,results/thesis_revision_v43/stage_05b2/raw/S5B2-01388.summary.json,PLANNED
S5B2-01389,B3_C1_CONTINUOUS_DISJOINT,B3;C1,H8,H8,SENS_MU,20260210,500,common_disjoint_continuous,141000000000000.0,21.5,10000.0,600.0,0.42,homogeneous,1.0,0.0,0.0,disjoint_equal,2494881d3a5b9b02,14224d8a4cf5beaa,139cbb5c97a38995,False,False,results/thesis_revision_v43/stage_05b2/raw/S5B2-01389.summary.json,PLANNED
S5B2-01390,B3_C1_CONTINUOUS_DISJOINT,B3;C1,H8,H8,SENS_MU,20260211,500,common_disjoint_continuous,141000000000000.0,21.5,10000.0,600.0,0.42,homogeneous,1.0,0.0,0.0,disjoint_equal,31a631e8a6c7ec25,e2732fcf8528aa5f,139cbb5c97a38995,False,False,results/thesis_revision_v43/stage_05b2/raw/S5B2-01390.summary.json,PLANNED
S5B2-01391,B3_C1_CONTINUOUS_DISJOINT,B3;C1,H8,H8,SENS_MU,20260212,500,common_disjoint_continuous,141000000000000.0,21.5,10000.0,600.0,0.42,homogeneous,1.0,0.0,0.0,disjoint_equal,8df3de66449cb764,c7dc2a6786d58cc1,139cbb5c97a38995,False,False,results/thesis_revision_v43/stage_05b2/raw/S5B2-01391.summary.json,PLANNED
S5B2-01392,B3_C1_CONTINUOUS_DISJOINT,B3;C1,H8,H8,SENS_MU,20260213,500,common_disjoint_continuous,141000000000000.0,21.5,10000.0,600.0,0.42,homogeneous,1.0,0.0,0.0,disjoint_equal,6ec82eccd18029bf,ebf73a6c523c594c,139cbb5c97a38995,False,False,results/thesis_revision_v43/stage_05b2/raw/S5B2-01392.summary.json,PLANNED
S5B2-01393,B3_C1_CONTINUOUS_DISJOINT,B3;C1,H8,H8,SENS_MU,20260214,500,common_disjoint_continuous,141000000000000.0,21.5,10000.0,600.0,0.42,homogeneous,1.0,0.0,0.0,disjoint_equal,2ff65f981794a987,1ece042bbc20c144,139cbb5c97a38995,False,False,results/thesis_revision_v43/stage_05b2/raw/S5B2-01393.summary.json,PLANNED
S5B2-01394,B3_C1_CONTINUOUS_DISJOINT,B3;C1,H8,H8,SENS_MU,20260215,500,common_disjoint_continuous,141000000000000.0,21.5,10000.0,600.0,0.42,homogeneous,1.0,0.0,0.0,disjoint_equal,251a517228b263d8,98a6917a0a39ff4c,139cbb5c97a38995,False,False,results/thesis_revision_v43/stage_05b2/raw/S5B2-01394.summary.json,PLANNED
S5B2-01395,B3_C1_CONTINUOUS_DISJOINT,B3;C1,H8,H8,SENS_MU,20260216,500,common_disjoint_continuous,141000000000000.0,21.5,10000.0,600.0,0.42,homogeneous,1.0,0.0,0.0,disjoint_equal,534fd21a6f5fd4bb,7be31af855bfbe5f,139cbb5c97a38995,False,False,results/thesis_revision_v43/stage_05b2/raw/S5B2-01395.summary.json,PLANNED
S5B2-01396,B3_C1_CONTINUOUS_DISJOINT,B3;C1,H8,H8,SENS_MU,20260217,500,common_disjoint_continuous,141000000000000.0,21.5,10000.0,600.0,0.42,homogeneous,1.0,0.0,0.0,disjoint_equal,e4717daf6042d41a,158f5e8302fe624a,139cbb5c97a38995,False,False,results/thesis_revision_v43/stage_05b2/raw/S5B2-01396.summary.json,PLANNED
S5B2-01397,B3_C1_CONTINUOUS_DISJOINT,B3;C1,H8,H8,SENS_MU,20260218,500,common_disjoint_continuous,141000000000000.0,21.5,10000.0,600.0,0.42,homogeneous,1.0,0.0,0.0,disjoint_equal,dde1d6210bce0d2b,08f0acd630c8293a,139cbb5c97a38995,False,False,results/thesis_revision_v43/stage_05b2/raw/S5B2-01397.summary.json,PLANNED
S5B2-01398,B3_C1_CONTINUOUS_DISJOINT,B3;C1,H8,H8,SENS_MU,20260219,500,common_disjoint_continuous,141000000000000.0,21.5,10000.0,600.0,0.42,homogeneous,1.0,0.0,0.0,disjoint_equal,a80cdfc3787263ed,5edb4933cf8fb9c5,139cbb5c97a38995,False,False,results/thesis_revision_v43/stage_05b2/raw/S5B2-01398.summary.json,PLANNED
S5B2-01399,B3_C1_CONTINUOUS_DISJOINT,B3;C1,H8,H8,SENS_MU,20260220,500,common_disjoint_continuous,141000000000000.0,21.5,10000.0,600.0,0.42,homogeneous,1.0,0.0,0.0,disjoint_equal,b90c155a5c387429,38f217ffb0746cee,139cbb5c97a38995,False,False,results/thesis_revision_v43/stage_05b2/raw/S5B2-01399.summary.json,PLANNED
S5B2-01400,B3_C1_CONTINUOUS_DISJOINT,B3;C1,H8,H8,SENS_MU,20260221,500,common_disjoint_continuous,141000000000000.0,21.5,10000.0,600.0,0.42,homogeneous,1.0,0.0,0.0,disjoint_equal,e04d3d033f7bc445,a815f7f72a4aa3e7,139cbb5c97a38995,False,True,results/thesis_revision_v43/stage_05b2/raw/S5B2-01400.summary.json,PLANNED
S5B2-01401,B3_C1_CONTINUOUS_DISJOINT,B3;C1,H8,H8,SENS_MU,20260222,500,common_disjoint_continuous,141000000000000.0,21.5,10000.0,600.0,0.42,homogeneous,1.0,0.0,0.0,disjoint_equal,4715f91a8ad7ded2,da14d4dcc9e4cebc,139cbb5c97a38995,False,False,results/thesis_revision_v43/stage_05b2/raw/S5B2-01401.summary.json,PLANNED
S5B2-01402,B3_C1_CONTINUOUS_DISJOINT,B3;C1,H8,H8,SENS_MU,20260223,500,common_disjoint_continuous,141000000000000.0,21.5,10000.0,600.0,0.42,homogeneous,1.0,0.0,0.0,disjoint_equal,a345f47ef08ac58a,edd5d41a3c09a4fc,139cbb5c97a38995,False,False,results/thesis_revision_v43/stage_05b2/raw/S5B2-01402.summary.json,PLANNED
S5B2-01403,B3_C1_CONTINUOUS_DISJOINT,B3;C1,H8,H8,SENS_MU,20260224,500,common_disjoint_continuous,141000000000000.0,21.5,10000.0,600.0,0.42,homogeneous,1.0,0.0,0.0,disjoint_equal,9d8391dfe814912f,3bff72256e1a8c59,139cbb5c97a38995,False,False,results/thesis_revision_v43/stage_05b2/raw/S5B2-01403.summary.json,PLANNED
S5B2-01404,B3_C1_CONTINUOUS_DISJOINT,B3;C1,H8,H8,SENS_MU,20260225,500,common_disjoint_continuous,141000000000000.0,21.5,10000.0,600.0,0.42,homogeneous,1.0,0.0,0.0,disjoint_equal,9bb1cacfb060ec80,27768f2171cd3b14,139cbb5c97a38995,False,False,results/thesis_revision_v43/stage_05b2/raw/S5B2-01404.summary.json,PLANNED
S5B2-01405,B3_C1_CONTINUOUS_DISJOINT,B3;C1,H8,H8,SENS_MU,20260226,500,common_disjoint_continuous,141000000000000.0,21.5,10000.0,600.0,0.42,homogeneous,1.0,0.0,0.0,disjoint_equal,85e537474dae5dcf,da0229e0fb3f91b1,139cbb5c97a38995,False,False,results/thesis_revision_v43/stage_05b2/raw/S5B2-01405.summary.json,PLANNED
S5B2-01406,B3_C1_CONTINUOUS_DISJOINT,B3;C1,H8,H8,SENS_MU,20260227,500,common_disjoint_continuous,141000000000000.0,21.5,10000.0,600.0,0.42,homogeneous,1.0,0.0,0.0,disjoint_equal,c68ae184f7d793f1,769b429790d534cc,139cbb5c97a38995,False,False,results/thesis_revision_v43/stage_05b2/raw/S5B2-01406.summary.json,PLANNED
S5B2-01407,B3_C1_CONTINUOUS_DISJOINT,B3;C1,H8,H8,SENS_MU,20260228,500,common_disjoint_continuous,141000000000000.0,21.5,10000.0,600.0,0.42,homogeneous,1.0,0.0,0.0,disjoint_equal,71d749d664ac9e5b,cc5cad42e27fa9ec,139cbb5c97a38995,False,False,results/thesis_revision_v43/stage_05b2/raw/S5B2-01407.summary.json,PLANNED
S5B2-01408,B3_C1_CONTINUOUS_DISJOINT,B3;C1,H8,H8,SENS_MU,20260229,500,common_disjoint_continuous,141000000000000.0,21.5,10000.0,600.0,0.42,homogeneous,1.0,0.0,0.0,disjoint_equal,12ceecb2bb32ba2c,d298bddb54e1ee7a,139cbb5c97a38995,False,False,results/thesis_revision_v43/stage_05b2/raw/S5B2-01408.summary.json,PLANNED
S5B2-01409,B3_C1_CONTINUOUS_DISJOINT,B3;C1,H8,H8,SENS_MU,20260230,500,common_disjoint_continuous,141000000000000.0,21.5,10000.0,600.0,0.42,homogeneous,1.0,0.0,0.0,disjoint_equal,1486f5fcb729b4d8,505bfe6d8aea6a17,139cbb5c97a38995,False,False,results/thesis_revision_v43/stage_05b2/raw/S5B2-01409.summary.json,PLANNED
S5B2-01410,B3_C1_CONTINUOUS_DISJOINT,B3;C1,H6,H6,SENS_INACTIVE,20260201,100,common_disjoint_continuous,141000000000000.0,21.5,10000.0,600.0,0.42,homogeneous,2.0,0.05,0.0,disjoint_equal,e3b7b9a94c55efdf,aecd13b75350e2b0,c5864cc25e9ae0b9,False,False,results/thesis_revision_v43/stage_05b2/raw/S5B2-01410.summary.json,PLANNED
S5B2-01411,B3_C1_CONTINUOUS_DISJOINT,B3;C1,H6,H6,SENS_INACTIVE,20260202,100,common_disjoint_continuous,141000000000000.0,21.5,10000.0,600.0,0.42,homogeneous,2.0,0.05,0.0,disjoint_equal,f3bb90d71f046e2c,180f3f3663151b6b,c5864cc25e9ae0b9,False,False,results/thesis_revision_v43/stage_05b2/raw/S5B2-01411.summary.json,PLANNED
S5B2-01412,B3_C1_CONTINUOUS_DISJOINT,B3;C1,H6,H6,SENS_INACTIVE,20260203,100,common_disjoint_continuous,141000000000000.0,21.5,10000.0,600.0,0.42,homogeneous,2.0,0.05,0.0,disjoint_equal,2160bbbad80d7b86,c46037b77b3910eb,c5864cc25e9ae0b9,False,False,results/thesis_revision_v43/stage_05b2/raw/S5B2-01412.summary.json,PLANNED
S5B2-01413,B3_C1_CONTINUOUS_DISJOINT,B3;C1,H6,H6,SENS_INACTIVE,20260204,100,common_disjoint_continuous,141000000000000.0,21.5,10000.0,600.0,0.42,homogeneous,2.0,0.05,0.0,disjoint_equal,7d118f7aaad96f88,df207f7d04d425fa,c5864cc25e9ae0b9,False,False,results/thesis_revision_v43/stage_05b2/raw/S5B2-01413.summary.json,PLANNED
S5B2-01414,B3_C1_CONTINUOUS_DISJOINT,B3;C1,H6,H6,SENS_INACTIVE,20260205,100,common_disjoint_continuous,141000000000000.0,21.5,10000.0,600.0,0.42,homogeneous,2.0,0.05,0.0,disjoint_equal,b2749efb819059c4,2deeb5c1301728a2,c5864cc25e9ae0b9,False,False,results/thesis_revision_v43/stage_05b2/raw/S5B2-01414.summary.json,PLANNED
S5B2-01415,B3_C1_CONTINUOUS_DISJOINT,B3;C1,H6,H6,SENS_INACTIVE,20260206,100,common_disjoint_continuous,141000000000000.0,21.5,10000.0,600.0,0.42,homogeneous,2.0,0.05,0.0,disjoint_equal,13846763908c443b,1a83228a6f1c75de,c5864cc25e9ae0b9,False,False,results/thesis_revision_v43/stage_05b2/raw/S5B2-01415.summary.json,PLANNED
S5B2-01416,B3_C1_CONTINUOUS_DISJOINT,B3;C1,H6,H6,SENS_INACTIVE,20260207,100,common_disjoint_continuous,141000000000000.0,21.5,10000.0,600.0,0.42,homogeneous,2.0,0.05,0.0,disjoint_equal,b6dab3923355c398,57983438929807c3,c5864cc25e9ae0b9,False,False,results/thesis_revision_v43/stage_05b2/raw/S5B2-01416.summary.json,PLANNED
S5B2-01417,B3_C1_CONTINUOUS_DISJOINT,B3;C1,H6,H6,SENS_INACTIVE,20260208,100,common_disjoint_continuous,141000000000000.0,21.5,10000.0,600.0,0.42,homogeneous,2.0,0.05,0.0,disjoint_equal,0ab64a278bc36d38,41993ab1c3454fc1,c5864cc25e9ae0b9,False,False,results/thesis_revision_v43/stage_05b2/raw/S5B2-01417.summary.json,PLANNED
S5B2-01418,B3_C1_CONTINUOUS_DISJOINT,B3;C1,H6,H6,SENS_INACTIVE,20260209,100,common_disjoint_continuous,141000000000000.0,21.5,10000.0,600.0,0.42,homogeneous,2.0,0.05,0.0,disjoint_equal,81c3f6d11a2490e7,aea2665c616ce048,c5864cc25e9ae0b9,False,False,results/thesis_revision_v43/stage_05b2/raw/S5B2-01418.summary.json,PLANNED
S5B2-01419,B3_C1_CONTINUOUS_DISJOINT,B3;C1,H6,H6,SENS_INACTIVE,20260210,100,common_disjoint_continuous,141000000000000.0,21.5,10000.0,600.0,0.42,homogeneous,2.0,0.05,0.0,disjoint_equal,2a9ea69c330d48cc,a79d0b731c02f952,c5864cc25e9ae0b9,False,False,results/thesis_revision_v43/stage_05b2/raw/S5B2-01419.summary.json,PLANNED
S5B2-01420,B3_C1_CONTINUOUS_DISJOINT,B3;C1,H6,H6,SENS_INACTIVE,20260211,100,common_disjoint_continuous,141000000000000.0,21.5,10000.0,600.0,0.42,homogeneous,2.0,0.05,0.0,disjoint_equal,1406763a711457b3,22072c70e3c04dcf,c5864cc25e9ae0b9,False,False,results/thesis_revision_v43/stage_05b2/raw/S5B2-01420.summary.json,PLANNED
S5B2-01421,B3_C1_CONTINUOUS_DISJOINT,B3;C1,H6,H6,SENS_INACTIVE,20260212,100,common_disjoint_continuous,141000000000000.0,21.5,10000.0,600.0,0.42,homogeneous,2.0,0.05,0.0,disjoint_equal,7293bed35b760d65,b52edeb99ea8b308,c5864cc25e9ae0b9,False,False,results/thesis_revision_v43/stage_05b2/raw/S5B2-01421.summary.json,PLANNED
S5B2-01422,B3_C1_CONTINUOUS_DISJOINT,B3;C1,H6,H6,SENS_INACTIVE,20260213,100,common_disjoint_continuous,141000000000000.0,21.5,10000.0,600.0,0.42,homogeneous,2.0,0.05,0.0,disjoint_equal,5fcdc731296c38b0,7f81a67b5aa4ad4f,c5864cc25e9ae0b9,False,False,results/thesis_revision_v43/stage_05b2/raw/S5B2-01422.summary.json,PLANNED
S5B2-01423,B3_C1_CONTINUOUS_DISJOINT,B3;C1,H6,H6,SENS_INACTIVE,20260214,100,common_disjoint_continuous,141000000000000.0,21.5,10000.0,600.0,0.42,homogeneous,2.0,0.05,0.0,disjoint_equal,7e196dcc3d16a49e,03ed81fe2acda97a,c5864cc25e9ae0b9,False,False,results/thesis_revision_v43/stage_05b2/raw/S5B2-01423.summary.json,PLANNED
S5B2-01424,B3_C1_CONTINUOUS_DISJOINT,B3;C1,H6,H6,SENS_INACTIVE,20260215,100,common_disjoint_continuous,141000000000000.0,21.5,10000.0,600.0,0.42,homogeneous,2.0,0.05,0.0,disjoint_equal,b0526b202ab38349,55c595f18784d265,c5864cc25e9ae0b9,False,False,results/thesis_revision_v43/stage_05b2/raw/S5B2-01424.summary.json,PLANNED
S5B2-01425,B3_C1_CONTINUOUS_DISJOINT,B3;C1,H6,H6,SENS_INACTIVE,20260216,100,common_disjoint_continuous,141000000000000.0,21.5,10000.0,600.0,0.42,homogeneous,2.0,0.05,0.0,disjoint_equal,3dc86d8841465c02,46a1067aba4e88e9,c5864cc25e9ae0b9,False,False,results/thesis_revision_v43/stage_05b2/raw/S5B2-01425.summary.json,PLANNED
S5B2-01426,B3_C1_CONTINUOUS_DISJOINT,B3;C1,H6,H6,SENS_INACTIVE,20260217,100,common_disjoint_continuous,141000000000000.0,21.5,10000.0,600.0,0.42,homogeneous,2.0,0.05,0.0,disjoint_equal,26ddff7195a34473,007ea62430299a05,c5864cc25e9ae0b9,False,False,results/thesis_revision_v43/stage_05b2/raw/S5B2-01426.summary.json,PLANNED
S5B2-01427,B3_C1_CONTINUOUS_DISJOINT,B3;C1,H6,H6,SENS_INACTIVE,20260218,100,common_disjoint_continuous,141000000000000.0,21.5,10000.0,600.0,0.42,homogeneous,2.0,0.05,0.0,disjoint_equal,a16988ac7f8e90b7,9cf86ac704bffceb,c5864cc25e9ae0b9,False,False,results/thesis_revision_v43/stage_05b2/raw/S5B2-01427.summary.json,PLANNED
S5B2-01428,B3_C1_CONTINUOUS_DISJOINT,B3;C1,H6,H6,SENS_INACTIVE,20260219,100,common_disjoint_continuous,141000000000000.0,21.5,10000.0,600.0,0.42,homogeneous,2.0,0.05,0.0,disjoint_equal,3694dab8023fb514,55f983d3f5ccd69d,c5864cc25e9ae0b9,False,False,results/thesis_revision_v43/stage_05b2/raw/S5B2-01428.summary.json,PLANNED
S5B2-01429,B3_C1_CONTINUOUS_DISJOINT,B3;C1,H6,H6,SENS_INACTIVE,20260220,100,common_disjoint_continuous,141000000000000.0,21.5,10000.0,600.0,0.42,homogeneous,2.0,0.05,0.0,disjoint_equal,8818d7cd0da2e090,d7158d07ebc03cac,c5864cc25e9ae0b9,False,False,results/thesis_revision_v43/stage_05b2/raw/S5B2-01429.summary.json,PLANNED
S5B2-01430,B3_C1_CONTINUOUS_DISJOINT,B3;C1,H6,H6,SENS_INACTIVE,20260221,100,common_disjoint_continuous,141000000000000.0,21.5,10000.0,600.0,0.42,homogeneous,2.0,0.05,0.0,disjoint_equal,385c25a0b9cb77a7,8976c00afbdaff2e,c5864cc25e9ae0b9,False,False,results/thesis_revision_v43/stage_05b2/raw/S5B2-01430.summary.json,PLANNED
S5B2-01431,B3_C1_CONTINUOUS_DISJOINT,B3;C1,H6,H6,SENS_INACTIVE,20260222,100,common_disjoint_continuous,141000000000000.0,21.5,10000.0,600.0,0.42,homogeneous,2.0,0.05,0.0,disjoint_equal,257a7ae5916c71eb,eee467c7522157e5,c5864cc25e9ae0b9,False,False,results/thesis_revision_v43/stage_05b2/raw/S5B2-01431.summary.json,PLANNED
S5B2-01432,B3_C1_CONTINUOUS_DISJOINT,B3;C1,H6,H6,SENS_INACTIVE,20260223,100,common_disjoint_continuous,141000000000000.0,21.5,10000.0,600.0,0.42,homogeneous,2.0,0.05,0.0,disjoint_equal,d2f4d0188734dcae,e423736883f2b24e,c5864cc25e9ae0b9,False,False,results/thesis_revision_v43/stage_05b2/raw/S5B2-01432.summary.json,PLANNED
S5B2-01433,B3_C1_CONTINUOUS_DISJOINT,B3;C1,H6,H6,SENS_INACTIVE,20260224,100,common_disjoint_continuous,141000000000000.0,21.5,10000.0,600.0,0.42,homogeneous,2.0,0.05,0.0,disjoint_equal,38ce739deec667aa,d84ff9500404831c,c5864cc25e9ae0b9,False,False,results/thesis_revision_v43/stage_05b2/raw/S5B2-01433.summary.json,PLANNED
S5B2-01434,B3_C1_CONTINUOUS_DISJOINT,B3;C1,H6,H6,SENS_INACTIVE,20260225,100,common_disjoint_continuous,141000000000000.0,21.5,10000.0,600.0,0.42,homogeneous,2.0,0.05,0.0,disjoint_equal,59c51d9b37663f50,ea996cea359d8304,c5864cc25e9ae0b9,False,False,results/thesis_revision_v43/stage_05b2/raw/S5B2-01434.summary.json,PLANNED
S5B2-01435,B3_C1_CONTINUOUS_DISJOINT,B3;C1,H6,H6,SENS_INACTIVE,20260226,100,common_disjoint_continuous,141000000000000.0,21.5,10000.0,600.0,0.42,homogeneous,2.0,0.05,0.0,disjoint_equal,bb77e68600d36bcc,322dbd3aaff87c98,c5864cc25e9ae0b9,False,False,results/thesis_revision_v43/stage_05b2/raw/S5B2-01435.summary.json,PLANNED
S5B2-01436,B3_C1_CONTINUOUS_DISJOINT,B3;C1,H6,H6,SENS_INACTIVE,20260227,100,common_disjoint_continuous,141000000000000.0,21.5,10000.0,600.0,0.42,homogeneous,2.0,0.05,0.0,disjoint_equal,93493d16064e27e9,8d9677538c1dbb3d,c5864cc25e9ae0b9,False,False,results/thesis_revision_v43/stage_05b2/raw/S5B2-01436.summary.json,PLANNED
S5B2-01437,B3_C1_CONTINUOUS_DISJOINT,B3;C1,H6,H6,SENS_INACTIVE,20260228,100,common_disjoint_continuous,141000000000000.0,21.5,10000.0,600.0,0.42,homogeneous,2.0,0.05,0.0,disjoint_equal,1e60aed948452e2d,988d60ca855e8479,c5864cc25e9ae0b9,False,False,results/thesis_revision_v43/stage_05b2/raw/S5B2-01437.summary.json,PLANNED
S5B2-01438,B3_C1_CONTINUOUS_DISJOINT,B3;C1,H6,H6,SENS_INACTIVE,20260229,100,common_disjoint_continuous,141000000000000.0,21.5,10000.0,600.0,0.42,homogeneous,2.0,0.05,0.0,disjoint_equal,7d2de5d7aeaa6f12,3bf1b41c42c1da3c,c5864cc25e9ae0b9,False,False,results/thesis_revision_v43/stage_05b2/raw/S5B2-01438.summary.json,PLANNED
S5B2-01439,B3_C1_CONTINUOUS_DISJOINT,B3;C1,H6,H6,SENS_INACTIVE,20260230,100,common_disjoint_continuous,141000000000000.0,21.5,10000.0,600.0,0.42,homogeneous,2.0,0.05,0.0,disjoint_equal,d9c63c46dd83996b,f8fa8e56ce956330,c5864cc25e9ae0b9,False,False,results/thesis_revision_v43/stage_05b2/raw/S5B2-01439.summary.json,PLANNED
S5B2-01440,B3_C1_CONTINUOUS_DISJOINT,B3;C1,H6,H6,SENS_INACTIVE,20260201,500,common_disjoint_continuous,141000000000000.0,21.5,10000.0,600.0,0.42,homogeneous,2.0,0.05,0.0,disjoint_equal,ae1af4a981b40527,d06f65356929cd3e,3e5b3fe15cb8a373,False,False,results/thesis_revision_v43/stage_05b2/raw/S5B2-01440.summary.json,PLANNED
S5B2-01441,B3_C1_CONTINUOUS_DISJOINT,B3;C1,H6,H6,SENS_INACTIVE,20260202,500,common_disjoint_continuous,141000000000000.0,21.5,10000.0,600.0,0.42,homogeneous,2.0,0.05,0.0,disjoint_equal,32f20d9e021c5fb5,80ab925ce88f5d43,3e5b3fe15cb8a373,False,False,results/thesis_revision_v43/stage_05b2/raw/S5B2-01441.summary.json,PLANNED
S5B2-01442,B3_C1_CONTINUOUS_DISJOINT,B3;C1,H6,H6,SENS_INACTIVE,20260203,500,common_disjoint_continuous,141000000000000.0,21.5,10000.0,600.0,0.42,homogeneous,2.0,0.05,0.0,disjoint_equal,8bb85430f6bc24c9,a93536d9b10cbac7,3e5b3fe15cb8a373,False,False,results/thesis_revision_v43/stage_05b2/raw/S5B2-01442.summary.json,PLANNED
S5B2-01443,B3_C1_CONTINUOUS_DISJOINT,B3;C1,H6,H6,SENS_INACTIVE,20260204,500,common_disjoint_continuous,141000000000000.0,21.5,10000.0,600.0,0.42,homogeneous,2.0,0.05,0.0,disjoint_equal,9fe40da09655e0be,ce1179138057d997,3e5b3fe15cb8a373,False,False,results/thesis_revision_v43/stage_05b2/raw/S5B2-01443.summary.json,PLANNED
S5B2-01444,B3_C1_CONTINUOUS_DISJOINT,B3;C1,H6,H6,SENS_INACTIVE,20260205,500,common_disjoint_continuous,141000000000000.0,21.5,10000.0,600.0,0.42,homogeneous,2.0,0.05,0.0,disjoint_equal,6ffa7ca34d0fa339,84330335f2f6a842,3e5b3fe15cb8a373,False,False,results/thesis_revision_v43/stage_05b2/raw/S5B2-01444.summary.json,PLANNED
S5B2-01445,B3_C1_CONTINUOUS_DISJOINT,B3;C1,H6,H6,SENS_INACTIVE,20260206,500,common_disjoint_continuous,141000000000000.0,21.5,10000.0,600.0,0.42,homogeneous,2.0,0.05,0.0,disjoint_equal,264739804ae5c129,29d7203deeb973e0,3e5b3fe15cb8a373,False,False,results/thesis_revision_v43/stage_05b2/raw/S5B2-01445.summary.json,PLANNED
S5B2-01446,B3_C1_CONTINUOUS_DISJOINT,B3;C1,H6,H6,SENS_INACTIVE,20260207,500,common_disjoint_continuous,141000000000000.0,21.5,10000.0,600.0,0.42,homogeneous,2.0,0.05,0.0,disjoint_equal,6b0e4d1cd35ab8f2,d2e88227eb25462d,3e5b3fe15cb8a373,False,False,results/thesis_revision_v43/stage_05b2/raw/S5B2-01446.summary.json,PLANNED
S5B2-01447,B3_C1_CONTINUOUS_DISJOINT,B3;C1,H6,H6,SENS_INACTIVE,20260208,500,common_disjoint_continuous,141000000000000.0,21.5,10000.0,600.0,0.42,homogeneous,2.0,0.05,0.0,disjoint_equal,760404569f286299,b987582c516bd078,3e5b3fe15cb8a373,False,False,results/thesis_revision_v43/stage_05b2/raw/S5B2-01447.summary.json,PLANNED
S5B2-01448,B3_C1_CONTINUOUS_DISJOINT,B3;C1,H6,H6,SENS_INACTIVE,20260209,500,common_disjoint_continuous,141000000000000.0,21.5,10000.0,600.0,0.42,homogeneous,2.0,0.05,0.0,disjoint_equal,fbcdbdb3cf0575a5,26eece7c9a107231,3e5b3fe15cb8a373,False,False,results/thesis_revision_v43/stage_05b2/raw/S5B2-01448.summary.json,PLANNED
S5B2-01449,B3_C1_CONTINUOUS_DISJOINT,B3;C1,H6,H6,SENS_INACTIVE,20260210,500,common_disjoint_continuous,141000000000000.0,21.5,10000.0,600.0,0.42,homogeneous,2.0,0.05,0.0,disjoint_equal,85579e41bce71a4c,8c8a6fd1cbf6c195,3e5b3fe15cb8a373,False,False,results/thesis_revision_v43/stage_05b2/raw/S5B2-01449.summary.json,PLANNED
S5B2-01450,B3_C1_CONTINUOUS_DISJOINT,B3;C1,H6,H6,SENS_INACTIVE,20260211,500,common_disjoint_continuous,141000000000000.0,21.5,10000.0,600.0,0.42,homogeneous,2.0,0.05,0.0,disjoint_equal,fa51d2ffed845ffb,de7bd4e549356243,3e5b3fe15cb8a373,False,False,results/thesis_revision_v43/stage_05b2/raw/S5B2-01450.summary.json,PLANNED
S5B2-01451,B3_C1_CONTINUOUS_DISJOINT,B3;C1,H6,H6,SENS_INACTIVE,20260212,500,common_disjoint_continuous,141000000000000.0,21.5,10000.0,600.0,0.42,homogeneous,2.0,0.05,0.0,disjoint_equal,a24cddafd3e2e3a8,f40ea8153b38b144,3e5b3fe15cb8a373,False,False,results/thesis_revision_v43/stage_05b2/raw/S5B2-01451.summary.json,PLANNED
S5B2-01452,B3_C1_CONTINUOUS_DISJOINT,B3;C1,H6,H6,SENS_INACTIVE,20260213,500,common_disjoint_continuous,141000000000000.0,21.5,10000.0,600.0,0.42,homogeneous,2.0,0.05,0.0,disjoint_equal,86bfc753aee72232,598501c80abf4217,3e5b3fe15cb8a373,False,False,results/thesis_revision_v43/stage_05b2/raw/S5B2-01452.summary.json,PLANNED
S5B2-01453,B3_C1_CONTINUOUS_DISJOINT,B3;C1,H6,H6,SENS_INACTIVE,20260214,500,common_disjoint_continuous,141000000000000.0,21.5,10000.0,600.0,0.42,homogeneous,2.0,0.05,0.0,disjoint_equal,b5368263e173efdb,e0cc304e07679e28,3e5b3fe15cb8a373,False,False,results/thesis_revision_v43/stage_05b2/raw/S5B2-01453.summary.json,PLANNED
S5B2-01454,B3_C1_CONTINUOUS_DISJOINT,B3;C1,H6,H6,SENS_INACTIVE,20260215,500,common_disjoint_continuous,141000000000000.0,21.5,10000.0,600.0,0.42,homogeneous,2.0,0.05,0.0,disjoint_equal,e5f188ff0a088a02,750b4a3712eec3c5,3e5b3fe15cb8a373,False,False,results/thesis_revision_v43/stage_05b2/raw/S5B2-01454.summary.json,PLANNED
S5B2-01455,B3_C1_CONTINUOUS_DISJOINT,B3;C1,H6,H6,SENS_INACTIVE,20260216,500,common_disjoint_continuous,141000000000000.0,21.5,10000.0,600.0,0.42,homogeneous,2.0,0.05,0.0,disjoint_equal,4bca7ea490d1b732,7383645abe3077d8,3e5b3fe15cb8a373,False,False,results/thesis_revision_v43/stage_05b2/raw/S5B2-01455.summary.json,PLANNED
S5B2-01456,B3_C1_CONTINUOUS_DISJOINT,B3;C1,H6,H6,SENS_INACTIVE,20260217,500,common_disjoint_continuous,141000000000000.0,21.5,10000.0,600.0,0.42,homogeneous,2.0,0.05,0.0,disjoint_equal,82e095d2cdf2faee,45e7d601e224b110,3e5b3fe15cb8a373,False,False,results/thesis_revision_v43/stage_05b2/raw/S5B2-01456.summary.json,PLANNED
S5B2-01457,B3_C1_CONTINUOUS_DISJOINT,B3;C1,H6,H6,SENS_INACTIVE,20260218,500,common_disjoint_continuous,141000000000000.0,21.5,10000.0,600.0,0.42,homogeneous,2.0,0.05,0.0,disjoint_equal,4a8838753cae918b,7e23b5b3b39dbf57,3e5b3fe15cb8a373,False,False,results/thesis_revision_v43/stage_05b2/raw/S5B2-01457.summary.json,PLANNED
S5B2-01458,B3_C1_CONTINUOUS_DISJOINT,B3;C1,H6,H6,SENS_INACTIVE,20260219,500,common_disjoint_continuous,141000000000000.0,21.5,10000.0,600.0,0.42,homogeneous,2.0,0.05,0.0,disjoint_equal,34f3378b1ae7fc4f,0a75a04337fe1038,3e5b3fe15cb8a373,False,False,results/thesis_revision_v43/stage_05b2/raw/S5B2-01458.summary.json,PLANNED
S5B2-01459,B3_C1_CONTINUOUS_DISJOINT,B3;C1,H6,H6,SENS_INACTIVE,20260220,500,common_disjoint_continuous,141000000000000.0,21.5,10000.0,600.0,0.42,homogeneous,2.0,0.05,0.0,disjoint_equal,208ea33d76fc1d2e,f48e427ab1a56e55,3e5b3fe15cb8a373,False,False,results/thesis_revision_v43/stage_05b2/raw/S5B2-01459.summary.json,PLANNED
S5B2-01460,B3_C1_CONTINUOUS_DISJOINT,B3;C1,H6,H6,SENS_INACTIVE,20260221,500,common_disjoint_continuous,141000000000000.0,21.5,10000.0,600.0,0.42,homogeneous,2.0,0.05,0.0,disjoint_equal,c3213e18d7df2095,109cb2fca4959916,3e5b3fe15cb8a373,False,False,results/thesis_revision_v43/stage_05b2/raw/S5B2-01460.summary.json,PLANNED
S5B2-01461,B3_C1_CONTINUOUS_DISJOINT,B3;C1,H6,H6,SENS_INACTIVE,20260222,500,common_disjoint_continuous,141000000000000.0,21.5,10000.0,600.0,0.42,homogeneous,2.0,0.05,0.0,disjoint_equal,5963d322643e1db1,ce86ec854703c421,3e5b3fe15cb8a373,False,False,results/thesis_revision_v43/stage_05b2/raw/S5B2-01461.summary.json,PLANNED
S5B2-01462,B3_C1_CONTINUOUS_DISJOINT,B3;C1,H6,H6,SENS_INACTIVE,20260223,500,common_disjoint_continuous,141000000000000.0,21.5,10000.0,600.0,0.42,homogeneous,2.0,0.05,0.0,disjoint_equal,8a05b2313ac18a4d,e84a23d9153b012a,3e5b3fe15cb8a373,False,False,results/thesis_revision_v43/stage_05b2/raw/S5B2-01462.summary.json,PLANNED
S5B2-01463,B3_C1_CONTINUOUS_DISJOINT,B3;C1,H6,H6,SENS_INACTIVE,20260224,500,common_disjoint_continuous,141000000000000.0,21.5,10000.0,600.0,0.42,homogeneous,2.0,0.05,0.0,disjoint_equal,3f7c4b4cf652ea23,7b237ca673f1b74e,3e5b3fe15cb8a373,False,False,results/thesis_revision_v43/stage_05b2/raw/S5B2-01463.summary.json,PLANNED
S5B2-01464,B3_C1_CONTINUOUS_DISJOINT,B3;C1,H6,H6,SENS_INACTIVE,20260225,500,common_disjoint_continuous,141000000000000.0,21.5,10000.0,600.0,0.42,homogeneous,2.0,0.05,0.0,disjoint_equal,d7501ecdf7841184,870f9192d3c5457f,3e5b3fe15cb8a373,False,False,results/thesis_revision_v43/stage_05b2/raw/S5B2-01464.summary.json,PLANNED
S5B2-01465,B3_C1_CONTINUOUS_DISJOINT,B3;C1,H6,H6,SENS_INACTIVE,20260226,500,common_disjoint_continuous,141000000000000.0,21.5,10000.0,600.0,0.42,homogeneous,2.0,0.05,0.0,disjoint_equal,645c871e09ee7353,d353b8ec509e4b74,3e5b3fe15cb8a373,False,False,results/thesis_revision_v43/stage_05b2/raw/S5B2-01465.summary.json,PLANNED
S5B2-01466,B3_C1_CONTINUOUS_DISJOINT,B3;C1,H6,H6,SENS_INACTIVE,20260227,500,common_disjoint_continuous,141000000000000.0,21.5,10000.0,600.0,0.42,homogeneous,2.0,0.05,0.0,disjoint_equal,e71b6088148ed473,85daf07554aa1788,3e5b3fe15cb8a373,False,False,results/thesis_revision_v43/stage_05b2/raw/S5B2-01466.summary.json,PLANNED
S5B2-01467,B3_C1_CONTINUOUS_DISJOINT,B3;C1,H6,H6,SENS_INACTIVE,20260228,500,common_disjoint_continuous,141000000000000.0,21.5,10000.0,600.0,0.42,homogeneous,2.0,0.05,0.0,disjoint_equal,9b1799889d0f8ac2,3941d8b81e16b7d8,3e5b3fe15cb8a373,False,False,results/thesis_revision_v43/stage_05b2/raw/S5B2-01467.summary.json,PLANNED
S5B2-01468,B3_C1_CONTINUOUS_DISJOINT,B3;C1,H6,H6,SENS_INACTIVE,20260229,500,common_disjoint_continuous,141000000000000.0,21.5,10000.0,600.0,0.42,homogeneous,2.0,0.05,0.0,disjoint_equal,7aef5409640721bb,79dffd0c122e2c73,3e5b3fe15cb8a373,False,False,results/thesis_revision_v43/stage_05b2/raw/S5B2-01468.summary.json,PLANNED
S5B2-01469,B3_C1_CONTINUOUS_DISJOINT,B3;C1,H6,H6,SENS_INACTIVE,20260230,500,common_disjoint_continuous,141000000000000.0,21.5,10000.0,600.0,0.42,homogeneous,2.0,0.05,0.0,disjoint_equal,a677842db23b0b13,2724f75dbba240dd,3e5b3fe15cb8a373,False,False,results/thesis_revision_v43/stage_05b2/raw/S5B2-01469.summary.json,PLANNED
S5B2-01470,B3_C1_CONTINUOUS_DISJOINT,B3;C1,H6,H6,SENS_INACTIVE,20260201,100,common_disjoint_continuous,141000000000000.0,21.5,10000.0,600.0,0.42,homogeneous,2.0,0.15,0.0,disjoint_equal,fc866c9579565306,322efbcfd5818dc7,34927578eb669b6f,False,False,results/thesis_revision_v43/stage_05b2/raw/S5B2-01470.summary.json,PLANNED
S5B2-01471,B3_C1_CONTINUOUS_DISJOINT,B3;C1,H6,H6,SENS_INACTIVE,20260202,100,common_disjoint_continuous,141000000000000.0,21.5,10000.0,600.0,0.42,homogeneous,2.0,0.15,0.0,disjoint_equal,1e09bcab9f175b09,0d2d5242800a0895,34927578eb669b6f,False,False,results/thesis_revision_v43/stage_05b2/raw/S5B2-01471.summary.json,PLANNED
S5B2-01472,B3_C1_CONTINUOUS_DISJOINT,B3;C1,H6,H6,SENS_INACTIVE,20260203,100,common_disjoint_continuous,141000000000000.0,21.5,10000.0,600.0,0.42,homogeneous,2.0,0.15,0.0,disjoint_equal,c53d0317349249f7,e0ec3019498d9f12,34927578eb669b6f,False,False,results/thesis_revision_v43/stage_05b2/raw/S5B2-01472.summary.json,PLANNED
S5B2-01473,B3_C1_CONTINUOUS_DISJOINT,B3;C1,H6,H6,SENS_INACTIVE,20260204,100,common_disjoint_continuous,141000000000000.0,21.5,10000.0,600.0,0.42,homogeneous,2.0,0.15,0.0,disjoint_equal,1d7f631407cae808,7efaa7fb419ada69,34927578eb669b6f,False,False,results/thesis_revision_v43/stage_05b2/raw/S5B2-01473.summary.json,PLANNED
S5B2-01474,B3_C1_CONTINUOUS_DISJOINT,B3;C1,H6,H6,SENS_INACTIVE,20260205,100,common_disjoint_continuous,141000000000000.0,21.5,10000.0,600.0,0.42,homogeneous,2.0,0.15,0.0,disjoint_equal,cfa0e46ef9693632,8d558086b291eb98,34927578eb669b6f,False,False,results/thesis_revision_v43/stage_05b2/raw/S5B2-01474.summary.json,PLANNED
S5B2-01475,B3_C1_CONTINUOUS_DISJOINT,B3;C1,H6,H6,SENS_INACTIVE,20260206,100,common_disjoint_continuous,141000000000000.0,21.5,10000.0,600.0,0.42,homogeneous,2.0,0.15,0.0,disjoint_equal,a8a9c926b078cee3,6c278cb39eef180e,34927578eb669b6f,False,False,results/thesis_revision_v43/stage_05b2/raw/S5B2-01475.summary.json,PLANNED
S5B2-01476,B3_C1_CONTINUOUS_DISJOINT,B3;C1,H6,H6,SENS_INACTIVE,20260207,100,common_disjoint_continuous,141000000000000.0,21.5,10000.0,600.0,0.42,homogeneous,2.0,0.15,0.0,disjoint_equal,107ea469d862bbe8,5378178882d2290c,34927578eb669b6f,False,False,results/thesis_revision_v43/stage_05b2/raw/S5B2-01476.summary.json,PLANNED
S5B2-01477,B3_C1_CONTINUOUS_DISJOINT,B3;C1,H6,H6,SENS_INACTIVE,20260208,100,common_disjoint_continuous,141000000000000.0,21.5,10000.0,600.0,0.42,homogeneous,2.0,0.15,0.0,disjoint_equal,d8ff16c8109789b7,7bbc9c4f3b60859a,34927578eb669b6f,False,False,results/thesis_revision_v43/stage_05b2/raw/S5B2-01477.summary.json,PLANNED
S5B2-01478,B3_C1_CONTINUOUS_DISJOINT,B3;C1,H6,H6,SENS_INACTIVE,20260209,100,common_disjoint_continuous,141000000000000.0,21.5,10000.0,600.0,0.42,homogeneous,2.0,0.15,0.0,disjoint_equal,e2510056bc8b6c37,5fb5faace60b226f,34927578eb669b6f,False,False,results/thesis_revision_v43/stage_05b2/raw/S5B2-01478.summary.json,PLANNED
S5B2-01479,B3_C1_CONTINUOUS_DISJOINT,B3;C1,H6,H6,SENS_INACTIVE,20260210,100,common_disjoint_continuous,141000000000000.0,21.5,10000.0,600.0,0.42,homogeneous,2.0,0.15,0.0,disjoint_equal,0a04bfd5754f001c,013bf4880ea1a561,34927578eb669b6f,False,False,results/thesis_revision_v43/stage_05b2/raw/S5B2-01479.summary.json,PLANNED
S5B2-01480,B3_C1_CONTINUOUS_DISJOINT,B3;C1,H6,H6,SENS_INACTIVE,20260211,100,common_disjoint_continuous,141000000000000.0,21.5,10000.0,600.0,0.42,homogeneous,2.0,0.15,0.0,disjoint_equal,c73b5d8293510196,901a050d9e9b8680,34927578eb669b6f,False,False,results/thesis_revision_v43/stage_05b2/raw/S5B2-01480.summary.json,PLANNED
S5B2-01481,B3_C1_CONTINUOUS_DISJOINT,B3;C1,H6,H6,SENS_INACTIVE,20260212,100,common_disjoint_continuous,141000000000000.0,21.5,10000.0,600.0,0.42,homogeneous,2.0,0.15,0.0,disjoint_equal,4c7027365d28e6af,b8f9b0f14fa4d274,34927578eb669b6f,False,False,results/thesis_revision_v43/stage_05b2/raw/S5B2-01481.summary.json,PLANNED
S5B2-01482,B3_C1_CONTINUOUS_DISJOINT,B3;C1,H6,H6,SENS_INACTIVE,20260213,100,common_disjoint_continuous,141000000000000.0,21.5,10000.0,600.0,0.42,homogeneous,2.0,0.15,0.0,disjoint_equal,bff766c8f7c08115,b54322f8f3c488c0,34927578eb669b6f,False,False,results/thesis_revision_v43/stage_05b2/raw/S5B2-01482.summary.json,PLANNED
S5B2-01483,B3_C1_CONTINUOUS_DISJOINT,B3;C1,H6,H6,SENS_INACTIVE,20260214,100,common_disjoint_continuous,141000000000000.0,21.5,10000.0,600.0,0.42,homogeneous,2.0,0.15,0.0,disjoint_equal,154d93ab8b790d29,c4ff069f88e22cbe,34927578eb669b6f,False,False,results/thesis_revision_v43/stage_05b2/raw/S5B2-01483.summary.json,PLANNED
S5B2-01484,B3_C1_CONTINUOUS_DISJOINT,B3;C1,H6,H6,SENS_INACTIVE,20260215,100,common_disjoint_continuous,141000000000000.0,21.5,10000.0,600.0,0.42,homogeneous,2.0,0.15,0.0,disjoint_equal,dc420941fdad6405,35cc7fa2ed396e9a,34927578eb669b6f,False,False,results/thesis_revision_v43/stage_05b2/raw/S5B2-01484.summary.json,PLANNED
S5B2-01485,B3_C1_CONTINUOUS_DISJOINT,B3;C1,H6,H6,SENS_INACTIVE,20260216,100,common_disjoint_continuous,141000000000000.0,21.5,10000.0,600.0,0.42,homogeneous,2.0,0.15,0.0,disjoint_equal,3697ed977257b314,e641fb54f159b128,34927578eb669b6f,False,False,results/thesis_revision_v43/stage_05b2/raw/S5B2-01485.summary.json,PLANNED
S5B2-01486,B3_C1_CONTINUOUS_DISJOINT,B3;C1,H6,H6,SENS_INACTIVE,20260217,100,common_disjoint_continuous,141000000000000.0,21.5,10000.0,600.0,0.42,homogeneous,2.0,0.15,0.0,disjoint_equal,6a04cb8f58cea298,234f83ae9202cbf2,34927578eb669b6f,False,False,results/thesis_revision_v43/stage_05b2/raw/S5B2-01486.summary.json,PLANNED
S5B2-01487,B3_C1_CONTINUOUS_DISJOINT,B3;C1,H6,H6,SENS_INACTIVE,20260218,100,common_disjoint_continuous,141000000000000.0,21.5,10000.0,600.0,0.42,homogeneous,2.0,0.15,0.0,disjoint_equal,7fab0056d380dbed,2cccab9d4be702b5,34927578eb669b6f,False,False,results/thesis_revision_v43/stage_05b2/raw/S5B2-01487.summary.json,PLANNED
S5B2-01488,B3_C1_CONTINUOUS_DISJOINT,B3;C1,H6,H6,SENS_INACTIVE,20260219,100,common_disjoint_continuous,141000000000000.0,21.5,10000.0,600.0,0.42,homogeneous,2.0,0.15,0.0,disjoint_equal,28f4645185c4d909,fd7e7f23bab043d7,34927578eb669b6f,False,False,results/thesis_revision_v43/stage_05b2/raw/S5B2-01488.summary.json,PLANNED
S5B2-01489,B3_C1_CONTINUOUS_DISJOINT,B3;C1,H6,H6,SENS_INACTIVE,20260220,100,common_disjoint_continuous,141000000000000.0,21.5,10000.0,600.0,0.42,homogeneous,2.0,0.15,0.0,disjoint_equal,5246c0ba7a31e9cc,036338a99e471581,34927578eb669b6f,False,False,results/thesis_revision_v43/stage_05b2/raw/S5B2-01489.summary.json,PLANNED
S5B2-01490,B3_C1_CONTINUOUS_DISJOINT,B3;C1,H6,H6,SENS_INACTIVE,20260221,100,common_disjoint_continuous,141000000000000.0,21.5,10000.0,600.0,0.42,homogeneous,2.0,0.15,0.0,disjoint_equal,55fe2f663cd12e78,43acbf63eaaa6548,34927578eb669b6f,False,False,results/thesis_revision_v43/stage_05b2/raw/S5B2-01490.summary.json,PLANNED
S5B2-01491,B3_C1_CONTINUOUS_DISJOINT,B3;C1,H6,H6,SENS_INACTIVE,20260222,100,common_disjoint_continuous,141000000000000.0,21.5,10000.0,600.0,0.42,homogeneous,2.0,0.15,0.0,disjoint_equal,ee2d7638bf0fac1c,1e43d3fc996f6621,34927578eb669b6f,False,False,results/thesis_revision_v43/stage_05b2/raw/S5B2-01491.summary.json,PLANNED
S5B2-01492,B3_C1_CONTINUOUS_DISJOINT,B3;C1,H6,H6,SENS_INACTIVE,20260223,100,common_disjoint_continuous,141000000000000.0,21.5,10000.0,600.0,0.42,homogeneous,2.0,0.15,0.0,disjoint_equal,953a2c4fecac3ca0,b4a224acc1fde95f,34927578eb669b6f,False,False,results/thesis_revision_v43/stage_05b2/raw/S5B2-01492.summary.json,PLANNED
S5B2-01493,B3_C1_CONTINUOUS_DISJOINT,B3;C1,H6,H6,SENS_INACTIVE,20260224,100,common_disjoint_continuous,141000000000000.0,21.5,10000.0,600.0,0.42,homogeneous,2.0,0.15,0.0,disjoint_equal,d9854921c4cb918f,413b94dfc4274b76,34927578eb669b6f,False,False,results/thesis_revision_v43/stage_05b2/raw/S5B2-01493.summary.json,PLANNED
S5B2-01494,B3_C1_CONTINUOUS_DISJOINT,B3;C1,H6,H6,SENS_INACTIVE,20260225,100,common_disjoint_continuous,141000000000000.0,21.5,10000.0,600.0,0.42,homogeneous,2.0,0.15,0.0,disjoint_equal,33fea759f170f030,28d822609e52c710,34927578eb669b6f,False,False,results/thesis_revision_v43/stage_05b2/raw/S5B2-01494.summary.json,PLANNED
S5B2-01495,B3_C1_CONTINUOUS_DISJOINT,B3;C1,H6,H6,SENS_INACTIVE,20260226,100,common_disjoint_continuous,141000000000000.0,21.5,10000.0,600.0,0.42,homogeneous,2.0,0.15,0.0,disjoint_equal,427d625bc70717fa,ea30d063803e7758,34927578eb669b6f,False,False,results/thesis_revision_v43/stage_05b2/raw/S5B2-01495.summary.json,PLANNED
S5B2-01496,B3_C1_CONTINUOUS_DISJOINT,B3;C1,H6,H6,SENS_INACTIVE,20260227,100,common_disjoint_continuous,141000000000000.0,21.5,10000.0,600.0,0.42,homogeneous,2.0,0.15,0.0,disjoint_equal,c8840bec9e2c3171,a0331c68896a9ae3,34927578eb669b6f,False,False,results/thesis_revision_v43/stage_05b2/raw/S5B2-01496.summary.json,PLANNED
S5B2-01497,B3_C1_CONTINUOUS_DISJOINT,B3;C1,H6,H6,SENS_INACTIVE,20260228,100,common_disjoint_continuous,141000000000000.0,21.5,10000.0,600.0,0.42,homogeneous,2.0,0.15,0.0,disjoint_equal,e3a24a8d1ba4bacc,45188e6d248f73f3,34927578eb669b6f,False,False,results/thesis_revision_v43/stage_05b2/raw/S5B2-01497.summary.json,PLANNED
S5B2-01498,B3_C1_CONTINUOUS_DISJOINT,B3;C1,H6,H6,SENS_INACTIVE,20260229,100,common_disjoint_continuous,141000000000000.0,21.5,10000.0,600.0,0.42,homogeneous,2.0,0.15,0.0,disjoint_equal,62a5c65ee110059f,b1fa1324dbdac7bb,34927578eb669b6f,False,False,results/thesis_revision_v43/stage_05b2/raw/S5B2-01498.summary.json,PLANNED
S5B2-01499,B3_C1_CONTINUOUS_DISJOINT,B3;C1,H6,H6,SENS_INACTIVE,20260230,100,common_disjoint_continuous,141000000000000.0,21.5,10000.0,600.0,0.42,homogeneous,2.0,0.15,0.0,disjoint_equal,1cc6255c60d079c9,ee61f783e8cca7a6,34927578eb669b6f,False,False,results/thesis_revision_v43/stage_05b2/raw/S5B2-01499.summary.json,PLANNED
S5B2-01500,B3_C1_CONTINUOUS_DISJOINT,B3;C1,H6,H6,SENS_INACTIVE,20260201,500,common_disjoint_continuous,141000000000000.0,21.5,10000.0,600.0,0.42,homogeneous,2.0,0.15,0.0,disjoint_equal,0ca182c023cb6c89,3a644f04142f25b3,ad297831c23b4372,False,True,results/thesis_revision_v43/stage_05b2/raw/S5B2-01500.summary.json,PLANNED
S5B2-01501,B3_C1_CONTINUOUS_DISJOINT,B3;C1,H6,H6,SENS_INACTIVE,20260202,500,common_disjoint_continuous,141000000000000.0,21.5,10000.0,600.0,0.42,homogeneous,2.0,0.15,0.0,disjoint_equal,0a4099aa14b1981e,5fc122fac81e56f3,ad297831c23b4372,False,False,results/thesis_revision_v43/stage_05b2/raw/S5B2-01501.summary.json,PLANNED
S5B2-01502,B3_C1_CONTINUOUS_DISJOINT,B3;C1,H6,H6,SENS_INACTIVE,20260203,500,common_disjoint_continuous,141000000000000.0,21.5,10000.0,600.0,0.42,homogeneous,2.0,0.15,0.0,disjoint_equal,9db73596fb37d821,e91c19deb6d40ab6,ad297831c23b4372,False,False,results/thesis_revision_v43/stage_05b2/raw/S5B2-01502.summary.json,PLANNED
S5B2-01503,B3_C1_CONTINUOUS_DISJOINT,B3;C1,H6,H6,SENS_INACTIVE,20260204,500,common_disjoint_continuous,141000000000000.0,21.5,10000.0,600.0,0.42,homogeneous,2.0,0.15,0.0,disjoint_equal,cdd8409c2f3fe851,fa0583aea1fd64a0,ad297831c23b4372,False,False,results/thesis_revision_v43/stage_05b2/raw/S5B2-01503.summary.json,PLANNED
S5B2-01504,B3_C1_CONTINUOUS_DISJOINT,B3;C1,H6,H6,SENS_INACTIVE,20260205,500,common_disjoint_continuous,141000000000000.0,21.5,10000.0,600.0,0.42,homogeneous,2.0,0.15,0.0,disjoint_equal,d0c87ed109b9b264,64eaa361a814149d,ad297831c23b4372,False,False,results/thesis_revision_v43/stage_05b2/raw/S5B2-01504.summary.json,PLANNED
S5B2-01505,B3_C1_CONTINUOUS_DISJOINT,B3;C1,H6,H6,SENS_INACTIVE,20260206,500,common_disjoint_continuous,141000000000000.0,21.5,10000.0,600.0,0.42,homogeneous,2.0,0.15,0.0,disjoint_equal,f29e61945158b41c,c3414aca452d3d21,ad297831c23b4372,False,False,results/thesis_revision_v43/stage_05b2/raw/S5B2-01505.summary.json,PLANNED
S5B2-01506,B3_C1_CONTINUOUS_DISJOINT,B3;C1,H6,H6,SENS_INACTIVE,20260207,500,common_disjoint_continuous,141000000000000.0,21.5,10000.0,600.0,0.42,homogeneous,2.0,0.15,0.0,disjoint_equal,f3ac0ada87b304c5,0d1ab1dd896d71b8,ad297831c23b4372,False,False,results/thesis_revision_v43/stage_05b2/raw/S5B2-01506.summary.json,PLANNED
S5B2-01507,B3_C1_CONTINUOUS_DISJOINT,B3;C1,H6,H6,SENS_INACTIVE,20260208,500,common_disjoint_continuous,141000000000000.0,21.5,10000.0,600.0,0.42,homogeneous,2.0,0.15,0.0,disjoint_equal,fb503568044e9867,ed29880b23c15487,ad297831c23b4372,False,False,results/thesis_revision_v43/stage_05b2/raw/S5B2-01507.summary.json,PLANNED
S5B2-01508,B3_C1_CONTINUOUS_DISJOINT,B3;C1,H6,H6,SENS_INACTIVE,20260209,500,common_disjoint_continuous,141000000000000.0,21.5,10000.0,600.0,0.42,homogeneous,2.0,0.15,0.0,disjoint_equal,5370d57abc7f5583,da9ff0b030073f07,ad297831c23b4372,False,False,results/thesis_revision_v43/stage_05b2/raw/S5B2-01508.summary.json,PLANNED
S5B2-01509,B3_C1_CONTINUOUS_DISJOINT,B3;C1,H6,H6,SENS_INACTIVE,20260210,500,common_disjoint_continuous,141000000000000.0,21.5,10000.0,600.0,0.42,homogeneous,2.0,0.15,0.0,disjoint_equal,368bd5845691250b,8bb43a792b6d6d07,ad297831c23b4372,False,False,results/thesis_revision_v43/stage_05b2/raw/S5B2-01509.summary.json,PLANNED
S5B2-01510,B3_C1_CONTINUOUS_DISJOINT,B3;C1,H6,H6,SENS_INACTIVE,20260211,500,common_disjoint_continuous,141000000000000.0,21.5,10000.0,600.0,0.42,homogeneous,2.0,0.15,0.0,disjoint_equal,033c06ef35d84955,d3e8ec00b9527d90,ad297831c23b4372,False,False,results/thesis_revision_v43/stage_05b2/raw/S5B2-01510.summary.json,PLANNED
S5B2-01511,B3_C1_CONTINUOUS_DISJOINT,B3;C1,H6,H6,SENS_INACTIVE,20260212,500,common_disjoint_continuous,141000000000000.0,21.5,10000.0,600.0,0.42,homogeneous,2.0,0.15,0.0,disjoint_equal,cebeb4e24720a0b5,2f12e56e92a07709,ad297831c23b4372,False,False,results/thesis_revision_v43/stage_05b2/raw/S5B2-01511.summary.json,PLANNED
S5B2-01512,B3_C1_CONTINUOUS_DISJOINT,B3;C1,H6,H6,SENS_INACTIVE,20260213,500,common_disjoint_continuous,141000000000000.0,21.5,10000.0,600.0,0.42,homogeneous,2.0,0.15,0.0,disjoint_equal,7befb5839eb1869d,70c76bec0d374493,ad297831c23b4372,False,False,results/thesis_revision_v43/stage_05b2/raw/S5B2-01512.summary.json,PLANNED
S5B2-01513,B3_C1_CONTINUOUS_DISJOINT,B3;C1,H6,H6,SENS_INACTIVE,20260214,500,common_disjoint_continuous,141000000000000.0,21.5,10000.0,600.0,0.42,homogeneous,2.0,0.15,0.0,disjoint_equal,630f2857e8a6520b,7e82b750f2690a81,ad297831c23b4372,False,False,results/thesis_revision_v43/stage_05b2/raw/S5B2-01513.summary.json,PLANNED
S5B2-01514,B3_C1_CONTINUOUS_DISJOINT,B3;C1,H6,H6,SENS_INACTIVE,20260215,500,common_disjoint_continuous,141000000000000.0,21.5,10000.0,600.0,0.42,homogeneous,2.0,0.15,0.0,disjoint_equal,51785c07f817541b,d3161741c9bca920,ad297831c23b4372,False,False,results/thesis_revision_v43/stage_05b2/raw/S5B2-01514.summary.json,PLANNED
S5B2-01515,B3_C1_CONTINUOUS_DISJOINT,B3;C1,H6,H6,SENS_INACTIVE,20260216,500,common_disjoint_continuous,141000000000000.0,21.5,10000.0,600.0,0.42,homogeneous,2.0,0.15,0.0,disjoint_equal,71ff655ba6040703,3ff2befdae1f4760,ad297831c23b4372,False,False,results/thesis_revision_v43/stage_05b2/raw/S5B2-01515.summary.json,PLANNED
S5B2-01516,B3_C1_CONTINUOUS_DISJOINT,B3;C1,H6,H6,SENS_INACTIVE,20260217,500,common_disjoint_continuous,141000000000000.0,21.5,10000.0,600.0,0.42,homogeneous,2.0,0.15,0.0,disjoint_equal,70337d44b81ece24,2ecc1c2bbc477ee4,ad297831c23b4372,False,False,results/thesis_revision_v43/stage_05b2/raw/S5B2-01516.summary.json,PLANNED
S5B2-01517,B3_C1_CONTINUOUS_DISJOINT,B3;C1,H6,H6,SENS_INACTIVE,20260218,500,common_disjoint_continuous,141000000000000.0,21.5,10000.0,600.0,0.42,homogeneous,2.0,0.15,0.0,disjoint_equal,e3323c280f198091,f847e76b6c7c7d47,ad297831c23b4372,False,False,results/thesis_revision_v43/stage_05b2/raw/S5B2-01517.summary.json,PLANNED
S5B2-01518,B3_C1_CONTINUOUS_DISJOINT,B3;C1,H6,H6,SENS_INACTIVE,20260219,500,common_disjoint_continuous,141000000000000.0,21.5,10000.0,600.0,0.42,homogeneous,2.0,0.15,0.0,disjoint_equal,13a28987c404edea,86478aa2ff1a69c6,ad297831c23b4372,False,False,results/thesis_revision_v43/stage_05b2/raw/S5B2-01518.summary.json,PLANNED
S5B2-01519,B3_C1_CONTINUOUS_DISJOINT,B3;C1,H6,H6,SENS_INACTIVE,20260220,500,common_disjoint_continuous,141000000000000.0,21.5,10000.0,600.0,0.42,homogeneous,2.0,0.15,0.0,disjoint_equal,5974de7319640b1d,b9afa81e41b5a39b,ad297831c23b4372,False,False,results/thesis_revision_v43/stage_05b2/raw/S5B2-01519.summary.json,PLANNED
S5B2-01520,B3_C1_CONTINUOUS_DISJOINT,B3;C1,H6,H6,SENS_INACTIVE,20260221,500,common_disjoint_continuous,141000000000000.0,21.5,10000.0,600.0,0.42,homogeneous,2.0,0.15,0.0,disjoint_equal,fec80446e8974a1c,bc6d0e926382cbbe,ad297831c23b4372,False,False,results/thesis_revision_v43/stage_05b2/raw/S5B2-01520.summary.json,PLANNED
S5B2-01521,B3_C1_CONTINUOUS_DISJOINT,B3;C1,H6,H6,SENS_INACTIVE,20260222,500,common_disjoint_continuous,141000000000000.0,21.5,10000.0,600.0,0.42,homogeneous,2.0,0.15,0.0,disjoint_equal,2a8eb5f3b67c5743,7686c397ca9d4d69,ad297831c23b4372,False,False,results/thesis_revision_v43/stage_05b2/raw/S5B2-01521.summary.json,PLANNED
S5B2-01522,B3_C1_CONTINUOUS_DISJOINT,B3;C1,H6,H6,SENS_INACTIVE,20260223,500,common_disjoint_continuous,141000000000000.0,21.5,10000.0,600.0,0.42,homogeneous,2.0,0.15,0.0,disjoint_equal,773ddefbdacb5c2d,3247bab47efc0619,ad297831c23b4372,False,False,results/thesis_revision_v43/stage_05b2/raw/S5B2-01522.summary.json,PLANNED
S5B2-01523,B3_C1_CONTINUOUS_DISJOINT,B3;C1,H6,H6,SENS_INACTIVE,20260224,500,common_disjoint_continuous,141000000000000.0,21.5,10000.0,600.0,0.42,homogeneous,2.0,0.15,0.0,disjoint_equal,7c02bf9f96257109,1070311f2b553fec,ad297831c23b4372,False,False,results/thesis_revision_v43/stage_05b2/raw/S5B2-01523.summary.json,PLANNED
S5B2-01524,B3_C1_CONTINUOUS_DISJOINT,B3;C1,H6,H6,SENS_INACTIVE,20260225,500,common_disjoint_continuous,141000000000000.0,21.5,10000.0,600.0,0.42,homogeneous,2.0,0.15,0.0,disjoint_equal,be3918a1917f7b40,2f55f895f786481a,ad297831c23b4372,False,False,results/thesis_revision_v43/stage_05b2/raw/S5B2-01524.summary.json,PLANNED
S5B2-01525,B3_C1_CONTINUOUS_DISJOINT,B3;C1,H6,H6,SENS_INACTIVE,20260226,500,common_disjoint_continuous,141000000000000.0,21.5,10000.0,600.0,0.42,homogeneous,2.0,0.15,0.0,disjoint_equal,dd28fc0c3c0e6c16,3fbb5648ee8e9c9a,ad297831c23b4372,False,False,results/thesis_revision_v43/stage_05b2/raw/S5B2-01525.summary.json,PLANNED
S5B2-01526,B3_C1_CONTINUOUS_DISJOINT,B3;C1,H6,H6,SENS_INACTIVE,20260227,500,common_disjoint_continuous,141000000000000.0,21.5,10000.0,600.0,0.42,homogeneous,2.0,0.15,0.0,disjoint_equal,e33885e2d1adde49,2624c69458e01fb9,ad297831c23b4372,False,False,results/thesis_revision_v43/stage_05b2/raw/S5B2-01526.summary.json,PLANNED
S5B2-01527,B3_C1_CONTINUOUS_DISJOINT,B3;C1,H6,H6,SENS_INACTIVE,20260228,500,common_disjoint_continuous,141000000000000.0,21.5,10000.0,600.0,0.42,homogeneous,2.0,0.15,0.0,disjoint_equal,532b53e6d7b8aac8,a6fa1c2aec95b91d,ad297831c23b4372,False,False,results/thesis_revision_v43/stage_05b2/raw/S5B2-01527.summary.json,PLANNED
S5B2-01528,B3_C1_CONTINUOUS_DISJOINT,B3;C1,H6,H6,SENS_INACTIVE,20260229,500,common_disjoint_continuous,141000000000000.0,21.5,10000.0,600.0,0.42,homogeneous,2.0,0.15,0.0,disjoint_equal,c71bc557225364c9,41a690a8f5a80105,ad297831c23b4372,False,False,results/thesis_revision_v43/stage_05b2/raw/S5B2-01528.summary.json,PLANNED
S5B2-01529,B3_C1_CONTINUOUS_DISJOINT,B3;C1,H6,H6,SENS_INACTIVE,20260230,500,common_disjoint_continuous,141000000000000.0,21.5,10000.0,600.0,0.42,homogeneous,2.0,0.15,0.0,disjoint_equal,7b7036bd47b65c5a,8d2d6c202ba7a1b1,ad297831c23b4372,False,False,results/thesis_revision_v43/stage_05b2/raw/S5B2-01529.summary.json,PLANNED
S5B2-01530,B3_C1_CONTINUOUS_DISJOINT,B3;C1,H6,H6,SENS_INACTIVE,20260201,100,common_disjoint_continuous,141000000000000.0,21.5,10000.0,600.0,0.42,homogeneous,2.0,0.3,0.0,disjoint_equal,f85e0a278de2fdad,80be01ad45b1d597,099aed9c471f29e8,False,False,results/thesis_revision_v43/stage_05b2/raw/S5B2-01530.summary.json,PLANNED
S5B2-01531,B3_C1_CONTINUOUS_DISJOINT,B3;C1,H6,H6,SENS_INACTIVE,20260202,100,common_disjoint_continuous,141000000000000.0,21.5,10000.0,600.0,0.42,homogeneous,2.0,0.3,0.0,disjoint_equal,a1c02bf110281c7c,9df049d0774acf04,099aed9c471f29e8,False,False,results/thesis_revision_v43/stage_05b2/raw/S5B2-01531.summary.json,PLANNED
S5B2-01532,B3_C1_CONTINUOUS_DISJOINT,B3;C1,H6,H6,SENS_INACTIVE,20260203,100,common_disjoint_continuous,141000000000000.0,21.5,10000.0,600.0,0.42,homogeneous,2.0,0.3,0.0,disjoint_equal,8c66aa145bf817e5,e6925f855d9fa3ef,099aed9c471f29e8,False,False,results/thesis_revision_v43/stage_05b2/raw/S5B2-01532.summary.json,PLANNED
S5B2-01533,B3_C1_CONTINUOUS_DISJOINT,B3;C1,H6,H6,SENS_INACTIVE,20260204,100,common_disjoint_continuous,141000000000000.0,21.5,10000.0,600.0,0.42,homogeneous,2.0,0.3,0.0,disjoint_equal,7ce5815cdce1cf5a,ac3c41a772d2b764,099aed9c471f29e8,False,False,results/thesis_revision_v43/stage_05b2/raw/S5B2-01533.summary.json,PLANNED
S5B2-01534,B3_C1_CONTINUOUS_DISJOINT,B3;C1,H6,H6,SENS_INACTIVE,20260205,100,common_disjoint_continuous,141000000000000.0,21.5,10000.0,600.0,0.42,homogeneous,2.0,0.3,0.0,disjoint_equal,a1e9ad8b6a4c81ee,02fe817083c79fd7,099aed9c471f29e8,False,False,results/thesis_revision_v43/stage_05b2/raw/S5B2-01534.summary.json,PLANNED
S5B2-01535,B3_C1_CONTINUOUS_DISJOINT,B3;C1,H6,H6,SENS_INACTIVE,20260206,100,common_disjoint_continuous,141000000000000.0,21.5,10000.0,600.0,0.42,homogeneous,2.0,0.3,0.0,disjoint_equal,592a71840450810e,131792e6ca8278c7,099aed9c471f29e8,False,False,results/thesis_revision_v43/stage_05b2/raw/S5B2-01535.summary.json,PLANNED
S5B2-01536,B3_C1_CONTINUOUS_DISJOINT,B3;C1,H6,H6,SENS_INACTIVE,20260207,100,common_disjoint_continuous,141000000000000.0,21.5,10000.0,600.0,0.42,homogeneous,2.0,0.3,0.0,disjoint_equal,86f69c576ec8ac7a,6d349754625814fc,099aed9c471f29e8,False,False,results/thesis_revision_v43/stage_05b2/raw/S5B2-01536.summary.json,PLANNED
S5B2-01537,B3_C1_CONTINUOUS_DISJOINT,B3;C1,H6,H6,SENS_INACTIVE,20260208,100,common_disjoint_continuous,141000000000000.0,21.5,10000.0,600.0,0.42,homogeneous,2.0,0.3,0.0,disjoint_equal,1c9462cce46d21cc,9925e14c1182be94,099aed9c471f29e8,False,False,results/thesis_revision_v43/stage_05b2/raw/S5B2-01537.summary.json,PLANNED
S5B2-01538,B3_C1_CONTINUOUS_DISJOINT,B3;C1,H6,H6,SENS_INACTIVE,20260209,100,common_disjoint_continuous,141000000000000.0,21.5,10000.0,600.0,0.42,homogeneous,2.0,0.3,0.0,disjoint_equal,0370f4fca54efd0d,e5a32ec4fe595e46,099aed9c471f29e8,False,False,results/thesis_revision_v43/stage_05b2/raw/S5B2-01538.summary.json,PLANNED
S5B2-01539,B3_C1_CONTINUOUS_DISJOINT,B3;C1,H6,H6,SENS_INACTIVE,20260210,100,common_disjoint_continuous,141000000000000.0,21.5,10000.0,600.0,0.42,homogeneous,2.0,0.3,0.0,disjoint_equal,4acc84093aee6719,b8fad059b48f019f,099aed9c471f29e8,False,False,results/thesis_revision_v43/stage_05b2/raw/S5B2-01539.summary.json,PLANNED
S5B2-01540,B3_C1_CONTINUOUS_DISJOINT,B3;C1,H6,H6,SENS_INACTIVE,20260211,100,common_disjoint_continuous,141000000000000.0,21.5,10000.0,600.0,0.42,homogeneous,2.0,0.3,0.0,disjoint_equal,a7b7ceac6b92f6ef,022b437a6a2f0341,099aed9c471f29e8,False,False,results/thesis_revision_v43/stage_05b2/raw/S5B2-01540.summary.json,PLANNED
S5B2-01541,B3_C1_CONTINUOUS_DISJOINT,B3;C1,H6,H6,SENS_INACTIVE,20260212,100,common_disjoint_continuous,141000000000000.0,21.5,10000.0,600.0,0.42,homogeneous,2.0,0.3,0.0,disjoint_equal,2a4bfb098f3c50cd,a2907ba1e42d8df9,099aed9c471f29e8,False,False,results/thesis_revision_v43/stage_05b2/raw/S5B2-01541.summary.json,PLANNED
S5B2-01542,B3_C1_CONTINUOUS_DISJOINT,B3;C1,H6,H6,SENS_INACTIVE,20260213,100,common_disjoint_continuous,141000000000000.0,21.5,10000.0,600.0,0.42,homogeneous,2.0,0.3,0.0,disjoint_equal,0dc46de8786655e1,c9c0fd528f1c242e,099aed9c471f29e8,False,False,results/thesis_revision_v43/stage_05b2/raw/S5B2-01542.summary.json,PLANNED
S5B2-01543,B3_C1_CONTINUOUS_DISJOINT,B3;C1,H6,H6,SENS_INACTIVE,20260214,100,common_disjoint_continuous,141000000000000.0,21.5,10000.0,600.0,0.42,homogeneous,2.0,0.3,0.0,disjoint_equal,43ac9a12efb38ae0,801206224725d1f9,099aed9c471f29e8,False,False,results/thesis_revision_v43/stage_05b2/raw/S5B2-01543.summary.json,PLANNED
S5B2-01544,B3_C1_CONTINUOUS_DISJOINT,B3;C1,H6,H6,SENS_INACTIVE,20260215,100,common_disjoint_continuous,141000000000000.0,21.5,10000.0,600.0,0.42,homogeneous,2.0,0.3,0.0,disjoint_equal,3d038680555b9d39,f6756ef94db71ba3,099aed9c471f29e8,False,False,results/thesis_revision_v43/stage_05b2/raw/S5B2-01544.summary.json,PLANNED
S5B2-01545,B3_C1_CONTINUOUS_DISJOINT,B3;C1,H6,H6,SENS_INACTIVE,20260216,100,common_disjoint_continuous,141000000000000.0,21.5,10000.0,600.0,0.42,homogeneous,2.0,0.3,0.0,disjoint_equal,66c49240e9ddbf33,936839591193026d,099aed9c471f29e8,False,False,results/thesis_revision_v43/stage_05b2/raw/S5B2-01545.summary.json,PLANNED
S5B2-01546,B3_C1_CONTINUOUS_DISJOINT,B3;C1,H6,H6,SENS_INACTIVE,20260217,100,common_disjoint_continuous,141000000000000.0,21.5,10000.0,600.0,0.42,homogeneous,2.0,0.3,0.0,disjoint_equal,f113166167c9dd0e,d23f0b3642f3cf93,099aed9c471f29e8,False,False,results/thesis_revision_v43/stage_05b2/raw/S5B2-01546.summary.json,PLANNED
S5B2-01547,B3_C1_CONTINUOUS_DISJOINT,B3;C1,H6,H6,SENS_INACTIVE,20260218,100,common_disjoint_continuous,141000000000000.0,21.5,10000.0,600.0,0.42,homogeneous,2.0,0.3,0.0,disjoint_equal,60d436463880f8a2,b00285a5ed5f71f3,099aed9c471f29e8,False,False,results/thesis_revision_v43/stage_05b2/raw/S5B2-01547.summary.json,PLANNED
S5B2-01548,B3_C1_CONTINUOUS_DISJOINT,B3;C1,H6,H6,SENS_INACTIVE,20260219,100,common_disjoint_continuous,141000000000000.0,21.5,10000.0,600.0,0.42,homogeneous,2.0,0.3,0.0,disjoint_equal,feefa5ffc8a592a2,4c8aacb1326888fb,099aed9c471f29e8,False,False,results/thesis_revision_v43/stage_05b2/raw/S5B2-01548.summary.json,PLANNED
S5B2-01549,B3_C1_CONTINUOUS_DISJOINT,B3;C1,H6,H6,SENS_INACTIVE,20260220,100,common_disjoint_continuous,141000000000000.0,21.5,10000.0,600.0,0.42,homogeneous,2.0,0.3,0.0,disjoint_equal,e71c37300143b782,bc130111302bb33f,099aed9c471f29e8,False,False,results/thesis_revision_v43/stage_05b2/raw/S5B2-01549.summary.json,PLANNED
S5B2-01550,B3_C1_CONTINUOUS_DISJOINT,B3;C1,H6,H6,SENS_INACTIVE,20260221,100,common_disjoint_continuous,141000000000000.0,21.5,10000.0,600.0,0.42,homogeneous,2.0,0.3,0.0,disjoint_equal,1ee58ec3d4675f74,e5377413aaa58675,099aed9c471f29e8,False,False,results/thesis_revision_v43/stage_05b2/raw/S5B2-01550.summary.json,PLANNED
S5B2-01551,B3_C1_CONTINUOUS_DISJOINT,B3;C1,H6,H6,SENS_INACTIVE,20260222,100,common_disjoint_continuous,141000000000000.0,21.5,10000.0,600.0,0.42,homogeneous,2.0,0.3,0.0,disjoint_equal,69089e07e2e30a34,37f8031ed7a0c177,099aed9c471f29e8,False,False,results/thesis_revision_v43/stage_05b2/raw/S5B2-01551.summary.json,PLANNED
S5B2-01552,B3_C1_CONTINUOUS_DISJOINT,B3;C1,H6,H6,SENS_INACTIVE,20260223,100,common_disjoint_continuous,141000000000000.0,21.5,10000.0,600.0,0.42,homogeneous,2.0,0.3,0.0,disjoint_equal,93061e392c201935,33dd867745edb06a,099aed9c471f29e8,False,False,results/thesis_revision_v43/stage_05b2/raw/S5B2-01552.summary.json,PLANNED
S5B2-01553,B3_C1_CONTINUOUS_DISJOINT,B3;C1,H6,H6,SENS_INACTIVE,20260224,100,common_disjoint_continuous,141000000000000.0,21.5,10000.0,600.0,0.42,homogeneous,2.0,0.3,0.0,disjoint_equal,52d9e8def2edbb4e,d363710531742e1d,099aed9c471f29e8,False,False,results/thesis_revision_v43/stage_05b2/raw/S5B2-01553.summary.json,PLANNED
S5B2-01554,B3_C1_CONTINUOUS_DISJOINT,B3;C1,H6,H6,SENS_INACTIVE,20260225,100,common_disjoint_continuous,141000000000000.0,21.5,10000.0,600.0,0.42,homogeneous,2.0,0.3,0.0,disjoint_equal,71bf28fdd0ec9e32,9fd37ae88d4dcc7a,099aed9c471f29e8,False,False,results/thesis_revision_v43/stage_05b2/raw/S5B2-01554.summary.json,PLANNED
S5B2-01555,B3_C1_CONTINUOUS_DISJOINT,B3;C1,H6,H6,SENS_INACTIVE,20260226,100,common_disjoint_continuous,141000000000000.0,21.5,10000.0,600.0,0.42,homogeneous,2.0,0.3,0.0,disjoint_equal,af48223b1a1c0f6f,f8f778bd7eb46fea,099aed9c471f29e8,False,False,results/thesis_revision_v43/stage_05b2/raw/S5B2-01555.summary.json,PLANNED
S5B2-01556,B3_C1_CONTINUOUS_DISJOINT,B3;C1,H6,H6,SENS_INACTIVE,20260227,100,common_disjoint_continuous,141000000000000.0,21.5,10000.0,600.0,0.42,homogeneous,2.0,0.3,0.0,disjoint_equal,23452ec347254d42,99d9b69a115c5374,099aed9c471f29e8,False,False,results/thesis_revision_v43/stage_05b2/raw/S5B2-01556.summary.json,PLANNED
S5B2-01557,B3_C1_CONTINUOUS_DISJOINT,B3;C1,H6,H6,SENS_INACTIVE,20260228,100,common_disjoint_continuous,141000000000000.0,21.5,10000.0,600.0,0.42,homogeneous,2.0,0.3,0.0,disjoint_equal,678d8d09ab5c744a,f68312782df93bba,099aed9c471f29e8,False,False,results/thesis_revision_v43/stage_05b2/raw/S5B2-01557.summary.json,PLANNED
S5B2-01558,B3_C1_CONTINUOUS_DISJOINT,B3;C1,H6,H6,SENS_INACTIVE,20260229,100,common_disjoint_continuous,141000000000000.0,21.5,10000.0,600.0,0.42,homogeneous,2.0,0.3,0.0,disjoint_equal,8574be105742b0d1,0644674c537e9ada,099aed9c471f29e8,False,False,results/thesis_revision_v43/stage_05b2/raw/S5B2-01558.summary.json,PLANNED
S5B2-01559,B3_C1_CONTINUOUS_DISJOINT,B3;C1,H6,H6,SENS_INACTIVE,20260230,100,common_disjoint_continuous,141000000000000.0,21.5,10000.0,600.0,0.42,homogeneous,2.0,0.3,0.0,disjoint_equal,f294f2e225021dd1,113e10e540137183,099aed9c471f29e8,False,False,results/thesis_revision_v43/stage_05b2/raw/S5B2-01559.summary.json,PLANNED
S5B2-01560,B3_C1_CONTINUOUS_DISJOINT,B3;C1,H6,H6,SENS_INACTIVE,20260201,500,common_disjoint_continuous,141000000000000.0,21.5,10000.0,600.0,0.42,homogeneous,2.0,0.3,0.0,disjoint_equal,24b031c613fb4847,5d74f7cc555c7975,8b315a220751bab5,False,False,results/thesis_revision_v43/stage_05b2/raw/S5B2-01560.summary.json,PLANNED
S5B2-01561,B3_C1_CONTINUOUS_DISJOINT,B3;C1,H6,H6,SENS_INACTIVE,20260202,500,common_disjoint_continuous,141000000000000.0,21.5,10000.0,600.0,0.42,homogeneous,2.0,0.3,0.0,disjoint_equal,f7ed83a40cffa5dc,fe19139396864a93,8b315a220751bab5,False,False,results/thesis_revision_v43/stage_05b2/raw/S5B2-01561.summary.json,PLANNED
S5B2-01562,B3_C1_CONTINUOUS_DISJOINT,B3;C1,H6,H6,SENS_INACTIVE,20260203,500,common_disjoint_continuous,141000000000000.0,21.5,10000.0,600.0,0.42,homogeneous,2.0,0.3,0.0,disjoint_equal,c26a2d78e8c30598,a1e773605757ce99,8b315a220751bab5,False,False,results/thesis_revision_v43/stage_05b2/raw/S5B2-01562.summary.json,PLANNED
S5B2-01563,B3_C1_CONTINUOUS_DISJOINT,B3;C1,H6,H6,SENS_INACTIVE,20260204,500,common_disjoint_continuous,141000000000000.0,21.5,10000.0,600.0,0.42,homogeneous,2.0,0.3,0.0,disjoint_equal,75a4d534138aa7af,3f01718085414bef,8b315a220751bab5,False,False,results/thesis_revision_v43/stage_05b2/raw/S5B2-01563.summary.json,PLANNED
S5B2-01564,B3_C1_CONTINUOUS_DISJOINT,B3;C1,H6,H6,SENS_INACTIVE,20260205,500,common_disjoint_continuous,141000000000000.0,21.5,10000.0,600.0,0.42,homogeneous,2.0,0.3,0.0,disjoint_equal,5b7e2a05b5d6fedc,4c068ab9f65b8dcc,8b315a220751bab5,False,False,results/thesis_revision_v43/stage_05b2/raw/S5B2-01564.summary.json,PLANNED
S5B2-01565,B3_C1_CONTINUOUS_DISJOINT,B3;C1,H6,H6,SENS_INACTIVE,20260206,500,common_disjoint_continuous,141000000000000.0,21.5,10000.0,600.0,0.42,homogeneous,2.0,0.3,0.0,disjoint_equal,7db527a198e2e1e6,db2e2352c528f5d0,8b315a220751bab5,False,False,results/thesis_revision_v43/stage_05b2/raw/S5B2-01565.summary.json,PLANNED
S5B2-01566,B3_C1_CONTINUOUS_DISJOINT,B3;C1,H6,H6,SENS_INACTIVE,20260207,500,common_disjoint_continuous,141000000000000.0,21.5,10000.0,600.0,0.42,homogeneous,2.0,0.3,0.0,disjoint_equal,447528676b433ff6,0de2eb27d66826df,8b315a220751bab5,False,False,results/thesis_revision_v43/stage_05b2/raw/S5B2-01566.summary.json,PLANNED
S5B2-01567,B3_C1_CONTINUOUS_DISJOINT,B3;C1,H6,H6,SENS_INACTIVE,20260208,500,common_disjoint_continuous,141000000000000.0,21.5,10000.0,600.0,0.42,homogeneous,2.0,0.3,0.0,disjoint_equal,c19462f929221184,187c0612afee6a7d,8b315a220751bab5,False,False,results/thesis_revision_v43/stage_05b2/raw/S5B2-01567.summary.json,PLANNED
S5B2-01568,B3_C1_CONTINUOUS_DISJOINT,B3;C1,H6,H6,SENS_INACTIVE,20260209,500,common_disjoint_continuous,141000000000000.0,21.5,10000.0,600.0,0.42,homogeneous,2.0,0.3,0.0,disjoint_equal,45d5e94010756e85,be5329982897c456,8b315a220751bab5,False,False,results/thesis_revision_v43/stage_05b2/raw/S5B2-01568.summary.json,PLANNED
S5B2-01569,B3_C1_CONTINUOUS_DISJOINT,B3;C1,H6,H6,SENS_INACTIVE,20260210,500,common_disjoint_continuous,141000000000000.0,21.5,10000.0,600.0,0.42,homogeneous,2.0,0.3,0.0,disjoint_equal,02c03d25d2842631,15854f933593a81e,8b315a220751bab5,False,False,results/thesis_revision_v43/stage_05b2/raw/S5B2-01569.summary.json,PLANNED
S5B2-01570,B3_C1_CONTINUOUS_DISJOINT,B3;C1,H6,H6,SENS_INACTIVE,20260211,500,common_disjoint_continuous,141000000000000.0,21.5,10000.0,600.0,0.42,homogeneous,2.0,0.3,0.0,disjoint_equal,f4b5bff06984570a,46d0765be59cd57b,8b315a220751bab5,False,False,results/thesis_revision_v43/stage_05b2/raw/S5B2-01570.summary.json,PLANNED
S5B2-01571,B3_C1_CONTINUOUS_DISJOINT,B3;C1,H6,H6,SENS_INACTIVE,20260212,500,common_disjoint_continuous,141000000000000.0,21.5,10000.0,600.0,0.42,homogeneous,2.0,0.3,0.0,disjoint_equal,cee169aa9b5d3c1a,e1ae27b08e8069ef,8b315a220751bab5,False,False,results/thesis_revision_v43/stage_05b2/raw/S5B2-01571.summary.json,PLANNED
S5B2-01572,B3_C1_CONTINUOUS_DISJOINT,B3;C1,H6,H6,SENS_INACTIVE,20260213,500,common_disjoint_continuous,141000000000000.0,21.5,10000.0,600.0,0.42,homogeneous,2.0,0.3,0.0,disjoint_equal,329deaea03138fa8,90e886d80e59ffce,8b315a220751bab5,False,False,results/thesis_revision_v43/stage_05b2/raw/S5B2-01572.summary.json,PLANNED
S5B2-01573,B3_C1_CONTINUOUS_DISJOINT,B3;C1,H6,H6,SENS_INACTIVE,20260214,500,common_disjoint_continuous,141000000000000.0,21.5,10000.0,600.0,0.42,homogeneous,2.0,0.3,0.0,disjoint_equal,bde97069ac7f7765,c7541d44c65576e5,8b315a220751bab5,False,False,results/thesis_revision_v43/stage_05b2/raw/S5B2-01573.summary.json,PLANNED
S5B2-01574,B3_C1_CONTINUOUS_DISJOINT,B3;C1,H6,H6,SENS_INACTIVE,20260215,500,common_disjoint_continuous,141000000000000.0,21.5,10000.0,600.0,0.42,homogeneous,2.0,0.3,0.0,disjoint_equal,88288e4ef2b67091,885e22dc54530807,8b315a220751bab5,False,False,results/thesis_revision_v43/stage_05b2/raw/S5B2-01574.summary.json,PLANNED
S5B2-01575,B3_C1_CONTINUOUS_DISJOINT,B3;C1,H6,H6,SENS_INACTIVE,20260216,500,common_disjoint_continuous,141000000000000.0,21.5,10000.0,600.0,0.42,homogeneous,2.0,0.3,0.0,disjoint_equal,04f618de887be40c,4ec67187c1a44284,8b315a220751bab5,False,False,results/thesis_revision_v43/stage_05b2/raw/S5B2-01575.summary.json,PLANNED
S5B2-01576,B3_C1_CONTINUOUS_DISJOINT,B3;C1,H6,H6,SENS_INACTIVE,20260217,500,common_disjoint_continuous,141000000000000.0,21.5,10000.0,600.0,0.42,homogeneous,2.0,0.3,0.0,disjoint_equal,83923dfc5fd3592b,2492fa73414f9106,8b315a220751bab5,False,False,results/thesis_revision_v43/stage_05b2/raw/S5B2-01576.summary.json,PLANNED
S5B2-01577,B3_C1_CONTINUOUS_DISJOINT,B3;C1,H6,H6,SENS_INACTIVE,20260218,500,common_disjoint_continuous,141000000000000.0,21.5,10000.0,600.0,0.42,homogeneous,2.0,0.3,0.0,disjoint_equal,141f1b806370edb2,23f05b387fb87129,8b315a220751bab5,False,False,results/thesis_revision_v43/stage_05b2/raw/S5B2-01577.summary.json,PLANNED
S5B2-01578,B3_C1_CONTINUOUS_DISJOINT,B3;C1,H6,H6,SENS_INACTIVE,20260219,500,common_disjoint_continuous,141000000000000.0,21.5,10000.0,600.0,0.42,homogeneous,2.0,0.3,0.0,disjoint_equal,8faffd4d71bcde50,60be997c5efeeb1f,8b315a220751bab5,False,False,results/thesis_revision_v43/stage_05b2/raw/S5B2-01578.summary.json,PLANNED
S5B2-01579,B3_C1_CONTINUOUS_DISJOINT,B3;C1,H6,H6,SENS_INACTIVE,20260220,500,common_disjoint_continuous,141000000000000.0,21.5,10000.0,600.0,0.42,homogeneous,2.0,0.3,0.0,disjoint_equal,fd242b75b7c69bed,a205aecfe8e67050,8b315a220751bab5,False,False,results/thesis_revision_v43/stage_05b2/raw/S5B2-01579.summary.json,PLANNED
S5B2-01580,B3_C1_CONTINUOUS_DISJOINT,B3;C1,H6,H6,SENS_INACTIVE,20260221,500,common_disjoint_continuous,141000000000000.0,21.5,10000.0,600.0,0.42,homogeneous,2.0,0.3,0.0,disjoint_equal,40ce6e79c0d0b5ad,68e1fe04d2fb91b7,8b315a220751bab5,False,False,results/thesis_revision_v43/stage_05b2/raw/S5B2-01580.summary.json,PLANNED
S5B2-01581,B3_C1_CONTINUOUS_DISJOINT,B3;C1,H6,H6,SENS_INACTIVE,20260222,500,common_disjoint_continuous,141000000000000.0,21.5,10000.0,600.0,0.42,homogeneous,2.0,0.3,0.0,disjoint_equal,fa7d7577cd5117f7,66f7e7f0a75602fa,8b315a220751bab5,False,False,results/thesis_revision_v43/stage_05b2/raw/S5B2-01581.summary.json,PLANNED
S5B2-01582,B3_C1_CONTINUOUS_DISJOINT,B3;C1,H6,H6,SENS_INACTIVE,20260223,500,common_disjoint_continuous,141000000000000.0,21.5,10000.0,600.0,0.42,homogeneous,2.0,0.3,0.0,disjoint_equal,1456e9d47845a9ee,3566dd0048fb9075,8b315a220751bab5,False,False,results/thesis_revision_v43/stage_05b2/raw/S5B2-01582.summary.json,PLANNED
S5B2-01583,B3_C1_CONTINUOUS_DISJOINT,B3;C1,H6,H6,SENS_INACTIVE,20260224,500,common_disjoint_continuous,141000000000000.0,21.5,10000.0,600.0,0.42,homogeneous,2.0,0.3,0.0,disjoint_equal,a9cf6bda5ad959b5,bfdd4b60e92c1eb0,8b315a220751bab5,False,False,results/thesis_revision_v43/stage_05b2/raw/S5B2-01583.summary.json,PLANNED
S5B2-01584,B3_C1_CONTINUOUS_DISJOINT,B3;C1,H6,H6,SENS_INACTIVE,20260225,500,common_disjoint_continuous,141000000000000.0,21.5,10000.0,600.0,0.42,homogeneous,2.0,0.3,0.0,disjoint_equal,742fa859e57075e0,cd632950bc141012,8b315a220751bab5,False,False,results/thesis_revision_v43/stage_05b2/raw/S5B2-01584.summary.json,PLANNED
S5B2-01585,B3_C1_CONTINUOUS_DISJOINT,B3;C1,H6,H6,SENS_INACTIVE,20260226,500,common_disjoint_continuous,141000000000000.0,21.5,10000.0,600.0,0.42,homogeneous,2.0,0.3,0.0,disjoint_equal,fe5bbf41b01ff04c,4612b8ba21843c56,8b315a220751bab5,False,False,results/thesis_revision_v43/stage_05b2/raw/S5B2-01585.summary.json,PLANNED
S5B2-01586,B3_C1_CONTINUOUS_DISJOINT,B3;C1,H6,H6,SENS_INACTIVE,20260227,500,common_disjoint_continuous,141000000000000.0,21.5,10000.0,600.0,0.42,homogeneous,2.0,0.3,0.0,disjoint_equal,c1dc39f3c373b274,10e1991fe06c5344,8b315a220751bab5,False,False,results/thesis_revision_v43/stage_05b2/raw/S5B2-01586.summary.json,PLANNED
S5B2-01587,B3_C1_CONTINUOUS_DISJOINT,B3;C1,H6,H6,SENS_INACTIVE,20260228,500,common_disjoint_continuous,141000000000000.0,21.5,10000.0,600.0,0.42,homogeneous,2.0,0.3,0.0,disjoint_equal,518ca8c3afbebe2a,d044424861b50d80,8b315a220751bab5,False,False,results/thesis_revision_v43/stage_05b2/raw/S5B2-01587.summary.json,PLANNED
S5B2-01588,B3_C1_CONTINUOUS_DISJOINT,B3;C1,H6,H6,SENS_INACTIVE,20260229,500,common_disjoint_continuous,141000000000000.0,21.5,10000.0,600.0,0.42,homogeneous,2.0,0.3,0.0,disjoint_equal,eed89b33c841ba3d,646054c96ef9dc79,8b315a220751bab5,False,False,results/thesis_revision_v43/stage_05b2/raw/S5B2-01588.summary.json,PLANNED
S5B2-01589,B3_C1_CONTINUOUS_DISJOINT,B3;C1,H6,H6,SENS_INACTIVE,20260230,500,common_disjoint_continuous,141000000000000.0,21.5,10000.0,600.0,0.42,homogeneous,2.0,0.3,0.0,disjoint_equal,e64a139da86a6141,cd18a00825f83212,8b315a220751bab5,False,False,results/thesis_revision_v43/stage_05b2/raw/S5B2-01589.summary.json,PLANNED
S5B2-01590,B3_C1_CONTINUOUS_DISJOINT,B3;C1,H7,H7,SENS_DELAY,20260201,100,common_disjoint_continuous,141000000000000.0,21.5,10000.0,600.0,0.0,homogeneous,2.0,0.0,0.0,disjoint_equal,14117fbbaaec5ba7,1c04baedbb319a72,9685a542c0144444,False,False,results/thesis_revision_v43/stage_05b2/raw/S5B2-01590.summary.json,PLANNED
S5B2-01591,B3_C1_CONTINUOUS_DISJOINT,B3;C1,H7,H7,SENS_DELAY,20260202,100,common_disjoint_continuous,141000000000000.0,21.5,10000.0,600.0,0.0,homogeneous,2.0,0.0,0.0,disjoint_equal,ddfdcf4a4d5b8746,3ae5cb5be962bda2,9685a542c0144444,False,False,results/thesis_revision_v43/stage_05b2/raw/S5B2-01591.summary.json,PLANNED
S5B2-01592,B3_C1_CONTINUOUS_DISJOINT,B3;C1,H7,H7,SENS_DELAY,20260203,100,common_disjoint_continuous,141000000000000.0,21.5,10000.0,600.0,0.0,homogeneous,2.0,0.0,0.0,disjoint_equal,b8da69d921e39740,abd4bedad029839e,9685a542c0144444,False,False,results/thesis_revision_v43/stage_05b2/raw/S5B2-01592.summary.json,PLANNED
S5B2-01593,B3_C1_CONTINUOUS_DISJOINT,B3;C1,H7,H7,SENS_DELAY,20260204,100,common_disjoint_continuous,141000000000000.0,21.5,10000.0,600.0,0.0,homogeneous,2.0,0.0,0.0,disjoint_equal,43adef6e316cfcb3,fcd041769f76fbfc,9685a542c0144444,False,False,results/thesis_revision_v43/stage_05b2/raw/S5B2-01593.summary.json,PLANNED
S5B2-01594,B3_C1_CONTINUOUS_DISJOINT,B3;C1,H7,H7,SENS_DELAY,20260205,100,common_disjoint_continuous,141000000000000.0,21.5,10000.0,600.0,0.0,homogeneous,2.0,0.0,0.0,disjoint_equal,f55b564144cfd059,51d0d4e1452d8ad9,9685a542c0144444,False,False,results/thesis_revision_v43/stage_05b2/raw/S5B2-01594.summary.json,PLANNED
S5B2-01595,B3_C1_CONTINUOUS_DISJOINT,B3;C1,H7,H7,SENS_DELAY,20260206,100,common_disjoint_continuous,141000000000000.0,21.5,10000.0,600.0,0.0,homogeneous,2.0,0.0,0.0,disjoint_equal,b72aa62b1c8f7654,0a4217cf404ec89f,9685a542c0144444,False,False,results/thesis_revision_v43/stage_05b2/raw/S5B2-01595.summary.json,PLANNED
S5B2-01596,B3_C1_CONTINUOUS_DISJOINT,B3;C1,H7,H7,SENS_DELAY,20260207,100,common_disjoint_continuous,141000000000000.0,21.5,10000.0,600.0,0.0,homogeneous,2.0,0.0,0.0,disjoint_equal,b0a3550d80603f7c,735d0e3f37c0a1ea,9685a542c0144444,False,False,results/thesis_revision_v43/stage_05b2/raw/S5B2-01596.summary.json,PLANNED
S5B2-01597,B3_C1_CONTINUOUS_DISJOINT,B3;C1,H7,H7,SENS_DELAY,20260208,100,common_disjoint_continuous,141000000000000.0,21.5,10000.0,600.0,0.0,homogeneous,2.0,0.0,0.0,disjoint_equal,52618dba1c810ca9,75b1d3a30f22d6d6,9685a542c0144444,False,False,results/thesis_revision_v43/stage_05b2/raw/S5B2-01597.summary.json,PLANNED
S5B2-01598,B3_C1_CONTINUOUS_DISJOINT,B3;C1,H7,H7,SENS_DELAY,20260209,100,common_disjoint_continuous,141000000000000.0,21.5,10000.0,600.0,0.0,homogeneous,2.0,0.0,0.0,disjoint_equal,85881971c9161909,f2a5ca3c82478186,9685a542c0144444,False,False,results/thesis_revision_v43/stage_05b2/raw/S5B2-01598.summary.json,PLANNED
S5B2-01599,B3_C1_CONTINUOUS_DISJOINT,B3;C1,H7,H7,SENS_DELAY,20260210,100,common_disjoint_continuous,141000000000000.0,21.5,10000.0,600.0,0.0,homogeneous,2.0,0.0,0.0,disjoint_equal,0cef4500150ebe52,dc22c9fe046615fc,9685a542c0144444,False,False,results/thesis_revision_v43/stage_05b2/raw/S5B2-01599.summary.json,PLANNED
S5B2-01600,B3_C1_CONTINUOUS_DISJOINT,B3;C1,H7,H7,SENS_DELAY,20260211,100,common_disjoint_continuous,141000000000000.0,21.5,10000.0,600.0,0.0,homogeneous,2.0,0.0,0.0,disjoint_equal,c1fbc454e283a0e3,917af99fd0d5796d,9685a542c0144444,False,True,results/thesis_revision_v43/stage_05b2/raw/S5B2-01600.summary.json,PLANNED
S5B2-01601,B3_C1_CONTINUOUS_DISJOINT,B3;C1,H7,H7,SENS_DELAY,20260212,100,common_disjoint_continuous,141000000000000.0,21.5,10000.0,600.0,0.0,homogeneous,2.0,0.0,0.0,disjoint_equal,42d1dd69f720b79b,3755c20b16e049a2,9685a542c0144444,False,False,results/thesis_revision_v43/stage_05b2/raw/S5B2-01601.summary.json,PLANNED
S5B2-01602,B3_C1_CONTINUOUS_DISJOINT,B3;C1,H7,H7,SENS_DELAY,20260213,100,common_disjoint_continuous,141000000000000.0,21.5,10000.0,600.0,0.0,homogeneous,2.0,0.0,0.0,disjoint_equal,e27d52c100351af1,dd45cca4a4ee2448,9685a542c0144444,False,False,results/thesis_revision_v43/stage_05b2/raw/S5B2-01602.summary.json,PLANNED
S5B2-01603,B3_C1_CONTINUOUS_DISJOINT,B3;C1,H7,H7,SENS_DELAY,20260214,100,common_disjoint_continuous,141000000000000.0,21.5,10000.0,600.0,0.0,homogeneous,2.0,0.0,0.0,disjoint_equal,58aded059aaeaf3f,bb91f69b74454047,9685a542c0144444,False,False,results/thesis_revision_v43/stage_05b2/raw/S5B2-01603.summary.json,PLANNED
S5B2-01604,B3_C1_CONTINUOUS_DISJOINT,B3;C1,H7,H7,SENS_DELAY,20260215,100,common_disjoint_continuous,141000000000000.0,21.5,10000.0,600.0,0.0,homogeneous,2.0,0.0,0.0,disjoint_equal,4374e44b250202a9,c6251c553e996a0c,9685a542c0144444,False,False,results/thesis_revision_v43/stage_05b2/raw/S5B2-01604.summary.json,PLANNED
S5B2-01605,B3_C1_CONTINUOUS_DISJOINT,B3;C1,H7,H7,SENS_DELAY,20260216,100,common_disjoint_continuous,141000000000000.0,21.5,10000.0,600.0,0.0,homogeneous,2.0,0.0,0.0,disjoint_equal,7dc014af1928e72a,a2ee91549fe3ad97,9685a542c0144444,False,False,results/thesis_revision_v43/stage_05b2/raw/S5B2-01605.summary.json,PLANNED
S5B2-01606,B3_C1_CONTINUOUS_DISJOINT,B3;C1,H7,H7,SENS_DELAY,20260217,100,common_disjoint_continuous,141000000000000.0,21.5,10000.0,600.0,0.0,homogeneous,2.0,0.0,0.0,disjoint_equal,022e77fbd4a7b029,b106dca013ff0efb,9685a542c0144444,False,False,results/thesis_revision_v43/stage_05b2/raw/S5B2-01606.summary.json,PLANNED
S5B2-01607,B3_C1_CONTINUOUS_DISJOINT,B3;C1,H7,H7,SENS_DELAY,20260218,100,common_disjoint_continuous,141000000000000.0,21.5,10000.0,600.0,0.0,homogeneous,2.0,0.0,0.0,disjoint_equal,0ab930d353394258,70ebd67756d05723,9685a542c0144444,False,False,results/thesis_revision_v43/stage_05b2/raw/S5B2-01607.summary.json,PLANNED
S5B2-01608,B3_C1_CONTINUOUS_DISJOINT,B3;C1,H7,H7,SENS_DELAY,20260219,100,common_disjoint_continuous,141000000000000.0,21.5,10000.0,600.0,0.0,homogeneous,2.0,0.0,0.0,disjoint_equal,f83d42c1b4b8ba8d,fa8c87051fb6bf27,9685a542c0144444,False,False,results/thesis_revision_v43/stage_05b2/raw/S5B2-01608.summary.json,PLANNED
S5B2-01609,B3_C1_CONTINUOUS_DISJOINT,B3;C1,H7,H7,SENS_DELAY,20260220,100,common_disjoint_continuous,141000000000000.0,21.5,10000.0,600.0,0.0,homogeneous,2.0,0.0,0.0,disjoint_equal,25b631b4329a079c,fa9da37f08cc434d,9685a542c0144444,False,False,results/thesis_revision_v43/stage_05b2/raw/S5B2-01609.summary.json,PLANNED
S5B2-01610,B3_C1_CONTINUOUS_DISJOINT,B3;C1,H7,H7,SENS_DELAY,20260221,100,common_disjoint_continuous,141000000000000.0,21.5,10000.0,600.0,0.0,homogeneous,2.0,0.0,0.0,disjoint_equal,085789440a685778,3678ec44735e0c93,9685a542c0144444,False,False,results/thesis_revision_v43/stage_05b2/raw/S5B2-01610.summary.json,PLANNED
S5B2-01611,B3_C1_CONTINUOUS_DISJOINT,B3;C1,H7,H7,SENS_DELAY,20260222,100,common_disjoint_continuous,141000000000000.0,21.5,10000.0,600.0,0.0,homogeneous,2.0,0.0,0.0,disjoint_equal,4287712c39a3501a,7d7b298e5d2aa21c,9685a542c0144444,False,False,results/thesis_revision_v43/stage_05b2/raw/S5B2-01611.summary.json,PLANNED
S5B2-01612,B3_C1_CONTINUOUS_DISJOINT,B3;C1,H7,H7,SENS_DELAY,20260223,100,common_disjoint_continuous,141000000000000.0,21.5,10000.0,600.0,0.0,homogeneous,2.0,0.0,0.0,disjoint_equal,5e052f251a4da8b7,76334e595a7a2951,9685a542c0144444,False,False,results/thesis_revision_v43/stage_05b2/raw/S5B2-01612.summary.json,PLANNED
S5B2-01613,B3_C1_CONTINUOUS_DISJOINT,B3;C1,H7,H7,SENS_DELAY,20260224,100,common_disjoint_continuous,141000000000000.0,21.5,10000.0,600.0,0.0,homogeneous,2.0,0.0,0.0,disjoint_equal,7b3739b7e1226dcc,e151b01cde9e964c,9685a542c0144444,False,False,results/thesis_revision_v43/stage_05b2/raw/S5B2-01613.summary.json,PLANNED
S5B2-01614,B3_C1_CONTINUOUS_DISJOINT,B3;C1,H7,H7,SENS_DELAY,20260225,100,common_disjoint_continuous,141000000000000.0,21.5,10000.0,600.0,0.0,homogeneous,2.0,0.0,0.0,disjoint_equal,65dceae122361df0,c30e89aa31af598f,9685a542c0144444,False,False,results/thesis_revision_v43/stage_05b2/raw/S5B2-01614.summary.json,PLANNED
S5B2-01615,B3_C1_CONTINUOUS_DISJOINT,B3;C1,H7,H7,SENS_DELAY,20260226,100,common_disjoint_continuous,141000000000000.0,21.5,10000.0,600.0,0.0,homogeneous,2.0,0.0,0.0,disjoint_equal,0d624a50c289cca5,21f5d14952801fc6,9685a542c0144444,False,False,results/thesis_revision_v43/stage_05b2/raw/S5B2-01615.summary.json,PLANNED
S5B2-01616,B3_C1_CONTINUOUS_DISJOINT,B3;C1,H7,H7,SENS_DELAY,20260227,100,common_disjoint_continuous,141000000000000.0,21.5,10000.0,600.0,0.0,homogeneous,2.0,0.0,0.0,disjoint_equal,d842b00af1f61349,1469b320a672e095,9685a542c0144444,False,False,results/thesis_revision_v43/stage_05b2/raw/S5B2-01616.summary.json,PLANNED
S5B2-01617,B3_C1_CONTINUOUS_DISJOINT,B3;C1,H7,H7,SENS_DELAY,20260228,100,common_disjoint_continuous,141000000000000.0,21.5,10000.0,600.0,0.0,homogeneous,2.0,0.0,0.0,disjoint_equal,4ff9bbad69b20fdd,f42fa9b74f1b3db1,9685a542c0144444,False,False,results/thesis_revision_v43/stage_05b2/raw/S5B2-01617.summary.json,PLANNED
S5B2-01618,B3_C1_CONTINUOUS_DISJOINT,B3;C1,H7,H7,SENS_DELAY,20260229,100,common_disjoint_continuous,141000000000000.0,21.5,10000.0,600.0,0.0,homogeneous,2.0,0.0,0.0,disjoint_equal,fba0067cef5b0059,80da8dea4ba41620,9685a542c0144444,False,False,results/thesis_revision_v43/stage_05b2/raw/S5B2-01618.summary.json,PLANNED
S5B2-01619,B3_C1_CONTINUOUS_DISJOINT,B3;C1,H7,H7,SENS_DELAY,20260230,100,common_disjoint_continuous,141000000000000.0,21.5,10000.0,600.0,0.0,homogeneous,2.0,0.0,0.0,disjoint_equal,b38c3610e01e3d2a,9b189fcf85d7d11a,9685a542c0144444,False,False,results/thesis_revision_v43/stage_05b2/raw/S5B2-01619.summary.json,PLANNED
S5B2-01620,B3_C1_CONTINUOUS_DISJOINT,B3;C1,H7,H7,SENS_DELAY,20260201,500,common_disjoint_continuous,141000000000000.0,21.5,10000.0,600.0,0.0,homogeneous,2.0,0.0,0.0,disjoint_equal,ff419f338b4f01b0,b1508e29953b588c,8bfed99570f7ccd1,False,False,results/thesis_revision_v43/stage_05b2/raw/S5B2-01620.summary.json,PLANNED
S5B2-01621,B3_C1_CONTINUOUS_DISJOINT,B3;C1,H7,H7,SENS_DELAY,20260202,500,common_disjoint_continuous,141000000000000.0,21.5,10000.0,600.0,0.0,homogeneous,2.0,0.0,0.0,disjoint_equal,7db6523a34790c40,dad3ea55070cbda6,8bfed99570f7ccd1,False,False,results/thesis_revision_v43/stage_05b2/raw/S5B2-01621.summary.json,PLANNED
S5B2-01622,B3_C1_CONTINUOUS_DISJOINT,B3;C1,H7,H7,SENS_DELAY,20260203,500,common_disjoint_continuous,141000000000000.0,21.5,10000.0,600.0,0.0,homogeneous,2.0,0.0,0.0,disjoint_equal,068ff3e7aae1525e,a112d837c8dc29ac,8bfed99570f7ccd1,False,False,results/thesis_revision_v43/stage_05b2/raw/S5B2-01622.summary.json,PLANNED
S5B2-01623,B3_C1_CONTINUOUS_DISJOINT,B3;C1,H7,H7,SENS_DELAY,20260204,500,common_disjoint_continuous,141000000000000.0,21.5,10000.0,600.0,0.0,homogeneous,2.0,0.0,0.0,disjoint_equal,ae0c0d02bd48434d,fe4d6051aabd56fd,8bfed99570f7ccd1,False,False,results/thesis_revision_v43/stage_05b2/raw/S5B2-01623.summary.json,PLANNED
S5B2-01624,B3_C1_CONTINUOUS_DISJOINT,B3;C1,H7,H7,SENS_DELAY,20260205,500,common_disjoint_continuous,141000000000000.0,21.5,10000.0,600.0,0.0,homogeneous,2.0,0.0,0.0,disjoint_equal,c2e3d91e1b4bf989,be8d60e7e6c0ff1a,8bfed99570f7ccd1,False,False,results/thesis_revision_v43/stage_05b2/raw/S5B2-01624.summary.json,PLANNED
S5B2-01625,B3_C1_CONTINUOUS_DISJOINT,B3;C1,H7,H7,SENS_DELAY,20260206,500,common_disjoint_continuous,141000000000000.0,21.5,10000.0,600.0,0.0,homogeneous,2.0,0.0,0.0,disjoint_equal,282ea47534500068,018fca1488295558,8bfed99570f7ccd1,False,False,results/thesis_revision_v43/stage_05b2/raw/S5B2-01625.summary.json,PLANNED
S5B2-01626,B3_C1_CONTINUOUS_DISJOINT,B3;C1,H7,H7,SENS_DELAY,20260207,500,common_disjoint_continuous,141000000000000.0,21.5,10000.0,600.0,0.0,homogeneous,2.0,0.0,0.0,disjoint_equal,3ef23847453e11ef,2d007ffe31f86881,8bfed99570f7ccd1,False,False,results/thesis_revision_v43/stage_05b2/raw/S5B2-01626.summary.json,PLANNED
S5B2-01627,B3_C1_CONTINUOUS_DISJOINT,B3;C1,H7,H7,SENS_DELAY,20260208,500,common_disjoint_continuous,141000000000000.0,21.5,10000.0,600.0,0.0,homogeneous,2.0,0.0,0.0,disjoint_equal,5628ec730f9c6d5d,d88ac1cc98a26d3e,8bfed99570f7ccd1,False,False,results/thesis_revision_v43/stage_05b2/raw/S5B2-01627.summary.json,PLANNED
S5B2-01628,B3_C1_CONTINUOUS_DISJOINT,B3;C1,H7,H7,SENS_DELAY,20260209,500,common_disjoint_continuous,141000000000000.0,21.5,10000.0,600.0,0.0,homogeneous,2.0,0.0,0.0,disjoint_equal,ae89af854c3a8752,a8466c60bb41bcac,8bfed99570f7ccd1,False,False,results/thesis_revision_v43/stage_05b2/raw/S5B2-01628.summary.json,PLANNED
S5B2-01629,B3_C1_CONTINUOUS_DISJOINT,B3;C1,H7,H7,SENS_DELAY,20260210,500,common_disjoint_continuous,141000000000000.0,21.5,10000.0,600.0,0.0,homogeneous,2.0,0.0,0.0,disjoint_equal,5c6ba298525503b6,2bd8e4b6b3a49137,8bfed99570f7ccd1,False,False,results/thesis_revision_v43/stage_05b2/raw/S5B2-01629.summary.json,PLANNED
S5B2-01630,B3_C1_CONTINUOUS_DISJOINT,B3;C1,H7,H7,SENS_DELAY,20260211,500,common_disjoint_continuous,141000000000000.0,21.5,10000.0,600.0,0.0,homogeneous,2.0,0.0,0.0,disjoint_equal,9c22ccd701bcba2a,32d55520a8bea340,8bfed99570f7ccd1,False,False,results/thesis_revision_v43/stage_05b2/raw/S5B2-01630.summary.json,PLANNED
S5B2-01631,B3_C1_CONTINUOUS_DISJOINT,B3;C1,H7,H7,SENS_DELAY,20260212,500,common_disjoint_continuous,141000000000000.0,21.5,10000.0,600.0,0.0,homogeneous,2.0,0.0,0.0,disjoint_equal,05ca5181e91a9b13,45c25acd2bc50c3e,8bfed99570f7ccd1,False,False,results/thesis_revision_v43/stage_05b2/raw/S5B2-01631.summary.json,PLANNED
S5B2-01632,B3_C1_CONTINUOUS_DISJOINT,B3;C1,H7,H7,SENS_DELAY,20260213,500,common_disjoint_continuous,141000000000000.0,21.5,10000.0,600.0,0.0,homogeneous,2.0,0.0,0.0,disjoint_equal,bd8220a51875e607,fde228b81e5a5c03,8bfed99570f7ccd1,False,False,results/thesis_revision_v43/stage_05b2/raw/S5B2-01632.summary.json,PLANNED
S5B2-01633,B3_C1_CONTINUOUS_DISJOINT,B3;C1,H7,H7,SENS_DELAY,20260214,500,common_disjoint_continuous,141000000000000.0,21.5,10000.0,600.0,0.0,homogeneous,2.0,0.0,0.0,disjoint_equal,dfdc730c00d11e3a,80b36fd7d42bb03f,8bfed99570f7ccd1,False,False,results/thesis_revision_v43/stage_05b2/raw/S5B2-01633.summary.json,PLANNED
S5B2-01634,B3_C1_CONTINUOUS_DISJOINT,B3;C1,H7,H7,SENS_DELAY,20260215,500,common_disjoint_continuous,141000000000000.0,21.5,10000.0,600.0,0.0,homogeneous,2.0,0.0,0.0,disjoint_equal,228889eba1d2c368,419e9e63941c91c5,8bfed99570f7ccd1,False,False,results/thesis_revision_v43/stage_05b2/raw/S5B2-01634.summary.json,PLANNED
S5B2-01635,B3_C1_CONTINUOUS_DISJOINT,B3;C1,H7,H7,SENS_DELAY,20260216,500,common_disjoint_continuous,141000000000000.0,21.5,10000.0,600.0,0.0,homogeneous,2.0,0.0,0.0,disjoint_equal,72ff97f3bb68064d,5a8fa0fd26d6580d,8bfed99570f7ccd1,False,False,results/thesis_revision_v43/stage_05b2/raw/S5B2-01635.summary.json,PLANNED
S5B2-01636,B3_C1_CONTINUOUS_DISJOINT,B3;C1,H7,H7,SENS_DELAY,20260217,500,common_disjoint_continuous,141000000000000.0,21.5,10000.0,600.0,0.0,homogeneous,2.0,0.0,0.0,disjoint_equal,815fa218e30f90fe,d9c0ce10c3c9394a,8bfed99570f7ccd1,False,False,results/thesis_revision_v43/stage_05b2/raw/S5B2-01636.summary.json,PLANNED
S5B2-01637,B3_C1_CONTINUOUS_DISJOINT,B3;C1,H7,H7,SENS_DELAY,20260218,500,common_disjoint_continuous,141000000000000.0,21.5,10000.0,600.0,0.0,homogeneous,2.0,0.0,0.0,disjoint_equal,358029b4fbac87b1,5598ebad76a0d37b,8bfed99570f7ccd1,False,False,results/thesis_revision_v43/stage_05b2/raw/S5B2-01637.summary.json,PLANNED
S5B2-01638,B3_C1_CONTINUOUS_DISJOINT,B3;C1,H7,H7,SENS_DELAY,20260219,500,common_disjoint_continuous,141000000000000.0,21.5,10000.0,600.0,0.0,homogeneous,2.0,0.0,0.0,disjoint_equal,1be916b577169b4b,dd274de0b6fa6d93,8bfed99570f7ccd1,False,False,results/thesis_revision_v43/stage_05b2/raw/S5B2-01638.summary.json,PLANNED
S5B2-01639,B3_C1_CONTINUOUS_DISJOINT,B3;C1,H7,H7,SENS_DELAY,20260220,500,common_disjoint_continuous,141000000000000.0,21.5,10000.0,600.0,0.0,homogeneous,2.0,0.0,0.0,disjoint_equal,c81e717b80213bfa,00c493b21ecd0194,8bfed99570f7ccd1,False,False,results/thesis_revision_v43/stage_05b2/raw/S5B2-01639.summary.json,PLANNED
S5B2-01640,B3_C1_CONTINUOUS_DISJOINT,B3;C1,H7,H7,SENS_DELAY,20260221,500,common_disjoint_continuous,141000000000000.0,21.5,10000.0,600.0,0.0,homogeneous,2.0,0.0,0.0,disjoint_equal,8c3dabd2f25f6d5a,17112ab74eafdbe1,8bfed99570f7ccd1,False,False,results/thesis_revision_v43/stage_05b2/raw/S5B2-01640.summary.json,PLANNED
S5B2-01641,B3_C1_CONTINUOUS_DISJOINT,B3;C1,H7,H7,SENS_DELAY,20260222,500,common_disjoint_continuous,141000000000000.0,21.5,10000.0,600.0,0.0,homogeneous,2.0,0.0,0.0,disjoint_equal,228c7725ceeff35f,75125179742e02f6,8bfed99570f7ccd1,False,False,results/thesis_revision_v43/stage_05b2/raw/S5B2-01641.summary.json,PLANNED
S5B2-01642,B3_C1_CONTINUOUS_DISJOINT,B3;C1,H7,H7,SENS_DELAY,20260223,500,common_disjoint_continuous,141000000000000.0,21.5,10000.0,600.0,0.0,homogeneous,2.0,0.0,0.0,disjoint_equal,184fecbb8d0884c1,3b68c64cb2524d7f,8bfed99570f7ccd1,False,False,results/thesis_revision_v43/stage_05b2/raw/S5B2-01642.summary.json,PLANNED
S5B2-01643,B3_C1_CONTINUOUS_DISJOINT,B3;C1,H7,H7,SENS_DELAY,20260224,500,common_disjoint_continuous,141000000000000.0,21.5,10000.0,600.0,0.0,homogeneous,2.0,0.0,0.0,disjoint_equal,d6d8896396eaf88a,e26e0877f13cccd1,8bfed99570f7ccd1,False,False,results/thesis_revision_v43/stage_05b2/raw/S5B2-01643.summary.json,PLANNED
S5B2-01644,B3_C1_CONTINUOUS_DISJOINT,B3;C1,H7,H7,SENS_DELAY,20260225,500,common_disjoint_continuous,141000000000000.0,21.5,10000.0,600.0,0.0,homogeneous,2.0,0.0,0.0,disjoint_equal,2b801fef0f181362,16e145e1822461df,8bfed99570f7ccd1,False,False,results/thesis_revision_v43/stage_05b2/raw/S5B2-01644.summary.json,PLANNED
S5B2-01645,B3_C1_CONTINUOUS_DISJOINT,B3;C1,H7,H7,SENS_DELAY,20260226,500,common_disjoint_continuous,141000000000000.0,21.5,10000.0,600.0,0.0,homogeneous,2.0,0.0,0.0,disjoint_equal,2809820717299560,a6a8ce6a6438845c,8bfed99570f7ccd1,False,False,results/thesis_revision_v43/stage_05b2/raw/S5B2-01645.summary.json,PLANNED
S5B2-01646,B3_C1_CONTINUOUS_DISJOINT,B3;C1,H7,H7,SENS_DELAY,20260227,500,common_disjoint_continuous,141000000000000.0,21.5,10000.0,600.0,0.0,homogeneous,2.0,0.0,0.0,disjoint_equal,270d56c340bb4f25,26aa02933f8f5b9a,8bfed99570f7ccd1,False,False,results/thesis_revision_v43/stage_05b2/raw/S5B2-01646.summary.json,PLANNED
S5B2-01647,B3_C1_CONTINUOUS_DISJOINT,B3;C1,H7,H7,SENS_DELAY,20260228,500,common_disjoint_continuous,141000000000000.0,21.5,10000.0,600.0,0.0,homogeneous,2.0,0.0,0.0,disjoint_equal,a5537d66dd722c23,95ef221b3b3aeaa6,8bfed99570f7ccd1,False,False,results/thesis_revision_v43/stage_05b2/raw/S5B2-01647.summary.json,PLANNED
S5B2-01648,B3_C1_CONTINUOUS_DISJOINT,B3;C1,H7,H7,SENS_DELAY,20260229,500,common_disjoint_continuous,141000000000000.0,21.5,10000.0,600.0,0.0,homogeneous,2.0,0.0,0.0,disjoint_equal,72c60b691388fdef,a76b7e9a563efbb4,8bfed99570f7ccd1,False,False,results/thesis_revision_v43/stage_05b2/raw/S5B2-01648.summary.json,PLANNED
S5B2-01649,B3_C1_CONTINUOUS_DISJOINT,B3;C1,H7,H7,SENS_DELAY,20260230,500,common_disjoint_continuous,141000000000000.0,21.5,10000.0,600.0,0.0,homogeneous,2.0,0.0,0.0,disjoint_equal,f4dec3d98b3825fb,2c9a0b4e42a80bd6,8bfed99570f7ccd1,False,False,results/thesis_revision_v43/stage_05b2/raw/S5B2-01649.summary.json,PLANNED
S5B2-01650,B3_C1_CONTINUOUS_DISJOINT,B3;C1,H7,H7,SENS_DELAY,20260201,100,common_disjoint_continuous,141000000000000.0,21.5,10000.0,600.0,5.0,homogeneous,2.0,0.0,0.0,disjoint_equal,dcdf73b2a7d93cb5,2784d87b78904315,d41ad85be5957087,False,False,results/thesis_revision_v43/stage_05b2/raw/S5B2-01650.summary.json,PLANNED
S5B2-01651,B3_C1_CONTINUOUS_DISJOINT,B3;C1,H7,H7,SENS_DELAY,20260202,100,common_disjoint_continuous,141000000000000.0,21.5,10000.0,600.0,5.0,homogeneous,2.0,0.0,0.0,disjoint_equal,90041702d8ddb551,b2c49cd51c87947a,d41ad85be5957087,False,False,results/thesis_revision_v43/stage_05b2/raw/S5B2-01651.summary.json,PLANNED
S5B2-01652,B3_C1_CONTINUOUS_DISJOINT,B3;C1,H7,H7,SENS_DELAY,20260203,100,common_disjoint_continuous,141000000000000.0,21.5,10000.0,600.0,5.0,homogeneous,2.0,0.0,0.0,disjoint_equal,74990d816bfc6844,d1215b993254dc00,d41ad85be5957087,False,False,results/thesis_revision_v43/stage_05b2/raw/S5B2-01652.summary.json,PLANNED
S5B2-01653,B3_C1_CONTINUOUS_DISJOINT,B3;C1,H7,H7,SENS_DELAY,20260204,100,common_disjoint_continuous,141000000000000.0,21.5,10000.0,600.0,5.0,homogeneous,2.0,0.0,0.0,disjoint_equal,da7c58dc67c8de22,df022b2736f34ec6,d41ad85be5957087,False,False,results/thesis_revision_v43/stage_05b2/raw/S5B2-01653.summary.json,PLANNED
S5B2-01654,B3_C1_CONTINUOUS_DISJOINT,B3;C1,H7,H7,SENS_DELAY,20260205,100,common_disjoint_continuous,141000000000000.0,21.5,10000.0,600.0,5.0,homogeneous,2.0,0.0,0.0,disjoint_equal,51e83b2c63c413ba,48a1350409a526f2,d41ad85be5957087,False,False,results/thesis_revision_v43/stage_05b2/raw/S5B2-01654.summary.json,PLANNED
S5B2-01655,B3_C1_CONTINUOUS_DISJOINT,B3;C1,H7,H7,SENS_DELAY,20260206,100,common_disjoint_continuous,141000000000000.0,21.5,10000.0,600.0,5.0,homogeneous,2.0,0.0,0.0,disjoint_equal,2b64b92f8a84fda9,b975851bd5c6fbd5,d41ad85be5957087,False,False,results/thesis_revision_v43/stage_05b2/raw/S5B2-01655.summary.json,PLANNED
S5B2-01656,B3_C1_CONTINUOUS_DISJOINT,B3;C1,H7,H7,SENS_DELAY,20260207,100,common_disjoint_continuous,141000000000000.0,21.5,10000.0,600.0,5.0,homogeneous,2.0,0.0,0.0,disjoint_equal,90802404aae8da59,bdad0e9c2ce40478,d41ad85be5957087,False,False,results/thesis_revision_v43/stage_05b2/raw/S5B2-01656.summary.json,PLANNED
S5B2-01657,B3_C1_CONTINUOUS_DISJOINT,B3;C1,H7,H7,SENS_DELAY,20260208,100,common_disjoint_continuous,141000000000000.0,21.5,10000.0,600.0,5.0,homogeneous,2.0,0.0,0.0,disjoint_equal,d9661497b4467465,7dc2916ccb4fbea9,d41ad85be5957087,False,False,results/thesis_revision_v43/stage_05b2/raw/S5B2-01657.summary.json,PLANNED
S5B2-01658,B3_C1_CONTINUOUS_DISJOINT,B3;C1,H7,H7,SENS_DELAY,20260209,100,common_disjoint_continuous,141000000000000.0,21.5,10000.0,600.0,5.0,homogeneous,2.0,0.0,0.0,disjoint_equal,70051b871212aa26,3c454597297ce953,d41ad85be5957087,False,False,results/thesis_revision_v43/stage_05b2/raw/S5B2-01658.summary.json,PLANNED
S5B2-01659,B3_C1_CONTINUOUS_DISJOINT,B3;C1,H7,H7,SENS_DELAY,20260210,100,common_disjoint_continuous,141000000000000.0,21.5,10000.0,600.0,5.0,homogeneous,2.0,0.0,0.0,disjoint_equal,d2f570b7f95874d8,cdfce7d0e4e04baa,d41ad85be5957087,False,False,results/thesis_revision_v43/stage_05b2/raw/S5B2-01659.summary.json,PLANNED
S5B2-01660,B3_C1_CONTINUOUS_DISJOINT,B3;C1,H7,H7,SENS_DELAY,20260211,100,common_disjoint_continuous,141000000000000.0,21.5,10000.0,600.0,5.0,homogeneous,2.0,0.0,0.0,disjoint_equal,81cfc2ef27705680,f147b1f0cff0de27,d41ad85be5957087,False,False,results/thesis_revision_v43/stage_05b2/raw/S5B2-01660.summary.json,PLANNED
S5B2-01661,B3_C1_CONTINUOUS_DISJOINT,B3;C1,H7,H7,SENS_DELAY,20260212,100,common_disjoint_continuous,141000000000000.0,21.5,10000.0,600.0,5.0,homogeneous,2.0,0.0,0.0,disjoint_equal,173e662213e7a293,3c4ac2bd92016b03,d41ad85be5957087,False,False,results/thesis_revision_v43/stage_05b2/raw/S5B2-01661.summary.json,PLANNED
S5B2-01662,B3_C1_CONTINUOUS_DISJOINT,B3;C1,H7,H7,SENS_DELAY,20260213,100,common_disjoint_continuous,141000000000000.0,21.5,10000.0,600.0,5.0,homogeneous,2.0,0.0,0.0,disjoint_equal,ef731e7d3bb2e2ca,71b44edef1d78060,d41ad85be5957087,False,False,results/thesis_revision_v43/stage_05b2/raw/S5B2-01662.summary.json,PLANNED
S5B2-01663,B3_C1_CONTINUOUS_DISJOINT,B3;C1,H7,H7,SENS_DELAY,20260214,100,common_disjoint_continuous,141000000000000.0,21.5,10000.0,600.0,5.0,homogeneous,2.0,0.0,0.0,disjoint_equal,a34dff564f310f3f,87d9bf28c1f7f9e8,d41ad85be5957087,False,False,results/thesis_revision_v43/stage_05b2/raw/S5B2-01663.summary.json,PLANNED
S5B2-01664,B3_C1_CONTINUOUS_DISJOINT,B3;C1,H7,H7,SENS_DELAY,20260215,100,common_disjoint_continuous,141000000000000.0,21.5,10000.0,600.0,5.0,homogeneous,2.0,0.0,0.0,disjoint_equal,78e1854fd7e7b0aa,25d56120fd420982,d41ad85be5957087,False,False,results/thesis_revision_v43/stage_05b2/raw/S5B2-01664.summary.json,PLANNED
S5B2-01665,B3_C1_CONTINUOUS_DISJOINT,B3;C1,H7,H7,SENS_DELAY,20260216,100,common_disjoint_continuous,141000000000000.0,21.5,10000.0,600.0,5.0,homogeneous,2.0,0.0,0.0,disjoint_equal,fc5c61154a1b45dd,2c7a7c38588d7831,d41ad85be5957087,False,False,results/thesis_revision_v43/stage_05b2/raw/S5B2-01665.summary.json,PLANNED
S5B2-01666,B3_C1_CONTINUOUS_DISJOINT,B3;C1,H7,H7,SENS_DELAY,20260217,100,common_disjoint_continuous,141000000000000.0,21.5,10000.0,600.0,5.0,homogeneous,2.0,0.0,0.0,disjoint_equal,2333dac2f429a5fd,a24fc627dad8e11e,d41ad85be5957087,False,False,results/thesis_revision_v43/stage_05b2/raw/S5B2-01666.summary.json,PLANNED
S5B2-01667,B3_C1_CONTINUOUS_DISJOINT,B3;C1,H7,H7,SENS_DELAY,20260218,100,common_disjoint_continuous,141000000000000.0,21.5,10000.0,600.0,5.0,homogeneous,2.0,0.0,0.0,disjoint_equal,c6a9c0421db6a190,2e6f8f70b6d0b024,d41ad85be5957087,False,False,results/thesis_revision_v43/stage_05b2/raw/S5B2-01667.summary.json,PLANNED
S5B2-01668,B3_C1_CONTINUOUS_DISJOINT,B3;C1,H7,H7,SENS_DELAY,20260219,100,common_disjoint_continuous,141000000000000.0,21.5,10000.0,600.0,5.0,homogeneous,2.0,0.0,0.0,disjoint_equal,3e2ef48e24b3bd85,857f2fe687610293,d41ad85be5957087,False,False,results/thesis_revision_v43/stage_05b2/raw/S5B2-01668.summary.json,PLANNED
S5B2-01669,B3_C1_CONTINUOUS_DISJOINT,B3;C1,H7,H7,SENS_DELAY,20260220,100,common_disjoint_continuous,141000000000000.0,21.5,10000.0,600.0,5.0,homogeneous,2.0,0.0,0.0,disjoint_equal,527a8e6652a3e1c0,2704d03baab4be7a,d41ad85be5957087,False,False,results/thesis_revision_v43/stage_05b2/raw/S5B2-01669.summary.json,PLANNED
S5B2-01670,B3_C1_CONTINUOUS_DISJOINT,B3;C1,H7,H7,SENS_DELAY,20260221,100,common_disjoint_continuous,141000000000000.0,21.5,10000.0,600.0,5.0,homogeneous,2.0,0.0,0.0,disjoint_equal,bb83a08df871e49f,32f9ad07c3a3999b,d41ad85be5957087,False,False,results/thesis_revision_v43/stage_05b2/raw/S5B2-01670.summary.json,PLANNED
S5B2-01671,B3_C1_CONTINUOUS_DISJOINT,B3;C1,H7,H7,SENS_DELAY,20260222,100,common_disjoint_continuous,141000000000000.0,21.5,10000.0,600.0,5.0,homogeneous,2.0,0.0,0.0,disjoint_equal,62f87f8e1058fa2f,5ce165cec4984d24,d41ad85be5957087,False,False,results/thesis_revision_v43/stage_05b2/raw/S5B2-01671.summary.json,PLANNED
S5B2-01672,B3_C1_CONTINUOUS_DISJOINT,B3;C1,H7,H7,SENS_DELAY,20260223,100,common_disjoint_continuous,141000000000000.0,21.5,10000.0,600.0,5.0,homogeneous,2.0,0.0,0.0,disjoint_equal,66c45fe0be23fc65,703fff54d1a54ce7,d41ad85be5957087,False,False,results/thesis_revision_v43/stage_05b2/raw/S5B2-01672.summary.json,PLANNED
S5B2-01673,B3_C1_CONTINUOUS_DISJOINT,B3;C1,H7,H7,SENS_DELAY,20260224,100,common_disjoint_continuous,141000000000000.0,21.5,10000.0,600.0,5.0,homogeneous,2.0,0.0,0.0,disjoint_equal,193476ecc45d21ae,778aea76036321dc,d41ad85be5957087,False,False,results/thesis_revision_v43/stage_05b2/raw/S5B2-01673.summary.json,PLANNED
S5B2-01674,B3_C1_CONTINUOUS_DISJOINT,B3;C1,H7,H7,SENS_DELAY,20260225,100,common_disjoint_continuous,141000000000000.0,21.5,10000.0,600.0,5.0,homogeneous,2.0,0.0,0.0,disjoint_equal,6c87bfb9624a7c35,c7c98ec9c5642db0,d41ad85be5957087,False,False,results/thesis_revision_v43/stage_05b2/raw/S5B2-01674.summary.json,PLANNED
S5B2-01675,B3_C1_CONTINUOUS_DISJOINT,B3;C1,H7,H7,SENS_DELAY,20260226,100,common_disjoint_continuous,141000000000000.0,21.5,10000.0,600.0,5.0,homogeneous,2.0,0.0,0.0,disjoint_equal,b807a39bbd588520,8cca1ce3b2e24916,d41ad85be5957087,False,False,results/thesis_revision_v43/stage_05b2/raw/S5B2-01675.summary.json,PLANNED
S5B2-01676,B3_C1_CONTINUOUS_DISJOINT,B3;C1,H7,H7,SENS_DELAY,20260227,100,common_disjoint_continuous,141000000000000.0,21.5,10000.0,600.0,5.0,homogeneous,2.0,0.0,0.0,disjoint_equal,f9e11d6998f66c45,591e2a4a606e84a2,d41ad85be5957087,False,False,results/thesis_revision_v43/stage_05b2/raw/S5B2-01676.summary.json,PLANNED
S5B2-01677,B3_C1_CONTINUOUS_DISJOINT,B3;C1,H7,H7,SENS_DELAY,20260228,100,common_disjoint_continuous,141000000000000.0,21.5,10000.0,600.0,5.0,homogeneous,2.0,0.0,0.0,disjoint_equal,41318739844eb914,bf141202ab0f000e,d41ad85be5957087,False,False,results/thesis_revision_v43/stage_05b2/raw/S5B2-01677.summary.json,PLANNED
S5B2-01678,B3_C1_CONTINUOUS_DISJOINT,B3;C1,H7,H7,SENS_DELAY,20260229,100,common_disjoint_continuous,141000000000000.0,21.5,10000.0,600.0,5.0,homogeneous,2.0,0.0,0.0,disjoint_equal,7809e984a4483cf0,da48fde5d53dcd81,d41ad85be5957087,False,False,results/thesis_revision_v43/stage_05b2/raw/S5B2-01678.summary.json,PLANNED
S5B2-01679,B3_C1_CONTINUOUS_DISJOINT,B3;C1,H7,H7,SENS_DELAY,20260230,100,common_disjoint_continuous,141000000000000.0,21.5,10000.0,600.0,5.0,homogeneous,2.0,0.0,0.0,disjoint_equal,f9025da49da55c74,a99f6cab11795def,d41ad85be5957087,False,False,results/thesis_revision_v43/stage_05b2/raw/S5B2-01679.summary.json,PLANNED
S5B2-01680,B3_C1_CONTINUOUS_DISJOINT,B3;C1,H7,H7,SENS_DELAY,20260201,500,common_disjoint_continuous,141000000000000.0,21.5,10000.0,600.0,5.0,homogeneous,2.0,0.0,0.0,disjoint_equal,2ad784bcf74a8cd4,8be4001ed981efcd,fc44375260e1a614,False,False,results/thesis_revision_v43/stage_05b2/raw/S5B2-01680.summary.json,PLANNED
S5B2-01681,B3_C1_CONTINUOUS_DISJOINT,B3;C1,H7,H7,SENS_DELAY,20260202,500,common_disjoint_continuous,141000000000000.0,21.5,10000.0,600.0,5.0,homogeneous,2.0,0.0,0.0,disjoint_equal,0e12ffc4a2991418,ca38644b8e5a6f41,fc44375260e1a614,False,False,results/thesis_revision_v43/stage_05b2/raw/S5B2-01681.summary.json,PLANNED
S5B2-01682,B3_C1_CONTINUOUS_DISJOINT,B3;C1,H7,H7,SENS_DELAY,20260203,500,common_disjoint_continuous,141000000000000.0,21.5,10000.0,600.0,5.0,homogeneous,2.0,0.0,0.0,disjoint_equal,0554a80211403f1a,b04663aebd782003,fc44375260e1a614,False,False,results/thesis_revision_v43/stage_05b2/raw/S5B2-01682.summary.json,PLANNED
S5B2-01683,B3_C1_CONTINUOUS_DISJOINT,B3;C1,H7,H7,SENS_DELAY,20260204,500,common_disjoint_continuous,141000000000000.0,21.5,10000.0,600.0,5.0,homogeneous,2.0,0.0,0.0,disjoint_equal,1cee0019a194e179,67ec619e426e2a54,fc44375260e1a614,False,False,results/thesis_revision_v43/stage_05b2/raw/S5B2-01683.summary.json,PLANNED
S5B2-01684,B3_C1_CONTINUOUS_DISJOINT,B3;C1,H7,H7,SENS_DELAY,20260205,500,common_disjoint_continuous,141000000000000.0,21.5,10000.0,600.0,5.0,homogeneous,2.0,0.0,0.0,disjoint_equal,97ff3cab95a106bc,d52f0f850409d59f,fc44375260e1a614,False,False,results/thesis_revision_v43/stage_05b2/raw/S5B2-01684.summary.json,PLANNED
S5B2-01685,B3_C1_CONTINUOUS_DISJOINT,B3;C1,H7,H7,SENS_DELAY,20260206,500,common_disjoint_continuous,141000000000000.0,21.5,10000.0,600.0,5.0,homogeneous,2.0,0.0,0.0,disjoint_equal,4db3ab8ca195fa0e,5e661f08c208f2a3,fc44375260e1a614,False,False,results/thesis_revision_v43/stage_05b2/raw/S5B2-01685.summary.json,PLANNED
S5B2-01686,B3_C1_CONTINUOUS_DISJOINT,B3;C1,H7,H7,SENS_DELAY,20260207,500,common_disjoint_continuous,141000000000000.0,21.5,10000.0,600.0,5.0,homogeneous,2.0,0.0,0.0,disjoint_equal,0ec4bffd02fd3bc2,6bd71ba68f6847d6,fc44375260e1a614,False,False,results/thesis_revision_v43/stage_05b2/raw/S5B2-01686.summary.json,PLANNED
S5B2-01687,B3_C1_CONTINUOUS_DISJOINT,B3;C1,H7,H7,SENS_DELAY,20260208,500,common_disjoint_continuous,141000000000000.0,21.5,10000.0,600.0,5.0,homogeneous,2.0,0.0,0.0,disjoint_equal,3cc64723735b2099,fe9fd3123fe9865f,fc44375260e1a614,False,False,results/thesis_revision_v43/stage_05b2/raw/S5B2-01687.summary.json,PLANNED
S5B2-01688,B3_C1_CONTINUOUS_DISJOINT,B3;C1,H7,H7,SENS_DELAY,20260209,500,common_disjoint_continuous,141000000000000.0,21.5,10000.0,600.0,5.0,homogeneous,2.0,0.0,0.0,disjoint_equal,ded16f9979ed6d26,6d4d160b67d7af40,fc44375260e1a614,False,False,results/thesis_revision_v43/stage_05b2/raw/S5B2-01688.summary.json,PLANNED
S5B2-01689,B3_C1_CONTINUOUS_DISJOINT,B3;C1,H7,H7,SENS_DELAY,20260210,500,common_disjoint_continuous,141000000000000.0,21.5,10000.0,600.0,5.0,homogeneous,2.0,0.0,0.0,disjoint_equal,b6fa412575e4509a,5d5039adf876a519,fc44375260e1a614,False,False,results/thesis_revision_v43/stage_05b2/raw/S5B2-01689.summary.json,PLANNED
S5B2-01690,B3_C1_CONTINUOUS_DISJOINT,B3;C1,H7,H7,SENS_DELAY,20260211,500,common_disjoint_continuous,141000000000000.0,21.5,10000.0,600.0,5.0,homogeneous,2.0,0.0,0.0,disjoint_equal,1d7aaf05d4e5816b,68d4f092ef5a447c,fc44375260e1a614,False,False,results/thesis_revision_v43/stage_05b2/raw/S5B2-01690.summary.json,PLANNED
S5B2-01691,B3_C1_CONTINUOUS_DISJOINT,B3;C1,H7,H7,SENS_DELAY,20260212,500,common_disjoint_continuous,141000000000000.0,21.5,10000.0,600.0,5.0,homogeneous,2.0,0.0,0.0,disjoint_equal,ae9a1882d4a291ad,0d8ace4c5107db32,fc44375260e1a614,False,False,results/thesis_revision_v43/stage_05b2/raw/S5B2-01691.summary.json,PLANNED
S5B2-01692,B3_C1_CONTINUOUS_DISJOINT,B3;C1,H7,H7,SENS_DELAY,20260213,500,common_disjoint_continuous,141000000000000.0,21.5,10000.0,600.0,5.0,homogeneous,2.0,0.0,0.0,disjoint_equal,95237b277a234550,f2ee1ce740f9a945,fc44375260e1a614,False,False,results/thesis_revision_v43/stage_05b2/raw/S5B2-01692.summary.json,PLANNED
S5B2-01693,B3_C1_CONTINUOUS_DISJOINT,B3;C1,H7,H7,SENS_DELAY,20260214,500,common_disjoint_continuous,141000000000000.0,21.5,10000.0,600.0,5.0,homogeneous,2.0,0.0,0.0,disjoint_equal,31d86bef9cc1a1b7,3f680eff0c0ced8b,fc44375260e1a614,False,False,results/thesis_revision_v43/stage_05b2/raw/S5B2-01693.summary.json,PLANNED
S5B2-01694,B3_C1_CONTINUOUS_DISJOINT,B3;C1,H7,H7,SENS_DELAY,20260215,500,common_disjoint_continuous,141000000000000.0,21.5,10000.0,600.0,5.0,homogeneous,2.0,0.0,0.0,disjoint_equal,bff35decc3127f86,330227953f2cbfa8,fc44375260e1a614,False,False,results/thesis_revision_v43/stage_05b2/raw/S5B2-01694.summary.json,PLANNED
S5B2-01695,B3_C1_CONTINUOUS_DISJOINT,B3;C1,H7,H7,SENS_DELAY,20260216,500,common_disjoint_continuous,141000000000000.0,21.5,10000.0,600.0,5.0,homogeneous,2.0,0.0,0.0,disjoint_equal,f8487395bb365030,5c427423f2c3a422,fc44375260e1a614,False,False,results/thesis_revision_v43/stage_05b2/raw/S5B2-01695.summary.json,PLANNED
S5B2-01696,B3_C1_CONTINUOUS_DISJOINT,B3;C1,H7,H7,SENS_DELAY,20260217,500,common_disjoint_continuous,141000000000000.0,21.5,10000.0,600.0,5.0,homogeneous,2.0,0.0,0.0,disjoint_equal,cf98f19becaa9f1d,9f517133bec05e40,fc44375260e1a614,False,False,results/thesis_revision_v43/stage_05b2/raw/S5B2-01696.summary.json,PLANNED
S5B2-01697,B3_C1_CONTINUOUS_DISJOINT,B3;C1,H7,H7,SENS_DELAY,20260218,500,common_disjoint_continuous,141000000000000.0,21.5,10000.0,600.0,5.0,homogeneous,2.0,0.0,0.0,disjoint_equal,912e99bcdc889364,152ee3c428fd64ea,fc44375260e1a614,False,False,results/thesis_revision_v43/stage_05b2/raw/S5B2-01697.summary.json,PLANNED
S5B2-01698,B3_C1_CONTINUOUS_DISJOINT,B3;C1,H7,H7,SENS_DELAY,20260219,500,common_disjoint_continuous,141000000000000.0,21.5,10000.0,600.0,5.0,homogeneous,2.0,0.0,0.0,disjoint_equal,7986027e84264d55,6616f446ee53e2cd,fc44375260e1a614,False,False,results/thesis_revision_v43/stage_05b2/raw/S5B2-01698.summary.json,PLANNED
S5B2-01699,B3_C1_CONTINUOUS_DISJOINT,B3;C1,H7,H7,SENS_DELAY,20260220,500,common_disjoint_continuous,141000000000000.0,21.5,10000.0,600.0,5.0,homogeneous,2.0,0.0,0.0,disjoint_equal,479358ada25b5d07,493937eef99c880d,fc44375260e1a614,False,False,results/thesis_revision_v43/stage_05b2/raw/S5B2-01699.summary.json,PLANNED
S5B2-01700,B3_C1_CONTINUOUS_DISJOINT,B3;C1,H7,H7,SENS_DELAY,20260221,500,common_disjoint_continuous,141000000000000.0,21.5,10000.0,600.0,5.0,homogeneous,2.0,0.0,0.0,disjoint_equal,536251b234499ef1,ca60e57da3550794,fc44375260e1a614,False,True,results/thesis_revision_v43/stage_05b2/raw/S5B2-01700.summary.json,PLANNED
S5B2-01701,B3_C1_CONTINUOUS_DISJOINT,B3;C1,H7,H7,SENS_DELAY,20260222,500,common_disjoint_continuous,141000000000000.0,21.5,10000.0,600.0,5.0,homogeneous,2.0,0.0,0.0,disjoint_equal,ea8b60bd9ad93810,ef47f6f4e814fa99,fc44375260e1a614,False,False,results/thesis_revision_v43/stage_05b2/raw/S5B2-01701.summary.json,PLANNED
S5B2-01702,B3_C1_CONTINUOUS_DISJOINT,B3;C1,H7,H7,SENS_DELAY,20260223,500,common_disjoint_continuous,141000000000000.0,21.5,10000.0,600.0,5.0,homogeneous,2.0,0.0,0.0,disjoint_equal,e12a6a843203973f,77ff07ca1f5fdfcb,fc44375260e1a614,False,False,results/thesis_revision_v43/stage_05b2/raw/S5B2-01702.summary.json,PLANNED
S5B2-01703,B3_C1_CONTINUOUS_DISJOINT,B3;C1,H7,H7,SENS_DELAY,20260224,500,common_disjoint_continuous,141000000000000.0,21.5,10000.0,600.0,5.0,homogeneous,2.0,0.0,0.0,disjoint_equal,53bb35f06d915c2f,e2c513f8418aef46,fc44375260e1a614,False,False,results/thesis_revision_v43/stage_05b2/raw/S5B2-01703.summary.json,PLANNED
S5B2-01704,B3_C1_CONTINUOUS_DISJOINT,B3;C1,H7,H7,SENS_DELAY,20260225,500,common_disjoint_continuous,141000000000000.0,21.5,10000.0,600.0,5.0,homogeneous,2.0,0.0,0.0,disjoint_equal,e129179396fe4db3,32a16ae46abee867,fc44375260e1a614,False,False,results/thesis_revision_v43/stage_05b2/raw/S5B2-01704.summary.json,PLANNED
S5B2-01705,B3_C1_CONTINUOUS_DISJOINT,B3;C1,H7,H7,SENS_DELAY,20260226,500,common_disjoint_continuous,141000000000000.0,21.5,10000.0,600.0,5.0,homogeneous,2.0,0.0,0.0,disjoint_equal,c303c6f6974d37e3,20d3cf49a78340f1,fc44375260e1a614,False,False,results/thesis_revision_v43/stage_05b2/raw/S5B2-01705.summary.json,PLANNED
S5B2-01706,B3_C1_CONTINUOUS_DISJOINT,B3;C1,H7,H7,SENS_DELAY,20260227,500,common_disjoint_continuous,141000000000000.0,21.5,10000.0,600.0,5.0,homogeneous,2.0,0.0,0.0,disjoint_equal,a4f20ab26c94d596,728b9cf99508f0e4,fc44375260e1a614,False,False,results/thesis_revision_v43/stage_05b2/raw/S5B2-01706.summary.json,PLANNED
S5B2-01707,B3_C1_CONTINUOUS_DISJOINT,B3;C1,H7,H7,SENS_DELAY,20260228,500,common_disjoint_continuous,141000000000000.0,21.5,10000.0,600.0,5.0,homogeneous,2.0,0.0,0.0,disjoint_equal,898fcc78f04e96af,5994abf9a10dfb12,fc44375260e1a614,False,False,results/thesis_revision_v43/stage_05b2/raw/S5B2-01707.summary.json,PLANNED
S5B2-01708,B3_C1_CONTINUOUS_DISJOINT,B3;C1,H7,H7,SENS_DELAY,20260229,500,common_disjoint_continuous,141000000000000.0,21.5,10000.0,600.0,5.0,homogeneous,2.0,0.0,0.0,disjoint_equal,6e5c948510b14823,0f79b2651042d96e,fc44375260e1a614,False,False,results/thesis_revision_v43/stage_05b2/raw/S5B2-01708.summary.json,PLANNED
S5B2-01709,B3_C1_CONTINUOUS_DISJOINT,B3;C1,H7,H7,SENS_DELAY,20260230,500,common_disjoint_continuous,141000000000000.0,21.5,10000.0,600.0,5.0,homogeneous,2.0,0.0,0.0,disjoint_equal,741d1d9bf4cb13ad,a6bcdde9f8376325,fc44375260e1a614,False,False,results/thesis_revision_v43/stage_05b2/raw/S5B2-01709.summary.json,PLANNED
S5B2-01710,B3_C1_CONTINUOUS_DISJOINT,B3;C1,H7,H7,SENS_DELAY,20260201,100,common_disjoint_continuous,141000000000000.0,21.5,10000.0,600.0,30.0,homogeneous,2.0,0.0,0.0,disjoint_equal,b8111c8396c4c0f7,a5c46da1c4b7c165,5cad0e4e2b438ffa,False,False,results/thesis_revision_v43/stage_05b2/raw/S5B2-01710.summary.json,PLANNED
S5B2-01711,B3_C1_CONTINUOUS_DISJOINT,B3;C1,H7,H7,SENS_DELAY,20260202,100,common_disjoint_continuous,141000000000000.0,21.5,10000.0,600.0,30.0,homogeneous,2.0,0.0,0.0,disjoint_equal,638344b703558972,d8240602fec4b014,5cad0e4e2b438ffa,False,False,results/thesis_revision_v43/stage_05b2/raw/S5B2-01711.summary.json,PLANNED
S5B2-01712,B3_C1_CONTINUOUS_DISJOINT,B3;C1,H7,H7,SENS_DELAY,20260203,100,common_disjoint_continuous,141000000000000.0,21.5,10000.0,600.0,30.0,homogeneous,2.0,0.0,0.0,disjoint_equal,4f9833a5d571adf4,7b528e0bd5ff3c26,5cad0e4e2b438ffa,False,False,results/thesis_revision_v43/stage_05b2/raw/S5B2-01712.summary.json,PLANNED
S5B2-01713,B3_C1_CONTINUOUS_DISJOINT,B3;C1,H7,H7,SENS_DELAY,20260204,100,common_disjoint_continuous,141000000000000.0,21.5,10000.0,600.0,30.0,homogeneous,2.0,0.0,0.0,disjoint_equal,8c5a75ef02bad616,76a1fc70088021ac,5cad0e4e2b438ffa,False,False,results/thesis_revision_v43/stage_05b2/raw/S5B2-01713.summary.json,PLANNED
S5B2-01714,B3_C1_CONTINUOUS_DISJOINT,B3;C1,H7,H7,SENS_DELAY,20260205,100,common_disjoint_continuous,141000000000000.0,21.5,10000.0,600.0,30.0,homogeneous,2.0,0.0,0.0,disjoint_equal,1a64e137513014af,bf2865ff11d73852,5cad0e4e2b438ffa,False,False,results/thesis_revision_v43/stage_05b2/raw/S5B2-01714.summary.json,PLANNED
S5B2-01715,B3_C1_CONTINUOUS_DISJOINT,B3;C1,H7,H7,SENS_DELAY,20260206,100,common_disjoint_continuous,141000000000000.0,21.5,10000.0,600.0,30.0,homogeneous,2.0,0.0,0.0,disjoint_equal,aa59899e4e1bb2c2,d79c7ff70e76bb5c,5cad0e4e2b438ffa,False,False,results/thesis_revision_v43/stage_05b2/raw/S5B2-01715.summary.json,PLANNED
S5B2-01716,B3_C1_CONTINUOUS_DISJOINT,B3;C1,H7,H7,SENS_DELAY,20260207,100,common_disjoint_continuous,141000000000000.0,21.5,10000.0,600.0,30.0,homogeneous,2.0,0.0,0.0,disjoint_equal,f5ff5b4f85efcd26,91b4dc10dcde7347,5cad0e4e2b438ffa,False,False,results/thesis_revision_v43/stage_05b2/raw/S5B2-01716.summary.json,PLANNED
S5B2-01717,B3_C1_CONTINUOUS_DISJOINT,B3;C1,H7,H7,SENS_DELAY,20260208,100,common_disjoint_continuous,141000000000000.0,21.5,10000.0,600.0,30.0,homogeneous,2.0,0.0,0.0,disjoint_equal,12b3883ccc0189fb,dd38fa41d85a237f,5cad0e4e2b438ffa,False,False,results/thesis_revision_v43/stage_05b2/raw/S5B2-01717.summary.json,PLANNED
S5B2-01718,B3_C1_CONTINUOUS_DISJOINT,B3;C1,H7,H7,SENS_DELAY,20260209,100,common_disjoint_continuous,141000000000000.0,21.5,10000.0,600.0,30.0,homogeneous,2.0,0.0,0.0,disjoint_equal,91a953e7273a74cb,36e7b80de216e112,5cad0e4e2b438ffa,False,False,results/thesis_revision_v43/stage_05b2/raw/S5B2-01718.summary.json,PLANNED
S5B2-01719,B3_C1_CONTINUOUS_DISJOINT,B3;C1,H7,H7,SENS_DELAY,20260210,100,common_disjoint_continuous,141000000000000.0,21.5,10000.0,600.0,30.0,homogeneous,2.0,0.0,0.0,disjoint_equal,77b856e0ddf7141e,9a584da34c9e4eb1,5cad0e4e2b438ffa,False,False,results/thesis_revision_v43/stage_05b2/raw/S5B2-01719.summary.json,PLANNED
S5B2-01720,B3_C1_CONTINUOUS_DISJOINT,B3;C1,H7,H7,SENS_DELAY,20260211,100,common_disjoint_continuous,141000000000000.0,21.5,10000.0,600.0,30.0,homogeneous,2.0,0.0,0.0,disjoint_equal,17c93c206583dd08,1b0f1cbfe4a4a26e,5cad0e4e2b438ffa,False,False,results/thesis_revision_v43/stage_05b2/raw/S5B2-01720.summary.json,PLANNED
S5B2-01721,B3_C1_CONTINUOUS_DISJOINT,B3;C1,H7,H7,SENS_DELAY,20260212,100,common_disjoint_continuous,141000000000000.0,21.5,10000.0,600.0,30.0,homogeneous,2.0,0.0,0.0,disjoint_equal,698a1236bdc77685,f103a6f0d321be57,5cad0e4e2b438ffa,False,False,results/thesis_revision_v43/stage_05b2/raw/S5B2-01721.summary.json,PLANNED
S5B2-01722,B3_C1_CONTINUOUS_DISJOINT,B3;C1,H7,H7,SENS_DELAY,20260213,100,common_disjoint_continuous,141000000000000.0,21.5,10000.0,600.0,30.0,homogeneous,2.0,0.0,0.0,disjoint_equal,63366cf486cb589e,68f4cf2f28877906,5cad0e4e2b438ffa,False,False,results/thesis_revision_v43/stage_05b2/raw/S5B2-01722.summary.json,PLANNED
S5B2-01723,B3_C1_CONTINUOUS_DISJOINT,B3;C1,H7,H7,SENS_DELAY,20260214,100,common_disjoint_continuous,141000000000000.0,21.5,10000.0,600.0,30.0,homogeneous,2.0,0.0,0.0,disjoint_equal,5f99a234f6befacb,28164543f4c3eb6d,5cad0e4e2b438ffa,False,False,results/thesis_revision_v43/stage_05b2/raw/S5B2-01723.summary.json,PLANNED
S5B2-01724,B3_C1_CONTINUOUS_DISJOINT,B3;C1,H7,H7,SENS_DELAY,20260215,100,common_disjoint_continuous,141000000000000.0,21.5,10000.0,600.0,30.0,homogeneous,2.0,0.0,0.0,disjoint_equal,2c2e454b3a2e1ae5,2a8fd32fbf3c78ad,5cad0e4e2b438ffa,False,False,results/thesis_revision_v43/stage_05b2/raw/S5B2-01724.summary.json,PLANNED
S5B2-01725,B3_C1_CONTINUOUS_DISJOINT,B3;C1,H7,H7,SENS_DELAY,20260216,100,common_disjoint_continuous,141000000000000.0,21.5,10000.0,600.0,30.0,homogeneous,2.0,0.0,0.0,disjoint_equal,789b3243acaa21b8,abd2938c74002d1a,5cad0e4e2b438ffa,False,False,results/thesis_revision_v43/stage_05b2/raw/S5B2-01725.summary.json,PLANNED
S5B2-01726,B3_C1_CONTINUOUS_DISJOINT,B3;C1,H7,H7,SENS_DELAY,20260217,100,common_disjoint_continuous,141000000000000.0,21.5,10000.0,600.0,30.0,homogeneous,2.0,0.0,0.0,disjoint_equal,6fdf4a25808995b9,d36d863042b50d50,5cad0e4e2b438ffa,False,False,results/thesis_revision_v43/stage_05b2/raw/S5B2-01726.summary.json,PLANNED
S5B2-01727,B3_C1_CONTINUOUS_DISJOINT,B3;C1,H7,H7,SENS_DELAY,20260218,100,common_disjoint_continuous,141000000000000.0,21.5,10000.0,600.0,30.0,homogeneous,2.0,0.0,0.0,disjoint_equal,2603e02114e0b9f4,625b37a7648225f4,5cad0e4e2b438ffa,False,False,results/thesis_revision_v43/stage_05b2/raw/S5B2-01727.summary.json,PLANNED
S5B2-01728,B3_C1_CONTINUOUS_DISJOINT,B3;C1,H7,H7,SENS_DELAY,20260219,100,common_disjoint_continuous,141000000000000.0,21.5,10000.0,600.0,30.0,homogeneous,2.0,0.0,0.0,disjoint_equal,0a7c4bfbd046a58d,a0d26a84837c2fc2,5cad0e4e2b438ffa,False,False,results/thesis_revision_v43/stage_05b2/raw/S5B2-01728.summary.json,PLANNED
S5B2-01729,B3_C1_CONTINUOUS_DISJOINT,B3;C1,H7,H7,SENS_DELAY,20260220,100,common_disjoint_continuous,141000000000000.0,21.5,10000.0,600.0,30.0,homogeneous,2.0,0.0,0.0,disjoint_equal,d71df95851a40289,4b34ffff9a0cd40b,5cad0e4e2b438ffa,False,False,results/thesis_revision_v43/stage_05b2/raw/S5B2-01729.summary.json,PLANNED
S5B2-01730,B3_C1_CONTINUOUS_DISJOINT,B3;C1,H7,H7,SENS_DELAY,20260221,100,common_disjoint_continuous,141000000000000.0,21.5,10000.0,600.0,30.0,homogeneous,2.0,0.0,0.0,disjoint_equal,cede4778298e7dd9,ea86078707e9c88c,5cad0e4e2b438ffa,False,False,results/thesis_revision_v43/stage_05b2/raw/S5B2-01730.summary.json,PLANNED
S5B2-01731,B3_C1_CONTINUOUS_DISJOINT,B3;C1,H7,H7,SENS_DELAY,20260222,100,common_disjoint_continuous,141000000000000.0,21.5,10000.0,600.0,30.0,homogeneous,2.0,0.0,0.0,disjoint_equal,4d5fb8fdb662bb26,764a5df5a46e5531,5cad0e4e2b438ffa,False,False,results/thesis_revision_v43/stage_05b2/raw/S5B2-01731.summary.json,PLANNED
S5B2-01732,B3_C1_CONTINUOUS_DISJOINT,B3;C1,H7,H7,SENS_DELAY,20260223,100,common_disjoint_continuous,141000000000000.0,21.5,10000.0,600.0,30.0,homogeneous,2.0,0.0,0.0,disjoint_equal,c9d44d2a15f0556d,875ad728b6bf5af3,5cad0e4e2b438ffa,False,False,results/thesis_revision_v43/stage_05b2/raw/S5B2-01732.summary.json,PLANNED
S5B2-01733,B3_C1_CONTINUOUS_DISJOINT,B3;C1,H7,H7,SENS_DELAY,20260224,100,common_disjoint_continuous,141000000000000.0,21.5,10000.0,600.0,30.0,homogeneous,2.0,0.0,0.0,disjoint_equal,7a53e84a3442185d,5d02c56b426782ad,5cad0e4e2b438ffa,False,False,results/thesis_revision_v43/stage_05b2/raw/S5B2-01733.summary.json,PLANNED
S5B2-01734,B3_C1_CONTINUOUS_DISJOINT,B3;C1,H7,H7,SENS_DELAY,20260225,100,common_disjoint_continuous,141000000000000.0,21.5,10000.0,600.0,30.0,homogeneous,2.0,0.0,0.0,disjoint_equal,94dc86b2c13f4f64,f8b9e64ab0d395b2,5cad0e4e2b438ffa,False,False,results/thesis_revision_v43/stage_05b2/raw/S5B2-01734.summary.json,PLANNED
S5B2-01735,B3_C1_CONTINUOUS_DISJOINT,B3;C1,H7,H7,SENS_DELAY,20260226,100,common_disjoint_continuous,141000000000000.0,21.5,10000.0,600.0,30.0,homogeneous,2.0,0.0,0.0,disjoint_equal,11a7a49582c27a4f,6f7e233ae2bb8926,5cad0e4e2b438ffa,False,False,results/thesis_revision_v43/stage_05b2/raw/S5B2-01735.summary.json,PLANNED
S5B2-01736,B3_C1_CONTINUOUS_DISJOINT,B3;C1,H7,H7,SENS_DELAY,20260227,100,common_disjoint_continuous,141000000000000.0,21.5,10000.0,600.0,30.0,homogeneous,2.0,0.0,0.0,disjoint_equal,667226ff2a219fc5,4f32a72f6cb76eba,5cad0e4e2b438ffa,False,False,results/thesis_revision_v43/stage_05b2/raw/S5B2-01736.summary.json,PLANNED
S5B2-01737,B3_C1_CONTINUOUS_DISJOINT,B3;C1,H7,H7,SENS_DELAY,20260228,100,common_disjoint_continuous,141000000000000.0,21.5,10000.0,600.0,30.0,homogeneous,2.0,0.0,0.0,disjoint_equal,2d0d644788687a01,0ba47a932d0d1690,5cad0e4e2b438ffa,False,False,results/thesis_revision_v43/stage_05b2/raw/S5B2-01737.summary.json,PLANNED
S5B2-01738,B3_C1_CONTINUOUS_DISJOINT,B3;C1,H7,H7,SENS_DELAY,20260229,100,common_disjoint_continuous,141000000000000.0,21.5,10000.0,600.0,30.0,homogeneous,2.0,0.0,0.0,disjoint_equal,fff6ef4210979ac0,0a610594eee0251c,5cad0e4e2b438ffa,False,False,results/thesis_revision_v43/stage_05b2/raw/S5B2-01738.summary.json,PLANNED
S5B2-01739,B3_C1_CONTINUOUS_DISJOINT,B3;C1,H7,H7,SENS_DELAY,20260230,100,common_disjoint_continuous,141000000000000.0,21.5,10000.0,600.0,30.0,homogeneous,2.0,0.0,0.0,disjoint_equal,ca10701b29421ec2,5701b0f4eafd9523,5cad0e4e2b438ffa,False,False,results/thesis_revision_v43/stage_05b2/raw/S5B2-01739.summary.json,PLANNED
S5B2-01740,B3_C1_CONTINUOUS_DISJOINT,B3;C1,H7,H7,SENS_DELAY,20260201,500,common_disjoint_continuous,141000000000000.0,21.5,10000.0,600.0,30.0,homogeneous,2.0,0.0,0.0,disjoint_equal,17c7f61a0206da1e,7ff2361b44ec944d,adfd4961066484e9,False,False,results/thesis_revision_v43/stage_05b2/raw/S5B2-01740.summary.json,PLANNED
S5B2-01741,B3_C1_CONTINUOUS_DISJOINT,B3;C1,H7,H7,SENS_DELAY,20260202,500,common_disjoint_continuous,141000000000000.0,21.5,10000.0,600.0,30.0,homogeneous,2.0,0.0,0.0,disjoint_equal,ee79b742463f686b,32778a597bcc3a6c,adfd4961066484e9,False,False,results/thesis_revision_v43/stage_05b2/raw/S5B2-01741.summary.json,PLANNED
S5B2-01742,B3_C1_CONTINUOUS_DISJOINT,B3;C1,H7,H7,SENS_DELAY,20260203,500,common_disjoint_continuous,141000000000000.0,21.5,10000.0,600.0,30.0,homogeneous,2.0,0.0,0.0,disjoint_equal,52c2b948436641d7,3819cfc3eb50c859,adfd4961066484e9,False,False,results/thesis_revision_v43/stage_05b2/raw/S5B2-01742.summary.json,PLANNED
S5B2-01743,B3_C1_CONTINUOUS_DISJOINT,B3;C1,H7,H7,SENS_DELAY,20260204,500,common_disjoint_continuous,141000000000000.0,21.5,10000.0,600.0,30.0,homogeneous,2.0,0.0,0.0,disjoint_equal,c6c6a02fe98de3c0,759b088cd1b66d1b,adfd4961066484e9,False,False,results/thesis_revision_v43/stage_05b2/raw/S5B2-01743.summary.json,PLANNED
S5B2-01744,B3_C1_CONTINUOUS_DISJOINT,B3;C1,H7,H7,SENS_DELAY,20260205,500,common_disjoint_continuous,141000000000000.0,21.5,10000.0,600.0,30.0,homogeneous,2.0,0.0,0.0,disjoint_equal,48017b703eca0d53,3950ee0e290cf2a2,adfd4961066484e9,False,False,results/thesis_revision_v43/stage_05b2/raw/S5B2-01744.summary.json,PLANNED
S5B2-01745,B3_C1_CONTINUOUS_DISJOINT,B3;C1,H7,H7,SENS_DELAY,20260206,500,common_disjoint_continuous,141000000000000.0,21.5,10000.0,600.0,30.0,homogeneous,2.0,0.0,0.0,disjoint_equal,8971ad985504b980,5ccbd3fc7f2b98dd,adfd4961066484e9,False,False,results/thesis_revision_v43/stage_05b2/raw/S5B2-01745.summary.json,PLANNED
S5B2-01746,B3_C1_CONTINUOUS_DISJOINT,B3;C1,H7,H7,SENS_DELAY,20260207,500,common_disjoint_continuous,141000000000000.0,21.5,10000.0,600.0,30.0,homogeneous,2.0,0.0,0.0,disjoint_equal,5bc9d71403c7352f,48cd0a4dff19fb07,adfd4961066484e9,False,False,results/thesis_revision_v43/stage_05b2/raw/S5B2-01746.summary.json,PLANNED
S5B2-01747,B3_C1_CONTINUOUS_DISJOINT,B3;C1,H7,H7,SENS_DELAY,20260208,500,common_disjoint_continuous,141000000000000.0,21.5,10000.0,600.0,30.0,homogeneous,2.0,0.0,0.0,disjoint_equal,570991f5d81c6a37,6a4be22e879229f3,adfd4961066484e9,False,False,results/thesis_revision_v43/stage_05b2/raw/S5B2-01747.summary.json,PLANNED
S5B2-01748,B3_C1_CONTINUOUS_DISJOINT,B3;C1,H7,H7,SENS_DELAY,20260209,500,common_disjoint_continuous,141000000000000.0,21.5,10000.0,600.0,30.0,homogeneous,2.0,0.0,0.0,disjoint_equal,5ba1072602321b57,967583e44ad47196,adfd4961066484e9,False,False,results/thesis_revision_v43/stage_05b2/raw/S5B2-01748.summary.json,PLANNED
S5B2-01749,B3_C1_CONTINUOUS_DISJOINT,B3;C1,H7,H7,SENS_DELAY,20260210,500,common_disjoint_continuous,141000000000000.0,21.5,10000.0,600.0,30.0,homogeneous,2.0,0.0,0.0,disjoint_equal,d165c3acb898e7d0,1fab3639d327b281,adfd4961066484e9,False,False,results/thesis_revision_v43/stage_05b2/raw/S5B2-01749.summary.json,PLANNED
S5B2-01750,B3_C1_CONTINUOUS_DISJOINT,B3;C1,H7,H7,SENS_DELAY,20260211,500,common_disjoint_continuous,141000000000000.0,21.5,10000.0,600.0,30.0,homogeneous,2.0,0.0,0.0,disjoint_equal,7c5ada64c415570e,dbbcac8f8e4f2894,adfd4961066484e9,False,False,results/thesis_revision_v43/stage_05b2/raw/S5B2-01750.summary.json,PLANNED
S5B2-01751,B3_C1_CONTINUOUS_DISJOINT,B3;C1,H7,H7,SENS_DELAY,20260212,500,common_disjoint_continuous,141000000000000.0,21.5,10000.0,600.0,30.0,homogeneous,2.0,0.0,0.0,disjoint_equal,d7c1663a1bc5c1e0,7e85cbd2ff94b396,adfd4961066484e9,False,False,results/thesis_revision_v43/stage_05b2/raw/S5B2-01751.summary.json,PLANNED
S5B2-01752,B3_C1_CONTINUOUS_DISJOINT,B3;C1,H7,H7,SENS_DELAY,20260213,500,common_disjoint_continuous,141000000000000.0,21.5,10000.0,600.0,30.0,homogeneous,2.0,0.0,0.0,disjoint_equal,8dd663377997c654,477d96ef41fbde78,adfd4961066484e9,False,False,results/thesis_revision_v43/stage_05b2/raw/S5B2-01752.summary.json,PLANNED
S5B2-01753,B3_C1_CONTINUOUS_DISJOINT,B3;C1,H7,H7,SENS_DELAY,20260214,500,common_disjoint_continuous,141000000000000.0,21.5,10000.0,600.0,30.0,homogeneous,2.0,0.0,0.0,disjoint_equal,5b4e495214375d7d,7427a92b41f38814,adfd4961066484e9,False,False,results/thesis_revision_v43/stage_05b2/raw/S5B2-01753.summary.json,PLANNED
S5B2-01754,B3_C1_CONTINUOUS_DISJOINT,B3;C1,H7,H7,SENS_DELAY,20260215,500,common_disjoint_continuous,141000000000000.0,21.5,10000.0,600.0,30.0,homogeneous,2.0,0.0,0.0,disjoint_equal,92e7b189008ab6bd,7d7379d61cf25f00,adfd4961066484e9,False,False,results/thesis_revision_v43/stage_05b2/raw/S5B2-01754.summary.json,PLANNED
S5B2-01755,B3_C1_CONTINUOUS_DISJOINT,B3;C1,H7,H7,SENS_DELAY,20260216,500,common_disjoint_continuous,141000000000000.0,21.5,10000.0,600.0,30.0,homogeneous,2.0,0.0,0.0,disjoint_equal,b0728c4a60429d52,83cc4c88deee67f4,adfd4961066484e9,False,False,results/thesis_revision_v43/stage_05b2/raw/S5B2-01755.summary.json,PLANNED
S5B2-01756,B3_C1_CONTINUOUS_DISJOINT,B3;C1,H7,H7,SENS_DELAY,20260217,500,common_disjoint_continuous,141000000000000.0,21.5,10000.0,600.0,30.0,homogeneous,2.0,0.0,0.0,disjoint_equal,9d7d59c6a5fd0574,b7ae270aad758205,adfd4961066484e9,False,False,results/thesis_revision_v43/stage_05b2/raw/S5B2-01756.summary.json,PLANNED
S5B2-01757,B3_C1_CONTINUOUS_DISJOINT,B3;C1,H7,H7,SENS_DELAY,20260218,500,common_disjoint_continuous,141000000000000.0,21.5,10000.0,600.0,30.0,homogeneous,2.0,0.0,0.0,disjoint_equal,575431139532d078,4c205e6796a13871,adfd4961066484e9,False,False,results/thesis_revision_v43/stage_05b2/raw/S5B2-01757.summary.json,PLANNED
S5B2-01758,B3_C1_CONTINUOUS_DISJOINT,B3;C1,H7,H7,SENS_DELAY,20260219,500,common_disjoint_continuous,141000000000000.0,21.5,10000.0,600.0,30.0,homogeneous,2.0,0.0,0.0,disjoint_equal,00fa591c5dc6adec,a9e43a681ae53b91,adfd4961066484e9,False,False,results/thesis_revision_v43/stage_05b2/raw/S5B2-01758.summary.json,PLANNED
S5B2-01759,B3_C1_CONTINUOUS_DISJOINT,B3;C1,H7,H7,SENS_DELAY,20260220,500,common_disjoint_continuous,141000000000000.0,21.5,10000.0,600.0,30.0,homogeneous,2.0,0.0,0.0,disjoint_equal,076462ccd365e5f0,a74e225dbb862e53,adfd4961066484e9,False,False,results/thesis_revision_v43/stage_05b2/raw/S5B2-01759.summary.json,PLANNED
S5B2-01760,B3_C1_CONTINUOUS_DISJOINT,B3;C1,H7,H7,SENS_DELAY,20260221,500,common_disjoint_continuous,141000000000000.0,21.5,10000.0,600.0,30.0,homogeneous,2.0,0.0,0.0,disjoint_equal,a94f4b273c48f23b,062db8115012f19f,adfd4961066484e9,False,False,results/thesis_revision_v43/stage_05b2/raw/S5B2-01760.summary.json,PLANNED
S5B2-01761,B3_C1_CONTINUOUS_DISJOINT,B3;C1,H7,H7,SENS_DELAY,20260222,500,common_disjoint_continuous,141000000000000.0,21.5,10000.0,600.0,30.0,homogeneous,2.0,0.0,0.0,disjoint_equal,53bcb3336a01aed7,34d6937f87881c28,adfd4961066484e9,False,False,results/thesis_revision_v43/stage_05b2/raw/S5B2-01761.summary.json,PLANNED
S5B2-01762,B3_C1_CONTINUOUS_DISJOINT,B3;C1,H7,H7,SENS_DELAY,20260223,500,common_disjoint_continuous,141000000000000.0,21.5,10000.0,600.0,30.0,homogeneous,2.0,0.0,0.0,disjoint_equal,08b6ba8d3c0193cd,f4941f10d825105c,adfd4961066484e9,False,False,results/thesis_revision_v43/stage_05b2/raw/S5B2-01762.summary.json,PLANNED
S5B2-01763,B3_C1_CONTINUOUS_DISJOINT,B3;C1,H7,H7,SENS_DELAY,20260224,500,common_disjoint_continuous,141000000000000.0,21.5,10000.0,600.0,30.0,homogeneous,2.0,0.0,0.0,disjoint_equal,43c3bbbbe282fbcd,c2f63a86b883f32d,adfd4961066484e9,False,False,results/thesis_revision_v43/stage_05b2/raw/S5B2-01763.summary.json,PLANNED
S5B2-01764,B3_C1_CONTINUOUS_DISJOINT,B3;C1,H7,H7,SENS_DELAY,20260225,500,common_disjoint_continuous,141000000000000.0,21.5,10000.0,600.0,30.0,homogeneous,2.0,0.0,0.0,disjoint_equal,fc3d0ce56bcf04fb,a7d1998271e66397,adfd4961066484e9,False,False,results/thesis_revision_v43/stage_05b2/raw/S5B2-01764.summary.json,PLANNED
S5B2-01765,B3_C1_CONTINUOUS_DISJOINT,B3;C1,H7,H7,SENS_DELAY,20260226,500,common_disjoint_continuous,141000000000000.0,21.5,10000.0,600.0,30.0,homogeneous,2.0,0.0,0.0,disjoint_equal,98b5646c82e0c9cb,27d544f4787fe1a5,adfd4961066484e9,False,False,results/thesis_revision_v43/stage_05b2/raw/S5B2-01765.summary.json,PLANNED
S5B2-01766,B3_C1_CONTINUOUS_DISJOINT,B3;C1,H7,H7,SENS_DELAY,20260227,500,common_disjoint_continuous,141000000000000.0,21.5,10000.0,600.0,30.0,homogeneous,2.0,0.0,0.0,disjoint_equal,3988cb5c5028fb31,5027509741fa8fbc,adfd4961066484e9,False,False,results/thesis_revision_v43/stage_05b2/raw/S5B2-01766.summary.json,PLANNED
S5B2-01767,B3_C1_CONTINUOUS_DISJOINT,B3;C1,H7,H7,SENS_DELAY,20260228,500,common_disjoint_continuous,141000000000000.0,21.5,10000.0,600.0,30.0,homogeneous,2.0,0.0,0.0,disjoint_equal,f03abe6bfc7f499b,8e5a2894e564ff51,adfd4961066484e9,False,False,results/thesis_revision_v43/stage_05b2/raw/S5B2-01767.summary.json,PLANNED
S5B2-01768,B3_C1_CONTINUOUS_DISJOINT,B3;C1,H7,H7,SENS_DELAY,20260229,500,common_disjoint_continuous,141000000000000.0,21.5,10000.0,600.0,30.0,homogeneous,2.0,0.0,0.0,disjoint_equal,4c0ce073b7952977,a99a611a6c1802e6,adfd4961066484e9,False,False,results/thesis_revision_v43/stage_05b2/raw/S5B2-01768.summary.json,PLANNED
S5B2-01769,B3_C1_CONTINUOUS_DISJOINT,B3;C1,H7,H7,SENS_DELAY,20260230,500,common_disjoint_continuous,141000000000000.0,21.5,10000.0,600.0,30.0,homogeneous,2.0,0.0,0.0,disjoint_equal,2fe791855ae33fd2,d2ee3b5596c0a7f3,adfd4961066484e9,False,False,results/thesis_revision_v43/stage_05b2/raw/S5B2-01769.summary.json,PLANNED
S5B2-01770,B3_C1_CONTINUOUS_DISJOINT,B3;C1,H7,H7,SENS_DELAY,20260201,100,common_disjoint_continuous,141000000000000.0,21.5,10000.0,600.0,60.0,homogeneous,2.0,0.0,0.0,disjoint_equal,71ce0e88bdab3d4f,dcb67148ce50f2b6,f74505eec6ae4614,False,False,results/thesis_revision_v43/stage_05b2/raw/S5B2-01770.summary.json,PLANNED
S5B2-01771,B3_C1_CONTINUOUS_DISJOINT,B3;C1,H7,H7,SENS_DELAY,20260202,100,common_disjoint_continuous,141000000000000.0,21.5,10000.0,600.0,60.0,homogeneous,2.0,0.0,0.0,disjoint_equal,046e0af47166e355,3e6ae17efcf1f382,f74505eec6ae4614,False,False,results/thesis_revision_v43/stage_05b2/raw/S5B2-01771.summary.json,PLANNED
S5B2-01772,B3_C1_CONTINUOUS_DISJOINT,B3;C1,H7,H7,SENS_DELAY,20260203,100,common_disjoint_continuous,141000000000000.0,21.5,10000.0,600.0,60.0,homogeneous,2.0,0.0,0.0,disjoint_equal,aabc27dc274a9f19,8101736c3f995cf6,f74505eec6ae4614,False,False,results/thesis_revision_v43/stage_05b2/raw/S5B2-01772.summary.json,PLANNED
S5B2-01773,B3_C1_CONTINUOUS_DISJOINT,B3;C1,H7,H7,SENS_DELAY,20260204,100,common_disjoint_continuous,141000000000000.0,21.5,10000.0,600.0,60.0,homogeneous,2.0,0.0,0.0,disjoint_equal,e1d81e9849f5e79d,17d76670f8814665,f74505eec6ae4614,False,False,results/thesis_revision_v43/stage_05b2/raw/S5B2-01773.summary.json,PLANNED
S5B2-01774,B3_C1_CONTINUOUS_DISJOINT,B3;C1,H7,H7,SENS_DELAY,20260205,100,common_disjoint_continuous,141000000000000.0,21.5,10000.0,600.0,60.0,homogeneous,2.0,0.0,0.0,disjoint_equal,e66f80eac1274a22,af22279da4d94896,f74505eec6ae4614,False,False,results/thesis_revision_v43/stage_05b2/raw/S5B2-01774.summary.json,PLANNED
S5B2-01775,B3_C1_CONTINUOUS_DISJOINT,B3;C1,H7,H7,SENS_DELAY,20260206,100,common_disjoint_continuous,141000000000000.0,21.5,10000.0,600.0,60.0,homogeneous,2.0,0.0,0.0,disjoint_equal,d9ccd051a9fa315f,a57ac9abc596e95c,f74505eec6ae4614,False,False,results/thesis_revision_v43/stage_05b2/raw/S5B2-01775.summary.json,PLANNED
S5B2-01776,B3_C1_CONTINUOUS_DISJOINT,B3;C1,H7,H7,SENS_DELAY,20260207,100,common_disjoint_continuous,141000000000000.0,21.5,10000.0,600.0,60.0,homogeneous,2.0,0.0,0.0,disjoint_equal,0d90fc935f623e21,01b3725602dd78e2,f74505eec6ae4614,False,False,results/thesis_revision_v43/stage_05b2/raw/S5B2-01776.summary.json,PLANNED
S5B2-01777,B3_C1_CONTINUOUS_DISJOINT,B3;C1,H7,H7,SENS_DELAY,20260208,100,common_disjoint_continuous,141000000000000.0,21.5,10000.0,600.0,60.0,homogeneous,2.0,0.0,0.0,disjoint_equal,6f63ce1e711f4fb4,fb3e9e303c81776a,f74505eec6ae4614,False,False,results/thesis_revision_v43/stage_05b2/raw/S5B2-01777.summary.json,PLANNED
S5B2-01778,B3_C1_CONTINUOUS_DISJOINT,B3;C1,H7,H7,SENS_DELAY,20260209,100,common_disjoint_continuous,141000000000000.0,21.5,10000.0,600.0,60.0,homogeneous,2.0,0.0,0.0,disjoint_equal,c3f50432e74d5d03,016237615178089f,f74505eec6ae4614,False,False,results/thesis_revision_v43/stage_05b2/raw/S5B2-01778.summary.json,PLANNED
S5B2-01779,B3_C1_CONTINUOUS_DISJOINT,B3;C1,H7,H7,SENS_DELAY,20260210,100,common_disjoint_continuous,141000000000000.0,21.5,10000.0,600.0,60.0,homogeneous,2.0,0.0,0.0,disjoint_equal,0bd02e0fc0344520,35d69e422f068f95,f74505eec6ae4614,False,False,results/thesis_revision_v43/stage_05b2/raw/S5B2-01779.summary.json,PLANNED
S5B2-01780,B3_C1_CONTINUOUS_DISJOINT,B3;C1,H7,H7,SENS_DELAY,20260211,100,common_disjoint_continuous,141000000000000.0,21.5,10000.0,600.0,60.0,homogeneous,2.0,0.0,0.0,disjoint_equal,ffafc5d3f7f70bd4,0d9672f20031f626,f74505eec6ae4614,False,False,results/thesis_revision_v43/stage_05b2/raw/S5B2-01780.summary.json,PLANNED
S5B2-01781,B3_C1_CONTINUOUS_DISJOINT,B3;C1,H7,H7,SENS_DELAY,20260212,100,common_disjoint_continuous,141000000000000.0,21.5,10000.0,600.0,60.0,homogeneous,2.0,0.0,0.0,disjoint_equal,4c4ac40ae5e2f7ca,bfeb56bff7376403,f74505eec6ae4614,False,False,results/thesis_revision_v43/stage_05b2/raw/S5B2-01781.summary.json,PLANNED
S5B2-01782,B3_C1_CONTINUOUS_DISJOINT,B3;C1,H7,H7,SENS_DELAY,20260213,100,common_disjoint_continuous,141000000000000.0,21.5,10000.0,600.0,60.0,homogeneous,2.0,0.0,0.0,disjoint_equal,0d7ae044c44eb933,f370106b7fea8d72,f74505eec6ae4614,False,False,results/thesis_revision_v43/stage_05b2/raw/S5B2-01782.summary.json,PLANNED
S5B2-01783,B3_C1_CONTINUOUS_DISJOINT,B3;C1,H7,H7,SENS_DELAY,20260214,100,common_disjoint_continuous,141000000000000.0,21.5,10000.0,600.0,60.0,homogeneous,2.0,0.0,0.0,disjoint_equal,176b73daaa59caa8,366d347324519b21,f74505eec6ae4614,False,False,results/thesis_revision_v43/stage_05b2/raw/S5B2-01783.summary.json,PLANNED
S5B2-01784,B3_C1_CONTINUOUS_DISJOINT,B3;C1,H7,H7,SENS_DELAY,20260215,100,common_disjoint_continuous,141000000000000.0,21.5,10000.0,600.0,60.0,homogeneous,2.0,0.0,0.0,disjoint_equal,5c2f4c1eee3c6358,e2f830f4871a7351,f74505eec6ae4614,False,False,results/thesis_revision_v43/stage_05b2/raw/S5B2-01784.summary.json,PLANNED
S5B2-01785,B3_C1_CONTINUOUS_DISJOINT,B3;C1,H7,H7,SENS_DELAY,20260216,100,common_disjoint_continuous,141000000000000.0,21.5,10000.0,600.0,60.0,homogeneous,2.0,0.0,0.0,disjoint_equal,7099de976afe671c,12253ab8dd78cd8f,f74505eec6ae4614,False,False,results/thesis_revision_v43/stage_05b2/raw/S5B2-01785.summary.json,PLANNED
S5B2-01786,B3_C1_CONTINUOUS_DISJOINT,B3;C1,H7,H7,SENS_DELAY,20260217,100,common_disjoint_continuous,141000000000000.0,21.5,10000.0,600.0,60.0,homogeneous,2.0,0.0,0.0,disjoint_equal,448f3a8f8e042ac0,5ba1cd8c6a4346c3,f74505eec6ae4614,False,False,results/thesis_revision_v43/stage_05b2/raw/S5B2-01786.summary.json,PLANNED
S5B2-01787,B3_C1_CONTINUOUS_DISJOINT,B3;C1,H7,H7,SENS_DELAY,20260218,100,common_disjoint_continuous,141000000000000.0,21.5,10000.0,600.0,60.0,homogeneous,2.0,0.0,0.0,disjoint_equal,49bfae88e34dfcf2,33cb26766d349221,f74505eec6ae4614,False,False,results/thesis_revision_v43/stage_05b2/raw/S5B2-01787.summary.json,PLANNED
S5B2-01788,B3_C1_CONTINUOUS_DISJOINT,B3;C1,H7,H7,SENS_DELAY,20260219,100,common_disjoint_continuous,141000000000000.0,21.5,10000.0,600.0,60.0,homogeneous,2.0,0.0,0.0,disjoint_equal,f12cf949e124d84f,21d4bfee1b241a78,f74505eec6ae4614,False,False,results/thesis_revision_v43/stage_05b2/raw/S5B2-01788.summary.json,PLANNED
S5B2-01789,B3_C1_CONTINUOUS_DISJOINT,B3;C1,H7,H7,SENS_DELAY,20260220,100,common_disjoint_continuous,141000000000000.0,21.5,10000.0,600.0,60.0,homogeneous,2.0,0.0,0.0,disjoint_equal,796ed040e91fd450,1ec1f4729b265877,f74505eec6ae4614,False,False,results/thesis_revision_v43/stage_05b2/raw/S5B2-01789.summary.json,PLANNED
S5B2-01790,B3_C1_CONTINUOUS_DISJOINT,B3;C1,H7,H7,SENS_DELAY,20260221,100,common_disjoint_continuous,141000000000000.0,21.5,10000.0,600.0,60.0,homogeneous,2.0,0.0,0.0,disjoint_equal,4b7a78d8f645adc8,b5ee4f6f653b2214,f74505eec6ae4614,False,False,results/thesis_revision_v43/stage_05b2/raw/S5B2-01790.summary.json,PLANNED
S5B2-01791,B3_C1_CONTINUOUS_DISJOINT,B3;C1,H7,H7,SENS_DELAY,20260222,100,common_disjoint_continuous,141000000000000.0,21.5,10000.0,600.0,60.0,homogeneous,2.0,0.0,0.0,disjoint_equal,2d32c4f0564c29bc,cb3c7eb656bde15f,f74505eec6ae4614,False,False,results/thesis_revision_v43/stage_05b2/raw/S5B2-01791.summary.json,PLANNED
S5B2-01792,B3_C1_CONTINUOUS_DISJOINT,B3;C1,H7,H7,SENS_DELAY,20260223,100,common_disjoint_continuous,141000000000000.0,21.5,10000.0,600.0,60.0,homogeneous,2.0,0.0,0.0,disjoint_equal,97aafc71e05c5848,13475500a0da2a2e,f74505eec6ae4614,False,False,results/thesis_revision_v43/stage_05b2/raw/S5B2-01792.summary.json,PLANNED
S5B2-01793,B3_C1_CONTINUOUS_DISJOINT,B3;C1,H7,H7,SENS_DELAY,20260224,100,common_disjoint_continuous,141000000000000.0,21.5,10000.0,600.0,60.0,homogeneous,2.0,0.0,0.0,disjoint_equal,b821ab8d2d7ef697,46fad27bd0c33e4a,f74505eec6ae4614,False,False,results/thesis_revision_v43/stage_05b2/raw/S5B2-01793.summary.json,PLANNED
S5B2-01794,B3_C1_CONTINUOUS_DISJOINT,B3;C1,H7,H7,SENS_DELAY,20260225,100,common_disjoint_continuous,141000000000000.0,21.5,10000.0,600.0,60.0,homogeneous,2.0,0.0,0.0,disjoint_equal,5a91c8ac9ce06f03,b0fe861875ce6c2a,f74505eec6ae4614,False,False,results/thesis_revision_v43/stage_05b2/raw/S5B2-01794.summary.json,PLANNED
S5B2-01795,B3_C1_CONTINUOUS_DISJOINT,B3;C1,H7,H7,SENS_DELAY,20260226,100,common_disjoint_continuous,141000000000000.0,21.5,10000.0,600.0,60.0,homogeneous,2.0,0.0,0.0,disjoint_equal,b0b4c4730150481f,22d5fc7e7a53dd99,f74505eec6ae4614,False,False,results/thesis_revision_v43/stage_05b2/raw/S5B2-01795.summary.json,PLANNED
S5B2-01796,B3_C1_CONTINUOUS_DISJOINT,B3;C1,H7,H7,SENS_DELAY,20260227,100,common_disjoint_continuous,141000000000000.0,21.5,10000.0,600.0,60.0,homogeneous,2.0,0.0,0.0,disjoint_equal,16a383986eb76766,8b4c02fd79e236e9,f74505eec6ae4614,False,False,results/thesis_revision_v43/stage_05b2/raw/S5B2-01796.summary.json,PLANNED
S5B2-01797,B3_C1_CONTINUOUS_DISJOINT,B3;C1,H7,H7,SENS_DELAY,20260228,100,common_disjoint_continuous,141000000000000.0,21.5,10000.0,600.0,60.0,homogeneous,2.0,0.0,0.0,disjoint_equal,eaffff196d614b1a,943614b175400a1d,f74505eec6ae4614,False,False,results/thesis_revision_v43/stage_05b2/raw/S5B2-01797.summary.json,PLANNED
S5B2-01798,B3_C1_CONTINUOUS_DISJOINT,B3;C1,H7,H7,SENS_DELAY,20260229,100,common_disjoint_continuous,141000000000000.0,21.5,10000.0,600.0,60.0,homogeneous,2.0,0.0,0.0,disjoint_equal,f46a438e3a329cb2,74ede1c890d2cd33,f74505eec6ae4614,False,False,results/thesis_revision_v43/stage_05b2/raw/S5B2-01798.summary.json,PLANNED
S5B2-01799,B3_C1_CONTINUOUS_DISJOINT,B3;C1,H7,H7,SENS_DELAY,20260230,100,common_disjoint_continuous,141000000000000.0,21.5,10000.0,600.0,60.0,homogeneous,2.0,0.0,0.0,disjoint_equal,ed136b6631372301,6e7920a936a735e0,f74505eec6ae4614,False,False,results/thesis_revision_v43/stage_05b2/raw/S5B2-01799.summary.json,PLANNED
S5B2-01800,B3_C1_CONTINUOUS_DISJOINT,B3;C1,H7,H7,SENS_DELAY,20260201,500,common_disjoint_continuous,141000000000000.0,21.5,10000.0,600.0,60.0,homogeneous,2.0,0.0,0.0,disjoint_equal,386de6dced1be0b1,a640e42aac16c4ca,8904899883b8d5c3,False,True,results/thesis_revision_v43/stage_05b2/raw/S5B2-01800.summary.json,PLANNED
S5B2-01801,B3_C1_CONTINUOUS_DISJOINT,B3;C1,H7,H7,SENS_DELAY,20260202,500,common_disjoint_continuous,141000000000000.0,21.5,10000.0,600.0,60.0,homogeneous,2.0,0.0,0.0,disjoint_equal,ef6187454c334b56,b319a791fd385968,8904899883b8d5c3,False,False,results/thesis_revision_v43/stage_05b2/raw/S5B2-01801.summary.json,PLANNED
S5B2-01802,B3_C1_CONTINUOUS_DISJOINT,B3;C1,H7,H7,SENS_DELAY,20260203,500,common_disjoint_continuous,141000000000000.0,21.5,10000.0,600.0,60.0,homogeneous,2.0,0.0,0.0,disjoint_equal,2149e3d5b01b0b97,47363a029ff321a2,8904899883b8d5c3,False,False,results/thesis_revision_v43/stage_05b2/raw/S5B2-01802.summary.json,PLANNED
S5B2-01803,B3_C1_CONTINUOUS_DISJOINT,B3;C1,H7,H7,SENS_DELAY,20260204,500,common_disjoint_continuous,141000000000000.0,21.5,10000.0,600.0,60.0,homogeneous,2.0,0.0,0.0,disjoint_equal,b2f113d4894bae24,2035518a821b891d,8904899883b8d5c3,False,False,results/thesis_revision_v43/stage_05b2/raw/S5B2-01803.summary.json,PLANNED
S5B2-01804,B3_C1_CONTINUOUS_DISJOINT,B3;C1,H7,H7,SENS_DELAY,20260205,500,common_disjoint_continuous,141000000000000.0,21.5,10000.0,600.0,60.0,homogeneous,2.0,0.0,0.0,disjoint_equal,f707391a9896a6e2,5447002bd076c346,8904899883b8d5c3,False,False,results/thesis_revision_v43/stage_05b2/raw/S5B2-01804.summary.json,PLANNED
S5B2-01805,B3_C1_CONTINUOUS_DISJOINT,B3;C1,H7,H7,SENS_DELAY,20260206,500,common_disjoint_continuous,141000000000000.0,21.5,10000.0,600.0,60.0,homogeneous,2.0,0.0,0.0,disjoint_equal,b5391e1344fda324,222e9d7cbd6431dd,8904899883b8d5c3,False,False,results/thesis_revision_v43/stage_05b2/raw/S5B2-01805.summary.json,PLANNED
S5B2-01806,B3_C1_CONTINUOUS_DISJOINT,B3;C1,H7,H7,SENS_DELAY,20260207,500,common_disjoint_continuous,141000000000000.0,21.5,10000.0,600.0,60.0,homogeneous,2.0,0.0,0.0,disjoint_equal,a1c9a5a8441660ef,dcf54a2580b8e678,8904899883b8d5c3,False,False,results/thesis_revision_v43/stage_05b2/raw/S5B2-01806.summary.json,PLANNED
S5B2-01807,B3_C1_CONTINUOUS_DISJOINT,B3;C1,H7,H7,SENS_DELAY,20260208,500,common_disjoint_continuous,141000000000000.0,21.5,10000.0,600.0,60.0,homogeneous,2.0,0.0,0.0,disjoint_equal,1ddeddf09a41d725,fa40849f253fcd5a,8904899883b8d5c3,False,False,results/thesis_revision_v43/stage_05b2/raw/S5B2-01807.summary.json,PLANNED
S5B2-01808,B3_C1_CONTINUOUS_DISJOINT,B3;C1,H7,H7,SENS_DELAY,20260209,500,common_disjoint_continuous,141000000000000.0,21.5,10000.0,600.0,60.0,homogeneous,2.0,0.0,0.0,disjoint_equal,d9e05bb50868a669,48111d4e8873e0ad,8904899883b8d5c3,False,False,results/thesis_revision_v43/stage_05b2/raw/S5B2-01808.summary.json,PLANNED
S5B2-01809,B3_C1_CONTINUOUS_DISJOINT,B3;C1,H7,H7,SENS_DELAY,20260210,500,common_disjoint_continuous,141000000000000.0,21.5,10000.0,600.0,60.0,homogeneous,2.0,0.0,0.0,disjoint_equal,2da6074700f627f2,08a85ae76cabfef5,8904899883b8d5c3,False,False,results/thesis_revision_v43/stage_05b2/raw/S5B2-01809.summary.json,PLANNED
S5B2-01810,B3_C1_CONTINUOUS_DISJOINT,B3;C1,H7,H7,SENS_DELAY,20260211,500,common_disjoint_continuous,141000000000000.0,21.5,10000.0,600.0,60.0,homogeneous,2.0,0.0,0.0,disjoint_equal,3f925d0acc181b53,e92f13ade23438de,8904899883b8d5c3,False,False,results/thesis_revision_v43/stage_05b2/raw/S5B2-01810.summary.json,PLANNED
S5B2-01811,B3_C1_CONTINUOUS_DISJOINT,B3;C1,H7,H7,SENS_DELAY,20260212,500,common_disjoint_continuous,141000000000000.0,21.5,10000.0,600.0,60.0,homogeneous,2.0,0.0,0.0,disjoint_equal,ffb4b5a1495f3fde,84312244cbea65d6,8904899883b8d5c3,False,False,results/thesis_revision_v43/stage_05b2/raw/S5B2-01811.summary.json,PLANNED
S5B2-01812,B3_C1_CONTINUOUS_DISJOINT,B3;C1,H7,H7,SENS_DELAY,20260213,500,common_disjoint_continuous,141000000000000.0,21.5,10000.0,600.0,60.0,homogeneous,2.0,0.0,0.0,disjoint_equal,b171c86fe6bc475f,d95b72f398ae7d7f,8904899883b8d5c3,False,False,results/thesis_revision_v43/stage_05b2/raw/S5B2-01812.summary.json,PLANNED
S5B2-01813,B3_C1_CONTINUOUS_DISJOINT,B3;C1,H7,H7,SENS_DELAY,20260214,500,common_disjoint_continuous,141000000000000.0,21.5,10000.0,600.0,60.0,homogeneous,2.0,0.0,0.0,disjoint_equal,45611deac95a19e3,4c77d7b30f283b0a,8904899883b8d5c3,False,False,results/thesis_revision_v43/stage_05b2/raw/S5B2-01813.summary.json,PLANNED
S5B2-01814,B3_C1_CONTINUOUS_DISJOINT,B3;C1,H7,H7,SENS_DELAY,20260215,500,common_disjoint_continuous,141000000000000.0,21.5,10000.0,600.0,60.0,homogeneous,2.0,0.0,0.0,disjoint_equal,d98e0b03e62f7754,1ced8d457b7a91d1,8904899883b8d5c3,False,False,results/thesis_revision_v43/stage_05b2/raw/S5B2-01814.summary.json,PLANNED
S5B2-01815,B3_C1_CONTINUOUS_DISJOINT,B3;C1,H7,H7,SENS_DELAY,20260216,500,common_disjoint_continuous,141000000000000.0,21.5,10000.0,600.0,60.0,homogeneous,2.0,0.0,0.0,disjoint_equal,3cab64e3722a7409,a5a207b3db32e044,8904899883b8d5c3,False,False,results/thesis_revision_v43/stage_05b2/raw/S5B2-01815.summary.json,PLANNED
S5B2-01816,B3_C1_CONTINUOUS_DISJOINT,B3;C1,H7,H7,SENS_DELAY,20260217,500,common_disjoint_continuous,141000000000000.0,21.5,10000.0,600.0,60.0,homogeneous,2.0,0.0,0.0,disjoint_equal,bd75192c656f22ce,c4ea102777eae743,8904899883b8d5c3,False,False,results/thesis_revision_v43/stage_05b2/raw/S5B2-01816.summary.json,PLANNED
S5B2-01817,B3_C1_CONTINUOUS_DISJOINT,B3;C1,H7,H7,SENS_DELAY,20260218,500,common_disjoint_continuous,141000000000000.0,21.5,10000.0,600.0,60.0,homogeneous,2.0,0.0,0.0,disjoint_equal,0d662c2d0dbe63bc,c80ffac787ea3639,8904899883b8d5c3,False,False,results/thesis_revision_v43/stage_05b2/raw/S5B2-01817.summary.json,PLANNED
S5B2-01818,B3_C1_CONTINUOUS_DISJOINT,B3;C1,H7,H7,SENS_DELAY,20260219,500,common_disjoint_continuous,141000000000000.0,21.5,10000.0,600.0,60.0,homogeneous,2.0,0.0,0.0,disjoint_equal,61f7bdd496c3d989,3ea67b8cf93e7b69,8904899883b8d5c3,False,False,results/thesis_revision_v43/stage_05b2/raw/S5B2-01818.summary.json,PLANNED
S5B2-01819,B3_C1_CONTINUOUS_DISJOINT,B3;C1,H7,H7,SENS_DELAY,20260220,500,common_disjoint_continuous,141000000000000.0,21.5,10000.0,600.0,60.0,homogeneous,2.0,0.0,0.0,disjoint_equal,8d77764212d1afdf,bc2328f0b49b5852,8904899883b8d5c3,False,False,results/thesis_revision_v43/stage_05b2/raw/S5B2-01819.summary.json,PLANNED
S5B2-01820,B3_C1_CONTINUOUS_DISJOINT,B3;C1,H7,H7,SENS_DELAY,20260221,500,common_disjoint_continuous,141000000000000.0,21.5,10000.0,600.0,60.0,homogeneous,2.0,0.0,0.0,disjoint_equal,3a5df773cb51e43f,ca3224f65a2aa9f5,8904899883b8d5c3,False,False,results/thesis_revision_v43/stage_05b2/raw/S5B2-01820.summary.json,PLANNED
S5B2-01821,B3_C1_CONTINUOUS_DISJOINT,B3;C1,H7,H7,SENS_DELAY,20260222,500,common_disjoint_continuous,141000000000000.0,21.5,10000.0,600.0,60.0,homogeneous,2.0,0.0,0.0,disjoint_equal,9735f969bd899949,cf9cb93e826e50b6,8904899883b8d5c3,False,False,results/thesis_revision_v43/stage_05b2/raw/S5B2-01821.summary.json,PLANNED
S5B2-01822,B3_C1_CONTINUOUS_DISJOINT,B3;C1,H7,H7,SENS_DELAY,20260223,500,common_disjoint_continuous,141000000000000.0,21.5,10000.0,600.0,60.0,homogeneous,2.0,0.0,0.0,disjoint_equal,4aeb16e5e96ff1b9,5877283cedb0c3ae,8904899883b8d5c3,False,False,results/thesis_revision_v43/stage_05b2/raw/S5B2-01822.summary.json,PLANNED
S5B2-01823,B3_C1_CONTINUOUS_DISJOINT,B3;C1,H7,H7,SENS_DELAY,20260224,500,common_disjoint_continuous,141000000000000.0,21.5,10000.0,600.0,60.0,homogeneous,2.0,0.0,0.0,disjoint_equal,a142504dfa59b36d,668df699b9f42c2f,8904899883b8d5c3,False,False,results/thesis_revision_v43/stage_05b2/raw/S5B2-01823.summary.json,PLANNED
S5B2-01824,B3_C1_CONTINUOUS_DISJOINT,B3;C1,H7,H7,SENS_DELAY,20260225,500,common_disjoint_continuous,141000000000000.0,21.5,10000.0,600.0,60.0,homogeneous,2.0,0.0,0.0,disjoint_equal,fa5a42d0ba98bfdd,d8f6cbedd1ebec0f,8904899883b8d5c3,False,False,results/thesis_revision_v43/stage_05b2/raw/S5B2-01824.summary.json,PLANNED
S5B2-01825,B3_C1_CONTINUOUS_DISJOINT,B3;C1,H7,H7,SENS_DELAY,20260226,500,common_disjoint_continuous,141000000000000.0,21.5,10000.0,600.0,60.0,homogeneous,2.0,0.0,0.0,disjoint_equal,48f3ca3a9cf97dee,8dd07b5030548840,8904899883b8d5c3,False,False,results/thesis_revision_v43/stage_05b2/raw/S5B2-01825.summary.json,PLANNED
S5B2-01826,B3_C1_CONTINUOUS_DISJOINT,B3;C1,H7,H7,SENS_DELAY,20260227,500,common_disjoint_continuous,141000000000000.0,21.5,10000.0,600.0,60.0,homogeneous,2.0,0.0,0.0,disjoint_equal,00788b3a4f8599da,0e94e6510748e1d6,8904899883b8d5c3,False,False,results/thesis_revision_v43/stage_05b2/raw/S5B2-01826.summary.json,PLANNED
S5B2-01827,B3_C1_CONTINUOUS_DISJOINT,B3;C1,H7,H7,SENS_DELAY,20260228,500,common_disjoint_continuous,141000000000000.0,21.5,10000.0,600.0,60.0,homogeneous,2.0,0.0,0.0,disjoint_equal,c15cb6c718d39ade,28643ea9b6a90cc0,8904899883b8d5c3,False,False,results/thesis_revision_v43/stage_05b2/raw/S5B2-01827.summary.json,PLANNED
S5B2-01828,B3_C1_CONTINUOUS_DISJOINT,B3;C1,H7,H7,SENS_DELAY,20260229,500,common_disjoint_continuous,141000000000000.0,21.5,10000.0,600.0,60.0,homogeneous,2.0,0.0,0.0,disjoint_equal,fed6395dfc9f32f6,4b3d03e5b24220d2,8904899883b8d5c3,False,False,results/thesis_revision_v43/stage_05b2/raw/S5B2-01828.summary.json,PLANNED
S5B2-01829,B3_C1_CONTINUOUS_DISJOINT,B3;C1,H7,H7,SENS_DELAY,20260230,500,common_disjoint_continuous,141000000000000.0,21.5,10000.0,600.0,60.0,homogeneous,2.0,0.0,0.0,disjoint_equal,a5ef846b716eb92b,6803debfbb26e3df,8904899883b8d5c3,False,False,results/thesis_revision_v43/stage_05b2/raw/S5B2-01829.summary.json,PLANNED
S5B2-01830,B3_C1_CONTINUOUS_DISJOINT,B3;C1,H5x,H5x,EXPLORATORY,20260201,100,common_disjoint_continuous,141000000000000.0,21.5,10000.0,600.0,0.42,heterogeneous_high,2.0,0.0,0.0,disjoint_equal,aa395a5c13385dcb,2961ee9a291ade65,6613c85911baae49,False,False,results/thesis_revision_v43/stage_05b2/raw/S5B2-01830.summary.json,PLANNED
S5B2-01831,B3_C1_CONTINUOUS_DISJOINT,B3;C1,H5x,H5x,EXPLORATORY,20260202,100,common_disjoint_continuous,141000000000000.0,21.5,10000.0,600.0,0.42,heterogeneous_high,2.0,0.0,0.0,disjoint_equal,8d782a4f2bb3c452,005a8c1e960be24e,6613c85911baae49,False,False,results/thesis_revision_v43/stage_05b2/raw/S5B2-01831.summary.json,PLANNED
S5B2-01832,B3_C1_CONTINUOUS_DISJOINT,B3;C1,H5x,H5x,EXPLORATORY,20260203,100,common_disjoint_continuous,141000000000000.0,21.5,10000.0,600.0,0.42,heterogeneous_high,2.0,0.0,0.0,disjoint_equal,5569829be5f177be,6f3f6cfc33397dde,6613c85911baae49,False,False,results/thesis_revision_v43/stage_05b2/raw/S5B2-01832.summary.json,PLANNED
S5B2-01833,B3_C1_CONTINUOUS_DISJOINT,B3;C1,H5x,H5x,EXPLORATORY,20260204,100,common_disjoint_continuous,141000000000000.0,21.5,10000.0,600.0,0.42,heterogeneous_high,2.0,0.0,0.0,disjoint_equal,c8fef6e945dd546f,9879ab4fa3d1c3ec,6613c85911baae49,False,False,results/thesis_revision_v43/stage_05b2/raw/S5B2-01833.summary.json,PLANNED
S5B2-01834,B3_C1_CONTINUOUS_DISJOINT,B3;C1,H5x,H5x,EXPLORATORY,20260205,100,common_disjoint_continuous,141000000000000.0,21.5,10000.0,600.0,0.42,heterogeneous_high,2.0,0.0,0.0,disjoint_equal,a455234238807615,291ce1ed2b7135ad,6613c85911baae49,False,False,results/thesis_revision_v43/stage_05b2/raw/S5B2-01834.summary.json,PLANNED
S5B2-01835,B3_C1_CONTINUOUS_DISJOINT,B3;C1,H5x,H5x,EXPLORATORY,20260206,100,common_disjoint_continuous,141000000000000.0,21.5,10000.0,600.0,0.42,heterogeneous_high,2.0,0.0,0.0,disjoint_equal,ba62ef9a977b2b1b,14b8958571c470f5,6613c85911baae49,False,False,results/thesis_revision_v43/stage_05b2/raw/S5B2-01835.summary.json,PLANNED
S5B2-01836,B3_C1_CONTINUOUS_DISJOINT,B3;C1,H5x,H5x,EXPLORATORY,20260207,100,common_disjoint_continuous,141000000000000.0,21.5,10000.0,600.0,0.42,heterogeneous_high,2.0,0.0,0.0,disjoint_equal,1422a4bb7bdce248,7b578cb2d8baff71,6613c85911baae49,False,False,results/thesis_revision_v43/stage_05b2/raw/S5B2-01836.summary.json,PLANNED
S5B2-01837,B3_C1_CONTINUOUS_DISJOINT,B3;C1,H5x,H5x,EXPLORATORY,20260208,100,common_disjoint_continuous,141000000000000.0,21.5,10000.0,600.0,0.42,heterogeneous_high,2.0,0.0,0.0,disjoint_equal,057cabef1137cbd9,63cfa34a2bae65f1,6613c85911baae49,False,False,results/thesis_revision_v43/stage_05b2/raw/S5B2-01837.summary.json,PLANNED
S5B2-01838,B3_C1_CONTINUOUS_DISJOINT,B3;C1,H5x,H5x,EXPLORATORY,20260209,100,common_disjoint_continuous,141000000000000.0,21.5,10000.0,600.0,0.42,heterogeneous_high,2.0,0.0,0.0,disjoint_equal,18d54cc28f9fff59,11109df09385a9c7,6613c85911baae49,False,False,results/thesis_revision_v43/stage_05b2/raw/S5B2-01838.summary.json,PLANNED
S5B2-01839,B3_C1_CONTINUOUS_DISJOINT,B3;C1,H5x,H5x,EXPLORATORY,20260210,100,common_disjoint_continuous,141000000000000.0,21.5,10000.0,600.0,0.42,heterogeneous_high,2.0,0.0,0.0,disjoint_equal,9f51cebed65c1ce7,45dd4f73dfe07db3,6613c85911baae49,False,False,results/thesis_revision_v43/stage_05b2/raw/S5B2-01839.summary.json,PLANNED
S5B2-01840,B3_C1_CONTINUOUS_DISJOINT,B3;C1,H5x,H5x,EXPLORATORY,20260211,100,common_disjoint_continuous,141000000000000.0,21.5,10000.0,600.0,0.42,heterogeneous_high,2.0,0.0,0.0,disjoint_equal,593acbf70c9d6fa6,a532f5fd809deb59,6613c85911baae49,False,False,results/thesis_revision_v43/stage_05b2/raw/S5B2-01840.summary.json,PLANNED
S5B2-01841,B3_C1_CONTINUOUS_DISJOINT,B3;C1,H5x,H5x,EXPLORATORY,20260212,100,common_disjoint_continuous,141000000000000.0,21.5,10000.0,600.0,0.42,heterogeneous_high,2.0,0.0,0.0,disjoint_equal,96724131736016b4,ccbc6a3563119539,6613c85911baae49,False,False,results/thesis_revision_v43/stage_05b2/raw/S5B2-01841.summary.json,PLANNED
S5B2-01842,B3_C1_CONTINUOUS_DISJOINT,B3;C1,H5x,H5x,EXPLORATORY,20260213,100,common_disjoint_continuous,141000000000000.0,21.5,10000.0,600.0,0.42,heterogeneous_high,2.0,0.0,0.0,disjoint_equal,d2770f39374accc3,db73bd5b4d482fb8,6613c85911baae49,False,False,results/thesis_revision_v43/stage_05b2/raw/S5B2-01842.summary.json,PLANNED
S5B2-01843,B3_C1_CONTINUOUS_DISJOINT,B3;C1,H5x,H5x,EXPLORATORY,20260214,100,common_disjoint_continuous,141000000000000.0,21.5,10000.0,600.0,0.42,heterogeneous_high,2.0,0.0,0.0,disjoint_equal,3e337f080e9c6883,c728e460f8ea1d46,6613c85911baae49,False,False,results/thesis_revision_v43/stage_05b2/raw/S5B2-01843.summary.json,PLANNED
S5B2-01844,B3_C1_CONTINUOUS_DISJOINT,B3;C1,H5x,H5x,EXPLORATORY,20260215,100,common_disjoint_continuous,141000000000000.0,21.5,10000.0,600.0,0.42,heterogeneous_high,2.0,0.0,0.0,disjoint_equal,aefe68a1ca5a0600,bf64379660ba16d2,6613c85911baae49,False,False,results/thesis_revision_v43/stage_05b2/raw/S5B2-01844.summary.json,PLANNED
S5B2-01845,B3_C1_CONTINUOUS_DISJOINT,B3;C1,H5x,H5x,EXPLORATORY,20260216,100,common_disjoint_continuous,141000000000000.0,21.5,10000.0,600.0,0.42,heterogeneous_high,2.0,0.0,0.0,disjoint_equal,d06385c35b965198,6fa011aebbb89c81,6613c85911baae49,False,False,results/thesis_revision_v43/stage_05b2/raw/S5B2-01845.summary.json,PLANNED
S5B2-01846,B3_C1_CONTINUOUS_DISJOINT,B3;C1,H5x,H5x,EXPLORATORY,20260217,100,common_disjoint_continuous,141000000000000.0,21.5,10000.0,600.0,0.42,heterogeneous_high,2.0,0.0,0.0,disjoint_equal,f752f16d65e83420,8a7dc01aa980e643,6613c85911baae49,False,False,results/thesis_revision_v43/stage_05b2/raw/S5B2-01846.summary.json,PLANNED
S5B2-01847,B3_C1_CONTINUOUS_DISJOINT,B3;C1,H5x,H5x,EXPLORATORY,20260218,100,common_disjoint_continuous,141000000000000.0,21.5,10000.0,600.0,0.42,heterogeneous_high,2.0,0.0,0.0,disjoint_equal,c72877c418f107eb,1b7f428f1074f09d,6613c85911baae49,False,False,results/thesis_revision_v43/stage_05b2/raw/S5B2-01847.summary.json,PLANNED
S5B2-01848,B3_C1_CONTINUOUS_DISJOINT,B3;C1,H5x,H5x,EXPLORATORY,20260219,100,common_disjoint_continuous,141000000000000.0,21.5,10000.0,600.0,0.42,heterogeneous_high,2.0,0.0,0.0,disjoint_equal,9be1a7225065b7a4,c8e897962573739b,6613c85911baae49,False,False,results/thesis_revision_v43/stage_05b2/raw/S5B2-01848.summary.json,PLANNED
S5B2-01849,B3_C1_CONTINUOUS_DISJOINT,B3;C1,H5x,H5x,EXPLORATORY,20260220,100,common_disjoint_continuous,141000000000000.0,21.5,10000.0,600.0,0.42,heterogeneous_high,2.0,0.0,0.0,disjoint_equal,85a2805f083477fe,ff9e74cffcea6a23,6613c85911baae49,False,False,results/thesis_revision_v43/stage_05b2/raw/S5B2-01849.summary.json,PLANNED
S5B2-01850,B3_C1_CONTINUOUS_DISJOINT,B3;C1,H5x,H5x,EXPLORATORY,20260221,100,common_disjoint_continuous,141000000000000.0,21.5,10000.0,600.0,0.42,heterogeneous_high,2.0,0.0,0.0,disjoint_equal,c07aac0eb717cb25,591fd9f753ab136c,6613c85911baae49,False,False,results/thesis_revision_v43/stage_05b2/raw/S5B2-01850.summary.json,PLANNED
S5B2-01851,B3_C1_CONTINUOUS_DISJOINT,B3;C1,H5x,H5x,EXPLORATORY,20260222,100,common_disjoint_continuous,141000000000000.0,21.5,10000.0,600.0,0.42,heterogeneous_high,2.0,0.0,0.0,disjoint_equal,f6596b2ffe9c8443,3e956362f22f6d27,6613c85911baae49,False,False,results/thesis_revision_v43/stage_05b2/raw/S5B2-01851.summary.json,PLANNED
S5B2-01852,B3_C1_CONTINUOUS_DISJOINT,B3;C1,H5x,H5x,EXPLORATORY,20260223,100,common_disjoint_continuous,141000000000000.0,21.5,10000.0,600.0,0.42,heterogeneous_high,2.0,0.0,0.0,disjoint_equal,a66d290ff063b366,cea4f8b8b47019d1,6613c85911baae49,False,False,results/thesis_revision_v43/stage_05b2/raw/S5B2-01852.summary.json,PLANNED
S5B2-01853,B3_C1_CONTINUOUS_DISJOINT,B3;C1,H5x,H5x,EXPLORATORY,20260224,100,common_disjoint_continuous,141000000000000.0,21.5,10000.0,600.0,0.42,heterogeneous_high,2.0,0.0,0.0,disjoint_equal,1755b939e11458d3,a0b85aa50cfc325e,6613c85911baae49,False,False,results/thesis_revision_v43/stage_05b2/raw/S5B2-01853.summary.json,PLANNED
S5B2-01854,B3_C1_CONTINUOUS_DISJOINT,B3;C1,H5x,H5x,EXPLORATORY,20260225,100,common_disjoint_continuous,141000000000000.0,21.5,10000.0,600.0,0.42,heterogeneous_high,2.0,0.0,0.0,disjoint_equal,d3190fc186ecc5da,e4aa2426d1543f38,6613c85911baae49,False,False,results/thesis_revision_v43/stage_05b2/raw/S5B2-01854.summary.json,PLANNED
S5B2-01855,B3_C1_CONTINUOUS_DISJOINT,B3;C1,H5x,H5x,EXPLORATORY,20260226,100,common_disjoint_continuous,141000000000000.0,21.5,10000.0,600.0,0.42,heterogeneous_high,2.0,0.0,0.0,disjoint_equal,8d7dd43188b13048,c64c969238d1a89a,6613c85911baae49,False,False,results/thesis_revision_v43/stage_05b2/raw/S5B2-01855.summary.json,PLANNED
S5B2-01856,B3_C1_CONTINUOUS_DISJOINT,B3;C1,H5x,H5x,EXPLORATORY,20260227,100,common_disjoint_continuous,141000000000000.0,21.5,10000.0,600.0,0.42,heterogeneous_high,2.0,0.0,0.0,disjoint_equal,43ce9aa63ebfafd6,90cd6ac2b84d24ad,6613c85911baae49,False,False,results/thesis_revision_v43/stage_05b2/raw/S5B2-01856.summary.json,PLANNED
S5B2-01857,B3_C1_CONTINUOUS_DISJOINT,B3;C1,H5x,H5x,EXPLORATORY,20260228,100,common_disjoint_continuous,141000000000000.0,21.5,10000.0,600.0,0.42,heterogeneous_high,2.0,0.0,0.0,disjoint_equal,52e6027ba56449ae,b380ec0812dbf6ac,6613c85911baae49,False,False,results/thesis_revision_v43/stage_05b2/raw/S5B2-01857.summary.json,PLANNED
S5B2-01858,B3_C1_CONTINUOUS_DISJOINT,B3;C1,H5x,H5x,EXPLORATORY,20260229,100,common_disjoint_continuous,141000000000000.0,21.5,10000.0,600.0,0.42,heterogeneous_high,2.0,0.0,0.0,disjoint_equal,5386cb40be4909bc,40a113bb38d7692a,6613c85911baae49,False,False,results/thesis_revision_v43/stage_05b2/raw/S5B2-01858.summary.json,PLANNED
S5B2-01859,B3_C1_CONTINUOUS_DISJOINT,B3;C1,H5x,H5x,EXPLORATORY,20260230,100,common_disjoint_continuous,141000000000000.0,21.5,10000.0,600.0,0.42,heterogeneous_high,2.0,0.0,0.0,disjoint_equal,3531d69ef58a67e5,1849a32d7c6ce626,6613c85911baae49,False,False,results/thesis_revision_v43/stage_05b2/raw/S5B2-01859.summary.json,PLANNED
S5B2-01860,B3_C1_CONTINUOUS_DISJOINT,B3;C1,H5x,H5x,EXPLORATORY,20260201,500,common_disjoint_continuous,141000000000000.0,21.5,10000.0,600.0,0.42,heterogeneous_high,2.0,0.0,0.0,disjoint_equal,39371c71279c3d90,3eab3d02b705f174,83ea63c0da17a66e,False,False,results/thesis_revision_v43/stage_05b2/raw/S5B2-01860.summary.json,PLANNED
S5B2-01861,B3_C1_CONTINUOUS_DISJOINT,B3;C1,H5x,H5x,EXPLORATORY,20260202,500,common_disjoint_continuous,141000000000000.0,21.5,10000.0,600.0,0.42,heterogeneous_high,2.0,0.0,0.0,disjoint_equal,c5b838269258845b,f02015ef557ce680,83ea63c0da17a66e,False,False,results/thesis_revision_v43/stage_05b2/raw/S5B2-01861.summary.json,PLANNED
S5B2-01862,B3_C1_CONTINUOUS_DISJOINT,B3;C1,H5x,H5x,EXPLORATORY,20260203,500,common_disjoint_continuous,141000000000000.0,21.5,10000.0,600.0,0.42,heterogeneous_high,2.0,0.0,0.0,disjoint_equal,7d3ef232b5625c86,9762428b2cdfc20e,83ea63c0da17a66e,False,False,results/thesis_revision_v43/stage_05b2/raw/S5B2-01862.summary.json,PLANNED
S5B2-01863,B3_C1_CONTINUOUS_DISJOINT,B3;C1,H5x,H5x,EXPLORATORY,20260204,500,common_disjoint_continuous,141000000000000.0,21.5,10000.0,600.0,0.42,heterogeneous_high,2.0,0.0,0.0,disjoint_equal,420b279436474c2f,4b88ecf8a8782df9,83ea63c0da17a66e,False,False,results/thesis_revision_v43/stage_05b2/raw/S5B2-01863.summary.json,PLANNED
S5B2-01864,B3_C1_CONTINUOUS_DISJOINT,B3;C1,H5x,H5x,EXPLORATORY,20260205,500,common_disjoint_continuous,141000000000000.0,21.5,10000.0,600.0,0.42,heterogeneous_high,2.0,0.0,0.0,disjoint_equal,8bbb3b8eb3b34655,de3e1104cab11dad,83ea63c0da17a66e,False,False,results/thesis_revision_v43/stage_05b2/raw/S5B2-01864.summary.json,PLANNED
S5B2-01865,B3_C1_CONTINUOUS_DISJOINT,B3;C1,H5x,H5x,EXPLORATORY,20260206,500,common_disjoint_continuous,141000000000000.0,21.5,10000.0,600.0,0.42,heterogeneous_high,2.0,0.0,0.0,disjoint_equal,f84cca0b39065949,a03f98b900c95dbd,83ea63c0da17a66e,False,False,results/thesis_revision_v43/stage_05b2/raw/S5B2-01865.summary.json,PLANNED
S5B2-01866,B3_C1_CONTINUOUS_DISJOINT,B3;C1,H5x,H5x,EXPLORATORY,20260207,500,common_disjoint_continuous,141000000000000.0,21.5,10000.0,600.0,0.42,heterogeneous_high,2.0,0.0,0.0,disjoint_equal,b81c969a0b3cae31,d48def17e8a26589,83ea63c0da17a66e,False,False,results/thesis_revision_v43/stage_05b2/raw/S5B2-01866.summary.json,PLANNED
S5B2-01867,B3_C1_CONTINUOUS_DISJOINT,B3;C1,H5x,H5x,EXPLORATORY,20260208,500,common_disjoint_continuous,141000000000000.0,21.5,10000.0,600.0,0.42,heterogeneous_high,2.0,0.0,0.0,disjoint_equal,39b69a7bc73284ba,9f5c301e46e07230,83ea63c0da17a66e,False,False,results/thesis_revision_v43/stage_05b2/raw/S5B2-01867.summary.json,PLANNED
S5B2-01868,B3_C1_CONTINUOUS_DISJOINT,B3;C1,H5x,H5x,EXPLORATORY,20260209,500,common_disjoint_continuous,141000000000000.0,21.5,10000.0,600.0,0.42,heterogeneous_high,2.0,0.0,0.0,disjoint_equal,f10e547a441e8216,8cae96448302d59d,83ea63c0da17a66e,False,False,results/thesis_revision_v43/stage_05b2/raw/S5B2-01868.summary.json,PLANNED
S5B2-01869,B3_C1_CONTINUOUS_DISJOINT,B3;C1,H5x,H5x,EXPLORATORY,20260210,500,common_disjoint_continuous,141000000000000.0,21.5,10000.0,600.0,0.42,heterogeneous_high,2.0,0.0,0.0,disjoint_equal,39c21dda556e8620,438c1546b7e8eaaa,83ea63c0da17a66e,False,False,results/thesis_revision_v43/stage_05b2/raw/S5B2-01869.summary.json,PLANNED
S5B2-01870,B3_C1_CONTINUOUS_DISJOINT,B3;C1,H5x,H5x,EXPLORATORY,20260211,500,common_disjoint_continuous,141000000000000.0,21.5,10000.0,600.0,0.42,heterogeneous_high,2.0,0.0,0.0,disjoint_equal,d04c89d492060e5e,3bde4cf04bad6655,83ea63c0da17a66e,False,False,results/thesis_revision_v43/stage_05b2/raw/S5B2-01870.summary.json,PLANNED
S5B2-01871,B3_C1_CONTINUOUS_DISJOINT,B3;C1,H5x,H5x,EXPLORATORY,20260212,500,common_disjoint_continuous,141000000000000.0,21.5,10000.0,600.0,0.42,heterogeneous_high,2.0,0.0,0.0,disjoint_equal,3fda9750e8846e0c,c7490b02c27e13e2,83ea63c0da17a66e,False,False,results/thesis_revision_v43/stage_05b2/raw/S5B2-01871.summary.json,PLANNED
S5B2-01872,B3_C1_CONTINUOUS_DISJOINT,B3;C1,H5x,H5x,EXPLORATORY,20260213,500,common_disjoint_continuous,141000000000000.0,21.5,10000.0,600.0,0.42,heterogeneous_high,2.0,0.0,0.0,disjoint_equal,af404ebf8c9e905b,01540756c2ef2f6f,83ea63c0da17a66e,False,False,results/thesis_revision_v43/stage_05b2/raw/S5B2-01872.summary.json,PLANNED
S5B2-01873,B3_C1_CONTINUOUS_DISJOINT,B3;C1,H5x,H5x,EXPLORATORY,20260214,500,common_disjoint_continuous,141000000000000.0,21.5,10000.0,600.0,0.42,heterogeneous_high,2.0,0.0,0.0,disjoint_equal,7da7463512e337b7,f6ba7406e1e175f8,83ea63c0da17a66e,False,False,results/thesis_revision_v43/stage_05b2/raw/S5B2-01873.summary.json,PLANNED
S5B2-01874,B3_C1_CONTINUOUS_DISJOINT,B3;C1,H5x,H5x,EXPLORATORY,20260215,500,common_disjoint_continuous,141000000000000.0,21.5,10000.0,600.0,0.42,heterogeneous_high,2.0,0.0,0.0,disjoint_equal,cb494d59fc0c2d65,3140669b93451bb5,83ea63c0da17a66e,False,False,results/thesis_revision_v43/stage_05b2/raw/S5B2-01874.summary.json,PLANNED
S5B2-01875,B3_C1_CONTINUOUS_DISJOINT,B3;C1,H5x,H5x,EXPLORATORY,20260216,500,common_disjoint_continuous,141000000000000.0,21.5,10000.0,600.0,0.42,heterogeneous_high,2.0,0.0,0.0,disjoint_equal,d2dd6526d2b52b55,ee5aad9477d1dfd2,83ea63c0da17a66e,False,False,results/thesis_revision_v43/stage_05b2/raw/S5B2-01875.summary.json,PLANNED
S5B2-01876,B3_C1_CONTINUOUS_DISJOINT,B3;C1,H5x,H5x,EXPLORATORY,20260217,500,common_disjoint_continuous,141000000000000.0,21.5,10000.0,600.0,0.42,heterogeneous_high,2.0,0.0,0.0,disjoint_equal,9e715661f3f28519,2987b126a3775c98,83ea63c0da17a66e,False,False,results/thesis_revision_v43/stage_05b2/raw/S5B2-01876.summary.json,PLANNED
S5B2-01877,B3_C1_CONTINUOUS_DISJOINT,B3;C1,H5x,H5x,EXPLORATORY,20260218,500,common_disjoint_continuous,141000000000000.0,21.5,10000.0,600.0,0.42,heterogeneous_high,2.0,0.0,0.0,disjoint_equal,ab2dd13ea7b3eaf4,d44b3d55a284e1c7,83ea63c0da17a66e,False,False,results/thesis_revision_v43/stage_05b2/raw/S5B2-01877.summary.json,PLANNED
S5B2-01878,B3_C1_CONTINUOUS_DISJOINT,B3;C1,H5x,H5x,EXPLORATORY,20260219,500,common_disjoint_continuous,141000000000000.0,21.5,10000.0,600.0,0.42,heterogeneous_high,2.0,0.0,0.0,disjoint_equal,5f6d08e970a2b2aa,8cd97ca2a409eed2,83ea63c0da17a66e,False,False,results/thesis_revision_v43/stage_05b2/raw/S5B2-01878.summary.json,PLANNED
S5B2-01879,B3_C1_CONTINUOUS_DISJOINT,B3;C1,H5x,H5x,EXPLORATORY,20260220,500,common_disjoint_continuous,141000000000000.0,21.5,10000.0,600.0,0.42,heterogeneous_high,2.0,0.0,0.0,disjoint_equal,204f9603a89d6577,11123bb0f8a48830,83ea63c0da17a66e,False,False,results/thesis_revision_v43/stage_05b2/raw/S5B2-01879.summary.json,PLANNED
S5B2-01880,B3_C1_CONTINUOUS_DISJOINT,B3;C1,H5x,H5x,EXPLORATORY,20260221,500,common_disjoint_continuous,141000000000000.0,21.5,10000.0,600.0,0.42,heterogeneous_high,2.0,0.0,0.0,disjoint_equal,d6a947a8c506a2ec,9b4040f9dfa9a919,83ea63c0da17a66e,False,False,results/thesis_revision_v43/stage_05b2/raw/S5B2-01880.summary.json,PLANNED
S5B2-01881,B3_C1_CONTINUOUS_DISJOINT,B3;C1,H5x,H5x,EXPLORATORY,20260222,500,common_disjoint_continuous,141000000000000.0,21.5,10000.0,600.0,0.42,heterogeneous_high,2.0,0.0,0.0,disjoint_equal,69dfbd3bf5a520ca,013b5b0c4469d903,83ea63c0da17a66e,False,False,results/thesis_revision_v43/stage_05b2/raw/S5B2-01881.summary.json,PLANNED
S5B2-01882,B3_C1_CONTINUOUS_DISJOINT,B3;C1,H5x,H5x,EXPLORATORY,20260223,500,common_disjoint_continuous,141000000000000.0,21.5,10000.0,600.0,0.42,heterogeneous_high,2.0,0.0,0.0,disjoint_equal,9fa80c33c07db7bb,450c8de8b23568ad,83ea63c0da17a66e,False,False,results/thesis_revision_v43/stage_05b2/raw/S5B2-01882.summary.json,PLANNED
S5B2-01883,B3_C1_CONTINUOUS_DISJOINT,B3;C1,H5x,H5x,EXPLORATORY,20260224,500,common_disjoint_continuous,141000000000000.0,21.5,10000.0,600.0,0.42,heterogeneous_high,2.0,0.0,0.0,disjoint_equal,f3ff5fc43d23cdca,aa0a1323a9d92881,83ea63c0da17a66e,False,False,results/thesis_revision_v43/stage_05b2/raw/S5B2-01883.summary.json,PLANNED
S5B2-01884,B3_C1_CONTINUOUS_DISJOINT,B3;C1,H5x,H5x,EXPLORATORY,20260225,500,common_disjoint_continuous,141000000000000.0,21.5,10000.0,600.0,0.42,heterogeneous_high,2.0,0.0,0.0,disjoint_equal,f902b65e2501a0fa,f4f4cebfa2c88bad,83ea63c0da17a66e,False,False,results/thesis_revision_v43/stage_05b2/raw/S5B2-01884.summary.json,PLANNED
S5B2-01885,B3_C1_CONTINUOUS_DISJOINT,B3;C1,H5x,H5x,EXPLORATORY,20260226,500,common_disjoint_continuous,141000000000000.0,21.5,10000.0,600.0,0.42,heterogeneous_high,2.0,0.0,0.0,disjoint_equal,d296e0398c8ceedc,5f659a530c172ce5,83ea63c0da17a66e,False,False,results/thesis_revision_v43/stage_05b2/raw/S5B2-01885.summary.json,PLANNED
S5B2-01886,B3_C1_CONTINUOUS_DISJOINT,B3;C1,H5x,H5x,EXPLORATORY,20260227,500,common_disjoint_continuous,141000000000000.0,21.5,10000.0,600.0,0.42,heterogeneous_high,2.0,0.0,0.0,disjoint_equal,b4364f4601378f76,da0aeb3fa4e69b62,83ea63c0da17a66e,False,False,results/thesis_revision_v43/stage_05b2/raw/S5B2-01886.summary.json,PLANNED
S5B2-01887,B3_C1_CONTINUOUS_DISJOINT,B3;C1,H5x,H5x,EXPLORATORY,20260228,500,common_disjoint_continuous,141000000000000.0,21.5,10000.0,600.0,0.42,heterogeneous_high,2.0,0.0,0.0,disjoint_equal,1740918ba98a4dbe,c2f1338ba43ae675,83ea63c0da17a66e,False,False,results/thesis_revision_v43/stage_05b2/raw/S5B2-01887.summary.json,PLANNED
S5B2-01888,B3_C1_CONTINUOUS_DISJOINT,B3;C1,H5x,H5x,EXPLORATORY,20260229,500,common_disjoint_continuous,141000000000000.0,21.5,10000.0,600.0,0.42,heterogeneous_high,2.0,0.0,0.0,disjoint_equal,91033f4a4e92fc65,8e67e77b4994437e,83ea63c0da17a66e,False,False,results/thesis_revision_v43/stage_05b2/raw/S5B2-01888.summary.json,PLANNED
S5B2-01889,B3_C1_CONTINUOUS_DISJOINT,B3;C1,H5x,H5x,EXPLORATORY,20260230,500,common_disjoint_continuous,141000000000000.0,21.5,10000.0,600.0,0.42,heterogeneous_high,2.0,0.0,0.0,disjoint_equal,a1240828a4471041,e7e066752ddf18a8,83ea63c0da17a66e,False,False,results/thesis_revision_v43/stage_05b2/raw/S5B2-01889.summary.json,PLANNED
