N,M,mode,schedule,hardware,idle_ratio,sleep_ratio,use_sleep,slot_seconds,sim_seconds,per_miner_hashrate_hps,per_miner_active_power_w,aggregate_active_power_w,n_slots,successful_rounds,exhausted_rounds,active_miner_seconds,idle_miner_seconds,sleep_miner_seconds,unique_candidate_evaluations,duplicate_header_evaluations,total_energy_j,total_energy_kwh,co2_kg,energy_per_successful_round_kwh,avg_discovery_time_s,pct_time_active,slot_utilization,total_state_time_s,seed,p_success,deterministic
100,1000000,COMMON_TEMPLATE_DUPLICATE_BASELINE,FIXED_SLOT_IDLE,H2_FIXED_PER_MINER_HARDWARE,0.1,0.0,False,600.0,10000.0,1666.6666666666667,100.0,10000.0,17,15,2,349873.97999999986,650126.020000001,0.0,5831233,577292067,41488658.199999996,11.524627277777777,5.1284591386111105,0.7683084851851851,153.24931999999998,34.987397999999985,0.8823529411764706,1000000.0000000008,1,2e-06,False
100,1000000,COMMON_TEMPLATE_DUPLICATE_BASELINE,FIXED_SLOT_IDLE,H2_FIXED_PER_MINER_HARDWARE,0.1,0.0,False,600.0,10000.0,1666.6666666666667,100.0,10000.0,17,16,1,397234.68,602765.3199999993,0.0,6620578,655437222,45751121.19999997,12.70864477777777,5.6553469261111085,0.7942902986111107,210.771675,39.723468,0.9411764705882353,999999.9999999993,0,2e-06,False
100,1000000,COMMON_TEMPLATE_DUPLICATE_BASELINE,FIXED_SLOT_IDLE,H2_FIXED_PER_MINER_HARDWARE,0.1,0.0,False,600.0,10000.0,1666.6666666666667,100.0,10000.0,17,15,2,366828.4599999998,633171.539999999,0.0,6447141,638266959,43014561.4,11.948489277777778,5.317077728611111,0.7965659518518519,177.88564000000002,36.68284599999998,0.8823529411764706,999999.9999999988,2,2e-06,False
100,1000000,COMMON_TEMPLATE_DUPLICATE_BASELINE,FIXED_SLOT_IDLE,H2_FIXED_PER_MINER_HARDWARE,0.1,0.0,False,600.0,10000.0,1666.6666666666667,100.0,10000.0,17,15,2,413182.3800000008,586817.6199999991,0.0,6886373,681750927,47186414.19999997,13.10733727777777,5.832765088611108,0.8738224851851847,195.45492,41.31823800000008,0.8823529411764706,999999.9999999999,5,2e-06,False
100,1000000,COMMON_TEMPLATE_DUPLICATE_BASELINE,FIXED_SLOT_IDLE,H2_FIXED_PER_MINER_HARDWARE,0.1,0.0,False,600.0,10000.0,1666.6666666666667,100.0,10000.0,17,15,2,431363.86000000045,568636.14,0.0,7326024,725276376,48822747.39999996,13.561874277777767,6.035034053611106,0.9041249518518512,213.04095999999998,43.136386000000044,0.8823529411764706,1000000.0000000005,4,2e-06,False
100,1000000,COMMON_TEMPLATE_DUPLICATE_BASELINE,FIXED_SLOT_IDLE,H2_FIXED_PER_MINER_HARDWARE,0.1,0.0,False,600.0,10000.0,1666.6666666666667,100.0,10000.0,17,14,3,410883.93999999977,589116.0599999996,0.0,7181399,710958501,46979554.5999999,13.049876277777749,5.807194943611099,0.9321340198412678,179.20281428571428,41.08839399999998,0.8235294117647058,999999.9999999993,6,2e-06,False
100,1000000,COMMON_TEMPLATE_DUPLICATE_BASELINE,FIXED_SLOT_IDLE,H2_FIXED_PER_MINER_HARDWARE,0.1,0.0,False,600.0,10000.0,1666.6666666666667,100.0,10000.0,17,13,4,587318.8199999988,412681.18000000075,0.0,9788647,969076053,62858693.80000006,17.460748277777792,7.7700329836111175,1.3431344829059841,267.1683230769231,58.73188199999988,0.7647058823529411,999999.9999999995,3,2e-06,False
100,1000000,COMMON_TEMPLATE_DUPLICATE_BASELINE,FIXED_SLOT_IDLE,H2_FIXED_PER_MINER_HARDWARE,0.1,0.0,False,600.0,10000.0,1666.6666666666667,100.0,10000.0,17,15,2,410101.7999999996,589898.2000000002,0.0,6835030,676667970,46909161.99999995,13.030322777777764,5.798493636111105,0.8686881851851843,193.4012,41.010179999999956,0.8823529411764706,999999.9999999998,11,2e-06,False
100,1000000,COMMON_TEMPLATE_DUPLICATE_BASELINE,FIXED_SLOT_IDLE,H2_FIXED_PER_MINER_HARDWARE,0.1,0.0,False,600.0,10000.0,1666.6666666666667,100.0,10000.0,17,15,2,469123.7399999996,530876.2600000005,0.0,7818729,774054171,52221136.599999905,14.505871277777752,6.455112718611099,0.9670580851851834,232.74916,46.91237399999996,0.8823529411764706,1000000.0,10,2e-06,False
100,1000000,COMMON_TEMPLATE_DUPLICATE_BASELINE,FIXED_SLOT_IDLE,H2_FIXED_PER_MINER_HARDWARE,0.1,0.0,False,600.0,10000.0,1666.6666666666667,100.0,10000.0,17,15,2,375091.37999999966,624908.6200000009,0.0,6251523,618900777,43758224.199999936,12.15506227777776,5.409002713611104,0.810337485185184,170.06091999999995,37.509137999999965,0.8823529411764706,1000000.0000000006,7,2e-06,False
100,1000000,COMMON_TEMPLATE_DUPLICATE_BASELINE,FIXED_SLOT_IDLE,H2_FIXED_PER_MINER_HARDWARE,0.1,0.0,False,600.0,10000.0,1666.6666666666667,100.0,10000.0,17,16,1,382624.97999999946,617375.0200000006,0.0,6377083,631331217,44436248.20000006,12.343402277777795,5.4928140136111185,0.7714626423611122,201.64061249999995,38.26249799999995,0.9411764705882353,1000000.0,8,2e-06,False
100,1000000,COMMON_TEMPLATE_DUPLICATE_BASELINE,FIXED_SLOT_IDLE,H2_FIXED_PER_MINER_HARDWARE,0.1,0.0,False,600.0,10000.0,1666.6666666666667,100.0,10000.0,17,17,0,364190.15999999986,635809.8400000008,0.0,6069836,600913764,42777114.40000005,11.882531777777793,5.287726641111118,0.6989724575163407,214.22950588235292,36.419015999999985,1.0,1000000.0000000007,9,2e-06,False
100,1000000,COMMON_TEMPLATE_DUPLICATE_BASELINE,FIXED_SLOT_IDLE,H2_FIXED_PER_MINER_HARDWARE,0.1,0.0,False,600.0,10000.0,1666.6666666666667,100.0,10000.0,17,15,2,414938.79999999923,585061.2000000007,0.0,7248980,717649020,47344491.99999998,13.15124777777777,5.852305261111108,0.8767498518518514,209.95919999999998,41.493879999999926,0.8823529411764706,999999.9999999999,12,2e-06,False
100,1000000,COMMON_TEMPLATE_DUPLICATE_BASELINE,FIXED_SLOT_IDLE,H2_FIXED_PER_MINER_HARDWARE,0.1,0.0,False,600.0,10000.0,1666.6666666666667,100.0,10000.0,17,16,1,427192.6199999992,572807.3800000009,0.0,7119877,704867823,48447335.80000004,13.45759327777779,5.988629008611117,0.8410995798611118,229.4953875,42.719261999999915,0.9411764705882353,1000000.0000000001,14,2e-06,False
100,1000000,COMMON_TEMPLATE_DUPLICATE_BASELINE,FIXED_SLOT_IDLE,H2_FIXED_PER_MINER_HARDWARE,0.1,0.0,False,600.0,10000.0,1666.6666666666667,100.0,10000.0,17,17,0,344025.7800000003,655974.2199999988,0.0,5733763,567642537,40962320.199999966,11.378422277777767,5.063397913611107,0.6693189575163393,202.36810588235295,34.40257800000003,1.0,999999.9999999991,22,2e-06,False
100,1000000,COMMON_TEMPLATE_DUPLICATE_BASELINE,FIXED_SLOT_IDLE,H2_FIXED_PER_MINER_HARDWARE,0.1,0.0,False,600.0,10000.0,1666.6666666666667,100.0,10000.0,17,15,2,386634.6599999994,613365.34,0.0,6443911,637947189,44797119.399999894,12.443644277777748,5.537421703611098,0.8295762851851832,177.75644000000005,38.66346599999994,0.8823529411764706,999999.9999999993,13,2e-06,False
100,1000000,COMMON_TEMPLATE_DUPLICATE_BASELINE,FIXED_SLOT_IDLE,H2_FIXED_PER_MINER_HARDWARE,0.1,0.0,False,600.0,10000.0,1666.6666666666667,100.0,10000.0,17,15,2,405451.26000000024,594548.7399999994,0.0,6757521,668994579,46490613.40000007,12.914059277777799,5.746756378611121,0.8609372851851866,190.30084000000005,40.545126000000025,0.8823529411764706,999999.9999999997,17,2e-06,False
100,1000000,COMMON_TEMPLATE_DUPLICATE_BASELINE,FIXED_SLOT_IDLE,H2_FIXED_PER_MINER_HARDWARE,0.1,0.0,False,600.0,10000.0,1666.6666666666667,100.0,10000.0,17,14,3,506911.4999999994,493088.5000000006,0.0,8448525,836403975,55622035.000000104,15.450565277777807,6.875501548611124,1.1036118055555577,233.50821428571427,50.69114999999994,0.8235294117647058,1000000.0,21,2e-06,False
100,1000000,COMMON_TEMPLATE_DUPLICATE_BASELINE,FIXED_SLOT_IDLE,H2_FIXED_PER_MINER_HARDWARE,0.1,0.0,False,600.0,10000.0,1666.6666666666667,100.0,10000.0,17,13,4,488233.6599999993,511766.3400000007,0.0,8470561,838585539,53941029.39999998,14.983619277777773,6.667710578611109,1.152586098290598,206.3335846153846,48.82336599999993,0.7647058823529411,1000000.0,19,2e-06,False
100,1000000,COMMON_TEMPLATE_DUPLICATE_BASELINE,FIXED_SLOT_IDLE,H2_FIXED_PER_MINER_HARDWARE,0.1,0.0,False,600.0,10000.0,1666.6666666666667,100.0,10000.0,17,17,0,447659.9400000005,552340.0599999998,0.0,7460999,738638901,50289394.600000046,13.96927627777779,6.216327943611117,0.8217221339869288,263.32937647058816,44.76599400000005,1.0,1000000.0000000003,20,2e-06,False
100,1000000,COMMON_TEMPLATE_DUPLICATE_BASELINE,FIXED_SLOT_IDLE,H2_FIXED_PER_MINER_HARDWARE,0.1,0.0,False,600.0,10000.0,1666.6666666666667,100.0,10000.0,17,14,3,385266.4199999999,614733.5800000001,0.0,6421107,635689593,44673977.799999975,12.40943827777777,5.5222000336111075,0.8863884484126979,146.6188714285714,38.526641999999995,0.8235294117647058,1000000.0,15,2e-06,False
100,1000000,COMMON_TEMPLATE_DUPLICATE_BASELINE,FIXED_SLOT_IDLE,H2_FIXED_PER_MINER_HARDWARE,0.1,0.0,False,600.0,10000.0,1666.6666666666667,100.0,10000.0,17,15,2,442626.36000000045,557373.6399999999,0.0,7377106,730333494,49836372.399999954,13.843436777777764,6.160329366111105,0.9228957851851843,215.08423999999997,44.26263600000004,0.8823529411764706,1000000.0000000003,23,2e-06,False
100,1000000,COMMON_TEMPLATE_DUPLICATE_BASELINE,FIXED_SLOT_IDLE,H2_FIXED_PER_MINER_HARDWARE,0.1,0.0,False,600.0,10000.0,1666.6666666666667,100.0,10000.0,17,14,3,386580.2800000004,613419.7200000004,0.0,6776338,670857462,44792225.199999936,12.44228477777776,5.536816726111103,0.8887346269841256,161.84305714285716,38.65802800000004,0.8235294117647058,1000000.0000000008,16,2e-06,False
100,1000000,COMMON_TEMPLATE_DUPLICATE_BASELINE,FIXED_SLOT_IDLE,H2_FIXED_PER_MINER_HARDWARE,0.1,0.0,False,600.0,10000.0,1666.6666666666667,100.0,10000.0,17,14,3,408550.0799999995,591449.9200000003,0.0,6809168,674107632,46769507.19999994,12.991529777777762,5.781230751111104,0.9279664126984116,163.25005714285712,40.85500799999995,0.8235294117647058,999999.9999999998,18,2e-06,False
100,1000000,COMMON_TEMPLATE_DUPLICATE_BASELINE,FIXED_SLOT_IDLE,H2_FIXED_PER_MINER_HARDWARE,0.1,0.0,False,600.0,10000.0,1666.6666666666667,100.0,10000.0,17,15,2,401372.1399999996,598627.8600000002,0.0,7022869,695264031,46123492.59999996,12.812081277777766,5.701376168611106,0.8541387518518511,200.91475999999997,40.137213999999965,0.8823529411764706,999999.9999999998,26,2e-06,False
100,1000000,COMMON_TEMPLATE_DUPLICATE_BASELINE,FIXED_SLOT_IDLE,H2_FIXED_PER_MINER_HARDWARE,0.1,0.0,False,600.0,10000.0,1666.6666666666667,100.0,10000.0,17,13,4,386123.04,613876.9600000001,0.0,6435384,637103016,44751073.600000076,12.430853777777799,5.53172993111112,0.956219521367523,112.40233846153845,38.612304,0.7647058823529411,1000000.0,25,2e-06,False
100,1000000,COMMON_TEMPLATE_DUPLICATE_BASELINE,FIXED_SLOT_IDLE,H2_FIXED_PER_MINER_HARDWARE,0.1,0.0,False,600.0,10000.0,1666.6666666666667,100.0,10000.0,17,17,0,213873.96000000008,786126.0400000018,0.0,3564566,352892034,29248656.399999958,8.124626777777767,3.6154589161111064,0.47791922222222155,125.80821176470587,21.387396000000006,1.0,1000000.0000000019,24,2e-06,False
100,1000000,COMMON_TEMPLATE_DUPLICATE_BASELINE,FIXED_SLOT_IDLE,H2_FIXED_PER_MINER_HARDWARE,0.1,0.0,False,600.0,10000.0,1666.6666666666667,100.0,10000.0,17,16,1,420909.12000000064,579090.8799999988,0.0,7015152,694500048,47881820.79999993,13.300505777777758,5.918725071111102,0.8312816111111099,225.56820000000002,42.09091200000007,0.9411764705882353,999999.9999999995,30,2e-06,False
100,1000000,COMMON_TEMPLATE_DUPLICATE_BASELINE,FIXED_SLOT_IDLE,H2_FIXED_PER_MINER_HARDWARE,0.1,0.0,False,600.0,10000.0,1666.6666666666667,100.0,10000.0,17,16,1,379258.6799999994,620741.3199999998,0.0,6320978,625776822,44133281.19999992,12.259244777777756,5.455363926111102,0.7662027986111097,199.53667499999997,37.92586799999994,0.9411764705882353,999999.9999999993,29,2e-06,False
100,1000000,COMMON_TEMPLATE_DUPLICATE_BASELINE,FIXED_SLOT_IDLE,H2_FIXED_PER_MINER_HARDWARE,0.1,0.0,False,600.0,10000.0,1666.6666666666667,100.0,10000.0,17,16,1,376522.8599999993,623477.1400000006,0.0,6275381,621262719,43887057.400000036,12.190849277777788,5.424927928611116,0.7619280798611118,197.8267875,37.652285999999926,0.9411764705882353,999999.9999999999,28,2e-06,False
100,1000000,COMMON_TEMPLATE_DUPLICATE_BASELINE,FIXED_SLOT_IDLE,H2_FIXED_PER_MINER_HARDWARE,0.1,0.0,False,600.0,10000.0,1666.6666666666667,100.0,10000.0,17,13,4,445788.4199999989,554211.5799999987,0.0,7429807,735550893,50120957.8000001,13.922488277777806,6.195507283611124,1.070960636752139,158.2987846153846,44.57884199999989,0.7647058823529411,999999.9999999976,33,2e-06,False
100,1000000,COMMON_TEMPLATE_DUPLICATE_BASELINE,FIXED_SLOT_IDLE,H2_FIXED_PER_MINER_HARDWARE,0.1,0.0,False,600.0,10000.0,1666.6666666666667,100.0,10000.0,17,12,5,514122.2999999999,485877.7000000001,0.0,8568705,848301795,56271007.00000002,15.630835277777784,6.955721698611114,1.302569606481482,178.43525,51.41222999999999,0.7058823529411765,1000000.0,27,2e-06,False
100,1000000,COMMON_TEMPLATE_DUPLICATE_BASELINE,FIXED_SLOT_IDLE,H2_FIXED_PER_MINER_HARDWARE,0.1,0.0,False,600.0,10000.0,1666.6666666666667,100.0,10000.0,17,14,3,388426.0200000003,611573.9799999992,0.0,6473767,640902933,44958341.79999998,12.488428277777773,5.557350583611109,0.892030591269841,148.87572857142854,38.84260200000003,0.8235294117647058,999999.9999999995,32,2e-06,False
100,1000000,COMMON_TEMPLATE_DUPLICATE_BASELINE,FIXED_SLOT_IDLE,H2_FIXED_PER_MINER_HARDWARE,0.1,0.0,False,600.0,10000.0,1666.6666666666667,100.0,10000.0,17,15,2,397717.800000001,602282.1999999996,0.0,6628630,656234370,45794602.00000006,12.720722777777794,5.660721636111119,0.8480481851851863,185.1452,39.7717800000001,0.8823529411764706,1000000.0000000006,31,2e-06,False
100,1000000,COMMON_TEMPLATE_DUPLICATE_BASELINE,FIXED_SLOT_IDLE,H2_FIXED_PER_MINER_HARDWARE,0.1,0.0,False,600.0,10000.0,1666.6666666666667,100.0,10000.0,17,16,1,415103.87999999954,584896.1200000009,0.0,6918398,684921402,47359349.19999992,13.155374777777755,5.854141776111101,0.8222109236111097,221.93992500000002,41.510387999999956,0.9411764705882353,1000000.0000000005,34,2e-06,False
100,1000000,COMMON_TEMPLATE_DUPLICATE_BASELINE,FIXED_SLOT_IDLE,H2_FIXED_PER_MINER_HARDWARE,0.1,0.0,False,600.0,10000.0,1666.6666666666667,100.0,10000.0,17,13,4,432070.3600000007,567929.6399999993,0.0,7534506,745916094,48886332.40000004,13.57953677777779,6.0428938661111165,1.044579752136753,163.13104615384617,43.207036000000066,0.7647058823529411,1000000.0,35,2e-06,False
100,1000000,COMMON_TEMPLATE_DUPLICATE_BASELINE,FIXED_SLOT_IDLE,H2_FIXED_PER_MINER_HARDWARE,0.1,0.0,False,600.0,10000.0,1666.6666666666667,100.0,10000.0,17,15,2,450536.1600000003,549463.84,0.0,7508936,743384664,50548254.39999998,14.041181777777773,6.248325891111109,0.9360787851851848,220.35743999999997,45.05361600000003,0.8823529411764706,1000000.0000000002,37,2e-06,False
100,1000000,COMMON_TEMPLATE_DUPLICATE_BASELINE,FIXED_SLOT_IDLE,H2_FIXED_PER_MINER_HARDWARE,0.1,0.0,False,600.0,10000.0,1666.6666666666667,100.0,10000.0,17,15,2,335790.05999999953,664209.9399999992,0.0,5596501,554053599,40221105.40000001,11.172529277777782,4.971775528611113,0.7448352851851855,143.86004,33.57900599999996,0.8823529411764706,999999.9999999988,38,2e-06,False
100,1000000,COMMON_TEMPLATE_DUPLICATE_BASELINE,FIXED_SLOT_IDLE,H2_FIXED_PER_MINER_HARDWARE,0.1,0.0,False,600.0,10000.0,1666.6666666666667,100.0,10000.0,17,16,1,418014.3600000006,581985.6399999998,0.0,6966906,689723694,47621292.400000036,13.228136777777788,5.886520866111116,0.8267585486111118,223.75897499999996,41.80143600000006,0.9411764705882353,1000000.0000000005,36,2e-06,False
100,1000000,COMMON_TEMPLATE_DUPLICATE_BASELINE,FIXED_SLOT_IDLE,H2_FIXED_PER_MINER_HARDWARE,0.1,0.0,False,600.0,10000.0,1666.6666666666667,100.0,10000.0,17,16,1,449031.4200000006,550968.579999999,0.0,7483857,740901843,50412827.799999945,14.003563277777763,6.231585658611105,0.8752227048611102,243.1446375,44.90314200000006,0.9411764705882353,999999.9999999997,40,2e-06,False
100,1000000,COMMON_TEMPLATE_DUPLICATE_BASELINE,FIXED_SLOT_IDLE,H2_FIXED_PER_MINER_HARDWARE,0.1,0.0,False,600.0,10000.0,1666.6666666666667,100.0,10000.0,17,14,3,535403.2799999991,464596.72000000096,0.0,8923388,883415412,58186295.199999966,16.16285977777777,7.192472601111107,1.1544899841269836,253.8594857142857,53.54032799999991,0.8235294117647058,1000000.0,39,2e-06,False
100,1000000,COMMON_TEMPLATE_DUPLICATE_BASELINE,FIXED_SLOT_IDLE,H2_FIXED_PER_MINER_HARDWARE,0.1,0.0,False,600.0,10000.0,1666.6666666666667,100.0,10000.0,17,16,1,312644.7000000004,687355.2999999992,0.0,5210745,515863755,38138022.99999999,10.593895277777776,4.71428339861111,0.662118454861111,157.9029375,31.264470000000042,0.9411764705882353,999999.9999999997,41,2e-06,False
100,1000000,COMMON_TEMPLATE_DUPLICATE_BASELINE,FIXED_SLOT_IDLE,H2_FIXED_PER_MINER_HARDWARE,0.1,0.0,False,600.0,10000.0,1666.6666666666667,100.0,10000.0,17,12,5,466675.0799999993,533324.9200000007,0.0,7777918,770013882,52000757.19999991,14.444654777777753,6.4278713761111,1.2037212314814794,138.8959,46.667507999999934,0.7058823529411765,1000000.0,43,2e-06,False
100,1000000,COMMON_TEMPLATE_DUPLICATE_BASELINE,FIXED_SLOT_IDLE,H2_FIXED_PER_MINER_HARDWARE,0.1,0.0,False,600.0,10000.0,1666.6666666666667,100.0,10000.0,17,16,1,359696.10000000056,640303.8999999992,0.0,5994935,593498565,42372648.999999985,11.770180277777774,5.237730223611109,0.7356362673611109,187.3100625,35.96961000000006,0.9411764705882353,999999.9999999998,42,2e-06,False
100,1000000,COMMON_TEMPLATE_DUPLICATE_BASELINE,FIXED_SLOT_IDLE,H2_FIXED_PER_MINER_HARDWARE,0.1,0.0,False,600.0,10000.0,1666.6666666666667,100.0,10000.0,17,16,1,335598.4799999998,664401.5200000012,0.0,5593308,553737492,40203863.19999994,11.167739777777761,4.9696442011111035,0.6979837361111101,172.24905,33.55984799999998,0.9411764705882353,1000000.0000000009,44,2e-06,False
100,1000000,COMMON_TEMPLATE_DUPLICATE_BASELINE,FIXED_SLOT_IDLE,H2_FIXED_PER_MINER_HARDWARE,0.1,0.0,False,600.0,10000.0,1666.6666666666667,100.0,10000.0,17,17,0,317161.6199999995,682838.3799999994,0.0,5286027,523316673,38544545.8,10.706818277777778,4.764534133611111,0.629812839869281,186.56565882352945,31.716161999999947,1.0,999999.9999999988,45,2e-06,False
100,1000000,COMMON_TEMPLATE_DUPLICATE_BASELINE,FIXED_SLOT_IDLE,H2_FIXED_PER_MINER_HARDWARE,0.1,0.0,False,600.0,10000.0,1666.6666666666667,100.0,10000.0,17,16,1,471744.78000000084,528255.219999999,0.0,7862413,778378887,52457030.20000006,14.571397277777795,6.484271788611118,0.9107123298611122,257.3404875,47.17447800000008,0.9411764705882353,999999.9999999999,46,2e-06,False
100,1000000,COMMON_TEMPLATE_DUPLICATE_BASELINE,FIXED_SLOT_IDLE,H2_FIXED_PER_MINER_HARDWARE,0.1,0.0,False,600.0,10000.0,1666.6666666666667,100.0,10000.0,17,14,3,477959.49999999884,522040.5000000013,0.0,8279267,819647433,53016354.999999925,14.726765277777757,6.553410548611102,1.051911805555554,226.2543,47.795949999999884,0.8235294117647058,1000000.0000000001,47,2e-06,False
100,1000000,COMMON_TEMPLATE_DUPLICATE_BASELINE,FIXED_SLOT_IDLE,H2_FIXED_PER_MINER_HARDWARE,0.1,0.0,False,600.0,10000.0,1666.6666666666667,100.0,10000.0,17,14,3,394274.9799999995,605725.0200000006,0.0,6904583,683553717,45484748.200000055,12.634652277777793,5.622420263611118,0.9024751626984138,167.3392714285714,39.42749799999996,0.8235294117647058,1000000.0000000001,48,2e-06,False
100,1000000,COMMON_TEMPLATE_DUPLICATE_BASELINE,FIXED_SLOT_IDLE,H2_FIXED_PER_MINER_HARDWARE,0.1,0.0,False,600.0,10000.0,1666.6666666666667,100.0,10000.0,17,15,2,469335.60000000126,530664.3999999986,0.0,7822260,774403740,52240203.999999925,14.511167777777757,6.457469661111102,0.9674111851851838,232.89040000000006,46.93356000000013,0.8823529411764706,999999.9999999999,50,2e-06,False
100,1000000,COMMON_TEMPLATE_DUPLICATE_BASELINE,FIXED_SLOT_IDLE,H2_FIXED_PER_MINER_HARDWARE,0.1,0.0,False,600.0,10000.0,1666.6666666666667,100.0,10000.0,17,17,0,284124.4199999995,715875.5800000008,0.0,4735407,468805293,35571197.800000004,9.880888277777778,4.396995283611111,0.5812287222222222,167.13201176470585,28.412441999999952,1.0,1000000.0000000002,49,2e-06,False
100,1000000,COMMON_TEMPLATE_DUPLICATE_BASELINE,FIXED_SLOT_IDLE,H2_FIXED_PER_MINER_HARDWARE,0.1,0.0,False,600.0,10000.0,1666.6666666666667,100.0,10000.0,17,14,3,432038.2800000007,567961.719999999,0.0,7200638,712863162,48883445.19999997,13.57873477777777,6.042536976111108,0.9699096269841264,180.02734285714286,43.20382800000007,0.8235294117647058,999999.9999999998,51,2e-06,False
100,1000000,COMMON_TEMPLATE_DUPLICATE_BASELINE,FIXED_SLOT_IDLE,H2_FIXED_PER_MINER_HARDWARE,0.1,0.0,False,600.0,10000.0,1666.6666666666667,100.0,10000.0,17,13,4,606049.6800000003,393950.31999999954,0.0,10100828,999981972,64544471.199999906,17.92901977777775,7.978413801111099,1.3791553675213655,281.5766769230769,60.60496800000003,0.7647058823529411,999999.9999999998,52,2e-06,False
100,1000000,COMMON_TEMPLATE_DUPLICATE_BASELINE,FIXED_SLOT_IDLE,H2_FIXED_PER_MINER_HARDWARE,0.1,0.0,False,600.0,10000.0,1666.6666666666667,100.0,10000.0,17,13,4,442102.5000000007,557897.499999999,0.0,7368375,729469125,49789224.99999999,13.830340277777776,6.15450142361111,1.0638723290598289,155.46346153846153,44.210250000000066,0.7647058823529411,999999.9999999997,54,2e-06,False
100,1000000,COMMON_TEMPLATE_DUPLICATE_BASELINE,FIXED_SLOT_IDLE,H2_FIXED_PER_MINER_HARDWARE,0.1,0.0,False,600.0,10000.0,1666.6666666666667,100.0,10000.0,17,16,1,338809.2400000002,661190.7599999999,0.0,5980154,592035246,40492831.59999997,11.24800877777777,5.005363906111108,0.7030005486111106,186.75577499999997,33.88092400000002,0.9411764705882353,1000000.0000000001,53,2e-06,False
100,1000000,COMMON_TEMPLATE_DUPLICATE_BASELINE,FIXED_SLOT_IDLE,H2_FIXED_PER_MINER_HARDWARE,0.1,0.0,False,600.0,10000.0,1666.6666666666667,100.0,10000.0,17,15,2,572396.3999999993,427603.60000000073,0.0,9539940,944454060,61515675.99999984,17.087687777777735,7.604021061111092,1.1391791851851822,301.59759999999994,57.23963999999993,0.8823529411764706,1000000.0,55,2e-06,False
100,1000000,COMMON_TEMPLATE_DUPLICATE_BASELINE,FIXED_SLOT_IDLE,H2_FIXED_PER_MINER_HARDWARE,0.1,0.0,False,600.0,10000.0,1666.6666666666667,100.0,10000.0,17,15,2,427824.90000000066,572175.0999999997,0.0,7130415,705911085,48504240.999999896,13.473400277777749,5.995663123611099,0.8982266851851832,205.2166,42.78249000000007,0.8823529411764706,1000000.0000000005,56,2e-06,False
100,1000000,COMMON_TEMPLATE_DUPLICATE_BASELINE,FIXED_SLOT_IDLE,H2_FIXED_PER_MINER_HARDWARE,0.1,0.0,False,600.0,10000.0,1666.6666666666667,100.0,10000.0,17,15,2,543313.5599999992,456686.44000000076,0.0,9055226,896467374,58898220.39999983,16.36061677777773,7.280474466111089,1.0907077851851819,282.20903999999996,54.33135599999993,0.8823529411764706,1000000.0,58,2e-06,False
100,1000000,COMMON_TEMPLATE_DUPLICATE_BASELINE,FIXED_SLOT_IDLE,H2_FIXED_PER_MINER_HARDWARE,0.1,0.0,False,600.0,10000.0,1666.6666666666667,100.0,10000.0,17,11,6,592854.5800000003,407145.4199999996,0.0,10214243,1011210057,63356912.20000009,17.599142277777805,7.8316183136111235,1.5999220252525277,229.86780000000002,59.28545800000003,0.6470588235294118,999999.9999999999,57,2e-06,False
100,1000000,COMMON_TEMPLATE_DUPLICATE_BASELINE,FIXED_SLOT_IDLE,H2_FIXED_PER_MINER_HARDWARE,0.1,0.0,False,600.0,10000.0,1666.6666666666667,100.0,10000.0,17,17,0,295928.7000000005,704071.2999999992,0.0,4932145,488282355,36633582.9999999,10.175995277777751,4.5283178986111,0.5985879575163383,174.07570588235293,29.592870000000048,1.0,999999.9999999998,59,2e-06,False
100,1000000,COMMON_TEMPLATE_DUPLICATE_BASELINE,FIXED_SLOT_IDLE,H2_FIXED_PER_MINER_HARDWARE,0.1,0.0,False,600.0,10000.0,1666.6666666666667,100.0,10000.0,17,16,1,259582.8000000003,740417.2000000012,0.0,4326380,428311620,33362451.999999963,9.267347777777767,4.123969761111106,0.5792092361111104,124.73925,25.95828000000003,0.9411764705882353,1000000.0000000015,62,2e-06,False
100,1000000,COMMON_TEMPLATE_DUPLICATE_BASELINE,FIXED_SLOT_IDLE,H2_FIXED_PER_MINER_HARDWARE,0.1,0.0,False,600.0,10000.0,1666.6666666666667,100.0,10000.0,17,17,0,298686.1,701313.8999999999,0.0,5274051,522131049,36881748.999999955,10.244930277777765,4.558993973611106,0.6026429575163391,186.14297647058822,29.868609999999997,1.0,999999.9999999999,60,2e-06,False
100,1000000,COMMON_TEMPLATE_DUPLICATE_BASELINE,FIXED_SLOT_IDLE,H2_FIXED_PER_MINER_HARDWARE,0.1,0.0,False,600.0,10000.0,1666.6666666666667,100.0,10000.0,17,14,3,404126.88000000047,595873.1199999998,0.0,6735448,666809352,46371419.2000001,12.880949777777806,5.732022651111124,0.9200678412698433,160.09062857142857,40.412688000000045,0.8235294117647058,1000000.0000000002,64,2e-06,False
100,1000000,COMMON_TEMPLATE_DUPLICATE_BASELINE,FIXED_SLOT_IDLE,H2_FIXED_PER_MINER_HARDWARE,0.1,0.0,False,600.0,10000.0,1666.6666666666667,100.0,10000.0,17,15,2,574732.2000000001,425267.8000000001,0.0,9578870,948308130,61725897.99999987,17.146082777777742,7.630006836111096,1.1430721851851828,303.15479999999997,57.473220000000005,0.8823529411764706,1000000.0000000002,61,2e-06,False
100,1000000,COMMON_TEMPLATE_DUPLICATE_BASELINE,FIXED_SLOT_IDLE,H2_FIXED_PER_MINER_HARDWARE,0.1,0.0,False,600.0,10000.0,1666.6666666666667,100.0,10000.0,17,16,1,405883.1400000007,594116.8599999988,0.0,6764719,669707181,46529482.59999997,12.92485627777777,5.751561043611108,0.8078035173611107,216.1769625,40.588314000000075,0.9411764705882353,999999.9999999995,68,2e-06,False
100,1000000,COMMON_TEMPLATE_DUPLICATE_BASELINE,FIXED_SLOT_IDLE,H2_FIXED_PER_MINER_HARDWARE,0.1,0.0,False,600.0,10000.0,1666.6666666666667,100.0,10000.0,17,14,3,469538.67999999935,530461.3200000008,0.0,7950559,787105341,52258481.19999994,14.516244777777763,6.459728926111104,1.0368746269841258,212.16681428571425,46.953867999999936,0.8235294117647058,1000000.0000000001,63,2e-06,False
100,1000000,COMMON_TEMPLATE_DUPLICATE_BASELINE,FIXED_SLOT_IDLE,H2_FIXED_PER_MINER_HARDWARE,0.1,0.0,False,600.0,10000.0,1666.6666666666667,100.0,10000.0,17,15,2,428300.1600000003,571699.8399999997,0.0,7138336,706695264,48547014.40000007,13.485281777777798,6.00095039111112,0.8990187851851865,205.53343999999998,42.83001600000003,0.8823529411764706,1000000.0,65,2e-06,False
100,1000000,COMMON_TEMPLATE_DUPLICATE_BASELINE,FIXED_SLOT_IDLE,H2_FIXED_PER_MINER_HARDWARE,0.1,0.0,False,600.0,10000.0,1666.6666666666667,100.0,10000.0,17,13,4,534941.7599999998,465058.24000000017,0.0,8915696,882653904,58144758.39999993,16.15132177777776,7.187338191111103,1.242409367521366,226.8782769230769,53.494175999999975,0.7647058823529411,1000000.0,67,2e-06,False
100,1000000,COMMON_TEMPLATE_DUPLICATE_BASELINE,FIXED_SLOT_IDLE,H2_FIXED_PER_MINER_HARDWARE,0.1,0.0,False,600.0,10000.0,1666.6666666666667,100.0,10000.0,17,15,2,407803.00000000093,592196.9999999985,0.0,6967164,689749236,46702270.000000045,12.97285277777779,5.772919486111117,0.8648568518518527,198.68656000000004,40.78030000000009,0.8823529411764706,999999.9999999994,66,2e-06,False
100,1000000,COMMON_TEMPLATE_DUPLICATE_BASELINE,FIXED_SLOT_IDLE,H2_FIXED_PER_MINER_HARDWARE,0.1,0.0,False,600.0,10000.0,1666.6666666666667,100.0,10000.0,17,13,4,519979.3200000011,480020.67999999895,0.0,8666322,857965878,56798138.79999988,15.777260777777744,7.020881046111096,1.213635444444442,215.3687076923077,51.99793200000011,0.7647058823529411,1000000.0,71,2e-06,False
100,1000000,COMMON_TEMPLATE_DUPLICATE_BASELINE,FIXED_SLOT_IDLE,H2_FIXED_PER_MINER_HARDWARE,0.1,0.0,False,600.0,10000.0,1666.6666666666667,100.0,10000.0,17,17,0,356026.0200000002,643973.979999999,0.0,5933767,587442933,42042341.8,11.678428277777776,5.196900583611111,0.6869663692810457,209.42707058823532,35.602602000000026,1.0,999999.9999999993,72,2e-06,False
100,1000000,COMMON_TEMPLATE_DUPLICATE_BASELINE,FIXED_SLOT_IDLE,H2_FIXED_PER_MINER_HARDWARE,0.1,0.0,False,600.0,10000.0,1666.6666666666667,100.0,10000.0,17,15,2,455803.91999999987,544196.0800000002,0.0,7596732,752076468,51022352.799999915,14.172875777777755,6.306929721111101,0.9448583851851836,223.86928,45.58039199999998,0.8823529411764706,1000000.0,70,2e-06,False
100,1000000,COMMON_TEMPLATE_DUPLICATE_BASELINE,FIXED_SLOT_IDLE,H2_FIXED_PER_MINER_HARDWARE,0.1,0.0,False,600.0,10000.0,1666.6666666666667,100.0,10000.0,17,14,3,416305.61999999953,583694.3800000005,0.0,6938427,686904273,47467505.7999999,13.18541827777775,5.8675111336110986,0.9418155912698393,168.78972857142853,41.630561999999955,0.8235294117647058,1000000.0,69,2e-06,False
100,1000000,COMMON_TEMPLATE_DUPLICATE_BASELINE,FIXED_SLOT_IDLE,H2_FIXED_PER_MINER_HARDWARE,0.1,0.0,False,600.0,10000.0,1666.6666666666667,100.0,10000.0,17,16,1,280016.3999999995,719983.6000000009,0.0,4666940,462027060,35201475.99999988,9.778187777777745,4.351293561111096,0.6111367361111091,137.51025,28.001639999999952,0.9411764705882353,1000000.0000000005,74,2e-06,False
100,1000000,COMMON_TEMPLATE_DUPLICATE_BASELINE,FIXED_SLOT_IDLE,H2_FIXED_PER_MINER_HARDWARE,0.1,0.0,False,600.0,10000.0,1666.6666666666667,100.0,10000.0,17,16,1,405976.53999999934,594023.4600000005,0.0,7099609,702861291,46537888.599999994,12.927191277777776,5.75260011861111,0.807949454861111,228.73533749999996,40.597653999999935,0.9411764705882353,999999.9999999999,73,2e-06,False
100,1000000,COMMON_TEMPLATE_DUPLICATE_BASELINE,FIXED_SLOT_IDLE,H2_FIXED_PER_MINER_HARDWARE,0.1,0.0,False,600.0,10000.0,1666.6666666666667,100.0,10000.0,17,15,2,500579.97999999934,499420.02000000066,0.0,8520357,843515343,55052198.20000006,15.292277277777796,6.805063388611119,1.019485151851853,260.81428,50.057997999999934,0.8823529411764706,1000000.0,75,2e-06,False
100,1000000,COMMON_TEMPLATE_DUPLICATE_BASELINE,FIXED_SLOT_IDLE,H2_FIXED_PER_MINER_HARDWARE,0.1,0.0,False,600.0,10000.0,1666.6666666666667,100.0,10000.0,17,14,3,482521.53999999905,517478.460000001,0.0,8375359,829160541,53426938.59999999,14.840816277777774,6.60416324361111,1.0600583055555552,230.37252857142857,48.252153999999905,0.8235294117647058,1000000.0,78,2e-06,False
100,1000000,COMMON_TEMPLATE_DUPLICATE_BASELINE,FIXED_SLOT_IDLE,H2_FIXED_PER_MINER_HARDWARE,0.1,0.0,False,600.0,10000.0,1666.6666666666667,100.0,10000.0,17,16,1,347580.06,652419.9400000003,0.0,5793001,573507099,41282205.4,11.467279277777777,5.102939278611111,0.7167049548611111,179.7375375,34.758006,0.9411764705882353,1000000.0000000002,77,2e-06,False
100,1000000,COMMON_TEMPLATE_DUPLICATE_BASELINE,FIXED_SLOT_IDLE,H2_FIXED_PER_MINER_HARDWARE,0.1,0.0,False,600.0,10000.0,1666.6666666666667,100.0,10000.0,17,17,0,336314.45999999996,663685.54,0.0,5605241,554918859,40268301.399999924,11.185639277777756,4.977609478611102,0.6579787810457504,197.83203529411765,33.631446,1.0,1000000.0,79,2e-06,False
100,1000000,COMMON_TEMPLATE_DUPLICATE_BASELINE,FIXED_SLOT_IDLE,H2_FIXED_PER_MINER_HARDWARE,0.1,0.0,False,600.0,10000.0,1666.6666666666667,100.0,10000.0,17,14,3,538973.9999999994,461026.0000000006,0.0,8982900,889307100,58507660.0000001,16.252127777777805,7.232196861111123,1.1608662698412717,256.40999999999997,53.89739999999994,0.8235294117647058,1000000.0,76,2e-06,False
100,1000000,COMMON_TEMPLATE_DUPLICATE_BASELINE,FIXED_SLOT_IDLE,H2_FIXED_PER_MINER_HARDWARE,0.1,0.0,False,600.0,10000.0,1666.6666666666667,100.0,10000.0,17,14,3,402225.30000000075,597774.6999999987,0.0,6703755,663671745,46200277.000000075,12.833410277777798,5.71086757361112,0.9166721626984141,158.7323571428571,40.22253000000008,0.8235294117647058,999999.9999999994,80,2e-06,False
100,1000000,COMMON_TEMPLATE_DUPLICATE_BASELINE,FIXED_SLOT_IDLE,H2_FIXED_PER_MINER_HARDWARE,0.1,0.0,False,600.0,10000.0,1666.6666666666667,100.0,10000.0,17,13,4,383718.09999999974,616281.9000000008,0.0,6728635,666134865,44534628.99999993,12.37073027777776,5.5049749736111036,0.9515946367521354,125.93699999999998,38.371809999999975,0.7647058823529411,1000000.0000000006,81,2e-06,False
100,1000000,COMMON_TEMPLATE_DUPLICATE_BASELINE,FIXED_SLOT_IDLE,H2_FIXED_PER_MINER_HARDWARE,0.1,0.0,False,600.0,10000.0,1666.6666666666667,100.0,10000.0,17,14,3,475227.05999999924,524772.9400000008,0.0,7920451,784124649,52770435.400000036,14.658454277777787,6.523012153611115,1.0470324484126992,210.87647142857142,47.52270599999993,0.8235294117647058,1000000.0,84,2e-06,False
100,1000000,COMMON_TEMPLATE_DUPLICATE_BASELINE,FIXED_SLOT_IDLE,H2_FIXED_PER_MINER_HARDWARE,0.1,0.0,False,600.0,10000.0,1666.6666666666667,100.0,10000.0,17,14,3,435518.6199999997,564481.3800000002,0.0,7438495,736411005,49196675.80000008,13.6657432777778,6.081255758611121,0.9761245198412715,190.2212142857143,43.55186199999997,0.8235294117647058,1000000.0,82,2e-06,False
100,1000000,COMMON_TEMPLATE_DUPLICATE_BASELINE,FIXED_SLOT_IDLE,H2_FIXED_PER_MINER_HARDWARE,0.1,0.0,False,600.0,10000.0,1666.6666666666667,100.0,10000.0,17,16,1,404236.9200000001,595763.0800000001,0.0,6737282,666990918,46381322.800000004,12.88370077777778,5.733246846111112,0.8052312986111112,215.14807499999998,40.42369200000001,0.9411764705882353,1000000.0000000002,83,2e-06,False
100,1000000,COMMON_TEMPLATE_DUPLICATE_BASELINE,FIXED_SLOT_IDLE,H2_FIXED_PER_MINER_HARDWARE,0.1,0.0,False,600.0,10000.0,1666.6666666666667,100.0,10000.0,17,12,5,655792.2999999996,344207.6999999995,0.0,11257607,1114503093,69021307.0,19.172585277777777,8.531800448611111,1.5977154398148148,312.88034999999996,65.57922999999995,0.7058823529411765,999999.9999999991,85,2e-06,False
100,1000000,COMMON_TEMPLATE_DUPLICATE_BASELINE,FIXED_SLOT_IDLE,H2_FIXED_PER_MINER_HARDWARE,0.1,0.0,False,600.0,10000.0,1666.6666666666667,100.0,10000.0,17,15,2,387825.4000000011,612174.5999999996,0.0,6797090,672911910,44904285.99999996,12.473412777777767,5.5506686861111065,0.8315608518518511,191.8836,38.782540000000104,0.8823529411764706,1000000.0000000007,86,2e-06,False
100,1000000,COMMON_TEMPLATE_DUPLICATE_BASELINE,FIXED_SLOT_IDLE,H2_FIXED_PER_MINER_HARDWARE,0.1,0.0,False,600.0,10000.0,1666.6666666666667,100.0,10000.0,17,17,0,407621.5000000007,592378.4999999994,0.0,7067260,699658740,46685935.00000008,12.968315277777801,5.770900298611122,0.7628420751634001,249.43270588235293,40.76215000000007,1.0,1000000.0000000001,87,2e-06,False
100,1000000,COMMON_TEMPLATE_DUPLICATE_BASELINE,FIXED_SLOT_IDLE,H2_FIXED_PER_MINER_HARDWARE,0.1,0.0,False,600.0,10000.0,1666.6666666666667,100.0,10000.0,17,12,5,501269.79999999894,498730.20000000106,0.0,8687830,860095170,55114282.00000002,15.309522777777785,6.812737636111114,1.2757935648148153,184.39149999999998,50.1269799999999,0.7058823529411765,1000000.0,89,2e-06,False
100,1000000,COMMON_TEMPLATE_DUPLICATE_BASELINE,FIXED_SLOT_IDLE,H2_FIXED_PER_MINER_HARDWARE,0.1,0.0,False,600.0,10000.0,1666.6666666666667,100.0,10000.0,17,15,2,419055.1199999992,580944.8800000009,0.0,6984252,691440948,47714960.800000034,13.254155777777788,5.898099321111116,0.8836103851851859,199.37008,41.905511999999916,0.8823529411764706,1000000.0000000001,88,2e-06,False
100,1000000,COMMON_TEMPLATE_DUPLICATE_BASELINE,FIXED_SLOT_IDLE,H2_FIXED_PER_MINER_HARDWARE,0.1,0.0,False,600.0,10000.0,1666.6666666666667,100.0,10000.0,17,14,3,628069.6799999997,371930.32000000036,0.0,10467828,1036314972,66526271.1999999,18.47951977777775,8.223386301111098,1.3199656984126964,320.04977142857143,62.80696799999997,0.8235294117647058,1000000.0,90,2e-06,False
100,1000000,COMMON_TEMPLATE_DUPLICATE_BASELINE,FIXED_SLOT_IDLE,H2_FIXED_PER_MINER_HARDWARE,0.1,0.0,False,600.0,10000.0,1666.6666666666667,100.0,10000.0,17,14,3,349190.8200000004,650809.1800000006,0.0,5819847,576164853,41427173.80000003,11.507548277777785,5.1208589836111145,0.8219677341269847,120.85058571428571,34.919082000000046,0.8235294117647058,1000000.000000001,91,2e-06,False
100,1000000,COMMON_TEMPLATE_DUPLICATE_BASELINE,FIXED_SLOT_IDLE,H2_FIXED_PER_MINER_HARDWARE,0.1,0.0,False,600.0,10000.0,1666.6666666666667,100.0,10000.0,17,15,2,431758.26000000065,568241.7399999994,0.0,7195971,712401129,48858243.40000003,13.571734277777786,6.039421753611115,0.9047822851851858,207.83884,43.175826000000065,0.8823529411764706,1000000.0,92,2e-06,False
100,1000000,COMMON_TEMPLATE_DUPLICATE_BASELINE,FIXED_SLOT_IDLE,H2_FIXED_PER_MINER_HARDWARE,0.1,0.0,False,600.0,10000.0,1666.6666666666667,100.0,10000.0,17,13,4,501468.21999999933,498531.78000000067,0.0,8363270,827963730,55132139.80000013,15.314483277777814,6.814945058611127,1.178037175213678,201.38169230769225,50.146821999999936,0.7647058823529411,1000000.0,93,2e-06,False
100,1000000,COMMON_TEMPLATE_DUPLICATE_BASELINE,FIXED_SLOT_IDLE,H2_FIXED_PER_MINER_HARDWARE,0.1,0.0,False,600.0,10000.0,1666.6666666666667,100.0,10000.0,17,16,1,345562.5599999992,654437.4400000006,0.0,5759376,570178224,41100630.4,11.416841777777778,5.080494591111111,0.7135526111111111,178.47660000000002,34.55625599999992,0.9411764705882353,999999.9999999998,94,2e-06,False
100,1000000,COMMON_TEMPLATE_DUPLICATE_BASELINE,FIXED_SLOT_IDLE,H2_FIXED_PER_MINER_HARDWARE,0.1,0.0,False,600.0,10000.0,1666.6666666666667,100.0,10000.0,17,15,2,427409.8200000004,572590.1799999996,0.0,7123497,705226203,48466883.79999996,13.463023277777767,5.991045358611106,0.8975348851851844,204.93988,42.740982000000045,0.8823529411764706,1000000.0,95,2e-06,False
100,1000000,COMMON_TEMPLATE_DUPLICATE_BASELINE,FIXED_SLOT_IDLE,H2_FIXED_PER_MINER_HARDWARE,0.1,0.0,False,600.0,10000.0,1666.6666666666667,100.0,10000.0,17,15,2,437761.4999999995,562238.5000000006,0.0,7296025,722306475,49398535.0000001,13.721815277777806,6.106207798611123,0.914787685185187,211.84099999999998,43.776149999999944,0.8823529411764706,1000000.0,96,2e-06,False
100,1000000,COMMON_TEMPLATE_DUPLICATE_BASELINE,FIXED_SLOT_IDLE,H2_FIXED_PER_MINER_HARDWARE,0.1,0.0,False,600.0,10000.0,1666.6666666666667,100.0,10000.0,17,14,3,484687.3000000006,515312.69999999925,0.0,8411455,832734045,53621857.00000002,14.894960277777784,6.628257323611114,1.0639257341269845,231.91949999999997,48.46873000000006,0.8235294117647058,999999.9999999999,97,2e-06,False
100,1000000,COMMON_TEMPLATE_DUPLICATE_BASELINE,FIXED_SLOT_IDLE,H2_FIXED_PER_MINER_HARDWARE,0.1,0.0,False,600.0,10000.0,1666.6666666666667,100.0,10000.0,17,14,3,458949.540000001,541050.4599999989,0.0,7649159,757266741,51305458.60000006,14.251516277777794,6.341924743611118,1.0179654484126996,199.2496714285714,45.894954000000105,0.8235294117647058,1000000.0,98,2e-06,False
100,1000000,COMMON_TEMPLATE_DUPLICATE_BASELINE,FIXED_SLOT_IDLE,H2_FIXED_PER_MINER_HARDWARE,0.1,0.0,False,600.0,10000.0,1666.6666666666667,100.0,10000.0,17,17,0,328125.2199999994,671874.7800000008,0.0,5686087,562922613,39531269.79999995,10.980908277777765,4.886504183611105,0.6459357810457509,200.68542352941176,32.81252199999994,1.0,1000000.0000000002,99,2e-06,False
100,1000000,POCOL_DISJOINT_NONCE,FIXED_SLOT_IDLE,H2_FIXED_PER_MINER_HARDWARE,0.1,0.0,False,600.0,10000.0,1666.6666666666667,100.0,10000.0,17,16,1,3277.680000000066,996722.3200000005,0.0,5462800,0,10294991.200000029,2.859719777777786,1.2725753011111147,0.17873248611111162,1.6735499999999999,0.32776800000000655,0.9411764705882353,1000000.0000000006,0,2e-06,False
100,1000000,POCOL_DISJOINT_NONCE,FIXED_SLOT_IDLE,H2_FIXED_PER_MINER_HARDWARE,0.1,0.0,False,600.0,10000.0,1666.6666666666667,100.0,10000.0,17,15,2,4474.440000000049,995525.560000001,0.0,7457400,0,10402699.600000005,2.889638777777779,1.2858892561111117,0.1926425851851853,2.1829599999999996,0.4474440000000049,0.8823529411764706,1000000.000000001,1,2e-06,False
100,1000000,POCOL_DISJOINT_NONCE,FIXED_SLOT_IDLE,H2_FIXED_PER_MINER_HARDWARE,0.1,0.0,False,600.0,10000.0,1666.6666666666667,100.0,10000.0,17,15,2,4814.999999999961,995184.9999999984,0.0,8025000,0,10433349.999999998,2.8981527777777774,1.289677986111111,0.19321018518518515,2.4099999999999993,0.4814999999999961,0.8823529411764706,999999.9999999984,2,2e-06,False
100,1000000,POCOL_DISJOINT_NONCE,FIXED_SLOT_IDLE,H2_FIXED_PER_MINER_HARDWARE,0.1,0.0,False,600.0,10000.0,1666.6666666666667,100.0,10000.0,17,13,4,4978.740000000016,995021.2599999993,0.0,8297900,0,10448086.60000002,2.9022462777777833,1.2914995936111135,0.2232497136752141,1.9836461538461534,0.49787400000000165,0.7647058823529411,999999.9999999993,3,2e-06,False
100,1000000,POCOL_DISJOINT_NONCE,FIXED_SLOT_IDLE,H2_FIXED_PER_MINER_HARDWARE,0.1,0.0,False,600.0,10000.0,1666.6666666666667,100.0,10000.0,17,15,2,2989.199999999967,997010.8000000006,0.0,4982000,0,10269027.999999994,2.852507777777776,1.2693659611111103,0.19016718518518508,1.1927999999999999,0.2989199999999967,0.8823529411764706,1000000.0000000006,4,2e-06,False
100,1000000,POCOL_DISJOINT_NONCE,FIXED_SLOT_IDLE,H2_FIXED_PER_MINER_HARDWARE,0.1,0.0,False,600.0,10000.0,1666.6666666666667,100.0,10000.0,17,15,2,4475.6400000000185,995524.3600000016,0.0,7459400,0,10402807.600000001,2.889668777777778,1.2859026061111112,0.1926445851851852,2.1837599999999995,0.44756400000000185,0.8823529411764706,1000000.0000000016,5,2e-06,False
100,1000000,POCOL_DISJOINT_NONCE,FIXED_SLOT_IDLE,H2_FIXED_PER_MINER_HARDWARE,0.1,0.0,False,600.0,10000.0,1666.6666666666667,100.0,10000.0,17,14,3,4667.219999999908,995332.7799999993,0.0,7778700,0,10420049.799999973,2.8944582777777703,1.2880339336111077,0.2067470198412693,2.0480142857142853,0.46672199999999087,0.8235294117647058,999999.9999999992,6,2e-06,False
100,1000000,POCOL_DISJOINT_NONCE,FIXED_SLOT_IDLE,H2_FIXED_PER_MINER_HARDWARE,0.1,0.0,False,600.0,10000.0,1666.6666666666667,100.0,10000.0,17,15,2,3293.159999999989,996706.8399999992,0.0,5488600,0,10296384.399999993,2.860106777777776,1.2727475161111104,0.19067378518518507,1.39544,0.3293159999999989,0.8823529411764706,999999.9999999992,7,2e-06,False
100,1000000,POCOL_DISJOINT_NONCE,FIXED_SLOT_IDLE,H2_FIXED_PER_MINER_HARDWARE,0.1,0.0,False,600.0,10000.0,1666.6666666666667,100.0,10000.0,17,16,1,4157.2800000001735,995842.7200000011,0.0,6928800,0,10374155.200000033,2.881709777777787,1.2823608511111153,0.18010686111111168,2.2233000000000005,0.41572800000001736,0.9411764705882353,1000000.0000000013,8,2e-06,False
100,1000000,POCOL_DISJOINT_NONCE,FIXED_SLOT_IDLE,H2_FIXED_PER_MINER_HARDWARE,0.1,0.0,False,600.0,10000.0,1666.6666666666667,100.0,10000.0,17,15,2,3633.479999999998,996366.5200000018,0.0,6055800,0,10327013.2,2.8686147777777777,1.2765335761111112,0.19124098518518517,1.62232,0.36334799999999984,0.8823529411764706,1000000.0000000017,11,2e-06,False
100,1000000,POCOL_DISJOINT_NONCE,FIXED_SLOT_IDLE,H2_FIXED_PER_MINER_HARDWARE,0.1,0.0,False,600.0,10000.0,1666.6666666666667,100.0,10000.0,17,17,0,3563.340000000153,996436.6599999979,0.0,5938900,0,10320700.600000024,2.8668612777777844,1.2757532686111142,0.16863889869281085,2.0960823529411767,0.3563340000000153,1.0,999999.9999999981,9,2e-06,False
100,1000000,POCOL_DISJOINT_NONCE,FIXED_SLOT_IDLE,H2_FIXED_PER_MINER_HARDWARE,0.1,0.0,False,600.0,10000.0,1666.6666666666667,100.0,10000.0,17,15,2,4152.239999999984,995847.759999999,0.0,6920400,0,10373701.600000005,2.881583777777779,1.2823047811111117,0.19210558518518528,1.96816,0.4152239999999984,0.8823529411764706,999999.999999999,10,2e-06,False
100,1000000,POCOL_DISJOINT_NONCE,FIXED_SLOT_IDLE,H2_FIXED_PER_MINER_HARDWARE,0.1,0.0,False,600.0,10000.0,1666.6666666666667,100.0,10000.0,17,14,3,4171.080000000018,995828.92,0.0,6951800,0,10375397.199999988,2.8820547777777743,1.2825143761111095,0.2058610555555553,1.6936285714285713,0.4171080000000018,0.8235294117647058,1000000.0000000001,15,2e-06,False
100,1000000,POCOL_DISJOINT_NONCE,FIXED_SLOT_IDLE,H2_FIXED_PER_MINER_HARDWARE,0.1,0.0,False,600.0,10000.0,1666.6666666666667,100.0,10000.0,17,16,1,3358.259999999984,996641.7400000012,0.0,5597100,0,10302243.400000017,2.8617342777777823,1.273471753611113,0.1788583923611114,1.7239125000000002,0.33582599999999835,0.9411764705882353,1000000.0000000012,14,2e-06,False
100,1000000,POCOL_DISJOINT_NONCE,FIXED_SLOT_IDLE,H2_FIXED_PER_MINER_HARDWARE,0.1,0.0,False,600.0,10000.0,1666.6666666666667,100.0,10000.0,17,15,2,4938.899999999924,995061.100000001,0.0,8231500,0,10444500.999999981,2.9012502777777724,1.2910563736111087,0.19341668518518482,2.4926000000000004,0.49388999999999245,0.8823529411764706,1000000.0000000009,12,2e-06,False
100,1000000,POCOL_DISJOINT_NONCE,FIXED_SLOT_IDLE,H2_FIXED_PER_MINER_HARDWARE,0.1,0.0,False,600.0,10000.0,1666.6666666666667,100.0,10000.0,17,15,2,3549.5400000000673,996450.4599999988,0.0,5915900,0,10319458.599999994,2.866516277777776,1.2755997436111104,0.19110108518518507,1.5663599999999998,0.35495400000000676,0.8823529411764706,999999.9999999988,13,2e-06,False
100,1000000,POCOL_DISJOINT_NONCE,FIXED_SLOT_IDLE,H2_FIXED_PER_MINER_HARDWARE,0.1,0.0,False,600.0,10000.0,1666.6666666666667,100.0,10000.0,17,14,3,3900.119999999921,996099.8799999973,0.0,6500200,0,10351010.799999982,2.875280777777773,1.279499946111109,0.20537719841269805,1.5000857142857142,0.39001199999999214,0.8235294117647058,999999.9999999972,16,2e-06,False
100,1000000,POCOL_DISJOINT_NONCE,FIXED_SLOT_IDLE,H2_FIXED_PER_MINER_HARDWARE,0.1,0.0,False,600.0,10000.0,1666.6666666666667,100.0,10000.0,17,15,2,3738.96,996261.0400000004,0.0,6231600,0,10336506.399999993,2.871251777777776,1.2777070411111102,0.19141678518518507,1.69264,0.373896,0.8823529411764706,1000000.0000000003,17,2e-06,False
100,1000000,POCOL_DISJOINT_NONCE,FIXED_SLOT_IDLE,H2_FIXED_PER_MINER_HARDWARE,0.1,0.0,False,600.0,10000.0,1666.6666666666667,100.0,10000.0,17,14,3,5791.080000000172,994208.9200000017,0.0,9651800,0,10521197.200000027,2.922554777777785,1.3005368761111145,0.20875391269841323,2.850771428571428,0.5791080000000173,0.8235294117647058,1000000.0000000019,21,2e-06,False
100,1000000,POCOL_DISJOINT_NONCE,FIXED_SLOT_IDLE,H2_FIXED_PER_MINER_HARDWARE,0.1,0.0,False,600.0,10000.0,1666.6666666666667,100.0,10000.0,17,14,3,4267.980000000032,995732.0199999983,0.0,7113300,0,10384118.200000005,2.884477277777779,1.2835923886111116,0.20603409126984135,1.762842857142857,0.4267980000000033,0.8235294117647058,999999.9999999983,18,2e-06,False
100,1000000,POCOL_DISJOINT_NONCE,FIXED_SLOT_IDLE,H2_FIXED_PER_MINER_HARDWARE,0.1,0.0,False,600.0,10000.0,1666.6666666666667,100.0,10000.0,17,17,0,2757.960000000093,997242.0399999975,0.0,4596600,0,10248216.40000001,2.8467267777777803,1.2667934161111123,0.16745451633986944,1.6223294117647058,0.27579600000000926,1.0,999999.9999999976,24,2e-06,False
100,1000000,POCOL_DISJOINT_NONCE,FIXED_SLOT_IDLE,H2_FIXED_PER_MINER_HARDWARE,0.1,0.0,False,600.0,10000.0,1666.6666666666667,100.0,10000.0,17,17,0,4653.960000000095,995346.0399999988,0.0,7756600,0,10418856.400000002,2.8941267777777786,1.2878864161111114,0.17024275163398697,2.7376235294117652,0.46539600000000947,1.0,999999.9999999988,20,2e-06,False
100,1000000,POCOL_DISJOINT_NONCE,FIXED_SLOT_IDLE,H2_FIXED_PER_MINER_HARDWARE,0.1,0.0,False,600.0,10000.0,1666.6666666666667,100.0,10000.0,17,13,4,5385.779999999986,994614.2200000001,0.0,8976300,0,10484720.199999977,2.9124222777777713,1.2960279136111081,0.2240324829059824,2.2967538461538464,0.5385779999999986,0.7647058823529411,1000000.0000000001,19,2e-06,False
100,1000000,POCOL_DISJOINT_NONCE,FIXED_SLOT_IDLE,H2_FIXED_PER_MINER_HARDWARE,0.1,0.0,False,600.0,10000.0,1666.6666666666667,100.0,10000.0,17,17,0,3531.300000000056,996468.7000000011,0.0,5885500,0,10317816.999999996,2.866060277777777,1.2753968236111106,0.16859178104575157,2.077235294117647,0.3531300000000056,1.0,1000000.0000000012,22,2e-06,False
100,1000000,POCOL_DISJOINT_NONCE,FIXED_SLOT_IDLE,H2_FIXED_PER_MINER_HARDWARE,0.1,0.0,False,600.0,10000.0,1666.6666666666667,100.0,10000.0,17,15,2,3684.0000000000955,996316.0000000009,0.0,6140000,0,10331559.999999981,2.8698777777777726,1.277095611111109,0.19132518518518485,1.6560000000000001,0.36840000000000955,0.8823529411764706,1000000.000000001,23,2e-06,False
100,1000000,POCOL_DISJOINT_NONCE,FIXED_SLOT_IDLE,H2_FIXED_PER_MINER_HARDWARE,0.1,0.0,False,600.0,10000.0,1666.6666666666667,100.0,10000.0,17,12,5,5389.739999999977,994610.259999999,0.0,8982900,0,10485076.600000005,2.9125212777777794,1.2960719686111117,0.2427101064814816,1.9914500000000002,0.5389739999999976,0.7058823529411765,999999.999999999,27,2e-06,False
100,1000000,POCOL_DISJOINT_NONCE,FIXED_SLOT_IDLE,H2_FIXED_PER_MINER_HARDWARE,0.1,0.0,False,600.0,10000.0,1666.6666666666667,100.0,10000.0,17,13,4,5314.49999999995,994685.4999999987,0.0,8857500,0,10478305.000000004,2.910640277777779,1.2952349236111116,0.22389540598290608,2.2419230769230767,0.531449999999995,0.7647058823529411,999999.9999999987,25,2e-06,False
100,1000000,POCOL_DISJOINT_NONCE,FIXED_SLOT_IDLE,H2_FIXED_PER_MINER_HARDWARE,0.1,0.0,False,600.0,10000.0,1666.6666666666667,100.0,10000.0,17,15,2,3479.0999999998485,996520.9000000008,0.0,5798500,0,10313118.999999966,2.8647552777777685,1.274816098611107,0.19098368518518458,1.5193999999999999,0.34790999999998484,0.8823529411764706,1000000.0000000007,26,2e-06,False
100,1000000,POCOL_DISJOINT_NONCE,FIXED_SLOT_IDLE,H2_FIXED_PER_MINER_HARDWARE,0.1,0.0,False,600.0,10000.0,1666.6666666666667,100.0,10000.0,17,16,1,3171.3600000001825,996828.6399999988,0.0,5285600,0,10285422.400000008,2.85706177777778,1.271392491111112,0.17856636111111124,1.6070999999999998,0.3171360000000183,0.9411764705882353,999999.9999999991,28,2e-06,False
100,1000000,POCOL_DISJOINT_NONCE,FIXED_SLOT_IDLE,H2_FIXED_PER_MINER_HARDWARE,0.1,0.0,False,600.0,10000.0,1666.6666666666667,100.0,10000.0,17,16,1,3948.4799999999273,996051.5200000016,0.0,6580800,0,10355363.19999999,2.876489777777775,1.28003795111111,0.17978061111111093,2.0928,0.3948479999999927,0.9411764705882353,1000000.0000000016,29,2e-06,False
100,1000000,POCOL_DISJOINT_NONCE,FIXED_SLOT_IDLE,H2_FIXED_PER_MINER_HARDWARE,0.1,0.0,False,600.0,10000.0,1666.6666666666667,100.0,10000.0,17,15,2,4159.860000000151,995840.1399999982,0.0,6933100,0,10374387.399999999,2.8817742777777773,1.282389553611111,0.19211828518518514,1.9732399999999999,0.41598600000001507,0.8823529411764706,999999.9999999983,31,2e-06,False
100,1000000,POCOL_DISJOINT_NONCE,FIXED_SLOT_IDLE,H2_FIXED_PER_MINER_HARDWARE,0.1,0.0,False,600.0,10000.0,1666.6666666666667,100.0,10000.0,17,16,1,4648.859999999958,995351.1399999984,0.0,7748100,0,10418397.400000002,2.8939992777777785,1.2878296786111114,0.18087495486111116,2.5305375000000003,0.4648859999999958,0.9411764705882353,999999.9999999984,30,2e-06,False
100,1000000,POCOL_DISJOINT_NONCE,FIXED_SLOT_IDLE,H2_FIXED_PER_MINER_HARDWARE,0.1,0.0,False,600.0,10000.0,1666.6666666666667,100.0,10000.0,17,14,3,4715.039999999901,995284.9599999986,0.0,7858400,0,10424353.600000013,2.895653777777781,1.2885659311111126,0.20683241269841293,2.0821714285714283,0.4715039999999901,0.8235294117647058,999999.9999999985,32,2e-06,False
100,1000000,POCOL_DISJOINT_NONCE,FIXED_SLOT_IDLE,H2_FIXED_PER_MINER_HARDWARE,0.1,0.0,False,600.0,10000.0,1666.6666666666667,100.0,10000.0,17,13,4,6162.720000000079,993837.280000001,0.0,10271200,0,10554644.80000001,2.9318457777777804,1.3046713711111124,0.22552659829059848,2.8944,0.6162720000000079,0.7647058823529411,1000000.000000001,33,2e-06,False
100,1000000,POCOL_DISJOINT_NONCE,FIXED_SLOT_IDLE,H2_FIXED_PER_MINER_HARDWARE,0.1,0.0,False,600.0,10000.0,1666.6666666666667,100.0,10000.0,17,16,1,4699.559999999959,995300.4399999984,0.0,7832600,0,10422960.40000001,2.8952667777777803,1.2883937161111123,0.18095417361111127,2.5622249999999998,0.4699559999999959,0.9411764705882353,999999.9999999984,34,2e-06,False
100,1000000,POCOL_DISJOINT_NONCE,FIXED_SLOT_IDLE,H2_FIXED_PER_MINER_HARDWARE,0.1,0.0,False,600.0,10000.0,1666.6666666666667,100.0,10000.0,17,13,4,5315.460000000012,994684.5399999993,0.0,8859100,0,10478391.40000001,2.9106642777777805,1.2952456036111124,0.22389725213675235,2.2426615384615385,0.5315460000000012,0.7647058823529411,999999.9999999993,35,2e-06,False
100,1000000,POCOL_DISJOINT_NONCE,FIXED_SLOT_IDLE,H2_FIXED_PER_MINER_HARDWARE,0.1,0.0,False,600.0,10000.0,1666.6666666666667,100.0,10000.0,17,16,1,4999.0200000002,995000.9799999999,0.0,8331700,0,10449911.800000014,2.902753277777782,1.2917252086111128,0.18142207986111136,2.7493875,0.49990200000001994,0.9411764705882353,1000000.0000000001,36,2e-06,False
100,1000000,POCOL_DISJOINT_NONCE,FIXED_SLOT_IDLE,H2_FIXED_PER_MINER_HARDWARE,0.1,0.0,False,600.0,10000.0,1666.6666666666667,100.0,10000.0,17,15,2,3980.6999999999903,996019.2999999978,0.0,6634500,0,10358263.00000001,2.8772952777777805,1.2803963986111124,0.19181968518518536,1.8538000000000001,0.39806999999999904,0.8823529411764706,999999.9999999978,37,2e-06,False
100,1000000,POCOL_DISJOINT_NONCE,FIXED_SLOT_IDLE,H2_FIXED_PER_MINER_HARDWARE,0.1,0.0,False,600.0,10000.0,1666.6666666666667,100.0,10000.0,17,15,2,3387.6600000000512,996612.3400000016,0.0,5646100,0,10304889.4,2.862469277777778,1.2737988286111113,0.1908312851851852,1.45844,0.3387660000000051,0.8823529411764706,1000000.0000000016,38,2e-06,False
100,1000000,POCOL_DISJOINT_NONCE,FIXED_SLOT_IDLE,H2_FIXED_PER_MINER_HARDWARE,0.1,0.0,False,600.0,10000.0,1666.6666666666667,100.0,10000.0,17,14,3,4193.04000000011,995806.9600000017,0.0,6988400,0,10377373.600000013,2.8826037777777813,1.2827586811111127,0.2059002698412701,1.7093142857142856,0.419304000000011,0.8235294117647058,1000000.0000000019,39,2e-06,False
100,1000000,POCOL_DISJOINT_NONCE,FIXED_SLOT_IDLE,H2_FIXED_PER_MINER_HARDWARE,0.1,0.0,False,600.0,10000.0,1666.6666666666667,100.0,10000.0,17,16,1,3912.479999999872,996087.5200000008,0.0,6520800,0,10352123.200000003,2.875589777777779,1.2796374511111115,0.17972436111111117,2.0702999999999996,0.3912479999999872,0.9411764705882353,1000000.0000000007,40,2e-06,False
100,1000000,POCOL_DISJOINT_NONCE,FIXED_SLOT_IDLE,H2_FIXED_PER_MINER_HARDWARE,0.1,0.0,False,600.0,10000.0,1666.6666666666667,100.0,10000.0,17,17,0,4559.9999999999145,995440.0000000016,0.0,7600000,0,10410399.999999998,2.891777777777777,1.2868411111111109,0.17010457516339866,2.682352941176471,0.45599999999999147,1.0,1000000.0000000015,45,2e-06,False
100,1000000,POCOL_DISJOINT_NONCE,FIXED_SLOT_IDLE,H2_FIXED_PER_MINER_HARDWARE,0.1,0.0,False,600.0,10000.0,1666.6666666666667,100.0,10000.0,17,12,5,5043.120000000054,994956.8800000007,0.0,8405200,0,10453880.800000016,2.9038557777777823,1.2922158211111132,0.24198798148148185,1.7025999999999997,0.5043120000000053,0.7058823529411765,1000000.0000000007,43,2e-06,False
100,1000000,POCOL_DISJOINT_NONCE,FIXED_SLOT_IDLE,H2_FIXED_PER_MINER_HARDWARE,0.1,0.0,False,600.0,10000.0,1666.6666666666667,100.0,10000.0,17,16,1,3879.2399999999393,996120.7599999988,0.0,6465400,0,10349131.59999998,2.874758777777772,1.2792676561111085,0.17967242361111074,2.049525,0.38792399999999394,0.9411764705882353,999999.9999999988,44,2e-06,False
100,1000000,POCOL_DISJOINT_NONCE,FIXED_SLOT_IDLE,H2_FIXED_PER_MINER_HARDWARE,0.1,0.0,False,600.0,10000.0,1666.6666666666667,100.0,10000.0,17,16,1,3890.160000000062,996109.8400000011,0.0,6483600,0,10350114.4,2.875031777777778,1.2793891411111113,0.17968948611111113,2.0563499999999997,0.38901600000000625,0.9411764705882353,1000000.0000000012,41,2e-06,False
100,1000000,POCOL_DISJOINT_NONCE,FIXED_SLOT_IDLE,H2_FIXED_PER_MINER_HARDWARE,0.1,0.0,False,600.0,10000.0,1666.6666666666667,100.0,10000.0,17,16,1,3550.320000000088,996449.6799999988,0.0,5917200,0,10319528.800000006,2.8665357777777793,1.2756084211111118,0.1791584861111112,1.84395,0.3550320000000088,0.9411764705882353,999999.9999999988,42,2e-06,False
100,1000000,POCOL_DISJOINT_NONCE,FIXED_SLOT_IDLE,H2_FIXED_PER_MINER_HARDWARE,0.1,0.0,False,600.0,10000.0,1666.6666666666667,100.0,10000.0,17,16,1,4336.499999999799,995663.5000000008,0.0,7227500,0,10390284.999999968,2.886190277777769,1.2843546736111071,0.18038689236111055,2.3353125,0.43364999999997994,0.9411764705882353,1000000.0000000006,46,2e-06,False
100,1000000,POCOL_DISJOINT_NONCE,FIXED_SLOT_IDLE,H2_FIXED_PER_MINER_HARDWARE,0.1,0.0,False,600.0,10000.0,1666.6666666666667,100.0,10000.0,17,17,0,3855.840000000069,996144.1600000013,0.0,6426400,0,10347025.60000002,2.8741737777777834,1.2790073311111136,0.1690690457516343,2.2681411764705883,0.38558400000000687,1.0,1000000.0000000014,49,2e-06,False
100,1000000,POCOL_DISJOINT_NONCE,FIXED_SLOT_IDLE,H2_FIXED_PER_MINER_HARDWARE,0.1,0.0,False,600.0,10000.0,1666.6666666666667,100.0,10000.0,17,14,3,4500.9600000001565,995499.0400000007,0.0,7501600,0,10405086.400000008,2.89030177777778,1.286184291111112,0.20645012698412715,1.9292571428571428,0.45009600000001565,0.8235294117647058,1000000.0000000009,47,2e-06,False
100,1000000,POCOL_DISJOINT_NONCE,FIXED_SLOT_IDLE,H2_FIXED_PER_MINER_HARDWARE,0.1,0.0,False,600.0,10000.0,1666.6666666666667,100.0,10000.0,17,14,3,5314.199999999992,994685.8000000006,0.0,8857000,0,10478277.999999994,2.910632777777776,1.2952315861111103,0.20790234126984114,2.5101428571428572,0.5314199999999992,0.8235294117647058,1000000.0000000006,51,2e-06,False
100,1000000,POCOL_DISJOINT_NONCE,FIXED_SLOT_IDLE,H2_FIXED_PER_MINER_HARDWARE,0.1,0.0,False,600.0,10000.0,1666.6666666666667,100.0,10000.0,17,14,3,5470.260000000141,994529.7400000015,0.0,9117100,0,10492323.399999997,2.914534277777777,1.2969677536111108,0.20818101984126977,2.6216142857142857,0.5470260000000141,0.8235294117647058,1000000.0000000016,48,2e-06,False
100,1000000,POCOL_DISJOINT_NONCE,FIXED_SLOT_IDLE,H2_FIXED_PER_MINER_HARDWARE,0.1,0.0,False,600.0,10000.0,1666.6666666666667,100.0,10000.0,17,15,2,4889.760000000022,995110.2399999982,0.0,8149600,0,10440078.4,2.900021777777778,1.2905096911111111,0.19333478518518518,2.45984,0.4889760000000022,0.8823529411764706,999999.9999999983,50,2e-06,False
100,1000000,POCOL_DISJOINT_NONCE,FIXED_SLOT_IDLE,H2_FIXED_PER_MINER_HARDWARE,0.1,0.0,False,600.0,10000.0,1666.6666666666667,100.0,10000.0,17,15,2,5280.660000000016,994719.3399999992,0.0,8801100,0,10475259.399999995,2.9097942777777765,1.2948584536111105,0.1939862851851851,2.7204400000000004,0.5280660000000016,0.8823529411764706,999999.9999999992,55,2e-06,False
100,1000000,POCOL_DISJOINT_NONCE,FIXED_SLOT_IDLE,H2_FIXED_PER_MINER_HARDWARE,0.1,0.0,False,600.0,10000.0,1666.6666666666667,100.0,10000.0,17,15,2,4667.280000000059,995332.7199999972,0.0,7778800,0,10420055.199999994,2.894459777777776,1.2880346011111103,0.19296398518518507,2.3115199999999994,0.46672800000000586,0.8823529411764706,999999.9999999972,56,2e-06,False
100,1000000,POCOL_DISJOINT_NONCE,FIXED_SLOT_IDLE,H2_FIXED_PER_MINER_HARDWARE,0.1,0.0,False,600.0,10000.0,1666.6666666666667,100.0,10000.0,17,13,4,5236.139999999884,994763.8599999978,0.0,8726900,0,10471252.599999994,2.908681277777776,1.2943631686111103,0.22374471367521354,2.1816461538461533,0.5236139999999884,0.7647058823529411,999999.9999999977,52,2e-06,False
100,1000000,POCOL_DISJOINT_NONCE,FIXED_SLOT_IDLE,H2_FIXED_PER_MINER_HARDWARE,0.1,0.0,False,600.0,10000.0,1666.6666666666667,100.0,10000.0,17,16,1,3537.7200000002504,996462.280000001,0.0,5896200,0,10318394.800000021,2.8662207777777837,1.2754682461111138,0.17913879861111148,1.8360749999999997,0.353772000000025,0.9411764705882353,1000000.0000000012,53,2e-06,False
100,1000000,POCOL_DISJOINT_NONCE,FIXED_SLOT_IDLE,H2_FIXED_PER_MINER_HARDWARE,0.1,0.0,False,600.0,10000.0,1666.6666666666667,100.0,10000.0,17,13,4,5153.4000000000015,994846.6000000013,0.0,8589000,0,10463805.999999996,2.906612777777777,1.2934426861111108,0.2235855982905982,2.118,0.5153400000000001,0.7647058823529411,1000000.0000000013,54,2e-06,False
100,1000000,POCOL_DISJOINT_NONCE,FIXED_SLOT_IDLE,H2_FIXED_PER_MINER_HARDWARE,0.1,0.0,False,600.0,10000.0,1666.6666666666667,100.0,10000.0,17,11,6,6879.540000000019,993120.4600000025,0.0,11465900,0,10619158.59999999,2.949766277777775,1.31264599361111,0.26816057070707044,2.9814000000000003,0.6879540000000018,0.6470588235294118,1000000.0000000026,57,2e-06,False
100,1000000,POCOL_DISJOINT_NONCE,FIXED_SLOT_IDLE,H2_FIXED_PER_MINER_HARDWARE,0.1,0.0,False,600.0,10000.0,1666.6666666666667,100.0,10000.0,17,15,2,4169.639999999925,995830.359999999,0.0,6949400,0,10375267.59999998,2.882018777777772,1.2824983561111085,0.1921345851851848,1.9797599999999995,0.4169639999999925,0.8823529411764706,999999.999999999,58,2e-06,False
100,1000000,POCOL_DISJOINT_NONCE,FIXED_SLOT_IDLE,H2_FIXED_PER_MINER_HARDWARE,0.1,0.0,False,600.0,10000.0,1666.6666666666667,100.0,10000.0,17,15,2,4644.660000000123,995355.3399999982,0.0,7741100,0,10418019.400000012,2.893894277777781,1.2877829536111127,0.19292628518518543,2.2964399999999996,0.46446600000001226,0.8823529411764706,999999.9999999984,61,2e-06,False
100,1000000,POCOL_DISJOINT_NONCE,FIXED_SLOT_IDLE,H2_FIXED_PER_MINER_HARDWARE,0.1,0.0,False,600.0,10000.0,1666.6666666666667,100.0,10000.0,17,16,1,3116.2800000000975,996883.719999998,0.0,5193800,0,10280465.200000009,2.85568477777778,1.2707797261111122,0.17848029861111125,1.5726749999999998,0.3116280000000098,0.9411764705882353,999999.9999999981,62,2e-06,False
100,1000000,POCOL_DISJOINT_NONCE,FIXED_SLOT_IDLE,H2_FIXED_PER_MINER_HARDWARE,0.1,0.0,False,600.0,10000.0,1666.6666666666667,100.0,10000.0,17,14,3,3848.940000000003,996151.0600000013,0.0,6414900,0,10346404.600000007,2.8740012777777797,1.2789305686111119,0.2052858055555557,1.463528571428571,0.3848940000000003,0.8235294117647058,1000000.0000000014,63,2e-06,False
100,1000000,POCOL_DISJOINT_NONCE,FIXED_SLOT_IDLE,H2_FIXED_PER_MINER_HARDWARE,0.1,0.0,False,600.0,10000.0,1666.6666666666667,100.0,10000.0,17,17,0,3582.1200000000194,996417.8799999995,0.0,5970200,0,10322390.799999988,2.8673307777777746,1.2759621961111096,0.1686665163398691,2.107129411764706,0.3582120000000019,1.0,999999.9999999995,59,2e-06,False
100,1000000,POCOL_DISJOINT_NONCE,FIXED_SLOT_IDLE,H2_FIXED_PER_MINER_HARDWARE,0.1,0.0,False,600.0,10000.0,1666.6666666666667,100.0,10000.0,17,17,0,3305.3400000002052,996694.6600000017,0.0,5508900,0,10297480.600000001,2.860411277777778,1.2728830186111113,0.1682594869281046,1.9443176470588233,0.33053400000002053,1.0,1000000.0000000019,60,2e-06,False
100,1000000,POCOL_DISJOINT_NONCE,FIXED_SLOT_IDLE,H2_FIXED_PER_MINER_HARDWARE,0.1,0.0,False,600.0,10000.0,1666.6666666666667,100.0,10000.0,17,14,3,4739.820000000137,995260.1799999976,0.0,7899700,0,10426583.80000001,2.8962732777777807,1.2888416086111123,0.2068766626984129,2.0998714285714284,0.47398200000001367,0.8235294117647058,999999.9999999978,64,2e-06,False
100,1000000,POCOL_DISJOINT_NONCE,FIXED_SLOT_IDLE,H2_FIXED_PER_MINER_HARDWARE,0.1,0.0,False,600.0,10000.0,1666.6666666666667,100.0,10000.0,17,15,2,3769.9799999998927,996230.0200000026,0.0,6283300,0,10339298.200000003,2.8720272777777787,1.2780521386111114,0.19146848518518525,1.71332,0.3769979999999893,0.8823529411764706,1000000.0000000024,65,2e-06,False
100,1000000,POCOL_DISJOINT_NONCE,FIXED_SLOT_IDLE,H2_FIXED_PER_MINER_HARDWARE,0.1,0.0,False,600.0,10000.0,1666.6666666666667,100.0,10000.0,17,15,2,4450.980000000062,995549.02,0.0,7418300,0,10400588.2,2.8890522777777776,1.2856282636111112,0.19260348518518516,2.1673199999999997,0.4450980000000062,0.8823529411764706,1000000.0000000001,66,2e-06,False
100,1000000,POCOL_DISJOINT_NONCE,FIXED_SLOT_IDLE,H2_FIXED_PER_MINER_HARDWARE,0.1,0.0,False,600.0,10000.0,1666.6666666666667,100.0,10000.0,17,13,4,5097.540000000116,994902.4600000003,0.0,8495900,0,10458778.600000016,2.9052162777777824,1.292821243611113,0.22347817521367558,2.075030769230769,0.5097540000000116,0.7647058823529411,1000000.0000000005,67,2e-06,False
100,1000000,POCOL_DISJOINT_NONCE,FIXED_SLOT_IDLE,H2_FIXED_PER_MINER_HARDWARE,0.1,0.0,False,600.0,10000.0,1666.6666666666667,100.0,10000.0,17,16,1,3068.339999999864,996931.6600000014,0.0,5113900,0,10276150.599999983,2.854486277777773,1.270246393611109,0.1784053923611108,1.5427124999999995,0.30683399999998645,0.9411764705882353,1000000.0000000013,68,2e-06,False
100,1000000,POCOL_DISJOINT_NONCE,FIXED_SLOT_IDLE,H2_FIXED_PER_MINER_HARDWARE,0.1,0.0,False,600.0,10000.0,1666.6666666666667,100.0,10000.0,17,14,3,5560.800000000082,994439.1999999994,0.0,9268000,0,10500472.00000001,2.9167977777777803,1.2979750111111121,0.2083426984126986,2.686285714285714,0.5560800000000081,0.8235294117647058,999999.9999999994,69,2e-06,False
100,1000000,POCOL_DISJOINT_NONCE,FIXED_SLOT_IDLE,H2_FIXED_PER_MINER_HARDWARE,0.1,0.0,False,600.0,10000.0,1666.6666666666667,100.0,10000.0,17,15,2,4843.139999999941,995156.86,0.0,8071900,0,10435882.599999998,2.898856277777777,1.2899910436111108,0.19325708518518514,2.4287599999999996,0.48431399999999414,0.8823529411764706,999999.9999999999,70,2e-06,False
100,1000000,POCOL_DISJOINT_NONCE,FIXED_SLOT_IDLE,H2_FIXED_PER_MINER_HARDWARE,0.1,0.0,False,600.0,10000.0,1666.6666666666667,100.0,10000.0,17,17,0,2102.9400000001015,997897.0599999999,0.0,3504900,0,10189264.59999999,2.8303512777777753,1.25950631861111,0.1664912516339868,1.2370235294117646,0.21029400000001017,1.0,1000000.0,72,2e-06,False
100,1000000,POCOL_DISJOINT_NONCE,FIXED_SLOT_IDLE,H2_FIXED_PER_MINER_HARDWARE,0.1,0.0,False,600.0,10000.0,1666.6666666666667,100.0,10000.0,17,13,4,5272.800000000161,994727.1999999998,0.0,8788000,0,10474552.000000013,2.9095977777777815,1.2947710111111128,0.22381521367521395,2.209846153846154,0.5272800000000161,0.7647058823529411,1000000.0,71,2e-06,False
100,1000000,POCOL_DISJOINT_NONCE,FIXED_SLOT_IDLE,H2_FIXED_PER_MINER_HARDWARE,0.1,0.0,False,600.0,10000.0,1666.6666666666667,100.0,10000.0,17,16,1,3851.7600000003195,996148.2399999985,0.0,6419600,0,10346658.400000054,2.874071777777793,1.278961941111118,0.17962948611111207,2.03235,0.38517600000003194,0.9411764705882353,999999.9999999988,73,2e-06,False
100,1000000,POCOL_DISJOINT_NONCE,FIXED_SLOT_IDLE,H2_FIXED_PER_MINER_HARDWARE,0.1,0.0,False,600.0,10000.0,1666.6666666666667,100.0,10000.0,17,16,1,3436.500000000056,996563.5000000007,0.0,5727500,0,10309284.999999981,2.8636902777777724,1.2743421736111087,0.17898064236111078,1.7728125,0.34365000000000556,0.9411764705882353,1000000.0000000007,74,2e-06,False
100,1000000,POCOL_DISJOINT_NONCE,FIXED_SLOT_IDLE,H2_FIXED_PER_MINER_HARDWARE,0.1,0.0,False,600.0,10000.0,1666.6666666666667,100.0,10000.0,17,16,1,3102.059999999969,996897.9399999982,0.0,5170100,0,10279185.400000013,2.8553292777777814,1.2706215286111127,0.17845807986111134,1.5637875,0.31020599999999693,0.9411764705882353,999999.9999999981,77,2e-06,False
100,1000000,POCOL_DISJOINT_NONCE,FIXED_SLOT_IDLE,H2_FIXED_PER_MINER_HARDWARE,0.1,0.0,False,600.0,10000.0,1666.6666666666667,100.0,10000.0,17,14,3,5412.419999999987,994587.5800000014,0.0,9020700,0,10487117.799999997,2.913088277777777,1.2963242836111109,0.20807773412698408,2.5803000000000003,0.5412419999999987,0.8235294117647058,1000000.0000000014,76,2e-06,False
100,1000000,POCOL_DISJOINT_NONCE,FIXED_SLOT_IDLE,H2_FIXED_PER_MINER_HARDWARE,0.1,0.0,False,600.0,10000.0,1666.6666666666667,100.0,10000.0,17,15,2,4815.600000000031,995184.4000000017,0.0,8026000,0,10433404.000000022,2.898167777777784,1.289684661111114,0.1932111851851856,2.4104000000000005,0.48156000000000315,0.8823529411764706,1000000.0000000016,75,2e-06,False
100,1000000,POCOL_DISJOINT_NONCE,FIXED_SLOT_IDLE,H2_FIXED_PER_MINER_HARDWARE,0.1,0.0,False,600.0,10000.0,1666.6666666666667,100.0,10000.0,17,14,3,5571.71999999974,994428.280000002,0.0,9286200,0,10501454.799999982,2.9170707777777727,1.2980964961111088,0.20836219841269804,2.694085714285714,0.557171999999974,0.8235294117647058,1000000.0000000017,78,2e-06,False
100,1000000,POCOL_DISJOINT_NONCE,FIXED_SLOT_IDLE,H2_FIXED_PER_MINER_HARDWARE,0.1,0.0,False,600.0,10000.0,1666.6666666666667,100.0,10000.0,17,17,0,2522.519999999942,997477.4800000011,0.0,4204200,0,10227026.799999995,2.8408407777777764,1.2641741461111105,0.16710828104575157,1.4838352941176471,0.2522519999999942,1.0,1000000.000000001,79,2e-06,False
100,1000000,POCOL_DISJOINT_NONCE,FIXED_SLOT_IDLE,H2_FIXED_PER_MINER_HARDWARE,0.1,0.0,False,600.0,10000.0,1666.6666666666667,100.0,10000.0,17,14,3,3965.4599999999486,996034.5399999993,0.0,6609100,0,10356891.400000008,2.87691427777778,1.280226853611112,0.20549387698412716,1.5467571428571427,0.3965459999999949,0.8235294117647058,999999.9999999993,80,2e-06,False
100,1000000,POCOL_DISJOINT_NONCE,FIXED_SLOT_IDLE,H2_FIXED_PER_MINER_HARDWARE,0.1,0.0,False,600.0,10000.0,1666.6666666666667,100.0,10000.0,17,14,3,4737.599999999875,995262.3999999982,0.0,7896000,0,10426383.999999987,2.8962177777777742,1.2888169111111096,0.20687269841269815,2.0982857142857143,0.47375999999998747,0.8235294117647058,999999.999999998,82,2e-06,False
100,1000000,POCOL_DISJOINT_NONCE,FIXED_SLOT_IDLE,H2_FIXED_PER_MINER_HARDWARE,0.1,0.0,False,600.0,10000.0,1666.6666666666667,100.0,10000.0,17,13,4,4595.280000000035,995404.7200000007,0.0,7658800,0,10413575.200000018,2.8926597777777827,1.2872336011111134,0.22251229059829097,1.6886769230769227,0.4595280000000035,0.7647058823529411,1000000.0000000007,81,2e-06,False
100,1000000,POCOL_DISJOINT_NONCE,FIXED_SLOT_IDLE,H2_FIXED_PER_MINER_HARDWARE,0.1,0.0,False,600.0,10000.0,1666.6666666666667,100.0,10000.0,17,16,1,4601.219999999792,995398.7800000001,0.0,7668700,0,10414109.799999986,2.8928082777777737,1.2872996836111092,0.18080051736111086,2.5007625,0.4601219999999792,0.9411764705882353,999999.9999999999,83,2e-06,False
100,1000000,POCOL_DISJOINT_NONCE,FIXED_SLOT_IDLE,H2_FIXED_PER_MINER_HARDWARE,0.1,0.0,False,600.0,10000.0,1666.6666666666667,100.0,10000.0,17,15,2,4470.240000000286,995529.7600000019,0.0,7450400,0,10402321.600000016,2.8895337777777823,1.2858425311111132,0.19263558518518548,2.18016,0.4470240000000286,0.8823529411764706,1000000.0000000022,86,2e-06,False
100,1000000,POCOL_DISJOINT_NONCE,FIXED_SLOT_IDLE,H2_FIXED_PER_MINER_HARDWARE,0.1,0.0,False,600.0,10000.0,1666.6666666666667,100.0,10000.0,17,12,5,5387.759999999882,994612.2399999995,0.0,8979600,0,10484898.399999985,2.9124717777777738,1.2960499411111093,0.24270598148148115,1.9898,0.5387759999999883,0.7058823529411765,999999.9999999994,85,2e-06,False
100,1000000,POCOL_DISJOINT_NONCE,FIXED_SLOT_IDLE,H2_FIXED_PER_MINER_HARDWARE,0.1,0.0,False,600.0,10000.0,1666.6666666666667,100.0,10000.0,17,14,3,5143.3200000000425,994856.6800000006,0.0,8572200,0,10462898.799999993,2.906360777777776,1.2933305461111102,0.20759719841269828,2.3880857142857144,0.5143320000000042,0.8235294117647058,1000000.0000000007,84,2e-06,False
100,1000000,POCOL_DISJOINT_NONCE,FIXED_SLOT_IDLE,H2_FIXED_PER_MINER_HARDWARE,0.1,0.0,False,600.0,10000.0,1666.6666666666667,100.0,10000.0,17,17,0,3212.9399999998022,996787.0600000017,0.0,5354900,0,10289164.599999974,2.8581012777777706,1.2718550686111079,0.16812360457516298,1.8899647058823523,0.3212939999999802,1.0,1000000.0000000015,87,2e-06,False
100,1000000,POCOL_DISJOINT_NONCE,FIXED_SLOT_IDLE,H2_FIXED_PER_MINER_HARDWARE,0.1,0.0,False,600.0,10000.0,1666.6666666666667,100.0,10000.0,17,15,2,4230.120000000082,995769.880000001,0.0,7050200,0,10380710.80000002,2.883530777777783,1.2831711961111134,0.19223538518518554,2.0200799999999997,0.42301200000000816,0.8823529411764706,1000000.0000000012,88,2e-06,False
100,1000000,POCOL_DISJOINT_NONCE,FIXED_SLOT_IDLE,H2_FIXED_PER_MINER_HARDWARE,0.1,0.0,False,600.0,10000.0,1666.6666666666667,100.0,10000.0,17,12,5,5452.499999999961,994547.4999999984,0.0,9087500,0,10490724.999999998,2.914090277777777,1.2967701736111108,0.24284085648148143,2.0437499999999997,0.545249999999996,0.7058823529411765,999999.9999999984,89,2e-06,False
100,1000000,POCOL_DISJOINT_NONCE,FIXED_SLOT_IDLE,H2_FIXED_PER_MINER_HARDWARE,0.1,0.0,False,600.0,10000.0,1666.6666666666667,100.0,10000.0,17,14,3,5159.220000000188,994840.7800000015,0.0,8598700,0,10464329.800000027,2.906758277777785,1.2935074336111143,0.20762559126984179,2.3994428571428577,0.5159220000000188,0.8235294117647058,1000000.0000000017,90,2e-06,False
100,1000000,POCOL_DISJOINT_NONCE,FIXED_SLOT_IDLE,H2_FIXED_PER_MINER_HARDWARE,0.1,0.0,False,600.0,10000.0,1666.6666666666667,100.0,10000.0,17,14,3,5463.300000000072,994536.6999999993,0.0,9105500,0,10491697.000000007,2.9143602777777797,1.296890323611112,0.2081685912698414,2.616642857142857,0.5463300000000072,0.8235294117647058,999999.9999999993,91,2e-06,False
100,1000000,POCOL_DISJOINT_NONCE,FIXED_SLOT_IDLE,H2_FIXED_PER_MINER_HARDWARE,0.1,0.0,False,600.0,10000.0,1666.6666666666667,100.0,10000.0,17,15,2,3886.92000000027,996113.0800000014,0.0,6478200,0,10349822.800000016,2.8749507777777823,1.279353096111113,0.1916633851851855,1.7912799999999998,0.388692000000027,0.8823529411764706,1000000.0000000016,92,2e-06,False
100,1000000,POCOL_DISJOINT_NONCE,FIXED_SLOT_IDLE,H2_FIXED_PER_MINER_HARDWARE,0.1,0.0,False,600.0,10000.0,1666.6666666666667,100.0,10000.0,17,16,1,2739.539999999911,997260.4599999987,0.0,4565900,0,10246558.59999999,2.846266277777775,1.2665884936111098,0.17789164236111094,1.3372124999999997,0.2739539999999911,0.9411764705882353,999999.9999999986,94,2e-06,False
100,1000000,POCOL_DISJOINT_NONCE,FIXED_SLOT_IDLE,H2_FIXED_PER_MINER_HARDWARE,0.1,0.0,False,600.0,10000.0,1666.6666666666667,100.0,10000.0,17,13,4,4929.660000000149,995070.3399999999,0.0,8216100,0,10443669.400000013,2.9010192777777815,1.2909535786111128,0.22315532905982935,1.9458923076923078,0.4929660000000149,0.7647058823529411,1000000.0,93,2e-06,False
100,1000000,POCOL_DISJOINT_NONCE,FIXED_SLOT_IDLE,H2_FIXED_PER_MINER_HARDWARE,0.1,0.0,False,600.0,10000.0,1666.6666666666667,100.0,10000.0,17,15,2,4506.299999999881,995493.7000000011,0.0,7510500,0,10405566.99999999,2.890435277777775,1.2862436986111099,0.192695685185185,2.2041999999999997,0.45062999999998815,0.8823529411764706,1000000.000000001,95,2e-06,False
100,1000000,POCOL_DISJOINT_NONCE,FIXED_SLOT_IDLE,H2_FIXED_PER_MINER_HARDWARE,0.1,0.0,False,600.0,10000.0,1666.6666666666667,100.0,10000.0,17,15,2,4011.300000000077,995988.699999999,0.0,6685500,0,10361016.999999996,2.878060277777777,1.2807368236111107,0.19187068518518513,1.8741999999999996,0.4011300000000077,0.8823529411764706,999999.9999999991,96,2e-06,False
100,1000000,POCOL_DISJOINT_NONCE,FIXED_SLOT_IDLE,H2_FIXED_PER_MINER_HARDWARE,0.1,0.0,False,600.0,10000.0,1666.6666666666667,100.0,10000.0,17,14,3,5150.219999999999,994849.780000001,0.0,8583700,0,10463519.800000008,2.90653327777778,1.2934073086111122,0.20760951984127,2.393014285714286,0.515022,0.8235294117647058,1000000.0000000009,97,2e-06,False
100,1000000,INDEPENDENT_HEADERS_EQUAL_TOTAL_BUDGET,FIXED_SLOT_IDLE,H2_FIXED_PER_MINER_HARDWARE,0.1,0.0,False,600.0,10000.0,1666.6666666666667,100.0,10000.0,17,16,1,4415.399999999904,995584.6000000014,0.0,7359000,0,10397385.999999996,2.8881627777777767,1.2852324361111107,0.18051017361111105,2.3846249999999998,0.4415399999999904,0.9411764705882353,1000000.0000000013,0,2e-06,False
100,1000000,POCOL_DISJOINT_NONCE,FIXED_SLOT_IDLE,H2_FIXED_PER_MINER_HARDWARE,0.1,0.0,False,600.0,10000.0,1666.6666666666667,100.0,10000.0,17,17,0,4407.539999999983,995592.460000002,0.0,7345900,0,10396678.600000013,2.8879662777777813,1.2851449936111128,0.16988036928104597,2.5926705882352943,0.44075399999999826,1.0,1000000.000000002,99,2e-06,False
100,1000000,POCOL_DISJOINT_NONCE,FIXED_SLOT_IDLE,H2_FIXED_PER_MINER_HARDWARE,0.1,0.0,False,600.0,10000.0,1666.6666666666667,100.0,10000.0,17,14,3,3985.0200000000223,996014.9800000011,0.0,6641700,0,10358651.799999993,2.877403277777776,1.2804444586111103,0.20552880555555544,1.5607285714285717,0.3985020000000022,0.8235294117647058,1000000.0000000012,98,2e-06,False
100,1000000,INDEPENDENT_HEADERS_EQUAL_TOTAL_BUDGET,FIXED_SLOT_IDLE,H2_FIXED_PER_MINER_HARDWARE,0.1,0.0,False,600.0,10000.0,1666.6666666666667,100.0,10000.0,17,13,4,5284.319999999842,994715.6799999998,0.0,8807200,0,10475588.800000008,2.90988577777778,1.2948991711111122,0.22383736752136768,2.2187076923076923,0.5284319999999842,0.7647058823529411,999999.9999999997,2,2e-06,False
100,1000000,INDEPENDENT_HEADERS_EQUAL_TOTAL_BUDGET,FIXED_SLOT_IDLE,H2_FIXED_PER_MINER_HARDWARE,0.1,0.0,False,600.0,10000.0,1666.6666666666667,100.0,10000.0,17,14,3,3823.080000000222,996176.9199999986,0.0,6371800,0,10344077.200000003,2.8733547777777786,1.2786428761111115,0.20523962698412704,1.445057142857143,0.3823080000000222,0.8235294117647058,999999.9999999988,3,2e-06,False
100,1000000,INDEPENDENT_HEADERS_EQUAL_TOTAL_BUDGET,FIXED_SLOT_IDLE,H2_FIXED_PER_MINER_HARDWARE,0.1,0.0,False,600.0,10000.0,1666.6666666666667,100.0,10000.0,17,17,0,4093.799999999976,995906.2000000011,0.0,6823000,0,10368441.999999994,2.880122777777776,1.2816546361111103,0.16941898692810448,2.4081176470588233,0.40937999999999763,1.0,1000000.000000001,1,2e-06,False
100,1000000,INDEPENDENT_HEADERS_EQUAL_TOTAL_BUDGET,FIXED_SLOT_IDLE,H2_FIXED_PER_MINER_HARDWARE,0.1,0.0,False,600.0,10000.0,1666.6666666666667,100.0,10000.0,17,15,2,5022.779999999866,994977.2200000006,0.0,8371300,0,10452050.200000014,2.903347277777782,1.2919895386111129,0.19355648518518545,2.5485199999999995,0.5022779999999866,0.8823529411764706,1000000.0000000005,4,2e-06,False
100,1000000,INDEPENDENT_HEADERS_EQUAL_TOTAL_BUDGET,FIXED_SLOT_IDLE,H2_FIXED_PER_MINER_HARDWARE,0.1,0.0,False,600.0,10000.0,1666.6666666666667,100.0,10000.0,17,16,1,3676.379999999891,996323.6200000019,0.0,6127300,0,10330874.199999994,2.869687277777776,1.2770108386111105,0.179355454861111,1.9227375000000002,0.36763799999998914,0.9411764705882353,1000000.0000000017,5,2e-06,False
100,1000000,INDEPENDENT_HEADERS_EQUAL_TOTAL_BUDGET,FIXED_SLOT_IDLE,H2_FIXED_PER_MINER_HARDWARE,0.1,0.0,False,600.0,10000.0,1666.6666666666667,100.0,10000.0,17,14,3,4131.180000000142,995868.8199999982,0.0,6885300,0,10371806.200000014,2.881057277777782,1.282070488611113,0.20578980555555584,1.6651285714285713,0.4131180000000142,0.8235294117647058,999999.9999999984,10,2e-06,False
100,1000000,INDEPENDENT_HEADERS_EQUAL_TOTAL_BUDGET,FIXED_SLOT_IDLE,H2_FIXED_PER_MINER_HARDWARE,0.1,0.0,False,600.0,10000.0,1666.6666666666667,100.0,10000.0,17,15,2,3777.960000000031,996222.0399999993,0.0,6296600,0,10340016.400000008,2.87222677777778,1.2781409161111121,0.19148178518518533,1.71864,0.3777960000000031,0.8823529411764706,999999.9999999994,7,2e-06,False
100,1000000,INDEPENDENT_HEADERS_EQUAL_TOTAL_BUDGET,FIXED_SLOT_IDLE,H2_FIXED_PER_MINER_HARDWARE,0.1,0.0,False,600.0,10000.0,1666.6666666666667,100.0,10000.0,17,13,4,5406.239999999948,994593.7599999977,0.0,9010400,0,10486561.60000002,2.9129337777777833,1.2962555311111137,0.22407182905982947,2.3124923076923074,0.5406239999999948,0.7647058823529411,999999.9999999977,12,2e-06,False
100,1000000,INDEPENDENT_HEADERS_EQUAL_TOTAL_BUDGET,FIXED_SLOT_IDLE,H2_FIXED_PER_MINER_HARDWARE,0.1,0.0,False,600.0,10000.0,1666.6666666666667,100.0,10000.0,17,14,3,4242.599999999732,995757.4000000015,0.0,7071000,0,10381833.999999983,2.8838427777777733,1.2833100361111092,0.20598876984126951,1.7447142857142857,0.4242599999999732,0.8235294117647058,1000000.0000000013,6,2e-06,False
100,1000000,INDEPENDENT_HEADERS_EQUAL_TOTAL_BUDGET,FIXED_SLOT_IDLE,H2_FIXED_PER_MINER_HARDWARE,0.1,0.0,False,600.0,10000.0,1666.6666666666667,100.0,10000.0,17,13,4,5285.580000000055,994714.4199999986,0.0,8809300,0,10475702.199999994,2.909917277777776,1.2949131886111103,0.22383979059829046,2.219676923076923,0.5285580000000056,0.7647058823529411,999999.9999999987,9,2e-06,False
100,1000000,INDEPENDENT_HEADERS_EQUAL_TOTAL_BUDGET,FIXED_SLOT_IDLE,H2_FIXED_PER_MINER_HARDWARE,0.1,0.0,False,600.0,10000.0,1666.6666666666667,100.0,10000.0,17,13,4,5748.899999999959,994251.1000000027,0.0,9581500,0,10517400.999999981,2.9215002777777728,1.3000676236111088,0.2247307905982902,2.5760769230769234,0.5748899999999959,0.7647058823529411,1000000.0000000026,14,2e-06,False
100,1000000,INDEPENDENT_HEADERS_EQUAL_TOTAL_BUDGET,FIXED_SLOT_IDLE,H2_FIXED_PER_MINER_HARDWARE,0.1,0.0,False,600.0,10000.0,1666.6666666666667,100.0,10000.0,17,15,2,4882.080000000104,995117.9200000011,0.0,8136800,0,10439387.20000001,2.899829777777781,1.2904242511111126,0.1933219851851854,2.45472,0.48820800000001036,0.8823529411764706,1000000.0000000012,13,2e-06,False
100,1000000,INDEPENDENT_HEADERS_EQUAL_TOTAL_BUDGET,FIXED_SLOT_IDLE,H2_FIXED_PER_MINER_HARDWARE,0.1,0.0,False,600.0,10000.0,1666.6666666666667,100.0,10000.0,17,14,3,3636.4800000001546,996363.5200000012,0.0,6060800,0,10327283.200000025,2.8686897777777847,1.2765669511111142,0.2049064126984132,1.3117714285714286,0.36364800000001546,0.8235294117647058,1000000.0000000013,8,2e-06,False
100,1000000,INDEPENDENT_HEADERS_EQUAL_TOTAL_BUDGET,FIXED_SLOT_IDLE,H2_FIXED_PER_MINER_HARDWARE,0.1,0.0,False,600.0,10000.0,1666.6666666666667,100.0,10000.0,17,17,0,5098.620000000175,994901.3799999981,0.0,8497700,0,10458875.800000006,2.9052432777777795,1.292833258611112,0.17089666339869292,2.9991882352941173,0.5098620000000175,1.0,999999.9999999984,20,2e-06,False
100,1000000,INDEPENDENT_HEADERS_EQUAL_TOTAL_BUDGET,FIXED_SLOT_IDLE,H2_FIXED_PER_MINER_HARDWARE,0.1,0.0,False,600.0,10000.0,1666.6666666666667,100.0,10000.0,17,15,2,4372.1400000000385,995627.8599999985,0.0,7286900,0,10393492.600000016,2.8870812777777823,1.2847511686111133,0.1924720851851855,2.11476,0.4372140000000038,0.8823529411764706,999999.9999999985,11,2e-06,False
100,1000000,INDEPENDENT_HEADERS_EQUAL_TOTAL_BUDGET,FIXED_SLOT_IDLE,H2_FIXED_PER_MINER_HARDWARE,0.1,0.0,False,600.0,10000.0,1666.6666666666667,100.0,10000.0,17,15,2,4124.58000000006,995875.419999999,0.0,6874300,0,10371212.200000009,2.88089227777778,1.2819970636111122,0.19205948518518534,1.94972,0.412458000000006,0.8823529411764706,999999.9999999991,17,2e-06,False
100,1000000,INDEPENDENT_HEADERS_EQUAL_TOTAL_BUDGET,FIXED_SLOT_IDLE,H2_FIXED_PER_MINER_HARDWARE,0.1,0.0,False,600.0,10000.0,1666.6666666666667,100.0,10000.0,17,17,0,3965.580000000179,996034.420000002,0.0,6609300,0,10356902.200000003,2.8769172777777787,1.2802281886111115,0.16923042810457523,2.3326941176470584,0.39655800000001795,1.0,1000000.0000000022,15,2e-06,False
100,1000000,INDEPENDENT_HEADERS_EQUAL_TOTAL_BUDGET,FIXED_SLOT_IDLE,H2_FIXED_PER_MINER_HARDWARE,0.1,0.0,False,600.0,10000.0,1666.6666666666667,100.0,10000.0,17,14,3,4793.399999999981,995206.5999999994,0.0,7989000,0,10431405.999999996,2.897612777777777,1.2894376861111108,0.2069723412698412,2.138142857142857,0.47933999999999816,0.8235294117647058,999999.9999999994,21,2e-06,False
100,1000000,INDEPENDENT_HEADERS_EQUAL_TOTAL_BUDGET,FIXED_SLOT_IDLE,H2_FIXED_PER_MINER_HARDWARE,0.1,0.0,False,600.0,10000.0,1666.6666666666667,100.0,10000.0,17,13,4,5777.639999999971,994222.3600000018,0.0,9629400,0,10519987.60000001,2.922218777777781,1.3003873561111126,0.22478605982906005,2.5981846153846146,0.5777639999999971,0.7647058823529411,1000000.0000000019,18,2e-06,False
100,1000000,INDEPENDENT_HEADERS_EQUAL_TOTAL_BUDGET,FIXED_SLOT_IDLE,H2_FIXED_PER_MINER_HARDWARE,0.1,0.0,False,600.0,10000.0,1666.6666666666667,100.0,10000.0,17,14,3,4586.040000000047,995413.9599999996,0.0,7643400,0,10412743.600000009,2.89242877777778,1.2871308061111122,0.20660205555555572,1.990028571428571,0.45860400000000473,0.8235294117647058,999999.9999999997,16,2e-06,False
100,1000000,INDEPENDENT_HEADERS_EQUAL_TOTAL_BUDGET,FIXED_SLOT_IDLE,H2_FIXED_PER_MINER_HARDWARE,0.1,0.0,False,600.0,10000.0,1666.6666666666667,100.0,10000.0,17,15,2,3975.239999999928,996024.7600000001,0.0,6625400,0,10357771.6,2.877158777777778,1.2803356561111112,0.19181058518518518,1.8501599999999998,0.39752399999999277,0.8823529411764706,1000000.0,19,2e-06,False
100,1000000,INDEPENDENT_HEADERS_EQUAL_TOTAL_BUDGET,FIXED_SLOT_IDLE,H2_FIXED_PER_MINER_HARDWARE,0.1,0.0,False,600.0,10000.0,1666.6666666666667,100.0,10000.0,17,14,3,4536.120000000172,995463.8799999981,0.0,7560200,0,10408250.800000006,2.8911807777777794,1.2865754461111119,0.20651291269841282,1.9543714285714289,0.45361200000001717,0.8235294117647058,999999.9999999984,24,2e-06,False
100,1000000,INDEPENDENT_HEADERS_EQUAL_TOTAL_BUDGET,FIXED_SLOT_IDLE,H2_FIXED_PER_MINER_HARDWARE,0.1,0.0,False,600.0,10000.0,1666.6666666666667,100.0,10000.0,17,16,1,4819.799999999994,995180.2000000018,0.0,8033000,0,10433782.000000015,2.898272777777782,1.289731386111113,0.18114204861111138,2.6373749999999996,0.48197999999999935,0.9411764705882353,1000000.0000000019,23,2e-06,False
100,1000000,INDEPENDENT_HEADERS_EQUAL_TOTAL_BUDGET,FIXED_SLOT_IDLE,H2_FIXED_PER_MINER_HARDWARE,0.1,0.0,False,600.0,10000.0,1666.6666666666667,100.0,10000.0,17,15,2,4032.179999999923,995967.8199999989,0.0,6720300,0,10362896.199999994,2.878582277777776,1.2809691136111103,0.19190548518518508,1.8881199999999996,0.4032179999999923,0.8823529411764706,999999.9999999988,28,2e-06,False
100,1000000,INDEPENDENT_HEADERS_EQUAL_TOTAL_BUDGET,FIXED_SLOT_IDLE,H2_FIXED_PER_MINER_HARDWARE,0.1,0.0,False,600.0,10000.0,1666.6666666666667,100.0,10000.0,17,17,0,2888.880000000047,997111.1200000015,0.0,4814800,0,10259999.199999997,2.8499997777777772,1.2682499011111108,0.16764704575163394,1.6993411764705881,0.2888880000000047,1.0,1000000.0000000015,22,2e-06,False
100,1000000,INDEPENDENT_HEADERS_EQUAL_TOTAL_BUDGET,FIXED_SLOT_IDLE,H2_FIXED_PER_MINER_HARDWARE,0.1,0.0,False,600.0,10000.0,1666.6666666666667,100.0,10000.0,17,15,2,4241.939999999886,995758.0599999989,0.0,7069900,0,10381774.59999999,2.883826277777775,1.2833026936111098,0.192255085185185,2.0279599999999998,0.4241939999999886,0.8823529411764706,999999.9999999988,25,2e-06,False
100,1000000,INDEPENDENT_HEADERS_EQUAL_TOTAL_BUDGET,FIXED_SLOT_IDLE,H2_FIXED_PER_MINER_HARDWARE,0.1,0.0,False,600.0,10000.0,1666.6666666666667,100.0,10000.0,17,14,3,4703.580000000048,995296.4200000017,0.0,7839300,0,10423322.199999988,2.8953672777777744,1.2884384386111096,0.20681194841269818,2.073985714285714,0.47035800000000483,0.8235294117647058,1000000.0000000017,26,2e-06,False
100,1000000,INDEPENDENT_HEADERS_EQUAL_TOTAL_BUDGET,FIXED_SLOT_IDLE,H2_FIXED_PER_MINER_HARDWARE,0.1,0.0,False,600.0,10000.0,1666.6666666666667,100.0,10000.0,17,16,1,5266.560000000125,994733.440000002,0.0,8777600,0,10473990.399999991,2.9094417777777752,1.29470159111111,0.18184011111111095,2.9166,0.5266560000000124,0.9411764705882353,1000000.0000000022,27,2e-06,False
100,1000000,INDEPENDENT_HEADERS_EQUAL_TOTAL_BUDGET,FIXED_SLOT_IDLE,H2_FIXED_PER_MINER_HARDWARE,0.1,0.0,False,600.0,10000.0,1666.6666666666667,100.0,10000.0,17,15,2,4117.1400000001195,995882.8600000006,0.0,6861900,0,10370542.600000018,2.880706277777783,1.2819142936111134,0.19204708518518554,1.9447599999999996,0.41171400000001196,0.8823529411764706,1000000.0000000007,30,2e-06,False
100,1000000,INDEPENDENT_HEADERS_EQUAL_TOTAL_BUDGET,FIXED_SLOT_IDLE,H2_FIXED_PER_MINER_HARDWARE,0.1,0.0,False,600.0,10000.0,1666.6666666666667,100.0,10000.0,17,15,2,5438.100000000156,994561.8999999978,0.0,9063500,0,10489429.000000024,2.9137302777777845,1.296609973611114,0.19424868518518562,2.8254,0.5438100000000156,0.8823529411764706,999999.999999998,29,2e-06,False
100,1000000,INDEPENDENT_HEADERS_EQUAL_TOTAL_BUDGET,FIXED_SLOT_IDLE,H2_FIXED_PER_MINER_HARDWARE,0.1,0.0,False,600.0,10000.0,1666.6666666666667,100.0,10000.0,17,12,5,5766.480000000146,994233.519999998,0.0,9610800,0,10518983.200000035,2.9219397777777876,1.3002632011111155,0.2434949814814823,2.3053999999999997,0.5766480000000146,0.7058823529411765,999999.9999999981,31,2e-06,False
100,1000000,INDEPENDENT_HEADERS_EQUAL_TOTAL_BUDGET,FIXED_SLOT_IDLE,H2_FIXED_PER_MINER_HARDWARE,0.1,0.0,False,600.0,10000.0,1666.6666666666667,100.0,10000.0,17,15,2,3266.159999999913,996733.8400000007,0.0,5443600,0,10293954.39999998,2.8594317777777722,1.2724471411111087,0.1906287851851848,1.37744,0.3266159999999913,0.8823529411764706,1000000.0000000006,32,2e-06,False
100,1000000,INDEPENDENT_HEADERS_EQUAL_TOTAL_BUDGET,FIXED_SLOT_IDLE,H2_FIXED_PER_MINER_HARDWARE,0.1,0.0,False,600.0,10000.0,1666.6666666666667,100.0,10000.0,17,16,1,4285.14000000018,995714.8599999981,0.0,7141900,0,10385662.600000016,2.8849062777777825,1.2837832936111133,0.1803066423611114,2.3032125000000003,0.42851400000001805,0.9411764705882353,999999.9999999983,33,2e-06,False
100,1000000,INDEPENDENT_HEADERS_EQUAL_TOTAL_BUDGET,FIXED_SLOT_IDLE,H2_FIXED_PER_MINER_HARDWARE,0.1,0.0,False,600.0,10000.0,1666.6666666666667,100.0,10000.0,17,17,0,3734.5799999999267,996265.4199999992,0.0,6224300,0,10336112.19999997,2.871142277777769,1.2776583136111073,0.1688907222222217,2.1968117647058825,0.3734579999999927,1.0,999999.9999999992,35,2e-06,False
100,1000000,INDEPENDENT_HEADERS_EQUAL_TOTAL_BUDGET,FIXED_SLOT_IDLE,H2_FIXED_PER_MINER_HARDWARE,0.1,0.0,False,600.0,10000.0,1666.6666666666667,100.0,10000.0,17,16,1,4004.0400000000764,995995.9599999974,0.0,6673400,0,10360363.599999998,2.8778787777777772,1.2806560561111109,0.17986742361111108,2.127525,0.40040400000000764,0.9411764705882353,999999.9999999974,36,2e-06,False
100,1000000,INDEPENDENT_HEADERS_EQUAL_TOTAL_BUDGET,FIXED_SLOT_IDLE,H2_FIXED_PER_MINER_HARDWARE,0.1,0.0,False,600.0,10000.0,1666.6666666666667,100.0,10000.0,17,14,3,4555.020000000049,995444.9799999974,0.0,7591700,0,10409951.799999995,2.8916532777777766,1.2867857086111105,0.20654666269841263,1.967871428571429,0.4555020000000049,0.8235294117647058,999999.9999999974,34,2e-06,False
100,1000000,INDEPENDENT_HEADERS_EQUAL_TOTAL_BUDGET,FIXED_SLOT_IDLE,H2_FIXED_PER_MINER_HARDWARE,0.1,0.0,False,600.0,10000.0,1666.6666666666667,100.0,10000.0,17,16,1,2733.7800000000825,997266.2200000014,0.0,4556300,0,10246040.200000009,2.84612227777778,1.2665244136111122,0.17788264236111126,1.3336124999999999,0.2733780000000083,0.9411764705882353,1000000.0000000014,37,2e-06,False
100,1000000,INDEPENDENT_HEADERS_EQUAL_TOTAL_BUDGET,FIXED_SLOT_IDLE,H2_FIXED_PER_MINER_HARDWARE,0.1,0.0,False,600.0,10000.0,1666.6666666666667,100.0,10000.0,17,16,1,4529.280000000097,995470.7199999976,0.0,7548800,0,10407635.2,2.8910097777777777,1.2864993511111111,0.1806881111111111,2.455799999999999,0.4529280000000097,0.9411764705882353,999999.9999999978,38,2e-06,False
100,1000000,INDEPENDENT_HEADERS_EQUAL_TOTAL_BUDGET,FIXED_SLOT_IDLE,H2_FIXED_PER_MINER_HARDWARE,0.1,0.0,False,600.0,10000.0,1666.6666666666667,100.0,10000.0,17,15,2,3722.3999999999132,996277.5999999983,0.0,6204000,0,10335016.00000001,2.8708377777777803,1.2775228111111123,0.19138918518518536,1.6815999999999998,0.3722399999999913,0.8823529411764706,999999.9999999983,39,2e-06,False
100,1000000,INDEPENDENT_HEADERS_EQUAL_TOTAL_BUDGET,FIXED_SLOT_IDLE,H2_FIXED_PER_MINER_HARDWARE,0.1,0.0,False,600.0,10000.0,1666.6666666666667,100.0,10000.0,17,13,4,5209.019999999929,994790.9800000016,0.0,8681700,0,10468811.8,2.908003277777778,1.2940614586111112,0.22369255982905983,2.1607846153846157,0.5209019999999929,0.7647058823529411,1000000.0000000015,41,2e-06,False
100,1000000,INDEPENDENT_HEADERS_EQUAL_TOTAL_BUDGET,FIXED_SLOT_IDLE,H2_FIXED_PER_MINER_HARDWARE,0.1,0.0,False,600.0,10000.0,1666.6666666666667,100.0,10000.0,17,14,3,4855.619999999907,995144.3800000007,0.0,8092700,0,10437005.800000004,2.899168277777779,1.2901298836111117,0.2070834484126985,2.182585714285714,0.48556199999999067,0.8235294117647058,1000000.0000000006,40,2e-06,False
100,1000000,INDEPENDENT_HEADERS_EQUAL_TOTAL_BUDGET,FIXED_SLOT_IDLE,H2_FIXED_PER_MINER_HARDWARE,0.1,0.0,False,600.0,10000.0,1666.6666666666667,100.0,10000.0,17,16,1,4082.820000000037,995917.1800000009,0.0,6804700,0,10367453.800000004,2.879848277777779,1.2815324836111117,0.17999051736111119,2.1767624999999997,0.40828200000000375,0.9411764705882353,1000000.0000000009,42,2e-06,False
100,1000000,INDEPENDENT_HEADERS_EQUAL_TOTAL_BUDGET,FIXED_SLOT_IDLE,H2_FIXED_PER_MINER_HARDWARE,0.1,0.0,False,600.0,10000.0,1666.6666666666667,100.0,10000.0,17,17,0,3078.300000000069,996921.6999999976,0.0,5130500,0,10277047.000000006,2.8547352777777792,1.2703571986111117,0.16792560457516348,1.810764705882353,0.3078300000000069,1.0,999999.9999999977,43,2e-06,False
100,1000000,INDEPENDENT_HEADERS_EQUAL_TOTAL_BUDGET,FIXED_SLOT_IDLE,H2_FIXED_PER_MINER_HARDWARE,0.1,0.0,False,600.0,10000.0,1666.6666666666667,100.0,10000.0,17,16,1,3365.87999999997,996634.1200000017,0.0,5609800,0,10302929.200000001,2.861924777777778,1.2735565261111113,0.17887029861111112,1.728675,0.33658799999999706,0.9411764705882353,1000000.0000000017,45,2e-06,False
100,1000000,INDEPENDENT_HEADERS_EQUAL_TOTAL_BUDGET,FIXED_SLOT_IDLE,H2_FIXED_PER_MINER_HARDWARE,0.1,0.0,False,600.0,10000.0,1666.6666666666667,100.0,10000.0,17,17,0,2200.5599999999463,997799.439999999,0.0,3667600,0,10198050.399999993,2.832791777777776,1.2605923411111102,0.1666348104575162,1.2944470588235293,0.22005599999999462,1.0,999999.999999999,44,2e-06,False
100,1000000,INDEPENDENT_HEADERS_EQUAL_TOTAL_BUDGET,FIXED_SLOT_IDLE,H2_FIXED_PER_MINER_HARDWARE,0.1,0.0,False,600.0,10000.0,1666.6666666666667,100.0,10000.0,17,12,5,4970.939999999976,995029.059999998,0.0,8284900,0,10447384.60000001,2.902051277777781,1.2914128186111125,0.24183760648148175,1.6424500000000002,0.4970939999999976,0.7058823529411765,999999.9999999979,47,2e-06,False
100,1000000,INDEPENDENT_HEADERS_EQUAL_TOTAL_BUDGET,FIXED_SLOT_IDLE,H2_FIXED_PER_MINER_HARDWARE,0.1,0.0,False,600.0,10000.0,1666.6666666666667,100.0,10000.0,17,12,5,4586.339999999784,995413.6599999992,0.0,7643900,0,10412770.600000005,2.892436277777779,1.2871341436111117,0.24103635648148158,1.32195,0.45863399999997834,0.7058823529411765,999999.999999999,48,2e-06,False
100,1000000,INDEPENDENT_HEADERS_EQUAL_TOTAL_BUDGET,FIXED_SLOT_IDLE,H2_FIXED_PER_MINER_HARDWARE,0.1,0.0,False,600.0,10000.0,1666.6666666666667,100.0,10000.0,17,15,2,3712.499999999863,996287.5000000001,0.0,6187500,0,10334124.999999998,2.870590277777777,1.2774126736111109,0.19137268518518516,1.6750000000000005,0.3712499999999863,0.8823529411764706,1000000.0,46,2e-06,False
100,1000000,INDEPENDENT_HEADERS_EQUAL_TOTAL_BUDGET,FIXED_SLOT_IDLE,H2_FIXED_PER_MINER_HARDWARE,0.1,0.0,False,600.0,10000.0,1666.6666666666667,100.0,10000.0,17,17,0,2852.8800000002166,997147.1200000006,0.0,4754800,0,10256759.200000016,2.849099777777782,1.267849401111113,0.16759410457516366,1.6781647058823532,0.28528800000002164,1.0,1000000.0000000008,49,2e-06,False
100,1000000,INDEPENDENT_HEADERS_EQUAL_TOTAL_BUDGET,FIXED_SLOT_IDLE,H2_FIXED_PER_MINER_HARDWARE,0.1,0.0,False,600.0,10000.0,1666.6666666666667,100.0,10000.0,17,13,4,4189.020000000062,995810.9799999984,0.0,6981700,0,10377011.80000001,2.8825032777777806,1.2827139586111125,0.2217310213675216,1.3761692307692308,0.4189020000000062,0.7647058823529411,999999.9999999984,50,2e-06,False
100,1000000,INDEPENDENT_HEADERS_EQUAL_TOTAL_BUDGET,FIXED_SLOT_IDLE,H2_FIXED_PER_MINER_HARDWARE,0.1,0.0,False,600.0,10000.0,1666.6666666666667,100.0,10000.0,17,15,2,3271.679999999925,996728.3199999977,0.0,5452800,0,10294451.200000005,2.859569777777779,1.2725085511111116,0.19063798518518527,1.38112,0.32716799999999246,0.8823529411764706,999999.9999999977,51,2e-06,False
100,1000000,INDEPENDENT_HEADERS_EQUAL_TOTAL_BUDGET,FIXED_SLOT_IDLE,H2_FIXED_PER_MINER_HARDWARE,0.1,0.0,False,600.0,10000.0,1666.6666666666667,100.0,10000.0,17,14,3,4876.020000000053,995123.9799999988,0.0,8126700,0,10438841.799999978,2.8996782777777717,1.2903568336111084,0.20711987698412654,2.197157142857143,0.4876020000000053,0.8235294117647058,999999.9999999988,52,2e-06,False
100,1000000,INDEPENDENT_HEADERS_EQUAL_TOTAL_BUDGET,FIXED_SLOT_IDLE,H2_FIXED_PER_MINER_HARDWARE,0.1,0.0,False,600.0,10000.0,1666.6666666666667,100.0,10000.0,17,14,3,5228.219999999928,994771.779999999,0.0,8713700,0,10470539.800000003,2.9084832777777785,1.2942750586111114,0.2077488055555556,2.448728571428571,0.5228219999999928,0.8235294117647058,999999.999999999,53,2e-06,False
100,1000000,INDEPENDENT_HEADERS_EQUAL_TOTAL_BUDGET,FIXED_SLOT_IDLE,H2_FIXED_PER_MINER_HARDWARE,0.1,0.0,False,600.0,10000.0,1666.6666666666667,100.0,10000.0,17,14,3,4460.939999999987,995539.0600000018,0.0,7434900,0,10401484.60000001,2.889301277777781,1.2857390686111125,0.20637866269841293,1.9006714285714283,0.44609399999999866,0.8235294117647058,1000000.0000000017,54,2e-06,False
100,1000000,INDEPENDENT_HEADERS_EQUAL_TOTAL_BUDGET,FIXED_SLOT_IDLE,H2_FIXED_PER_MINER_HARDWARE,0.1,0.0,False,600.0,10000.0,1666.6666666666667,100.0,10000.0,17,14,3,4929.959999999882,995070.039999998,0.0,8216600,0,10443696.399999974,2.9010267777777705,1.2909569161111079,0.2072161984126979,2.2356857142857143,0.49299599999998817,0.8235294117647058,999999.9999999979,60,2e-06,False
100,1000000,INDEPENDENT_HEADERS_EQUAL_TOTAL_BUDGET,FIXED_SLOT_IDLE,H2_FIXED_PER_MINER_HARDWARE,0.1,0.0,False,600.0,10000.0,1666.6666666666667,100.0,10000.0,17,15,2,5373.599999999989,994626.399999999,0.0,8956000,0,10483624.000000017,2.9121177777777825,1.2958924111111132,0.1941411851851855,2.7824000000000004,0.537359999999999,0.8823529411764706,999999.999999999,57,2e-06,False
100,1000000,INDEPENDENT_HEADERS_EQUAL_TOTAL_BUDGET,FIXED_SLOT_IDLE,H2_FIXED_PER_MINER_HARDWARE,0.1,0.0,False,600.0,10000.0,1666.6666666666667,100.0,10000.0,17,15,2,3610.3800000002107,996389.6199999984,0.0,6017300,0,10324934.200000018,2.8680372777777827,1.2762765886111134,0.1912024851851855,1.60692,0.36103800000002106,0.8823529411764706,999999.9999999986,55,2e-06,False
100,1000000,INDEPENDENT_HEADERS_EQUAL_TOTAL_BUDGET,FIXED_SLOT_IDLE,H2_FIXED_PER_MINER_HARDWARE,0.1,0.0,False,600.0,10000.0,1666.6666666666667,100.0,10000.0,17,14,3,5217.780000000048,994782.2200000023,0.0,8696300,0,10469600.200000018,2.908222277777783,1.2941589136111133,0.20773016269841307,2.441271428571429,0.5217780000000047,0.8235294117647058,1000000.0000000023,61,2e-06,False
100,1000000,INDEPENDENT_HEADERS_EQUAL_TOTAL_BUDGET,FIXED_SLOT_IDLE,H2_FIXED_PER_MINER_HARDWARE,0.1,0.0,False,600.0,10000.0,1666.6666666666667,100.0,10000.0,17,16,1,3015.0599999999636,996984.9399999978,0.0,5025100,0,10271355.399999972,2.85315427777777,1.2696536536111076,0.17832214236111063,1.5094124999999996,0.30150599999999633,0.9411764705882353,999999.9999999978,56,2e-06,False
100,1000000,INDEPENDENT_HEADERS_EQUAL_TOTAL_BUDGET,FIXED_SLOT_IDLE,H2_FIXED_PER_MINER_HARDWARE,0.1,0.0,False,600.0,10000.0,1666.6666666666667,100.0,10000.0,17,13,4,5311.6799999999785,994688.3200000016,0.0,8852800,0,10478051.200000007,2.9105697777777797,1.295203551111112,0.22388998290598305,2.239753846153846,0.5311679999999979,0.7647058823529411,1000000.0000000015,64,2e-06,False
100,1000000,INDEPENDENT_HEADERS_EQUAL_TOTAL_BUDGET,FIXED_SLOT_IDLE,H2_FIXED_PER_MINER_HARDWARE,0.1,0.0,False,600.0,10000.0,1666.6666666666667,100.0,10000.0,17,15,2,5314.499999999896,994685.4999999987,0.0,8857500,0,10478305.000000004,2.910640277777779,1.2952349236111116,0.19404268518518525,2.743,0.5314499999999897,0.8823529411764706,999999.9999999986,58,2e-06,False
100,1000000,INDEPENDENT_HEADERS_EQUAL_TOTAL_BUDGET,FIXED_SLOT_IDLE,H2_FIXED_PER_MINER_HARDWARE,0.1,0.0,False,600.0,10000.0,1666.6666666666667,100.0,10000.0,17,16,1,4621.07999999989,995378.92,0.0,7701800,0,10415897.199999984,2.8933047777777734,1.2875206261111092,0.18083154861111084,2.5131750000000004,0.46210799999998897,0.9411764705882353,999999.9999999999,62,2e-06,False
100,1000000,INDEPENDENT_HEADERS_EQUAL_TOTAL_BUDGET,FIXED_SLOT_IDLE,H2_FIXED_PER_MINER_HARDWARE,0.1,0.0,False,600.0,10000.0,1666.6666666666667,100.0,10000.0,17,13,4,5782.499999999979,994217.5000000017,0.0,9637500,0,10520424.999999998,2.9223402777777774,1.300441423611111,0.22479540598290595,2.6019230769230766,0.5782499999999979,0.7647058823529411,1000000.0000000017,65,2e-06,False
100,1000000,INDEPENDENT_HEADERS_EQUAL_TOTAL_BUDGET,FIXED_SLOT_IDLE,H2_FIXED_PER_MINER_HARDWARE,0.1,0.0,False,600.0,10000.0,1666.6666666666667,100.0,10000.0,17,14,3,4996.620000000105,995003.3799999983,0.0,8327700,0,10449695.8,2.902693277777778,1.2916985086111112,0.20733523412698412,2.2833,0.49966200000001054,0.8235294117647058,999999.9999999984,66,2e-06,False
100,1000000,INDEPENDENT_HEADERS_EQUAL_TOTAL_BUDGET,FIXED_SLOT_IDLE,H2_FIXED_PER_MINER_HARDWARE,0.1,0.0,False,600.0,10000.0,1666.6666666666667,100.0,10000.0,17,14,3,5966.100000000037,994033.9000000013,0.0,9943500,0,10536949.000000017,2.9269302777777826,1.3024839736111133,0.20906644841269875,2.9757857142857143,0.5966100000000037,0.8235294117647058,1000000.0000000014,59,2e-06,False
100,1000000,INDEPENDENT_HEADERS_EQUAL_TOTAL_BUDGET,FIXED_SLOT_IDLE,H2_FIXED_PER_MINER_HARDWARE,0.1,0.0,False,600.0,10000.0,1666.6666666666667,100.0,10000.0,17,15,2,5544.7200000000175,994455.2799999977,0.0,9241200,0,10499024.799999982,2.916395777777773,1.2977961211111089,0.19442638518518487,2.8964799999999995,0.5544720000000017,0.8823529411764706,999999.9999999977,63,2e-06,False
100,1000000,INDEPENDENT_HEADERS_EQUAL_TOTAL_BUDGET,FIXED_SLOT_IDLE,H2_FIXED_PER_MINER_HARDWARE,0.1,0.0,False,600.0,10000.0,1666.6666666666667,100.0,10000.0,17,16,1,2972.040000000049,997027.9600000007,0.0,4953400,0,10267483.599999994,2.852078777777776,1.2691750561111104,0.178254923611111,1.482525,0.2972040000000049,0.9411764705882353,1000000.0000000007,67,2e-06,False
100,1000000,INDEPENDENT_HEADERS_EQUAL_TOTAL_BUDGET,FIXED_SLOT_IDLE,H2_FIXED_PER_MINER_HARDWARE,0.1,0.0,False,600.0,10000.0,1666.6666666666667,100.0,10000.0,17,16,1,3725.5799999999904,996274.4199999982,0.0,6209300,0,10335302.19999999,2.870917277777775,1.2775581886111098,0.17943232986111093,1.9534875,0.372557999999999,0.9411764705882353,999999.9999999981,68,2e-06,False
100,1000000,INDEPENDENT_HEADERS_EQUAL_TOTAL_BUDGET,FIXED_SLOT_IDLE,H2_FIXED_PER_MINER_HARDWARE,0.1,0.0,False,600.0,10000.0,1666.6666666666667,100.0,10000.0,17,14,3,4640.820000000113,995359.1800000023,0.0,7734700,0,10417673.799999995,2.8937982777777767,1.2877402336111106,0.2066998769841269,2.0291571428571427,0.4640820000000114,0.8235294117647058,1000000.0000000023,70,2e-06,False
100,1000000,INDEPENDENT_HEADERS_EQUAL_TOTAL_BUDGET,FIXED_SLOT_IDLE,H2_FIXED_PER_MINER_HARDWARE,0.1,0.0,False,600.0,10000.0,1666.6666666666667,100.0,10000.0,17,14,3,4047.9599999997877,995952.0400000014,0.0,6746600,0,10364316.399999969,2.878976777777769,1.2811446661111072,0.2056411984126978,1.6056857142857142,0.40479599999997873,0.8235294117647058,1000000.0000000012,72,2e-06,False
100,1000000,INDEPENDENT_HEADERS_EQUAL_TOTAL_BUDGET,FIXED_SLOT_IDLE,H2_FIXED_PER_MINER_HARDWARE,0.1,0.0,False,600.0,10000.0,1666.6666666666667,100.0,10000.0,17,15,2,4354.199999999981,995645.7999999986,0.0,7257000,0,10391877.999999993,2.8866327777777756,1.28455158611111,0.19244218518518505,2.1028,0.4354199999999981,0.8823529411764706,999999.9999999986,71,2e-06,False
100,1000000,INDEPENDENT_HEADERS_EQUAL_TOTAL_BUDGET,FIXED_SLOT_IDLE,H2_FIXED_PER_MINER_HARDWARE,0.1,0.0,False,600.0,10000.0,1666.6666666666667,100.0,10000.0,17,14,3,5371.979999999988,994628.0200000013,0.0,8953300,0,10483478.19999998,2.9120772777777724,1.2958743886111088,0.20800551984126944,2.551414285714286,0.5371979999999987,0.8235294117647058,1000000.0000000013,69,2e-06,False
100,1000000,INDEPENDENT_HEADERS_EQUAL_TOTAL_BUDGET,FIXED_SLOT_IDLE,H2_FIXED_PER_MINER_HARDWARE,0.1,0.0,False,600.0,10000.0,1666.6666666666667,100.0,10000.0,17,16,1,3616.679999999996,996383.3199999995,0.0,6027800,0,10325501.200000007,2.8681947777777794,1.276346676111112,0.17926217361111121,1.8854250000000001,0.3616679999999996,0.9411764705882353,999999.9999999995,75,2e-06,False
100,1000000,INDEPENDENT_HEADERS_EQUAL_TOTAL_BUDGET,FIXED_SLOT_IDLE,H2_FIXED_PER_MINER_HARDWARE,0.1,0.0,False,600.0,10000.0,1666.6666666666667,100.0,10000.0,17,14,3,5603.8200000000215,994396.1800000019,0.0,9339700,0,10504343.799999988,2.9178732777777743,1.2984536086111096,0.20841951984126958,2.7170142857142854,0.560382000000002,0.8235294117647058,1000000.000000002,73,2e-06,False
100,1000000,INDEPENDENT_HEADERS_EQUAL_TOTAL_BUDGET,FIXED_SLOT_IDLE,H2_FIXED_PER_MINER_HARDWARE,0.1,0.0,False,600.0,10000.0,1666.6666666666667,100.0,10000.0,17,15,2,4472.460000000267,995527.5400000013,0.0,7454100,0,10402521.400000026,2.889589277777785,1.2858672286111144,0.19263928518518567,2.1816400000000002,0.44724600000002673,0.8823529411764706,1000000.0000000016,74,2e-06,False
100,1000000,INDEPENDENT_HEADERS_EQUAL_TOTAL_BUDGET,FIXED_SLOT_IDLE,H2_FIXED_PER_MINER_HARDWARE,0.1,0.0,False,600.0,10000.0,1666.6666666666667,100.0,10000.0,17,13,4,4879.980000000169,995120.0199999986,0.0,8133300,0,10439198.200000018,2.899777277777783,1.2904008886111134,0.22305979059829098,1.9076769230769228,0.48799800000001686,0.7647058823529411,999999.9999999988,76,2e-06,False
100,1000000,INDEPENDENT_HEADERS_EQUAL_TOTAL_BUDGET,FIXED_SLOT_IDLE,H2_FIXED_PER_MINER_HARDWARE,0.1,0.0,False,600.0,10000.0,1666.6666666666667,100.0,10000.0,17,16,1,4250.160000000018,995749.8400000016,0.0,7083600,0,10382514.4,2.884031777777778,1.2833941411111112,0.18025198611111112,2.2813499999999993,0.4250160000000018,0.9411764705882353,1000000.0000000016,77,2e-06,False
100,1000000,INDEPENDENT_HEADERS_EQUAL_TOTAL_BUDGET,FIXED_SLOT_IDLE,H2_FIXED_PER_MINER_HARDWARE,0.1,0.0,False,600.0,10000.0,1666.6666666666667,100.0,10000.0,17,17,0,3334.5600000002246,996665.4399999998,0.0,5557600,0,10300110.400000026,2.8611417777777852,1.2732080911111145,0.16830245751634032,1.961505882352941,0.33345600000002246,1.0,1000000.0,78,2e-06,False
100,1000000,INDEPENDENT_HEADERS_EQUAL_TOTAL_BUDGET,FIXED_SLOT_IDLE,H2_FIXED_PER_MINER_HARDWARE,0.1,0.0,False,600.0,10000.0,1666.6666666666667,100.0,10000.0,17,15,2,3947.1600000001313,996052.8399999981,0.0,6578600,0,10355244.400000015,2.876456777777782,1.280023266111113,0.19176378518518547,1.8314400000000002,0.39471600000001317,0.8823529411764706,999999.9999999983,79,2e-06,False
100,1000000,INDEPENDENT_HEADERS_EQUAL_TOTAL_BUDGET,FIXED_SLOT_IDLE,H2_FIXED_PER_MINER_HARDWARE,0.1,0.0,False,600.0,10000.0,1666.6666666666667,100.0,10000.0,17,15,2,4475.820000000237,995524.1799999984,0.0,7459700,0,10402823.800000004,2.889673277777779,1.2859046086111117,0.19264488518518527,2.1838800000000003,0.4475820000000237,0.8823529411764706,999999.9999999986,81,2e-06,False
100,1000000,INDEPENDENT_HEADERS_EQUAL_TOTAL_BUDGET,FIXED_SLOT_IDLE,H2_FIXED_PER_MINER_HARDWARE,0.1,0.0,False,600.0,10000.0,1666.6666666666667,100.0,10000.0,17,15,2,3656.279999999791,996343.720000002,0.0,6093800,0,10329065.199999996,2.8691847777777766,1.2767872261111106,0.1912789851851851,1.6375199999999996,0.3656279999999791,0.8823529411764706,1000000.0000000017,82,2e-06,False
100,1000000,INDEPENDENT_HEADERS_EQUAL_TOTAL_BUDGET,FIXED_SLOT_IDLE,H2_FIXED_PER_MINER_HARDWARE,0.1,0.0,False,600.0,10000.0,1666.6666666666667,100.0,10000.0,17,15,2,4627.800000000015,995372.199999998,0.0,7713000,0,10416501.999999974,2.8934727777777707,1.287595386111108,0.1928981851851847,2.2852,0.46278000000000147,0.8823529411764706,999999.999999998,80,2e-06,False
100,1000000,INDEPENDENT_HEADERS_EQUAL_TOTAL_BUDGET,FIXED_SLOT_IDLE,H2_FIXED_PER_MINER_HARDWARE,0.1,0.0,False,600.0,10000.0,1666.6666666666667,100.0,10000.0,17,13,4,4390.140000000025,995609.8600000018,0.0,7316900,0,10395112.600000015,2.8875312777777817,1.2849514186111128,0.2221177905982909,1.530876923076923,0.4390140000000025,0.7647058823529411,1000000.0000000019,83,2e-06,False
100,1000000,INDEPENDENT_HEADERS_EQUAL_TOTAL_BUDGET,FIXED_SLOT_IDLE,H2_FIXED_PER_MINER_HARDWARE,0.1,0.0,False,600.0,10000.0,1666.6666666666667,100.0,10000.0,17,16,1,3258.419999999785,996741.5799999983,0.0,5430700,0,10293257.799999977,2.8592382777777714,1.2723610336111082,0.1787023923611107,1.6615124999999997,0.32584199999997854,0.9411764705882353,999999.9999999981,84,2e-06,False
100,1000000,INDEPENDENT_HEADERS_EQUAL_TOTAL_BUDGET,FIXED_SLOT_IDLE,H2_FIXED_PER_MINER_HARDWARE,0.1,0.0,False,600.0,10000.0,1666.6666666666667,100.0,10000.0,17,16,1,3748.14,996251.8599999981,0.0,6246900,0,10337332.6,2.871481277777778,1.2778091686111113,0.17946757986111112,1.9675874999999998,0.374814,0.9411764705882353,999999.9999999981,85,2e-06,False
100,1000000,INDEPENDENT_HEADERS_EQUAL_TOTAL_BUDGET,FIXED_SLOT_IDLE,H2_FIXED_PER_MINER_HARDWARE,0.1,0.0,False,600.0,10000.0,1666.6666666666667,100.0,10000.0,17,14,3,4869.719999999962,995130.2799999977,0.0,8116200,0,10438274.799999982,2.8995207777777727,1.290286746111109,0.20710862698412663,2.192657142857143,0.48697199999999624,0.8235294117647058,999999.9999999977,86,2e-06,False
100,1000000,INDEPENDENT_HEADERS_EQUAL_TOTAL_BUDGET,FIXED_SLOT_IDLE,H2_FIXED_PER_MINER_HARDWARE,0.1,0.0,False,600.0,10000.0,1666.6666666666667,100.0,10000.0,17,11,6,5474.820000000154,994525.1799999977,0.0,9124700,0,10492733.800000012,2.914648277777781,1.2970184836111125,0.26496802525252555,1.7043818181818187,0.5474820000000155,0.6470588235294118,999999.9999999979,87,2e-06,False
100,1000000,INDEPENDENT_HEADERS_EQUAL_TOTAL_BUDGET,FIXED_SLOT_IDLE,H2_FIXED_PER_MINER_HARDWARE,0.1,0.0,False,600.0,10000.0,1666.6666666666667,100.0,10000.0,17,12,5,5444.16000000002,994555.8399999987,0.0,9073600,0,10489974.400000015,2.913881777777782,1.2966773911111131,0.24282348148148183,2.0368,0.544416000000002,0.7058823529411765,999999.9999999987,89,2e-06,False
100,1000000,INDEPENDENT_HEADERS_EQUAL_TOTAL_BUDGET,FIXED_SLOT_IDLE,H2_FIXED_PER_MINER_HARDWARE,0.1,0.0,False,600.0,10000.0,1666.6666666666667,100.0,10000.0,17,17,0,4342.379999999834,995657.6200000008,0.0,7237300,0,10390814.199999979,2.886337277777772,1.2844200886111086,0.16978454575163365,2.5543411764705883,0.43423799999998336,1.0,1000000.0000000007,90,2e-06,False
100,1000000,INDEPENDENT_HEADERS_EQUAL_TOTAL_BUDGET,FIXED_SLOT_IDLE,H2_FIXED_PER_MINER_HARDWARE,0.1,0.0,False,600.0,10000.0,1666.6666666666667,100.0,10000.0,17,15,2,3447.2399999999234,996552.7600000022,0.0,5745400,0,10310251.600000001,2.8639587777777784,1.2744616561111115,0.19093058518518521,1.49816,0.3447239999999923,0.8823529411764706,1000000.0000000021,88,2e-06,False
100,1000000,INDEPENDENT_HEADERS_EQUAL_TOTAL_BUDGET,FIXED_SLOT_IDLE,H2_FIXED_PER_MINER_HARDWARE,0.1,0.0,False,600.0,10000.0,1666.6666666666667,100.0,10000.0,17,16,1,3927.7199999999116,996072.2799999991,0.0,6546200,0,10353494.800000004,2.875970777777779,1.2798069961111118,0.1797481736111112,2.0798249999999996,0.39277199999999113,0.9411764705882353,999999.999999999,92,2e-06,False
100,1000000,INDEPENDENT_HEADERS_EQUAL_TOTAL_BUDGET,FIXED_SLOT_IDLE,H2_FIXED_PER_MINER_HARDWARE,0.1,0.0,False,600.0,10000.0,1666.6666666666667,100.0,10000.0,17,16,1,3411.4800000000746,996588.5200000012,0.0,5685800,0,10307033.200000025,2.863064777777785,1.2740638261111144,0.17894154861111156,1.7571750000000002,0.34114800000000745,0.9411764705882353,1000000.0000000013,91,2e-06,False
100,1000000,INDEPENDENT_HEADERS_EQUAL_TOTAL_BUDGET,FIXED_SLOT_IDLE,H2_FIXED_PER_MINER_HARDWARE,0.1,0.0,False,600.0,10000.0,1666.6666666666667,100.0,10000.0,17,13,4,4429.859999999829,995570.1400000014,0.0,7383100,0,10398687.399999985,2.8885242777777735,1.2853933036111092,0.22219417521367488,1.561430769230769,0.4429859999999829,0.7647058823529411,1000000.0000000013,93,2e-06,False
100,1000000,INDEPENDENT_HEADERS_EQUAL_TOTAL_BUDGET,FIXED_SLOT_IDLE,H2_FIXED_PER_MINER_HARDWARE,0.1,0.0,False,600.0,10000.0,1666.6666666666667,100.0,10000.0,17,16,1,4021.9200000000797,995978.0799999979,0.0,6703200,0,10361972.80000001,2.8783257777777806,1.2808549711111124,0.1798953611111113,2.138699999999999,0.402192000000008,0.9411764705882353,999999.9999999979,95,2e-06,False
100,1000000,INDEPENDENT_HEADERS_EQUAL_TOTAL_BUDGET,FIXED_SLOT_IDLE,H2_FIXED_PER_MINER_HARDWARE,0.1,0.0,False,600.0,10000.0,1666.6666666666667,100.0,10000.0,17,16,1,3088.7400000000403,996911.2599999994,0.0,5147900,0,10277986.60000002,2.8549962777777833,1.2704733436111135,0.17843726736111146,1.5554624999999997,0.30887400000000403,0.9411764705882353,999999.9999999994,94,2e-06,False
100,1000000,INDEPENDENT_HEADERS_EQUAL_TOTAL_BUDGET,FIXED_SLOT_IDLE,H2_FIXED_PER_MINER_HARDWARE,0.1,0.0,False,600.0,10000.0,1666.6666666666667,100.0,10000.0,17,14,3,5532.84000000013,994467.16,0.0,9221400,0,10497955.599999992,2.916098777777776,1.2976639561111103,0.2082927698412697,2.6663142857142854,0.553284000000013,0.8235294117647058,1000000.0000000001,96,2e-06,False
100,1000000,INDEPENDENT_HEADERS_EQUAL_TOTAL_BUDGET,FIXED_SLOT_IDLE,H2_FIXED_PER_MINER_HARDWARE,0.1,0.0,False,600.0,10000.0,1666.6666666666667,100.0,10000.0,17,16,1,3183.899999999918,996816.0999999988,0.0,5306500,0,10286550.999999981,2.8573752777777726,1.2715319986111089,0.17858595486111078,1.6149375000000001,0.3183899999999918,0.9411764705882353,999999.9999999987,97,2e-06,False
100,1000000,INDEPENDENT_HEADERS_EQUAL_TOTAL_BUDGET,FIXED_SLOT_IDLE,H2_FIXED_PER_MINER_HARDWARE,0.1,0.0,False,600.0,10000.0,1666.6666666666667,100.0,10000.0,17,16,1,3343.1400000000876,996656.8599999999,0.0,5571900,0,10300882.600000003,2.861356277777779,1.2733035436111115,0.17883476736111117,1.7144624999999996,0.33431400000000877,0.9411764705882353,1000000.0,98,2e-06,False
100,1000000,INDEPENDENT_HEADERS_EQUAL_TOTAL_BUDGET,FIXED_SLOT_IDLE,H2_FIXED_PER_MINER_HARDWARE,0.1,0.0,False,600.0,10000.0,1666.6666666666667,100.0,10000.0,17,15,2,3034.259999999828,996965.7400000019,0.0,5057100,0,10273083.399999999,2.8536342777777772,1.2698672536111109,0.19024228518518516,1.22284,0.30342599999998277,0.8823529411764706,1000000.0000000016,99,2e-06,False
100,1000000,INDEPENDENT_HEADERS_FULL_PER_MINER_BUDGET,FIXED_SLOT_IDLE,H2_FIXED_PER_MINER_HARDWARE,0.1,0.0,False,600.0,10000.0,1666.6666666666667,100.0,10000.0,17,17,0,4093.799999999976,995906.2000000011,0.0,6823000,0,10368441.999999994,2.880122777777776,1.2816546361111103,0.16941898692810448,2.4081176470588233,0.40937999999999763,1.0,1000000.000000001,1,2e-06,False
100,1000000,INDEPENDENT_HEADERS_FULL_PER_MINER_BUDGET,FIXED_SLOT_IDLE,H2_FIXED_PER_MINER_HARDWARE,0.1,0.0,False,600.0,10000.0,1666.6666666666667,100.0,10000.0,17,17,0,4601.339999999901,995398.6599999976,0.0,7668900,0,10414120.600000009,2.8928112777777804,1.2873010186111122,0.1701653692810459,2.706670588235294,0.4601339999999901,1.0,999999.9999999974,0,2e-06,False
100,1000000,INDEPENDENT_HEADERS_FULL_PER_MINER_BUDGET,FIXED_SLOT_IDLE,H2_FIXED_PER_MINER_HARDWARE,0.1,0.0,False,600.0,10000.0,1666.6666666666667,100.0,10000.0,17,17,0,5623.199999999939,994376.8000000016,0.0,9372000,0,10506088.00000001,2.9183577777777803,1.2986692111111122,0.17166810457516354,3.3077647058823527,0.5623199999999939,1.0,1000000.0000000015,2,2e-06,False
100,1000000,INDEPENDENT_HEADERS_FULL_PER_MINER_BUDGET,FIXED_SLOT_IDLE,H2_FIXED_PER_MINER_HARDWARE,0.1,0.0,False,600.0,10000.0,1666.6666666666667,100.0,10000.0,17,17,0,4780.500000000211,995219.4999999978,0.0,7967500,0,10430245.000000037,2.8972902777777882,1.2892941736111159,0.17042883986928167,2.8120588235294113,0.47805000000002107,1.0,999999.999999998,3,2e-06,False
100,1000000,INDEPENDENT_HEADERS_FULL_PER_MINER_BUDGET,FIXED_SLOT_IDLE,H2_FIXED_PER_MINER_HARDWARE,0.1,0.0,False,600.0,10000.0,1666.6666666666667,100.0,10000.0,17,17,0,6177.119999999824,993822.8800000016,0.0,10295200,0,10555940.799999984,2.9322057777777735,1.3048315711111091,0.17248269281045725,3.6335999999999995,0.6177119999999824,1.0,1000000.0000000015,4,2e-06,False
100,1000000,INDEPENDENT_HEADERS_FULL_PER_MINER_BUDGET,FIXED_SLOT_IDLE,H2_FIXED_PER_MINER_HARDWARE,0.1,0.0,False,600.0,10000.0,1666.6666666666667,100.0,10000.0,17,17,0,4632.83999999982,995367.1600000001,0.0,7721400,0,10416955.599999985,2.8935987777777736,1.2876514561111092,0.17021169281045728,2.7251999999999996,0.463283999999982,1.0,1000000.0,6,2e-06,False
100,1000000,INDEPENDENT_HEADERS_FULL_PER_MINER_BUDGET,FIXED_SLOT_IDLE,H2_FIXED_PER_MINER_HARDWARE,0.1,0.0,False,600.0,10000.0,1666.6666666666667,100.0,10000.0,17,17,0,3945.5999999999317,996054.3999999996,0.0,6576000,0,10355103.999999985,2.8764177777777737,1.2800059111111093,0.16920104575163375,2.320941176470588,0.3945599999999932,1.0,999999.9999999995,5,2e-06,False
100,1000000,INDEPENDENT_HEADERS_FULL_PER_MINER_BUDGET,FIXED_SLOT_IDLE,H2_FIXED_PER_MINER_HARDWARE,0.1,0.0,False,600.0,10000.0,1666.6666666666667,100.0,10000.0,17,17,0,4110.480000000053,995889.520000002,0.0,6850800,0,10369943.200000005,2.8805397777777793,1.2818402011111119,0.16944351633986937,2.417929411764706,0.4110480000000053,1.0,1000000.0000000021,7,2e-06,False
100,1000000,INDEPENDENT_HEADERS_FULL_PER_MINER_BUDGET,FIXED_SLOT_IDLE,H2_FIXED_PER_MINER_HARDWARE,0.1,0.0,False,600.0,10000.0,1666.6666666666667,100.0,10000.0,17,17,0,5162.100000000157,994837.8999999982,0.0,8603500,0,10464589.000000041,2.906830277777789,1.293539473611116,0.17099001633986993,3.0365294117647066,0.5162100000000157,1.0,999999.9999999984,8,2e-06,False
100,1000000,INDEPENDENT_HEADERS_FULL_PER_MINER_BUDGET,FIXED_SLOT_IDLE,H2_FIXED_PER_MINER_HARDWARE,0.1,0.0,False,600.0,10000.0,1666.6666666666667,100.0,10000.0,17,17,0,7607.160000000181,992392.8399999982,0.0,12678600,0,10684644.400000013,2.9679567777777813,1.3207407661111128,0.17458569281045772,4.474799999999999,0.760716000000018,1.0,999999.9999999984,9,2e-06,False
100,1000000,INDEPENDENT_HEADERS_FULL_PER_MINER_BUDGET,FIXED_SLOT_IDLE,H2_FIXED_PER_MINER_HARDWARE,0.1,0.0,False,600.0,10000.0,1666.6666666666667,100.0,10000.0,17,17,0,4781.040000000059,995218.9600000014,0.0,7968400,0,10430293.600000009,2.8973037777777804,1.2893001811111122,0.17042963398692826,2.8123764705882355,0.4781040000000059,1.0,1000000.0000000014,11,2e-06,False
100,1000000,INDEPENDENT_HEADERS_FULL_PER_MINER_BUDGET,FIXED_SLOT_IDLE,H2_FIXED_PER_MINER_HARDWARE,0.1,0.0,False,600.0,10000.0,1666.6666666666667,100.0,10000.0,17,17,0,4456.620000000171,995543.3799999999,0.0,7427700,0,10401095.800000038,2.8891932777777884,1.285691008611116,0.16995254575163463,2.6215411764705876,0.4456620000000171,1.0,1000000.0000000001,10,2e-06,False
100,1000000,INDEPENDENT_HEADERS_FULL_PER_MINER_BUDGET,FIXED_SLOT_IDLE,H2_FIXED_PER_MINER_HARDWARE,0.1,0.0,False,600.0,10000.0,1666.6666666666667,100.0,10000.0,17,17,0,5537.820000000167,994462.1799999988,0.0,9229700,0,10498403.800000008,2.91622327777778,1.297719358611112,0.1715425457516341,3.2575411764705873,0.5537820000000168,1.0,999999.999999999,13,2e-06,False
100,1000000,INDEPENDENT_HEADERS_FULL_PER_MINER_BUDGET,FIXED_SLOT_IDLE,H2_FIXED_PER_MINER_HARDWARE,0.1,0.0,False,600.0,10000.0,1666.6666666666667,100.0,10000.0,17,17,0,7004.09999999999,992995.9000000008,0.0,11673500,0,10630368.999999966,2.9528802777777683,1.314031723611107,0.17369883986928047,4.120058823529412,0.7004099999999991,1.0,1000000.0000000008,14,2e-06,False
100,1000000,INDEPENDENT_HEADERS_FULL_PER_MINER_BUDGET,FIXED_SLOT_IDLE,H2_FIXED_PER_MINER_HARDWARE,0.1,0.0,False,600.0,10000.0,1666.6666666666667,100.0,10000.0,17,17,0,6841.8599999998405,993158.1400000018,0.0,11403100,0,10615767.39999999,2.9488242777777747,1.3122268036111098,0.17346025163398673,4.024623529411763,0.6841859999999841,1.0,1000000.0000000016,12,2e-06,False
100,1000000,INDEPENDENT_HEADERS_FULL_PER_MINER_BUDGET,FIXED_SLOT_IDLE,H2_FIXED_PER_MINER_HARDWARE,0.1,0.0,False,600.0,10000.0,1666.6666666666667,100.0,10000.0,17,17,0,3965.580000000179,996034.420000002,0.0,6609300,0,10356902.200000003,2.8769172777777787,1.2802281886111115,0.16923042810457523,2.3326941176470584,0.39655800000001795,1.0,1000000.0000000022,15,2e-06,False
100,1000000,INDEPENDENT_HEADERS_FULL_PER_MINER_BUDGET,FIXED_SLOT_IDLE,H2_FIXED_PER_MINER_HARDWARE,0.1,0.0,False,600.0,10000.0,1666.6666666666667,100.0,10000.0,17,17,0,5355.779999999968,994644.220000002,0.0,8926300,0,10482020.199999977,2.9116722777777713,1.2956941636111083,0.17127483986928066,3.1504588235294118,0.5355779999999968,1.0,1000000.0000000019,16,2e-06,False
100,1000000,INDEPENDENT_HEADERS_FULL_PER_MINER_BUDGET,FIXED_SLOT_IDLE,H2_FIXED_PER_MINER_HARDWARE,0.1,0.0,False,600.0,10000.0,1666.6666666666667,100.0,10000.0,17,17,0,5446.7399999998315,994553.2600000012,0.0,9077900,0,10490206.59999997,2.9139462777777694,1.2967060936111074,0.1714086045751629,3.2039647058823526,0.5446739999999831,1.0,1000000.000000001,19,2e-06,False
100,1000000,INDEPENDENT_HEADERS_FULL_PER_MINER_BUDGET,FIXED_SLOT_IDLE,H2_FIXED_PER_MINER_HARDWARE,0.1,0.0,False,600.0,10000.0,1666.6666666666667,100.0,10000.0,17,17,0,8314.799999999945,991685.1999999984,0.0,13858000,0,10748332.000000013,2.9856477777777815,1.3286132611111128,0.17562633986928125,4.89105882352941,0.8314799999999944,1.0,999999.9999999984,18,2e-06,False
100,1000000,INDEPENDENT_HEADERS_FULL_PER_MINER_BUDGET,FIXED_SLOT_IDLE,H2_FIXED_PER_MINER_HARDWARE,0.1,0.0,False,600.0,10000.0,1666.6666666666667,100.0,10000.0,17,17,0,4437.420000000103,995562.5800000014,0.0,7395700,0,10399367.800000008,2.88871327777778,1.285477408611112,0.16992431045751646,2.6102470588235294,0.4437420000000103,1.0,1000000.0000000015,17,2e-06,False
100,1000000,INDEPENDENT_HEADERS_FULL_PER_MINER_BUDGET,FIXED_SLOT_IDLE,H2_FIXED_PER_MINER_HARDWARE,0.1,0.0,False,600.0,10000.0,1666.6666666666667,100.0,10000.0,17,17,0,5098.620000000175,994901.3799999981,0.0,8497700,0,10458875.800000006,2.9052432777777795,1.292833258611112,0.17089666339869292,2.9991882352941173,0.5098620000000175,1.0,999999.9999999984,20,2e-06,False
100,1000000,INDEPENDENT_HEADERS_FULL_PER_MINER_BUDGET,FIXED_SLOT_IDLE,H2_FIXED_PER_MINER_HARDWARE,0.1,0.0,False,600.0,10000.0,1666.6666666666667,100.0,10000.0,17,17,0,2888.880000000047,997111.1200000015,0.0,4814800,0,10259999.199999997,2.8499997777777772,1.2682499011111108,0.16764704575163394,1.6993411764705881,0.2888880000000047,1.0,1000000.0000000015,22,2e-06,False
100,1000000,INDEPENDENT_HEADERS_FULL_PER_MINER_BUDGET,FIXED_SLOT_IDLE,H2_FIXED_PER_MINER_HARDWARE,0.1,0.0,False,600.0,10000.0,1666.6666666666667,100.0,10000.0,17,17,0,5433.119999999989,994566.8799999991,0.0,9055200,0,10488980.800000014,2.9136057777777817,1.2965545711111128,0.17138857516339892,3.19595294117647,0.5433119999999989,1.0,999999.9999999991,23,2e-06,False
100,1000000,INDEPENDENT_HEADERS_FULL_PER_MINER_BUDGET,FIXED_SLOT_IDLE,H2_FIXED_PER_MINER_HARDWARE,0.1,0.0,False,600.0,10000.0,1666.6666666666667,100.0,10000.0,17,17,0,6508.1400000002495,993491.8599999982,0.0,10846900,0,10585732.600000013,2.9404812777777813,1.3085141686111128,0.1729694869281048,3.8283176470588227,0.6508140000000249,1.0,999999.9999999985,24,2e-06,False
100,1000000,INDEPENDENT_HEADERS_FULL_PER_MINER_BUDGET,FIXED_SLOT_IDLE,H2_FIXED_PER_MINER_HARDWARE,0.1,0.0,False,600.0,10000.0,1666.6666666666667,100.0,10000.0,17,17,0,5701.080000000026,994298.9199999982,0.0,9501800,0,10513097.199999986,2.920304777777774,1.2995356261111095,0.1717826339869279,3.353576470588235,0.5701080000000027,1.0,999999.9999999983,21,2e-06,False
100,1000000,INDEPENDENT_HEADERS_FULL_PER_MINER_BUDGET,FIXED_SLOT_IDLE,H2_FIXED_PER_MINER_HARDWARE,0.1,0.0,False,600.0,10000.0,1666.6666666666667,100.0,10000.0,17,17,0,6468.720000000025,993531.2799999984,0.0,10781200,0,10582184.799999999,2.9394957777777773,1.3080756211111109,0.17291151633986926,3.8051294117647063,0.6468720000000024,1.0,999999.9999999984,26,2e-06,False
100,1000000,INDEPENDENT_HEADERS_FULL_PER_MINER_BUDGET,FIXED_SLOT_IDLE,H2_FIXED_PER_MINER_HARDWARE,0.1,0.0,False,600.0,10000.0,1666.6666666666667,100.0,10000.0,17,17,0,4874.759999999888,995125.2399999999,0.0,8124600,0,10438728.399999997,2.899646777777777,1.2903428161111108,0.17056745751633984,2.8675058823529413,0.4874759999999888,1.0,999999.9999999998,25,2e-06,False
100,1000000,INDEPENDENT_HEADERS_FULL_PER_MINER_BUDGET,FIXED_SLOT_IDLE,H2_FIXED_PER_MINER_HARDWARE,0.1,0.0,False,600.0,10000.0,1666.6666666666667,100.0,10000.0,17,17,0,5280.180000000117,994719.8199999987,0.0,8800300,0,10475216.200000029,2.909782277777786,1.2948531136111148,0.1711636633986933,3.105988235294117,0.5280180000000116,1.0,999999.9999999988,27,2e-06,False
100,1000000,INDEPENDENT_HEADERS_FULL_PER_MINER_BUDGET,FIXED_SLOT_IDLE,H2_FIXED_PER_MINER_HARDWARE,0.1,0.0,False,600.0,10000.0,1666.6666666666667,100.0,10000.0,17,17,0,4140.8399999999765,995859.1600000015,0.0,6901400,0,10372675.599999985,2.8812987777777734,1.2821779561111093,0.16948816339869255,2.435788235294117,0.4140839999999977,1.0,1000000.0000000015,28,2e-06,False
100,1000000,INDEPENDENT_HEADERS_FULL_PER_MINER_BUDGET,FIXED_SLOT_IDLE,H2_FIXED_PER_MINER_HARDWARE,0.1,0.0,False,600.0,10000.0,1666.6666666666667,100.0,10000.0,17,17,0,6529.980000000188,993470.0199999986,0.0,10883300,0,10587698.200000018,2.9410272777777826,1.3087571386111132,0.17300160457516367,3.8411647058823526,0.6529980000000187,1.0,999999.9999999988,29,2e-06,False
100,1000000,INDEPENDENT_HEADERS_FULL_PER_MINER_BUDGET,FIXED_SLOT_IDLE,H2_FIXED_PER_MINER_HARDWARE,0.1,0.0,False,600.0,10000.0,1666.6666666666667,100.0,10000.0,17,17,0,4622.160000000086,995377.8399999981,0.0,7703600,0,10415994.400000012,2.893331777777781,1.2875326411111125,0.17019598692810478,2.718917647058823,0.4622160000000086,1.0,999999.9999999981,30,2e-06,False
100,1000000,INDEPENDENT_HEADERS_FULL_PER_MINER_BUDGET,FIXED_SLOT_IDLE,H2_FIXED_PER_MINER_HARDWARE,0.1,0.0,False,600.0,10000.0,1666.6666666666667,100.0,10000.0,17,17,0,7742.880000000259,992257.1200000003,0.0,12904800,0,10696859.20000002,2.971349777777783,1.3222506511111134,0.17478528104575194,4.554635294117647,0.774288000000026,1.0,1000000.0000000006,31,2e-06,False
100,1000000,INDEPENDENT_HEADERS_FULL_PER_MINER_BUDGET,FIXED_SLOT_IDLE,H2_FIXED_PER_MINER_HARDWARE,0.1,0.0,False,600.0,10000.0,1666.6666666666667,100.0,10000.0,17,17,0,4174.439999999911,995825.560000001,0.0,6957400,0,10375699.599999992,2.8821387777777754,1.2825517561111102,0.16953757516339854,2.4555529411764705,0.41744399999999116,1.0,1000000.0000000009,32,2e-06,False
100,1000000,INDEPENDENT_HEADERS_FULL_PER_MINER_BUDGET,FIXED_SLOT_IDLE,H2_FIXED_PER_MINER_HARDWARE,0.1,0.0,False,600.0,10000.0,1666.6666666666667,100.0,10000.0,17,17,0,4418.880000000171,995581.1199999998,0.0,7364800,0,10397699.200000037,2.888249777777788,1.2852711511111157,0.16989704575163458,2.5993411764705887,0.4418880000000171,1.0,999999.9999999999,33,2e-06,False
100,1000000,INDEPENDENT_HEADERS_FULL_PER_MINER_BUDGET,FIXED_SLOT_IDLE,H2_FIXED_PER_MINER_HARDWARE,0.1,0.0,False,600.0,10000.0,1666.6666666666667,100.0,10000.0,17,17,0,3734.5799999999267,996265.4199999992,0.0,6224300,0,10336112.19999997,2.871142277777769,1.2776583136111073,0.1688907222222217,2.1968117647058825,0.3734579999999927,1.0,999999.9999999992,35,2e-06,False
100,1000000,INDEPENDENT_HEADERS_FULL_PER_MINER_BUDGET,FIXED_SLOT_IDLE,H2_FIXED_PER_MINER_HARDWARE,0.1,0.0,False,600.0,10000.0,1666.6666666666667,100.0,10000.0,17,17,0,4107.600000000092,995892.3999999999,0.0,6846000,0,10369683.99999999,2.8804677777777754,1.28180816111111,0.16943928104575148,2.4162352941176475,0.4107600000000092,1.0,1000000.0,36,2e-06,False
100,1000000,INDEPENDENT_HEADERS_FULL_PER_MINER_BUDGET,FIXED_SLOT_IDLE,H2_FIXED_PER_MINER_HARDWARE,0.1,0.0,False,600.0,10000.0,1666.6666666666667,100.0,10000.0,17,17,0,5200.920000000013,994799.080000002,0.0,8668200,0,10468082.79999999,2.907800777777775,1.29397134611111,0.17104710457516323,3.059364705882353,0.5200920000000013,1.0,1000000.0000000021,34,2e-06,False
100,1000000,INDEPENDENT_HEADERS_FULL_PER_MINER_BUDGET,FIXED_SLOT_IDLE,H2_FIXED_PER_MINER_HARDWARE,0.1,0.0,False,600.0,10000.0,1666.6666666666667,100.0,10000.0,17,17,0,2908.020000000091,997091.9800000009,0.0,4846700,0,10261721.80000002,2.8504782777777833,1.2684628336111137,0.16767519281045784,1.7106,0.29080200000000905,1.0,1000000.000000001,37,2e-06,False
100,1000000,INDEPENDENT_HEADERS_FULL_PER_MINER_BUDGET,FIXED_SLOT_IDLE,H2_FIXED_PER_MINER_HARDWARE,0.1,0.0,False,600.0,10000.0,1666.6666666666667,100.0,10000.0,17,17,0,5390.880000000097,994609.1200000016,0.0,8984800,0,10485179.200000005,2.912549777777779,1.2960846511111117,0.17132645751633993,3.171105882352941,0.5390880000000098,1.0,1000000.0000000017,38,2e-06,False
100,1000000,INDEPENDENT_HEADERS_FULL_PER_MINER_BUDGET,FIXED_SLOT_IDLE,H2_FIXED_PER_MINER_HARDWARE,0.1,0.0,False,600.0,10000.0,1666.6666666666667,100.0,10000.0,17,17,0,5631.779999999898,994368.2200000015,0.0,9386300,0,10506860.199999994,2.918572277777776,1.2987646636111103,0.1716807222222221,3.3128117647058817,0.5631779999999897,1.0,1000000.0000000014,40,2e-06,False
100,1000000,INDEPENDENT_HEADERS_FULL_PER_MINER_BUDGET,FIXED_SLOT_IDLE,H2_FIXED_PER_MINER_HARDWARE,0.1,0.0,False,600.0,10000.0,1666.6666666666667,100.0,10000.0,17,17,0,6132.059999999911,993867.9400000016,0.0,10220100,0,10551885.400000012,2.9310792777777808,1.3043302786111124,0.17241642810457533,3.607094117647059,0.6132059999999911,1.0,1000000.0000000015,41,2e-06,False
100,1000000,INDEPENDENT_HEADERS_FULL_PER_MINER_BUDGET,FIXED_SLOT_IDLE,H2_FIXED_PER_MINER_HARDWARE,0.1,0.0,False,600.0,10000.0,1666.6666666666667,100.0,10000.0,17,17,0,4910.879999999988,995089.1199999984,0.0,8184800,0,10441979.200000001,2.900549777777778,1.2907446511111111,0.1706205751633987,2.8887529411764703,0.49108799999999886,1.0,999999.9999999984,39,2e-06,False
100,1000000,INDEPENDENT_HEADERS_FULL_PER_MINER_BUDGET,FIXED_SLOT_IDLE,H2_FIXED_PER_MINER_HARDWARE,0.1,0.0,False,600.0,10000.0,1666.6666666666667,100.0,10000.0,17,17,0,3078.300000000069,996921.6999999976,0.0,5130500,0,10277047.000000006,2.8547352777777792,1.2703571986111117,0.16792560457516348,1.810764705882353,0.3078300000000069,1.0,999999.9999999977,43,2e-06,False
100,1000000,INDEPENDENT_HEADERS_FULL_PER_MINER_BUDGET,FIXED_SLOT_IDLE,H2_FIXED_PER_MINER_HARDWARE,0.1,0.0,False,600.0,10000.0,1666.6666666666667,100.0,10000.0,17,17,0,2200.5599999999463,997799.439999999,0.0,3667600,0,10198050.399999993,2.832791777777776,1.2605923411111102,0.1666348104575162,1.2944470588235293,0.22005599999999462,1.0,999999.999999999,44,2e-06,False
100,1000000,INDEPENDENT_HEADERS_FULL_PER_MINER_BUDGET,FIXED_SLOT_IDLE,H2_FIXED_PER_MINER_HARDWARE,0.1,0.0,False,600.0,10000.0,1666.6666666666667,100.0,10000.0,17,17,0,4336.38000000005,995663.6199999979,0.0,7227300,0,10390274.2,2.8861872777777777,1.284353338611111,0.16977572222222223,2.550811764705882,0.433638000000005,1.0,999999.9999999979,42,2e-06,False
100,1000000,INDEPENDENT_HEADERS_FULL_PER_MINER_BUDGET,FIXED_SLOT_IDLE,H2_FIXED_PER_MINER_HARDWARE,0.1,0.0,False,600.0,10000.0,1666.6666666666667,100.0,10000.0,17,17,0,3413.7599999999566,996586.239999999,0.0,5689600,0,10307238.39999998,2.863121777777772,1.2740891911111085,0.16841892810457482,2.008094117647058,0.3413759999999956,1.0,999999.999999999,45,2e-06,False
100,1000000,INDEPENDENT_HEADERS_FULL_PER_MINER_BUDGET,FIXED_SLOT_IDLE,H2_FIXED_PER_MINER_HARDWARE,0.1,0.0,False,600.0,10000.0,1666.6666666666667,100.0,10000.0,17,17,0,7128.420000000006,992871.5800000004,0.0,11880700,0,10641557.79999999,2.955988277777775,1.3154147836111099,0.17388166339869265,4.193188235294118,0.7128420000000008,1.0,1000000.0000000005,47,2e-06,False
100,1000000,INDEPENDENT_HEADERS_FULL_PER_MINER_BUDGET,FIXED_SLOT_IDLE,H2_FIXED_PER_MINER_HARDWARE,0.1,0.0,False,600.0,10000.0,1666.6666666666667,100.0,10000.0,17,17,0,5399.339999999932,994600.6599999988,0.0,8998900,0,10485940.599999968,2.912761277777769,1.2961787686111073,0.17133889869280994,3.176082352941176,0.5399339999999933,1.0,999999.9999999987,48,2e-06,False
100,1000000,INDEPENDENT_HEADERS_FULL_PER_MINER_BUDGET,FIXED_SLOT_IDLE,H2_FIXED_PER_MINER_HARDWARE,0.1,0.0,False,600.0,10000.0,1666.6666666666667,100.0,10000.0,17,17,0,4786.319999999834,995213.6799999985,0.0,7977200,0,10430768.799999986,2.897435777777774,1.2893589211111094,0.17043739869281024,2.815482352941176,0.4786319999999834,1.0,999999.9999999984,46,2e-06,False
100,1000000,INDEPENDENT_HEADERS_FULL_PER_MINER_BUDGET,FIXED_SLOT_IDLE,H2_FIXED_PER_MINER_HARDWARE,0.1,0.0,False,600.0,10000.0,1666.6666666666667,100.0,10000.0,17,17,0,2852.8800000002166,997147.1200000006,0.0,4754800,0,10256759.200000016,2.849099777777782,1.267849401111113,0.16759410457516366,1.6781647058823532,0.28528800000002164,1.0,1000000.0000000008,49,2e-06,False
100,1000000,INDEPENDENT_HEADERS_FULL_PER_MINER_BUDGET,FIXED_SLOT_IDLE,H2_FIXED_PER_MINER_HARDWARE,0.1,0.0,False,600.0,10000.0,1666.6666666666667,100.0,10000.0,17,17,0,5270.939999999972,994729.059999998,0.0,8784900,0,10474384.600000009,2.9095512777777803,1.2947503186111122,0.17115007516339883,3.1005529411764705,0.5270939999999972,1.0,999999.9999999979,50,2e-06,False
100,1000000,INDEPENDENT_HEADERS_FULL_PER_MINER_BUDGET,FIXED_SLOT_IDLE,H2_FIXED_PER_MINER_HARDWARE,0.1,0.0,False,600.0,10000.0,1666.6666666666667,100.0,10000.0,17,17,0,4141.379999999936,995858.6200000014,0.0,6902300,0,10372724.199999996,2.8813122777777767,1.2821839636111105,0.1694889575163398,2.4361058823529413,0.4141379999999937,1.0,1000000.0000000013,51,2e-06,False
100,1000000,INDEPENDENT_HEADERS_FULL_PER_MINER_BUDGET,FIXED_SLOT_IDLE,H2_FIXED_PER_MINER_HARDWARE,0.1,0.0,False,600.0,10000.0,1666.6666666666667,100.0,10000.0,17,17,0,5626.559999999964,994373.4399999985,0.0,9377600,0,10506390.399999987,2.9184417777777742,1.2987065911111095,0.17167304575163378,3.3097411764705886,0.5626559999999964,1.0,999999.9999999985,52,2e-06,False
100,1000000,INDEPENDENT_HEADERS_FULL_PER_MINER_BUDGET,FIXED_SLOT_IDLE,H2_FIXED_PER_MINER_HARDWARE,0.1,0.0,False,600.0,10000.0,1666.6666666666667,100.0,10000.0,17,17,0,6541.319999999911,993458.6800000019,0.0,10902200,0,10588718.799999986,2.941310777777774,1.3088832961111094,0.1730182810457514,3.8478352941176466,0.654131999999991,1.0,1000000.0000000019,53,2e-06,False
100,1000000,INDEPENDENT_HEADERS_FULL_PER_MINER_BUDGET,FIXED_SLOT_IDLE,H2_FIXED_PER_MINER_HARDWARE,0.1,0.0,False,600.0,10000.0,1666.6666666666667,100.0,10000.0,17,17,0,3646.6199999999517,996353.3799999984,0.0,6077700,0,10328195.799999995,2.8689432777777766,1.2766797586111105,0.16876136928104568,2.1450705882352943,0.36466199999999516,1.0,999999.9999999984,56,2e-06,False
100,1000000,INDEPENDENT_HEADERS_FULL_PER_MINER_BUDGET,FIXED_SLOT_IDLE,H2_FIXED_PER_MINER_HARDWARE,0.1,0.0,False,600.0,10000.0,1666.6666666666667,100.0,10000.0,17,17,0,4244.2800000002035,995755.7200000015,0.0,7073800,0,10381985.200000001,2.8838847777777783,1.2833287261111113,0.16964028104575166,2.496635294117647,0.4244280000000204,1.0,1000000.0000000017,55,2e-06,False
100,1000000,INDEPENDENT_HEADERS_FULL_PER_MINER_BUDGET,FIXED_SLOT_IDLE,H2_FIXED_PER_MINER_HARDWARE,0.1,0.0,False,600.0,10000.0,1666.6666666666667,100.0,10000.0,17,17,0,5042.940000000053,994957.0599999984,0.0,8404900,0,10453864.59999999,2.903851277777775,1.2922138186111098,0.17081478104575146,2.966435294117647,0.5042940000000053,1.0,999999.9999999985,54,2e-06,False
100,1000000,INDEPENDENT_HEADERS_FULL_PER_MINER_BUDGET,FIXED_SLOT_IDLE,H2_FIXED_PER_MINER_HARDWARE,0.1,0.0,False,600.0,10000.0,1666.6666666666667,100.0,10000.0,17,17,0,5871.179999999911,994128.8199999981,0.0,9785300,0,10528406.200000012,2.9245572777777813,1.3014279886111126,0.17203278104575184,3.4536352941176474,0.5871179999999911,1.0,999999.999999998,60,2e-06,False
100,1000000,INDEPENDENT_HEADERS_FULL_PER_MINER_BUDGET,FIXED_SLOT_IDLE,H2_FIXED_PER_MINER_HARDWARE,0.1,0.0,False,600.0,10000.0,1666.6666666666667,100.0,10000.0,17,17,0,5934.659999999925,994065.3399999981,0.0,9891100,0,10534119.400000008,2.9261442777777797,1.302134203611112,0.17212613398692822,3.490976470588235,0.5934659999999925,1.0,999999.999999998,58,2e-06,False
100,1000000,INDEPENDENT_HEADERS_FULL_PER_MINER_BUDGET,FIXED_SLOT_IDLE,H2_FIXED_PER_MINER_HARDWARE,0.1,0.0,False,600.0,10000.0,1666.6666666666667,100.0,10000.0,17,17,0,5604.539999999933,994395.4600000025,0.0,9340900,0,10504408.599999988,2.9178912777777746,1.2984616186111098,0.17164066339869263,3.2967882352941182,0.5604539999999932,1.0,1000000.0000000024,57,2e-06,False
100,1000000,INDEPENDENT_HEADERS_FULL_PER_MINER_BUDGET,FIXED_SLOT_IDLE,H2_FIXED_PER_MINER_HARDWARE,0.1,0.0,False,600.0,10000.0,1666.6666666666667,100.0,10000.0,17,17,0,6893.22000000004,993106.7799999985,0.0,11488700,0,10620389.800000003,2.9501082777777783,1.3127981836111113,0.17353578104575165,4.0548352941176455,0.6893220000000041,1.0,999999.9999999986,59,2e-06,False
100,1000000,INDEPENDENT_HEADERS_FULL_PER_MINER_BUDGET,FIXED_SLOT_IDLE,H2_FIXED_PER_MINER_HARDWARE,0.1,0.0,False,600.0,10000.0,1666.6666666666667,100.0,10000.0,17,17,0,4626.659999999899,995373.3400000018,0.0,7711100,0,10416399.399999976,2.893444277777771,1.2875827036111083,0.170202604575163,2.721564705882353,0.46266599999998986,1.0,1000000.0000000017,62,2e-06,False
100,1000000,INDEPENDENT_HEADERS_FULL_PER_MINER_BUDGET,FIXED_SLOT_IDLE,H2_FIXED_PER_MINER_HARDWARE,0.1,0.0,False,600.0,10000.0,1666.6666666666667,100.0,10000.0,17,17,0,6007.8600000001725,993992.1399999993,0.0,10013100,0,10540707.400000025,2.9279742777777846,1.3029485536111143,0.17223378104575204,3.5340352941176474,0.6007860000000173,1.0,999999.9999999995,61,2e-06,False
100,1000000,INDEPENDENT_HEADERS_FULL_PER_MINER_BUDGET,FIXED_SLOT_IDLE,H2_FIXED_PER_MINER_HARDWARE,0.1,0.0,False,600.0,10000.0,1666.6666666666667,100.0,10000.0,17,17,0,6237.5399999999845,993762.4599999988,0.0,10395900,0,10561378.600000015,2.9337162777777817,1.3055037436111128,0.17257154575163422,3.6691411764705877,0.6237539999999985,1.0,999999.9999999988,64,2e-06,False
100,1000000,INDEPENDENT_HEADERS_FULL_PER_MINER_BUDGET,FIXED_SLOT_IDLE,H2_FIXED_PER_MINER_HARDWARE,0.1,0.0,False,600.0,10000.0,1666.6666666666667,100.0,10000.0,17,17,0,6478.98000000007,993521.019999998,0.0,10798300,0,10583108.200000025,2.9397522777777847,1.3081897636111142,0.17292660457516382,3.811164705882352,0.647898000000007,1.0,999999.9999999981,66,2e-06,False
100,1000000,INDEPENDENT_HEADERS_FULL_PER_MINER_BUDGET,FIXED_SLOT_IDLE,H2_FIXED_PER_MINER_HARDWARE,0.1,0.0,False,600.0,10000.0,1666.6666666666667,100.0,10000.0,17,17,0,5130.959999999988,994869.0399999986,0.0,8551600,0,10461786.400000004,2.906051777777779,1.2931930411111117,0.17094422222222228,3.0182117647058817,0.5130959999999989,1.0,999999.9999999986,71,2e-06,False
100,1000000,INDEPENDENT_HEADERS_FULL_PER_MINER_BUDGET,FIXED_SLOT_IDLE,H2_FIXED_PER_MINER_HARDWARE,0.1,0.0,False,600.0,10000.0,1666.6666666666667,100.0,10000.0,17,17,0,6112.380000000023,993887.6200000027,0.0,10187300,0,10550114.20000002,2.930587277777783,1.3041113386111134,0.17238748692810488,3.5955176470588235,0.6112380000000023,1.0,1000000.0000000027,63,2e-06,False
100,1000000,INDEPENDENT_HEADERS_FULL_PER_MINER_BUDGET,FIXED_SLOT_IDLE,H2_FIXED_PER_MINER_HARDWARE,0.1,0.0,False,600.0,10000.0,1666.6666666666667,100.0,10000.0,17,17,0,7553.039999999872,992446.9599999982,0.0,12588400,0,10679773.599999972,2.96660377777777,1.3201386811111075,0.17450610457516294,4.442964705882353,0.7553039999999872,1.0,999999.9999999981,65,2e-06,False
100,1000000,INDEPENDENT_HEADERS_FULL_PER_MINER_BUDGET,FIXED_SLOT_IDLE,H2_FIXED_PER_MINER_HARDWARE,0.1,0.0,False,600.0,10000.0,1666.6666666666667,100.0,10000.0,17,17,0,4420.139999999991,995579.8599999987,0.0,7366900,0,10397812.60000001,2.888281277777781,1.2852851686111124,0.16989889869281063,2.6000823529411754,0.44201399999999913,1.0,999999.9999999987,68,2e-06,False
100,1000000,INDEPENDENT_HEADERS_FULL_PER_MINER_BUDGET,FIXED_SLOT_IDLE,H2_FIXED_PER_MINER_HARDWARE,0.1,0.0,False,600.0,10000.0,1666.6666666666667,100.0,10000.0,17,17,0,3450.960000000067,996549.0400000007,0.0,5751600,0,10310586.400000008,2.86405177777778,1.274503041111112,0.16847363398692822,2.029976470588235,0.3450960000000067,1.0,1000000.0000000008,67,2e-06,False
100,1000000,INDEPENDENT_HEADERS_FULL_PER_MINER_BUDGET,FIXED_SLOT_IDLE,H2_FIXED_PER_MINER_HARDWARE,0.1,0.0,False,600.0,10000.0,1666.6666666666667,100.0,10000.0,17,17,0,3918.1799999999835,996081.8199999987,0.0,6530300,0,10352636.199999979,2.875732277777772,1.2797008636111087,0.1691607222222219,2.3048117647058826,0.3918179999999984,1.0,999999.9999999986,75,2e-06,False
100,1000000,INDEPENDENT_HEADERS_FULL_PER_MINER_BUDGET,FIXED_SLOT_IDLE,H2_FIXED_PER_MINER_HARDWARE,0.1,0.0,False,600.0,10000.0,1666.6666666666667,100.0,10000.0,17,17,0,5333.400000000158,994666.5999999976,0.0,8889000,0,10480006.000000034,2.911112777777787,1.2954451861111154,0.17124192810457572,3.1372941176470586,0.5333400000000158,1.0,999999.9999999978,76,2e-06,False
100,1000000,INDEPENDENT_HEADERS_FULL_PER_MINER_BUDGET,FIXED_SLOT_IDLE,H2_FIXED_PER_MINER_HARDWARE,0.1,0.0,False,600.0,10000.0,1666.6666666666667,100.0,10000.0,17,17,0,5112.600000000109,994887.3999999982,0.0,8521000,0,10460134.0,2.9055927777777777,1.2929887861111111,0.17091722222222222,3.007411764705882,0.5112600000000109,1.0,999999.9999999983,70,2e-06,False
100,1000000,INDEPENDENT_HEADERS_FULL_PER_MINER_BUDGET,FIXED_SLOT_IDLE,H2_FIXED_PER_MINER_HARDWARE,0.1,0.0,False,600.0,10000.0,1666.6666666666667,100.0,10000.0,17,17,0,4817.2799999997915,995182.7200000028,0.0,8028800,0,10433555.19999998,2.8982097777777724,1.2897033511111087,0.17048292810457485,2.8336941176470587,0.4817279999999792,1.0,1000000.0000000026,72,2e-06,False
100,1000000,INDEPENDENT_HEADERS_FULL_PER_MINER_BUDGET,FIXED_SLOT_IDLE,H2_FIXED_PER_MINER_HARDWARE,0.1,0.0,False,600.0,10000.0,1666.6666666666667,100.0,10000.0,17,17,0,4415.699999999983,995584.2999999995,0.0,7359500,0,10397413.00000001,2.8881702777777805,1.2852357736111124,0.1698923692810459,2.5974705882352933,0.44156999999999835,1.0,999999.9999999994,77,2e-06,False
100,1000000,INDEPENDENT_HEADERS_FULL_PER_MINER_BUDGET,FIXED_SLOT_IDLE,H2_FIXED_PER_MINER_HARDWARE,0.1,0.0,False,600.0,10000.0,1666.6666666666667,100.0,10000.0,17,17,0,5544.4799999999905,994455.5199999975,0.0,9240800,0,10499003.19999998,2.9163897777777725,1.2977934511111089,0.17155233986928073,3.2614588235294115,0.554447999999999,1.0,999999.9999999974,69,2e-06,False
100,1000000,INDEPENDENT_HEADERS_FULL_PER_MINER_BUDGET,FIXED_SLOT_IDLE,H2_FIXED_PER_MINER_HARDWARE,0.1,0.0,False,600.0,10000.0,1666.6666666666667,100.0,10000.0,17,17,0,6837.480000000071,993162.5200000007,0.0,11395800,0,10615373.200000009,2.9487147777777802,1.3121780761111121,0.17345381045751648,4.02204705882353,0.6837480000000071,1.0,1000000.0000000008,73,2e-06,False
100,1000000,INDEPENDENT_HEADERS_FULL_PER_MINER_BUDGET,FIXED_SLOT_IDLE,H2_FIXED_PER_MINER_HARDWARE,0.1,0.0,False,600.0,10000.0,1666.6666666666667,100.0,10000.0,17,17,0,3334.5600000002246,996665.4399999998,0.0,5557600,0,10300110.400000026,2.8611417777777852,1.2732080911111145,0.16830245751634032,1.961505882352941,0.33345600000002246,1.0,1000000.0,78,2e-06,False
100,1000000,INDEPENDENT_HEADERS_FULL_PER_MINER_BUDGET,FIXED_SLOT_IDLE,H2_FIXED_PER_MINER_HARDWARE,0.1,0.0,False,600.0,10000.0,1666.6666666666667,100.0,10000.0,17,17,0,4943.100000000229,995056.9000000011,0.0,8238500,0,10444879.000000026,2.901355277777785,1.2911030986111143,0.17066795751634029,2.907705882352941,0.4943100000000229,1.0,1000000.0000000013,74,2e-06,False
100,1000000,INDEPENDENT_HEADERS_FULL_PER_MINER_BUDGET,FIXED_SLOT_IDLE,H2_FIXED_PER_MINER_HARDWARE,0.1,0.0,False,600.0,10000.0,1666.6666666666667,100.0,10000.0,17,17,0,4988.9399999999405,995011.0600000012,0.0,8314900,0,10449004.600000005,2.9025012777777794,1.2916130686111118,0.17073536928104585,2.934670588235294,0.49889399999999406,1.0,1000000.0000000012,80,2e-06,False
100,1000000,INDEPENDENT_HEADERS_FULL_PER_MINER_BUDGET,FIXED_SLOT_IDLE,H2_FIXED_PER_MINER_HARDWARE,0.1,0.0,False,600.0,10000.0,1666.6666666666667,100.0,10000.0,17,17,0,4676.880000000197,995323.1200000014,0.0,7794800,0,10420919.2,2.8946997777777774,1.288141401111111,0.17027645751633985,2.7511058823529417,0.4676880000000197,1.0,1000000.0000000016,81,2e-06,False
100,1000000,INDEPENDENT_HEADERS_FULL_PER_MINER_BUDGET,FIXED_SLOT_IDLE,H2_FIXED_PER_MINER_HARDWARE,0.1,0.0,False,600.0,10000.0,1666.6666666666667,100.0,10000.0,17,17,0,4280.8800000002175,995719.12,0.0,7134800,0,10385279.200000014,2.884799777777782,1.283735901111113,0.16969410457516365,2.5181647058823526,0.4280880000000218,1.0,1000000.0000000002,79,2e-06,False
100,1000000,INDEPENDENT_HEADERS_FULL_PER_MINER_BUDGET,FIXED_SLOT_IDLE,H2_FIXED_PER_MINER_HARDWARE,0.1,0.0,False,600.0,10000.0,1666.6666666666667,100.0,10000.0,17,17,0,4181.579999999974,995818.4200000012,0.0,6969300,0,10376342.20000001,2.882317277777781,1.2826311886111126,0.16954807516339887,2.4597529411764705,0.41815799999999737,1.0,1000000.0000000012,85,2e-06,False
100,1000000,INDEPENDENT_HEADERS_FULL_PER_MINER_BUDGET,FIXED_SLOT_IDLE,H2_FIXED_PER_MINER_HARDWARE,0.1,0.0,False,600.0,10000.0,1666.6666666666667,100.0,10000.0,17,17,0,5887.860000000062,994112.1399999976,0.0,9813100,0,10529907.400000023,2.924974277777784,1.301613553611114,0.1720573104575167,3.463447058823529,0.5887860000000062,1.0,999999.9999999977,83,2e-06,False
100,1000000,INDEPENDENT_HEADERS_FULL_PER_MINER_BUDGET,FIXED_SLOT_IDLE,H2_FIXED_PER_MINER_HARDWARE,0.1,0.0,False,600.0,10000.0,1666.6666666666667,100.0,10000.0,17,17,0,4080.3599999997823,995919.6400000013,0.0,6800600,0,10367232.39999998,2.879786777777772,1.2815051161111086,0.1693992222222219,2.4002117647058814,0.40803599999997825,1.0,1000000.000000001,84,2e-06,False
100,1000000,INDEPENDENT_HEADERS_FULL_PER_MINER_BUDGET,FIXED_SLOT_IDLE,H2_FIXED_PER_MINER_HARDWARE,0.1,0.0,False,600.0,10000.0,1666.6666666666667,100.0,10000.0,17,17,0,4136.879999999749,995863.1199999976,0.0,6894800,0,10372319.199999982,2.881199777777773,1.282133901111109,0.16948233986928077,2.433458823529412,0.4136879999999749,1.0,999999.9999999973,82,2e-06,False
100,1000000,INDEPENDENT_HEADERS_FULL_PER_MINER_BUDGET,FIXED_SLOT_IDLE,H2_FIXED_PER_MINER_HARDWARE,0.1,0.0,False,600.0,10000.0,1666.6666666666667,100.0,10000.0,17,17,0,5055.059999999921,994944.9400000017,0.0,8425100,0,10454955.399999972,2.9041542777777702,1.2923486536111077,0.17083260457516294,2.973564705882352,0.5055059999999921,1.0,1000000.0000000016,86,2e-06,False
100,1000000,INDEPENDENT_HEADERS_FULL_PER_MINER_BUDGET,FIXED_SLOT_IDLE,H2_FIXED_PER_MINER_HARDWARE,0.1,0.0,False,600.0,10000.0,1666.6666666666667,100.0,10000.0,17,17,0,7600.680000000108,992399.3200000018,0.0,12667800,0,10684061.199999992,2.9677947777777756,1.3206686761111102,0.17457616339869267,4.470988235294119,0.7600680000000107,1.0,1000000.0000000019,87,2e-06,False
100,1000000,INDEPENDENT_HEADERS_FULL_PER_MINER_BUDGET,FIXED_SLOT_IDLE,H2_FIXED_PER_MINER_HARDWARE,0.1,0.0,False,600.0,10000.0,1666.6666666666667,100.0,10000.0,17,17,0,3848.2199999999375,996151.7800000022,0.0,6413700,0,10346339.800000003,2.8739832777777785,1.2789225586111115,0.16905783986928108,2.2636588235294113,0.3848219999999938,1.0,1000000.0000000022,88,2e-06,False
100,1000000,INDEPENDENT_HEADERS_FULL_PER_MINER_BUDGET,FIXED_SLOT_IDLE,H2_FIXED_PER_MINER_HARDWARE,0.1,0.0,False,600.0,10000.0,1666.6666666666667,100.0,10000.0,17,17,0,6522.719999999935,993477.2800000012,0.0,10871200,0,10587044.800000006,2.9408457777777794,1.3086763711111118,0.17299092810457525,3.8368941176470592,0.6522719999999935,1.0,1000000.0000000012,89,2e-06,False
100,1000000,INDEPENDENT_HEADERS_FULL_PER_MINER_BUDGET,FIXED_SLOT_IDLE,H2_FIXED_PER_MINER_HARDWARE,0.1,0.0,False,600.0,10000.0,1666.6666666666667,100.0,10000.0,17,17,0,4342.379999999834,995657.6200000008,0.0,7237300,0,10390814.199999979,2.886337277777772,1.2844200886111086,0.16978454575163365,2.5543411764705883,0.43423799999998336,1.0,1000000.0000000007,90,2e-06,False
100,1000000,INDEPENDENT_HEADERS_FULL_PER_MINER_BUDGET,FIXED_SLOT_IDLE,H2_FIXED_PER_MINER_HARDWARE,0.1,0.0,False,600.0,10000.0,1666.6666666666667,100.0,10000.0,17,17,0,3455.8800000000706,996544.12,0.0,5759800,0,10311029.200000005,2.8641747777777793,1.2745577761111118,0.16848086928104583,2.032870588235294,0.34558800000000706,1.0,1000000.0000000001,91,2e-06,False
100,1000000,INDEPENDENT_HEADERS_FULL_PER_MINER_BUDGET,FIXED_SLOT_IDLE,H2_FIXED_PER_MINER_HARDWARE,0.1,0.0,False,600.0,10000.0,1666.6666666666667,100.0,10000.0,17,17,0,4145.3999999999305,995854.5999999981,0.0,6909000,0,10373085.999999996,2.881412777777777,1.2822286861111107,0.1694948692810457,2.438470588235294,0.4145399999999931,1.0,999999.999999998,92,2e-06,False
100,1000000,INDEPENDENT_HEADERS_FULL_PER_MINER_BUDGET,FIXED_SLOT_IDLE,H2_FIXED_PER_MINER_HARDWARE,0.1,0.0,False,600.0,10000.0,1666.6666666666667,100.0,10000.0,17,17,0,5567.459999999874,994432.539999998,0.0,9279100,0,10501071.399999974,2.9169642777777707,1.298049103611108,0.17158613398692768,3.274976470588235,0.5567459999999873,1.0,999999.9999999979,93,2e-06,False
100,1000000,INDEPENDENT_HEADERS_FULL_PER_MINER_BUDGET,FIXED_SLOT_IDLE,H2_FIXED_PER_MINER_HARDWARE,0.1,0.0,False,600.0,10000.0,1666.6666666666667,100.0,10000.0,17,17,0,3126.480000000071,996873.5199999997,0.0,5210800,0,10281383.200000022,2.8559397777777837,1.2708932011111138,0.1679964575163402,1.8391058823529407,0.3126480000000071,1.0,999999.9999999998,94,2e-06,False
100,1000000,INDEPENDENT_HEADERS_FULL_PER_MINER_BUDGET,FIXED_SLOT_IDLE,H2_FIXED_PER_MINER_HARDWARE,0.1,0.0,False,600.0,10000.0,1666.6666666666667,100.0,10000.0,17,17,0,4248.240000000079,995751.7600000014,0.0,7080400,0,10382341.599999998,2.883983777777777,1.2833727811111109,0.16964610457516335,2.498964705882353,0.4248240000000079,1.0,1000000.0000000015,95,2e-06,False
100,1000000,INDEPENDENT_HEADERS_FULL_PER_MINER_BUDGET,FIXED_SLOT_IDLE,H2_FIXED_PER_MINER_HARDWARE,0.1,0.0,False,600.0,10000.0,1666.6666666666667,100.0,10000.0,17,17,0,5995.560000000203,994004.4400000011,0.0,9992600,0,10539600.40000001,2.9276667777777803,1.3028117161111124,0.17221569281045768,3.5268,0.5995560000000204,1.0,1000000.0000000013,96,2e-06,False
100,1000000,INDEPENDENT_HEADERS_FULL_PER_MINER_BUDGET,FIXED_SLOT_IDLE,H2_FIXED_PER_MINER_HARDWARE,0.1,0.0,False,600.0,10000.0,1666.6666666666667,100.0,10000.0,17,17,0,3761.460000000082,996238.540000002,0.0,6269100,0,10338531.400000002,2.871814277777778,1.2779573536111113,0.16893025163398695,2.2126235294117644,0.3761460000000082,1.0,1000000.0000000021,98,2e-06,False
100,1000000,INDEPENDENT_HEADERS_FULL_PER_MINER_BUDGET,FIXED_SLOT_IDLE,H2_FIXED_PER_MINER_HARDWARE,0.1,0.0,False,600.0,10000.0,1666.6666666666667,100.0,10000.0,17,17,0,3317.6999999999234,996682.2999999983,0.0,5529500,0,10298592.999999985,2.860720277777774,1.2730205236111094,0.16827766339869257,1.951588235294118,0.3317699999999923,1.0,999999.9999999983,97,2e-06,False
100,1000000,INDEPENDENT_HEADERS_FULL_PER_MINER_BUDGET,FIXED_SLOT_IDLE,H2_FIXED_PER_MINER_HARDWARE,0.1,0.0,False,600.0,10000.0,1666.6666666666667,100.0,10000.0,17,17,0,3525.239999999771,996474.7600000002,0.0,5875400,0,10317271.599999996,2.8659087777777765,1.2753294061111107,0.16858286928104568,2.073670588235294,0.35252399999997713,1.0,1000000.0,99,2e-06,False
200,1000000,COMMON_TEMPLATE_DUPLICATE_BASELINE,FIXED_SLOT_IDLE,H2_FIXED_PER_MINER_HARDWARE,0.1,0.0,False,600.0,10000.0,1666.6666666666667,100.0,20000.0,17,16,1,536516.879999999,1463483.119999994,0.0,4470974,889723826,68286519.20000014,18.968477555555594,8.44097251222224,1.1855298472222247,130.161525,26.825843999999947,0.9411764705882353,1999999.999999993,4,2e-06,False
200,1000000,COMMON_TEMPLATE_DUPLICATE_BASELINE,FIXED_SLOT_IDLE,H2_FIXED_PER_MINER_HARDWARE,0.1,0.0,False,600.0,10000.0,1666.6666666666667,100.0,20000.0,17,12,5,976634.5999999963,1023365.400000004,0.0,8168687,1625568713,107897113.9999995,29.971420555555415,13.33728214722216,2.497618379629618,158.43434999999997,48.831729999999816,0.7058823529411765,2000000.0000000002,2,2e-06,False
200,1000000,COMMON_TEMPLATE_DUPLICATE_BASELINE,FIXED_SLOT_IDLE,H2_FIXED_PER_MINER_HARDWARE,0.1,0.0,False,600.0,10000.0,1666.6666666666667,100.0,20000.0,17,15,2,676516.5599999971,1323483.440000004,0.0,5637638,1121889962,80886490.40000018,22.468469555555608,9.998468952222245,1.4978979703703739,145.50552,33.82582799999986,0.8823529411764706,2000000.000000001,0,2e-06,False
200,1000000,COMMON_TEMPLATE_DUPLICATE_BASELINE,FIXED_SLOT_IDLE,H2_FIXED_PER_MINER_HARDWARE,0.1,0.0,False,600.0,10000.0,1666.6666666666667,100.0,20000.0,17,15,2,926847.9599999976,1073152.0400000021,0.0,7723733,1537022867,103416316.40000026,28.726754555555626,12.783405777222253,1.915116970370375,228.94932,46.34239799999988,0.8823529411764706,1999999.9999999998,1,2e-06,False
200,1000000,COMMON_TEMPLATE_DUPLICATE_BASELINE,FIXED_SLOT_IDLE,H2_FIXED_PER_MINER_HARDWARE,0.1,0.0,False,600.0,10000.0,1666.6666666666667,100.0,20000.0,17,15,2,835562.4800000035,1164437.5199999968,0.0,7008467,1394684933,95200623.19999959,26.44461755555544,11.76785481222217,1.762974503703696,200.33867999999998,41.77812400000017,0.8823529411764706,2000000.0000000002,6,2e-06,False
200,1000000,COMMON_TEMPLATE_DUPLICATE_BASELINE,FIXED_SLOT_IDLE,H2_FIXED_PER_MINER_HARDWARE,0.1,0.0,False,600.0,10000.0,1666.6666666666667,100.0,20000.0,17,14,3,860654.1600000043,1139345.839999994,0.0,7172118,1427251482,97458874.39999975,27.071909555555486,12.046999752222192,1.9337078253968205,178.80505714285712,43.03270800000021,0.8235294117647058,1999999.9999999984,5,2e-06,False
200,1000000,COMMON_TEMPLATE_DUPLICATE_BASELINE,FIXED_SLOT_IDLE,H2_FIXED_PER_MINER_HARDWARE,0.1,0.0,False,600.0,10000.0,1666.6666666666667,100.0,20000.0,17,13,4,1029276.1200000022,970723.8799999981,0.0,8577301,1706882899,112634850.79999952,31.28745855555542,13.922919057222163,2.406727581196571,211.26004615384616,51.46380600000011,0.7647058823529411,2000000.0000000005,3,2e-06,False
200,1000000,COMMON_TEMPLATE_DUPLICATE_BASELINE,FIXED_SLOT_IDLE,H2_FIXED_PER_MINER_HARDWARE,0.1,0.0,False,600.0,10000.0,1666.6666666666667,100.0,20000.0,17,14,3,779789.999999998,1220210.0000000047,0.0,6498250,1293151750,90181100.0,25.050305555555557,11.147385972222223,1.7893075396825397,149.92499999999998,38.9894999999999,0.8235294117647058,2000000.0000000028,7,2e-06,False
200,1000000,COMMON_TEMPLATE_DUPLICATE_BASELINE,FIXED_SLOT_IDLE,H2_FIXED_PER_MINER_HARDWARE,0.1,0.0,False,600.0,10000.0,1666.6666666666667,100.0,20000.0,17,15,2,703871.1600000021,1296128.839999997,0.0,5865593,1167253007,83348404.39999999,23.15233455555555,10.30278887722222,1.54348897037037,154.62371999999996,35.1935580000001,0.8823529411764706,1999999.999999999,8,2e-06,False
200,1000000,COMMON_TEMPLATE_DUPLICATE_BASELINE,FIXED_SLOT_IDLE,H2_FIXED_PER_MINER_HARDWARE,0.1,0.0,False,600.0,10000.0,1666.6666666666667,100.0,20000.0,17,15,2,890569.4399999976,1109430.5600000035,0.0,7421412,1476860988,100151249.59999995,27.81979155555554,12.379807242222215,1.8546527703703692,216.85647999999998,44.52847199999988,0.8823529411764706,2000000.0000000012,10,2e-06,False
200,1000000,COMMON_TEMPLATE_DUPLICATE_BASELINE,FIXED_SLOT_IDLE,H2_FIXED_PER_MINER_HARDWARE,0.1,0.0,False,600.0,10000.0,1666.6666666666667,100.0,20000.0,17,15,2,826046.5199999982,1173953.4800000018,0.0,6883721,1369860479,94344186.80000006,26.20671855555557,11.66198975722223,1.7471145703703714,195.34884,41.30232599999991,0.8823529411764706,2000000.0,9,2e-06,False
200,1000000,COMMON_TEMPLATE_DUPLICATE_BASELINE,FIXED_SLOT_IDLE,H2_FIXED_PER_MINER_HARDWARE,0.1,0.0,False,600.0,10000.0,1666.6666666666667,100.0,20000.0,17,16,1,656749.5600000018,1343250.439999998,0.0,5472913,1089109687,79107460.40000015,21.9742945555556,9.77856107722224,1.373393409722225,167.73423749999998,32.83747800000009,0.9411764705882353,2000000.0,11,2e-06,False
200,1000000,COMMON_TEMPLATE_DUPLICATE_BASELINE,FIXED_SLOT_IDLE,H2_FIXED_PER_MINER_HARDWARE,0.1,0.0,False,600.0,10000.0,1666.6666666666667,100.0,20000.0,17,15,2,758503.1999999969,1241496.8000000024,0.0,6320860,1257851140,88265287.99999975,24.518135555555485,10.910570322222192,1.6345423703703656,172.8344,37.92515999999984,0.8823529411764706,1999999.9999999993,14,2e-06,False
200,1000000,COMMON_TEMPLATE_DUPLICATE_BASELINE,FIXED_SLOT_IDLE,H2_FIXED_PER_MINER_HARDWARE,0.1,0.0,False,600.0,10000.0,1666.6666666666667,100.0,20000.0,17,16,1,947390.8800000031,1052609.1199999964,0.0,7894924,1571089876,105265179.19999963,29.240327555555453,13.011945762222176,1.8275204722222158,258.55965000000003,47.369544000000154,0.9411764705882353,1999999.9999999995,12,2e-06,False
200,1000000,COMMON_TEMPLATE_DUPLICATE_BASELINE,FIXED_SLOT_IDLE,H2_FIXED_PER_MINER_HARDWARE,0.1,0.0,False,600.0,10000.0,1666.6666666666667,100.0,20000.0,17,17,0,576565.319999998,1423434.6799999974,0.0,4804711,956137489,71890878.80000007,19.969688555555575,8.886511407222232,1.1746875620915045,169.57803529411768,28.8282659999999,1.0,1999999.9999999953,13,2e-06,False
200,1000000,COMMON_TEMPLATE_DUPLICATE_BASELINE,FIXED_SLOT_IDLE,H2_FIXED_PER_MINER_HARDWARE,0.1,0.0,False,600.0,10000.0,1666.6666666666667,100.0,20000.0,17,17,0,813475.3999999975,1186524.6000000003,0.0,7058050,1404551950,93212786.00000037,25.89244055555566,11.522136047222268,1.5230847385620976,249.10764705882352,40.67376999999988,1.0,1999999.9999999977,15,2e-06,False
200,1000000,COMMON_TEMPLATE_DUPLICATE_BASELINE,FIXED_SLOT_IDLE,H2_FIXED_PER_MINER_HARDWARE,0.1,0.0,False,600.0,10000.0,1666.6666666666667,100.0,20000.0,17,17,0,708070.9199999991,1291929.0800000038,0.0,5900591,1174217609,83726382.79999995,23.257328555555542,10.349511207222216,1.3680781503267967,208.25615294117645,35.403545999999956,1.0,2000000.0000000028,22,2e-06,False
200,1000000,COMMON_TEMPLATE_DUPLICATE_BASELINE,FIXED_SLOT_IDLE,H2_FIXED_PER_MINER_HARDWARE,0.1,0.0,False,600.0,10000.0,1666.6666666666667,100.0,20000.0,17,12,5,1137544.9199999976,862455.0800000028,0.0,9479541,1886428659,122379042.80000025,33.99417855555563,15.127409457222255,2.832848212962969,223.97705,56.87724599999988,0.7058823529411765,2000000.0000000005,21,2e-06,False
200,1000000,COMMON_TEMPLATE_DUPLICATE_BASELINE,FIXED_SLOT_IDLE,H2_FIXED_PER_MINER_HARDWARE,0.1,0.0,False,600.0,10000.0,1666.6666666666667,100.0,20000.0,17,15,2,672927.8000000002,1327072.2000000032,0.0,5941065,1182271935,80563502.00000007,22.378750555555577,9.958543997222232,1.491916703703705,157.6426,33.64639000000001,0.8823529411764706,2000000.0000000033,16,2e-06,False
200,1000000,COMMON_TEMPLATE_DUPLICATE_BASELINE,FIXED_SLOT_IDLE,H2_FIXED_PER_MINER_HARDWARE,0.1,0.0,False,600.0,10000.0,1666.6666666666667,100.0,20000.0,17,15,2,1057020.359999995,942979.6400000044,0.0,8808503,1752892097,115131832.40000008,31.981064555555577,14.231573727222232,2.1320709703703717,272.34012,52.85101799999975,0.8823529411764706,1999999.9999999995,20,2e-06,False
200,1000000,COMMON_TEMPLATE_DUPLICATE_BASELINE,FIXED_SLOT_IDLE,H2_FIXED_PER_MINER_HARDWARE,0.1,0.0,False,600.0,10000.0,1666.6666666666667,100.0,20000.0,17,15,2,703654.3199999974,1296345.6799999988,0.0,5863786,1166893414,83328888.80000001,23.14691355555556,10.300376532222224,1.5431275703703706,154.55144,35.182715999999864,0.8823529411764706,1999999.9999999963,17,2e-06,False
200,1000000,COMMON_TEMPLATE_DUPLICATE_BASELINE,FIXED_SLOT_IDLE,H2_FIXED_PER_MINER_HARDWARE,0.1,0.0,False,600.0,10000.0,1666.6666666666667,100.0,20000.0,17,16,1,771781.0800000019,1228218.9199999953,0.0,6431509,1279870291,89460297.20000021,24.850082555555613,11.058286737222248,1.5531301597222258,203.68158749999998,38.5890540000001,0.9411764705882353,1999999.9999999972,18,2e-06,False
200,1000000,COMMON_TEMPLATE_DUPLICATE_BASELINE,FIXED_SLOT_IDLE,H2_FIXED_PER_MINER_HARDWARE,0.1,0.0,False,600.0,10000.0,1666.6666666666667,100.0,20000.0,17,16,1,962660.1199999969,1037339.8800000035,0.0,8066997,1605332403,106639410.80000027,29.62205855555563,13.181816057222255,1.8513786597222268,265.0123875,48.133005999999845,0.9411764705882353,2000000.0000000005,19,2e-06,False
200,1000000,COMMON_TEMPLATE_DUPLICATE_BASELINE,FIXED_SLOT_IDLE,H2_FIXED_PER_MINER_HARDWARE,0.1,0.0,False,600.0,10000.0,1666.6666666666667,100.0,20000.0,17,16,1,715914.679999999,1284085.3199999968,0.0,6015711,1197126489,84432321.20000012,23.45342255555559,10.436773037222238,1.4658389097222244,188.0891625,35.795733999999946,0.9411764705882353,1999999.9999999958,23,2e-06,False
200,1000000,COMMON_TEMPLATE_DUPLICATE_BASELINE,FIXED_SLOT_IDLE,H2_FIXED_PER_MINER_HARDWARE,0.1,0.0,False,600.0,10000.0,1666.6666666666667,100.0,20000.0,17,17,0,431580.11999999895,1568419.8799999936,0.0,3596501,715703699,58842210.79999988,16.34505855555552,7.273551057222207,0.9614740326797365,126.9353294117647,21.579005999999946,1.0,1999999.9999999925,24,2e-06,False
200,1000000,COMMON_TEMPLATE_DUPLICATE_BASELINE,FIXED_SLOT_IDLE,H2_FIXED_PER_MINER_HARDWARE,0.1,0.0,False,600.0,10000.0,1666.6666666666667,100.0,20000.0,17,16,1,619878.1999999988,1380121.800000001,0.0,5330021,1060674179,75789037.99999978,21.052510555555493,9.368367197222195,1.3157819097222183,162.3757875,30.99390999999994,0.9411764705882353,1999999.9999999998,26,2e-06,False
200,1000000,COMMON_TEMPLATE_DUPLICATE_BASELINE,FIXED_SLOT_IDLE,H2_FIXED_PER_MINER_HARDWARE,0.1,0.0,False,600.0,10000.0,1666.6666666666667,100.0,20000.0,17,12,5,1151243.3999999946,848756.6000000037,0.0,9593695,1909145305,123611906.00000018,34.336640555555604,15.279805047222244,2.861386712962967,229.68475000000004,57.562169999999725,0.7058823529411765,1999999.9999999981,25,2e-06,False
200,1000000,COMMON_TEMPLATE_DUPLICATE_BASELINE,FIXED_SLOT_IDLE,H2_FIXED_PER_MINER_HARDWARE,0.1,0.0,False,600.0,10000.0,1666.6666666666667,100.0,20000.0,17,14,3,846765.3600000021,1153234.6399999985,0.0,7056378,1404219222,96208882.40000008,26.724689555555578,11.892486852222232,1.9089063968253985,173.84477142857142,42.338268000000106,0.8235294117647058,2000000.0000000005,29,2e-06,False
200,1000000,COMMON_TEMPLATE_DUPLICATE_BASELINE,FIXED_SLOT_IDLE,H2_FIXED_PER_MINER_HARDWARE,0.1,0.0,False,600.0,10000.0,1666.6666666666667,100.0,20000.0,17,14,3,872230.9200000014,1127769.0799999987,0.0,7268591,1446449609,98500782.80000013,27.36132855555559,12.175791207222238,1.9543806111111137,182.93961428571427,43.611546000000075,0.8235294117647058,2000000.0,30,2e-06,False
200,1000000,COMMON_TEMPLATE_DUPLICATE_BASELINE,FIXED_SLOT_IDLE,H2_FIXED_PER_MINER_HARDWARE,0.1,0.0,False,600.0,10000.0,1666.6666666666667,100.0,20000.0,17,15,2,846316.5599999967,1153683.4400000037,0.0,7052638,1403474962,96168490.40000038,26.713469555555662,11.88749395222227,1.7808979703703776,202.10552,42.31582799999983,0.8823529411764706,2000000.0000000005,27,2e-06,False
200,1000000,COMMON_TEMPLATE_DUPLICATE_BASELINE,FIXED_SLOT_IDLE,H2_FIXED_PER_MINER_HARDWARE,0.1,0.0,False,600.0,10000.0,1666.6666666666667,100.0,20000.0,17,17,0,607304.1600000013,1392695.839999993,0.0,5060868,1007112732,74657374.40000004,20.738159555555566,9.228481002222226,1.219891738562092,178.61887058823524,30.365208000000067,1.0,1999999.9999999944,28,2e-06,False
200,1000000,COMMON_TEMPLATE_DUPLICATE_BASELINE,FIXED_SLOT_IDLE,H2_FIXED_PER_MINER_HARDWARE,0.1,0.0,False,600.0,10000.0,1666.6666666666667,100.0,20000.0,17,13,4,1050886.0799999963,949113.9200000032,0.0,8757384,1742719416,114579747.20000024,31.827707555555623,14.163329862222252,2.448285196581202,219.57156923076926,52.54430399999982,0.7647058823529411,1999999.9999999995,33,2e-06,False
200,1000000,COMMON_TEMPLATE_DUPLICATE_BASELINE,FIXED_SLOT_IDLE,H2_FIXED_PER_MINER_HARDWARE,0.1,0.0,False,600.0,10000.0,1666.6666666666667,100.0,20000.0,17,15,2,807098.5199999997,1192901.4800000002,0.0,6725821,1338438379,92638866.80000024,25.73301855555562,11.45119325722225,1.7155345703703746,189.03283999999996,40.354925999999985,0.8823529411764706,2000000.0,32,2e-06,False
200,1000000,COMMON_TEMPLATE_DUPLICATE_BASELINE,FIXED_SLOT_IDLE,H2_FIXED_PER_MINER_HARDWARE,0.1,0.0,False,600.0,10000.0,1666.6666666666667,100.0,20000.0,17,17,0,695268.5999999992,1304731.3999999964,0.0,5793905,1152987095,82574174.00000003,22.937270555555564,10.207085397222226,1.3492512091503273,204.49076470588238,34.76342999999996,1.0,1999999.9999999956,31,2e-06,False
200,1000000,COMMON_TEMPLATE_DUPLICATE_BASELINE,FIXED_SLOT_IDLE,H2_FIXED_PER_MINER_HARDWARE,0.1,0.0,False,600.0,10000.0,1666.6666666666667,100.0,20000.0,17,16,1,913789.4400000041,1086210.559999995,0.0,7614912,1515367488,102241049.59999993,28.400291555555537,12.638129742222214,1.775018222222221,248.0592,45.68947200000021,0.9411764705882353,1999999.999999999,34,2e-06,False
200,1000000,COMMON_TEMPLATE_DUPLICATE_BASELINE,FIXED_SLOT_IDLE,H2_FIXED_PER_MINER_HARDWARE,0.1,0.0,False,600.0,10000.0,1666.6666666666667,100.0,20000.0,17,15,2,1006434.1999999961,993565.8000000039,0.0,8720285,1735336715,110579078.0000001,30.716410555555584,13.668802697222235,2.0477607037037058,268.8114,50.321709999999804,0.8823529411764706,2000000.0,35,2e-06,False
200,1000000,COMMON_TEMPLATE_DUPLICATE_BASELINE,FIXED_SLOT_IDLE,H2_FIXED_PER_MINER_HARDWARE,0.1,0.0,False,600.0,10000.0,1666.6666666666667,100.0,20000.0,17,15,2,1012434.599999996,987565.4000000037,0.0,8436955,1678954045,111119113.99999946,30.866420555555408,13.735557147222156,2.0577613703703603,257.47819999999996,50.6217299999998,0.8823529411764706,1999999.9999999998,36,2e-06,False
200,1000000,COMMON_TEMPLATE_DUPLICATE_BASELINE,FIXED_SLOT_IDLE,H2_FIXED_PER_MINER_HARDWARE,0.1,0.0,False,600.0,10000.0,1666.6666666666667,100.0,20000.0,17,12,5,1014779.5200000036,985220.4799999964,0.0,8456496,1682842704,111330156.79999971,30.925043555555476,13.761644382222187,2.5770869629629565,172.82479999999998,50.73897600000018,0.7058823529411765,2000000.0,37,2e-06,False
200,1000000,COMMON_TEMPLATE_DUPLICATE_BASELINE,FIXED_SLOT_IDLE,H2_FIXED_PER_MINER_HARDWARE,0.1,0.0,False,600.0,10000.0,1666.6666666666667,100.0,20000.0,17,16,1,699215.7600000019,1300784.2399999974,0.0,5826798,1159532802,82929418.39999974,23.035949555555483,10.25099755222219,1.4397468472222177,181.00492500000001,34.9607880000001,0.9411764705882353,1999999.9999999993,38,2e-06,False
200,1000000,COMMON_TEMPLATE_DUPLICATE_BASELINE,FIXED_SLOT_IDLE,H2_FIXED_PER_MINER_HARDWARE,0.1,0.0,False,600.0,10000.0,1666.6666666666667,100.0,20000.0,17,15,2,767595.2400000007,1232404.7600000005,0.0,6396627,1272928773,89083571.59999993,24.74543655555554,11.011719267222215,1.6496957703703692,175.86508,38.379762000000035,0.8823529411764706,2000000.0000000012,40,2e-06,False
200,1000000,COMMON_TEMPLATE_DUPLICATE_BASELINE,FIXED_SLOT_IDLE,H2_FIXED_PER_MINER_HARDWARE,0.1,0.0,False,600.0,10000.0,1666.6666666666667,100.0,20000.0,17,16,1,694022.7600000016,1305977.239999999,0.0,5783523,1150921077,82462048.3999998,22.9061245555555,10.193225427222197,1.4316327847222188,179.3821125,34.70113800000008,0.9411764705882353,2000000.0000000007,42,2e-06,False
200,1000000,COMMON_TEMPLATE_DUPLICATE_BASELINE,FIXED_SLOT_IDLE,H2_FIXED_PER_MINER_HARDWARE,0.1,0.0,False,600.0,10000.0,1666.6666666666667,100.0,20000.0,17,14,3,842343.2400000031,1157656.7599999986,0.0,7019527,1396885873,95810891.60000005,26.61413655555557,11.84329076722223,1.9010097539682551,172.26544285714286,42.11716200000016,0.8235294117647058,2000000.0000000019,39,2e-06,False
200,1000000,COMMON_TEMPLATE_DUPLICATE_BASELINE,FIXED_SLOT_IDLE,H2_FIXED_PER_MINER_HARDWARE,0.1,0.0,False,600.0,10000.0,1666.6666666666667,100.0,20000.0,17,15,2,738594.7200000032,1261405.2799999998,0.0,6154956,1224836244,86473524.79999982,24.020423555555507,10.6890884822222,1.6013615703703672,166.19824,36.92973600000016,0.8823529411764706,2000000.000000003,41,2e-06,False
200,1000000,COMMON_TEMPLATE_DUPLICATE_BASELINE,FIXED_SLOT_IDLE,H2_FIXED_PER_MINER_HARDWARE,0.1,0.0,False,600.0,10000.0,1666.6666666666667,100.0,20000.0,17,16,1,729947.0399999992,1270052.9600000007,0.0,6082892,1210495508,85695233.59999977,23.804231555555493,10.592883042222194,1.4877644722222183,190.60844999999998,36.497351999999964,0.9411764705882353,2000000.0,44,2e-06,False
200,1000000,COMMON_TEMPLATE_DUPLICATE_BASELINE,FIXED_SLOT_IDLE,H2_FIXED_PER_MINER_HARDWARE,0.1,0.0,False,600.0,10000.0,1666.6666666666667,100.0,20000.0,17,17,0,744497.7600000022,1255502.2399999984,0.0,6204148,1234625452,87004798.39999981,24.167999555555504,10.7547598022222,1.4216470326797355,218.9699294117647,37.224888000000114,1.0,2000000.0000000005,43,2e-06,False
200,1000000,COMMON_TEMPLATE_DUPLICATE_BASELINE,FIXED_SLOT_IDLE,H2_FIXED_PER_MINER_HARDWARE,0.1,0.0,False,600.0,10000.0,1666.6666666666667,100.0,20000.0,17,14,3,881973.4399999972,1118026.560000003,0.0,7410782,1474745618,99377609.59999959,27.604891555555444,12.284176742222172,1.9717779682539602,189.0335142857143,44.09867199999986,0.8235294117647058,2000000.0000000002,45,2e-06,False
200,1000000,COMMON_TEMPLATE_DUPLICATE_BASELINE,FIXED_SLOT_IDLE,H2_FIXED_PER_MINER_HARDWARE,0.1,0.0,False,600.0,10000.0,1666.6666666666667,100.0,20000.0,17,13,4,981501.96,1018498.04,0.0,8179183,1627657417,108335176.39999987,30.09310455555552,13.391431527222206,2.314854196581194,192.88536923076924,49.075098,0.7647058823529411,2000000.0,46,2e-06,False
200,1000000,COMMON_TEMPLATE_DUPLICATE_BASELINE,FIXED_SLOT_IDLE,H2_FIXED_PER_MINER_HARDWARE,0.1,0.0,False,600.0,10000.0,1666.6666666666667,100.0,20000.0,17,15,2,870793.8000000025,1129206.1999999962,0.0,7256615,1444066385,98371441.99999969,27.32540055555547,12.159803247222184,1.8216933703703646,210.2646,43.53969000000013,0.8823529411764706,1999999.9999999986,47,2e-06,False
200,1000000,COMMON_TEMPLATE_DUPLICATE_BASELINE,FIXED_SLOT_IDLE,H2_FIXED_PER_MINER_HARDWARE,0.1,0.0,False,600.0,10000.0,1666.6666666666667,100.0,20000.0,17,12,5,1303884.2000000004,696115.8000000032,0.0,10902324,2169562476,137349578.00000003,38.15266055555556,16.977933947222226,3.1793883796296303,295.1162,65.19421000000003,0.7058823529411765,2000000.0000000037,48,2e-06,False
200,1000000,COMMON_TEMPLATE_DUPLICATE_BASELINE,FIXED_SLOT_IDLE,H2_FIXED_PER_MINER_HARDWARE,0.1,0.0,False,600.0,10000.0,1666.6666666666667,100.0,20000.0,17,13,4,1152088.639999999,847911.3600000025,0.0,9934072,1976880328,123687977.59999952,34.35777155555542,15.289208342222164,2.642905504273494,273.88024615384614,57.604431999999946,0.7647058823529411,2000000.0000000014,57,2e-06,False
200,1000000,COMMON_TEMPLATE_DUPLICATE_BASELINE,FIXED_SLOT_IDLE,H2_FIXED_PER_MINER_HARDWARE,0.1,0.0,False,600.0,10000.0,1666.6666666666667,100.0,20000.0,17,13,4,992458.9200000031,1007541.0799999969,0.0,8270491,1645827709,109321302.79999977,30.367028555555493,13.513327707222194,2.3359252735042686,197.0995846153846,49.622946000000155,0.7647058823529411,2000000.0,52,2e-06,False
200,1000000,COMMON_TEMPLATE_DUPLICATE_BASELINE,FIXED_SLOT_IDLE,H2_FIXED_PER_MINER_HARDWARE,0.1,0.0,False,600.0,10000.0,1666.6666666666667,100.0,20000.0,17,15,2,806826.1200000008,1193173.8799999973,0.0,6723551,1337986649,92614350.7999997,25.726208555555473,11.448162807222186,1.7150805703703649,188.94204,40.34130600000004,0.8823529411764706,1999999.9999999981,51,2e-06,False
200,1000000,COMMON_TEMPLATE_DUPLICATE_BASELINE,FIXED_SLOT_IDLE,H2_FIXED_PER_MINER_HARDWARE,0.1,0.0,False,600.0,10000.0,1666.6666666666667,100.0,20000.0,17,13,4,1038311.1599999961,961688.8400000038,0.0,8652593,1721866007,113448004.39999999,31.513334555555552,14.023433877222221,2.424102658119658,214.73506153846154,51.915557999999805,0.7647058823529411,2000000.0,50,2e-06,False
200,1000000,COMMON_TEMPLATE_DUPLICATE_BASELINE,FIXED_SLOT_IDLE,H2_FIXED_PER_MINER_HARDWARE,0.1,0.0,False,600.0,10000.0,1666.6666666666667,100.0,20000.0,17,13,4,952735.3200000011,1047264.6799999989,0.0,7939461,1579952739,105746178.79999964,29.373938555555455,13.071402657222178,2.2595337350427274,181.82127692307694,47.63676600000005,0.7647058823529411,2000000.0,54,2e-06,False
200,1000000,COMMON_TEMPLATE_DUPLICATE_BASELINE,FIXED_SLOT_IDLE,H2_FIXED_PER_MINER_HARDWARE,0.1,0.0,False,600.0,10000.0,1666.6666666666667,100.0,20000.0,17,13,4,934928.2799999978,1065071.7200000023,0.0,7791069,1550422731,104143545.19999993,28.928762555555537,12.873299337222214,2.225289427350426,174.97241538461543,46.74641399999989,0.7647058823529411,2000000.0,49,2e-06,False
200,1000000,COMMON_TEMPLATE_DUPLICATE_BASELINE,FIXED_SLOT_IDLE,H2_FIXED_PER_MINER_HARDWARE,0.1,0.0,False,600.0,10000.0,1666.6666666666667,100.0,20000.0,17,17,0,610749.2400000007,1389250.7599999995,0.0,5089577,1012825823,74967431.60000013,20.82428655555559,9.266807517222238,1.2249580326797407,179.6321294117647,30.537462000000033,1.0,2000000.0000000002,53,2e-06,False
200,1000000,COMMON_TEMPLATE_DUPLICATE_BASELINE,FIXED_SLOT_IDLE,H2_FIXED_PER_MINER_HARDWARE,0.1,0.0,False,600.0,10000.0,1666.6666666666667,100.0,20000.0,17,14,3,1014232.679999997,985767.3200000027,0.0,8451939,1681935861,111280941.20000003,30.911372555555566,13.755560787222228,2.2079551825396835,233.65452857142859,50.711633999999854,0.8235294117647058,1999999.9999999998,56,2e-06,False
200,1000000,COMMON_TEMPLATE_DUPLICATE_BASELINE,FIXED_SLOT_IDLE,H2_FIXED_PER_MINER_HARDWARE,0.1,0.0,False,600.0,10000.0,1666.6666666666667,100.0,20000.0,17,13,4,1116789.9599999955,883210.0400000043,0.0,9306583,1852010017,120511096.39999948,33.47530455555541,14.896510527222159,2.5750234273504162,244.9192153846154,55.83949799999978,0.7647058823529411,2000000.0,55,2e-06,False
200,1000000,COMMON_TEMPLATE_DUPLICATE_BASELINE,FIXED_SLOT_IDLE,H2_FIXED_PER_MINER_HARDWARE,0.1,0.0,False,600.0,10000.0,1666.6666666666667,100.0,20000.0,17,15,2,659292.1199999987,1340707.8799999964,0.0,5494101,1093326099,79336290.80000019,22.03785855555561,9.806847057222246,1.4691905703703738,139.76404,32.96460599999994,0.8823529411764706,1999999.999999995,60,2e-06,False
200,1000000,COMMON_TEMPLATE_DUPLICATE_BASELINE,FIXED_SLOT_IDLE,H2_FIXED_PER_MINER_HARDWARE,0.1,0.0,False,600.0,10000.0,1666.6666666666667,100.0,20000.0,17,14,3,988062.0000000049,1011937.9999999949,0.0,8233850,1638536150,108925580.00000033,30.257105555555647,13.464411972222264,2.161221825396832,224.30785714285713,49.403100000000244,0.8235294117647058,1999999.9999999998,58,2e-06,False
200,1000000,COMMON_TEMPLATE_DUPLICATE_BASELINE,FIXED_SLOT_IDLE,H2_FIXED_PER_MINER_HARDWARE,0.1,0.0,False,600.0,10000.0,1666.6666666666667,100.0,20000.0,17,15,2,848696.1600000024,1151303.8399999973,0.0,7072468,1407421132,96382654.39999999,26.772959555555552,11.91396700222222,1.7848639703703701,202.89872,42.43480800000012,0.8823529411764706,1999999.9999999995,59,2e-06,False
200,1000000,COMMON_TEMPLATE_DUPLICATE_BASELINE,FIXED_SLOT_IDLE,H2_FIXED_PER_MINER_HARDWARE,0.1,0.0,False,600.0,10000.0,1666.6666666666667,100.0,20000.0,17,16,1,940615.0799999961,1059384.9200000041,0.0,7838459,1559853341,104655357.19999975,29.070932555555487,12.936564987222193,1.816933284722218,256.4422125,47.0307539999998,0.9411764705882353,2000000.0000000002,61,2e-06,False
200,1000000,COMMON_TEMPLATE_DUPLICATE_BASELINE,FIXED_SLOT_IDLE,H2_FIXED_PER_MINER_HARDWARE,0.1,0.0,False,600.0,10000.0,1666.6666666666667,100.0,20000.0,17,15,2,766870.8000000025,1233129.1999999948,0.0,6390590,1271727410,89018371.9999999,24.727325555555527,11.00365987222221,1.6484883703703685,175.62359999999998,38.343540000000125,0.8823529411764706,1999999.9999999972,63,2e-06,False
200,1000000,COMMON_TEMPLATE_DUPLICATE_BASELINE,FIXED_SLOT_IDLE,H2_FIXED_PER_MINER_HARDWARE,0.1,0.0,False,600.0,10000.0,1666.6666666666667,100.0,20000.0,17,15,2,641507.7199999966,1358492.2799999993,0.0,5359542,1066548858,77735694.80000012,21.593248555555586,9.608995607222235,1.4395499037037058,134.38168000000002,32.07538599999983,0.8823529411764706,1999999.9999999958,62,2e-06,False
200,1000000,COMMON_TEMPLATE_DUPLICATE_BASELINE,FIXED_SLOT_IDLE,H2_FIXED_PER_MINER_HARDWARE,0.1,0.0,False,600.0,10000.0,1666.6666666666667,100.0,20000.0,17,14,3,1036948.0800000016,963051.9199999984,0.0,8641234,1719605566,113325327.20000058,31.47925755555572,14.008269612222294,2.2485183968254083,241.7671714285714,51.84740400000008,0.8235294117647058,2000000.0,64,2e-06,False
200,1000000,COMMON_TEMPLATE_DUPLICATE_BASELINE,FIXED_SLOT_IDLE,H2_FIXED_PER_MINER_HARDWARE,0.1,0.0,False,600.0,10000.0,1666.6666666666667,100.0,20000.0,17,14,3,895337.7600000006,1104662.2400000007,0.0,7461148,1484768452,100580398.3999998,27.938999555555498,12.432854802222197,1.9956428253968213,191.1920571428571,44.76688800000003,0.8235294117647058,2000000.0000000014,65,2e-06,False
200,1000000,COMMON_TEMPLATE_DUPLICATE_BASELINE,FIXED_SLOT_IDLE,H2_FIXED_PER_MINER_HARDWARE,0.1,0.0,False,600.0,10000.0,1666.6666666666667,100.0,20000.0,17,13,4,920866.8800000038,1079133.1199999952,0.0,7867854,1565702946,102878019.20000015,28.5772275555556,12.716866262222242,2.198248273504277,178.51633846153842,46.0433440000002,0.7647058823529411,1999999.999999999,66,2e-06,False
200,1000000,COMMON_TEMPLATE_DUPLICATE_BASELINE,FIXED_SLOT_IDLE,H2_FIXED_PER_MINER_HARDWARE,0.1,0.0,False,600.0,10000.0,1666.6666666666667,100.0,20000.0,17,15,2,869192.8400000026,1130807.159999996,0.0,7357220,1464086780,98227355.59999967,27.285376555555462,12.14199256722218,1.8190251037036975,214.2888,43.45964200000014,0.8823529411764706,1999999.9999999986,67,2e-06,False
200,1000000,COMMON_TEMPLATE_DUPLICATE_BASELINE,FIXED_SLOT_IDLE,H2_FIXED_PER_MINER_HARDWARE,0.1,0.0,False,600.0,10000.0,1666.6666666666667,100.0,20000.0,17,14,3,755301.3599999967,1244698.6400000004,0.0,6294178,1252541422,87977122.40000041,24.43808955555567,10.874949852222274,1.7455778253968337,141.17905714285712,37.765067999999836,0.8235294117647058,1999999.9999999972,68,2e-06,False
200,1000000,COMMON_TEMPLATE_DUPLICATE_BASELINE,FIXED_SLOT_IDLE,H2_FIXED_PER_MINER_HARDWARE,0.1,0.0,False,600.0,10000.0,1666.6666666666667,100.0,20000.0,17,14,3,960742.16,1039257.84,0.0,8339518,1659564082,106466794.40000035,29.57410955555565,13.160478752222264,2.112436396825404,228.83648571428574,48.037108,0.8235294117647058,2000000.0,70,2e-06,False
200,1000000,COMMON_TEMPLATE_DUPLICATE_BASELINE,FIXED_SLOT_IDLE,H2_FIXED_PER_MINER_HARDWARE,0.1,0.0,False,600.0,10000.0,1666.6666666666667,100.0,20000.0,17,11,6,1172514.4799999944,827485.5200000034,0.0,9770954,1944419846,125526303.20000036,34.86841755555566,15.516445812222269,3.169856141414151,205.6884,58.625723999999714,0.6470588235294118,1999999.9999999977,71,2e-06,False
200,1000000,COMMON_TEMPLATE_DUPLICATE_BASELINE,FIXED_SLOT_IDLE,H2_FIXED_PER_MINER_HARDWARE,0.1,0.0,False,600.0,10000.0,1666.6666666666667,100.0,20000.0,17,12,5,924846.4399999989,1075153.5600000017,0.0,8040387,1600037013,103236179.60000032,28.676716555555647,12.761138867222263,2.389726379629637,152.01934999999997,46.242321999999945,0.7058823529411765,2000000.0000000005,69,2e-06,False
200,1000000,COMMON_TEMPLATE_DUPLICATE_BASELINE,FIXED_SLOT_IDLE,H2_FIXED_PER_MINER_HARDWARE,0.1,0.0,False,600.0,10000.0,1666.6666666666667,100.0,20000.0,17,14,3,896102.399999998,1103897.6000000008,0.0,7467520,1486036480,100649215.9999997,27.958115555555473,12.441361422222185,1.997008253968248,191.46514285714287,44.8051199999999,0.8235294117647058,1999999.9999999988,75,2e-06,False
200,1000000,COMMON_TEMPLATE_DUPLICATE_BASELINE,FIXED_SLOT_IDLE,H2_FIXED_PER_MINER_HARDWARE,0.1,0.0,False,600.0,10000.0,1666.6666666666667,100.0,20000.0,17,16,1,599910.2399999981,1400089.7599999963,0.0,4999252,994851148,73991921.60000011,20.553311555555588,9.146223642222237,1.2845819722222243,149.97195000000002,29.995511999999906,0.9411764705882353,1999999.9999999944,72,2e-06,False
200,1000000,COMMON_TEMPLATE_DUPLICATE_BASELINE,FIXED_SLOT_IDLE,H2_FIXED_PER_MINER_HARDWARE,0.1,0.0,False,600.0,10000.0,1666.6666666666667,100.0,20000.0,17,13,4,1076568.5599999973,923431.4400000027,0.0,8990773,1789163827,116891170.39999968,32.469769555555466,14.449047452222183,2.4976745811965744,230.34336923076927,53.82842799999987,0.7647058823529411,2000000.0,78,2e-06,False
200,1000000,COMMON_TEMPLATE_DUPLICATE_BASELINE,FIXED_SLOT_IDLE,H2_FIXED_PER_MINER_HARDWARE,0.1,0.0,False,600.0,10000.0,1666.6666666666667,100.0,20000.0,17,16,1,740904.719999999,1259095.280000004,0.0,6174206,1228666994,86681424.79999982,24.078173555555505,10.7147872322222,1.504885847222219,194.03272499999997,37.04523599999995,0.9411764705882353,2000000.000000003,73,2e-06,False
200,1000000,COMMON_TEMPLATE_DUPLICATE_BASELINE,FIXED_SLOT_IDLE,H2_FIXED_PER_MINER_HARDWARE,0.1,0.0,False,600.0,10000.0,1666.6666666666667,100.0,20000.0,17,14,3,1016260.6799999966,983739.3200000034,0.0,8468839,1685298961,111463461.19999969,30.96207255555547,13.778122287222184,2.211576611111105,234.37881428571427,50.81303399999983,0.8235294117647058,2000000.0,76,2e-06,False
200,1000000,COMMON_TEMPLATE_DUPLICATE_BASELINE,FIXED_SLOT_IDLE,H2_FIXED_PER_MINER_HARDWARE,0.1,0.0,False,600.0,10000.0,1666.6666666666667,100.0,20000.0,17,17,0,566657.3600000002,1433342.640000006,0.0,4941195,983297805,70999162.39999995,19.721989555555542,8.776285352222216,1.1601170326797376,174.3951176470588,28.332868000000012,1.0,2000000.000000006,77,2e-06,False
200,1000000,COMMON_TEMPLATE_DUPLICATE_BASELINE,FIXED_SLOT_IDLE,H2_FIXED_PER_MINER_HARDWARE,0.1,0.0,False,600.0,10000.0,1666.6666666666667,100.0,20000.0,17,16,1,645749.2799999985,1354250.7200000011,0.0,5381244,1070867556,78117435.19999987,21.699287555555518,9.656182962222205,1.3562054722222199,164.29664999999997,32.28746399999993,0.9411764705882353,1999999.9999999995,74,2e-06,False
200,1000000,COMMON_TEMPLATE_DUPLICATE_BASELINE,FIXED_SLOT_IDLE,H2_FIXED_PER_MINER_HARDWARE,0.1,0.0,False,600.0,10000.0,1666.6666666666667,100.0,20000.0,17,14,3,851683.2799999979,1148316.720000002,0.0,7430694,1478708106,96651495.19999999,26.84763755555555,11.947198712222221,1.9176883968253964,189.88688571428568,42.584163999999895,0.8235294117647058,2000000.0,81,2e-06,False
200,1000000,COMMON_TEMPLATE_DUPLICATE_BASELINE,FIXED_SLOT_IDLE,H2_FIXED_PER_MINER_HARDWARE,0.1,0.0,False,600.0,10000.0,1666.6666666666667,100.0,20000.0,17,15,2,630258.2399999979,1369741.759999998,0.0,5252152,1045178248,76723241.59999986,21.312011555555518,9.483845142222206,1.4208007703703678,130.08608,31.512911999999897,0.8823529411764706,1999999.9999999958,79,2e-06,False
200,1000000,COMMON_TEMPLATE_DUPLICATE_BASELINE,FIXED_SLOT_IDLE,H2_FIXED_PER_MINER_HARDWARE,0.1,0.0,False,600.0,10000.0,1666.6666666666667,100.0,20000.0,17,15,2,927786.6799999974,1072213.3200000029,0.0,8064889,1604912911,103500801.19999965,28.750222555555457,12.793849037222179,1.916681503703697,242.59556000000003,46.38933399999986,0.8823529411764706,2000000.0000000002,86,2e-06,False
200,1000000,COMMON_TEMPLATE_DUPLICATE_BASELINE,FIXED_SLOT_IDLE,H2_FIXED_PER_MINER_HARDWARE,0.1,0.0,False,600.0,10000.0,1666.6666666666667,100.0,20000.0,17,14,3,762950.2400000035,1237049.7599999935,0.0,6395385,1272681615,88665521.59999996,24.629311555555546,10.960043642222217,1.759236539682539,145.51649999999998,38.14751200000017,0.8235294117647058,1999999.999999997,80,2e-06,False
200,1000000,COMMON_TEMPLATE_DUPLICATE_BASELINE,FIXED_SLOT_IDLE,H2_FIXED_PER_MINER_HARDWARE,0.1,0.0,False,600.0,10000.0,1666.6666666666667,100.0,20000.0,17,14,3,898915.439999995,1101084.560000006,0.0,7490962,1490701438,100902389.5999998,28.0284415555555,12.472656492222198,2.0020315396825357,192.46980000000002,44.94577199999976,0.8235294117647058,2000000.0000000012,84,2e-06,False
200,1000000,COMMON_TEMPLATE_DUPLICATE_BASELINE,FIXED_SLOT_IDLE,H2_FIXED_PER_MINER_HARDWARE,0.1,0.0,False,600.0,10000.0,1666.6666666666667,100.0,20000.0,17,17,0,967498.319999996,1032501.6800000044,0.0,8062486,1604434714,107074848.80000032,29.743013555555645,13.235641032222263,1.7495890326797439,284.5583294117647,48.3749159999998,1.0,2000000.0000000005,83,2e-06,False
200,1000000,COMMON_TEMPLATE_DUPLICATE_BASELINE,FIXED_SLOT_IDLE,H2_FIXED_PER_MINER_HARDWARE,0.1,0.0,False,600.0,10000.0,1666.6666666666667,100.0,20000.0,17,15,2,979829.0400000041,1020170.9599999959,0.0,8165242,1624883158,108184613.6000005,30.051281555555693,13.372820292222285,2.0034187703703794,246.60968,48.99145200000021,0.8823529411764706,2000000.0,85,2e-06,False
200,1000000,COMMON_TEMPLATE_DUPLICATE_BASELINE,FIXED_SLOT_IDLE,H2_FIXED_PER_MINER_HARDWARE,0.1,0.0,False,600.0,10000.0,1666.6666666666667,100.0,20000.0,17,14,3,937286.8800000038,1062713.1199999962,0.0,7810724,1554334076,104355819.20000015,28.987727555555598,12.89953876222224,2.0705519682539713,206.17388571428572,46.864344000000195,0.8235294117647058,2000000.0,82,2e-06,False
200,1000000,COMMON_TEMPLATE_DUPLICATE_BASELINE,FIXED_SLOT_IDLE,H2_FIXED_PER_MINER_HARDWARE,0.1,0.0,False,600.0,10000.0,1666.6666666666667,100.0,20000.0,17,17,0,661717.3200000003,1338282.679999996,0.0,5514311,1097347889,79554558.79999997,22.098488555555548,9.83382740722222,1.2999110915032674,194.62274117647058,33.08586600000002,1.0,1999999.9999999963,87,2e-06,False
200,1000000,COMMON_TEMPLATE_DUPLICATE_BASELINE,FIXED_SLOT_IDLE,H2_FIXED_PER_MINER_HARDWARE,0.1,0.0,False,600.0,10000.0,1666.6666666666667,100.0,20000.0,17,15,2,858320.5199999982,1141679.4800000002,0.0,7152671,1423381529,97248846.79999968,27.01356855555547,12.021038007222185,1.8009045703703646,206.10683999999998,42.91602599999991,0.8823529411764706,1999999.9999999984,88,2e-06,False
200,1000000,COMMON_TEMPLATE_DUPLICATE_BASELINE,FIXED_SLOT_IDLE,H2_FIXED_PER_MINER_HARDWARE,0.1,0.0,False,600.0,10000.0,1666.6666666666667,100.0,20000.0,17,14,3,863859.0799999959,1136140.9200000057,0.0,7532159,1498899641,97747317.19999988,27.15203255555552,12.082654487222207,1.9394308968253944,194.2353857142857,43.192953999999794,0.8235294117647058,2000000.0000000016,89,2e-06,False
200,1000000,COMMON_TEMPLATE_DUPLICATE_BASELINE,FIXED_SLOT_IDLE,H2_FIXED_PER_MINER_HARDWARE,0.1,0.0,False,600.0,10000.0,1666.6666666666667,100.0,20000.0,17,14,3,1014669.8400000051,985330.1599999951,0.0,8455582,1682660818,111320285.6000004,30.922301555555666,13.760424192222272,2.2087358253968334,233.81065714285708,50.733492000000254,0.8235294117647058,2000000.0000000002,95,2e-06,False
200,1000000,COMMON_TEMPLATE_DUPLICATE_BASELINE,FIXED_SLOT_IDLE,H2_FIXED_PER_MINER_HARDWARE,0.1,0.0,False,600.0,10000.0,1666.6666666666667,100.0,20000.0,17,15,2,947828.8799999985,1052171.1200000015,0.0,7898574,1571816226,105304599.20000042,29.25127755555567,13.016818512222274,1.950085170370378,235.94296000000003,47.39144399999993,0.8823529411764706,2000000.0,90,2e-06,False
200,1000000,COMMON_TEMPLATE_DUPLICATE_BASELINE,FIXED_SLOT_IDLE,H2_FIXED_PER_MINER_HARDWARE,0.1,0.0,False,600.0,10000.0,1666.6666666666667,100.0,20000.0,17,16,1,611240.5999999979,1388759.4000000032,0.0,5427005,1079973995,75011654.00000016,20.8365705555556,9.272273897222242,1.302285659722225,166.0126875,30.562029999999897,0.9411764705882353,2000000.000000001,94,2e-06,False
200,1000000,COMMON_TEMPLATE_DUPLICATE_BASELINE,FIXED_SLOT_IDLE,H2_FIXED_PER_MINER_HARDWARE,0.1,0.0,False,600.0,10000.0,1666.6666666666667,100.0,20000.0,17,13,4,1048051.8799999973,951948.1200000026,0.0,9067099,1804352701,114324669.20000015,31.756852555555596,14.131799387222241,2.442834811965815,233.86610769230768,52.402593999999866,0.7647058823529411,2000000.0,91,2e-06,False
200,1000000,COMMON_TEMPLATE_DUPLICATE_BASELINE,FIXED_SLOT_IDLE,H2_FIXED_PER_MINER_HARDWARE,0.1,0.0,False,600.0,10000.0,1666.6666666666667,100.0,20000.0,17,15,2,829988.5199999971,1170011.4800000049,0.0,6916571,1376397629,94698966.80000027,26.305268555555628,11.705844507222254,1.7536845703703752,196.66284,41.49942599999986,0.8823529411764706,2000000.0000000019,92,2e-06,False
200,1000000,COMMON_TEMPLATE_DUPLICATE_BASELINE,FIXED_SLOT_IDLE,H2_FIXED_PER_MINER_HARDWARE,0.1,0.0,False,600.0,10000.0,1666.6666666666667,100.0,20000.0,17,15,2,893033.2799999979,1106966.720000002,0.0,7441944,1480946856,100372995.19999996,27.881387555555545,12.407217462222217,1.8587591703703696,217.67775999999992,44.6516639999999,0.8823529411764706,2000000.0,93,2e-06,False
200,1000000,COMMON_TEMPLATE_DUPLICATE_BASELINE,FIXED_SLOT_IDLE,H2_FIXED_PER_MINER_HARDWARE,0.1,0.0,False,600.0,10000.0,1666.6666666666667,100.0,20000.0,17,16,1,877226.0400000024,1122773.9599999976,0.0,7310217,1454733183,98950343.59999977,27.48620655555549,12.231361917222193,1.7178879097222182,236.63313749999998,43.861302000000116,0.9411764705882353,2000000.0,96,2e-06,False
200,1000000,COMMON_TEMPLATE_DUPLICATE_BASELINE,FIXED_SLOT_IDLE,H2_FIXED_PER_MINER_HARDWARE,0.1,0.0,False,600.0,10000.0,1666.6666666666667,100.0,20000.0,17,13,4,1106444.7200000028,893555.2799999964,0.0,9553706,1901187494,119580024.79999965,33.21667355555546,14.78141973222218,2.555128735042728,256.32489230769227,55.32223600000014,0.7647058823529411,1999999.999999999,97,2e-06,False
200,1000000,POCOL_DISJOINT_NONCE,FIXED_SLOT_IDLE,H2_FIXED_PER_MINER_HARDWARE,0.1,0.0,False,600.0,10000.0,1666.6666666666667,100.0,20000.0,17,15,2,5628.480000000114,1994371.519999998,0.0,9380800,0,20506563.199999947,5.696267555555541,2.5348390622222157,0.3797511703703694,1.4761600000000001,0.2814240000000057,0.8823529411764706,1999999.9999999981,1,2e-06,False
200,1000000,POCOL_DISJOINT_NONCE,FIXED_SLOT_IDLE,H2_FIXED_PER_MINER_HARDWARE,0.1,0.0,False,600.0,10000.0,1666.6666666666667,100.0,20000.0,17,15,2,4639.320000000342,1995360.6800000067,0.0,7732200,0,20417538.800000094,5.671538555555582,2.523834657222234,0.37810257037037215,1.14644,0.23196600000001708,0.8823529411764706,2000000.000000007,0,2e-06,False
200,1000000,COMMON_TEMPLATE_DUPLICATE_BASELINE,FIXED_SLOT_IDLE,H2_FIXED_PER_MINER_HARDWARE,0.1,0.0,False,600.0,10000.0,1666.6666666666667,100.0,20000.0,17,14,3,843647.8799999983,1156352.1200000013,0.0,7030399,1399049401,95928309.2000005,26.646752555555693,11.857804887222283,1.9033394682539782,172.73138571428572,42.18239399999991,0.8235294117647058,1999999.9999999995,98,2e-06,False
200,1000000,COMMON_TEMPLATE_DUPLICATE_BASELINE,FIXED_SLOT_IDLE,H2_FIXED_PER_MINER_HARDWARE,0.1,0.0,False,600.0,10000.0,1666.6666666666667,100.0,20000.0,17,17,0,699304.3199999974,1300695.679999999,0.0,5827536,1159679664,82937388.80000001,23.03816355555556,10.251982782222225,1.3551860915032683,205.67774117647056,34.96521599999986,1.0,1999999.9999999963,99,2e-06,False
200,1000000,POCOL_DISJOINT_NONCE,FIXED_SLOT_IDLE,H2_FIXED_PER_MINER_HARDWARE,0.1,0.0,False,600.0,10000.0,1666.6666666666667,100.0,20000.0,17,16,1,3769.4400000000073,1996230.5600000054,0.0,6282400,0,20339249.599999953,5.6497915555555425,2.5141572422222165,0.3531119722222214,0.9904499999999999,0.1884720000000004,0.9411764705882353,2000000.0000000054,4,2e-06,False
200,1000000,POCOL_DISJOINT_NONCE,FIXED_SLOT_IDLE,H2_FIXED_PER_MINER_HARDWARE,0.1,0.0,False,600.0,10000.0,1666.6666666666667,100.0,20000.0,17,12,5,4709.9999999996735,1995289.9999999937,0.0,7850000,0,20423899.999999996,5.6733055555555545,2.524620972222222,0.47277546296296286,0.7124999999999999,0.23549999999998367,0.7058823529411765,1999999.9999999935,2,2e-06,False
200,1000000,POCOL_DISJOINT_NONCE,FIXED_SLOT_IDLE,H2_FIXED_PER_MINER_HARDWARE,0.1,0.0,False,600.0,10000.0,1666.6666666666667,100.0,20000.0,17,13,4,3882.839999999923,1996117.1600000001,0.0,6471400,0,20349455.600000095,5.652626555555582,2.515418817222234,0.4348174273504294,0.570323076923077,0.19414199999999612,0.7647058823529411,2000000.0,3,2e-06,False
200,1000000,POCOL_DISJOINT_NONCE,FIXED_SLOT_IDLE,H2_FIXED_PER_MINER_HARDWARE,0.1,0.0,False,600.0,10000.0,1666.6666666666667,100.0,20000.0,17,14,3,4451.2800000001225,1995548.719999995,0.0,7418800,0,20400615.20000001,5.666837555555558,2.5217427122222236,0.4047741111111113,0.9468857142857143,0.22256400000000612,0.8235294117647058,1999999.999999995,5,2e-06,False
200,1000000,POCOL_DISJOINT_NONCE,FIXED_SLOT_IDLE,H2_FIXED_PER_MINER_HARDWARE,0.1,0.0,False,600.0,10000.0,1666.6666666666667,100.0,20000.0,17,15,2,3933.480000000031,1996066.5200000063,0.0,6555800,0,20354013.199999947,5.653892555555541,2.5159821872222157,0.3769261703703694,0.91116,0.19667400000000154,0.8823529411764706,2000000.0000000063,6,2e-06,False
200,1000000,POCOL_DISJOINT_NONCE,FIXED_SLOT_IDLE,H2_FIXED_PER_MINER_HARDWARE,0.1,0.0,False,600.0,10000.0,1666.6666666666667,100.0,20000.0,17,14,3,4123.440000000028,1995876.5600000035,0.0,6872400,0,20371109.600000065,5.658641555555573,2.5180954922222303,0.4041886825396838,0.8297999999999999,0.2061720000000014,0.8235294117647058,2000000.0000000035,7,2e-06,False
200,1000000,POCOL_DISJOINT_NONCE,FIXED_SLOT_IDLE,H2_FIXED_PER_MINER_HARDWARE,0.1,0.0,False,600.0,10000.0,1666.6666666666667,100.0,20000.0,17,15,2,4556.160000000294,1995443.8399999961,0.0,7593600,0,20410054.39999999,5.669459555555553,2.5229095022222214,0.3779639703703702,1.1187199999999997,0.22780800000001467,0.8823529411764706,1999999.9999999965,8,2e-06,False
200,1000000,POCOL_DISJOINT_NONCE,FIXED_SLOT_IDLE,H2_FIXED_PER_MINER_HARDWARE,0.1,0.0,False,600.0,10000.0,1666.6666666666667,100.0,20000.0,17,15,2,3773.040000000196,1996226.9599999888,0.0,6288400,0,20339573.60000008,5.649881555555578,2.5141972922222324,0.3766587703703719,0.85768,0.1886520000000098,0.8823529411764706,1999999.999999989,9,2e-06,False
200,1000000,POCOL_DISJOINT_NONCE,FIXED_SLOT_IDLE,H2_FIXED_PER_MINER_HARDWARE,0.1,0.0,False,600.0,10000.0,1666.6666666666667,100.0,20000.0,17,15,2,4668.240000000313,1995331.7600000068,0.0,7780400,0,20420141.600000095,5.672261555555582,2.524156392222234,0.3781507703703721,1.15608,0.23341200000001563,0.8823529411764706,2000000.000000007,10,2e-06,False
200,1000000,POCOL_DISJOINT_NONCE,FIXED_SLOT_IDLE,H2_FIXED_PER_MINER_HARDWARE,0.1,0.0,False,600.0,10000.0,1666.6666666666667,100.0,20000.0,17,16,1,3172.439999999917,1996827.5599999933,0.0,5287400,0,20285519.599999987,5.6348665555555515,2.5075156172222206,0.35217915972222197,0.8038875,0.15862199999999585,0.9411764705882353,1999999.9999999932,11,2e-06,False
200,1000000,POCOL_DISJOINT_NONCE,FIXED_SLOT_IDLE,H2_FIXED_PER_MINER_HARDWARE,0.1,0.0,False,600.0,10000.0,1666.6666666666667,100.0,20000.0,17,16,1,4005.9599999997768,1995994.040000008,0.0,6676600,0,20360536.400000002,5.655704555555556,2.516788527222223,0.35348153472222227,1.0643625,0.20029799999998882,0.9411764705882353,2000000.0000000077,12,2e-06,False
200,1000000,POCOL_DISJOINT_NONCE,FIXED_SLOT_IDLE,H2_FIXED_PER_MINER_HARDWARE,0.1,0.0,False,600.0,10000.0,1666.6666666666667,100.0,20000.0,17,17,0,2462.040000000405,1997537.9600000072,0.0,4103400,0,20221583.600000042,5.6171065555555675,2.4996124172222274,0.33041803267973924,0.7241294117647058,0.12310200000002025,1.0,2000000.0000000077,13,2e-06,False
200,1000000,POCOL_DISJOINT_NONCE,FIXED_SLOT_IDLE,H2_FIXED_PER_MINER_HARDWARE,0.1,0.0,False,600.0,10000.0,1666.6666666666667,100.0,20000.0,17,15,2,4067.0400000004297,1995932.9599999937,0.0,6778400,0,20366033.600000046,5.657231555555568,2.517468042222228,0.3771487703703712,0.9556799999999999,0.2033520000000215,0.8823529411764706,1999999.9999999942,14,2e-06,False
200,1000000,POCOL_DISJOINT_NONCE,FIXED_SLOT_IDLE,H2_FIXED_PER_MINER_HARDWARE,0.1,0.0,False,600.0,10000.0,1666.6666666666667,100.0,20000.0,17,17,0,3075.24000000022,1996924.7599999916,0.0,5125400,0,20276771.60000005,5.63243655555557,2.5064342672222284,0.33131979738562173,0.9044823529411765,0.153762000000011,1.0,1999999.9999999919,15,2e-06,False
200,1000000,POCOL_DISJOINT_NONCE,FIXED_SLOT_IDLE,H2_FIXED_PER_MINER_HARDWARE,0.1,0.0,False,600.0,10000.0,1666.6666666666667,100.0,20000.0,17,15,2,4247.759999999829,1995752.240000004,0.0,7079600,0,20382298.399999984,5.661749555555551,2.5194785522222203,0.3774499703703701,1.01592,0.21238799999999147,0.8823529411764706,2000000.0000000037,16,2e-06,False
200,1000000,POCOL_DISJOINT_NONCE,FIXED_SLOT_IDLE,H2_FIXED_PER_MINER_HARDWARE,0.1,0.0,False,600.0,10000.0,1666.6666666666667,100.0,20000.0,17,15,2,4165.319999999997,1995834.679999995,0.0,6942200,0,20374878.800000004,5.659688555555557,2.518561407222223,0.37731257037037047,0.98844,0.20826599999999987,0.8823529411764706,1999999.999999995,17,2e-06,False
200,1000000,POCOL_DISJOINT_NONCE,FIXED_SLOT_IDLE,H2_FIXED_PER_MINER_HARDWARE,0.1,0.0,False,600.0,10000.0,1666.6666666666667,100.0,20000.0,17,16,1,3390.240000000001,1996609.7599999981,0.0,5650400,0,20305121.599999893,5.640311555555526,2.5099386422222087,0.35251947222222035,0.8719499999999999,0.16951200000000005,0.9411764705882353,1999999.9999999981,18,2e-06,False
200,1000000,POCOL_DISJOINT_NONCE,FIXED_SLOT_IDLE,H2_FIXED_PER_MINER_HARDWARE,0.1,0.0,False,600.0,10000.0,1666.6666666666667,100.0,20000.0,17,16,1,4699.440000000204,1995300.5599999917,0.0,7832400,0,20422949.599999953,5.6730415555555425,2.5245034922222165,0.3545650972222214,1.281075,0.23497200000001023,0.9411764705882353,1999999.9999999919,19,2e-06,False
200,1000000,POCOL_DISJOINT_NONCE,FIXED_SLOT_IDLE,H2_FIXED_PER_MINER_HARDWARE,0.1,0.0,False,600.0,10000.0,1666.6666666666667,100.0,20000.0,17,12,5,4926.840000000337,1995073.1600000048,0.0,8211400,0,20443415.600000035,5.678726555555565,2.5270333172222266,0.4732272129629638,0.8028499999999998,0.24634200000001683,0.7058823529411765,2000000.0000000051,21,2e-06,False
200,1000000,POCOL_DISJOINT_NONCE,FIXED_SLOT_IDLE,H2_FIXED_PER_MINER_HARDWARE,0.1,0.0,False,600.0,10000.0,1666.6666666666667,100.0,20000.0,17,15,2,5340.840000000029,1994659.159999995,0.0,8901400,0,20480675.59999997,5.689076555555547,2.5316390672222187,0.3792717703703698,1.38028,0.26704200000000144,0.8823529411764706,1999999.999999995,20,2e-06,False
200,1000000,POCOL_DISJOINT_NONCE,FIXED_SLOT_IDLE,H2_FIXED_PER_MINER_HARDWARE,0.1,0.0,False,600.0,10000.0,1666.6666666666667,100.0,20000.0,17,17,0,3443.280000000323,1996556.7199999955,0.0,5738800,0,20309895.199999977,5.641637555555549,2.5105287122222193,0.3318610326797382,1.0127294117647059,0.17216400000001617,1.0,1999999.9999999958,22,2e-06,False
200,1000000,POCOL_DISJOINT_NONCE,FIXED_SLOT_IDLE,H2_FIXED_PER_MINER_HARDWARE,0.1,0.0,False,600.0,10000.0,1666.6666666666667,100.0,20000.0,17,16,1,3265.080000000131,1996734.9200000046,0.0,5441800,0,20293857.199999984,5.637182555555551,2.50854623722222,0.35232390972222194,0.8328374999999998,0.16325400000000656,0.9411764705882353,2000000.0000000047,23,2e-06,False
200,1000000,POCOL_DISJOINT_NONCE,FIXED_SLOT_IDLE,H2_FIXED_PER_MINER_HARDWARE,0.1,0.0,False,600.0,10000.0,1666.6666666666667,100.0,20000.0,17,17,0,4492.200000000294,1995507.8000000091,0.0,7487000,0,20404297.999999978,5.667860555555549,2.5221979472222196,0.3334035620915029,1.321235294117647,0.22461000000001466,1.0,2000000.0000000093,24,2e-06,False
200,1000000,POCOL_DISJOINT_NONCE,FIXED_SLOT_IDLE,H2_FIXED_PER_MINER_HARDWARE,0.1,0.0,False,600.0,10000.0,1666.6666666666667,100.0,20000.0,17,16,1,3817.079999999715,1996182.920000003,0.0,6361800,0,20343537.200000063,5.650982555555573,2.51468723722223,0.3531864097222233,1.0053375,0.19085399999998573,0.9411764705882353,2000000.0000000026,26,2e-06,False
200,1000000,POCOL_DISJOINT_NONCE,FIXED_SLOT_IDLE,H2_FIXED_PER_MINER_HARDWARE,0.1,0.0,False,600.0,10000.0,1666.6666666666667,100.0,20000.0,17,12,5,5824.7999999996555,1994175.1999999955,0.0,9708000,0,20524232.000000015,5.70117555555556,2.5370231222222244,0.4750979629629633,1.1769999999999998,0.2912399999999828,0.7058823529411765,1999999.999999995,25,2e-06,False
200,1000000,POCOL_DISJOINT_NONCE,FIXED_SLOT_IDLE,H2_FIXED_PER_MINER_HARDWARE,0.1,0.0,False,600.0,10000.0,1666.6666666666667,100.0,20000.0,17,15,2,4902.959999999923,1995097.0399999993,0.0,8171600,0,20441266.399999995,5.678129555555554,2.5267676522222215,0.37854197037037024,1.23432,0.24514799999999612,0.8823529411764706,1999999.9999999993,27,2e-06,False
200,1000000,POCOL_DISJOINT_NONCE,FIXED_SLOT_IDLE,H2_FIXED_PER_MINER_HARDWARE,0.1,0.0,False,600.0,10000.0,1666.6666666666667,100.0,20000.0,17,17,0,3695.2800000003613,1996304.719999994,0.0,6158800,0,20332575.199999966,5.647937555555546,2.513332212222218,0.3322316209150321,1.0868470588235288,0.18476400000001808,1.0,1999999.9999999942,28,2e-06,False
200,1000000,POCOL_DISJOINT_NONCE,FIXED_SLOT_IDLE,H2_FIXED_PER_MINER_HARDWARE,0.1,0.0,False,600.0,10000.0,1666.6666666666667,100.0,20000.0,17,14,3,4679.639999999641,1995320.3600000031,0.0,7799400,0,20421167.599999923,5.6725465555555346,2.5242832172222127,0.40518189682539535,1.028442857142857,0.23398199999998204,0.8235294117647058,2000000.0000000028,30,2e-06,False
200,1000000,POCOL_DISJOINT_NONCE,FIXED_SLOT_IDLE,H2_FIXED_PER_MINER_HARDWARE,0.1,0.0,False,600.0,10000.0,1666.6666666666667,100.0,20000.0,17,14,3,5157.95999999984,1994842.0400000063,0.0,8596600,0,20464216.399999995,5.684504555555554,2.5296045272222214,0.4060360396825396,1.1992714285714285,0.257897999999992,0.8235294117647058,2000000.000000006,29,2e-06,False
200,1000000,POCOL_DISJOINT_NONCE,FIXED_SLOT_IDLE,H2_FIXED_PER_MINER_HARDWARE,0.1,0.0,False,600.0,10000.0,1666.6666666666667,100.0,20000.0,17,13,4,5105.039999999994,1994894.9599999958,0.0,8508400,0,20459453.59999992,5.683181555555533,2.5290157922222125,0.4371678119658103,1.0404,0.2552519999999997,0.7647058823529411,1999999.9999999958,33,2e-06,False
200,1000000,POCOL_DISJOINT_NONCE,FIXED_SLOT_IDLE,H2_FIXED_PER_MINER_HARDWARE,0.1,0.0,False,600.0,10000.0,1666.6666666666667,100.0,20000.0,17,15,2,5428.079999999627,1994571.9200000067,0.0,9046800,0,20488527.199999984,5.691257555555551,2.5326096122222204,0.3794171703703701,1.40936,0.2714039999999814,0.8823529411764706,2000000.0000000063,35,2e-06,False
200,1000000,POCOL_DISJOINT_NONCE,FIXED_SLOT_IDLE,H2_FIXED_PER_MINER_HARDWARE,0.1,0.0,False,600.0,10000.0,1666.6666666666667,100.0,20000.0,17,15,2,5858.400000000316,1994141.600000008,0.0,9764000,0,20527256.000000007,5.702015555555557,2.5373969222222232,0.3801343703703705,1.5527999999999997,0.29292000000001583,0.8823529411764706,2000000.0000000084,36,2e-06,False
200,1000000,POCOL_DISJOINT_NONCE,FIXED_SLOT_IDLE,H2_FIXED_PER_MINER_HARDWARE,0.1,0.0,False,600.0,10000.0,1666.6666666666667,100.0,20000.0,17,17,0,4744.079999999727,1995255.9200000016,0.0,7906800,0,20426967.199999902,5.674157555555529,2.5250001122222105,0.33377397385620755,1.3953176470588233,0.23720399999998634,1.0,2000000.0000000014,31,2e-06,False
200,1000000,POCOL_DISJOINT_NONCE,FIXED_SLOT_IDLE,H2_FIXED_PER_MINER_HARDWARE,0.1,0.0,False,600.0,10000.0,1666.6666666666667,100.0,20000.0,17,16,1,4872.359999999937,1995127.639999995,0.0,8120600,0,20438512.40000003,5.677364555555563,2.5264272272222255,0.3548352847222227,1.3351124999999997,0.24361799999999686,0.9411764705882353,1999999.9999999949,34,2e-06,False
200,1000000,POCOL_DISJOINT_NONCE,FIXED_SLOT_IDLE,H2_FIXED_PER_MINER_HARDWARE,0.1,0.0,False,600.0,10000.0,1666.6666666666667,100.0,20000.0,17,15,2,3932.2799999999024,1996067.7199999918,0.0,6553800,0,20353905.200000048,5.653862555555569,2.515968837222228,0.37692417037037124,0.9107599999999999,0.1966139999999951,0.8823529411764706,1999999.9999999916,32,2e-06,False
200,1000000,POCOL_DISJOINT_NONCE,FIXED_SLOT_IDLE,H2_FIXED_PER_MINER_HARDWARE,0.1,0.0,False,600.0,10000.0,1666.6666666666667,100.0,20000.0,17,16,1,3516.1200000002927,1996483.8800000024,0.0,5860200,0,20316450.80000007,5.643458555555576,2.5113390572222314,0.3527161597222235,0.9112875,0.17580600000001465,0.9411764705882353,2000000.0000000028,38,2e-06,False
200,1000000,POCOL_DISJOINT_NONCE,FIXED_SLOT_IDLE,H2_FIXED_PER_MINER_HARDWARE,0.1,0.0,False,600.0,10000.0,1666.6666666666667,100.0,20000.0,17,12,5,4898.160000000041,1995101.8399999952,0.0,8163600,0,20440834.39999997,5.678009555555547,2.5267142522222183,0.47316746296296225,0.7909,0.24490800000000204,0.7058823529411765,1999999.9999999953,37,2e-06,False
200,1000000,POCOL_DISJOINT_NONCE,FIXED_SLOT_IDLE,H2_FIXED_PER_MINER_HARDWARE,0.1,0.0,False,600.0,10000.0,1666.6666666666667,100.0,20000.0,17,14,3,4815.480000000043,1995184.5199999958,0.0,8025800,0,20433393.199999936,5.675942555555538,2.5257944372222143,0.405424468253967,1.076957142857143,0.24077400000000215,0.8235294117647058,1999999.9999999958,39,2e-06,False
200,1000000,POCOL_DISJOINT_NONCE,FIXED_SLOT_IDLE,H2_FIXED_PER_MINER_HARDWARE,0.1,0.0,False,600.0,10000.0,1666.6666666666667,100.0,20000.0,17,15,2,3698.3999999998814,1996301.5999999943,0.0,6164000,0,20332855.999999993,5.648015555555554,2.5133669222222212,0.37653437037037024,0.8328000000000001,0.18491999999999406,0.8823529411764706,1999999.9999999942,40,2e-06,False
200,1000000,POCOL_DISJOINT_NONCE,FIXED_SLOT_IDLE,H2_FIXED_PER_MINER_HARDWARE,0.1,0.0,False,600.0,10000.0,1666.6666666666667,100.0,20000.0,17,15,2,4213.680000000297,1995786.320000002,0.0,7022800,0,20379231.199999962,5.660897555555545,2.5190994122222174,0.3773931703703697,1.00456,0.21068400000001483,0.8823529411764706,2000000.0000000023,41,2e-06,False
200,1000000,POCOL_DISJOINT_NONCE,FIXED_SLOT_IDLE,H2_FIXED_PER_MINER_HARDWARE,0.1,0.0,False,600.0,10000.0,1666.6666666666667,100.0,20000.0,17,16,1,2684.8800000003052,1997315.120000008,0.0,4474800,0,20241639.20000001,5.622677555555558,2.5020915122222234,0.3514173472222224,0.651525,0.13424400000001524,0.9411764705882353,2000000.0000000084,42,2e-06,False
200,1000000,POCOL_DISJOINT_NONCE,FIXED_SLOT_IDLE,H2_FIXED_PER_MINER_HARDWARE,0.1,0.0,False,600.0,10000.0,1666.6666666666667,100.0,20000.0,17,17,0,4405.680000000231,1995594.3200000066,0.0,7342800,0,20396511.200000055,5.665697555555571,2.521235412222229,0.33327632679738656,1.2957882352941172,0.22028400000001155,1.0,2000000.0000000068,43,2e-06,False
200,1000000,POCOL_DISJOINT_NONCE,FIXED_SLOT_IDLE,H2_FIXED_PER_MINER_HARDWARE,0.1,0.0,False,600.0,10000.0,1666.6666666666667,100.0,20000.0,17,16,1,4145.1599999999435,1995854.8400000082,0.0,6908600,0,20373064.40000006,5.659184555555573,2.51833712722223,0.3536990347222233,1.1078625,0.20725799999999717,0.9411764705882353,2000000.0000000081,44,2e-06,False
200,1000000,POCOL_DISJOINT_NONCE,FIXED_SLOT_IDLE,H2_FIXED_PER_MINER_HARDWARE,0.1,0.0,False,600.0,10000.0,1666.6666666666667,100.0,20000.0,17,14,3,4311.720000000054,1995688.279999991,0.0,7186200,0,20388054.800000034,5.663348555555565,2.5201901072222266,0.4045248968253975,0.8970428571428571,0.21558600000000272,0.8235294117647058,1999999.999999991,45,2e-06,False
200,1000000,POCOL_DISJOINT_NONCE,FIXED_SLOT_IDLE,H2_FIXED_PER_MINER_HARDWARE,0.1,0.0,False,600.0,10000.0,1666.6666666666667,100.0,20000.0,17,12,5,6057.240000000406,1993942.7600000044,0.0,10095400,0,20545151.600000028,5.706986555555563,2.5396090172222254,0.4755822129629636,1.2738500000000001,0.30286200000002034,0.7058823529411765,2000000.000000005,48,2e-06,False
200,1000000,POCOL_DISJOINT_NONCE,FIXED_SLOT_IDLE,H2_FIXED_PER_MINER_HARDWARE,0.1,0.0,False,600.0,10000.0,1666.6666666666667,100.0,20000.0,17,13,4,4324.679999999636,1995675.3200000054,0.0,7207800,0,20389221.199999984,5.663672555555551,2.5203342872222203,0.43566711965811933,0.7402615384615385,0.21623399999998177,0.7647058823529411,2000000.0000000051,46,2e-06,False
200,1000000,POCOL_DISJOINT_NONCE,FIXED_SLOT_IDLE,H2_FIXED_PER_MINER_HARDWARE,0.1,0.0,False,600.0,10000.0,1666.6666666666667,100.0,20000.0,17,15,2,3657.4800000000373,1996342.5199999963,0.0,6095800,0,20329173.20000006,5.646992555555572,2.5129116872222297,0.3764661703703715,0.8191600000000001,0.18287400000000187,0.8823529411764706,1999999.9999999963,47,2e-06,False
200,1000000,POCOL_DISJOINT_NONCE,FIXED_SLOT_IDLE,H2_FIXED_PER_MINER_HARDWARE,0.1,0.0,False,600.0,10000.0,1666.6666666666667,100.0,20000.0,17,13,4,5640.840000000029,1994359.159999995,0.0,9401400,0,20507675.600000013,5.696576555555559,2.5349765672222238,0.43819819658119685,1.246476923076923,0.28204200000000146,0.7647058823529411,1999999.999999995,50,2e-06,False
200,1000000,POCOL_DISJOINT_NONCE,FIXED_SLOT_IDLE,H2_FIXED_PER_MINER_HARDWARE,0.1,0.0,False,600.0,10000.0,1666.6666666666667,100.0,20000.0,17,13,4,6126.719999999854,1993873.2799999975,0.0,10211200,0,20551404.800000027,5.708723555555563,2.5403819822222258,0.4391325811965818,1.4333538461538458,0.30633599999999267,0.7647058823529411,1999999.9999999972,49,2e-06,False
200,1000000,POCOL_DISJOINT_NONCE,FIXED_SLOT_IDLE,H2_FIXED_PER_MINER_HARDWARE,0.1,0.0,False,600.0,10000.0,1666.6666666666667,100.0,20000.0,17,15,2,4273.199999999746,1995726.8000000059,0.0,7122000,0,20384587.99999998,5.6623855555555505,2.51976157222222,0.37749237037037003,1.0244,0.2136599999999873,0.8823529411764706,2000000.0000000056,51,2e-06,False
200,1000000,POCOL_DISJOINT_NONCE,FIXED_SLOT_IDLE,H2_FIXED_PER_MINER_HARDWARE,0.1,0.0,False,600.0,10000.0,1666.6666666666667,100.0,20000.0,17,13,4,5476.43999999982,1994523.5599999903,0.0,9127400,0,20492879.59999994,5.692466555555538,2.5331476172222143,0.4378820427350414,1.1832461538461538,0.273821999999991,0.7647058823529411,1999999.99999999,52,2e-06,False
200,1000000,POCOL_DISJOINT_NONCE,FIXED_SLOT_IDLE,H2_FIXED_PER_MINER_HARDWARE,0.1,0.0,False,600.0,10000.0,1666.6666666666667,100.0,20000.0,17,13,4,4591.079999999789,1995408.919999993,0.0,7651800,0,20413197.2,5.6703325555555555,2.523297987222222,0.43617942735042736,0.8427230769230769,0.22955399999998943,0.7647058823529411,1999999.9999999928,54,2e-06,False
200,1000000,POCOL_DISJOINT_NONCE,FIXED_SLOT_IDLE,H2_FIXED_PER_MINER_HARDWARE,0.1,0.0,False,600.0,10000.0,1666.6666666666667,100.0,20000.0,17,17,0,3226.200000000307,1996773.7999999926,0.0,5377000,0,20290358.000000056,5.6362105555555715,2.5081136972222295,0.33154179738562184,0.9488823529411763,0.16131000000001536,1.0,1999999.999999993,53,2e-06,False
200,1000000,POCOL_DISJOINT_NONCE,FIXED_SLOT_IDLE,H2_FIXED_PER_MINER_HARDWARE,0.1,0.0,False,600.0,10000.0,1666.6666666666667,100.0,20000.0,17,13,4,4479.720000000022,1995520.2800000058,0.0,7466200,0,20403174.800000038,5.667548555555566,2.5220591072222267,0.43596527350427433,0.7998923076923076,0.2239860000000011,0.7647058823529411,2000000.0000000058,55,2e-06,False
200,1000000,POCOL_DISJOINT_NONCE,FIXED_SLOT_IDLE,H2_FIXED_PER_MINER_HARDWARE,0.1,0.0,False,600.0,10000.0,1666.6666666666667,100.0,20000.0,17,14,3,5361.600000000013,1994638.4000000053,0.0,8936000,0,20482544.000000004,5.689595555555557,2.531870022222223,0.4063996825396826,1.272,0.26808000000000065,0.8235294117647058,2000000.0000000054,56,2e-06,False
200,1000000,POCOL_DISJOINT_NONCE,FIXED_SLOT_IDLE,H2_FIXED_PER_MINER_HARDWARE,0.1,0.0,False,600.0,10000.0,1666.6666666666667,100.0,20000.0,17,13,4,5499.959999999983,1994500.0399999907,0.0,9166600,0,20494996.400000084,5.693054555555579,2.533409277222233,0.43792727350427535,1.1922923076923078,0.27499799999999913,0.7647058823529411,1999999.9999999907,57,2e-06,False
200,1000000,POCOL_DISJOINT_NONCE,FIXED_SLOT_IDLE,H2_FIXED_PER_MINER_HARDWARE,0.1,0.0,False,600.0,10000.0,1666.6666666666667,100.0,20000.0,17,14,3,4377.479999999639,1995622.5200000098,0.0,7295800,0,20393973.200000018,5.6649925555555605,2.5209216872222244,0.40464232539682576,0.9205285714285714,0.21887399999998194,0.8235294117647058,2000000.0000000095,58,2e-06,False
200,1000000,POCOL_DISJOINT_NONCE,FIXED_SLOT_IDLE,H2_FIXED_PER_MINER_HARDWARE,0.1,0.0,False,600.0,10000.0,1666.6666666666667,100.0,20000.0,17,15,2,4466.640000000169,1995533.360000001,0.0,7444400,0,20401997.60000005,5.667221555555569,2.521913592222228,0.37781477037037126,1.0888799999999998,0.22333200000000844,0.8823529411764706,2000000.0000000012,59,2e-06,False
200,1000000,POCOL_DISJOINT_NONCE,FIXED_SLOT_IDLE,H2_FIXED_PER_MINER_HARDWARE,0.1,0.0,False,600.0,10000.0,1666.6666666666667,100.0,20000.0,17,15,2,3479.64000000029,1996520.3600000031,0.0,5799400,0,20313167.599999968,5.642546555555547,2.5109332172222185,0.3761697703703698,0.75988,0.1739820000000145,0.8823529411764706,2000000.0000000035,60,2e-06,False
200,1000000,POCOL_DISJOINT_NONCE,FIXED_SLOT_IDLE,H2_FIXED_PER_MINER_HARDWARE,0.1,0.0,False,600.0,10000.0,1666.6666666666667,100.0,20000.0,17,15,2,3304.3200000003712,1996695.6799999927,0.0,5507200,0,20297388.799999967,5.638163555555546,2.508982782222218,0.37587757037036973,0.70144,0.16521600000001857,0.8823529411764706,1999999.999999993,62,2e-06,False
200,1000000,POCOL_DISJOINT_NONCE,FIXED_SLOT_IDLE,H2_FIXED_PER_MINER_HARDWARE,0.1,0.0,False,600.0,10000.0,1666.6666666666667,100.0,20000.0,17,16,1,4690.800000000051,1995309.2000000065,0.0,7818000,0,20422171.999999944,5.67282555555554,2.5244073722222153,0.35455159722222124,1.278375,0.23454000000000255,0.9411764705882353,2000000.0000000065,61,2e-06,False
200,1000000,POCOL_DISJOINT_NONCE,FIXED_SLOT_IDLE,H2_FIXED_PER_MINER_HARDWARE,0.1,0.0,False,600.0,10000.0,1666.6666666666667,100.0,20000.0,17,15,2,4349.639999999812,1995650.3599999961,0.0,7249400,0,20391467.599999923,5.664296555555534,2.5206119672222127,0.3776197703703689,1.0498800000000001,0.2174819999999906,0.8823529411764706,1999999.999999996,63,2e-06,False
200,1000000,POCOL_DISJOINT_NONCE,FIXED_SLOT_IDLE,H2_FIXED_PER_MINER_HARDWARE,0.1,0.0,False,600.0,10000.0,1666.6666666666667,100.0,20000.0,17,14,3,5359.2000000004045,1994640.7999999935,0.0,8932000,0,20482328.0000001,5.689535555555583,2.5318433222222345,0.40639539682539877,1.2711428571428574,0.26796000000002024,0.8235294117647058,1999999.999999994,64,2e-06,False
200,1000000,POCOL_DISJOINT_NONCE,FIXED_SLOT_IDLE,H2_FIXED_PER_MINER_HARDWARE,0.1,0.0,False,600.0,10000.0,1666.6666666666667,100.0,20000.0,17,13,4,4593.359999999924,1995406.6399999924,0.0,7655600,0,20413402.39999995,5.670389555555541,2.523323352222216,0.43618381196581085,0.8435999999999998,0.2296679999999962,0.7647058823529411,1999999.9999999923,66,2e-06,False
200,1000000,POCOL_DISJOINT_NONCE,FIXED_SLOT_IDLE,H2_FIXED_PER_MINER_HARDWARE,0.1,0.0,False,600.0,10000.0,1666.6666666666667,100.0,20000.0,17,15,2,4073.2800000000666,1995926.7200000025,0.0,6788800,0,20366595.199999966,5.657387555555546,2.517537462222218,0.3771591703703698,0.9577600000000001,0.20366400000000331,0.8823529411764706,2000000.0000000026,67,2e-06,False
200,1000000,POCOL_DISJOINT_NONCE,FIXED_SLOT_IDLE,H2_FIXED_PER_MINER_HARDWARE,0.1,0.0,False,600.0,10000.0,1666.6666666666667,100.0,20000.0,17,14,3,4333.799999999797,1995666.200000001,0.0,7223000,0,20390041.999999948,5.663900555555541,2.5204357472222156,0.40456432539682435,0.9049285714285712,0.21668999999998986,0.8235294117647058,2000000.0000000007,65,2e-06,False
200,1000000,POCOL_DISJOINT_NONCE,FIXED_SLOT_IDLE,H2_FIXED_PER_MINER_HARDWARE,0.1,0.0,False,600.0,10000.0,1666.6666666666667,100.0,20000.0,17,12,5,7099.800000000091,1992900.1999999955,0.0,11833000,0,20638982.000000026,5.733050555555563,2.5512074972222254,0.47775421296296355,1.7082499999999998,0.3549900000000045,0.7058823529411765,1999999.9999999956,69,2e-06,False
200,1000000,POCOL_DISJOINT_NONCE,FIXED_SLOT_IDLE,H2_FIXED_PER_MINER_HARDWARE,0.1,0.0,False,600.0,10000.0,1666.6666666666667,100.0,20000.0,17,16,1,3602.5200000003683,1996397.479999997,0.0,6004200,0,20324226.799999982,5.645618555555551,2.51230025722222,0.3528511597222219,0.9382874999999999,0.1801260000000184,0.9411764705882353,1999999.9999999974,73,2e-06,False
200,1000000,POCOL_DISJOINT_NONCE,FIXED_SLOT_IDLE,H2_FIXED_PER_MINER_HARDWARE,0.1,0.0,False,600.0,10000.0,1666.6666666666667,100.0,20000.0,17,14,3,6029.400000000111,1993970.5999999894,0.0,10049000,0,20542646.00000007,5.706290555555575,2.539299297222231,0.40759218253968393,1.5105,0.3014700000000055,0.8235294117647058,1999999.9999999895,75,2e-06,False
200,1000000,POCOL_DISJOINT_NONCE,FIXED_SLOT_IDLE,H2_FIXED_PER_MINER_HARDWARE,0.1,0.0,False,600.0,10000.0,1666.6666666666667,100.0,20000.0,17,11,6,6087.600000000399,1993912.3999999936,0.0,10146000,0,20547884.000000067,5.707745555555574,2.5399467722222306,0.5188859595959613,1.1307272727272726,0.3043800000000199,0.6470588235294118,1999999.999999994,71,2e-06,False
200,1000000,POCOL_DISJOINT_NONCE,FIXED_SLOT_IDLE,H2_FIXED_PER_MINER_HARDWARE,0.1,0.0,False,600.0,10000.0,1666.6666666666667,100.0,20000.0,17,14,3,4884.359999999762,1995115.640000009,0.0,8140600,0,20439592.399999995,5.6776645555555545,2.526560727222222,0.4055474682539682,1.1015571428571427,0.24421799999998814,0.8235294117647058,2000000.0000000088,68,2e-06,False
200,1000000,POCOL_DISJOINT_NONCE,FIXED_SLOT_IDLE,H2_FIXED_PER_MINER_HARDWARE,0.1,0.0,False,600.0,10000.0,1666.6666666666667,100.0,20000.0,17,16,1,2830.920000000091,1997169.0799999984,0.0,4718200,0,20254782.800000086,5.626328555555579,2.503716207222233,0.3516455347222237,0.6971624999999999,0.14154600000000453,0.9411764705882353,1999999.9999999986,72,2e-06,False
200,1000000,POCOL_DISJOINT_NONCE,FIXED_SLOT_IDLE,H2_FIXED_PER_MINER_HARDWARE,0.1,0.0,False,600.0,10000.0,1666.6666666666667,100.0,20000.0,17,14,3,5161.920000000167,1994838.079999995,0.0,8603200,0,20464572.800000016,5.68460355555556,2.529648582222224,0.4060431111111114,1.2006857142857144,0.2580960000000084,0.8235294117647058,1999999.999999995,70,2e-06,False
200,1000000,POCOL_DISJOINT_NONCE,FIXED_SLOT_IDLE,H2_FIXED_PER_MINER_HARDWARE,0.1,0.0,False,600.0,10000.0,1666.6666666666667,100.0,20000.0,17,16,1,3956.400000000207,1996043.6000000099,0.0,6594000,0,20356076.000000026,5.6544655555555625,2.516237172222225,0.35340409722222266,1.0488750000000002,0.19782000000001035,0.9411764705882353,2000000.00000001,74,2e-06,False
200,1000000,POCOL_DISJOINT_NONCE,FIXED_SLOT_IDLE,H2_FIXED_PER_MINER_HARDWARE,0.1,0.0,False,600.0,10000.0,1666.6666666666667,100.0,20000.0,17,14,3,5378.639999999974,1994621.3599999931,0.0,8964400,0,20484077.60000004,5.690021555555567,2.532059592222227,0.4064301111111119,1.2780857142857143,0.2689319999999987,0.8235294117647058,1999999.999999993,82,2e-06,False
200,1000000,POCOL_DISJOINT_NONCE,FIXED_SLOT_IDLE,H2_FIXED_PER_MINER_HARDWARE,0.1,0.0,False,600.0,10000.0,1666.6666666666667,100.0,20000.0,17,14,3,5067.840000000141,1994932.1599999939,0.0,8446400,0,20456105.6000001,5.682251555555583,2.5286019422222346,0.4058751111111131,1.167085714285714,0.25339200000000706,0.8235294117647058,1999999.999999994,76,2e-06,False
200,1000000,POCOL_DISJOINT_NONCE,FIXED_SLOT_IDLE,H2_FIXED_PER_MINER_HARDWARE,0.1,0.0,False,600.0,10000.0,1666.6666666666667,100.0,20000.0,17,17,0,3681.599999999981,1996318.3999999922,0.0,6136000,0,20331344.000000007,5.647595555555558,2.5131800222222234,0.332211503267974,1.0828235294117647,0.18407999999999905,1.0,1999999.9999999923,83,2e-06,False
200,1000000,POCOL_DISJOINT_NONCE,FIXED_SLOT_IDLE,H2_FIXED_PER_MINER_HARDWARE,0.1,0.0,False,600.0,10000.0,1666.6666666666667,100.0,20000.0,17,17,0,3280.3200000001216,1996719.6800000027,0.0,5467200,0,20295228.800000004,5.637563555555557,2.508715782222223,0.33162138562091514,0.9647999999999999,0.16401600000000607,1.0,2000000.0000000028,77,2e-06,False
200,1000000,POCOL_DISJOINT_NONCE,FIXED_SLOT_IDLE,H2_FIXED_PER_MINER_HARDWARE,0.1,0.0,False,600.0,10000.0,1666.6666666666667,100.0,20000.0,17,14,3,4354.560000000015,1995645.4400000062,0.0,7257600,0,20391910.39999998,5.66441955555555,2.52066670222222,0.4046013968253964,0.912342857142857,0.21772800000000075,0.8235294117647058,2000000.0000000063,81,2e-06,False
200,1000000,POCOL_DISJOINT_NONCE,FIXED_SLOT_IDLE,H2_FIXED_PER_MINER_HARDWARE,0.1,0.0,False,600.0,10000.0,1666.6666666666667,100.0,20000.0,17,13,4,5198.879999999426,1994801.1200000057,0.0,8664800,0,20467899.199999887,5.685527555555525,2.5300597622222085,0.43734827350427113,1.0764923076923076,0.2599439999999713,0.7647058823529411,2000000.0000000051,78,2e-06,False
200,1000000,POCOL_DISJOINT_NONCE,FIXED_SLOT_IDLE,H2_FIXED_PER_MINER_HARDWARE,0.1,0.0,False,600.0,10000.0,1666.6666666666667,100.0,20000.0,17,14,3,5493.599999999789,1994506.3999999901,0.0,9156000,0,20494423.999999974,5.692895555555548,2.533338522222219,0.4066353968253963,1.319142857142857,0.2746799999999895,0.8235294117647058,1999999.99999999,84,2e-06,False
200,1000000,POCOL_DISJOINT_NONCE,FIXED_SLOT_IDLE,H2_FIXED_PER_MINER_HARDWARE,0.1,0.0,False,600.0,10000.0,1666.6666666666667,100.0,20000.0,17,15,2,4353.479999999583,1995646.519999998,0.0,7255800,0,20391813.199999936,5.664392555555538,2.520654687222214,0.3776261703703692,1.05116,0.21767399999997916,0.8823529411764706,1999999.9999999974,79,2e-06,False
200,1000000,POCOL_DISJOINT_NONCE,FIXED_SLOT_IDLE,H2_FIXED_PER_MINER_HARDWARE,0.1,0.0,False,600.0,10000.0,1666.6666666666667,100.0,20000.0,17,15,2,3759.1200000002573,1996240.8799999952,0.0,6265200,0,20338320.799999986,5.649533555555552,2.5140424322222206,0.3766355703703701,0.85304,0.18795600000001286,0.8823529411764706,1999999.9999999956,88,2e-06,False
200,1000000,POCOL_DISJOINT_NONCE,FIXED_SLOT_IDLE,H2_FIXED_PER_MINER_HARDWARE,0.1,0.0,False,600.0,10000.0,1666.6666666666667,100.0,20000.0,17,14,3,4499.999999999818,1995500.0,0.0,7500000,0,20404999.999999996,5.668055555555554,2.5222847222222216,0.404861111111111,0.9642857142857143,0.22499999999999093,0.8235294117647058,1999999.9999999998,80,2e-06,False
200,1000000,POCOL_DISJOINT_NONCE,FIXED_SLOT_IDLE,H2_FIXED_PER_MINER_HARDWARE,0.1,0.0,False,600.0,10000.0,1666.6666666666667,100.0,20000.0,17,15,2,3868.9199999997923,1996131.0800000064,0.0,6448200,0,20348202.79999996,5.652278555555545,2.5152639572222175,0.37681857037036964,0.88964,0.1934459999999896,0.8823529411764706,2000000.000000006,86,2e-06,False
200,1000000,POCOL_DISJOINT_NONCE,FIXED_SLOT_IDLE,H2_FIXED_PER_MINER_HARDWARE,0.1,0.0,False,600.0,10000.0,1666.6666666666667,100.0,20000.0,17,15,2,5360.760000000245,1994639.23999999,0.0,8934600,0,20482468.400000032,5.689574555555565,2.5318606772222263,0.379304970370371,1.3869200000000002,0.2680380000000122,0.8823529411764706,1999999.9999999902,90,2e-06,False
200,1000000,POCOL_DISJOINT_NONCE,FIXED_SLOT_IDLE,H2_FIXED_PER_MINER_HARDWARE,0.1,0.0,False,600.0,10000.0,1666.6666666666667,100.0,20000.0,17,15,2,4350.599999999856,1995649.3999999957,0.0,7251000,0,20391553.99999993,5.664320555555536,2.5206226472222135,0.3776213703703691,1.0501999999999998,0.21752999999999278,0.8823529411764706,1999999.9999999956,85,2e-06,False
200,1000000,POCOL_DISJOINT_NONCE,FIXED_SLOT_IDLE,H2_FIXED_PER_MINER_HARDWARE,0.1,0.0,False,600.0,10000.0,1666.6666666666667,100.0,20000.0,17,17,0,3156.2399999999575,1996843.759999993,0.0,5260400,0,20284061.599999968,5.634461555555546,2.507335392222218,0.3314389150326792,0.9283058823529413,0.15781199999999787,1.0,1999999.999999993,87,2e-06,False
200,1000000,POCOL_DISJOINT_NONCE,FIXED_SLOT_IDLE,H2_FIXED_PER_MINER_HARDWARE,0.1,0.0,False,600.0,10000.0,1666.6666666666667,100.0,20000.0,17,15,2,4024.680000000529,1995975.3200000054,0.0,6707800,0,20362221.200000037,5.656172555555566,2.5169967872222268,0.37707817037037106,0.9415600000000001,0.20123400000002645,0.8823529411764706,2000000.000000006,92,2e-06,False
200,1000000,POCOL_DISJOINT_NONCE,FIXED_SLOT_IDLE,H2_FIXED_PER_MINER_HARDWARE,0.1,0.0,False,600.0,10000.0,1666.6666666666667,100.0,20000.0,17,16,1,3133.5599999998763,1996866.4400000032,0.0,5222600,0,20282020.399999924,5.633894555555535,2.507083077222213,0.3521184097222209,0.7917375,0.1566779999999938,0.9411764705882353,2000000.000000003,94,2e-06,False
200,1000000,POCOL_DISJOINT_NONCE,FIXED_SLOT_IDLE,H2_FIXED_PER_MINER_HARDWARE,0.1,0.0,False,600.0,10000.0,1666.6666666666667,100.0,20000.0,17,14,3,5202.0000000000255,1994797.9999999984,0.0,8670000,0,20468179.99999999,5.6856055555555525,2.530094472222221,0.4061146825396823,1.2149999999999999,0.2601000000000013,0.8235294117647058,1999999.9999999984,89,2e-06,False
200,1000000,POCOL_DISJOINT_NONCE,FIXED_SLOT_IDLE,H2_FIXED_PER_MINER_HARDWARE,0.1,0.0,False,600.0,10000.0,1666.6666666666667,100.0,20000.0,17,13,4,5994.12000000017,1994005.8799999892,0.0,9990200,0,20539470.799999982,5.70540855555555,2.53890680722222,0.43887758119658077,1.3823538461538463,0.2997060000000085,0.7647058823529411,1999999.9999999893,91,2e-06,False
200,1000000,POCOL_DISJOINT_NONCE,FIXED_SLOT_IDLE,H2_FIXED_PER_MINER_HARDWARE,0.1,0.0,False,600.0,10000.0,1666.6666666666667,100.0,20000.0,17,14,3,3711.840000000213,1996288.1599999971,0.0,6186400,0,20334065.60000003,5.648351555555564,2.513516442222226,0.40345368253968317,0.6828,0.18559200000001067,0.8235294117647058,1999999.9999999974,98,2e-06,False
200,1000000,POCOL_DISJOINT_NONCE,FIXED_SLOT_IDLE,H2_FIXED_PER_MINER_HARDWARE,0.1,0.0,False,600.0,10000.0,1666.6666666666667,100.0,20000.0,17,15,2,4810.9200000001365,1995189.0800000068,0.0,8018200,0,20432982.800000086,5.675828555555579,2.525743707222233,0.37838857037037193,1.2036400000000003,0.2405460000000068,0.8823529411764706,2000000.000000007,93,2e-06,False
200,1000000,POCOL_DISJOINT_NONCE,FIXED_SLOT_IDLE,H2_FIXED_PER_MINER_HARDWARE,0.1,0.0,False,600.0,10000.0,1666.6666666666667,100.0,20000.0,17,14,3,4637.6399999997175,1995362.3600000043,0.0,7729400,0,20417387.599999957,5.671496555555543,2.523815967222217,0.40510689682539597,1.013442857142857,0.23188199999998588,0.8235294117647058,2000000.000000004,95,2e-06,False
200,1000000,POCOL_DISJOINT_NONCE,FIXED_SLOT_IDLE,H2_FIXED_PER_MINER_HARDWARE,0.1,0.0,False,600.0,10000.0,1666.6666666666667,100.0,20000.0,17,16,1,3902.160000000009,1996097.8399999936,0.0,6503600,0,20351194.399999905,5.653109555555529,2.5156337522222105,0.3533193472222206,1.031925,0.19510800000000045,0.9411764705882353,1999999.9999999935,96,2e-06,False
200,1000000,POCOL_DISJOINT_NONCE,FIXED_SLOT_IDLE,H2_FIXED_PER_MINER_HARDWARE,0.1,0.0,False,600.0,10000.0,1666.6666666666667,100.0,20000.0,17,17,0,4365.71999999997,1995634.2800000096,0.0,7276200,0,20392914.79999996,5.664698555555544,2.520790857222217,0.3332175620915026,1.2840352941176472,0.2182859999999985,1.0,2000000.0000000095,99,2e-06,False
200,1000000,INDEPENDENT_HEADERS_EQUAL_TOTAL_BUDGET,FIXED_SLOT_IDLE,H2_FIXED_PER_MINER_HARDWARE,0.1,0.0,False,600.0,10000.0,1666.6666666666667,100.0,20000.0,17,16,1,4312.800000000059,1995687.1999999976,0.0,7188000,0,20388152.000000026,5.663375555555563,2.5202021222222255,0.35396097222222267,1.16025,0.21564000000000297,0.9411764705882353,1999999.9999999977,1,2e-06,False
200,1000000,POCOL_DISJOINT_NONCE,FIXED_SLOT_IDLE,H2_FIXED_PER_MINER_HARDWARE,0.1,0.0,False,600.0,10000.0,1666.6666666666667,100.0,20000.0,17,13,4,5067.359999999886,1994932.6400000043,0.0,8445600,0,20456062.40000003,5.682239555555563,2.5285966022222257,0.43709535042735104,1.0259076923076924,0.2533679999999943,0.7647058823529411,2000000.0000000042,97,2e-06,False
200,1000000,INDEPENDENT_HEADERS_EQUAL_TOTAL_BUDGET,FIXED_SLOT_IDLE,H2_FIXED_PER_MINER_HARDWARE,0.1,0.0,False,600.0,10000.0,1666.6666666666667,100.0,20000.0,17,14,3,4022.6399999999776,1995977.3599999964,0.0,6704400,0,20362037.59999997,5.656121555555548,2.516974092222219,0.404008682539682,0.7938000000000001,0.2011319999999989,0.8235294117647058,1999999.9999999963,0,2e-06,False
200,1000000,INDEPENDENT_HEADERS_EQUAL_TOTAL_BUDGET,FIXED_SLOT_IDLE,H2_FIXED_PER_MINER_HARDWARE,0.1,0.0,False,600.0,10000.0,1666.6666666666667,100.0,20000.0,17,11,6,6031.31999999993,1993968.6799999913,0.0,10052200,0,20542818.80000004,5.7063385555555675,2.5393206572222278,0.5187580505050516,1.1051454545454544,0.3015659999999965,0.6470588235294118,1999999.9999999912,2,2e-06,False
200,1000000,INDEPENDENT_HEADERS_EQUAL_TOTAL_BUDGET,FIXED_SLOT_IDLE,H2_FIXED_PER_MINER_HARDWARE,0.1,0.0,False,600.0,10000.0,1666.6666666666667,100.0,20000.0,17,15,2,3974.5200000002055,1996025.4800000107,0.0,6624200,0,20357706.800000064,5.654918555555573,2.51643875722223,0.37699457037037154,0.9248399999999999,0.19872600000001028,0.8823529411764706,2000000.000000011,3,2e-06,False
200,1000000,INDEPENDENT_HEADERS_EQUAL_TOTAL_BUDGET,FIXED_SLOT_IDLE,H2_FIXED_PER_MINER_HARDWARE,0.1,0.0,False,600.0,10000.0,1666.6666666666667,100.0,20000.0,17,14,3,4489.919999999704,1995510.0800000038,0.0,7483200,0,20404092.80000001,5.667803555555558,2.5221725822222236,0.4048431111111113,0.9606857142857143,0.22449599999998518,0.8235294117647058,2000000.0000000035,5,2e-06,False
200,1000000,INDEPENDENT_HEADERS_EQUAL_TOTAL_BUDGET,FIXED_SLOT_IDLE,H2_FIXED_PER_MINER_HARDWARE,0.1,0.0,False,600.0,10000.0,1666.6666666666667,100.0,20000.0,17,15,2,4838.159999999693,1995161.8400000029,0.0,8063600,0,20435434.399999965,5.676509555555546,2.526046752222218,0.37843397037036974,1.2127199999999998,0.24190799999998466,0.8823529411764706,2000000.0000000026,4,2e-06,False
200,1000000,INDEPENDENT_HEADERS_EQUAL_TOTAL_BUDGET,FIXED_SLOT_IDLE,H2_FIXED_PER_MINER_HARDWARE,0.1,0.0,False,600.0,10000.0,1666.6666666666667,100.0,20000.0,17,15,2,4561.439999999923,1995438.5600000056,0.0,7602400,0,20410529.599999942,5.66959155555554,2.5229682422222153,0.3779727703703693,1.1204800000000001,0.22807199999999617,0.8823529411764706,2000000.0000000056,9,2e-06,False
200,1000000,INDEPENDENT_HEADERS_EQUAL_TOTAL_BUDGET,FIXED_SLOT_IDLE,H2_FIXED_PER_MINER_HARDWARE,0.1,0.0,False,600.0,10000.0,1666.6666666666667,100.0,20000.0,17,17,0,2944.6800000001276,1997055.3199999973,0.0,4907800,0,20265021.2,5.629172555555555,2.504981787222222,0.33112779738562087,0.8660823529411763,0.1472340000000064,1.0,1999999.9999999974,8,2e-06,False
200,1000000,INDEPENDENT_HEADERS_EQUAL_TOTAL_BUDGET,FIXED_SLOT_IDLE,H2_FIXED_PER_MINER_HARDWARE,0.1,0.0,False,600.0,10000.0,1666.6666666666667,100.0,20000.0,17,15,2,5095.439999999525,1994904.5599999938,0.0,8492400,0,20458589.59999986,5.682941555555517,2.5289089922222048,0.3788627703703678,1.29848,0.25477199999997624,0.8823529411764706,1999999.9999999932,6,2e-06,False
200,1000000,INDEPENDENT_HEADERS_EQUAL_TOTAL_BUDGET,FIXED_SLOT_IDLE,H2_FIXED_PER_MINER_HARDWARE,0.1,0.0,False,600.0,10000.0,1666.6666666666667,100.0,20000.0,17,14,3,3913.560000000034,1996086.4399999944,0.0,6522600,0,20352220.400000058,5.653394555555572,2.5157605772222293,0.403813896825398,0.7548428571428573,0.19567800000000168,0.8235294117647058,1999999.9999999944,7,2e-06,False
200,1000000,INDEPENDENT_HEADERS_EQUAL_TOTAL_BUDGET,FIXED_SLOT_IDLE,H2_FIXED_PER_MINER_HARDWARE,0.1,0.0,False,600.0,10000.0,1666.6666666666667,100.0,20000.0,17,16,1,3122.2800000001143,1996877.7199999925,0.0,5203800,0,20281005.200000085,5.633612555555579,2.5069575872222325,0.35210078472222367,0.7882125,0.1561140000000057,0.9411764705882353,1999999.9999999925,10,2e-06,False
200,1000000,INDEPENDENT_HEADERS_EQUAL_TOTAL_BUDGET,FIXED_SLOT_IDLE,H2_FIXED_PER_MINER_HARDWARE,0.1,0.0,False,600.0,10000.0,1666.6666666666667,100.0,20000.0,17,16,1,3751.440000000186,1996248.5599999903,0.0,6252400,0,20337629.600000076,5.649341555555576,2.5139569922222313,0.3530838472222235,0.9848250000000001,0.18757200000000931,0.9411764705882353,1999999.9999999905,11,2e-06,False
200,1000000,INDEPENDENT_HEADERS_EQUAL_TOTAL_BUDGET,FIXED_SLOT_IDLE,H2_FIXED_PER_MINER_HARDWARE,0.1,0.0,False,600.0,10000.0,1666.6666666666667,100.0,20000.0,17,13,4,5353.319999999869,1994646.6800000044,0.0,8922200,0,20481798.799999878,5.689388555555522,2.531777907222207,0.4376452735042709,1.1358923076923078,0.2676659999999934,0.7647058823529411,2000000.0000000042,12,2e-06,False
200,1000000,INDEPENDENT_HEADERS_EQUAL_TOTAL_BUDGET,FIXED_SLOT_IDLE,H2_FIXED_PER_MINER_HARDWARE,0.1,0.0,False,600.0,10000.0,1666.6666666666667,100.0,20000.0,17,15,2,3894.6000000001486,1996105.4000000001,0.0,6491000,0,20350514.000000045,5.652920555555568,2.515549647222228,0.3768613703703712,0.8982,0.19473000000000742,0.8823529411764706,2000000.0000000002,13,2e-06,False
200,1000000,INDEPENDENT_HEADERS_EQUAL_TOTAL_BUDGET,FIXED_SLOT_IDLE,H2_FIXED_PER_MINER_HARDWARE,0.1,0.0,False,600.0,10000.0,1666.6666666666667,100.0,20000.0,17,16,1,3939.0000000003115,1996060.9999999963,0.0,6565000,0,20354510.00000009,5.654030555555581,2.5160435972222337,0.3533769097222238,1.0434375,0.19695000000001556,0.9411764705882353,1999999.9999999965,17,2e-06,False
200,1000000,INDEPENDENT_HEADERS_EQUAL_TOTAL_BUDGET,FIXED_SLOT_IDLE,H2_FIXED_PER_MINER_HARDWARE,0.1,0.0,False,600.0,10000.0,1666.6666666666667,100.0,20000.0,17,13,4,5063.999999999997,1994935.9999999963,0.0,8440000,0,20455760.000000075,5.6821555555555765,2.5285592222222317,0.4370888888888905,1.0246153846153845,0.25319999999999987,0.7647058823529411,1999999.9999999963,18,2e-06,False
200,1000000,INDEPENDENT_HEADERS_EQUAL_TOTAL_BUDGET,FIXED_SLOT_IDLE,H2_FIXED_PER_MINER_HARDWARE,0.1,0.0,False,600.0,10000.0,1666.6666666666667,100.0,20000.0,17,14,3,5324.64000000018,1994675.3599999961,0.0,8874400,0,20479217.599999964,5.688671555555546,2.531458842222218,0.40633368253968183,1.2588000000000001,0.266232000000009,0.8235294117647058,1999999.9999999963,16,2e-06,False
200,1000000,INDEPENDENT_HEADERS_EQUAL_TOTAL_BUDGET,FIXED_SLOT_IDLE,H2_FIXED_PER_MINER_HARDWARE,0.1,0.0,False,600.0,10000.0,1666.6666666666667,100.0,20000.0,17,15,2,3874.32000000008,1996125.680000006,0.0,6457200,0,20348688.79999996,5.652413555555545,2.5153240322222175,0.3768275703703697,0.89144,0.19371600000000402,0.8823529411764706,2000000.000000006,21,2e-06,False
200,1000000,INDEPENDENT_HEADERS_EQUAL_TOTAL_BUDGET,FIXED_SLOT_IDLE,H2_FIXED_PER_MINER_HARDWARE,0.1,0.0,False,600.0,10000.0,1666.6666666666667,100.0,20000.0,17,14,3,4864.4399999999805,1995135.5599999924,0.0,8107400,0,20437799.599999953,5.677166555555543,2.5263391172222165,0.4055118968253959,1.0944428571428573,0.24322199999999902,0.8235294117647058,1999999.9999999923,14,2e-06,False
200,1000000,INDEPENDENT_HEADERS_EQUAL_TOTAL_BUDGET,FIXED_SLOT_IDLE,H2_FIXED_PER_MINER_HARDWARE,0.1,0.0,False,600.0,10000.0,1666.6666666666667,100.0,20000.0,17,17,0,4396.920000000131,1995603.0799999933,0.0,7328200,0,20395722.80000001,5.665478555555558,2.5211379572222237,0.3332634444444446,1.2932117647058823,0.21984600000000654,1.0,1999999.9999999935,15,2e-06,False
200,1000000,INDEPENDENT_HEADERS_EQUAL_TOTAL_BUDGET,FIXED_SLOT_IDLE,H2_FIXED_PER_MINER_HARDWARE,0.1,0.0,False,600.0,10000.0,1666.6666666666667,100.0,20000.0,17,13,4,5498.400000000036,1994501.5999999929,0.0,9164000,0,20494855.999999996,5.693015555555554,2.5333919222222216,0.43792427350427343,1.1916923076923074,0.27492000000000183,0.7647058823529411,1999999.999999993,24,2e-06,False
200,1000000,INDEPENDENT_HEADERS_EQUAL_TOTAL_BUDGET,FIXED_SLOT_IDLE,H2_FIXED_PER_MINER_HARDWARE,0.1,0.0,False,600.0,10000.0,1666.6666666666667,100.0,20000.0,17,14,3,4034.519999999787,1995965.4800000042,0.0,6724200,0,20363106.79999993,5.656418555555536,2.517106257222214,0.4040298968253954,0.798042857142857,0.20172599999998936,0.8235294117647058,2000000.000000004,19,2e-06,False
200,1000000,INDEPENDENT_HEADERS_EQUAL_TOTAL_BUDGET,FIXED_SLOT_IDLE,H2_FIXED_PER_MINER_HARDWARE,0.1,0.0,False,600.0,10000.0,1666.6666666666667,100.0,20000.0,17,14,3,5232.120000000143,1994767.879999997,0.0,8720200,0,20470890.79999999,5.686358555555553,2.530429557222221,0.4061684682539681,1.2257571428571428,0.2616060000000071,0.8235294117647058,1999999.9999999972,20,2e-06,False
200,1000000,INDEPENDENT_HEADERS_EQUAL_TOTAL_BUDGET,FIXED_SLOT_IDLE,H2_FIXED_PER_MINER_HARDWARE,0.1,0.0,False,600.0,10000.0,1666.6666666666667,100.0,20000.0,17,14,3,3534.1200000002327,1996465.8799999952,0.0,5890200,0,20318070.799999986,5.6439085555555515,2.5115393072222205,0.4031363253968251,0.6193285714285713,0.17670600000001163,0.8235294117647058,1999999.9999999956,22,2e-06,False
200,1000000,INDEPENDENT_HEADERS_EQUAL_TOTAL_BUDGET,FIXED_SLOT_IDLE,H2_FIXED_PER_MINER_HARDWARE,0.1,0.0,False,600.0,10000.0,1666.6666666666667,100.0,20000.0,17,12,5,5577.839999999989,1994422.1599999932,0.0,9296400,0,20502005.6000001,5.695001555555583,2.5342756922222347,0.4745834629629653,1.0741,0.2788919999999995,0.7058823529411765,1999999.9999999932,27,2e-06,False
200,1000000,INDEPENDENT_HEADERS_EQUAL_TOTAL_BUDGET,FIXED_SLOT_IDLE,H2_FIXED_PER_MINER_HARDWARE,0.1,0.0,False,600.0,10000.0,1666.6666666666667,100.0,20000.0,17,13,4,5257.439999999786,1994742.5600000075,0.0,8762400,0,20473169.59999999,5.686991555555553,2.530711242222221,0.4374608888888887,1.0990153846153847,0.2628719999999893,0.7647058823529411,2000000.0000000072,23,2e-06,False
200,1000000,INDEPENDENT_HEADERS_EQUAL_TOTAL_BUDGET,FIXED_SLOT_IDLE,H2_FIXED_PER_MINER_HARDWARE,0.1,0.0,False,600.0,10000.0,1666.6666666666667,100.0,20000.0,17,16,1,5239.919999999983,1994760.0800000038,0.0,8733200,0,20471592.80000002,5.686553555555561,2.5305163322222244,0.35540959722222254,1.4499749999999998,0.2619959999999991,0.9411764705882353,2000000.0000000037,25,2e-06,False
200,1000000,INDEPENDENT_HEADERS_EQUAL_TOTAL_BUDGET,FIXED_SLOT_IDLE,H2_FIXED_PER_MINER_HARDWARE,0.1,0.0,False,600.0,10000.0,1666.6666666666667,100.0,20000.0,17,16,1,3985.799999999932,1996014.1999999995,0.0,6643000,0,20358721.99999994,5.655200555555539,2.516564247222215,0.3534500347222212,1.0580625,0.19928999999999658,0.9411764705882353,1999999.9999999995,26,2e-06,False
200,1000000,INDEPENDENT_HEADERS_EQUAL_TOTAL_BUDGET,FIXED_SLOT_IDLE,H2_FIXED_PER_MINER_HARDWARE,0.1,0.0,False,600.0,10000.0,1666.6666666666667,100.0,20000.0,17,15,2,3388.919999999869,1996611.0799999938,0.0,5648200,0,20305002.799999963,5.640278555555545,2.5099239572222176,0.3760185703703697,0.7296400000000001,0.16944599999999346,0.8823529411764706,1999999.9999999937,32,2e-06,False
200,1000000,INDEPENDENT_HEADERS_EQUAL_TOTAL_BUDGET,FIXED_SLOT_IDLE,H2_FIXED_PER_MINER_HARDWARE,0.1,0.0,False,600.0,10000.0,1666.6666666666667,100.0,20000.0,17,12,5,6810.359999999858,1993189.6399999976,0.0,11350600,0,20612932.400000036,5.725814555555566,2.5479874772222266,0.4771512129629638,1.5876499999999998,0.3405179999999929,0.7058823529411765,1999999.9999999974,29,2e-06,False
200,1000000,INDEPENDENT_HEADERS_EQUAL_TOTAL_BUDGET,FIXED_SLOT_IDLE,H2_FIXED_PER_MINER_HARDWARE,0.1,0.0,False,600.0,10000.0,1666.6666666666667,100.0,20000.0,17,15,2,4237.320000000369,1995762.680000008,0.0,7062200,0,20381358.79999997,5.661488555555548,2.5193624072222187,0.37743257037036987,1.01244,0.21186600000001846,0.8823529411764706,2000000.0000000084,31,2e-06,False
200,1000000,INDEPENDENT_HEADERS_EQUAL_TOTAL_BUDGET,FIXED_SLOT_IDLE,H2_FIXED_PER_MINER_HARDWARE,0.1,0.0,False,600.0,10000.0,1666.6666666666667,100.0,20000.0,17,15,2,5085.839999999733,1994914.1600000085,0.0,8476400,0,20457725.59999997,5.682701555555548,2.528802192222219,0.37884677037036985,1.2952799999999998,0.25429199999998664,0.8823529411764706,2000000.0000000081,28,2e-06,False
200,1000000,INDEPENDENT_HEADERS_EQUAL_TOTAL_BUDGET,FIXED_SLOT_IDLE,H2_FIXED_PER_MINER_HARDWARE,0.1,0.0,False,600.0,10000.0,1666.6666666666667,100.0,20000.0,17,15,2,3970.3200000003567,1996029.6800000034,0.0,6617200,0,20357328.800000016,5.65481355555556,2.516392032222224,0.3769875703703706,0.9234399999999999,0.19851600000001784,0.8823529411764706,2000000.0000000037,34,2e-06,False
200,1000000,INDEPENDENT_HEADERS_EQUAL_TOTAL_BUDGET,FIXED_SLOT_IDLE,H2_FIXED_PER_MINER_HARDWARE,0.1,0.0,False,600.0,10000.0,1666.6666666666667,100.0,20000.0,17,13,4,4390.560000000021,1995609.4399999941,0.0,7317600,0,20395150.40000005,5.66531955555557,2.5210672022222287,0.43579381196581307,0.7656,0.21952800000000108,0.7647058823529411,1999999.9999999942,30,2e-06,False
200,1000000,INDEPENDENT_HEADERS_EQUAL_TOTAL_BUDGET,FIXED_SLOT_IDLE,H2_FIXED_PER_MINER_HARDWARE,0.1,0.0,False,600.0,10000.0,1666.6666666666667,100.0,20000.0,17,15,2,4166.880000000328,1995833.119999993,0.0,6944800,0,20375019.200000092,5.659727555555581,2.5185787622222335,0.3773151703703721,0.9889599999999998,0.2083440000000164,0.8823529411764706,1999999.9999999932,33,2e-06,False
200,1000000,INDEPENDENT_HEADERS_EQUAL_TOTAL_BUDGET,FIXED_SLOT_IDLE,H2_FIXED_PER_MINER_HARDWARE,0.1,0.0,False,600.0,10000.0,1666.6666666666667,100.0,20000.0,17,15,2,3971.1599999997798,1996028.8399999968,0.0,6618600,0,20357404.39999998,5.65483455555555,2.51640137722222,0.37698897037037,0.9237199999999999,0.198557999999989,0.8823529411764706,1999999.9999999965,36,2e-06,False
200,1000000,INDEPENDENT_HEADERS_EQUAL_TOTAL_BUDGET,FIXED_SLOT_IDLE,H2_FIXED_PER_MINER_HARDWARE,0.1,0.0,False,600.0,10000.0,1666.6666666666667,100.0,20000.0,17,16,1,3494.7600000001266,1996505.239999995,0.0,5824600,0,20314528.400000107,5.642924555555585,2.5111014272222354,0.3526827847222241,0.9046125,0.17473800000000633,0.9411764705882353,1999999.9999999953,37,2e-06,False
200,1000000,INDEPENDENT_HEADERS_EQUAL_TOTAL_BUDGET,FIXED_SLOT_IDLE,H2_FIXED_PER_MINER_HARDWARE,0.1,0.0,False,600.0,10000.0,1666.6666666666667,100.0,20000.0,17,14,3,5310.839999999805,1994689.1600000085,0.0,8851400,0,20477975.59999997,5.688326555555547,2.5313053172222184,0.4063090396825391,1.253871428571428,0.26554199999999023,0.8235294117647058,2000000.0000000084,35,2e-06,False
200,1000000,INDEPENDENT_HEADERS_EQUAL_TOTAL_BUDGET,FIXED_SLOT_IDLE,H2_FIXED_PER_MINER_HARDWARE,0.1,0.0,False,600.0,10000.0,1666.6666666666667,100.0,20000.0,17,13,4,5733.599999999932,1994266.3999999966,0.0,9556000,0,20516023.999999978,5.698895555555549,2.5360085222222195,0.43837658119658074,1.2821538461538462,0.2866799999999966,0.7647058823529411,1999999.9999999965,40,2e-06,False
200,1000000,INDEPENDENT_HEADERS_EQUAL_TOTAL_BUDGET,FIXED_SLOT_IDLE,H2_FIXED_PER_MINER_HARDWARE,0.1,0.0,False,600.0,10000.0,1666.6666666666667,100.0,20000.0,17,15,2,4042.560000000117,1995957.4399999925,0.0,6737600,0,20363830.400000013,5.656619555555559,2.5171957022222236,0.3771079703703706,0.9475199999999998,0.20212800000000586,0.8823529411764706,1999999.9999999925,39,2e-06,False
200,1000000,INDEPENDENT_HEADERS_EQUAL_TOTAL_BUDGET,FIXED_SLOT_IDLE,H2_FIXED_PER_MINER_HARDWARE,0.1,0.0,False,600.0,10000.0,1666.6666666666667,100.0,20000.0,17,16,1,3604.31999999982,1996395.6799999927,0.0,6007200,0,20324388.79999995,5.645663555555541,2.5123202822222157,0.3528539722222213,0.9388499999999997,0.180215999999991,0.9411764705882353,1999999.9999999925,44,2e-06,False
200,1000000,INDEPENDENT_HEADERS_EQUAL_TOTAL_BUDGET,FIXED_SLOT_IDLE,H2_FIXED_PER_MINER_HARDWARE,0.1,0.0,False,600.0,10000.0,1666.6666666666667,100.0,20000.0,17,16,1,4116.2399999999025,1995883.7600000086,0.0,6860400,0,20370461.599999968,5.658461555555546,2.5180153922222184,0.35365384722222165,1.098825,0.2058119999999951,0.9411764705882353,2000000.0000000086,38,2e-06,False
200,1000000,INDEPENDENT_HEADERS_EQUAL_TOTAL_BUDGET,FIXED_SLOT_IDLE,H2_FIXED_PER_MINER_HARDWARE,0.1,0.0,False,600.0,10000.0,1666.6666666666667,100.0,20000.0,17,14,3,4702.919999999885,1995297.0799999898,0.0,7838200,0,20423262.799999926,5.673128555555535,2.524542207222213,0.40522346825396677,1.036757142857143,0.23514599999999425,0.8235294117647058,1999999.9999999898,41,2e-06,False
200,1000000,INDEPENDENT_HEADERS_EQUAL_TOTAL_BUDGET,FIXED_SLOT_IDLE,H2_FIXED_PER_MINER_HARDWARE,0.1,0.0,False,600.0,10000.0,1666.6666666666667,100.0,20000.0,17,16,1,4140.719999999879,1995859.2800000096,0.0,6901200,0,20372664.79999996,5.659073555555544,2.518287732222217,0.3536920972222215,1.106475,0.20703599999999397,0.9411764705882353,2000000.0000000095,43,2e-06,False
200,1000000,INDEPENDENT_HEADERS_EQUAL_TOTAL_BUDGET,FIXED_SLOT_IDLE,H2_FIXED_PER_MINER_HARDWARE,0.1,0.0,False,600.0,10000.0,1666.6666666666667,100.0,20000.0,17,16,1,4376.760000000084,1995623.2400000065,0.0,7294600,0,20393908.39999995,5.664974555555542,2.5209136772222163,0.3540609097222214,1.1802375,0.2188380000000042,0.9411764705882353,2000000.0000000065,42,2e-06,False
200,1000000,INDEPENDENT_HEADERS_EQUAL_TOTAL_BUDGET,FIXED_SLOT_IDLE,H2_FIXED_PER_MINER_HARDWARE,0.1,0.0,False,600.0,10000.0,1666.6666666666667,100.0,20000.0,17,16,1,3513.3600000000315,1996486.640000006,0.0,5855600,0,20316202.399999954,5.643389555555543,2.511308352222217,0.35271184722222143,0.910425,0.17566800000000157,0.9411764705882353,2000000.000000006,47,2e-06,False
200,1000000,INDEPENDENT_HEADERS_EQUAL_TOTAL_BUDGET,FIXED_SLOT_IDLE,H2_FIXED_PER_MINER_HARDWARE,0.1,0.0,False,600.0,10000.0,1666.6666666666667,100.0,20000.0,17,17,0,2990.5199999999318,1997009.4800000053,0.0,4984200,0,20269146.799999986,5.630318555555552,2.5054917572222206,0.3311952091503266,0.8795647058823528,0.1495259999999966,1.0,2000000.0000000054,48,2e-06,False
200,1000000,INDEPENDENT_HEADERS_EQUAL_TOTAL_BUDGET,FIXED_SLOT_IDLE,H2_FIXED_PER_MINER_HARDWARE,0.1,0.0,False,600.0,10000.0,1666.6666666666667,100.0,20000.0,17,16,1,4623.000000000058,1995377.0000000016,0.0,7705000,0,20416070.00000001,5.671130555555559,2.5236530972222235,0.3544456597222224,1.2571874999999997,0.2311500000000029,0.9411764705882353,2000000.0000000016,45,2e-06,False
200,1000000,INDEPENDENT_HEADERS_EQUAL_TOTAL_BUDGET,FIXED_SLOT_IDLE,H2_FIXED_PER_MINER_HARDWARE,0.1,0.0,False,600.0,10000.0,1666.6666666666667,100.0,20000.0,17,15,2,3910.3199999996154,1996089.68000001,0.0,6517200,0,20351928.799999963,5.653313555555545,2.515724532222218,0.3768875703703697,0.9034399999999999,0.19551599999998076,0.8823529411764706,2000000.0000000095,46,2e-06,False
200,1000000,INDEPENDENT_HEADERS_EQUAL_TOTAL_BUDGET,FIXED_SLOT_IDLE,H2_FIXED_PER_MINER_HARDWARE,0.1,0.0,False,600.0,10000.0,1666.6666666666667,100.0,20000.0,17,15,2,4287.960000000297,1995712.0399999928,0.0,7146600,0,20385916.4,5.662754555555555,2.519925777222222,0.37751697037037035,1.0293199999999998,0.21439800000001488,0.8823529411764706,1999999.999999993,50,2e-06,False
200,1000000,INDEPENDENT_HEADERS_EQUAL_TOTAL_BUDGET,FIXED_SLOT_IDLE,H2_FIXED_PER_MINER_HARDWARE,0.1,0.0,False,600.0,10000.0,1666.6666666666667,100.0,20000.0,17,16,1,3050.639999999959,1996949.3600000062,0.0,5084400,0,20274557.6,5.631821555555556,2.5061605922222223,0.35198884722222223,0.765825,0.15253199999999795,0.9411764705882353,2000000.000000006,51,2e-06,False
200,1000000,INDEPENDENT_HEADERS_EQUAL_TOTAL_BUDGET,FIXED_SLOT_IDLE,H2_FIXED_PER_MINER_HARDWARE,0.1,0.0,False,600.0,10000.0,1666.6666666666667,100.0,20000.0,17,14,3,5009.400000000153,1994990.5999999966,0.0,8349000,0,20450846.00000007,5.680790555555575,2.5279517972222307,0.40577075396825535,1.1462142857142859,0.25047000000000763,0.8235294117647058,1999999.9999999967,52,2e-06,False
200,1000000,INDEPENDENT_HEADERS_EQUAL_TOTAL_BUDGET,FIXED_SLOT_IDLE,H2_FIXED_PER_MINER_HARDWARE,0.1,0.0,False,600.0,10000.0,1666.6666666666667,100.0,20000.0,17,16,1,4046.5200000005993,1995953.480000002,0.0,6744200,0,20364186.800000068,5.656718555555575,2.5172397572222307,0.3535449097222234,1.0770374999999999,0.20232600000002998,0.9411764705882353,2000000.0000000026,49,2e-06,False
200,1000000,INDEPENDENT_HEADERS_EQUAL_TOTAL_BUDGET,FIXED_SLOT_IDLE,H2_FIXED_PER_MINER_HARDWARE,0.1,0.0,False,600.0,10000.0,1666.6666666666667,100.0,20000.0,17,15,2,4409.6400000000185,1995590.3599999943,0.0,7349400,0,20396867.599999964,5.665796555555546,2.521279467222218,0.37771977037036975,1.0698800000000002,0.22048200000000093,0.8823529411764706,1999999.9999999944,57,2e-06,False
200,1000000,INDEPENDENT_HEADERS_EQUAL_TOTAL_BUDGET,FIXED_SLOT_IDLE,H2_FIXED_PER_MINER_HARDWARE,0.1,0.0,False,600.0,10000.0,1666.6666666666667,100.0,20000.0,17,15,2,4145.0400000001555,1995854.9600000025,0.0,6908400,0,20373053.599999923,5.659181555555534,2.5183357922222127,0.37727877037036894,0.9816800000000001,0.20725200000000776,0.8823529411764706,2000000.0000000028,54,2e-06,False
200,1000000,INDEPENDENT_HEADERS_EQUAL_TOTAL_BUDGET,FIXED_SLOT_IDLE,H2_FIXED_PER_MINER_HARDWARE,0.1,0.0,False,600.0,10000.0,1666.6666666666667,100.0,20000.0,17,14,3,3989.2800000000475,1996010.7199999972,0.0,6648800,0,20359035.20000004,5.655287555555566,2.516602962222227,0.40394911111111187,0.7818857142857142,0.1994640000000024,0.8235294117647058,1999999.9999999972,55,2e-06,False
200,1000000,INDEPENDENT_HEADERS_EQUAL_TOTAL_BUDGET,FIXED_SLOT_IDLE,H2_FIXED_PER_MINER_HARDWARE,0.1,0.0,False,600.0,10000.0,1666.6666666666667,100.0,20000.0,17,16,1,4349.51999999996,1995650.4800000107,0.0,7249200,0,20391456.800000064,5.664293555555574,2.5206106322222306,0.35401834722222336,1.171725,0.21747599999999803,0.9411764705882353,2000000.0000000107,61,2e-06,False
200,1000000,INDEPENDENT_HEADERS_EQUAL_TOTAL_BUDGET,FIXED_SLOT_IDLE,H2_FIXED_PER_MINER_HARDWARE,0.1,0.0,False,600.0,10000.0,1666.6666666666667,100.0,20000.0,17,13,4,4356.3600000000515,1995643.6400000004,0.0,7260600,0,20392072.399999965,5.664464555555546,2.520686727222218,0.435728042735042,0.7524461538461538,0.21781800000000257,0.7647058823529411,2000000.0000000005,53,2e-06,False
200,1000000,INDEPENDENT_HEADERS_EQUAL_TOTAL_BUDGET,FIXED_SLOT_IDLE,H2_FIXED_PER_MINER_HARDWARE,0.1,0.0,False,600.0,10000.0,1666.6666666666667,100.0,20000.0,17,15,2,5607.599999999383,1994392.4000000085,0.0,9346000,0,20504683.99999991,5.695745555555531,2.534606772222211,0.3797163703703687,1.4692000000000003,0.28037999999996915,0.8823529411764706,2000000.000000008,58,2e-06,False
200,1000000,INDEPENDENT_HEADERS_EQUAL_TOTAL_BUDGET,FIXED_SLOT_IDLE,H2_FIXED_PER_MINER_HARDWARE,0.1,0.0,False,600.0,10000.0,1666.6666666666667,100.0,20000.0,17,14,3,4964.400000000203,1995035.6000000047,0.0,8274000,0,20446796.00000007,5.679665555555575,2.527451172222231,0.4056903968253982,1.130142857142857,0.24822000000001015,0.8235294117647058,2000000.000000005,59,2e-06,False
200,1000000,INDEPENDENT_HEADERS_EQUAL_TOTAL_BUDGET,FIXED_SLOT_IDLE,H2_FIXED_PER_MINER_HARDWARE,0.1,0.0,False,600.0,10000.0,1666.6666666666667,100.0,20000.0,17,15,2,4972.440000000079,1995027.5599999933,0.0,8287400,0,20447519.599999998,5.679866555555555,2.527540617222222,0.37865777037037035,1.25748,0.24862200000000392,0.8823529411764706,1999999.9999999935,56,2e-06,False
200,1000000,INDEPENDENT_HEADERS_EQUAL_TOTAL_BUDGET,FIXED_SLOT_IDLE,H2_FIXED_PER_MINER_HARDWARE,0.1,0.0,False,600.0,10000.0,1666.6666666666667,100.0,20000.0,17,13,4,5467.919999999749,1994532.0799999963,0.0,9113200,0,20492112.799999923,5.692253555555534,2.5330528322222126,0.43786565811965644,1.1799692307692307,0.2733959999999874,0.7647058823529411,1999999.999999996,62,2e-06,False
200,1000000,INDEPENDENT_HEADERS_EQUAL_TOTAL_BUDGET,FIXED_SLOT_IDLE,H2_FIXED_PER_MINER_HARDWARE,0.1,0.0,False,600.0,10000.0,1666.6666666666667,100.0,20000.0,17,16,1,4819.199999999851,1995180.8000000077,0.0,8032000,0,20433728.000000056,5.676035555555571,2.5258358222222292,0.3547522222222232,1.3184999999999998,0.2409599999999925,0.9411764705882353,2000000.0000000077,60,2e-06,False
200,1000000,INDEPENDENT_HEADERS_EQUAL_TOTAL_BUDGET,FIXED_SLOT_IDLE,H2_FIXED_PER_MINER_HARDWARE,0.1,0.0,False,600.0,10000.0,1666.6666666666667,100.0,20000.0,17,12,5,5529.720000000452,1994470.2800000056,0.0,9216200,0,20497674.800000053,5.693798555555571,2.533740357222229,0.4744832129629642,1.05405,0.2764860000000226,0.7058823529411765,2000000.000000006,63,2e-06,False
200,1000000,INDEPENDENT_HEADERS_EQUAL_TOTAL_BUDGET,FIXED_SLOT_IDLE,H2_FIXED_PER_MINER_HARDWARE,0.1,0.0,False,600.0,10000.0,1666.6666666666667,100.0,20000.0,17,14,3,5565.959999999854,1994434.0400000073,0.0,9276600,0,20500936.400000002,5.694704555555556,2.5341435272222226,0.4067646111111111,1.3449857142857142,0.27829799999999266,0.8235294117647058,2000000.0000000072,65,2e-06,False
200,1000000,INDEPENDENT_HEADERS_EQUAL_TOTAL_BUDGET,FIXED_SLOT_IDLE,H2_FIXED_PER_MINER_HARDWARE,0.1,0.0,False,600.0,10000.0,1666.6666666666667,100.0,20000.0,17,13,4,5001.120000000263,1994998.8799999957,0.0,8335200,0,20450100.80000007,5.680583555555575,2.527859682222231,0.43696796581196734,1.0004307692307692,0.2500560000000131,0.7647058823529411,1999999.999999996,66,2e-06,False
200,1000000,INDEPENDENT_HEADERS_EQUAL_TOTAL_BUDGET,FIXED_SLOT_IDLE,H2_FIXED_PER_MINER_HARDWARE,0.1,0.0,False,600.0,10000.0,1666.6666666666667,100.0,20000.0,17,15,2,4998.959999999697,1995001.0400000026,0.0,8331600,0,20449906.400000002,5.680529555555556,2.5278356522222225,0.3787019703703704,1.26632,0.24994799999998488,0.8823529411764706,2000000.0000000023,64,2e-06,False
200,1000000,INDEPENDENT_HEADERS_EQUAL_TOTAL_BUDGET,FIXED_SLOT_IDLE,H2_FIXED_PER_MINER_HARDWARE,0.1,0.0,False,600.0,10000.0,1666.6666666666667,100.0,20000.0,17,16,1,2929.3200000003626,1997070.6799999927,0.0,4882200,0,20263638.800000094,5.628788555555581,2.5048109072222338,0.3517992847222238,0.7279125,0.14646600000001814,0.9411764705882353,1999999.999999993,68,2e-06,False
200,1000000,INDEPENDENT_HEADERS_EQUAL_TOTAL_BUDGET,FIXED_SLOT_IDLE,H2_FIXED_PER_MINER_HARDWARE,0.1,0.0,False,600.0,10000.0,1666.6666666666667,100.0,20000.0,17,15,2,4500.840000000181,1995499.1599999934,0.0,7501400,0,20405075.600000013,5.668076555555559,2.522294067222224,0.3778717703703706,1.1002800000000001,0.22504200000000904,0.8823529411764706,1999999.9999999935,67,2e-06,False
200,1000000,INDEPENDENT_HEADERS_EQUAL_TOTAL_BUDGET,FIXED_SLOT_IDLE,H2_FIXED_PER_MINER_HARDWARE,0.1,0.0,False,600.0,10000.0,1666.6666666666667,100.0,20000.0,17,16,1,4242.720000000211,1995757.2800000082,0.0,7071200,0,20381844.799999956,5.661623555555543,2.519422482222217,0.35385147222222146,1.13835,0.21213600000001057,0.9411764705882353,2000000.0000000084,69,2e-06,False
200,1000000,INDEPENDENT_HEADERS_EQUAL_TOTAL_BUDGET,FIXED_SLOT_IDLE,H2_FIXED_PER_MINER_HARDWARE,0.1,0.0,False,600.0,10000.0,1666.6666666666667,100.0,20000.0,17,13,4,4945.920000000003,1995054.080000005,0.0,8243200,0,20445132.800000086,5.6792035555555795,2.527245582222233,0.4368618119658138,0.9792000000000001,0.24729600000000015,0.7647058823529411,2000000.000000005,70,2e-06,False
200,1000000,INDEPENDENT_HEADERS_EQUAL_TOTAL_BUDGET,FIXED_SLOT_IDLE,H2_FIXED_PER_MINER_HARDWARE,0.1,0.0,False,600.0,10000.0,1666.6666666666667,100.0,20000.0,17,15,2,4678.799999999971,1995321.199999994,0.0,7798000,0,20421092.0000001,5.672525555555583,2.5242738722222344,0.3781683703703722,1.1595999999999997,0.23393999999999854,0.8823529411764706,1999999.999999994,71,2e-06,False
200,1000000,INDEPENDENT_HEADERS_EQUAL_TOTAL_BUDGET,FIXED_SLOT_IDLE,H2_FIXED_PER_MINER_HARDWARE,0.1,0.0,False,600.0,10000.0,1666.6666666666667,100.0,20000.0,17,16,1,3987.5999999995715,1996012.3999999936,0.0,6646000,0,20358883.999999918,5.655245555555533,2.5165842722222123,0.3534528472222208,1.058625,0.19937999999997857,0.9411764705882353,1999999.9999999932,72,2e-06,False
200,1000000,INDEPENDENT_HEADERS_EQUAL_TOTAL_BUDGET,FIXED_SLOT_IDLE,H2_FIXED_PER_MINER_HARDWARE,0.1,0.0,False,600.0,10000.0,1666.6666666666667,100.0,20000.0,17,15,2,4471.19999999985,1995528.800000006,0.0,7452000,0,20402407.999999896,5.6673355555555265,2.5219643222222095,0.3778223703703684,1.0903999999999998,0.2235599999999925,0.8823529411764706,2000000.000000006,73,2e-06,False
200,1000000,INDEPENDENT_HEADERS_EQUAL_TOTAL_BUDGET,FIXED_SLOT_IDLE,H2_FIXED_PER_MINER_HARDWARE,0.1,0.0,False,600.0,10000.0,1666.6666666666667,100.0,20000.0,17,16,1,4042.9200000001397,1995957.0799999963,0.0,6738200,0,20363862.799999937,5.656628555555538,2.5171997072222143,0.3535392847222211,1.0759125,0.202146000000007,0.9411764705882353,1999999.9999999965,74,2e-06,False
200,1000000,INDEPENDENT_HEADERS_EQUAL_TOTAL_BUDGET,FIXED_SLOT_IDLE,H2_FIXED_PER_MINER_HARDWARE,0.1,0.0,False,600.0,10000.0,1666.6666666666667,100.0,20000.0,17,13,4,4532.760000000317,1995467.2400000033,0.0,7554600,0,20407948.400000025,5.668874555555562,2.5226491772222253,0.436067273504274,0.8202923076923075,0.22663800000001583,0.7647058823529411,2000000.0000000035,75,2e-06,False
200,1000000,INDEPENDENT_HEADERS_EQUAL_TOTAL_BUDGET,FIXED_SLOT_IDLE,H2_FIXED_PER_MINER_HARDWARE,0.1,0.0,False,600.0,10000.0,1666.6666666666667,100.0,20000.0,17,12,5,5555.040000000206,1994444.9599999958,0.0,9258400,0,20499953.59999992,5.694431555555533,2.534022042222212,0.4745359629629611,1.0646,0.2777520000000103,0.7058823529411765,1999999.999999996,76,2e-06,False
200,1000000,INDEPENDENT_HEADERS_EQUAL_TOTAL_BUDGET,FIXED_SLOT_IDLE,H2_FIXED_PER_MINER_HARDWARE,0.1,0.0,False,600.0,10000.0,1666.6666666666667,100.0,20000.0,17,15,2,5616.60000000024,1994383.3999999915,0.0,9361000,0,20505494.000000007,5.695970555555558,2.5347068972222235,0.3797313703703705,1.4722000000000002,0.280830000000012,0.8823529411764706,1999999.9999999919,77,2e-06,False
200,1000000,INDEPENDENT_HEADERS_EQUAL_TOTAL_BUDGET,FIXED_SLOT_IDLE,H2_FIXED_PER_MINER_HARDWARE,0.1,0.0,False,600.0,10000.0,1666.6666666666667,100.0,20000.0,17,17,0,4369.800000000662,1995630.2000000044,0.0,7283000,0,20393282.000000034,5.664800555555565,2.5208362472222263,0.33322356209150383,1.285235294117647,0.21849000000003313,1.0,2000000.0000000051,78,2e-06,False
200,1000000,INDEPENDENT_HEADERS_EQUAL_TOTAL_BUDGET,FIXED_SLOT_IDLE,H2_FIXED_PER_MINER_HARDWARE,0.1,0.0,False,600.0,10000.0,1666.6666666666667,100.0,20000.0,17,17,0,4148.039999999924,1995851.9600000111,0.0,6913400,0,20373323.60000007,5.659256555555575,2.518369167222231,0.3328974444444456,1.2200117647058824,0.2074019999999962,1.0,2000000.0000000112,79,2e-06,False
200,1000000,INDEPENDENT_HEADERS_EQUAL_TOTAL_BUDGET,FIXED_SLOT_IDLE,H2_FIXED_PER_MINER_HARDWARE,0.1,0.0,False,600.0,10000.0,1666.6666666666667,100.0,20000.0,17,13,4,5391.960000000122,1994608.0399999954,0.0,8986600,0,20485276.39999993,5.690354555555537,2.532207777222214,0.4377195811965798,1.1507538461538462,0.2695980000000061,0.7647058823529411,1999999.9999999956,80,2e-06,False
200,1000000,INDEPENDENT_HEADERS_EQUAL_TOTAL_BUDGET,FIXED_SLOT_IDLE,H2_FIXED_PER_MINER_HARDWARE,0.1,0.0,False,600.0,10000.0,1666.6666666666667,100.0,20000.0,17,14,3,5132.759999999889,1994867.2400000033,0.0,8554600,0,20461948.399999984,5.683874555555551,2.5293241772222204,0.40599103968253936,1.1902714285714282,0.2566379999999945,0.8235294117647058,2000000.000000003,83,2e-06,False
200,1000000,INDEPENDENT_HEADERS_EQUAL_TOTAL_BUDGET,FIXED_SLOT_IDLE,H2_FIXED_PER_MINER_HARDWARE,0.1,0.0,False,600.0,10000.0,1666.6666666666667,100.0,20000.0,17,14,3,3966.480000000415,1996033.5200000058,0.0,6610800,0,20356983.199999996,5.654717555555554,2.516349312222222,0.40390839682539675,0.7737428571428572,0.19832400000002076,0.8235294117647058,2000000.0000000063,81,2e-06,False
200,1000000,INDEPENDENT_HEADERS_EQUAL_TOTAL_BUDGET,FIXED_SLOT_IDLE,H2_FIXED_PER_MINER_HARDWARE,0.1,0.0,False,600.0,10000.0,1666.6666666666667,100.0,20000.0,17,15,2,3493.319999999794,1996506.6800000053,0.0,5822200,0,20314398.79999988,5.642888555555523,2.5110854072222075,0.3761925703703682,0.7644399999999999,0.1746659999999897,0.8823529411764706,2000000.0000000051,82,2e-06,False
200,1000000,INDEPENDENT_HEADERS_EQUAL_TOTAL_BUDGET,FIXED_SLOT_IDLE,H2_FIXED_PER_MINER_HARDWARE,0.1,0.0,False,600.0,10000.0,1666.6666666666667,100.0,20000.0,17,14,3,3994.919999999478,1996005.079999995,0.0,6658200,0,20359542.800000004,5.655428555555557,2.5166657072222227,0.4039591825396826,0.7839,0.1997459999999739,0.8235294117647058,1999999.9999999944,84,2e-06,False
200,1000000,INDEPENDENT_HEADERS_EQUAL_TOTAL_BUDGET,FIXED_SLOT_IDLE,H2_FIXED_PER_MINER_HARDWARE,0.1,0.0,False,600.0,10000.0,1666.6666666666667,100.0,20000.0,17,16,1,3732.5999999998876,1996267.4000000085,0.0,6221000,0,20335934.000000045,5.648870555555568,2.513747397222228,0.353054409722223,0.9789375,0.18662999999999438,0.9411764705882353,2000000.0000000084,85,2e-06,False
200,1000000,INDEPENDENT_HEADERS_EQUAL_TOTAL_BUDGET,FIXED_SLOT_IDLE,H2_FIXED_PER_MINER_HARDWARE,0.1,0.0,False,600.0,10000.0,1666.6666666666667,100.0,20000.0,17,16,1,3606.959999999794,1996393.039999996,0.0,6011600,0,20324626.39999992,5.645729555555533,2.512349652222212,0.35285809722222083,0.9396749999999999,0.1803479999999897,0.9411764705882353,1999999.9999999958,86,2e-06,False
200,1000000,INDEPENDENT_HEADERS_EQUAL_TOTAL_BUDGET,FIXED_SLOT_IDLE,H2_FIXED_PER_MINER_HARDWARE,0.1,0.0,False,600.0,10000.0,1666.6666666666667,100.0,20000.0,17,15,2,3416.7600000001585,1996583.2400000072,0.0,5694600,0,20307508.39999995,5.640974555555542,2.510233677222216,0.37606497037036946,0.7389199999999999,0.17083800000000793,0.8823529411764706,2000000.0000000075,91,2e-06,False
200,1000000,INDEPENDENT_HEADERS_EQUAL_TOTAL_BUDGET,FIXED_SLOT_IDLE,H2_FIXED_PER_MINER_HARDWARE,0.1,0.0,False,600.0,10000.0,1666.6666666666667,100.0,20000.0,17,15,2,4725.000000000198,1995274.9999999998,0.0,7875000,0,20425250.000000004,5.673680555555556,2.5247878472222225,0.3782453703703704,1.1749999999999998,0.23625000000000992,0.8823529411764706,2000000.0,89,2e-06,False
200,1000000,INDEPENDENT_HEADERS_EQUAL_TOTAL_BUDGET,FIXED_SLOT_IDLE,H2_FIXED_PER_MINER_HARDWARE,0.1,0.0,False,600.0,10000.0,1666.6666666666667,100.0,20000.0,17,15,2,4398.359999999844,1995601.6400000055,0.0,7330600,0,20395852.39999995,5.665514555555542,2.521153977222216,0.3777009703703695,1.06612,0.2199179999999922,0.8823529411764706,2000000.0000000054,88,2e-06,False
200,1000000,INDEPENDENT_HEADERS_EQUAL_TOTAL_BUDGET,FIXED_SLOT_IDLE,H2_FIXED_PER_MINER_HARDWARE,0.1,0.0,False,600.0,10000.0,1666.6666666666667,100.0,20000.0,17,15,2,4365.000000000062,1995635.0000000063,0.0,7275000,0,20392850.000000004,5.664680555555557,2.5207828472222227,0.37764537037037044,1.0550000000000002,0.21825000000000308,0.8823529411764706,2000000.0000000063,87,2e-06,False
200,1000000,INDEPENDENT_HEADERS_EQUAL_TOTAL_BUDGET,FIXED_SLOT_IDLE,H2_FIXED_PER_MINER_HARDWARE,0.1,0.0,False,600.0,10000.0,1666.6666666666667,100.0,20000.0,17,15,2,4856.879999999726,1995143.1199999994,0.0,8094800,0,20437119.199999936,5.6769775555555375,2.5262550122222143,0.37846517037036914,1.2189599999999998,0.24284399999998632,0.8823529411764706,1999999.999999999,90,2e-06,False
200,1000000,INDEPENDENT_HEADERS_EQUAL_TOTAL_BUDGET,FIXED_SLOT_IDLE,H2_FIXED_PER_MINER_HARDWARE,0.1,0.0,False,600.0,10000.0,1666.6666666666667,100.0,20000.0,17,16,1,4297.559999999799,1995702.4399999997,0.0,7162600,0,20386780.400000002,5.6629945555555565,2.5200325772222225,0.3539371597222223,1.1554875,0.21487799999998997,0.9411764705882353,1999999.9999999995,92,2e-06,False
200,1000000,INDEPENDENT_HEADERS_FULL_PER_MINER_BUDGET,FIXED_SLOT_IDLE,H2_FIXED_PER_MINER_HARDWARE,0.1,0.0,False,600.0,10000.0,1666.6666666666667,100.0,20000.0,17,17,0,7621.919999999954,1992378.0799999933,0.0,12703200,0,20685972.80000001,5.746103555555558,2.557016082222223,0.3380060915032681,2.2417411764705877,0.38109599999999766,1.0,1999999.9999999932,2,2e-06,False
200,1000000,INDEPENDENT_HEADERS_EQUAL_TOTAL_BUDGET,FIXED_SLOT_IDLE,H2_FIXED_PER_MINER_HARDWARE,0.1,0.0,False,600.0,10000.0,1666.6666666666667,100.0,20000.0,17,16,1,3175.3199999997664,1996824.6799999946,0.0,5292200,0,20285778.8,5.634938555555555,2.507547657222222,0.3521836597222222,0.8047874999999999,0.15876599999998833,0.9411764705882353,1999999.9999999944,93,2e-06,False
200,1000000,INDEPENDENT_HEADERS_EQUAL_TOTAL_BUDGET,FIXED_SLOT_IDLE,H2_FIXED_PER_MINER_HARDWARE,0.1,0.0,False,600.0,10000.0,1666.6666666666667,100.0,20000.0,17,12,5,5733.6000000003105,1994266.3999999966,0.0,9556000,0,20516024.000000134,5.698895555555593,2.536008522222239,0.47490796296296606,1.139,0.28668000000001553,0.7058823529411765,1999999.999999997,96,2e-06,False
200,1000000,INDEPENDENT_HEADERS_EQUAL_TOTAL_BUDGET,FIXED_SLOT_IDLE,H2_FIXED_PER_MINER_HARDWARE,0.1,0.0,False,600.0,10000.0,1666.6666666666667,100.0,20000.0,17,16,1,3593.159999999695,1996406.84000001,0.0,5988600,0,20323384.39999997,5.645384555555547,2.5121961272222184,0.3528365347222217,0.9353625,0.17965799999998475,0.9411764705882353,2000000.0000000098,94,2e-06,False
200,1000000,INDEPENDENT_HEADERS_EQUAL_TOTAL_BUDGET,FIXED_SLOT_IDLE,H2_FIXED_PER_MINER_HARDWARE,0.1,0.0,False,600.0,10000.0,1666.6666666666667,100.0,20000.0,17,15,2,4052.2800000004295,1995947.7200000056,0.0,6753800,0,20364705.20000009,5.6568625555555805,2.5173038372222334,0.37712417037037205,0.9507599999999999,0.20261400000002147,0.8823529411764706,2000000.000000006,95,2e-06,False
200,1000000,INDEPENDENT_HEADERS_EQUAL_TOTAL_BUDGET,FIXED_SLOT_IDLE,H2_FIXED_PER_MINER_HARDWARE,0.1,0.0,False,600.0,10000.0,1666.6666666666667,100.0,20000.0,17,15,2,3551.640000000134,1996448.3599999945,0.0,5919400,0,20319647.60000005,5.644346555555569,2.5117342172222283,0.37628977037037126,0.78388,0.1775820000000067,0.8823529411764706,1999999.9999999946,97,2e-06,False
200,1000000,INDEPENDENT_HEADERS_EQUAL_TOTAL_BUDGET,FIXED_SLOT_IDLE,H2_FIXED_PER_MINER_HARDWARE,0.1,0.0,False,600.0,10000.0,1666.6666666666667,100.0,20000.0,17,15,2,3070.079999999537,1996929.9199999897,0.0,5116800,0,20276307.19999994,5.632307555555538,2.5063768622222145,0.3754871703703692,0.6233599999999998,0.15350399999997685,0.8823529411764706,1999999.9999999893,99,2e-06,False
200,1000000,INDEPENDENT_HEADERS_EQUAL_TOTAL_BUDGET,FIXED_SLOT_IDLE,H2_FIXED_PER_MINER_HARDWARE,0.1,0.0,False,600.0,10000.0,1666.6666666666667,100.0,20000.0,17,14,3,3249.3600000002248,1996750.6399999938,0.0,5415600,0,20292442.40000001,5.636789555555558,2.5083713522222233,0.40262782539682557,0.5176285714285714,0.16246800000001124,0.8235294117647058,1999999.9999999942,98,2e-06,False
200,1000000,INDEPENDENT_HEADERS_FULL_PER_MINER_BUDGET,FIXED_SLOT_IDLE,H2_FIXED_PER_MINER_HARDWARE,0.1,0.0,False,600.0,10000.0,1666.6666666666667,100.0,20000.0,17,17,0,4508.999999999831,1995491.0000000054,0.0,7515000,0,20405810.000000075,5.668280555555576,2.522384847222231,0.3334282679738574,1.3261764705882353,0.22544999999999152,1.0,2000000.0000000051,0,2e-06,False
200,1000000,INDEPENDENT_HEADERS_FULL_PER_MINER_BUDGET,FIXED_SLOT_IDLE,H2_FIXED_PER_MINER_HARDWARE,0.1,0.0,False,600.0,10000.0,1666.6666666666667,100.0,20000.0,17,17,0,4539.0000000000455,1995460.9999999963,0.0,7565000,0,20408510.000000075,5.669030555555576,2.5227185972222315,0.33347238562091625,1.335,0.22695000000000226,1.0,1999999.9999999963,1,2e-06,False
200,1000000,INDEPENDENT_HEADERS_FULL_PER_MINER_BUDGET,FIXED_SLOT_IDLE,H2_FIXED_PER_MINER_HARDWARE,0.1,0.0,False,600.0,10000.0,1666.6666666666667,100.0,20000.0,17,17,0,5167.3199999995595,1994832.6799999948,0.0,8612200,0,20465058.799999956,5.684738555555543,2.529708657222217,0.3343963856209143,1.5197999999999998,0.25836599999997795,1.0,1999999.9999999944,4,2e-06,False
200,1000000,INDEPENDENT_HEADERS_FULL_PER_MINER_BUDGET,FIXED_SLOT_IDLE,H2_FIXED_PER_MINER_HARDWARE,0.1,0.0,False,600.0,10000.0,1666.6666666666667,100.0,20000.0,17,17,0,4825.200000000149,1995174.8000000045,0.0,8042000,0,20434267.999999978,5.676185555555549,2.5259025722222197,0.3338932679738558,1.4191764705882355,0.24126000000000744,1.0,2000000.0000000047,3,2e-06,False
200,1000000,INDEPENDENT_HEADERS_FULL_PER_MINER_BUDGET,FIXED_SLOT_IDLE,H2_FIXED_PER_MINER_HARDWARE,0.1,0.0,False,600.0,10000.0,1666.6666666666667,100.0,20000.0,17,17,0,5013.719999999755,1994986.280000011,0.0,8356200,0,20451234.79999999,5.680898555555553,2.527999857222221,0.3341705032679737,1.4746235294117647,0.25068599999998775,1.0,2000000.0000000107,5,2e-06,False
200,1000000,INDEPENDENT_HEADERS_FULL_PER_MINER_BUDGET,FIXED_SLOT_IDLE,H2_FIXED_PER_MINER_HARDWARE,0.1,0.0,False,600.0,10000.0,1666.6666666666667,100.0,20000.0,17,17,0,5697.719999999587,1994302.2799999947,0.0,9496200,0,20512794.79999991,5.697998555555531,2.5356093572222114,0.33517638562091356,1.6758,0.2848859999999794,1.0,1999999.9999999942,6,2e-06,False
200,1000000,INDEPENDENT_HEADERS_FULL_PER_MINER_BUDGET,FIXED_SLOT_IDLE,H2_FIXED_PER_MINER_HARDWARE,0.1,0.0,False,600.0,10000.0,1666.6666666666667,100.0,20000.0,17,17,0,5368.559999999945,1994631.440000003,0.0,8947600,0,20483170.40000006,5.689769555555573,2.53194745222223,0.33469232679738664,1.5789882352941174,0.2684279999999973,1.0,2000000.000000003,9,2e-06,False
200,1000000,INDEPENDENT_HEADERS_FULL_PER_MINER_BUDGET,FIXED_SLOT_IDLE,H2_FIXED_PER_MINER_HARDWARE,0.1,0.0,False,600.0,10000.0,1666.6666666666667,100.0,20000.0,17,17,0,2944.6800000001276,1997055.3199999973,0.0,4907800,0,20265021.2,5.629172555555555,2.504981787222222,0.33112779738562087,0.8660823529411763,0.1472340000000064,1.0,1999999.9999999974,8,2e-06,False
200,1000000,INDEPENDENT_HEADERS_FULL_PER_MINER_BUDGET,FIXED_SLOT_IDLE,H2_FIXED_PER_MINER_HARDWARE,0.1,0.0,False,600.0,10000.0,1666.6666666666667,100.0,20000.0,17,17,0,3533.520000000115,1996466.479999994,0.0,5889200,0,20318016.80000002,5.643893555555561,2.5115326322222247,0.3319937385620918,1.0392705882352944,0.17667600000000577,1.0,1999999.999999994,10,2e-06,False
200,1000000,INDEPENDENT_HEADERS_FULL_PER_MINER_BUDGET,FIXED_SLOT_IDLE,H2_FIXED_PER_MINER_HARDWARE,0.1,0.0,False,600.0,10000.0,1666.6666666666667,100.0,20000.0,17,17,0,4264.920000000148,1995735.0800000038,0.0,7108200,0,20383842.80000002,5.662178555555561,2.5196694572222245,0.33306932679738593,1.2543882352941174,0.21324600000000743,1.0,2000000.000000004,7,2e-06,False
200,1000000,INDEPENDENT_HEADERS_FULL_PER_MINER_BUDGET,FIXED_SLOT_IDLE,H2_FIXED_PER_MINER_HARDWARE,0.1,0.0,False,600.0,10000.0,1666.6666666666667,100.0,20000.0,17,17,0,3897.1200000001786,1996102.8799999973,0.0,6495200,0,20350740.799999986,5.652983555555552,2.5155776822222204,0.33252844444444424,1.1462117647058823,0.19485600000000894,1.0,1999999.9999999974,11,2e-06,False
200,1000000,INDEPENDENT_HEADERS_FULL_PER_MINER_BUDGET,FIXED_SLOT_IDLE,H2_FIXED_PER_MINER_HARDWARE,0.1,0.0,False,600.0,10000.0,1666.6666666666667,100.0,20000.0,17,17,0,6372.959999999876,1993627.0399999921,0.0,10621600,0,20573566.399999995,5.714879555555554,2.5431214022222215,0.336169385620915,1.8743999999999998,0.3186479999999938,1.0,1999999.999999992,12,2e-06,False
200,1000000,INDEPENDENT_HEADERS_FULL_PER_MINER_BUDGET,FIXED_SLOT_IDLE,H2_FIXED_PER_MINER_HARDWARE,0.1,0.0,False,600.0,10000.0,1666.6666666666667,100.0,20000.0,17,17,0,5383.079999999955,1994616.9199999918,0.0,8971800,0,20484477.19999999,5.690132555555553,2.532108987222221,0.3347136797385619,1.5832588235294116,0.2691539999999978,1.0,1999999.9999999916,14,2e-06,False
200,1000000,INDEPENDENT_HEADERS_FULL_PER_MINER_BUDGET,FIXED_SLOT_IDLE,H2_FIXED_PER_MINER_HARDWARE,0.1,0.0,False,600.0,10000.0,1666.6666666666667,100.0,20000.0,17,17,0,4225.920000000129,1995774.0799999917,0.0,7043200,0,20380332.800000086,5.66120355555558,2.519235582222233,0.33301197385621056,1.2429176470588237,0.21129600000000645,1.0,1999999.9999999919,13,2e-06,False
200,1000000,INDEPENDENT_HEADERS_FULL_PER_MINER_BUDGET,FIXED_SLOT_IDLE,H2_FIXED_PER_MINER_HARDWARE,0.1,0.0,False,600.0,10000.0,1666.6666666666667,100.0,20000.0,17,17,0,4396.920000000131,1995603.0799999933,0.0,7328200,0,20395722.80000001,5.665478555555558,2.5211379572222237,0.3332634444444446,1.2932117647058823,0.21984600000000654,1.0,1999999.9999999935,15,2e-06,False
200,1000000,INDEPENDENT_HEADERS_FULL_PER_MINER_BUDGET,FIXED_SLOT_IDLE,H2_FIXED_PER_MINER_HARDWARE,0.1,0.0,False,600.0,10000.0,1666.6666666666667,100.0,20000.0,17,17,0,4778.760000000329,1995221.240000005,0.0,7964600,0,20430088.400000047,5.675024555555568,2.525385927222228,0.3338249738562099,1.4055176470588233,0.23893800000001642,1.0,2000000.0000000054,17,2e-06,False
200,1000000,INDEPENDENT_HEADERS_FULL_PER_MINER_BUDGET,FIXED_SLOT_IDLE,H2_FIXED_PER_MINER_HARDWARE,0.1,0.0,False,600.0,10000.0,1666.6666666666667,100.0,20000.0,17,17,0,6517.680000000166,1993482.3199999987,0.0,10862800,0,20586591.200000044,5.718497555555568,2.544731412222228,0.3363822091503275,1.9169647058823525,0.3258840000000083,1.0,1999999.9999999988,16,2e-06,False
200,1000000,INDEPENDENT_HEADERS_FULL_PER_MINER_BUDGET,FIXED_SLOT_IDLE,H2_FIXED_PER_MINER_HARDWARE,0.1,0.0,False,600.0,10000.0,1666.6666666666667,100.0,20000.0,17,17,0,5342.039999999723,1994657.9599999937,0.0,8903400,0,20480783.6,5.689106555555556,2.5316524172222223,0.33465332679738563,1.5711882352941178,0.26710199999998613,1.0,1999999.9999999935,19,2e-06,False
200,1000000,INDEPENDENT_HEADERS_FULL_PER_MINER_BUDGET,FIXED_SLOT_IDLE,H2_FIXED_PER_MINER_HARDWARE,0.1,0.0,False,600.0,10000.0,1666.6666666666667,100.0,20000.0,17,17,0,3740.8800000001743,1996259.1200000048,0.0,6234800,0,20336679.20000003,5.6490775555555635,2.513839512222226,0.33229867973856253,1.1002588235294115,0.1870440000000087,1.0,2000000.000000005,22,2e-06,False
200,1000000,INDEPENDENT_HEADERS_FULL_PER_MINER_BUDGET,FIXED_SLOT_IDLE,H2_FIXED_PER_MINER_HARDWARE,0.1,0.0,False,600.0,10000.0,1666.6666666666667,100.0,20000.0,17,17,0,6506.640000000024,1993493.3600000076,0.0,10844400,0,20585597.60000005,5.718221555555569,2.5446085922222283,0.33636597385621,1.9137176470588235,0.32533200000000123,1.0,2000000.0000000077,18,2e-06,False
200,1000000,INDEPENDENT_HEADERS_FULL_PER_MINER_BUDGET,FIXED_SLOT_IDLE,H2_FIXED_PER_MINER_HARDWARE,0.1,0.0,False,600.0,10000.0,1666.6666666666667,100.0,20000.0,17,17,0,5298.840000000071,1994701.1599999948,0.0,8831400,0,20476895.60000002,5.688026555555561,2.531171817222225,0.3345897973856213,1.5584823529411762,0.26494200000000356,1.0,1999999.9999999949,21,2e-06,False
200,1000000,INDEPENDENT_HEADERS_FULL_PER_MINER_BUDGET,FIXED_SLOT_IDLE,H2_FIXED_PER_MINER_HARDWARE,0.1,0.0,False,600.0,10000.0,1666.6666666666667,100.0,20000.0,17,17,0,5880.360000000047,1994119.6399999904,0.0,9800600,0,20529232.400000077,5.702564555555577,2.537641227222232,0.3354449738562104,1.7295176470588234,0.29401800000000233,1.0,1999999.9999999905,20,2e-06,False
200,1000000,INDEPENDENT_HEADERS_FULL_PER_MINER_BUDGET,FIXED_SLOT_IDLE,H2_FIXED_PER_MINER_HARDWARE,0.1,0.0,False,600.0,10000.0,1666.6666666666667,100.0,20000.0,17,17,0,6387.9599999997945,1993612.0399999928,0.0,10646600,0,20574916.399999954,5.715254555555543,2.5432882772222167,0.3361914444444437,1.8788117647058824,0.3193979999999897,1.0,1999999.9999999925,23,2e-06,False
200,1000000,INDEPENDENT_HEADERS_FULL_PER_MINER_BUDGET,FIXED_SLOT_IDLE,H2_FIXED_PER_MINER_HARDWARE,0.1,0.0,False,600.0,10000.0,1666.6666666666667,100.0,20000.0,17,17,0,5993.16000000005,1994006.84000001,0.0,9988600,0,20539384.39999997,5.705384555555547,2.5388961272222184,0.3356108562091498,1.762694117647059,0.2996580000000025,1.0,2000000.0000000102,24,2e-06,False
200,1000000,INDEPENDENT_HEADERS_FULL_PER_MINER_BUDGET,FIXED_SLOT_IDLE,H2_FIXED_PER_MINER_HARDWARE,0.1,0.0,False,600.0,10000.0,1666.6666666666667,100.0,20000.0,17,17,0,5883.840000000054,1994116.1600000104,0.0,9806400,0,20529545.60000002,5.702651555555561,2.5376799422222245,0.3354500915032683,1.730541176470588,0.2941920000000027,1.0,2000000.0000000105,25,2e-06,False
200,1000000,INDEPENDENT_HEADERS_FULL_PER_MINER_BUDGET,FIXED_SLOT_IDLE,H2_FIXED_PER_MINER_HARDWARE,0.1,0.0,False,600.0,10000.0,1666.6666666666667,100.0,20000.0,17,17,0,5468.879999999926,1994531.1199999973,0.0,9114800,0,20492199.199999932,5.6922775555555365,2.533063512222214,0.3348398562091492,1.6084941176470586,0.27344399999999636,1.0,1999999.9999999972,26,2e-06,False
200,1000000,INDEPENDENT_HEADERS_FULL_PER_MINER_BUDGET,FIXED_SLOT_IDLE,H2_FIXED_PER_MINER_HARDWARE,0.1,0.0,False,600.0,10000.0,1666.6666666666667,100.0,20000.0,17,17,0,7130.6400000001295,1992869.3599999913,0.0,11884400,0,20641757.599999998,5.733821555555555,2.551550592222222,0.33728362091503267,2.097247058823529,0.35653200000000645,1.0,1999999.9999999914,27,2e-06,False
200,1000000,INDEPENDENT_HEADERS_FULL_PER_MINER_BUDGET,FIXED_SLOT_IDLE,H2_FIXED_PER_MINER_HARDWARE,0.1,0.0,False,600.0,10000.0,1666.6666666666667,100.0,20000.0,17,17,0,7811.279999999852,1992188.720000011,0.0,13018800,0,20703015.20000001,5.750837555555559,2.5591227122222238,0.3382845620915034,2.2974352941176464,0.3905639999999926,1.0,2000000.0000000107,29,2e-06,False
200,1000000,INDEPENDENT_HEADERS_FULL_PER_MINER_BUDGET,FIXED_SLOT_IDLE,H2_FIXED_PER_MINER_HARDWARE,0.1,0.0,False,600.0,10000.0,1666.6666666666667,100.0,20000.0,17,17,0,5420.759999999789,1994579.2400000053,0.0,9034600,0,20487868.40000002,5.691074555555561,2.5325281772222246,0.3347690915032683,1.594341176470588,0.27103799999998945,1.0,2000000.0000000051,28,2e-06,False
200,1000000,INDEPENDENT_HEADERS_FULL_PER_MINER_BUDGET,FIXED_SLOT_IDLE,H2_FIXED_PER_MINER_HARDWARE,0.1,0.0,False,600.0,10000.0,1666.6666666666667,100.0,20000.0,17,17,0,4594.320000000396,1995405.6799999934,0.0,7657200,0,20413488.800000094,5.670413555555582,2.523334032222234,0.333553738562093,1.3512705882352942,0.22971600000001982,1.0,1999999.9999999937,31,2e-06,False
200,1000000,INDEPENDENT_HEADERS_FULL_PER_MINER_BUDGET,FIXED_SLOT_IDLE,H2_FIXED_PER_MINER_HARDWARE,0.1,0.0,False,600.0,10000.0,1666.6666666666667,100.0,20000.0,17,17,0,5887.6800000003595,1994112.3199999915,0.0,9812800,0,20529891.200000044,5.702747555555567,2.5377226622222273,0.3354557385620922,1.7316705882352945,0.29438400000001796,1.0,1999999.9999999919,34,2e-06,False
200,1000000,INDEPENDENT_HEADERS_FULL_PER_MINER_BUDGET,FIXED_SLOT_IDLE,H2_FIXED_PER_MINER_HARDWARE,0.1,0.0,False,600.0,10000.0,1666.6666666666667,100.0,20000.0,17,17,0,4873.560000000343,1995126.4400000097,0.0,8122600,0,20438620.40000006,5.677394555555573,2.52644057722223,0.333964385620916,1.4333999999999998,0.24367800000001716,1.0,2000000.00000001,33,2e-06,False
200,1000000,INDEPENDENT_HEADERS_FULL_PER_MINER_BUDGET,FIXED_SLOT_IDLE,H2_FIXED_PER_MINER_HARDWARE,0.1,0.0,False,600.0,10000.0,1666.6666666666667,100.0,20000.0,17,17,0,4182.239999999816,1995817.7600000044,0.0,6970400,0,20376401.599999975,5.660111555555549,2.518749642222219,0.3329477385620911,1.2300705882352942,0.2091119999999908,1.0,2000000.0000000042,32,2e-06,False
200,1000000,INDEPENDENT_HEADERS_FULL_PER_MINER_BUDGET,FIXED_SLOT_IDLE,H2_FIXED_PER_MINER_HARDWARE,0.1,0.0,False,600.0,10000.0,1666.6666666666667,100.0,20000.0,17,17,0,6119.640000000084,1993880.3600000096,0.0,10199400,0,20550767.599999964,5.708546555555546,2.5403032172222177,0.33579685620914973,1.7998941176470586,0.3059820000000042,1.0,2000000.0000000098,30,2e-06,False
200,1000000,INDEPENDENT_HEADERS_FULL_PER_MINER_BUDGET,FIXED_SLOT_IDLE,H2_FIXED_PER_MINER_HARDWARE,0.1,0.0,False,600.0,10000.0,1666.6666666666667,100.0,20000.0,17,17,0,5420.039999999807,1994579.9600000025,0.0,9033400,0,20487803.599999916,5.691056555555532,2.532520167222212,0.33476803267973715,1.5941294117647058,0.27100199999999036,1.0,2000000.0000000023,35,2e-06,False
200,1000000,INDEPENDENT_HEADERS_FULL_PER_MINER_BUDGET,FIXED_SLOT_IDLE,H2_FIXED_PER_MINER_HARDWARE,0.1,0.0,False,600.0,10000.0,1666.6666666666667,100.0,20000.0,17,17,0,4590.719999999946,1995409.2800000096,0.0,7651200,0,20413164.79999996,5.6703235555555445,2.523293982222217,0.3335484444444438,1.3502117647058824,0.2295359999999973,1.0,2000000.0000000095,42,2e-06,False
200,1000000,INDEPENDENT_HEADERS_FULL_PER_MINER_BUDGET,FIXED_SLOT_IDLE,H2_FIXED_PER_MINER_HARDWARE,0.1,0.0,False,600.0,10000.0,1666.6666666666667,100.0,20000.0,17,17,0,4225.199999999945,1995774.8000000045,0.0,7042000,0,20380267.999999974,5.661185555555548,2.519227572222219,0.33301091503267927,1.2427058823529413,0.21125999999999726,1.0,2000000.0000000044,36,2e-06,False
200,1000000,INDEPENDENT_HEADERS_FULL_PER_MINER_BUDGET,FIXED_SLOT_IDLE,H2_FIXED_PER_MINER_HARDWARE,0.1,0.0,False,600.0,10000.0,1666.6666666666667,100.0,20000.0,17,17,0,3641.7600000000616,1996358.2400000072,0.0,6069600,0,20327758.39999995,5.646599555555541,2.512736802222216,0.3321529150326789,1.0711058823529411,0.18208800000000308,1.0,2000000.0000000072,37,2e-06,False
200,1000000,INDEPENDENT_HEADERS_FULL_PER_MINER_BUDGET,FIXED_SLOT_IDLE,H2_FIXED_PER_MINER_HARDWARE,0.1,0.0,False,600.0,10000.0,1666.6666666666667,100.0,20000.0,17,17,0,4226.7599999999,1995773.2400000065,0.0,7044600,0,20380408.399999946,5.661224555555541,2.519244927222216,0.33301320915032595,1.2431647058823527,0.211337999999995,1.0,2000000.0000000065,38,2e-06,False
200,1000000,INDEPENDENT_HEADERS_FULL_PER_MINER_BUDGET,FIXED_SLOT_IDLE,H2_FIXED_PER_MINER_HARDWARE,0.1,0.0,False,600.0,10000.0,1666.6666666666667,100.0,20000.0,17,17,0,4566.960000000088,1995433.0399999954,0.0,7611600,0,20411026.39999993,5.669729555555537,2.5230296522222138,0.33351350326797274,1.3432235294117645,0.22834800000000444,1.0,1999999.9999999956,39,2e-06,False
200,1000000,INDEPENDENT_HEADERS_FULL_PER_MINER_BUDGET,FIXED_SLOT_IDLE,H2_FIXED_PER_MINER_HARDWARE,0.1,0.0,False,600.0,10000.0,1666.6666666666667,100.0,20000.0,17,17,0,4150.199999999863,1995849.8000000045,0.0,6917000,0,20373517.999999974,5.659310555555549,2.518393197222219,0.33290062091503225,1.2206470588235294,0.20750999999999317,1.0,2000000.0000000044,43,2e-06,False
200,1000000,INDEPENDENT_HEADERS_FULL_PER_MINER_BUDGET,FIXED_SLOT_IDLE,H2_FIXED_PER_MINER_HARDWARE,0.1,0.0,False,600.0,10000.0,1666.6666666666667,100.0,20000.0,17,17,0,7784.279999999901,1992215.7199999904,0.0,12973800,0,20700585.199999884,5.750162555555523,2.5588223372222076,0.3382448562091484,2.2894941176470582,0.38921399999999506,1.0,1999999.9999999902,40,2e-06,False
200,1000000,INDEPENDENT_HEADERS_FULL_PER_MINER_BUDGET,FIXED_SLOT_IDLE,H2_FIXED_PER_MINER_HARDWARE,0.1,0.0,False,600.0,10000.0,1666.6666666666667,100.0,20000.0,17,17,0,5814.479999999806,1994185.5200000077,0.0,9690800,0,20523303.20000001,5.7009175555555585,2.5369083122222236,0.33534809150326816,1.7101411764705883,0.29072399999999027,1.0,2000000.0000000075,41,2e-06,False
200,1000000,INDEPENDENT_HEADERS_FULL_PER_MINER_BUDGET,FIXED_SLOT_IDLE,H2_FIXED_PER_MINER_HARDWARE,0.1,0.0,False,600.0,10000.0,1666.6666666666667,100.0,20000.0,17,17,0,4640.640000000087,1995359.359999991,0.0,7734400,0,20417657.6,5.671571555555556,2.523849342222223,0.33362185620915036,1.3648941176470586,0.23203200000000435,1.0,1999999.9999999912,45,2e-06,False
200,1000000,INDEPENDENT_HEADERS_FULL_PER_MINER_BUDGET,FIXED_SLOT_IDLE,H2_FIXED_PER_MINER_HARDWARE,0.1,0.0,False,600.0,10000.0,1666.6666666666667,100.0,20000.0,17,17,0,4297.199999999611,1995702.7999999956,0.0,7162000,0,20386747.99999996,5.662985555555545,2.5200285722222175,0.3331167973856203,1.2638823529411767,0.21485999999998054,1.0,1999999.9999999953,46,2e-06,False
200,1000000,INDEPENDENT_HEADERS_FULL_PER_MINER_BUDGET,FIXED_SLOT_IDLE,H2_FIXED_PER_MINER_HARDWARE,0.1,0.0,False,600.0,10000.0,1666.6666666666667,100.0,20000.0,17,17,0,4966.199999999965,1995033.799999999,0.0,8277000,0,20446957.9999999,5.679710555555528,2.52747119722221,0.33410062091503107,1.4606470588235292,0.24830999999999825,1.0,1999999.999999999,47,2e-06,False
200,1000000,INDEPENDENT_HEADERS_FULL_PER_MINER_BUDGET,FIXED_SLOT_IDLE,H2_FIXED_PER_MINER_HARDWARE,0.1,0.0,False,600.0,10000.0,1666.6666666666667,100.0,20000.0,17,17,0,3847.079999999728,1996152.9200000102,0.0,6411800,0,20346237.200000063,5.651732555555573,2.51502098722223,0.3324548562091514,1.1314941176470585,0.1923539999999864,1.0,2000000.00000001,44,2e-06,False
200,1000000,INDEPENDENT_HEADERS_FULL_PER_MINER_BUDGET,FIXED_SLOT_IDLE,H2_FIXED_PER_MINER_HARDWARE,0.1,0.0,False,600.0,10000.0,1666.6666666666667,100.0,20000.0,17,17,0,2990.5199999999318,1997009.4800000053,0.0,4984200,0,20269146.799999986,5.630318555555552,2.5054917572222206,0.3311952091503266,0.8795647058823528,0.1495259999999966,1.0,2000000.0000000054,48,2e-06,False
200,1000000,INDEPENDENT_HEADERS_FULL_PER_MINER_BUDGET,FIXED_SLOT_IDLE,H2_FIXED_PER_MINER_HARDWARE,0.1,0.0,False,600.0,10000.0,1666.6666666666667,100.0,20000.0,17,17,0,4114.800000000558,1995885.1999999962,0.0,6858000,0,20370332.000000034,5.6584255555555645,2.517999372222226,0.3328485620915038,1.2102352941176469,0.20574000000002787,1.0,1999999.9999999967,49,2e-06,False
200,1000000,INDEPENDENT_HEADERS_FULL_PER_MINER_BUDGET,FIXED_SLOT_IDLE,H2_FIXED_PER_MINER_HARDWARE,0.1,0.0,False,600.0,10000.0,1666.6666666666667,100.0,20000.0,17,17,0,6473.280000000021,1993526.7200000025,0.0,10788800,0,20582595.199999966,5.717387555555546,2.544237462222218,0.3363169150326792,1.9039058823529411,0.32366400000000106,1.0,2000000.0000000026,52,2e-06,False
200,1000000,INDEPENDENT_HEADERS_FULL_PER_MINER_BUDGET,FIXED_SLOT_IDLE,H2_FIXED_PER_MINER_HARDWARE,0.1,0.0,False,600.0,10000.0,1666.6666666666667,100.0,20000.0,17,17,0,4718.160000000155,1995281.84000001,0.0,7863600,0,20424634.39999998,5.67350955555555,2.52471175222222,0.33373585620915003,1.387694117647059,0.23590800000000778,1.0,2000000.0000000102,55,2e-06,False
200,1000000,INDEPENDENT_HEADERS_FULL_PER_MINER_BUDGET,FIXED_SLOT_IDLE,H2_FIXED_PER_MINER_HARDWARE,0.1,0.0,False,600.0,10000.0,1666.6666666666667,100.0,20000.0,17,17,0,5458.680000000039,1994541.3199999935,0.0,9097800,0,20491281.19999996,5.692022555555544,2.5329500372222173,0.33482485620914965,1.605494117647059,0.27293400000000195,1.0,1999999.9999999935,53,2e-06,False
200,1000000,INDEPENDENT_HEADERS_FULL_PER_MINER_BUDGET,FIXED_SLOT_IDLE,H2_FIXED_PER_MINER_HARDWARE,0.1,0.0,False,600.0,10000.0,1666.6666666666667,100.0,20000.0,17,17,0,4298.640000000161,1995701.3600000066,0.0,7164400,0,20386877.60000005,5.663021555555569,2.5200445922222285,0.33311891503268054,1.2643058823529412,0.21493200000000806,1.0,2000000.0000000068,54,2e-06,False
200,1000000,INDEPENDENT_HEADERS_FULL_PER_MINER_BUDGET,FIXED_SLOT_IDLE,H2_FIXED_PER_MINER_HARDWARE,0.1,0.0,False,600.0,10000.0,1666.6666666666667,100.0,20000.0,17,17,0,5125.440000000326,1994874.5600000022,0.0,8542400,0,20461289.600000028,5.683691555555563,2.5292427422222254,0.33433479738562133,1.5074823529411763,0.2562720000000163,1.0,2000000.0000000026,50,2e-06,False
200,1000000,INDEPENDENT_HEADERS_FULL_PER_MINER_BUDGET,FIXED_SLOT_IDLE,H2_FIXED_PER_MINER_HARDWARE,0.1,0.0,False,600.0,10000.0,1666.6666666666667,100.0,20000.0,17,17,0,5714.400000000189,1994285.600000005,0.0,9524000,0,20514296.00000007,5.6984155555555756,2.535794922222231,0.3352009150326809,1.6807058823529406,0.2857200000000094,1.0,2000000.0000000051,56,2e-06,False
200,1000000,INDEPENDENT_HEADERS_FULL_PER_MINER_BUDGET,FIXED_SLOT_IDLE,H2_FIXED_PER_MINER_HARDWARE,0.1,0.0,False,600.0,10000.0,1666.6666666666667,100.0,20000.0,17,17,0,3539.5200000000177,1996460.479999995,0.0,5899200,0,20318556.800000064,5.644043555555573,2.5115993822222302,0.3320025620915043,1.041035294117647,0.17697600000000088,1.0,1999999.999999995,51,2e-06,False
200,1000000,INDEPENDENT_HEADERS_FULL_PER_MINER_BUDGET,FIXED_SLOT_IDLE,H2_FIXED_PER_MINER_HARDWARE,0.1,0.0,False,600.0,10000.0,1666.6666666666667,100.0,20000.0,17,17,0,5457.240000000096,1994542.7600000044,0.0,9095400,0,20491151.60000002,5.6919865555555615,2.532934017222225,0.3348227385620919,1.6050705882352938,0.2728620000000048,1.0,2000000.0000000044,57,2e-06,False
200,1000000,INDEPENDENT_HEADERS_FULL_PER_MINER_BUDGET,FIXED_SLOT_IDLE,H2_FIXED_PER_MINER_HARDWARE,0.1,0.0,False,600.0,10000.0,1666.6666666666667,100.0,20000.0,17,17,0,5803.439999999335,1994196.5600000108,0.0,9672400,0,20522309.600000013,5.700641555555559,2.536785492222224,0.3353318562091505,1.706894117647059,0.2901719999999668,1.0,2000000.00000001,58,2e-06,False
200,1000000,INDEPENDENT_HEADERS_FULL_PER_MINER_BUDGET,FIXED_SLOT_IDLE,H2_FIXED_PER_MINER_HARDWARE,0.1,0.0,False,600.0,10000.0,1666.6666666666667,100.0,20000.0,17,17,0,5689.67999999986,1994310.31999999,0.0,9482800,0,20512071.199999984,5.697797555555551,2.5355199122222203,0.335164562091503,1.6734352941176471,0.284483999999993,1.0,1999999.99999999,60,2e-06,False
200,1000000,INDEPENDENT_HEADERS_FULL_PER_MINER_BUDGET,FIXED_SLOT_IDLE,H2_FIXED_PER_MINER_HARDWARE,0.1,0.0,False,600.0,10000.0,1666.6666666666667,100.0,20000.0,17,17,0,4360.55999999998,1995639.4400000076,0.0,7267600,0,20392450.400000047,5.664569555555569,2.520733452222228,0.33320997385620993,1.2825176470588233,0.218027999999999,1.0,2000000.0000000077,61,2e-06,False
200,1000000,INDEPENDENT_HEADERS_FULL_PER_MINER_BUDGET,FIXED_SLOT_IDLE,H2_FIXED_PER_MINER_HARDWARE,0.1,0.0,False,600.0,10000.0,1666.6666666666667,100.0,20000.0,17,17,0,5555.760000000189,1994444.2400000035,0.0,9259600,0,20500018.400000032,5.694449555555565,2.5340300522222265,0.33496762091503324,1.6340470588235292,0.27778800000000947,1.0,2000000.0000000037,59,2e-06,False
200,1000000,INDEPENDENT_HEADERS_FULL_PER_MINER_BUDGET,FIXED_SLOT_IDLE,H2_FIXED_PER_MINER_HARDWARE,0.1,0.0,False,600.0,10000.0,1666.6666666666667,100.0,20000.0,17,17,0,5331.479999999629,1994668.5200000068,0.0,8885800,0,20479833.199999984,5.688842555555551,2.5315349372222204,0.33463779738562066,1.5680823529411765,0.2665739999999815,1.0,2000000.0000000063,64,2e-06,False
200,1000000,INDEPENDENT_HEADERS_FULL_PER_MINER_BUDGET,FIXED_SLOT_IDLE,H2_FIXED_PER_MINER_HARDWARE,0.1,0.0,False,600.0,10000.0,1666.6666666666667,100.0,20000.0,17,17,0,6457.919999999703,1993542.079999997,0.0,10763200,0,20581212.799999923,5.717003555555534,2.5440665822222126,0.33629432679738436,1.8993882352941172,0.32289599999998514,1.0,1999999.9999999967,62,2e-06,False
200,1000000,INDEPENDENT_HEADERS_FULL_PER_MINER_BUDGET,FIXED_SLOT_IDLE,H2_FIXED_PER_MINER_HARDWARE,0.1,0.0,False,600.0,10000.0,1666.6666666666667,100.0,20000.0,17,17,0,7069.320000000517,1992930.6799999934,0.0,11782200,0,20636238.800000098,5.7322885555555825,2.550868407222234,0.33719344444444604,2.079211764705882,0.35346600000002587,1.0,1999999.999999994,63,2e-06,False
200,1000000,INDEPENDENT_HEADERS_FULL_PER_MINER_BUDGET,FIXED_SLOT_IDLE,H2_FIXED_PER_MINER_HARDWARE,0.1,0.0,False,600.0,10000.0,1666.6666666666667,100.0,20000.0,17,17,0,6009.239999999908,1993990.7600000028,0.0,10015400,0,20540831.599999968,5.705786555555546,2.5390750172222183,0.3356345032679733,1.7674235294117646,0.3004619999999954,1.0,2000000.0000000028,65,2e-06,False
200,1000000,INDEPENDENT_HEADERS_FULL_PER_MINER_BUDGET,FIXED_SLOT_IDLE,H2_FIXED_PER_MINER_HARDWARE,0.1,0.0,False,600.0,10000.0,1666.6666666666667,100.0,20000.0,17,17,0,4662.840000000264,1995337.1600000071,0.0,7771400,0,20419655.6000001,5.672126555555583,2.524096317222235,0.33365450326797547,1.3714235294117647,0.23314200000001317,1.0,2000000.0000000075,67,2e-06,False
200,1000000,INDEPENDENT_HEADERS_FULL_PER_MINER_BUDGET,FIXED_SLOT_IDLE,H2_FIXED_PER_MINER_HARDWARE,0.1,0.0,False,600.0,10000.0,1666.6666666666667,100.0,20000.0,17,17,0,4295.88000000022,1995704.1199999955,0.0,7159800,0,20386629.20000003,5.662952555555564,2.520013887222226,0.3331148562091508,1.2634941176470587,0.214794000000011,1.0,1999999.9999999956,69,2e-06,False
200,1000000,INDEPENDENT_HEADERS_FULL_PER_MINER_BUDGET,FIXED_SLOT_IDLE,H2_FIXED_PER_MINER_HARDWARE,0.1,0.0,False,600.0,10000.0,1666.6666666666667,100.0,20000.0,17,17,0,5956.080000000292,1994043.9199999936,0.0,9926800,0,20536047.20000004,5.7044575555555666,2.538483612222227,0.3355563267973863,1.7517882352941176,0.2978040000000146,1.0,1999999.999999994,66,2e-06,False
200,1000000,INDEPENDENT_HEADERS_FULL_PER_MINER_BUDGET,FIXED_SLOT_IDLE,H2_FIXED_PER_MINER_HARDWARE,0.1,0.0,False,600.0,10000.0,1666.6666666666667,100.0,20000.0,17,17,0,6709.200000000056,1993290.7999999935,0.0,11182000,0,20603828.00000006,5.723285555555572,2.5468620722222295,0.3366638562091513,1.9732941176470589,0.3354600000000028,1.0,1999999.9999999935,70,2e-06,False
200,1000000,INDEPENDENT_HEADERS_FULL_PER_MINER_BUDGET,FIXED_SLOT_IDLE,H2_FIXED_PER_MINER_HARDWARE,0.1,0.0,False,600.0,10000.0,1666.6666666666667,100.0,20000.0,17,17,0,3143.1600000003523,1996856.84000001,0.0,5238600,0,20282884.399999984,5.634134555555551,2.5071898772222205,0.33141967973856185,0.9244588235294117,0.15715800000001762,1.0,2000000.0000000105,68,2e-06,False
200,1000000,INDEPENDENT_HEADERS_FULL_PER_MINER_BUDGET,FIXED_SLOT_IDLE,H2_FIXED_PER_MINER_HARDWARE,0.1,0.0,False,600.0,10000.0,1666.6666666666667,100.0,20000.0,17,17,0,4083.3599999996236,1995916.639999999,0.0,6805600,0,20367502.39999994,5.657639555555539,2.517649602222215,0.33280232679738464,1.2009882352941175,0.20416799999998117,1.0,1999999.9999999986,72,2e-06,False
200,1000000,INDEPENDENT_HEADERS_FULL_PER_MINER_BUDGET,FIXED_SLOT_IDLE,H2_FIXED_PER_MINER_HARDWARE,0.1,0.0,False,600.0,10000.0,1666.6666666666667,100.0,20000.0,17,17,0,5725.079999999918,1994274.919999997,0.0,9541800,0,20515257.199999977,5.698682555555549,2.535913737222219,0.3352166209150323,1.683847058823529,0.2862539999999959,1.0,1999999.9999999967,71,2e-06,False
200,1000000,INDEPENDENT_HEADERS_FULL_PER_MINER_BUDGET,FIXED_SLOT_IDLE,H2_FIXED_PER_MINER_HARDWARE,0.1,0.0,False,600.0,10000.0,1666.6666666666667,100.0,20000.0,17,17,0,5690.519999999875,1994309.4800000053,0.0,9484200,0,20512146.799999986,5.697818555555552,2.5355292572222203,0.3351657973856207,1.6736823529411764,0.2845259999999938,1.0,2000000.0000000051,83,2e-06,False
200,1000000,INDEPENDENT_HEADERS_FULL_PER_MINER_BUDGET,FIXED_SLOT_IDLE,H2_FIXED_PER_MINER_HARDWARE,0.1,0.0,False,600.0,10000.0,1666.6666666666667,100.0,20000.0,17,17,0,4616.399999999865,1995383.6000000034,0.0,7694000,0,20415476.000000022,5.670965555555561,2.523579672222225,0.33358620915032716,1.3577647058823528,0.23081999999999325,1.0,2000000.0000000033,73,2e-06,False
200,1000000,INDEPENDENT_HEADERS_FULL_PER_MINER_BUDGET,FIXED_SLOT_IDLE,H2_FIXED_PER_MINER_HARDWARE,0.1,0.0,False,600.0,10000.0,1666.6666666666667,100.0,20000.0,17,17,0,6136.68000000022,1993863.3200000033,0.0,10227800,0,20552301.200000122,5.708972555555589,2.540492787222237,0.3358219150326817,1.8049058823529414,0.306834000000011,1.0,2000000.0000000035,75,2e-06,False
200,1000000,INDEPENDENT_HEADERS_FULL_PER_MINER_BUDGET,FIXED_SLOT_IDLE,H2_FIXED_PER_MINER_HARDWARE,0.1,0.0,False,600.0,10000.0,1666.6666666666667,100.0,20000.0,17,17,0,4148.039999999924,1995851.9600000111,0.0,6913400,0,20373323.60000007,5.659256555555575,2.518369167222231,0.3328974444444456,1.2200117647058824,0.2074019999999962,1.0,2000000.0000000112,79,2e-06,False
200,1000000,INDEPENDENT_HEADERS_FULL_PER_MINER_BUDGET,FIXED_SLOT_IDLE,H2_FIXED_PER_MINER_HARDWARE,0.1,0.0,False,600.0,10000.0,1666.6666666666667,100.0,20000.0,17,17,0,4470.120000000216,1995529.8799999992,0.0,7450200,0,20402310.80000003,5.6673085555555645,2.521952307222226,0.3333710915032685,1.314741176470588,0.22350600000001083,1.0,1999999.9999999993,74,2e-06,False
200,1000000,INDEPENDENT_HEADERS_FULL_PER_MINER_BUDGET,FIXED_SLOT_IDLE,H2_FIXED_PER_MINER_HARDWARE,0.1,0.0,False,600.0,10000.0,1666.6666666666667,100.0,20000.0,17,17,0,8167.080000000214,1991832.920000003,0.0,13611800,0,20735037.200000077,5.759732555555577,2.5630809872222318,0.33880779738562217,2.402082352941176,0.4083540000000107,1.0,2000000.0000000033,76,2e-06,False
200,1000000,INDEPENDENT_HEADERS_FULL_PER_MINER_BUDGET,FIXED_SLOT_IDLE,H2_FIXED_PER_MINER_HARDWARE,0.1,0.0,False,600.0,10000.0,1666.6666666666667,100.0,20000.0,17,17,0,6425.640000000341,1993574.3600000062,0.0,10709400,0,20578307.6,5.716196555555556,2.5437074672222226,0.33624685620915035,1.8898941176470587,0.32128200000001705,1.0,2000000.0000000065,77,2e-06,False
200,1000000,INDEPENDENT_HEADERS_FULL_PER_MINER_BUDGET,FIXED_SLOT_IDLE,H2_FIXED_PER_MINER_HARDWARE,0.1,0.0,False,600.0,10000.0,1666.6666666666667,100.0,20000.0,17,17,0,4369.800000000662,1995630.2000000044,0.0,7283000,0,20393282.000000034,5.664800555555565,2.5208362472222263,0.33322356209150383,1.285235294117647,0.21849000000003313,1.0,2000000.0000000051,78,2e-06,False
200,1000000,INDEPENDENT_HEADERS_FULL_PER_MINER_BUDGET,FIXED_SLOT_IDLE,H2_FIXED_PER_MINER_HARDWARE,0.1,0.0,False,600.0,10000.0,1666.6666666666667,100.0,20000.0,17,17,0,5080.92000000035,1994919.0799999984,0.0,8468200,0,20457282.800000098,5.682578555555582,2.5287474572222344,0.3342693267973872,1.4943882352941176,0.25404600000001754,1.0,1999999.9999999988,81,2e-06,False
200,1000000,INDEPENDENT_HEADERS_FULL_PER_MINER_BUDGET,FIXED_SLOT_IDLE,H2_FIXED_PER_MINER_HARDWARE,0.1,0.0,False,600.0,10000.0,1666.6666666666667,100.0,20000.0,17,17,0,3767.4000000000656,1996232.5999999915,0.0,6279000,0,20339065.999999948,5.649740555555541,2.514134547222216,0.3323376797385612,1.1080588235294118,0.18837000000000328,1.0,1999999.9999999916,85,2e-06,False
200,1000000,INDEPENDENT_HEADERS_FULL_PER_MINER_BUDGET,FIXED_SLOT_IDLE,H2_FIXED_PER_MINER_HARDWARE,0.1,0.0,False,600.0,10000.0,1666.6666666666667,100.0,20000.0,17,17,0,6022.8000000000475,1993977.1999999974,0.0,10038000,0,20542052.000000037,5.706125555555566,2.539225872222227,0.3356544444444451,1.771411764705882,0.3011400000000024,1.0,1999999.9999999974,80,2e-06,False
200,1000000,INDEPENDENT_HEADERS_FULL_PER_MINER_BUDGET,FIXED_SLOT_IDLE,H2_FIXED_PER_MINER_HARDWARE,0.1,0.0,False,600.0,10000.0,1666.6666666666667,100.0,20000.0,17,17,0,3661.1999999998066,1996338.799999992,0.0,6102000,0,20329507.999999896,5.647085555555527,2.5129530722222095,0.33218150326797213,1.0768235294117645,0.18305999999999034,1.0,1999999.9999999916,82,2e-06,False
200,1000000,INDEPENDENT_HEADERS_FULL_PER_MINER_BUDGET,FIXED_SLOT_IDLE,H2_FIXED_PER_MINER_HARDWARE,0.1,0.0,False,600.0,10000.0,1666.6666666666667,100.0,20000.0,17,17,0,4729.319999999583,1995270.6799999927,0.0,7882200,0,20425638.799999945,5.67378855555554,2.5248359072222155,0.3337522679738553,1.390976470588235,0.23646599999997917,1.0,1999999.9999999923,84,2e-06,False
200,1000000,INDEPENDENT_HEADERS_FULL_PER_MINER_BUDGET,FIXED_SLOT_IDLE,H2_FIXED_PER_MINER_HARDWARE,0.1,0.0,False,600.0,10000.0,1666.6666666666667,100.0,20000.0,17,17,0,3678.3600000001584,1996321.6399999917,0.0,6130600,0,20331052.40000008,5.647514555555578,2.513143977222232,0.3322067385620928,1.081870588235294,0.1839180000000079,1.0,1999999.9999999919,91,2e-06,False
200,1000000,INDEPENDENT_HEADERS_FULL_PER_MINER_BUDGET,FIXED_SLOT_IDLE,H2_FIXED_PER_MINER_HARDWARE,0.1,0.0,False,600.0,10000.0,1666.6666666666667,100.0,20000.0,17,17,0,5968.800000000387,1994031.1999999944,0.0,9948000,0,20537192.000000108,5.704775555555585,2.5386251222222356,0.3355750326797403,1.7555294117647056,0.2984400000000193,1.0,1999999.9999999946,89,2e-06,False
200,1000000,INDEPENDENT_HEADERS_FULL_PER_MINER_BUDGET,FIXED_SLOT_IDLE,H2_FIXED_PER_MINER_HARDWARE,0.1,0.0,False,600.0,10000.0,1666.6666666666667,100.0,20000.0,17,17,0,5253.48000000024,1994746.519999998,0.0,8755800,0,20472813.199999947,5.6868925555555405,2.5306671872222157,0.3345230915032671,1.545141176470588,0.262674000000012,1.0,1999999.9999999981,87,2e-06,False
200,1000000,INDEPENDENT_HEADERS_FULL_PER_MINER_BUDGET,FIXED_SLOT_IDLE,H2_FIXED_PER_MINER_HARDWARE,0.1,0.0,False,600.0,10000.0,1666.6666666666667,100.0,20000.0,17,17,0,4906.439999999915,1995093.5599999975,0.0,8177400,0,20441579.599999942,5.678216555555539,2.526806367222215,0.33401273856209057,1.4430705882352943,0.24532199999999574,1.0,1999999.9999999974,88,2e-06,False
200,1000000,INDEPENDENT_HEADERS_FULL_PER_MINER_BUDGET,FIXED_SLOT_IDLE,H2_FIXED_PER_MINER_HARDWARE,0.1,0.0,False,600.0,10000.0,1666.6666666666667,100.0,20000.0,17,17,0,4160.759999999839,1995839.23999999,0.0,6934600,0,20374468.40000002,5.659574555555562,2.518510677222225,0.3329161503267977,1.2237529411764705,0.20803799999999198,1.0,1999999.9999999898,86,2e-06,False
200,1000000,INDEPENDENT_HEADERS_FULL_PER_MINER_BUDGET,FIXED_SLOT_IDLE,H2_FIXED_PER_MINER_HARDWARE,0.1,0.0,False,600.0,10000.0,1666.6666666666667,100.0,20000.0,17,17,0,3637.799999999768,1996362.1999999976,0.0,6063000,0,20327402.000000022,5.646500555555562,2.5126927472222254,0.3321470915032684,1.0699411764705882,0.1818899999999884,1.0,1999999.9999999974,94,2e-06,False
200,1000000,INDEPENDENT_HEADERS_FULL_PER_MINER_BUDGET,FIXED_SLOT_IDLE,H2_FIXED_PER_MINER_HARDWARE,0.1,0.0,False,600.0,10000.0,1666.6666666666667,100.0,20000.0,17,17,0,5492.879999999603,1994507.1200000092,0.0,9154800,0,20494359.200000003,5.692877555555556,2.5333305122222227,0.33487515032679743,1.6155529411764702,0.2746439999999801,1.0,2000000.0000000088,90,2e-06,False
200,1000000,INDEPENDENT_HEADERS_FULL_PER_MINER_BUDGET,FIXED_SLOT_IDLE,H2_FIXED_PER_MINER_HARDWARE,0.1,0.0,False,600.0,10000.0,1666.6666666666667,100.0,20000.0,17,17,0,4697.759999999819,1995302.240000004,0.0,7829600,0,20422798.399999984,5.672999555555551,2.52448480222222,0.33370585620915005,1.3816941176470585,0.23488799999999094,1.0,2000000.0000000037,92,2e-06,False
200,1000000,INDEPENDENT_HEADERS_FULL_PER_MINER_BUDGET,FIXED_SLOT_IDLE,H2_FIXED_PER_MINER_HARDWARE,0.1,0.0,False,600.0,10000.0,1666.6666666666667,100.0,20000.0,17,17,0,3850.7999999996414,1996149.200000006,0.0,6418000,0,20346571.9999999,5.6518255555555275,2.51506237222221,0.33246032679738396,1.1325882352941175,0.19253999999998206,1.0,2000000.0000000056,93,2e-06,False
200,1000000,INDEPENDENT_HEADERS_FULL_PER_MINER_BUDGET,FIXED_SLOT_IDLE,H2_FIXED_PER_MINER_HARDWARE,0.1,0.0,False,600.0,10000.0,1666.6666666666667,100.0,20000.0,17,17,0,4254.720000000366,1995745.2800000056,0.0,7091200,0,20382924.80000005,5.661923555555569,2.5195559822222284,0.33305432679738645,1.2513882352941172,0.2127360000000183,1.0,2000000.000000006,95,2e-06,False
200,1000000,INDEPENDENT_HEADERS_FULL_PER_MINER_BUDGET,FIXED_SLOT_IDLE,H2_FIXED_PER_MINER_HARDWARE,0.1,0.0,False,600.0,10000.0,1666.6666666666667,100.0,20000.0,17,17,0,6145.080000000368,1993854.9199999897,0.0,10241800,0,20553057.19999999,5.709182555555553,2.540586237222221,0.33583426797385607,1.8073764705882354,0.3072540000000184,1.0,1999999.99999999,96,2e-06,False
200,1000000,INDEPENDENT_HEADERS_FULL_PER_MINER_BUDGET,FIXED_SLOT_IDLE,H2_FIXED_PER_MINER_HARDWARE,0.1,0.0,False,600.0,10000.0,1666.6666666666667,100.0,20000.0,17,17,0,4143.240000000151,1995856.7600000068,0.0,6905400,0,20372891.600000054,5.659136555555571,2.518315767222229,0.33289038562091594,1.2186000000000003,0.20716200000000753,1.0,2000000.000000007,97,2e-06,False
200,1000000,INDEPENDENT_HEADERS_FULL_PER_MINER_BUDGET,FIXED_SLOT_IDLE,H2_FIXED_PER_MINER_HARDWARE,0.1,0.0,False,600.0,10000.0,1666.6666666666667,100.0,20000.0,17,17,0,4161.600000000249,1995838.4000000053,0.0,6936000,0,20374544.000000007,5.6595955555555575,2.5185200222222233,0.33291738562091516,1.2239999999999998,0.20808000000001242,1.0,2000000.0000000056,98,2e-06,False
200,1000000,INDEPENDENT_HEADERS_FULL_PER_MINER_BUDGET,FIXED_SLOT_IDLE,H2_FIXED_PER_MINER_HARDWARE,0.1,0.0,False,600.0,10000.0,1666.6666666666667,100.0,20000.0,17,17,0,3118.799999999464,1996881.1999999946,0.0,5198000,0,20280691.999999944,5.63352555555554,2.506918872222215,0.3313838562091494,0.9172941176470587,0.15593999999997318,1.0,1999999.999999994,99,2e-06,False
300,1000000,COMMON_TEMPLATE_DUPLICATE_BASELINE,FIXED_SLOT_IDLE,H2_FIXED_PER_MINER_HARDWARE,0.1,0.0,False,600.0,10000.0,1666.6666666666667,100.0,30000.0,17,12,5,1666691.999999991,1333308.0000000037,0.0,9259400,2768560600,180002279.999999,50.00063333333305,22.250281833333208,4.16671944444442,212.97,55.556399999999705,0.7058823529411765,2999999.9999999944,1,2e-06,False
300,1000000,COMMON_TEMPLATE_DUPLICATE_BASELINE,FIXED_SLOT_IDLE,H2_FIXED_PER_MINER_HARDWARE,0.1,0.0,False,600.0,10000.0,1666.6666666666667,100.0,30000.0,17,13,4,1274881.319999999,1725118.6799999955,0.0,7082674,2117719526,144739318.79999956,40.20536633333321,17.891388018333277,3.0927204871794776,142.27726153846154,42.49604399999996,0.7647058823529411,2999999.9999999944,0,2e-06,False
300,1000000,COMMON_TEMPLATE_DUPLICATE_BASELINE,FIXED_SLOT_IDLE,H2_FIXED_PER_MINER_HARDWARE,0.1,0.0,False,600.0,10000.0,1666.6666666666667,100.0,30000.0,17,14,3,1243189.4399999944,1756810.5600000077,0.0,6906608,2065075792,141887049.60000023,39.4130693333334,17.53881585333336,2.8152192380952425,167.4260571428571,41.43964799999981,0.8235294117647058,3000000.000000002,2,2e-06,False
300,1000000,COMMON_TEMPLATE_DUPLICATE_BASELINE,FIXED_SLOT_IDLE,H2_FIXED_PER_MINER_HARDWARE,0.1,0.0,False,600.0,10000.0,1666.6666666666667,100.0,30000.0,17,16,1,1163028.4199999943,1836971.580000008,0.0,6461269,1931919431,134672557.79999903,37.409043833333065,16.647024505833215,2.3380652395833166,204.7975875,38.76761399999981,0.9411764705882353,3000000.0000000023,3,2e-06,False
300,1000000,COMMON_TEMPLATE_DUPLICATE_BASELINE,FIXED_SLOT_IDLE,H2_FIXED_PER_MINER_HARDWARE,0.1,0.0,False,600.0,10000.0,1666.6666666666667,100.0,30000.0,17,17,0,700578.0000000021,2299422.0000000037,0.0,3892100,1163737900,93052020.00000027,25.847783333333407,11.502263583333367,1.5204578431372593,137.36823529411762,23.35260000000007,1.0,3000000.0000000056,4,2e-06,False
300,1000000,COMMON_TEMPLATE_DUPLICATE_BASELINE,FIXED_SLOT_IDLE,H2_FIXED_PER_MINER_HARDWARE,0.1,0.0,False,600.0,10000.0,1666.6666666666667,100.0,30000.0,17,15,2,1391317.5599999963,1608682.4400000037,0.0,7729542,2311133058,155218580.40000105,43.116272333333626,19.186741188333464,2.874418155555575,229.18167999999997,46.37725199999988,0.8823529411764706,3000000.0,5,2e-06,False
300,1000000,COMMON_TEMPLATE_DUPLICATE_BASELINE,FIXED_SLOT_IDLE,H2_FIXED_PER_MINER_HARDWARE,0.1,0.0,False,600.0,10000.0,1666.6666666666667,100.0,30000.0,17,15,2,1355486.9399999988,1644513.0600000056,0.0,7530483,2251614417,151993824.59999996,42.220506833333324,18.78812554083333,2.814700455555555,221.21931999999998,45.18289799999996,0.8823529411764706,3000000.0000000047,6,2e-06,False
300,1000000,COMMON_TEMPLATE_DUPLICATE_BASELINE,FIXED_SLOT_IDLE,H2_FIXED_PER_MINER_HARDWARE,0.1,0.0,False,600.0,10000.0,1666.6666666666667,100.0,30000.0,17,15,2,1243553.220000001,1756446.7800000056,0.0,6908629,2065680071,141919789.80000046,39.422163833333464,17.542862905833392,2.628144255555564,196.34516000000002,41.45177400000003,0.8823529411764706,3000000.0000000065,8,2e-06,False
300,1000000,COMMON_TEMPLATE_DUPLICATE_BASELINE,FIXED_SLOT_IDLE,H2_FIXED_PER_MINER_HARDWARE,0.1,0.0,False,600.0,10000.0,1666.6666666666667,100.0,30000.0,17,14,3,1257251.579999998,1742748.4200000097,0.0,6984731,2088434569,143152642.20000103,39.76462283333362,17.69525716083346,2.8403302023809727,170.77418571428572,41.90838599999993,0.8235294117647058,3000000.0000000075,15,2e-06,False
300,1000000,COMMON_TEMPLATE_DUPLICATE_BASELINE,FIXED_SLOT_IDLE,H2_FIXED_PER_MINER_HARDWARE,0.1,0.0,False,600.0,10000.0,1666.6666666666667,100.0,30000.0,17,13,4,1469094.480000011,1530905.5199999888,0.0,8161636,2440329164,162218503.20000005,45.06069533333335,20.05200942333334,3.4662073333333345,192.0755076923077,48.96981600000037,0.7647058823529411,3000000.0,10,2e-06,False
300,1000000,COMMON_TEMPLATE_DUPLICATE_BASELINE,FIXED_SLOT_IDLE,H2_FIXED_PER_MINER_HARDWARE,0.1,0.0,False,600.0,10000.0,1666.6666666666667,100.0,30000.0,17,15,2,1068639.3000000073,1931360.699999989,0.0,5936885,1775128615,126177537.0000008,35.04931583333356,15.596945545833433,2.3366210555555704,157.4754,35.62131000000024,0.8823529411764706,2999999.9999999963,7,2e-06,False
300,1000000,COMMON_TEMPLATE_DUPLICATE_BASELINE,FIXED_SLOT_IDLE,H2_FIXED_PER_MINER_HARDWARE,0.1,0.0,False,600.0,10000.0,1666.6666666666667,100.0,30000.0,17,13,4,1304687.1000000022,1695312.9000000027,0.0,7581595,2266896905,147421838.9999994,40.95051083333317,18.22297732083326,3.150039294871782,165.30438461538463,43.48957000000007,0.7647058823529411,3000000.0000000047,9,2e-06,False
300,1000000,COMMON_TEMPLATE_DUPLICATE_BASELINE,FIXED_SLOT_IDLE,H2_FIXED_PER_MINER_HARDWARE,0.1,0.0,False,600.0,10000.0,1666.6666666666667,100.0,30000.0,17,15,2,1157599.5600000033,1842400.4400000058,0.0,6764442,2022568158,134183960.40000018,37.27332233333338,16.586628438333356,2.484888155555559,190.57768,38.58665200000011,0.8823529411764706,3000000.0000000093,16,2e-06,False
300,1000000,COMMON_TEMPLATE_DUPLICATE_BASELINE,FIXED_SLOT_IDLE,H2_FIXED_PER_MINER_HARDWARE,0.1,0.0,False,600.0,10000.0,1666.6666666666667,100.0,30000.0,17,14,3,1305183.059999999,1694816.940000001,0.0,7251017,2168054083,147466475.39999992,40.96290983333331,18.228494875833324,2.9259221309523795,182.18644285714282,43.50610199999996,0.8235294117647058,3000000.0,12,2e-06,False
300,1000000,COMMON_TEMPLATE_DUPLICATE_BASELINE,FIXED_SLOT_IDLE,H2_FIXED_PER_MINER_HARDWARE,0.1,0.0,False,600.0,10000.0,1666.6666666666667,100.0,30000.0,17,17,0,988422.1200000024,2011577.8799999973,0.0,5491234,1641878966,118957990.80000097,33.0438863333336,14.704529418333454,1.943758019607859,193.8082588235294,32.94740400000008,1.0,3000000.0,13,2e-06,False
300,1000000,COMMON_TEMPLATE_DUPLICATE_BASELINE,FIXED_SLOT_IDLE,H2_FIXED_PER_MINER_HARDWARE,0.1,0.0,False,600.0,10000.0,1666.6666666666667,100.0,30000.0,17,14,3,1131002.0999999966,1868997.900000004,0.0,6283345,1878720155,131790188.99999943,36.60838583333317,16.290731695833262,2.614884702380941,140.7147857142857,37.70006999999988,0.8235294117647058,3000000.000000001,14,2e-06,False
300,1000000,COMMON_TEMPLATE_DUPLICATE_BASELINE,FIXED_SLOT_IDLE,H2_FIXED_PER_MINER_HARDWARE,0.1,0.0,False,600.0,10000.0,1666.6666666666667,100.0,30000.0,17,15,2,1115027.280000001,1884972.7200000123,0.0,6194596,1852184204,130352455.20000009,36.20901533333336,16.113011823333345,2.4139343555555572,167.78383999999994,37.16757600000003,0.8823529411764706,3000000.000000013,17,2e-06,False
300,1000000,COMMON_TEMPLATE_DUPLICATE_BASELINE,FIXED_SLOT_IDLE,H2_FIXED_PER_MINER_HARDWARE,0.1,0.0,False,600.0,10000.0,1666.6666666666667,100.0,30000.0,17,14,3,1305690.1199999985,1694309.8799999966,0.0,7253834,2168896366,147512110.8,40.97558633333334,18.234135918333337,2.9268275952380955,182.30717142857142,43.52300399999995,0.8235294117647058,2999999.9999999953,11,2e-06,False
300,1000000,COMMON_TEMPLATE_DUPLICATE_BASELINE,FIXED_SLOT_IDLE,H2_FIXED_PER_MINER_HARDWARE,0.1,0.0,False,600.0,10000.0,1666.6666666666667,100.0,30000.0,17,15,2,1419133.5,1580866.499999998,0.0,7884075,2357338425,157722015.0,43.81167083333333,19.496193520833334,2.9207780555555556,235.36299999999997,47.30445,0.8823529411764706,2999999.999999998,19,2e-06,False
300,1000000,COMMON_TEMPLATE_DUPLICATE_BASELINE,FIXED_SLOT_IDLE,H2_FIXED_PER_MINER_HARDWARE,0.1,0.0,False,600.0,10000.0,1666.6666666666667,100.0,30000.0,17,15,2,1609621.9199999946,1390378.0800000052,0.0,8942344,2673760856,174865972.8000008,48.57388133333355,21.61537719333343,3.23825875555557,277.69376,53.65406399999982,0.8823529411764706,3000000.0,20,2e-06,False
300,1000000,COMMON_TEMPLATE_DUPLICATE_BASELINE,FIXED_SLOT_IDLE,H2_FIXED_PER_MINER_HARDWARE,0.1,0.0,False,600.0,10000.0,1666.6666666666667,100.0,30000.0,17,13,4,1522540.980000006,1477459.0199999944,0.0,8458561,2529109739,167028688.19999996,46.39685783333332,20.64660173583333,3.568989064102563,205.77973846153844,50.751366000000196,0.7647058823529411,3000000.0000000005,21,2e-06,False
300,1000000,COMMON_TEMPLATE_DUPLICATE_BASELINE,FIXED_SLOT_IDLE,H2_FIXED_PER_MINER_HARDWARE,0.1,0.0,False,600.0,10000.0,1666.6666666666667,100.0,30000.0,17,17,0,974806.9200000054,2025193.0800000068,0.0,5415594,1619262606,117732622.80000047,32.703506333333465,14.553060318333392,1.9237356666666745,191.13861176470587,32.49356400000018,1.0,3000000.000000012,24,2e-06,False
300,1000000,COMMON_TEMPLATE_DUPLICATE_BASELINE,FIXED_SLOT_IDLE,H2_FIXED_PER_MINER_HARDWARE,0.1,0.0,False,600.0,10000.0,1666.6666666666667,100.0,30000.0,17,15,2,1094832.3600000003,1905167.6399999997,0.0,6082402,1818638198,128534912.4000004,35.704142333333444,15.888343338333383,2.380276155555563,163.29608000000002,36.49441200000001,0.8823529411764706,3000000.0,18,2e-06,False
300,1000000,COMMON_TEMPLATE_DUPLICATE_BASELINE,FIXED_SLOT_IDLE,H2_FIXED_PER_MINER_HARDWARE,0.1,0.0,False,600.0,10000.0,1666.6666666666667,100.0,30000.0,17,16,1,1038351.239999996,1961648.7600000072,0.0,5768618,1724816782,123451611.59999934,34.29211433333315,15.259990878333253,2.143257145833322,178.823175,34.611707999999865,0.9411764705882353,3000000.0000000033,23,2e-06,False
300,1000000,COMMON_TEMPLATE_DUPLICATE_BASELINE,FIXED_SLOT_IDLE,H2_FIXED_PER_MINER_HARDWARE,0.1,0.0,False,600.0,10000.0,1666.6666666666667,100.0,30000.0,17,15,2,1211869.6199999948,1788130.380000007,0.0,6732609,2013050091,139068265.80000114,38.630073833333654,17.190382855833477,2.575338255555577,189.30436000000003,40.39565399999982,0.8823529411764706,3000000.000000002,22,2e-06,False
300,1000000,COMMON_TEMPLATE_DUPLICATE_BASELINE,FIXED_SLOT_IDLE,H2_FIXED_PER_MINER_HARDWARE,0.1,0.0,False,600.0,10000.0,1666.6666666666667,100.0,30000.0,17,12,5,1598109.839999996,1401890.1600000015,0.0,8878388,2654638012,173829885.60000023,48.2860793333334,21.48730530333336,4.0238399444444495,193.9194,53.270327999999864,0.7058823529411765,2999999.999999997,25,2e-06,False
300,1000000,COMMON_TEMPLATE_DUPLICATE_BASELINE,FIXED_SLOT_IDLE,H2_FIXED_PER_MINER_HARDWARE,0.1,0.0,False,600.0,10000.0,1666.6666666666667,100.0,30000.0,17,14,3,1218419.2800000058,1781580.7199999937,0.0,6768996,2023929804,139657735.19999936,38.79381533333316,17.263247823333256,2.770986809523797,161.52839999999998,40.61397600000019,0.8235294117647058,2999999.9999999995,26,2e-06,False
300,1000000,COMMON_TEMPLATE_DUPLICATE_BASELINE,FIXED_SLOT_IDLE,H2_FIXED_PER_MINER_HARDWARE,0.1,0.0,False,600.0,10000.0,1666.6666666666667,100.0,30000.0,17,13,4,1564896.5999999968,1435103.4000000013,0.0,8693870,2599467130,170840693.99999964,47.45574833333323,21.117808008333288,3.6504421794871718,216.64015384615385,52.16321999999989,0.7647058823529411,2999999.999999998,27,2e-06,False
300,1000000,COMMON_TEMPLATE_DUPLICATE_BASELINE,FIXED_SLOT_IDLE,H2_FIXED_PER_MINER_HARDWARE,0.1,0.0,False,600.0,10000.0,1666.6666666666667,100.0,30000.0,17,17,0,957464.6399999975,2042535.360000003,0.0,5319248,1590455152,116171817.60000037,32.269949333333436,14.36012745333338,1.8982323137254962,187.73816470588235,31.915487999999915,1.0,3000000.0000000005,28,2e-06,False
300,1000000,COMMON_TEMPLATE_DUPLICATE_BASELINE,FIXED_SLOT_IDLE,H2_FIXED_PER_MINER_HARDWARE,0.1,0.0,False,600.0,10000.0,1666.6666666666667,100.0,30000.0,17,16,1,1297642.859999998,1702357.1400000073,0.0,7209127,2155528973,146787857.3999998,40.77440483333328,18.14461015083331,2.54840030208333,232.84226249999998,43.254761999999936,0.9411764705882353,3000000.0000000056,30,2e-06,False
300,1000000,COMMON_TEMPLATE_DUPLICATE_BASELINE,FIXED_SLOT_IDLE,H2_FIXED_PER_MINER_HARDWARE,0.1,0.0,False,600.0,10000.0,1666.6666666666667,100.0,30000.0,17,15,2,1101585.959999999,1898414.0399999872,0.0,6119922,1829856678,129142736.40000051,35.872982333333475,15.963477138333397,2.391532155555565,164.79687999999996,36.71953199999997,0.8823529411764706,2999999.999999986,32,2e-06,False
300,1000000,COMMON_TEMPLATE_DUPLICATE_BASELINE,FIXED_SLOT_IDLE,H2_FIXED_PER_MINER_HARDWARE,0.1,0.0,False,600.0,10000.0,1666.6666666666667,100.0,30000.0,17,14,3,1213027.5600000047,1786972.4400000027,0.0,6739042,2014973558,139172480.40000093,38.65902233333359,17.203264938333447,2.7613587380952564,160.24465714285716,40.43425200000016,0.8235294117647058,3000000.0000000075,31,2e-06,False
300,1000000,COMMON_TEMPLATE_DUPLICATE_BASELINE,FIXED_SLOT_IDLE,H2_FIXED_PER_MINER_HARDWARE,0.1,0.0,False,600.0,10000.0,1666.6666666666667,100.0,30000.0,17,12,5,1503088.5600000094,1496911.4399999906,0.0,8350492,2496797108,165277970.3999996,45.91054733333322,20.430193563333283,3.825878944444435,167.5246,50.10295200000031,0.7058823529411765,3000000.0,29,2e-06,False
300,1000000,COMMON_TEMPLATE_DUPLICATE_BASELINE,FIXED_SLOT_IDLE,H2_FIXED_PER_MINER_HARDWARE,0.1,0.0,False,600.0,10000.0,1666.6666666666667,100.0,30000.0,17,13,4,1522602.1200000073,1477397.8799999934,0.0,8792234,2628877966,167034190.80000132,46.398386333333704,20.647281918333498,3.5691066410256695,221.18003076923077,50.753404000000245,0.7647058823529411,3000000.000000001,33,2e-06,False
300,1000000,COMMON_TEMPLATE_DUPLICATE_BASELINE,FIXED_SLOT_IDLE,H2_FIXED_PER_MINER_HARDWARE,0.1,0.0,False,600.0,10000.0,1666.6666666666667,100.0,30000.0,17,15,2,1555801.1400000015,1444198.8599999999,0.0,8790899,2628478801,170022102.59999964,47.22836183333323,21.016621015833287,3.1485574555555487,271.63595999999995,51.86003800000005,0.8823529411764706,3000000.0000000014,34,2e-06,False
300,1000000,COMMON_TEMPLATE_DUPLICATE_BASELINE,FIXED_SLOT_IDLE,H2_FIXED_PER_MINER_HARDWARE,0.1,0.0,False,600.0,10000.0,1666.6666666666667,100.0,30000.0,17,15,2,1658842.3800000045,1341157.6199999994,0.0,9215791,2755521509,179295814.19999927,49.80439283333313,22.162954810833245,3.320292855555542,288.63163999999995,55.294746000000146,0.8823529411764706,3000000.0000000037,36,2e-06,False
300,1000000,COMMON_TEMPLATE_DUPLICATE_BASELINE,FIXED_SLOT_IDLE,H2_FIXED_PER_MINER_HARDWARE,0.1,0.0,False,600.0,10000.0,1666.6666666666667,100.0,30000.0,17,14,3,1529563.8000000045,1470436.1999999965,0.0,8830910,2640442090,167660741.99999928,46.572428333333136,20.724730608333246,3.3266020238095098,249.89614285714285,50.98546000000015,0.8235294117647058,3000000.000000001,35,2e-06,False
300,1000000,COMMON_TEMPLATE_DUPLICATE_BASELINE,FIXED_SLOT_IDLE,H2_FIXED_PER_MINER_HARDWARE,0.1,0.0,False,600.0,10000.0,1666.6666666666667,100.0,30000.0,17,15,2,1423126.260000004,1576873.739999994,0.0,7906257,2363970843,158081363.40000024,43.9114898333334,19.540612975833362,2.92743265555556,236.25028000000006,47.43754200000013,0.8823529411764706,2999999.999999998,44,2e-06,False
300,1000000,COMMON_TEMPLATE_DUPLICATE_BASELINE,FIXED_SLOT_IDLE,H2_FIXED_PER_MINER_HARDWARE,0.1,0.0,False,600.0,10000.0,1666.6666666666667,100.0,30000.0,17,15,2,1266612.480000005,1733387.519999987,0.0,7036736,2103984064,143995123.20000032,39.99864533333342,17.79939717333337,2.6665763555555615,201.46943999999996,42.22041600000017,0.8823529411764706,2999999.999999992,37,2e-06,False
300,1000000,COMMON_TEMPLATE_DUPLICATE_BASELINE,FIXED_SLOT_IDLE,H2_FIXED_PER_MINER_HARDWARE,0.1,0.0,False,600.0,10000.0,1666.6666666666667,100.0,30000.0,17,15,2,1353061.0799999945,1646938.9200000104,0.0,7517006,2247584794,151775497.20000026,42.159860333333405,18.761137848333366,2.8106573555555605,220.68024000000003,45.10203599999982,0.8823529411764706,3000000.0000000047,41,2e-06,False
300,1000000,COMMON_TEMPLATE_DUPLICATE_BASELINE,FIXED_SLOT_IDLE,H2_FIXED_PER_MINER_HARDWARE,0.1,0.0,False,600.0,10000.0,1666.6666666666667,100.0,30000.0,17,14,3,1113112.080000007,1886887.9199999897,0.0,6183956,1849002844,130180087.19999962,36.16113533333323,16.091705223333285,2.5829382380952306,136.45525714285714,37.10373600000023,0.8235294117647058,2999999.9999999967,38,2e-06,False
300,1000000,COMMON_TEMPLATE_DUPLICATE_BASELINE,FIXED_SLOT_IDLE,H2_FIXED_PER_MINER_HARDWARE,0.1,0.0,False,600.0,10000.0,1666.6666666666667,100.0,30000.0,17,13,4,1268750.640000003,1731249.3599999896,0.0,7291630,2180197370,144187557.60000044,40.05209933333346,17.82318420333339,3.0809307179487275,151.9213846153846,42.2916880000001,0.7647058823529411,2999999.9999999925,39,2e-06,False
300,1000000,COMMON_TEMPLATE_DUPLICATE_BASELINE,FIXED_SLOT_IDLE,H2_FIXED_PER_MINER_HARDWARE,0.1,0.0,False,600.0,10000.0,1666.6666666666667,100.0,30000.0,17,16,1,1008763.1999999986,1991236.8000000014,0.0,5604240,1675667760,120788687.99999925,33.55241333333313,14.930823933333242,2.0970258333333205,172.659,33.62543999999995,0.9411764705882353,3000000.0,40,2e-06,False
300,1000000,COMMON_TEMPLATE_DUPLICATE_BASELINE,FIXED_SLOT_IDLE,H2_FIXED_PER_MINER_HARDWARE,0.1,0.0,False,600.0,10000.0,1666.6666666666667,100.0,30000.0,17,16,1,928366.3800000022,2071633.620000011,0.0,5157591,1542119709,113552974.20000035,31.54249283333343,14.036409310833376,1.9714058020833394,155.9096625,30.945546000000075,0.9411764705882353,3000000.000000013,42,2e-06,False
300,1000000,COMMON_TEMPLATE_DUPLICATE_BASELINE,FIXED_SLOT_IDLE,H2_FIXED_PER_MINER_HARDWARE,0.1,0.0,False,600.0,10000.0,1666.6666666666667,100.0,30000.0,17,14,3,1473395.7600000065,1526604.2399999935,0.0,8185532,2447474068,162605618.39999923,45.16822733333312,20.09986116333324,3.226301952380937,222.23708571428568,49.11319200000022,0.8235294117647058,3000000.0,45,2e-06,False
300,1000000,COMMON_TEMPLATE_DUPLICATE_BASELINE,FIXED_SLOT_IDLE,H2_FIXED_PER_MINER_HARDWARE,0.1,0.0,False,600.0,10000.0,1666.6666666666667,100.0,30000.0,17,13,4,1433373.1199999999,1566626.8800000018,0.0,7963184,2380992016,159003580.79999992,44.167661333333314,19.654609293333326,3.3975124102564087,182.9161846153846,47.779104,0.7647058823529411,3000000.000000002,43,2e-06,False
300,1000000,COMMON_TEMPLATE_DUPLICATE_BASELINE,FIXED_SLOT_IDLE,H2_FIXED_PER_MINER_HARDWARE,0.1,0.0,False,600.0,10000.0,1666.6666666666667,100.0,30000.0,17,17,0,1293018.4799999977,1706981.520000009,0.0,7183436,2147847364,146371663.19999996,40.65879533333332,18.09316392333333,2.3916938431372543,253.53303529411764,43.10061599999992,1.0,3000000.0000000065,46,2e-06,False
300,1000000,COMMON_TEMPLATE_DUPLICATE_BASELINE,FIXED_SLOT_IDLE,H2_FIXED_PER_MINER_HARDWARE,0.1,0.0,False,600.0,10000.0,1666.6666666666667,100.0,30000.0,17,13,4,1453682.8800000045,1546317.119999994,0.0,8076016,2414728784,160831459.19999874,44.67540533333298,19.880555373333177,3.436569641025614,188.12381538461534,48.45609600000015,0.7647058823529411,2999999.9999999986,47,2e-06,False
300,1000000,COMMON_TEMPLATE_DUPLICATE_BASELINE,FIXED_SLOT_IDLE,H2_FIXED_PER_MINER_HARDWARE,0.1,0.0,False,600.0,10000.0,1666.6666666666667,100.0,30000.0,17,15,2,1669050.9000000064,1330949.099999994,0.0,9272505,2772478995,180214581.0000005,50.05960583333347,22.276524595833394,3.3373070555555646,290.9002,55.63503000000022,0.8823529411764706,3000000.0000000005,49,2e-06,False
300,1000000,COMMON_TEMPLATE_DUPLICATE_BASELINE,FIXED_SLOT_IDLE,H2_FIXED_PER_MINER_HARDWARE,0.1,0.0,False,600.0,10000.0,1666.6666666666667,100.0,30000.0,17,14,3,1687666.4999999967,1312333.4999999986,0.0,9375925,2803401575,181889984.99999952,50.5249958333332,22.483623145833274,3.6089282738095143,273.25392857142856,56.25554999999989,0.8235294117647058,2999999.9999999953,48,2e-06,False
300,1000000,COMMON_TEMPLATE_DUPLICATE_BASELINE,FIXED_SLOT_IDLE,H2_FIXED_PER_MINER_HARDWARE,0.1,0.0,False,600.0,10000.0,1666.6666666666667,100.0,30000.0,17,12,5,1553375.6999999986,1446624.3000000014,0.0,8629865,2580329635,169803812.99999982,47.167725833333286,20.989637995833313,3.9306438194444406,181.49324999999996,51.77918999999995,0.7058823529411765,3000000.0,50,2e-06,False
300,1000000,COMMON_TEMPLATE_DUPLICATE_BASELINE,FIXED_SLOT_IDLE,H2_FIXED_PER_MINER_HARDWARE,0.1,0.0,False,600.0,10000.0,1666.6666666666667,100.0,30000.0,17,17,0,1170179.3999999997,1829820.6000000003,0.0,6639350,1985165650,135316145.99999896,37.58781833333305,16.726579158333205,2.211048137254885,234.33000000000004,39.00597999999999,1.0,3000000.0,51,2e-06,False
300,1000000,COMMON_TEMPLATE_DUPLICATE_BASELINE,FIXED_SLOT_IDLE,H2_FIXED_PER_MINER_HARDWARE,0.1,0.0,False,600.0,10000.0,1666.6666666666667,100.0,30000.0,17,15,2,1424333.1599999936,1575666.8400000087,0.0,7912962,2365975638,158189984.4000004,43.94166233333344,19.55403973833338,2.929444155555563,236.51848,47.47777199999979,0.8823529411764706,3000000.0000000023,52,2e-06,False
300,1000000,COMMON_TEMPLATE_DUPLICATE_BASELINE,FIXED_SLOT_IDLE,H2_FIXED_PER_MINER_HARDWARE,0.1,0.0,False,600.0,10000.0,1666.6666666666667,100.0,30000.0,17,15,2,969626.5200000021,2030373.479999998,0.0,5386814,1610657386,117266386.80000006,32.57399633333335,14.49542836833334,2.1715997555555564,135.47256000000002,32.32088400000007,0.8823529411764706,3000000.0,53,2e-06,False
300,1000000,COMMON_TEMPLATE_DUPLICATE_BASELINE,FIXED_SLOT_IDLE,H2_FIXED_PER_MINER_HARDWARE,0.1,0.0,False,600.0,10000.0,1666.6666666666667,100.0,30000.0,17,15,2,1189255.14,1810744.86,0.0,6606973,1975484927,137032962.59999955,38.064711833333206,16.938796765833278,2.5376474555555473,184.27892000000003,39.64183799999999,0.8823529411764706,3000000.0,54,2e-06,False
300,1000000,COMMON_TEMPLATE_DUPLICATE_BASELINE,FIXED_SLOT_IDLE,H2_FIXED_PER_MINER_HARDWARE,0.1,0.0,False,600.0,10000.0,1666.6666666666667,100.0,30000.0,17,14,3,1612763.999999989,1387236.0000000072,0.0,8959800,2678980200,175148759.99999964,48.652433333333235,21.65033283333329,3.4751738095238025,255.42,53.75879999999963,0.8235294117647058,2999999.9999999963,55,2e-06,False
300,1000000,COMMON_TEMPLATE_DUPLICATE_BASELINE,FIXED_SLOT_IDLE,H2_FIXED_PER_MINER_HARDWARE,0.1,0.0,False,600.0,10000.0,1666.6666666666667,100.0,30000.0,17,11,6,1631120.039999995,1368879.9600000011,0.0,9061778,2709471622,176800803.59999916,49.1113343333331,21.85454377833323,4.464666757575736,167.0060727272727,54.37066799999983,0.6470588235294118,2999999.9999999963,56,2e-06,False
300,1000000,COMMON_TEMPLATE_DUPLICATE_BASELINE,FIXED_SLOT_IDLE,H2_FIXED_PER_MINER_HARDWARE,0.1,0.0,False,600.0,10000.0,1666.6666666666667,100.0,30000.0,17,13,4,1761732.119999993,1238267.8800000052,0.0,9972894,2981895306,188555890.8000014,52.37663633333373,23.30760316833351,4.028972025641056,275.67203076923073,58.72440399999976,0.7647058823529411,2999999.999999998,57,2e-06,False
300,1000000,COMMON_TEMPLATE_DUPLICATE_BASELINE,FIXED_SLOT_IDLE,H2_FIXED_PER_MINER_HARDWARE,0.1,0.0,False,600.0,10000.0,1666.6666666666667,100.0,30000.0,17,17,0,1227186.0000000037,1772813.999999987,0.0,6817700,2038492300,140446739.99999955,39.01298333333321,17.360777583333277,2.2948813725490123,240.62470588235294,40.906200000000126,1.0,2999999.9999999907,58,2e-06,False
300,1000000,COMMON_TEMPLATE_DUPLICATE_BASELINE,FIXED_SLOT_IDLE,H2_FIXED_PER_MINER_HARDWARE,0.1,0.0,False,600.0,10000.0,1666.6666666666667,100.0,30000.0,17,14,3,1277800.1399999987,1722199.8600000083,0.0,7146322,2136750278,145002012.5999995,40.27833683333319,17.92385989083327,2.8770240595237992,177.6995142857143,42.59333799999996,0.8235294117647058,3000000.000000007,59,2e-06,False
300,1000000,COMMON_TEMPLATE_DUPLICATE_BASELINE,FIXED_SLOT_IDLE,H2_FIXED_PER_MINER_HARDWARE,0.1,0.0,False,600.0,10000.0,1666.6666666666667,100.0,30000.0,17,14,3,975666.599999994,2024333.3999999939,0.0,5420370,1620690630,117809994.00000028,32.72499833333341,14.562624258333368,2.3374998809523864,103.73014285714284,32.5222199999998,0.8235294117647058,2999999.999999988,60,2e-06,False
300,1000000,COMMON_TEMPLATE_DUPLICATE_BASELINE,FIXED_SLOT_IDLE,H2_FIXED_PER_MINER_HARDWARE,0.1,0.0,False,600.0,10000.0,1666.6666666666667,100.0,30000.0,17,15,2,1312941.0600000028,1687058.939999991,0.0,7294117,2180940983,148164695.40000042,41.15685983333345,18.314802625833384,2.7437906555555633,211.76467999999997,43.76470200000009,0.8823529411764706,2999999.999999994,61,2e-06,False
300,1000000,COMMON_TEMPLATE_DUPLICATE_BASELINE,FIXED_SLOT_IDLE,H2_FIXED_PER_MINER_HARDWARE,0.1,0.0,False,600.0,10000.0,1666.6666666666667,100.0,30000.0,17,15,2,1244320.9200000085,1755679.0799999894,0.0,6912894,2066955306,141988882.79999897,39.44135633333305,17.551403568333207,2.6294237555555364,196.51575999999997,41.477364000000286,0.8823529411764706,2999999.999999998,63,2e-06,False
300,1000000,COMMON_TEMPLATE_DUPLICATE_BASELINE,FIXED_SLOT_IDLE,H2_FIXED_PER_MINER_HARDWARE,0.1,0.0,False,600.0,10000.0,1666.6666666666667,100.0,30000.0,17,16,1,908346.4200000039,2091653.5799999959,0.0,5046369,1508864331,111751177.79999979,31.041993833333276,13.813687255833308,1.9401246145833297,151.7388375,30.27821400000013,0.9411764705882353,3000000.0,62,2e-06,False
300,1000000,COMMON_TEMPLATE_DUPLICATE_BASELINE,FIXED_SLOT_IDLE,H2_FIXED_PER_MINER_HARDWARE,0.1,0.0,False,600.0,10000.0,1666.6666666666667,100.0,30000.0,17,12,5,1617165.3600000087,1382834.639999995,0.0,8984252,2686291348,175544882.4000003,48.76246733333342,21.699297963333372,4.063538944444452,199.21260000000004,53.905512000000286,0.7058823529411765,3000000.0000000037,64,2e-06,False
300,1000000,COMMON_TEMPLATE_DUPLICATE_BASELINE,FIXED_SLOT_IDLE,H2_FIXED_PER_MINER_HARDWARE,0.1,0.0,False,600.0,10000.0,1666.6666666666667,100.0,30000.0,17,16,1,1261056.9600000032,1738943.0400000028,0.0,7005872,2094755728,143495126.3999999,39.8597573333333,17.73759201333332,2.491234833333331,225.2202,42.03523200000011,0.9411764705882353,3000000.000000006,67,2e-06,False
300,1000000,COMMON_TEMPLATE_DUPLICATE_BASELINE,FIXED_SLOT_IDLE,H2_FIXED_PER_MINER_HARDWARE,0.1,0.0,False,600.0,10000.0,1666.6666666666667,100.0,30000.0,17,17,0,1019779.1999999968,1980220.8000000066,0.0,5665440,1693966560,121780128.00000061,33.8278133333335,15.053376933333409,1.9898713725490296,199.95670588235294,33.992639999999895,1.0,3000000.0000000033,65,2e-06,False
300,1000000,COMMON_TEMPLATE_DUPLICATE_BASELINE,FIXED_SLOT_IDLE,H2_FIXED_PER_MINER_HARDWARE,0.1,0.0,False,600.0,10000.0,1666.6666666666667,100.0,30000.0,17,17,0,1096935.6599999908,1903064.3400000127,0.0,6094087,1822132013,128724209.39999971,35.75672483333325,15.911742550833297,2.103336754901956,215.0854235294117,36.56452199999969,1.0,3000000.0000000037,66,2e-06,False
300,1000000,COMMON_TEMPLATE_DUPLICATE_BASELINE,FIXED_SLOT_IDLE,H2_FIXED_PER_MINER_HARDWARE,0.1,0.0,False,600.0,10000.0,1666.6666666666667,100.0,30000.0,17,12,5,2062318.9800000116,937681.0200000046,0.0,11782652,3523012948,215608708.20000106,59.89130783333363,26.651631985833465,4.990942319444469,339.13259999999997,68.74396600000038,0.7058823529411765,3000000.0000000163,69,2e-06,False
300,1000000,COMMON_TEMPLATE_DUPLICATE_BASELINE,FIXED_SLOT_IDLE,H2_FIXED_PER_MINER_HARDWARE,0.1,0.0,False,600.0,10000.0,1666.6666666666667,100.0,30000.0,17,13,4,1464196.8600000022,1535803.1399999969,0.0,8134427,2432193673,161777717.39999956,44.93825483333321,19.99752340083328,3.456788833333324,190.81970769230773,48.80656200000007,0.7647058823529411,2999999.999999999,68,2e-06,False
300,1000000,COMMON_TEMPLATE_DUPLICATE_BASELINE,FIXED_SLOT_IDLE,H2_FIXED_PER_MINER_HARDWARE,0.1,0.0,False,600.0,10000.0,1666.6666666666667,100.0,30000.0,17,10,7,1794835.260000013,1205164.739999997,0.0,9971307,2981420793,191535173.4000003,53.20421483333342,23.675875600833372,5.320421483333342,178.27841999999998,59.82784200000044,0.5882352941176471,3000000.0000000102,71,2e-06,False
300,1000000,COMMON_TEMPLATE_DUPLICATE_BASELINE,FIXED_SLOT_IDLE,H2_FIXED_PER_MINER_HARDWARE,0.1,0.0,False,600.0,10000.0,1666.6666666666667,100.0,30000.0,17,16,1,1437449.1600000057,1562550.8399999924,0.0,8053259,2407924441,159370424.3999995,44.26956233333319,19.69995523833327,2.7668476458333244,264.4972125,47.91497200000019,0.9411764705882353,2999999.999999998,70,2e-06,False
300,1000000,COMMON_TEMPLATE_DUPLICATE_BASELINE,FIXED_SLOT_IDLE,H2_FIXED_PER_MINER_HARDWARE,0.1,0.0,False,600.0,10000.0,1666.6666666666667,100.0,30000.0,17,16,1,741756.2400000046,2258243.759999987,0.0,4120868,1232139532,96758061.59999965,26.877239333333236,11.96037150333329,1.6798274583333273,117.03254999999999,24.725208000000155,0.9411764705882353,2999999.9999999916,72,2e-06,False
300,1000000,COMMON_TEMPLATE_DUPLICATE_BASELINE,FIXED_SLOT_IDLE,H2_FIXED_PER_MINER_HARDWARE,0.1,0.0,False,600.0,10000.0,1666.6666666666667,100.0,30000.0,17,15,2,1144566.72,1855433.2799999902,0.0,6358704,1901252496,133011004.80000055,36.947501333333484,16.4416380933334,2.4631667555555654,174.34815999999998,38.152224,0.8823529411764706,2999999.99999999,74,2e-06,False
300,1000000,COMMON_TEMPLATE_DUPLICATE_BASELINE,FIXED_SLOT_IDLE,H2_FIXED_PER_MINER_HARDWARE,0.1,0.0,False,600.0,10000.0,1666.6666666666667,100.0,30000.0,17,11,6,1747178.6400000122,1252821.359999996,0.0,9706548,2902257852,187246077.59999987,52.0127993333333,23.145695703333317,4.7284363030303,202.17534545454546,58.23928800000041,0.6470588235294118,3000000.0000000084,75,2e-06,False
300,1000000,COMMON_TEMPLATE_DUPLICATE_BASELINE,FIXED_SLOT_IDLE,H2_FIXED_PER_MINER_HARDWARE,0.1,0.0,False,600.0,10000.0,1666.6666666666667,100.0,30000.0,17,15,2,1129264.379999995,1870735.6199999955,0.0,6273691,1875833609,131633794.19999954,36.564942833333205,16.271399560833277,2.437662855555547,170.94763999999998,37.64214599999983,0.8823529411764706,2999999.9999999907,73,2e-06,False
300,1000000,COMMON_TEMPLATE_DUPLICATE_BASELINE,FIXED_SLOT_IDLE,H2_FIXED_PER_MINER_HARDWARE,0.1,0.0,False,600.0,10000.0,1666.6666666666667,100.0,30000.0,17,14,3,1588455.899999989,1411544.1000000082,0.0,8824755,2638601745,172961031.00000042,48.044730833333446,21.379905220833383,3.431766488095246,249.6323571428572,52.948529999999636,0.8235294117647058,2999999.999999997,76,2e-06,False
300,1000000,COMMON_TEMPLATE_DUPLICATE_BASELINE,FIXED_SLOT_IDLE,H2_FIXED_PER_MINER_HARDWARE,0.1,0.0,False,600.0,10000.0,1666.6666666666667,100.0,30000.0,17,13,4,1624243.6799999964,1375756.3200000005,0.0,9023576,2698049224,176181931.20000046,48.93942533333346,21.77804427333339,3.7645711794871892,231.85735384615379,54.141455999999884,0.7647058823529411,2999999.999999997,82,2e-06,False
300,1000000,COMMON_TEMPLATE_DUPLICATE_BASELINE,FIXED_SLOT_IDLE,H2_FIXED_PER_MINER_HARDWARE,0.1,0.0,False,600.0,10000.0,1666.6666666666667,100.0,30000.0,17,15,2,1385525.160000006,1614474.8399999938,0.0,7697362,2301511238,154697264.39999944,42.97146233333318,19.122300738333266,2.8647641555555454,227.89447999999996,46.184172000000196,0.8823529411764706,3000000.0,78,2e-06,False
300,1000000,COMMON_TEMPLATE_DUPLICATE_BASELINE,FIXED_SLOT_IDLE,H2_FIXED_PER_MINER_HARDWARE,0.1,0.0,False,600.0,10000.0,1666.6666666666667,100.0,30000.0,17,15,2,1011242.339999994,1988757.6599999936,0.0,5618013,1679785887,121011810.60000087,33.61439183333358,14.958404365833442,2.2409594555555716,144.72052000000002,33.7080779999998,0.8823529411764706,2999999.999999988,80,2e-06,False
300,1000000,COMMON_TEMPLATE_DUPLICATE_BASELINE,FIXED_SLOT_IDLE,H2_FIXED_PER_MINER_HARDWARE,0.1,0.0,False,600.0,10000.0,1666.6666666666667,100.0,30000.0,17,17,0,639777.5999999979,2360222.4000000046,0.0,3554320,1062741680,87579984.00000027,24.327773333333408,10.825859133333367,1.4310454901960827,125.4465882352941,21.32591999999993,1.0,3000000.0000000023,77,2e-06,False
300,1000000,COMMON_TEMPLATE_DUPLICATE_BASELINE,FIXED_SLOT_IDLE,H2_FIXED_PER_MINER_HARDWARE,0.1,0.0,False,600.0,10000.0,1666.6666666666667,100.0,30000.0,17,14,3,1080522.719999998,1919477.2799999872,0.0,6002904,1794868296,127247044.79999991,35.346401333333304,15.72914859333332,2.5247429523809504,128.6958857142857,36.017423999999934,0.8235294117647058,2999999.999999985,79,2e-06,False
300,1000000,COMMON_TEMPLATE_DUPLICATE_BASELINE,FIXED_SLOT_IDLE,H2_FIXED_PER_MINER_HARDWARE,0.1,0.0,False,600.0,10000.0,1666.6666666666667,100.0,30000.0,17,14,3,1205613.899999997,1794386.100000003,0.0,6697855,2002658645,138505251.00000033,38.473680833333425,17.120787970833373,2.748120059523816,158.4795,40.187129999999904,0.8235294117647058,3000000.0,83,2e-06,False
300,1000000,COMMON_TEMPLATE_DUPLICATE_BASELINE,FIXED_SLOT_IDLE,H2_FIXED_PER_MINER_HARDWARE,0.1,0.0,False,600.0,10000.0,1666.6666666666667,100.0,30000.0,17,15,2,1305471.1799999948,1694528.8200000054,0.0,7585951,2268199349,147492406.20000044,40.97011283333345,18.231700210833388,2.7313408555555636,223.43803999999997,43.515705999999824,0.8823529411764706,3000000.0,81,2e-06,False
300,1000000,COMMON_TEMPLATE_DUPLICATE_BASELINE,FIXED_SLOT_IDLE,H2_FIXED_PER_MINER_HARDWARE,0.1,0.0,False,600.0,10000.0,1666.6666666666667,100.0,30000.0,17,14,3,1725233.220000005,1274766.7799999954,0.0,9584629,2865804071,185270989.79999968,51.464163833333245,22.901552905833295,3.676011702380946,282.1983857142857,57.50777400000017,0.8235294117647058,3000000.0000000005,84,2e-06,False
300,1000000,COMMON_TEMPLATE_DUPLICATE_BASELINE,FIXED_SLOT_IDLE,H2_FIXED_PER_MINER_HARDWARE,0.1,0.0,False,600.0,10000.0,1666.6666666666667,100.0,30000.0,17,14,3,1462200.7800000017,1537799.2199999983,0.0,8456671,2528544629,161598070.19999942,44.88835283333317,19.975317010833262,3.2063109166666552,233.85732857142855,48.74002600000006,0.8235294117647058,3000000.0,85,2e-06,False
300,1000000,COMMON_TEMPLATE_DUPLICATE_BASELINE,FIXED_SLOT_IDLE,H2_FIXED_PER_MINER_HARDWARE,0.1,0.0,False,600.0,10000.0,1666.6666666666667,100.0,30000.0,17,15,2,1244561.5199999944,1755438.4800000074,0.0,6925638,2070765762,142010536.80000004,39.447371333333344,17.55408024333334,2.629824755555556,197.02552,41.48538399999982,0.8823529411764706,3000000.000000002,86,2e-06,False
300,1000000,COMMON_TEMPLATE_DUPLICATE_BASELINE,FIXED_SLOT_IDLE,H2_FIXED_PER_MINER_HARDWARE,0.1,0.0,False,600.0,10000.0,1666.6666666666667,100.0,30000.0,17,17,0,1091393.0999999945,1908606.9000000088,0.0,6063295,1812925205,128225379.00000098,35.618160833333604,15.850081570833455,2.095185931372565,213.9986470588235,36.379769999999816,1.0,3000000.0000000033,87,2e-06,False
300,1000000,COMMON_TEMPLATE_DUPLICATE_BASELINE,FIXED_SLOT_IDLE,H2_FIXED_PER_MINER_HARDWARE,0.1,0.0,False,600.0,10000.0,1666.6666666666667,100.0,30000.0,17,15,2,1249854.839999998,1750145.1599999957,0.0,6943638,2076147762,142486935.6000008,39.57970433333355,17.61296842833343,2.6386469555555703,197.74551999999997,41.66182799999993,0.8823529411764706,2999999.9999999935,88,2e-06,False
300,1000000,COMMON_TEMPLATE_DUPLICATE_BASELINE,FIXED_SLOT_IDLE,H2_FIXED_PER_MINER_HARDWARE,0.1,0.0,False,600.0,10000.0,1666.6666666666667,100.0,30000.0,17,13,4,1817949.420000006,1182050.5799999947,0.0,10099719,3019815981,193615447.80000088,53.782068833333575,23.93302063083344,4.137082217948737,281.52549230769233,60.5983140000002,0.7647058823529411,3000000.000000001,90,2e-06,False
300,1000000,COMMON_TEMPLATE_DUPLICATE_BASELINE,FIXED_SLOT_IDLE,H2_FIXED_PER_MINER_HARDWARE,0.1,0.0,False,600.0,10000.0,1666.6666666666667,100.0,30000.0,17,16,1,1339158.180000003,1660841.8199999968,0.0,7448956,2227237844,150524236.19999912,41.81228783333309,18.606468085833225,2.613267989583318,241.83584999999994,44.6386060000001,0.9411764705882353,3000000.0,89,2e-06,False
300,1000000,COMMON_TEMPLATE_DUPLICATE_BASELINE,FIXED_SLOT_IDLE,H2_FIXED_PER_MINER_HARDWARE,0.1,0.0,False,600.0,10000.0,1666.6666666666667,100.0,30000.0,17,11,6,1904077.019999995,1095922.9800000025,0.0,10911539,3262550161,201366931.80000114,55.93525883333365,24.891190180833473,5.085023530303059,267.9021272727273,63.46923399999983,0.6470588235294118,2999999.999999997,91,2e-06,False
300,1000000,COMMON_TEMPLATE_DUPLICATE_BASELINE,FIXED_SLOT_IDLE,H2_FIXED_PER_MINER_HARDWARE,0.1,0.0,False,600.0,10000.0,1666.6666666666667,100.0,30000.0,17,14,3,1522355.9399999916,1477644.0600000077,0.0,8457533,2528802367,167012034.60000083,46.39223183333356,20.644543165833436,3.3137308452381116,233.8942714285714,50.745197999999725,0.8235294117647058,2999999.999999999,93,2e-06,False
300,1000000,COMMON_TEMPLATE_DUPLICATE_BASELINE,FIXED_SLOT_IDLE,H2_FIXED_PER_MINER_HARDWARE,0.1,0.0,False,600.0,10000.0,1666.6666666666667,100.0,30000.0,17,16,1,1099160.4600000042,1900839.540000009,0.0,6106447,1825827653,128924441.39999926,35.81234483333313,15.936493450833241,2.2382715520833205,191.49176250000002,36.63868200000014,0.9411764705882353,3000000.000000013,92,2e-06,False
300,1000000,COMMON_TEMPLATE_DUPLICATE_BASELINE,FIXED_SLOT_IDLE,H2_FIXED_PER_MINER_HARDWARE,0.1,0.0,False,600.0,10000.0,1666.6666666666667,100.0,30000.0,17,17,0,686044.3800000016,2313955.6200000034,0.0,4136553,1236829347,91743994.19999993,25.484442833333315,11.340577060833326,1.4990848725490185,145.9959882352941,22.868146000000056,1.0,3000000.000000005,94,2e-06,False
300,1000000,COMMON_TEMPLATE_DUPLICATE_BASELINE,FIXED_SLOT_IDLE,H2_FIXED_PER_MINER_HARDWARE,0.1,0.0,False,600.0,10000.0,1666.6666666666667,100.0,30000.0,17,15,2,1434554.8199999908,1565445.1800000097,0.0,7969749,2382954951,159109933.79999992,44.19720383333331,19.667755705833326,2.9464802555555543,238.78996,47.81849399999969,0.8823529411764706,3000000.0000000005,95,2e-06,False
300,1000000,COMMON_TEMPLATE_DUPLICATE_BASELINE,FIXED_SLOT_IDLE,H2_FIXED_PER_MINER_HARDWARE,0.1,0.0,False,600.0,10000.0,1666.6666666666667,100.0,30000.0,17,16,1,1361192.0399999968,1638807.9600000076,0.0,7562178,2261091222,152507283.60000026,42.363134333333406,18.851594778333364,2.647695895833338,246.081675,45.37306799999989,0.9411764705882353,3000000.0000000047,96,2e-06,False
300,1000000,COMMON_TEMPLATE_DUPLICATE_BASELINE,FIXED_SLOT_IDLE,H2_FIXED_PER_MINER_HARDWARE,0.1,0.0,False,600.0,10000.0,1666.6666666666667,100.0,30000.0,17,15,2,1460423.6400000039,1539576.359999996,0.0,8262511,2470490789,161438127.5999995,44.84392433333319,19.95554632833327,2.989594955555546,250.50044,48.68078800000013,0.8823529411764706,3000000.0,97,2e-06,False
300,1000000,COMMON_TEMPLATE_DUPLICATE_BASELINE,FIXED_SLOT_IDLE,H2_FIXED_PER_MINER_HARDWARE,0.1,0.0,False,600.0,10000.0,1666.6666666666667,100.0,30000.0,17,15,2,1202309.8200000064,1797690.1799999918,0.0,6679499,1997170201,138207883.79999948,38.39107883333319,17.08403008083327,2.559405255555546,187.17995999999997,40.07699400000021,0.8823529411764706,2999999.999999998,98,2e-06,False
300,1000000,COMMON_TEMPLATE_DUPLICATE_BASELINE,FIXED_SLOT_IDLE,H2_FIXED_PER_MINER_HARDWARE,0.1,0.0,False,600.0,10000.0,1666.6666666666667,100.0,30000.0,17,15,2,1478526.839999999,1521473.1600000006,0.0,8214038,2455997362,163067415.5999995,45.29650433333319,20.15694442833327,3.019766955555546,248.56152,49.28422799999996,0.8823529411764706,2999999.9999999995,99,2e-06,False
300,1000000,POCOL_DISJOINT_NONCE,FIXED_SLOT_IDLE,H2_FIXED_PER_MINER_HARDWARE,0.1,0.0,False,600.0,10000.0,1666.6666666666667,100.0,30000.0,17,13,4,4489.980000000552,2995510.0200000214,0.0,7483300,0,30404098.199999824,8.445582833333285,3.758284360833312,0.6496602179487142,0.5358923076923076,0.1496660000000184,0.7647058823529411,3000000.000000022,0,2e-06,False
300,1000000,POCOL_DISJOINT_NONCE,FIXED_SLOT_IDLE,H2_FIXED_PER_MINER_HARDWARE,0.1,0.0,False,600.0,10000.0,1666.6666666666667,100.0,30000.0,17,12,5,6437.640000000312,2993562.3600000045,0.0,10729400,0,30579387.59999991,8.494274333333308,3.7799520783333223,0.7078561944444424,0.9548999999999999,0.2145880000000104,0.7058823529411765,3000000.0000000047,1,2e-06,False
300,1000000,POCOL_DISJOINT_NONCE,FIXED_SLOT_IDLE,H2_FIXED_PER_MINER_HARDWARE,0.1,0.0,False,600.0,10000.0,1666.6666666666667,100.0,30000.0,17,14,3,4725.899999999424,2995274.099999979,0.0,7876500,0,30425330.99999974,8.45148083333326,3.760908970833301,0.6036772023809471,0.696642857142857,0.1575299999999808,0.8235294117647058,2999999.9999999786,2,2e-06,False
300,1000000,POCOL_DISJOINT_NONCE,FIXED_SLOT_IDLE,H2_FIXED_PER_MINER_HARDWARE,0.1,0.0,False,600.0,10000.0,1666.6666666666667,100.0,30000.0,17,16,1,3304.140000000357,2996695.859999991,0.0,5506900,0,30297372.59999991,8.415936833333308,3.745091890833322,0.5259960520833318,0.5633625,0.11013800000001189,0.9411764705882353,2999999.999999991,3,2e-06,False
300,1000000,POCOL_DISJOINT_NONCE,FIXED_SLOT_IDLE,H2_FIXED_PER_MINER_HARDWARE,0.1,0.0,False,600.0,10000.0,1666.6666666666667,100.0,30000.0,17,17,0,3506.039999999536,2996493.9600000144,0.0,5843400,0,30315543.599999774,8.420984333333271,3.7473380283333055,0.4953520196078395,0.6874588235294117,0.11686799999998454,1.0,3000000.000000014,4,2e-06,False
300,1000000,POCOL_DISJOINT_NONCE,FIXED_SLOT_IDLE,H2_FIXED_PER_MINER_HARDWARE,0.1,0.0,False,600.0,10000.0,1666.6666666666667,100.0,30000.0,17,15,2,4230.479999999995,2995769.5200000177,0.0,7050800,0,30380743.19999982,8.439095333333283,3.755397423333311,0.5626063555555522,0.6734399999999999,0.14101599999999984,0.8823529411764706,3000000.0000000177,7,2e-06,False
300,1000000,POCOL_DISJOINT_NONCE,FIXED_SLOT_IDLE,H2_FIXED_PER_MINER_HARDWARE,0.1,0.0,False,600.0,10000.0,1666.6666666666667,100.0,30000.0,17,15,2,4052.999999999229,2995947.0,0.0,6755000,0,30364769.999999985,8.43465833333333,3.753422958333332,0.5623105555555553,0.634,0.13509999999997432,0.8823529411764706,2999999.999999999,5,2e-06,False
300,1000000,POCOL_DISJOINT_NONCE,FIXED_SLOT_IDLE,H2_FIXED_PER_MINER_HARDWARE,0.1,0.0,False,600.0,10000.0,1666.6666666666667,100.0,30000.0,17,15,2,4233.1799999995965,2995766.8199999984,0.0,7055300,0,30380986.200000163,8.439162833333379,3.7554274608333538,0.5626108555555586,0.6740400000000001,0.14110599999998655,0.8823529411764706,2999999.999999998,6,2e-06,False
300,1000000,POCOL_DISJOINT_NONCE,FIXED_SLOT_IDLE,H2_FIXED_PER_MINER_HARDWARE,0.1,0.0,False,600.0,10000.0,1666.6666666666667,100.0,30000.0,17,15,2,5163.060000000412,2994836.940000007,0.0,8605100,0,30464675.39999988,8.4624098333333,3.765772375833319,0.5641606555555534,0.8806799999999998,0.17210200000001374,0.8823529411764706,3000000.0000000075,8,2e-06,False
300,1000000,POCOL_DISJOINT_NONCE,FIXED_SLOT_IDLE,H2_FIXED_PER_MINER_HARDWARE,0.1,0.0,False,600.0,10000.0,1666.6666666666667,100.0,30000.0,17,13,4,4584.119999999805,2995415.879999998,0.0,7640200,0,30412570.80000005,8.447936333333347,3.7593316683333393,0.6498412564102575,0.5600307692307692,0.1528039999999935,0.7647058823529411,2999999.9999999977,9,2e-06,False
300,1000000,POCOL_DISJOINT_NONCE,FIXED_SLOT_IDLE,H2_FIXED_PER_MINER_HARDWARE,0.1,0.0,False,600.0,10000.0,1666.6666666666667,100.0,30000.0,17,14,3,3458.699999999473,2996541.2999999872,0.0,5764500,0,30311282.9999997,8.41980083333325,3.746811370833296,0.6014143452380892,0.39492857142857135,0.11528999999998243,0.8235294117647058,2999999.9999999865,11,2e-06,False
300,1000000,POCOL_DISJOINT_NONCE,FIXED_SLOT_IDLE,H2_FIXED_PER_MINER_HARDWARE,0.1,0.0,False,600.0,10000.0,1666.6666666666667,100.0,30000.0,17,15,2,4136.700000000189,2995863.299999981,0.0,6894500,0,30372302.999999918,8.43675083333331,3.754354120833323,0.5624500555555539,0.6526,0.1378900000000063,0.8823529411764706,2999999.9999999814,17,2e-06,False
300,1000000,POCOL_DISJOINT_NONCE,FIXED_SLOT_IDLE,H2_FIXED_PER_MINER_HARDWARE,0.1,0.0,False,600.0,10000.0,1666.6666666666667,100.0,30000.0,17,15,2,3870.840000000007,2996129.1599999974,0.0,6451400,0,30348375.59999977,8.43010433333327,3.7513964283333054,0.5620069555555514,0.59352,0.12902800000000023,0.8823529411764706,2999999.999999997,18,2e-06,False
300,1000000,POCOL_DISJOINT_NONCE,FIXED_SLOT_IDLE,H2_FIXED_PER_MINER_HARDWARE,0.1,0.0,False,600.0,10000.0,1666.6666666666667,100.0,30000.0,17,13,4,5685.000000000127,2994314.9999999935,0.0,9475000,0,30511649.999999877,8.475458333333298,3.771578958333318,0.6519583333333306,0.8423076923076922,0.18950000000000422,0.7647058823529411,2999999.9999999935,10,2e-06,False
300,1000000,POCOL_DISJOINT_NONCE,FIXED_SLOT_IDLE,H2_FIXED_PER_MINER_HARDWARE,0.1,0.0,False,600.0,10000.0,1666.6666666666667,100.0,30000.0,17,14,3,4807.7999999998865,2995192.1999999923,0.0,8013000,0,30432701.999999817,8.453528333333283,3.761820108333311,0.6038234523809488,0.716142857142857,0.1602599999999962,0.8235294117647058,2999999.999999992,12,2e-06,False
300,1000000,POCOL_DISJOINT_NONCE,FIXED_SLOT_IDLE,H2_FIXED_PER_MINER_HARDWARE,0.1,0.0,False,600.0,10000.0,1666.6666666666667,100.0,30000.0,17,17,0,3437.6400000002072,2996562.3599999957,0.0,5729400,0,30309387.599999893,8.419274333333304,3.74657707833332,0.4952514313725473,0.6740470588235293,0.1145880000000069,1.0,2999999.999999996,13,2e-06,False
300,1000000,POCOL_DISJOINT_NONCE,FIXED_SLOT_IDLE,H2_FIXED_PER_MINER_HARDWARE,0.1,0.0,False,600.0,10000.0,1666.6666666666667,100.0,30000.0,17,14,3,4072.1400000001527,2995927.8600000045,0.0,6786900,0,30366492.59999991,8.435136833333308,3.7536358908333223,0.602509773809522,0.5409857142857143,0.13573800000000508,0.8235294117647058,3000000.0000000047,15,2e-06,False
300,1000000,POCOL_DISJOINT_NONCE,FIXED_SLOT_IDLE,H2_FIXED_PER_MINER_HARDWARE,0.1,0.0,False,600.0,10000.0,1666.6666666666667,100.0,30000.0,17,14,3,4443.300000000556,2995556.7000000044,0.0,7405500,0,30399897.00000014,8.444415833333373,3.757765045833351,0.6031725595238123,0.6293571428571428,0.14811000000001853,0.8235294117647058,3000000.000000005,14,2e-06,False
300,1000000,POCOL_DISJOINT_NONCE,FIXED_SLOT_IDLE,H2_FIXED_PER_MINER_HARDWARE,0.1,0.0,False,600.0,10000.0,1666.6666666666667,100.0,30000.0,17,15,2,3063.8999999997395,2996936.099999983,0.0,5106500,0,30275750.999999918,8.409930833333311,3.7424192208333236,0.560662055555554,0.4141999999999999,0.10212999999999131,0.8823529411764706,2999999.999999983,16,2e-06,False
300,1000000,POCOL_DISJOINT_NONCE,FIXED_SLOT_IDLE,H2_FIXED_PER_MINER_HARDWARE,0.1,0.0,False,600.0,10000.0,1666.6666666666667,100.0,30000.0,17,15,2,4658.160000000446,2995341.839999977,0.0,7763600,0,30419234.40000011,8.449787333333363,3.7601553633333467,0.5633191555555576,0.76848,0.15527200000001487,0.8823529411764706,2999999.9999999776,19,2e-06,False
300,1000000,POCOL_DISJOINT_NONCE,FIXED_SLOT_IDLE,H2_FIXED_PER_MINER_HARDWARE,0.1,0.0,False,600.0,10000.0,1666.6666666666667,100.0,30000.0,17,15,2,5399.9399999999905,2994600.059999981,0.0,8999900,0,30485994.599999852,8.468331833333293,3.7684076658333154,0.5645554555555529,0.9333199999999999,0.17999799999999969,0.8823529411764706,2999999.999999981,20,2e-06,False
300,1000000,POCOL_DISJOINT_NONCE,FIXED_SLOT_IDLE,H2_FIXED_PER_MINER_HARDWARE,0.1,0.0,False,600.0,10000.0,1666.6666666666667,100.0,30000.0,17,13,4,4998.840000000011,2995001.1599999974,0.0,8331400,0,30449895.599999774,8.45830433333327,3.7639454283333054,0.65063879487179,0.6663692307692307,0.16662800000000036,0.7647058823529411,2999999.999999997,21,2e-06,False
300,1000000,POCOL_DISJOINT_NONCE,FIXED_SLOT_IDLE,H2_FIXED_PER_MINER_HARDWARE,0.1,0.0,False,600.0,10000.0,1666.6666666666667,100.0,30000.0,17,15,2,4036.800000000506,2995963.2000000007,0.0,6728000,0,30363312.000000123,8.434253333333368,3.753242733333349,0.5622835555555579,0.6304,0.13456000000001686,0.8823529411764706,3000000.000000001,22,2e-06,False
300,1000000,POCOL_DISJOINT_NONCE,FIXED_SLOT_IDLE,H2_FIXED_PER_MINER_HARDWARE,0.1,0.0,False,600.0,10000.0,1666.6666666666667,100.0,30000.0,17,16,1,3882.1200000000385,2996117.879999988,0.0,6470200,0,30349390.80000016,8.430386333333377,3.751521918333353,0.5268991458333361,0.6837749999999998,0.12940400000000127,0.9411764705882353,2999999.999999988,23,2e-06,False
300,1000000,POCOL_DISJOINT_NONCE,FIXED_SLOT_IDLE,H2_FIXED_PER_MINER_HARDWARE,0.1,0.0,False,600.0,10000.0,1666.6666666666667,100.0,30000.0,17,17,0,2794.860000000338,2997205.139999979,0.0,4658100,0,30251537.400000148,8.403204833333374,3.7394261508333515,0.4943061666666691,0.5480117647058824,0.09316200000001128,1.0,2999999.9999999795,24,2e-06,False
300,1000000,POCOL_DISJOINT_NONCE,FIXED_SLOT_IDLE,H2_FIXED_PER_MINER_HARDWARE,0.1,0.0,False,600.0,10000.0,1666.6666666666667,100.0,30000.0,17,12,5,5163.23999999949,2994836.760000009,0.0,8605400,0,30464691.599999852,8.462414333333292,3.7657743783333153,0.7052011944444411,0.6009,0.172107999999983,0.7058823529411765,3000000.0000000084,25,2e-06,False
300,1000000,POCOL_DISJOINT_NONCE,FIXED_SLOT_IDLE,H2_FIXED_PER_MINER_HARDWARE,0.1,0.0,False,600.0,10000.0,1666.6666666666667,100.0,30000.0,17,14,3,4523.759999999812,2995476.2400000016,0.0,7539600,0,30407138.400000043,8.446427333333345,3.7586601633333383,0.6033162380952389,0.6485142857142857,0.15079199999999374,0.8235294117647058,3000000.0000000014,26,2e-06,False
300,1000000,POCOL_DISJOINT_NONCE,FIXED_SLOT_IDLE,H2_FIXED_PER_MINER_HARDWARE,0.1,0.0,False,600.0,10000.0,1666.6666666666667,100.0,30000.0,17,17,0,4011.120000000483,2995988.8800000185,0.0,6685200,0,30361000.79999999,8.43361133333333,3.752957043333332,0.4960947843137253,0.7864941176470588,0.13370400000001612,1.0,3000000.000000019,28,2e-06,False
300,1000000,POCOL_DISJOINT_NONCE,FIXED_SLOT_IDLE,H2_FIXED_PER_MINER_HARDWARE,0.1,0.0,False,600.0,10000.0,1666.6666666666667,100.0,30000.0,17,13,4,4446.960000000025,2995553.040000013,0.0,7411600,0,30400226.399999917,8.444507333333311,3.7578057633333235,0.6495774871794855,0.5248615384615385,0.1482320000000008,0.7647058823529411,3000000.000000013,27,2e-06,False
300,1000000,POCOL_DISJOINT_NONCE,FIXED_SLOT_IDLE,H2_FIXED_PER_MINER_HARDWARE,0.1,0.0,False,600.0,10000.0,1666.6666666666667,100.0,30000.0,17,12,5,5572.919999999634,2994427.080000005,0.0,9288200,0,30501562.799999803,8.472656333333278,3.7703320683333086,0.7060546944444398,0.7147,0.18576399999998777,0.7058823529411765,3000000.0000000047,29,2e-06,False
300,1000000,POCOL_DISJOINT_NONCE,FIXED_SLOT_IDLE,H2_FIXED_PER_MINER_HARDWARE,0.1,0.0,False,600.0,10000.0,1666.6666666666667,100.0,30000.0,17,16,1,4446.779999999431,2995553.2200000123,0.0,7411300,0,30400210.19999979,8.444502833333274,3.757803760833307,0.5277814270833296,0.8014124999999999,0.14822599999998104,0.9411764705882353,3000000.0000000116,30,2e-06,False
300,1000000,POCOL_DISJOINT_NONCE,FIXED_SLOT_IDLE,H2_FIXED_PER_MINER_HARDWARE,0.1,0.0,False,600.0,10000.0,1666.6666666666667,100.0,30000.0,17,14,3,5759.639999999922,2994240.3600000045,0.0,9599400,0,30518367.59999991,8.477324333333307,3.7724093283333215,0.6055231666666648,0.9427714285714286,0.1919879999999974,0.8235294117647058,3000000.0000000047,31,2e-06,False
300,1000000,POCOL_DISJOINT_NONCE,FIXED_SLOT_IDLE,H2_FIXED_PER_MINER_HARDWARE,0.1,0.0,False,600.0,10000.0,1666.6666666666667,100.0,30000.0,17,15,2,4236.599999999875,2995763.3999999873,0.0,7061000,0,30381293.99999977,8.43924833333327,3.755465508333305,0.5626165555555513,0.6747999999999998,0.14121999999999582,0.8823529411764706,2999999.9999999874,32,2e-06,False
300,1000000,POCOL_DISJOINT_NONCE,FIXED_SLOT_IDLE,H2_FIXED_PER_MINER_HARDWARE,0.1,0.0,False,600.0,10000.0,1666.6666666666667,100.0,30000.0,17,13,4,5077.860000000279,2994922.13999999,0.0,8463100,0,30457007.399999842,8.46027983333329,3.764824525833314,0.6507907564102531,0.6866307692307692,0.1692620000000093,0.7647058823529411,2999999.99999999,33,2e-06,False
300,1000000,POCOL_DISJOINT_NONCE,FIXED_SLOT_IDLE,H2_FIXED_PER_MINER_HARDWARE,0.1,0.0,False,600.0,10000.0,1666.6666666666667,100.0,30000.0,17,15,2,4559.340000000158,2995440.6600000104,0.0,7598900,0,30410340.5999999,8.447316833333305,3.7590559908333208,0.5631544555555537,0.74652,0.15197800000000528,0.8823529411764706,3000000.0000000107,34,2e-06,False
300,1000000,POCOL_DISJOINT_NONCE,FIXED_SLOT_IDLE,H2_FIXED_PER_MINER_HARDWARE,0.1,0.0,False,600.0,10000.0,1666.6666666666667,100.0,30000.0,17,15,2,4509.839999999438,2995490.1600000183,0.0,7516400,0,30405885.60000011,8.446079333333364,3.758505303333347,0.5630719555555576,0.73552,0.15032799999998128,0.8823529411764706,3000000.0000000177,37,2e-06,False
300,1000000,POCOL_DISJOINT_NONCE,FIXED_SLOT_IDLE,H2_FIXED_PER_MINER_HARDWARE,0.1,0.0,False,600.0,10000.0,1666.6666666666667,100.0,30000.0,17,14,3,4428.539999999833,2995571.4599999865,0.0,7380900,0,30398568.600000136,8.44404683333337,3.75760084083335,0.6031462023809551,0.6258428571428573,0.14761799999999442,0.8235294117647058,2999999.9999999865,35,2e-06,False
300,1000000,POCOL_DISJOINT_NONCE,FIXED_SLOT_IDLE,H2_FIXED_PER_MINER_HARDWARE,0.1,0.0,False,600.0,10000.0,1666.6666666666667,100.0,30000.0,17,15,2,5170.620000000019,2994829.379999999,0.0,8617700,0,30465355.79999983,8.462598833333287,3.7658564808333126,0.5641732555555524,0.8823600000000001,0.17235400000000065,0.8823529411764706,2999999.999999999,36,2e-06,False
300,1000000,POCOL_DISJOINT_NONCE,FIXED_SLOT_IDLE,H2_FIXED_PER_MINER_HARDWARE,0.1,0.0,False,600.0,10000.0,1666.6666666666667,100.0,30000.0,17,14,3,4663.980000000326,2995336.01999998,0.0,7773300,0,30419758.200000115,8.449932833333365,3.7602201108333477,0.6035666309523833,0.6819,0.15546600000001087,0.8235294117647058,2999999.9999999804,38,2e-06,False
300,1000000,POCOL_DISJOINT_NONCE,FIXED_SLOT_IDLE,H2_FIXED_PER_MINER_HARDWARE,0.1,0.0,False,600.0,10000.0,1666.6666666666667,100.0,30000.0,17,16,1,4490.699999999918,2995509.300000019,0.0,7484500,0,30404163.00000021,8.44560083333339,3.7582923708333587,0.5278500520833369,0.8105625000000001,0.14968999999999727,0.9411764705882353,3000000.0000000186,40,2e-06,False
300,1000000,POCOL_DISJOINT_NONCE,FIXED_SLOT_IDLE,H2_FIXED_PER_MINER_HARDWARE,0.1,0.0,False,600.0,10000.0,1666.6666666666667,100.0,30000.0,17,13,4,5118.179999999991,2994881.8200000115,0.0,8530300,0,30460636.19999986,8.461287833333294,3.765273085833316,0.6508682948717919,0.6969692307692308,0.1706059999999997,0.7647058823529411,3000000.0000000116,39,2e-06,False
300,1000000,POCOL_DISJOINT_NONCE,FIXED_SLOT_IDLE,H2_FIXED_PER_MINER_HARDWARE,0.1,0.0,False,600.0,10000.0,1666.6666666666667,100.0,30000.0,17,16,1,3154.740000000267,2996845.2599999933,0.0,5257900,0,30283926.599999994,8.41220183333333,3.7434298158333323,0.5257626145833332,0.5322374999999999,0.10515800000000891,0.9411764705882353,2999999.9999999935,42,2e-06,False
300,1000000,POCOL_DISJOINT_NONCE,FIXED_SLOT_IDLE,H2_FIXED_PER_MINER_HARDWARE,0.1,0.0,False,600.0,10000.0,1666.6666666666667,100.0,30000.0,17,15,2,4386.540000000182,2995613.4599999883,0.0,7310900,0,30394788.599999934,8.442996833333314,3.757133590833325,0.5628664555555543,0.7081199999999997,0.14621800000000607,0.8823529411764706,2999999.9999999884,41,2e-06,False
300,1000000,POCOL_DISJOINT_NONCE,FIXED_SLOT_IDLE,H2_FIXED_PER_MINER_HARDWARE,0.1,0.0,False,600.0,10000.0,1666.6666666666667,100.0,30000.0,17,13,4,4506.900000000254,2995493.0999999987,0.0,7511500,0,30405620.99999992,8.446005833333311,3.7584725958333234,0.6496927564102547,0.5402307692307692,0.15023000000000847,0.7647058823529411,2999999.999999999,43,2e-06,False
300,1000000,POCOL_DISJOINT_NONCE,FIXED_SLOT_IDLE,H2_FIXED_PER_MINER_HARDWARE,0.1,0.0,False,600.0,10000.0,1666.6666666666667,100.0,30000.0,17,15,2,4245.060000000151,2995754.94000002,0.0,7075100,0,30382055.400000144,8.439459833333373,3.7555596258333512,0.5626306555555582,0.67668,0.14150200000000504,0.8823529411764706,3000000.00000002,44,2e-06,False
300,1000000,POCOL_DISJOINT_NONCE,FIXED_SLOT_IDLE,H2_FIXED_PER_MINER_HARDWARE,0.1,0.0,False,600.0,10000.0,1666.6666666666667,100.0,30000.0,17,15,2,4820.880000000462,2995179.1200000164,0.0,8034800,0,30433879.20000005,8.453855333333347,3.7619656233333396,0.5635903555555565,0.8046399999999998,0.1606960000000154,0.8823529411764706,3000000.0000000168,49,2e-06,False
300,1000000,POCOL_DISJOINT_NONCE,FIXED_SLOT_IDLE,H2_FIXED_PER_MINER_HARDWARE,0.1,0.0,False,600.0,10000.0,1666.6666666666667,100.0,30000.0,17,14,3,4162.139999999809,2995837.860000015,0.0,6936900,0,30374592.599999905,8.437386833333306,3.7546371408333212,0.6026704880952362,0.5624142857142858,0.13873799999999364,0.8235294117647058,3000000.0000000144,45,2e-06,False
300,1000000,POCOL_DISJOINT_NONCE,FIXED_SLOT_IDLE,H2_FIXED_PER_MINER_HARDWARE,0.1,0.0,False,600.0,10000.0,1666.6666666666667,100.0,30000.0,17,17,0,4164.299999999309,2995835.6999999876,0.0,6940500,0,30374786.999999795,8.437440833333277,3.754661170833308,0.4963200490196045,0.816529411764706,0.13880999999997698,1.0,2999999.999999987,46,2e-06,False
300,1000000,POCOL_DISJOINT_NONCE,FIXED_SLOT_IDLE,H2_FIXED_PER_MINER_HARDWARE,0.1,0.0,False,600.0,10000.0,1666.6666666666667,100.0,30000.0,17,13,4,4640.819999999461,2995359.180000015,0.0,7734700,0,30417673.79999985,8.449353833333292,3.7599624558333153,0.6499502948717917,0.5745692307692308,0.15469399999998204,0.7647058823529411,3000000.0000000144,47,2e-06,False
300,1000000,POCOL_DISJOINT_NONCE,FIXED_SLOT_IDLE,H2_FIXED_PER_MINER_HARDWARE,0.1,0.0,False,600.0,10000.0,1666.6666666666667,100.0,30000.0,17,14,3,5335.20000000065,2994664.7999999844,0.0,8892000,0,30480168.000000216,8.466713333333393,3.76768743333336,0.6047652380952424,0.8417142857142855,0.17784000000002165,0.8235294117647058,2999999.999999985,48,2e-06,False
300,1000000,POCOL_DISJOINT_NONCE,FIXED_SLOT_IDLE,H2_FIXED_PER_MINER_HARDWARE,0.1,0.0,False,600.0,10000.0,1666.6666666666667,100.0,30000.0,17,17,0,4311.179999999682,2995688.819999994,0.0,7185300,0,30388006.199999817,8.441112833333282,3.7562952108333105,0.4965360490196048,0.8453294117647058,0.1437059999999894,1.0,2999999.9999999935,51,2e-06,False
300,1000000,POCOL_DISJOINT_NONCE,FIXED_SLOT_IDLE,H2_FIXED_PER_MINER_HARDWARE,0.1,0.0,False,600.0,10000.0,1666.6666666666667,100.0,30000.0,17,12,5,6124.2599999993945,2993875.7400000095,0.0,10207100,0,30551183.400000077,8.486439833333355,3.776465725833343,0.7072033194444463,0.8678499999999998,0.2041419999999798,0.7058823529411765,3000000.000000009,50,2e-06,False
300,1000000,POCOL_DISJOINT_NONCE,FIXED_SLOT_IDLE,H2_FIXED_PER_MINER_HARDWARE,0.1,0.0,False,600.0,10000.0,1666.6666666666667,100.0,30000.0,17,15,2,5174.039999999847,2994825.9599999883,0.0,8623400,0,30465663.599999808,8.46268433333328,3.76589452833331,0.564178955555552,0.8831199999999999,0.1724679999999949,0.8823529411764706,2999999.9999999884,52,2e-06,False
300,1000000,POCOL_DISJOINT_NONCE,FIXED_SLOT_IDLE,H2_FIXED_PER_MINER_HARDWARE,0.1,0.0,False,600.0,10000.0,1666.6666666666667,100.0,30000.0,17,15,2,4344.240000000141,2995655.7600000175,0.0,7240400,0,30390981.600000195,8.441939333333387,3.7566630033333572,0.5627959555555592,0.6987199999999999,0.14480800000000468,0.8823529411764706,3000000.0000000177,53,2e-06,False
300,1000000,POCOL_DISJOINT_NONCE,FIXED_SLOT_IDLE,H2_FIXED_PER_MINER_HARDWARE,0.1,0.0,False,600.0,10000.0,1666.6666666666667,100.0,30000.0,17,15,2,3900.1799999988725,2996099.8200000017,0.0,6500300,0,30351016.199999806,8.43083783333328,3.7517228358333097,0.562055855555552,0.6000399999999999,0.13000599999996243,0.8823529411764706,3000000.0000000005,54,2e-06,False
300,1000000,POCOL_DISJOINT_NONCE,FIXED_SLOT_IDLE,H2_FIXED_PER_MINER_HARDWARE,0.1,0.0,False,600.0,10000.0,1666.6666666666667,100.0,30000.0,17,14,3,3941.1000000005347,2996058.899999985,0.0,6568500,0,30354699.000000134,8.43186083333337,3.75217807083335,0.6022757738095265,0.5097857142857143,0.13137000000001783,0.8235294117647058,2999999.9999999856,55,2e-06,False
300,1000000,POCOL_DISJOINT_NONCE,FIXED_SLOT_IDLE,H2_FIXED_PER_MINER_HARDWARE,0.1,0.0,False,600.0,10000.0,1666.6666666666667,100.0,30000.0,17,11,6,6255.719999999877,2993744.280000018,0.0,10426200,0,30563014.79999982,8.489726333333282,3.7779282183333107,0.7717933030302984,0.8047636363636363,0.20852399999999588,0.6470588235294118,3000000.0000000177,56,2e-06,False
300,1000000,POCOL_DISJOINT_NONCE,FIXED_SLOT_IDLE,H2_FIXED_PER_MINER_HARDWARE,0.1,0.0,False,600.0,10000.0,1666.6666666666667,100.0,30000.0,17,13,4,5120.159999999957,2994879.84000002,0.0,8533600,0,30460814.399999954,8.46133733333332,3.7652951133333277,0.6508721025641016,0.6974769230769231,0.17067199999999857,0.7647058823529411,3000000.00000002,57,2e-06,False
300,1000000,POCOL_DISJOINT_NONCE,FIXED_SLOT_IDLE,H2_FIXED_PER_MINER_HARDWARE,0.1,0.0,False,600.0,10000.0,1666.6666666666667,100.0,30000.0,17,17,0,3407.759999999591,2996592.240000011,0.0,5679600,0,30306698.400000177,8.418527333333383,3.7462446633333557,0.49520749019608135,0.6681882352941176,0.11359199999998636,1.0,3000000.0000000107,58,2e-06,False
300,1000000,POCOL_DISJOINT_NONCE,FIXED_SLOT_IDLE,H2_FIXED_PER_MINER_HARDWARE,0.1,0.0,False,600.0,10000.0,1666.6666666666667,100.0,30000.0,17,14,3,4058.8199999997346,2995941.180000003,0.0,6764700,0,30365293.800000038,8.434803833333344,3.7534877058333382,0.6024859880952389,0.5378142857142858,0.13529399999999114,0.8235294117647058,3000000.000000003,60,2e-06,False
300,1000000,POCOL_DISJOINT_NONCE,FIXED_SLOT_IDLE,H2_FIXED_PER_MINER_HARDWARE,0.1,0.0,False,600.0,10000.0,1666.6666666666667,100.0,30000.0,17,14,3,4264.38000000003,2995735.619999994,0.0,7107300,0,30383794.200000226,8.439942833333395,3.7557745608333613,0.602853059523814,0.5867571428571428,0.14214600000000102,0.8235294117647058,2999999.999999994,59,2e-06,False
300,1000000,POCOL_DISJOINT_NONCE,FIXED_SLOT_IDLE,H2_FIXED_PER_MINER_HARDWARE,0.1,0.0,False,600.0,10000.0,1666.6666666666667,100.0,30000.0,17,15,2,5545.020000000336,2994454.980000001,0.0,9241700,0,30499051.799999878,8.4719588333333,3.7700216808333185,0.5647972555555534,0.9655599999999999,0.1848340000000112,0.8823529411764706,3000000.0000000014,61,2e-06,False
300,1000000,POCOL_DISJOINT_NONCE,FIXED_SLOT_IDLE,H2_FIXED_PER_MINER_HARDWARE,0.1,0.0,False,600.0,10000.0,1666.6666666666667,100.0,30000.0,17,16,1,3985.2600000005277,2996014.7400000016,0.0,6642100,0,30358673.399999864,8.432964833333296,3.7526693508333167,0.527060302083331,0.7052624999999999,0.13284200000001758,0.9411764705882353,3000000.0000000023,62,2e-06,False
300,1000000,POCOL_DISJOINT_NONCE,FIXED_SLOT_IDLE,H2_FIXED_PER_MINER_HARDWARE,0.1,0.0,False,600.0,10000.0,1666.6666666666667,100.0,30000.0,17,15,2,3977.219999999653,2996022.7799999807,0.0,6628700,0,30357949.79999978,8.432763833333272,3.752579905833306,0.5621842555555515,0.61716,0.13257399999998842,0.8823529411764706,2999999.9999999804,63,2e-06,False
300,1000000,POCOL_DISJOINT_NONCE,FIXED_SLOT_IDLE,H2_FIXED_PER_MINER_HARDWARE,0.1,0.0,False,600.0,10000.0,1666.6666666666667,100.0,30000.0,17,12,5,5569.140000000375,2994430.8600000096,0.0,9281900,0,30501222.599999912,8.472561833333309,3.7702900158333224,0.7060468194444424,0.7136499999999999,0.1856380000000125,0.7058823529411765,3000000.0000000102,64,2e-06,False
300,1000000,POCOL_DISJOINT_NONCE,FIXED_SLOT_IDLE,H2_FIXED_PER_MINER_HARDWARE,0.1,0.0,False,600.0,10000.0,1666.6666666666667,100.0,30000.0,17,17,0,2910.419999999803,2997089.5799999963,0.0,4850700,0,30261937.799999785,8.406093833333273,3.7407117558333063,0.49447610784313367,0.570670588235294,0.09701399999999344,1.0,2999999.9999999963,66,2e-06,False
300,1000000,POCOL_DISJOINT_NONCE,FIXED_SLOT_IDLE,H2_FIXED_PER_MINER_HARDWARE,0.1,0.0,False,600.0,10000.0,1666.6666666666667,100.0,30000.0,17,17,0,4271.399999999638,2995728.600000019,0.0,7119000,0,30384425.999999724,8.440118333333256,3.755852658333299,0.4964775490196033,0.8375294117647056,0.14237999999998793,1.0,3000000.0000000186,65,2e-06,False
300,1000000,POCOL_DISJOINT_NONCE,FIXED_SLOT_IDLE,H2_FIXED_PER_MINER_HARDWARE,0.1,0.0,False,600.0,10000.0,1666.6666666666667,100.0,30000.0,17,16,1,4331.399999999664,2995668.60000001,0.0,7219000,0,30389825.999999896,8.441618333333304,3.7565201583333203,0.5276011458333315,0.7773749999999999,0.1443799999999888,0.9411764705882353,3000000.0000000093,67,2e-06,False
300,1000000,POCOL_DISJOINT_NONCE,FIXED_SLOT_IDLE,H2_FIXED_PER_MINER_HARDWARE,0.1,0.0,False,600.0,10000.0,1666.6666666666667,100.0,30000.0,17,12,5,6828.779999999465,2993171.220000005,0.0,11381300,0,30614590.199999943,8.504052833333317,3.784303510833326,0.708671069444443,1.06355,0.22762599999998215,0.7058823529411765,3000000.000000004,69,2e-06,False
300,1000000,POCOL_DISJOINT_NONCE,FIXED_SLOT_IDLE,H2_FIXED_PER_MINER_HARDWARE,0.1,0.0,False,600.0,10000.0,1666.6666666666667,100.0,30000.0,17,15,2,5272.859999999467,2994727.1399999787,0.0,8788100,0,30474557.4000001,8.465154833333361,3.766993900833346,0.5643436555555574,0.90508,0.17576199999998224,0.8823529411764706,2999999.999999978,78,2e-06,False
300,1000000,POCOL_DISJOINT_NONCE,FIXED_SLOT_IDLE,H2_FIXED_PER_MINER_HARDWARE,0.1,0.0,False,600.0,10000.0,1666.6666666666667,100.0,30000.0,17,10,7,6138.420000000449,2993861.5800000057,0.0,10230700,0,30552457.799999848,8.48679383333329,3.7766232558333144,0.848679383333329,0.6461399999999999,0.20461400000001498,0.5882352941176471,3000000.000000006,71,2e-06,False
300,1000000,POCOL_DISJOINT_NONCE,FIXED_SLOT_IDLE,H2_FIXED_PER_MINER_HARDWARE,0.1,0.0,False,600.0,10000.0,1666.6666666666667,100.0,30000.0,17,15,2,4309.320000000291,2995690.679999988,0.0,7182200,0,30387838.800000217,8.441066333333394,3.7562745183333606,0.5627377555555596,0.69096,0.1436440000000097,0.8823529411764706,2999999.9999999884,74,2e-06,False
300,1000000,POCOL_DISJOINT_NONCE,FIXED_SLOT_IDLE,H2_FIXED_PER_MINER_HARDWARE,0.1,0.0,False,600.0,10000.0,1666.6666666666667,100.0,30000.0,17,13,4,4982.459999999471,2995017.5399999833,0.0,8304100,0,30448421.400000095,8.45789483333336,3.763763200833345,0.6506072948717969,0.6621692307692307,0.16608199999998235,0.7647058823529411,2999999.999999983,68,2e-06,False
300,1000000,POCOL_DISJOINT_NONCE,FIXED_SLOT_IDLE,H2_FIXED_PER_MINER_HARDWARE,0.1,0.0,False,600.0,10000.0,1666.6666666666667,100.0,30000.0,17,16,1,3787.6200000000063,2996212.3799999985,0.0,6312700,0,30340885.799999848,8.428023833333292,3.750470605833315,0.5267514895833307,0.6640875,0.12625400000000023,0.9411764705882353,2999999.9999999986,70,2e-06,False
300,1000000,POCOL_DISJOINT_NONCE,FIXED_SLOT_IDLE,H2_FIXED_PER_MINER_HARDWARE,0.1,0.0,False,600.0,10000.0,1666.6666666666667,100.0,30000.0,17,16,1,2970.4200000001024,2997029.5799999866,0.0,4950700,0,30267337.799999967,8.407593833333324,3.7413792558333294,0.5254746145833328,0.49383750000000004,0.09901400000000342,0.9411764705882353,2999999.9999999865,72,2e-06,False
300,1000000,POCOL_DISJOINT_NONCE,FIXED_SLOT_IDLE,H2_FIXED_PER_MINER_HARDWARE,0.1,0.0,False,600.0,10000.0,1666.6666666666667,100.0,30000.0,17,15,2,3937.980000000371,2996062.02000001,0.0,6563300,0,30354418.199999943,8.431782833333317,3.752143360833326,0.5621188555555545,0.6084399999999998,0.13126600000001237,0.8823529411764706,3000000.0000000102,73,2e-06,False
300,1000000,POCOL_DISJOINT_NONCE,FIXED_SLOT_IDLE,H2_FIXED_PER_MINER_HARDWARE,0.1,0.0,False,600.0,10000.0,1666.6666666666667,100.0,30000.0,17,11,6,6385.859999999868,2993614.1399999973,0.0,10643100,0,30574727.39999983,8.492979833333287,3.779376025833313,0.7720890757575716,0.8442000000000001,0.21286199999999558,0.6470588235294118,2999999.999999997,75,2e-06,False
300,1000000,POCOL_DISJOINT_NONCE,FIXED_SLOT_IDLE,H2_FIXED_PER_MINER_HARDWARE,0.1,0.0,False,600.0,10000.0,1666.6666666666667,100.0,30000.0,17,14,3,4025.6999999997206,2995974.300000003,0.0,6709500,0,30362312.999999896,8.433975833333305,3.7531192458333207,0.6024268452380932,0.5299285714285714,0.13418999999999068,0.8235294117647058,3000000.000000003,76,2e-06,False
300,1000000,POCOL_DISJOINT_NONCE,FIXED_SLOT_IDLE,H2_FIXED_PER_MINER_HARDWARE,0.1,0.0,False,600.0,10000.0,1666.6666666666667,100.0,30000.0,17,17,0,4447.979999999795,2995552.0200000145,0.0,7413300,0,30400318.200000126,8.44453283333337,3.7578171108333493,0.49673722549019816,0.8721529411764706,0.14826599999999318,1.0,3000000.0000000144,77,2e-06,False
300,1000000,POCOL_DISJOINT_NONCE,FIXED_SLOT_IDLE,H2_FIXED_PER_MINER_HARDWARE,0.1,0.0,False,600.0,10000.0,1666.6666666666667,100.0,30000.0,17,14,3,5200.019999999576,2994799.9800000074,0.0,8666700,0,30468001.799999923,8.463333833333312,3.766183555833324,0.6045238452380938,0.8095285714285714,0.17333399999998586,0.8235294117647058,3000000.000000007,79,2e-06,False
300,1000000,POCOL_DISJOINT_NONCE,FIXED_SLOT_IDLE,H2_FIXED_PER_MINER_HARDWARE,0.1,0.0,False,600.0,10000.0,1666.6666666666667,100.0,30000.0,17,15,2,4202.759999999902,2995797.2400000086,0.0,7004600,0,30378248.39999991,8.438402333333308,3.7550890383333217,0.5625601555555538,0.6672800000000001,0.14009199999999675,0.8823529411764706,3000000.0000000084,81,2e-06,False
300,1000000,POCOL_DISJOINT_NONCE,FIXED_SLOT_IDLE,H2_FIXED_PER_MINER_HARDWARE,0.1,0.0,False,600.0,10000.0,1666.6666666666667,100.0,30000.0,17,15,2,5346.119999999926,2994653.880000008,0.0,8910200,0,30481150.800000135,8.46698633333337,3.76780891833335,0.564465755555558,0.92136,0.17820399999999756,0.8823529411764706,3000000.000000008,80,2e-06,False
300,1000000,POCOL_DISJOINT_NONCE,FIXED_SLOT_IDLE,H2_FIXED_PER_MINER_HARDWARE,0.1,0.0,False,600.0,10000.0,1666.6666666666667,100.0,30000.0,17,13,4,4948.97999999959,2995051.0199999944,0.0,8248300,0,30445408.200000122,8.457057833333367,3.7633907358333487,0.6505429102564129,0.6535846153846154,0.16496599999998635,0.7647058823529411,2999999.999999994,82,2e-06,False
300,1000000,POCOL_DISJOINT_NONCE,FIXED_SLOT_IDLE,H2_FIXED_PER_MINER_HARDWARE,0.1,0.0,False,600.0,10000.0,1666.6666666666667,100.0,30000.0,17,14,3,4913.9999999998,2995086.000000007,0.0,8190000,0,30442260.00000021,8.45618333333339,3.763001583333359,0.6040130952380993,0.7414285714285713,0.1637999999999933,0.8235294117647058,3000000.000000007,83,2e-06,False
300,1000000,POCOL_DISJOINT_NONCE,FIXED_SLOT_IDLE,H2_FIXED_PER_MINER_HARDWARE,0.1,0.0,False,600.0,10000.0,1666.6666666666667,100.0,30000.0,17,14,3,5392.799999999581,2994607.2,0.0,8988000,0,30485351.999999814,8.468153333333282,3.7683282333333104,0.6048680952380916,0.8554285714285715,0.17975999999998604,0.8235294117647058,3000000.0,84,2e-06,False
300,1000000,POCOL_DISJOINT_NONCE,FIXED_SLOT_IDLE,H2_FIXED_PER_MINER_HARDWARE,0.1,0.0,False,600.0,10000.0,1666.6666666666667,100.0,30000.0,17,14,3,5041.619999999803,2994958.379999991,0.0,8402700,0,30453745.799999997,8.459373833333332,3.764421355833333,0.6042409880952381,0.7718142857142857,0.16805399999999343,0.8235294117647058,2999999.9999999907,85,2e-06,False
300,1000000,POCOL_DISJOINT_NONCE,FIXED_SLOT_IDLE,H2_FIXED_PER_MINER_HARDWARE,0.1,0.0,False,600.0,10000.0,1666.6666666666667,100.0,30000.0,17,17,0,3063.960000000497,2996936.0399999777,0.0,5106600,0,30275756.400000226,8.409932333333396,3.7424198883333615,0.494701901960788,0.6007764705882354,0.10213200000001657,1.0,2999999.999999978,87,2e-06,False
300,1000000,POCOL_DISJOINT_NONCE,FIXED_SLOT_IDLE,H2_FIXED_PER_MINER_HARDWARE,0.1,0.0,False,600.0,10000.0,1666.6666666666667,100.0,30000.0,17,15,2,3882.5399999995943,2996117.4600000223,0.0,6470900,0,30349428.59999996,8.430396833333322,3.7515265908333286,0.5620264555555549,0.5961200000000001,0.1294179999999865,0.8823529411764706,3000000.000000022,86,2e-06,False
300,1000000,POCOL_DISJOINT_NONCE,FIXED_SLOT_IDLE,H2_FIXED_PER_MINER_HARDWARE,0.1,0.0,False,600.0,10000.0,1666.6666666666667,100.0,30000.0,17,16,1,4314.659999999767,2995685.3399999817,0.0,7191100,0,30388319.39999993,8.441199833333314,3.756333925833325,0.5275749895833322,0.7738875000000001,0.14382199999999223,0.9411764705882353,2999999.9999999814,89,2e-06,False
300,1000000,POCOL_DISJOINT_NONCE,FIXED_SLOT_IDLE,H2_FIXED_PER_MINER_HARDWARE,0.1,0.0,False,600.0,10000.0,1666.6666666666667,100.0,30000.0,17,15,2,3265.860000000443,2996734.1400000127,0.0,5443100,0,30293927.39999996,8.414979833333323,3.744666025833329,0.5609986555555548,0.4590800000000001,0.10886200000001477,0.8823529411764706,3000000.000000013,88,2e-06,False
300,1000000,POCOL_DISJOINT_NONCE,FIXED_SLOT_IDLE,H2_FIXED_PER_MINER_HARDWARE,0.1,0.0,False,600.0,10000.0,1666.6666666666667,100.0,30000.0,17,13,4,5852.219999999916,2994147.780000008,0.0,9753700,0,30526699.800000094,8.47963883333336,3.773439280833345,0.6522799102564123,0.8851846153846152,0.1950739999999972,0.7647058823529411,3000000.000000008,90,2e-06,False
300,1000000,POCOL_DISJOINT_NONCE,FIXED_SLOT_IDLE,H2_FIXED_PER_MINER_HARDWARE,0.1,0.0,False,600.0,10000.0,1666.6666666666667,100.0,30000.0,17,11,6,6011.9999999997835,2993987.999999982,0.0,10020000,0,30541079.99999984,8.48363333333329,3.775216833333314,0.7712393939393899,0.7309090909090908,0.20039999999999278,0.6470588235294118,2999999.999999982,91,2e-06,False
300,1000000,POCOL_DISJOINT_NONCE,FIXED_SLOT_IDLE,H2_FIXED_PER_MINER_HARDWARE,0.1,0.0,False,600.0,10000.0,1666.6666666666667,100.0,30000.0,17,16,1,3832.6200000008544,2996167.379999996,0.0,6387700,0,30344935.800000012,8.429148833333336,3.7509712308333345,0.5268218020833335,0.6734625,0.12775400000002848,0.9411764705882353,2999999.999999997,92,2e-06,False
300,1000000,POCOL_DISJOINT_NONCE,FIXED_SLOT_IDLE,H2_FIXED_PER_MINER_HARDWARE,0.1,0.0,False,600.0,10000.0,1666.6666666666667,100.0,30000.0,17,17,0,3256.5599999995916,2996743.43999998,0.0,5427600,0,30293090.399999794,8.414747333333276,3.7445625633333077,0.49498513725489857,0.6385411764705883,0.10855199999998638,1.0,2999999.9999999795,94,2e-06,False
300,1000000,POCOL_DISJOINT_NONCE,FIXED_SLOT_IDLE,H2_FIXED_PER_MINER_HARDWARE,0.1,0.0,False,600.0,10000.0,1666.6666666666667,100.0,30000.0,17,15,2,4692.1799999993955,2995307.8200000175,0.0,7820300,0,30422296.200000122,8.450637833333367,3.7605338358333484,0.5633758555555578,0.7760400000000001,0.15640599999997984,0.8823529411764706,3000000.0000000168,95,2e-06,False
300,1000000,POCOL_DISJOINT_NONCE,FIXED_SLOT_IDLE,H2_FIXED_PER_MINER_HARDWARE,0.1,0.0,False,600.0,10000.0,1666.6666666666667,100.0,30000.0,17,14,3,4399.5600000000595,2995600.440000018,0.0,7332600,0,30395960.399999857,8.443322333333294,3.7572784383333158,0.6030944523809495,0.618942857142857,0.14665200000000198,0.8235294117647058,3000000.000000018,93,2e-06,False
300,1000000,POCOL_DISJOINT_NONCE,FIXED_SLOT_IDLE,H2_FIXED_PER_MINER_HARDWARE,0.1,0.0,False,600.0,10000.0,1666.6666666666667,100.0,30000.0,17,16,1,3623.1000000002587,2996376.9000000167,0.0,6038500,0,30326079.000000097,8.42391083333336,3.7486403208333456,0.526494427083335,0.6298125,0.12077000000000862,0.9411764705882353,3000000.0000000168,96,2e-06,False
300,1000000,POCOL_DISJOINT_NONCE,FIXED_SLOT_IDLE,H2_FIXED_PER_MINER_HARDWARE,0.1,0.0,False,600.0,10000.0,1666.6666666666667,100.0,30000.0,17,15,2,4390.320000000663,2995609.679999984,0.0,7317200,0,30395128.799999874,8.443091333333298,3.7571756433333174,0.5628727555555532,0.7089599999999999,0.1463440000000221,0.8823529411764706,2999999.9999999846,97,2e-06,False
300,1000000,POCOL_DISJOINT_NONCE,FIXED_SLOT_IDLE,H2_FIXED_PER_MINER_HARDWARE,0.1,0.0,False,600.0,10000.0,1666.6666666666667,100.0,30000.0,17,15,2,3851.7600000001153,2996148.2399999956,0.0,6419600,0,30346658.399999842,8.42962733333329,3.751184163333314,0.5619751555555527,0.58928,0.12839200000000384,0.8823529411764706,2999999.999999996,99,2e-06,False
300,1000000,INDEPENDENT_HEADERS_EQUAL_TOTAL_BUDGET,FIXED_SLOT_IDLE,H2_FIXED_PER_MINER_HARDWARE,0.1,0.0,False,600.0,10000.0,1666.6666666666667,100.0,30000.0,17,15,2,3861.65999999979,2996138.340000004,0.0,6436100,0,30347549.400000136,8.429874833333372,3.7512943008333504,0.5619916555555581,0.59148,0.128721999999993,0.8823529411764706,3000000.0000000037,1,2e-06,False
300,1000000,POCOL_DISJOINT_NONCE,FIXED_SLOT_IDLE,H2_FIXED_PER_MINER_HARDWARE,0.1,0.0,False,600.0,10000.0,1666.6666666666667,100.0,30000.0,17,15,2,3774.0000000002988,2996226.0000000102,0.0,6290000,0,30339660.000000153,8.427683333333375,3.750319083333352,0.5618455555555584,0.572,0.12580000000000996,0.8823529411764706,3000000.0000000107,98,2e-06,False
300,1000000,INDEPENDENT_HEADERS_EQUAL_TOTAL_BUDGET,FIXED_SLOT_IDLE,H2_FIXED_PER_MINER_HARDWARE,0.1,0.0,False,600.0,10000.0,1666.6666666666667,100.0,30000.0,17,13,4,4089.6599999998994,2995910.340000009,0.0,6816100,0,30368069.40000014,8.435574833333373,3.753830800833351,0.6488903717948749,0.43324615384615395,0.13632199999999664,0.7647058823529411,3000000.000000009,0,2e-06,False
300,1000000,INDEPENDENT_HEADERS_EQUAL_TOTAL_BUDGET,FIXED_SLOT_IDLE,H2_FIXED_PER_MINER_HARDWARE,0.1,0.0,False,600.0,10000.0,1666.6666666666667,100.0,30000.0,17,12,5,5330.2800000000525,2994669.7199999844,0.0,8883800,0,30479725.19999983,8.466590333333286,3.7676326983333124,0.7055491944444405,0.6473000000000001,0.17767600000000175,0.7058823529411765,2999999.9999999846,2,2e-06,False
300,1000000,INDEPENDENT_HEADERS_EQUAL_TOTAL_BUDGET,FIXED_SLOT_IDLE,H2_FIXED_PER_MINER_HARDWARE,0.1,0.0,False,600.0,10000.0,1666.6666666666667,100.0,30000.0,17,15,2,3411.659999999446,2996588.340000004,0.0,5686100,0,30307049.400000133,8.41862483333337,3.74628805083335,0.5612416555555579,0.49148000000000003,0.11372199999998153,0.8823529411764706,3000000.0000000033,5,2e-06,False
300,1000000,INDEPENDENT_HEADERS_EQUAL_TOTAL_BUDGET,FIXED_SLOT_IDLE,H2_FIXED_PER_MINER_HARDWARE,0.1,0.0,False,600.0,10000.0,1666.6666666666667,100.0,30000.0,17,17,0,3819.4200000003166,2996180.5800000113,0.0,6365700,0,30343747.80000015,8.428818833333375,3.750824380833352,0.49581287254902207,0.7489058823529412,0.12731400000001056,1.0,3000000.0000000116,8,2e-06,False
300,1000000,INDEPENDENT_HEADERS_EQUAL_TOTAL_BUDGET,FIXED_SLOT_IDLE,H2_FIXED_PER_MINER_HARDWARE,0.1,0.0,False,600.0,10000.0,1666.6666666666667,100.0,30000.0,17,14,3,4550.220000000384,2995449.780000021,0.0,7583700,0,30409519.800000273,8.447088833333408,3.7589545308333667,0.6033634880952434,0.6548142857142858,0.1516740000000128,0.8235294117647058,3000000.0000000214,3,2e-06,False
300,1000000,INDEPENDENT_HEADERS_EQUAL_TOTAL_BUDGET,FIXED_SLOT_IDLE,H2_FIXED_PER_MINER_HARDWARE,0.1,0.0,False,600.0,10000.0,1666.6666666666667,100.0,30000.0,17,12,5,5478.059999999681,2994521.939999985,0.0,9130100,0,30493025.400000192,8.470284833333388,3.7692767508333573,0.7058570694444489,0.6883499999999998,0.18260199999998936,0.7058823529411765,2999999.9999999846,4,2e-06,False
300,1000000,INDEPENDENT_HEADERS_EQUAL_TOTAL_BUDGET,FIXED_SLOT_IDLE,H2_FIXED_PER_MINER_HARDWARE,0.1,0.0,False,600.0,10000.0,1666.6666666666667,100.0,30000.0,17,15,2,4604.339999999591,2995395.6600000025,0.0,7673900,0,30414390.59999977,8.44844183333327,3.759556615833305,0.5632294555555514,0.75652,0.15347799999998635,0.8823529411764706,3000000.000000002,6,2e-06,False
300,1000000,INDEPENDENT_HEADERS_EQUAL_TOTAL_BUDGET,FIXED_SLOT_IDLE,H2_FIXED_PER_MINER_HARDWARE,0.1,0.0,False,600.0,10000.0,1666.6666666666667,100.0,30000.0,17,15,2,3495.5400000001796,2996504.4600000014,0.0,5825900,0,30314598.599999785,8.420721833333273,3.7472212158333065,0.5613814555555515,0.51012,0.11651800000000599,0.8823529411764706,3000000.0000000014,7,2e-06,False
300,1000000,INDEPENDENT_HEADERS_EQUAL_TOTAL_BUDGET,FIXED_SLOT_IDLE,H2_FIXED_PER_MINER_HARDWARE,0.1,0.0,False,600.0,10000.0,1666.6666666666667,100.0,30000.0,17,13,4,4813.619999999514,2995186.3799999957,0.0,8022700,0,30433225.799999863,8.453673833333296,3.761884855833317,0.6502826025640996,0.6188769230769231,0.1604539999999838,0.7647058823529411,2999999.9999999953,12,2e-06,False
300,1000000,INDEPENDENT_HEADERS_EQUAL_TOTAL_BUDGET,FIXED_SLOT_IDLE,H2_FIXED_PER_MINER_HARDWARE,0.1,0.0,False,600.0,10000.0,1666.6666666666667,100.0,30000.0,17,13,4,4296.659999999671,2995703.3400000166,0.0,7161100,0,30386699.399999827,8.440749833333285,3.756133675833312,0.649288448717945,0.4863230769230768,0.14322199999998902,0.7647058823529411,3000000.0000000163,9,2e-06,False
300,1000000,INDEPENDENT_HEADERS_EQUAL_TOTAL_BUDGET,FIXED_SLOT_IDLE,H2_FIXED_PER_MINER_HARDWARE,0.1,0.0,False,600.0,10000.0,1666.6666666666667,100.0,30000.0,17,16,1,3499.2599999999507,2996500.7399999993,0.0,5832100,0,30314933.4000002,8.420814833333388,3.747262600833358,0.5263009270833368,0.6040125,0.11664199999999834,0.9411764705882353,2999999.999999999,10,2e-06,False
300,1000000,INDEPENDENT_HEADERS_EQUAL_TOTAL_BUDGET,FIXED_SLOT_IDLE,H2_FIXED_PER_MINER_HARDWARE,0.1,0.0,False,600.0,10000.0,1666.6666666666667,100.0,30000.0,17,15,2,4049.400000000062,2995950.600000025,0.0,6749000,0,30364445.999999765,8.434568333333267,3.753382908333304,0.5623045555555511,0.6332000000000001,0.13498000000000207,0.8823529411764706,3000000.0000000247,11,2e-06,False
300,1000000,INDEPENDENT_HEADERS_EQUAL_TOTAL_BUDGET,FIXED_SLOT_IDLE,H2_FIXED_PER_MINER_HARDWARE,0.1,0.0,False,600.0,10000.0,1666.6666666666667,100.0,30000.0,17,14,3,4165.560000000138,2995834.440000003,0.0,6942600,0,30374900.40000001,8.437472333333336,3.7546751883333345,0.6026765952380954,0.5632285714285714,0.1388520000000046,0.8235294117647058,3000000.0000000033,13,2e-06,False
300,1000000,INDEPENDENT_HEADERS_EQUAL_TOTAL_BUDGET,FIXED_SLOT_IDLE,H2_FIXED_PER_MINER_HARDWARE,0.1,0.0,False,600.0,10000.0,1666.6666666666667,100.0,30000.0,17,12,5,5012.3999999995685,2994987.600000013,0.0,8354000,0,30451115.99999981,8.458643333333281,3.76409628333331,0.7048869444444401,0.5589999999999999,0.16707999999998563,0.7058823529411765,3000000.0000000126,14,2e-06,False
300,1000000,INDEPENDENT_HEADERS_EQUAL_TOTAL_BUDGET,FIXED_SLOT_IDLE,H2_FIXED_PER_MINER_HARDWARE,0.1,0.0,False,600.0,10000.0,1666.6666666666667,100.0,30000.0,17,13,4,5170.200000000158,2994829.799999997,0.0,8617000,0,30465318.000000224,8.462588333333395,3.7658518083333608,0.650968333333338,0.7103076923076921,0.17234000000000527,0.7647058823529411,2999999.999999997,16,2e-06,False
300,1000000,INDEPENDENT_HEADERS_EQUAL_TOTAL_BUDGET,FIXED_SLOT_IDLE,H2_FIXED_PER_MINER_HARDWARE,0.1,0.0,False,600.0,10000.0,1666.6666666666667,100.0,30000.0,17,15,2,5020.680000000358,2994979.3199999984,0.0,8367800,0,30451861.200000204,8.45885033333339,3.764188398333358,0.5639233555555593,0.8490400000000001,0.16735600000001194,0.8823529411764706,2999999.9999999986,15,2e-06,False
300,1000000,INDEPENDENT_HEADERS_EQUAL_TOTAL_BUDGET,FIXED_SLOT_IDLE,H2_FIXED_PER_MINER_HARDWARE,0.1,0.0,False,600.0,10000.0,1666.6666666666667,100.0,30000.0,17,15,2,4735.560000000286,2995264.4399999967,0.0,7892600,0,30426200.39999988,8.451722333333299,3.7610164383333182,0.5634481555555533,0.78568,0.15785200000000954,0.8823529411764706,2999999.9999999967,17,2e-06,False
300,1000000,INDEPENDENT_HEADERS_EQUAL_TOTAL_BUDGET,FIXED_SLOT_IDLE,H2_FIXED_PER_MINER_HARDWARE,0.1,0.0,False,600.0,10000.0,1666.6666666666667,100.0,30000.0,17,13,4,5349.480000000407,2994650.5199999786,0.0,8915800,0,30481453.19999998,8.467070333333329,3.7678462983333314,0.6513131025641022,0.756276923076923,0.17831600000001357,0.7647058823529411,2999999.999999979,18,2e-06,False
300,1000000,INDEPENDENT_HEADERS_EQUAL_TOTAL_BUDGET,FIXED_SLOT_IDLE,H2_FIXED_PER_MINER_HARDWARE,0.1,0.0,False,600.0,10000.0,1666.6666666666667,100.0,30000.0,17,14,3,4456.2599999999065,2995543.7399999937,0.0,7427100,0,30401063.400000047,8.444739833333346,3.757909225833339,0.6031957023809532,0.6324428571428572,0.14854199999999687,0.8235294117647058,2999999.9999999935,19,2e-06,False
300,1000000,INDEPENDENT_HEADERS_EQUAL_TOTAL_BUDGET,FIXED_SLOT_IDLE,H2_FIXED_PER_MINER_HARDWARE,0.1,0.0,False,600.0,10000.0,1666.6666666666667,100.0,30000.0,17,15,2,5462.579999999969,2994537.419999978,0.0,9104300,0,30491632.200000238,8.4698978333334,3.769104535833363,0.56465985555556,0.94724,0.18208599999999894,0.8823529411764706,2999999.999999978,20,2e-06,False
300,1000000,INDEPENDENT_HEADERS_EQUAL_TOTAL_BUDGET,FIXED_SLOT_IDLE,H2_FIXED_PER_MINER_HARDWARE,0.1,0.0,False,600.0,10000.0,1666.6666666666667,100.0,30000.0,17,15,2,3959.399999999885,2996040.599999985,0.0,6599000,0,30356345.99999976,8.432318333333267,3.752381658333304,0.5621545555555512,0.6131999999999999,0.13197999999999616,0.8823529411764706,2999999.999999985,21,2e-06,False
300,1000000,INDEPENDENT_HEADERS_EQUAL_TOTAL_BUDGET,FIXED_SLOT_IDLE,H2_FIXED_PER_MINER_HARDWARE,0.1,0.0,False,600.0,10000.0,1666.6666666666667,100.0,30000.0,17,14,3,4816.6199999999435,2995183.379999991,0.0,8027700,0,30433495.799999997,8.453748833333332,3.761918230833333,0.6038392023809523,0.7182428571428572,0.16055399999999811,0.8235294117647058,2999999.999999991,23,2e-06,False
300,1000000,INDEPENDENT_HEADERS_EQUAL_TOTAL_BUDGET,FIXED_SLOT_IDLE,H2_FIXED_PER_MINER_HARDWARE,0.1,0.0,False,600.0,10000.0,1666.6666666666667,100.0,30000.0,17,16,1,3763.6800000002586,2996236.319999992,0.0,6272800,0,30338731.19999988,8.4274253333333,3.7502042733333187,0.5267140833333313,0.6590999999999999,0.12545600000000862,0.9411764705882353,2999999.999999992,22,2e-06,False
300,1000000,INDEPENDENT_HEADERS_EQUAL_TOTAL_BUDGET,FIXED_SLOT_IDLE,H2_FIXED_PER_MINER_HARDWARE,0.1,0.0,False,600.0,10000.0,1666.6666666666667,100.0,30000.0,17,15,2,4302.120000000058,2995697.880000003,0.0,7170200,0,30387190.800000172,8.440886333333381,3.756194418333355,0.5627257555555587,0.68936,0.14340400000000195,0.8823529411764706,3000000.0000000033,24,2e-06,False
300,1000000,INDEPENDENT_HEADERS_EQUAL_TOTAL_BUDGET,FIXED_SLOT_IDLE,H2_FIXED_PER_MINER_HARDWARE,0.1,0.0,False,600.0,10000.0,1666.6666666666667,100.0,30000.0,17,13,4,5084.699999999824,2994915.300000004,0.0,8474500,0,30457622.999999877,8.460450833333299,3.764900620833318,0.6508039102564076,0.6883846153846153,0.16948999999999415,0.7647058823529411,3000000.0000000037,25,2e-06,False
300,1000000,INDEPENDENT_HEADERS_EQUAL_TOTAL_BUDGET,FIXED_SLOT_IDLE,H2_FIXED_PER_MINER_HARDWARE,0.1,0.0,False,600.0,10000.0,1666.6666666666667,100.0,30000.0,17,15,2,4085.579999999717,2995914.420000018,0.0,6809300,0,30367702.200000048,8.435472833333346,3.753785410833339,0.5623648555555564,0.6412399999999998,0.13618599999999056,0.8823529411764706,3000000.0000000177,26,2e-06,False
300,1000000,INDEPENDENT_HEADERS_EQUAL_TOTAL_BUDGET,FIXED_SLOT_IDLE,H2_FIXED_PER_MINER_HARDWARE,0.1,0.0,False,600.0,10000.0,1666.6666666666667,100.0,30000.0,17,12,5,5410.020000000097,2994589.9800000153,0.0,9016700,0,30486901.800000113,8.468583833333364,3.768519805833347,0.705715319444447,0.66945,0.18033400000000321,0.7058823529411765,3000000.0000000154,29,2e-06,False
300,1000000,INDEPENDENT_HEADERS_EQUAL_TOTAL_BUDGET,FIXED_SLOT_IDLE,H2_FIXED_PER_MINER_HARDWARE,0.1,0.0,False,600.0,10000.0,1666.6666666666667,100.0,30000.0,17,14,3,4880.1600000003,2995119.8399999817,0.0,8133600,0,30439214.399999935,8.455337333333315,3.7626251133333253,0.6039526666666654,0.7333714285714287,0.16267200000001,0.8235294117647058,2999999.999999982,27,2e-06,False
300,1000000,INDEPENDENT_HEADERS_EQUAL_TOTAL_BUDGET,FIXED_SLOT_IDLE,H2_FIXED_PER_MINER_HARDWARE,0.1,0.0,False,600.0,10000.0,1666.6666666666667,100.0,30000.0,17,15,2,5307.7799999996405,2994692.2200000137,0.0,8846300,0,30477700.20000005,8.466027833333348,3.76738238583334,0.5644018555555566,0.9128399999999999,0.176925999999988,0.8823529411764706,3000000.0000000135,28,2e-06,False
300,1000000,INDEPENDENT_HEADERS_EQUAL_TOTAL_BUDGET,FIXED_SLOT_IDLE,H2_FIXED_PER_MINER_HARDWARE,0.1,0.0,False,600.0,10000.0,1666.6666666666667,100.0,30000.0,17,14,3,4410.1800000007515,2995589.819999987,0.0,7350300,0,30396916.200000044,8.443587833333346,3.757396585833339,0.6031134166666676,0.6214714285714286,0.14700600000002506,0.8235294117647058,2999999.9999999874,31,2e-06,False
300,1000000,INDEPENDENT_HEADERS_EQUAL_TOTAL_BUDGET,FIXED_SLOT_IDLE,H2_FIXED_PER_MINER_HARDWARE,0.1,0.0,False,600.0,10000.0,1666.6666666666667,100.0,30000.0,17,12,5,5160.719999999857,2994839.279999996,0.0,8601200,0,30464464.799999774,8.46235133333327,3.7657463433333054,0.7051959444444392,0.6002,0.17202399999999524,0.7058823529411765,2999999.999999996,30,2e-06,False
300,1000000,INDEPENDENT_HEADERS_EQUAL_TOTAL_BUDGET,FIXED_SLOT_IDLE,H2_FIXED_PER_MINER_HARDWARE,0.1,0.0,False,600.0,10000.0,1666.6666666666667,100.0,30000.0,17,14,3,3326.3999999996463,2996673.599999984,0.0,5544000,0,30299376.000000052,8.416493333333348,3.7453395333333397,0.6011780952380963,0.36342857142857143,0.1108799999999882,0.8235294117647058,2999999.9999999832,32,2e-06,False
300,1000000,INDEPENDENT_HEADERS_EQUAL_TOTAL_BUDGET,FIXED_SLOT_IDLE,H2_FIXED_PER_MINER_HARDWARE,0.1,0.0,False,600.0,10000.0,1666.6666666666667,100.0,30000.0,17,16,1,4028.100000000205,2995971.8999999953,0.0,6713500,0,30362529.000000097,8.43403583333336,3.753145945833345,0.527127239583335,0.7141874999999999,0.13427000000000683,0.9411764705882353,2999999.9999999953,33,2e-06,False
300,1000000,INDEPENDENT_HEADERS_EQUAL_TOTAL_BUDGET,FIXED_SLOT_IDLE,H2_FIXED_PER_MINER_HARDWARE,0.1,0.0,False,600.0,10000.0,1666.6666666666667,100.0,30000.0,17,15,2,4617.479999999652,2995382.520000008,0.0,7695800,0,30415573.200000092,8.448770333333359,3.7597027983333446,0.5632513555555573,0.7594400000000001,0.1539159999999884,0.8823529411764706,3000000.0000000075,38,2e-06,False
300,1000000,INDEPENDENT_HEADERS_EQUAL_TOTAL_BUDGET,FIXED_SLOT_IDLE,H2_FIXED_PER_MINER_HARDWARE,0.1,0.0,False,600.0,10000.0,1666.6666666666667,100.0,30000.0,17,16,1,3573.9599999999004,2996426.0399999926,0.0,5956600,0,30321656.40000024,8.4226823333334,3.748093638333363,0.5264176458333375,0.619575,0.11913199999999668,0.9411764705882353,2999999.9999999925,34,2e-06,False
300,1000000,INDEPENDENT_HEADERS_EQUAL_TOTAL_BUDGET,FIXED_SLOT_IDLE,H2_FIXED_PER_MINER_HARDWARE,0.1,0.0,False,600.0,10000.0,1666.6666666666667,100.0,30000.0,17,15,2,5796.479999999818,2994203.520000003,0.0,9660800,0,30521683.199999966,8.478245333333323,3.7728191733333287,0.5652163555555548,1.0214399999999997,0.19321599999999392,0.8823529411764706,3000000.000000003,35,2e-06,False
300,1000000,INDEPENDENT_HEADERS_EQUAL_TOTAL_BUDGET,FIXED_SLOT_IDLE,H2_FIXED_PER_MINER_HARDWARE,0.1,0.0,False,600.0,10000.0,1666.6666666666667,100.0,30000.0,17,14,3,4531.4999999995935,2995468.4999999856,0.0,7552500,0,30407835.000000197,8.446620833333387,3.7587462708333574,0.6033300595238134,0.6503571428571429,0.15104999999998645,0.8235294117647058,2999999.999999985,36,2e-06,False
300,1000000,INDEPENDENT_HEADERS_EQUAL_TOTAL_BUDGET,FIXED_SLOT_IDLE,H2_FIXED_PER_MINER_HARDWARE,0.1,0.0,False,600.0,10000.0,1666.6666666666667,100.0,30000.0,17,17,0,3215.340000000095,2996784.659999983,0.0,5358900,0,30289380.600000236,8.4137168333334,3.744103990833363,0.49492451960784706,0.6304588235294117,0.10717800000000319,1.0,2999999.9999999832,37,2e-06,False
300,1000000,INDEPENDENT_HEADERS_EQUAL_TOTAL_BUDGET,FIXED_SLOT_IDLE,H2_FIXED_PER_MINER_HARDWARE,0.1,0.0,False,600.0,10000.0,1666.6666666666667,100.0,30000.0,17,15,2,4095.2999999998337,2995904.7000000114,0.0,6825500,0,30368577.00000015,8.435715833333374,3.7538935458333516,0.5623810555555583,0.6433999999999999,0.13650999999999444,0.8823529411764706,3000000.000000011,39,2e-06,False
300,1000000,INDEPENDENT_HEADERS_EQUAL_TOTAL_BUDGET,FIXED_SLOT_IDLE,H2_FIXED_PER_MINER_HARDWARE,0.1,0.0,False,600.0,10000.0,1666.6666666666667,100.0,30000.0,17,13,4,5084.519999999861,2994915.479999988,0.0,8474200,0,30457606.799999744,8.460446333333262,3.764898618333302,0.6508035641025587,0.6883384615384613,0.1694839999999954,0.7647058823529411,2999999.999999988,40,2e-06,False
300,1000000,INDEPENDENT_HEADERS_EQUAL_TOTAL_BUDGET,FIXED_SLOT_IDLE,H2_FIXED_PER_MINER_HARDWARE,0.1,0.0,False,600.0,10000.0,1666.6666666666667,100.0,30000.0,17,15,2,5074.319999999885,2994925.6799999983,0.0,8457200,0,30456688.800000206,8.460191333333391,3.7647851433333592,0.5640127555555594,0.86096,0.1691439999999962,0.8823529411764706,2999999.999999998,41,2e-06,False
300,1000000,INDEPENDENT_HEADERS_EQUAL_TOTAL_BUDGET,FIXED_SLOT_IDLE,H2_FIXED_PER_MINER_HARDWARE,0.1,0.0,False,600.0,10000.0,1666.6666666666667,100.0,30000.0,17,15,2,5321.280000000123,2994678.720000001,0.0,8868800,0,30478915.200000133,8.46636533333337,3.7675325733333493,0.5644243555555579,0.91584,0.1773760000000041,0.8823529411764706,3000000.0000000014,42,2e-06,False
300,1000000,INDEPENDENT_HEADERS_EQUAL_TOTAL_BUDGET,FIXED_SLOT_IDLE,H2_FIXED_PER_MINER_HARDWARE,0.1,0.0,False,600.0,10000.0,1666.6666666666667,100.0,30000.0,17,15,2,5149.200000000043,2994850.799999981,0.0,8582000,0,30463427.999999914,8.46206333333331,3.765618183333323,0.564137555555554,0.8775999999999998,0.1716400000000014,0.8823529411764706,2999999.9999999814,43,2e-06,False
300,1000000,INDEPENDENT_HEADERS_EQUAL_TOTAL_BUDGET,FIXED_SLOT_IDLE,H2_FIXED_PER_MINER_HARDWARE,0.1,0.0,False,600.0,10000.0,1666.6666666666667,100.0,30000.0,17,16,1,3641.9999999993106,2996357.999999998,0.0,6070000,0,30327779.999999817,8.424383333333283,3.748850583333311,0.5265239583333302,0.6337499999999998,0.12139999999997703,0.9411764705882353,2999999.9999999977,44,2e-06,False
300,1000000,INDEPENDENT_HEADERS_EQUAL_TOTAL_BUDGET,FIXED_SLOT_IDLE,H2_FIXED_PER_MINER_HARDWARE,0.1,0.0,False,600.0,10000.0,1666.6666666666667,100.0,30000.0,17,15,2,4629.360000000035,2995370.6399999824,0.0,7715600,0,30416642.399999987,8.44906733333333,3.759834963333332,0.5632711555555553,0.76208,0.15431200000000117,0.8823529411764706,2999999.9999999823,45,2e-06,False
300,1000000,INDEPENDENT_HEADERS_EQUAL_TOTAL_BUDGET,FIXED_SLOT_IDLE,H2_FIXED_PER_MINER_HARDWARE,0.1,0.0,False,600.0,10000.0,1666.6666666666667,100.0,30000.0,17,14,3,4357.259999999484,2995642.740000007,0.0,7262100,0,30392153.39999973,8.442264833333258,3.7568078508333,0.6030189166666613,0.6088714285714285,0.1452419999999828,0.8235294117647058,3000000.0000000065,46,2e-06,False
300,1000000,INDEPENDENT_HEADERS_EQUAL_TOTAL_BUDGET,FIXED_SLOT_IDLE,H2_FIXED_PER_MINER_HARDWARE,0.1,0.0,False,600.0,10000.0,1666.6666666666667,100.0,30000.0,17,16,1,4014.2400000000443,2995985.760000017,0.0,6690400,0,30361281.600000147,8.433689333333374,3.752991753333352,0.5271055833333359,0.7113,0.13380800000000148,0.9411764705882353,3000000.000000017,47,2e-06,False
300,1000000,INDEPENDENT_HEADERS_EQUAL_TOTAL_BUDGET,FIXED_SLOT_IDLE,H2_FIXED_PER_MINER_HARDWARE,0.1,0.0,False,600.0,10000.0,1666.6666666666667,100.0,30000.0,17,15,2,3193.680000000278,2996806.319999997,0.0,5322800,0,30287431.20000001,8.413175333333337,3.743863023333335,0.5608783555555558,0.4430399999999999,0.10645600000000928,0.8823529411764706,2999999.999999997,48,2e-06,False
300,1000000,INDEPENDENT_HEADERS_EQUAL_TOTAL_BUDGET,FIXED_SLOT_IDLE,H2_FIXED_PER_MINER_HARDWARE,0.1,0.0,False,600.0,10000.0,1666.6666666666667,100.0,30000.0,17,16,1,4097.940000000823,2995902.060000018,0.0,6829900,0,30368814.600000035,8.435781833333342,3.7539229158333374,0.5272363645833339,0.7287374999999999,0.13659800000002742,0.9411764705882353,3000000.000000019,49,2e-06,False
300,1000000,INDEPENDENT_HEADERS_EQUAL_TOTAL_BUDGET,FIXED_SLOT_IDLE,H2_FIXED_PER_MINER_HARDWARE,0.1,0.0,False,600.0,10000.0,1666.6666666666667,100.0,30000.0,17,14,3,4919.039999999978,2995080.960000004,0.0,8198400,0,30442713.59999999,8.45630933333333,3.7630576533333318,0.604022095238095,0.7426285714285713,0.16396799999999925,0.8235294117647058,3000000.000000004,50,2e-06,False
300,1000000,INDEPENDENT_HEADERS_EQUAL_TOTAL_BUDGET,FIXED_SLOT_IDLE,H2_FIXED_PER_MINER_HARDWARE,0.1,0.0,False,600.0,10000.0,1666.6666666666667,100.0,30000.0,17,15,2,2916.480000000001,2997083.519999995,0.0,4860800,0,30262483.19999998,8.406245333333327,3.7407791733333307,0.5604163555555551,0.38143999999999995,0.09721600000000004,0.8823529411764706,2999999.999999995,51,2e-06,False
300,1000000,INDEPENDENT_HEADERS_EQUAL_TOTAL_BUDGET,FIXED_SLOT_IDLE,H2_FIXED_PER_MINER_HARDWARE,0.1,0.0,False,600.0,10000.0,1666.6666666666667,100.0,30000.0,17,16,1,4995.060000000357,2995004.940000016,0.0,8325100,0,30449555.400000013,8.458209833333337,3.7639033758333347,0.5286381145833335,0.9156374999999999,0.1665020000000119,0.9411764705882353,3000000.0000000163,52,2e-06,False
300,1000000,INDEPENDENT_HEADERS_EQUAL_TOTAL_BUDGET,FIXED_SLOT_IDLE,H2_FIXED_PER_MINER_HARDWARE,0.1,0.0,False,600.0,10000.0,1666.6666666666667,100.0,30000.0,17,17,0,3209.219999999457,2996790.780000013,0.0,5348700,0,30288829.799999904,8.413563833333306,3.7440359058333215,0.4949155196078415,0.6292588235294118,0.1069739999999819,1.0,3000000.000000012,53,2e-06,False
300,1000000,INDEPENDENT_HEADERS_EQUAL_TOTAL_BUDGET,FIXED_SLOT_IDLE,H2_FIXED_PER_MINER_HARDWARE,0.1,0.0,False,600.0,10000.0,1666.6666666666667,100.0,30000.0,17,16,1,4974.719999999981,2995025.27999999,0.0,8291200,0,30447724.799999736,8.45770133333326,3.7636770933333006,0.5286063333333287,0.9114,0.1658239999999994,0.9411764705882353,2999999.99999999,54,2e-06,False
300,1000000,INDEPENDENT_HEADERS_EQUAL_TOTAL_BUDGET,FIXED_SLOT_IDLE,H2_FIXED_PER_MINER_HARDWARE,0.1,0.0,False,600.0,10000.0,1666.6666666666667,100.0,30000.0,17,16,1,3794.9999999998277,2996205.0000000168,0.0,6325000,0,30341550.000000168,8.42820833333338,3.750552708333354,0.5267630208333363,0.6656249999999999,0.12649999999999426,0.9411764705882353,3000000.0000000168,55,2e-06,False
300,1000000,INDEPENDENT_HEADERS_EQUAL_TOTAL_BUDGET,FIXED_SLOT_IDLE,H2_FIXED_PER_MINER_HARDWARE,0.1,0.0,False,600.0,10000.0,1666.6666666666667,100.0,30000.0,17,13,4,5348.579999999467,2994651.4199999846,0.0,8914300,0,30481372.20000008,8.467047833333355,3.767836285833343,0.6513113717948735,0.7560461538461538,0.17828599999998224,0.7647058823529411,2999999.999999984,56,2e-06,False
300,1000000,INDEPENDENT_HEADERS_EQUAL_TOTAL_BUDGET,FIXED_SLOT_IDLE,H2_FIXED_PER_MINER_HARDWARE,0.1,0.0,False,600.0,10000.0,1666.6666666666667,100.0,30000.0,17,16,1,4436.33999999972,2995563.6600000164,0.0,7393900,0,30399270.599999912,8.44424183333331,3.757687615833323,0.5277651145833319,0.7992375,0.14787799999999066,0.9411764705882353,3000000.0000000163,57,2e-06,False
300,1000000,INDEPENDENT_HEADERS_EQUAL_TOTAL_BUDGET,FIXED_SLOT_IDLE,H2_FIXED_PER_MINER_HARDWARE,0.1,0.0,False,600.0,10000.0,1666.6666666666667,100.0,30000.0,17,12,5,5846.879999998975,2994153.120000015,0.0,9744800,0,30526219.19999987,8.479505333333297,3.773379873333317,0.7066254444444414,0.7908,0.19489599999996585,0.7058823529411765,3000000.000000014,58,2e-06,False
300,1000000,INDEPENDENT_HEADERS_EQUAL_TOTAL_BUDGET,FIXED_SLOT_IDLE,H2_FIXED_PER_MINER_HARDWARE,0.1,0.0,False,600.0,10000.0,1666.6666666666667,100.0,30000.0,17,13,4,4733.700000000009,2995266.299999986,0.0,7889500,0,30426032.999999885,8.4516758333333,3.760995745833319,0.6501289102564077,0.5983846153846154,0.1577900000000003,0.7647058823529411,2999999.999999986,61,2e-06,False
300,1000000,INDEPENDENT_HEADERS_EQUAL_TOTAL_BUDGET,FIXED_SLOT_IDLE,H2_FIXED_PER_MINER_HARDWARE,0.1,0.0,False,600.0,10000.0,1666.6666666666667,100.0,30000.0,17,13,4,5422.199999999727,2994577.800000004,0.0,9037000,0,30487997.999999877,8.468888333333298,3.768655308333318,0.651452948717946,0.7749230769230768,0.18073999999999088,0.7647058823529411,3000000.0000000037,60,2e-06,False
300,1000000,INDEPENDENT_HEADERS_EQUAL_TOTAL_BUDGET,FIXED_SLOT_IDLE,H2_FIXED_PER_MINER_HARDWARE,0.1,0.0,False,600.0,10000.0,1666.6666666666667,100.0,30000.0,17,13,4,5068.499999999764,2994931.500000005,0.0,8447500,0,30456165.00000003,8.460045833333341,3.764720395833337,0.650772756410257,0.6842307692307691,0.16894999999999213,0.7647058823529411,3000000.0000000047,59,2e-06,False
300,1000000,INDEPENDENT_HEADERS_EQUAL_TOTAL_BUDGET,FIXED_SLOT_IDLE,H2_FIXED_PER_MINER_HARDWARE,0.1,0.0,False,600.0,10000.0,1666.6666666666667,100.0,30000.0,17,12,5,5373.119999999874,2994626.8800000194,0.0,8955200,0,30483580.800000187,8.467661333333385,3.7681092933333566,0.7056384444444488,0.6592,0.17910399999999582,0.7058823529411765,3000000.000000019,62,2e-06,False
300,1000000,INDEPENDENT_HEADERS_EQUAL_TOTAL_BUDGET,FIXED_SLOT_IDLE,H2_FIXED_PER_MINER_HARDWARE,0.1,0.0,False,600.0,10000.0,1666.6666666666667,100.0,30000.0,17,13,4,5722.800000000257,2994277.200000007,0.0,9538000,0,30515051.999999844,8.47640333333329,3.771999483333314,0.6520310256410222,0.8520000000000001,0.19076000000000853,0.7647058823529411,3000000.0000000075,63,2e-06,False
300,1000000,INDEPENDENT_HEADERS_EQUAL_TOTAL_BUDGET,FIXED_SLOT_IDLE,H2_FIXED_PER_MINER_HARDWARE,0.1,0.0,False,600.0,10000.0,1666.6666666666667,100.0,30000.0,17,14,3,5068.439999999508,2994931.5600000056,0.0,8447400,0,30456159.60000002,8.46004433333334,3.7647197283333362,0.6042888809523814,0.7782,0.16894799999998358,0.8235294117647058,3000000.000000005,64,2e-06,False
300,1000000,INDEPENDENT_HEADERS_EQUAL_TOTAL_BUDGET,FIXED_SLOT_IDLE,H2_FIXED_PER_MINER_HARDWARE,0.1,0.0,False,600.0,10000.0,1666.6666666666667,100.0,30000.0,17,14,3,4910.5800000002755,2995089.4200000186,0.0,8184300,0,30441952.200000074,8.456097833333354,3.7629635358333426,0.6040069880952396,0.7406142857142857,0.16368600000000919,0.8235294117647058,3000000.0000000186,66,2e-06,False
300,1000000,INDEPENDENT_HEADERS_EQUAL_TOTAL_BUDGET,FIXED_SLOT_IDLE,H2_FIXED_PER_MINER_HARDWARE,0.1,0.0,False,600.0,10000.0,1666.6666666666667,100.0,30000.0,17,14,3,5492.340000000005,2994507.659999993,0.0,9153900,0,30494310.599999793,8.470641833333275,3.7694356158333076,0.605045845238091,0.8791285714285715,0.18307800000000016,0.8235294117647058,2999999.999999993,65,2e-06,False
300,1000000,INDEPENDENT_HEADERS_EQUAL_TOTAL_BUDGET,FIXED_SLOT_IDLE,H2_FIXED_PER_MINER_HARDWARE,0.1,0.0,False,600.0,10000.0,1666.6666666666667,100.0,30000.0,17,15,2,4058.040000000346,2995941.9600000014,0.0,6763400,0,30365223.599999815,8.434784333333281,3.7534790283333104,0.5623189555555521,0.63512,0.13526800000001152,0.8823529411764706,3000000.000000002,67,2e-06,False
300,1000000,INDEPENDENT_HEADERS_EQUAL_TOTAL_BUDGET,FIXED_SLOT_IDLE,H2_FIXED_PER_MINER_HARDWARE,0.1,0.0,False,600.0,10000.0,1666.6666666666667,100.0,30000.0,17,17,0,2698.5600000007194,2997301.44000002,0.0,4497600,0,30242870.400000006,8.400797333333335,3.738354813333334,0.49416454901960793,0.5291294117647058,0.08995200000002398,1.0,3000000.0000000205,68,2e-06,False
300,1000000,INDEPENDENT_HEADERS_EQUAL_TOTAL_BUDGET,FIXED_SLOT_IDLE,H2_FIXED_PER_MINER_HARDWARE,0.1,0.0,False,600.0,10000.0,1666.6666666666667,100.0,30000.0,17,17,0,3747.4200000002015,2996252.5799999875,0.0,6245700,0,30337267.799999952,8.427018833333321,3.7500233808333276,0.4957069901960777,0.7347882352941176,0.12491400000000671,1.0,2999999.999999988,69,2e-06,False
300,1000000,INDEPENDENT_HEADERS_EQUAL_TOTAL_BUDGET,FIXED_SLOT_IDLE,H2_FIXED_PER_MINER_HARDWARE,0.1,0.0,False,600.0,10000.0,1666.6666666666667,100.0,30000.0,17,14,3,5115.059999999658,2994884.939999995,0.0,8525100,0,30460355.4000002,8.461209833333388,3.765238375833358,0.6043721309523848,0.7892999999999999,0.1705019999999886,0.8235294117647058,2999999.9999999944,73,2e-06,False
300,1000000,INDEPENDENT_HEADERS_EQUAL_TOTAL_BUDGET,FIXED_SLOT_IDLE,H2_FIXED_PER_MINER_HARDWARE,0.1,0.0,False,600.0,10000.0,1666.6666666666667,100.0,30000.0,17,16,1,3578.2800000005896,2996421.720000015,0.0,5963800,0,30322045.20000027,8.422790333333408,3.7481416983333666,0.526424395833338,0.6204749999999999,0.11927600000001966,0.9411764705882353,3000000.000000016,75,2e-06,False
300,1000000,INDEPENDENT_HEADERS_EQUAL_TOTAL_BUDGET,FIXED_SLOT_IDLE,H2_FIXED_PER_MINER_HARDWARE,0.1,0.0,False,600.0,10000.0,1666.6666666666667,100.0,30000.0,17,15,2,5154.779999999897,2994845.219999995,0.0,8591300,0,30463930.199999746,8.462202833333263,3.765680260833302,0.5641468555555509,0.87884,0.17182599999999656,0.8823529411764706,2999999.999999995,71,2e-06,False
300,1000000,INDEPENDENT_HEADERS_EQUAL_TOTAL_BUDGET,FIXED_SLOT_IDLE,H2_FIXED_PER_MINER_HARDWARE,0.1,0.0,False,600.0,10000.0,1666.6666666666667,100.0,30000.0,17,15,2,5129.399999999476,2994870.600000003,0.0,8549000,0,30461645.999999728,8.461568333333258,3.7653979083333,0.5641045555555505,0.8732,0.1709799999999825,0.8823529411764706,3000000.0000000023,72,2e-06,False
300,1000000,INDEPENDENT_HEADERS_EQUAL_TOTAL_BUDGET,FIXED_SLOT_IDLE,H2_FIXED_PER_MINER_HARDWARE,0.1,0.0,False,600.0,10000.0,1666.6666666666667,100.0,30000.0,17,15,2,4049.9400000005867,2995950.059999981,0.0,6749900,0,30364494.599999867,8.434581833333297,3.7533889158333174,0.5623054555555531,0.6333199999999999,0.13499800000001955,0.8823529411764706,2999999.9999999814,70,2e-06,False
300,1000000,INDEPENDENT_HEADERS_EQUAL_TOTAL_BUDGET,FIXED_SLOT_IDLE,H2_FIXED_PER_MINER_HARDWARE,0.1,0.0,False,600.0,10000.0,1666.6666666666667,100.0,30000.0,17,14,3,4944.419999999992,2995055.5799999973,0.0,8240700,0,30444997.799999993,8.456943833333332,3.763340005833333,0.6040674166666665,0.7486714285714285,0.16481399999999974,0.8235294117647058,2999999.999999997,74,2e-06,False
300,1000000,INDEPENDENT_HEADERS_EQUAL_TOTAL_BUDGET,FIXED_SLOT_IDLE,H2_FIXED_PER_MINER_HARDWARE,0.1,0.0,False,600.0,10000.0,1666.6666666666667,100.0,30000.0,17,13,4,5353.439999999988,2994646.5599999907,0.0,8922400,0,30481809.60000019,8.467169333333386,3.7678903533333568,0.651320717948722,0.7572923076923078,0.1784479999999996,0.7647058823529411,2999999.9999999907,76,2e-06,False
300,1000000,INDEPENDENT_HEADERS_EQUAL_TOTAL_BUDGET,FIXED_SLOT_IDLE,H2_FIXED_PER_MINER_HARDWARE,0.1,0.0,False,600.0,10000.0,1666.6666666666667,100.0,30000.0,17,12,5,6060.540000000333,2993939.4599999795,0.0,10100900,0,30545448.600000143,8.484846833333373,3.7757568408333513,0.7070705694444478,0.8501499999999999,0.2020180000000111,0.7058823529411765,2999999.99999998,77,2e-06,False
300,1000000,INDEPENDENT_HEADERS_EQUAL_TOTAL_BUDGET,FIXED_SLOT_IDLE,H2_FIXED_PER_MINER_HARDWARE,0.1,0.0,False,600.0,10000.0,1666.6666666666667,100.0,30000.0,17,14,3,4974.8400000001975,2995025.1599999876,0.0,8291400,0,30447735.599999793,8.457704333333275,3.7636784283333076,0.604121738095234,0.7559142857142856,0.16582800000000658,0.8235294117647058,2999999.999999988,78,2e-06,False
300,1000000,INDEPENDENT_HEADERS_EQUAL_TOTAL_BUDGET,FIXED_SLOT_IDLE,H2_FIXED_PER_MINER_HARDWARE,0.1,0.0,False,600.0,10000.0,1666.6666666666667,100.0,30000.0,17,16,1,3633.00000000004,2996366.9999999832,0.0,6055000,0,30326969.999999866,8.424158333333295,3.7487504583333164,0.526509895833331,0.631875,0.12110000000000135,0.9411764705882353,2999999.9999999832,79,2e-06,False
300,1000000,INDEPENDENT_HEADERS_EQUAL_TOTAL_BUDGET,FIXED_SLOT_IDLE,H2_FIXED_PER_MINER_HARDWARE,0.1,0.0,False,600.0,10000.0,1666.6666666666667,100.0,30000.0,17,16,1,3967.440000000395,2996032.560000008,0.0,6612400,0,30357069.600000188,8.432519333333385,3.7524711033333564,0.5270324583333366,0.7015499999999999,0.13224800000001316,0.9411764705882353,3000000.0000000084,81,2e-06,False
300,1000000,INDEPENDENT_HEADERS_EQUAL_TOTAL_BUDGET,FIXED_SLOT_IDLE,H2_FIXED_PER_MINER_HARDWARE,0.1,0.0,False,600.0,10000.0,1666.6666666666667,100.0,30000.0,17,13,4,5105.219999999992,2994894.779999985,0.0,8508700,0,30459469.799999822,8.460963833333285,3.7651289058333117,0.6508433717948681,0.6936461538461537,0.17017399999999974,0.7647058823529411,2999999.999999985,80,2e-06,False
300,1000000,INDEPENDENT_HEADERS_EQUAL_TOTAL_BUDGET,FIXED_SLOT_IDLE,H2_FIXED_PER_MINER_HARDWARE,0.1,0.0,False,600.0,10000.0,1666.6666666666667,100.0,30000.0,17,15,2,4268.460000000013,2995731.539999999,0.0,7114100,0,30384161.400000066,8.440044833333351,3.755819950833341,0.5626696555555567,0.6818799999999998,0.14228200000000044,0.8823529411764706,2999999.999999999,82,2e-06,False
300,1000000,INDEPENDENT_HEADERS_EQUAL_TOTAL_BUDGET,FIXED_SLOT_IDLE,H2_FIXED_PER_MINER_HARDWARE,0.1,0.0,False,600.0,10000.0,1666.6666666666667,100.0,30000.0,17,16,1,4621.920000000129,2995378.079999984,0.0,7703200,0,30415972.79999978,8.448881333333272,3.759752193333306,0.5280550833333295,0.8378999999999999,0.1540640000000043,0.9411764705882353,2999999.9999999837,83,2e-06,False
300,1000000,INDEPENDENT_HEADERS_EQUAL_TOTAL_BUDGET,FIXED_SLOT_IDLE,H2_FIXED_PER_MINER_HARDWARE,0.1,0.0,False,600.0,10000.0,1666.6666666666667,100.0,30000.0,17,17,0,3828.4199999991392,2996171.579999989,0.0,6380700,0,30344557.800000086,8.429043833333358,3.7509245058333445,0.4958261078431387,0.7506705882352941,0.1276139999999713,1.0,2999999.999999988,84,2e-06,False
300,1000000,INDEPENDENT_HEADERS_EQUAL_TOTAL_BUDGET,FIXED_SLOT_IDLE,H2_FIXED_PER_MINER_HARDWARE,0.1,0.0,False,600.0,10000.0,1666.6666666666667,100.0,30000.0,17,17,0,4049.8199999997655,2995950.1799999853,0.0,6749700,0,30364483.79999983,8.434578833333285,3.753387580833312,0.4961516960784285,0.7940823529411765,0.13499399999999218,1.0,2999999.999999985,85,2e-06,False
300,1000000,INDEPENDENT_HEADERS_EQUAL_TOTAL_BUDGET,FIXED_SLOT_IDLE,H2_FIXED_PER_MINER_HARDWARE,0.1,0.0,False,600.0,10000.0,1666.6666666666667,100.0,30000.0,17,13,4,3634.7999999999124,2996365.2000000225,0.0,6058000,0,30327132.000000153,8.424203333333375,3.748770483333352,0.6480156410256442,0.31661538461538463,0.12115999999999709,0.7647058823529411,3000000.0000000224,86,2e-06,False
300,1000000,INDEPENDENT_HEADERS_EQUAL_TOTAL_BUDGET,FIXED_SLOT_IDLE,H2_FIXED_PER_MINER_HARDWARE,0.1,0.0,False,600.0,10000.0,1666.6666666666667,100.0,30000.0,17,15,2,4457.459999999,2995542.5400000205,0.0,7429100,0,30401171.399999898,8.444769833333305,3.757922575833321,0.5629846555555537,0.7238799999999999,0.14858199999996666,0.8823529411764706,3000000.0000000196,88,2e-06,False
300,1000000,INDEPENDENT_HEADERS_EQUAL_TOTAL_BUDGET,FIXED_SLOT_IDLE,H2_FIXED_PER_MINER_HARDWARE,0.1,0.0,False,600.0,10000.0,1666.6666666666667,100.0,30000.0,17,13,4,4850.699999999983,2995149.2999999896,0.0,8084500,0,30436563.000000067,8.454600833333352,3.7622973708333416,0.6503539102564116,0.6283846153846154,0.16168999999999945,0.7647058823529411,2999999.9999999898,87,2e-06,False
300,1000000,INDEPENDENT_HEADERS_EQUAL_TOTAL_BUDGET,FIXED_SLOT_IDLE,H2_FIXED_PER_MINER_HARDWARE,0.1,0.0,False,600.0,10000.0,1666.6666666666667,100.0,30000.0,17,13,4,5034.300000000214,2994965.7000000137,0.0,8390500,0,30453086.999999847,8.459190833333292,3.764339920833315,0.6507069871794839,0.6754615384615386,0.16781000000000715,0.7647058823529411,3000000.000000014,89,2e-06,False
300,1000000,INDEPENDENT_HEADERS_EQUAL_TOTAL_BUDGET,FIXED_SLOT_IDLE,H2_FIXED_PER_MINER_HARDWARE,0.1,0.0,False,600.0,10000.0,1666.6666666666667,100.0,30000.0,17,14,3,4098.0599999999295,2995901.940000021,0.0,6830100,0,30368825.400000006,8.435784833333335,3.753924250833334,0.6025560595238096,0.5471571428571429,0.13660199999999764,0.8235294117647058,3000000.000000021,92,2e-06,False
300,1000000,INDEPENDENT_HEADERS_EQUAL_TOTAL_BUDGET,FIXED_SLOT_IDLE,H2_FIXED_PER_MINER_HARDWARE,0.1,0.0,False,600.0,10000.0,1666.6666666666667,100.0,30000.0,17,15,2,3724.3200000000943,2996275.679999999,0.0,6207200,0,30335188.800000217,8.426441333333393,3.7497663933333603,0.5617627555555595,0.5609599999999999,0.12414400000000314,0.8823529411764706,2999999.999999999,91,2e-06,False
300,1000000,INDEPENDENT_HEADERS_EQUAL_TOTAL_BUDGET,FIXED_SLOT_IDLE,H2_FIXED_PER_MINER_HARDWARE,0.1,0.0,False,600.0,10000.0,1666.6666666666667,100.0,30000.0,17,15,2,3694.079999999864,2996305.919999983,0.0,6156800,0,30332467.20000009,8.425685333333359,3.7494299733333447,0.5617123555555572,0.55424,0.12313599999999546,0.8823529411764706,2999999.9999999832,94,2e-06,False
300,1000000,INDEPENDENT_HEADERS_EQUAL_TOTAL_BUDGET,FIXED_SLOT_IDLE,H2_FIXED_PER_MINER_HARDWARE,0.1,0.0,False,600.0,10000.0,1666.6666666666667,100.0,30000.0,17,14,3,5384.34,2994615.6600000085,0.0,8973900,0,30484590.59999995,8.467941833333319,3.768234115833327,0.604852988095237,0.8534142857142858,0.179478,0.8235294117647058,3000000.0000000084,90,2e-06,False
300,1000000,INDEPENDENT_HEADERS_EQUAL_TOTAL_BUDGET,FIXED_SLOT_IDLE,H2_FIXED_PER_MINER_HARDWARE,0.1,0.0,False,600.0,10000.0,1666.6666666666667,100.0,30000.0,17,16,1,2843.6999999994473,2997156.299999995,0.0,4739500,0,30255933.00000001,8.404425833333336,3.7399694958333347,0.5252766145833335,0.46743750000000006,0.09478999999998157,0.9411764705882353,2999999.9999999944,93,2e-06,False
300,1000000,INDEPENDENT_HEADERS_EQUAL_TOTAL_BUDGET,FIXED_SLOT_IDLE,H2_FIXED_PER_MINER_HARDWARE,0.1,0.0,False,600.0,10000.0,1666.6666666666667,100.0,30000.0,17,14,3,3558.9599999998422,2996441.03999998,0.0,5931600,0,30320306.39999993,8.422307333333315,3.747926763333325,0.6015933809523796,0.4188,0.11863199999999474,0.8235294117647058,2999999.99999998,97,2e-06,False
300,1000000,INDEPENDENT_HEADERS_EQUAL_TOTAL_BUDGET,FIXED_SLOT_IDLE,H2_FIXED_PER_MINER_HARDWARE,0.1,0.0,False,600.0,10000.0,1666.6666666666667,100.0,30000.0,17,16,1,3121.2600000006687,2996878.7399999807,0.0,5202100,0,30280913.3999999,8.411364833333305,3.743057350833321,0.5257103020833316,0.5252625,0.1040420000000223,0.9411764705882353,2999999.9999999814,95,2e-06,False
300,1000000,INDEPENDENT_HEADERS_EQUAL_TOTAL_BUDGET,FIXED_SLOT_IDLE,H2_FIXED_PER_MINER_HARDWARE,0.1,0.0,False,600.0,10000.0,1666.6666666666667,100.0,30000.0,17,12,5,5457.359999999921,2994542.639999988,0.0,9095600,0,30491162.400000162,8.469767333333378,3.7690464633333534,0.7058139444444481,0.6826,0.18191199999999735,0.7058823529411765,2999999.999999988,96,2e-06,False
300,1000000,INDEPENDENT_HEADERS_EQUAL_TOTAL_BUDGET,FIXED_SLOT_IDLE,H2_FIXED_PER_MINER_HARDWARE,0.1,0.0,False,600.0,10000.0,1666.6666666666667,100.0,30000.0,17,17,0,2596.85999999915,2997403.139999986,0.0,4328100,0,30233717.39999979,8.398254833333276,3.7372234008333076,0.49401499019607503,0.5091882352941175,0.08656199999997168,1.0,2999999.999999985,99,2e-06,False
300,1000000,INDEPENDENT_HEADERS_EQUAL_TOTAL_BUDGET,FIXED_SLOT_IDLE,H2_FIXED_PER_MINER_HARDWARE,0.1,0.0,False,600.0,10000.0,1666.6666666666667,100.0,30000.0,17,15,2,3590.7600000002817,2996409.2400000184,0.0,5984600,0,30323168.400000226,8.423102333333397,3.7482805383333617,0.5615401555555598,0.53128,0.11969200000000939,0.8823529411764706,3000000.0000000186,98,2e-06,False
300,1000000,INDEPENDENT_HEADERS_FULL_PER_MINER_BUDGET,FIXED_SLOT_IDLE,H2_FIXED_PER_MINER_HARDWARE,0.1,0.0,False,600.0,10000.0,1666.6666666666667,100.0,30000.0,17,17,0,5246.819999999675,2994753.180000007,0.0,8744700,0,30472213.800000023,8.464503833333339,3.766704205833336,0.49791199019607874,1.0287882352941176,0.17489399999998917,1.0,3000000.000000007,0,2e-06,False
300,1000000,INDEPENDENT_HEADERS_FULL_PER_MINER_BUDGET,FIXED_SLOT_IDLE,H2_FIXED_PER_MINER_HARDWARE,0.1,0.0,False,600.0,10000.0,1666.6666666666667,100.0,30000.0,17,17,0,4167.179999999948,2995832.81999999,0.0,6945300,0,30375046.199999824,8.437512833333285,3.7546932108333118,0.49632428431372266,0.8170941176470587,0.13890599999999828,1.0,2999999.99999999,1,2e-06,False
300,1000000,INDEPENDENT_HEADERS_FULL_PER_MINER_BUDGET,FIXED_SLOT_IDLE,H2_FIXED_PER_MINER_HARDWARE,0.1,0.0,False,600.0,10000.0,1666.6666666666667,100.0,30000.0,17,17,0,5322.960000000428,2994677.0400000154,0.0,8871600,0,30479066.400000077,8.466407333333354,3.767551263333343,0.49802396078431493,1.0437176470588239,0.17743200000001427,1.0,3000000.000000016,3,2e-06,False
300,1000000,INDEPENDENT_HEADERS_FULL_PER_MINER_BUDGET,FIXED_SLOT_IDLE,H2_FIXED_PER_MINER_HARDWARE,0.1,0.0,False,600.0,10000.0,1666.6666666666667,100.0,30000.0,17,17,0,6604.379999999578,2993395.6199999996,0.0,11007300,0,30594394.199999854,8.498442833333293,3.7818070608333154,0.49990840196078196,1.2949764705882352,0.22014599999998596,1.0,2999999.999999999,4,2e-06,False
300,1000000,INDEPENDENT_HEADERS_FULL_PER_MINER_BUDGET,FIXED_SLOT_IDLE,H2_FIXED_PER_MINER_HARDWARE,0.1,0.0,False,600.0,10000.0,1666.6666666666667,100.0,30000.0,17,17,0,7585.199999999968,2992414.800000004,0.0,12642000,0,30682667.999999847,8.52296333333329,3.792718683333314,0.5013507843137229,1.4872941176470589,0.2528399999999989,1.0,3000000.000000004,2,2e-06,False
300,1000000,INDEPENDENT_HEADERS_FULL_PER_MINER_BUDGET,FIXED_SLOT_IDLE,H2_FIXED_PER_MINER_HARDWARE,0.1,0.0,False,600.0,10000.0,1666.6666666666667,100.0,30000.0,17,17,0,4059.1800000003977,2995940.8199999877,0.0,6765300,0,30365326.200000137,8.434812833333371,3.7534917108333503,0.49616546078431595,0.7959176470588235,0.13530600000001325,1.0,2999999.999999988,7,2e-06,False
300,1000000,INDEPENDENT_HEADERS_FULL_PER_MINER_BUDGET,FIXED_SLOT_IDLE,H2_FIXED_PER_MINER_HARDWARE,0.1,0.0,False,600.0,10000.0,1666.6666666666667,100.0,30000.0,17,17,0,4277.879999999425,2995722.1200000024,0.0,7129800,0,30385009.20000001,8.440280333333336,3.7559247483333342,0.4964870784313727,0.8388,0.14259599999998085,1.0,3000000.000000002,5,2e-06,False
300,1000000,INDEPENDENT_HEADERS_FULL_PER_MINER_BUDGET,FIXED_SLOT_IDLE,H2_FIXED_PER_MINER_HARDWARE,0.1,0.0,False,600.0,10000.0,1666.6666666666667,100.0,30000.0,17,17,0,5290.5599999993665,2994709.4400000176,0.0,8817600,0,30476150.400000136,8.46559733333337,3.76719081333335,0.4979763137254924,1.037364705882353,0.1763519999999789,1.0,3000000.000000017,6,2e-06,False
300,1000000,INDEPENDENT_HEADERS_FULL_PER_MINER_BUDGET,FIXED_SLOT_IDLE,H2_FIXED_PER_MINER_HARDWARE,0.1,0.0,False,600.0,10000.0,1666.6666666666667,100.0,30000.0,17,17,0,4158.180000000269,2995841.8200000166,0.0,6930300,0,30374236.199999977,8.437287833333327,3.7545930858333305,0.4963110490196075,0.815329411764706,0.13860600000000894,1.0,3000000.0000000168,11,2e-06,False
300,1000000,INDEPENDENT_HEADERS_FULL_PER_MINER_BUDGET,FIXED_SLOT_IDLE,H2_FIXED_PER_MINER_HARDWARE,0.1,0.0,False,600.0,10000.0,1666.6666666666667,100.0,30000.0,17,17,0,3951.000000000015,2996049.0000000126,0.0,6585000,0,30355590.00000015,8.432108333333375,3.752288208333352,0.496006372549022,0.774705882352941,0.1317000000000005,1.0,3000000.0000000126,10,2e-06,False
300,1000000,INDEPENDENT_HEADERS_FULL_PER_MINER_BUDGET,FIXED_SLOT_IDLE,H2_FIXED_PER_MINER_HARDWARE,0.1,0.0,False,600.0,10000.0,1666.6666666666667,100.0,30000.0,17,17,0,5396.039999999609,2994603.9599999883,0.0,8993400,0,30485643.599999774,8.468234333333271,3.768364278333306,0.49813143137254534,1.0580470588235293,0.17986799999998695,1.0,2999999.999999988,12,2e-06,False
300,1000000,INDEPENDENT_HEADERS_FULL_PER_MINER_BUDGET,FIXED_SLOT_IDLE,H2_FIXED_PER_MINER_HARDWARE,0.1,0.0,False,600.0,10000.0,1666.6666666666667,100.0,30000.0,17,17,0,5735.879999999978,2994264.120000005,0.0,9559800,0,30516229.199999858,8.476730333333293,3.7721449983333155,0.49863119607842904,1.1246823529411765,0.19119599999999926,1.0,3000000.0000000047,9,2e-06,False
300,1000000,INDEPENDENT_HEADERS_FULL_PER_MINER_BUDGET,FIXED_SLOT_IDLE,H2_FIXED_PER_MINER_HARDWARE,0.1,0.0,False,600.0,10000.0,1666.6666666666667,100.0,30000.0,17,17,0,3819.4200000003166,2996180.5800000113,0.0,6365700,0,30343747.80000015,8.428818833333375,3.750824380833352,0.49581287254902207,0.7489058823529412,0.12731400000001056,1.0,3000000.0000000116,8,2e-06,False
300,1000000,INDEPENDENT_HEADERS_FULL_PER_MINER_BUDGET,FIXED_SLOT_IDLE,H2_FIXED_PER_MINER_HARDWARE,0.1,0.0,False,600.0,10000.0,1666.6666666666667,100.0,30000.0,17,17,0,6870.23999999985,2993129.7600000133,0.0,11450400,0,30618321.600000124,8.505089333333368,3.7847647533333486,0.5002993725490217,1.347105882352941,0.229007999999995,1.0,3000000.000000013,14,2e-06,False
300,1000000,INDEPENDENT_HEADERS_FULL_PER_MINER_BUDGET,FIXED_SLOT_IDLE,H2_FIXED_PER_MINER_HARDWARE,0.1,0.0,False,600.0,10000.0,1666.6666666666667,100.0,30000.0,17,17,0,4953.420000000284,2995046.579999989,0.0,8255700,0,30445807.800000142,8.457168833333373,3.763440130833351,0.4974805196078455,0.9712588235294116,0.16511400000000948,1.0,2999999.9999999893,13,2e-06,False
300,1000000,INDEPENDENT_HEADERS_FULL_PER_MINER_BUDGET,FIXED_SLOT_IDLE,H2_FIXED_PER_MINER_HARDWARE,0.1,0.0,False,600.0,10000.0,1666.6666666666667,100.0,30000.0,17,17,0,4990.86000000036,2995009.1399999894,0.0,8318100,0,30449177.400000148,8.458104833333374,3.7638566508333517,0.49753557843137497,0.9785999999999999,0.166362000000012,1.0,2999999.9999999898,17,2e-06,False
300,1000000,INDEPENDENT_HEADERS_FULL_PER_MINER_BUDGET,FIXED_SLOT_IDLE,H2_FIXED_PER_MINER_HARDWARE,0.1,0.0,False,600.0,10000.0,1666.6666666666667,100.0,30000.0,17,17,0,5461.020000000645,2994538.98,0.0,9101700,0,30491491.800000228,8.469858833333397,3.769087180833362,0.4982269901960822,1.0707882352941176,0.18203400000002148,1.0,3000000.0000000005,15,2e-06,False
300,1000000,INDEPENDENT_HEADERS_FULL_PER_MINER_BUDGET,FIXED_SLOT_IDLE,H2_FIXED_PER_MINER_HARDWARE,0.1,0.0,False,600.0,10000.0,1666.6666666666667,100.0,30000.0,17,17,0,4387.680000000085,2995612.3200000147,0.0,7312800,0,30394891.20000017,8.443025333333381,3.7571462733333547,0.49664854901961064,0.8603294117647058,0.14625600000000283,1.0,3000000.000000015,21,2e-06,False
300,1000000,INDEPENDENT_HEADERS_FULL_PER_MINER_BUDGET,FIXED_SLOT_IDLE,H2_FIXED_PER_MINER_HARDWARE,0.1,0.0,False,600.0,10000.0,1666.6666666666667,100.0,30000.0,17,17,0,6963.120000000334,2993036.879999984,0.0,11605200,0,30626680.800000146,8.507411333333375,3.785798043333352,0.5004359607843162,1.365317647058823,0.23210400000001113,1.0,2999999.999999984,16,2e-06,False
300,1000000,INDEPENDENT_HEADERS_FULL_PER_MINER_BUDGET,FIXED_SLOT_IDLE,H2_FIXED_PER_MINER_HARDWARE,0.1,0.0,False,600.0,10000.0,1666.6666666666667,100.0,30000.0,17,17,0,6267.780000000223,2993732.220000017,0.0,10446300,0,30564100.199999906,8.490027833333308,3.778062385833322,0.4994134019607828,1.2289764705882351,0.2089260000000074,1.0,3000000.000000017,20,2e-06,False
300,1000000,INDEPENDENT_HEADERS_FULL_PER_MINER_BUDGET,FIXED_SLOT_IDLE,H2_FIXED_PER_MINER_HARDWARE,0.1,0.0,False,600.0,10000.0,1666.6666666666667,100.0,30000.0,17,17,0,6833.160000000614,2993166.8400000194,0.0,11388600,0,30614984.399999924,8.504162333333312,3.784352238333324,0.5002448431372537,1.339835294117647,0.22777200000002046,1.0,3000000.00000002,18,2e-06,False
300,1000000,INDEPENDENT_HEADERS_FULL_PER_MINER_BUDGET,FIXED_SLOT_IDLE,H2_FIXED_PER_MINER_HARDWARE,0.1,0.0,False,600.0,10000.0,1666.6666666666667,100.0,30000.0,17,17,0,5346.180000000257,2994653.8199999854,0.0,8910300,0,30481156.199999828,8.466987833333285,3.767809585833312,0.49805810784313437,1.0482705882352943,0.17820600000000858,1.0,2999999.9999999856,19,2e-06,False
300,1000000,INDEPENDENT_HEADERS_FULL_PER_MINER_BUDGET,FIXED_SLOT_IDLE,H2_FIXED_PER_MINER_HARDWARE,0.1,0.0,False,600.0,10000.0,1666.6666666666667,100.0,30000.0,17,17,0,3824.820000000054,2996175.1799999853,0.0,6374700,0,30344233.79999987,8.428953833333297,3.7508844558333174,0.4958208137254881,0.7499647058823529,0.12749400000000177,1.0,2999999.999999985,22,2e-06,False
300,1000000,INDEPENDENT_HEADERS_FULL_PER_MINER_BUDGET,FIXED_SLOT_IDLE,H2_FIXED_PER_MINER_HARDWARE,0.1,0.0,False,600.0,10000.0,1666.6666666666667,100.0,30000.0,17,17,0,5258.88000000004,2994741.119999998,0.0,8764800,0,30473299.200000167,8.464805333333379,3.7668383733333535,0.49792972549019876,1.0311529411764706,0.1752960000000013,1.0,2999999.9999999977,23,2e-06,False
300,1000000,INDEPENDENT_HEADERS_FULL_PER_MINER_BUDGET,FIXED_SLOT_IDLE,H2_FIXED_PER_MINER_HARDWARE,0.1,0.0,False,600.0,10000.0,1666.6666666666667,100.0,30000.0,17,17,0,5163.480000000271,2994836.5199999907,0.0,8605800,0,30464713.199999943,8.462420333333318,3.7657770483333266,0.4977894313725481,1.0124470588235293,0.172116000000009,1.0,2999999.999999991,24,2e-06,False
300,1000000,INDEPENDENT_HEADERS_FULL_PER_MINER_BUDGET,FIXED_SLOT_IDLE,H2_FIXED_PER_MINER_HARDWARE,0.1,0.0,False,600.0,10000.0,1666.6666666666667,100.0,30000.0,17,17,0,4888.079999999725,2995111.9200000064,0.0,8146800,0,30439927.19999986,8.455535333333295,3.762713223333316,0.49738443137254673,0.9584470588235295,0.16293599999999084,1.0,3000000.000000006,26,2e-06,False
300,1000000,INDEPENDENT_HEADERS_FULL_PER_MINER_BUDGET,FIXED_SLOT_IDLE,H2_FIXED_PER_MINER_HARDWARE,0.1,0.0,False,600.0,10000.0,1666.6666666666667,100.0,30000.0,17,17,0,5609.699999999809,2994390.299999994,0.0,9349500,0,30504873.000000037,8.473575833333344,3.7707412458333383,0.4984456372549026,1.0999411764705882,0.18698999999999363,1.0,2999999.999999994,25,2e-06,False
300,1000000,INDEPENDENT_HEADERS_FULL_PER_MINER_BUDGET,FIXED_SLOT_IDLE,H2_FIXED_PER_MINER_HARDWARE,0.1,0.0,False,600.0,10000.0,1666.6666666666667,100.0,30000.0,17,17,0,5796.540000000386,2994203.459999992,0.0,9660900,0,30521688.600000132,8.47824683333337,3.77281984083335,0.4987204019607865,1.1365764705882353,0.19321800000001285,1.0,2999999.9999999925,27,2e-06,False
300,1000000,INDEPENDENT_HEADERS_FULL_PER_MINER_BUDGET,FIXED_SLOT_IDLE,H2_FIXED_PER_MINER_HARDWARE,0.1,0.0,False,600.0,10000.0,1666.6666666666667,100.0,30000.0,17,17,0,6935.94000000018,2993064.060000004,0.0,11559900,0,30624234.60000017,8.50673183333338,3.785495665833354,0.5003959901960812,1.3599882352941175,0.23119800000000598,1.0,3000000.000000004,29,2e-06,False
300,1000000,INDEPENDENT_HEADERS_FULL_PER_MINER_BUDGET,FIXED_SLOT_IDLE,H2_FIXED_PER_MINER_HARDWARE,0.1,0.0,False,600.0,10000.0,1666.6666666666667,100.0,30000.0,17,17,0,8044.560000000205,2991955.4399999883,0.0,13407600,0,30724010.40000015,8.534447333333375,3.797829063333352,0.5020263137254927,1.5773647058823528,0.26815200000000683,1.0,2999999.9999999884,30,2e-06,False
300,1000000,INDEPENDENT_HEADERS_FULL_PER_MINER_BUDGET,FIXED_SLOT_IDLE,H2_FIXED_PER_MINER_HARDWARE,0.1,0.0,False,600.0,10000.0,1666.6666666666667,100.0,30000.0,17,17,0,5766.479999999685,2994233.5200000093,0.0,9610800,0,30518983.199999783,8.477495333333273,3.7724854233333067,0.49867619607842784,1.1306823529411767,0.19221599999998948,1.0,3000000.000000009,28,2e-06,False
300,1000000,INDEPENDENT_HEADERS_FULL_PER_MINER_BUDGET,FIXED_SLOT_IDLE,H2_FIXED_PER_MINER_HARDWARE,0.1,0.0,False,600.0,10000.0,1666.6666666666667,100.0,30000.0,17,17,0,4540.319999999972,2995459.6800000034,0.0,7567200,0,30408628.800000172,8.446841333333381,3.7588443933333546,0.49687301960784597,0.8902588235294118,0.1513439999999991,1.0,3000000.0000000033,32,2e-06,False
300,1000000,INDEPENDENT_HEADERS_FULL_PER_MINER_BUDGET,FIXED_SLOT_IDLE,H2_FIXED_PER_MINER_HARDWARE,0.1,0.0,False,600.0,10000.0,1666.6666666666667,100.0,30000.0,17,17,0,4149.360000000461,2995850.6400000183,0.0,6915600,0,30373442.399999805,8.43706733333328,3.75449496333331,0.4962980784313694,0.8135999999999999,0.13831200000001537,1.0,3000000.0000000186,33,2e-06,False
300,1000000,INDEPENDENT_HEADERS_FULL_PER_MINER_BUDGET,FIXED_SLOT_IDLE,H2_FIXED_PER_MINER_HARDWARE,0.1,0.0,False,600.0,10000.0,1666.6666666666667,100.0,30000.0,17,17,0,5693.220000000724,2994306.779999986,0.0,9488700,0,30512389.80000026,8.475663833333407,3.771670405833366,0.49856846078431805,1.1163176470588236,0.18977400000002415,1.0,2999999.9999999865,31,2e-06,False
300,1000000,INDEPENDENT_HEADERS_FULL_PER_MINER_BUDGET,FIXED_SLOT_IDLE,H2_FIXED_PER_MINER_HARDWARE,0.1,0.0,False,600.0,10000.0,1666.6666666666667,100.0,30000.0,17,17,0,5066.819999999903,2994933.1799999834,0.0,8444700,0,30456013.800000023,8.46000383333334,3.7647017058333367,0.4976472843137259,0.993494117647059,0.16889399999999677,1.0,2999999.9999999832,34,2e-06,False
300,1000000,INDEPENDENT_HEADERS_FULL_PER_MINER_BUDGET,FIXED_SLOT_IDLE,H2_FIXED_PER_MINER_HARDWARE,0.1,0.0,False,600.0,10000.0,1666.6666666666667,100.0,30000.0,17,17,0,3215.340000000095,2996784.659999983,0.0,5358900,0,30289380.600000236,8.4137168333334,3.744103990833363,0.49492451960784706,0.6304588235294117,0.10717800000000319,1.0,2999999.9999999832,37,2e-06,False
300,1000000,INDEPENDENT_HEADERS_FULL_PER_MINER_BUDGET,FIXED_SLOT_IDLE,H2_FIXED_PER_MINER_HARDWARE,0.1,0.0,False,600.0,10000.0,1666.6666666666667,100.0,30000.0,17,17,0,6161.039999999871,2993838.9600000223,0.0,10268400,0,30554493.599999927,8.487359333333313,3.776874903333324,0.4992564313725478,1.2080470588235293,0.2053679999999957,1.0,3000000.0000000224,35,2e-06,False
300,1000000,INDEPENDENT_HEADERS_FULL_PER_MINER_BUDGET,FIXED_SLOT_IDLE,H2_FIXED_PER_MINER_HARDWARE,0.1,0.0,False,600.0,10000.0,1666.6666666666667,100.0,30000.0,17,17,0,7293.06000000003,2992706.9399999916,0.0,12155100,0,30656375.40000015,8.515659833333375,3.789468625833352,0.5009211666666691,1.4300117647058819,0.243102000000001,1.0,2999999.9999999916,40,2e-06,False
300,1000000,INDEPENDENT_HEADERS_FULL_PER_MINER_BUDGET,FIXED_SLOT_IDLE,H2_FIXED_PER_MINER_HARDWARE,0.1,0.0,False,600.0,10000.0,1666.6666666666667,100.0,30000.0,17,17,0,5249.519999999679,2994750.480000013,0.0,8749200,0,30472456.79999986,8.464571333333295,3.766734243333316,0.49791596078431144,1.0293176470588234,0.17498399999998931,1.0,3000000.0000000126,36,2e-06,False
300,1000000,INDEPENDENT_HEADERS_FULL_PER_MINER_BUDGET,FIXED_SLOT_IDLE,H2_FIXED_PER_MINER_HARDWARE,0.1,0.0,False,600.0,10000.0,1666.6666666666667,100.0,30000.0,17,17,0,6497.280000000056,2993502.719999992,0.0,10828800,0,30584755.20000009,8.495765333333358,3.7806155733333444,0.49975090196078575,1.2739764705882353,0.21657600000000185,1.0,2999999.999999992,41,2e-06,False
300,1000000,INDEPENDENT_HEADERS_FULL_PER_MINER_BUDGET,FIXED_SLOT_IDLE,H2_FIXED_PER_MINER_HARDWARE,0.1,0.0,False,600.0,10000.0,1666.6666666666667,100.0,30000.0,17,17,0,4837.859999999666,2995162.1400000066,0.0,8063100,0,30435407.399999797,8.454279833333278,3.7621545258333087,0.4973105784313693,0.9486,0.16126199999998886,1.0,3000000.0000000065,38,2e-06,False
300,1000000,INDEPENDENT_HEADERS_FULL_PER_MINER_BUDGET,FIXED_SLOT_IDLE,H2_FIXED_PER_MINER_HARDWARE,0.1,0.0,False,600.0,10000.0,1666.6666666666667,100.0,30000.0,17,17,0,5018.399999999447,2994981.600000001,0.0,8364000,0,30451655.99999988,8.4587933333333,3.7641630333333187,0.49757607843137064,0.9840000000000001,0.16727999999998155,1.0,3000000.0000000005,46,2e-06,False
300,1000000,INDEPENDENT_HEADERS_FULL_PER_MINER_BUDGET,FIXED_SLOT_IDLE,H2_FIXED_PER_MINER_HARDWARE,0.1,0.0,False,600.0,10000.0,1666.6666666666667,100.0,30000.0,17,17,0,4582.979999999868,2995417.020000004,0.0,7638300,0,30412468.200000126,8.447907833333367,3.7593189858333487,0.4969357549019628,0.8986235294117645,0.1527659999999956,1.0,3000000.000000004,39,2e-06,False
300,1000000,INDEPENDENT_HEADERS_FULL_PER_MINER_BUDGET,FIXED_SLOT_IDLE,H2_FIXED_PER_MINER_HARDWARE,0.1,0.0,False,600.0,10000.0,1666.6666666666667,100.0,30000.0,17,17,0,3830.219999999365,2996169.780000018,0.0,6383700,0,30344719.799999896,8.429088833333305,3.7509445308333205,0.4958287549019591,0.7510235294117646,0.12767399999997883,1.0,3000000.000000017,44,2e-06,False
300,1000000,INDEPENDENT_HEADERS_FULL_PER_MINER_BUDGET,FIXED_SLOT_IDLE,H2_FIXED_PER_MINER_HARDWARE,0.1,0.0,False,600.0,10000.0,1666.6666666666667,100.0,30000.0,17,17,0,5428.260000000116,2994571.7399999895,0.0,9047100,0,30488543.400000032,8.469039833333342,3.7687227258333373,0.4981788137254907,1.0643647058823529,0.18094200000000385,1.0,2999999.9999999898,43,2e-06,False
300,1000000,INDEPENDENT_HEADERS_FULL_PER_MINER_BUDGET,FIXED_SLOT_IDLE,H2_FIXED_PER_MINER_HARDWARE,0.1,0.0,False,600.0,10000.0,1666.6666666666667,100.0,30000.0,17,17,0,5977.440000000021,2994022.559999993,0.0,9962400,0,30537969.600000158,8.482769333333378,3.774832353333353,0.49898643137255166,1.1720470588235297,0.1992480000000007,1.0,2999999.999999993,42,2e-06,False
300,1000000,INDEPENDENT_HEADERS_FULL_PER_MINER_BUDGET,FIXED_SLOT_IDLE,H2_FIXED_PER_MINER_HARDWARE,0.1,0.0,False,600.0,10000.0,1666.6666666666667,100.0,30000.0,17,17,0,5131.260000000094,2994868.7400000137,0.0,8552100,0,30461813.39999988,8.4616148333333,3.7654186008333186,0.4977420490196059,1.0061294117647057,0.17104200000000314,1.0,3000000.000000014,45,2e-06,False
300,1000000,INDEPENDENT_HEADERS_FULL_PER_MINER_BUDGET,FIXED_SLOT_IDLE,H2_FIXED_PER_MINER_HARDWARE,0.1,0.0,False,600.0,10000.0,1666.6666666666667,100.0,30000.0,17,17,0,4184.280000000018,2995815.719999988,0.0,6973800,0,30376585.20000025,8.437940333333403,3.754883448333364,0.4963494313725531,0.8204470588235293,0.1394760000000006,1.0,2999999.999999988,47,2e-06,False
300,1000000,INDEPENDENT_HEADERS_FULL_PER_MINER_BUDGET,FIXED_SLOT_IDLE,H2_FIXED_PER_MINER_HARDWARE,0.1,0.0,False,600.0,10000.0,1666.6666666666667,100.0,30000.0,17,17,0,3290.7600000002835,2996709.2399999895,0.0,5484600,0,30296168.400000032,8.415602333333343,3.7449430383333375,0.4950354313725496,0.6452470588235295,0.10969200000000945,1.0,2999999.9999999898,48,2e-06,False
300,1000000,INDEPENDENT_HEADERS_FULL_PER_MINER_BUDGET,FIXED_SLOT_IDLE,H2_FIXED_PER_MINER_HARDWARE,0.1,0.0,False,600.0,10000.0,1666.6666666666667,100.0,30000.0,17,17,0,4208.040000000881,2995791.9599999795,0.0,7013400,0,30378723.600000136,8.43853433333337,3.75514777833335,0.4963843725490218,0.8251058823529411,0.14026800000002937,1.0,2999999.9999999804,49,2e-06,False
300,1000000,INDEPENDENT_HEADERS_FULL_PER_MINER_BUDGET,FIXED_SLOT_IDLE,H2_FIXED_PER_MINER_HARDWARE,0.1,0.0,False,600.0,10000.0,1666.6666666666667,100.0,30000.0,17,17,0,4006.4400000000533,2995993.560000006,0.0,6677400,0,30360579.600000005,8.433494333333336,3.7529049783333344,0.49608790196078445,0.7855764705882353,0.13354800000000178,1.0,3000000.000000006,51,2e-06,False
300,1000000,INDEPENDENT_HEADERS_FULL_PER_MINER_BUDGET,FIXED_SLOT_IDLE,H2_FIXED_PER_MINER_HARDWARE,0.1,0.0,False,600.0,10000.0,1666.6666666666667,100.0,30000.0,17,17,0,3209.219999999457,2996790.780000013,0.0,5348700,0,30288829.799999904,8.413563833333306,3.7440359058333215,0.4949155196078415,0.6292588235294118,0.1069739999999819,1.0,3000000.000000012,53,2e-06,False
300,1000000,INDEPENDENT_HEADERS_FULL_PER_MINER_BUDGET,FIXED_SLOT_IDLE,H2_FIXED_PER_MINER_HARDWARE,0.1,0.0,False,600.0,10000.0,1666.6666666666667,100.0,30000.0,17,17,0,5238.00000000031,2994762.0000000084,0.0,8730000,0,30471419.999999847,8.464283333333292,3.766606083333315,0.49789901960784066,1.0270588235294116,0.17460000000001033,1.0,3000000.000000009,50,2e-06,False
300,1000000,INDEPENDENT_HEADERS_FULL_PER_MINER_BUDGET,FIXED_SLOT_IDLE,H2_FIXED_PER_MINER_HARDWARE,0.1,0.0,False,600.0,10000.0,1666.6666666666667,100.0,30000.0,17,17,0,5390.460000000519,2994609.5399999996,0.0,8984100,0,30485141.400000077,8.468094833333355,3.768302200833343,0.49812322549019733,1.0569529411764707,0.1796820000000173,1.0,3000000.0,52,2e-06,False
300,1000000,INDEPENDENT_HEADERS_FULL_PER_MINER_BUDGET,FIXED_SLOT_IDLE,H2_FIXED_PER_MINER_HARDWARE,0.1,0.0,False,600.0,10000.0,1666.6666666666667,100.0,30000.0,17,17,0,4504.320000000031,2995495.6799999834,0.0,7507200,0,30405388.800000023,8.445941333333339,3.758443893333336,0.4968200784313729,0.8832,0.15014400000000103,1.0,2999999.9999999832,55,2e-06,False
300,1000000,INDEPENDENT_HEADERS_FULL_PER_MINER_BUDGET,FIXED_SLOT_IDLE,H2_FIXED_PER_MINER_HARDWARE,0.1,0.0,False,600.0,10000.0,1666.6666666666667,100.0,30000.0,17,17,0,6175.619999999685,2993824.379999984,0.0,10292700,0,30555805.80000013,8.48772383333337,3.7770371058333496,0.49927787254902173,1.210905882352941,0.20585399999998952,1.0,2999999.9999999837,56,2e-06,False
300,1000000,INDEPENDENT_HEADERS_FULL_PER_MINER_BUDGET,FIXED_SLOT_IDLE,H2_FIXED_PER_MINER_HARDWARE,0.1,0.0,False,600.0,10000.0,1666.6666666666667,100.0,30000.0,17,17,0,6699.419999999128,2993300.5799999936,0.0,11165700,0,30602947.800000094,8.500818833333359,3.7828643808333444,0.5000481666666682,1.3136117647058825,0.22331399999997092,1.0,2999999.9999999925,58,2e-06,False
300,1000000,INDEPENDENT_HEADERS_FULL_PER_MINER_BUDGET,FIXED_SLOT_IDLE,H2_FIXED_PER_MINER_HARDWARE,0.1,0.0,False,600.0,10000.0,1666.6666666666667,100.0,30000.0,17,17,0,5211.360000000152,2994788.64000001,0.0,8685600,0,30469022.39999996,8.463617333333323,3.7663097133333285,0.4978598431372543,1.0218352941176472,0.17371200000000506,1.0,3000000.0000000102,54,2e-06,False
300,1000000,INDEPENDENT_HEADERS_FULL_PER_MINER_BUDGET,FIXED_SLOT_IDLE,H2_FIXED_PER_MINER_HARDWARE,0.1,0.0,False,600.0,10000.0,1666.6666666666667,100.0,30000.0,17,17,0,4557.959999999614,2995442.039999983,0.0,7596600,0,30410216.40000006,8.44728233333335,3.7590406383333406,0.49689896078431467,0.8937176470588236,0.15193199999998716,1.0,2999999.9999999823,57,2e-06,False
300,1000000,INDEPENDENT_HEADERS_FULL_PER_MINER_BUDGET,FIXED_SLOT_IDLE,H2_FIXED_PER_MINER_HARDWARE,0.1,0.0,False,600.0,10000.0,1666.6666666666667,100.0,30000.0,17,17,0,6927.479999999907,2993072.520000012,0.0,11545800,0,30623473.199999936,8.506520333333315,3.785401548333325,0.5003835490196068,1.3583294117647058,0.2309159999999969,1.0,3000000.000000012,59,2e-06,False
300,1000000,INDEPENDENT_HEADERS_FULL_PER_MINER_BUDGET,FIXED_SLOT_IDLE,H2_FIXED_PER_MINER_HARDWARE,0.1,0.0,False,600.0,10000.0,1666.6666666666667,100.0,30000.0,17,17,0,6685.559999999887,2993314.4400000107,0.0,11142600,0,30601700.40000015,8.500472333333375,3.7827101883333523,0.500027784313728,1.3108941176470588,0.22285199999999625,1.0,3000000.0000000107,60,2e-06,False
300,1000000,INDEPENDENT_HEADERS_FULL_PER_MINER_BUDGET,FIXED_SLOT_IDLE,H2_FIXED_PER_MINER_HARDWARE,0.1,0.0,False,600.0,10000.0,1666.6666666666667,100.0,30000.0,17,17,0,7699.140000000075,2992300.8599999845,0.0,12831900,0,30692922.599999852,8.525811833333293,3.7939862658333157,0.5015183431372525,1.5096352941176472,0.2566380000000025,1.0,2999999.9999999846,62,2e-06,False
300,1000000,INDEPENDENT_HEADERS_FULL_PER_MINER_BUDGET,FIXED_SLOT_IDLE,H2_FIXED_PER_MINER_HARDWARE,0.1,0.0,False,600.0,10000.0,1666.6666666666667,100.0,30000.0,17,17,0,5436.35999999998,2994563.64000001,0.0,9060600,0,30489272.399999954,8.469242333333321,3.768812838333328,0.4981907254901954,1.0659529411764705,0.18121199999999935,1.0,3000000.00000001,61,2e-06,False
300,1000000,INDEPENDENT_HEADERS_FULL_PER_MINER_BUDGET,FIXED_SLOT_IDLE,H2_FIXED_PER_MINER_HARDWARE,0.1,0.0,False,600.0,10000.0,1666.6666666666667,100.0,30000.0,17,17,0,7180.380000000427,2992819.620000012,0.0,11967300,0,30646234.20000002,8.51284283333334,3.788215060833336,0.5007554607843141,1.4079176470588233,0.23934600000001421,1.0,3000000.0000000126,63,2e-06,False
300,1000000,INDEPENDENT_HEADERS_FULL_PER_MINER_BUDGET,FIXED_SLOT_IDLE,H2_FIXED_PER_MINER_HARDWARE,0.1,0.0,False,600.0,10000.0,1666.6666666666667,100.0,30000.0,17,17,0,5495.759999999698,2994504.2400000137,0.0,9159600,0,30494618.40000003,8.470727333333341,3.769473663333337,0.498278078431373,1.0776,0.18319199999998995,1.0,3000000.0000000135,64,2e-06,False
300,1000000,INDEPENDENT_HEADERS_FULL_PER_MINER_BUDGET,FIXED_SLOT_IDLE,H2_FIXED_PER_MINER_HARDWARE,0.1,0.0,False,600.0,10000.0,1666.6666666666667,100.0,30000.0,17,17,0,2698.5600000007194,2997301.44000002,0.0,4497600,0,30242870.400000006,8.400797333333335,3.738354813333334,0.49416454901960793,0.5291294117647058,0.08995200000002398,1.0,3000000.0000000205,68,2e-06,False
300,1000000,INDEPENDENT_HEADERS_FULL_PER_MINER_BUDGET,FIXED_SLOT_IDLE,H2_FIXED_PER_MINER_HARDWARE,0.1,0.0,False,600.0,10000.0,1666.6666666666667,100.0,30000.0,17,17,0,6492.959999999841,2993507.040000009,0.0,10821600,0,30584366.40000006,8.49565733333335,3.7805675133333407,0.4997445490196088,1.2731294117647056,0.21643199999999468,1.0,3000000.000000009,65,2e-06,False
300,1000000,INDEPENDENT_HEADERS_FULL_PER_MINER_BUDGET,FIXED_SLOT_IDLE,H2_FIXED_PER_MINER_HARDWARE,0.1,0.0,False,600.0,10000.0,1666.6666666666667,100.0,30000.0,17,17,0,3747.4200000002015,2996252.5799999875,0.0,6245700,0,30337267.799999952,8.427018833333321,3.7500233808333276,0.4957069901960777,0.7347882352941176,0.12491400000000671,1.0,2999999.999999988,69,2e-06,False
300,1000000,INDEPENDENT_HEADERS_FULL_PER_MINER_BUDGET,FIXED_SLOT_IDLE,H2_FIXED_PER_MINER_HARDWARE,0.1,0.0,False,600.0,10000.0,1666.6666666666667,100.0,30000.0,17,17,0,4712.4000000004335,2995287.5999999815,0.0,7854000,0,30424115.999999892,8.451143333333304,3.7607587833333205,0.49712607843137085,0.9239999999999999,0.15708000000001446,1.0,2999999.999999982,67,2e-06,False
300,1000000,INDEPENDENT_HEADERS_FULL_PER_MINER_BUDGET,FIXED_SLOT_IDLE,H2_FIXED_PER_MINER_HARDWARE,0.1,0.0,False,600.0,10000.0,1666.6666666666667,100.0,30000.0,17,17,0,5770.260000000506,2994229.740000011,0.0,9617100,0,30519323.400000196,8.477589833333388,3.772527475833358,0.498681754901964,1.1314235294117647,0.1923420000000169,1.0,3000000.0000000116,66,2e-06,False
300,1000000,INDEPENDENT_HEADERS_FULL_PER_MINER_BUDGET,FIXED_SLOT_IDLE,H2_FIXED_PER_MINER_HARDWARE,0.1,0.0,False,600.0,10000.0,1666.6666666666667,100.0,30000.0,17,17,0,5648.039999999922,2994351.9600000135,0.0,9413400,0,30508323.600000083,8.474534333333356,3.7711677783333433,0.49850201960784446,1.1074588235294116,0.1882679999999974,1.0,3000000.0000000135,73,2e-06,False
300,1000000,INDEPENDENT_HEADERS_FULL_PER_MINER_BUDGET,FIXED_SLOT_IDLE,H2_FIXED_PER_MINER_HARDWARE,0.1,0.0,False,600.0,10000.0,1666.6666666666667,100.0,30000.0,17,17,0,5646.239999999858,2994353.760000002,0.0,9410400,0,30508161.600000124,8.474489333333368,3.771147753333349,0.49849937254902166,1.107105882352941,0.18820799999999527,1.0,3000000.000000002,71,2e-06,False
300,1000000,INDEPENDENT_HEADERS_FULL_PER_MINER_BUDGET,FIXED_SLOT_IDLE,H2_FIXED_PER_MINER_HARDWARE,0.1,0.0,False,600.0,10000.0,1666.6666666666667,100.0,30000.0,17,17,0,5070.240000001091,2994929.760000007,0.0,8450400,0,30456321.60000017,8.46008933333338,3.7647397533333544,0.49765231372549296,0.9941647058823527,0.16900800000003638,1.0,3000000.0000000084,70,2e-06,False
300,1000000,INDEPENDENT_HEADERS_FULL_PER_MINER_BUDGET,FIXED_SLOT_IDLE,H2_FIXED_PER_MINER_HARDWARE,0.1,0.0,False,600.0,10000.0,1666.6666666666667,100.0,30000.0,17,17,0,5503.859999999985,2994496.139999992,0.0,9173100,0,30495347.39999995,8.470929833333319,3.7695637758333267,0.49828999019607756,1.0791882352941176,0.1834619999999995,1.0,2999999.999999992,74,2e-06,False
300,1000000,INDEPENDENT_HEADERS_FULL_PER_MINER_BUDGET,FIXED_SLOT_IDLE,H2_FIXED_PER_MINER_HARDWARE,0.1,0.0,False,600.0,10000.0,1666.6666666666667,100.0,30000.0,17,17,0,3670.9200000006144,2996329.0800000085,0.0,6118200,0,30330382.800000142,8.425106333333373,3.749172318333351,0.49559449019608076,0.7197882352941175,0.12236400000002048,1.0,3000000.000000009,75,2e-06,False
300,1000000,INDEPENDENT_HEADERS_FULL_PER_MINER_BUDGET,FIXED_SLOT_IDLE,H2_FIXED_PER_MINER_HARDWARE,0.1,0.0,False,600.0,10000.0,1666.6666666666667,100.0,30000.0,17,17,0,5766.479999999501,2994233.5200000093,0.0,9610800,0,30518983.199999772,8.47749533333327,3.772485423333305,0.4986761960784276,1.1306823529411765,0.1922159999999834,1.0,3000000.000000009,72,2e-06,False
300,1000000,INDEPENDENT_HEADERS_FULL_PER_MINER_BUDGET,FIXED_SLOT_IDLE,H2_FIXED_PER_MINER_HARDWARE,0.1,0.0,False,600.0,10000.0,1666.6666666666667,100.0,30000.0,17,17,0,7712.460000000501,2992287.539999981,0.0,12854100,0,30694121.400000237,8.5261448333334,3.7941344508333628,0.5015379313725529,1.5122470588235293,0.2570820000000167,1.0,2999999.9999999814,77,2e-06,False
300,1000000,INDEPENDENT_HEADERS_FULL_PER_MINER_BUDGET,FIXED_SLOT_IDLE,H2_FIXED_PER_MINER_HARDWARE,0.1,0.0,False,600.0,10000.0,1666.6666666666667,100.0,30000.0,17,17,0,6555.960000000602,2993444.0400000173,0.0,10926600,0,30590036.39999992,8.497232333333312,3.7812683883333236,0.4998371960784301,1.2854823529411765,0.21853200000002007,1.0,3000000.0000000177,76,2e-06,False
300,1000000,INDEPENDENT_HEADERS_FULL_PER_MINER_BUDGET,FIXED_SLOT_IDLE,H2_FIXED_PER_MINER_HARDWARE,0.1,0.0,False,600.0,10000.0,1666.6666666666667,100.0,30000.0,17,17,0,5535.00000000049,2994464.99999999,0.0,9225000,0,30498150.000000004,8.471708333333334,3.7699102083333336,0.4983357843137255,1.0852941176470587,0.18450000000001635,1.0,2999999.9999999907,78,2e-06,False
300,1000000,INDEPENDENT_HEADERS_FULL_PER_MINER_BUDGET,FIXED_SLOT_IDLE,H2_FIXED_PER_MINER_HARDWARE,0.1,0.0,False,600.0,10000.0,1666.6666666666667,100.0,30000.0,17,17,0,5842.2599999999875,2994157.7399999867,0.0,9737100,0,30525803.399999876,8.479389833333299,3.773328475833318,0.49878763725489994,1.1455411764705883,0.19474199999999958,1.0,2999999.9999999865,80,2e-06,False
300,1000000,INDEPENDENT_HEADERS_FULL_PER_MINER_BUDGET,FIXED_SLOT_IDLE,H2_FIXED_PER_MINER_HARDWARE,0.1,0.0,False,600.0,10000.0,1666.6666666666667,100.0,30000.0,17,17,0,3866.220000000023,2996133.7800000207,0.0,6443700,0,30347959.800000098,8.429988833333361,3.751345030833346,0.495881696078433,0.7580823529411764,0.12887400000000077,1.0,3000000.000000021,79,2e-06,False
300,1000000,INDEPENDENT_HEADERS_FULL_PER_MINER_BUDGET,FIXED_SLOT_IDLE,H2_FIXED_PER_MINER_HARDWARE,0.1,0.0,False,600.0,10000.0,1666.6666666666667,100.0,30000.0,17,17,0,4831.020000000376,2995168.9800000167,0.0,8051700,0,30434791.800000224,8.454108833333395,3.762078430833361,0.49730051960784677,0.9472588235294116,0.16103400000001253,1.0,3000000.000000017,81,2e-06,False
300,1000000,INDEPENDENT_HEADERS_FULL_PER_MINER_BUDGET,FIXED_SLOT_IDLE,H2_FIXED_PER_MINER_HARDWARE,0.1,0.0,False,600.0,10000.0,1666.6666666666667,100.0,30000.0,17,17,0,4607.6399999997275,2995392.3599999896,0.0,7679400,0,30414687.59999989,8.448524333333303,3.75959332833332,0.4969720196078414,0.9034588235294115,0.15358799999999093,1.0,2999999.9999999893,82,2e-06,False
300,1000000,INDEPENDENT_HEADERS_FULL_PER_MINER_BUDGET,FIXED_SLOT_IDLE,H2_FIXED_PER_MINER_HARDWARE,0.1,0.0,False,600.0,10000.0,1666.6666666666667,100.0,30000.0,17,17,0,4732.020000000189,2995267.980000011,0.0,7886700,0,30425881.799999874,8.451633833333299,3.760977055833318,0.49715493137254696,0.9278470588235292,0.15773400000000629,1.0,3000000.000000011,83,2e-06,False
300,1000000,INDEPENDENT_HEADERS_FULL_PER_MINER_BUDGET,FIXED_SLOT_IDLE,H2_FIXED_PER_MINER_HARDWARE,0.1,0.0,False,600.0,10000.0,1666.6666666666667,100.0,30000.0,17,17,0,4049.8199999997655,2995950.1799999853,0.0,6749700,0,30364483.79999983,8.434578833333285,3.753387580833312,0.4961516960784285,0.7940823529411765,0.13499399999999218,1.0,2999999.999999985,85,2e-06,False
300,1000000,INDEPENDENT_HEADERS_FULL_PER_MINER_BUDGET,FIXED_SLOT_IDLE,H2_FIXED_PER_MINER_HARDWARE,0.1,0.0,False,600.0,10000.0,1666.6666666666667,100.0,30000.0,17,17,0,3828.4199999991392,2996171.579999989,0.0,6380700,0,30344557.800000086,8.429043833333358,3.7509245058333445,0.4958261078431387,0.7506705882352941,0.1276139999999713,1.0,2999999.999999988,84,2e-06,False
300,1000000,INDEPENDENT_HEADERS_FULL_PER_MINER_BUDGET,FIXED_SLOT_IDLE,H2_FIXED_PER_MINER_HARDWARE,0.1,0.0,False,600.0,10000.0,1666.6666666666667,100.0,30000.0,17,17,0,3976.2000000003527,2996023.799999989,0.0,6627000,0,30357857.999999896,8.432738333333305,3.7525685583333206,0.4960434313725473,0.7796470588235294,0.13254000000001176,1.0,2999999.9999999893,86,2e-06,False
300,1000000,INDEPENDENT_HEADERS_FULL_PER_MINER_BUDGET,FIXED_SLOT_IDLE,H2_FIXED_PER_MINER_HARDWARE,0.1,0.0,False,600.0,10000.0,1666.6666666666667,100.0,30000.0,17,17,0,6175.080000000255,2993824.9199999967,0.0,10291800,0,30555757.20000006,8.48771033333335,3.777031098333341,0.49927707843137353,1.2107999999999999,0.2058360000000085,1.0,2999999.9999999967,87,2e-06,False
300,1000000,INDEPENDENT_HEADERS_FULL_PER_MINER_BUDGET,FIXED_SLOT_IDLE,H2_FIXED_PER_MINER_HARDWARE,0.1,0.0,False,600.0,10000.0,1666.6666666666667,100.0,30000.0,17,17,0,4883.39999999899,2995116.600000011,0.0,8139000,0,30439505.99999987,8.455418333333297,3.762661158333317,0.4973775490196057,0.9575294117647059,0.16277999999996634,1.0,3000000.00000001,88,2e-06,False
300,1000000,INDEPENDENT_HEADERS_FULL_PER_MINER_BUDGET,FIXED_SLOT_IDLE,H2_FIXED_PER_MINER_HARDWARE,0.1,0.0,False,600.0,10000.0,1666.6666666666667,100.0,30000.0,17,17,0,5525.28000000075,2994474.72000001,0.0,9208800,0,30497275.19999991,8.471465333333308,3.769802073333322,0.4983214901960769,1.0833882352941175,0.184176000000025,1.0,3000000.0000000107,89,2e-06,False
300,1000000,INDEPENDENT_HEADERS_FULL_PER_MINER_BUDGET,FIXED_SLOT_IDLE,H2_FIXED_PER_MINER_HARDWARE,0.1,0.0,False,600.0,10000.0,1666.6666666666667,100.0,30000.0,17,17,0,7113.600000000152,2992886.4000000064,0.0,11856000,0,30640223.99999977,8.51117333333327,3.787472133333305,0.500657254901957,1.3948235294117648,0.23712000000000508,1.0,3000000.0000000065,90,2e-06,False
300,1000000,INDEPENDENT_HEADERS_FULL_PER_MINER_BUDGET,FIXED_SLOT_IDLE,H2_FIXED_PER_MINER_HARDWARE,0.1,0.0,False,600.0,10000.0,1666.6666666666667,100.0,30000.0,17,17,0,5358.779999999849,2994641.2199999793,0.0,8931300,0,30482290.199999902,8.467302833333306,3.7679497608333214,0.49807663725490037,1.050741176470588,0.17862599999999496,1.0,2999999.999999979,92,2e-06,False
300,1000000,INDEPENDENT_HEADERS_FULL_PER_MINER_BUDGET,FIXED_SLOT_IDLE,H2_FIXED_PER_MINER_HARDWARE,0.1,0.0,False,600.0,10000.0,1666.6666666666667,100.0,30000.0,17,17,0,4084.559999999619,2995915.4400000228,0.0,6807600,0,30367610.40000014,8.435447333333371,3.7537740633333505,0.4962027843137277,0.8008941176470588,0.13615199999998728,1.0,3000000.0000000224,94,2e-06,False
300,1000000,INDEPENDENT_HEADERS_FULL_PER_MINER_BUDGET,FIXED_SLOT_IDLE,H2_FIXED_PER_MINER_HARDWARE,0.1,0.0,False,600.0,10000.0,1666.6666666666667,100.0,30000.0,17,17,0,4593.600000000122,2995406.4000000143,0.0,7656000,0,30413423.99999977,8.44817333333327,3.759437133333305,0.49695137254901584,0.900705882352941,0.1531200000000041,1.0,3000000.0000000144,91,2e-06,False
300,1000000,INDEPENDENT_HEADERS_FULL_PER_MINER_BUDGET,FIXED_SLOT_IDLE,H2_FIXED_PER_MINER_HARDWARE,0.1,0.0,False,600.0,10000.0,1666.6666666666667,100.0,30000.0,17,17,0,4278.779999999732,2995721.219999996,0.0,7131300,0,30385090.1999999,8.440302833333305,3.755934760833321,0.4964884019607827,0.8389764705882353,0.14262599999999107,1.0,2999999.999999996,97,2e-06,False
300,1000000,INDEPENDENT_HEADERS_FULL_PER_MINER_BUDGET,FIXED_SLOT_IDLE,H2_FIXED_PER_MINER_HARDWARE,0.1,0.0,False,600.0,10000.0,1666.6666666666667,100.0,30000.0,17,17,0,6376.500000000388,2993623.5000000214,0.0,10627500,0,30573884.99999985,8.492745833333291,3.7792718958333147,0.49957328431372305,1.2502941176470586,0.21255000000001295,1.0,3000000.000000022,96,2e-06,False
300,1000000,INDEPENDENT_HEADERS_FULL_PER_MINER_BUDGET,FIXED_SLOT_IDLE,H2_FIXED_PER_MINER_HARDWARE,0.1,0.0,False,600.0,10000.0,1666.6666666666667,100.0,30000.0,17,17,0,3294.720000000646,2996705.279999983,0.0,5491200,0,30296524.800000105,8.415701333333363,3.7449870933333465,0.49504125490196255,0.6460235294117647,0.10982400000002154,1.0,2999999.9999999837,95,2e-06,False
300,1000000,INDEPENDENT_HEADERS_FULL_PER_MINER_BUDGET,FIXED_SLOT_IDLE,H2_FIXED_PER_MINER_HARDWARE,0.1,0.0,False,600.0,10000.0,1666.6666666666667,100.0,30000.0,17,17,0,5113.8000000004395,2994886.199999985,0.0,8523000,0,30460242.000000156,8.461178333333377,3.765224358333353,0.4977163725490222,1.0027058823529411,0.17046000000001466,1.0,2999999.999999985,98,2e-06,False
300,1000000,INDEPENDENT_HEADERS_FULL_PER_MINER_BUDGET,FIXED_SLOT_IDLE,H2_FIXED_PER_MINER_HARDWARE,0.1,0.0,False,600.0,10000.0,1666.6666666666667,100.0,30000.0,17,17,0,3266.9999999994584,2996732.999999998,0.0,5445000,0,30294030.00000014,8.415008333333372,3.7446787083333506,0.4950004901960807,0.6405882352941177,0.10889999999998196,1.0,2999999.9999999977,93,2e-06,False
400,1000000,COMMON_TEMPLATE_DUPLICATE_BASELINE,FIXED_SLOT_IDLE,H2_FIXED_PER_MINER_HARDWARE,0.1,0.0,False,600.0,10000.0,1666.6666666666667,100.0,40000.0,17,14,3,1667695.1999999871,2332304.8000000212,0.0,6948730,2772543270,190092567.9999989,52.8034911111108,23.497553544444308,3.7716779365079143,169.2312857142857,41.69237999999968,0.8235294117647058,4000000.0000000084,0,2e-06,False
400,1000000,COMMON_TEMPLATE_DUPLICATE_BASELINE,FIXED_SLOT_IDLE,H2_FIXED_PER_MINER_HARDWARE,0.1,0.0,False,600.0,10000.0,1666.6666666666667,100.0,40000.0,17,11,6,2343052.3199999873,1656947.680000006,0.0,9762718,3895324482,250874708.80000275,69.68741911111188,31.010901504444785,6.335219919191989,205.23916363636363,58.57630799999968,0.6470588235294118,3999999.9999999935,1,2e-06,False
300,1000000,INDEPENDENT_HEADERS_FULL_PER_MINER_BUDGET,FIXED_SLOT_IDLE,H2_FIXED_PER_MINER_HARDWARE,0.1,0.0,False,600.0,10000.0,1666.6666666666667,100.0,30000.0,17,17,0,2596.85999999915,2997403.139999986,0.0,4328100,0,30233717.39999979,8.398254833333276,3.7372234008333076,0.49401499019607503,0.5091882352941175,0.08656199999997168,1.0,2999999.999999985,99,2e-06,False
400,1000000,COMMON_TEMPLATE_DUPLICATE_BASELINE,FIXED_SLOT_IDLE,H2_FIXED_PER_MINER_HARDWARE,0.1,0.0,False,600.0,10000.0,1666.6666666666667,100.0,40000.0,17,16,1,1574670.2399999897,2425329.76,0.0,6561126,2617889274,181720321.5999996,50.477867111111,22.462650864444395,3.1548666944444377,208.542225,39.36675599999975,0.9411764705882353,3999999.9999999898,7,2e-06,False
400,1000000,COMMON_TEMPLATE_DUPLICATE_BASELINE,FIXED_SLOT_IDLE,H2_FIXED_PER_MINER_HARDWARE,0.1,0.0,False,600.0,10000.0,1666.6666666666667,100.0,40000.0,17,14,3,1917889.1999999995,2082110.8000000005,0.0,7991205,3188490795,212610027.9999981,59.05834111111058,26.28096179444421,4.218452936507899,213.90878571428567,47.94722999999998,0.8235294117647058,4000000.0,8,2e-06,False
400,1000000,COMMON_TEMPLATE_DUPLICATE_BASELINE,FIXED_SLOT_IDLE,H2_FIXED_PER_MINER_HARDWARE,0.1,0.0,False,600.0,10000.0,1666.6666666666667,100.0,40000.0,17,15,2,1672940.5600000112,2327059.4399999874,0.0,7303919,2914263681,190564650.39999884,52.93462511111079,23.5559081744443,3.5289750074073862,212.15675999999996,41.82351400000028,0.8823529411764706,3999999.9999999986,9,2e-06,False
400,1000000,COMMON_TEMPLATE_DUPLICATE_BASELINE,FIXED_SLOT_IDLE,H2_FIXED_PER_MINER_HARDWARE,0.1,0.0,False,600.0,10000.0,1666.6666666666667,100.0,40000.0,17,17,0,1276313.9999999974,2723685.9999999977,0.0,5317975,2121872025,154868260.00000116,43.01896111111144,19.14343769444459,2.530527124183026,187.6932352941176,31.907849999999936,1.0,3999999.9999999953,3,2e-06,False
400,1000000,COMMON_TEMPLATE_DUPLICATE_BASELINE,FIXED_SLOT_IDLE,H2_FIXED_PER_MINER_HARDWARE,0.1,0.0,False,600.0,10000.0,1666.6666666666667,100.0,40000.0,17,13,4,2540994.9599999944,1459005.040000005,0.0,10587479,4224404121,268689546.39999884,74.63598511111078,33.2130133744443,5.7412296239315985,304.0374923076923,63.52487399999986,0.7647058823529411,3999999.999999999,10,2e-06,False
400,1000000,COMMON_TEMPLATE_DUPLICATE_BASELINE,FIXED_SLOT_IDLE,H2_FIXED_PER_MINER_HARDWARE,0.1,0.0,False,600.0,10000.0,1666.6666666666667,100.0,40000.0,17,16,1,1253629.2,2746370.800000002,0.0,5223455,2084158545,152826627.99999845,42.45184111111068,18.891069294444254,2.6532400694444176,158.3795625,31.34073,0.9411764705882353,4000000.000000002,4,2e-06,False
400,1000000,COMMON_TEMPLATE_DUPLICATE_BASELINE,FIXED_SLOT_IDLE,H2_FIXED_PER_MINER_HARDWARE,0.1,0.0,False,600.0,10000.0,1666.6666666666667,100.0,40000.0,17,15,2,1830061.4400000095,2169938.5599999903,0.0,7625256,3042477144,204705529.60000032,56.8626471111112,25.303877964444485,3.790843140740747,225.01024,45.751536000000236,0.8823529411764706,4000000.0,6,2e-06,False
400,1000000,COMMON_TEMPLATE_DUPLICATE_BASELINE,FIXED_SLOT_IDLE,H2_FIXED_PER_MINER_HARDWARE,0.1,0.0,False,600.0,10000.0,1666.6666666666667,100.0,40000.0,17,14,3,1841365.44000001,2158634.5599999866,0.0,7672356,3061270044,205722889.60000178,57.14524711111161,25.429634964444666,4.0818033650794,200.24382857142857,46.034136000000245,0.8235294117647058,3999999.9999999963,2,2e-06,False
400,1000000,COMMON_TEMPLATE_DUPLICATE_BASELINE,FIXED_SLOT_IDLE,H2_FIXED_PER_MINER_HARDWARE,0.1,0.0,False,600.0,10000.0,1666.6666666666667,100.0,40000.0,17,14,3,1965303.6000000113,2034696.399999988,0.0,8188765,3267317235,216877324.00000075,60.24370111111132,26.808446994444537,4.303121507936523,222.37564285714288,49.132590000000285,0.8235294117647058,3999999.999999999,5,2e-06,False
400,1000000,COMMON_TEMPLATE_DUPLICATE_BASELINE,FIXED_SLOT_IDLE,H2_FIXED_PER_MINER_HARDWARE,0.1,0.0,False,600.0,10000.0,1666.6666666666667,100.0,40000.0,17,16,1,1454209.9200000048,2545790.0800000113,0.0,6059208,2417623992,170878892.7999985,47.46635911111069,21.12252980444426,2.966647444444418,189.7203,36.35524800000012,0.9411764705882353,4000000.000000016,11,2e-06,False
400,1000000,COMMON_TEMPLATE_DUPLICATE_BASELINE,FIXED_SLOT_IDLE,H2_FIXED_PER_MINER_HARDWARE,0.1,0.0,False,600.0,10000.0,1666.6666666666667,100.0,40000.0,17,14,3,1878985.6800000123,2121014.319999988,0.0,7829107,3123813693,209108711.19999906,58.085753111110854,25.84816013444433,4.1489823650793465,206.9617285714286,46.97464200000031,0.8235294117647058,4000000.0000000005,12,2e-06,False
400,1000000,COMMON_TEMPLATE_DUPLICATE_BASELINE,FIXED_SLOT_IDLE,H2_FIXED_PER_MINER_HARDWARE,0.1,0.0,False,600.0,10000.0,1666.6666666666667,100.0,40000.0,17,15,2,1498940.4000000076,2501059.6000000066,0.0,6245585,2491988415,174904636.00000113,48.584621111111424,21.620156394444585,3.2389747407407614,169.82340000000002,37.47351000000019,0.8823529411764706,4000000.000000014,14,2e-06,False
400,1000000,COMMON_TEMPLATE_DUPLICATE_BASELINE,FIXED_SLOT_IDLE,H2_FIXED_PER_MINER_HARDWARE,0.1,0.0,False,600.0,10000.0,1666.6666666666667,100.0,40000.0,17,17,0,1421941.6800000032,2578058.320000008,0.0,5924757,2363978043,167974751.2000001,46.65965311111114,20.76354563444446,2.7446854771241846,209.10907058823528,35.54854200000008,1.0,4000000.000000011,13,2e-06,False
400,1000000,COMMON_TEMPLATE_DUPLICATE_BASELINE,FIXED_SLOT_IDLE,H2_FIXED_PER_MINER_HARDWARE,0.1,0.0,False,600.0,10000.0,1666.6666666666667,100.0,40000.0,17,14,3,1688832.959999989,2311167.040000004,0.0,7036804,2807684796,191994966.40000024,53.33193511111118,23.732711124444474,3.809423936507941,173.00588571428574,42.22082399999972,0.8235294117647058,3999999.9999999935,15,2e-06,False
400,1000000,COMMON_TEMPLATE_DUPLICATE_BASELINE,FIXED_SLOT_IDLE,H2_FIXED_PER_MINER_HARDWARE,0.1,0.0,False,600.0,10000.0,1666.6666666666667,100.0,40000.0,17,15,2,1449568.719999991,2550431.280000007,0.0,6373203,2542907997,170461184.80000052,47.35032911111126,21.070896454444508,3.156688607407417,174.92811999999998,36.23921799999977,0.8823529411764706,3999999.9999999977,16,2e-06,False
400,1000000,COMMON_TEMPLATE_DUPLICATE_BASELINE,FIXED_SLOT_IDLE,H2_FIXED_PER_MINER_HARDWARE,0.1,0.0,False,600.0,10000.0,1666.6666666666667,100.0,40000.0,17,16,1,1351320.9599999988,2648679.0400000145,0.0,5630504,2246571096,161618886.40000007,44.894135111111126,19.97789012444445,2.8058834444444454,173.6439,33.78302399999997,0.9411764705882353,4000000.000000013,18,2e-06,False
400,1000000,COMMON_TEMPLATE_DUPLICATE_BASELINE,FIXED_SLOT_IDLE,H2_FIXED_PER_MINER_HARDWARE,0.1,0.0,False,600.0,10000.0,1666.6666666666667,100.0,40000.0,17,17,0,1461782.160000006,2538217.839999997,0.0,6090759,2430212841,171560394.40000048,47.65566511111125,21.206770974444506,2.8032744183006617,214.96796470588237,36.54455400000015,1.0,4000000.000000003,17,2e-06,False
400,1000000,COMMON_TEMPLATE_DUPLICATE_BASELINE,FIXED_SLOT_IDLE,H2_FIXED_PER_MINER_HARDWARE,0.1,0.0,False,600.0,10000.0,1666.6666666666667,100.0,40000.0,17,13,4,1764655.9200000016,2235344.0799999987,0.0,7352733,2933740467,198819032.7999988,55.22750911111078,24.576241554444294,4.248269931623906,154.7415230769231,44.11639800000004,0.7647058823529411,4000000.0,19,2e-06,False
400,1000000,COMMON_TEMPLATE_DUPLICATE_BASELINE,FIXED_SLOT_IDLE,H2_FIXED_PER_MINER_HARDWARE,0.1,0.0,False,600.0,10000.0,1666.6666666666667,100.0,40000.0,17,13,4,2181834.399999983,1818165.600000016,0.0,9424310,3760299690,236365096.0000011,65.65697111111142,29.217352144444583,5.050536239316263,250.3527692307692,54.54585999999958,0.7647058823529411,3999999.999999999,20,2e-06,False
400,1000000,COMMON_TEMPLATE_DUPLICATE_BASELINE,FIXED_SLOT_IDLE,H2_FIXED_PER_MINER_HARDWARE,0.1,0.0,False,600.0,10000.0,1666.6666666666667,100.0,40000.0,17,13,4,1987537.2000000195,2012462.7999999803,0.0,8281405,3304280595,218878348.00000116,60.79954111111143,27.055795794444588,4.676887777777802,197.60330769230768,49.68843000000049,0.7647058823529411,4000000.0,21,2e-06,False
400,1000000,COMMON_TEMPLATE_DUPLICATE_BASELINE,FIXED_SLOT_IDLE,H2_FIXED_PER_MINER_HARDWARE,0.1,0.0,False,600.0,10000.0,1666.6666666666667,100.0,40000.0,17,14,3,1594592.1600000004,2405407.8399999877,0.0,6644134,2651009466,183513294.40000048,50.97591511111125,22.684282224444505,3.6411367936508037,156.1771714285714,39.86480400000001,0.8235294117647058,3999999.999999988,22,2e-06,False
400,1000000,COMMON_TEMPLATE_DUPLICATE_BASELINE,FIXED_SLOT_IDLE,H2_FIXED_PER_MINER_HARDWARE,0.1,0.0,False,600.0,10000.0,1666.6666666666667,100.0,40000.0,17,11,6,2264397.1199999843,1735602.880000016,0.0,9434988,3764560212,243795740.7999993,67.72103911111091,30.135862404444357,6.156458101010083,187.36298181818185,56.609927999999606,0.6470588235294118,4000000.0,25,2e-06,False
400,1000000,COMMON_TEMPLATE_DUPLICATE_BASELINE,FIXED_SLOT_IDLE,H2_FIXED_PER_MINER_HARDWARE,0.1,0.0,False,600.0,10000.0,1666.6666666666667,100.0,40000.0,17,15,2,1511158.8000000133,2488841.1999999885,0.0,6296495,2512301505,176004291.9999994,48.890081111110945,21.75608609444437,3.2593387407407297,171.85979999999998,37.778970000000335,0.8823529411764706,4000000.000000002,26,2e-06,False
400,1000000,COMMON_TEMPLATE_DUPLICATE_BASELINE,FIXED_SLOT_IDLE,H2_FIXED_PER_MINER_HARDWARE,0.1,0.0,False,600.0,10000.0,1666.6666666666667,100.0,40000.0,17,16,1,1244814.239999995,2755185.759999989,0.0,5186726,2069503674,152033281.59999946,42.23146711111096,18.79300286444438,2.639466694444435,157.002225,31.120355999999877,0.9411764705882353,3999999.999999984,23,2e-06,False
400,1000000,COMMON_TEMPLATE_DUPLICATE_BASELINE,FIXED_SLOT_IDLE,H2_FIXED_PER_MINER_HARDWARE,0.1,0.0,False,600.0,10000.0,1666.6666666666667,100.0,40000.0,17,17,0,1307819.759999996,2692180.240000022,0.0,5449249,2174250351,157703778.39999986,43.80660511111107,19.493939274444426,2.576859124183004,192.32643529411766,32.695493999999904,1.0,4000000.000000018,24,2e-06,False
400,1000000,COMMON_TEMPLATE_DUPLICATE_BASELINE,FIXED_SLOT_IDLE,H2_FIXED_PER_MINER_HARDWARE,0.1,0.0,False,600.0,10000.0,1666.6666666666667,100.0,40000.0,17,16,1,1356348.2400000077,2643651.7599999914,0.0,5651451,2254928949,162071341.60000077,45.01981711111132,20.033818614444538,2.8137385694444577,174.42941249999996,33.908706000000194,0.9411764705882353,3999999.999999999,28,2e-06,False
400,1000000,COMMON_TEMPLATE_DUPLICATE_BASELINE,FIXED_SLOT_IDLE,H2_FIXED_PER_MINER_HARDWARE,0.1,0.0,False,600.0,10000.0,1666.6666666666667,100.0,40000.0,17,14,3,2131559.2799999937,1868440.720000005,0.0,8881497,3543717303,231840335.19999984,64.40009311111106,28.658041434444424,4.600006650793647,252.06415714285714,53.28898199999984,0.8235294117647058,3999999.999999999,27,2e-06,False
400,1000000,COMMON_TEMPLATE_DUPLICATE_BASELINE,FIXED_SLOT_IDLE,H2_FIXED_PER_MINER_HARDWARE,0.1,0.0,False,600.0,10000.0,1666.6666666666667,100.0,40000.0,17,14,3,1832741.7600000075,2167258.2399999895,0.0,7636424,3046933176,204946758.39999935,56.92965511111093,25.333696524444367,4.066403936507924,198.70388571428572,45.81854400000019,0.8235294117647058,3999999.999999997,30,2e-06,False
400,1000000,COMMON_TEMPLATE_DUPLICATE_BASELINE,FIXED_SLOT_IDLE,H2_FIXED_PER_MINER_HARDWARE,0.1,0.0,False,600.0,10000.0,1666.6666666666667,100.0,40000.0,17,12,5,2251366.7999999807,1748633.2000000137,0.0,9380695,3742897305,242623012.00000042,67.39528111111123,29.9909000944445,5.616273425925936,219.03475,56.28416999999951,0.7058823529411765,3999999.9999999944,29,2e-06,False
400,1000000,COMMON_TEMPLATE_DUPLICATE_BASELINE,FIXED_SLOT_IDLE,H2_FIXED_PER_MINER_HARDWARE,0.1,0.0,False,600.0,10000.0,1666.6666666666667,100.0,40000.0,17,16,1,1395758.8800000024,2604241.119999998,0.0,5815662,2320449138,165618299.1999993,46.00508311111092,20.47226198444436,2.8753176944444325,180.587325,34.89397200000006,0.9411764705882353,4000000.0,32,2e-06,False
400,1000000,COMMON_TEMPLATE_DUPLICATE_BASELINE,FIXED_SLOT_IDLE,H2_FIXED_PER_MINER_HARDWARE,0.1,0.0,False,600.0,10000.0,1666.6666666666667,100.0,40000.0,17,11,6,2307441.279999996,1692558.7199999955,0.0,9947672,3969121128,247669715.1999981,68.79714311111059,30.614728684444213,6.2542857373736895,215.32756363636364,57.686031999999905,0.6470588235294118,3999999.9999999916,31,2e-06,False
400,1000000,COMMON_TEMPLATE_DUPLICATE_BASELINE,FIXED_SLOT_IDLE,H2_FIXED_PER_MINER_HARDWARE,0.1,0.0,False,600.0,10000.0,1666.6666666666667,100.0,40000.0,17,12,5,2158776.159999992,1841223.8400000096,0.0,9328234,3721965366,234289854.4000021,65.0805151111117,28.960829224444705,5.4233762592593076,216.41169999999997,53.969403999999805,0.7058823529411765,4000000.000000002,33,2e-06,False
400,1000000,COMMON_TEMPLATE_DUPLICATE_BASELINE,FIXED_SLOT_IDLE,H2_FIXED_PER_MINER_HARDWARE,0.1,0.0,False,600.0,10000.0,1666.6666666666667,100.0,40000.0,17,13,4,1923717.9999999905,2076282.000000011,0.0,8348825,3331181175,213134620.00000125,59.20406111111146,26.3458071944446,4.554158547008574,200.715,48.09294999999976,0.7647058823529411,4000000.0000000014,35,2e-06,False
400,1000000,COMMON_TEMPLATE_DUPLICATE_BASELINE,FIXED_SLOT_IDLE,H2_FIXED_PER_MINER_HARDWARE,0.1,0.0,False,600.0,10000.0,1666.6666666666667,100.0,40000.0,17,13,4,2233436.6399999876,1766563.360000008,0.0,9305986,3713088414,241009297.59999827,66.94702711111063,29.791427064444232,5.1497713162392795,244.89166153846156,55.835915999999685,0.7647058823529411,3999999.9999999953,36,2e-06,False
400,1000000,COMMON_TEMPLATE_DUPLICATE_BASELINE,FIXED_SLOT_IDLE,H2_FIXED_PER_MINER_HARDWARE,0.1,0.0,False,600.0,10000.0,1666.6666666666667,100.0,40000.0,17,16,1,1863544.5600000145,2136455.4399999864,0.0,7764769,3098142831,207719010.3999982,57.69972511111061,25.676377674444222,3.606232819444413,253.67883750000001,46.58861400000036,0.9411764705882353,4000000.000000001,34,2e-06,False
400,1000000,COMMON_TEMPLATE_DUPLICATE_BASELINE,FIXED_SLOT_IDLE,H2_FIXED_PER_MINER_HARDWARE,0.1,0.0,False,600.0,10000.0,1666.6666666666667,100.0,40000.0,17,15,2,1612068.7199999876,2387931.280000011,0.0,6716953,2680064247,185086184.80000085,51.41282911111134,22.878708954444548,3.427521940740756,188.67812,40.30171799999969,0.8823529411764706,3999999.9999999986,37,2e-06,False
400,1000000,COMMON_TEMPLATE_DUPLICATE_BASELINE,FIXED_SLOT_IDLE,H2_FIXED_PER_MINER_HARDWARE,0.1,0.0,False,600.0,10000.0,1666.6666666666667,100.0,40000.0,17,17,0,1215415.9200000023,2784584.0800000187,0.0,5064233,2020628967,149387432.80000004,41.49650911111112,18.46594655444445,2.440971124183007,178.73763529411767,30.385398000000055,1.0,4000000.000000021,40,2e-06,False
400,1000000,COMMON_TEMPLATE_DUPLICATE_BASELINE,FIXED_SLOT_IDLE,H2_FIXED_PER_MINER_HARDWARE,0.1,0.0,False,600.0,10000.0,1666.6666666666667,100.0,40000.0,17,15,2,1630442.3999999932,2369557.600000005,0.0,6793510,2710610490,186739815.99999988,51.87217111111108,23.083116144444432,3.4581447407407384,191.74040000000005,40.76105999999983,0.8823529411764706,3999999.999999998,41,2e-06,False
400,1000000,COMMON_TEMPLATE_DUPLICATE_BASELINE,FIXED_SLOT_IDLE,H2_FIXED_PER_MINER_HARDWARE,0.1,0.0,False,600.0,10000.0,1666.6666666666667,100.0,40000.0,17,13,4,1538434.3200000003,2461565.6799999997,0.0,6410143,2557647057,178459088.80000088,49.57196911111136,22.059526254444556,3.813228393162412,111.23736923076922,38.46085800000001,0.7647058823529411,4000000.0,38,2e-06,False
400,1000000,COMMON_TEMPLATE_DUPLICATE_BASELINE,FIXED_SLOT_IDLE,H2_FIXED_PER_MINER_HARDWARE,0.1,0.0,False,600.0,10000.0,1666.6666666666667,100.0,40000.0,17,15,2,1679239.599999994,2320760.400000012,0.0,7150589,2853085011,191131563.99999884,53.092101111110786,23.6259849944443,3.5394734074073857,206.02355999999997,41.98098999999985,0.8823529411764706,4000000.000000006,39,2e-06,False
400,1000000,COMMON_TEMPLATE_DUPLICATE_BASELINE,FIXED_SLOT_IDLE,H2_FIXED_PER_MINER_HARDWARE,0.1,0.0,False,600.0,10000.0,1666.6666666666667,100.0,40000.0,17,16,1,1188081.3599999996,2811918.64,0.0,4950339,1975185261,146927322.399999,40.813145111110835,18.16184957444432,2.550821569444427,148.13771249999996,29.702033999999994,0.9411764705882353,4000000.0,42,2e-06,False
400,1000000,COMMON_TEMPLATE_DUPLICATE_BASELINE,FIXED_SLOT_IDLE,H2_FIXED_PER_MINER_HARDWARE,0.1,0.0,False,600.0,10000.0,1666.6666666666667,100.0,40000.0,17,15,2,1806556.7999999975,2193443.2000000025,0.0,7527320,3003400680,202590112.00000045,56.27503111111123,25.0423888444445,3.7516687407407487,221.09279999999998,45.16391999999994,0.8823529411764706,4000000.0,43,2e-06,False
400,1000000,COMMON_TEMPLATE_DUPLICATE_BASELINE,FIXED_SLOT_IDLE,H2_FIXED_PER_MINER_HARDWARE,0.1,0.0,False,600.0,10000.0,1666.6666666666667,100.0,40000.0,17,15,2,2007550.5599999859,1992449.4400000141,0.0,8364794,3337552806,220679550.3999983,61.299875111110644,27.27844442444424,4.086658340740709,254.59176,50.18876399999965,0.8823529411764706,4000000.0,47,2e-06,False
400,1000000,COMMON_TEMPLATE_DUPLICATE_BASELINE,FIXED_SLOT_IDLE,H2_FIXED_PER_MINER_HARDWARE,0.1,0.0,False,600.0,10000.0,1666.6666666666667,100.0,40000.0,17,15,2,1817339.039999993,2182660.960000007,0.0,7572246,3021326154,203560513.6000006,56.54458711111128,25.162341264444517,3.7696391407407517,222.88984,45.43347599999983,0.8823529411764706,4000000.0,44,2e-06,False
400,1000000,COMMON_TEMPLATE_DUPLICATE_BASELINE,FIXED_SLOT_IDLE,H2_FIXED_PER_MINER_HARDWARE,0.1,0.0,False,600.0,10000.0,1666.6666666666667,100.0,40000.0,17,13,4,2010044.1599999797,1989955.84000002,0.0,8375184,3341698416,220903974.39999872,61.36221511111076,27.306185724444287,4.720170393162366,201.93156923076924,50.25110399999949,0.7647058823529411,4000000.0,45,2e-06,False
400,1000000,COMMON_TEMPLATE_DUPLICATE_BASELINE,FIXED_SLOT_IDLE,H2_FIXED_PER_MINER_HARDWARE,0.1,0.0,False,600.0,10000.0,1666.6666666666667,100.0,40000.0,17,15,2,1722053.760000012,2277946.239999989,0.0,7175224,2862914376,194984838.39999843,54.162455111110674,24.102292524444252,3.6108303407407116,207.00896,43.0513440000003,0.8823529411764706,4000000.000000001,46,2e-06,False
400,1000000,COMMON_TEMPLATE_DUPLICATE_BASELINE,FIXED_SLOT_IDLE,H2_FIXED_PER_MINER_HARDWARE,0.1,0.0,False,600.0,10000.0,1666.6666666666667,100.0,40000.0,17,13,4,2340892.719999995,1659107.2800000126,0.0,10087053,4024734147,250680344.79999843,69.63342911111067,30.98687595444425,5.35641762393159,280.94090769230775,58.52231799999988,0.7647058823529411,4000000.0000000075,48,2e-06,False
400,1000000,COMMON_TEMPLATE_DUPLICATE_BASELINE,FIXED_SLOT_IDLE,H2_FIXED_PER_MINER_HARDWARE,0.1,0.0,False,600.0,10000.0,1666.6666666666667,100.0,40000.0,17,14,3,2084303.0399999812,1915696.9600000167,0.0,8684596,3465153804,227587273.59999767,63.21868711111046,28.132315764444154,4.515620507936462,243.62554285714285,52.10757599999953,0.8235294117647058,3999999.999999998,49,2e-06,False
400,1000000,COMMON_TEMPLATE_DUPLICATE_BASELINE,FIXED_SLOT_IDLE,H2_FIXED_PER_MINER_HARDWARE,0.1,0.0,False,600.0,10000.0,1666.6666666666667,100.0,40000.0,17,15,2,2197630.960000006,1802369.0399999935,0.0,9346669,3729320931,237786786.39999896,66.05188511111082,29.393088874444317,4.403459007407388,293.86675999999994,54.94077400000015,0.8823529411764706,3999999.9999999995,50,2e-06,False
400,1000000,COMMON_TEMPLATE_DUPLICATE_BASELINE,FIXED_SLOT_IDLE,H2_FIXED_PER_MINER_HARDWARE,0.1,0.0,False,600.0,10000.0,1666.6666666666667,100.0,40000.0,17,17,0,1582476.4800000004,2417523.5199999874,0.0,6593652,2630867148,182422883.20000088,50.673023111111355,22.549495284444554,2.9807660653594916,232.7171294117647,39.561912000000014,1.0,3999999.999999988,51,2e-06,False
400,1000000,COMMON_TEMPLATE_DUPLICATE_BASELINE,FIXED_SLOT_IDLE,H2_FIXED_PER_MINER_HARDWARE,0.1,0.0,False,600.0,10000.0,1666.6666666666667,100.0,40000.0,17,15,2,1819393.2000000025,2180606.7999999975,0.0,7580805,3024741195,203745387.99999958,56.595941111110996,25.185193794444395,3.773062740740733,223.23219999999998,45.48483000000006,0.8823529411764706,4000000.0,52,2e-06,False
400,1000000,COMMON_TEMPLATE_DUPLICATE_BASELINE,FIXED_SLOT_IDLE,H2_FIXED_PER_MINER_HARDWARE,0.1,0.0,False,600.0,10000.0,1666.6666666666667,100.0,40000.0,17,16,1,1347278.6399999976,2652721.3600000194,0.0,5613661,2239850739,161255077.60000113,44.79307711111142,19.932919314444582,2.799567319444464,173.0122875,33.68196599999994,0.9411764705882353,4000000.0000000168,53,2e-06,False
400,1000000,COMMON_TEMPLATE_DUPLICATE_BASELINE,FIXED_SLOT_IDLE,H2_FIXED_PER_MINER_HARDWARE,0.1,0.0,False,600.0,10000.0,1666.6666666666667,100.0,40000.0,17,15,2,1697805.5999999922,2302194.400000009,0.0,7074190,2822601810,192802503.99999937,53.55625111111094,23.832531744444367,3.5704167407407295,202.9676,42.4451399999998,0.8823529411764706,4000000.0000000014,54,2e-06,False
400,1000000,COMMON_TEMPLATE_DUPLICATE_BASELINE,FIXED_SLOT_IDLE,H2_FIXED_PER_MINER_HARDWARE,0.1,0.0,False,600.0,10000.0,1666.6666666666667,100.0,40000.0,17,11,6,2320398.0000000237,1679601.9999999842,0.0,9668325,3857661675,248835820.00000176,69.1210611111116,30.758872194444663,6.283732828282873,200.09045454545458,58.00995000000059,0.6470588235294118,4000000.000000008,56,2e-06,False
400,1000000,COMMON_TEMPLATE_DUPLICATE_BASELINE,FIXED_SLOT_IDLE,H2_FIXED_PER_MINER_HARDWARE,0.1,0.0,False,600.0,10000.0,1666.6666666666667,100.0,40000.0,17,14,3,2085072.719999984,1914927.2800000142,0.0,8687803,3466433397,227656544.7999987,63.23792911111075,28.140878454444284,4.516994936507911,243.76298571428566,52.126817999999595,0.8235294117647058,3999999.999999998,55,2e-06,False
400,1000000,COMMON_TEMPLATE_DUPLICATE_BASELINE,FIXED_SLOT_IDLE,H2_FIXED_PER_MINER_HARDWARE,0.1,0.0,False,600.0,10000.0,1666.6666666666667,100.0,40000.0,17,14,3,2316060.960000007,1683939.0399999933,0.0,9650254,3850451346,248445486.39999875,69.01263511111077,30.71062262444429,4.929473936507912,285.01088571428573,57.90152400000017,0.8235294117647058,4000000.0,57,2e-06,False
400,1000000,COMMON_TEMPLATE_DUPLICATE_BASELINE,FIXED_SLOT_IDLE,H2_FIXED_PER_MINER_HARDWARE,0.1,0.0,False,600.0,10000.0,1666.6666666666667,100.0,40000.0,17,17,0,1458478.3200000084,2541521.6799999936,0.0,6076993,2424720207,171263048.79999995,47.573069111111096,21.17001575444444,2.7984158300653585,214.48210588235293,36.46195800000021,1.0,4000000.000000002,59,2e-06,False
400,1000000,COMMON_TEMPLATE_DUPLICATE_BASELINE,FIXED_SLOT_IDLE,H2_FIXED_PER_MINER_HARDWARE,0.1,0.0,False,600.0,10000.0,1666.6666666666667,100.0,40000.0,17,16,1,1394882.0799999938,2605117.9199999915,0.0,6145342,2451991458,165539387.1999989,45.9831631111108,20.462507584444307,2.873947694444425,192.950325,34.87205199999984,0.9411764705882353,3999999.999999985,58,2e-06,False
400,1000000,COMMON_TEMPLATE_DUPLICATE_BASELINE,FIXED_SLOT_IDLE,H2_FIXED_PER_MINER_HARDWARE,0.1,0.0,False,600.0,10000.0,1666.6666666666667,100.0,40000.0,17,14,3,2044227.3599999961,1955772.6400000039,0.0,8517614,3398527986,223980462.39999866,62.21679511111074,27.68647382444428,4.444056793650767,236.4691714285714,51.105683999999904,0.8235294117647058,4000000.0,61,2e-06,False
400,1000000,COMMON_TEMPLATE_DUPLICATE_BASELINE,FIXED_SLOT_IDLE,H2_FIXED_PER_MINER_HARDWARE,0.1,0.0,False,600.0,10000.0,1666.6666666666667,100.0,40000.0,17,17,0,1396922.4000000062,2603077.5999999964,0.0,5820510,2322383490,165723016.0000003,46.03417111111119,20.48520614444448,2.7078924183006583,205.42976470588235,34.923060000000156,1.0,4000000.000000003,60,2e-06,False
400,1000000,COMMON_TEMPLATE_DUPLICATE_BASELINE,FIXED_SLOT_IDLE,H2_FIXED_PER_MINER_HARDWARE,0.1,0.0,False,600.0,10000.0,1666.6666666666667,100.0,40000.0,17,17,0,974148.7199999954,3025851.280000009,0.0,4058953,1619522247,127673384.79999933,35.46482911111092,15.781848954444362,2.0861664183006425,143.25716470588236,24.353717999999883,1.0,4000000.0000000047,62,2e-06,False
400,1000000,COMMON_TEMPLATE_DUPLICATE_BASELINE,FIXED_SLOT_IDLE,H2_FIXED_PER_MINER_HARDWARE,0.1,0.0,False,600.0,10000.0,1666.6666666666667,100.0,40000.0,17,16,1,1552083.6000000066,2447916.4000000046,0.0,6467015,2580338985,179687524.00000072,49.91320111111131,22.211374494444534,3.119575069444457,205.0130625,38.80209000000016,0.9411764705882353,4000000.000000011,63,2e-06,False
400,1000000,COMMON_TEMPLATE_DUPLICATE_BASELINE,FIXED_SLOT_IDLE,H2_FIXED_PER_MINER_HARDWARE,0.1,0.0,False,600.0,10000.0,1666.6666666666667,100.0,40000.0,17,14,3,1950145.4400000111,2049854.5599999886,0.0,8125606,3242116794,215513089.60000184,59.864747111111626,26.639812464444674,4.2760533650794015,219.66882857142855,48.75363600000028,0.8235294117647058,4000000.0,64,2e-06,False
400,1000000,COMMON_TEMPLATE_DUPLICATE_BASELINE,FIXED_SLOT_IDLE,H2_FIXED_PER_MINER_HARDWARE,0.1,0.0,False,600.0,10000.0,1666.6666666666667,100.0,40000.0,17,14,3,1805520.9599999918,2194479.0400000117,0.0,7523004,3001678596,202496886.39999944,56.24913511111095,25.030865124444375,4.017795365079354,193.84302857142853,45.138023999999795,0.8235294117647058,4000000.0000000037,65,2e-06,False
400,1000000,COMMON_TEMPLATE_DUPLICATE_BASELINE,FIXED_SLOT_IDLE,H2_FIXED_PER_MINER_HARDWARE,0.1,0.0,False,600.0,10000.0,1666.6666666666667,100.0,40000.0,17,16,1,1604700.480000015,2395299.519999994,0.0,6686252,2667814548,184423043.2000006,51.22862311111128,22.79673728444452,3.201788944444455,213.23445000000004,40.11751200000038,0.9411764705882353,4000000.0000000093,66,2e-06,False
400,1000000,COMMON_TEMPLATE_DUPLICATE_BASELINE,FIXED_SLOT_IDLE,H2_FIXED_PER_MINER_HARDWARE,0.1,0.0,False,600.0,10000.0,1666.6666666666667,100.0,40000.0,17,12,5,2174484.4800000032,1825515.5199999935,0.0,9060352,3615080448,235703603.1999979,65.47322311111053,29.135584284444185,5.456101925925878,203.01760000000002,54.36211200000008,0.7058823529411765,3999999.9999999967,67,2e-06,False
400,1000000,COMMON_TEMPLATE_DUPLICATE_BASELINE,FIXED_SLOT_IDLE,H2_FIXED_PER_MINER_HARDWARE,0.1,0.0,False,600.0,10000.0,1666.6666666666667,100.0,40000.0,17,17,0,850372.3199999927,3149627.6799999787,0.0,3543218,1413743982,116533508.79999997,32.370419111111104,14.404836504444441,1.9041423006535945,125.05475294117645,21.259307999999816,1.0,3999999.9999999716,72,2e-06,False
400,1000000,COMMON_TEMPLATE_DUPLICATE_BASELINE,FIXED_SLOT_IDLE,H2_FIXED_PER_MINER_HARDWARE,0.1,0.0,False,600.0,10000.0,1666.6666666666667,100.0,40000.0,17,13,4,1964591.7600000086,2035408.2399999907,0.0,8185799,3266133801,216813258.39999932,60.225905111110926,26.80052777444436,4.632761931623917,193.19072307692306,49.11479400000022,0.7647058823529411,3999999.999999999,68,2e-06,False
400,1000000,COMMON_TEMPLATE_DUPLICATE_BASELINE,FIXED_SLOT_IDLE,H2_FIXED_PER_MINER_HARDWARE,0.1,0.0,False,600.0,10000.0,1666.6666666666667,100.0,40000.0,17,16,1,1953058.3200000164,2046941.6799999834,0.0,8137743,3246959457,215775248.8000007,59.9375691111113,26.67221825444453,3.7460980694444563,267.6653625,48.82645800000041,0.9411764705882353,4000000.0,70,2e-06,False
400,1000000,COMMON_TEMPLATE_DUPLICATE_BASELINE,FIXED_SLOT_IDLE,H2_FIXED_PER_MINER_HARDWARE,0.1,0.0,False,600.0,10000.0,1666.6666666666667,100.0,40000.0,17,12,5,2611366.719999984,1388633.2799999977,0.0,10958518,4372448682,275023004.7999987,76.39527911111075,33.995899204444285,6.36627325925923,297.9259,65.2841679999996,0.7058823529411765,3999999.9999999814,69,2e-06,False
400,1000000,COMMON_TEMPLATE_DUPLICATE_BASELINE,FIXED_SLOT_IDLE,H2_FIXED_PER_MINER_HARDWARE,0.1,0.0,False,600.0,10000.0,1666.6666666666667,100.0,40000.0,17,11,6,2543229.120000006,1456770.8800000073,0.0,10596788,4228118412,268890620.79999745,74.6918391111104,33.23786840444413,6.790167191919127,250.73389090909086,63.58072800000016,0.6470588235294118,4000000.0000000135,71,2e-06,False
400,1000000,COMMON_TEMPLATE_DUPLICATE_BASELINE,FIXED_SLOT_IDLE,H2_FIXED_PER_MINER_HARDWARE,0.1,0.0,False,600.0,10000.0,1666.6666666666667,100.0,40000.0,17,14,3,1472187.1199999952,2527812.8799999896,0.0,6134113,2447511087,172496840.79999948,47.91578911111097,21.322526154444382,3.422556365079355,134.3191285714286,36.80467799999988,0.8235294117647058,3999999.999999985,73,2e-06,False
400,1000000,COMMON_TEMPLATE_DUPLICATE_BASELINE,FIXED_SLOT_IDLE,H2_FIXED_PER_MINER_HARDWARE,0.1,0.0,False,600.0,10000.0,1666.6666666666667,100.0,40000.0,17,11,6,2412188.159999997,1587811.840000003,0.0,10050784,4010262816,257096934.3999988,71.41581511111079,31.780037724444302,6.492346828282799,220.95185454545447,60.30470399999992,0.6470588235294118,4000000.0,75,2e-06,False
400,1000000,COMMON_TEMPLATE_DUPLICATE_BASELINE,FIXED_SLOT_IDLE,H2_FIXED_PER_MINER_HARDWARE,0.1,0.0,False,600.0,10000.0,1666.6666666666667,100.0,40000.0,17,14,3,1794705.360000015,2205294.639999984,0.0,7477939,2983697661,201523482.40000007,55.97874511111113,24.910541574444455,3.9984817936507953,191.91167142857142,44.86763400000037,0.8235294117647058,3999999.999999999,74,2e-06,False
400,1000000,COMMON_TEMPLATE_DUPLICATE_BASELINE,FIXED_SLOT_IDLE,H2_FIXED_PER_MINER_HARDWARE,0.1,0.0,False,600.0,10000.0,1666.6666666666667,100.0,40000.0,17,13,4,2147619.8400000096,1852380.1599999906,0.0,8948416,3570417984,233285785.59999803,64.80160711111056,28.836715164444197,4.984739008546966,228.38843076923075,53.69049600000024,0.7647058823529411,4000000.0,76,2e-06,False
400,1000000,COMMON_TEMPLATE_DUPLICATE_BASELINE,FIXED_SLOT_IDLE,H2_FIXED_PER_MINER_HARDWARE,0.1,0.0,False,600.0,10000.0,1666.6666666666667,100.0,40000.0,17,15,2,1686873.5999999857,2313126.4000000223,0.0,7028640,2804427360,191818624.00000075,53.282951111111316,23.710913244444537,3.5521967407407544,201.1456,42.17183999999964,0.8823529411764706,4000000.000000008,77,2e-06,False
400,1000000,COMMON_TEMPLATE_DUPLICATE_BASELINE,FIXED_SLOT_IDLE,H2_FIXED_PER_MINER_HARDWARE,0.1,0.0,False,600.0,10000.0,1666.6666666666667,100.0,40000.0,17,13,4,2213473.4400000204,1786526.559999985,0.0,9222806,3679899594,239212609.59999833,66.44794711111065,29.56933646444424,5.111380547008512,241.0525846153846,55.33683600000052,0.7647058823529411,4000000.0000000056,78,2e-06,False
400,1000000,COMMON_TEMPLATE_DUPLICATE_BASELINE,FIXED_SLOT_IDLE,H2_FIXED_PER_MINER_HARDWARE,0.1,0.0,False,600.0,10000.0,1666.6666666666667,100.0,40000.0,17,14,3,2098440.479999986,1901559.5200000124,0.0,8743502,3488657298,228859643.20000127,63.572123111111466,28.289594784444603,4.540865936507962,246.15008571428572,52.46101199999965,0.8235294117647058,3999999.999999998,82,2e-06,False
400,1000000,COMMON_TEMPLATE_DUPLICATE_BASELINE,FIXED_SLOT_IDLE,H2_FIXED_PER_MINER_HARDWARE,0.1,0.0,False,600.0,10000.0,1666.6666666666667,100.0,40000.0,17,14,3,1891314.7199999797,2108685.2800000226,0.0,7880478,3144310722,210218324.80000165,58.39397911111157,25.98532070444465,4.170998507936541,209.16334285714285,47.282867999999496,0.8235294117647058,4000000.0000000023,79,2e-06,False
400,1000000,COMMON_TEMPLATE_DUPLICATE_BASELINE,FIXED_SLOT_IDLE,H2_FIXED_PER_MINER_HARDWARE,0.1,0.0,False,600.0,10000.0,1666.6666666666667,100.0,40000.0,17,13,4,1859021.4399999953,2140978.560000003,0.0,7853113,3133392087,207311929.60000035,57.58664711111121,25.626057964444488,4.429742085470093,177.8359846153846,46.47553599999988,0.7647058823529411,3999999.999999998,80,2e-06,False
400,1000000,COMMON_TEMPLATE_DUPLICATE_BASELINE,FIXED_SLOT_IDLE,H2_FIXED_PER_MINER_HARDWARE,0.1,0.0,False,600.0,10000.0,1666.6666666666667,100.0,40000.0,17,15,2,1647342.16,2352657.84000001,0.0,7197259,2871706341,188260794.40000048,52.29466511111124,23.271125974444505,3.486311007407416,207.89035999999996,41.183554,0.8823529411764706,4000000.0000000102,81,2e-06,False
400,1000000,COMMON_TEMPLATE_DUPLICATE_BASELINE,FIXED_SLOT_IDLE,H2_FIXED_PER_MINER_HARDWARE,0.1,0.0,False,600.0,10000.0,1666.6666666666667,100.0,40000.0,17,14,3,2011419.5199999963,1988580.4800000037,0.0,8593142,3428663658,221027756.7999988,61.396599111110774,27.321486604444296,4.385471365079341,239.7060857142857,50.28548799999991,0.8235294117647058,4000000.0,85,2e-06,False
400,1000000,COMMON_TEMPLATE_DUPLICATE_BASELINE,FIXED_SLOT_IDLE,H2_FIXED_PER_MINER_HARDWARE,0.1,0.0,False,600.0,10000.0,1666.6666666666667,100.0,40000.0,17,15,2,1547484.9600000053,2452515.0399999856,0.0,6447854,2572693746,179273646.39999893,49.79823511111081,22.16021462444431,3.3198823407407207,177.91415999999998,38.68712400000013,0.8823529411764706,3999999.9999999907,83,2e-06,False
400,1000000,COMMON_TEMPLATE_DUPLICATE_BASELINE,FIXED_SLOT_IDLE,H2_FIXED_PER_MINER_HARDWARE,0.1,0.0,False,600.0,10000.0,1666.6666666666667,100.0,40000.0,17,12,5,2362089.1200000215,1637910.8799999873,0.0,9842038,3926973162,252588020.7999976,70.16333911111045,31.22268590444415,5.846944925925871,242.10190000000003,59.05222800000054,0.7058823529411765,4000000.000000009,84,2e-06,False
400,1000000,COMMON_TEMPLATE_DUPLICATE_BASELINE,FIXED_SLOT_IDLE,H2_FIXED_PER_MINER_HARDWARE,0.1,0.0,False,600.0,10000.0,1666.6666666666667,100.0,40000.0,17,15,2,1367612.6400000064,2632387.3599999957,0.0,5698386,2273656014,163085137.60000005,45.301427111111124,20.15913506444445,3.0200951407407417,147.93544,34.190316000000166,0.8823529411764706,4000000.000000002,86,2e-06,False
400,1000000,COMMON_TEMPLATE_DUPLICATE_BASELINE,FIXED_SLOT_IDLE,H2_FIXED_PER_MINER_HARDWARE,0.1,0.0,False,600.0,10000.0,1666.6666666666667,100.0,40000.0,17,16,1,1552904.1600000092,2447095.83999999,0.0,6470434,2581703166,179761374.3999994,49.93371511111095,22.22050322444437,3.1208571944444343,205.14127499999998,38.82260400000023,0.9411764705882353,3999999.999999999,88,2e-06,False
400,1000000,COMMON_TEMPLATE_DUPLICATE_BASELINE,FIXED_SLOT_IDLE,H2_FIXED_PER_MINER_HARDWARE,0.1,0.0,False,600.0,10000.0,1666.6666666666667,100.0,40000.0,17,16,1,1424186.8800000024,2575813.120000003,0.0,5934112,2367710688,168176819.19999957,46.715783111110994,20.788523484444394,2.919736444444437,185.0292,35.60467200000006,0.9411764705882353,4000000.0000000056,87,2e-06,False
400,1000000,COMMON_TEMPLATE_DUPLICATE_BASELINE,FIXED_SLOT_IDLE,H2_FIXED_PER_MINER_HARDWARE,0.1,0.0,False,600.0,10000.0,1666.6666666666667,100.0,40000.0,17,13,4,2308367.999999987,1691632.0000000068,0.0,9618200,3837661800,247753120.00000173,68.8203111111116,30.62503844444466,5.293870085470123,259.30153846153854,57.70919999999967,0.7647058823529411,3999999.9999999935,90,2e-06,False
400,1000000,COMMON_TEMPLATE_DUPLICATE_BASELINE,FIXED_SLOT_IDLE,H2_FIXED_PER_MINER_HARDWARE,0.1,0.0,False,600.0,10000.0,1666.6666666666667,100.0,40000.0,17,15,2,1655302.0800000043,2344697.9199999957,0.0,6897092,2751939708,188977187.19999877,52.49366311111077,23.359680084444292,3.499577540740718,195.88367999999997,41.3825520000001,0.8823529411764706,4000000.0,89,2e-06,False
400,1000000,COMMON_TEMPLATE_DUPLICATE_BASELINE,FIXED_SLOT_IDLE,H2_FIXED_PER_MINER_HARDWARE,0.1,0.0,False,600.0,10000.0,1666.6666666666667,100.0,40000.0,17,16,1,1715497.2000000053,2284502.800000002,0.0,7147905,2852014095,194394748.00000107,53.99854111111141,24.029350794444575,3.374908819444463,230.54643749999994,42.88743000000014,0.9411764705882353,4000000.0000000075,93,2e-06,False
400,1000000,COMMON_TEMPLATE_DUPLICATE_BASELINE,FIXED_SLOT_IDLE,H2_FIXED_PER_MINER_HARDWARE,0.1,0.0,False,600.0,10000.0,1666.6666666666667,100.0,40000.0,17,11,6,2473291.359999981,1526708.6400000078,0.0,10638714,4244846886,262596222.39999843,72.94339511111068,32.459810824444254,6.631217737373698,253.02076363636363,61.832283999999525,0.6470588235294118,3999999.999999989,91,2e-06,False
400,1000000,COMMON_TEMPLATE_DUPLICATE_BASELINE,FIXED_SLOT_IDLE,H2_FIXED_PER_MINER_HARDWARE,0.1,0.0,False,600.0,10000.0,1666.6666666666667,100.0,40000.0,17,15,2,2008181.2800000184,1991818.7199999818,0.0,8367422,3338601378,220736315.1999985,61.315643111110695,27.28546118444426,4.087709540740713,254.69688000000002,50.20453200000046,0.8823529411764706,4000000.0,97,2e-06,False
400,1000000,COMMON_TEMPLATE_DUPLICATE_BASELINE,FIXED_SLOT_IDLE,H2_FIXED_PER_MINER_HARDWARE,0.1,0.0,False,600.0,10000.0,1666.6666666666667,100.0,40000.0,17,14,3,1662861.3599999878,2337138.640000005,0.0,6928589,2764507011,189657522.39999858,52.682645111110716,23.44377707444427,3.763046079365051,168.3681,41.571533999999694,0.8235294117647058,3999999.9999999925,95,2e-06,False
400,1000000,COMMON_TEMPLATE_DUPLICATE_BASELINE,FIXED_SLOT_IDLE,H2_FIXED_PER_MINER_HARDWARE,0.1,0.0,False,600.0,10000.0,1666.6666666666667,100.0,40000.0,17,15,2,1488726.960000015,2511273.039999982,0.0,6203029,2475008571,173985426.40000123,48.32928511111145,21.506531874444597,3.2219523407407635,168.12116,37.21817400000038,0.8823529411764706,3999999.999999997,92,2e-06,False
400,1000000,COMMON_TEMPLATE_DUPLICATE_BASELINE,FIXED_SLOT_IDLE,H2_FIXED_PER_MINER_HARDWARE,0.1,0.0,False,600.0,10000.0,1666.6666666666667,100.0,40000.0,17,16,1,1451097.3600000078,2548902.6399999894,0.0,6046239,2412449361,170598762.39999974,47.388545111111036,21.08790257444441,2.9617840694444397,189.23396249999996,36.27743400000019,0.9411764705882353,3999999.999999997,98,2e-06,False
400,1000000,COMMON_TEMPLATE_DUPLICATE_BASELINE,FIXED_SLOT_IDLE,H2_FIXED_PER_MINER_HARDWARE,0.1,0.0,False,600.0,10000.0,1666.6666666666667,100.0,40000.0,17,15,2,1201548.4000000076,2798451.6000000103,0.0,5084146,2028574254,148139355.99999964,41.14982111111101,18.3116703944444,2.7433214074074006,123.36584,30.03871000000019,0.8823529411764706,4000000.0000000177,94,2e-06,False
400,1000000,COMMON_TEMPLATE_DUPLICATE_BASELINE,FIXED_SLOT_IDLE,H2_FIXED_PER_MINER_HARDWARE,0.1,0.0,False,600.0,10000.0,1666.6666666666667,100.0,40000.0,17,16,1,1559363.7600000014,2440636.240000012,0.0,6497349,2592442251,180342738.39999878,50.09520511111077,22.292366274444294,3.1309503194444233,206.15058749999997,38.984094000000034,0.9411764705882353,4000000.000000013,99,2e-06,False
400,1000000,POCOL_DISJOINT_NONCE,FIXED_SLOT_IDLE,H2_FIXED_PER_MINER_HARDWARE,0.1,0.0,False,600.0,10000.0,1666.6666666666667,100.0,40000.0,17,11,6,6504.720000000545,3993495.2800000077,0.0,10841200,0,40585424.79999983,11.273729111111065,5.016809454444424,1.0248844646464603,0.6601636363636363,0.1626180000000136,0.6470588235294118,4000000.0000000084,1,2e-06,False
400,1000000,COMMON_TEMPLATE_DUPLICATE_BASELINE,FIXED_SLOT_IDLE,H2_FIXED_PER_MINER_HARDWARE,0.1,0.0,False,600.0,10000.0,1666.6666666666667,100.0,40000.0,17,16,1,1611564.7199999844,2388435.2800000254,0.0,6714853,2679226347,185040824.80000153,51.400229111111535,22.873101954444632,3.212514319444471,214.3069875,40.28911799999961,0.9411764705882353,4000000.00000001,96,2e-06,False
400,1000000,POCOL_DISJOINT_NONCE,FIXED_SLOT_IDLE,H2_FIXED_PER_MINER_HARDWARE,0.1,0.0,False,600.0,10000.0,1666.6666666666667,100.0,40000.0,17,14,3,4755.119999999924,3995244.8799999803,0.0,7925200,0,40427960.80000003,11.229989111111118,4.997345154444448,0.8021420793650799,0.5277,0.11887799999999811,0.8235294117647058,3999999.9999999804,2,2e-06,False
400,1000000,POCOL_DISJOINT_NONCE,FIXED_SLOT_IDLE,H2_FIXED_PER_MINER_HARDWARE,0.1,0.0,False,600.0,10000.0,1666.6666666666667,100.0,40000.0,17,16,1,4086.239999999635,3995913.759999957,0.0,6810400,0,40367761.59999974,11.213267111111039,4.989903864444412,0.7008291944444399,0.544725,0.10215599999999088,0.9411764705882353,3999999.9999999567,4,2e-06,False
400,1000000,POCOL_DISJOINT_NONCE,FIXED_SLOT_IDLE,H2_FIXED_PER_MINER_HARDWARE,0.1,0.0,False,600.0,10000.0,1666.6666666666667,100.0,40000.0,17,14,3,4754.88000000113,3995245.1199999563,0.0,7924800,0,40427939.20000013,11.229983111111148,4.997342484444461,0.8021416507936534,0.5276571428571428,0.11887200000002825,0.8235294117647058,3999999.9999999576,0,2e-06,False
400,1000000,POCOL_DISJOINT_NONCE,FIXED_SLOT_IDLE,H2_FIXED_PER_MINER_HARDWARE,0.1,0.0,False,600.0,10000.0,1666.6666666666667,100.0,40000.0,17,17,0,3485.280000000643,3996514.719999966,0.0,5808800,0,40313675.20000032,11.198243111111202,4.9832181844444845,0.6587201830065412,0.5125411764705883,0.08713200000001609,1.0,3999999.999999967,3,2e-06,False
400,1000000,POCOL_DISJOINT_NONCE,FIXED_SLOT_IDLE,H2_FIXED_PER_MINER_HARDWARE,0.1,0.0,False,600.0,10000.0,1666.6666666666667,100.0,40000.0,17,15,2,4454.399999999598,3995545.6000000145,0.0,7424000,0,40400895.99999989,11.22247111111108,4.993999644444431,0.7481647407407387,0.5424000000000001,0.11135999999998994,0.8823529411764706,4000000.000000014,6,2e-06,False
400,1000000,POCOL_DISJOINT_NONCE,FIXED_SLOT_IDLE,H2_FIXED_PER_MINER_HARDWARE,0.1,0.0,False,600.0,10000.0,1666.6666666666667,100.0,40000.0,17,14,3,4167.359999999132,3995832.640000021,0.0,6945600,0,40375062.400000066,11.215295111111129,4.990806324444453,0.8010925079365092,0.4227428571428571,0.10418399999997831,0.8235294117647058,4000000.00000002,5,2e-06,False
400,1000000,POCOL_DISJOINT_NONCE,FIXED_SLOT_IDLE,H2_FIXED_PER_MINER_HARDWARE,0.1,0.0,False,600.0,10000.0,1666.6666666666667,100.0,40000.0,17,14,3,5237.520000000231,3994762.480000024,0.0,8729200,0,40471376.80000037,11.242049111111214,5.00271185444449,0.8030035079365153,0.6138428571428571,0.1309380000000058,0.8235294117647058,4000000.000000024,8,2e-06,False
400,1000000,POCOL_DISJOINT_NONCE,FIXED_SLOT_IDLE,H2_FIXED_PER_MINER_HARDWARE,0.1,0.0,False,600.0,10000.0,1666.6666666666667,100.0,40000.0,17,17,0,3719.760000000873,3996280.240000027,0.0,6199600,0,40334778.39999998,11.204105111111106,4.985826774444442,0.6590650065359475,0.5470235294117647,0.09299400000002182,1.0,4000000.000000028,13,2e-06,False
400,1000000,POCOL_DISJOINT_NONCE,FIXED_SLOT_IDLE,H2_FIXED_PER_MINER_HARDWARE,0.1,0.0,False,600.0,10000.0,1666.6666666666667,100.0,40000.0,17,16,1,2939.520000000088,3997060.480000032,0.0,4899200,0,40264556.80000004,11.184599111111122,4.9771466044444495,0.6990374444444452,0.3655499999999999,0.07348800000000222,0.9411764705882353,4000000.000000032,11,2e-06,False
400,1000000,POCOL_DISJOINT_NONCE,FIXED_SLOT_IDLE,H2_FIXED_PER_MINER_HARDWARE,0.1,0.0,False,600.0,10000.0,1666.6666666666667,100.0,40000.0,17,16,1,4303.440000000179,3995696.560000024,0.0,7172400,0,40387309.59999983,11.218697111111064,4.992320214444423,0.7011685694444415,0.5786625,0.10758600000000447,0.9411764705882353,4000000.000000024,7,2e-06,False
400,1000000,POCOL_DISJOINT_NONCE,FIXED_SLOT_IDLE,H2_FIXED_PER_MINER_HARDWARE,0.1,0.0,False,600.0,10000.0,1666.6666666666667,100.0,40000.0,17,13,4,5471.040000000349,3994528.959999982,0.0,9118400,0,40492393.59999995,11.247887111111098,5.005309764444439,0.8652220854700844,0.5905846153846153,0.13677600000000872,0.7647058823529411,3999999.9999999823,10,2e-06,False
400,1000000,POCOL_DISJOINT_NONCE,FIXED_SLOT_IDLE,H2_FIXED_PER_MINER_HARDWARE,0.1,0.0,False,600.0,10000.0,1666.6666666666667,100.0,40000.0,17,15,2,4572.480000001088,3995427.520000003,0.0,7620800,0,40411523.200000264,11.225423111111184,4.995313284444476,0.7483615407407456,0.56208,0.11431200000002721,0.8823529411764706,4000000.0000000037,14,2e-06,False
400,1000000,POCOL_DISJOINT_NONCE,FIXED_SLOT_IDLE,H2_FIXED_PER_MINER_HARDWARE,0.1,0.0,False,600.0,10000.0,1666.6666666666667,100.0,40000.0,17,17,0,4256.399999999989,3995743.600000029,0.0,7094000,0,40383076.00000004,11.217521111111122,4.991796894444449,0.6598541830065365,0.6259411764705883,0.10640999999999973,1.0,4000000.000000029,17,2e-06,False
400,1000000,POCOL_DISJOINT_NONCE,FIXED_SLOT_IDLE,H2_FIXED_PER_MINER_HARDWARE,0.1,0.0,False,600.0,10000.0,1666.6666666666667,100.0,40000.0,17,15,2,4036.7999999996323,3995963.199999974,0.0,6728000,0,40363312.00000022,11.212031111111173,4.989353844444472,0.7474687407407449,0.4728,0.10091999999999081,0.8823529411764706,3999999.999999974,9,2e-06,False
400,1000000,POCOL_DISJOINT_NONCE,FIXED_SLOT_IDLE,H2_FIXED_PER_MINER_HARDWARE,0.1,0.0,False,600.0,10000.0,1666.6666666666667,100.0,40000.0,17,13,4,4783.680000000667,3995216.3200000203,0.0,7972800,0,40430531.20000035,11.23070311111121,4.997662884444488,0.8639002393162468,0.45840000000000003,0.11959200000001667,0.7647058823529411,4000000.000000021,19,2e-06,False
400,1000000,POCOL_DISJOINT_NONCE,FIXED_SLOT_IDLE,H2_FIXED_PER_MINER_HARDWARE,0.1,0.0,False,600.0,10000.0,1666.6666666666667,100.0,40000.0,17,14,3,4731.83999999989,3995268.1600000253,0.0,7886400,0,40425865.599999994,11.22940711111111,4.997086164444444,0.8021005079365079,0.5235428571428571,0.11829599999999725,0.8235294117647058,4000000.000000025,12,2e-06,False
400,1000000,POCOL_DISJOINT_NONCE,FIXED_SLOT_IDLE,H2_FIXED_PER_MINER_HARDWARE,0.1,0.0,False,600.0,10000.0,1666.6666666666667,100.0,40000.0,17,15,2,3685.199999999663,3996314.800000004,0.0,6142000,0,40331667.999999784,11.203241111111051,4.985442294444418,0.7468827407407368,0.4141999999999999,0.09212999999999158,0.8823529411764706,4000000.0000000037,16,2e-06,False
400,1000000,POCOL_DISJOINT_NONCE,FIXED_SLOT_IDLE,H2_FIXED_PER_MINER_HARDWARE,0.1,0.0,False,600.0,10000.0,1666.6666666666667,100.0,40000.0,17,14,3,4138.560000000328,3995861.439999977,0.0,6897600,0,40372470.39999986,11.21457511111107,4.990485924444426,0.8010410793650765,0.4176,0.10346400000000819,0.8235294117647058,3999999.9999999776,15,2e-06,False
400,1000000,POCOL_DISJOINT_NONCE,FIXED_SLOT_IDLE,H2_FIXED_PER_MINER_HARDWARE,0.1,0.0,False,600.0,10000.0,1666.6666666666667,100.0,40000.0,17,16,1,3145.199999999616,3996854.8000000296,0.0,5242000,0,40283068.0000004,11.189741111111223,4.9794347944444945,0.6993588194444514,0.39768749999999997,0.0786299999999904,0.9411764705882353,4000000.0000000293,18,2e-06,False
400,1000000,POCOL_DISJOINT_NONCE,FIXED_SLOT_IDLE,H2_FIXED_PER_MINER_HARDWARE,0.1,0.0,False,600.0,10000.0,1666.6666666666667,100.0,40000.0,17,13,4,5417.520000000516,3994582.479999971,0.0,9029200,0,40487576.80000038,11.246549111111216,5.004714354444491,0.8651191623931704,0.5802923076923077,0.13543800000001288,0.7647058823529411,3999999.9999999716,20,2e-06,False
400,1000000,POCOL_DISJOINT_NONCE,FIXED_SLOT_IDLE,H2_FIXED_PER_MINER_HARDWARE,0.1,0.0,False,600.0,10000.0,1666.6666666666667,100.0,40000.0,17,13,4,5127.120000000314,3994872.880000023,0.0,8545200,0,40461440.80000017,11.239289111111157,5.001483654444465,0.8645607008547044,0.5244461538461538,0.12817800000000784,0.7647058823529411,4000000.0000000233,21,2e-06,False
400,1000000,POCOL_DISJOINT_NONCE,FIXED_SLOT_IDLE,H2_FIXED_PER_MINER_HARDWARE,0.1,0.0,False,600.0,10000.0,1666.6666666666667,100.0,40000.0,17,17,0,2640.240000000519,3997359.7599999984,0.0,4400400,0,40237621.60000006,11.177117111111128,4.9738171144444525,0.657477477124184,0.38827058823529415,0.06600600000001298,1.0,3999999.999999999,24,2e-06,False
400,1000000,POCOL_DISJOINT_NONCE,FIXED_SLOT_IDLE,H2_FIXED_PER_MINER_HARDWARE,0.1,0.0,False,600.0,10000.0,1666.6666666666667,100.0,40000.0,17,14,3,4032.0000000008895,3995967.9999999795,0.0,6720000,0,40362880.000000186,11.211911111111164,4.989300444444468,0.8008507936507974,0.3985714285714286,0.10080000000002223,0.8235294117647058,3999999.9999999804,22,2e-06,False
400,1000000,POCOL_DISJOINT_NONCE,FIXED_SLOT_IDLE,H2_FIXED_PER_MINER_HARDWARE,0.1,0.0,False,600.0,10000.0,1666.6666666666667,100.0,40000.0,17,11,6,5648.399999999541,3994351.60000003,0.0,9414000,0,40508356.000000164,11.252321111111156,5.007282894444464,1.022938282828287,0.4655454545454546,0.14120999999998854,0.6470588235294118,4000000.0000000293,25,2e-06,False
400,1000000,POCOL_DISJOINT_NONCE,FIXED_SLOT_IDLE,H2_FIXED_PER_MINER_HARDWARE,0.1,0.0,False,600.0,10000.0,1666.6666666666667,100.0,40000.0,17,16,1,4762.32000000019,3995237.680000027,0.0,7937200,0,40428608.79999996,11.230169111111099,4.9974252544444395,0.7018855694444437,0.6503624999999998,0.11905800000000474,0.9411764705882353,4000000.0000000275,23,2e-06,False
400,1000000,POCOL_DISJOINT_NONCE,FIXED_SLOT_IDLE,H2_FIXED_PER_MINER_HARDWARE,0.1,0.0,False,600.0,10000.0,1666.6666666666667,100.0,40000.0,17,14,3,4578.720000000249,3995421.2799999886,0.0,7631200,0,40412084.8,11.22557911111111,4.995382704444443,0.8018270793650792,0.4962,0.11446800000000622,0.8235294117647058,3999999.999999989,27,2e-06,False
400,1000000,POCOL_DISJOINT_NONCE,FIXED_SLOT_IDLE,H2_FIXED_PER_MINER_HARDWARE,0.1,0.0,False,600.0,10000.0,1666.6666666666667,100.0,40000.0,17,15,2,4340.160000000106,3995659.8400000115,0.0,7233600,0,40390614.39999968,11.219615111111022,4.9927287244444045,0.7479743407407348,0.5233599999999999,0.10850400000000267,0.8823529411764706,4000000.0000000116,26,2e-06,False
400,1000000,POCOL_DISJOINT_NONCE,FIXED_SLOT_IDLE,H2_FIXED_PER_MINER_HARDWARE,0.1,0.0,False,600.0,10000.0,1666.6666666666667,100.0,40000.0,17,16,1,4613.280000000658,3995386.720000018,0.0,7688800,0,40415195.200000145,11.226443111111152,4.995767184444463,0.701652694444447,0.6270749999999999,0.11533200000001646,0.9411764705882353,4000000.0000000186,28,2e-06,False
400,1000000,POCOL_DISJOINT_NONCE,FIXED_SLOT_IDLE,H2_FIXED_PER_MINER_HARDWARE,0.1,0.0,False,600.0,10000.0,1666.6666666666667,100.0,40000.0,17,14,3,4300.319999999233,3995699.6799999876,0.0,7167200,0,40387028.79999992,11.21861911111109,4.992285504444435,0.801329936507935,0.44648571428571443,0.10750799999998083,0.8235294117647058,3999999.999999987,30,2e-06,False
400,1000000,POCOL_DISJOINT_NONCE,FIXED_SLOT_IDLE,H2_FIXED_PER_MINER_HARDWARE,0.1,0.0,False,600.0,10000.0,1666.6666666666667,100.0,40000.0,17,12,5,4691.520000000095,3995308.479999976,0.0,7819200,0,40422236.800000064,11.228399111111129,4.9966376044444525,0.9356999259259274,0.3524,0.11728800000000238,0.7058823529411765,3999999.9999999763,29,2e-06,False
400,1000000,POCOL_DISJOINT_NONCE,FIXED_SLOT_IDLE,H2_FIXED_PER_MINER_HARDWARE,0.1,0.0,False,600.0,10000.0,1666.6666666666667,100.0,40000.0,17,11,6,6092.880000000036,3993907.12000001,0.0,10154800,0,40548359.19999983,11.263433111111064,5.012227734444424,1.0239484646464605,0.5665636363636364,0.1523220000000009,0.6470588235294118,4000000.00000001,31,2e-06,False
400,1000000,POCOL_DISJOINT_NONCE,FIXED_SLOT_IDLE,H2_FIXED_PER_MINER_HARDWARE,0.1,0.0,False,600.0,10000.0,1666.6666666666667,100.0,40000.0,17,16,1,4110.47999999995,3995889.519999968,0.0,6850800,0,40369943.19999996,11.2138731111111,4.990173534444439,0.7008670694444438,0.5485125,0.10276199999999876,0.9411764705882353,3999999.999999968,34,2e-06,False
400,1000000,POCOL_DISJOINT_NONCE,FIXED_SLOT_IDLE,H2_FIXED_PER_MINER_HARDWARE,0.1,0.0,False,600.0,10000.0,1666.6666666666667,100.0,40000.0,17,13,4,5349.359999999928,3994650.6400000206,0.0,8915600,0,40481442.399999745,11.24484511111104,5.003956074444413,0.86498808547008,0.5671846153846153,0.1337339999999982,0.7647058823529411,4000000.0000000205,36,2e-06,False
400,1000000,POCOL_DISJOINT_NONCE,FIXED_SLOT_IDLE,H2_FIXED_PER_MINER_HARDWARE,0.1,0.0,False,600.0,10000.0,1666.6666666666667,100.0,40000.0,17,16,1,3947.9999999997276,3996051.9999999674,0.0,6580000,0,40355319.99999997,11.209811111111103,4.988365944444441,0.7006131944444439,0.523125,0.0986999999999932,0.9411764705882353,3999999.999999967,32,2e-06,False
400,1000000,POCOL_DISJOINT_NONCE,FIXED_SLOT_IDLE,H2_FIXED_PER_MINER_HARDWARE,0.1,0.0,False,600.0,10000.0,1666.6666666666667,100.0,40000.0,17,13,4,4616.640000000393,3995383.359999967,0.0,7694400,0,40415497.60000009,11.226527111111137,4.995804564444456,0.8635790085470105,0.426276923076923,0.11541600000000983,0.7647058823529411,3999999.9999999674,38,2e-06,False
400,1000000,POCOL_DISJOINT_NONCE,FIXED_SLOT_IDLE,H2_FIXED_PER_MINER_HARDWARE,0.1,0.0,False,600.0,10000.0,1666.6666666666667,100.0,40000.0,17,13,4,4797.359999999784,3995202.639999988,0.0,7995600,0,40431762.40000007,11.231045111111131,4.997815074444453,0.8639265470085485,0.4610307692307692,0.1199339999999946,0.7647058823529411,3999999.999999988,35,2e-06,False
400,1000000,POCOL_DISJOINT_NONCE,FIXED_SLOT_IDLE,H2_FIXED_PER_MINER_HARDWARE,0.1,0.0,False,600.0,10000.0,1666.6666666666667,100.0,40000.0,17,12,5,5446.080000000184,3994553.920000034,0.0,9076800,0,40490147.20000022,11.247263111111172,5.005032084444472,0.937271925925931,0.5095999999999999,0.1361520000000046,0.7058823529411765,4000000.000000034,33,2e-06,False
400,1000000,POCOL_DISJOINT_NONCE,FIXED_SLOT_IDLE,H2_FIXED_PER_MINER_HARDWARE,0.1,0.0,False,600.0,10000.0,1666.6666666666667,100.0,40000.0,17,15,2,4702.0799999997225,3995297.919999995,0.0,7836800,0,40423187.199999936,11.228663111111093,4.996755084444437,0.7485775407407396,0.5836799999999999,0.11755199999999306,0.8823529411764706,3999999.9999999944,37,2e-06,False
400,1000000,POCOL_DISJOINT_NONCE,FIXED_SLOT_IDLE,H2_FIXED_PER_MINER_HARDWARE,0.1,0.0,False,600.0,10000.0,1666.6666666666667,100.0,40000.0,17,17,0,4576.559999999884,3995423.44000003,0.0,7627600,0,40411890.40000018,11.22552511111116,4.995358674444467,0.6603250065359506,0.6730235294117647,0.1144139999999971,1.0,4000000.0000000303,40,2e-06,False
400,1000000,POCOL_DISJOINT_NONCE,FIXED_SLOT_IDLE,H2_FIXED_PER_MINER_HARDWARE,0.1,0.0,False,600.0,10000.0,1666.6666666666667,100.0,40000.0,17,15,2,4872.239999999911,3995127.759999978,0.0,8120400,0,40438501.600000195,11.232917111111165,4.998648114444468,0.7488611407407444,0.61204,0.12180599999999776,0.8823529411764706,3999999.9999999776,39,2e-06,False
400,1000000,POCOL_DISJOINT_NONCE,FIXED_SLOT_IDLE,H2_FIXED_PER_MINER_HARDWARE,0.1,0.0,False,600.0,10000.0,1666.6666666666667,100.0,40000.0,17,15,2,4917.600000000348,3995082.3999999575,0.0,8196000,0,40442584.00000028,11.23405111111119,4.99915274444448,0.748936740740746,0.6195999999999999,0.12294000000000871,0.8823529411764706,3999999.999999958,41,2e-06,False
400,1000000,POCOL_DISJOINT_NONCE,FIXED_SLOT_IDLE,H2_FIXED_PER_MINER_HARDWARE,0.1,0.0,False,600.0,10000.0,1666.6666666666667,100.0,40000.0,17,16,1,3382.320000000382,3996617.679999967,0.0,5637200,0,40304408.79999997,11.195669111111101,4.98207275444444,0.6997293194444438,0.4347375,0.08455800000000956,0.9411764705882353,3999999.9999999674,42,2e-06,False
400,1000000,POCOL_DISJOINT_NONCE,FIXED_SLOT_IDLE,H2_FIXED_PER_MINER_HARDWARE,0.1,0.0,False,600.0,10000.0,1666.6666666666667,100.0,40000.0,17,15,2,3901.6800000003527,3996098.320000021,0.0,6502800,0,40351151.19999974,11.20865311111104,4.987850634444413,0.7472435407407361,0.45027999999999996,0.09754200000000882,0.8823529411764706,4000000.000000021,43,2e-06,False
400,1000000,POCOL_DISJOINT_NONCE,FIXED_SLOT_IDLE,H2_FIXED_PER_MINER_HARDWARE,0.1,0.0,False,600.0,10000.0,1666.6666666666667,100.0,40000.0,17,15,2,4168.799999999963,3995831.200000037,0.0,6948000,0,40375191.99999991,11.215331111111086,4.9908223444444335,0.747688740740739,0.4947999999999999,0.10421999999999906,0.8823529411764706,4000000.000000037,44,2e-06,False
400,1000000,POCOL_DISJOINT_NONCE,FIXED_SLOT_IDLE,H2_FIXED_PER_MINER_HARDWARE,0.1,0.0,False,600.0,10000.0,1666.6666666666667,100.0,40000.0,17,13,4,4517.999999999897,3995482.00000002,0.0,7530000,0,40406619.99999997,11.224061111111103,4.994707194444441,0.8633893162393156,0.40730769230769226,0.11294999999999743,0.7647058823529411,4000000.00000002,45,2e-06,False
400,1000000,POCOL_DISJOINT_NONCE,FIXED_SLOT_IDLE,H2_FIXED_PER_MINER_HARDWARE,0.1,0.0,False,600.0,10000.0,1666.6666666666667,100.0,40000.0,17,15,2,3273.83999999964,3996726.1600000323,0.0,5456400,0,40294645.60000002,11.192957111111115,4.980865914444446,0.746197140740741,0.34564,0.08184599999999101,0.8823529411764706,4000000.000000032,47,2e-06,False
400,1000000,POCOL_DISJOINT_NONCE,FIXED_SLOT_IDLE,H2_FIXED_PER_MINER_HARDWARE,0.1,0.0,False,600.0,10000.0,1666.6666666666667,100.0,40000.0,17,15,2,5087.039999999034,3994912.9599999753,0.0,8478400,0,40457833.59999963,11.238287111111008,5.001037764444399,0.7492191407407339,0.64784,0.12717599999997586,0.8823529411764706,3999999.9999999744,46,2e-06,False
400,1000000,POCOL_DISJOINT_NONCE,FIXED_SLOT_IDLE,H2_FIXED_PER_MINER_HARDWARE,0.1,0.0,False,600.0,10000.0,1666.6666666666667,100.0,40000.0,17,14,3,4644.000000000225,3995356.0000000154,0.0,7740000,0,40417959.9999997,11.227211111111028,4.996108944444408,0.8019436507936449,0.5078571428571428,0.11610000000000562,0.8235294117647058,4000000.0000000154,49,2e-06,False
400,1000000,POCOL_DISJOINT_NONCE,FIXED_SLOT_IDLE,H2_FIXED_PER_MINER_HARDWARE,0.1,0.0,False,600.0,10000.0,1666.6666666666667,100.0,40000.0,17,13,4,4486.560000001024,3995513.440000033,0.0,7477600,0,40403790.400000185,11.223275111111162,4.994357424444467,0.8633288547008586,0.4012615384615384,0.11216400000002558,0.7647058823529411,4000000.000000034,48,2e-06,False
400,1000000,POCOL_DISJOINT_NONCE,FIXED_SLOT_IDLE,H2_FIXED_PER_MINER_HARDWARE,0.1,0.0,False,600.0,10000.0,1666.6666666666667,100.0,40000.0,17,15,2,5124.0000000004065,3994875.999999981,0.0,8540000,0,40461159.999999695,11.239211111111027,5.001448944444407,0.7492807407407351,0.6539999999999997,0.12810000000001015,0.8823529411764706,3999999.9999999814,50,2e-06,False
400,1000000,POCOL_DISJOINT_NONCE,FIXED_SLOT_IDLE,H2_FIXED_PER_MINER_HARDWARE,0.1,0.0,False,600.0,10000.0,1666.6666666666667,100.0,40000.0,17,17,0,4208.879999999995,3995791.119999998,0.0,7014800,0,40378799.20000014,11.21633311111115,4.991268234444462,0.6597843006535971,0.6189529411764706,0.10522199999999987,1.0,3999999.9999999977,51,2e-06,False
400,1000000,POCOL_DISJOINT_NONCE,FIXED_SLOT_IDLE,H2_FIXED_PER_MINER_HARDWARE,0.1,0.0,False,600.0,10000.0,1666.6666666666667,100.0,40000.0,17,15,2,5217.119999999952,3994782.8800000157,0.0,8695200,0,40469540.80000017,11.241539111111157,5.002484904444465,0.7494359407407438,0.6695199999999999,0.1304279999999988,0.8823529411764706,4000000.000000016,52,2e-06,False
400,1000000,POCOL_DISJOINT_NONCE,FIXED_SLOT_IDLE,H2_FIXED_PER_MINER_HARDWARE,0.1,0.0,False,600.0,10000.0,1666.6666666666667,100.0,40000.0,17,16,1,4071.8400000002935,3995928.160000024,0.0,6786400,0,40366465.599999994,11.21290711111111,4.989743664444443,0.7008066944444443,0.5424749999999998,0.10179600000000734,0.9411764705882353,4000000.000000024,53,2e-06,False
400,1000000,POCOL_DISJOINT_NONCE,FIXED_SLOT_IDLE,H2_FIXED_PER_MINER_HARDWARE,0.1,0.0,False,600.0,10000.0,1666.6666666666667,100.0,40000.0,17,15,2,4035.5999999983856,3995964.399999978,0.0,6726000,0,40363203.99999948,11.212001111110967,4.98934049444438,0.747466740740731,0.4726,0.10088999999995964,0.8823529411764706,3999999.9999999763,54,2e-06,False
400,1000000,POCOL_DISJOINT_NONCE,FIXED_SLOT_IDLE,H2_FIXED_PER_MINER_HARDWARE,0.1,0.0,False,600.0,10000.0,1666.6666666666667,100.0,40000.0,17,14,3,4232.160000000517,3995767.8400000185,0.0,7053600,0,40380894.40000032,11.2169151111112,4.991527224444484,0.8012082222222286,0.4343142857142857,0.10580400000001294,0.8235294117647058,4000000.000000019,55,2e-06,False
400,1000000,POCOL_DISJOINT_NONCE,FIXED_SLOT_IDLE,H2_FIXED_PER_MINER_HARDWARE,0.1,0.0,False,600.0,10000.0,1666.6666666666667,100.0,40000.0,17,11,6,6453.360000000253,3993546.639999973,0.0,10755600,0,40580802.40000006,11.272445111111127,5.016238074444452,1.0247677373737387,0.6484909090909091,0.16133400000000633,0.6470588235294118,3999999.9999999735,56,2e-06,False
400,1000000,POCOL_DISJOINT_NONCE,FIXED_SLOT_IDLE,H2_FIXED_PER_MINER_HARDWARE,0.1,0.0,False,600.0,10000.0,1666.6666666666667,100.0,40000.0,17,14,3,4513.2000000004755,3995486.800000026,0.0,7522000,0,40406187.99999978,11.22394111111105,4.994653794444417,0.801710079365075,0.4844999999999999,0.11283000000001189,0.8235294117647058,4000000.0000000265,57,2e-06,False
400,1000000,POCOL_DISJOINT_NONCE,FIXED_SLOT_IDLE,H2_FIXED_PER_MINER_HARDWARE,0.1,0.0,False,600.0,10000.0,1666.6666666666667,100.0,40000.0,17,16,1,3921.359999999776,3996078.639999975,0.0,6535600,0,40352922.40000038,11.209145111111216,4.988069574444491,0.700571569444451,0.5189625,0.0980339999999944,0.9411764705882353,3999999.999999975,58,2e-06,False
400,1000000,POCOL_DISJOINT_NONCE,FIXED_SLOT_IDLE,H2_FIXED_PER_MINER_HARDWARE,0.1,0.0,False,600.0,10000.0,1666.6666666666667,100.0,40000.0,17,17,0,3725.519999999963,3996274.479999989,0.0,6209200,0,40335296.79999973,11.204249111111036,4.985890854444411,0.6590734771241786,0.5478705882352941,0.09313799999999908,1.0,3999999.999999989,59,2e-06,False
400,1000000,POCOL_DISJOINT_NONCE,FIXED_SLOT_IDLE,H2_FIXED_PER_MINER_HARDWARE,0.1,0.0,False,600.0,10000.0,1666.6666666666667,100.0,40000.0,17,17,0,4179.6000000008935,3995820.399999992,0.0,6966000,0,40376164.00000031,11.215601111111198,4.990942494444483,0.6597412418300704,0.6146470588235293,0.10449000000002234,1.0,3999999.999999993,62,2e-06,False
400,1000000,POCOL_DISJOINT_NONCE,FIXED_SLOT_IDLE,H2_FIXED_PER_MINER_HARDWARE,0.1,0.0,False,600.0,10000.0,1666.6666666666667,100.0,40000.0,17,14,3,5443.680000000937,3994556.320000028,0.0,9072800,0,40489931.20000039,11.247203111111219,5.005005384444493,0.8033716507936585,0.6506571428571429,0.13609200000002342,0.8235294117647058,4000000.000000029,61,2e-06,False
400,1000000,POCOL_DISJOINT_NONCE,FIXED_SLOT_IDLE,H2_FIXED_PER_MINER_HARDWARE,0.1,0.0,False,600.0,10000.0,1666.6666666666667,100.0,40000.0,17,17,0,3449.7599999998274,3996550.2399999765,0.0,5749600,0,40310478.39999994,11.197355111111094,4.9828230244444365,0.6586679477124173,0.5073176470588235,0.0862439999999957,1.0,3999999.9999999763,60,2e-06,False
400,1000000,POCOL_DISJOINT_NONCE,FIXED_SLOT_IDLE,H2_FIXED_PER_MINER_HARDWARE,0.1,0.0,False,600.0,10000.0,1666.6666666666667,100.0,40000.0,17,14,3,5684.400000000797,3994315.599999986,0.0,9474000,0,40511595.9999999,11.253221111111085,5.007683394444433,0.8038015079365061,0.6936428571428571,0.14211000000001994,0.8235294117647058,3999999.999999987,64,2e-06,False
400,1000000,POCOL_DISJOINT_NONCE,FIXED_SLOT_IDLE,H2_FIXED_PER_MINER_HARDWARE,0.1,0.0,False,600.0,10000.0,1666.6666666666667,100.0,40000.0,17,16,1,3867.599999999259,3996132.3999999575,0.0,6446000,0,40348084.00000012,11.207801111111145,4.98747149444446,0.7004875694444466,0.5105625,0.09668999999998147,0.9411764705882353,3999999.9999999567,63,2e-06,False
400,1000000,POCOL_DISJOINT_NONCE,FIXED_SLOT_IDLE,H2_FIXED_PER_MINER_HARDWARE,0.1,0.0,False,600.0,10000.0,1666.6666666666667,100.0,40000.0,17,14,3,4558.079999999608,3995441.9199999794,0.0,7596800,0,40410227.199999735,11.225063111111037,4.995153084444412,0.801790222222217,0.49251428571428574,0.11395199999999019,0.8235294117647058,3999999.999999979,65,2e-06,False
400,1000000,POCOL_DISJOINT_NONCE,FIXED_SLOT_IDLE,H2_FIXED_PER_MINER_HARDWARE,0.1,0.0,False,600.0,10000.0,1666.6666666666667,100.0,40000.0,17,13,4,4923.359999999443,3995076.640000007,0.0,8205600,0,40443102.3999999,11.234195111111084,4.999216824444432,0.8641688547008527,0.4852615384615385,0.12308399999998608,0.7647058823529411,4000000.0000000065,68,2e-06,False
400,1000000,POCOL_DISJOINT_NONCE,FIXED_SLOT_IDLE,H2_FIXED_PER_MINER_HARDWARE,0.1,0.0,False,600.0,10000.0,1666.6666666666667,100.0,40000.0,17,16,1,3758.399999999759,3996241.5999999726,0.0,6264000,0,40338256.00000017,11.205071111111158,4.986256644444465,0.7003169444444474,0.4935,0.09395999999999398,0.9411764705882353,3999999.9999999725,66,2e-06,False
400,1000000,POCOL_DISJOINT_NONCE,FIXED_SLOT_IDLE,H2_FIXED_PER_MINER_HARDWARE,0.1,0.0,False,600.0,10000.0,1666.6666666666667,100.0,40000.0,17,12,5,4484.880000000139,3995515.1200000164,0.0,7474800,0,40403639.19999997,11.223233111111103,4.994338734444441,0.9352694259259252,0.30934999999999996,0.11212200000000348,0.7058823529411765,4000000.0000000168,67,2e-06,False
400,1000000,POCOL_DISJOINT_NONCE,FIXED_SLOT_IDLE,H2_FIXED_PER_MINER_HARDWARE,0.1,0.0,False,600.0,10000.0,1666.6666666666667,100.0,40000.0,17,12,5,6229.679999999756,3993770.31999998,0.0,10382800,0,40560671.20000007,11.26685311111113,5.013749634444453,0.9389044259259275,0.67285,0.15574199999999389,0.7058823529411765,3999999.9999999795,69,2e-06,False
400,1000000,POCOL_DISJOINT_NONCE,FIXED_SLOT_IDLE,H2_FIXED_PER_MINER_HARDWARE,0.1,0.0,False,600.0,10000.0,1666.6666666666667,100.0,40000.0,17,16,1,3626.8800000001547,3996373.120000018,0.0,6044800,0,40326419.200000145,11.201783111111151,4.984793484444462,0.700111444444447,0.47295,0.09067200000000387,0.9411764705882353,4000000.000000018,70,2e-06,False
400,1000000,POCOL_DISJOINT_NONCE,FIXED_SLOT_IDLE,H2_FIXED_PER_MINER_HARDWARE,0.1,0.0,False,600.0,10000.0,1666.6666666666667,100.0,40000.0,17,11,6,5246.160000000822,3994753.8399999966,0.0,8743600,0,40472154.39999998,11.242265111111106,5.002807974444442,1.0220241010101005,0.37412727272727264,0.13115400000002056,0.6470588235294118,3999999.999999997,71,2e-06,False
400,1000000,POCOL_DISJOINT_NONCE,FIXED_SLOT_IDLE,H2_FIXED_PER_MINER_HARDWARE,0.1,0.0,False,600.0,10000.0,1666.6666666666667,100.0,40000.0,17,14,3,4449.12000000057,3995550.8799999957,0.0,7415200,0,40400420.80000035,11.222339111111207,4.993940904444488,0.8015956507936577,0.4730571428571428,0.11122800000001426,0.8235294117647058,3999999.9999999963,74,2e-06,False
400,1000000,POCOL_DISJOINT_NONCE,FIXED_SLOT_IDLE,H2_FIXED_PER_MINER_HARDWARE,0.1,0.0,False,600.0,10000.0,1666.6666666666667,100.0,40000.0,17,17,0,2475.1200000002377,3997524.880000015,0.0,4125200,0,40222760.80000003,11.172989111111118,4.971980154444448,0.6572346535947716,0.36398823529411767,0.06187800000000594,1.0,4000000.000000015,72,2e-06,False
400,1000000,POCOL_DISJOINT_NONCE,FIXED_SLOT_IDLE,H2_FIXED_PER_MINER_HARDWARE,0.1,0.0,False,600.0,10000.0,1666.6666666666667,100.0,40000.0,17,14,3,4705.680000000723,3995294.3199999747,0.0,7842800,0,40423511.20000002,11.228753111111116,4.996795134444446,0.802053793650794,0.5188714285714285,0.1176420000000181,0.8235294117647058,3999999.9999999753,73,2e-06,False
400,1000000,POCOL_DISJOINT_NONCE,FIXED_SLOT_IDLE,H2_FIXED_PER_MINER_HARDWARE,0.1,0.0,False,600.0,10000.0,1666.6666666666667,100.0,40000.0,17,11,6,6366.480000000231,3993633.520000018,0.0,10610800,0,40572983.199999906,11.270273111111084,5.015271534444433,1.0245702828282803,0.6287454545454545,0.15916200000000577,0.6470588235294118,4000000.0000000186,75,2e-06,False
400,1000000,POCOL_DISJOINT_NONCE,FIXED_SLOT_IDLE,H2_FIXED_PER_MINER_HARDWARE,0.1,0.0,False,600.0,10000.0,1666.6666666666667,100.0,40000.0,17,13,4,4412.639999999695,3995587.360000015,0.0,7354400,0,40397137.59999989,11.22142711111108,4.993535064444431,0.8631867008546984,0.3870461538461539,0.11031599999999238,0.7647058823529411,4000000.0000000144,76,2e-06,False
400,1000000,POCOL_DISJOINT_NONCE,FIXED_SLOT_IDLE,H2_FIXED_PER_MINER_HARDWARE,0.1,0.0,False,600.0,10000.0,1666.6666666666667,100.0,40000.0,17,15,2,4189.199999999938,3995810.799999956,0.0,6982000,0,40377028.0000001,11.215841111111137,4.991049294444456,0.7477227407407425,0.4982,0.10472999999999845,0.8823529411764706,3999999.9999999558,77,2e-06,False
400,1000000,POCOL_DISJOINT_NONCE,FIXED_SLOT_IDLE,H2_FIXED_PER_MINER_HARDWARE,0.1,0.0,False,600.0,10000.0,1666.6666666666667,100.0,40000.0,17,13,4,5678.159999999843,3994321.8399999766,0.0,9463600,0,40511034.400000006,11.253065111111113,5.007613974444445,0.8656203931623933,0.6304153846153846,0.1419539999999961,0.7647058823529411,3999999.9999999763,78,2e-06,False
400,1000000,POCOL_DISJOINT_NONCE,FIXED_SLOT_IDLE,H2_FIXED_PER_MINER_HARDWARE,0.1,0.0,False,600.0,10000.0,1666.6666666666667,100.0,40000.0,17,14,3,5522.879999999951,3994477.119999977,0.0,9204800,0,40497059.19999983,11.249183111111064,5.0058864844444235,0.803513079365076,0.6648,0.13807199999999878,0.8235294117647058,3999999.9999999767,79,2e-06,False
400,1000000,POCOL_DISJOINT_NONCE,FIXED_SLOT_IDLE,H2_FIXED_PER_MINER_HARDWARE,0.1,0.0,False,600.0,10000.0,1666.6666666666667,100.0,40000.0,17,13,4,5821.680000000194,3994178.319999985,0.0,9702800,0,40523951.19999974,11.25665311111104,5.009210634444413,0.8658963931623878,0.6580153846153844,0.14554200000000486,0.7647058823529411,3999999.999999985,80,2e-06,False
400,1000000,POCOL_DISJOINT_NONCE,FIXED_SLOT_IDLE,H2_FIXED_PER_MINER_HARDWARE,0.1,0.0,False,600.0,10000.0,1666.6666666666667,100.0,40000.0,17,15,2,4167.8400000000665,3995832.1599999815,0.0,6946400,0,40375105.59999972,11.215307111111033,4.99081166444441,0.7476871407407355,0.4946400000000001,0.10419600000000166,0.8823529411764706,3999999.9999999814,81,2e-06,False
400,1000000,POCOL_DISJOINT_NONCE,FIXED_SLOT_IDLE,H2_FIXED_PER_MINER_HARDWARE,0.1,0.0,False,600.0,10000.0,1666.6666666666667,100.0,40000.0,17,15,2,4855.92,3995144.0799999987,0.0,8093200,0,40437032.79999996,11.2325091111111,4.998466554444439,0.74883394074074,0.60932,0.121398,0.8823529411764706,3999999.9999999986,83,2e-06,False
400,1000000,POCOL_DISJOINT_NONCE,FIXED_SLOT_IDLE,H2_FIXED_PER_MINER_HARDWARE,0.1,0.0,False,600.0,10000.0,1666.6666666666667,100.0,40000.0,17,14,3,4557.359999999455,3995442.6400000197,0.0,7595600,0,40410162.400000066,11.225045111111129,4.995145074444452,0.8017889365079378,0.4923857142857143,0.11393399999998638,0.8235294117647058,4000000.000000019,82,2e-06,False
400,1000000,POCOL_DISJOINT_NONCE,FIXED_SLOT_IDLE,H2_FIXED_PER_MINER_HARDWARE,0.1,0.0,False,600.0,10000.0,1666.6666666666667,100.0,40000.0,17,12,5,5511.600000000535,3994488.399999973,0.0,9186000,0,40496043.99999983,11.248901111111063,5.005760994444423,0.937408425925922,0.52325,0.13779000000001337,0.7058823529411765,3999999.9999999735,84,2e-06,False
400,1000000,POCOL_DISJOINT_NONCE,FIXED_SLOT_IDLE,H2_FIXED_PER_MINER_HARDWARE,0.1,0.0,False,600.0,10000.0,1666.6666666666667,100.0,40000.0,17,14,3,4898.159999999516,3995101.840000029,0.0,8163600,0,40440834.400000006,11.233565111111112,4.998936474444445,0.802397507936508,0.5532428571428571,0.12245399999998789,0.8235294117647058,4000000.000000029,85,2e-06,False
400,1000000,POCOL_DISJOINT_NONCE,FIXED_SLOT_IDLE,H2_FIXED_PER_MINER_HARDWARE,0.1,0.0,False,600.0,10000.0,1666.6666666666667,100.0,40000.0,17,15,2,4432.079999999612,3995567.9199999664,0.0,7386800,0,40398887.199999936,11.221913111111093,4.993751334444436,0.7481275407407395,0.53868,0.1108019999999903,0.8823529411764706,3999999.999999966,86,2e-06,False
400,1000000,POCOL_DISJOINT_NONCE,FIXED_SLOT_IDLE,H2_FIXED_PER_MINER_HARDWARE,0.1,0.0,False,600.0,10000.0,1666.6666666666667,100.0,40000.0,17,13,4,5808.720000000413,3994191.2799999607,0.0,9681200,0,40522784.79999999,11.256329111111109,5.009066454444444,0.8658714700854699,0.655523076923077,0.14521800000001034,0.7647058823529411,3999999.999999961,90,2e-06,False
400,1000000,POCOL_DISJOINT_NONCE,FIXED_SLOT_IDLE,H2_FIXED_PER_MINER_HARDWARE,0.1,0.0,False,600.0,10000.0,1666.6666666666667,100.0,40000.0,17,16,1,3539.7600000005696,3996460.239999973,0.0,5899600,0,40318578.39999998,11.199605111111106,4.9838242744444425,0.6999753194444441,0.4593375,0.08849400000001423,0.9411764705882353,3999999.999999974,87,2e-06,False
400,1000000,POCOL_DISJOINT_NONCE,FIXED_SLOT_IDLE,H2_FIXED_PER_MINER_HARDWARE,0.1,0.0,False,600.0,10000.0,1666.6666666666667,100.0,40000.0,17,16,1,2509.44000000034,3997490.5600000145,0.0,4182400,0,40225849.600000136,11.173847111111149,4.972361964444461,0.6983654444444468,0.29835,0.06273600000000851,0.9411764705882353,4000000.000000015,88,2e-06,False
400,1000000,POCOL_DISJOINT_NONCE,FIXED_SLOT_IDLE,H2_FIXED_PER_MINER_HARDWARE,0.1,0.0,False,600.0,10000.0,1666.6666666666667,100.0,40000.0,17,11,6,5719.679999999789,3994280.320000041,0.0,9532800,0,40514771.20000006,11.254103111111128,5.008075884444452,1.0231002828282845,0.48174545454545453,0.14299199999999473,0.6470588235294118,4000000.0000000405,91,2e-06,False
400,1000000,POCOL_DISJOINT_NONCE,FIXED_SLOT_IDLE,H2_FIXED_PER_MINER_HARDWARE,0.1,0.0,False,600.0,10000.0,1666.6666666666667,100.0,40000.0,17,15,2,4022.1599999995415,3995977.840000015,0.0,6703600,0,40361994.400000274,11.211665111111188,4.989190974444479,0.7474443407407458,0.47036,0.10055399999998853,0.8823529411764706,4000000.000000015,94,2e-06,False
400,1000000,POCOL_DISJOINT_NONCE,FIXED_SLOT_IDLE,H2_FIXED_PER_MINER_HARDWARE,0.1,0.0,False,600.0,10000.0,1666.6666666666667,100.0,40000.0,17,15,2,4814.159999999909,3995185.8400000166,0.0,8023600,0,40433274.39999995,11.231465111111095,4.9980019744444375,0.7487643407407397,0.6023600000000001,0.12035399999999773,0.8823529411764706,4000000.0000000163,89,2e-06,False
400,1000000,POCOL_DISJOINT_NONCE,FIXED_SLOT_IDLE,H2_FIXED_PER_MINER_HARDWARE,0.1,0.0,False,600.0,10000.0,1666.6666666666667,100.0,40000.0,17,16,1,4786.560000000701,3995213.440000033,0.0,7977600,0,40430790.40000019,11.230775111111164,4.997694924444468,0.7019234444444478,0.6541499999999999,0.11966400000001752,0.9411764705882353,4000000.0000000335,93,2e-06,False
400,1000000,POCOL_DISJOINT_NONCE,FIXED_SLOT_IDLE,H2_FIXED_PER_MINER_HARDWARE,0.1,0.0,False,600.0,10000.0,1666.6666666666667,100.0,40000.0,17,15,2,3767.2800000013413,3996232.71999997,0.0,6278800,0,40339055.20000036,11.205293111111212,4.98635543444449,0.7470195407407475,0.42788000000000004,0.09418200000003353,0.8823529411764706,3999999.999999971,92,2e-06,False
400,1000000,POCOL_DISJOINT_NONCE,FIXED_SLOT_IDLE,H2_FIXED_PER_MINER_HARDWARE,0.1,0.0,False,600.0,10000.0,1666.6666666666667,100.0,40000.0,17,16,1,4056.000000000506,3995943.9999999846,0.0,6760000,0,40365040.00000034,11.212511111111207,4.989567444444487,0.7007819444444504,0.5399999999999999,0.10140000000001266,0.9411764705882353,3999999.999999985,96,2e-06,False
400,1000000,POCOL_DISJOINT_NONCE,FIXED_SLOT_IDLE,H2_FIXED_PER_MINER_HARDWARE,0.1,0.0,False,600.0,10000.0,1666.6666666666667,100.0,40000.0,17,16,1,4351.199999999648,3995648.7999999905,0.0,7252000,0,40391608.00000009,11.219891111111137,4.992851544444456,0.701243194444446,0.586125,0.10877999999999119,0.9411764705882353,3999999.99999999,99,2e-06,False
400,1000000,POCOL_DISJOINT_NONCE,FIXED_SLOT_IDLE,H2_FIXED_PER_MINER_HARDWARE,0.1,0.0,False,600.0,10000.0,1666.6666666666667,100.0,40000.0,17,16,1,3594.720000000419,3996405.2799999807,0.0,5991200,0,40323524.79999983,11.200979111111065,4.984435704444424,0.7000611944444416,0.4679250000000001,0.08986800000001048,0.9411764705882353,3999999.999999981,98,2e-06,False
400,1000000,POCOL_DISJOINT_NONCE,FIXED_SLOT_IDLE,H2_FIXED_PER_MINER_HARDWARE,0.1,0.0,False,600.0,10000.0,1666.6666666666667,100.0,40000.0,17,15,2,3475.9200000006313,3996524.080000027,0.0,5793200,0,40312832.79999996,11.1980091111111,4.98311405444444,0.74653394074074,0.37931999999999994,0.08689800000001577,0.8823529411764706,4000000.000000028,97,2e-06,False
400,1000000,POCOL_DISJOINT_NONCE,FIXED_SLOT_IDLE,H2_FIXED_PER_MINER_HARDWARE,0.1,0.0,False,600.0,10000.0,1666.6666666666667,100.0,40000.0,17,14,3,5137.919999999461,3994862.079999978,0.0,8563200,0,40462412.80000005,11.239559111111125,5.001603804444451,0.8028256507936519,0.5960571428571428,0.12844799999998652,0.8235294117647058,3999999.9999999776,95,2e-06,False
400,1000000,INDEPENDENT_HEADERS_EQUAL_TOTAL_BUDGET,FIXED_SLOT_IDLE,H2_FIXED_PER_MINER_HARDWARE,0.1,0.0,False,600.0,10000.0,1666.6666666666667,100.0,40000.0,17,14,3,4211.279999999398,3995788.719999986,0.0,7018800,0,40379015.2,11.216393111111111,4.991294934444444,0.8011709365079366,0.43058571428571435,0.10528199999998494,0.8235294117647058,3999999.999999985,0,2e-06,False
400,1000000,INDEPENDENT_HEADERS_EQUAL_TOTAL_BUDGET,FIXED_SLOT_IDLE,H2_FIXED_PER_MINER_HARDWARE,0.1,0.0,False,600.0,10000.0,1666.6666666666667,100.0,40000.0,17,13,4,4583.279999999889,3995416.719999958,0.0,7638800,0,40412495.200000145,11.225693111111152,4.995433434444463,0.8635148547008579,0.41986153846153845,0.11458199999999721,0.7647058823529411,3999999.9999999576,1,2e-06,False
400,1000000,INDEPENDENT_HEADERS_EQUAL_TOTAL_BUDGET,FIXED_SLOT_IDLE,H2_FIXED_PER_MINER_HARDWARE,0.1,0.0,False,600.0,10000.0,1666.6666666666667,100.0,40000.0,17,17,0,3753.8400000003126,3996246.1600000034,0.0,6256400,0,40337845.60000003,11.20495711111112,4.986205914444449,0.6591151241830071,0.5520352941176471,0.09384600000000781,1.0,4000000.0000000037,3,2e-06,False
400,1000000,INDEPENDENT_HEADERS_EQUAL_TOTAL_BUDGET,FIXED_SLOT_IDLE,H2_FIXED_PER_MINER_HARDWARE,0.1,0.0,False,600.0,10000.0,1666.6666666666667,100.0,40000.0,17,13,4,5386.080000000255,3994613.9200000083,0.0,8976800,0,40484747.20000022,11.245763111111172,5.004364584444471,0.8650587008547055,0.574246153846154,0.13465200000000638,0.7647058823529411,4000000.0000000084,2,2e-06,False
400,1000000,INDEPENDENT_HEADERS_EQUAL_TOTAL_BUDGET,FIXED_SLOT_IDLE,H2_FIXED_PER_MINER_HARDWARE,0.1,0.0,False,600.0,10000.0,1666.6666666666667,100.0,40000.0,17,14,3,4972.799999999796,3995027.1999999904,0.0,8288000,0,40447552.00000007,11.23543111111113,4.999766844444452,0.8025307936507949,0.5665714285714286,0.12431999999999489,0.8235294117647058,3999999.99999999,4,2e-06,False
400,1000000,INDEPENDENT_HEADERS_EQUAL_TOTAL_BUDGET,FIXED_SLOT_IDLE,H2_FIXED_PER_MINER_HARDWARE,0.1,0.0,False,600.0,10000.0,1666.6666666666667,100.0,40000.0,17,15,2,3777.5999999999935,3996222.3999999836,0.0,6296000,0,40339984.000000276,11.205551111111188,4.986470244444479,0.7470367407407459,0.42960000000000004,0.09443999999999984,0.8823529411764706,3999999.9999999837,5,2e-06,False
400,1000000,INDEPENDENT_HEADERS_EQUAL_TOTAL_BUDGET,FIXED_SLOT_IDLE,H2_FIXED_PER_MINER_HARDWARE,0.1,0.0,False,600.0,10000.0,1666.6666666666667,100.0,40000.0,17,15,2,4251.359999999838,3995748.6400000295,0.0,7085600,0,40382622.40000038,11.217395111111216,4.991740824444491,0.7478263407407477,0.50856,0.10628399999999594,0.8823529411764706,4000000.0000000293,6,2e-06,False
400,1000000,INDEPENDENT_HEADERS_EQUAL_TOTAL_BUDGET,FIXED_SLOT_IDLE,H2_FIXED_PER_MINER_HARDWARE,0.1,0.0,False,600.0,10000.0,1666.6666666666667,100.0,40000.0,17,15,2,4792.320000000325,3995207.679999993,0.0,7987200,0,40431308.79999996,11.230919111111099,4.997759004444439,0.7487279407407399,0.5987199999999999,0.11980800000000813,0.8823529411764706,3999999.9999999935,8,2e-06,False
400,1000000,INDEPENDENT_HEADERS_EQUAL_TOTAL_BUDGET,FIXED_SLOT_IDLE,H2_FIXED_PER_MINER_HARDWARE,0.1,0.0,False,600.0,10000.0,1666.6666666666667,100.0,40000.0,17,15,2,3896.640000000262,3996103.360000027,0.0,6494400,0,40350697.60000009,11.208527111111136,4.987794564444456,0.7472351407407424,0.44944,0.09741600000000655,0.8823529411764706,4000000.000000027,7,2e-06,False
400,1000000,INDEPENDENT_HEADERS_EQUAL_TOTAL_BUDGET,FIXED_SLOT_IDLE,H2_FIXED_PER_MINER_HARDWARE,0.1,0.0,False,600.0,10000.0,1666.6666666666667,100.0,40000.0,17,15,2,4240.800000000476,3995759.2000000146,0.0,7068000,0,40381671.9999999,11.217131111111085,4.991623344444433,0.747808740740739,0.5067999999999999,0.10602000000001191,0.8823529411764706,4000000.000000015,10,2e-06,False
400,1000000,INDEPENDENT_HEADERS_EQUAL_TOTAL_BUDGET,FIXED_SLOT_IDLE,H2_FIXED_PER_MINER_HARDWARE,0.1,0.0,False,600.0,10000.0,1666.6666666666667,100.0,40000.0,17,16,1,3822.2400000002413,3996177.759999978,0.0,6370400,0,40344001.600000195,11.206667111111166,4.986966864444469,0.7004166944444479,0.503475,0.09555600000000603,0.9411764705882353,3999999.999999978,11,2e-06,False
400,1000000,INDEPENDENT_HEADERS_EQUAL_TOTAL_BUDGET,FIXED_SLOT_IDLE,H2_FIXED_PER_MINER_HARDWARE,0.1,0.0,False,600.0,10000.0,1666.6666666666667,100.0,40000.0,17,13,4,4925.999999999811,3995074.000000019,0.0,8210000,0,40443340.000000305,11.234261111111197,4.999246194444483,0.8641739316239382,0.4857692307692306,0.12314999999999528,0.7647058823529411,4000000.000000019,9,2e-06,False
400,1000000,INDEPENDENT_HEADERS_EQUAL_TOTAL_BUDGET,FIXED_SLOT_IDLE,H2_FIXED_PER_MINER_HARDWARE,0.1,0.0,False,600.0,10000.0,1666.6666666666667,100.0,40000.0,17,16,1,4228.320000000365,3995771.680000015,0.0,7047200,0,40380548.800000295,11.216819111111192,4.991484504444481,0.7010511944444495,0.566925,0.10570800000000914,0.9411764705882353,4000000.0000000154,13,2e-06,False
400,1000000,INDEPENDENT_HEADERS_EQUAL_TOTAL_BUDGET,FIXED_SLOT_IDLE,H2_FIXED_PER_MINER_HARDWARE,0.1,0.0,False,600.0,10000.0,1666.6666666666667,100.0,40000.0,17,14,3,4799.280000000217,3995200.720000034,0.0,7998800,0,40431935.19999987,11.231093111111075,4.997836434444428,0.8022209365079339,0.5355857142857143,0.11998200000000543,0.8235294117647058,4000000.0000000345,12,2e-06,False
400,1000000,INDEPENDENT_HEADERS_EQUAL_TOTAL_BUDGET,FIXED_SLOT_IDLE,H2_FIXED_PER_MINER_HARDWARE,0.1,0.0,False,600.0,10000.0,1666.6666666666667,100.0,40000.0,17,15,2,3755.759999999643,3996244.239999961,0.0,6259600,0,40338018.39999978,11.205005111111051,4.986227274444418,0.7470003407407367,0.42596,0.09389399999999107,0.8823529411764706,3999999.999999961,14,2e-06,False
400,1000000,INDEPENDENT_HEADERS_EQUAL_TOTAL_BUDGET,FIXED_SLOT_IDLE,H2_FIXED_PER_MINER_HARDWARE,0.1,0.0,False,600.0,10000.0,1666.6666666666667,100.0,40000.0,17,15,2,5826.000000000806,3994174.000000019,0.0,9710000,0,40524340.00000034,11.256761111111206,5.009258694444487,0.7504507407407471,0.7710000000000001,0.14565000000002015,0.8823529411764706,4000000.00000002,15,2e-06,False
400,1000000,INDEPENDENT_HEADERS_EQUAL_TOTAL_BUDGET,FIXED_SLOT_IDLE,H2_FIXED_PER_MINER_HARDWARE,0.1,0.0,False,600.0,10000.0,1666.6666666666667,100.0,40000.0,17,13,4,4814.160000000628,3995185.8400000166,0.0,8023600,0,40433274.39999996,11.2314651111111,4.99800197444444,0.8639588547008539,0.46426153846153845,0.1203540000000157,0.7647058823529411,4000000.000000017,16,2e-06,False
400,1000000,INDEPENDENT_HEADERS_EQUAL_TOTAL_BUDGET,FIXED_SLOT_IDLE,H2_FIXED_PER_MINER_HARDWARE,0.1,0.0,False,600.0,10000.0,1666.6666666666667,100.0,40000.0,17,14,3,5265.360000000766,3994734.6400000127,0.0,8775600,0,40473882.40000009,11.242745111111136,5.003021574444455,0.803053222222224,0.6188142857142857,0.13163400000001915,0.8235294117647058,4000000.0000000135,17,2e-06,False
400,1000000,INDEPENDENT_HEADERS_EQUAL_TOTAL_BUDGET,FIXED_SLOT_IDLE,H2_FIXED_PER_MINER_HARDWARE,0.1,0.0,False,600.0,10000.0,1666.6666666666667,100.0,40000.0,17,11,6,6089.7600000003895,3993910.2399999737,0.0,10149600,0,40548078.39999998,11.263355111111107,5.012193024444443,1.0239413737373733,0.5658545454545455,0.15224400000000976,0.6470588235294118,3999999.999999974,18,2e-06,False
400,1000000,INDEPENDENT_HEADERS_EQUAL_TOTAL_BUDGET,FIXED_SLOT_IDLE,H2_FIXED_PER_MINER_HARDWARE,0.1,0.0,False,600.0,10000.0,1666.6666666666667,100.0,40000.0,17,12,5,6233.76000000016,3993766.239999983,0.0,10389600,0,40561038.40000026,11.266955111111184,5.013795024444477,0.938912925925932,0.6737000000000001,0.155844000000004,0.7058823529411765,3999999.9999999832,20,2e-06,False
400,1000000,INDEPENDENT_HEADERS_EQUAL_TOTAL_BUDGET,FIXED_SLOT_IDLE,H2_FIXED_PER_MINER_HARDWARE,0.1,0.0,False,600.0,10000.0,1666.6666666666667,100.0,40000.0,17,16,1,3925.200000000234,3996074.799999977,0.0,6542000,0,40353268.0000004,11.209241111111222,4.988112294444494,0.7005775694444514,0.5195625,0.09813000000000585,0.9411764705882353,3999999.999999977,22,2e-06,False
400,1000000,INDEPENDENT_HEADERS_EQUAL_TOTAL_BUDGET,FIXED_SLOT_IDLE,H2_FIXED_PER_MINER_HARDWARE,0.1,0.0,False,600.0,10000.0,1666.6666666666667,100.0,40000.0,17,15,2,4466.63999999999,3995533.359999967,0.0,7444400,0,40401997.60000009,11.222777111111137,4.994135814444456,0.7481851407407425,0.54444,0.11166599999999975,0.8823529411764706,3999999.999999967,23,2e-06,False
400,1000000,INDEPENDENT_HEADERS_EQUAL_TOTAL_BUDGET,FIXED_SLOT_IDLE,H2_FIXED_PER_MINER_HARDWARE,0.1,0.0,False,600.0,10000.0,1666.6666666666667,100.0,40000.0,17,15,2,4151.279999999874,3995848.7199999783,0.0,6918800,0,40373615.20000001,11.214893111111113,4.990627434444446,0.7476595407407409,0.49188,0.10378199999999686,0.8823529411764706,3999999.999999978,19,2e-06,False
400,1000000,INDEPENDENT_HEADERS_EQUAL_TOTAL_BUDGET,FIXED_SLOT_IDLE,H2_FIXED_PER_MINER_HARDWARE,0.1,0.0,False,600.0,10000.0,1666.6666666666667,100.0,40000.0,17,13,4,4030.799999999865,3995969.199999984,0.0,6718000,0,40362771.999999896,11.211881111111083,4.989287094444432,0.862452393162391,0.31361538461538463,0.10076999999999663,0.7647058823529411,3999999.9999999837,21,2e-06,False
400,1000000,INDEPENDENT_HEADERS_EQUAL_TOTAL_BUDGET,FIXED_SLOT_IDLE,H2_FIXED_PER_MINER_HARDWARE,0.1,0.0,False,600.0,10000.0,1666.6666666666667,100.0,40000.0,17,14,3,4728.479999999793,3995271.519999988,0.0,7880800,0,40425563.199999936,11.229323111111093,4.997048784444436,0.8020945079365066,0.522942857142857,0.11821199999999484,0.8235294117647058,3999999.999999988,25,2e-06,False
400,1000000,INDEPENDENT_HEADERS_EQUAL_TOTAL_BUDGET,FIXED_SLOT_IDLE,H2_FIXED_PER_MINER_HARDWARE,0.1,0.0,False,600.0,10000.0,1666.6666666666667,100.0,40000.0,17,15,2,4182.720000000339,3995817.2800000296,0.0,6971200,0,40376444.80000016,11.215679111111156,4.990977204444464,0.7477119407407437,0.4971199999999999,0.10456800000000847,0.8823529411764706,4000000.00000003,24,2e-06,False
400,1000000,INDEPENDENT_HEADERS_EQUAL_TOTAL_BUDGET,FIXED_SLOT_IDLE,H2_FIXED_PER_MINER_HARDWARE,0.1,0.0,False,600.0,10000.0,1666.6666666666667,100.0,40000.0,17,16,1,3206.399999999722,3996793.600000029,0.0,5344000,0,40288576.0,11.191271111111112,4.980115644444445,0.6994544444444445,0.40725,0.08015999999999304,0.9411764705882353,4000000.000000029,32,2e-06,False
400,1000000,INDEPENDENT_HEADERS_EQUAL_TOTAL_BUDGET,FIXED_SLOT_IDLE,H2_FIXED_PER_MINER_HARDWARE,0.1,0.0,False,600.0,10000.0,1666.6666666666667,100.0,40000.0,17,15,2,4409.759999999574,3995590.2400000016,0.0,7349600,0,40396878.39999994,11.221355111111095,4.993503024444437,0.7480903407407397,0.53496,0.11024399999998935,0.8823529411764706,4000000.0000000014,26,2e-06,False
400,1000000,INDEPENDENT_HEADERS_EQUAL_TOTAL_BUDGET,FIXED_SLOT_IDLE,H2_FIXED_PER_MINER_HARDWARE,0.1,0.0,False,600.0,10000.0,1666.6666666666667,100.0,40000.0,17,14,3,4876.079999999639,3995123.9199999813,0.0,8126800,0,40438847.20000021,11.23301311111117,4.998690834444471,0.8023580793650835,0.5492999999999999,0.12190199999999098,0.8235294117647058,3999999.999999981,30,2e-06,False
400,1000000,INDEPENDENT_HEADERS_EQUAL_TOTAL_BUDGET,FIXED_SLOT_IDLE,H2_FIXED_PER_MINER_HARDWARE,0.1,0.0,False,600.0,10000.0,1666.6666666666667,100.0,40000.0,17,15,2,6089.279999999689,3993910.7200000314,0.0,10148800,0,40548035.19999983,11.263343111111064,5.012187684444424,0.7508895407407377,0.8148799999999999,0.15223199999999223,0.8823529411764706,4000000.000000031,28,2e-06,False
400,1000000,INDEPENDENT_HEADERS_EQUAL_TOTAL_BUDGET,FIXED_SLOT_IDLE,H2_FIXED_PER_MINER_HARDWARE,0.1,0.0,False,600.0,10000.0,1666.6666666666667,100.0,40000.0,17,14,3,5547.600000000833,3994452.4000000176,0.0,9246000,0,40499284.00000028,11.24980111111119,5.00616149444448,0.8035572222222278,0.6692142857142857,0.1386900000000208,0.8235294117647058,4000000.0000000186,29,2e-06,False
400,1000000,INDEPENDENT_HEADERS_EQUAL_TOTAL_BUDGET,FIXED_SLOT_IDLE,H2_FIXED_PER_MINER_HARDWARE,0.1,0.0,False,600.0,10000.0,1666.6666666666667,100.0,40000.0,17,16,1,5245.920000000876,3994754.0799999726,0.0,8743200,0,40472132.799999975,11.242259111111103,5.002805304444441,0.702641194444444,0.7259249999999999,0.13114800000002189,0.9411764705882353,3999999.9999999735,27,2e-06,False
400,1000000,INDEPENDENT_HEADERS_EQUAL_TOTAL_BUDGET,FIXED_SLOT_IDLE,H2_FIXED_PER_MINER_HARDWARE,0.1,0.0,False,600.0,10000.0,1666.6666666666667,100.0,40000.0,17,16,1,3866.88000000048,3996133.119999991,0.0,6444800,0,40348019.20000015,11.207783111111153,4.987463484444463,0.7004864444444471,0.5104499999999998,0.09667200000001198,0.9411764705882353,3999999.999999991,31,2e-06,False
400,1000000,INDEPENDENT_HEADERS_EQUAL_TOTAL_BUDGET,FIXED_SLOT_IDLE,H2_FIXED_PER_MINER_HARDWARE,0.1,0.0,False,600.0,10000.0,1666.6666666666667,100.0,40000.0,17,13,4,5344.080000000142,3994655.9200000013,0.0,8906800,0,40480967.20000004,11.244713111111123,5.00389733444445,0.8649779316239325,0.5661692307692308,0.13360200000000355,0.7647058823529411,4000000.0000000014,35,2e-06,False
400,1000000,INDEPENDENT_HEADERS_EQUAL_TOTAL_BUDGET,FIXED_SLOT_IDLE,H2_FIXED_PER_MINER_HARDWARE,0.1,0.0,False,600.0,10000.0,1666.6666666666667,100.0,40000.0,17,16,1,4286.640000000253,3995713.3600000194,0.0,7144400,0,40385797.60000009,11.218277111111137,4.992133314444456,0.701142319444446,0.5760374999999999,0.10716600000000633,0.9411764705882353,4000000.0000000196,33,2e-06,False
400,1000000,INDEPENDENT_HEADERS_EQUAL_TOTAL_BUDGET,FIXED_SLOT_IDLE,H2_FIXED_PER_MINER_HARDWARE,0.1,0.0,False,600.0,10000.0,1666.6666666666667,100.0,40000.0,17,16,1,2961.119999999225,3997038.880000031,0.0,4935200,0,40266500.799999826,11.185139111111063,4.977386904444423,0.6990711944444414,0.368925,0.07402799999998064,0.9411764705882353,4000000.0000000303,34,2e-06,False
400,1000000,INDEPENDENT_HEADERS_EQUAL_TOTAL_BUDGET,FIXED_SLOT_IDLE,H2_FIXED_PER_MINER_HARDWARE,0.1,0.0,False,600.0,10000.0,1666.6666666666667,100.0,40000.0,17,16,1,3532.80000000072,3996467.200000016,0.0,5888000,0,40317952.00000008,11.199431111111133,4.983746844444455,0.6999644444444458,0.45825000000000005,0.088320000000018,0.9411764705882353,4000000.0000000168,37,2e-06,False
400,1000000,INDEPENDENT_HEADERS_EQUAL_TOTAL_BUDGET,FIXED_SLOT_IDLE,H2_FIXED_PER_MINER_HARDWARE,0.1,0.0,False,600.0,10000.0,1666.6666666666667,100.0,40000.0,17,13,4,4753.919999999779,3995246.0799999656,0.0,7923200,0,40427852.79999979,11.229959111111052,4.997331804444419,0.863843008547004,0.4526769230769231,0.11884799999999447,0.7647058823529411,3999999.9999999655,38,2e-06,False
400,1000000,INDEPENDENT_HEADERS_EQUAL_TOTAL_BUDGET,FIXED_SLOT_IDLE,H2_FIXED_PER_MINER_HARDWARE,0.1,0.0,False,600.0,10000.0,1666.6666666666667,100.0,40000.0,17,14,3,4772.39999999947,3995227.6000000164,0.0,7954000,0,40429515.99999972,11.230421111111033,4.99753739444441,0.802172936507931,0.5307857142857142,0.11930999999998676,0.8235294117647058,4000000.000000016,36,2e-06,False
400,1000000,INDEPENDENT_HEADERS_EQUAL_TOTAL_BUDGET,FIXED_SLOT_IDLE,H2_FIXED_PER_MINER_HARDWARE,0.1,0.0,False,600.0,10000.0,1666.6666666666667,100.0,40000.0,17,15,2,5115.840000000023,3994884.160000038,0.0,8526400,0,40460425.600000046,11.239007111111125,5.001358164444451,0.7492671407407416,0.6526399999999999,0.12789600000000056,0.8823529411764706,4000000.0000000377,40,2e-06,False
400,1000000,INDEPENDENT_HEADERS_EQUAL_TOTAL_BUDGET,FIXED_SLOT_IDLE,H2_FIXED_PER_MINER_HARDWARE,0.1,0.0,False,600.0,10000.0,1666.6666666666667,100.0,40000.0,17,15,2,3847.679999999998,3996152.3199999803,0.0,6412800,0,40346291.20000004,11.207303111111122,4.9872498844444495,0.7471535407407415,0.44128,0.09619199999999996,0.8823529411764706,3999999.9999999804,39,2e-06,False
400,1000000,INDEPENDENT_HEADERS_EQUAL_TOTAL_BUDGET,FIXED_SLOT_IDLE,H2_FIXED_PER_MINER_HARDWARE,0.1,0.0,False,600.0,10000.0,1666.6666666666667,100.0,40000.0,17,13,4,5678.639999999964,3994321.360000025,0.0,9464400,0,40511077.599999614,11.253077111111004,5.007619314444397,0.865621316239308,0.6305076923076923,0.1419659999999991,0.7647058823529411,4000000.000000025,41,2e-06,False
400,1000000,INDEPENDENT_HEADERS_EQUAL_TOTAL_BUDGET,FIXED_SLOT_IDLE,H2_FIXED_PER_MINER_HARDWARE,0.1,0.0,False,600.0,10000.0,1666.6666666666667,100.0,40000.0,17,15,2,5372.159999999823,3994627.840000015,0.0,8953600,0,40483494.40000028,11.245415111111189,5.004209724444479,0.7496943407407459,0.6953599999999999,0.13430399999999557,0.8823529411764706,4000000.000000015,43,2e-06,False
400,1000000,INDEPENDENT_HEADERS_EQUAL_TOTAL_BUDGET,FIXED_SLOT_IDLE,H2_FIXED_PER_MINER_HARDWARE,0.1,0.0,False,600.0,10000.0,1666.6666666666667,100.0,40000.0,17,12,5,5931.840000000345,3994068.160000025,0.0,9886400,0,40533865.599999994,11.25940711111111,5.010436164444443,0.9382839259259258,0.6108,0.14829600000000862,0.7058823529411765,4000000.000000025,42,2e-06,False
400,1000000,INDEPENDENT_HEADERS_EQUAL_TOTAL_BUDGET,FIXED_SLOT_IDLE,H2_FIXED_PER_MINER_HARDWARE,0.1,0.0,False,600.0,10000.0,1666.6666666666667,100.0,40000.0,17,16,1,3766.079999999953,3996233.9199999743,0.0,6276800,0,40338947.20000021,11.20526311111117,4.986342084444471,0.7003289444444482,0.4947,0.09415199999999882,0.9411764705882353,3999999.9999999744,44,2e-06,False
400,1000000,INDEPENDENT_HEADERS_EQUAL_TOTAL_BUDGET,FIXED_SLOT_IDLE,H2_FIXED_PER_MINER_HARDWARE,0.1,0.0,False,600.0,10000.0,1666.6666666666667,100.0,40000.0,17,15,2,4128.95999999986,3995871.040000018,0.0,6881600,0,40371606.40000005,11.214335111111126,4.990379124444451,0.7476223407407417,0.48816,0.1032239999999965,0.8823529411764706,4000000.000000018,47,2e-06,False
400,1000000,INDEPENDENT_HEADERS_EQUAL_TOTAL_BUDGET,FIXED_SLOT_IDLE,H2_FIXED_PER_MINER_HARDWARE,0.1,0.0,False,600.0,10000.0,1666.6666666666667,100.0,40000.0,17,17,0,3173.040000000402,3996826.960000014,0.0,5288400,0,40285573.60000013,11.190437111111146,4.9797445144444605,0.6582610065359498,0.46662352941176466,0.07932600000001006,1.0,4000000.0000000144,48,2e-06,False
400,1000000,INDEPENDENT_HEADERS_EQUAL_TOTAL_BUDGET,FIXED_SLOT_IDLE,H2_FIXED_PER_MINER_HARDWARE,0.1,0.0,False,600.0,10000.0,1666.6666666666667,100.0,40000.0,17,15,2,4753.679999999794,3995246.3199999663,0.0,7922800,0,40427831.20000034,11.229953111111206,4.997329134444486,0.748663540740747,0.5922799999999999,0.11884199999999485,0.8823529411764706,3999999.999999966,45,2e-06,False
400,1000000,INDEPENDENT_HEADERS_EQUAL_TOTAL_BUDGET,FIXED_SLOT_IDLE,H2_FIXED_PER_MINER_HARDWARE,0.1,0.0,False,600.0,10000.0,1666.6666666666667,100.0,40000.0,17,15,2,3484.5599999990054,3996515.440000025,0.0,5807600,0,40313610.40000014,11.19822511111115,4.983210174444461,0.7465483407407433,0.38075999999999993,0.08711399999997513,0.8823529411764706,4000000.000000024,46,2e-06,False
400,1000000,INDEPENDENT_HEADERS_EQUAL_TOTAL_BUDGET,FIXED_SLOT_IDLE,H2_FIXED_PER_MINER_HARDWARE,0.1,0.0,False,600.0,10000.0,1666.6666666666667,100.0,40000.0,17,15,2,4622.400000000441,3995377.6000000164,0.0,7704000,0,40416015.99999988,11.226671111111077,4.995868644444429,0.7484447407407385,0.5704,0.11556000000001102,0.8823529411764706,4000000.0000000168,50,2e-06,False
400,1000000,INDEPENDENT_HEADERS_EQUAL_TOTAL_BUDGET,FIXED_SLOT_IDLE,H2_FIXED_PER_MINER_HARDWARE,0.1,0.0,False,600.0,10000.0,1666.6666666666667,100.0,40000.0,17,15,2,4151.040000000976,3995848.960000042,0.0,6918400,0,40373593.60000011,11.214887111111143,4.990624764444458,0.7476591407407428,0.49183999999999994,0.10377600000002439,0.8823529411764706,4000000.000000043,49,2e-06,False
400,1000000,INDEPENDENT_HEADERS_EQUAL_TOTAL_BUDGET,FIXED_SLOT_IDLE,H2_FIXED_PER_MINER_HARDWARE,0.1,0.0,False,600.0,10000.0,1666.6666666666667,100.0,40000.0,17,16,1,2962.560000000316,3997037.4399999636,0.0,4937600,0,40266630.40000002,11.185175111111118,4.977402924444448,0.6990734444444449,0.36915,0.0740640000000079,0.9411764705882353,3999999.999999964,51,2e-06,False
400,1000000,INDEPENDENT_HEADERS_EQUAL_TOTAL_BUDGET,FIXED_SLOT_IDLE,H2_FIXED_PER_MINER_HARDWARE,0.1,0.0,False,600.0,10000.0,1666.6666666666667,100.0,40000.0,17,13,4,5716.56000000036,3994283.4400000046,0.0,9527600,0,40514490.400000185,11.254025111111162,5.008041174444467,0.8656942393162432,0.6377999999999999,0.142914000000009,0.7647058823529411,4000000.000000005,52,2e-06,False
400,1000000,INDEPENDENT_HEADERS_EQUAL_TOTAL_BUDGET,FIXED_SLOT_IDLE,H2_FIXED_PER_MINER_HARDWARE,0.1,0.0,False,600.0,10000.0,1666.6666666666667,100.0,40000.0,17,17,0,4189.199999999583,3995810.799999957,0.0,6982000,0,40377028.0000001,11.215841111111137,4.991049294444456,0.6597553594771257,0.6160588235294117,0.10472999999998958,1.0,3999999.9999999567,57,2e-06,False
400,1000000,INDEPENDENT_HEADERS_EQUAL_TOTAL_BUDGET,FIXED_SLOT_IDLE,H2_FIXED_PER_MINER_HARDWARE,0.1,0.0,False,600.0,10000.0,1666.6666666666667,100.0,40000.0,17,15,2,4335.839999999737,3995664.1599999834,0.0,7226400,0,40390225.60000004,11.219507111111122,4.99268066444445,0.7479671407407414,0.52264,0.10839599999999344,0.8823529411764706,3999999.9999999832,54,2e-06,False
400,1000000,INDEPENDENT_HEADERS_EQUAL_TOTAL_BUDGET,FIXED_SLOT_IDLE,H2_FIXED_PER_MINER_HARDWARE,0.1,0.0,False,600.0,10000.0,1666.6666666666667,100.0,40000.0,17,17,0,3408.239999999202,3996591.7600000184,0.0,5680400,0,40306741.59999991,11.196317111111087,4.9823611144444335,0.6586068888888875,0.5012117647058822,0.08520599999998005,1.0,4000000.0000000177,53,2e-06,False
400,1000000,INDEPENDENT_HEADERS_EQUAL_TOTAL_BUDGET,FIXED_SLOT_IDLE,H2_FIXED_PER_MINER_HARDWARE,0.1,0.0,False,600.0,10000.0,1666.6666666666667,100.0,40000.0,17,15,2,3757.680000000656,3996242.320000007,0.0,6262800,0,40338191.200000055,11.205053111111127,4.986248634444451,0.7470035407407418,0.4262799999999999,0.0939420000000164,0.8823529411764706,4000000.0000000075,55,2e-06,False
400,1000000,INDEPENDENT_HEADERS_EQUAL_TOTAL_BUDGET,FIXED_SLOT_IDLE,H2_FIXED_PER_MINER_HARDWARE,0.1,0.0,False,600.0,10000.0,1666.6666666666667,100.0,40000.0,17,11,6,5759.999999999725,3994240.0000000256,0.0,9600000,0,40518399.99999999,11.255111111111109,5.0085244444444434,1.023191919191919,0.49090909090909085,0.14399999999999313,0.6470588235294118,4000000.000000025,58,2e-06,False
400,1000000,INDEPENDENT_HEADERS_EQUAL_TOTAL_BUDGET,FIXED_SLOT_IDLE,H2_FIXED_PER_MINER_HARDWARE,0.1,0.0,False,600.0,10000.0,1666.6666666666667,100.0,40000.0,17,13,4,5441.519999999548,3994558.479999976,0.0,9069200,0,40489736.80000006,11.247149111111128,5.0049813544444515,0.8651653162393175,0.5849076923076922,0.1360379999999887,0.7647058823529411,3999999.999999976,56,2e-06,False
400,1000000,INDEPENDENT_HEADERS_EQUAL_TOTAL_BUDGET,FIXED_SLOT_IDLE,H2_FIXED_PER_MINER_HARDWARE,0.1,0.0,False,600.0,10000.0,1666.6666666666667,100.0,40000.0,17,11,6,5685.599999999613,3994314.399999978,0.0,9476000,0,40511704.0000001,11.253251111111139,5.0076967444444564,1.0230228282828309,0.474,0.14213999999999033,0.6470588235294118,3999999.9999999776,59,2e-06,False
400,1000000,INDEPENDENT_HEADERS_EQUAL_TOTAL_BUDGET,FIXED_SLOT_IDLE,H2_FIXED_PER_MINER_HARDWARE,0.1,0.0,False,600.0,10000.0,1666.6666666666667,100.0,40000.0,17,12,5,5545.920000000376,3994454.0799999726,0.0,9243200,0,40499132.79999996,11.2497591111111,5.00614280444444,0.937479925925925,0.5304,0.1386480000000094,0.7058823529411765,3999999.999999973,60,2e-06,False
400,1000000,INDEPENDENT_HEADERS_EQUAL_TOTAL_BUDGET,FIXED_SLOT_IDLE,H2_FIXED_PER_MINER_HARDWARE,0.1,0.0,False,600.0,10000.0,1666.6666666666667,100.0,40000.0,17,11,6,5214.0000000000855,3994785.9999999795,0.0,8690000,0,40469259.999999695,11.241461111111025,5.002450194444406,1.0219510101010023,0.36681818181818177,0.13035000000000213,0.6470588235294118,3999999.9999999795,61,2e-06,False
400,1000000,INDEPENDENT_HEADERS_EQUAL_TOTAL_BUDGET,FIXED_SLOT_IDLE,H2_FIXED_PER_MINER_HARDWARE,0.1,0.0,False,600.0,10000.0,1666.6666666666667,100.0,40000.0,17,13,4,5609.039999999856,3994390.960000035,0.0,9348400,0,40504813.59999981,11.251337111111058,5.006845014444421,0.865487470085466,0.617123076923077,0.1402259999999964,0.7647058823529411,4000000.000000035,62,2e-06,False
400,1000000,INDEPENDENT_HEADERS_EQUAL_TOTAL_BUDGET,FIXED_SLOT_IDLE,H2_FIXED_PER_MINER_HARDWARE,0.1,0.0,False,600.0,10000.0,1666.6666666666667,100.0,40000.0,17,15,2,5116.080000000655,3994883.9199999743,0.0,8526800,0,40460447.20000023,11.239013111111174,5.001360834444473,0.7492675407407449,0.65268,0.12790200000001636,0.8823529411764706,3999999.999999975,63,2e-06,False
400,1000000,INDEPENDENT_HEADERS_EQUAL_TOTAL_BUDGET,FIXED_SLOT_IDLE,H2_FIXED_PER_MINER_HARDWARE,0.1,0.0,False,600.0,10000.0,1666.6666666666667,100.0,40000.0,17,14,3,5047.199999999427,3994952.8000000385,0.0,8412000,0,40454247.999999925,11.237291111111091,5.000594544444436,0.8026636507936493,0.5798571428571427,0.12617999999998566,0.8235294117647058,4000000.0000000377,64,2e-06,False
400,1000000,INDEPENDENT_HEADERS_EQUAL_TOTAL_BUDGET,FIXED_SLOT_IDLE,H2_FIXED_PER_MINER_HARDWARE,0.1,0.0,False,600.0,10000.0,1666.6666666666667,100.0,40000.0,17,15,2,4095.84000000068,3995904.1600000104,0.0,6826400,0,40368625.60000005,11.213507111111126,4.990010664444451,0.7475671407407417,0.48264,0.102396000000017,0.8823529411764706,4000000.000000011,67,2e-06,False
400,1000000,INDEPENDENT_HEADERS_EQUAL_TOTAL_BUDGET,FIXED_SLOT_IDLE,H2_FIXED_PER_MINER_HARDWARE,0.1,0.0,False,600.0,10000.0,1666.6666666666667,100.0,40000.0,17,17,0,3995.760000000008,3996004.2400000226,0.0,6659600,0,40359618.39999978,11.211005111111051,4.988897274444418,0.6594708888888854,0.5876117647058824,0.0998940000000002,1.0,4000000.0000000224,70,2e-06,False
400,1000000,INDEPENDENT_HEADERS_EQUAL_TOTAL_BUDGET,FIXED_SLOT_IDLE,H2_FIXED_PER_MINER_HARDWARE,0.1,0.0,False,600.0,10000.0,1666.6666666666667,100.0,40000.0,17,16,1,3047.7600000007446,3996952.2399999667,0.0,5079600,0,40274298.39999982,11.18730511111106,4.978350774444422,0.6992065694444413,0.3824624999999999,0.07619400000001861,0.9411764705882353,3999999.9999999674,68,2e-06,False
400,1000000,INDEPENDENT_HEADERS_EQUAL_TOTAL_BUDGET,FIXED_SLOT_IDLE,H2_FIXED_PER_MINER_HARDWARE,0.1,0.0,False,600.0,10000.0,1666.6666666666667,100.0,40000.0,17,16,1,4380.720000000613,3995619.280000021,0.0,7301200,0,40394264.80000017,11.220629111111158,4.993179954444465,0.7012893194444474,0.5907374999999999,0.10951800000001534,0.9411764705882353,4000000.000000022,69,2e-06,False
400,1000000,INDEPENDENT_HEADERS_EQUAL_TOTAL_BUDGET,FIXED_SLOT_IDLE,H2_FIXED_PER_MINER_HARDWARE,0.1,0.0,False,600.0,10000.0,1666.6666666666667,100.0,40000.0,17,17,0,5424.000000000127,3994575.999999981,0.0,9040000,0,40488159.999999695,11.246711111111026,5.004786444444407,0.6615712418300603,0.7976470588235294,0.13560000000000316,1.0,3999999.999999981,65,2e-06,False
400,1000000,INDEPENDENT_HEADERS_EQUAL_TOTAL_BUDGET,FIXED_SLOT_IDLE,H2_FIXED_PER_MINER_HARDWARE,0.1,0.0,False,600.0,10000.0,1666.6666666666667,100.0,40000.0,17,14,3,5446.080000000436,3994553.920000034,0.0,9076800,0,40490147.20000022,11.247263111111172,5.005032084444472,0.8033759365079408,0.6510857142857142,0.13615200000001088,0.8235294117647058,4000000.0000000345,66,2e-06,False
400,1000000,INDEPENDENT_HEADERS_EQUAL_TOTAL_BUDGET,FIXED_SLOT_IDLE,H2_FIXED_PER_MINER_HARDWARE,0.1,0.0,False,600.0,10000.0,1666.6666666666667,100.0,40000.0,17,15,2,4593.359999999663,3995406.6400000346,0.0,7655600,0,40413402.39999991,11.225945111111086,4.995545574444433,0.748396340740739,0.5655600000000001,0.11483399999999157,0.8823529411764706,4000000.0000000345,71,2e-06,False
400,1000000,INDEPENDENT_HEADERS_EQUAL_TOTAL_BUDGET,FIXED_SLOT_IDLE,H2_FIXED_PER_MINER_HARDWARE,0.1,0.0,False,600.0,10000.0,1666.6666666666667,100.0,40000.0,17,13,4,5861.520000000044,3994138.4800000107,0.0,9769200,0,40527536.800000064,11.257649111111128,5.009653854444452,0.8659730085470099,0.665676923076923,0.1465380000000011,0.7647058823529411,4000000.0000000107,73,2e-06,False
400,1000000,INDEPENDENT_HEADERS_EQUAL_TOTAL_BUDGET,FIXED_SLOT_IDLE,H2_FIXED_PER_MINER_HARDWARE,0.1,0.0,False,600.0,10000.0,1666.6666666666667,100.0,40000.0,17,15,2,4481.759999999838,3995518.2399999746,0.0,7469600,0,40403358.40000007,11.223155111111131,4.994304024444453,0.7482103407407421,0.5469599999999999,0.11204399999999595,0.8823529411764706,3999999.9999999744,72,2e-06,False
400,1000000,INDEPENDENT_HEADERS_EQUAL_TOTAL_BUDGET,FIXED_SLOT_IDLE,H2_FIXED_PER_MINER_HARDWARE,0.1,0.0,False,600.0,10000.0,1666.6666666666667,100.0,40000.0,17,15,2,5209.920000000047,3994790.080000039,0.0,8683200,0,40468892.800000235,11.241359111111176,5.002404804444474,0.7494239407407451,0.6683199999999998,0.13024800000000117,0.8823529411764706,4000000.000000039,74,2e-06,False
400,1000000,INDEPENDENT_HEADERS_EQUAL_TOTAL_BUDGET,FIXED_SLOT_IDLE,H2_FIXED_PER_MINER_HARDWARE,0.1,0.0,False,600.0,10000.0,1666.6666666666667,100.0,40000.0,17,15,2,3399.8400000006404,3996600.1599999624,0.0,5666400,0,40305985.60000033,11.196107111111203,4.982267664444485,0.7464071407407469,0.3666399999999999,0.084996000000016,0.8823529411764706,3999999.999999963,75,2e-06,False
400,1000000,INDEPENDENT_HEADERS_EQUAL_TOTAL_BUDGET,FIXED_SLOT_IDLE,H2_FIXED_PER_MINER_HARDWARE,0.1,0.0,False,600.0,10000.0,1666.6666666666667,100.0,40000.0,17,16,1,4516.800000000667,3995483.200000028,0.0,7528000,0,40406512.00000024,11.224031111111177,4.994693844444474,0.7015019444444486,0.612,0.11292000000001667,0.9411764705882353,4000000.000000029,76,2e-06,False
400,1000000,INDEPENDENT_HEADERS_EQUAL_TOTAL_BUDGET,FIXED_SLOT_IDLE,H2_FIXED_PER_MINER_HARDWARE,0.1,0.0,False,600.0,10000.0,1666.6666666666667,100.0,40000.0,17,15,2,4195.920000000343,3995804.0799999726,0.0,6993200,0,40377632.79999996,11.2160091111111,4.99112405444444,0.7477339407407401,0.49932,0.10489800000000857,0.8823529411764706,3999999.999999973,81,2e-06,False
400,1000000,INDEPENDENT_HEADERS_EQUAL_TOTAL_BUDGET,FIXED_SLOT_IDLE,H2_FIXED_PER_MINER_HARDWARE,0.1,0.0,False,600.0,10000.0,1666.6666666666667,100.0,40000.0,17,15,2,4657.199999998799,3995342.799999977,0.0,7762000,0,40419147.99999992,11.227541111111089,4.996255794444434,0.7485027407407393,0.5761999999999999,0.11642999999996997,0.8823529411764706,3999999.999999976,84,2e-06,False
400,1000000,INDEPENDENT_HEADERS_EQUAL_TOTAL_BUDGET,FIXED_SLOT_IDLE,H2_FIXED_PER_MINER_HARDWARE,0.1,0.0,False,600.0,10000.0,1666.6666666666667,100.0,40000.0,17,13,4,5369.520000000324,3994630.4800000037,0.0,8949200,0,40483256.800000034,11.245349111111121,5.004180354444449,0.8650268547008555,0.5710615384615384,0.1342380000000081,0.7647058823529411,4000000.000000004,78,2e-06,False
400,1000000,INDEPENDENT_HEADERS_EQUAL_TOTAL_BUDGET,FIXED_SLOT_IDLE,H2_FIXED_PER_MINER_HARDWARE,0.1,0.0,False,600.0,10000.0,1666.6666666666667,100.0,40000.0,17,13,4,5316.240000000603,3994683.760000017,0.0,8860400,0,40478461.5999999,11.244017111111082,5.003587614444432,0.864924393162391,0.5608153846153846,0.13290600000001507,0.7647058823529411,4000000.0000000177,77,2e-06,False
400,1000000,INDEPENDENT_HEADERS_EQUAL_TOTAL_BUDGET,FIXED_SLOT_IDLE,H2_FIXED_PER_MINER_HARDWARE,0.1,0.0,False,600.0,10000.0,1666.6666666666667,100.0,40000.0,17,15,2,4380.240000000006,3995619.7599999723,0.0,7300400,0,40394221.60000002,11.220617111111116,4.993174614444446,0.748041140740741,0.53004,0.10950600000000016,0.8823529411764706,3999999.9999999725,79,2e-06,False
400,1000000,INDEPENDENT_HEADERS_EQUAL_TOTAL_BUDGET,FIXED_SLOT_IDLE,H2_FIXED_PER_MINER_HARDWARE,0.1,0.0,False,600.0,10000.0,1666.6666666666667,100.0,40000.0,17,14,3,5475.839999999907,3994524.159999976,0.0,9126400,0,40492825.60000005,11.248007111111127,5.005363164444452,0.8034290793650805,0.6564,0.13689599999999766,0.8235294117647058,3999999.999999976,80,2e-06,False
400,1000000,INDEPENDENT_HEADERS_EQUAL_TOTAL_BUDGET,FIXED_SLOT_IDLE,H2_FIXED_PER_MINER_HARDWARE,0.1,0.0,False,600.0,10000.0,1666.6666666666667,100.0,40000.0,17,13,4,5059.920000000094,3994940.080000039,0.0,8433200,0,40455392.800000235,11.237609111111176,5.000736054444474,0.864431470085475,0.511523076923077,0.12649800000000233,0.7647058823529411,4000000.000000039,82,2e-06,False
400,1000000,INDEPENDENT_HEADERS_EQUAL_TOTAL_BUDGET,FIXED_SLOT_IDLE,H2_FIXED_PER_MINER_HARDWARE,0.1,0.0,False,600.0,10000.0,1666.6666666666667,100.0,40000.0,17,15,2,3710.1599999999967,3996289.8399999756,0.0,6183600,0,40333914.39999968,11.203865111111021,4.985719974444405,0.7469243407407348,0.41835999999999995,0.0927539999999999,0.8823529411764706,3999999.999999976,83,2e-06,False
400,1000000,INDEPENDENT_HEADERS_EQUAL_TOTAL_BUDGET,FIXED_SLOT_IDLE,H2_FIXED_PER_MINER_HARDWARE,0.1,0.0,False,600.0,10000.0,1666.6666666666667,100.0,40000.0,17,15,2,4949.520000000007,3995050.4799999753,0.0,8249200,0,40445456.800000034,11.23484911111112,4.999507854444449,0.7489899407407414,0.62492,0.12373800000000018,0.8823529411764706,3999999.9999999753,85,2e-06,False
400,1000000,INDEPENDENT_HEADERS_EQUAL_TOTAL_BUDGET,FIXED_SLOT_IDLE,H2_FIXED_PER_MINER_HARDWARE,0.1,0.0,False,600.0,10000.0,1666.6666666666667,100.0,40000.0,17,15,2,4588.320000000347,3995411.6800000407,0.0,7647200,0,40412948.800000295,11.225819111111193,4.995489504444481,0.7483879407407462,0.5647199999999999,0.11470800000000868,0.8823529411764706,4000000.000000041,87,2e-06,False
400,1000000,INDEPENDENT_HEADERS_EQUAL_TOTAL_BUDGET,FIXED_SLOT_IDLE,H2_FIXED_PER_MINER_HARDWARE,0.1,0.0,False,600.0,10000.0,1666.6666666666667,100.0,40000.0,17,14,3,3447.3600000001143,3996552.639999988,0.0,5745600,0,40310262.40000011,11.197295111111142,4.982796324444458,0.7998067936507959,0.2941714285714286,0.08618400000000286,0.8235294117647058,3999999.9999999884,86,2e-06,False
400,1000000,INDEPENDENT_HEADERS_EQUAL_TOTAL_BUDGET,FIXED_SLOT_IDLE,H2_FIXED_PER_MINER_HARDWARE,0.1,0.0,False,600.0,10000.0,1666.6666666666667,100.0,40000.0,17,15,2,4266.239999998982,3995733.760000017,0.0,7110400,0,40383961.59999973,11.217767111111037,4.991906364444412,0.7478511407407358,0.5110399999999999,0.10665599999997455,0.8823529411764706,4000000.000000016,88,2e-06,False
400,1000000,INDEPENDENT_HEADERS_EQUAL_TOTAL_BUDGET,FIXED_SLOT_IDLE,H2_FIXED_PER_MINER_HARDWARE,0.1,0.0,False,600.0,10000.0,1666.6666666666667,100.0,40000.0,17,14,3,4868.399999999746,3995131.599999976,0.0,8114000,0,40438156.00000017,11.232821111111159,4.998605394444466,0.8023443650793685,0.5479285714285714,0.12170999999999364,0.8235294117647058,3999999.999999976,90,2e-06,False
400,1000000,INDEPENDENT_HEADERS_EQUAL_TOTAL_BUDGET,FIXED_SLOT_IDLE,H2_FIXED_PER_MINER_HARDWARE,0.1,0.0,False,600.0,10000.0,1666.6666666666667,100.0,40000.0,17,14,3,4428.000000000568,3995572.0000000275,0.0,7380000,0,40398519.999999985,11.221811111111107,4.993705944444443,0.8015579365079362,0.4692857142857143,0.11070000000001422,0.8235294117647058,4000000.000000028,91,2e-06,False
400,1000000,INDEPENDENT_HEADERS_EQUAL_TOTAL_BUDGET,FIXED_SLOT_IDLE,H2_FIXED_PER_MINER_HARDWARE,0.1,0.0,False,600.0,10000.0,1666.6666666666667,100.0,40000.0,17,14,3,4731.83999999965,3995268.1600000253,0.0,7886400,0,40425865.599999994,11.22940711111111,4.997086164444444,0.8021005079365079,0.5235428571428573,0.11829599999999126,0.8235294117647058,4000000.000000025,89,2e-06,False
400,1000000,INDEPENDENT_HEADERS_EQUAL_TOTAL_BUDGET,FIXED_SLOT_IDLE,H2_FIXED_PER_MINER_HARDWARE,0.1,0.0,False,600.0,10000.0,1666.6666666666667,100.0,40000.0,17,15,2,4133.040000000061,3995866.9600000214,0.0,6888400,0,40371973.60000012,11.214437111111145,4.9904245144444594,0.747629140740743,0.48883999999999994,0.10332600000000153,0.8823529411764706,4000000.0000000214,92,2e-06,False
400,1000000,INDEPENDENT_HEADERS_EQUAL_TOTAL_BUDGET,FIXED_SLOT_IDLE,H2_FIXED_PER_MINER_HARDWARE,0.1,0.0,False,600.0,10000.0,1666.6666666666667,100.0,40000.0,17,15,2,3191.759999999216,3996808.2399999816,0.0,5319600,0,40287258.40000007,11.190905111111132,4.979952774444453,0.7460603407407421,0.3319600000000001,0.0797939999999804,0.8823529411764706,3999999.999999981,93,2e-06,False
400,1000000,INDEPENDENT_HEADERS_EQUAL_TOTAL_BUDGET,FIXED_SLOT_IDLE,H2_FIXED_PER_MINER_HARDWARE,0.1,0.0,False,600.0,10000.0,1666.6666666666667,100.0,40000.0,17,15,2,4036.080000000001,3995963.9200000083,0.0,6726800,0,40363247.20000021,11.21201311111117,4.989345834444471,0.7474675407407447,0.47268000000000004,0.10090200000000002,0.8823529411764706,4000000.0000000084,94,2e-06,False
400,1000000,INDEPENDENT_HEADERS_EQUAL_TOTAL_BUDGET,FIXED_SLOT_IDLE,H2_FIXED_PER_MINER_HARDWARE,0.1,0.0,False,600.0,10000.0,1666.6666666666667,100.0,40000.0,17,15,2,3572.4000000009155,3996427.6000000164,0.0,5954000,0,40321515.99999988,11.200421111111078,4.9841873944444295,0.7466947407407385,0.3954000000000001,0.08931000000002288,0.8823529411764706,4000000.000000017,95,2e-06,False
400,1000000,INDEPENDENT_HEADERS_EQUAL_TOTAL_BUDGET,FIXED_SLOT_IDLE,H2_FIXED_PER_MINER_HARDWARE,0.1,0.0,False,600.0,10000.0,1666.6666666666667,100.0,40000.0,17,15,2,4049.7600000004268,3995950.2399999746,0.0,6749600,0,40364478.39999998,11.212355111111107,4.989498024444442,0.7474903407407404,0.47496,0.10124400000001067,0.8823529411764706,3999999.999999975,98,2e-06,False
400,1000000,INDEPENDENT_HEADERS_EQUAL_TOTAL_BUDGET,FIXED_SLOT_IDLE,H2_FIXED_PER_MINER_HARDWARE,0.1,0.0,False,600.0,10000.0,1666.6666666666667,100.0,40000.0,17,17,0,3004.7999999987983,3996995.1999999704,0.0,5008000,0,40270431.99999958,11.186231111110995,4.977872844444393,0.658013594771235,0.4418823529411765,0.07511999999996995,1.0,3999999.9999999693,99,2e-06,False
400,1000000,INDEPENDENT_HEADERS_EQUAL_TOTAL_BUDGET,FIXED_SLOT_IDLE,H2_FIXED_PER_MINER_HARDWARE,0.1,0.0,False,600.0,10000.0,1666.6666666666667,100.0,40000.0,17,13,4,5396.160000000593,3994603.8399999966,0.0,8993600,0,40485654.39999998,11.246015111111106,5.004476724444443,0.865078085470085,0.5761846153846153,0.13490400000001482,0.7647058823529411,3999999.999999997,96,2e-06,False
400,1000000,INDEPENDENT_HEADERS_EQUAL_TOTAL_BUDGET,FIXED_SLOT_IDLE,H2_FIXED_PER_MINER_HARDWARE,0.1,0.0,False,600.0,10000.0,1666.6666666666667,100.0,40000.0,17,15,2,3213.83999999913,3996786.1600000295,0.0,5356400,0,40289245.60000001,11.191457111111113,4.9801984144444456,0.7460971407407408,0.33564000000000005,0.08034599999997825,0.8823529411764706,4000000.0000000284,97,2e-06,False
400,1000000,INDEPENDENT_HEADERS_FULL_PER_MINER_BUDGET,FIXED_SLOT_IDLE,H2_FIXED_PER_MINER_HARDWARE,0.1,0.0,False,600.0,10000.0,1666.6666666666667,100.0,40000.0,17,17,0,3753.8400000003126,3996246.1600000034,0.0,6256400,0,40337845.60000003,11.20495711111112,4.986205914444449,0.6591151241830071,0.5520352941176471,0.09384600000000781,1.0,4000000.0000000037,3,2e-06,False
400,1000000,INDEPENDENT_HEADERS_FULL_PER_MINER_BUDGET,FIXED_SLOT_IDLE,H2_FIXED_PER_MINER_HARDWARE,0.1,0.0,False,600.0,10000.0,1666.6666666666667,100.0,40000.0,17,17,0,6047.519999999106,3993952.480000025,0.0,10079200,0,40544276.80000036,11.262299111111211,5.011723104444489,0.6624881830065419,0.8893411764705883,0.15118799999997765,1.0,4000000.000000024,0,2e-06,False
400,1000000,INDEPENDENT_HEADERS_FULL_PER_MINER_BUDGET,FIXED_SLOT_IDLE,H2_FIXED_PER_MINER_HARDWARE,0.1,0.0,False,600.0,10000.0,1666.6666666666667,100.0,40000.0,17,17,0,5566.3199999995395,3994433.6799999797,0.0,9277200,0,40500968.79999965,11.250269111111013,5.006369754444401,0.6617805359477067,0.8185764705882352,0.13915799999998849,1.0,3999999.999999979,6,2e-06,False
400,1000000,INDEPENDENT_HEADERS_FULL_PER_MINER_BUDGET,FIXED_SLOT_IDLE,H2_FIXED_PER_MINER_HARDWARE,0.1,0.0,False,600.0,10000.0,1666.6666666666667,100.0,40000.0,17,17,0,6259.919999999716,3993740.0800000387,0.0,10433200,0,40563392.800000235,11.267609111111177,5.014086054444474,0.6628005359477163,0.9205764705882352,0.1564979999999929,1.0,4000000.0000000386,4,2e-06,False
400,1000000,INDEPENDENT_HEADERS_FULL_PER_MINER_BUDGET,FIXED_SLOT_IDLE,H2_FIXED_PER_MINER_HARDWARE,0.1,0.0,False,600.0,10000.0,1666.6666666666667,100.0,40000.0,17,17,0,7394.160000000192,3992605.839999988,0.0,12323600,0,40665474.399999954,11.295965111111098,5.026704474444439,0.6644685359477116,1.087376470588235,0.1848540000000048,1.0,3999999.9999999884,2,2e-06,False
400,1000000,INDEPENDENT_HEADERS_FULL_PER_MINER_BUDGET,FIXED_SLOT_IDLE,H2_FIXED_PER_MINER_HARDWARE,0.1,0.0,False,600.0,10000.0,1666.6666666666667,100.0,40000.0,17,17,0,5556.239999999921,3994443.759999986,0.0,9260400,0,40500061.59999974,11.250017111111038,5.006257614444412,0.6617657124182964,0.8170941176470587,0.13890599999999803,1.0,3999999.9999999856,1,2e-06,False
400,1000000,INDEPENDENT_HEADERS_FULL_PER_MINER_BUDGET,FIXED_SLOT_IDLE,H2_FIXED_PER_MINER_HARDWARE,0.1,0.0,False,600.0,10000.0,1666.6666666666667,100.0,40000.0,17,17,0,5115.119999999886,3994884.8799999836,0.0,8525200,0,40460360.80000003,11.238989111111119,5.001350154444448,0.6611170065359482,0.7522235294117646,0.12787799999999716,1.0,3999999.9999999837,5,2e-06,False
400,1000000,INDEPENDENT_HEADERS_FULL_PER_MINER_BUDGET,FIXED_SLOT_IDLE,H2_FIXED_PER_MINER_HARDWARE,0.1,0.0,False,600.0,10000.0,1666.6666666666667,100.0,40000.0,17,17,0,5006.640000000342,3994993.3599999654,0.0,8344400,0,40450597.6000001,11.23627711111114,5.000143314444457,0.6609574771241846,0.7362705882352941,0.12516600000000855,1.0,3999999.9999999655,8,2e-06,False
400,1000000,INDEPENDENT_HEADERS_FULL_PER_MINER_BUDGET,FIXED_SLOT_IDLE,H2_FIXED_PER_MINER_HARDWARE,0.1,0.0,False,600.0,10000.0,1666.6666666666667,100.0,40000.0,17,17,0,4660.319999999904,3995339.680000019,0.0,7767200,0,40419428.79999994,11.227619111111094,4.9962905044444375,0.660448183006535,0.6853411764705882,0.1165079999999976,1.0,4000000.0000000186,7,2e-06,False
400,1000000,INDEPENDENT_HEADERS_FULL_PER_MINER_BUDGET,FIXED_SLOT_IDLE,H2_FIXED_PER_MINER_HARDWARE,0.1,0.0,False,600.0,10000.0,1666.6666666666667,100.0,40000.0,17,17,0,6308.399999999988,3993691.599999973,0.0,10514000,0,40567756.00000018,11.26882111111116,5.014625394444466,0.6628718300653623,0.927705882352941,0.1577099999999997,1.0,3999999.999999973,9,2e-06,False
400,1000000,INDEPENDENT_HEADERS_FULL_PER_MINER_BUDGET,FIXED_SLOT_IDLE,H2_FIXED_PER_MINER_HARDWARE,0.1,0.0,False,600.0,10000.0,1666.6666666666667,100.0,40000.0,17,17,0,3848.400000000405,3996151.60000003,0.0,6414000,0,40346356.00000018,11.207321111111161,4.9872578944444665,0.6592541830065389,0.5659411764705882,0.0962100000000101,1.0,4000000.0000000303,11,2e-06,False
400,1000000,INDEPENDENT_HEADERS_FULL_PER_MINER_BUDGET,FIXED_SLOT_IDLE,H2_FIXED_PER_MINER_HARDWARE,0.1,0.0,False,600.0,10000.0,1666.6666666666667,100.0,40000.0,17,17,0,4843.20000000058,3995156.7999999975,0.0,8072000,0,40435887.99999978,11.23219111111105,4.998325044444417,0.6607171241830029,0.7122352941176469,0.12108000000001451,1.0,3999999.999999998,10,2e-06,False
400,1000000,INDEPENDENT_HEADERS_FULL_PER_MINER_BUDGET,FIXED_SLOT_IDLE,H2_FIXED_PER_MINER_HARDWARE,0.1,0.0,False,600.0,10000.0,1666.6666666666667,100.0,40000.0,17,17,0,5419.440000000369,3994580.5600000173,0.0,9032400,0,40487749.60000012,11.246597111111145,5.004735714444459,0.6615645359477144,0.7969764705882354,0.13548600000000924,1.0,4000000.0000000177,12,2e-06,False
400,1000000,INDEPENDENT_HEADERS_FULL_PER_MINER_BUDGET,FIXED_SLOT_IDLE,H2_FIXED_PER_MINER_HARDWARE,0.1,0.0,False,600.0,10000.0,1666.6666666666667,100.0,40000.0,17,17,0,4478.880000000416,3995521.120000026,0.0,7464800,0,40403099.20000014,11.22308311111115,4.994271984444461,0.6601813594771264,0.6586588235294117,0.1119720000000104,1.0,4000000.0000000265,13,2e-06,False
400,1000000,INDEPENDENT_HEADERS_FULL_PER_MINER_BUDGET,FIXED_SLOT_IDLE,H2_FIXED_PER_MINER_HARDWARE,0.1,0.0,False,600.0,10000.0,1666.6666666666667,100.0,40000.0,17,17,0,4236.959999999451,3995763.0400000117,0.0,7061600,0,40381326.399999864,11.217035111111073,4.991580624444428,0.6598255947712396,0.6230823529411765,0.10592399999998627,1.0,4000000.000000011,14,2e-06,False
400,1000000,INDEPENDENT_HEADERS_FULL_PER_MINER_BUDGET,FIXED_SLOT_IDLE,H2_FIXED_PER_MINER_HARDWARE,0.1,0.0,False,600.0,10000.0,1666.6666666666667,100.0,40000.0,17,17,0,7868.640000000595,3992131.3599999994,0.0,13114400,0,40708177.60000023,11.307827111111175,5.031983064444473,0.6651663006535985,1.15715294117647,0.19671600000001488,1.0,4000000.0,16,2e-06,False
400,1000000,INDEPENDENT_HEADERS_FULL_PER_MINER_BUDGET,FIXED_SLOT_IDLE,H2_FIXED_PER_MINER_HARDWARE,0.1,0.0,False,600.0,10000.0,1666.6666666666667,100.0,40000.0,17,17,0,6813.120000000965,3993186.8799999747,0.0,11355200,0,40613180.7999999,11.281439111111084,5.020240404444432,0.6636140653594755,1.0019294117647057,0.17032800000002413,1.0,3999999.999999976,15,2e-06,False
400,1000000,INDEPENDENT_HEADERS_FULL_PER_MINER_BUDGET,FIXED_SLOT_IDLE,H2_FIXED_PER_MINER_HARDWARE,0.1,0.0,False,600.0,10000.0,1666.6666666666667,100.0,40000.0,17,17,0,5842.800000000748,3994157.2000000235,0.0,9738000,0,40525852.00000008,11.257181111111134,5.009445594444455,0.6621871241830078,0.8592352941176469,0.14607000000001868,1.0,4000000.000000024,17,2e-06,False
400,1000000,INDEPENDENT_HEADERS_FULL_PER_MINER_BUDGET,FIXED_SLOT_IDLE,H2_FIXED_PER_MINER_HARDWARE,0.1,0.0,False,600.0,10000.0,1666.6666666666667,100.0,40000.0,17,17,0,7831.200000000626,3992168.7999999635,0.0,13052000,0,40704808.00000015,11.306891111111153,5.031566544444463,0.6651112418300678,1.1516470588235297,0.19578000000001564,1.0,3999999.999999964,18,2e-06,False
400,1000000,INDEPENDENT_HEADERS_FULL_PER_MINER_BUDGET,FIXED_SLOT_IDLE,H2_FIXED_PER_MINER_HARDWARE,0.1,0.0,False,600.0,10000.0,1666.6666666666667,100.0,40000.0,17,17,0,7860.480000000187,3992139.519999968,0.0,13100800,0,40707443.20000012,11.307623111111145,5.031892284444459,0.6651543006535967,1.1559529411764706,0.19651200000000468,1.0,3999999.999999968,20,2e-06,False
400,1000000,INDEPENDENT_HEADERS_FULL_PER_MINER_BUDGET,FIXED_SLOT_IDLE,H2_FIXED_PER_MINER_HARDWARE,0.1,0.0,False,600.0,10000.0,1666.6666666666667,100.0,40000.0,17,17,0,4503.11999999997,3995496.8800000367,0.0,7505200,0,40405280.799999855,11.22368911111107,4.9945416544444265,0.6602170065359454,0.6622235294117649,0.11257799999999925,1.0,4000000.000000037,19,2e-06,False
400,1000000,INDEPENDENT_HEADERS_FULL_PER_MINER_BUDGET,FIXED_SLOT_IDLE,H2_FIXED_PER_MINER_HARDWARE,0.1,0.0,False,600.0,10000.0,1666.6666666666667,100.0,40000.0,17,17,0,5140.56000000018,3994859.4399999855,0.0,8567600,0,40462650.39999988,11.239625111111078,5.00163317444443,0.6611544183006517,0.755964705882353,0.12851400000000449,1.0,3999999.9999999856,21,2e-06,False
400,1000000,INDEPENDENT_HEADERS_FULL_PER_MINER_BUDGET,FIXED_SLOT_IDLE,H2_FIXED_PER_MINER_HARDWARE,0.1,0.0,False,600.0,10000.0,1666.6666666666667,100.0,40000.0,17,17,0,4999.919999999986,3995000.0800000136,0.0,8333200,0,40449992.800000235,11.236109111111176,5.000068554444473,0.6609475947712457,0.7352823529411765,0.12499799999999966,1.0,4000000.0000000135,23,2e-06,False
400,1000000,INDEPENDENT_HEADERS_FULL_PER_MINER_BUDGET,FIXED_SLOT_IDLE,H2_FIXED_PER_MINER_HARDWARE,0.1,0.0,False,600.0,10000.0,1666.6666666666667,100.0,40000.0,17,17,0,3993.360000000223,3996006.6400000346,0.0,6655600,0,40359402.39999991,11.210945111111085,4.988870574444433,0.6594673594771226,0.5872588235294117,0.09983400000000557,1.0,4000000.000000035,22,2e-06,False
400,1000000,INDEPENDENT_HEADERS_FULL_PER_MINER_BUDGET,FIXED_SLOT_IDLE,H2_FIXED_PER_MINER_HARDWARE,0.1,0.0,False,600.0,10000.0,1666.6666666666667,100.0,40000.0,17,17,0,4932.48000000043,3995067.5200000284,0.0,8220800,0,40443923.19999964,11.23442311111101,4.999318284444399,0.6608484183006477,0.7253647058823529,0.12331200000001073,1.0,4000000.000000029,24,2e-06,False
400,1000000,INDEPENDENT_HEADERS_FULL_PER_MINER_BUDGET,FIXED_SLOT_IDLE,H2_FIXED_PER_MINER_HARDWARE,0.1,0.0,False,600.0,10000.0,1666.6666666666667,100.0,40000.0,17,17,0,5364.719999999805,3994635.280000034,0.0,8941200,0,40482824.799999826,11.245229111111062,5.0041269544444225,0.6614840653594742,0.7889294117647057,0.1341179999999951,1.0,4000000.0000000335,25,2e-06,False
400,1000000,INDEPENDENT_HEADERS_FULL_PER_MINER_BUDGET,FIXED_SLOT_IDLE,H2_FIXED_PER_MINER_HARDWARE,0.1,0.0,False,600.0,10000.0,1666.6666666666667,100.0,40000.0,17,17,0,6734.159999999891,3993265.8399999626,0.0,11223600,0,40606074.39999994,11.279465111111094,5.019361974444437,0.6634979477124173,0.9903176470588235,0.16835399999999726,1.0,3999999.9999999623,28,2e-06,False
400,1000000,INDEPENDENT_HEADERS_FULL_PER_MINER_BUDGET,FIXED_SLOT_IDLE,H2_FIXED_PER_MINER_HARDWARE,0.1,0.0,False,600.0,10000.0,1666.6666666666667,100.0,40000.0,17,17,0,5813.520000000821,3994186.4800000186,0.0,9689200,0,40523216.8000001,11.25644911111114,5.0091198544444575,0.6621440653594788,0.8549294117647058,0.1453380000000205,1.0,4000000.0000000196,27,2e-06,False
400,1000000,INDEPENDENT_HEADERS_FULL_PER_MINER_BUDGET,FIXED_SLOT_IDLE,H2_FIXED_PER_MINER_HARDWARE,0.1,0.0,False,600.0,10000.0,1666.6666666666667,100.0,40000.0,17,17,0,5879.75999999945,3994120.2400000305,0.0,9799600,0,40529178.39999995,11.258105111111096,5.0098567744444376,0.6622414771241821,0.8646705882352941,0.14699399999998627,1.0,4000000.00000003,26,2e-06,False
400,1000000,INDEPENDENT_HEADERS_FULL_PER_MINER_BUDGET,FIXED_SLOT_IDLE,H2_FIXED_PER_MINER_HARDWARE,0.1,0.0,False,600.0,10000.0,1666.6666666666667,100.0,40000.0,17,17,0,5960.160000000543,3994039.8399999756,0.0,9933600,0,40536414.399999686,11.260115111111023,5.010751224444405,0.6623597124182955,0.8764941176470585,0.14900400000001357,1.0,3999999.9999999763,29,2e-06,False
400,1000000,INDEPENDENT_HEADERS_FULL_PER_MINER_BUDGET,FIXED_SLOT_IDLE,H2_FIXED_PER_MINER_HARDWARE,0.1,0.0,False,600.0,10000.0,1666.6666666666667,100.0,40000.0,17,17,0,7133.040000000152,3992866.9600000214,0.0,11888400,0,40641973.60000012,11.289437111111145,5.02379951444446,0.6640845359477144,1.0489764705882352,0.1783260000000038,1.0,4000000.0000000214,30,2e-06,False
400,1000000,INDEPENDENT_HEADERS_FULL_PER_MINER_BUDGET,FIXED_SLOT_IDLE,H2_FIXED_PER_MINER_HARDWARE,0.1,0.0,False,600.0,10000.0,1666.6666666666667,100.0,40000.0,17,17,0,4085.04000000047,3995914.9599999655,0.0,6808400,0,40367653.60000016,11.213237111111155,4.989890514444464,0.6596021830065385,0.600741176470588,0.10212600000001176,1.0,3999999.999999966,31,2e-06,False
400,1000000,INDEPENDENT_HEADERS_FULL_PER_MINER_BUDGET,FIXED_SLOT_IDLE,H2_FIXED_PER_MINER_HARDWARE,0.1,0.0,False,600.0,10000.0,1666.6666666666667,100.0,40000.0,17,17,0,3212.159999999731,3996787.8399999845,0.0,5353600,0,40289094.40000028,11.191415111111189,4.980179724444479,0.6583185359477169,0.4723764705882353,0.08030399999999328,1.0,3999999.999999984,32,2e-06,False
400,1000000,INDEPENDENT_HEADERS_FULL_PER_MINER_BUDGET,FIXED_SLOT_IDLE,H2_FIXED_PER_MINER_HARDWARE,0.1,0.0,False,600.0,10000.0,1666.6666666666667,100.0,40000.0,17,17,0,3160.5599999991828,3996839.44000002,0.0,5267600,0,40284450.39999986,11.19012511111107,4.979605674444427,0.6582426535947689,0.4647882352941176,0.07901399999997957,1.0,4000000.000000019,34,2e-06,False
400,1000000,INDEPENDENT_HEADERS_FULL_PER_MINER_BUDGET,FIXED_SLOT_IDLE,H2_FIXED_PER_MINER_HARDWARE,0.1,0.0,False,600.0,10000.0,1666.6666666666667,100.0,40000.0,17,17,0,4604.640000000282,3995395.36000002,0.0,7674400,0,40414417.59999992,11.226227111111088,4.995671064444434,0.6603663006535934,0.6771529411764705,0.11511600000000706,1.0,4000000.00000002,33,2e-06,False
400,1000000,INDEPENDENT_HEADERS_FULL_PER_MINER_BUDGET,FIXED_SLOT_IDLE,H2_FIXED_PER_MINER_HARDWARE,0.1,0.0,False,600.0,10000.0,1666.6666666666667,100.0,40000.0,17,17,0,5995.679999999999,3994004.319999972,0.0,9992800,0,40539611.20000001,11.261003111111114,5.011146384444445,0.6624119477124184,0.8817176470588234,0.14989199999999997,1.0,3999999.999999972,35,2e-06,False
400,1000000,INDEPENDENT_HEADERS_FULL_PER_MINER_BUDGET,FIXED_SLOT_IDLE,H2_FIXED_PER_MINER_HARDWARE,0.1,0.0,False,600.0,10000.0,1666.6666666666667,100.0,40000.0,17,17,0,5586.479999999608,3994413.519999981,0.0,9310800,0,40502783.199999906,11.250773111111085,5.006594034444433,0.6618101830065344,0.8215411764705882,0.13966199999999018,1.0,3999999.9999999804,38,2e-06,False
400,1000000,INDEPENDENT_HEADERS_FULL_PER_MINER_BUDGET,FIXED_SLOT_IDLE,H2_FIXED_PER_MINER_HARDWARE,0.1,0.0,False,600.0,10000.0,1666.6666666666667,100.0,40000.0,17,17,0,5158.079999999606,3994841.9199999794,0.0,8596800,0,40464227.19999973,11.240063111111036,5.001828084444411,0.6611801830065316,0.7585411764705882,0.12895199999999016,1.0,3999999.999999979,36,2e-06,False
400,1000000,INDEPENDENT_HEADERS_FULL_PER_MINER_BUDGET,FIXED_SLOT_IDLE,H2_FIXED_PER_MINER_HARDWARE,0.1,0.0,False,600.0,10000.0,1666.6666666666667,100.0,40000.0,17,17,0,3615.840000000741,3996384.160000038,0.0,6026400,0,40325425.60000005,11.201507111111127,4.984670664444452,0.6589121830065369,0.5317411764705882,0.09039600000001853,1.0,4000000.0000000386,37,2e-06,False
400,1000000,INDEPENDENT_HEADERS_FULL_PER_MINER_BUDGET,FIXED_SLOT_IDLE,H2_FIXED_PER_MINER_HARDWARE,0.1,0.0,False,600.0,10000.0,1666.6666666666667,100.0,40000.0,17,17,0,4654.319999999771,3995345.6800000286,0.0,7757200,0,40418888.79999998,11.227469111111105,4.996223754444442,0.6604393594771238,0.6844588235294116,0.11635799999999429,1.0,4000000.0000000284,39,2e-06,False
400,1000000,INDEPENDENT_HEADERS_FULL_PER_MINER_BUDGET,FIXED_SLOT_IDLE,H2_FIXED_PER_MINER_HARDWARE,0.1,0.0,False,600.0,10000.0,1666.6666666666667,100.0,40000.0,17,17,0,6725.5200000002205,3993274.479999989,0.0,11209200,0,40605296.79999973,11.279249111111035,5.019265854444411,0.6634852418300609,0.9890470588235294,0.1681380000000055,1.0,3999999.999999989,41,2e-06,False
400,1000000,INDEPENDENT_HEADERS_FULL_PER_MINER_BUDGET,FIXED_SLOT_IDLE,H2_FIXED_PER_MINER_HARDWARE,0.1,0.0,False,600.0,10000.0,1666.6666666666667,100.0,40000.0,17,17,0,7287.600000000019,3992712.3999999864,0.0,12146000,0,40655884.000000276,11.293301111111187,5.025518994444479,0.664311830065364,1.071705882352941,0.18219000000000046,1.0,3999999.9999999865,40,2e-06,False
400,1000000,INDEPENDENT_HEADERS_FULL_PER_MINER_BUDGET,FIXED_SLOT_IDLE,H2_FIXED_PER_MINER_HARDWARE,0.1,0.0,False,600.0,10000.0,1666.6666666666667,100.0,40000.0,17,17,0,5521.679999999571,3994478.319999985,0.0,9202800,0,40496951.199999705,11.24915311111103,5.005873134444408,0.6617148888888841,0.8120117647058824,0.13804199999998928,1.0,3999999.9999999846,45,2e-06,False
400,1000000,INDEPENDENT_HEADERS_FULL_PER_MINER_BUDGET,FIXED_SLOT_IDLE,H2_FIXED_PER_MINER_HARDWARE,0.1,0.0,False,600.0,10000.0,1666.6666666666667,100.0,40000.0,17,17,0,6456.00000000024,3993543.9999999846,0.0,10760000,0,40581040.000000305,11.272511111111196,5.016267444444482,0.663088888888894,0.9494117647058826,0.16140000000000598,1.0,3999999.999999985,42,2e-06,False
400,1000000,INDEPENDENT_HEADERS_FULL_PER_MINER_BUDGET,FIXED_SLOT_IDLE,H2_FIXED_PER_MINER_HARDWARE,0.1,0.0,False,600.0,10000.0,1666.6666666666667,100.0,40000.0,17,17,0,3959.9999999998927,3996040.0000000256,0.0,6600000,0,40356399.99999999,11.21011111111111,4.988499444444444,0.6594183006535946,0.5823529411764704,0.09899999999999733,1.0,4000000.0000000256,44,2e-06,False
400,1000000,INDEPENDENT_HEADERS_FULL_PER_MINER_BUDGET,FIXED_SLOT_IDLE,H2_FIXED_PER_MINER_HARDWARE,0.1,0.0,False,600.0,10000.0,1666.6666666666667,100.0,40000.0,17,17,0,5841.360000000088,3994158.640000026,0.0,9735600,0,40525722.400000386,11.257145111111218,5.009429574444492,0.662185006535954,0.8590235294117646,0.14603400000000222,1.0,4000000.000000026,43,2e-06,False
400,1000000,INDEPENDENT_HEADERS_FULL_PER_MINER_BUDGET,FIXED_SLOT_IDLE,H2_FIXED_PER_MINER_HARDWARE,0.1,0.0,False,600.0,10000.0,1666.6666666666667,100.0,40000.0,17,17,0,4133.999999998958,3995866.0000000126,0.0,6890000,0,40372059.99999966,11.214461111111016,4.990435194444402,0.6596741830065304,0.6079411764705882,0.10334999999997393,1.0,4000000.0000000116,46,2e-06,False
400,1000000,INDEPENDENT_HEADERS_FULL_PER_MINER_BUDGET,FIXED_SLOT_IDLE,H2_FIXED_PER_MINER_HARDWARE,0.1,0.0,False,600.0,10000.0,1666.6666666666667,100.0,40000.0,17,17,0,4714.319999999733,3995285.679999971,0.0,7857200,0,40424288.79999998,11.228969111111105,4.996891254444442,0.6605275947712415,0.6932823529411765,0.11785799999999333,1.0,3999999.9999999707,47,2e-06,False
400,1000000,INDEPENDENT_HEADERS_FULL_PER_MINER_BUDGET,FIXED_SLOT_IDLE,H2_FIXED_PER_MINER_HARDWARE,0.1,0.0,False,600.0,10000.0,1666.6666666666667,100.0,40000.0,17,17,0,3173.040000000402,3996826.960000014,0.0,5288400,0,40285573.60000013,11.190437111111146,4.9797445144444605,0.6582610065359498,0.46662352941176466,0.07932600000001006,1.0,4000000.0000000144,48,2e-06,False
400,1000000,INDEPENDENT_HEADERS_FULL_PER_MINER_BUDGET,FIXED_SLOT_IDLE,H2_FIXED_PER_MINER_HARDWARE,0.1,0.0,False,600.0,10000.0,1666.6666666666667,100.0,40000.0,17,17,0,4625.04000000114,3995374.9600000284,0.0,7708400,0,40416253.60000016,11.226737111111156,4.995898014444465,0.6603963006535974,0.6801529411764706,0.1156260000000285,1.0,4000000.0000000293,49,2e-06,False
400,1000000,INDEPENDENT_HEADERS_FULL_PER_MINER_BUDGET,FIXED_SLOT_IDLE,H2_FIXED_PER_MINER_HARDWARE,0.1,0.0,False,600.0,10000.0,1666.6666666666667,100.0,40000.0,17,17,0,5096.64000000037,3994903.360000027,0.0,8494400,0,40458697.6000001,11.238527111111138,5.0011445644444565,0.661089830065361,0.749505882352941,0.12741600000000924,1.0,4000000.0000000275,50,2e-06,False
400,1000000,INDEPENDENT_HEADERS_FULL_PER_MINER_BUDGET,FIXED_SLOT_IDLE,H2_FIXED_PER_MINER_HARDWARE,0.1,0.0,False,600.0,10000.0,1666.6666666666667,100.0,40000.0,17,17,0,6112.800000000669,3993887.1999999876,0.0,10188000,0,40550152.000000075,11.263931111111132,5.012449344444454,0.6625841830065372,0.8989411764705882,0.1528200000000167,1.0,3999999.9999999884,52,2e-06,False
400,1000000,INDEPENDENT_HEADERS_FULL_PER_MINER_BUDGET,FIXED_SLOT_IDLE,H2_FIXED_PER_MINER_HARDWARE,0.1,0.0,False,600.0,10000.0,1666.6666666666667,100.0,40000.0,17,17,0,3007.680000000631,3996992.320000007,0.0,5012800,0,40270691.200000055,11.186303111111126,4.977904884444452,0.6580178300653604,0.44230588235294116,0.07519200000001577,1.0,4000000.0000000075,51,2e-06,False
400,1000000,INDEPENDENT_HEADERS_FULL_PER_MINER_BUDGET,FIXED_SLOT_IDLE,H2_FIXED_PER_MINER_HARDWARE,0.1,0.0,False,600.0,10000.0,1666.6666666666667,100.0,40000.0,17,17,0,3408.239999999202,3996591.7600000184,0.0,5680400,0,40306741.59999991,11.196317111111087,4.9823611144444335,0.6586068888888875,0.5012117647058822,0.08520599999998005,1.0,4000000.0000000177,53,2e-06,False
400,1000000,INDEPENDENT_HEADERS_FULL_PER_MINER_BUDGET,FIXED_SLOT_IDLE,H2_FIXED_PER_MINER_HARDWARE,0.1,0.0,False,600.0,10000.0,1666.6666666666667,100.0,40000.0,17,17,0,4901.999999999683,3995098.0000000326,0.0,8170000,0,40441180.00000002,11.233661111111118,4.9989791944444475,0.6608035947712423,0.7208823529411764,0.12254999999999207,1.0,4000000.000000032,54,2e-06,False
400,1000000,INDEPENDENT_HEADERS_FULL_PER_MINER_BUDGET,FIXED_SLOT_IDLE,H2_FIXED_PER_MINER_HARDWARE,0.1,0.0,False,600.0,10000.0,1666.6666666666667,100.0,40000.0,17,17,0,4189.199999999583,3995810.799999957,0.0,6982000,0,40377028.0000001,11.215841111111137,4.991049294444456,0.6597553594771257,0.6160588235294117,0.10472999999998958,1.0,3999999.9999999567,57,2e-06,False
400,1000000,INDEPENDENT_HEADERS_FULL_PER_MINER_BUDGET,FIXED_SLOT_IDLE,H2_FIXED_PER_MINER_HARDWARE,0.1,0.0,False,600.0,10000.0,1666.6666666666667,100.0,40000.0,17,17,0,4015.6800000004646,3995984.32,0.0,6692800,0,40361411.20000002,11.211503111111115,4.989118884444446,0.6595001830065362,0.5905411764705881,0.10039200000001161,1.0,4000000.0000000005,55,2e-06,False
400,1000000,INDEPENDENT_HEADERS_FULL_PER_MINER_BUDGET,FIXED_SLOT_IDLE,H2_FIXED_PER_MINER_HARDWARE,0.1,0.0,False,600.0,10000.0,1666.6666666666667,100.0,40000.0,17,17,0,6954.7199999993345,3993045.2800000077,0.0,11591200,0,40625924.79999967,11.284979111111019,5.021815704444403,0.6638223006535894,1.0227529411764704,0.17386799999998334,1.0,4000000.000000007,56,2e-06,False
400,1000000,INDEPENDENT_HEADERS_FULL_PER_MINER_BUDGET,FIXED_SLOT_IDLE,H2_FIXED_PER_MINER_HARDWARE,0.1,0.0,False,600.0,10000.0,1666.6666666666667,100.0,40000.0,17,17,0,7494.959999998995,3992505.040000006,0.0,12491600,0,40674546.39999983,11.298485111111063,5.027825874444423,0.6646167712418273,1.1022,0.1873739999999749,1.0,4000000.000000005,58,2e-06,False
400,1000000,INDEPENDENT_HEADERS_FULL_PER_MINER_BUDGET,FIXED_SLOT_IDLE,H2_FIXED_PER_MINER_HARDWARE,0.1,0.0,False,600.0,10000.0,1666.6666666666667,100.0,40000.0,17,17,0,7298.879999999456,3992701.119999972,0.0,12164800,0,40656899.20000014,11.293583111111149,5.025644484444461,0.6643284183006558,1.073364705882353,0.1824719999999864,1.0,3999999.9999999716,59,2e-06,False
400,1000000,INDEPENDENT_HEADERS_FULL_PER_MINER_BUDGET,FIXED_SLOT_IDLE,H2_FIXED_PER_MINER_HARDWARE,0.1,0.0,False,600.0,10000.0,1666.6666666666667,100.0,40000.0,17,17,0,7507.200000000374,3992492.7999999765,0.0,12512000,0,40675647.999999925,11.29879111111109,5.027962044444435,0.6646347712418288,1.1039999999999999,0.18768000000000934,1.0,3999999.9999999767,60,2e-06,False
400,1000000,INDEPENDENT_HEADERS_FULL_PER_MINER_BUDGET,FIXED_SLOT_IDLE,H2_FIXED_PER_MINER_HARDWARE,0.1,0.0,False,600.0,10000.0,1666.6666666666667,100.0,40000.0,17,17,0,6220.080000000605,3993779.920000015,0.0,10366800,0,40559807.19999977,11.266613111111047,5.013642834444416,0.6627419477124146,0.9147176470588235,0.1555020000000151,1.0,4000000.0000000154,63,2e-06,False
400,1000000,INDEPENDENT_HEADERS_FULL_PER_MINER_BUDGET,FIXED_SLOT_IDLE,H2_FIXED_PER_MINER_HARDWARE,0.1,0.0,False,600.0,10000.0,1666.6666666666667,100.0,40000.0,17,17,0,6208.7999999999965,3993791.200000011,0.0,10348000,0,40558791.9999999,11.266331111111084,5.013517344444432,0.6627253594771226,0.9130588235294117,0.1552199999999999,1.0,4000000.0000000107,62,2e-06,False
400,1000000,INDEPENDENT_HEADERS_FULL_PER_MINER_BUDGET,FIXED_SLOT_IDLE,H2_FIXED_PER_MINER_HARDWARE,0.1,0.0,False,600.0,10000.0,1666.6666666666667,100.0,40000.0,17,17,0,6350.8800000003175,3993649.1200000043,0.0,10584800,0,40571579.19999981,11.269883111111058,5.015097984444421,0.6629343006535917,0.9339529411764705,0.15877200000000793,1.0,4000000.0000000047,61,2e-06,False
400,1000000,INDEPENDENT_HEADERS_FULL_PER_MINER_BUDGET,FIXED_SLOT_IDLE,H2_FIXED_PER_MINER_HARDWARE,0.1,0.0,False,600.0,10000.0,1666.6666666666667,100.0,40000.0,17,17,0,5424.000000000127,3994575.999999981,0.0,9040000,0,40488159.999999695,11.246711111111026,5.004786444444407,0.6615712418300603,0.7976470588235294,0.13560000000000316,1.0,3999999.999999981,65,2e-06,False
400,1000000,INDEPENDENT_HEADERS_FULL_PER_MINER_BUDGET,FIXED_SLOT_IDLE,H2_FIXED_PER_MINER_HARDWARE,0.1,0.0,False,600.0,10000.0,1666.6666666666667,100.0,40000.0,17,17,0,6624.720000000523,3993375.2800000347,0.0,11041200,0,40596224.79999983,11.276729111111065,5.018144454444424,0.663337006535945,0.9742235294117646,0.16561800000001306,1.0,4000000.0000000354,66,2e-06,False
400,1000000,INDEPENDENT_HEADERS_FULL_PER_MINER_BUDGET,FIXED_SLOT_IDLE,H2_FIXED_PER_MINER_HARDWARE,0.1,0.0,False,600.0,10000.0,1666.6666666666667,100.0,40000.0,17,17,0,5971.439999999345,3994028.559999962,0.0,9952400,0,40537429.60000014,11.260397111111152,5.010876714444462,0.6623763006535972,0.8781529411764705,0.14928599999998363,1.0,3999999.9999999614,64,2e-06,False
400,1000000,INDEPENDENT_HEADERS_FULL_PER_MINER_BUDGET,FIXED_SLOT_IDLE,H2_FIXED_PER_MINER_HARDWARE,0.1,0.0,False,600.0,10000.0,1666.6666666666667,100.0,40000.0,17,17,0,3058.8000000008838,3996941.200000011,0.0,5098000,0,40275291.999999925,11.18758111111109,4.978473594444435,0.6580930065359465,0.4498235294117646,0.07647000000002209,1.0,4000000.0000000116,68,2e-06,False
400,1000000,INDEPENDENT_HEADERS_FULL_PER_MINER_BUDGET,FIXED_SLOT_IDLE,H2_FIXED_PER_MINER_HARDWARE,0.1,0.0,False,600.0,10000.0,1666.6666666666667,100.0,40000.0,17,17,0,4275.360000000727,3995724.6400000155,0.0,7125600,0,40384782.40000009,11.217995111111135,4.992007824444455,0.6598820653594785,0.6287294117647059,0.10688400000001817,1.0,4000000.0000000163,67,2e-06,False
400,1000000,INDEPENDENT_HEADERS_FULL_PER_MINER_BUDGET,FIXED_SLOT_IDLE,H2_FIXED_PER_MINER_HARDWARE,0.1,0.0,False,600.0,10000.0,1666.6666666666667,100.0,40000.0,17,17,0,4397.7600000005195,3995602.2399999667,0.0,7329600,0,40395798.39999981,11.22105511111106,4.993369524444422,0.6600620653594741,0.6467294117647058,0.10994400000001299,1.0,3999999.9999999674,69,2e-06,False
400,1000000,INDEPENDENT_HEADERS_FULL_PER_MINER_BUDGET,FIXED_SLOT_IDLE,H2_FIXED_PER_MINER_HARDWARE,0.1,0.0,False,600.0,10000.0,1666.6666666666667,100.0,40000.0,17,17,0,3995.760000000008,3996004.2400000226,0.0,6659600,0,40359618.39999978,11.211005111111051,4.988897274444418,0.6594708888888854,0.5876117647058824,0.0998940000000002,1.0,4000000.0000000224,70,2e-06,False
400,1000000,INDEPENDENT_HEADERS_FULL_PER_MINER_BUDGET,FIXED_SLOT_IDLE,H2_FIXED_PER_MINER_HARDWARE,0.1,0.0,False,600.0,10000.0,1666.6666666666667,100.0,40000.0,17,17,0,4769.039999999802,3995230.9599999734,0.0,7948400,0,40429213.59999981,11.230337111111059,4.997500014444421,0.660608065359474,0.701329411764706,0.11922599999999504,1.0,3999999.999999973,71,2e-06,False
400,1000000,INDEPENDENT_HEADERS_FULL_PER_MINER_BUDGET,FIXED_SLOT_IDLE,H2_FIXED_PER_MINER_HARDWARE,0.1,0.0,False,600.0,10000.0,1666.6666666666667,100.0,40000.0,17,17,0,4606.319999999677,3995393.679999972,0.0,7677200,0,40414568.799999654,11.226269111111016,4.995689754444402,0.6603687712418245,0.6774,0.11515799999999192,1.0,3999999.999999972,72,2e-06,False
400,1000000,INDEPENDENT_HEADERS_FULL_PER_MINER_BUDGET,FIXED_SLOT_IDLE,H2_FIXED_PER_MINER_HARDWARE,0.1,0.0,False,600.0,10000.0,1666.6666666666667,100.0,40000.0,17,17,0,6590.160000000014,3993409.8400000115,0.0,10983600,0,40593114.39999968,11.275865111111022,5.017759974444405,0.6632861830065307,0.9691411764705883,0.16475400000000034,1.0,4000000.0000000116,73,2e-06,False
400,1000000,INDEPENDENT_HEADERS_FULL_PER_MINER_BUDGET,FIXED_SLOT_IDLE,H2_FIXED_PER_MINER_HARDWARE,0.1,0.0,False,600.0,10000.0,1666.6666666666667,100.0,40000.0,17,17,0,5803.919999999957,3994196.079999966,0.0,9673200,0,40522352.79999979,11.256209111111053,5.009013054444418,0.6621299477124148,0.8535176470588235,0.14509799999999892,1.0,3999999.999999966,74,2e-06,False
400,1000000,INDEPENDENT_HEADERS_FULL_PER_MINER_BUDGET,FIXED_SLOT_IDLE,H2_FIXED_PER_MINER_HARDWARE,0.1,0.0,False,600.0,10000.0,1666.6666666666667,100.0,40000.0,17,17,0,3678.720000000663,3996321.2799999886,0.0,6131200,0,40331084.800000004,11.203079111111112,4.985370204444445,0.6590046535947713,0.5409882352941178,0.09196800000001658,1.0,3999999.9999999893,75,2e-06,False
400,1000000,INDEPENDENT_HEADERS_FULL_PER_MINER_BUDGET,FIXED_SLOT_IDLE,H2_FIXED_PER_MINER_HARDWARE,0.1,0.0,False,600.0,10000.0,1666.6666666666667,100.0,40000.0,17,17,0,4849.44000000083,3995150.5599999833,0.0,8082400,0,40436449.600000136,11.23234711111115,4.998394464444462,0.660726300653597,0.7131529411764707,0.12123600000002076,1.0,3999999.999999984,76,2e-06,False
400,1000000,INDEPENDENT_HEADERS_FULL_PER_MINER_BUDGET,FIXED_SLOT_IDLE,H2_FIXED_PER_MINER_HARDWARE,0.1,0.0,False,600.0,10000.0,1666.6666666666667,100.0,40000.0,17,17,0,7500.96000000058,3992499.0399999665,0.0,12501600,0,40675086.400000185,11.298635111111162,5.027892624444467,0.6646255947712448,1.1030823529411764,0.18752400000001448,1.0,3999999.999999967,77,2e-06,False
400,1000000,INDEPENDENT_HEADERS_FULL_PER_MINER_BUDGET,FIXED_SLOT_IDLE,H2_FIXED_PER_MINER_HARDWARE,0.1,0.0,False,600.0,10000.0,1666.6666666666667,100.0,40000.0,17,17,0,5606.159999999718,3994393.840000023,0.0,9343600,0,40504554.39999998,11.251265111111106,5.0068129744444425,0.6618391241830063,0.8244352941176469,0.14015399999999295,1.0,4000000.000000023,82,2e-06,False
400,1000000,INDEPENDENT_HEADERS_FULL_PER_MINER_BUDGET,FIXED_SLOT_IDLE,H2_FIXED_PER_MINER_HARDWARE,0.1,0.0,False,600.0,10000.0,1666.6666666666667,100.0,40000.0,17,17,0,4765.6800000000285,3995234.3200000003,0.0,7942800,0,40428911.20000001,11.230253111111114,4.997462634444446,0.6606031241830067,0.7008352941176469,0.11914200000000072,1.0,4000000.0000000005,79,2e-06,False
400,1000000,INDEPENDENT_HEADERS_FULL_PER_MINER_BUDGET,FIXED_SLOT_IDLE,H2_FIXED_PER_MINER_HARDWARE,0.1,0.0,False,600.0,10000.0,1666.6666666666667,100.0,40000.0,17,17,0,6445.680000000465,3993554.319999972,0.0,10742800,0,40580111.20000001,11.272253111111114,5.016152634444446,0.6630737124183008,0.9478941176470589,0.1611420000000116,1.0,3999999.9999999725,78,2e-06,False
400,1000000,INDEPENDENT_HEADERS_FULL_PER_MINER_BUDGET,FIXED_SLOT_IDLE,H2_FIXED_PER_MINER_HARDWARE,0.1,0.0,False,600.0,10000.0,1666.6666666666667,100.0,40000.0,17,17,0,4340.40000000046,3995659.6000000355,0.0,7234000,0,40390636.00000021,11.219621111111168,4.99273139444447,0.659977712418304,0.6382941176470588,0.1085100000000115,1.0,4000000.000000036,81,2e-06,False
400,1000000,INDEPENDENT_HEADERS_FULL_PER_MINER_BUDGET,FIXED_SLOT_IDLE,H2_FIXED_PER_MINER_HARDWARE,0.1,0.0,False,600.0,10000.0,1666.6666666666667,100.0,40000.0,17,17,0,3794.159999999962,3996205.839999988,0.0,6323600,0,40341474.39999995,11.205965111111096,4.986654474444438,0.6591744183006527,0.557964705882353,0.09485399999999905,1.0,3999999.9999999884,83,2e-06,False
400,1000000,INDEPENDENT_HEADERS_FULL_PER_MINER_BUDGET,FIXED_SLOT_IDLE,H2_FIXED_PER_MINER_HARDWARE,0.1,0.0,False,600.0,10000.0,1666.6666666666667,100.0,40000.0,17,17,0,6803.280000000081,3993196.7199999867,0.0,11338800,0,40612295.20000014,11.281193111111149,5.020130934444461,0.6635995947712441,1.0004823529411766,0.170082000000002,1.0,3999999.999999987,80,2e-06,False
400,1000000,INDEPENDENT_HEADERS_FULL_PER_MINER_BUDGET,FIXED_SLOT_IDLE,H2_FIXED_PER_MINER_HARDWARE,0.1,0.0,False,600.0,10000.0,1666.6666666666667,100.0,40000.0,17,17,0,4771.679999998897,3995228.3199999854,0.0,7952800,0,40429451.19999969,11.230403111111025,4.997529384444406,0.6606119477124133,0.7017176470588236,0.11929199999997242,1.0,3999999.999999984,84,2e-06,False
400,1000000,INDEPENDENT_HEADERS_FULL_PER_MINER_BUDGET,FIXED_SLOT_IDLE,H2_FIXED_PER_MINER_HARDWARE,0.1,0.0,False,600.0,10000.0,1666.6666666666667,100.0,40000.0,17,17,0,5094.239999999881,3994905.760000039,0.0,8490400,0,40458481.600000225,11.238467111111174,5.001117864444472,0.6610863006535984,0.7491529411764706,0.12735599999999703,1.0,4000000.0000000386,85,2e-06,False
400,1000000,INDEPENDENT_HEADERS_FULL_PER_MINER_BUDGET,FIXED_SLOT_IDLE,H2_FIXED_PER_MINER_HARDWARE,0.1,0.0,False,600.0,10000.0,1666.6666666666667,100.0,40000.0,17,17,0,4145.51999999917,3995854.480000017,0.0,6909200,0,40373096.799999714,11.214749111111031,4.990563354444409,0.6596911241830018,0.6096352941176472,0.10363799999997925,1.0,4000000.0000000163,93,2e-06,False
400,1000000,INDEPENDENT_HEADERS_FULL_PER_MINER_BUDGET,FIXED_SLOT_IDLE,H2_FIXED_PER_MINER_HARDWARE,0.1,0.0,False,600.0,10000.0,1666.6666666666667,100.0,40000.0,17,17,0,6022.320000000494,3993977.6799999657,0.0,10037200,0,40542008.79999997,11.261669111111102,5.011442754444441,0.662451124183006,0.8856352941176471,0.15055800000001235,1.0,3999999.999999966,91,2e-06,False
400,1000000,INDEPENDENT_HEADERS_FULL_PER_MINER_BUDGET,FIXED_SLOT_IDLE,H2_FIXED_PER_MINER_HARDWARE,0.1,0.0,False,600.0,10000.0,1666.6666666666667,100.0,40000.0,17,17,0,4096.320000000557,3995903.6800000337,0.0,6827200,0,40368668.79999967,11.213519111111019,4.990016004444404,0.6596187712418247,0.6024,0.10240800000001393,1.0,4000000.0000000345,86,2e-06,False
400,1000000,INDEPENDENT_HEADERS_FULL_PER_MINER_BUDGET,FIXED_SLOT_IDLE,H2_FIXED_PER_MINER_HARDWARE,0.1,0.0,False,600.0,10000.0,1666.6666666666667,100.0,40000.0,17,17,0,5330.640000000461,3994669.3600000334,0.0,8884400,0,40479757.60000026,11.244377111111184,5.003747814444477,0.6614339477124226,0.7839176470588235,0.13326600000001151,1.0,4000000.000000034,87,2e-06,False
400,1000000,INDEPENDENT_HEADERS_FULL_PER_MINER_BUDGET,FIXED_SLOT_IDLE,H2_FIXED_PER_MINER_HARDWARE,0.1,0.0,False,600.0,10000.0,1666.6666666666667,100.0,40000.0,17,17,0,7388.399999999819,3992611.600000027,0.0,12314000,0,40664956.00000017,11.29582111111116,5.026640394444466,0.66446006535948,1.086529411764706,0.18470999999999546,1.0,4000000.000000027,90,2e-06,False
400,1000000,INDEPENDENT_HEADERS_FULL_PER_MINER_BUDGET,FIXED_SLOT_IDLE,H2_FIXED_PER_MINER_HARDWARE,0.1,0.0,False,600.0,10000.0,1666.6666666666667,100.0,40000.0,17,17,0,5837.0399999998535,3994162.9599999753,0.0,9728400,0,40525333.599999785,11.257037111111051,5.009381514444418,0.6621786535947677,0.8583882352941176,0.14592599999999634,1.0,3999999.9999999753,89,2e-06,False
400,1000000,INDEPENDENT_HEADERS_FULL_PER_MINER_BUDGET,FIXED_SLOT_IDLE,H2_FIXED_PER_MINER_HARDWARE,0.1,0.0,False,600.0,10000.0,1666.6666666666667,100.0,40000.0,17,17,0,4643.999999998747,3995356.0000000154,0.0,7740000,0,40417959.99999965,11.227211111111014,4.996108944444401,0.6604241830065303,0.682941176470588,0.11609999999996867,1.0,4000000.000000014,88,2e-06,False
400,1000000,INDEPENDENT_HEADERS_FULL_PER_MINER_BUDGET,FIXED_SLOT_IDLE,H2_FIXED_PER_MINER_HARDWARE,0.1,0.0,False,600.0,10000.0,1666.6666666666667,100.0,40000.0,17,17,0,5443.920000000045,3994556.0799999647,0.0,9073200,0,40489952.79999979,11.247209111111053,5.005008054444419,0.661600535947709,0.8005764705882353,0.1360980000000011,1.0,3999999.9999999646,92,2e-06,False
400,1000000,INDEPENDENT_HEADERS_FULL_PER_MINER_BUDGET,FIXED_SLOT_IDLE,H2_FIXED_PER_MINER_HARDWARE,0.1,0.0,False,600.0,10000.0,1666.6666666666667,100.0,40000.0,17,17,0,4956.719999999525,3995043.280000016,0.0,8261200,0,40446104.799999855,11.235029111111071,4.999587954444427,0.6608840653594747,0.7289294117647058,0.12391799999998811,1.0,4000000.000000016,94,2e-06,False
400,1000000,INDEPENDENT_HEADERS_FULL_PER_MINER_BUDGET,FIXED_SLOT_IDLE,H2_FIXED_PER_MINER_HARDWARE,0.1,0.0,False,600.0,10000.0,1666.6666666666667,100.0,40000.0,17,17,0,7405.68000000057,3992594.3199999747,0.0,12342800,0,40666511.20000001,11.296253111111113,5.026832634444445,0.6644854771241832,1.089070588235294,0.18514200000001424,1.0,3999999.9999999753,96,2e-06,False
400,1000000,INDEPENDENT_HEADERS_FULL_PER_MINER_BUDGET,FIXED_SLOT_IDLE,H2_FIXED_PER_MINER_HARDWARE,0.1,0.0,False,600.0,10000.0,1666.6666666666667,100.0,40000.0,17,17,0,3889.9200000006663,3996110.080000011,0.0,6483200,0,40350092.80000024,11.208359111111179,4.987719804444475,0.6593152418300693,0.5720470588235295,0.09724800000001667,1.0,4000000.0000000116,95,2e-06,False
400,1000000,INDEPENDENT_HEADERS_FULL_PER_MINER_BUDGET,FIXED_SLOT_IDLE,H2_FIXED_PER_MINER_HARDWARE,0.1,0.0,False,600.0,10000.0,1666.6666666666667,100.0,40000.0,17,17,0,3004.7999999987983,3996995.1999999704,0.0,5008000,0,40270431.99999958,11.186231111110995,4.977872844444393,0.658013594771235,0.4418823529411765,0.07511999999996995,1.0,3999999.9999999693,99,2e-06,False
400,1000000,INDEPENDENT_HEADERS_FULL_PER_MINER_BUDGET,FIXED_SLOT_IDLE,H2_FIXED_PER_MINER_HARDWARE,0.1,0.0,False,600.0,10000.0,1666.6666666666667,100.0,40000.0,17,17,0,3791.039999999206,3996208.9600000163,0.0,6318400,0,40341193.59999994,11.205887111111094,4.986619764444437,0.6591698300653585,0.5575058823529411,0.09477599999998015,1.0,4000000.0000000154,97,2e-06,False
400,1000000,INDEPENDENT_HEADERS_FULL_PER_MINER_BUDGET,FIXED_SLOT_IDLE,H2_FIXED_PER_MINER_HARDWARE,0.1,0.0,False,600.0,10000.0,1666.6666666666667,100.0,40000.0,17,17,0,5802.240000000532,3994197.7600000333,0.0,9670400,0,40522201.6000002,11.256167111111168,5.00899436444447,0.6621274771241863,0.8532705882352942,0.1450560000000133,1.0,4000000.000000034,98,2e-06,False
500,1000000,COMMON_TEMPLATE_DUPLICATE_BASELINE,FIXED_SLOT_IDLE,H2_FIXED_PER_MINER_HARDWARE,0.1,0.0,False,600.0,10000.0,1666.6666666666667,100.0,50000.0,17,14,3,2218983.9,2781016.099999978,0.0,7396613,3690909887,249708550.99999925,69.36348638888869,30.866751443055467,4.954534742063478,188.42627142857143,44.379678,0.8235294117647058,4999999.999999978,0,2e-06,False
500,1000000,COMMON_TEMPLATE_DUPLICATE_BASELINE,FIXED_SLOT_IDLE,H2_FIXED_PER_MINER_HARDWARE,0.1,0.0,False,600.0,10000.0,1666.6666666666667,100.0,50000.0,17,9,8,3223032.4999999767,1776967.5000000193,0.0,10919125,5448643375,340072925.00000083,94.46470138888913,42.03679211805566,10.496077932098792,194.60833333333332,64.46064999999953,0.5294117647058824,4999999.999999996,1,2e-06,False
500,1000000,COMMON_TEMPLATE_DUPLICATE_BASELINE,FIXED_SLOT_IDLE,H2_FIXED_PER_MINER_HARDWARE,0.1,0.0,False,600.0,10000.0,1666.6666666666667,100.0,50000.0,17,14,3,2220592.1999999876,2779407.7999999956,0.0,7401974,3693585026,249853297.99999696,69.40369388888804,30.88464378055518,4.957406706349146,188.65602857142858,44.411843999999746,0.8235294117647058,4999999.999999983,2,2e-06,False
500,1000000,COMMON_TEMPLATE_DUPLICATE_BASELINE,FIXED_SLOT_IDLE,H2_FIXED_PER_MINER_HARDWARE,0.1,0.0,False,600.0,10000.0,1666.6666666666667,100.0,50000.0,17,16,1,1395166.8000000056,3604833.199999994,0.0,4650556,2320627444,175565011.99999914,48.768058888888646,21.701786205555447,3.0480036805555404,136.89585,27.903336000000113,0.9411764705882353,5000000.0,3,2e-06,False
500,1000000,COMMON_TEMPLATE_DUPLICATE_BASELINE,FIXED_SLOT_IDLE,H2_FIXED_PER_MINER_HARDWARE,0.1,0.0,False,600.0,10000.0,1666.6666666666667,100.0,50000.0,17,16,1,1561603.8000000091,3438396.2000000193,0.0,5205346,2597467654,190544341.99999794,52.92898388888832,23.5533978305553,3.30806149305552,157.70047499999998,31.232076000000184,0.9411764705882353,5000000.000000028,4,2e-06,False
500,1000000,COMMON_TEMPLATE_DUPLICATE_BASELINE,FIXED_SLOT_IDLE,H2_FIXED_PER_MINER_HARDWARE,0.1,0.0,False,600.0,10000.0,1666.6666666666667,100.0,50000.0,17,14,3,2214205.8000000026,2785794.1999999746,0.0,7380686,3682962314,249278521.9999999,69.24403388888886,30.813595080555544,4.946002420634919,187.7436857142857,44.284116000000054,0.8235294117647058,4999999.999999978,5,2e-06,False
500,1000000,COMMON_TEMPLATE_DUPLICATE_BASELINE,FIXED_SLOT_IDLE,H2_FIXED_PER_MINER_HARDWARE,0.1,0.0,False,600.0,10000.0,1666.6666666666667,100.0,50000.0,17,15,2,1949882.1000000169,3050117.8999999724,0.0,6499607,3243303893,225489388.99999884,62.63594138888857,27.872993918055414,4.175729425925905,179.98428,38.99764200000034,0.8823529411764706,4999999.999999989,7,2e-06,False
500,1000000,COMMON_TEMPLATE_DUPLICATE_BASELINE,FIXED_SLOT_IDLE,H2_FIXED_PER_MINER_HARDWARE,0.1,0.0,False,600.0,10000.0,1666.6666666666667,100.0,50000.0,17,14,3,2273026.500000007,2726973.500000008,0.0,7576755,3780800745,254572385.00000218,70.71455138888949,31.467975368055825,5.051039384920678,196.1466428571428,45.460530000000134,0.8235294117647058,5000000.000000015,6,2e-06,False
500,1000000,COMMON_TEMPLATE_DUPLICATE_BASELINE,FIXED_SLOT_IDLE,H2_FIXED_PER_MINER_HARDWARE,0.1,0.0,False,600.0,10000.0,1666.6666666666667,100.0,50000.0,17,13,4,2527638.0000000168,2472361.9999999837,0.0,8425460,4204304540,277487420.0000011,77.07983888888919,34.30052830555569,5.929218376068399,204.25199999999998,50.55276000000033,0.7647058823529411,5000000.0,8,2e-06,False
500,1000000,COMMON_TEMPLATE_DUPLICATE_BASELINE,FIXED_SLOT_IDLE,H2_FIXED_PER_MINER_HARDWARE,0.1,0.0,False,600.0,10000.0,1666.6666666666667,100.0,50000.0,17,15,2,2367548.5999999987,2632451.3999999915,0.0,8099459,4041630041,263079373.9999987,73.07760388888852,32.51953373055539,4.871840259259234,243.97835999999998,47.35097199999998,0.8823529411764706,4999999.999999991,9,2e-06,False
500,1000000,COMMON_TEMPLATE_DUPLICATE_BASELINE,FIXED_SLOT_IDLE,H2_FIXED_PER_MINER_HARDWARE,0.1,0.0,False,600.0,10000.0,1666.6666666666667,100.0,50000.0,17,13,4,2865579.600000034,2134420.399999973,0.0,9551932,4766414068,307902164.000002,85.52837888888945,38.0601286055558,6.579106068376111,256.2430153846154,57.31159200000068,0.7647058823529411,5000000.000000007,10,2e-06,False
500,1000000,COMMON_TEMPLATE_DUPLICATE_BASELINE,FIXED_SLOT_IDLE,H2_FIXED_PER_MINER_HARDWARE,0.1,0.0,False,600.0,10000.0,1666.6666666666667,100.0,50000.0,17,16,1,1542060.5999999978,3457939.4000000185,0.0,5140202,2564960798,188785454.00000018,52.44040388888894,23.33597973055558,3.2775252430555586,155.25757499999997,30.841211999999953,0.9411764705882353,5000000.000000017,11,2e-06,False
500,1000000,COMMON_TEMPLATE_DUPLICATE_BASELINE,FIXED_SLOT_IDLE,H2_FIXED_PER_MINER_HARDWARE,0.1,0.0,False,600.0,10000.0,1666.6666666666667,100.0,50000.0,17,16,1,1639737.8999999857,3360262.0999999894,0.0,5465793,2727430707,197576410.99999875,54.88233638888854,24.4226396930554,3.4301460243055337,167.4672375,32.79475799999972,0.9411764705882353,4999999.999999975,18,2e-06,False
500,1000000,COMMON_TEMPLATE_DUPLICATE_BASELINE,FIXED_SLOT_IDLE,H2_FIXED_PER_MINER_HARDWARE,0.1,0.0,False,600.0,10000.0,1666.6666666666667,100.0,50000.0,17,16,1,2200645.2000000156,2799354.8000000063,0.0,7335484,3660406516,248058068.00000268,68.90501888888963,30.662733405555887,4.306563680555602,237.58065,44.01290400000031,0.9411764705882353,5000000.000000022,14,2e-06,False
500,1000000,COMMON_TEMPLATE_DUPLICATE_BASELINE,FIXED_SLOT_IDLE,H2_FIXED_PER_MINER_HARDWARE,0.1,0.0,False,600.0,10000.0,1666.6666666666667,100.0,50000.0,17,15,2,2524655.9999999786,2475344.000000021,0.0,8415520,4199344480,277219040.00000256,77.0052888888896,34.26735355555587,5.133685925925973,256.6208,50.49311999999957,0.8823529411764706,5000000.0,12,2e-06,False
500,1000000,COMMON_TEMPLATE_DUPLICATE_BASELINE,FIXED_SLOT_IDLE,H2_FIXED_PER_MINER_HARDWARE,0.1,0.0,False,600.0,10000.0,1666.6666666666667,100.0,50000.0,17,15,2,2269375.1999999993,2730624.8000000184,0.0,7564584,3774727416,254243768.0000028,70.62326888888967,31.427354655555902,4.708217925925978,222.58336,45.387503999999986,0.8823529411764706,5000000.000000018,17,2e-06,False
500,1000000,COMMON_TEMPLATE_DUPLICATE_BASELINE,FIXED_SLOT_IDLE,H2_FIXED_PER_MINER_HARDWARE,0.1,0.0,False,600.0,10000.0,1666.6666666666667,100.0,50000.0,17,17,0,1458893.9999999816,3541105.999999977,0.0,4862980,2426627020,181300459.9999987,50.36123888888852,22.410751305555394,2.9624258169934423,171.63458823529413,29.17787999999963,1.0,4999999.999999959,13,2e-06,False
500,1000000,COMMON_TEMPLATE_DUPLICATE_BASELINE,FIXED_SLOT_IDLE,H2_FIXED_PER_MINER_HARDWARE,0.1,0.0,False,600.0,10000.0,1666.6666666666667,100.0,50000.0,17,17,0,1624148.900000001,3375851.1000000197,0.0,5725737,2857142763,196173400.99999812,54.49261138888837,24.249212068055325,3.2054477287581395,202.08483529411762,32.482978000000024,1.0,5000000.0000000205,16,2e-06,False
500,1000000,COMMON_TEMPLATE_DUPLICATE_BASELINE,FIXED_SLOT_IDLE,H2_FIXED_PER_MINER_HARDWARE,0.1,0.0,False,600.0,10000.0,1666.6666666666667,100.0,50000.0,17,16,1,1792664.1000000192,3207335.9000000064,0.0,5975547,2981797953,211339768.9999983,58.70549138888842,26.123943668055347,3.669093211805526,186.5830125,35.853282000000384,0.9411764705882353,5000000.000000026,15,2e-06,False
500,1000000,COMMON_TEMPLATE_DUPLICATE_BASELINE,FIXED_SLOT_IDLE,H2_FIXED_PER_MINER_HARDWARE,0.1,0.0,False,600.0,10000.0,1666.6666666666667,100.0,50000.0,17,16,1,2262472.799999999,2737527.199999983,0.0,7541576,3763246424,253622552.00000086,70.45070888888912,31.35056545555566,4.40316930555557,245.3091,45.249455999999974,0.9411764705882353,4999999.999999981,19,2e-06,False
500,1000000,COMMON_TEMPLATE_DUPLICATE_BASELINE,FIXED_SLOT_IDLE,H2_FIXED_PER_MINER_HARDWARE,0.1,0.0,False,600.0,10000.0,1666.6666666666667,100.0,50000.0,17,13,4,2769822.500000008,2230177.499999992,0.0,9463494,4722283506,299284025.0000028,83.13445138888967,36.99483086805591,6.3949577991453594,252.16126153846153,55.39645000000016,0.7647058823529411,5000000.0,20,2e-06,False
500,1000000,COMMON_TEMPLATE_DUPLICATE_BASELINE,FIXED_SLOT_IDLE,H2_FIXED_PER_MINER_HARDWARE,0.1,0.0,False,600.0,10000.0,1666.6666666666667,100.0,50000.0,17,13,4,2507412.299999986,2492587.700000014,0.0,8358041,4170662459,275667106.9999969,76.57419638888803,34.07551739305517,5.890322799145233,201.14035384615383,50.148245999999716,0.7647058823529411,5000000.0,21,2e-06,False
500,1000000,COMMON_TEMPLATE_DUPLICATE_BASELINE,FIXED_SLOT_IDLE,H2_FIXED_PER_MINER_HARDWARE,0.1,0.0,False,600.0,10000.0,1666.6666666666667,100.0,50000.0,17,15,2,1976987.7000000253,3023012.3,0.0,6589959,3288389541,227928893.00000235,63.313581388889546,28.174543718055848,4.220905425925969,183.59835999999996,39.53975400000051,0.8823529411764706,5000000.000000025,22,2e-06,False
500,1000000,COMMON_TEMPLATE_DUPLICATE_BASELINE,FIXED_SLOT_IDLE,H2_FIXED_PER_MINER_HARDWARE,0.1,0.0,False,600.0,10000.0,1666.6666666666667,100.0,50000.0,17,17,0,1308674.6999999858,3691325.2999999714,0.0,4362249,2176762251,167780723.00000015,46.60575638888893,20.739561593055573,2.7415150816993488,153.9617294117647,26.173493999999714,1.0,4999999.999999957,24,2e-06,False
500,1000000,COMMON_TEMPLATE_DUPLICATE_BASELINE,FIXED_SLOT_IDLE,H2_FIXED_PER_MINER_HARDWARE,0.1,0.0,False,600.0,10000.0,1666.6666666666667,100.0,50000.0,17,15,2,1996925.9999999849,3003074.000000017,0.0,6656420,3321553580,229723340.00000247,63.812038888889575,28.39635730555586,4.254135925925971,186.25680000000003,39.9385199999997,0.8823529411764706,5000000.000000002,23,2e-06,False
500,1000000,COMMON_TEMPLATE_DUPLICATE_BASELINE,FIXED_SLOT_IDLE,H2_FIXED_PER_MINER_HARDWARE,0.1,0.0,False,600.0,10000.0,1666.6666666666667,100.0,50000.0,17,14,3,2630346.9000000036,2369653.0999999964,0.0,8767823,4375143677,286731220.9999998,79.64756138888885,35.443164818055536,5.689111527777775,247.19241428571428,52.60693800000007,0.8235294117647058,5000000.0,27,2e-06,False
500,1000000,COMMON_TEMPLATE_DUPLICATE_BASELINE,FIXED_SLOT_IDLE,H2_FIXED_PER_MINER_HARDWARE,0.1,0.0,False,600.0,10000.0,1666.6666666666667,100.0,50000.0,17,11,6,2718871.2000000034,2281128.7999999835,0.0,9062904,4522389096,294698408.00000256,81.8606688888896,36.42799765555588,7.441878989899055,167.06749090909088,54.37742400000007,0.6470588235294118,4999999.999999987,25,2e-06,False
500,1000000,COMMON_TEMPLATE_DUPLICATE_BASELINE,FIXED_SLOT_IDLE,H2_FIXED_PER_MINER_HARDWARE,0.1,0.0,False,600.0,10000.0,1666.6666666666667,100.0,50000.0,17,14,3,2082971.4000000148,2917028.600000011,0.0,6943238,3464675762,237467425.99999914,65.96317388888865,29.35361238055545,4.71165527777776,168.99591428571426,41.6594280000003,0.8235294117647058,5000000.000000026,26,2e-06,False
500,1000000,COMMON_TEMPLATE_DUPLICATE_BASELINE,FIXED_SLOT_IDLE,H2_FIXED_PER_MINER_HARDWARE,0.1,0.0,False,600.0,10000.0,1666.6666666666667,100.0,50000.0,17,14,3,2298464.9999999977,2701534.9999999893,0.0,7661550,3823113450,256861849.9999977,71.35051388888826,31.750978680555274,5.096465277777733,199.78071428571428,45.969299999999954,0.8235294117647058,4999999.999999987,28,2e-06,False
500,1000000,COMMON_TEMPLATE_DUPLICATE_BASELINE,FIXED_SLOT_IDLE,H2_FIXED_PER_MINER_HARDWARE,0.1,0.0,False,600.0,10000.0,1666.6666666666667,100.0,50000.0,17,14,3,2258149.1999999955,2741850.799999986,0.0,7527164,3756054836,253233428.00000215,70.34261888888949,31.302465405555825,5.024472777777821,194.02131428571425,45.16298399999991,0.8235294117647058,4999999.999999981,30,2e-06,False
500,1000000,COMMON_TEMPLATE_DUPLICATE_BASELINE,FIXED_SLOT_IDLE,H2_FIXED_PER_MINER_HARDWARE,0.1,0.0,False,600.0,10000.0,1666.6666666666667,100.0,50000.0,17,15,2,2531629.7999999956,2468370.2000000044,0.0,8438766,4210944234,277846681.9999977,77.17963388888825,34.34493708055527,5.1453089259258835,257.55064000000004,50.63259599999991,0.8823529411764706,5000000.0,29,2e-06,False
500,1000000,COMMON_TEMPLATE_DUPLICATE_BASELINE,FIXED_SLOT_IDLE,H2_FIXED_PER_MINER_HARDWARE,0.1,0.0,False,600.0,10000.0,1666.6666666666667,100.0,50000.0,17,12,5,2714328.800000013,2285671.1999999876,0.0,9381096,4681166904,294289591.99999744,81.74710888888818,36.37746345555524,6.8122590740740145,219.05479999999997,54.28657600000026,0.7058823529411765,5000000.0,31,2e-06,False
500,1000000,COMMON_TEMPLATE_DUPLICATE_BASELINE,FIXED_SLOT_IDLE,H2_FIXED_PER_MINER_HARDWARE,0.1,0.0,False,600.0,10000.0,1666.6666666666667,100.0,50000.0,17,13,4,2444791.6999999685,2555208.300000033,0.0,8482639,4232836861,270031253.0000025,75.00868138888958,33.37886321805586,5.769898568376122,206.89103076923078,48.89583399999937,0.7647058823529411,5000000.000000002,33,2e-06,False
500,1000000,COMMON_TEMPLATE_DUPLICATE_BASELINE,FIXED_SLOT_IDLE,H2_FIXED_PER_MINER_HARDWARE,0.1,0.0,False,600.0,10000.0,1666.6666666666667,100.0,50000.0,17,14,3,2321258.90000001,2678741.0999999894,0.0,7980545,3982291955,258913300.99999923,71.92036138888868,32.00456081805546,5.137168670634906,213.4519285714286,46.4251780000002,0.8235294117647058,5000000.0,32,2e-06,False
500,1000000,COMMON_TEMPLATE_DUPLICATE_BASELINE,FIXED_SLOT_IDLE,H2_FIXED_PER_MINER_HARDWARE,0.1,0.0,False,600.0,10000.0,1666.6666666666667,100.0,50000.0,17,15,2,2296908.3000000087,2703091.6999999913,0.0,7656361,3820524139,256721746.9999976,71.31159638888822,31.733660393055256,4.754106425925881,226.25444,45.93816600000017,0.8823529411764706,5000000.0,34,2e-06,False
500,1000000,COMMON_TEMPLATE_DUPLICATE_BASELINE,FIXED_SLOT_IDLE,H2_FIXED_PER_MINER_HARDWARE,0.1,0.0,False,600.0,10000.0,1666.6666666666667,100.0,50000.0,17,15,2,2337078.2000000025,2662921.799999985,0.0,8112264,4048019736,260337038.00000173,72.31584388888938,32.18055053055577,4.821056259259292,244.49055999999993,46.74156400000005,0.8823529411764706,4999999.999999987,35,2e-06,False
500,1000000,COMMON_TEMPLATE_DUPLICATE_BASELINE,FIXED_SLOT_IDLE,H2_FIXED_PER_MINER_HARDWARE,0.1,0.0,False,600.0,10000.0,1666.6666666666667,100.0,50000.0,17,15,2,1738087.7999999865,3261912.199999975,0.0,5793626,2891019374,206427901.999999,57.341083888888605,25.51678233055543,3.822738925925907,151.74504,34.76175599999973,0.8823529411764706,4999999.999999962,38,2e-06,False
500,1000000,COMMON_TEMPLATE_DUPLICATE_BASELINE,FIXED_SLOT_IDLE,H2_FIXED_PER_MINER_HARDWARE,0.1,0.0,False,600.0,10000.0,1666.6666666666667,100.0,50000.0,17,13,4,2765563.799999975,2234436.200000004,0.0,9218546,4600054454,298900742.00000036,83.02798388888898,36.9474528305556,6.386767991452999,240.85596923076926,55.3112759999995,0.7647058823529411,4999999.9999999795,36,2e-06,False
500,1000000,COMMON_TEMPLATE_DUPLICATE_BASELINE,FIXED_SLOT_IDLE,H2_FIXED_PER_MINER_HARDWARE,0.1,0.0,False,600.0,10000.0,1666.6666666666667,100.0,50000.0,17,16,1,1488775.7999999856,3511224.200000038,0.0,4962586,2476330414,183989821.9999982,51.108283888888394,22.743186330555336,3.1942677430555246,148.59697500000001,29.775515999999715,0.9411764705882353,5000000.000000023,40,2e-06,False
500,1000000,COMMON_TEMPLATE_DUPLICATE_BASELINE,FIXED_SLOT_IDLE,H2_FIXED_PER_MINER_HARDWARE,0.1,0.0,False,600.0,10000.0,1666.6666666666667,100.0,50000.0,17,15,2,1868114.9999999923,3131885.0000000084,0.0,6227050,3107297950,218130349.99999836,60.59176388888844,26.963334930555355,4.0394509259258955,169.082,37.36229999999985,0.8823529411764706,5000000.000000001,37,2e-06,False
500,1000000,COMMON_TEMPLATE_DUPLICATE_BASELINE,FIXED_SLOT_IDLE,H2_FIXED_PER_MINER_HARDWARE,0.1,0.0,False,600.0,10000.0,1666.6666666666667,100.0,50000.0,17,14,3,2602348.199999984,2397651.800000008,0.0,8674494,4328572506,284211337.9999996,78.94759388888878,35.1316792805555,5.639113849206341,243.1926,52.046963999999676,0.8235294117647058,4999999.999999993,39,2e-06,False
500,1000000,COMMON_TEMPLATE_DUPLICATE_BASELINE,FIXED_SLOT_IDLE,H2_FIXED_PER_MINER_HARDWARE,0.1,0.0,False,600.0,10000.0,1666.6666666666667,100.0,50000.0,17,16,1,2114172.6000000206,2885827.4000000027,0.0,7047242,3516573758,240275533.9999983,66.74320388888842,29.700725730555344,4.171450243055526,226.77157499999998,42.28345200000041,0.9411764705882353,5000000.000000023,41,2e-06,False
500,1000000,COMMON_TEMPLATE_DUPLICATE_BASELINE,FIXED_SLOT_IDLE,H2_FIXED_PER_MINER_HARDWARE,0.1,0.0,False,600.0,10000.0,1666.6666666666667,100.0,50000.0,17,16,1,1248851.699999999,3751148.300000001,0.0,4162839,2077256661,162396652.9999984,45.11018138888844,20.074030718055358,2.8193863368055276,118.60646250000002,24.97703399999998,0.9411764705882353,5000000.0,42,2e-06,False
500,1000000,COMMON_TEMPLATE_DUPLICATE_BASELINE,FIXED_SLOT_IDLE,H2_FIXED_PER_MINER_HARDWARE,0.1,0.0,False,600.0,10000.0,1666.6666666666667,100.0,50000.0,17,15,2,2171412.00000001,2828587.99999999,0.0,7238040,3611781960,245427079.999999,68.17418888888861,30.33751405555543,4.544945925925907,209.5216,43.428240000000194,0.8823529411764706,5000000.0,44,2e-06,False
500,1000000,COMMON_TEMPLATE_DUPLICATE_BASELINE,FIXED_SLOT_IDLE,H2_FIXED_PER_MINER_HARDWARE,0.1,0.0,False,600.0,10000.0,1666.6666666666667,100.0,50000.0,17,15,2,2176673.1000000127,2823326.899999987,0.0,7255577,3620532923,245900578.99999923,68.30571638888867,30.39604379305546,4.553714425925912,210.22307999999995,43.53346200000025,0.8823529411764706,5000000.0,43,2e-06,False
500,1000000,COMMON_TEMPLATE_DUPLICATE_BASELINE,FIXED_SLOT_IDLE,H2_FIXED_PER_MINER_HARDWARE,0.1,0.0,False,600.0,10000.0,1666.6666666666667,100.0,50000.0,17,15,2,2172447.9000000213,2827552.0999999773,0.0,7241493,3613505007,245520311.0000013,68.20008638888925,30.349038443055715,4.54667242592595,209.65972000000002,43.44895800000043,0.8823529411764706,4999999.999999998,45,2e-06,False
500,1000000,COMMON_TEMPLATE_DUPLICATE_BASELINE,FIXED_SLOT_IDLE,H2_FIXED_PER_MINER_HARDWARE,0.1,0.0,False,600.0,10000.0,1666.6666666666667,100.0,50000.0,17,13,4,2422344.0000000205,2577655.999999978,0.0,8074480,4029165520,268010959.999997,74.44748888888805,33.12913255555518,5.72672991452985,188.05292307692304,48.44688000000041,0.7647058823529411,4999999.999999998,46,2e-06,False
500,1000000,COMMON_TEMPLATE_DUPLICATE_BASELINE,FIXED_SLOT_IDLE,H2_FIXED_PER_MINER_HARDWARE,0.1,0.0,False,600.0,10000.0,1666.6666666666667,100.0,50000.0,17,15,2,2128288.1999999806,2871711.7999999966,0.0,7094294,3540052706,241545937.9999975,67.09609388888819,29.857761780555247,4.473072925925879,203.77176,42.56576399999961,0.8823529411764706,4999999.999999978,47,2e-06,False
500,1000000,COMMON_TEMPLATE_DUPLICATE_BASELINE,FIXED_SLOT_IDLE,H2_FIXED_PER_MINER_HARDWARE,0.1,0.0,False,600.0,10000.0,1666.6666666666667,100.0,50000.0,17,14,3,2681040.499999977,2318959.5000000084,0.0,8955675,4468881825,291293644.9999996,80.91490138888878,36.007131118055504,5.779635813492056,255.24321428571426,53.620809999999544,0.8235294117647058,4999999.999999985,50,2e-06,False
500,1000000,COMMON_TEMPLATE_DUPLICATE_BASELINE,FIXED_SLOT_IDLE,H2_FIXED_PER_MINER_HARDWARE,0.1,0.0,False,600.0,10000.0,1666.6666666666667,100.0,50000.0,17,17,0,2640855.200000016,2359144.7999999947,0.0,9006579,4494282921,287676967.99999756,79.91026888888821,35.56006965555525,4.700604052287542,317.87925882352937,52.81710400000032,1.0,5000000.000000011,48,2e-06,False
500,1000000,COMMON_TEMPLATE_DUPLICATE_BASELINE,FIXED_SLOT_IDLE,H2_FIXED_PER_MINER_HARDWARE,0.1,0.0,False,600.0,10000.0,1666.6666666666667,100.0,50000.0,17,14,3,2178870.299999982,2821129.6999999983,0.0,7262901,3624187599,246098327.00000298,68.36064638888972,30.420487643055925,4.882903313492123,182.69575714285716,43.57740599999964,0.8235294117647058,4999999.99999998,51,2e-06,False
500,1000000,COMMON_TEMPLATE_DUPLICATE_BASELINE,FIXED_SLOT_IDLE,H2_FIXED_PER_MINER_HARDWARE,0.1,0.0,False,600.0,10000.0,1666.6666666666667,100.0,50000.0,17,16,1,2351315.399999983,2648684.600000019,0.0,7837718,3911021282,261618386.00000358,72.67177388888989,32.338939380556,4.541985868055618,256.41442499999994,47.02630799999966,0.9411764705882353,5000000.000000002,49,2e-06,False
500,1000000,COMMON_TEMPLATE_DUPLICATE_BASELINE,FIXED_SLOT_IDLE,H2_FIXED_PER_MINER_HARDWARE,0.1,0.0,False,600.0,10000.0,1666.6666666666667,100.0,50000.0,17,15,2,2456115.5999999973,2543884.400000006,0.0,8187052,4085338948,271050403.99999934,75.2917788888887,33.50484160555547,5.019451925925913,247.48207999999997,49.122311999999944,0.8823529411764706,5000000.000000004,52,2e-06,False
500,1000000,COMMON_TEMPLATE_DUPLICATE_BASELINE,FIXED_SLOT_IDLE,H2_FIXED_PER_MINER_HARDWARE,0.1,0.0,False,600.0,10000.0,1666.6666666666667,100.0,50000.0,17,16,1,1990875.2999999847,3009124.700000025,0.0,6636251,3311489249,229178776.9999986,63.6607713888885,28.329043268055383,3.978798211805531,211.35941249999996,39.817505999999696,0.9411764705882353,5000000.000000009,54,2e-06,False
500,1000000,COMMON_TEMPLATE_DUPLICATE_BASELINE,FIXED_SLOT_IDLE,H2_FIXED_PER_MINER_HARDWARE,0.1,0.0,False,600.0,10000.0,1666.6666666666667,100.0,50000.0,17,15,2,2398464.9000000157,2601535.0999999847,0.0,7994883,3989446617,265861841.0000021,73.85051138888947,32.86347756805581,4.9233674259259645,239.79531999999998,47.969298000000315,0.8823529411764706,5000000.0,55,2e-06,False
500,1000000,COMMON_TEMPLATE_DUPLICATE_BASELINE,FIXED_SLOT_IDLE,H2_FIXED_PER_MINER_HARDWARE,0.1,0.0,False,600.0,10000.0,1666.6666666666667,100.0,50000.0,17,15,2,1936755.2999999858,3063244.6999999867,0.0,6455851,3221469649,224307976.99999893,62.30777138888859,27.726958268055423,4.153851425925906,178.23403999999996,38.73510599999971,0.8823529411764706,4999999.999999972,53,2e-06,False
500,1000000,COMMON_TEMPLATE_DUPLICATE_BASELINE,FIXED_SLOT_IDLE,H2_FIXED_PER_MINER_HARDWARE,0.1,0.0,False,600.0,10000.0,1666.6666666666667,100.0,50000.0,17,13,4,2605056.0000000093,2394943.999999998,0.0,8683520,4333076480,284455040.00000226,79.01528888888951,35.161803555555835,6.078099145299193,216.16246153846154,52.101120000000186,0.7647058823529411,5000000.000000007,56,2e-06,False
500,1000000,COMMON_TEMPLATE_DUPLICATE_BASELINE,FIXED_SLOT_IDLE,H2_FIXED_PER_MINER_HARDWARE,0.1,0.0,False,600.0,10000.0,1666.6666666666667,100.0,50000.0,17,15,2,2723816.399999982,2276183.6,0.0,9079388,4530614612,295143476.0,81.98429888888889,36.483013005555556,5.4656199259259255,283.17552,54.47632799999964,0.8823529411764706,4999999.999999982,57,2e-06,False
500,1000000,COMMON_TEMPLATE_DUPLICATE_BASELINE,FIXED_SLOT_IDLE,H2_FIXED_PER_MINER_HARDWARE,0.1,0.0,False,600.0,10000.0,1666.6666666666667,100.0,50000.0,17,16,1,1475671.6999999888,3524328.2999999877,0.0,5252239,2620867261,182810452.9999993,50.780681388888695,22.59740321805547,3.1737925868055434,159.45896249999996,29.513433999999773,0.9411764705882353,4999999.999999977,58,2e-06,False
500,1000000,COMMON_TEMPLATE_DUPLICATE_BASELINE,FIXED_SLOT_IDLE,H2_FIXED_PER_MINER_HARDWARE,0.1,0.0,False,600.0,10000.0,1666.6666666666667,100.0,50000.0,17,17,0,1545703.8000000098,3454296.199999986,0.0,5152346,2571020654,189113341.999998,52.53148388888833,23.37651033055531,3.0900872875816665,181.84750588235295,30.914076000000197,1.0,4999999.999999996,59,2e-06,False
500,1000000,COMMON_TEMPLATE_DUPLICATE_BASELINE,FIXED_SLOT_IDLE,H2_FIXED_PER_MINER_HARDWARE,0.1,0.0,False,600.0,10000.0,1666.6666666666667,100.0,50000.0,17,17,0,1714011.0000000214,3285989.0000000037,0.0,5713370,2850971630,204260989.9999986,56.7391638888885,25.248927930555382,3.3375978758169706,201.64835294117643,34.280220000000426,1.0,5000000.000000025,60,2e-06,False
500,1000000,COMMON_TEMPLATE_DUPLICATE_BASELINE,FIXED_SLOT_IDLE,H2_FIXED_PER_MINER_HARDWARE,0.1,0.0,False,600.0,10000.0,1666.6666666666667,100.0,50000.0,17,15,2,1708237.8000000024,3291762.199999998,0.0,5694126,2841368874,203741401.99999905,56.59483388888862,25.18470108055544,3.772988925925908,147.76503999999997,34.16475600000005,0.8823529411764706,5000000.0,63,2e-06,False
500,1000000,COMMON_TEMPLATE_DUPLICATE_BASELINE,FIXED_SLOT_IDLE,H2_FIXED_PER_MINER_HARDWARE,0.1,0.0,False,600.0,10000.0,1666.6666666666667,100.0,50000.0,17,13,4,2607224.000000001,2392775.9999999925,0.0,9024080,4503015920,284650159.9999973,79.06948888888815,35.18592255555522,6.082268376068319,231.88061538461537,52.144480000000016,0.7647058823529411,4999999.9999999935,61,2e-06,False
500,1000000,COMMON_TEMPLATE_DUPLICATE_BASELINE,FIXED_SLOT_IDLE,H2_FIXED_PER_MINER_HARDWARE,0.1,0.0,False,600.0,10000.0,1666.6666666666667,100.0,50000.0,17,16,1,2039540.0999999894,2960459.8999999785,0.0,6798467,3392435033,233558608.99999824,64.8773913888884,28.870439168055338,4.054836961805525,217.4425125,40.790801999999786,0.9411764705882353,4999999.999999968,65,2e-06,False
500,1000000,COMMON_TEMPLATE_DUPLICATE_BASELINE,FIXED_SLOT_IDLE,H2_FIXED_PER_MINER_HARDWARE,0.1,0.0,False,600.0,10000.0,1666.6666666666667,100.0,50000.0,17,16,1,1526432.999999993,3473567.000000025,0.0,5088110,2538966890,187378969.99999908,52.04971388888863,23.16212268055544,3.2531071180555395,153.304125,30.528659999999864,0.9411764705882353,5000000.000000019,62,2e-06,False
500,1000000,COMMON_TEMPLATE_DUPLICATE_BASELINE,FIXED_SLOT_IDLE,H2_FIXED_PER_MINER_HARDWARE,0.1,0.0,False,600.0,10000.0,1666.6666666666667,100.0,50000.0,17,15,2,1848222.3000000154,3151777.6999999816,0.0,6160741,3074209759,216340006.99999937,60.09444638888871,26.742028643055477,4.006296425925914,166.42963999999995,36.96444600000031,0.8823529411764706,4999999.999999997,66,2e-06,False
500,1000000,COMMON_TEMPLATE_DUPLICATE_BASELINE,FIXED_SLOT_IDLE,H2_FIXED_PER_MINER_HARDWARE,0.1,0.0,False,600.0,10000.0,1666.6666666666667,100.0,50000.0,17,12,5,2623324.4000000223,2376675.5999999796,0.0,9077748,4529796252,286099195.9999986,79.4719988888885,35.36503950555539,6.622666574074042,203.88739999999996,52.466488000000446,0.7058823529411765,5000000.000000002,64,2e-06,False
500,1000000,COMMON_TEMPLATE_DUPLICATE_BASELINE,FIXED_SLOT_IDLE,H2_FIXED_PER_MINER_HARDWARE,0.1,0.0,False,600.0,10000.0,1666.6666666666667,100.0,50000.0,17,14,3,2665110.899999988,2334889.10000001,0.0,8883703,4432967797,289859981.0000029,80.5166613888897,35.82991431805592,5.751190099206407,252.1587,53.302217999999755,0.8235294117647058,4999999.999999998,68,2e-06,False
500,1000000,COMMON_TEMPLATE_DUPLICATE_BASELINE,FIXED_SLOT_IDLE,H2_FIXED_PER_MINER_HARDWARE,0.1,0.0,False,600.0,10000.0,1666.6666666666667,100.0,50000.0,17,14,3,2542049.7000000007,2457950.3000000026,0.0,8473499,4228276001,278784473.0000015,77.4401313888893,34.46085846805574,5.531437956349236,234.57852857142856,50.84099400000001,0.8235294117647058,5000000.000000004,67,2e-06,False
500,1000000,COMMON_TEMPLATE_DUPLICATE_BASELINE,FIXED_SLOT_IDLE,H2_FIXED_PER_MINER_HARDWARE,0.1,0.0,False,600.0,10000.0,1666.6666666666667,100.0,50000.0,17,12,5,3055176.5999999694,1944823.3999999943,0.0,10183922,5081777078,324965893.9999967,90.26830388888798,40.16939523055515,7.522358657407332,259.19610000000006,61.10353199999939,0.7058823529411765,4999999.999999964,69,2e-06,False
500,1000000,COMMON_TEMPLATE_DUPLICATE_BASELINE,FIXED_SLOT_IDLE,H2_FIXED_PER_MINER_HARDWARE,0.1,0.0,False,600.0,10000.0,1666.6666666666667,100.0,50000.0,17,16,1,2240907.600000014,2759092.399999982,0.0,7469692,3727376308,251681684.00000033,69.91157888888898,31.110652605555597,4.369473680555561,242.61345,44.81815200000028,0.9411764705882353,4999999.999999996,70,2e-06,False
500,1000000,COMMON_TEMPLATE_DUPLICATE_BASELINE,FIXED_SLOT_IDLE,H2_FIXED_PER_MINER_HARDWARE,0.1,0.0,False,600.0,10000.0,1666.6666666666667,100.0,50000.0,17,17,0,851465.3999999908,4148534.599999955,0.0,2838218,1416270782,126631885.99999996,35.175523888888875,15.65310813055555,2.0691484640522866,100.17239999999997,17.029307999999816,1.0,4999999.999999946,72,2e-06,False
500,1000000,COMMON_TEMPLATE_DUPLICATE_BASELINE,FIXED_SLOT_IDLE,H2_FIXED_PER_MINER_HARDWARE,0.1,0.0,False,600.0,10000.0,1666.6666666666667,100.0,50000.0,17,14,3,1853825.3999999806,3146174.6000000224,0.0,6179418,3083529582,216844285.99999875,60.23452388888854,26.8043631305554,4.302465992063467,136.26077142857142,37.07650799999961,0.8235294117647058,5000000.000000003,73,2e-06,False
500,1000000,COMMON_TEMPLATE_DUPLICATE_BASELINE,FIXED_SLOT_IDLE,H2_FIXED_PER_MINER_HARDWARE,0.1,0.0,False,600.0,10000.0,1666.6666666666667,100.0,50000.0,17,11,6,2984934.6000000206,2015065.3999999873,0.0,9949782,4964941218,318644113.99999577,88.51225388888771,39.387952980555035,8.046568535353428,215.4426545454545,59.69869200000042,0.6470588235294118,5000000.000000007,71,2e-06,False
500,1000000,COMMON_TEMPLATE_DUPLICATE_BASELINE,FIXED_SLOT_IDLE,H2_FIXED_PER_MINER_HARDWARE,0.1,0.0,False,600.0,10000.0,1666.6666666666667,100.0,50000.0,17,15,2,2103529.8000000124,2896470.200000018,0.0,7011766,3498871234,239317681.99999943,66.47713388888873,29.582324580555486,4.431808925925916,200.47064,42.07059600000025,0.8823529411764706,5000000.00000003,74,2e-06,False
500,1000000,COMMON_TEMPLATE_DUPLICATE_BASELINE,FIXED_SLOT_IDLE,H2_FIXED_PER_MINER_HARDWARE,0.1,0.0,False,600.0,10000.0,1666.6666666666667,100.0,50000.0,17,14,3,2222972.7000000197,2777027.2999999756,0.0,7409909,3697544591,250067542.9999985,69.46320638888848,30.911126843055374,4.96165759920632,188.9961,44.45945400000039,0.8235294117647058,4999999.999999995,77,2e-06,False
500,1000000,COMMON_TEMPLATE_DUPLICATE_BASELINE,FIXED_SLOT_IDLE,H2_FIXED_PER_MINER_HARDWARE,0.1,0.0,False,600.0,10000.0,1666.6666666666667,100.0,50000.0,17,12,5,2652182.100000006,2347817.900000005,0.0,8840607,4411462893,288696388.9999988,80.19344138888856,35.68608141805541,6.68278678240738,192.03035,53.043642000000126,0.7058823529411765,5000000.000000011,76,2e-06,False
500,1000000,COMMON_TEMPLATE_DUPLICATE_BASELINE,FIXED_SLOT_IDLE,H2_FIXED_PER_MINER_HARDWARE,0.1,0.0,False,600.0,10000.0,1666.6666666666667,100.0,50000.0,17,11,6,2974039.099999998,2025960.8999999769,0.0,10089459,5034640041,317663518.9999968,88.23986638888799,39.26674054305516,8.021806035353453,223.06140000000002,59.48078199999996,0.6470588235294118,4999999.999999975,75,2e-06,False
500,1000000,COMMON_TEMPLATE_DUPLICATE_BASELINE,FIXED_SLOT_IDLE,H2_FIXED_PER_MINER_HARDWARE,0.1,0.0,False,600.0,10000.0,1666.6666666666667,100.0,50000.0,17,15,2,2639621.700000013,2360378.2999999872,0.0,8798739,4390570761,287565952.9999984,79.87943138888845,35.54634696805536,5.325295425925897,271.94955999999996,52.79243400000026,0.8823529411764706,5000000.0,78,2e-06,False
500,1000000,COMMON_TEMPLATE_DUPLICATE_BASELINE,FIXED_SLOT_IDLE,H2_FIXED_PER_MINER_HARDWARE,0.1,0.0,False,600.0,10000.0,1666.6666666666667,100.0,50000.0,17,12,5,2551607.4000000046,2448392.599999999,0.0,8505358,4244173642,279644665.9999977,77.67907388888824,34.56718788055527,6.473256157407353,175.26789999999997,51.03214800000009,0.7058823529411765,5000000.000000004,80,2e-06,False
500,1000000,COMMON_TEMPLATE_DUPLICATE_BASELINE,FIXED_SLOT_IDLE,H2_FIXED_PER_MINER_HARDWARE,0.1,0.0,False,600.0,10000.0,1666.6666666666667,100.0,50000.0,17,13,4,2499965.6999999853,2500034.3000000147,0.0,8333219,4158276281,274996913.00000143,76.38803138888929,33.99267396805573,5.876002414529945,199.99472307692304,49.99931399999971,0.7647058823529411,5000000.0,79,2e-06,False
500,1000000,COMMON_TEMPLATE_DUPLICATE_BASELINE,FIXED_SLOT_IDLE,H2_FIXED_PER_MINER_HARDWARE,0.1,0.0,False,600.0,10000.0,1666.6666666666667,100.0,50000.0,17,15,2,1811035.700000007,3188964.300000033,0.0,6370119,3178689381,212993212.99999958,59.16478138888877,26.328327718055505,3.9443187592592515,174.80476,36.220714000000136,0.8823529411764706,5000000.00000004,81,2e-06,False
500,1000000,COMMON_TEMPLATE_DUPLICATE_BASELINE,FIXED_SLOT_IDLE,H2_FIXED_PER_MINER_HARDWARE,0.1,0.0,False,600.0,10000.0,1666.6666666666667,100.0,50000.0,17,14,3,2339952.300000004,2660047.699999996,0.0,7799841,3892120659,260595707.00000152,72.38769638888931,32.21252489305574,5.170549742063522,205.7074714285714,46.799046000000075,0.8235294117647058,5000000.0,82,2e-06,False
500,1000000,COMMON_TEMPLATE_DUPLICATE_BASELINE,FIXED_SLOT_IDLE,H2_FIXED_PER_MINER_HARDWARE,0.1,0.0,False,600.0,10000.0,1666.6666666666667,100.0,50000.0,17,15,2,2146366.5000000033,2853633.4999999967,0.0,7154555,3570122945,243172984.99999946,67.54805138888874,30.058882868055488,4.503203425925916,206.18220000000002,42.92733000000007,0.8823529411764706,5000000.0,83,2e-06,False
500,1000000,COMMON_TEMPLATE_DUPLICATE_BASELINE,FIXED_SLOT_IDLE,H2_FIXED_PER_MINER_HARDWARE,0.1,0.0,False,600.0,10000.0,1666.6666666666667,100.0,50000.0,17,12,5,3069210.299999983,1930789.699999989,0.0,10230701,5105119799,326228926.9999983,90.61914638888841,40.32552014305534,7.551595532407368,261.53505,61.384205999999665,0.7058823529411765,4999999.999999972,84,2e-06,False
500,1000000,COMMON_TEMPLATE_DUPLICATE_BASELINE,FIXED_SLOT_IDLE,H2_FIXED_PER_MINER_HARDWARE,0.1,0.0,False,600.0,10000.0,1666.6666666666667,100.0,50000.0,17,15,2,2337938.4000000013,2662061.599999986,0.0,7793128,3888770872,260414456.0000002,72.33734888888894,32.19012025555558,4.82248992592593,231.72511999999998,46.758768000000025,0.8823529411764706,4999999.999999987,89,2e-06,False
500,1000000,COMMON_TEMPLATE_DUPLICATE_BASELINE,FIXED_SLOT_IDLE,H2_FIXED_PER_MINER_HARDWARE,0.1,0.0,False,600.0,10000.0,1666.6666666666667,100.0,50000.0,17,13,4,2815578.8000000133,2184421.199999988,0.0,9421990,4701573010,303402091.99999774,84.27835888888826,37.503869705555275,6.482950683760635,250.24569230769228,56.311576000000265,0.7647058823529411,5000000.000000002,85,2e-06,False
500,1000000,COMMON_TEMPLATE_DUPLICATE_BASELINE,FIXED_SLOT_IDLE,H2_FIXED_PER_MINER_HARDWARE,0.1,0.0,False,600.0,10000.0,1666.6666666666667,100.0,50000.0,17,17,0,1654804.200000011,3345195.8000000315,0.0,5516014,2752490986,198932378.0000013,55.25899388888925,24.590252280555717,3.250529052287603,194.6828470588235,33.09608400000022,1.0,5000000.000000043,88,2e-06,False
500,1000000,COMMON_TEMPLATE_DUPLICATE_BASELINE,FIXED_SLOT_IDLE,H2_FIXED_PER_MINER_HARDWARE,0.1,0.0,False,600.0,10000.0,1666.6666666666667,100.0,50000.0,17,11,6,2870314.9999999655,2129685.000000027,0.0,9901050,4940623950,308328349.9999971,85.64676388888807,38.112809930555194,7.7860694444443705,212.78454545454542,57.406299999999305,0.6470588235294118,4999999.999999993,90,2e-06,False
500,1000000,COMMON_TEMPLATE_DUPLICATE_BASELINE,FIXED_SLOT_IDLE,H2_FIXED_PER_MINER_HARDWARE,0.1,0.0,False,600.0,10000.0,1666.6666666666667,100.0,50000.0,17,16,1,1671703.4999999814,3328296.499999994,0.0,5572345,2780600155,200453314.99999857,55.68147638888849,24.77825699305538,3.4800922743055307,171.46293749999998,33.43406999999963,0.9411764705882353,4999999.999999976,87,2e-06,False
500,1000000,COMMON_TEMPLATE_DUPLICATE_BASELINE,FIXED_SLOT_IDLE,H2_FIXED_PER_MINER_HARDWARE,0.1,0.0,False,600.0,10000.0,1666.6666666666667,100.0,50000.0,17,14,3,1761681.899999993,3238318.1000000187,0.0,5872273,2930264227,208551371.00000206,57.93093638888946,25.77926669305581,4.137924027777818,123.09741428571428,35.23363799999986,0.8235294117647058,5000000.000000011,86,2e-06,False
500,1000000,COMMON_TEMPLATE_DUPLICATE_BASELINE,FIXED_SLOT_IDLE,H2_FIXED_PER_MINER_HARDWARE,0.1,0.0,False,600.0,10000.0,1666.6666666666667,100.0,50000.0,17,13,4,2797347.199999978,2202652.8000000175,0.0,9657824,4819254176,301761247.99999845,83.82256888888845,37.30104315555536,6.447889914529881,261.1303384615385,55.94694399999956,0.7647058823529411,4999999.999999995,91,2e-06,False
500,1000000,COMMON_TEMPLATE_DUPLICATE_BASELINE,FIXED_SLOT_IDLE,H2_FIXED_PER_MINER_HARDWARE,0.1,0.0,False,600.0,10000.0,1666.6666666666667,100.0,50000.0,17,14,3,2024964.599999978,2975035.399999997,0.0,6749882,3368191118,232246813.99999887,64.51300388888858,28.708286730555418,4.608071706349184,160.70922857142858,40.499291999999556,0.8235294117647058,4999999.999999975,92,2e-06,False
500,1000000,COMMON_TEMPLATE_DUPLICATE_BASELINE,FIXED_SLOT_IDLE,H2_FIXED_PER_MINER_HARDWARE,0.1,0.0,False,600.0,10000.0,1666.6666666666667,100.0,50000.0,17,15,2,2449011.900000021,2550988.099999978,0.0,8163373,4073523127,270411070.999998,75.11418638888833,33.425812943055305,5.007612425925888,246.53491999999997,48.98023800000042,0.8823529411764706,4999999.999999999,93,2e-06,False
500,1000000,COMMON_TEMPLATE_DUPLICATE_BASELINE,FIXED_SLOT_IDLE,H2_FIXED_PER_MINER_HARDWARE,0.1,0.0,False,600.0,10000.0,1666.6666666666667,100.0,50000.0,17,16,1,1784300.0999999938,3215699.899999966,0.0,5947667,2967885833,210587009.00000218,58.49639138888949,26.030894168055823,3.6560244618055933,185.53751250000002,35.686001999999874,0.9411764705882353,4999999.99999996,94,2e-06,False
500,1000000,COMMON_TEMPLATE_DUPLICATE_BASELINE,FIXED_SLOT_IDLE,H2_FIXED_PER_MINER_HARDWARE,0.1,0.0,False,600.0,10000.0,1666.6666666666667,100.0,50000.0,17,15,2,2076134.700000024,2923865.2999999677,0.0,6920449,3453304051,236852122.99999914,65.79225638888865,29.277554093055446,4.386150425925909,196.81796,41.52269400000048,0.8823529411764706,4999999.999999992,96,2e-06,False
500,1000000,COMMON_TEMPLATE_DUPLICATE_BASELINE,FIXED_SLOT_IDLE,H2_FIXED_PER_MINER_HARDWARE,0.1,0.0,False,600.0,10000.0,1666.6666666666667,100.0,50000.0,17,16,1,2261444.7000000016,2738555.2999999793,0.0,7538149,3761536351,253530023.00000164,70.42500638888934,31.33912784305576,4.401562899305584,245.18058749999997,45.22889400000003,0.9411764705882353,4999999.999999981,99,2e-06,False
500,1000000,COMMON_TEMPLATE_DUPLICATE_BASELINE,FIXED_SLOT_IDLE,H2_FIXED_PER_MINER_HARDWARE,0.1,0.0,False,600.0,10000.0,1666.6666666666667,100.0,50000.0,17,16,1,1693455.3000000035,3306544.6999999834,0.0,5644851,2816780649,202410976.99999905,56.22527138888862,25.02024576805544,3.514079461805539,174.18191249999998,33.86910600000007,0.9411764705882353,4999999.999999987,98,2e-06,False
500,1000000,COMMON_TEMPLATE_DUPLICATE_BASELINE,FIXED_SLOT_IDLE,H2_FIXED_PER_MINER_HARDWARE,0.1,0.0,False,600.0,10000.0,1666.6666666666667,100.0,50000.0,17,15,2,1918174.8000000117,3081825.200000016,0.0,6393916,3190564084,222635731.99999774,61.84325888888826,27.520250205555275,4.122883925925884,175.75663999999995,38.36349600000023,0.8823529411764706,5000000.000000028,95,2e-06,False
500,1000000,POCOL_DISJOINT_NONCE,FIXED_SLOT_IDLE,H2_FIXED_PER_MINER_HARDWARE,0.1,0.0,False,600.0,10000.0,1666.6666666666667,100.0,50000.0,17,9,8,6602.999999999271,4993397.000000028,0.0,11005000,0,50594269.99999963,14.053963888888786,6.25401393055551,1.5615515432098652,0.40066666666666667,0.1320599999999854,0.5294117647058824,5000000.000000027,1,2e-06,False
500,1000000,COMMON_TEMPLATE_DUPLICATE_BASELINE,FIXED_SLOT_IDLE,H2_FIXED_PER_MINER_HARDWARE,0.1,0.0,False,600.0,10000.0,1666.6666666666667,100.0,50000.0,17,15,2,2351954.6000000294,2648045.3999999673,0.0,8173182,4078417818,261675914.0000016,72.68775388888933,32.34605048055575,4.845850259259289,246.92727999999994,47.03909200000059,0.8823529411764706,4999999.999999996,97,2e-06,False
500,1000000,POCOL_DISJOINT_NONCE,FIXED_SLOT_IDLE,H2_FIXED_PER_MINER_HARDWARE,0.1,0.0,False,600.0,10000.0,1666.6666666666667,100.0,50000.0,17,14,3,4975.799999999522,4995024.200000018,0.0,8293000,0,50447822.00000037,14.013283888888992,6.235911330555601,1.0009488492063565,0.4536857142857143,0.09951599999999043,0.8235294117647058,5000000.000000018,2,2e-06,False
500,1000000,POCOL_DISJOINT_NONCE,FIXED_SLOT_IDLE,H2_FIXED_PER_MINER_HARDWARE,0.1,0.0,False,600.0,10000.0,1666.6666666666667,100.0,50000.0,17,14,3,4813.800000000857,4995186.200000027,0.0,8023000,0,50433241.99999985,14.009233888888847,6.234109080555537,1.0006595634920605,0.4305428571428571,0.09627600000001714,0.8235294117647058,5000000.000000028,0,2e-06,False
500,1000000,POCOL_DISJOINT_NONCE,FIXED_SLOT_IDLE,H2_FIXED_PER_MINER_HARDWARE,0.1,0.0,False,600.0,10000.0,1666.6666666666667,100.0,50000.0,17,16,1,3597.600000000333,4996402.400000018,0.0,5996000,0,50323784.00000061,13.978828888889058,6.220578855555631,0.8736768055555661,0.37470000000000003,0.07195200000000666,0.9411764705882353,5000000.000000019,3,2e-06,False
500,1000000,POCOL_DISJOINT_NONCE,FIXED_SLOT_IDLE,H2_FIXED_PER_MINER_HARDWARE,0.1,0.0,False,600.0,10000.0,1666.6666666666667,100.0,50000.0,17,14,3,4759.199999998637,4995240.799999988,0.0,7932000,0,50428328.00000039,14.007868888888996,6.233501655555603,1.000562063492071,0.4227428571428571,0.09518399999997275,0.8235294117647058,4999999.999999986,5,2e-06,False
500,1000000,POCOL_DISJOINT_NONCE,FIXED_SLOT_IDLE,H2_FIXED_PER_MINER_HARDWARE,0.1,0.0,False,600.0,10000.0,1666.6666666666667,100.0,50000.0,17,16,1,4760.399999999615,4995239.599999975,0.0,7934000,0,50428436.000000395,14.007898888888999,6.233515005555605,0.8754936805555624,0.52005,0.0952079999999923,0.9411764705882353,4999999.999999975,4,2e-06,False
500,1000000,POCOL_DISJOINT_NONCE,FIXED_SLOT_IDLE,H2_FIXED_PER_MINER_HARDWARE,0.1,0.0,False,600.0,10000.0,1666.6666666666667,100.0,50000.0,17,15,2,4052.9999999991473,4995947.000000002,0.0,6755000,0,50364769.99999963,13.990213888888785,6.225645180555509,0.932680925925919,0.3804,0.08105999999998295,0.8823529411764706,5000000.000000001,9,2e-06,False
500,1000000,POCOL_DISJOINT_NONCE,FIXED_SLOT_IDLE,H2_FIXED_PER_MINER_HARDWARE,0.1,0.0,False,600.0,10000.0,1666.6666666666667,100.0,50000.0,17,13,4,5276.400000000368,4994723.599999993,0.0,8794000,0,50474875.99999952,14.020798888888756,6.239255505555496,1.0785229914529813,0.44252307692307685,0.10552800000000735,0.7647058823529411,4999999.9999999935,8,2e-06,False
500,1000000,POCOL_DISJOINT_NONCE,FIXED_SLOT_IDLE,H2_FIXED_PER_MINER_HARDWARE,0.1,0.0,False,600.0,10000.0,1666.6666666666667,100.0,50000.0,17,14,3,4462.800000000253,4995537.199999988,0.0,7438000,0,50401651.99999983,14.000458888888842,6.230204205555535,1.0000327777777744,0.38039999999999996,0.08925600000000507,0.8235294117647058,4999999.999999988,6,2e-06,False
500,1000000,POCOL_DISJOINT_NONCE,FIXED_SLOT_IDLE,H2_FIXED_PER_MINER_HARDWARE,0.1,0.0,False,600.0,10000.0,1666.6666666666667,100.0,50000.0,17,15,2,4695.900000000573,4995304.099999992,0.0,7826500,0,50422631.00000067,14.006286388889075,6.232797443055638,0.9337524259259383,0.4661199999999999,0.09391800000001145,0.8823529411764706,4999999.999999993,7,2e-06,False
500,1000000,POCOL_DISJOINT_NONCE,FIXED_SLOT_IDLE,H2_FIXED_PER_MINER_HARDWARE,0.1,0.0,False,600.0,10000.0,1666.6666666666667,100.0,50000.0,17,13,4,5635.50000000122,4994364.499999992,0.0,9392500,0,50507195.000000276,14.029776388888965,6.24325049305559,1.0792135683760742,0.4977692307692307,0.1127100000000244,0.7647058823529411,4999999.999999993,10,2e-06,False
500,1000000,POCOL_DISJOINT_NONCE,FIXED_SLOT_IDLE,H2_FIXED_PER_MINER_HARDWARE,0.1,0.0,False,600.0,10000.0,1666.6666666666667,100.0,50000.0,17,17,0,4306.800000000546,4995693.20000005,0.0,7178000,0,50387611.9999998,13.996558888888833,6.228468705555531,0.823326993464049,0.5066823529411765,0.08613600000001093,1.0,5000000.00000005,13,2e-06,False
500,1000000,POCOL_DISJOINT_NONCE,FIXED_SLOT_IDLE,H2_FIXED_PER_MINER_HARDWARE,0.1,0.0,False,600.0,10000.0,1666.6666666666667,100.0,50000.0,17,16,1,2512.8000000003376,4997487.200000008,0.0,4188000,0,50226151.99999983,13.951708888888842,6.208510455555535,0.8719818055555526,0.23909999999999995,0.050256000000006754,0.9411764705882353,5000000.000000008,11,2e-06,False
500,1000000,POCOL_DISJOINT_NONCE,FIXED_SLOT_IDLE,H2_FIXED_PER_MINER_HARDWARE,0.1,0.0,False,600.0,10000.0,1666.6666666666667,100.0,50000.0,17,15,2,4365.300000000144,4995634.700000004,0.0,7275500,0,50392877.00000026,13.998021388888962,6.229119518055588,0.9332014259259308,0.42203999999999997,0.08730600000000288,0.8823529411764706,5000000.000000004,12,2e-06,False
500,1000000,POCOL_DISJOINT_NONCE,FIXED_SLOT_IDLE,H2_FIXED_PER_MINER_HARDWARE,0.1,0.0,False,600.0,10000.0,1666.6666666666667,100.0,50000.0,17,16,1,3475.5000000000114,4996524.500000008,0.0,5792500,0,50312795.00000055,13.975776388889042,6.219220493055624,0.8734860243055651,0.3594375,0.06951000000000024,0.9411764705882353,5000000.000000008,15,2e-06,False
500,1000000,POCOL_DISJOINT_NONCE,FIXED_SLOT_IDLE,H2_FIXED_PER_MINER_HARDWARE,0.1,0.0,False,600.0,10000.0,1666.6666666666667,100.0,50000.0,17,16,1,4254.900000001727,4995745.099999954,0.0,7091500,0,50382940.99999988,13.995261388888856,6.2278913180555415,0.8747038368055535,0.4568625,0.08509800000003453,0.9411764705882353,4999999.999999955,14,2e-06,False
500,1000000,POCOL_DISJOINT_NONCE,FIXED_SLOT_IDLE,H2_FIXED_PER_MINER_HARDWARE,0.1,0.0,False,600.0,10000.0,1666.6666666666667,100.0,50000.0,17,17,0,3653.699999999665,4996346.300000009,0.0,6089500,0,50328833.00000032,13.980231388888978,6.221202968055596,0.8223665522875869,0.4298470588235293,0.07307399999999331,1.0,5000000.000000008,16,2e-06,False
500,1000000,POCOL_DISJOINT_NONCE,FIXED_SLOT_IDLE,H2_FIXED_PER_MINER_HARDWARE,0.1,0.0,False,600.0,10000.0,1666.6666666666667,100.0,50000.0,17,15,2,4521.899999999743,4995478.099999961,0.0,7536500,0,50406971.00000053,14.001936388889035,6.230861693055621,0.9334624259259356,0.44292,0.09043799999999487,0.8823529411764706,4999999.999999961,17,2e-06,False
500,1000000,POCOL_DISJOINT_NONCE,FIXED_SLOT_IDLE,H2_FIXED_PER_MINER_HARDWARE,0.1,0.0,False,600.0,10000.0,1666.6666666666667,100.0,50000.0,17,16,1,3440.099999999175,4996559.900000031,0.0,5733500,0,50309609.00000015,13.97489138888893,6.2188266680555735,0.8734307118055581,0.35501249999999995,0.0688019999999835,0.9411764705882353,5000000.000000031,18,2e-06,False
500,1000000,POCOL_DISJOINT_NONCE,FIXED_SLOT_IDLE,H2_FIXED_PER_MINER_HARDWARE,0.1,0.0,False,600.0,10000.0,1666.6666666666667,100.0,50000.0,17,15,2,4023.000000000546,4995976.999999967,0.0,6705000,0,50362070.00000024,13.989463888888956,6.2253114305555854,0.9326309259259304,0.3764,0.08046000000001093,0.8823529411764706,4999999.999999968,23,2e-06,False
500,1000000,POCOL_DISJOINT_NONCE,FIXED_SLOT_IDLE,H2_FIXED_PER_MINER_HARDWARE,0.1,0.0,False,600.0,10000.0,1666.6666666666667,100.0,50000.0,17,16,1,3391.4999999993242,4996608.500000044,0.0,5652500,0,50305234.99999964,13.973676388888789,6.218285993055511,0.8733547743055493,0.3489375,0.06782999999998648,0.9411764705882353,5000000.000000043,19,2e-06,False
500,1000000,POCOL_DISJOINT_NONCE,FIXED_SLOT_IDLE,H2_FIXED_PER_MINER_HARDWARE,0.1,0.0,False,600.0,10000.0,1666.6666666666667,100.0,50000.0,17,13,4,5424.300000000544,4994575.699999966,0.0,9040500,0,50488186.99999993,14.02449638888887,6.240900893055548,1.0788074145299131,0.4652769230769231,0.10848600000001088,0.7647058823529411,4999999.9999999665,20,2e-06,False
500,1000000,POCOL_DISJOINT_NONCE,FIXED_SLOT_IDLE,H2_FIXED_PER_MINER_HARDWARE,0.1,0.0,False,600.0,10000.0,1666.6666666666667,100.0,50000.0,17,15,2,3753.000000000835,4996246.999999978,0.0,6255000,0,50337769.99999979,13.982713888888831,6.22230768055553,0.932180925925922,0.3404,0.0750600000000167,0.8823529411764706,4999999.999999979,22,2e-06,False
500,1000000,POCOL_DISJOINT_NONCE,FIXED_SLOT_IDLE,H2_FIXED_PER_MINER_HARDWARE,0.1,0.0,False,600.0,10000.0,1666.6666666666667,100.0,50000.0,17,13,4,5172.899999999569,4994827.100000026,0.0,8621500,0,50465561.000000395,14.018211388888998,6.238104068055605,1.0783239529914614,0.4266,0.10345799999999139,0.7647058823529411,5000000.000000025,21,2e-06,False
500,1000000,POCOL_DISJOINT_NONCE,FIXED_SLOT_IDLE,H2_FIXED_PER_MINER_HARDWARE,0.1,0.0,False,600.0,10000.0,1666.6666666666667,100.0,50000.0,17,17,0,3097.200000000459,4996902.799999992,0.0,5162000,0,50278747.99999975,13.966318888888818,6.215011905555524,0.8215481699346363,0.3643764705882353,0.061944000000009186,1.0,4999999.999999993,24,2e-06,False
500,1000000,POCOL_DISJOINT_NONCE,FIXED_SLOT_IDLE,H2_FIXED_PER_MINER_HARDWARE,0.1,0.0,False,600.0,10000.0,1666.6666666666667,100.0,50000.0,17,14,3,4768.799999999779,4995231.199999991,0.0,7948000,0,50429192.00000045,14.008108888889012,6.23360845555561,1.0005792063492152,0.4241142857142857,0.09537599999999559,0.8235294117647058,4999999.999999991,26,2e-06,False
500,1000000,POCOL_DISJOINT_NONCE,FIXED_SLOT_IDLE,H2_FIXED_PER_MINER_HARDWARE,0.1,0.0,False,600.0,10000.0,1666.6666666666667,100.0,50000.0,17,11,6,5894.399999999675,4994105.599999942,0.0,9824000,0,50530495.9999996,14.036248888888776,6.246130755555505,1.276022626262616,0.41716363636363635,0.1178879999999935,0.6470588235294118,4999999.999999941,25,2e-06,False
500,1000000,POCOL_DISJOINT_NONCE,FIXED_SLOT_IDLE,H2_FIXED_PER_MINER_HARDWARE,0.1,0.0,False,600.0,10000.0,1666.6666666666667,100.0,50000.0,17,14,3,4728.000000000115,4995272.000000028,0.0,7880000,0,50425519.999999635,14.007088888888788,6.233154555555511,1.000506349206342,0.4182857142857142,0.0945600000000023,0.8235294117647058,5000000.000000028,27,2e-06,False
500,1000000,POCOL_DISJOINT_NONCE,FIXED_SLOT_IDLE,H2_FIXED_PER_MINER_HARDWARE,0.1,0.0,False,600.0,10000.0,1666.6666666666667,100.0,50000.0,17,14,3,4137.000000000351,4995862.999999944,0.0,6895000,0,50372329.99999945,13.992313888888736,6.226579680555488,0.9994509920634812,0.3338571428571429,0.08274000000000702,0.8235294117647058,4999999.999999944,28,2e-06,False
500,1000000,POCOL_DISJOINT_NONCE,FIXED_SLOT_IDLE,H2_FIXED_PER_MINER_HARDWARE,0.1,0.0,False,600.0,10000.0,1666.6666666666667,100.0,50000.0,17,15,2,4386.000000000408,4995614.000000022,0.0,7310000,0,50394739.99999958,13.998538888888772,6.229349805555504,0.9332359259259182,0.42480000000000007,0.08772000000000817,0.8823529411764706,5000000.000000022,29,2e-06,False
500,1000000,POCOL_DISJOINT_NONCE,FIXED_SLOT_IDLE,H2_FIXED_PER_MINER_HARDWARE,0.1,0.0,False,600.0,10000.0,1666.6666666666667,100.0,50000.0,17,14,3,4096.499999999647,4995903.500000014,0.0,6827500,0,50368684.999999665,13.991301388888795,6.226129118055514,0.9993786706349139,0.32807142857142857,0.08192999999999294,0.8235294117647058,5000000.000000014,30,2e-06,False
500,1000000,POCOL_DISJOINT_NONCE,FIXED_SLOT_IDLE,H2_FIXED_PER_MINER_HARDWARE,0.1,0.0,False,600.0,10000.0,1666.6666666666667,100.0,50000.0,17,12,5,5563.500000001121,4994436.499999994,0.0,9272500,0,50500714.99999987,14.027976388888854,6.24244949305554,1.1689980324074045,0.42724999999999996,0.11127000000002242,0.7058823529411765,4999999.999999995,31,2e-06,False
500,1000000,POCOL_DISJOINT_NONCE,FIXED_SLOT_IDLE,H2_FIXED_PER_MINER_HARDWARE,0.1,0.0,False,600.0,10000.0,1666.6666666666667,100.0,50000.0,17,14,3,3841.800000000149,4996158.199999959,0.0,6403000,0,50345761.99999948,13.984933888888744,6.223295580555491,0.9989238492063388,0.29168571428571427,0.07683600000000299,0.8235294117647058,4999999.999999959,32,2e-06,False
500,1000000,POCOL_DISJOINT_NONCE,FIXED_SLOT_IDLE,H2_FIXED_PER_MINER_HARDWARE,0.1,0.0,False,600.0,10000.0,1666.6666666666667,100.0,50000.0,17,13,4,5076.000000000623,4994924.000000066,0.0,8460000,0,50456839.99999987,14.015788888888853,6.23702605555554,1.078137606837604,0.4116923076923077,0.10152000000001246,0.7647058823529411,5000000.000000067,33,2e-06,False
500,1000000,POCOL_DISJOINT_NONCE,FIXED_SLOT_IDLE,H2_FIXED_PER_MINER_HARDWARE,0.1,0.0,False,600.0,10000.0,1666.6666666666667,100.0,50000.0,17,15,2,4651.200000000283,4995348.79999999,0.0,7752000,0,50418608.00000001,14.00516888888889,6.232300155555556,0.933677925925926,0.46016,0.09302400000000566,0.8823529411764706,4999999.99999999,34,2e-06,False
500,1000000,POCOL_DISJOINT_NONCE,FIXED_SLOT_IDLE,H2_FIXED_PER_MINER_HARDWARE,0.1,0.0,False,600.0,10000.0,1666.6666666666667,100.0,50000.0,17,15,2,4116.299999999627,4995883.699999975,0.0,6860500,0,50370467.00000016,13.991796388888933,6.226349393055575,0.9327864259259289,0.38883999999999996,0.08232599999999254,0.8823529411764706,4999999.999999975,35,2e-06,False
500,1000000,POCOL_DISJOINT_NONCE,FIXED_SLOT_IDLE,H2_FIXED_PER_MINER_HARDWARE,0.1,0.0,False,600.0,10000.0,1666.6666666666667,100.0,50000.0,17,13,4,5410.500000000272,4994589.499999964,0.0,9017500,0,50486945.00000024,14.024151388888955,6.240747368055585,1.078780876068381,0.4631538461538461,0.10821000000000545,0.7647058823529411,4999999.999999964,36,2e-06,False
500,1000000,POCOL_DISJOINT_NONCE,FIXED_SLOT_IDLE,H2_FIXED_PER_MINER_HARDWARE,0.1,0.0,False,600.0,10000.0,1666.6666666666667,100.0,50000.0,17,15,2,4819.500000000065,4995180.499999977,0.0,8032500,0,50433754.99999989,14.009376388888859,6.234172493055542,0.9339584259259239,0.4825999999999999,0.0963900000000013,0.8823529411764706,4999999.999999977,38,2e-06,False
500,1000000,POCOL_DISJOINT_NONCE,FIXED_SLOT_IDLE,H2_FIXED_PER_MINER_HARDWARE,0.1,0.0,False,600.0,10000.0,1666.6666666666667,100.0,50000.0,17,15,2,4877.400000000306,4995122.599999934,0.0,8129000,0,50438966.00000064,14.010823888889067,6.234816630555635,0.9340549259259379,0.49032,0.09754800000000613,0.8823529411764706,4999999.999999935,37,2e-06,False
500,1000000,POCOL_DISJOINT_NONCE,FIXED_SLOT_IDLE,H2_FIXED_PER_MINER_HARDWARE,0.1,0.0,False,600.0,10000.0,1666.6666666666667,100.0,50000.0,17,14,3,4172.999999999372,4995827.000000036,0.0,6955000,0,50375570.00000022,13.99321388888895,6.226980180555583,0.9995152777777822,0.33899999999999997,0.08345999999998745,0.8235294117647058,5000000.000000035,39,2e-06,False
500,1000000,POCOL_DISJOINT_NONCE,FIXED_SLOT_IDLE,H2_FIXED_PER_MINER_HARDWARE,0.1,0.0,False,600.0,10000.0,1666.6666666666667,100.0,50000.0,17,16,1,5553.599999999736,4994446.399999977,0.0,9256000,0,50499824.00000002,14.027728888888895,6.242339355555559,0.8767330555555559,0.6192,0.11107199999999472,0.9411764705882353,4999999.999999977,40,2e-06,False
500,1000000,POCOL_DISJOINT_NONCE,FIXED_SLOT_IDLE,H2_FIXED_PER_MINER_HARDWARE,0.1,0.0,False,600.0,10000.0,1666.6666666666667,100.0,50000.0,17,16,1,4361.399999999987,4995638.599999997,0.0,7269000,0,50392526.0000003,13.997923888888971,6.229076130555592,0.8748702430555607,0.47017500000000007,0.08722799999999975,0.9411764705882353,4999999.999999997,41,2e-06,False
500,1000000,POCOL_DISJOINT_NONCE,FIXED_SLOT_IDLE,H2_FIXED_PER_MINER_HARDWARE,0.1,0.0,False,600.0,10000.0,1666.6666666666667,100.0,50000.0,17,16,1,3787.800000000062,4996212.199999963,0.0,6313000,0,50340901.99999983,13.983583888888841,6.222694830555534,0.8739739930555526,0.3984749999999999,0.07575600000000124,0.9411764705882353,4999999.999999963,42,2e-06,False
500,1000000,POCOL_DISJOINT_NONCE,FIXED_SLOT_IDLE,H2_FIXED_PER_MINER_HARDWARE,0.1,0.0,False,600.0,10000.0,1666.6666666666667,100.0,50000.0,17,15,2,4277.700000000259,4995722.300000019,0.0,7129500,0,50384993.000000425,13.995831388889007,6.2281449680556085,0.9330554259259338,0.4103599999999999,0.08555400000000518,0.8823529411764706,5000000.00000002,44,2e-06,False
500,1000000,POCOL_DISJOINT_NONCE,FIXED_SLOT_IDLE,H2_FIXED_PER_MINER_HARDWARE,0.1,0.0,False,600.0,10000.0,1666.6666666666667,100.0,50000.0,17,15,2,4135.199999999998,4995864.800000051,0.0,6892000,0,50372168.0000003,13.992268888888972,6.226559655555593,0.9328179259259315,0.39135999999999993,0.08270399999999997,0.8823529411764706,5000000.000000051,43,2e-06,False
500,1000000,POCOL_DISJOINT_NONCE,FIXED_SLOT_IDLE,H2_FIXED_PER_MINER_HARDWARE,0.1,0.0,False,600.0,10000.0,1666.6666666666667,100.0,50000.0,17,13,4,5293.499999999943,4994706.500000005,0.0,8822500,0,50476414.99999942,14.021226388888728,6.239445743055484,1.0785558760683638,0.44515384615384623,0.10586999999999885,0.7647058823529411,5000000.000000005,46,2e-06,False
500,1000000,POCOL_DISJOINT_NONCE,FIXED_SLOT_IDLE,H2_FIXED_PER_MINER_HARDWARE,0.1,0.0,False,600.0,10000.0,1666.6666666666667,100.0,50000.0,17,15,2,4039.800000000685,4995960.200000043,0.0,6733000,0,50363581.99999971,13.989883888888809,6.22549833055552,0.9326589259259206,0.37864,0.0807960000000137,0.8823529411764706,5000000.000000044,45,2e-06,False
500,1000000,POCOL_DISJOINT_NONCE,FIXED_SLOT_IDLE,H2_FIXED_PER_MINER_HARDWARE,0.1,0.0,False,600.0,10000.0,1666.6666666666667,100.0,50000.0,17,15,2,3792.299999999398,4996207.699999995,0.0,6320500,0,50341307.00000002,13.983696388888895,6.222744893055558,0.9322464259259263,0.34564,0.07584599999998796,0.8823529411764706,4999999.999999994,47,2e-06,False
500,1000000,POCOL_DISJOINT_NONCE,FIXED_SLOT_IDLE,H2_FIXED_PER_MINER_HARDWARE,0.1,0.0,False,600.0,10000.0,1666.6666666666667,100.0,50000.0,17,17,0,2910.000000000389,4997090.0000000065,0.0,4850000,0,50261899.99999969,13.961638888888801,6.212929305555517,0.8212728758169883,0.3423529411764706,0.05820000000000777,1.0,5000000.0000000065,48,2e-06,False
500,1000000,POCOL_DISJOINT_NONCE,FIXED_SLOT_IDLE,H2_FIXED_PER_MINER_HARDWARE,0.1,0.0,False,600.0,10000.0,1666.6666666666667,100.0,50000.0,17,16,1,3437.4000000005344,4996562.599999988,0.0,5729000,0,50309366.00000032,13.974823888888977,6.218796630555595,0.8734264930555611,0.354675,0.06874800000001069,0.9411764705882353,4999999.999999989,49,2e-06,False
500,1000000,POCOL_DISJOINT_NONCE,FIXED_SLOT_IDLE,H2_FIXED_PER_MINER_HARDWARE,0.1,0.0,False,600.0,10000.0,1666.6666666666667,100.0,50000.0,17,14,3,5399.4000000002425,4994600.600000004,0.0,8999000,0,50485945.99999976,14.023873888888822,6.240623880555526,1.001705277777773,0.5141999999999999,0.10798800000000484,0.8235294117647058,5000000.000000005,50,2e-06,False
500,1000000,POCOL_DISJOINT_NONCE,FIXED_SLOT_IDLE,H2_FIXED_PER_MINER_HARDWARE,0.1,0.0,False,600.0,10000.0,1666.6666666666667,100.0,50000.0,17,14,3,4398.300000000788,4995601.699999999,0.0,7330500,0,50395846.99999945,13.998846388888735,6.229486643055487,0.9999175992063382,0.37118571428571423,0.08796600000001575,0.8235294117647058,5000000.0,51,2e-06,False
500,1000000,POCOL_DISJOINT_NONCE,FIXED_SLOT_IDLE,H2_FIXED_PER_MINER_HARDWARE,0.1,0.0,False,600.0,10000.0,1666.6666666666667,100.0,50000.0,17,15,2,4878.6000000009035,4995121.400000025,0.0,8131000,0,50439074.00000064,14.010853888889066,6.234829980555634,0.9340569259259378,0.49047999999999997,0.09757200000001806,0.8823529411764706,5000000.000000025,52,2e-06,False
500,1000000,POCOL_DISJOINT_NONCE,FIXED_SLOT_IDLE,H2_FIXED_PER_MINER_HARDWARE,0.1,0.0,False,600.0,10000.0,1666.6666666666667,100.0,50000.0,17,15,2,3389.400000000252,4996610.599999976,0.0,5649000,0,50305046.00000008,13.97362388888891,6.218262630555565,0.9315749259259274,0.29191999999999996,0.06778800000000504,0.8823529411764706,4999999.999999977,53,2e-06,False
500,1000000,POCOL_DISJOINT_NONCE,FIXED_SLOT_IDLE,H2_FIXED_PER_MINER_HARDWARE,0.1,0.0,False,600.0,10000.0,1666.6666666666667,100.0,50000.0,17,16,1,4309.199999997872,4995690.799999985,0.0,7182000,0,50387828.00000037,13.996618888888992,6.228495405555602,0.874788680555562,0.46365,0.08618399999995743,0.9411764705882353,4999999.999999983,54,2e-06,False
500,1000000,POCOL_DISJOINT_NONCE,FIXED_SLOT_IDLE,H2_FIXED_PER_MINER_HARDWARE,0.1,0.0,False,600.0,10000.0,1666.6666666666667,100.0,50000.0,17,15,2,4333.200000000317,4995666.799999968,0.0,7222000,0,50389988.00000054,13.997218888889037,6.228762405555622,0.9331479259259358,0.41776,0.08666400000000635,0.8823529411764706,4999999.999999968,55,2e-06,False
500,1000000,POCOL_DISJOINT_NONCE,FIXED_SLOT_IDLE,H2_FIXED_PER_MINER_HARDWARE,0.1,0.0,False,600.0,10000.0,1666.6666666666667,100.0,50000.0,17,13,4,5634.000000000139,4994365.999999961,0.0,9390000,0,50507059.999999665,14.029738888888796,6.243233805555514,1.0792106837606765,0.49753846153846154,0.11268000000000279,0.7647058823529411,4999999.999999961,56,2e-06,False
500,1000000,POCOL_DISJOINT_NONCE,FIXED_SLOT_IDLE,H2_FIXED_PER_MINER_HARDWARE,0.1,0.0,False,600.0,10000.0,1666.6666666666667,100.0,50000.0,17,16,1,4513.800000000016,4995486.200000001,0.0,7523000,0,50406241.999999695,14.001733888888804,6.230771580555518,0.8751083680555503,0.489225,0.09027600000000031,0.9411764705882353,5000000.000000001,58,2e-06,False
500,1000000,POCOL_DISJOINT_NONCE,FIXED_SLOT_IDLE,H2_FIXED_PER_MINER_HARDWARE,0.1,0.0,False,600.0,10000.0,1666.6666666666667,100.0,50000.0,17,15,2,4177.500000000027,4995822.499999971,0.0,6962500,0,50375975.00000032,13.993326388888978,6.227030243055595,0.9328884259259318,0.39699999999999996,0.08355000000000054,0.8823529411764706,4999999.999999971,57,2e-06,False
500,1000000,POCOL_DISJOINT_NONCE,FIXED_SLOT_IDLE,H2_FIXED_PER_MINER_HARDWARE,0.1,0.0,False,600.0,10000.0,1666.6666666666667,100.0,50000.0,17,17,0,3718.4999999998877,4996281.500000031,0.0,6197500,0,50334664.99999942,13.981851388888728,6.221923868055484,0.8224618464052194,0.43747058823529406,0.07436999999999776,1.0,5000000.000000031,59,2e-06,False
500,1000000,POCOL_DISJOINT_NONCE,FIXED_SLOT_IDLE,H2_FIXED_PER_MINER_HARDWARE,0.1,0.0,False,600.0,10000.0,1666.6666666666667,100.0,50000.0,17,17,0,3221.0999999992828,4996778.899999987,0.0,5368500,0,50289899.00000015,13.96941638888893,6.216390293055574,0.8217303758169959,0.37895294117647055,0.06442199999998566,1.0,4999999.999999987,60,2e-06,False
500,1000000,POCOL_DISJOINT_NONCE,FIXED_SLOT_IDLE,H2_FIXED_PER_MINER_HARDWARE,0.1,0.0,False,600.0,10000.0,1666.6666666666667,100.0,50000.0,17,16,1,4304.100000000907,4995695.900000008,0.0,7173500,0,50387368.99999996,13.99649138888888,6.228438668055551,0.874780711805555,0.4630125,0.08608200000001814,0.9411764705882353,5000000.000000008,62,2e-06,False
500,1000000,POCOL_DISJOINT_NONCE,FIXED_SLOT_IDLE,H2_FIXED_PER_MINER_HARDWARE,0.1,0.0,False,600.0,10000.0,1666.6666666666667,100.0,50000.0,17,13,4,5318.400000000283,4994681.599999973,0.0,8864000,0,50478655.99999973,14.021848888888814,6.239722755555522,1.0786037606837549,0.4489846153846154,0.10636800000000565,0.7647058823529411,4999999.999999973,61,2e-06,False
500,1000000,POCOL_DISJOINT_NONCE,FIXED_SLOT_IDLE,H2_FIXED_PER_MINER_HARDWARE,0.1,0.0,False,600.0,10000.0,1666.6666666666667,100.0,50000.0,17,15,2,4235.999999999011,4995763.999999976,0.0,7060000,0,50381239.99999954,13.99478888888876,6.2276810555554984,0.9329859259259173,0.40479999999999994,0.08471999999998023,0.8823529411764706,4999999.999999975,63,2e-06,False
500,1000000,POCOL_DISJOINT_NONCE,FIXED_SLOT_IDLE,H2_FIXED_PER_MINER_HARDWARE,0.1,0.0,False,600.0,10000.0,1666.6666666666667,100.0,50000.0,17,12,5,6524.400000001122,4993475.600000004,0.0,10874000,0,50587195.99999976,14.051998888888823,6.253139505555526,1.170999907407402,0.5874,0.13048800000002245,0.7058823529411765,5000000.000000006,64,2e-06,False
500,1000000,POCOL_DISJOINT_NONCE,FIXED_SLOT_IDLE,H2_FIXED_PER_MINER_HARDWARE,0.1,0.0,False,600.0,10000.0,1666.6666666666667,100.0,50000.0,17,16,1,3872.0999999993633,4996127.900000011,0.0,6453500,0,50348489.00000005,13.985691388888903,6.223632668055561,0.8741057118055564,0.4090125,0.07744199999998727,0.9411764705882353,5000000.00000001,65,2e-06,False
500,1000000,POCOL_DISJOINT_NONCE,FIXED_SLOT_IDLE,H2_FIXED_PER_MINER_HARDWARE,0.1,0.0,False,600.0,10000.0,1666.6666666666667,100.0,50000.0,17,15,2,4520.3999999998805,4995479.60000001,0.0,7534000,0,50406835.99999949,14.001898888888748,6.230845005555493,0.9334599259259165,0.44271999999999995,0.09040799999999762,0.8823529411764706,5000000.000000009,66,2e-06,False
500,1000000,POCOL_DISJOINT_NONCE,FIXED_SLOT_IDLE,H2_FIXED_PER_MINER_HARDWARE,0.1,0.0,False,600.0,10000.0,1666.6666666666667,100.0,50000.0,17,14,3,3687.6000000004888,4996312.400000012,0.0,6146000,0,50331883.999999695,13.981078888888804,6.221580105555518,0.998648492063486,0.2696571428571429,0.07375200000000978,0.8235294117647058,5000000.000000012,67,2e-06,False
500,1000000,POCOL_DISJOINT_NONCE,FIXED_SLOT_IDLE,H2_FIXED_PER_MINER_HARDWARE,0.1,0.0,False,600.0,10000.0,1666.6666666666667,100.0,50000.0,17,14,3,4781.099999999194,4995218.900000019,0.0,7968500,0,50430298.99999971,14.008416388888808,6.233745293055519,1.000601170634915,0.4258714285714286,0.09562199999998387,0.8235294117647058,5000000.000000019,68,2e-06,False
500,1000000,POCOL_DISJOINT_NONCE,FIXED_SLOT_IDLE,H2_FIXED_PER_MINER_HARDWARE,0.1,0.0,False,600.0,10000.0,1666.6666666666667,100.0,50000.0,17,11,6,5268.600000000198,4994731.399999969,0.0,8781000,0,50474173.99999972,14.020603888888811,6.239168730555521,1.2746003535353465,0.30338181818181814,0.10537200000000396,0.6470588235294118,4999999.999999969,71,2e-06,False
500,1000000,POCOL_DISJOINT_NONCE,FIXED_SLOT_IDLE,H2_FIXED_PER_MINER_HARDWARE,0.1,0.0,False,600.0,10000.0,1666.6666666666667,100.0,50000.0,17,12,5,6132.900000000184,4993867.099999956,0.0,10221500,0,50551960.9999995,14.04221138888875,6.248784068055494,1.1701842824073958,0.52215,0.12265800000000368,0.7058823529411765,4999999.999999956,69,2e-06,False
500,1000000,POCOL_DISJOINT_NONCE,FIXED_SLOT_IDLE,H2_FIXED_PER_MINER_HARDWARE,0.1,0.0,False,600.0,10000.0,1666.6666666666667,100.0,50000.0,17,16,1,3087.2999999999747,4996912.700000024,0.0,5145500,0,50277857.00000048,13.966071388889022,6.214901768055615,0.8728794618055639,0.3109125,0.0617459999999995,0.9411764705882353,5000000.000000024,70,2e-06,False
500,1000000,POCOL_DISJOINT_NONCE,FIXED_SLOT_IDLE,H2_FIXED_PER_MINER_HARDWARE,0.1,0.0,False,600.0,10000.0,1666.6666666666667,100.0,50000.0,17,17,0,3093.9000000002984,4996906.099999982,0.0,5156500,0,50278451.00000028,13.966236388888968,6.214975193055591,0.8215433169934687,0.36398823529411767,0.06187800000000597,1.0,4999999.999999982,72,2e-06,False
500,1000000,POCOL_DISJOINT_NONCE,FIXED_SLOT_IDLE,H2_FIXED_PER_MINER_HARDWARE,0.1,0.0,False,600.0,10000.0,1666.6666666666667,100.0,50000.0,17,15,2,3990.0000000014315,4996009.999999971,0.0,6650000,0,50359100.000000484,13.988638888889023,6.224944305555615,0.9325759259259349,0.372,0.07980000000002863,0.8823529411764706,4999999.999999973,74,2e-06,False
500,1000000,POCOL_DISJOINT_NONCE,FIXED_SLOT_IDLE,H2_FIXED_PER_MINER_HARDWARE,0.1,0.0,False,600.0,10000.0,1666.6666666666667,100.0,50000.0,17,14,3,5357.70000000064,4994642.299999961,0.0,8929500,0,50482192.99999998,14.022831388888882,6.240159968055552,1.001630813492063,0.5082428571428571,0.10715400000001281,0.8235294117647058,4999999.999999961,73,2e-06,False
500,1000000,POCOL_DISJOINT_NONCE,FIXED_SLOT_IDLE,H2_FIXED_PER_MINER_HARDWARE,0.1,0.0,False,600.0,10000.0,1666.6666666666667,100.0,50000.0,17,11,6,6565.199999999552,4993434.799999967,0.0,10942000,0,50590868.000000425,14.053018888889007,6.253593405555608,1.2775471717171825,0.5391272727272727,0.13130399999999104,0.6470588235294118,4999999.9999999665,75,2e-06,False
500,1000000,POCOL_DISJOINT_NONCE,FIXED_SLOT_IDLE,H2_FIXED_PER_MINER_HARDWARE,0.1,0.0,False,600.0,10000.0,1666.6666666666667,100.0,50000.0,17,12,5,4850.999999999965,4995149.000000017,0.0,8085000,0,50436589.99999987,14.010163888888854,6.23452293055554,1.1675136574074045,0.30850000000000005,0.09701999999999932,0.7058823529411765,5000000.000000017,76,2e-06,False
500,1000000,POCOL_DISJOINT_NONCE,FIXED_SLOT_IDLE,H2_FIXED_PER_MINER_HARDWARE,0.1,0.0,False,600.0,10000.0,1666.6666666666667,100.0,50000.0,17,14,3,4877.999999999889,4995121.999999978,0.0,8130000,0,50439019.999999635,14.010838888888788,6.234823305555511,1.0007742063491991,0.43971428571428567,0.09755999999999777,0.8235294117647058,4999999.999999978,77,2e-06,False
500,1000000,POCOL_DISJOINT_NONCE,FIXED_SLOT_IDLE,H2_FIXED_PER_MINER_HARDWARE,0.1,0.0,False,600.0,10000.0,1666.6666666666667,100.0,50000.0,17,15,2,5000.099999999562,4994999.900000012,0.0,8333500,0,50450008.99999968,14.0138913888888,6.236181668055516,0.9342594259259199,0.5066799999999999,0.10000199999999125,0.8823529411764706,5000000.000000011,78,2e-06,False
500,1000000,POCOL_DISJOINT_NONCE,FIXED_SLOT_IDLE,H2_FIXED_PER_MINER_HARDWARE,0.1,0.0,False,600.0,10000.0,1666.6666666666667,100.0,50000.0,17,13,4,5449.4999999994,4994550.499999944,0.0,9082500,0,50490454.999999434,14.025126388888731,6.241181243055485,1.078855876068364,0.4691538461538461,0.10898999999998799,0.7647058823529411,4999999.999999943,79,2e-06,False
500,1000000,POCOL_DISJOINT_NONCE,FIXED_SLOT_IDLE,H2_FIXED_PER_MINER_HARDWARE,0.1,0.0,False,600.0,10000.0,1666.6666666666667,100.0,50000.0,17,12,5,6173.0999999994865,4993826.9000000255,0.0,10288500,0,50555578.99999992,14.043216388888865,6.249231293055545,1.1702680324074055,0.5288499999999999,0.12346199999998973,0.7058823529411765,5000000.000000025,80,2e-06,False
500,1000000,POCOL_DISJOINT_NONCE,FIXED_SLOT_IDLE,H2_FIXED_PER_MINER_HARDWARE,0.1,0.0,False,600.0,10000.0,1666.6666666666667,100.0,50000.0,17,15,2,3819.0000000001837,4996181.000000015,0.0,6365000,0,50343710.00000058,13.98436388888905,6.2230419305556275,0.9322909259259367,0.34919999999999995,0.07638000000000368,0.8823529411764706,5000000.000000015,81,2e-06,False
500,1000000,POCOL_DISJOINT_NONCE,FIXED_SLOT_IDLE,H2_FIXED_PER_MINER_HARDWARE,0.1,0.0,False,600.0,10000.0,1666.6666666666667,100.0,50000.0,17,14,3,4738.199999999284,4995261.799999982,0.0,7897000,0,50426438.00000007,14.007343888888908,6.233268030555564,1.0005245634920648,0.41974285714285714,0.09476399999998568,0.8235294117647058,4999999.999999981,82,2e-06,False
500,1000000,POCOL_DISJOINT_NONCE,FIXED_SLOT_IDLE,H2_FIXED_PER_MINER_HARDWARE,0.1,0.0,False,600.0,10000.0,1666.6666666666667,100.0,50000.0,17,15,2,4511.40000000028,4995488.599999993,0.0,7519000,0,50406026.0000003,14.001673888888972,6.2307448805555925,0.9334449259259314,0.44151999999999997,0.0902280000000056,0.8823529411764706,4999999.9999999935,83,2e-06,False
500,1000000,POCOL_DISJOINT_NONCE,FIXED_SLOT_IDLE,H2_FIXED_PER_MINER_HARDWARE,0.1,0.0,False,600.0,10000.0,1666.6666666666667,100.0,50000.0,17,12,5,5481.900000000088,4994518.0999999875,0.0,9136500,0,50493370.9999996,14.025936388888777,6.241541693055506,1.168828032407398,0.4136499999999999,0.10963800000000175,0.7058823529411765,4999999.999999988,84,2e-06,False
500,1000000,POCOL_DISJOINT_NONCE,FIXED_SLOT_IDLE,H2_FIXED_PER_MINER_HARDWARE,0.1,0.0,False,600.0,10000.0,1666.6666666666667,100.0,50000.0,17,14,3,4100.099999999938,4995899.900000038,0.0,6833500,0,50369008.99999969,13.991391388888802,6.226169168055517,0.999385099206343,0.3285857142857142,0.08200199999999876,0.8235294117647058,5000000.000000037,86,2e-06,False
500,1000000,POCOL_DISJOINT_NONCE,FIXED_SLOT_IDLE,H2_FIXED_PER_MINER_HARDWARE,0.1,0.0,False,600.0,10000.0,1666.6666666666667,100.0,50000.0,17,13,4,5489.69999999959,4994510.300000012,0.0,9149500,0,50494072.99999986,14.02613138888885,6.241628468055538,1.0789331837606808,0.4753384615384615,0.1097939999999918,0.7647058823529411,5000000.000000011,85,2e-06,False
500,1000000,POCOL_DISJOINT_NONCE,FIXED_SLOT_IDLE,H2_FIXED_PER_MINER_HARDWARE,0.1,0.0,False,600.0,10000.0,1666.6666666666667,100.0,50000.0,17,16,1,3649.200000000352,4996350.799999982,0.0,6082000,0,50328427.99999963,13.980118888888786,6.22115290555551,0.8737574305555491,0.38115000000000004,0.07298400000000703,0.9411764705882353,4999999.999999982,87,2e-06,False
500,1000000,POCOL_DISJOINT_NONCE,FIXED_SLOT_IDLE,H2_FIXED_PER_MINER_HARDWARE,0.1,0.0,False,600.0,10000.0,1666.6666666666667,100.0,50000.0,17,17,0,2325.300000000425,4997674.700000008,0.0,3875500,0,50209276.99999983,13.94702138888884,6.206424518055534,0.8204130228758142,0.27356470588235293,0.0465060000000085,1.0,5000000.000000008,88,2e-06,False
500,1000000,POCOL_DISJOINT_NONCE,FIXED_SLOT_IDLE,H2_FIXED_PER_MINER_HARDWARE,0.1,0.0,False,600.0,10000.0,1666.6666666666667,100.0,50000.0,17,11,6,5996.400000000568,4994003.599999975,0.0,9994000,0,50539675.99999998,14.038798888888882,6.247265505555553,1.276254444444444,0.4357090909090909,0.11992800000001136,0.6470588235294118,4999999.999999976,90,2e-06,False
500,1000000,POCOL_DISJOINT_NONCE,FIXED_SLOT_IDLE,H2_FIXED_PER_MINER_HARDWARE,0.1,0.0,False,600.0,10000.0,1666.6666666666667,100.0,50000.0,17,15,2,4232.400000000336,4995767.599999951,0.0,7054000,0,50380916.00000018,13.994698888888939,6.2276410055555775,0.9329799259259293,0.40431999999999996,0.08464800000000673,0.8823529411764706,4999999.999999952,89,2e-06,False
500,1000000,POCOL_DISJOINT_NONCE,FIXED_SLOT_IDLE,H2_FIXED_PER_MINER_HARDWARE,0.1,0.0,False,600.0,10000.0,1666.6666666666667,100.0,50000.0,17,13,4,4795.500000000366,4995204.4999999935,0.0,7992500,0,50431594.9999998,14.008776388888833,6.233905493055531,1.0775981837606794,0.3685384615384615,0.09591000000000731,0.7647058823529411,4999999.9999999935,91,2e-06,False
500,1000000,POCOL_DISJOINT_NONCE,FIXED_SLOT_IDLE,H2_FIXED_PER_MINER_HARDWARE,0.1,0.0,False,600.0,10000.0,1666.6666666666667,100.0,50000.0,17,14,3,3747.000000001031,4996253.000000022,0.0,6245000,0,50337230.00000038,13.982563888888995,6.222240930555603,0.998754563492071,0.27814285714285714,0.07494000000002062,0.8235294117647058,5000000.000000023,92,2e-06,False
500,1000000,POCOL_DISJOINT_NONCE,FIXED_SLOT_IDLE,H2_FIXED_PER_MINER_HARDWARE,0.1,0.0,False,600.0,10000.0,1666.6666666666667,100.0,50000.0,17,15,2,4583.70000000088,4995416.300000001,0.0,7639500,0,50412532.99999988,14.003481388888856,6.231549218055541,0.9335654259259237,0.4511599999999999,0.0916740000000176,0.8823529411764706,5000000.000000002,93,2e-06,False
500,1000000,POCOL_DISJOINT_NONCE,FIXED_SLOT_IDLE,H2_FIXED_PER_MINER_HARDWARE,0.1,0.0,False,600.0,10000.0,1666.6666666666667,100.0,50000.0,17,16,1,4679.0999999996475,4995320.900000008,0.0,7798500,0,50421118.99999995,14.005866388888874,6.232610543055549,0.8753666493055546,0.5098875,0.09358199999999295,0.9411764705882353,5000000.000000007,94,2e-06,False
500,1000000,POCOL_DISJOINT_NONCE,FIXED_SLOT_IDLE,H2_FIXED_PER_MINER_HARDWARE,0.1,0.0,False,600.0,10000.0,1666.6666666666667,100.0,50000.0,17,15,2,5166.599999998935,4994833.399999935,0.0,8611000,0,50464993.99999933,14.018053888888703,6.238033980555473,0.9345369259259135,0.5288799999999999,0.1033319999999787,0.8823529411764706,4999999.999999934,95,2e-06,False
500,1000000,POCOL_DISJOINT_NONCE,FIXED_SLOT_IDLE,H2_FIXED_PER_MINER_HARDWARE,0.1,0.0,False,600.0,10000.0,1666.6666666666667,100.0,50000.0,17,15,2,4443.600000001176,4995556.399999971,0.0,7406000,0,50399923.999999724,13.999978888888812,6.229990605555521,0.9333319259259208,0.43248,0.08887200000002353,0.8823529411764706,4999999.999999972,96,2e-06,False
500,1000000,POCOL_DISJOINT_NONCE,FIXED_SLOT_IDLE,H2_FIXED_PER_MINER_HARDWARE,0.1,0.0,False,600.0,10000.0,1666.6666666666667,100.0,50000.0,17,16,1,3133.8000000005045,4996866.200000036,0.0,5223000,0,50282041.99999968,13.9672338888888,6.215419080555516,0.87295211805555,0.316725,0.0626760000000101,0.9411764705882353,5000000.000000036,98,2e-06,False
500,1000000,POCOL_DISJOINT_NONCE,FIXED_SLOT_IDLE,H2_FIXED_PER_MINER_HARDWARE,0.1,0.0,False,600.0,10000.0,1666.6666666666667,100.0,50000.0,17,15,2,3536.1000000011577,4996463.900000007,0.0,5893500,0,50318249.000000514,13.977291388889032,6.21989466805562,0.9318194259259355,0.31148000000000003,0.07072200000002316,0.8823529411764706,5000000.000000008,97,2e-06,False
500,1000000,INDEPENDENT_HEADERS_EQUAL_TOTAL_BUDGET,FIXED_SLOT_IDLE,H2_FIXED_PER_MINER_HARDWARE,0.1,0.0,False,600.0,10000.0,1666.6666666666667,100.0,50000.0,17,15,2,4212.599999999835,4995787.399999984,0.0,7021000,0,50379133.99999969,13.994203888888801,6.227420730555517,0.9329469259259201,0.40168000000000004,0.08425199999999669,0.8823529411764706,4999999.999999983,0,2e-06,False
500,1000000,INDEPENDENT_HEADERS_EQUAL_TOTAL_BUDGET,FIXED_SLOT_IDLE,H2_FIXED_PER_MINER_HARDWARE,0.1,0.0,False,600.0,10000.0,1666.6666666666667,100.0,50000.0,17,14,3,4739.399999999474,4995260.599999998,0.0,7899000,0,50426546.00000007,14.007373888888907,6.233281380555564,1.0005267063492076,0.41991428571428574,0.09478799999998948,0.8235294117647058,4999999.999999997,1,2e-06,False
500,1000000,POCOL_DISJOINT_NONCE,FIXED_SLOT_IDLE,H2_FIXED_PER_MINER_HARDWARE,0.1,0.0,False,600.0,10000.0,1666.6666666666667,100.0,50000.0,17,16,1,4368.599999999283,4995631.399999997,0.0,7281000,0,50393173.99999971,13.998103888888808,6.22915623055552,0.8748814930555505,0.4710749999999999,0.08737199999998566,0.9411764705882353,4999999.999999996,99,2e-06,False
500,1000000,INDEPENDENT_HEADERS_EQUAL_TOTAL_BUDGET,FIXED_SLOT_IDLE,H2_FIXED_PER_MINER_HARDWARE,0.1,0.0,False,600.0,10000.0,1666.6666666666667,100.0,50000.0,17,15,2,4835.700000000397,4995164.299999988,0.0,8059500,0,50435212.99999976,14.009781388888822,6.234352718055526,0.9339854259259215,0.48476,0.09671400000000795,0.8823529411764706,4999999.999999988,2,2e-06,False
500,1000000,INDEPENDENT_HEADERS_EQUAL_TOTAL_BUDGET,FIXED_SLOT_IDLE,H2_FIXED_PER_MINER_HARDWARE,0.1,0.0,False,600.0,10000.0,1666.6666666666667,100.0,50000.0,17,17,0,3629.1000000000954,4996370.899999983,0.0,6048500,0,50326618.999999955,13.979616388888877,6.22092929305555,0.8223303758169928,0.42695294117647054,0.07258200000000191,1.0,4999999.999999983,3,2e-06,False
500,1000000,INDEPENDENT_HEADERS_EQUAL_TOTAL_BUDGET,FIXED_SLOT_IDLE,H2_FIXED_PER_MINER_HARDWARE,0.1,0.0,False,600.0,10000.0,1666.6666666666667,100.0,50000.0,17,13,4,4529.399999999899,4995470.59999997,0.0,7549000,0,50407646.0000004,14.002123888889,6.230945130555606,1.0770864529914617,0.3276,0.09058799999999798,0.7647058823529411,4999999.999999969,4,2e-06,False
500,1000000,INDEPENDENT_HEADERS_EQUAL_TOTAL_BUDGET,FIXED_SLOT_IDLE,H2_FIXED_PER_MINER_HARDWARE,0.1,0.0,False,600.0,10000.0,1666.6666666666667,100.0,50000.0,17,15,2,5014.2000000005255,4994985.799999953,0.0,8357000,0,50451278.00000056,14.014243888889045,6.236338530555625,0.9342829259259363,0.50856,0.10028400000001052,0.8823529411764706,4999999.999999953,6,2e-06,False
500,1000000,INDEPENDENT_HEADERS_EQUAL_TOTAL_BUDGET,FIXED_SLOT_IDLE,H2_FIXED_PER_MINER_HARDWARE,0.1,0.0,False,600.0,10000.0,1666.6666666666667,100.0,50000.0,17,16,1,3511.19999999993,4996488.799999971,0.0,5852000,0,50316008.000000305,13.976668888888973,6.219617655555593,0.8735418055555608,0.36390000000000006,0.0702239999999986,0.9411764705882353,4999999.999999971,5,2e-06,False
500,1000000,INDEPENDENT_HEADERS_EQUAL_TOTAL_BUDGET,FIXED_SLOT_IDLE,H2_FIXED_PER_MINER_HARDWARE,0.1,0.0,False,600.0,10000.0,1666.6666666666667,100.0,50000.0,17,14,3,3600.9000000001256,4996399.1000000285,0.0,6001500,0,50324081.000000216,13.97891138888895,6.220615568055583,0.998493670634925,0.25727142857142854,0.07201800000000251,0.8235294117647058,5000000.000000029,11,2e-06,False
500,1000000,INDEPENDENT_HEADERS_EQUAL_TOTAL_BUDGET,FIXED_SLOT_IDLE,H2_FIXED_PER_MINER_HARDWARE,0.1,0.0,False,600.0,10000.0,1666.6666666666667,100.0,50000.0,17,13,4,4427.100000000348,4995572.900000025,0.0,7378500,0,50398438.999999605,13.999566388888779,6.229807043055507,1.0768897222222138,0.3118615384615385,0.08854200000000696,0.7647058823529411,5000000.000000025,8,2e-06,False
500,1000000,INDEPENDENT_HEADERS_EQUAL_TOTAL_BUDGET,FIXED_SLOT_IDLE,H2_FIXED_PER_MINER_HARDWARE,0.1,0.0,False,600.0,10000.0,1666.6666666666667,100.0,50000.0,17,15,2,3932.400000001005,4996067.600000001,0.0,6554000,0,50353916.00000019,13.987198888888942,6.2243035055555795,0.9324799259259294,0.36432,0.0786480000000201,0.8823529411764706,5000000.000000002,12,2e-06,False
500,1000000,INDEPENDENT_HEADERS_EQUAL_TOTAL_BUDGET,FIXED_SLOT_IDLE,H2_FIXED_PER_MINER_HARDWARE,0.1,0.0,False,600.0,10000.0,1666.6666666666667,100.0,50000.0,17,15,2,4266.0000000007085,4995734.000000013,0.0,7110000,0,50383940.00000034,13.995538888888984,6.228014805555598,0.9330359259259322,0.40880000000000005,0.08532000000001416,0.8823529411764706,5000000.000000014,7,2e-06,False
500,1000000,INDEPENDENT_HEADERS_EQUAL_TOTAL_BUDGET,FIXED_SLOT_IDLE,H2_FIXED_PER_MINER_HARDWARE,0.1,0.0,False,600.0,10000.0,1666.6666666666667,100.0,50000.0,17,12,5,5242.799999999821,4994757.2000000235,0.0,8738000,0,50471852.00000058,14.01995888888905,6.238881705555627,1.168329907407421,0.37379999999999997,0.10485599999999641,0.7058823529411765,5000000.000000023,9,2e-06,False
500,1000000,INDEPENDENT_HEADERS_EQUAL_TOTAL_BUDGET,FIXED_SLOT_IDLE,H2_FIXED_PER_MINER_HARDWARE,0.1,0.0,False,600.0,10000.0,1666.6666666666667,100.0,50000.0,17,14,3,4482.000000000468,4995518.0,0.0,7470000,0,50403379.9999999,14.000938888888863,6.230417805555544,1.0000670634920616,0.3831428571428571,0.08964000000000936,0.8235294117647058,5000000.000000001,10,2e-06,False
500,1000000,INDEPENDENT_HEADERS_EQUAL_TOTAL_BUDGET,FIXED_SLOT_IDLE,H2_FIXED_PER_MINER_HARDWARE,0.1,0.0,False,600.0,10000.0,1666.6666666666667,100.0,50000.0,17,15,2,4659.6000000005715,4995340.400000054,0.0,7766000,0,50419364.00000005,14.005378888888904,6.232393605555562,0.933691925925927,0.46128,0.09319200000001143,0.8823529411764706,5000000.000000055,13,2e-06,False
500,1000000,INDEPENDENT_HEADERS_EQUAL_TOTAL_BUDGET,FIXED_SLOT_IDLE,H2_FIXED_PER_MINER_HARDWARE,0.1,0.0,False,600.0,10000.0,1666.6666666666667,100.0,50000.0,17,14,3,5217.900000000839,4994782.099999965,0.0,8696500,0,50469611.000000425,14.019336388889007,6.238604693055608,1.0013811706349292,0.4882714285714285,0.10435800000001678,0.8235294117647058,4999999.9999999665,15,2e-06,False
500,1000000,INDEPENDENT_HEADERS_EQUAL_TOTAL_BUDGET,FIXED_SLOT_IDLE,H2_FIXED_PER_MINER_HARDWARE,0.1,0.0,False,600.0,10000.0,1666.6666666666667,100.0,50000.0,17,14,3,4011.6000000006684,4995988.399999992,0.0,6686000,0,50361043.99999983,13.98917888888884,6.225184605555534,0.99922706349206,0.3159428571428572,0.08023200000001336,0.8235294117647058,4999999.999999993,16,2e-06,False
500,1000000,INDEPENDENT_HEADERS_EQUAL_TOTAL_BUDGET,FIXED_SLOT_IDLE,H2_FIXED_PER_MINER_HARDWARE,0.1,0.0,False,600.0,10000.0,1666.6666666666667,100.0,50000.0,17,15,2,4007.4000000001447,4995992.599999999,0.0,6679000,0,50360666.00000018,13.989073888888939,6.225137880555578,0.9326049259259293,0.37432,0.0801480000000029,0.8823529411764706,4999999.999999999,19,2e-06,False
500,1000000,INDEPENDENT_HEADERS_EQUAL_TOTAL_BUDGET,FIXED_SLOT_IDLE,H2_FIXED_PER_MINER_HARDWARE,0.1,0.0,False,600.0,10000.0,1666.6666666666667,100.0,50000.0,17,16,1,4120.499999999365,4995879.499999992,0.0,6867500,0,50370844.99999976,13.991901388888822,6.226396118055526,0.8744938368055514,0.44006249999999997,0.0824099999999873,0.9411764705882353,4999999.999999991,14,2e-06,False
500,1000000,INDEPENDENT_HEADERS_EQUAL_TOTAL_BUDGET,FIXED_SLOT_IDLE,H2_FIXED_PER_MINER_HARDWARE,0.1,0.0,False,600.0,10000.0,1666.6666666666667,100.0,50000.0,17,15,2,5324.700000000619,4994675.299999964,0.0,8874500,0,50479223.000000216,14.022006388888949,6.239792843055582,0.9348004259259299,0.54996,0.10649400000001238,0.8823529411764706,4999999.999999965,17,2e-06,False
500,1000000,INDEPENDENT_HEADERS_EQUAL_TOTAL_BUDGET,FIXED_SLOT_IDLE,H2_FIXED_PER_MINER_HARDWARE,0.1,0.0,False,600.0,10000.0,1666.6666666666667,100.0,50000.0,17,10,7,6064.200000000712,4993935.800000047,0.0,10107000,0,50545778.000000566,14.040493888889046,6.248019780555626,1.4040493888889045,0.37284,0.12128400000001426,0.5882352941176471,5000000.000000048,18,2e-06,False
500,1000000,INDEPENDENT_HEADERS_EQUAL_TOTAL_BUDGET,FIXED_SLOT_IDLE,H2_FIXED_PER_MINER_HARDWARE,0.1,0.0,False,600.0,10000.0,1666.6666666666667,100.0,50000.0,17,15,2,3838.5000000000714,4996161.4999999665,0.0,6397500,0,50345464.99999987,13.984851388888854,6.22325886805554,0.9323234259259237,0.3518,0.07677000000000143,0.8823529411764706,4999999.9999999665,21,2e-06,False
500,1000000,INDEPENDENT_HEADERS_EQUAL_TOTAL_BUDGET,FIXED_SLOT_IDLE,H2_FIXED_PER_MINER_HARDWARE,0.1,0.0,False,600.0,10000.0,1666.6666666666667,100.0,50000.0,17,16,1,4499.400000000609,4995500.599999958,0.0,7499000,0,50404945.99999976,14.001373888888823,6.230611380555526,0.8750858680555514,0.4874249999999999,0.08998800000001218,0.9411764705882353,4999999.999999958,24,2e-06,False
500,1000000,INDEPENDENT_HEADERS_EQUAL_TOTAL_BUDGET,FIXED_SLOT_IDLE,H2_FIXED_PER_MINER_HARDWARE,0.1,0.0,False,600.0,10000.0,1666.6666666666667,100.0,50000.0,17,11,6,6534.599999999534,4993465.400000054,0.0,10891000,0,50588114.00000005,14.052253888888904,6.253252980555563,1.2774776262626277,0.5335636363636364,0.13069199999999068,0.6470588235294118,5000000.000000054,20,2e-06,False
500,1000000,INDEPENDENT_HEADERS_EQUAL_TOTAL_BUDGET,FIXED_SLOT_IDLE,H2_FIXED_PER_MINER_HARDWARE,0.1,0.0,False,600.0,10000.0,1666.6666666666667,100.0,50000.0,17,14,3,5572.8000000014135,4994427.199999988,0.0,9288000,0,50501552.00000014,14.028208888888928,6.242552955555573,1.0020149206349234,0.5389714285714285,0.11145600000002827,0.8235294117647058,4999999.99999999,27,2e-06,False
500,1000000,INDEPENDENT_HEADERS_EQUAL_TOTAL_BUDGET,FIXED_SLOT_IDLE,H2_FIXED_PER_MINER_HARDWARE,0.1,0.0,False,600.0,10000.0,1666.6666666666667,100.0,50000.0,17,15,2,4425.600000000083,4995574.399999994,0.0,7376000,0,50398304.000000395,13.999528888888998,6.229790355555604,0.9333019259259332,0.43008,0.08851200000000166,0.8823529411764706,4999999.9999999935,23,2e-06,False
500,1000000,INDEPENDENT_HEADERS_EQUAL_TOTAL_BUDGET,FIXED_SLOT_IDLE,H2_FIXED_PER_MINER_HARDWARE,0.1,0.0,False,600.0,10000.0,1666.6666666666667,100.0,50000.0,17,16,1,4324.499999999968,4995675.499999944,0.0,7207500,0,50389204.99999945,13.997001388888735,6.228665618055487,0.874812586805546,0.4655625,0.08648999999999936,0.9411764705882353,4999999.999999944,22,2e-06,False
500,1000000,INDEPENDENT_HEADERS_EQUAL_TOTAL_BUDGET,FIXED_SLOT_IDLE,H2_FIXED_PER_MINER_HARDWARE,0.1,0.0,False,600.0,10000.0,1666.6666666666667,100.0,50000.0,17,12,5,5852.100000000104,4994147.900000022,0.0,9753500,0,50526688.999999605,14.03519138888878,6.245660168055507,1.1695992824073984,0.47534999999999994,0.11704200000000207,0.7058823529411765,5000000.000000022,28,2e-06,False
500,1000000,INDEPENDENT_HEADERS_EQUAL_TOTAL_BUDGET,FIXED_SLOT_IDLE,H2_FIXED_PER_MINER_HARDWARE,0.1,0.0,False,600.0,10000.0,1666.6666666666667,100.0,50000.0,17,15,2,4537.8000000001,4995462.199999963,0.0,7563000,0,50408401.999999784,14.00233388888883,6.231038580555529,0.9334889259259219,0.44503999999999994,0.090756000000002,0.8823529411764706,4999999.999999963,25,2e-06,False
500,1000000,INDEPENDENT_HEADERS_EQUAL_TOTAL_BUDGET,FIXED_SLOT_IDLE,H2_FIXED_PER_MINER_HARDWARE,0.1,0.0,False,600.0,10000.0,1666.6666666666667,100.0,50000.0,17,14,3,4273.199999999428,4995726.799999988,0.0,7122000,0,50384587.999999605,13.99571888888878,6.228094905555507,0.9996942063491986,0.3533142857142857,0.08546399999998856,0.8235294117647058,4999999.999999987,26,2e-06,False
500,1000000,INDEPENDENT_HEADERS_EQUAL_TOTAL_BUDGET,FIXED_SLOT_IDLE,H2_FIXED_PER_MINER_HARDWARE,0.1,0.0,False,600.0,10000.0,1666.6666666666667,100.0,50000.0,17,13,4,5708.700000000882,4994291.300000001,0.0,9514500,0,50513782.99999988,14.031606388888855,6.244064843055541,1.079354337606835,0.5090307692307692,0.11417400000001765,0.7647058823529411,5000000.000000002,29,2e-06,False
500,1000000,INDEPENDENT_HEADERS_EQUAL_TOTAL_BUDGET,FIXED_SLOT_IDLE,H2_FIXED_PER_MINER_HARDWARE,0.1,0.0,False,600.0,10000.0,1666.6666666666667,100.0,50000.0,17,13,4,5009.400000000097,4994990.599999987,0.0,8349000,0,50450846.00000053,14.014123888889037,6.236285130555621,1.0780095299145414,0.40144615384615384,0.10018800000000194,0.7647058823529411,4999999.999999987,30,2e-06,False
500,1000000,INDEPENDENT_HEADERS_EQUAL_TOTAL_BUDGET,FIXED_SLOT_IDLE,H2_FIXED_PER_MINER_HARDWARE,0.1,0.0,False,600.0,10000.0,1666.6666666666667,100.0,50000.0,17,16,1,3865.200000000638,4996134.800000067,0.0,6442000,0,50347868.00000046,13.985518888889017,6.223555905555612,0.8740949305555635,0.40815,0.07730400000001277,0.9411764705882353,5000000.000000067,31,2e-06,False
500,1000000,INDEPENDENT_HEADERS_EQUAL_TOTAL_BUDGET,FIXED_SLOT_IDLE,H2_FIXED_PER_MINER_HARDWARE,0.1,0.0,False,600.0,10000.0,1666.6666666666667,100.0,50000.0,17,15,2,3509.9999999993715,4996490.000000029,0.0,5850000,0,50315899.99999967,13.976638888888798,6.2196043055555155,0.9317759259259198,0.308,0.07019999999998743,0.8823529411764706,5000000.000000028,32,2e-06,False
500,1000000,INDEPENDENT_HEADERS_EQUAL_TOTAL_BUDGET,FIXED_SLOT_IDLE,H2_FIXED_PER_MINER_HARDWARE,0.1,0.0,False,600.0,10000.0,1666.6666666666667,100.0,50000.0,17,16,1,3440.999999998911,4996558.99999994,0.0,5735000,0,50309690.00000018,13.974913888888938,6.218836680555578,0.8734321180555586,0.35512499999999997,0.06881999999997822,0.9411764705882353,4999999.999999939,34,2e-06,False
500,1000000,INDEPENDENT_HEADERS_EQUAL_TOTAL_BUDGET,FIXED_SLOT_IDLE,H2_FIXED_PER_MINER_HARDWARE,0.1,0.0,False,600.0,10000.0,1666.6666666666667,100.0,50000.0,17,15,2,3954.8999999998937,4996045.100000027,0.0,6591500,0,50355940.99999971,13.987761388888808,6.2245538180555195,0.9325174259259206,0.36732000000000004,0.07909799999999786,0.8823529411764706,5000000.000000026,33,2e-06,False
500,1000000,INDEPENDENT_HEADERS_EQUAL_TOTAL_BUDGET,FIXED_SLOT_IDLE,H2_FIXED_PER_MINER_HARDWARE,0.1,0.0,False,600.0,10000.0,1666.6666666666667,100.0,50000.0,17,13,4,4522.800000000185,4995477.200000041,0.0,7538000,0,50407052.00000013,14.001958888888923,6.230871705555571,1.0770737606837633,0.32658461538461536,0.0904560000000037,0.7647058823529411,5000000.000000041,36,2e-06,False
500,1000000,INDEPENDENT_HEADERS_EQUAL_TOTAL_BUDGET,FIXED_SLOT_IDLE,H2_FIXED_PER_MINER_HARDWARE,0.1,0.0,False,600.0,10000.0,1666.6666666666667,100.0,50000.0,17,13,4,6080.099999999984,4993919.900000049,0.0,10133500,0,50547208.999999814,14.040891388888838,6.248196668055533,1.0800685683760645,0.5661692307692308,0.12160199999999967,0.7647058823529411,5000000.000000048,35,2e-06,False
500,1000000,INDEPENDENT_HEADERS_EQUAL_TOTAL_BUDGET,FIXED_SLOT_IDLE,H2_FIXED_PER_MINER_HARDWARE,0.1,0.0,False,600.0,10000.0,1666.6666666666667,100.0,50000.0,17,14,3,4192.200000001076,4995807.800000031,0.0,6987000,0,50377298.00000035,13.993693888888986,6.227193780555599,0.9995495634920705,0.3417428571428571,0.08384400000002151,0.8235294117647058,5000000.000000032,37,2e-06,False
500,1000000,INDEPENDENT_HEADERS_EQUAL_TOTAL_BUDGET,FIXED_SLOT_IDLE,H2_FIXED_PER_MINER_HARDWARE,0.1,0.0,False,600.0,10000.0,1666.6666666666667,100.0,50000.0,17,14,3,3985.500000000413,4996014.500000036,0.0,6642500,0,50358695.00000024,13.988526388888955,6.224894243055585,0.999180456349211,0.3122142857142857,0.07971000000000826,0.8235294117647058,5000000.000000036,38,2e-06,False
500,1000000,INDEPENDENT_HEADERS_EQUAL_TOTAL_BUDGET,FIXED_SLOT_IDLE,H2_FIXED_PER_MINER_HARDWARE,0.1,0.0,False,600.0,10000.0,1666.6666666666667,100.0,50000.0,17,15,2,4604.400000000368,4995395.599999968,0.0,7674000,0,50414396.0000004,14.003998888889,6.231779505555606,0.9335999259259334,0.45391999999999993,0.09208800000000736,0.8823529411764706,4999999.999999968,40,2e-06,False
500,1000000,INDEPENDENT_HEADERS_EQUAL_TOTAL_BUDGET,FIXED_SLOT_IDLE,H2_FIXED_PER_MINER_HARDWARE,0.1,0.0,False,600.0,10000.0,1666.6666666666667,100.0,50000.0,17,15,2,3726.9000000005817,4996273.100000022,0.0,6211500,0,50335421.00000008,13.982061388888912,6.222017318055566,0.9321374259259275,0.33692,0.07453800000001164,0.8823529411764706,5000000.000000022,39,2e-06,False
500,1000000,INDEPENDENT_HEADERS_EQUAL_TOTAL_BUDGET,FIXED_SLOT_IDLE,H2_FIXED_PER_MINER_HARDWARE,0.1,0.0,False,600.0,10000.0,1666.6666666666667,100.0,50000.0,17,13,4,5821.500000000479,4994178.499999961,0.0,9702500,0,50523934.999999665,14.034426388888797,6.245319743055514,1.0795712606837535,0.5263846153846153,0.1164300000000096,0.7647058823529411,4999999.999999962,41,2e-06,False
500,1000000,INDEPENDENT_HEADERS_EQUAL_TOTAL_BUDGET,FIXED_SLOT_IDLE,H2_FIXED_PER_MINER_HARDWARE,0.1,0.0,False,600.0,10000.0,1666.6666666666667,100.0,50000.0,17,13,4,5755.80000000078,4994244.200000035,0.0,9593000,0,50518021.9999999,14.032783888888861,6.244588830555544,1.0794449145299123,0.516276923076923,0.1151160000000156,0.7647058823529411,5000000.000000035,42,2e-06,False
500,1000000,INDEPENDENT_HEADERS_EQUAL_TOTAL_BUDGET,FIXED_SLOT_IDLE,H2_FIXED_PER_MINER_HARDWARE,0.1,0.0,False,600.0,10000.0,1666.6666666666667,100.0,50000.0,17,13,4,4729.499999999954,4995270.500000054,0.0,7882500,0,50425655.0000002,14.007126388888945,6.233171243055581,1.077471260683765,0.35838461538461536,0.09458999999999906,0.7647058823529411,5000000.000000054,47,2e-06,False
500,1000000,INDEPENDENT_HEADERS_EQUAL_TOTAL_BUDGET,FIXED_SLOT_IDLE,H2_FIXED_PER_MINER_HARDWARE,0.1,0.0,False,600.0,10000.0,1666.6666666666667,100.0,50000.0,17,14,3,5419.200000000597,4994580.800000064,0.0,9032000,0,50487728.00000011,14.02436888888892,6.240844155555569,1.0017406349206373,0.5170285714285714,0.10838400000001194,0.8235294117647058,5000000.000000064,43,2e-06,False
500,1000000,INDEPENDENT_HEADERS_EQUAL_TOTAL_BUDGET,FIXED_SLOT_IDLE,H2_FIXED_PER_MINER_HARDWARE,0.1,0.0,False,600.0,10000.0,1666.6666666666667,100.0,50000.0,17,15,2,4834.799999999442,4995165.200000005,0.0,8058000,0,50435131.99999954,14.009758888888761,6.234342705555499,0.9339839259259174,0.48463999999999996,0.09669599999998883,0.8823529411764706,5000000.000000005,45,2e-06,False
500,1000000,INDEPENDENT_HEADERS_EQUAL_TOTAL_BUDGET,FIXED_SLOT_IDLE,H2_FIXED_PER_MINER_HARDWARE,0.1,0.0,False,600.0,10000.0,1666.6666666666667,100.0,50000.0,17,15,2,3746.999999999628,4996253.000000022,0.0,6245000,0,50337230.00000021,13.982563888888947,6.222240930555581,0.9321709259259298,0.33959999999999996,0.07493999999999255,0.8823529411764706,5000000.000000022,44,2e-06,False
500,1000000,INDEPENDENT_HEADERS_EQUAL_TOTAL_BUDGET,FIXED_SLOT_IDLE,H2_FIXED_PER_MINER_HARDWARE,0.1,0.0,False,600.0,10000.0,1666.6666666666667,100.0,50000.0,17,15,2,4751.7000000008675,4995248.300000047,0.0,7919500,0,50427653.000000566,14.007681388889047,6.233418218055626,0.9338454259259364,0.47356000000000004,0.09503400000001734,0.8823529411764706,5000000.000000048,49,2e-06,False
500,1000000,INDEPENDENT_HEADERS_EQUAL_TOTAL_BUDGET,FIXED_SLOT_IDLE,H2_FIXED_PER_MINER_HARDWARE,0.1,0.0,False,600.0,10000.0,1666.6666666666667,100.0,50000.0,17,15,2,4019.3999999990397,4995980.599999942,0.0,6699000,0,50361745.99999958,13.989373888888773,6.225271380555504,0.9326249259259182,0.37592,0.0803879999999808,0.8823529411764706,4999999.999999941,46,2e-06,False
500,1000000,INDEPENDENT_HEADERS_EQUAL_TOTAL_BUDGET,FIXED_SLOT_IDLE,H2_FIXED_PER_MINER_HARDWARE,0.1,0.0,False,600.0,10000.0,1666.6666666666667,100.0,50000.0,17,16,1,3505.8000000007546,4996494.200000035,0.0,5843000,0,50315521.9999999,13.976533888888863,6.219557580555544,0.8735333680555539,0.36322499999999996,0.07011600000001508,0.9411764705882353,5000000.000000035,48,2e-06,False
500,1000000,INDEPENDENT_HEADERS_EQUAL_TOTAL_BUDGET,FIXED_SLOT_IDLE,H2_FIXED_PER_MINER_HARDWARE,0.1,0.0,False,600.0,10000.0,1666.6666666666667,100.0,50000.0,17,14,3,5076.900000000338,4994923.099999976,0.0,8461500,0,50456921.00000008,14.015811388888912,6.237036068055565,1.0011293849206366,0.4681285714285715,0.10153800000000676,0.8235294117647058,4999999.999999977,50,2e-06,False
500,1000000,INDEPENDENT_HEADERS_EQUAL_TOTAL_BUDGET,FIXED_SLOT_IDLE,H2_FIXED_PER_MINER_HARDWARE,0.1,0.0,False,600.0,10000.0,1666.6666666666667,100.0,50000.0,17,16,1,3505.50000000084,4996494.5000000205,0.0,5842500,0,50315495.00000011,13.976526388888919,6.219554243055569,0.8735328993055574,0.36318749999999994,0.0701100000000168,0.9411764705882353,5000000.000000021,51,2e-06,False
500,1000000,INDEPENDENT_HEADERS_EQUAL_TOTAL_BUDGET,FIXED_SLOT_IDLE,H2_FIXED_PER_MINER_HARDWARE,0.1,0.0,False,600.0,10000.0,1666.6666666666667,100.0,50000.0,17,12,5,5549.400000000043,4994450.600000052,0.0,9249000,0,50499445.999999605,14.02762388888878,6.242292630555507,1.1689686574073983,0.4249,0.11098800000000086,0.7058823529411765,5000000.000000052,52,2e-06,False
500,1000000,INDEPENDENT_HEADERS_EQUAL_TOTAL_BUDGET,FIXED_SLOT_IDLE,H2_FIXED_PER_MINER_HARDWARE,0.1,0.0,False,600.0,10000.0,1666.6666666666667,100.0,50000.0,17,14,3,5016.59999999948,4994983.3999999855,0.0,8361000,0,50451493.99999995,14.014303888888874,6.236365230555549,1.0010217063492053,0.4595142857142857,0.10033199999998961,0.8235294117647058,4999999.999999985,54,2e-06,False
500,1000000,INDEPENDENT_HEADERS_EQUAL_TOTAL_BUDGET,FIXED_SLOT_IDLE,H2_FIXED_PER_MINER_HARDWARE,0.1,0.0,False,600.0,10000.0,1666.6666666666667,100.0,50000.0,17,16,1,3482.100000000464,4996517.900000011,0.0,5803500,0,50313388.99999974,13.975941388888817,6.219293918055524,0.873496336805551,0.3602624999999999,0.0696420000000093,0.9411764705882353,5000000.000000011,53,2e-06,False
500,1000000,INDEPENDENT_HEADERS_EQUAL_TOTAL_BUDGET,FIXED_SLOT_IDLE,H2_FIXED_PER_MINER_HARDWARE,0.1,0.0,False,600.0,10000.0,1666.6666666666667,100.0,50000.0,17,15,2,3986.1000000012596,4996013.899999987,0.0,6643500,0,50358749.000000514,13.98854138888903,6.224900918055619,0.9325694259259354,0.3714799999999999,0.07972200000002519,0.8823529411764706,4999999.999999989,55,2e-06,False
500,1000000,INDEPENDENT_HEADERS_EQUAL_TOTAL_BUDGET,FIXED_SLOT_IDLE,H2_FIXED_PER_MINER_HARDWARE,0.1,0.0,False,600.0,10000.0,1666.6666666666667,100.0,50000.0,17,14,3,5737.499999999232,4994262.500000003,0.0,9562500,0,50516374.99999999,14.032326388888887,6.244385243055555,1.0023090277777775,0.5624999999999999,0.11474999999998466,0.8235294117647058,5000000.000000002,56,2e-06,False
500,1000000,INDEPENDENT_HEADERS_EQUAL_TOTAL_BUDGET,FIXED_SLOT_IDLE,H2_FIXED_PER_MINER_HARDWARE,0.1,0.0,False,600.0,10000.0,1666.6666666666667,100.0,50000.0,17,16,1,5160.899999999365,4994839.099999986,0.0,8601500,0,50464480.99999974,14.017911388888816,6.237970568055523,0.876119461805551,0.5701125,0.1032179999999873,0.9411764705882353,4999999.999999985,57,2e-06,False
500,1000000,INDEPENDENT_HEADERS_EQUAL_TOTAL_BUDGET,FIXED_SLOT_IDLE,H2_FIXED_PER_MINER_HARDWARE,0.1,0.0,False,600.0,10000.0,1666.6666666666667,100.0,50000.0,17,15,2,4233.59999999936,4995766.400000041,0.0,7056000,0,50381024.00000015,13.99472888888893,6.227654355555575,0.9329819259259288,0.40448000000000006,0.0846719999999872,0.8823529411764706,5000000.000000041,58,2e-06,False
500,1000000,INDEPENDENT_HEADERS_EQUAL_TOTAL_BUDGET,FIXED_SLOT_IDLE,H2_FIXED_PER_MINER_HARDWARE,0.1,0.0,False,600.0,10000.0,1666.6666666666667,100.0,50000.0,17,13,4,5522.699999999117,4994477.299999957,0.0,9204500,0,50497043.00000028,14.026956388888967,6.241995593055591,1.0789966452991513,0.48041538461538463,0.11045399999998233,0.7647058823529411,4999999.999999956,59,2e-06,False
500,1000000,INDEPENDENT_HEADERS_EQUAL_TOTAL_BUDGET,FIXED_SLOT_IDLE,H2_FIXED_PER_MINER_HARDWARE,0.1,0.0,False,600.0,10000.0,1666.6666666666667,100.0,50000.0,17,11,6,5284.800000000357,4994715.199999981,0.0,8808000,0,50475631.999999575,14.02100888888877,6.239348955555503,1.274637171717161,0.30632727272727267,0.10569600000000713,0.6470588235294118,4999999.999999981,61,2e-06,False
500,1000000,INDEPENDENT_HEADERS_EQUAL_TOTAL_BUDGET,FIXED_SLOT_IDLE,H2_FIXED_PER_MINER_HARDWARE,0.1,0.0,False,600.0,10000.0,1666.6666666666667,100.0,50000.0,17,14,3,4950.299999998917,4995049.700000008,0.0,8250500,0,50445526.999999784,14.012646388888829,6.235627643055529,1.0009033134920593,0.45004285714285713,0.09900599999997833,0.8235294117647058,5000000.0000000065,64,2e-06,False
500,1000000,INDEPENDENT_HEADERS_EQUAL_TOTAL_BUDGET,FIXED_SLOT_IDLE,H2_FIXED_PER_MINER_HARDWARE,0.1,0.0,False,600.0,10000.0,1666.6666666666667,100.0,50000.0,17,11,6,5675.399999999957,4994324.599999972,0.0,9459000,0,50510785.99999963,14.030773888888785,6.243694380555509,1.2755248989898895,0.3773454545454546,0.11350799999999914,0.6470588235294118,4999999.999999972,60,2e-06,False
500,1000000,INDEPENDENT_HEADERS_EQUAL_TOTAL_BUDGET,FIXED_SLOT_IDLE,H2_FIXED_PER_MINER_HARDWARE,0.1,0.0,False,600.0,10000.0,1666.6666666666667,100.0,50000.0,17,14,3,5023.799999999973,4994976.199999957,0.0,8373000,0,50452142.00000061,14.014483888889059,6.2364453305556315,1.0010345634920756,0.4605428571428572,0.10047599999999945,0.8235294117647058,4999999.999999957,62,2e-06,False
500,1000000,INDEPENDENT_HEADERS_EQUAL_TOTAL_BUDGET,FIXED_SLOT_IDLE,H2_FIXED_PER_MINER_HARDWARE,0.1,0.0,False,600.0,10000.0,1666.6666666666667,100.0,50000.0,17,15,2,4783.200000000157,4995216.800000041,0.0,7972000,0,50430488.00000053,14.008468888889036,6.233768655555621,0.9338979259259357,0.47775999999999996,0.09566400000000315,0.8823529411764706,5000000.000000041,63,2e-06,False
500,1000000,INDEPENDENT_HEADERS_EQUAL_TOTAL_BUDGET,FIXED_SLOT_IDLE,H2_FIXED_PER_MINER_HARDWARE,0.1,0.0,False,600.0,10000.0,1666.6666666666667,100.0,50000.0,17,15,2,5895.300000000097,4994104.700000022,0.0,9825500,0,50530576.999999665,14.036271388888796,6.246140768055514,0.9357514259259198,0.6260399999999999,0.11790600000000193,0.8823529411764706,5000000.000000021,65,2e-06,False
500,1000000,INDEPENDENT_HEADERS_EQUAL_TOTAL_BUDGET,FIXED_SLOT_IDLE,H2_FIXED_PER_MINER_HARDWARE,0.1,0.0,False,600.0,10000.0,1666.6666666666667,100.0,50000.0,17,17,0,3043.200000001131,4996956.799999994,0.0,5072000,0,50273888.000000246,13.964968888888958,6.214411155555586,0.8214687581699387,0.3580235294117647,0.06086400000002262,1.0,4999999.999999995,68,2e-06,False
500,1000000,INDEPENDENT_HEADERS_EQUAL_TOTAL_BUDGET,FIXED_SLOT_IDLE,H2_FIXED_PER_MINER_HARDWARE,0.1,0.0,False,600.0,10000.0,1666.6666666666667,100.0,50000.0,17,15,2,4164.300000000864,4995835.700000012,0.0,6940500,0,50374787.0000004,13.992996388889,6.226883393055606,0.9328664259259334,0.39524000000000004,0.08328600000001729,0.8823529411764706,5000000.000000013,67,2e-06,False
500,1000000,INDEPENDENT_HEADERS_EQUAL_TOTAL_BUDGET,FIXED_SLOT_IDLE,H2_FIXED_PER_MINER_HARDWARE,0.1,0.0,False,600.0,10000.0,1666.6666666666667,100.0,50000.0,17,15,2,5959.199999999907,4994040.800000036,0.0,9932000,0,50536328.00000043,14.037868888889008,6.246851655555608,0.9358579259259339,0.63456,0.11918399999999814,0.8823529411764706,5000000.000000036,66,2e-06,False
500,1000000,INDEPENDENT_HEADERS_EQUAL_TOTAL_BUDGET,FIXED_SLOT_IDLE,H2_FIXED_PER_MINER_HARDWARE,0.1,0.0,False,600.0,10000.0,1666.6666666666667,100.0,50000.0,17,17,0,3472.800000000221,4996527.199999943,0.0,5788000,0,50312552.00000013,13.975708888888924,6.219190455555571,0.822100522875819,0.40856470588235294,0.06945600000000442,1.0,4999999.999999943,70,2e-06,False
500,1000000,INDEPENDENT_HEADERS_EQUAL_TOTAL_BUDGET,FIXED_SLOT_IDLE,H2_FIXED_PER_MINER_HARDWARE,0.1,0.0,False,600.0,10000.0,1666.6666666666667,100.0,50000.0,17,13,4,4560.900000000556,4995439.100000037,0.0,7601500,0,50410480.99999975,14.002911388888819,6.231295568055525,1.0771470299145245,0.33244615384615384,0.09121800000001112,0.7647058823529411,5000000.000000037,69,2e-06,False
500,1000000,INDEPENDENT_HEADERS_EQUAL_TOTAL_BUDGET,FIXED_SLOT_IDLE,H2_FIXED_PER_MINER_HARDWARE,0.1,0.0,False,600.0,10000.0,1666.6666666666667,100.0,50000.0,17,15,2,5172.899999999435,4994827.100000026,0.0,8621500,0,50465561.000000395,14.018211388888998,6.238104068055605,0.9345474259259332,0.52972,0.1034579999999887,0.8823529411764706,5000000.000000025,71,2e-06,False
500,1000000,INDEPENDENT_HEADERS_EQUAL_TOTAL_BUDGET,FIXED_SLOT_IDLE,H2_FIXED_PER_MINER_HARDWARE,0.1,0.0,False,600.0,10000.0,1666.6666666666667,100.0,50000.0,17,14,3,5596.200000000275,4994403.799999975,0.0,9327000,0,50503657.99999984,14.028793888888845,6.242813280555536,1.0020567063492032,0.5423142857142856,0.11192400000000552,0.8235294117647058,4999999.999999975,73,2e-06,False
500,1000000,INDEPENDENT_HEADERS_EQUAL_TOTAL_BUDGET,FIXED_SLOT_IDLE,H2_FIXED_PER_MINER_HARDWARE,0.1,0.0,False,600.0,10000.0,1666.6666666666667,100.0,50000.0,17,13,4,5926.500000000001,4994073.499999978,0.0,9877500,0,50533385.00000042,14.037051388889004,6.246487868055607,1.0797731837606928,0.5425384615384615,0.11853000000000002,0.7647058823529411,4999999.999999978,74,2e-06,False
500,1000000,INDEPENDENT_HEADERS_EQUAL_TOTAL_BUDGET,FIXED_SLOT_IDLE,H2_FIXED_PER_MINER_HARDWARE,0.1,0.0,False,600.0,10000.0,1666.6666666666667,100.0,50000.0,17,15,2,4603.799999999852,4995396.199999999,0.0,7673000,0,50414342.00000016,14.003983888888932,6.231772830555575,0.9335989259259289,0.4538399999999999,0.09207599999999705,0.8823529411764706,4999999.999999999,72,2e-06,False
500,1000000,INDEPENDENT_HEADERS_EQUAL_TOTAL_BUDGET,FIXED_SLOT_IDLE,H2_FIXED_PER_MINER_HARDWARE,0.1,0.0,False,600.0,10000.0,1666.6666666666667,100.0,50000.0,17,15,2,3638.7000000000353,4996361.2999999905,0.0,6064500,0,50327483.00000001,13.97985638888889,6.221036093055557,0.9319904259259261,0.32515999999999995,0.07277400000000071,0.8823529411764706,4999999.999999991,75,2e-06,False
500,1000000,INDEPENDENT_HEADERS_EQUAL_TOTAL_BUDGET,FIXED_SLOT_IDLE,H2_FIXED_PER_MINER_HARDWARE,0.1,0.0,False,600.0,10000.0,1666.6666666666667,100.0,50000.0,17,14,3,4966.500000000754,4995033.49999995,0.0,8277500,0,50446984.99999966,14.013051388888794,6.235807868055513,1.0009322420634852,0.45235714285714285,0.09933000000001507,0.8235294117647058,4999999.999999951,77,2e-06,False
500,1000000,INDEPENDENT_HEADERS_EQUAL_TOTAL_BUDGET,FIXED_SLOT_IDLE,H2_FIXED_PER_MINER_HARDWARE,0.1,0.0,False,600.0,10000.0,1666.6666666666667,100.0,50000.0,17,13,4,4713.600000000692,4995286.4000000525,0.0,7856000,0,50424223.99999971,14.006728888888809,6.23299435555552,1.0774406837606776,0.35593846153846154,0.09427200000001383,0.7647058823529411,5000000.000000053,76,2e-06,False
500,1000000,INDEPENDENT_HEADERS_EQUAL_TOTAL_BUDGET,FIXED_SLOT_IDLE,H2_FIXED_PER_MINER_HARDWARE,0.1,0.0,False,600.0,10000.0,1666.6666666666667,100.0,50000.0,17,11,6,5839.200000001127,4994160.800000004,0.0,9732000,0,50525528.000000566,14.034868888889045,6.245516655555625,1.2758971717171859,0.4071272727272727,0.11678400000002254,0.6470588235294118,5000000.000000005,78,2e-06,False
500,1000000,INDEPENDENT_HEADERS_EQUAL_TOTAL_BUDGET,FIXED_SLOT_IDLE,H2_FIXED_PER_MINER_HARDWARE,0.1,0.0,False,600.0,10000.0,1666.6666666666667,100.0,50000.0,17,15,2,4546.200000000883,4995453.799999977,0.0,7577000,0,50409157.99999988,14.002543888888855,6.231132030555541,0.9335029259259237,0.44615999999999995,0.09092400000001766,0.8823529411764706,4999999.999999979,79,2e-06,False
500,1000000,INDEPENDENT_HEADERS_EQUAL_TOTAL_BUDGET,FIXED_SLOT_IDLE,H2_FIXED_PER_MINER_HARDWARE,0.1,0.0,False,600.0,10000.0,1666.6666666666667,100.0,50000.0,17,15,2,5674.499999998871,4994325.499999989,0.0,9457500,0,50510704.999999434,14.030751388888731,6.243684368055486,0.9353834259259154,0.5966,0.11348999999997741,0.8823529411764706,4999999.999999988,80,2e-06,False
500,1000000,INDEPENDENT_HEADERS_EQUAL_TOTAL_BUDGET,FIXED_SLOT_IDLE,H2_FIXED_PER_MINER_HARDWARE,0.1,0.0,False,600.0,10000.0,1666.6666666666667,100.0,50000.0,17,16,1,4412.700000000364,4995587.299999976,0.0,7354500,0,50397142.99999952,13.999206388888757,6.229646843055497,0.8749503993055473,0.4765875,0.08825400000000727,0.9411764705882353,4999999.999999976,81,2e-06,False
500,1000000,INDEPENDENT_HEADERS_EQUAL_TOTAL_BUDGET,FIXED_SLOT_IDLE,H2_FIXED_PER_MINER_HARDWARE,0.1,0.0,False,600.0,10000.0,1666.6666666666667,100.0,50000.0,17,15,2,4218.3000000003985,4995781.700000009,0.0,7030500,0,50379646.9999999,13.994346388888863,6.227484143055544,0.9329564259259242,0.40244,0.08436600000000798,0.8823529411764706,5000000.000000009,83,2e-06,False
500,1000000,INDEPENDENT_HEADERS_EQUAL_TOTAL_BUDGET,FIXED_SLOT_IDLE,H2_FIXED_PER_MINER_HARDWARE,0.1,0.0,False,600.0,10000.0,1666.6666666666667,100.0,50000.0,17,16,1,4809.300000000622,4995190.699999996,0.0,8015500,0,50432837.000000276,14.009121388888966,6.23405901805559,0.8755700868055604,0.5261625,0.09618600000001244,0.9411764705882353,4999999.999999997,85,2e-06,False
500,1000000,INDEPENDENT_HEADERS_EQUAL_TOTAL_BUDGET,FIXED_SLOT_IDLE,H2_FIXED_PER_MINER_HARDWARE,0.1,0.0,False,600.0,10000.0,1666.6666666666667,100.0,50000.0,17,14,3,5133.300000000279,4994866.6999999825,0.0,8555500,0,50461997.000000365,14.01722138888899,6.237663518055601,1.0012300992063563,0.4761857142857143,0.10266600000000559,0.8235294117647058,4999999.999999983,82,2e-06,False
500,1000000,INDEPENDENT_HEADERS_EQUAL_TOTAL_BUDGET,FIXED_SLOT_IDLE,H2_FIXED_PER_MINER_HARDWARE,0.1,0.0,False,600.0,10000.0,1666.6666666666667,100.0,50000.0,17,14,3,3710.100000000298,4996289.900000015,0.0,6183500,0,50333909.00000061,13.98164138888906,6.221830418055632,0.9986886706349328,0.2728714285714286,0.07420200000000596,0.8235294117647058,5000000.000000016,86,2e-06,False
500,1000000,INDEPENDENT_HEADERS_EQUAL_TOTAL_BUDGET,FIXED_SLOT_IDLE,H2_FIXED_PER_MINER_HARDWARE,0.1,0.0,False,600.0,10000.0,1666.6666666666667,100.0,50000.0,17,14,3,5082.299999998677,4994917.700000059,0.0,8470500,0,50457407.000000305,14.015946388888974,6.237096143055593,1.0011390277777839,0.46890000000000004,0.10164599999997354,0.8235294117647058,5000000.000000058,84,2e-06,False
500,1000000,INDEPENDENT_HEADERS_EQUAL_TOTAL_BUDGET,FIXED_SLOT_IDLE,H2_FIXED_PER_MINER_HARDWARE,0.1,0.0,False,600.0,10000.0,1666.6666666666667,100.0,50000.0,17,16,1,4197.899999998757,4995802.099999975,0.0,6996500,0,50377811.00000038,13.993836388888994,6.227257193055602,0.8746147743055621,0.4497375,0.08395799999997515,0.9411764705882353,4999999.999999974,88,2e-06,False
500,1000000,INDEPENDENT_HEADERS_EQUAL_TOTAL_BUDGET,FIXED_SLOT_IDLE,H2_FIXED_PER_MINER_HARDWARE,0.1,0.0,False,600.0,10000.0,1666.6666666666667,100.0,50000.0,17,13,4,5354.100000000431,4994645.899999935,0.0,8923500,0,50481868.99999995,14.022741388888875,6.24011991805555,1.0786724145299134,0.4544769230769231,0.10708200000000861,0.7647058823529411,4999999.999999936,87,2e-06,False
500,1000000,INDEPENDENT_HEADERS_EQUAL_TOTAL_BUDGET,FIXED_SLOT_IDLE,H2_FIXED_PER_MINER_HARDWARE,0.1,0.0,False,600.0,10000.0,1666.6666666666667,100.0,50000.0,17,15,2,4856.699999999674,4995143.300000064,0.0,8094500,0,50437103.0000001,14.010306388888916,6.234586343055567,0.9340204259259277,0.48756,0.09713399999999348,0.8823529411764706,5000000.000000063,90,2e-06,False
500,1000000,INDEPENDENT_HEADERS_EQUAL_TOTAL_BUDGET,FIXED_SLOT_IDLE,H2_FIXED_PER_MINER_HARDWARE,0.1,0.0,False,600.0,10000.0,1666.6666666666667,100.0,50000.0,17,13,4,4696.200000000513,4995303.800000025,0.0,7827000,0,50422657.99999984,14.006293888888845,6.232800780555536,1.0774072222222189,0.35326153846153835,0.09392400000001025,0.7647058823529411,5000000.000000025,91,2e-06,False
500,1000000,INDEPENDENT_HEADERS_EQUAL_TOTAL_BUDGET,FIXED_SLOT_IDLE,H2_FIXED_PER_MINER_HARDWARE,0.1,0.0,False,600.0,10000.0,1666.6666666666667,100.0,50000.0,17,15,2,4065.8999999997745,4995934.100000004,0.0,6776500,0,50365931.00000049,13.990536388889025,6.225788693055616,0.932702425925935,0.38212000000000007,0.08131799999999549,0.8823529411764706,5000000.000000004,89,2e-06,False
500,1000000,INDEPENDENT_HEADERS_EQUAL_TOTAL_BUDGET,FIXED_SLOT_IDLE,H2_FIXED_PER_MINER_HARDWARE,0.1,0.0,False,600.0,10000.0,1666.6666666666667,100.0,50000.0,17,15,2,3466.8000000003217,4996533.199999959,0.0,5778000,0,50312011.99999948,13.975558888888743,6.219123705555491,0.9317039259259162,0.30224,0.06933600000000643,0.8823529411764706,4999999.99999996,92,2e-06,False
500,1000000,INDEPENDENT_HEADERS_EQUAL_TOTAL_BUDGET,FIXED_SLOT_IDLE,H2_FIXED_PER_MINER_HARDWARE,0.1,0.0,False,600.0,10000.0,1666.6666666666667,100.0,50000.0,17,16,1,3270.5999999985374,4996729.400000032,0.0,5451000,0,50294353.99999958,13.970653888888773,6.216940980555504,0.8731658680555483,0.33382500000000004,0.06541199999997074,0.9411764705882353,5000000.000000031,93,2e-06,False
500,1000000,INDEPENDENT_HEADERS_EQUAL_TOTAL_BUDGET,FIXED_SLOT_IDLE,H2_FIXED_PER_MINER_HARDWARE,0.1,0.0,False,600.0,10000.0,1666.6666666666667,100.0,50000.0,17,14,3,4199.100000000227,4995800.899999992,0.0,6998500,0,50377918.99999982,13.99386638888884,6.227270543055534,0.9995618849206315,0.34272857142857144,0.08398200000000454,0.8235294117647058,4999999.999999993,94,2e-06,False
500,1000000,INDEPENDENT_HEADERS_EQUAL_TOTAL_BUDGET,FIXED_SLOT_IDLE,H2_FIXED_PER_MINER_HARDWARE,0.1,0.0,False,600.0,10000.0,1666.6666666666667,100.0,50000.0,17,14,3,3755.7000000011203,4996244.29999995,0.0,6259500,0,50338013.000000246,13.982781388888958,6.222337718055586,0.9987700992063541,0.27938571428571424,0.07511400000002241,0.8235294117647058,4999999.999999952,95,2e-06,False
500,1000000,INDEPENDENT_HEADERS_EQUAL_TOTAL_BUDGET,FIXED_SLOT_IDLE,H2_FIXED_PER_MINER_HARDWARE,0.1,0.0,False,600.0,10000.0,1666.6666666666667,100.0,50000.0,17,12,5,5291.400000000557,4994708.600000012,0.0,8819000,0,50476225.99999985,14.021173888888848,6.2394223805555376,1.168431157407404,0.38189999999999996,0.10582800000001115,0.7058823529411765,5000000.000000012,96,2e-06,False
500,1000000,INDEPENDENT_HEADERS_EQUAL_TOTAL_BUDGET,FIXED_SLOT_IDLE,H2_FIXED_PER_MINER_HARDWARE,0.1,0.0,False,600.0,10000.0,1666.6666666666667,100.0,50000.0,17,16,1,3453.299999999057,4996546.69999999,0.0,5755500,0,50310796.99999957,13.97522138888877,6.218973518055503,0.8734513368055481,0.3566625,0.06906599999998114,0.9411764705882353,4999999.999999989,97,2e-06,False
500,1000000,INDEPENDENT_HEADERS_EQUAL_TOTAL_BUDGET,FIXED_SLOT_IDLE,H2_FIXED_PER_MINER_HARDWARE,0.1,0.0,False,600.0,10000.0,1666.6666666666667,100.0,50000.0,17,17,0,3555.8999999984767,4996444.0999999745,0.0,5926500,0,50320030.99999957,13.977786388888768,6.220114943055502,0.8222227287581628,0.41834117647058827,0.07111799999996954,1.0,4999999.999999973,99,2e-06,False
500,1000000,INDEPENDENT_HEADERS_EQUAL_TOTAL_BUDGET,FIXED_SLOT_IDLE,H2_FIXED_PER_MINER_HARDWARE,0.1,0.0,False,600.0,10000.0,1666.6666666666667,100.0,50000.0,17,14,3,4558.800000000403,4995441.199999963,0.0,7598000,0,50410291.99999968,14.0028588888888,6.231272205555516,1.0002042063492,0.3941142857142857,0.09117600000000806,0.8235294117647058,4999999.999999964,98,2e-06,False
500,1000000,INDEPENDENT_HEADERS_FULL_PER_MINER_BUDGET,FIXED_SLOT_IDLE,H2_FIXED_PER_MINER_HARDWARE,0.1,0.0,False,600.0,10000.0,1666.6666666666667,100.0,50000.0,17,17,0,6311.0999999994765,4993688.899999962,0.0,10518500,0,50567999.00000047,14.046666388889019,6.250766543055613,0.8262744934640599,0.7424823529411765,0.1262219999999895,1.0,4999999.999999962,1,2e-06,False
500,1000000,INDEPENDENT_HEADERS_FULL_PER_MINER_BUDGET,FIXED_SLOT_IDLE,H2_FIXED_PER_MINER_HARDWARE,0.1,0.0,False,600.0,10000.0,1666.6666666666667,100.0,50000.0,17,17,0,5164.200000000029,4994835.8,0.0,8607000,0,50464778.00000056,14.017993888889045,6.238007280555625,0.8245878758170027,0.6075529411764706,0.10328400000000058,1.0,5000000.0,2,2e-06,False
500,1000000,INDEPENDENT_HEADERS_FULL_PER_MINER_BUDGET,FIXED_SLOT_IDLE,H2_FIXED_PER_MINER_HARDWARE,0.1,0.0,False,600.0,10000.0,1666.6666666666667,100.0,50000.0,17,17,0,5896.7999999990725,4994103.199999974,0.0,9828000,0,50530712.00000022,14.036308888888952,6.246157455555584,0.8256652287581736,0.6937411764705883,0.11793599999998144,1.0,4999999.999999973,0,2e-06,False
500,1000000,INDEPENDENT_HEADERS_FULL_PER_MINER_BUDGET,FIXED_SLOT_IDLE,H2_FIXED_PER_MINER_HARDWARE,0.1,0.0,False,600.0,10000.0,1666.6666666666667,100.0,50000.0,17,17,0,5688.299999999832,4994311.699999972,0.0,9480500,0,50511947.00000037,14.031096388888992,6.243837893055601,0.8253586111111172,0.6692117647058823,0.11376599999999665,1.0,4999999.999999972,4,2e-06,False
500,1000000,INDEPENDENT_HEADERS_FULL_PER_MINER_BUDGET,FIXED_SLOT_IDLE,H2_FIXED_PER_MINER_HARDWARE,0.1,0.0,False,600.0,10000.0,1666.6666666666667,100.0,50000.0,17,17,0,3629.1000000000954,4996370.899999983,0.0,6048500,0,50326618.999999955,13.979616388888877,6.22092929305555,0.8223303758169928,0.42695294117647054,0.07258200000000191,1.0,4999999.999999983,3,2e-06,False
500,1000000,INDEPENDENT_HEADERS_FULL_PER_MINER_BUDGET,FIXED_SLOT_IDLE,H2_FIXED_PER_MINER_HARDWARE,0.1,0.0,False,600.0,10000.0,1666.6666666666667,100.0,50000.0,17,17,0,4719.300000000472,4995280.700000002,0.0,7865500,0,50424736.9999998,14.006871388888833,6.233057768055531,0.8239336111111077,0.5552117647058824,0.09438600000000943,1.0,5000000.000000003,13,2e-06,False
500,1000000,INDEPENDENT_HEADERS_FULL_PER_MINER_BUDGET,FIXED_SLOT_IDLE,H2_FIXED_PER_MINER_HARDWARE,0.1,0.0,False,600.0,10000.0,1666.6666666666667,100.0,50000.0,17,17,0,3724.4999999998195,4996275.49999999,0.0,6207500,0,50335204.99999945,13.982001388888735,6.221990618055487,0.8224706699346315,0.43817647058823533,0.07448999999999639,1.0,4999999.99999999,5,2e-06,False
500,1000000,INDEPENDENT_HEADERS_FULL_PER_MINER_BUDGET,FIXED_SLOT_IDLE,H2_FIXED_PER_MINER_HARDWARE,0.1,0.0,False,600.0,10000.0,1666.6666666666667,100.0,50000.0,17,17,0,5703.300000000124,4994296.69999999,0.0,9505500,0,50513296.99999957,14.031471388888768,6.244004768055502,0.8253806699346334,0.6709764705882354,0.11406600000000247,1.0,4999999.99999999,6,2e-06,False
500,1000000,INDEPENDENT_HEADERS_FULL_PER_MINER_BUDGET,FIXED_SLOT_IDLE,H2_FIXED_PER_MINER_HARDWARE,0.1,0.0,False,600.0,10000.0,1666.6666666666667,100.0,50000.0,17,17,0,5209.50000000008,4994790.499999972,0.0,8682500,0,50468855.000000365,14.01912638888899,6.2385112430556005,0.8246544934640583,0.6128823529411765,0.1041900000000016,1.0,4999999.999999972,7,2e-06,False
500,1000000,INDEPENDENT_HEADERS_FULL_PER_MINER_BUDGET,FIXED_SLOT_IDLE,H2_FIXED_PER_MINER_HARDWARE,0.1,0.0,False,600.0,10000.0,1666.6666666666667,100.0,50000.0,17,17,0,4984.800000001052,4995015.1999999825,0.0,8308000,0,50448631.99999958,14.013508888888772,6.236011455555504,0.8243240522875749,0.5864470588235294,0.09969600000002103,1.0,4999999.999999983,12,2e-06,False
500,1000000,INDEPENDENT_HEADERS_FULL_PER_MINER_BUDGET,FIXED_SLOT_IDLE,H2_FIXED_PER_MINER_HARDWARE,0.1,0.0,False,600.0,10000.0,1666.6666666666667,100.0,50000.0,17,17,0,7652.3999999999505,4992347.599999982,0.0,12754000,0,50688715.99999939,14.080198888888718,6.26568850555548,0.8282469934640423,0.9002823529411763,0.15304799999999902,1.0,4999999.999999982,9,2e-06,False
500,1000000,INDEPENDENT_HEADERS_FULL_PER_MINER_BUDGET,FIXED_SLOT_IDLE,H2_FIXED_PER_MINER_HARDWARE,0.1,0.0,False,600.0,10000.0,1666.6666666666667,100.0,50000.0,17,17,0,5640.900000000817,4994359.100000001,0.0,9401500,0,50507681.00000051,14.02991138888903,6.243310568055619,0.8252889052287664,0.663635294117647,0.11281800000001635,1.0,5000000.000000001,10,2e-06,False
500,1000000,INDEPENDENT_HEADERS_FULL_PER_MINER_BUDGET,FIXED_SLOT_IDLE,H2_FIXED_PER_MINER_HARDWARE,0.1,0.0,False,600.0,10000.0,1666.6666666666667,100.0,50000.0,17,17,0,5387.100000000831,4994612.900000028,0.0,8978500,0,50484839.00000039,14.023566388888996,6.240487043055603,0.8249156699346468,0.6337764705882353,0.10774200000001663,1.0,5000000.000000029,15,2e-06,False
500,1000000,INDEPENDENT_HEADERS_FULL_PER_MINER_BUDGET,FIXED_SLOT_IDLE,H2_FIXED_PER_MINER_HARDWARE,0.1,0.0,False,600.0,10000.0,1666.6666666666667,100.0,50000.0,17,17,0,4947.600000000431,4995052.399999965,0.0,8246000,0,50445284.00000061,14.012578888889058,6.235597605555631,0.8242693464052387,0.5820705882352941,0.09895200000000862,1.0,4999999.999999966,8,2e-06,False
500,1000000,INDEPENDENT_HEADERS_FULL_PER_MINER_BUDGET,FIXED_SLOT_IDLE,H2_FIXED_PER_MINER_HARDWARE,0.1,0.0,False,600.0,10000.0,1666.6666666666667,100.0,50000.0,17,17,0,8915.400000000871,4991084.599999993,0.0,14859000,0,50802385.999999955,14.111773888888877,6.27973938055555,0.830104346405228,1.0488705882352942,0.17830800000001742,1.0,4999999.999999994,18,2e-06,False
500,1000000,INDEPENDENT_HEADERS_FULL_PER_MINER_BUDGET,FIXED_SLOT_IDLE,H2_FIXED_PER_MINER_HARDWARE,0.1,0.0,False,600.0,10000.0,1666.6666666666667,100.0,50000.0,17,17,0,3960.3000000004195,4996039.700000041,0.0,6600500,0,50356427.000000134,13.987896388888926,6.224613893055572,0.822817434640525,0.4659176470588235,0.0792060000000084,1.0,5000000.000000042,11,2e-06,False
500,1000000,INDEPENDENT_HEADERS_FULL_PER_MINER_BUDGET,FIXED_SLOT_IDLE,H2_FIXED_PER_MINER_HARDWARE,0.1,0.0,False,600.0,10000.0,1666.6666666666667,100.0,50000.0,17,17,0,4160.099999999783,4995839.900000018,0.0,6933500,0,50374408.99999936,13.992891388888712,6.226836668055477,0.8231112581699243,0.4894235294117647,0.08320199999999565,1.0,5000000.000000018,19,2e-06,False
500,1000000,INDEPENDENT_HEADERS_FULL_PER_MINER_BUDGET,FIXED_SLOT_IDLE,H2_FIXED_PER_MINER_HARDWARE,0.1,0.0,False,600.0,10000.0,1666.6666666666667,100.0,50000.0,17,17,0,4794.8999999992675,4995205.099999951,0.0,7991500,0,50431541.00000014,14.008761388888928,6.233898818055573,0.8240447875817016,0.5641058823529412,0.09589799999998536,1.0,4999999.999999951,14,2e-06,False
500,1000000,INDEPENDENT_HEADERS_FULL_PER_MINER_BUDGET,FIXED_SLOT_IDLE,H2_FIXED_PER_MINER_HARDWARE,0.1,0.0,False,600.0,10000.0,1666.6666666666667,100.0,50000.0,17,17,0,6104.100000000811,4993895.899999935,0.0,10173500,0,50549368.999999955,14.041491388888877,6.2484636680555505,0.8259700816993457,0.7181294117647059,0.1220820000000162,1.0,4999999.999999936,17,2e-06,False
500,1000000,INDEPENDENT_HEADERS_FULL_PER_MINER_BUDGET,FIXED_SLOT_IDLE,H2_FIXED_PER_MINER_HARDWARE,0.1,0.0,False,600.0,10000.0,1666.6666666666667,100.0,50000.0,17,17,0,5399.100000000545,4994600.8999999715,0.0,8998500,0,50485918.99999983,14.023866388888841,6.240620543055535,0.8249333169934613,0.6351882352941175,0.1079820000000109,1.0,4999999.999999972,16,2e-06,False
500,1000000,INDEPENDENT_HEADERS_FULL_PER_MINER_BUDGET,FIXED_SLOT_IDLE,H2_FIXED_PER_MINER_HARDWARE,0.1,0.0,False,600.0,10000.0,1666.6666666666667,100.0,50000.0,17,17,0,9354.600000000055,4990645.399999991,0.0,15591000,0,50841914.000000514,14.122753888889031,6.2846254805556185,0.8307502287581783,1.1005411764705881,0.1870920000000011,1.0,4999999.999999991,20,2e-06,False
500,1000000,INDEPENDENT_HEADERS_FULL_PER_MINER_BUDGET,FIXED_SLOT_IDLE,H2_FIXED_PER_MINER_HARDWARE,0.1,0.0,False,600.0,10000.0,1666.6666666666667,100.0,50000.0,17,17,0,4041.3000000003663,4995958.699999999,0.0,6735500,0,50363717.000000164,13.989921388888934,6.225515018055575,0.8229365522875843,0.4754470588235293,0.08082600000000732,1.0,5000000.0,21,2e-06,False
500,1000000,INDEPENDENT_HEADERS_FULL_PER_MINER_BUDGET,FIXED_SLOT_IDLE,H2_FIXED_PER_MINER_HARDWARE,0.1,0.0,False,600.0,10000.0,1666.6666666666667,100.0,50000.0,17,17,0,4432.500000000148,4995567.499999937,0.0,7387500,0,50398925.000000454,13.999701388889015,6.229867118055612,0.8235118464052362,0.5214705882352941,0.08865000000000296,1.0,4999999.999999937,22,2e-06,False
500,1000000,INDEPENDENT_HEADERS_FULL_PER_MINER_BUDGET,FIXED_SLOT_IDLE,H2_FIXED_PER_MINER_HARDWARE,0.1,0.0,False,600.0,10000.0,1666.6666666666667,100.0,50000.0,17,17,0,5142.2999999999765,4994857.700000039,0.0,8570500,0,50462807.00000002,14.017446388888896,6.237763643055558,0.8245556699346409,0.6049764705882353,0.10284599999999954,1.0,5000000.000000039,23,2e-06,False
500,1000000,INDEPENDENT_HEADERS_FULL_PER_MINER_BUDGET,FIXED_SLOT_IDLE,H2_FIXED_PER_MINER_HARDWARE,0.1,0.0,False,600.0,10000.0,1666.6666666666667,100.0,50000.0,17,17,0,4743.000000000655,4995257.000000023,0.0,7905000,0,50426870.00000011,14.00746388888892,6.233321430555569,0.8239684640522894,0.5579999999999999,0.0948600000000131,1.0,5000000.000000024,24,2e-06,False
500,1000000,INDEPENDENT_HEADERS_FULL_PER_MINER_BUDGET,FIXED_SLOT_IDLE,H2_FIXED_PER_MINER_HARDWARE,0.1,0.0,False,600.0,10000.0,1666.6666666666667,100.0,50000.0,17,17,0,5022.000000000205,4994977.999999972,0.0,8370000,0,50451980.000000365,14.014438888888991,6.236425305555601,0.8243787581699407,0.5908235294117647,0.1004400000000041,1.0,4999999.999999972,25,2e-06,False
500,1000000,INDEPENDENT_HEADERS_FULL_PER_MINER_BUDGET,FIXED_SLOT_IDLE,H2_FIXED_PER_MINER_HARDWARE,0.1,0.0,False,600.0,10000.0,1666.6666666666667,100.0,50000.0,17,17,0,5401.499999999324,4994598.500000004,0.0,9002500,0,50486135.00000042,14.023926388889004,6.240647243055607,0.8249368464052356,0.6354705882352941,0.1080299999999865,1.0,5000000.000000003,26,2e-06,False
500,1000000,INDEPENDENT_HEADERS_FULL_PER_MINER_BUDGET,FIXED_SLOT_IDLE,H2_FIXED_PER_MINER_HARDWARE,0.1,0.0,False,600.0,10000.0,1666.6666666666667,100.0,50000.0,17,17,0,6266.400000000773,4993733.59999996,0.0,10444000,0,50563975.99999985,14.045548888888847,6.250269255555537,0.8262087581699322,0.7372235294117647,0.12532800000001545,1.0,4999999.99999996,27,2e-06,False
500,1000000,INDEPENDENT_HEADERS_FULL_PER_MINER_BUDGET,FIXED_SLOT_IDLE,H2_FIXED_PER_MINER_HARDWARE,0.1,0.0,False,600.0,10000.0,1666.6666666666667,100.0,50000.0,17,17,0,6761.400000000218,4993238.599999993,0.0,11269000,0,50608526.0000003,14.057923888888972,6.255776130555593,0.8269366993464101,0.7954588235294116,0.13522800000000434,1.0,4999999.9999999935,28,2e-06,False
500,1000000,INDEPENDENT_HEADERS_FULL_PER_MINER_BUDGET,FIXED_SLOT_IDLE,H2_FIXED_PER_MINER_HARDWARE,0.1,0.0,False,600.0,10000.0,1666.6666666666667,100.0,50000.0,17,17,0,6682.800000000499,4993317.199999969,0.0,11138000,0,50601451.999999665,14.055958888888796,6.254901705555514,0.8268211111111057,0.7862117647058822,0.13365600000000996,1.0,4999999.99999997,29,2e-06,False
500,1000000,INDEPENDENT_HEADERS_FULL_PER_MINER_BUDGET,FIXED_SLOT_IDLE,H2_FIXED_PER_MINER_HARDWARE,0.1,0.0,False,600.0,10000.0,1666.6666666666667,100.0,50000.0,17,17,0,7546.2000000001035,4992453.799999978,0.0,12577000,0,50679157.99999984,14.077543888888846,6.264507030555536,0.8280908169934615,0.8877882352941177,0.15092400000000208,1.0,4999999.999999979,30,2e-06,False
500,1000000,INDEPENDENT_HEADERS_FULL_PER_MINER_BUDGET,FIXED_SLOT_IDLE,H2_FIXED_PER_MINER_HARDWARE,0.1,0.0,False,600.0,10000.0,1666.6666666666667,100.0,50000.0,17,17,0,3978.0000000005175,4996022.000000028,0.0,6630000,0,50358019.99999979,13.988338888888832,6.2248108055555305,0.8228434640522843,0.468,0.07956000000001034,1.0,5000000.000000029,31,2e-06,False
500,1000000,INDEPENDENT_HEADERS_FULL_PER_MINER_BUDGET,FIXED_SLOT_IDLE,H2_FIXED_PER_MINER_HARDWARE,0.1,0.0,False,600.0,10000.0,1666.6666666666667,100.0,50000.0,17,17,0,3712.799999999848,4996287.199999988,0.0,6188000,0,50334151.99999979,13.98170888888883,6.22186045555553,0.8224534640522841,0.4368000000000001,0.07425599999999696,1.0,4999999.999999988,32,2e-06,False
500,1000000,INDEPENDENT_HEADERS_FULL_PER_MINER_BUDGET,FIXED_SLOT_IDLE,H2_FIXED_PER_MINER_HARDWARE,0.1,0.0,False,600.0,10000.0,1666.6666666666667,100.0,50000.0,17,17,0,4103.099999999984,4995896.900000039,0.0,6838500,0,50369278.99999947,13.991466388888743,6.22620254305549,0.8230274346405143,0.4827176470588235,0.08206199999999968,1.0,5000000.000000038,33,2e-06,False
500,1000000,INDEPENDENT_HEADERS_FULL_PER_MINER_BUDGET,FIXED_SLOT_IDLE,H2_FIXED_PER_MINER_HARDWARE,0.1,0.0,False,600.0,10000.0,1666.6666666666667,100.0,50000.0,17,17,0,3452.69999999893,4996547.3000000175,0.0,5754500,0,50310743.00000042,13.975206388889005,6.2189668430556075,0.8220709640522944,0.40619999999999995,0.06905399999997859,1.0,5000000.000000017,34,2e-06,False
500,1000000,INDEPENDENT_HEADERS_FULL_PER_MINER_BUDGET,FIXED_SLOT_IDLE,H2_FIXED_PER_MINER_HARDWARE,0.1,0.0,False,600.0,10000.0,1666.6666666666667,100.0,50000.0,17,17,0,7261.800000000099,4992738.200000019,0.0,12103000,0,50653561.99999992,14.070433888888866,6.2613430805555454,0.8276725816993451,0.8543294117647058,0.14523600000000197,1.0,5000000.000000019,35,2e-06,False
500,1000000,INDEPENDENT_HEADERS_FULL_PER_MINER_BUDGET,FIXED_SLOT_IDLE,H2_FIXED_PER_MINER_HARDWARE,0.1,0.0,False,600.0,10000.0,1666.6666666666667,100.0,50000.0,17,17,0,4271.400000000941,4995728.600000022,0.0,7119000,0,50384425.99999998,13.995673888888883,6.228074880555553,0.8232749346405225,0.5025176470588235,0.08542800000001882,1.0,5000000.000000023,37,2e-06,False
500,1000000,INDEPENDENT_HEADERS_FULL_PER_MINER_BUDGET,FIXED_SLOT_IDLE,H2_FIXED_PER_MINER_HARDWARE,0.1,0.0,False,600.0,10000.0,1666.6666666666667,100.0,50000.0,17,17,0,5539.200000000035,4994460.8,0.0,9232000,0,50498528.00000056,14.027368888889043,6.2421791555556245,0.8251393464052379,0.651670588235294,0.1107840000000007,1.0,5000000.0,36,2e-06,False
500,1000000,INDEPENDENT_HEADERS_FULL_PER_MINER_BUDGET,FIXED_SLOT_IDLE,H2_FIXED_PER_MINER_HARDWARE,0.1,0.0,False,600.0,10000.0,1666.6666666666667,100.0,50000.0,17,17,0,5360.99999999992,4994638.999999976,0.0,8935000,0,50482489.99999958,14.022913888888773,6.2401966805555045,0.8248772875816925,0.6307058823529412,0.1072199999999984,1.0,4999999.999999976,38,2e-06,False
500,1000000,INDEPENDENT_HEADERS_FULL_PER_MINER_BUDGET,FIXED_SLOT_IDLE,H2_FIXED_PER_MINER_HARDWARE,0.1,0.0,False,600.0,10000.0,1666.6666666666667,100.0,50000.0,17,17,0,5235.900000000304,4994764.099999983,0.0,8726500,0,50471230.99999974,14.019786388888816,6.2388049430555235,0.8246933169934598,0.6159882352941176,0.10471800000000608,1.0,4999999.999999983,40,2e-06,False
500,1000000,INDEPENDENT_HEADERS_FULL_PER_MINER_BUDGET,FIXED_SLOT_IDLE,H2_FIXED_PER_MINER_HARDWARE,0.1,0.0,False,600.0,10000.0,1666.6666666666667,100.0,50000.0,17,17,0,4365.899999999954,4995634.099999954,0.0,7276500,0,50392931.0000005,13.998036388889027,6.229126193055617,0.8234139052287662,0.5136352941176471,0.08731799999999908,1.0,4999999.999999954,39,2e-06,False
500,1000000,INDEPENDENT_HEADERS_FULL_PER_MINER_BUDGET,FIXED_SLOT_IDLE,H2_FIXED_PER_MINER_HARDWARE,0.1,0.0,False,600.0,10000.0,1666.6666666666667,100.0,50000.0,17,17,0,6597.900000000797,4993402.100000028,0.0,10996500,0,50593811.00000044,14.05383638888901,6.2539571930556095,0.8266962581699417,0.7762235294117648,0.13195800000001595,1.0,5000000.000000028,42,2e-06,False
500,1000000,INDEPENDENT_HEADERS_FULL_PER_MINER_BUDGET,FIXED_SLOT_IDLE,H2_FIXED_PER_MINER_HARDWARE,0.1,0.0,False,600.0,10000.0,1666.6666666666667,100.0,50000.0,17,17,0,6777.9000000008255,4993222.099999946,0.0,11296500,0,50610010.999999955,14.058336388888877,6.2559596930555506,0.8269609640522869,0.7973999999999999,0.1355580000000165,1.0,4999999.999999946,41,2e-06,False
500,1000000,INDEPENDENT_HEADERS_FULL_PER_MINER_BUDGET,FIXED_SLOT_IDLE,H2_FIXED_PER_MINER_HARDWARE,0.1,0.0,False,600.0,10000.0,1666.6666666666667,100.0,50000.0,17,17,0,4994.6999999997415,4995005.300000001,0.0,8324500,0,50449522.99999942,14.013756388888728,6.2361215930554845,0.8243386111111016,0.5876117647058823,0.09989399999999483,1.0,5000000.000000001,45,2e-06,False
500,1000000,INDEPENDENT_HEADERS_FULL_PER_MINER_BUDGET,FIXED_SLOT_IDLE,H2_FIXED_PER_MINER_HARDWARE,0.1,0.0,False,600.0,10000.0,1666.6666666666667,100.0,50000.0,17,17,0,6194.100000000199,4993805.900000026,0.0,10323500,0,50557469.000000276,14.043741388888966,6.24946491805559,0.8261024346405275,0.7287176470588235,0.12388200000000398,1.0,5000000.000000027,43,2e-06,False
500,1000000,INDEPENDENT_HEADERS_FULL_PER_MINER_BUDGET,FIXED_SLOT_IDLE,H2_FIXED_PER_MINER_HARDWARE,0.1,0.0,False,600.0,10000.0,1666.6666666666667,100.0,50000.0,17,17,0,4146.299999999928,4995853.700000011,0.0,6910500,0,50373166.99999967,13.992546388888798,6.226683143055515,0.8230909640522822,0.4877999999999999,0.08292599999999857,1.0,5000000.000000011,44,2e-06,False
500,1000000,INDEPENDENT_HEADERS_FULL_PER_MINER_BUDGET,FIXED_SLOT_IDLE,H2_FIXED_PER_MINER_HARDWARE,0.1,0.0,False,600.0,10000.0,1666.6666666666667,100.0,50000.0,17,17,0,4606.799999998493,4995393.2,0.0,7678000,0,50414611.99999975,14.00405888888882,6.231806205555524,0.8237681699346364,0.5419764705882353,0.09213599999996987,1.0,4999999.999999999,46,2e-06,False
500,1000000,INDEPENDENT_HEADERS_FULL_PER_MINER_BUDGET,FIXED_SLOT_IDLE,H2_FIXED_PER_MINER_HARDWARE,0.1,0.0,False,600.0,10000.0,1666.6666666666667,100.0,50000.0,17,17,0,5782.199999999517,4994217.800000024,0.0,9637000,0,50520397.99999941,14.033443888888725,6.244882530555483,0.8254966993463956,0.6802588235294117,0.11564399999999034,1.0,5000000.000000023,47,2e-06,False
500,1000000,INDEPENDENT_HEADERS_FULL_PER_MINER_BUDGET,FIXED_SLOT_IDLE,H2_FIXED_PER_MINER_HARDWARE,0.1,0.0,False,600.0,10000.0,1666.6666666666667,100.0,50000.0,17,17,0,3609.0000000007717,4996390.999999987,0.0,6015000,0,50324809.99999982,13.97911388888884,6.220705680555533,0.8223008169934611,0.4245882352941176,0.07218000000001544,1.0,4999999.999999988,48,2e-06,False
500,1000000,INDEPENDENT_HEADERS_FULL_PER_MINER_BUDGET,FIXED_SLOT_IDLE,H2_FIXED_PER_MINER_HARDWARE,0.1,0.0,False,600.0,10000.0,1666.6666666666667,100.0,50000.0,17,17,0,5644.200000001224,4994355.800000017,0.0,9407000,0,50507978.00000011,14.029993888888919,6.243347280555569,0.8252937581699364,0.6640235294117649,0.11288400000002446,1.0,5000000.000000018,49,2e-06,False
500,1000000,INDEPENDENT_HEADERS_FULL_PER_MINER_BUDGET,FIXED_SLOT_IDLE,H2_FIXED_PER_MINER_HARDWARE,0.1,0.0,False,600.0,10000.0,1666.6666666666667,100.0,50000.0,17,17,0,6050.400000000421,4993949.599999972,0.0,10084000,0,50544535.99999963,14.040148888888785,6.247866255555509,0.825891111111105,0.7118117647058824,0.1210080000000084,1.0,4999999.999999972,50,2e-06,False
500,1000000,INDEPENDENT_HEADERS_FULL_PER_MINER_BUDGET,FIXED_SLOT_IDLE,H2_FIXED_PER_MINER_HARDWARE,0.1,0.0,False,600.0,10000.0,1666.6666666666667,100.0,50000.0,17,17,0,3711.9000000008737,4996288.100000004,0.0,6186500,0,50334070.99999977,13.981686388888825,6.221850443055527,0.8224521405228721,0.4366941176470588,0.07423800000001747,1.0,5000000.000000006,51,2e-06,False
500,1000000,INDEPENDENT_HEADERS_FULL_PER_MINER_BUDGET,FIXED_SLOT_IDLE,H2_FIXED_PER_MINER_HARDWARE,0.1,0.0,False,600.0,10000.0,1666.6666666666667,100.0,50000.0,17,17,0,3612.5999999997634,4996387.399999939,0.0,6021000,0,50325133.99999969,13.979203888888803,6.220745730555517,0.8223061111111061,0.42501176470588226,0.07225199999999528,1.0,4999999.9999999385,53,2e-06,False
500,1000000,INDEPENDENT_HEADERS_FULL_PER_MINER_BUDGET,FIXED_SLOT_IDLE,H2_FIXED_PER_MINER_HARDWARE,0.1,0.0,False,600.0,10000.0,1666.6666666666667,100.0,50000.0,17,17,0,6494.700000000507,4993505.300000001,0.0,10824500,0,50584522.99999941,14.051256388888726,6.252809093055483,0.8265444934640427,0.7640823529411763,0.12989400000001014,1.0,5000000.000000001,52,2e-06,False
500,1000000,INDEPENDENT_HEADERS_FULL_PER_MINER_BUDGET,FIXED_SLOT_IDLE,H2_FIXED_PER_MINER_HARDWARE,0.1,0.0,False,600.0,10000.0,1666.6666666666667,100.0,50000.0,17,17,0,4608.60000000077,4995391.40000004,0.0,7681000,0,50414774.00000019,14.004103888888944,6.23182623055558,0.8237708169934672,0.5421882352941175,0.0921720000000154,1.0,5000000.000000041,55,2e-06,False
500,1000000,INDEPENDENT_HEADERS_FULL_PER_MINER_BUDGET,FIXED_SLOT_IDLE,H2_FIXED_PER_MINER_HARDWARE,0.1,0.0,False,600.0,10000.0,1666.6666666666667,100.0,50000.0,17,17,0,6080.39999999983,4993919.599999989,0.0,10134000,0,50547236.000000276,14.040898888888966,6.24820000555559,0.8259352287581745,0.7153411764705881,0.1216079999999966,1.0,4999999.999999989,54,2e-06,False
500,1000000,INDEPENDENT_HEADERS_FULL_PER_MINER_BUDGET,FIXED_SLOT_IDLE,H2_FIXED_PER_MINER_HARDWARE,0.1,0.0,False,600.0,10000.0,1666.6666666666667,100.0,50000.0,17,17,0,7314.899999999366,4992685.099999935,0.0,12191500,0,50658340.99999938,14.071761388888717,6.261933818055479,0.8277506699346304,0.8605764705882353,0.1462979999999873,1.0,4999999.999999935,56,2e-06,False
500,1000000,INDEPENDENT_HEADERS_FULL_PER_MINER_BUDGET,FIXED_SLOT_IDLE,H2_FIXED_PER_MINER_HARDWARE,0.1,0.0,False,600.0,10000.0,1666.6666666666667,100.0,50000.0,17,17,0,5165.399999999372,4994834.599999993,0.0,8609000,0,50464885.99999993,14.01802388888887,6.238020630555547,0.8245896405228746,0.6076941176470588,0.10330799999998744,1.0,4999999.999999993,57,2e-06,False
500,1000000,INDEPENDENT_HEADERS_FULL_PER_MINER_BUDGET,FIXED_SLOT_IDLE,H2_FIXED_PER_MINER_HARDWARE,0.1,0.0,False,600.0,10000.0,1666.6666666666667,100.0,50000.0,17,17,0,7333.200000000391,4992666.799999969,0.0,12222000,0,50659988.00000054,14.072218888889038,6.262137405555622,0.8277775816993552,0.8627294117647056,0.14666400000000782,1.0,4999999.999999969,60,2e-06,False
500,1000000,INDEPENDENT_HEADERS_FULL_PER_MINER_BUDGET,FIXED_SLOT_IDLE,H2_FIXED_PER_MINER_HARDWARE,0.1,0.0,False,600.0,10000.0,1666.6666666666667,100.0,50000.0,17,17,0,4639.199999999428,4995360.799999953,0.0,7732000,0,50417528.00000055,14.004868888889042,6.232166655555624,0.8238158169934731,0.5457882352941176,0.09278399999998856,1.0,4999999.9999999525,58,2e-06,False
500,1000000,INDEPENDENT_HEADERS_FULL_PER_MINER_BUDGET,FIXED_SLOT_IDLE,H2_FIXED_PER_MINER_HARDWARE,0.1,0.0,False,600.0,10000.0,1666.6666666666667,100.0,50000.0,17,17,0,7457.399999998969,4992542.599999996,0.0,12429000,0,50671166.00000014,14.075323888888928,6.263519130555573,0.8279602287581722,0.8773411764705881,0.1491479999999794,1.0,4999999.999999994,59,2e-06,False
500,1000000,INDEPENDENT_HEADERS_FULL_PER_MINER_BUDGET,FIXED_SLOT_IDLE,H2_FIXED_PER_MINER_HARDWARE,0.1,0.0,False,600.0,10000.0,1666.6666666666667,100.0,50000.0,17,17,0,6812.100000000091,4993187.899999979,0.0,11353500,0,50613089.00000038,14.059191388888994,6.256340168055602,0.8270112581699408,0.8014235294117646,0.1362420000000018,1.0,4999999.999999979,61,2e-06,False
500,1000000,INDEPENDENT_HEADERS_FULL_PER_MINER_BUDGET,FIXED_SLOT_IDLE,H2_FIXED_PER_MINER_HARDWARE,0.1,0.0,False,600.0,10000.0,1666.6666666666667,100.0,50000.0,17,17,0,5709.600000000168,4994290.400000007,0.0,9516000,0,50513864.00000005,14.031628888888903,6.244074855555562,0.8253899346405237,0.6717176470588234,0.11419200000000335,1.0,5000000.000000007,62,2e-06,False
500,1000000,INDEPENDENT_HEADERS_FULL_PER_MINER_BUDGET,FIXED_SLOT_IDLE,H2_FIXED_PER_MINER_HARDWARE,0.1,0.0,False,600.0,10000.0,1666.6666666666667,100.0,50000.0,17,17,0,4478.400000000915,4995521.600000048,0.0,7464000,0,50403056.000000514,14.000848888889031,6.230377755555619,0.8235793464052371,0.5268705882352941,0.08956800000001829,1.0,5000000.000000049,67,2e-06,False
500,1000000,INDEPENDENT_HEADERS_FULL_PER_MINER_BUDGET,FIXED_SLOT_IDLE,H2_FIXED_PER_MINER_HARDWARE,0.1,0.0,False,600.0,10000.0,1666.6666666666667,100.0,50000.0,17,17,0,6177.000000000142,4993823.000000008,0.0,10295000,0,50555929.99999977,14.043313888888825,6.249274680555527,0.8260772875816956,0.7267058823529412,0.12354000000000284,1.0,5000000.000000008,63,2e-06,False
500,1000000,INDEPENDENT_HEADERS_FULL_PER_MINER_BUDGET,FIXED_SLOT_IDLE,H2_FIXED_PER_MINER_HARDWARE,0.1,0.0,False,600.0,10000.0,1666.6666666666667,100.0,50000.0,17,17,0,5573.39999999902,4994426.599999938,0.0,9289000,0,50501605.99999974,14.028223888888817,6.242559630555524,0.8251896405228716,0.6556941176470586,0.1114679999999804,1.0,4999999.999999938,64,2e-06,False
500,1000000,INDEPENDENT_HEADERS_FULL_PER_MINER_BUDGET,FIXED_SLOT_IDLE,H2_FIXED_PER_MINER_HARDWARE,0.1,0.0,False,600.0,10000.0,1666.6666666666667,100.0,50000.0,17,17,0,3472.800000000221,4996527.199999943,0.0,5788000,0,50312552.00000013,13.975708888888924,6.219190455555571,0.822100522875819,0.40856470588235294,0.06945600000000442,1.0,4999999.999999943,70,2e-06,False
500,1000000,INDEPENDENT_HEADERS_FULL_PER_MINER_BUDGET,FIXED_SLOT_IDLE,H2_FIXED_PER_MINER_HARDWARE,0.1,0.0,False,600.0,10000.0,1666.6666666666667,100.0,50000.0,17,17,0,6918.600000000077,4993081.400000021,0.0,11531000,0,50622673.99999972,14.06185388888881,6.25752498055552,0.8271678758169889,0.8139529411764705,0.13837200000000155,1.0,5000000.0000000205,66,2e-06,False
500,1000000,INDEPENDENT_HEADERS_FULL_PER_MINER_BUDGET,FIXED_SLOT_IDLE,H2_FIXED_PER_MINER_HARDWARE,0.1,0.0,False,600.0,10000.0,1666.6666666666667,100.0,50000.0,17,17,0,6046.800000000038,4993953.20000002,0.0,10078000,0,50544212.00000023,14.040058888888954,6.247826205555585,0.8258858169934679,0.7113882352941175,0.12093600000000077,1.0,5000000.00000002,65,2e-06,False
500,1000000,INDEPENDENT_HEADERS_FULL_PER_MINER_BUDGET,FIXED_SLOT_IDLE,H2_FIXED_PER_MINER_HARDWARE,0.1,0.0,False,600.0,10000.0,1666.6666666666667,100.0,50000.0,17,17,0,5063.400000000594,4994936.599999983,0.0,8439000,0,50455706.000000216,14.015473888888948,6.236885880555582,0.8244396405228793,0.5956941176470587,0.10126800000001189,1.0,4999999.999999983,69,2e-06,False
500,1000000,INDEPENDENT_HEADERS_FULL_PER_MINER_BUDGET,FIXED_SLOT_IDLE,H2_FIXED_PER_MINER_HARDWARE,0.1,0.0,False,600.0,10000.0,1666.6666666666667,100.0,50000.0,17,17,0,3043.200000001131,4996956.799999994,0.0,5072000,0,50273888.000000246,13.964968888888958,6.214411155555586,0.8214687581699387,0.3580235294117647,0.06086400000002262,1.0,4999999.999999995,68,2e-06,False
500,1000000,INDEPENDENT_HEADERS_FULL_PER_MINER_BUDGET,FIXED_SLOT_IDLE,H2_FIXED_PER_MINER_HARDWARE,0.1,0.0,False,600.0,10000.0,1666.6666666666667,100.0,50000.0,17,17,0,5692.499999999663,4994307.500000063,0.0,9487500,0,50512324.999999546,14.031201388888762,6.2438846180555,0.8253647875816918,0.6697058823529412,0.11384999999999325,1.0,5000000.000000063,71,2e-06,False
500,1000000,INDEPENDENT_HEADERS_FULL_PER_MINER_BUDGET,FIXED_SLOT_IDLE,H2_FIXED_PER_MINER_HARDWARE,0.1,0.0,False,600.0,10000.0,1666.6666666666667,100.0,50000.0,17,17,0,5059.499999999377,4994940.500000022,0.0,8432500,0,50455355.00000021,14.015376388888948,6.2368424930555815,0.8244339052287616,0.595235294117647,0.10118999999998754,1.0,5000000.000000021,72,2e-06,False
500,1000000,INDEPENDENT_HEADERS_FULL_PER_MINER_BUDGET,FIXED_SLOT_IDLE,H2_FIXED_PER_MINER_HARDWARE,0.1,0.0,False,600.0,10000.0,1666.6666666666667,100.0,50000.0,17,17,0,6815.4000000003,4993184.59999999,0.0,11359000,0,50613385.99999995,14.059273888888875,6.25637688055555,0.8270161111111103,0.8018117647058824,0.136308000000006,1.0,4999999.999999991,73,2e-06,False
500,1000000,INDEPENDENT_HEADERS_FULL_PER_MINER_BUDGET,FIXED_SLOT_IDLE,H2_FIXED_PER_MINER_HARDWARE,0.1,0.0,False,600.0,10000.0,1666.6666666666667,100.0,50000.0,17,17,0,7063.799999999934,4992936.200000027,0.0,11773000,0,50635741.99999969,14.065483888888801,6.259140330555517,0.827381405228753,0.8310352941176471,0.14127599999999868,1.0,5000000.000000027,74,2e-06,False
500,1000000,INDEPENDENT_HEADERS_FULL_PER_MINER_BUDGET,FIXED_SLOT_IDLE,H2_FIXED_PER_MINER_HARDWARE,0.1,0.0,False,600.0,10000.0,1666.6666666666667,100.0,50000.0,17,17,0,3871.8000000000757,4996128.199999996,0.0,6453000,0,50348462.00000023,13.985683888888953,6.2236293305555845,0.8226872875817032,0.45550588235294115,0.07743600000000152,1.0,4999999.999999996,75,2e-06,False
500,1000000,INDEPENDENT_HEADERS_FULL_PER_MINER_BUDGET,FIXED_SLOT_IDLE,H2_FIXED_PER_MINER_HARDWARE,0.1,0.0,False,600.0,10000.0,1666.6666666666667,100.0,50000.0,17,17,0,5550.0000000010805,4994450.000000003,0.0,9250000,0,50499500.00000001,14.027638888888891,6.242299305555557,0.82515522875817,0.6529411764705882,0.11100000000002161,1.0,5000000.000000004,76,2e-06,False
500,1000000,INDEPENDENT_HEADERS_FULL_PER_MINER_BUDGET,FIXED_SLOT_IDLE,H2_FIXED_PER_MINER_HARDWARE,0.1,0.0,False,600.0,10000.0,1666.6666666666667,100.0,50000.0,17,17,0,5829.600000000352,4994170.399999994,0.0,9716000,0,50524664.00000051,14.03462888888903,6.245409855555618,0.8255664052287665,0.6858352941176471,0.11659200000000705,1.0,4999999.999999994,77,2e-06,False
500,1000000,INDEPENDENT_HEADERS_FULL_PER_MINER_BUDGET,FIXED_SLOT_IDLE,H2_FIXED_PER_MINER_HARDWARE,0.1,0.0,False,600.0,10000.0,1666.6666666666667,100.0,50000.0,17,17,0,7660.800000000465,4992339.199999997,0.0,12768000,0,50689471.99999944,14.080408888888734,6.265781955555487,0.8282593464052196,0.901270588235294,0.1532160000000093,1.0,4999999.999999998,78,2e-06,False
500,1000000,INDEPENDENT_HEADERS_FULL_PER_MINER_BUDGET,FIXED_SLOT_IDLE,H2_FIXED_PER_MINER_HARDWARE,0.1,0.0,False,600.0,10000.0,1666.6666666666667,100.0,50000.0,17,17,0,5129.100000000151,4994870.899999983,0.0,8548500,0,50461618.99999995,14.017116388888875,6.237616793055549,0.8245362581699338,0.6034235294117648,0.10258200000000303,1.0,4999999.999999983,79,2e-06,False
500,1000000,INDEPENDENT_HEADERS_FULL_PER_MINER_BUDGET,FIXED_SLOT_IDLE,H2_FIXED_PER_MINER_HARDWARE,0.1,0.0,False,600.0,10000.0,1666.6666666666667,100.0,50000.0,17,17,0,5969.100000000243,4994030.899999982,0.0,9948500,0,50537219.000000276,14.038116388888966,6.24696179305559,0.8257715522875863,0.7022470588235292,0.11938200000000486,1.0,4999999.999999982,82,2e-06,False
500,1000000,INDEPENDENT_HEADERS_FULL_PER_MINER_BUDGET,FIXED_SLOT_IDLE,H2_FIXED_PER_MINER_HARDWARE,0.1,0.0,False,600.0,10000.0,1666.6666666666667,100.0,50000.0,17,17,0,4676.700000000485,4995323.299999998,0.0,7794500,0,50420903.00000056,14.005806388889043,6.232583843055624,0.8238709640522967,0.5501999999999998,0.09353400000000968,1.0,4999999.999999998,81,2e-06,False
500,1000000,INDEPENDENT_HEADERS_FULL_PER_MINER_BUDGET,FIXED_SLOT_IDLE,H2_FIXED_PER_MINER_HARDWARE,0.1,0.0,False,600.0,10000.0,1666.6666666666667,100.0,50000.0,17,17,0,6179.6999999991085,4993820.299999981,0.0,10299500,0,50556173.000000186,14.04338138888894,6.249304718055579,0.8260812581699377,0.7270235294117646,0.12359399999998216,1.0,4999999.99999998,80,2e-06,False
500,1000000,INDEPENDENT_HEADERS_FULL_PER_MINER_BUDGET,FIXED_SLOT_IDLE,H2_FIXED_PER_MINER_HARDWARE,0.1,0.0,False,600.0,10000.0,1666.6666666666667,100.0,50000.0,17,17,0,4623.30000000035,4995376.699999952,0.0,7705500,0,50416096.99999945,14.004471388888735,6.231989768055487,0.8237924346405139,0.5439176470588236,0.09246600000000701,1.0,4999999.9999999525,83,2e-06,False
500,1000000,INDEPENDENT_HEADERS_FULL_PER_MINER_BUDGET,FIXED_SLOT_IDLE,H2_FIXED_PER_MINER_HARDWARE,0.1,0.0,False,600.0,10000.0,1666.6666666666667,100.0,50000.0,17,17,0,5646.599999998834,4994353.399999952,0.0,9411000,0,50508193.999999486,14.030053888888746,6.243373980555492,0.825297287581691,0.6643058823529412,0.11293199999997669,1.0,4999999.999999951,84,2e-06,False
500,1000000,INDEPENDENT_HEADERS_FULL_PER_MINER_BUDGET,FIXED_SLOT_IDLE,H2_FIXED_PER_MINER_HARDWARE,0.1,0.0,False,600.0,10000.0,1666.6666666666667,100.0,50000.0,17,17,0,6663.300000000585,4993336.700000016,0.0,11105500,0,50599697.00000039,14.055471388888996,6.254684768055603,0.8267924346405292,0.7839176470588235,0.13326600000001168,1.0,5000000.000000017,87,2e-06,False
500,1000000,INDEPENDENT_HEADERS_FULL_PER_MINER_BUDGET,FIXED_SLOT_IDLE,H2_FIXED_PER_MINER_HARDWARE,0.1,0.0,False,600.0,10000.0,1666.6666666666667,100.0,50000.0,17,17,0,4885.8000000005195,4995114.200000002,0.0,8143000,0,50439721.99999945,14.011033888888736,6.234910080555488,0.8241784640522786,0.5747999999999999,0.09771600000001038,1.0,5000000.000000003,85,2e-06,False
500,1000000,INDEPENDENT_HEADERS_FULL_PER_MINER_BUDGET,FIXED_SLOT_IDLE,H2_FIXED_PER_MINER_HARDWARE,0.1,0.0,False,600.0,10000.0,1666.6666666666667,100.0,50000.0,17,17,0,4641.600000000579,4995358.3999999855,0.0,7736000,0,50417743.99999996,14.004928888888879,6.232193355555551,0.8238193464052281,0.5460705882352941,0.09283200000001157,1.0,4999999.999999986,86,2e-06,False
500,1000000,INDEPENDENT_HEADERS_FULL_PER_MINER_BUDGET,FIXED_SLOT_IDLE,H2_FIXED_PER_MINER_HARDWARE,0.1,0.0,False,600.0,10000.0,1666.6666666666667,100.0,50000.0,17,17,0,4583.399999998623,4995416.600000065,0.0,7639000,0,50412506.00000004,14.0034738888889,6.231545880555561,0.8237337581699353,0.5392235294117648,0.09166799999997245,1.0,5000000.000000063,88,2e-06,False
500,1000000,INDEPENDENT_HEADERS_FULL_PER_MINER_BUDGET,FIXED_SLOT_IDLE,H2_FIXED_PER_MINER_HARDWARE,0.1,0.0,False,600.0,10000.0,1666.6666666666667,100.0,50000.0,17,17,0,3357.5999999985243,4996642.399999973,0.0,5596000,0,50302184.00000012,13.972828888888921,6.21790885555557,0.821931111111113,0.3950117647058824,0.06715199999997049,1.0,4999999.999999972,93,2e-06,False
500,1000000,INDEPENDENT_HEADERS_FULL_PER_MINER_BUDGET,FIXED_SLOT_IDLE,H2_FIXED_PER_MINER_HARDWARE,0.1,0.0,False,600.0,10000.0,1666.6666666666667,100.0,50000.0,17,17,0,7670.4000000008755,4992329.600000006,0.0,12784000,0,50690335.9999995,14.080648888888751,6.265888755555494,0.8282734640522795,0.9023999999999999,0.1534080000000175,1.0,5000000.000000007,96,2e-06,False
500,1000000,INDEPENDENT_HEADERS_FULL_PER_MINER_BUDGET,FIXED_SLOT_IDLE,H2_FIXED_PER_MINER_HARDWARE,0.1,0.0,False,600.0,10000.0,1666.6666666666667,100.0,50000.0,17,17,0,3823.4999999991182,4996176.500000022,0.0,6372500,0,50344114.999999546,13.984476388888762,6.223091993055499,0.8226162581699272,0.4498235294117647,0.07646999999998236,1.0,5000000.000000021,97,2e-06,False
500,1000000,INDEPENDENT_HEADERS_FULL_PER_MINER_BUDGET,FIXED_SLOT_IDLE,H2_FIXED_PER_MINER_HARDWARE,0.1,0.0,False,600.0,10000.0,1666.6666666666667,100.0,50000.0,17,17,0,6867.299999999784,4993132.6999999685,0.0,11445500,0,50618057.00000002,14.060571388888896,6.2569542680555585,0.8270924346405233,0.8079176470588235,0.13734599999999567,1.0,4999999.999999968,90,2e-06,False
500,1000000,INDEPENDENT_HEADERS_FULL_PER_MINER_BUDGET,FIXED_SLOT_IDLE,H2_FIXED_PER_MINER_HARDWARE,0.1,0.0,False,600.0,10000.0,1666.6666666666667,100.0,50000.0,17,17,0,4736.699999999734,4995263.30000003,0.0,7894500,0,50426302.99999962,14.007306388888784,6.233251343055509,0.823959199346399,0.5572588235294118,0.09473399999999468,1.0,5000000.00000003,89,2e-06,False
500,1000000,INDEPENDENT_HEADERS_FULL_PER_MINER_BUDGET,FIXED_SLOT_IDLE,H2_FIXED_PER_MINER_HARDWARE,0.1,0.0,False,600.0,10000.0,1666.6666666666667,100.0,50000.0,17,17,0,4100.400000000277,4995899.599999974,0.0,6834000,0,50369035.999999635,13.991398888888787,6.22617250555551,0.8230234640522816,0.48239999999999994,0.08200800000000553,1.0,4999999.999999974,92,2e-06,False
500,1000000,INDEPENDENT_HEADERS_FULL_PER_MINER_BUDGET,FIXED_SLOT_IDLE,H2_FIXED_PER_MINER_HARDWARE,0.1,0.0,False,600.0,10000.0,1666.6666666666667,100.0,50000.0,17,17,0,5647.80000000032,4994352.200000041,0.0,9413000,0,50508302.00000014,14.030083888888928,6.243387330555573,0.825299052287584,0.6644470588235293,0.1129560000000064,1.0,5000000.000000042,94,2e-06,False
500,1000000,INDEPENDENT_HEADERS_FULL_PER_MINER_BUDGET,FIXED_SLOT_IDLE,H2_FIXED_PER_MINER_HARDWARE,0.1,0.0,False,600.0,10000.0,1666.6666666666667,100.0,50000.0,17,17,0,6758.400000000302,4993241.599999992,0.0,11264000,0,50608256.00000005,14.057848888888904,6.255742755555562,0.8269322875817002,0.7951058823529411,0.13516800000000603,1.0,4999999.999999993,91,2e-06,False
500,1000000,INDEPENDENT_HEADERS_FULL_PER_MINER_BUDGET,FIXED_SLOT_IDLE,H2_FIXED_PER_MINER_HARDWARE,0.1,0.0,False,600.0,10000.0,1666.6666666666667,100.0,50000.0,17,17,0,3555.8999999984767,4996444.0999999745,0.0,5926500,0,50320030.99999957,13.977786388888768,6.220114943055502,0.8222227287581628,0.41834117647058827,0.07111799999996954,1.0,4999999.999999973,99,2e-06,False
500,1000000,INDEPENDENT_HEADERS_FULL_PER_MINER_BUDGET,FIXED_SLOT_IDLE,H2_FIXED_PER_MINER_HARDWARE,0.1,0.0,False,600.0,10000.0,1666.6666666666667,100.0,50000.0,17,17,0,4278.900000000652,4995721.100000013,0.0,7131500,0,50385100.99999985,13.995861388888848,6.228158318055537,0.8232859640522852,0.5034,0.08557800000001303,1.0,5000000.000000013,95,2e-06,False
500,1000000,INDEPENDENT_HEADERS_FULL_PER_MINER_BUDGET,FIXED_SLOT_IDLE,H2_FIXED_PER_MINER_HARDWARE,0.1,0.0,False,600.0,10000.0,1666.6666666666667,100.0,50000.0,17,17,0,6627.600000000714,4993372.400000031,0.0,11046000,0,50596484.00000017,14.054578888888937,6.254287605555577,0.8267399346405258,0.7797176470588234,0.1325520000000143,1.0,5000000.000000032,98,2e-06,False
