tag,arm,N,seed,run_kind,per_miner_domain_size,per_miner_domain_size_max,C_nonce,U_nonce_run,R_nonce,rho_nonce,cross_miner_m_max,cross_miner_M_ge2,rho_exact_secondary,domain_sweeps_per_miner
primary,ND-PW,100,467376819415377580,physical,4294967296,4294967296,234000000000000000000,4294967296,233999999995705032704,0.9999999999816455,100,4294967296,0.0,544823696.0
primary,ND-PW-OFFSET,100,467376819415377580,physical,4294967296,4294967296,234000000000000000000,4294967296,233999999995705032704,0.9999999999816455,100,4294967296,0.0,544823696.0
primary,ND-PC,100,467376819415377580,physical,42949672,42949673,233999999782070517784,4294967296,233999999777775550488,0.9999999999816455,1,0,0.0,544823705.54
primary,ND-PC-NOLP,100,467376819415377580,derived,42949672,42949673,233999999782070517784,4294967296,233999999777775550488,0.9999999999816455,1,0,0.0,544823705.54
primary,ND-PW,100,2704408835578762228,physical,4294967296,4294967296,234000000000000000000,4294967296,233999999995705032704,0.9999999999816455,100,4294967296,0.0,544823696.0
primary,ND-PW-OFFSET,100,2704408835578762228,physical,4294967296,4294967296,234000000000000000000,4294967296,233999999995705032704,0.9999999999816455,100,4294967296,0.0,544823696.0
primary,ND-PC,100,2704408835578762228,physical,42949672,42949673,233999999782070517788,4294967296,233999999777775550492,0.9999999999816455,1,0,0.0,544823705.53
primary,ND-PC-NOLP,100,2704408835578762228,derived,42949672,42949673,233999999782070517788,4294967296,233999999777775550492,0.9999999999816455,1,0,0.0,544823705.53
primary,ND-PW,100,11237067994138084197,physical,4294967296,4294967296,234000000000000000000,4294967296,233999999995705032704,0.9999999999816455,100,4294967296,0.0,544823695.0
primary,ND-PW-OFFSET,100,11237067994138084197,physical,4294967296,4294967296,234000000000000000000,4294967296,233999999995705032704,0.9999999999816455,100,4294967296,0.0,544823695.0
primary,ND-PC,100,11237067994138084197,physical,42949672,42949673,233999999782070517768,4294967296,233999999777775550472,0.9999999999816455,1,0,0.0,544823705.58
primary,ND-PC-NOLP,100,11237067994138084197,derived,42949672,42949673,233999999782070517768,4294967296,233999999777775550472,0.9999999999816455,1,0,0.0,544823705.58
primary,ND-PW,100,5926412735843326529,physical,4294967296,4294967296,234000000000000000000,4294967296,233999999995705032704,0.9999999999816455,100,4294967296,0.0,544823701.0
primary,ND-PW-OFFSET,100,5926412735843326529,physical,4294967296,4294967296,234000000000000000000,4294967296,233999999995705032704,0.9999999999816455,100,4294967296,0.0,544823701.0
primary,ND-PC,100,5926412735843326529,physical,42949672,42949673,233999999782070517764,4294967296,233999999777775550468,0.9999999999816455,1,0,0.0,544823705.59
primary,ND-PC-NOLP,100,5926412735843326529,derived,42949672,42949673,233999999782070517764,4294967296,233999999777775550468,0.9999999999816455,1,0,0.0,544823705.59
primary,ND-PW,100,5192363207272324882,physical,4294967296,4294967296,234000000000000000000,4294967296,233999999995705032704,0.9999999999816455,100,4294967296,0.0,544823698.0
primary,ND-PW-OFFSET,100,5192363207272324882,physical,4294967296,4294967296,234000000000000000000,4294967296,233999999995705032704,0.9999999999816455,100,4294967296,0.0,544823698.0
primary,ND-PC,100,5192363207272324882,physical,42949672,42949673,233999999782070517784,4294967296,233999999777775550488,0.9999999999816455,1,0,0.0,544823705.54
primary,ND-PC-NOLP,100,5192363207272324882,derived,42949672,42949673,233999999782070517784,4294967296,233999999777775550488,0.9999999999816455,1,0,0.0,544823705.54
primary,ND-PW,100,14936110819278713214,physical,4294967296,4294967296,234000000000000000000,4294967296,233999999995705032704,0.9999999999816455,100,4294967296,0.0,544823697.0
primary,ND-PW-OFFSET,100,14936110819278713214,physical,4294967296,4294967296,234000000000000000000,4294967296,233999999995705032704,0.9999999999816455,100,4294967296,0.0,544823697.0
primary,ND-PC,100,14936110819278713214,physical,42949672,42949673,233999999782070517780,4294967296,233999999777775550484,0.9999999999816455,1,0,0.0,544823705.55
primary,ND-PC-NOLP,100,14936110819278713214,derived,42949672,42949673,233999999782070517780,4294967296,233999999777775550484,0.9999999999816455,1,0,0.0,544823705.55
primary,ND-PW,100,15027284727339452496,physical,4294967296,4294967296,234000000000000000000,4294967296,233999999995705032704,0.9999999999816455,100,4294967296,0.0,544823699.0
primary,ND-PW-OFFSET,100,15027284727339452496,physical,4294967296,4294967296,234000000000000000000,4294967296,233999999995705032704,0.9999999999816455,100,4294967296,0.0,544823699.0
primary,ND-PC,100,15027284727339452496,physical,42949672,42949673,233999999782070517772,4294967296,233999999777775550476,0.9999999999816455,1,0,0.0,544823705.57
primary,ND-PC-NOLP,100,15027284727339452496,derived,42949672,42949673,233999999782070517772,4294967296,233999999777775550476,0.9999999999816455,1,0,0.0,544823705.57
primary,ND-PW,100,529132900484142986,physical,4294967296,4294967296,234000000000000000000,4294967296,233999999995705032704,0.9999999999816455,100,4294967296,0.0,544823699.0
primary,ND-PW-OFFSET,100,529132900484142986,physical,4294967296,4294967296,234000000000000000000,4294967296,233999999995705032704,0.9999999999816455,100,4294967296,0.0,544823699.0
primary,ND-PC,100,529132900484142986,physical,42949672,42949673,233999999782070517772,4294967296,233999999777775550476,0.9999999999816455,1,0,0.0,544823705.57
primary,ND-PC-NOLP,100,529132900484142986,derived,42949672,42949673,233999999782070517772,4294967296,233999999777775550476,0.9999999999816455,1,0,0.0,544823705.57
primary,ND-PW,100,8583420154531566926,physical,4294967296,4294967296,234000000000000000000,4294967296,233999999995705032704,0.9999999999816455,100,4294967296,0.0,544823697.0
primary,ND-PW-OFFSET,100,8583420154531566926,physical,4294967296,4294967296,234000000000000000000,4294967296,233999999995705032704,0.9999999999816455,100,4294967296,0.0,544823697.0
primary,ND-PC,100,8583420154531566926,physical,42949672,42949673,233999999782070517780,4294967296,233999999777775550484,0.9999999999816455,1,0,0.0,544823705.55
primary,ND-PC-NOLP,100,8583420154531566926,derived,42949672,42949673,233999999782070517780,4294967296,233999999777775550484,0.9999999999816455,1,0,0.0,544823705.55
primary,ND-PW,100,16465068975321571430,physical,4294967296,4294967296,234000000000000000000,4294967296,233999999995705032704,0.9999999999816455,100,4294967296,0.0,544823698.0
primary,ND-PW-OFFSET,100,16465068975321571430,physical,4294967296,4294967296,234000000000000000000,4294967296,233999999995705032704,0.9999999999816455,100,4294967296,0.0,544823698.0
primary,ND-PC,100,16465068975321571430,physical,42949672,42949673,233999999782070517760,4294967296,233999999777775550464,0.9999999999816455,1,0,0.0,544823705.6
primary,ND-PC-NOLP,100,16465068975321571430,derived,42949672,42949673,233999999782070517760,4294967296,233999999777775550464,0.9999999999816455,1,0,0.0,544823705.6
primary,ND-PW,100,1580318165844385263,physical,4294967296,4294967296,234000000000000000000,4294967296,233999999995705032704,0.9999999999816455,100,4294967296,0.0,544823700.0
primary,ND-PW-OFFSET,100,1580318165844385263,physical,4294967296,4294967296,234000000000000000000,4294967296,233999999995705032704,0.9999999999816455,100,4294967296,0.0,544823700.0
primary,ND-PC,100,1580318165844385263,physical,42949672,42949673,233999999782070517768,4294967296,233999999777775550472,0.9999999999816455,1,0,0.0,544823705.58
primary,ND-PC-NOLP,100,1580318165844385263,derived,42949672,42949673,233999999782070517768,4294967296,233999999777775550472,0.9999999999816455,1,0,0.0,544823705.58
primary,ND-PW,100,860680765458012691,physical,4294967296,4294967296,234000000000000000000,4294967296,233999999995705032704,0.9999999999816455,100,4294967296,0.0,544823690.0
primary,ND-PW-OFFSET,100,860680765458012691,physical,4294967296,4294967296,234000000000000000000,4294967296,233999999995705032704,0.9999999999816455,100,4294967296,0.0,544823690.0
primary,ND-PC,100,860680765458012691,physical,42949672,42949673,233999999782070517804,4294967296,233999999777775550508,0.9999999999816455,1,0,0.0,544823705.49
primary,ND-PC-NOLP,100,860680765458012691,derived,42949672,42949673,233999999782070517804,4294967296,233999999777775550508,0.9999999999816455,1,0,0.0,544823705.49
primary,ND-PW,100,405674777376978405,physical,4294967296,4294967296,234000000000000000000,4294967296,233999999995705032704,0.9999999999816455,100,4294967296,0.0,544823693.0
primary,ND-PW-OFFSET,100,405674777376978405,physical,4294967296,4294967296,234000000000000000000,4294967296,233999999995705032704,0.9999999999816455,100,4294967296,0.0,544823693.0
primary,ND-PC,100,405674777376978405,physical,42949672,42949673,233999999782070517784,4294967296,233999999777775550488,0.9999999999816455,1,0,0.0,544823705.54
primary,ND-PC-NOLP,100,405674777376978405,derived,42949672,42949673,233999999782070517784,4294967296,233999999777775550488,0.9999999999816455,1,0,0.0,544823705.54
primary,ND-PW,100,5516199827559636311,physical,4294967296,4294967296,234000000000000000000,4294967296,233999999995705032704,0.9999999999816455,100,4294967296,0.0,544823697.0
primary,ND-PW-OFFSET,100,5516199827559636311,physical,4294967296,4294967296,234000000000000000000,4294967296,233999999995705032704,0.9999999999816455,100,4294967296,0.0,544823697.0
primary,ND-PC,100,5516199827559636311,physical,42949672,42949673,233999999782070517780,4294967296,233999999777775550484,0.9999999999816455,1,0,0.0,544823705.55
primary,ND-PC-NOLP,100,5516199827559636311,derived,42949672,42949673,233999999782070517780,4294967296,233999999777775550484,0.9999999999816455,1,0,0.0,544823705.55
primary,ND-PW,100,676253669661655881,physical,4294967296,4294967296,234000000000000000000,4294967296,233999999995705032704,0.9999999999816455,100,4294967296,0.0,544823698.0
primary,ND-PW-OFFSET,100,676253669661655881,physical,4294967296,4294967296,234000000000000000000,4294967296,233999999995705032704,0.9999999999816455,100,4294967296,0.0,544823698.0
primary,ND-PC,100,676253669661655881,physical,42949672,42949673,233999999782070517772,4294967296,233999999777775550476,0.9999999999816455,1,0,0.0,544823705.57
primary,ND-PC-NOLP,100,676253669661655881,derived,42949672,42949673,233999999782070517772,4294967296,233999999777775550476,0.9999999999816455,1,0,0.0,544823705.57
primary,ND-PW,100,4902971022134724746,physical,4294967296,4294967296,234000000000000000000,4294967296,233999999995705032704,0.9999999999816455,100,4294967296,0.0,544823700.0
primary,ND-PW-OFFSET,100,4902971022134724746,physical,4294967296,4294967296,234000000000000000000,4294967296,233999999995705032704,0.9999999999816455,100,4294967296,0.0,544823700.0
primary,ND-PC,100,4902971022134724746,physical,42949672,42949673,233999999782070517776,4294967296,233999999777775550480,0.9999999999816455,1,0,0.0,544823705.56
primary,ND-PC-NOLP,100,4902971022134724746,derived,42949672,42949673,233999999782070517776,4294967296,233999999777775550480,0.9999999999816455,1,0,0.0,544823705.56
primary,ND-PW,100,7985863793510020389,physical,4294967296,4294967296,234000000000000000000,4294967296,233999999995705032704,0.9999999999816455,100,4294967296,0.0,544823697.0
primary,ND-PW-OFFSET,100,7985863793510020389,physical,4294967296,4294967296,234000000000000000000,4294967296,233999999995705032704,0.9999999999816455,100,4294967296,0.0,544823697.0
primary,ND-PC,100,7985863793510020389,physical,42949672,42949673,233999999782070517776,4294967296,233999999777775550480,0.9999999999816455,1,0,0.0,544823705.56
primary,ND-PC-NOLP,100,7985863793510020389,derived,42949672,42949673,233999999782070517776,4294967296,233999999777775550480,0.9999999999816455,1,0,0.0,544823705.56
primary,ND-PW,100,5259580605389323177,physical,4294967296,4294967296,234000000000000000000,4294967296,233999999995705032704,0.9999999999816455,100,4294967296,0.0,544823697.0
primary,ND-PW-OFFSET,100,5259580605389323177,physical,4294967296,4294967296,234000000000000000000,4294967296,233999999995705032704,0.9999999999816455,100,4294967296,0.0,544823697.0
primary,ND-PC,100,5259580605389323177,physical,42949672,42949673,233999999782070517780,4294967296,233999999777775550484,0.9999999999816455,1,0,0.0,544823705.55
primary,ND-PC-NOLP,100,5259580605389323177,derived,42949672,42949673,233999999782070517780,4294967296,233999999777775550484,0.9999999999816455,1,0,0.0,544823705.55
primary,ND-PW,100,14894895525097951974,physical,4294967296,4294967296,234000000000000000000,4294967296,233999999995705032704,0.9999999999816455,100,4294967296,0.0,544823700.0
primary,ND-PW-OFFSET,100,14894895525097951974,physical,4294967296,4294967296,234000000000000000000,4294967296,233999999995705032704,0.9999999999816455,100,4294967296,0.0,544823700.0
primary,ND-PC,100,14894895525097951974,physical,42949672,42949673,233999999782070517776,4294967296,233999999777775550480,0.9999999999816455,1,0,0.0,544823705.56
primary,ND-PC-NOLP,100,14894895525097951974,derived,42949672,42949673,233999999782070517776,4294967296,233999999777775550480,0.9999999999816455,1,0,0.0,544823705.56
primary,ND-PW,100,14255052758501613198,physical,4294967296,4294967296,234000000000000000000,4294967296,233999999995705032704,0.9999999999816455,100,4294967296,0.0,544823692.0
primary,ND-PW-OFFSET,100,14255052758501613198,physical,4294967296,4294967296,234000000000000000000,4294967296,233999999995705032704,0.9999999999816455,100,4294967296,0.0,544823692.0
primary,ND-PC,100,14255052758501613198,physical,42949672,42949673,233999999782070517792,4294967296,233999999777775550496,0.9999999999816455,1,0,0.0,544823705.52
primary,ND-PC-NOLP,100,14255052758501613198,derived,42949672,42949673,233999999782070517792,4294967296,233999999777775550496,0.9999999999816455,1,0,0.0,544823705.52
primary,ND-PW,100,14970427933435388700,physical,4294967296,4294967296,234000000000000000000,4294967296,233999999995705032704,0.9999999999816455,100,4294967296,0.0,544823693.0
primary,ND-PW-OFFSET,100,14970427933435388700,physical,4294967296,4294967296,234000000000000000000,4294967296,233999999995705032704,0.9999999999816455,100,4294967296,0.0,544823693.0
primary,ND-PC,100,14970427933435388700,physical,42949672,42949673,233999999782070517784,4294967296,233999999777775550488,0.9999999999816455,1,0,0.0,544823705.54
primary,ND-PC-NOLP,100,14970427933435388700,derived,42949672,42949673,233999999782070517784,4294967296,233999999777775550488,0.9999999999816455,1,0,0.0,544823705.54
primary,ND-PW,100,6530983822519173908,physical,4294967296,4294967296,234000000000000000000,4294967296,233999999995705032704,0.9999999999816455,100,4294967296,0.0,544823690.0
primary,ND-PW-OFFSET,100,6530983822519173908,physical,4294967296,4294967296,234000000000000000000,4294967296,233999999995705032704,0.9999999999816455,100,4294967296,0.0,544823690.0
primary,ND-PC,100,6530983822519173908,physical,42949672,42949673,233999999782070517792,4294967296,233999999777775550496,0.9999999999816455,1,0,0.0,544823705.52
primary,ND-PC-NOLP,100,6530983822519173908,derived,42949672,42949673,233999999782070517792,4294967296,233999999777775550496,0.9999999999816455,1,0,0.0,544823705.52
primary,ND-PW,100,16478255227937338382,physical,4294967296,4294967296,234000000000000000000,4294967296,233999999995705032704,0.9999999999816455,100,4294967296,0.0,544823696.0
primary,ND-PW-OFFSET,100,16478255227937338382,physical,4294967296,4294967296,234000000000000000000,4294967296,233999999995705032704,0.9999999999816455,100,4294967296,0.0,544823696.0
primary,ND-PC,100,16478255227937338382,physical,42949672,42949673,233999999782070517780,4294967296,233999999777775550484,0.9999999999816455,1,0,0.0,544823705.55
primary,ND-PC-NOLP,100,16478255227937338382,derived,42949672,42949673,233999999782070517780,4294967296,233999999777775550484,0.9999999999816455,1,0,0.0,544823705.55
primary,ND-PW,100,447822293856133746,physical,4294967296,4294967296,234000000000000000000,4294967296,233999999995705032704,0.9999999999816455,100,4294967296,0.0,544823697.0
primary,ND-PW-OFFSET,100,447822293856133746,physical,4294967296,4294967296,234000000000000000000,4294967296,233999999995705032704,0.9999999999816455,100,4294967296,0.0,544823697.0
primary,ND-PC,100,447822293856133746,physical,42949672,42949673,233999999782070517772,4294967296,233999999777775550476,0.9999999999816455,1,0,0.0,544823705.57
primary,ND-PC-NOLP,100,447822293856133746,derived,42949672,42949673,233999999782070517772,4294967296,233999999777775550476,0.9999999999816455,1,0,0.0,544823705.57
primary,ND-PW,100,9364596802063509215,physical,4294967296,4294967296,234000000000000000000,4294967296,233999999995705032704,0.9999999999816455,100,4294967296,0.0,544823695.0
primary,ND-PW-OFFSET,100,9364596802063509215,physical,4294967296,4294967296,234000000000000000000,4294967296,233999999995705032704,0.9999999999816455,100,4294967296,0.0,544823695.0
primary,ND-PC,100,9364596802063509215,physical,42949672,42949673,233999999782070517780,4294967296,233999999777775550484,0.9999999999816455,1,0,0.0,544823705.55
primary,ND-PC-NOLP,100,9364596802063509215,derived,42949672,42949673,233999999782070517780,4294967296,233999999777775550484,0.9999999999816455,1,0,0.0,544823705.55
primary,ND-PW,100,6483795830361016413,physical,4294967296,4294967296,234000000000000000000,4294967296,233999999995705032704,0.9999999999816455,100,4294967296,0.0,544823700.0
primary,ND-PW-OFFSET,100,6483795830361016413,physical,4294967296,4294967296,234000000000000000000,4294967296,233999999995705032704,0.9999999999816455,100,4294967296,0.0,544823700.0
primary,ND-PC,100,6483795830361016413,physical,42949672,42949673,233999999782070517768,4294967296,233999999777775550472,0.9999999999816455,1,0,0.0,544823705.58
primary,ND-PC-NOLP,100,6483795830361016413,derived,42949672,42949673,233999999782070517768,4294967296,233999999777775550472,0.9999999999816455,1,0,0.0,544823705.58
primary,ND-PW,100,13726057523507487050,physical,4294967296,4294967296,234000000000000000000,4294967296,233999999995705032704,0.9999999999816455,100,4294967296,0.0,544823695.0
primary,ND-PW-OFFSET,100,13726057523507487050,physical,4294967296,4294967296,234000000000000000000,4294967296,233999999995705032704,0.9999999999816455,100,4294967296,0.0,544823695.0
primary,ND-PC,100,13726057523507487050,physical,42949672,42949673,233999999782070517788,4294967296,233999999777775550492,0.9999999999816455,1,0,0.0,544823705.53
primary,ND-PC-NOLP,100,13726057523507487050,derived,42949672,42949673,233999999782070517788,4294967296,233999999777775550492,0.9999999999816455,1,0,0.0,544823705.53
primary,ND-PW,100,592649121540029029,physical,4294967296,4294967296,234000000000000000000,4294967296,233999999995705032704,0.9999999999816455,100,4294967296,0.0,544823696.0
primary,ND-PW-OFFSET,100,592649121540029029,physical,4294967296,4294967296,234000000000000000000,4294967296,233999999995705032704,0.9999999999816455,100,4294967296,0.0,544823696.0
primary,ND-PC,100,592649121540029029,physical,42949672,42949673,233999999782070517780,4294967296,233999999777775550484,0.9999999999816455,1,0,0.0,544823705.55
primary,ND-PC-NOLP,100,592649121540029029,derived,42949672,42949673,233999999782070517780,4294967296,233999999777775550484,0.9999999999816455,1,0,0.0,544823705.55
primary,ND-PW,100,13234303622947097637,physical,4294967296,4294967296,234000000000000000000,4294967296,233999999995705032704,0.9999999999816455,100,4294967296,0.0,544823695.0
primary,ND-PW-OFFSET,100,13234303622947097637,physical,4294967296,4294967296,234000000000000000000,4294967296,233999999995705032704,0.9999999999816455,100,4294967296,0.0,544823695.0
primary,ND-PC,100,13234303622947097637,physical,42949672,42949673,233999999782070517788,4294967296,233999999777775550492,0.9999999999816455,1,0,0.0,544823705.53
primary,ND-PC-NOLP,100,13234303622947097637,derived,42949672,42949673,233999999782070517788,4294967296,233999999777775550492,0.9999999999816455,1,0,0.0,544823705.53
primary,ND-PW,100,17788360996555233988,physical,4294967296,4294967296,234000000000000000000,4294967296,233999999995705032704,0.9999999999816455,100,4294967296,0.0,544823697.0
primary,ND-PW-OFFSET,100,17788360996555233988,physical,4294967296,4294967296,234000000000000000000,4294967296,233999999995705032704,0.9999999999816455,100,4294967296,0.0,544823697.0
primary,ND-PC,100,17788360996555233988,physical,42949672,42949673,233999999782070517780,4294967296,233999999777775550484,0.9999999999816455,1,0,0.0,544823705.55
primary,ND-PC-NOLP,100,17788360996555233988,derived,42949672,42949673,233999999782070517780,4294967296,233999999777775550484,0.9999999999816455,1,0,0.0,544823705.55
primary,ND-PW,200,467376819415377580,physical,4294967296,4294967296,468000000000000000000,4294967296,467999999995705032704,0.9999999999908227,200,4294967296,0.0,544823696.0
primary,ND-PW-OFFSET,200,467376819415377580,physical,4294967296,4294967296,468000000000000000000,4294967296,467999999995705032704,0.9999999999908227,200,4294967296,0.0,544823696.0
primary,ND-PC,200,467376819415377580,physical,21474836,21474837,467999988667667187576,4294967296,467999988663372220280,0.9999999999908227,1,0,0.0,544823692.905
primary,ND-PC-NOLP,200,467376819415377580,derived,21474836,21474837,467999988667667187576,4294967296,467999988663372220280,0.9999999999908227,1,0,0.0,544823692.905
primary,ND-PW,200,2704408835578762228,physical,4294967296,4294967296,468000000000000000000,4294967296,467999999995705032704,0.9999999999908227,200,4294967296,0.0,544823696.0
primary,ND-PW-OFFSET,200,2704408835578762228,physical,4294967296,4294967296,468000000000000000000,4294967296,467999999995705032704,0.9999999999908227,200,4294967296,0.0,544823696.0
primary,ND-PC,200,2704408835578762228,physical,21474836,21474837,467999988667667187784,4294967296,467999988663372220488,0.9999999999908227,1,0,0.0,544823692.895
primary,ND-PC-NOLP,200,2704408835578762228,derived,21474836,21474837,467999988667667187784,4294967296,467999988663372220488,0.9999999999908227,1,0,0.0,544823692.895
primary,ND-PW,200,11237067994138084197,physical,4294967296,4294967296,468000000000000000000,4294967296,467999999995705032704,0.9999999999908227,200,4294967296,0.0,544823695.0
primary,ND-PW-OFFSET,200,11237067994138084197,physical,4294967296,4294967296,468000000000000000000,4294967296,467999999995705032704,0.9999999999908227,200,4294967296,0.0,544823695.0
primary,ND-PC,200,11237067994138084197,physical,21474836,21474837,467999988667667187264,4294967296,467999988663372219968,0.9999999999908227,1,0,0.0,544823692.92
primary,ND-PC-NOLP,200,11237067994138084197,derived,21474836,21474837,467999988667667187264,4294967296,467999988663372219968,0.9999999999908227,1,0,0.0,544823692.92
primary,ND-PW,200,5926412735843326529,physical,4294967296,4294967296,468000000000000000000,4294967296,467999999995705032704,0.9999999999908227,200,4294967296,0.0,544823701.0
primary,ND-PW-OFFSET,200,5926412735843326529,physical,4294967296,4294967296,468000000000000000000,4294967296,467999999995705032704,0.9999999999908227,200,4294967296,0.0,544823701.0
primary,ND-PC,200,5926412735843326529,physical,21474836,21474837,467999988667667187056,4294967296,467999988663372219760,0.9999999999908227,1,0,0.0,544823692.93
primary,ND-PC-NOLP,200,5926412735843326529,derived,21474836,21474837,467999988667667187056,4294967296,467999988663372219760,0.9999999999908227,1,0,0.0,544823692.93
primary,ND-PW,200,5192363207272324882,physical,4294967296,4294967296,468000000000000000000,4294967296,467999999995705032704,0.9999999999908227,200,4294967296,0.0,544823698.0
primary,ND-PW-OFFSET,200,5192363207272324882,physical,4294967296,4294967296,468000000000000000000,4294967296,467999999995705032704,0.9999999999908227,200,4294967296,0.0,544823698.0
primary,ND-PC,200,5192363207272324882,physical,21474836,21474837,467999988667667187160,4294967296,467999988663372219864,0.9999999999908227,1,0,0.0,544823692.925
primary,ND-PC-NOLP,200,5192363207272324882,derived,21474836,21474837,467999988667667187160,4294967296,467999988663372219864,0.9999999999908227,1,0,0.0,544823692.925
primary,ND-PW,200,14936110819278713214,physical,4294967296,4294967296,468000000000000000000,4294967296,467999999995705032704,0.9999999999908227,200,4294967296,0.0,544823697.0
primary,ND-PW-OFFSET,200,14936110819278713214,physical,4294967296,4294967296,468000000000000000000,4294967296,467999999995705032704,0.9999999999908227,200,4294967296,0.0,544823697.0
primary,ND-PC,200,14936110819278713214,physical,21474836,21474837,467999988667667187576,4294967296,467999988663372220280,0.9999999999908227,1,0,0.0,544823692.905
primary,ND-PC-NOLP,200,14936110819278713214,derived,21474836,21474837,467999988667667187576,4294967296,467999988663372220280,0.9999999999908227,1,0,0.0,544823692.905
primary,ND-PW,200,15027284727339452496,physical,4294967296,4294967296,468000000000000000000,4294967296,467999999995705032704,0.9999999999908227,200,4294967296,0.0,544823699.0
primary,ND-PW-OFFSET,200,15027284727339452496,physical,4294967296,4294967296,468000000000000000000,4294967296,467999999995705032704,0.9999999999908227,200,4294967296,0.0,544823699.0
primary,ND-PC,200,15027284727339452496,physical,21474836,21474837,467999988667667187264,4294967296,467999988663372219968,0.9999999999908227,1,0,0.0,544823692.92
primary,ND-PC-NOLP,200,15027284727339452496,derived,21474836,21474837,467999988667667187264,4294967296,467999988663372219968,0.9999999999908227,1,0,0.0,544823692.92
primary,ND-PW,200,529132900484142986,physical,4294967296,4294967296,468000000000000000000,4294967296,467999999995705032704,0.9999999999908227,200,4294967296,0.0,544823699.0
primary,ND-PW-OFFSET,200,529132900484142986,physical,4294967296,4294967296,468000000000000000000,4294967296,467999999995705032704,0.9999999999908227,200,4294967296,0.0,544823699.0
primary,ND-PC,200,529132900484142986,physical,21474836,21474837,467999988667667187160,4294967296,467999988663372219864,0.9999999999908227,1,0,0.0,544823692.925
primary,ND-PC-NOLP,200,529132900484142986,derived,21474836,21474837,467999988667667187160,4294967296,467999988663372219864,0.9999999999908227,1,0,0.0,544823692.925
primary,ND-PW,200,8583420154531566926,physical,4294967296,4294967296,468000000000000000000,4294967296,467999999995705032704,0.9999999999908227,200,4294967296,0.0,544823697.0
primary,ND-PW-OFFSET,200,8583420154531566926,physical,4294967296,4294967296,468000000000000000000,4294967296,467999999995705032704,0.9999999999908227,200,4294967296,0.0,544823697.0
primary,ND-PC,200,8583420154531566926,physical,21474836,21474837,467999988667667187264,4294967296,467999988663372219968,0.9999999999908227,1,0,0.0,544823692.92
primary,ND-PC-NOLP,200,8583420154531566926,derived,21474836,21474837,467999988667667187264,4294967296,467999988663372219968,0.9999999999908227,1,0,0.0,544823692.92
primary,ND-PW,200,16465068975321571430,physical,4294967296,4294967296,468000000000000000000,4294967296,467999999995705032704,0.9999999999908227,200,4294967296,0.0,544823698.0
primary,ND-PW-OFFSET,200,16465068975321571430,physical,4294967296,4294967296,468000000000000000000,4294967296,467999999995705032704,0.9999999999908227,200,4294967296,0.0,544823698.0
primary,ND-PC,200,16465068975321571430,physical,21474836,21474837,467999988667667187056,4294967296,467999988663372219760,0.9999999999908227,1,0,0.0,544823692.93
primary,ND-PC-NOLP,200,16465068975321571430,derived,21474836,21474837,467999988667667187056,4294967296,467999988663372219760,0.9999999999908227,1,0,0.0,544823692.93
primary,ND-PW,200,1580318165844385263,physical,4294967296,4294967296,468000000000000000000,4294967296,467999999995705032704,0.9999999999908227,200,4294967296,0.0,544823700.0
primary,ND-PW-OFFSET,200,1580318165844385263,physical,4294967296,4294967296,468000000000000000000,4294967296,467999999995705032704,0.9999999999908227,200,4294967296,0.0,544823700.0
primary,ND-PC,200,1580318165844385263,physical,21474836,21474837,467999988667667187160,4294967296,467999988663372219864,0.9999999999908227,1,0,0.0,544823692.925
primary,ND-PC-NOLP,200,1580318165844385263,derived,21474836,21474837,467999988667667187160,4294967296,467999988663372219864,0.9999999999908227,1,0,0.0,544823692.925
primary,ND-PW,200,860680765458012691,physical,4294967296,4294967296,468000000000000000000,4294967296,467999999995705032704,0.9999999999908227,200,4294967296,0.0,544823690.0
primary,ND-PW-OFFSET,200,860680765458012691,physical,4294967296,4294967296,468000000000000000000,4294967296,467999999995705032704,0.9999999999908227,200,4294967296,0.0,544823690.0
primary,ND-PC,200,860680765458012691,physical,21474836,21474837,467999988667667187888,4294967296,467999988663372220592,0.9999999999908227,1,0,0.0,544823692.89
primary,ND-PC-NOLP,200,860680765458012691,derived,21474836,21474837,467999988667667187888,4294967296,467999988663372220592,0.9999999999908227,1,0,0.0,544823692.89
primary,ND-PW,200,405674777376978405,physical,4294967296,4294967296,468000000000000000000,4294967296,467999999995705032704,0.9999999999908227,200,4294967296,0.0,544823693.0
primary,ND-PW-OFFSET,200,405674777376978405,physical,4294967296,4294967296,468000000000000000000,4294967296,467999999995705032704,0.9999999999908227,200,4294967296,0.0,544823693.0
primary,ND-PC,200,405674777376978405,physical,21474836,21474837,467999988667667187576,4294967296,467999988663372220280,0.9999999999908227,1,0,0.0,544823692.905
primary,ND-PC-NOLP,200,405674777376978405,derived,21474836,21474837,467999988667667187576,4294967296,467999988663372220280,0.9999999999908227,1,0,0.0,544823692.905
primary,ND-PW,200,5516199827559636311,physical,4294967296,4294967296,468000000000000000000,4294967296,467999999995705032704,0.9999999999908227,200,4294967296,0.0,544823697.0
primary,ND-PW-OFFSET,200,5516199827559636311,physical,4294967296,4294967296,468000000000000000000,4294967296,467999999995705032704,0.9999999999908227,200,4294967296,0.0,544823697.0
primary,ND-PC,200,5516199827559636311,physical,21474836,21474837,467999988667667187368,4294967296,467999988663372220072,0.9999999999908227,1,0,0.0,544823692.915
primary,ND-PC-NOLP,200,5516199827559636311,derived,21474836,21474837,467999988667667187368,4294967296,467999988663372220072,0.9999999999908227,1,0,0.0,544823692.915
primary,ND-PW,200,676253669661655881,physical,4294967296,4294967296,468000000000000000000,4294967296,467999999995705032704,0.9999999999908227,200,4294967296,0.0,544823698.0
primary,ND-PW-OFFSET,200,676253669661655881,physical,4294967296,4294967296,468000000000000000000,4294967296,467999999995705032704,0.9999999999908227,200,4294967296,0.0,544823698.0
primary,ND-PC,200,676253669661655881,physical,21474836,21474837,467999988667667187264,4294967296,467999988663372219968,0.9999999999908227,1,0,0.0,544823692.92
primary,ND-PC-NOLP,200,676253669661655881,derived,21474836,21474837,467999988667667187264,4294967296,467999988663372219968,0.9999999999908227,1,0,0.0,544823692.92
primary,ND-PW,200,4902971022134724746,physical,4294967296,4294967296,468000000000000000000,4294967296,467999999995705032704,0.9999999999908227,200,4294967296,0.0,544823700.0
primary,ND-PW-OFFSET,200,4902971022134724746,physical,4294967296,4294967296,468000000000000000000,4294967296,467999999995705032704,0.9999999999908227,200,4294967296,0.0,544823700.0
primary,ND-PC,200,4902971022134724746,physical,21474836,21474837,467999988667667187472,4294967296,467999988663372220176,0.9999999999908227,1,0,0.0,544823692.91
primary,ND-PC-NOLP,200,4902971022134724746,derived,21474836,21474837,467999988667667187472,4294967296,467999988663372220176,0.9999999999908227,1,0,0.0,544823692.91
primary,ND-PW,200,7985863793510020389,physical,4294967296,4294967296,468000000000000000000,4294967296,467999999995705032704,0.9999999999908227,200,4294967296,0.0,544823697.0
primary,ND-PW-OFFSET,200,7985863793510020389,physical,4294967296,4294967296,468000000000000000000,4294967296,467999999995705032704,0.9999999999908227,200,4294967296,0.0,544823697.0
primary,ND-PC,200,7985863793510020389,physical,21474836,21474837,467999988667667187264,4294967296,467999988663372219968,0.9999999999908227,1,0,0.0,544823692.92
primary,ND-PC-NOLP,200,7985863793510020389,derived,21474836,21474837,467999988667667187264,4294967296,467999988663372219968,0.9999999999908227,1,0,0.0,544823692.92
primary,ND-PW,200,5259580605389323177,physical,4294967296,4294967296,468000000000000000000,4294967296,467999999995705032704,0.9999999999908227,200,4294967296,0.0,544823697.0
primary,ND-PW-OFFSET,200,5259580605389323177,physical,4294967296,4294967296,468000000000000000000,4294967296,467999999995705032704,0.9999999999908227,200,4294967296,0.0,544823697.0
primary,ND-PC,200,5259580605389323177,physical,21474836,21474837,467999988667667187368,4294967296,467999988663372220072,0.9999999999908227,1,0,0.0,544823692.915
primary,ND-PC-NOLP,200,5259580605389323177,derived,21474836,21474837,467999988667667187368,4294967296,467999988663372220072,0.9999999999908227,1,0,0.0,544823692.915
primary,ND-PW,200,14894895525097951974,physical,4294967296,4294967296,468000000000000000000,4294967296,467999999995705032704,0.9999999999908227,200,4294967296,0.0,544823700.0
primary,ND-PW-OFFSET,200,14894895525097951974,physical,4294967296,4294967296,468000000000000000000,4294967296,467999999995705032704,0.9999999999908227,200,4294967296,0.0,544823700.0
primary,ND-PC,200,14894895525097951974,physical,21474836,21474837,467999988667667187264,4294967296,467999988663372219968,0.9999999999908227,1,0,0.0,544823692.92
primary,ND-PC-NOLP,200,14894895525097951974,derived,21474836,21474837,467999988667667187264,4294967296,467999988663372219968,0.9999999999908227,1,0,0.0,544823692.92
primary,ND-PW,200,14255052758501613198,physical,4294967296,4294967296,468000000000000000000,4294967296,467999999995705032704,0.9999999999908227,200,4294967296,0.0,544823692.0
primary,ND-PW-OFFSET,200,14255052758501613198,physical,4294967296,4294967296,468000000000000000000,4294967296,467999999995705032704,0.9999999999908227,200,4294967296,0.0,544823692.0
primary,ND-PC,200,14255052758501613198,physical,21474836,21474837,467999988667667187992,4294967296,467999988663372220696,0.9999999999908227,1,0,0.0,544823692.885
primary,ND-PC-NOLP,200,14255052758501613198,derived,21474836,21474837,467999988667667187992,4294967296,467999988663372220696,0.9999999999908227,1,0,0.0,544823692.885
primary,ND-PW,200,14970427933435388700,physical,4294967296,4294967296,468000000000000000000,4294967296,467999999995705032704,0.9999999999908227,200,4294967296,0.0,544823693.0
primary,ND-PW-OFFSET,200,14970427933435388700,physical,4294967296,4294967296,468000000000000000000,4294967296,467999999995705032704,0.9999999999908227,200,4294967296,0.0,544823693.0
primary,ND-PC,200,14970427933435388700,physical,21474836,21474837,467999988667667187784,4294967296,467999988663372220488,0.9999999999908227,1,0,0.0,544823692.895
primary,ND-PC-NOLP,200,14970427933435388700,derived,21474836,21474837,467999988667667187784,4294967296,467999988663372220488,0.9999999999908227,1,0,0.0,544823692.895
primary,ND-PW,200,6530983822519173908,physical,4294967296,4294967296,468000000000000000000,4294967296,467999999995705032704,0.9999999999908227,200,4294967296,0.0,544823690.0
primary,ND-PW-OFFSET,200,6530983822519173908,physical,4294967296,4294967296,468000000000000000000,4294967296,467999999995705032704,0.9999999999908227,200,4294967296,0.0,544823690.0
primary,ND-PC,200,6530983822519173908,physical,21474836,21474837,467999988667667187784,4294967296,467999988663372220488,0.9999999999908227,1,0,0.0,544823692.895
primary,ND-PC-NOLP,200,6530983822519173908,derived,21474836,21474837,467999988667667187784,4294967296,467999988663372220488,0.9999999999908227,1,0,0.0,544823692.895
primary,ND-PW,200,16478255227937338382,physical,4294967296,4294967296,468000000000000000000,4294967296,467999999995705032704,0.9999999999908227,200,4294967296,0.0,544823696.0
primary,ND-PW-OFFSET,200,16478255227937338382,physical,4294967296,4294967296,468000000000000000000,4294967296,467999999995705032704,0.9999999999908227,200,4294967296,0.0,544823696.0
primary,ND-PC,200,16478255227937338382,physical,21474836,21474837,467999988667667187264,4294967296,467999988663372219968,0.9999999999908227,1,0,0.0,544823692.92
primary,ND-PC-NOLP,200,16478255227937338382,derived,21474836,21474837,467999988667667187264,4294967296,467999988663372219968,0.9999999999908227,1,0,0.0,544823692.92
primary,ND-PW,200,447822293856133746,physical,4294967296,4294967296,468000000000000000000,4294967296,467999999995705032704,0.9999999999908227,200,4294967296,0.0,544823697.0
primary,ND-PW-OFFSET,200,447822293856133746,physical,4294967296,4294967296,468000000000000000000,4294967296,467999999995705032704,0.9999999999908227,200,4294967296,0.0,544823697.0
primary,ND-PC,200,447822293856133746,physical,21474836,21474837,467999988667667187368,4294967296,467999988663372220072,0.9999999999908227,1,0,0.0,544823692.915
primary,ND-PC-NOLP,200,447822293856133746,derived,21474836,21474837,467999988667667187368,4294967296,467999988663372220072,0.9999999999908227,1,0,0.0,544823692.915
primary,ND-PW,200,9364596802063509215,physical,4294967296,4294967296,468000000000000000000,4294967296,467999999995705032704,0.9999999999908227,200,4294967296,0.0,544823695.0
primary,ND-PW-OFFSET,200,9364596802063509215,physical,4294967296,4294967296,468000000000000000000,4294967296,467999999995705032704,0.9999999999908227,200,4294967296,0.0,544823695.0
primary,ND-PC,200,9364596802063509215,physical,21474836,21474837,467999988667667187472,4294967296,467999988663372220176,0.9999999999908227,1,0,0.0,544823692.91
primary,ND-PC-NOLP,200,9364596802063509215,derived,21474836,21474837,467999988667667187472,4294967296,467999988663372220176,0.9999999999908227,1,0,0.0,544823692.91
primary,ND-PW,200,6483795830361016413,physical,4294967296,4294967296,468000000000000000000,4294967296,467999999995705032704,0.9999999999908227,200,4294967296,0.0,544823700.0
primary,ND-PW-OFFSET,200,6483795830361016413,physical,4294967296,4294967296,468000000000000000000,4294967296,467999999995705032704,0.9999999999908227,200,4294967296,0.0,544823700.0
primary,ND-PC,200,6483795830361016413,physical,21474836,21474837,467999988667667187160,4294967296,467999988663372219864,0.9999999999908227,1,0,0.0,544823692.925
primary,ND-PC-NOLP,200,6483795830361016413,derived,21474836,21474837,467999988667667187160,4294967296,467999988663372219864,0.9999999999908227,1,0,0.0,544823692.925
primary,ND-PW,200,13726057523507487050,physical,4294967296,4294967296,468000000000000000000,4294967296,467999999995705032704,0.9999999999908227,200,4294967296,0.0,544823695.0
primary,ND-PW-OFFSET,200,13726057523507487050,physical,4294967296,4294967296,468000000000000000000,4294967296,467999999995705032704,0.9999999999908227,200,4294967296,0.0,544823695.0
primary,ND-PC,200,13726057523507487050,physical,21474836,21474837,467999988667667187680,4294967296,467999988663372220384,0.9999999999908227,1,0,0.0,544823692.9
primary,ND-PC-NOLP,200,13726057523507487050,derived,21474836,21474837,467999988667667187680,4294967296,467999988663372220384,0.9999999999908227,1,0,0.0,544823692.9
primary,ND-PW,200,592649121540029029,physical,4294967296,4294967296,468000000000000000000,4294967296,467999999995705032704,0.9999999999908227,200,4294967296,0.0,544823696.0
primary,ND-PW-OFFSET,200,592649121540029029,physical,4294967296,4294967296,468000000000000000000,4294967296,467999999995705032704,0.9999999999908227,200,4294967296,0.0,544823696.0
primary,ND-PC,200,592649121540029029,physical,21474836,21474837,467999988667667187576,4294967296,467999988663372220280,0.9999999999908227,1,0,0.0,544823692.905
primary,ND-PC-NOLP,200,592649121540029029,derived,21474836,21474837,467999988667667187576,4294967296,467999988663372220280,0.9999999999908227,1,0,0.0,544823692.905
primary,ND-PW,200,13234303622947097637,physical,4294967296,4294967296,468000000000000000000,4294967296,467999999995705032704,0.9999999999908227,200,4294967296,0.0,544823695.0
primary,ND-PW-OFFSET,200,13234303622947097637,physical,4294967296,4294967296,468000000000000000000,4294967296,467999999995705032704,0.9999999999908227,200,4294967296,0.0,544823695.0
primary,ND-PC,200,13234303622947097637,physical,21474836,21474837,467999988667667187784,4294967296,467999988663372220488,0.9999999999908227,1,0,0.0,544823692.895
primary,ND-PC-NOLP,200,13234303622947097637,derived,21474836,21474837,467999988667667187784,4294967296,467999988663372220488,0.9999999999908227,1,0,0.0,544823692.895
primary,ND-PW,200,17788360996555233988,physical,4294967296,4294967296,468000000000000000000,4294967296,467999999995705032704,0.9999999999908227,200,4294967296,0.0,544823697.0
primary,ND-PW-OFFSET,200,17788360996555233988,physical,4294967296,4294967296,468000000000000000000,4294967296,467999999995705032704,0.9999999999908227,200,4294967296,0.0,544823697.0
primary,ND-PC,200,17788360996555233988,physical,21474836,21474837,467999988667667187472,4294967296,467999988663372220176,0.9999999999908227,1,0,0.0,544823692.91
primary,ND-PC-NOLP,200,17788360996555233988,derived,21474836,21474837,467999988667667187472,4294967296,467999988663372220176,0.9999999999908227,1,0,0.0,544823692.91
primary,ND-PW,300,467376819415377580,physical,4294967296,4294967296,702000000000000000000,4294967296,701999999995705032704,0.9999999999938818,300,4294967296,0.0,544823696.0
primary,ND-PW-OFFSET,300,467376819415377580,physical,4294967296,4294967296,702000000000000000000,4294967296,701999999995705032704,0.9999999999938818,300,4294967296,0.0,544823696.0
primary,ND-PC,300,467376819415377580,physical,14316557,14316558,701999983001500780480,4294967296,701999982997205813184,0.9999999999938818,1,0,0.0,544823692.9333333
primary,ND-PC-NOLP,300,467376819415377580,derived,14316557,14316558,701999983001500780480,4294967296,701999982997205813184,0.9999999999938818,1,0,0.0,544823692.9333333
primary,ND-PW,300,2704408835578762228,physical,4294967296,4294967296,702000000000000000000,4294967296,701999999995705032704,0.9999999999938818,300,4294967296,0.0,544823696.0
primary,ND-PW-OFFSET,300,2704408835578762228,physical,4294967296,4294967296,702000000000000000000,4294967296,701999999995705032704,0.9999999999938818,300,4294967296,0.0,544823696.0
primary,ND-PC,300,2704408835578762228,physical,14316557,14316558,701999983001500781104,4294967296,701999982997205813808,0.9999999999938818,1,0,0.0,544823692.9133333
primary,ND-PC-NOLP,300,2704408835578762228,derived,14316557,14316558,701999983001500781104,4294967296,701999982997205813808,0.9999999999938818,1,0,0.0,544823692.9133333
primary,ND-PW,300,11237067994138084197,physical,4294967296,4294967296,702000000000000000000,4294967296,701999999995705032704,0.9999999999938818,300,4294967296,0.0,544823695.0
primary,ND-PW-OFFSET,300,11237067994138084197,physical,4294967296,4294967296,702000000000000000000,4294967296,701999999995705032704,0.9999999999938818,300,4294967296,0.0,544823695.0
primary,ND-PC,300,11237067994138084197,physical,14316557,14316558,701999983001500780792,4294967296,701999982997205813496,0.9999999999938818,1,0,0.0,544823692.9233333
primary,ND-PC-NOLP,300,11237067994138084197,derived,14316557,14316558,701999983001500780792,4294967296,701999982997205813496,0.9999999999938818,1,0,0.0,544823692.9233333
primary,ND-PW,300,5926412735843326529,physical,4294967296,4294967296,702000000000000000000,4294967296,701999999995705032704,0.9999999999938818,300,4294967296,0.0,544823701.0
primary,ND-PW-OFFSET,300,5926412735843326529,physical,4294967296,4294967296,702000000000000000000,4294967296,701999999995705032704,0.9999999999938818,300,4294967296,0.0,544823701.0
primary,ND-PC,300,5926412735843326529,physical,14316557,14316558,701999983001500780272,4294967296,701999982997205812976,0.9999999999938818,1,0,0.0,544823692.94
primary,ND-PC-NOLP,300,5926412735843326529,derived,14316557,14316558,701999983001500780272,4294967296,701999982997205812976,0.9999999999938818,1,0,0.0,544823692.94
primary,ND-PW,300,5192363207272324882,physical,4294967296,4294967296,702000000000000000000,4294967296,701999999995705032704,0.9999999999938818,300,4294967296,0.0,544823698.0
primary,ND-PW-OFFSET,300,5192363207272324882,physical,4294967296,4294967296,702000000000000000000,4294967296,701999999995705032704,0.9999999999938818,300,4294967296,0.0,544823698.0
primary,ND-PC,300,5192363207272324882,physical,14316557,14316558,701999983001500780792,4294967296,701999982997205813496,0.9999999999938818,1,0,0.0,544823692.9233333
primary,ND-PC-NOLP,300,5192363207272324882,derived,14316557,14316558,701999983001500780792,4294967296,701999982997205813496,0.9999999999938818,1,0,0.0,544823692.9233333
primary,ND-PW,300,14936110819278713214,physical,4294967296,4294967296,702000000000000000000,4294967296,701999999995705032704,0.9999999999938818,300,4294967296,0.0,544823697.0
primary,ND-PW-OFFSET,300,14936110819278713214,physical,4294967296,4294967296,702000000000000000000,4294967296,701999999995705032704,0.9999999999938818,300,4294967296,0.0,544823697.0
primary,ND-PC,300,14936110819278713214,physical,14316557,14316558,701999983001500780896,4294967296,701999982997205813600,0.9999999999938818,1,0,0.0,544823692.92
primary,ND-PC-NOLP,300,14936110819278713214,derived,14316557,14316558,701999983001500780896,4294967296,701999982997205813600,0.9999999999938818,1,0,0.0,544823692.92
primary,ND-PW,300,15027284727339452496,physical,4294967296,4294967296,702000000000000000000,4294967296,701999999995705032704,0.9999999999938818,300,4294967296,0.0,544823699.0
primary,ND-PW-OFFSET,300,15027284727339452496,physical,4294967296,4294967296,702000000000000000000,4294967296,701999999995705032704,0.9999999999938818,300,4294967296,0.0,544823699.0
primary,ND-PC,300,15027284727339452496,physical,14316557,14316558,701999983001500780584,4294967296,701999982997205813288,0.9999999999938818,1,0,0.0,544823692.93
primary,ND-PC-NOLP,300,15027284727339452496,derived,14316557,14316558,701999983001500780584,4294967296,701999982997205813288,0.9999999999938818,1,0,0.0,544823692.93
primary,ND-PW,300,529132900484142986,physical,4294967296,4294967296,702000000000000000000,4294967296,701999999995705032704,0.9999999999938818,300,4294967296,0.0,544823699.0
primary,ND-PW-OFFSET,300,529132900484142986,physical,4294967296,4294967296,702000000000000000000,4294967296,701999999995705032704,0.9999999999938818,300,4294967296,0.0,544823699.0
primary,ND-PC,300,529132900484142986,physical,14316557,14316558,701999983001500780480,4294967296,701999982997205813184,0.9999999999938818,1,0,0.0,544823692.9333333
primary,ND-PC-NOLP,300,529132900484142986,derived,14316557,14316558,701999983001500780480,4294967296,701999982997205813184,0.9999999999938818,1,0,0.0,544823692.9333333
primary,ND-PW,300,8583420154531566926,physical,4294967296,4294967296,702000000000000000000,4294967296,701999999995705032704,0.9999999999938818,300,4294967296,0.0,544823697.0
primary,ND-PW-OFFSET,300,8583420154531566926,physical,4294967296,4294967296,702000000000000000000,4294967296,701999999995705032704,0.9999999999938818,300,4294967296,0.0,544823697.0
primary,ND-PC,300,8583420154531566926,physical,14316557,14316558,701999983001500780688,4294967296,701999982997205813392,0.9999999999938818,1,0,0.0,544823692.9266666
primary,ND-PC-NOLP,300,8583420154531566926,derived,14316557,14316558,701999983001500780688,4294967296,701999982997205813392,0.9999999999938818,1,0,0.0,544823692.9266666
primary,ND-PW,300,16465068975321571430,physical,4294967296,4294967296,702000000000000000000,4294967296,701999999995705032704,0.9999999999938818,300,4294967296,0.0,544823698.0
primary,ND-PW-OFFSET,300,16465068975321571430,physical,4294967296,4294967296,702000000000000000000,4294967296,701999999995705032704,0.9999999999938818,300,4294967296,0.0,544823698.0
primary,ND-PC,300,16465068975321571430,physical,14316557,14316558,701999983001500780272,4294967296,701999982997205812976,0.9999999999938818,1,0,0.0,544823692.94
primary,ND-PC-NOLP,300,16465068975321571430,derived,14316557,14316558,701999983001500780272,4294967296,701999982997205812976,0.9999999999938818,1,0,0.0,544823692.94
primary,ND-PW,300,1580318165844385263,physical,4294967296,4294967296,702000000000000000000,4294967296,701999999995705032704,0.9999999999938818,300,4294967296,0.0,544823700.0
primary,ND-PW-OFFSET,300,1580318165844385263,physical,4294967296,4294967296,702000000000000000000,4294967296,701999999995705032704,0.9999999999938818,300,4294967296,0.0,544823700.0
primary,ND-PC,300,1580318165844385263,physical,14316557,14316558,701999983001500780480,4294967296,701999982997205813184,0.9999999999938818,1,0,0.0,544823692.9333333
primary,ND-PC-NOLP,300,1580318165844385263,derived,14316557,14316558,701999983001500780480,4294967296,701999982997205813184,0.9999999999938818,1,0,0.0,544823692.9333333
primary,ND-PW,300,860680765458012691,physical,4294967296,4294967296,702000000000000000000,4294967296,701999999995705032704,0.9999999999938818,300,4294967296,0.0,544823690.0
primary,ND-PW-OFFSET,300,860680765458012691,physical,4294967296,4294967296,702000000000000000000,4294967296,701999999995705032704,0.9999999999938818,300,4294967296,0.0,544823690.0
primary,ND-PC,300,860680765458012691,physical,14316557,14316558,701999983001500781208,4294967296,701999982997205813912,0.9999999999938818,1,0,0.0,544823692.91
primary,ND-PC-NOLP,300,860680765458012691,derived,14316557,14316558,701999983001500781208,4294967296,701999982997205813912,0.9999999999938818,1,0,0.0,544823692.91
primary,ND-PW,300,405674777376978405,physical,4294967296,4294967296,702000000000000000000,4294967296,701999999995705032704,0.9999999999938818,300,4294967296,0.0,544823693.0
primary,ND-PW-OFFSET,300,405674777376978405,physical,4294967296,4294967296,702000000000000000000,4294967296,701999999995705032704,0.9999999999938818,300,4294967296,0.0,544823693.0
primary,ND-PC,300,405674777376978405,physical,14316557,14316558,701999983001500781104,4294967296,701999982997205813808,0.9999999999938818,1,0,0.0,544823692.9133333
primary,ND-PC-NOLP,300,405674777376978405,derived,14316557,14316558,701999983001500781104,4294967296,701999982997205813808,0.9999999999938818,1,0,0.0,544823692.9133333
primary,ND-PW,300,5516199827559636311,physical,4294967296,4294967296,702000000000000000000,4294967296,701999999995705032704,0.9999999999938818,300,4294967296,0.0,544823697.0
primary,ND-PW-OFFSET,300,5516199827559636311,physical,4294967296,4294967296,702000000000000000000,4294967296,701999999995705032704,0.9999999999938818,300,4294967296,0.0,544823697.0
primary,ND-PC,300,5516199827559636311,physical,14316557,14316558,701999983001500780688,4294967296,701999982997205813392,0.9999999999938818,1,0,0.0,544823692.9266666
primary,ND-PC-NOLP,300,5516199827559636311,derived,14316557,14316558,701999983001500780688,4294967296,701999982997205813392,0.9999999999938818,1,0,0.0,544823692.9266666
primary,ND-PW,300,676253669661655881,physical,4294967296,4294967296,702000000000000000000,4294967296,701999999995705032704,0.9999999999938818,300,4294967296,0.0,544823698.0
primary,ND-PW-OFFSET,300,676253669661655881,physical,4294967296,4294967296,702000000000000000000,4294967296,701999999995705032704,0.9999999999938818,300,4294967296,0.0,544823698.0
primary,ND-PC,300,676253669661655881,physical,14316557,14316558,701999983001500780896,4294967296,701999982997205813600,0.9999999999938818,1,0,0.0,544823692.92
primary,ND-PC-NOLP,300,676253669661655881,derived,14316557,14316558,701999983001500780896,4294967296,701999982997205813600,0.9999999999938818,1,0,0.0,544823692.92
primary,ND-PW,300,4902971022134724746,physical,4294967296,4294967296,702000000000000000000,4294967296,701999999995705032704,0.9999999999938818,300,4294967296,0.0,544823700.0
primary,ND-PW-OFFSET,300,4902971022134724746,physical,4294967296,4294967296,702000000000000000000,4294967296,701999999995705032704,0.9999999999938818,300,4294967296,0.0,544823700.0
primary,ND-PC,300,4902971022134724746,physical,14316557,14316558,701999983001500780584,4294967296,701999982997205813288,0.9999999999938818,1,0,0.0,544823692.93
primary,ND-PC-NOLP,300,4902971022134724746,derived,14316557,14316558,701999983001500780584,4294967296,701999982997205813288,0.9999999999938818,1,0,0.0,544823692.93
primary,ND-PW,300,7985863793510020389,physical,4294967296,4294967296,702000000000000000000,4294967296,701999999995705032704,0.9999999999938818,300,4294967296,0.0,544823697.0
primary,ND-PW-OFFSET,300,7985863793510020389,physical,4294967296,4294967296,702000000000000000000,4294967296,701999999995705032704,0.9999999999938818,300,4294967296,0.0,544823697.0
primary,ND-PC,300,7985863793510020389,physical,14316557,14316558,701999983001500780584,4294967296,701999982997205813288,0.9999999999938818,1,0,0.0,544823692.93
primary,ND-PC-NOLP,300,7985863793510020389,derived,14316557,14316558,701999983001500780584,4294967296,701999982997205813288,0.9999999999938818,1,0,0.0,544823692.93
primary,ND-PW,300,5259580605389323177,physical,4294967296,4294967296,702000000000000000000,4294967296,701999999995705032704,0.9999999999938818,300,4294967296,0.0,544823697.0
primary,ND-PW-OFFSET,300,5259580605389323177,physical,4294967296,4294967296,702000000000000000000,4294967296,701999999995705032704,0.9999999999938818,300,4294967296,0.0,544823697.0
primary,ND-PC,300,5259580605389323177,physical,14316557,14316558,701999983001500780688,4294967296,701999982997205813392,0.9999999999938818,1,0,0.0,544823692.9266666
primary,ND-PC-NOLP,300,5259580605389323177,derived,14316557,14316558,701999983001500780688,4294967296,701999982997205813392,0.9999999999938818,1,0,0.0,544823692.9266666
primary,ND-PW,300,14894895525097951974,physical,4294967296,4294967296,702000000000000000000,4294967296,701999999995705032704,0.9999999999938818,300,4294967296,0.0,544823700.0
primary,ND-PW-OFFSET,300,14894895525097951974,physical,4294967296,4294967296,702000000000000000000,4294967296,701999999995705032704,0.9999999999938818,300,4294967296,0.0,544823700.0
primary,ND-PC,300,14894895525097951974,physical,14316557,14316558,701999983001500780792,4294967296,701999982997205813496,0.9999999999938818,1,0,0.0,544823692.9233333
primary,ND-PC-NOLP,300,14894895525097951974,derived,14316557,14316558,701999983001500780792,4294967296,701999982997205813496,0.9999999999938818,1,0,0.0,544823692.9233333
primary,ND-PW,300,14255052758501613198,physical,4294967296,4294967296,702000000000000000000,4294967296,701999999995705032704,0.9999999999938818,300,4294967296,0.0,544823692.0
primary,ND-PW-OFFSET,300,14255052758501613198,physical,4294967296,4294967296,702000000000000000000,4294967296,701999999995705032704,0.9999999999938818,300,4294967296,0.0,544823692.0
primary,ND-PC,300,14255052758501613198,physical,14316557,14316558,701999983001500781000,4294967296,701999982997205813704,0.9999999999938818,1,0,0.0,544823692.9166666
primary,ND-PC-NOLP,300,14255052758501613198,derived,14316557,14316558,701999983001500781000,4294967296,701999982997205813704,0.9999999999938818,1,0,0.0,544823692.9166666
primary,ND-PW,300,14970427933435388700,physical,4294967296,4294967296,702000000000000000000,4294967296,701999999995705032704,0.9999999999938818,300,4294967296,0.0,544823693.0
primary,ND-PW-OFFSET,300,14970427933435388700,physical,4294967296,4294967296,702000000000000000000,4294967296,701999999995705032704,0.9999999999938818,300,4294967296,0.0,544823693.0
primary,ND-PC,300,14970427933435388700,physical,14316557,14316558,701999983001500781104,4294967296,701999982997205813808,0.9999999999938818,1,0,0.0,544823692.9133333
primary,ND-PC-NOLP,300,14970427933435388700,derived,14316557,14316558,701999983001500781104,4294967296,701999982997205813808,0.9999999999938818,1,0,0.0,544823692.9133333
primary,ND-PW,300,6530983822519173908,physical,4294967296,4294967296,702000000000000000000,4294967296,701999999995705032704,0.9999999999938818,300,4294967296,0.0,544823690.0
primary,ND-PW-OFFSET,300,6530983822519173908,physical,4294967296,4294967296,702000000000000000000,4294967296,701999999995705032704,0.9999999999938818,300,4294967296,0.0,544823690.0
primary,ND-PC,300,6530983822519173908,physical,14316557,14316558,701999983001500780896,4294967296,701999982997205813600,0.9999999999938818,1,0,0.0,544823692.92
primary,ND-PC-NOLP,300,6530983822519173908,derived,14316557,14316558,701999983001500780896,4294967296,701999982997205813600,0.9999999999938818,1,0,0.0,544823692.92
primary,ND-PW,300,16478255227937338382,physical,4294967296,4294967296,702000000000000000000,4294967296,701999999995705032704,0.9999999999938818,300,4294967296,0.0,544823696.0
primary,ND-PW-OFFSET,300,16478255227937338382,physical,4294967296,4294967296,702000000000000000000,4294967296,701999999995705032704,0.9999999999938818,300,4294967296,0.0,544823696.0
primary,ND-PC,300,16478255227937338382,physical,14316557,14316558,701999983001500780792,4294967296,701999982997205813496,0.9999999999938818,1,0,0.0,544823692.9233333
primary,ND-PC-NOLP,300,16478255227937338382,derived,14316557,14316558,701999983001500780792,4294967296,701999982997205813496,0.9999999999938818,1,0,0.0,544823692.9233333
primary,ND-PW,300,447822293856133746,physical,4294967296,4294967296,702000000000000000000,4294967296,701999999995705032704,0.9999999999938818,300,4294967296,0.0,544823697.0
primary,ND-PW-OFFSET,300,447822293856133746,physical,4294967296,4294967296,702000000000000000000,4294967296,701999999995705032704,0.9999999999938818,300,4294967296,0.0,544823697.0
primary,ND-PC,300,447822293856133746,physical,14316557,14316558,701999983001500780480,4294967296,701999982997205813184,0.9999999999938818,1,0,0.0,544823692.9333333
primary,ND-PC-NOLP,300,447822293856133746,derived,14316557,14316558,701999983001500780480,4294967296,701999982997205813184,0.9999999999938818,1,0,0.0,544823692.9333333
primary,ND-PW,300,9364596802063509215,physical,4294967296,4294967296,702000000000000000000,4294967296,701999999995705032704,0.9999999999938818,300,4294967296,0.0,544823695.0
primary,ND-PW-OFFSET,300,9364596802063509215,physical,4294967296,4294967296,702000000000000000000,4294967296,701999999995705032704,0.9999999999938818,300,4294967296,0.0,544823695.0
primary,ND-PC,300,9364596802063509215,physical,14316557,14316558,701999983001500780688,4294967296,701999982997205813392,0.9999999999938818,1,0,0.0,544823692.9266666
primary,ND-PC-NOLP,300,9364596802063509215,derived,14316557,14316558,701999983001500780688,4294967296,701999982997205813392,0.9999999999938818,1,0,0.0,544823692.9266666
primary,ND-PW,300,6483795830361016413,physical,4294967296,4294967296,702000000000000000000,4294967296,701999999995705032704,0.9999999999938818,300,4294967296,0.0,544823700.0
primary,ND-PW-OFFSET,300,6483795830361016413,physical,4294967296,4294967296,702000000000000000000,4294967296,701999999995705032704,0.9999999999938818,300,4294967296,0.0,544823700.0
primary,ND-PC,300,6483795830361016413,physical,14316557,14316558,701999983001500780584,4294967296,701999982997205813288,0.9999999999938818,1,0,0.0,544823692.93
primary,ND-PC-NOLP,300,6483795830361016413,derived,14316557,14316558,701999983001500780584,4294967296,701999982997205813288,0.9999999999938818,1,0,0.0,544823692.93
primary,ND-PW,300,13726057523507487050,physical,4294967296,4294967296,702000000000000000000,4294967296,701999999995705032704,0.9999999999938818,300,4294967296,0.0,544823695.0
primary,ND-PW-OFFSET,300,13726057523507487050,physical,4294967296,4294967296,702000000000000000000,4294967296,701999999995705032704,0.9999999999938818,300,4294967296,0.0,544823695.0
primary,ND-PC,300,13726057523507487050,physical,14316557,14316558,701999983001500781104,4294967296,701999982997205813808,0.9999999999938818,1,0,0.0,544823692.9133333
primary,ND-PC-NOLP,300,13726057523507487050,derived,14316557,14316558,701999983001500781104,4294967296,701999982997205813808,0.9999999999938818,1,0,0.0,544823692.9133333
primary,ND-PW,300,592649121540029029,physical,4294967296,4294967296,702000000000000000000,4294967296,701999999995705032704,0.9999999999938818,300,4294967296,0.0,544823696.0
primary,ND-PW-OFFSET,300,592649121540029029,physical,4294967296,4294967296,702000000000000000000,4294967296,701999999995705032704,0.9999999999938818,300,4294967296,0.0,544823696.0
primary,ND-PC,300,592649121540029029,physical,14316557,14316558,701999983001500780792,4294967296,701999982997205813496,0.9999999999938818,1,0,0.0,544823692.9233333
primary,ND-PC-NOLP,300,592649121540029029,derived,14316557,14316558,701999983001500780792,4294967296,701999982997205813496,0.9999999999938818,1,0,0.0,544823692.9233333
primary,ND-PW,300,13234303622947097637,physical,4294967296,4294967296,702000000000000000000,4294967296,701999999995705032704,0.9999999999938818,300,4294967296,0.0,544823695.0
primary,ND-PW-OFFSET,300,13234303622947097637,physical,4294967296,4294967296,702000000000000000000,4294967296,701999999995705032704,0.9999999999938818,300,4294967296,0.0,544823695.0
primary,ND-PC,300,13234303622947097637,physical,14316557,14316558,701999983001500780792,4294967296,701999982997205813496,0.9999999999938818,1,0,0.0,544823692.9233333
primary,ND-PC-NOLP,300,13234303622947097637,derived,14316557,14316558,701999983001500780792,4294967296,701999982997205813496,0.9999999999938818,1,0,0.0,544823692.9233333
primary,ND-PW,300,17788360996555233988,physical,4294967296,4294967296,702000000000000000000,4294967296,701999999995705032704,0.9999999999938818,300,4294967296,0.0,544823697.0
primary,ND-PW-OFFSET,300,17788360996555233988,physical,4294967296,4294967296,702000000000000000000,4294967296,701999999995705032704,0.9999999999938818,300,4294967296,0.0,544823697.0
primary,ND-PC,300,17788360996555233988,physical,14316557,14316558,701999983001500780480,4294967296,701999982997205813184,0.9999999999938818,1,0,0.0,544823692.9333333
primary,ND-PC-NOLP,300,17788360996555233988,derived,14316557,14316558,701999983001500780480,4294967296,701999982997205813184,0.9999999999938818,1,0,0.0,544823692.9333333
primary,ND-PW,400,467376819415377580,physical,4294967296,4294967296,936000000000000000000,4294967296,935999999995705032704,0.9999999999954113,400,4294967296,0.0,544823696.0
primary,ND-PW-OFFSET,400,467376819415377580,physical,4294967296,4294967296,936000000000000000000,4294967296,935999999995705032704,0.9999999999954113,400,4294967296,0.0,544823696.0
primary,ND-PC,400,467376819415377580,physical,10737418,10737419,935999933749442024704,4294967296,935999933745147057408,0.9999999999954113,1,0,0.0,544823667.56
primary,ND-PC-NOLP,400,467376819415377580,derived,10737418,10737419,935999933749442024704,4294967296,935999933745147057408,0.9999999999954113,1,0,0.0,544823667.56
primary,ND-PW,400,2704408835578762228,physical,4294967296,4294967296,936000000000000000000,4294967296,935999999995705032704,0.9999999999954113,400,4294967296,0.0,544823696.0
primary,ND-PW-OFFSET,400,2704408835578762228,physical,4294967296,4294967296,936000000000000000000,4294967296,935999999995705032704,0.9999999999954113,400,4294967296,0.0,544823696.0
primary,ND-PC,400,2704408835578762228,physical,10737418,10737419,935999933749442024400,4294967296,935999933745147057104,0.9999999999954113,1,0,0.0,544823667.5625
primary,ND-PC-NOLP,400,2704408835578762228,derived,10737418,10737419,935999933749442024400,4294967296,935999933745147057104,0.9999999999954113,1,0,0.0,544823667.5625
primary,ND-PW,400,11237067994138084197,physical,4294967296,4294967296,936000000000000000000,4294967296,935999999995705032704,0.9999999999954113,400,4294967296,0.0,544823695.0
primary,ND-PW-OFFSET,400,11237067994138084197,physical,4294967296,4294967296,936000000000000000000,4294967296,935999999995705032704,0.9999999999954113,400,4294967296,0.0,544823695.0
primary,ND-PC,400,11237067994138084197,physical,10737418,10737419,935999933749442023792,4294967296,935999933745147056496,0.9999999999954113,1,0,0.0,544823667.5675
primary,ND-PC-NOLP,400,11237067994138084197,derived,10737418,10737419,935999933749442023792,4294967296,935999933745147056496,0.9999999999954113,1,0,0.0,544823667.5675
primary,ND-PW,400,5926412735843326529,physical,4294967296,4294967296,936000000000000000000,4294967296,935999999995705032704,0.9999999999954113,400,4294967296,0.0,544823701.0
primary,ND-PW-OFFSET,400,5926412735843326529,physical,4294967296,4294967296,936000000000000000000,4294967296,935999999995705032704,0.9999999999954113,400,4294967296,0.0,544823701.0
primary,ND-PC,400,5926412735843326529,physical,10737418,10737419,935999933749442023488,4294967296,935999933745147056192,0.9999999999954113,1,0,0.0,544823667.57
primary,ND-PC-NOLP,400,5926412735843326529,derived,10737418,10737419,935999933749442023488,4294967296,935999933745147056192,0.9999999999954113,1,0,0.0,544823667.57
primary,ND-PW,400,5192363207272324882,physical,4294967296,4294967296,936000000000000000000,4294967296,935999999995705032704,0.9999999999954113,400,4294967296,0.0,544823698.0
primary,ND-PW-OFFSET,400,5192363207272324882,physical,4294967296,4294967296,936000000000000000000,4294967296,935999999995705032704,0.9999999999954113,400,4294967296,0.0,544823698.0
primary,ND-PC,400,5192363207272324882,physical,10737418,10737419,935999933749442023792,4294967296,935999933745147056496,0.9999999999954113,1,0,0.0,544823667.5675
primary,ND-PC-NOLP,400,5192363207272324882,derived,10737418,10737419,935999933749442023792,4294967296,935999933745147056496,0.9999999999954113,1,0,0.0,544823667.5675
primary,ND-PW,400,14936110819278713214,physical,4294967296,4294967296,936000000000000000000,4294967296,935999999995705032704,0.9999999999954113,400,4294967296,0.0,544823697.0
primary,ND-PW-OFFSET,400,14936110819278713214,physical,4294967296,4294967296,936000000000000000000,4294967296,935999999995705032704,0.9999999999954113,400,4294967296,0.0,544823697.0
primary,ND-PC,400,14936110819278713214,physical,10737418,10737419,935999933749442024400,4294967296,935999933745147057104,0.9999999999954113,1,0,0.0,544823667.5625
primary,ND-PC-NOLP,400,14936110819278713214,derived,10737418,10737419,935999933749442024400,4294967296,935999933745147057104,0.9999999999954113,1,0,0.0,544823667.5625
primary,ND-PW,400,15027284727339452496,physical,4294967296,4294967296,936000000000000000000,4294967296,935999999995705032704,0.9999999999954113,400,4294967296,0.0,544823699.0
primary,ND-PW-OFFSET,400,15027284727339452496,physical,4294967296,4294967296,936000000000000000000,4294967296,935999999995705032704,0.9999999999954113,400,4294967296,0.0,544823699.0
primary,ND-PC,400,15027284727339452496,physical,10737418,10737419,935999933749442024096,4294967296,935999933745147056800,0.9999999999954113,1,0,0.0,544823667.565
primary,ND-PC-NOLP,400,15027284727339452496,derived,10737418,10737419,935999933749442024096,4294967296,935999933745147056800,0.9999999999954113,1,0,0.0,544823667.565
primary,ND-PW,400,529132900484142986,physical,4294967296,4294967296,936000000000000000000,4294967296,935999999995705032704,0.9999999999954113,400,4294967296,0.0,544823699.0
primary,ND-PW-OFFSET,400,529132900484142986,physical,4294967296,4294967296,936000000000000000000,4294967296,935999999995705032704,0.9999999999954113,400,4294967296,0.0,544823699.0
primary,ND-PC,400,529132900484142986,physical,10737418,10737419,935999933749442022880,4294967296,935999933745147055584,0.9999999999954113,1,0,0.0,544823667.575
primary,ND-PC-NOLP,400,529132900484142986,derived,10737418,10737419,935999933749442022880,4294967296,935999933745147055584,0.9999999999954113,1,0,0.0,544823667.575
primary,ND-PW,400,8583420154531566926,physical,4294967296,4294967296,936000000000000000000,4294967296,935999999995705032704,0.9999999999954113,400,4294967296,0.0,544823697.0
primary,ND-PW-OFFSET,400,8583420154531566926,physical,4294967296,4294967296,936000000000000000000,4294967296,935999999995705032704,0.9999999999954113,400,4294967296,0.0,544823697.0
primary,ND-PC,400,8583420154531566926,physical,10737418,10737419,935999933749442024096,4294967296,935999933745147056800,0.9999999999954113,1,0,0.0,544823667.565
primary,ND-PC-NOLP,400,8583420154531566926,derived,10737418,10737419,935999933749442024096,4294967296,935999933745147056800,0.9999999999954113,1,0,0.0,544823667.565
primary,ND-PW,400,16465068975321571430,physical,4294967296,4294967296,936000000000000000000,4294967296,935999999995705032704,0.9999999999954113,400,4294967296,0.0,544823698.0
primary,ND-PW-OFFSET,400,16465068975321571430,physical,4294967296,4294967296,936000000000000000000,4294967296,935999999995705032704,0.9999999999954113,400,4294967296,0.0,544823698.0
primary,ND-PC,400,16465068975321571430,physical,10737418,10737419,935999933749442023184,4294967296,935999933745147055888,0.9999999999954113,1,0,0.0,544823667.5725
primary,ND-PC-NOLP,400,16465068975321571430,derived,10737418,10737419,935999933749442023184,4294967296,935999933745147055888,0.9999999999954113,1,0,0.0,544823667.5725
primary,ND-PW,400,1580318165844385263,physical,4294967296,4294967296,936000000000000000000,4294967296,935999999995705032704,0.9999999999954113,400,4294967296,0.0,544823700.0
primary,ND-PW-OFFSET,400,1580318165844385263,physical,4294967296,4294967296,936000000000000000000,4294967296,935999999995705032704,0.9999999999954113,400,4294967296,0.0,544823700.0
primary,ND-PC,400,1580318165844385263,physical,10737418,10737419,935999933749442022880,4294967296,935999933745147055584,0.9999999999954113,1,0,0.0,544823667.575
primary,ND-PC-NOLP,400,1580318165844385263,derived,10737418,10737419,935999933749442022880,4294967296,935999933745147055584,0.9999999999954113,1,0,0.0,544823667.575
primary,ND-PW,400,860680765458012691,physical,4294967296,4294967296,936000000000000000000,4294967296,935999999995705032704,0.9999999999954113,400,4294967296,0.0,544823690.0
primary,ND-PW-OFFSET,400,860680765458012691,physical,4294967296,4294967296,936000000000000000000,4294967296,935999999995705032704,0.9999999999954113,400,4294967296,0.0,544823690.0
primary,ND-PC,400,860680765458012691,physical,10737418,10737419,935999933749442025920,4294967296,935999933745147058624,0.9999999999954113,1,0,0.0,544823667.55
primary,ND-PC-NOLP,400,860680765458012691,derived,10737418,10737419,935999933749442025920,4294967296,935999933745147058624,0.9999999999954113,1,0,0.0,544823667.55
primary,ND-PW,400,405674777376978405,physical,4294967296,4294967296,936000000000000000000,4294967296,935999999995705032704,0.9999999999954113,400,4294967296,0.0,544823693.0
primary,ND-PW-OFFSET,400,405674777376978405,physical,4294967296,4294967296,936000000000000000000,4294967296,935999999995705032704,0.9999999999954113,400,4294967296,0.0,544823693.0
primary,ND-PC,400,405674777376978405,physical,10737418,10737419,935999933749442025008,4294967296,935999933745147057712,0.9999999999954113,1,0,0.0,544823667.5575
primary,ND-PC-NOLP,400,405674777376978405,derived,10737418,10737419,935999933749442025008,4294967296,935999933745147057712,0.9999999999954113,1,0,0.0,544823667.5575
primary,ND-PW,400,5516199827559636311,physical,4294967296,4294967296,936000000000000000000,4294967296,935999999995705032704,0.9999999999954113,400,4294967296,0.0,544823697.0
primary,ND-PW-OFFSET,400,5516199827559636311,physical,4294967296,4294967296,936000000000000000000,4294967296,935999999995705032704,0.9999999999954113,400,4294967296,0.0,544823697.0
primary,ND-PC,400,5516199827559636311,physical,10737418,10737419,935999933749442024400,4294967296,935999933745147057104,0.9999999999954113,1,0,0.0,544823667.5625
primary,ND-PC-NOLP,400,5516199827559636311,derived,10737418,10737419,935999933749442024400,4294967296,935999933745147057104,0.9999999999954113,1,0,0.0,544823667.5625
primary,ND-PW,400,676253669661655881,physical,4294967296,4294967296,936000000000000000000,4294967296,935999999995705032704,0.9999999999954113,400,4294967296,0.0,544823698.0
primary,ND-PW-OFFSET,400,676253669661655881,physical,4294967296,4294967296,936000000000000000000,4294967296,935999999995705032704,0.9999999999954113,400,4294967296,0.0,544823698.0
primary,ND-PC,400,676253669661655881,physical,10737418,10737419,935999933749442024096,4294967296,935999933745147056800,0.9999999999954113,1,0,0.0,544823667.565
primary,ND-PC-NOLP,400,676253669661655881,derived,10737418,10737419,935999933749442024096,4294967296,935999933745147056800,0.9999999999954113,1,0,0.0,544823667.565
primary,ND-PW,400,4902971022134724746,physical,4294967296,4294967296,936000000000000000000,4294967296,935999999995705032704,0.9999999999954113,400,4294967296,0.0,544823700.0
primary,ND-PW-OFFSET,400,4902971022134724746,physical,4294967296,4294967296,936000000000000000000,4294967296,935999999995705032704,0.9999999999954113,400,4294967296,0.0,544823700.0
primary,ND-PC,400,4902971022134724746,physical,10737418,10737419,935999933749442023488,4294967296,935999933745147056192,0.9999999999954113,1,0,0.0,544823667.57
primary,ND-PC-NOLP,400,4902971022134724746,derived,10737418,10737419,935999933749442023488,4294967296,935999933745147056192,0.9999999999954113,1,0,0.0,544823667.57
primary,ND-PW,400,7985863793510020389,physical,4294967296,4294967296,936000000000000000000,4294967296,935999999995705032704,0.9999999999954113,400,4294967296,0.0,544823697.0
primary,ND-PW-OFFSET,400,7985863793510020389,physical,4294967296,4294967296,936000000000000000000,4294967296,935999999995705032704,0.9999999999954113,400,4294967296,0.0,544823697.0
primary,ND-PC,400,7985863793510020389,physical,10737418,10737419,935999933749442024400,4294967296,935999933745147057104,0.9999999999954113,1,0,0.0,544823667.5625
primary,ND-PC-NOLP,400,7985863793510020389,derived,10737418,10737419,935999933749442024400,4294967296,935999933745147057104,0.9999999999954113,1,0,0.0,544823667.5625
primary,ND-PW,400,5259580605389323177,physical,4294967296,4294967296,936000000000000000000,4294967296,935999999995705032704,0.9999999999954113,400,4294967296,0.0,544823697.0
primary,ND-PW-OFFSET,400,5259580605389323177,physical,4294967296,4294967296,936000000000000000000,4294967296,935999999995705032704,0.9999999999954113,400,4294967296,0.0,544823697.0
primary,ND-PC,400,5259580605389323177,physical,10737418,10737419,935999933749442024400,4294967296,935999933745147057104,0.9999999999954113,1,0,0.0,544823667.5625
primary,ND-PC-NOLP,400,5259580605389323177,derived,10737418,10737419,935999933749442024400,4294967296,935999933745147057104,0.9999999999954113,1,0,0.0,544823667.5625
primary,ND-PW,400,14894895525097951974,physical,4294967296,4294967296,936000000000000000000,4294967296,935999999995705032704,0.9999999999954113,400,4294967296,0.0,544823700.0
primary,ND-PW-OFFSET,400,14894895525097951974,physical,4294967296,4294967296,936000000000000000000,4294967296,935999999995705032704,0.9999999999954113,400,4294967296,0.0,544823700.0
primary,ND-PC,400,14894895525097951974,physical,10737418,10737419,935999933749442023488,4294967296,935999933745147056192,0.9999999999954113,1,0,0.0,544823667.57
primary,ND-PC-NOLP,400,14894895525097951974,derived,10737418,10737419,935999933749442023488,4294967296,935999933745147056192,0.9999999999954113,1,0,0.0,544823667.57
primary,ND-PW,400,14255052758501613198,physical,4294967296,4294967296,936000000000000000000,4294967296,935999999995705032704,0.9999999999954113,400,4294967296,0.0,544823692.0
primary,ND-PW-OFFSET,400,14255052758501613198,physical,4294967296,4294967296,936000000000000000000,4294967296,935999999995705032704,0.9999999999954113,400,4294967296,0.0,544823692.0
primary,ND-PC,400,14255052758501613198,physical,10737418,10737419,935999933749442025920,4294967296,935999933745147058624,0.9999999999954113,1,0,0.0,544823667.55
primary,ND-PC-NOLP,400,14255052758501613198,derived,10737418,10737419,935999933749442025920,4294967296,935999933745147058624,0.9999999999954113,1,0,0.0,544823667.55
primary,ND-PW,400,14970427933435388700,physical,4294967296,4294967296,936000000000000000000,4294967296,935999999995705032704,0.9999999999954113,400,4294967296,0.0,544823693.0
primary,ND-PW-OFFSET,400,14970427933435388700,physical,4294967296,4294967296,936000000000000000000,4294967296,935999999995705032704,0.9999999999954113,400,4294967296,0.0,544823693.0
primary,ND-PC,400,14970427933435388700,physical,10737418,10737419,935999933749442025008,4294967296,935999933745147057712,0.9999999999954113,1,0,0.0,544823667.5575
primary,ND-PC-NOLP,400,14970427933435388700,derived,10737418,10737419,935999933749442025008,4294967296,935999933745147057712,0.9999999999954113,1,0,0.0,544823667.5575
primary,ND-PW,400,6530983822519173908,physical,4294967296,4294967296,936000000000000000000,4294967296,935999999995705032704,0.9999999999954113,400,4294967296,0.0,544823690.0
primary,ND-PW-OFFSET,400,6530983822519173908,physical,4294967296,4294967296,936000000000000000000,4294967296,935999999995705032704,0.9999999999954113,400,4294967296,0.0,544823690.0
primary,ND-PC,400,6530983822519173908,physical,10737418,10737419,935999933749442025312,4294967296,935999933745147058016,0.9999999999954113,1,0,0.0,544823667.555
primary,ND-PC-NOLP,400,6530983822519173908,derived,10737418,10737419,935999933749442025312,4294967296,935999933745147058016,0.9999999999954113,1,0,0.0,544823667.555
primary,ND-PW,400,16478255227937338382,physical,4294967296,4294967296,936000000000000000000,4294967296,935999999995705032704,0.9999999999954113,400,4294967296,0.0,544823696.0
primary,ND-PW-OFFSET,400,16478255227937338382,physical,4294967296,4294967296,936000000000000000000,4294967296,935999999995705032704,0.9999999999954113,400,4294967296,0.0,544823696.0
primary,ND-PC,400,16478255227937338382,physical,10737418,10737419,935999933749442023792,4294967296,935999933745147056496,0.9999999999954113,1,0,0.0,544823667.5675
primary,ND-PC-NOLP,400,16478255227937338382,derived,10737418,10737419,935999933749442023792,4294967296,935999933745147056496,0.9999999999954113,1,0,0.0,544823667.5675
primary,ND-PW,400,447822293856133746,physical,4294967296,4294967296,936000000000000000000,4294967296,935999999995705032704,0.9999999999954113,400,4294967296,0.0,544823697.0
primary,ND-PW-OFFSET,400,447822293856133746,physical,4294967296,4294967296,936000000000000000000,4294967296,935999999995705032704,0.9999999999954113,400,4294967296,0.0,544823697.0
primary,ND-PC,400,447822293856133746,physical,10737418,10737419,935999933749442024400,4294967296,935999933745147057104,0.9999999999954113,1,0,0.0,544823667.5625
primary,ND-PC-NOLP,400,447822293856133746,derived,10737418,10737419,935999933749442024400,4294967296,935999933745147057104,0.9999999999954113,1,0,0.0,544823667.5625
primary,ND-PW,400,9364596802063509215,physical,4294967296,4294967296,936000000000000000000,4294967296,935999999995705032704,0.9999999999954113,400,4294967296,0.0,544823695.0
primary,ND-PW-OFFSET,400,9364596802063509215,physical,4294967296,4294967296,936000000000000000000,4294967296,935999999995705032704,0.9999999999954113,400,4294967296,0.0,544823695.0
primary,ND-PC,400,9364596802063509215,physical,10737418,10737419,935999933749442024400,4294967296,935999933745147057104,0.9999999999954113,1,0,0.0,544823667.5625
primary,ND-PC-NOLP,400,9364596802063509215,derived,10737418,10737419,935999933749442024400,4294967296,935999933745147057104,0.9999999999954113,1,0,0.0,544823667.5625
primary,ND-PW,400,6483795830361016413,physical,4294967296,4294967296,936000000000000000000,4294967296,935999999995705032704,0.9999999999954113,400,4294967296,0.0,544823700.0
primary,ND-PW-OFFSET,400,6483795830361016413,physical,4294967296,4294967296,936000000000000000000,4294967296,935999999995705032704,0.9999999999954113,400,4294967296,0.0,544823700.0
primary,ND-PC,400,6483795830361016413,physical,10737418,10737419,935999933749442023488,4294967296,935999933745147056192,0.9999999999954113,1,0,0.0,544823667.57
primary,ND-PC-NOLP,400,6483795830361016413,derived,10737418,10737419,935999933749442023488,4294967296,935999933745147056192,0.9999999999954113,1,0,0.0,544823667.57
primary,ND-PW,400,13726057523507487050,physical,4294967296,4294967296,936000000000000000000,4294967296,935999999995705032704,0.9999999999954113,400,4294967296,0.0,544823695.0
primary,ND-PW-OFFSET,400,13726057523507487050,physical,4294967296,4294967296,936000000000000000000,4294967296,935999999995705032704,0.9999999999954113,400,4294967296,0.0,544823695.0
primary,ND-PC,400,13726057523507487050,physical,10737418,10737419,935999933749442025008,4294967296,935999933745147057712,0.9999999999954113,1,0,0.0,544823667.5575
primary,ND-PC-NOLP,400,13726057523507487050,derived,10737418,10737419,935999933749442025008,4294967296,935999933745147057712,0.9999999999954113,1,0,0.0,544823667.5575
primary,ND-PW,400,592649121540029029,physical,4294967296,4294967296,936000000000000000000,4294967296,935999999995705032704,0.9999999999954113,400,4294967296,0.0,544823696.0
primary,ND-PW-OFFSET,400,592649121540029029,physical,4294967296,4294967296,936000000000000000000,4294967296,935999999995705032704,0.9999999999954113,400,4294967296,0.0,544823696.0
primary,ND-PC,400,592649121540029029,physical,10737418,10737419,935999933749442024096,4294967296,935999933745147056800,0.9999999999954113,1,0,0.0,544823667.565
primary,ND-PC-NOLP,400,592649121540029029,derived,10737418,10737419,935999933749442024096,4294967296,935999933745147056800,0.9999999999954113,1,0,0.0,544823667.565
primary,ND-PW,400,13234303622947097637,physical,4294967296,4294967296,936000000000000000000,4294967296,935999999995705032704,0.9999999999954113,400,4294967296,0.0,544823695.0
primary,ND-PW-OFFSET,400,13234303622947097637,physical,4294967296,4294967296,936000000000000000000,4294967296,935999999995705032704,0.9999999999954113,400,4294967296,0.0,544823695.0
primary,ND-PC,400,13234303622947097637,physical,10737418,10737419,935999933749442025312,4294967296,935999933745147058016,0.9999999999954113,1,0,0.0,544823667.555
primary,ND-PC-NOLP,400,13234303622947097637,derived,10737418,10737419,935999933749442025312,4294967296,935999933745147058016,0.9999999999954113,1,0,0.0,544823667.555
primary,ND-PW,400,17788360996555233988,physical,4294967296,4294967296,936000000000000000000,4294967296,935999999995705032704,0.9999999999954113,400,4294967296,0.0,544823697.0
primary,ND-PW-OFFSET,400,17788360996555233988,physical,4294967296,4294967296,936000000000000000000,4294967296,935999999995705032704,0.9999999999954113,400,4294967296,0.0,544823697.0
primary,ND-PC,400,17788360996555233988,physical,10737418,10737419,935999933749442024400,4294967296,935999933745147057104,0.9999999999954113,1,0,0.0,544823667.5625
primary,ND-PC-NOLP,400,17788360996555233988,derived,10737418,10737419,935999933749442024400,4294967296,935999933745147057104,0.9999999999954113,1,0,0.0,544823667.5625
primary,ND-PW,500,467376819415377580,physical,4294967296,4294967296,1170000000000000000000,4294967296,1169999999995705032704,0.999999999996329,500,4294967296,0.0,544823696.0
primary,ND-PW-OFFSET,500,467376819415377580,physical,4294967296,4294967296,1170000000000000000000,4294967296,1169999999995705032704,0.999999999996329,500,4294967296,0.0,544823696.0
primary,ND-PC,500,467376819415377580,physical,8589934,8589935,1169999944427984614500,4294967296,1169999944423689647204,0.999999999996329,1,0,0.0,544823680.25
primary,ND-PC-NOLP,500,467376819415377580,derived,8589934,8589935,1169999944427984614500,4294967296,1169999944423689647204,0.999999999996329,1,0,0.0,544823680.25
primary,ND-PW,500,2704408835578762228,physical,4294967296,4294967296,1170000000000000000000,4294967296,1169999999995705032704,0.999999999996329,500,4294967296,0.0,544823696.0
primary,ND-PW-OFFSET,500,2704408835578762228,physical,4294967296,4294967296,1170000000000000000000,4294967296,1169999999995705032704,0.999999999996329,500,4294967296,0.0,544823696.0
primary,ND-PC,500,2704408835578762228,physical,8589934,8589935,1169999944427984614296,4294967296,1169999944423689647000,0.999999999996329,1,0,0.0,544823680.252
primary,ND-PC-NOLP,500,2704408835578762228,derived,8589934,8589935,1169999944427984614296,4294967296,1169999944423689647000,0.999999999996329,1,0,0.0,544823680.252
primary,ND-PW,500,11237067994138084197,physical,4294967296,4294967296,1170000000000000000000,4294967296,1169999999995705032704,0.999999999996329,500,4294967296,0.0,544823695.0
primary,ND-PW-OFFSET,500,11237067994138084197,physical,4294967296,4294967296,1170000000000000000000,4294967296,1169999999995705032704,0.999999999996329,500,4294967296,0.0,544823695.0
primary,ND-PC,500,11237067994138084197,physical,8589934,8589935,1169999944427984614092,4294967296,1169999944423689646796,0.999999999996329,1,0,0.0,544823680.254
primary,ND-PC-NOLP,500,11237067994138084197,derived,8589934,8589935,1169999944427984614092,4294967296,1169999944423689646796,0.999999999996329,1,0,0.0,544823680.254
primary,ND-PW,500,5926412735843326529,physical,4294967296,4294967296,1170000000000000000000,4294967296,1169999999995705032704,0.999999999996329,500,4294967296,0.0,544823701.0
primary,ND-PW-OFFSET,500,5926412735843326529,physical,4294967296,4294967296,1170000000000000000000,4294967296,1169999999995705032704,0.999999999996329,500,4294967296,0.0,544823701.0
primary,ND-PC,500,5926412735843326529,physical,8589934,8589935,1169999944427984613480,4294967296,1169999944423689646184,0.999999999996329,1,0,0.0,544823680.26
primary,ND-PC-NOLP,500,5926412735843326529,derived,8589934,8589935,1169999944427984613480,4294967296,1169999944423689646184,0.999999999996329,1,0,0.0,544823680.26
primary,ND-PW,500,5192363207272324882,physical,4294967296,4294967296,1170000000000000000000,4294967296,1169999999995705032704,0.999999999996329,500,4294967296,0.0,544823698.0
primary,ND-PW-OFFSET,500,5192363207272324882,physical,4294967296,4294967296,1170000000000000000000,4294967296,1169999999995705032704,0.999999999996329,500,4294967296,0.0,544823698.0
primary,ND-PC,500,5192363207272324882,physical,8589934,8589935,1169999944427984613888,4294967296,1169999944423689646592,0.999999999996329,1,0,0.0,544823680.256
primary,ND-PC-NOLP,500,5192363207272324882,derived,8589934,8589935,1169999944427984613888,4294967296,1169999944423689646592,0.999999999996329,1,0,0.0,544823680.256
primary,ND-PW,500,14936110819278713214,physical,4294967296,4294967296,1170000000000000000000,4294967296,1169999999995705032704,0.999999999996329,500,4294967296,0.0,544823697.0
primary,ND-PW-OFFSET,500,14936110819278713214,physical,4294967296,4294967296,1170000000000000000000,4294967296,1169999999995705032704,0.999999999996329,500,4294967296,0.0,544823697.0
primary,ND-PC,500,14936110819278713214,physical,8589934,8589935,1169999944427984614092,4294967296,1169999944423689646796,0.999999999996329,1,0,0.0,544823680.254
primary,ND-PC-NOLP,500,14936110819278713214,derived,8589934,8589935,1169999944427984614092,4294967296,1169999944423689646796,0.999999999996329,1,0,0.0,544823680.254
primary,ND-PW,500,15027284727339452496,physical,4294967296,4294967296,1170000000000000000000,4294967296,1169999999995705032704,0.999999999996329,500,4294967296,0.0,544823699.0
primary,ND-PW-OFFSET,500,15027284727339452496,physical,4294967296,4294967296,1170000000000000000000,4294967296,1169999999995705032704,0.999999999996329,500,4294967296,0.0,544823699.0
primary,ND-PC,500,15027284727339452496,physical,8589934,8589935,1169999944427984613480,4294967296,1169999944423689646184,0.999999999996329,1,0,0.0,544823680.26
primary,ND-PC-NOLP,500,15027284727339452496,derived,8589934,8589935,1169999944427984613480,4294967296,1169999944423689646184,0.999999999996329,1,0,0.0,544823680.26
primary,ND-PW,500,529132900484142986,physical,4294967296,4294967296,1170000000000000000000,4294967296,1169999999995705032704,0.999999999996329,500,4294967296,0.0,544823699.0
primary,ND-PW-OFFSET,500,529132900484142986,physical,4294967296,4294967296,1170000000000000000000,4294967296,1169999999995705032704,0.999999999996329,500,4294967296,0.0,544823699.0
primary,ND-PC,500,529132900484142986,physical,8589934,8589935,1169999944427984613480,4294967296,1169999944423689646184,0.999999999996329,1,0,0.0,544823680.26
primary,ND-PC-NOLP,500,529132900484142986,derived,8589934,8589935,1169999944427984613480,4294967296,1169999944423689646184,0.999999999996329,1,0,0.0,544823680.26
primary,ND-PW,500,8583420154531566926,physical,4294967296,4294967296,1170000000000000000000,4294967296,1169999999995705032704,0.999999999996329,500,4294967296,0.0,544823697.0
primary,ND-PW-OFFSET,500,8583420154531566926,physical,4294967296,4294967296,1170000000000000000000,4294967296,1169999999995705032704,0.999999999996329,500,4294967296,0.0,544823697.0
primary,ND-PC,500,8583420154531566926,physical,8589934,8589935,1169999944427984613888,4294967296,1169999944423689646592,0.999999999996329,1,0,0.0,544823680.256
primary,ND-PC-NOLP,500,8583420154531566926,derived,8589934,8589935,1169999944427984613888,4294967296,1169999944423689646592,0.999999999996329,1,0,0.0,544823680.256
primary,ND-PW,500,16465068975321571430,physical,4294967296,4294967296,1170000000000000000000,4294967296,1169999999995705032704,0.999999999996329,500,4294967296,0.0,544823698.0
primary,ND-PW-OFFSET,500,16465068975321571430,physical,4294967296,4294967296,1170000000000000000000,4294967296,1169999999995705032704,0.999999999996329,500,4294967296,0.0,544823698.0
primary,ND-PC,500,16465068975321571430,physical,8589934,8589935,1169999944427984613072,4294967296,1169999944423689645776,0.999999999996329,1,0,0.0,544823680.264
primary,ND-PC-NOLP,500,16465068975321571430,derived,8589934,8589935,1169999944427984613072,4294967296,1169999944423689645776,0.999999999996329,1,0,0.0,544823680.264
primary,ND-PW,500,1580318165844385263,physical,4294967296,4294967296,1170000000000000000000,4294967296,1169999999995705032704,0.999999999996329,500,4294967296,0.0,544823700.0
primary,ND-PW-OFFSET,500,1580318165844385263,physical,4294967296,4294967296,1170000000000000000000,4294967296,1169999999995705032704,0.999999999996329,500,4294967296,0.0,544823700.0
primary,ND-PC,500,1580318165844385263,physical,8589934,8589935,1169999944427984613480,4294967296,1169999944423689646184,0.999999999996329,1,0,0.0,544823680.26
primary,ND-PC-NOLP,500,1580318165844385263,derived,8589934,8589935,1169999944427984613480,4294967296,1169999944423689646184,0.999999999996329,1,0,0.0,544823680.26
primary,ND-PW,500,860680765458012691,physical,4294967296,4294967296,1170000000000000000000,4294967296,1169999999995705032704,0.999999999996329,500,4294967296,0.0,544823690.0
primary,ND-PW-OFFSET,500,860680765458012691,physical,4294967296,4294967296,1170000000000000000000,4294967296,1169999999995705032704,0.999999999996329,500,4294967296,0.0,544823690.0
primary,ND-PC,500,860680765458012691,physical,8589934,8589935,1169999944427984614704,4294967296,1169999944423689647408,0.999999999996329,1,0,0.0,544823680.248
primary,ND-PC-NOLP,500,860680765458012691,derived,8589934,8589935,1169999944427984614704,4294967296,1169999944423689647408,0.999999999996329,1,0,0.0,544823680.248
primary,ND-PW,500,405674777376978405,physical,4294967296,4294967296,1170000000000000000000,4294967296,1169999999995705032704,0.999999999996329,500,4294967296,0.0,544823693.0
primary,ND-PW-OFFSET,500,405674777376978405,physical,4294967296,4294967296,1170000000000000000000,4294967296,1169999999995705032704,0.999999999996329,500,4294967296,0.0,544823693.0
primary,ND-PC,500,405674777376978405,physical,8589934,8589935,1169999944427984613888,4294967296,1169999944423689646592,0.999999999996329,1,0,0.0,544823680.256
primary,ND-PC-NOLP,500,405674777376978405,derived,8589934,8589935,1169999944427984613888,4294967296,1169999944423689646592,0.999999999996329,1,0,0.0,544823680.256
primary,ND-PW,500,5516199827559636311,physical,4294967296,4294967296,1170000000000000000000,4294967296,1169999999995705032704,0.999999999996329,500,4294967296,0.0,544823697.0
primary,ND-PW-OFFSET,500,5516199827559636311,physical,4294967296,4294967296,1170000000000000000000,4294967296,1169999999995705032704,0.999999999996329,500,4294967296,0.0,544823697.0
primary,ND-PC,500,5516199827559636311,physical,8589934,8589935,1169999944427984614092,4294967296,1169999944423689646796,0.999999999996329,1,0,0.0,544823680.254
primary,ND-PC-NOLP,500,5516199827559636311,derived,8589934,8589935,1169999944427984614092,4294967296,1169999944423689646796,0.999999999996329,1,0,0.0,544823680.254
primary,ND-PW,500,676253669661655881,physical,4294967296,4294967296,1170000000000000000000,4294967296,1169999999995705032704,0.999999999996329,500,4294967296,0.0,544823698.0
primary,ND-PW-OFFSET,500,676253669661655881,physical,4294967296,4294967296,1170000000000000000000,4294967296,1169999999995705032704,0.999999999996329,500,4294967296,0.0,544823698.0
primary,ND-PC,500,676253669661655881,physical,8589934,8589935,1169999944427984613684,4294967296,1169999944423689646388,0.999999999996329,1,0,0.0,544823680.258
primary,ND-PC-NOLP,500,676253669661655881,derived,8589934,8589935,1169999944427984613684,4294967296,1169999944423689646388,0.999999999996329,1,0,0.0,544823680.258
primary,ND-PW,500,4902971022134724746,physical,4294967296,4294967296,1170000000000000000000,4294967296,1169999999995705032704,0.999999999996329,500,4294967296,0.0,544823700.0
primary,ND-PW-OFFSET,500,4902971022134724746,physical,4294967296,4294967296,1170000000000000000000,4294967296,1169999999995705032704,0.999999999996329,500,4294967296,0.0,544823700.0
primary,ND-PC,500,4902971022134724746,physical,8589934,8589935,1169999944427984613684,4294967296,1169999944423689646388,0.999999999996329,1,0,0.0,544823680.258
primary,ND-PC-NOLP,500,4902971022134724746,derived,8589934,8589935,1169999944427984613684,4294967296,1169999944423689646388,0.999999999996329,1,0,0.0,544823680.258
primary,ND-PW,500,7985863793510020389,physical,4294967296,4294967296,1170000000000000000000,4294967296,1169999999995705032704,0.999999999996329,500,4294967296,0.0,544823697.0
primary,ND-PW-OFFSET,500,7985863793510020389,physical,4294967296,4294967296,1170000000000000000000,4294967296,1169999999995705032704,0.999999999996329,500,4294967296,0.0,544823697.0
primary,ND-PC,500,7985863793510020389,physical,8589934,8589935,1169999944427984613684,4294967296,1169999944423689646388,0.999999999996329,1,0,0.0,544823680.258
primary,ND-PC-NOLP,500,7985863793510020389,derived,8589934,8589935,1169999944427984613684,4294967296,1169999944423689646388,0.999999999996329,1,0,0.0,544823680.258
primary,ND-PW,500,5259580605389323177,physical,4294967296,4294967296,1170000000000000000000,4294967296,1169999999995705032704,0.999999999996329,500,4294967296,0.0,544823697.0
primary,ND-PW-OFFSET,500,5259580605389323177,physical,4294967296,4294967296,1170000000000000000000,4294967296,1169999999995705032704,0.999999999996329,500,4294967296,0.0,544823697.0
primary,ND-PC,500,5259580605389323177,physical,8589934,8589935,1169999944427984614092,4294967296,1169999944423689646796,0.999999999996329,1,0,0.0,544823680.254
primary,ND-PC-NOLP,500,5259580605389323177,derived,8589934,8589935,1169999944427984614092,4294967296,1169999944423689646796,0.999999999996329,1,0,0.0,544823680.254
primary,ND-PW,500,14894895525097951974,physical,4294967296,4294967296,1170000000000000000000,4294967296,1169999999995705032704,0.999999999996329,500,4294967296,0.0,544823700.0
primary,ND-PW-OFFSET,500,14894895525097951974,physical,4294967296,4294967296,1170000000000000000000,4294967296,1169999999995705032704,0.999999999996329,500,4294967296,0.0,544823700.0
primary,ND-PC,500,14894895525097951974,physical,8589934,8589935,1169999944427984614092,4294967296,1169999944423689646796,0.999999999996329,1,0,0.0,544823680.254
primary,ND-PC-NOLP,500,14894895525097951974,derived,8589934,8589935,1169999944427984614092,4294967296,1169999944423689646796,0.999999999996329,1,0,0.0,544823680.254
primary,ND-PW,500,14255052758501613198,physical,4294967296,4294967296,1170000000000000000000,4294967296,1169999999995705032704,0.999999999996329,500,4294967296,0.0,544823692.0
primary,ND-PW-OFFSET,500,14255052758501613198,physical,4294967296,4294967296,1170000000000000000000,4294967296,1169999999995705032704,0.999999999996329,500,4294967296,0.0,544823692.0
primary,ND-PC,500,14255052758501613198,physical,8589934,8589935,1169999944427984615112,4294967296,1169999944423689647816,0.999999999996329,1,0,0.0,544823680.244
primary,ND-PC-NOLP,500,14255052758501613198,derived,8589934,8589935,1169999944427984615112,4294967296,1169999944423689647816,0.999999999996329,1,0,0.0,544823680.244
primary,ND-PW,500,14970427933435388700,physical,4294967296,4294967296,1170000000000000000000,4294967296,1169999999995705032704,0.999999999996329,500,4294967296,0.0,544823693.0
primary,ND-PW-OFFSET,500,14970427933435388700,physical,4294967296,4294967296,1170000000000000000000,4294967296,1169999999995705032704,0.999999999996329,500,4294967296,0.0,544823693.0
primary,ND-PC,500,14970427933435388700,physical,8589934,8589935,1169999944427984614908,4294967296,1169999944423689647612,0.999999999996329,1,0,0.0,544823680.246
primary,ND-PC-NOLP,500,14970427933435388700,derived,8589934,8589935,1169999944427984614908,4294967296,1169999944423689647612,0.999999999996329,1,0,0.0,544823680.246
primary,ND-PW,500,6530983822519173908,physical,4294967296,4294967296,1170000000000000000000,4294967296,1169999999995705032704,0.999999999996329,500,4294967296,0.0,544823690.0
primary,ND-PW-OFFSET,500,6530983822519173908,physical,4294967296,4294967296,1170000000000000000000,4294967296,1169999999995705032704,0.999999999996329,500,4294967296,0.0,544823690.0
primary,ND-PC,500,6530983822519173908,physical,8589934,8589935,1169999944427984614908,4294967296,1169999944423689647612,0.999999999996329,1,0,0.0,544823680.246
primary,ND-PC-NOLP,500,6530983822519173908,derived,8589934,8589935,1169999944427984614908,4294967296,1169999944423689647612,0.999999999996329,1,0,0.0,544823680.246
primary,ND-PW,500,16478255227937338382,physical,4294967296,4294967296,1170000000000000000000,4294967296,1169999999995705032704,0.999999999996329,500,4294967296,0.0,544823696.0
primary,ND-PW-OFFSET,500,16478255227937338382,physical,4294967296,4294967296,1170000000000000000000,4294967296,1169999999995705032704,0.999999999996329,500,4294967296,0.0,544823696.0
primary,ND-PC,500,16478255227937338382,physical,8589934,8589935,1169999944427984614296,4294967296,1169999944423689647000,0.999999999996329,1,0,0.0,544823680.252
primary,ND-PC-NOLP,500,16478255227937338382,derived,8589934,8589935,1169999944427984614296,4294967296,1169999944423689647000,0.999999999996329,1,0,0.0,544823680.252
primary,ND-PW,500,447822293856133746,physical,4294967296,4294967296,1170000000000000000000,4294967296,1169999999995705032704,0.999999999996329,500,4294967296,0.0,544823697.0
primary,ND-PW-OFFSET,500,447822293856133746,physical,4294967296,4294967296,1170000000000000000000,4294967296,1169999999995705032704,0.999999999996329,500,4294967296,0.0,544823697.0
primary,ND-PC,500,447822293856133746,physical,8589934,8589935,1169999944427984614296,4294967296,1169999944423689647000,0.999999999996329,1,0,0.0,544823680.252
primary,ND-PC-NOLP,500,447822293856133746,derived,8589934,8589935,1169999944427984614296,4294967296,1169999944423689647000,0.999999999996329,1,0,0.0,544823680.252
primary,ND-PW,500,9364596802063509215,physical,4294967296,4294967296,1170000000000000000000,4294967296,1169999999995705032704,0.999999999996329,500,4294967296,0.0,544823695.0
primary,ND-PW-OFFSET,500,9364596802063509215,physical,4294967296,4294967296,1170000000000000000000,4294967296,1169999999995705032704,0.999999999996329,500,4294967296,0.0,544823695.0
primary,ND-PC,500,9364596802063509215,physical,8589934,8589935,1169999944427984614296,4294967296,1169999944423689647000,0.999999999996329,1,0,0.0,544823680.252
primary,ND-PC-NOLP,500,9364596802063509215,derived,8589934,8589935,1169999944427984614296,4294967296,1169999944423689647000,0.999999999996329,1,0,0.0,544823680.252
primary,ND-PW,500,6483795830361016413,physical,4294967296,4294967296,1170000000000000000000,4294967296,1169999999995705032704,0.999999999996329,500,4294967296,0.0,544823700.0
primary,ND-PW-OFFSET,500,6483795830361016413,physical,4294967296,4294967296,1170000000000000000000,4294967296,1169999999995705032704,0.999999999996329,500,4294967296,0.0,544823700.0
primary,ND-PC,500,6483795830361016413,physical,8589934,8589935,1169999944427984613888,4294967296,1169999944423689646592,0.999999999996329,1,0,0.0,544823680.256
primary,ND-PC-NOLP,500,6483795830361016413,derived,8589934,8589935,1169999944427984613888,4294967296,1169999944423689646592,0.999999999996329,1,0,0.0,544823680.256
primary,ND-PW,500,13726057523507487050,physical,4294967296,4294967296,1170000000000000000000,4294967296,1169999999995705032704,0.999999999996329,500,4294967296,0.0,544823695.0
primary,ND-PW-OFFSET,500,13726057523507487050,physical,4294967296,4294967296,1170000000000000000000,4294967296,1169999999995705032704,0.999999999996329,500,4294967296,0.0,544823695.0
primary,ND-PC,500,13726057523507487050,physical,8589934,8589935,1169999944427984614704,4294967296,1169999944423689647408,0.999999999996329,1,0,0.0,544823680.248
primary,ND-PC-NOLP,500,13726057523507487050,derived,8589934,8589935,1169999944427984614704,4294967296,1169999944423689647408,0.999999999996329,1,0,0.0,544823680.248
primary,ND-PW,500,592649121540029029,physical,4294967296,4294967296,1170000000000000000000,4294967296,1169999999995705032704,0.999999999996329,500,4294967296,0.0,544823696.0
primary,ND-PW-OFFSET,500,592649121540029029,physical,4294967296,4294967296,1170000000000000000000,4294967296,1169999999995705032704,0.999999999996329,500,4294967296,0.0,544823696.0
primary,ND-PC,500,592649121540029029,physical,8589934,8589935,1169999944427984614296,4294967296,1169999944423689647000,0.999999999996329,1,0,0.0,544823680.252
primary,ND-PC-NOLP,500,592649121540029029,derived,8589934,8589935,1169999944427984614296,4294967296,1169999944423689647000,0.999999999996329,1,0,0.0,544823680.252
primary,ND-PW,500,13234303622947097637,physical,4294967296,4294967296,1170000000000000000000,4294967296,1169999999995705032704,0.999999999996329,500,4294967296,0.0,544823695.0
primary,ND-PW-OFFSET,500,13234303622947097637,physical,4294967296,4294967296,1170000000000000000000,4294967296,1169999999995705032704,0.999999999996329,500,4294967296,0.0,544823695.0
primary,ND-PC,500,13234303622947097637,physical,8589934,8589935,1169999944427984614908,4294967296,1169999944423689647612,0.999999999996329,1,0,0.0,544823680.246
primary,ND-PC-NOLP,500,13234303622947097637,derived,8589934,8589935,1169999944427984614908,4294967296,1169999944423689647612,0.999999999996329,1,0,0.0,544823680.246
primary,ND-PW,500,17788360996555233988,physical,4294967296,4294967296,1170000000000000000000,4294967296,1169999999995705032704,0.999999999996329,500,4294967296,0.0,544823697.0
primary,ND-PW-OFFSET,500,17788360996555233988,physical,4294967296,4294967296,1170000000000000000000,4294967296,1169999999995705032704,0.999999999996329,500,4294967296,0.0,544823697.0
primary,ND-PC,500,17788360996555233988,physical,8589934,8589935,1169999944427984613888,4294967296,1169999944423689646592,0.999999999996329,1,0,0.0,544823680.256
primary,ND-PC-NOLP,500,17788360996555233988,derived,8589934,8589935,1169999944427984613888,4294967296,1169999944423689646592,0.999999999996329,1,0,0.0,544823680.256
