run_id,scenario_id,block_id,pair_id,master_seed,seed_index,condition,control_or_treatment,template_seed,adversarial_seed,num_miners,horizon_T,difficulty,config_sha256
A01-S00,A01,A,A01-S00,7266343386191483739,0,A01,CONTROL,12089769011917694374,1988348648956568175,141,10000.0,1000,d06fa7bcee39efc2f322cad6fa2fb3d99959b7736645f4e5a147a14e10f3a045
A01-S01,A01,A,A01-S01,7327669731288643706,1,A01,CONTROL,12962257606173152482,5324873478951682309,141,10000.0,1000,d06fa7bcee39efc2f322cad6fa2fb3d99959b7736645f4e5a147a14e10f3a045
A01-S02,A01,A,A01-S02,14021529625252821637,2,A01,CONTROL,10111987247277390914,7444505376397852194,141,10000.0,1000,d06fa7bcee39efc2f322cad6fa2fb3d99959b7736645f4e5a147a14e10f3a045
A01-S03,A01,A,A01-S03,13015257401067502099,3,A01,CONTROL,17270178139864731407,8641882922361671506,141,10000.0,1000,d06fa7bcee39efc2f322cad6fa2fb3d99959b7736645f4e5a147a14e10f3a045
A01-S04,A01,A,A01-S04,4888788266148067928,4,A01,CONTROL,2317428014290689691,5004527360990479258,141,10000.0,1000,d06fa7bcee39efc2f322cad6fa2fb3d99959b7736645f4e5a147a14e10f3a045
A01-S05,A01,A,A01-S05,372686234733934361,5,A01,CONTROL,4112462094266218956,12493455952218554452,141,10000.0,1000,d06fa7bcee39efc2f322cad6fa2fb3d99959b7736645f4e5a147a14e10f3a045
A01-S06,A01,A,A01-S06,8946841158517248766,6,A01,CONTROL,18344430265889267866,3607112505366798910,141,10000.0,1000,d06fa7bcee39efc2f322cad6fa2fb3d99959b7736645f4e5a147a14e10f3a045
A01-S07,A01,A,A01-S07,9009703059525875822,7,A01,CONTROL,17090463357186446524,16318870803467828902,141,10000.0,1000,d06fa7bcee39efc2f322cad6fa2fb3d99959b7736645f4e5a147a14e10f3a045
A01-S08,A01,A,A01-S08,13763262471769672163,8,A01,CONTROL,16125149457169702369,9691583463255889012,141,10000.0,1000,d06fa7bcee39efc2f322cad6fa2fb3d99959b7736645f4e5a147a14e10f3a045
A01-S09,A01,A,A01-S09,11943450448932995834,9,A01,CONTROL,17149423523499720600,14346439664770562953,141,10000.0,1000,d06fa7bcee39efc2f322cad6fa2fb3d99959b7736645f4e5a147a14e10f3a045
A01-S10,A01,A,A01-S10,383364110206706523,10,A01,CONTROL,523302846518345112,15696728803483267094,141,10000.0,1000,d06fa7bcee39efc2f322cad6fa2fb3d99959b7736645f4e5a147a14e10f3a045
A01-S11,A01,A,A01-S11,7597450664324651830,11,A01,CONTROL,7369064661370065246,5366810094079678820,141,10000.0,1000,d06fa7bcee39efc2f322cad6fa2fb3d99959b7736645f4e5a147a14e10f3a045
A01-S12,A01,A,A01-S12,7113020691504941419,12,A01,CONTROL,8186838090085453911,15680718854683426966,141,10000.0,1000,d06fa7bcee39efc2f322cad6fa2fb3d99959b7736645f4e5a147a14e10f3a045
A01-S13,A01,A,A01-S13,17589586195462360652,13,A01,CONTROL,5829204117060041738,4804898231906745974,141,10000.0,1000,d06fa7bcee39efc2f322cad6fa2fb3d99959b7736645f4e5a147a14e10f3a045
A01-S14,A01,A,A01-S14,9841280377429304429,14,A01,CONTROL,3426743007640780525,8112466945008198149,141,10000.0,1000,d06fa7bcee39efc2f322cad6fa2fb3d99959b7736645f4e5a147a14e10f3a045
A01-S15,A01,A,A01-S15,15378190346746817772,15,A01,CONTROL,5663219481463969684,7358855150582438391,141,10000.0,1000,d06fa7bcee39efc2f322cad6fa2fb3d99959b7736645f4e5a147a14e10f3a045
A01-S16,A01,A,A01-S16,17392834523920745446,16,A01,CONTROL,6824537507448365744,18349887623301676399,141,10000.0,1000,d06fa7bcee39efc2f322cad6fa2fb3d99959b7736645f4e5a147a14e10f3a045
A01-S17,A01,A,A01-S17,6004902773991946938,17,A01,CONTROL,4715227865861581916,2262219189337088363,141,10000.0,1000,d06fa7bcee39efc2f322cad6fa2fb3d99959b7736645f4e5a147a14e10f3a045
A01-S18,A01,A,A01-S18,1276185860986598701,18,A01,CONTROL,9511655153168452277,10436580739198981035,141,10000.0,1000,d06fa7bcee39efc2f322cad6fa2fb3d99959b7736645f4e5a147a14e10f3a045
A01-S19,A01,A,A01-S19,18079315101168952395,19,A01,CONTROL,6043571177915800040,12702549968641713946,141,10000.0,1000,d06fa7bcee39efc2f322cad6fa2fb3d99959b7736645f4e5a147a14e10f3a045
A01-S20,A01,A,A01-S20,7204546077592663632,20,A01,CONTROL,569641493284683202,13765921241000322430,141,10000.0,1000,d06fa7bcee39efc2f322cad6fa2fb3d99959b7736645f4e5a147a14e10f3a045
A01-S21,A01,A,A01-S21,9956737151618003453,21,A01,CONTROL,16877700863488327536,7386769304762975962,141,10000.0,1000,d06fa7bcee39efc2f322cad6fa2fb3d99959b7736645f4e5a147a14e10f3a045
A01-S22,A01,A,A01-S22,16387267417201747712,22,A01,CONTROL,2806097971093939155,12452745886917361139,141,10000.0,1000,d06fa7bcee39efc2f322cad6fa2fb3d99959b7736645f4e5a147a14e10f3a045
A01-S23,A01,A,A01-S23,9291552872952191884,23,A01,CONTROL,7757362910483186954,7789307205402291230,141,10000.0,1000,d06fa7bcee39efc2f322cad6fa2fb3d99959b7736645f4e5a147a14e10f3a045
A01-S24,A01,A,A01-S24,6774698307268965035,24,A01,CONTROL,1576580045019179932,4935217386166152489,141,10000.0,1000,d06fa7bcee39efc2f322cad6fa2fb3d99959b7736645f4e5a147a14e10f3a045
A01-S25,A01,A,A01-S25,2397802915662912221,25,A01,CONTROL,14619151551073477646,12920588218344506273,141,10000.0,1000,d06fa7bcee39efc2f322cad6fa2fb3d99959b7736645f4e5a147a14e10f3a045
A01-S26,A01,A,A01-S26,16512734406278341016,26,A01,CONTROL,14322377249768527931,13254837558786523102,141,10000.0,1000,d06fa7bcee39efc2f322cad6fa2fb3d99959b7736645f4e5a147a14e10f3a045
A01-S27,A01,A,A01-S27,7759242425029944541,27,A01,CONTROL,1149342802584957422,5649797684190372106,141,10000.0,1000,d06fa7bcee39efc2f322cad6fa2fb3d99959b7736645f4e5a147a14e10f3a045
A01-S28,A01,A,A01-S28,11711687275972324145,28,A01,CONTROL,1080364485313091703,6989550281425801118,141,10000.0,1000,d06fa7bcee39efc2f322cad6fa2fb3d99959b7736645f4e5a147a14e10f3a045
A01-S29,A01,A,A01-S29,4354161107732199298,29,A01,CONTROL,958257433142140251,11054401464327553918,141,10000.0,1000,d06fa7bcee39efc2f322cad6fa2fb3d99959b7736645f4e5a147a14e10f3a045
A02-S00,A02,A,A01-S00,7266343386191483739,0,A02,TREATMENT,12089769011917694374,1988348648956568175,141,10000.0,1000,63966ea5476c848094090758463b4c886c4cf646b5c8fb3393669d7dac425918
A02-S01,A02,A,A01-S01,7327669731288643706,1,A02,TREATMENT,12962257606173152482,5324873478951682309,141,10000.0,1000,63966ea5476c848094090758463b4c886c4cf646b5c8fb3393669d7dac425918
A02-S02,A02,A,A01-S02,14021529625252821637,2,A02,TREATMENT,10111987247277390914,7444505376397852194,141,10000.0,1000,63966ea5476c848094090758463b4c886c4cf646b5c8fb3393669d7dac425918
A02-S03,A02,A,A01-S03,13015257401067502099,3,A02,TREATMENT,17270178139864731407,8641882922361671506,141,10000.0,1000,63966ea5476c848094090758463b4c886c4cf646b5c8fb3393669d7dac425918
A02-S04,A02,A,A01-S04,4888788266148067928,4,A02,TREATMENT,2317428014290689691,5004527360990479258,141,10000.0,1000,63966ea5476c848094090758463b4c886c4cf646b5c8fb3393669d7dac425918
A02-S05,A02,A,A01-S05,372686234733934361,5,A02,TREATMENT,4112462094266218956,12493455952218554452,141,10000.0,1000,63966ea5476c848094090758463b4c886c4cf646b5c8fb3393669d7dac425918
A02-S06,A02,A,A01-S06,8946841158517248766,6,A02,TREATMENT,18344430265889267866,3607112505366798910,141,10000.0,1000,63966ea5476c848094090758463b4c886c4cf646b5c8fb3393669d7dac425918
A02-S07,A02,A,A01-S07,9009703059525875822,7,A02,TREATMENT,17090463357186446524,16318870803467828902,141,10000.0,1000,63966ea5476c848094090758463b4c886c4cf646b5c8fb3393669d7dac425918
A02-S08,A02,A,A01-S08,13763262471769672163,8,A02,TREATMENT,16125149457169702369,9691583463255889012,141,10000.0,1000,63966ea5476c848094090758463b4c886c4cf646b5c8fb3393669d7dac425918
A02-S09,A02,A,A01-S09,11943450448932995834,9,A02,TREATMENT,17149423523499720600,14346439664770562953,141,10000.0,1000,63966ea5476c848094090758463b4c886c4cf646b5c8fb3393669d7dac425918
A02-S10,A02,A,A01-S10,383364110206706523,10,A02,TREATMENT,523302846518345112,15696728803483267094,141,10000.0,1000,63966ea5476c848094090758463b4c886c4cf646b5c8fb3393669d7dac425918
A02-S11,A02,A,A01-S11,7597450664324651830,11,A02,TREATMENT,7369064661370065246,5366810094079678820,141,10000.0,1000,63966ea5476c848094090758463b4c886c4cf646b5c8fb3393669d7dac425918
A02-S12,A02,A,A01-S12,7113020691504941419,12,A02,TREATMENT,8186838090085453911,15680718854683426966,141,10000.0,1000,63966ea5476c848094090758463b4c886c4cf646b5c8fb3393669d7dac425918
A02-S13,A02,A,A01-S13,17589586195462360652,13,A02,TREATMENT,5829204117060041738,4804898231906745974,141,10000.0,1000,63966ea5476c848094090758463b4c886c4cf646b5c8fb3393669d7dac425918
A02-S14,A02,A,A01-S14,9841280377429304429,14,A02,TREATMENT,3426743007640780525,8112466945008198149,141,10000.0,1000,63966ea5476c848094090758463b4c886c4cf646b5c8fb3393669d7dac425918
A02-S15,A02,A,A01-S15,15378190346746817772,15,A02,TREATMENT,5663219481463969684,7358855150582438391,141,10000.0,1000,63966ea5476c848094090758463b4c886c4cf646b5c8fb3393669d7dac425918
A02-S16,A02,A,A01-S16,17392834523920745446,16,A02,TREATMENT,6824537507448365744,18349887623301676399,141,10000.0,1000,63966ea5476c848094090758463b4c886c4cf646b5c8fb3393669d7dac425918
A02-S17,A02,A,A01-S17,6004902773991946938,17,A02,TREATMENT,4715227865861581916,2262219189337088363,141,10000.0,1000,63966ea5476c848094090758463b4c886c4cf646b5c8fb3393669d7dac425918
A02-S18,A02,A,A01-S18,1276185860986598701,18,A02,TREATMENT,9511655153168452277,10436580739198981035,141,10000.0,1000,63966ea5476c848094090758463b4c886c4cf646b5c8fb3393669d7dac425918
A02-S19,A02,A,A01-S19,18079315101168952395,19,A02,TREATMENT,6043571177915800040,12702549968641713946,141,10000.0,1000,63966ea5476c848094090758463b4c886c4cf646b5c8fb3393669d7dac425918
A02-S20,A02,A,A01-S20,7204546077592663632,20,A02,TREATMENT,569641493284683202,13765921241000322430,141,10000.0,1000,63966ea5476c848094090758463b4c886c4cf646b5c8fb3393669d7dac425918
A02-S21,A02,A,A01-S21,9956737151618003453,21,A02,TREATMENT,16877700863488327536,7386769304762975962,141,10000.0,1000,63966ea5476c848094090758463b4c886c4cf646b5c8fb3393669d7dac425918
A02-S22,A02,A,A01-S22,16387267417201747712,22,A02,TREATMENT,2806097971093939155,12452745886917361139,141,10000.0,1000,63966ea5476c848094090758463b4c886c4cf646b5c8fb3393669d7dac425918
A02-S23,A02,A,A01-S23,9291552872952191884,23,A02,TREATMENT,7757362910483186954,7789307205402291230,141,10000.0,1000,63966ea5476c848094090758463b4c886c4cf646b5c8fb3393669d7dac425918
A02-S24,A02,A,A01-S24,6774698307268965035,24,A02,TREATMENT,1576580045019179932,4935217386166152489,141,10000.0,1000,63966ea5476c848094090758463b4c886c4cf646b5c8fb3393669d7dac425918
A02-S25,A02,A,A01-S25,2397802915662912221,25,A02,TREATMENT,14619151551073477646,12920588218344506273,141,10000.0,1000,63966ea5476c848094090758463b4c886c4cf646b5c8fb3393669d7dac425918
A02-S26,A02,A,A01-S26,16512734406278341016,26,A02,TREATMENT,14322377249768527931,13254837558786523102,141,10000.0,1000,63966ea5476c848094090758463b4c886c4cf646b5c8fb3393669d7dac425918
A02-S27,A02,A,A01-S27,7759242425029944541,27,A02,TREATMENT,1149342802584957422,5649797684190372106,141,10000.0,1000,63966ea5476c848094090758463b4c886c4cf646b5c8fb3393669d7dac425918
A02-S28,A02,A,A01-S28,11711687275972324145,28,A02,TREATMENT,1080364485313091703,6989550281425801118,141,10000.0,1000,63966ea5476c848094090758463b4c886c4cf646b5c8fb3393669d7dac425918
A02-S29,A02,A,A01-S29,4354161107732199298,29,A02,TREATMENT,958257433142140251,11054401464327553918,141,10000.0,1000,63966ea5476c848094090758463b4c886c4cf646b5c8fb3393669d7dac425918
A03-S00,A03,A,A03-S00,7266343386191483739,0,A03,CONTROL,12089769011917694374,1988348648956568175,141,10000.0,1000,95399160bd77675c28cc3d984f85174d7b3eb52bd0ee6d350571c3c4c8c8320e
A03-S01,A03,A,A03-S01,7327669731288643706,1,A03,CONTROL,12962257606173152482,5324873478951682309,141,10000.0,1000,95399160bd77675c28cc3d984f85174d7b3eb52bd0ee6d350571c3c4c8c8320e
A03-S02,A03,A,A03-S02,14021529625252821637,2,A03,CONTROL,10111987247277390914,7444505376397852194,141,10000.0,1000,95399160bd77675c28cc3d984f85174d7b3eb52bd0ee6d350571c3c4c8c8320e
A03-S03,A03,A,A03-S03,13015257401067502099,3,A03,CONTROL,17270178139864731407,8641882922361671506,141,10000.0,1000,95399160bd77675c28cc3d984f85174d7b3eb52bd0ee6d350571c3c4c8c8320e
A03-S04,A03,A,A03-S04,4888788266148067928,4,A03,CONTROL,2317428014290689691,5004527360990479258,141,10000.0,1000,95399160bd77675c28cc3d984f85174d7b3eb52bd0ee6d350571c3c4c8c8320e
A03-S05,A03,A,A03-S05,372686234733934361,5,A03,CONTROL,4112462094266218956,12493455952218554452,141,10000.0,1000,95399160bd77675c28cc3d984f85174d7b3eb52bd0ee6d350571c3c4c8c8320e
A03-S06,A03,A,A03-S06,8946841158517248766,6,A03,CONTROL,18344430265889267866,3607112505366798910,141,10000.0,1000,95399160bd77675c28cc3d984f85174d7b3eb52bd0ee6d350571c3c4c8c8320e
A03-S07,A03,A,A03-S07,9009703059525875822,7,A03,CONTROL,17090463357186446524,16318870803467828902,141,10000.0,1000,95399160bd77675c28cc3d984f85174d7b3eb52bd0ee6d350571c3c4c8c8320e
A03-S08,A03,A,A03-S08,13763262471769672163,8,A03,CONTROL,16125149457169702369,9691583463255889012,141,10000.0,1000,95399160bd77675c28cc3d984f85174d7b3eb52bd0ee6d350571c3c4c8c8320e
A03-S09,A03,A,A03-S09,11943450448932995834,9,A03,CONTROL,17149423523499720600,14346439664770562953,141,10000.0,1000,95399160bd77675c28cc3d984f85174d7b3eb52bd0ee6d350571c3c4c8c8320e
A03-S10,A03,A,A03-S10,383364110206706523,10,A03,CONTROL,523302846518345112,15696728803483267094,141,10000.0,1000,95399160bd77675c28cc3d984f85174d7b3eb52bd0ee6d350571c3c4c8c8320e
A03-S11,A03,A,A03-S11,7597450664324651830,11,A03,CONTROL,7369064661370065246,5366810094079678820,141,10000.0,1000,95399160bd77675c28cc3d984f85174d7b3eb52bd0ee6d350571c3c4c8c8320e
A03-S12,A03,A,A03-S12,7113020691504941419,12,A03,CONTROL,8186838090085453911,15680718854683426966,141,10000.0,1000,95399160bd77675c28cc3d984f85174d7b3eb52bd0ee6d350571c3c4c8c8320e
A03-S13,A03,A,A03-S13,17589586195462360652,13,A03,CONTROL,5829204117060041738,4804898231906745974,141,10000.0,1000,95399160bd77675c28cc3d984f85174d7b3eb52bd0ee6d350571c3c4c8c8320e
A03-S14,A03,A,A03-S14,9841280377429304429,14,A03,CONTROL,3426743007640780525,8112466945008198149,141,10000.0,1000,95399160bd77675c28cc3d984f85174d7b3eb52bd0ee6d350571c3c4c8c8320e
A03-S15,A03,A,A03-S15,15378190346746817772,15,A03,CONTROL,5663219481463969684,7358855150582438391,141,10000.0,1000,95399160bd77675c28cc3d984f85174d7b3eb52bd0ee6d350571c3c4c8c8320e
A03-S16,A03,A,A03-S16,17392834523920745446,16,A03,CONTROL,6824537507448365744,18349887623301676399,141,10000.0,1000,95399160bd77675c28cc3d984f85174d7b3eb52bd0ee6d350571c3c4c8c8320e
A03-S17,A03,A,A03-S17,6004902773991946938,17,A03,CONTROL,4715227865861581916,2262219189337088363,141,10000.0,1000,95399160bd77675c28cc3d984f85174d7b3eb52bd0ee6d350571c3c4c8c8320e
A03-S18,A03,A,A03-S18,1276185860986598701,18,A03,CONTROL,9511655153168452277,10436580739198981035,141,10000.0,1000,95399160bd77675c28cc3d984f85174d7b3eb52bd0ee6d350571c3c4c8c8320e
A03-S19,A03,A,A03-S19,18079315101168952395,19,A03,CONTROL,6043571177915800040,12702549968641713946,141,10000.0,1000,95399160bd77675c28cc3d984f85174d7b3eb52bd0ee6d350571c3c4c8c8320e
A03-S20,A03,A,A03-S20,7204546077592663632,20,A03,CONTROL,569641493284683202,13765921241000322430,141,10000.0,1000,95399160bd77675c28cc3d984f85174d7b3eb52bd0ee6d350571c3c4c8c8320e
A03-S21,A03,A,A03-S21,9956737151618003453,21,A03,CONTROL,16877700863488327536,7386769304762975962,141,10000.0,1000,95399160bd77675c28cc3d984f85174d7b3eb52bd0ee6d350571c3c4c8c8320e
A03-S22,A03,A,A03-S22,16387267417201747712,22,A03,CONTROL,2806097971093939155,12452745886917361139,141,10000.0,1000,95399160bd77675c28cc3d984f85174d7b3eb52bd0ee6d350571c3c4c8c8320e
A03-S23,A03,A,A03-S23,9291552872952191884,23,A03,CONTROL,7757362910483186954,7789307205402291230,141,10000.0,1000,95399160bd77675c28cc3d984f85174d7b3eb52bd0ee6d350571c3c4c8c8320e
A03-S24,A03,A,A03-S24,6774698307268965035,24,A03,CONTROL,1576580045019179932,4935217386166152489,141,10000.0,1000,95399160bd77675c28cc3d984f85174d7b3eb52bd0ee6d350571c3c4c8c8320e
A03-S25,A03,A,A03-S25,2397802915662912221,25,A03,CONTROL,14619151551073477646,12920588218344506273,141,10000.0,1000,95399160bd77675c28cc3d984f85174d7b3eb52bd0ee6d350571c3c4c8c8320e
A03-S26,A03,A,A03-S26,16512734406278341016,26,A03,CONTROL,14322377249768527931,13254837558786523102,141,10000.0,1000,95399160bd77675c28cc3d984f85174d7b3eb52bd0ee6d350571c3c4c8c8320e
A03-S27,A03,A,A03-S27,7759242425029944541,27,A03,CONTROL,1149342802584957422,5649797684190372106,141,10000.0,1000,95399160bd77675c28cc3d984f85174d7b3eb52bd0ee6d350571c3c4c8c8320e
A03-S28,A03,A,A03-S28,11711687275972324145,28,A03,CONTROL,1080364485313091703,6989550281425801118,141,10000.0,1000,95399160bd77675c28cc3d984f85174d7b3eb52bd0ee6d350571c3c4c8c8320e
A03-S29,A03,A,A03-S29,4354161107732199298,29,A03,CONTROL,958257433142140251,11054401464327553918,141,10000.0,1000,95399160bd77675c28cc3d984f85174d7b3eb52bd0ee6d350571c3c4c8c8320e
A04-S00,A04,A,A03-S00,7266343386191483739,0,A04,TREATMENT,12089769011917694374,1988348648956568175,141,10000.0,1000,c7b1e28cb25fc8b4ac2d8c6c9b899f10fa06b4a60d3e16a93ea26a547741dff5
A04-S01,A04,A,A03-S01,7327669731288643706,1,A04,TREATMENT,12962257606173152482,5324873478951682309,141,10000.0,1000,c7b1e28cb25fc8b4ac2d8c6c9b899f10fa06b4a60d3e16a93ea26a547741dff5
A04-S02,A04,A,A03-S02,14021529625252821637,2,A04,TREATMENT,10111987247277390914,7444505376397852194,141,10000.0,1000,c7b1e28cb25fc8b4ac2d8c6c9b899f10fa06b4a60d3e16a93ea26a547741dff5
A04-S03,A04,A,A03-S03,13015257401067502099,3,A04,TREATMENT,17270178139864731407,8641882922361671506,141,10000.0,1000,c7b1e28cb25fc8b4ac2d8c6c9b899f10fa06b4a60d3e16a93ea26a547741dff5
A04-S04,A04,A,A03-S04,4888788266148067928,4,A04,TREATMENT,2317428014290689691,5004527360990479258,141,10000.0,1000,c7b1e28cb25fc8b4ac2d8c6c9b899f10fa06b4a60d3e16a93ea26a547741dff5
A04-S05,A04,A,A03-S05,372686234733934361,5,A04,TREATMENT,4112462094266218956,12493455952218554452,141,10000.0,1000,c7b1e28cb25fc8b4ac2d8c6c9b899f10fa06b4a60d3e16a93ea26a547741dff5
A04-S06,A04,A,A03-S06,8946841158517248766,6,A04,TREATMENT,18344430265889267866,3607112505366798910,141,10000.0,1000,c7b1e28cb25fc8b4ac2d8c6c9b899f10fa06b4a60d3e16a93ea26a547741dff5
A04-S07,A04,A,A03-S07,9009703059525875822,7,A04,TREATMENT,17090463357186446524,16318870803467828902,141,10000.0,1000,c7b1e28cb25fc8b4ac2d8c6c9b899f10fa06b4a60d3e16a93ea26a547741dff5
A04-S08,A04,A,A03-S08,13763262471769672163,8,A04,TREATMENT,16125149457169702369,9691583463255889012,141,10000.0,1000,c7b1e28cb25fc8b4ac2d8c6c9b899f10fa06b4a60d3e16a93ea26a547741dff5
A04-S09,A04,A,A03-S09,11943450448932995834,9,A04,TREATMENT,17149423523499720600,14346439664770562953,141,10000.0,1000,c7b1e28cb25fc8b4ac2d8c6c9b899f10fa06b4a60d3e16a93ea26a547741dff5
A04-S10,A04,A,A03-S10,383364110206706523,10,A04,TREATMENT,523302846518345112,15696728803483267094,141,10000.0,1000,c7b1e28cb25fc8b4ac2d8c6c9b899f10fa06b4a60d3e16a93ea26a547741dff5
A04-S11,A04,A,A03-S11,7597450664324651830,11,A04,TREATMENT,7369064661370065246,5366810094079678820,141,10000.0,1000,c7b1e28cb25fc8b4ac2d8c6c9b899f10fa06b4a60d3e16a93ea26a547741dff5
A04-S12,A04,A,A03-S12,7113020691504941419,12,A04,TREATMENT,8186838090085453911,15680718854683426966,141,10000.0,1000,c7b1e28cb25fc8b4ac2d8c6c9b899f10fa06b4a60d3e16a93ea26a547741dff5
A04-S13,A04,A,A03-S13,17589586195462360652,13,A04,TREATMENT,5829204117060041738,4804898231906745974,141,10000.0,1000,c7b1e28cb25fc8b4ac2d8c6c9b899f10fa06b4a60d3e16a93ea26a547741dff5
A04-S14,A04,A,A03-S14,9841280377429304429,14,A04,TREATMENT,3426743007640780525,8112466945008198149,141,10000.0,1000,c7b1e28cb25fc8b4ac2d8c6c9b899f10fa06b4a60d3e16a93ea26a547741dff5
A04-S15,A04,A,A03-S15,15378190346746817772,15,A04,TREATMENT,5663219481463969684,7358855150582438391,141,10000.0,1000,c7b1e28cb25fc8b4ac2d8c6c9b899f10fa06b4a60d3e16a93ea26a547741dff5
A04-S16,A04,A,A03-S16,17392834523920745446,16,A04,TREATMENT,6824537507448365744,18349887623301676399,141,10000.0,1000,c7b1e28cb25fc8b4ac2d8c6c9b899f10fa06b4a60d3e16a93ea26a547741dff5
A04-S17,A04,A,A03-S17,6004902773991946938,17,A04,TREATMENT,4715227865861581916,2262219189337088363,141,10000.0,1000,c7b1e28cb25fc8b4ac2d8c6c9b899f10fa06b4a60d3e16a93ea26a547741dff5
A04-S18,A04,A,A03-S18,1276185860986598701,18,A04,TREATMENT,9511655153168452277,10436580739198981035,141,10000.0,1000,c7b1e28cb25fc8b4ac2d8c6c9b899f10fa06b4a60d3e16a93ea26a547741dff5
A04-S19,A04,A,A03-S19,18079315101168952395,19,A04,TREATMENT,6043571177915800040,12702549968641713946,141,10000.0,1000,c7b1e28cb25fc8b4ac2d8c6c9b899f10fa06b4a60d3e16a93ea26a547741dff5
A04-S20,A04,A,A03-S20,7204546077592663632,20,A04,TREATMENT,569641493284683202,13765921241000322430,141,10000.0,1000,c7b1e28cb25fc8b4ac2d8c6c9b899f10fa06b4a60d3e16a93ea26a547741dff5
A04-S21,A04,A,A03-S21,9956737151618003453,21,A04,TREATMENT,16877700863488327536,7386769304762975962,141,10000.0,1000,c7b1e28cb25fc8b4ac2d8c6c9b899f10fa06b4a60d3e16a93ea26a547741dff5
A04-S22,A04,A,A03-S22,16387267417201747712,22,A04,TREATMENT,2806097971093939155,12452745886917361139,141,10000.0,1000,c7b1e28cb25fc8b4ac2d8c6c9b899f10fa06b4a60d3e16a93ea26a547741dff5
A04-S23,A04,A,A03-S23,9291552872952191884,23,A04,TREATMENT,7757362910483186954,7789307205402291230,141,10000.0,1000,c7b1e28cb25fc8b4ac2d8c6c9b899f10fa06b4a60d3e16a93ea26a547741dff5
A04-S24,A04,A,A03-S24,6774698307268965035,24,A04,TREATMENT,1576580045019179932,4935217386166152489,141,10000.0,1000,c7b1e28cb25fc8b4ac2d8c6c9b899f10fa06b4a60d3e16a93ea26a547741dff5
A04-S25,A04,A,A03-S25,2397802915662912221,25,A04,TREATMENT,14619151551073477646,12920588218344506273,141,10000.0,1000,c7b1e28cb25fc8b4ac2d8c6c9b899f10fa06b4a60d3e16a93ea26a547741dff5
A04-S26,A04,A,A03-S26,16512734406278341016,26,A04,TREATMENT,14322377249768527931,13254837558786523102,141,10000.0,1000,c7b1e28cb25fc8b4ac2d8c6c9b899f10fa06b4a60d3e16a93ea26a547741dff5
A04-S27,A04,A,A03-S27,7759242425029944541,27,A04,TREATMENT,1149342802584957422,5649797684190372106,141,10000.0,1000,c7b1e28cb25fc8b4ac2d8c6c9b899f10fa06b4a60d3e16a93ea26a547741dff5
A04-S28,A04,A,A03-S28,11711687275972324145,28,A04,TREATMENT,1080364485313091703,6989550281425801118,141,10000.0,1000,c7b1e28cb25fc8b4ac2d8c6c9b899f10fa06b4a60d3e16a93ea26a547741dff5
A04-S29,A04,A,A03-S29,4354161107732199298,29,A04,TREATMENT,958257433142140251,11054401464327553918,141,10000.0,1000,c7b1e28cb25fc8b4ac2d8c6c9b899f10fa06b4a60d3e16a93ea26a547741dff5
A05-S00,A05,A,A03-S00,7266343386191483739,0,A05,TREATMENT,12089769011917694374,1988348648956568175,141,10000.0,1000,02e420a958b6f3739b00bc13e1ba158bef59eefdbac00c3da6ffd29467c7de04
A05-S01,A05,A,A03-S01,7327669731288643706,1,A05,TREATMENT,12962257606173152482,5324873478951682309,141,10000.0,1000,02e420a958b6f3739b00bc13e1ba158bef59eefdbac00c3da6ffd29467c7de04
A05-S02,A05,A,A03-S02,14021529625252821637,2,A05,TREATMENT,10111987247277390914,7444505376397852194,141,10000.0,1000,02e420a958b6f3739b00bc13e1ba158bef59eefdbac00c3da6ffd29467c7de04
A05-S03,A05,A,A03-S03,13015257401067502099,3,A05,TREATMENT,17270178139864731407,8641882922361671506,141,10000.0,1000,02e420a958b6f3739b00bc13e1ba158bef59eefdbac00c3da6ffd29467c7de04
A05-S04,A05,A,A03-S04,4888788266148067928,4,A05,TREATMENT,2317428014290689691,5004527360990479258,141,10000.0,1000,02e420a958b6f3739b00bc13e1ba158bef59eefdbac00c3da6ffd29467c7de04
A05-S05,A05,A,A03-S05,372686234733934361,5,A05,TREATMENT,4112462094266218956,12493455952218554452,141,10000.0,1000,02e420a958b6f3739b00bc13e1ba158bef59eefdbac00c3da6ffd29467c7de04
A05-S06,A05,A,A03-S06,8946841158517248766,6,A05,TREATMENT,18344430265889267866,3607112505366798910,141,10000.0,1000,02e420a958b6f3739b00bc13e1ba158bef59eefdbac00c3da6ffd29467c7de04
A05-S07,A05,A,A03-S07,9009703059525875822,7,A05,TREATMENT,17090463357186446524,16318870803467828902,141,10000.0,1000,02e420a958b6f3739b00bc13e1ba158bef59eefdbac00c3da6ffd29467c7de04
A05-S08,A05,A,A03-S08,13763262471769672163,8,A05,TREATMENT,16125149457169702369,9691583463255889012,141,10000.0,1000,02e420a958b6f3739b00bc13e1ba158bef59eefdbac00c3da6ffd29467c7de04
A05-S09,A05,A,A03-S09,11943450448932995834,9,A05,TREATMENT,17149423523499720600,14346439664770562953,141,10000.0,1000,02e420a958b6f3739b00bc13e1ba158bef59eefdbac00c3da6ffd29467c7de04
A05-S10,A05,A,A03-S10,383364110206706523,10,A05,TREATMENT,523302846518345112,15696728803483267094,141,10000.0,1000,02e420a958b6f3739b00bc13e1ba158bef59eefdbac00c3da6ffd29467c7de04
A05-S11,A05,A,A03-S11,7597450664324651830,11,A05,TREATMENT,7369064661370065246,5366810094079678820,141,10000.0,1000,02e420a958b6f3739b00bc13e1ba158bef59eefdbac00c3da6ffd29467c7de04
A05-S12,A05,A,A03-S12,7113020691504941419,12,A05,TREATMENT,8186838090085453911,15680718854683426966,141,10000.0,1000,02e420a958b6f3739b00bc13e1ba158bef59eefdbac00c3da6ffd29467c7de04
A05-S13,A05,A,A03-S13,17589586195462360652,13,A05,TREATMENT,5829204117060041738,4804898231906745974,141,10000.0,1000,02e420a958b6f3739b00bc13e1ba158bef59eefdbac00c3da6ffd29467c7de04
A05-S14,A05,A,A03-S14,9841280377429304429,14,A05,TREATMENT,3426743007640780525,8112466945008198149,141,10000.0,1000,02e420a958b6f3739b00bc13e1ba158bef59eefdbac00c3da6ffd29467c7de04
A05-S15,A05,A,A03-S15,15378190346746817772,15,A05,TREATMENT,5663219481463969684,7358855150582438391,141,10000.0,1000,02e420a958b6f3739b00bc13e1ba158bef59eefdbac00c3da6ffd29467c7de04
A05-S16,A05,A,A03-S16,17392834523920745446,16,A05,TREATMENT,6824537507448365744,18349887623301676399,141,10000.0,1000,02e420a958b6f3739b00bc13e1ba158bef59eefdbac00c3da6ffd29467c7de04
A05-S17,A05,A,A03-S17,6004902773991946938,17,A05,TREATMENT,4715227865861581916,2262219189337088363,141,10000.0,1000,02e420a958b6f3739b00bc13e1ba158bef59eefdbac00c3da6ffd29467c7de04
A05-S18,A05,A,A03-S18,1276185860986598701,18,A05,TREATMENT,9511655153168452277,10436580739198981035,141,10000.0,1000,02e420a958b6f3739b00bc13e1ba158bef59eefdbac00c3da6ffd29467c7de04
A05-S19,A05,A,A03-S19,18079315101168952395,19,A05,TREATMENT,6043571177915800040,12702549968641713946,141,10000.0,1000,02e420a958b6f3739b00bc13e1ba158bef59eefdbac00c3da6ffd29467c7de04
A05-S20,A05,A,A03-S20,7204546077592663632,20,A05,TREATMENT,569641493284683202,13765921241000322430,141,10000.0,1000,02e420a958b6f3739b00bc13e1ba158bef59eefdbac00c3da6ffd29467c7de04
A05-S21,A05,A,A03-S21,9956737151618003453,21,A05,TREATMENT,16877700863488327536,7386769304762975962,141,10000.0,1000,02e420a958b6f3739b00bc13e1ba158bef59eefdbac00c3da6ffd29467c7de04
A05-S22,A05,A,A03-S22,16387267417201747712,22,A05,TREATMENT,2806097971093939155,12452745886917361139,141,10000.0,1000,02e420a958b6f3739b00bc13e1ba158bef59eefdbac00c3da6ffd29467c7de04
A05-S23,A05,A,A03-S23,9291552872952191884,23,A05,TREATMENT,7757362910483186954,7789307205402291230,141,10000.0,1000,02e420a958b6f3739b00bc13e1ba158bef59eefdbac00c3da6ffd29467c7de04
A05-S24,A05,A,A03-S24,6774698307268965035,24,A05,TREATMENT,1576580045019179932,4935217386166152489,141,10000.0,1000,02e420a958b6f3739b00bc13e1ba158bef59eefdbac00c3da6ffd29467c7de04
A05-S25,A05,A,A03-S25,2397802915662912221,25,A05,TREATMENT,14619151551073477646,12920588218344506273,141,10000.0,1000,02e420a958b6f3739b00bc13e1ba158bef59eefdbac00c3da6ffd29467c7de04
A05-S26,A05,A,A03-S26,16512734406278341016,26,A05,TREATMENT,14322377249768527931,13254837558786523102,141,10000.0,1000,02e420a958b6f3739b00bc13e1ba158bef59eefdbac00c3da6ffd29467c7de04
A05-S27,A05,A,A03-S27,7759242425029944541,27,A05,TREATMENT,1149342802584957422,5649797684190372106,141,10000.0,1000,02e420a958b6f3739b00bc13e1ba158bef59eefdbac00c3da6ffd29467c7de04
A05-S28,A05,A,A03-S28,11711687275972324145,28,A05,TREATMENT,1080364485313091703,6989550281425801118,141,10000.0,1000,02e420a958b6f3739b00bc13e1ba158bef59eefdbac00c3da6ffd29467c7de04
A05-S29,A05,A,A03-S29,4354161107732199298,29,A05,TREATMENT,958257433142140251,11054401464327553918,141,10000.0,1000,02e420a958b6f3739b00bc13e1ba158bef59eefdbac00c3da6ffd29467c7de04
A06-S00,A06,A,A03-S00,7266343386191483739,0,A06,TREATMENT,12089769011917694374,1988348648956568175,141,10000.0,1000,d6a98b1e73832c91c4ca8360e8070b9b67e367ec31e6056a9bc71f068ac01f39
A06-S01,A06,A,A03-S01,7327669731288643706,1,A06,TREATMENT,12962257606173152482,5324873478951682309,141,10000.0,1000,d6a98b1e73832c91c4ca8360e8070b9b67e367ec31e6056a9bc71f068ac01f39
A06-S02,A06,A,A03-S02,14021529625252821637,2,A06,TREATMENT,10111987247277390914,7444505376397852194,141,10000.0,1000,d6a98b1e73832c91c4ca8360e8070b9b67e367ec31e6056a9bc71f068ac01f39
A06-S03,A06,A,A03-S03,13015257401067502099,3,A06,TREATMENT,17270178139864731407,8641882922361671506,141,10000.0,1000,d6a98b1e73832c91c4ca8360e8070b9b67e367ec31e6056a9bc71f068ac01f39
A06-S04,A06,A,A03-S04,4888788266148067928,4,A06,TREATMENT,2317428014290689691,5004527360990479258,141,10000.0,1000,d6a98b1e73832c91c4ca8360e8070b9b67e367ec31e6056a9bc71f068ac01f39
A06-S05,A06,A,A03-S05,372686234733934361,5,A06,TREATMENT,4112462094266218956,12493455952218554452,141,10000.0,1000,d6a98b1e73832c91c4ca8360e8070b9b67e367ec31e6056a9bc71f068ac01f39
A06-S06,A06,A,A03-S06,8946841158517248766,6,A06,TREATMENT,18344430265889267866,3607112505366798910,141,10000.0,1000,d6a98b1e73832c91c4ca8360e8070b9b67e367ec31e6056a9bc71f068ac01f39
A06-S07,A06,A,A03-S07,9009703059525875822,7,A06,TREATMENT,17090463357186446524,16318870803467828902,141,10000.0,1000,d6a98b1e73832c91c4ca8360e8070b9b67e367ec31e6056a9bc71f068ac01f39
A06-S08,A06,A,A03-S08,13763262471769672163,8,A06,TREATMENT,16125149457169702369,9691583463255889012,141,10000.0,1000,d6a98b1e73832c91c4ca8360e8070b9b67e367ec31e6056a9bc71f068ac01f39
A06-S09,A06,A,A03-S09,11943450448932995834,9,A06,TREATMENT,17149423523499720600,14346439664770562953,141,10000.0,1000,d6a98b1e73832c91c4ca8360e8070b9b67e367ec31e6056a9bc71f068ac01f39
A06-S10,A06,A,A03-S10,383364110206706523,10,A06,TREATMENT,523302846518345112,15696728803483267094,141,10000.0,1000,d6a98b1e73832c91c4ca8360e8070b9b67e367ec31e6056a9bc71f068ac01f39
A06-S11,A06,A,A03-S11,7597450664324651830,11,A06,TREATMENT,7369064661370065246,5366810094079678820,141,10000.0,1000,d6a98b1e73832c91c4ca8360e8070b9b67e367ec31e6056a9bc71f068ac01f39
A06-S12,A06,A,A03-S12,7113020691504941419,12,A06,TREATMENT,8186838090085453911,15680718854683426966,141,10000.0,1000,d6a98b1e73832c91c4ca8360e8070b9b67e367ec31e6056a9bc71f068ac01f39
A06-S13,A06,A,A03-S13,17589586195462360652,13,A06,TREATMENT,5829204117060041738,4804898231906745974,141,10000.0,1000,d6a98b1e73832c91c4ca8360e8070b9b67e367ec31e6056a9bc71f068ac01f39
A06-S14,A06,A,A03-S14,9841280377429304429,14,A06,TREATMENT,3426743007640780525,8112466945008198149,141,10000.0,1000,d6a98b1e73832c91c4ca8360e8070b9b67e367ec31e6056a9bc71f068ac01f39
A06-S15,A06,A,A03-S15,15378190346746817772,15,A06,TREATMENT,5663219481463969684,7358855150582438391,141,10000.0,1000,d6a98b1e73832c91c4ca8360e8070b9b67e367ec31e6056a9bc71f068ac01f39
A06-S16,A06,A,A03-S16,17392834523920745446,16,A06,TREATMENT,6824537507448365744,18349887623301676399,141,10000.0,1000,d6a98b1e73832c91c4ca8360e8070b9b67e367ec31e6056a9bc71f068ac01f39
A06-S17,A06,A,A03-S17,6004902773991946938,17,A06,TREATMENT,4715227865861581916,2262219189337088363,141,10000.0,1000,d6a98b1e73832c91c4ca8360e8070b9b67e367ec31e6056a9bc71f068ac01f39
A06-S18,A06,A,A03-S18,1276185860986598701,18,A06,TREATMENT,9511655153168452277,10436580739198981035,141,10000.0,1000,d6a98b1e73832c91c4ca8360e8070b9b67e367ec31e6056a9bc71f068ac01f39
A06-S19,A06,A,A03-S19,18079315101168952395,19,A06,TREATMENT,6043571177915800040,12702549968641713946,141,10000.0,1000,d6a98b1e73832c91c4ca8360e8070b9b67e367ec31e6056a9bc71f068ac01f39
A06-S20,A06,A,A03-S20,7204546077592663632,20,A06,TREATMENT,569641493284683202,13765921241000322430,141,10000.0,1000,d6a98b1e73832c91c4ca8360e8070b9b67e367ec31e6056a9bc71f068ac01f39
A06-S21,A06,A,A03-S21,9956737151618003453,21,A06,TREATMENT,16877700863488327536,7386769304762975962,141,10000.0,1000,d6a98b1e73832c91c4ca8360e8070b9b67e367ec31e6056a9bc71f068ac01f39
A06-S22,A06,A,A03-S22,16387267417201747712,22,A06,TREATMENT,2806097971093939155,12452745886917361139,141,10000.0,1000,d6a98b1e73832c91c4ca8360e8070b9b67e367ec31e6056a9bc71f068ac01f39
A06-S23,A06,A,A03-S23,9291552872952191884,23,A06,TREATMENT,7757362910483186954,7789307205402291230,141,10000.0,1000,d6a98b1e73832c91c4ca8360e8070b9b67e367ec31e6056a9bc71f068ac01f39
A06-S24,A06,A,A03-S24,6774698307268965035,24,A06,TREATMENT,1576580045019179932,4935217386166152489,141,10000.0,1000,d6a98b1e73832c91c4ca8360e8070b9b67e367ec31e6056a9bc71f068ac01f39
A06-S25,A06,A,A03-S25,2397802915662912221,25,A06,TREATMENT,14619151551073477646,12920588218344506273,141,10000.0,1000,d6a98b1e73832c91c4ca8360e8070b9b67e367ec31e6056a9bc71f068ac01f39
A06-S26,A06,A,A03-S26,16512734406278341016,26,A06,TREATMENT,14322377249768527931,13254837558786523102,141,10000.0,1000,d6a98b1e73832c91c4ca8360e8070b9b67e367ec31e6056a9bc71f068ac01f39
A06-S27,A06,A,A03-S27,7759242425029944541,27,A06,TREATMENT,1149342802584957422,5649797684190372106,141,10000.0,1000,d6a98b1e73832c91c4ca8360e8070b9b67e367ec31e6056a9bc71f068ac01f39
A06-S28,A06,A,A03-S28,11711687275972324145,28,A06,TREATMENT,1080364485313091703,6989550281425801118,141,10000.0,1000,d6a98b1e73832c91c4ca8360e8070b9b67e367ec31e6056a9bc71f068ac01f39
A06-S29,A06,A,A03-S29,4354161107732199298,29,A06,TREATMENT,958257433142140251,11054401464327553918,141,10000.0,1000,d6a98b1e73832c91c4ca8360e8070b9b67e367ec31e6056a9bc71f068ac01f39
B01-S00,B01,B,B01-S00,7266343386191483739,0,B01,CONTROL,12089769011917694374,1988348648956568175,141,10000.0,1000,0de9cc1d2d27909e46c28212cb56c220414df452b0f9fe0af71e55e05e502b62
B01-S01,B01,B,B01-S01,7327669731288643706,1,B01,CONTROL,12962257606173152482,5324873478951682309,141,10000.0,1000,0de9cc1d2d27909e46c28212cb56c220414df452b0f9fe0af71e55e05e502b62
B01-S02,B01,B,B01-S02,14021529625252821637,2,B01,CONTROL,10111987247277390914,7444505376397852194,141,10000.0,1000,0de9cc1d2d27909e46c28212cb56c220414df452b0f9fe0af71e55e05e502b62
B01-S03,B01,B,B01-S03,13015257401067502099,3,B01,CONTROL,17270178139864731407,8641882922361671506,141,10000.0,1000,0de9cc1d2d27909e46c28212cb56c220414df452b0f9fe0af71e55e05e502b62
B01-S04,B01,B,B01-S04,4888788266148067928,4,B01,CONTROL,2317428014290689691,5004527360990479258,141,10000.0,1000,0de9cc1d2d27909e46c28212cb56c220414df452b0f9fe0af71e55e05e502b62
B01-S05,B01,B,B01-S05,372686234733934361,5,B01,CONTROL,4112462094266218956,12493455952218554452,141,10000.0,1000,0de9cc1d2d27909e46c28212cb56c220414df452b0f9fe0af71e55e05e502b62
B01-S06,B01,B,B01-S06,8946841158517248766,6,B01,CONTROL,18344430265889267866,3607112505366798910,141,10000.0,1000,0de9cc1d2d27909e46c28212cb56c220414df452b0f9fe0af71e55e05e502b62
B01-S07,B01,B,B01-S07,9009703059525875822,7,B01,CONTROL,17090463357186446524,16318870803467828902,141,10000.0,1000,0de9cc1d2d27909e46c28212cb56c220414df452b0f9fe0af71e55e05e502b62
B01-S08,B01,B,B01-S08,13763262471769672163,8,B01,CONTROL,16125149457169702369,9691583463255889012,141,10000.0,1000,0de9cc1d2d27909e46c28212cb56c220414df452b0f9fe0af71e55e05e502b62
B01-S09,B01,B,B01-S09,11943450448932995834,9,B01,CONTROL,17149423523499720600,14346439664770562953,141,10000.0,1000,0de9cc1d2d27909e46c28212cb56c220414df452b0f9fe0af71e55e05e502b62
B01-S10,B01,B,B01-S10,383364110206706523,10,B01,CONTROL,523302846518345112,15696728803483267094,141,10000.0,1000,0de9cc1d2d27909e46c28212cb56c220414df452b0f9fe0af71e55e05e502b62
B01-S11,B01,B,B01-S11,7597450664324651830,11,B01,CONTROL,7369064661370065246,5366810094079678820,141,10000.0,1000,0de9cc1d2d27909e46c28212cb56c220414df452b0f9fe0af71e55e05e502b62
B01-S12,B01,B,B01-S12,7113020691504941419,12,B01,CONTROL,8186838090085453911,15680718854683426966,141,10000.0,1000,0de9cc1d2d27909e46c28212cb56c220414df452b0f9fe0af71e55e05e502b62
B01-S13,B01,B,B01-S13,17589586195462360652,13,B01,CONTROL,5829204117060041738,4804898231906745974,141,10000.0,1000,0de9cc1d2d27909e46c28212cb56c220414df452b0f9fe0af71e55e05e502b62
B01-S14,B01,B,B01-S14,9841280377429304429,14,B01,CONTROL,3426743007640780525,8112466945008198149,141,10000.0,1000,0de9cc1d2d27909e46c28212cb56c220414df452b0f9fe0af71e55e05e502b62
B01-S15,B01,B,B01-S15,15378190346746817772,15,B01,CONTROL,5663219481463969684,7358855150582438391,141,10000.0,1000,0de9cc1d2d27909e46c28212cb56c220414df452b0f9fe0af71e55e05e502b62
B01-S16,B01,B,B01-S16,17392834523920745446,16,B01,CONTROL,6824537507448365744,18349887623301676399,141,10000.0,1000,0de9cc1d2d27909e46c28212cb56c220414df452b0f9fe0af71e55e05e502b62
B01-S17,B01,B,B01-S17,6004902773991946938,17,B01,CONTROL,4715227865861581916,2262219189337088363,141,10000.0,1000,0de9cc1d2d27909e46c28212cb56c220414df452b0f9fe0af71e55e05e502b62
B01-S18,B01,B,B01-S18,1276185860986598701,18,B01,CONTROL,9511655153168452277,10436580739198981035,141,10000.0,1000,0de9cc1d2d27909e46c28212cb56c220414df452b0f9fe0af71e55e05e502b62
B01-S19,B01,B,B01-S19,18079315101168952395,19,B01,CONTROL,6043571177915800040,12702549968641713946,141,10000.0,1000,0de9cc1d2d27909e46c28212cb56c220414df452b0f9fe0af71e55e05e502b62
B01-S20,B01,B,B01-S20,7204546077592663632,20,B01,CONTROL,569641493284683202,13765921241000322430,141,10000.0,1000,0de9cc1d2d27909e46c28212cb56c220414df452b0f9fe0af71e55e05e502b62
B01-S21,B01,B,B01-S21,9956737151618003453,21,B01,CONTROL,16877700863488327536,7386769304762975962,141,10000.0,1000,0de9cc1d2d27909e46c28212cb56c220414df452b0f9fe0af71e55e05e502b62
B01-S22,B01,B,B01-S22,16387267417201747712,22,B01,CONTROL,2806097971093939155,12452745886917361139,141,10000.0,1000,0de9cc1d2d27909e46c28212cb56c220414df452b0f9fe0af71e55e05e502b62
B01-S23,B01,B,B01-S23,9291552872952191884,23,B01,CONTROL,7757362910483186954,7789307205402291230,141,10000.0,1000,0de9cc1d2d27909e46c28212cb56c220414df452b0f9fe0af71e55e05e502b62
B01-S24,B01,B,B01-S24,6774698307268965035,24,B01,CONTROL,1576580045019179932,4935217386166152489,141,10000.0,1000,0de9cc1d2d27909e46c28212cb56c220414df452b0f9fe0af71e55e05e502b62
B01-S25,B01,B,B01-S25,2397802915662912221,25,B01,CONTROL,14619151551073477646,12920588218344506273,141,10000.0,1000,0de9cc1d2d27909e46c28212cb56c220414df452b0f9fe0af71e55e05e502b62
B01-S26,B01,B,B01-S26,16512734406278341016,26,B01,CONTROL,14322377249768527931,13254837558786523102,141,10000.0,1000,0de9cc1d2d27909e46c28212cb56c220414df452b0f9fe0af71e55e05e502b62
B01-S27,B01,B,B01-S27,7759242425029944541,27,B01,CONTROL,1149342802584957422,5649797684190372106,141,10000.0,1000,0de9cc1d2d27909e46c28212cb56c220414df452b0f9fe0af71e55e05e502b62
B01-S28,B01,B,B01-S28,11711687275972324145,28,B01,CONTROL,1080364485313091703,6989550281425801118,141,10000.0,1000,0de9cc1d2d27909e46c28212cb56c220414df452b0f9fe0af71e55e05e502b62
B01-S29,B01,B,B01-S29,4354161107732199298,29,B01,CONTROL,958257433142140251,11054401464327553918,141,10000.0,1000,0de9cc1d2d27909e46c28212cb56c220414df452b0f9fe0af71e55e05e502b62
B02-S00,B02,B,B01-S00,7266343386191483739,0,B02,TREATMENT,12089769011917694374,1988348648956568175,141,10000.0,1000,c9c87e57845ab286fe9e297f0d0d379ab70e8498e667f0d3076fe08a33f90bd0
B02-S01,B02,B,B01-S01,7327669731288643706,1,B02,TREATMENT,12962257606173152482,5324873478951682309,141,10000.0,1000,c9c87e57845ab286fe9e297f0d0d379ab70e8498e667f0d3076fe08a33f90bd0
B02-S02,B02,B,B01-S02,14021529625252821637,2,B02,TREATMENT,10111987247277390914,7444505376397852194,141,10000.0,1000,c9c87e57845ab286fe9e297f0d0d379ab70e8498e667f0d3076fe08a33f90bd0
B02-S03,B02,B,B01-S03,13015257401067502099,3,B02,TREATMENT,17270178139864731407,8641882922361671506,141,10000.0,1000,c9c87e57845ab286fe9e297f0d0d379ab70e8498e667f0d3076fe08a33f90bd0
B02-S04,B02,B,B01-S04,4888788266148067928,4,B02,TREATMENT,2317428014290689691,5004527360990479258,141,10000.0,1000,c9c87e57845ab286fe9e297f0d0d379ab70e8498e667f0d3076fe08a33f90bd0
B02-S05,B02,B,B01-S05,372686234733934361,5,B02,TREATMENT,4112462094266218956,12493455952218554452,141,10000.0,1000,c9c87e57845ab286fe9e297f0d0d379ab70e8498e667f0d3076fe08a33f90bd0
B02-S06,B02,B,B01-S06,8946841158517248766,6,B02,TREATMENT,18344430265889267866,3607112505366798910,141,10000.0,1000,c9c87e57845ab286fe9e297f0d0d379ab70e8498e667f0d3076fe08a33f90bd0
B02-S07,B02,B,B01-S07,9009703059525875822,7,B02,TREATMENT,17090463357186446524,16318870803467828902,141,10000.0,1000,c9c87e57845ab286fe9e297f0d0d379ab70e8498e667f0d3076fe08a33f90bd0
B02-S08,B02,B,B01-S08,13763262471769672163,8,B02,TREATMENT,16125149457169702369,9691583463255889012,141,10000.0,1000,c9c87e57845ab286fe9e297f0d0d379ab70e8498e667f0d3076fe08a33f90bd0
B02-S09,B02,B,B01-S09,11943450448932995834,9,B02,TREATMENT,17149423523499720600,14346439664770562953,141,10000.0,1000,c9c87e57845ab286fe9e297f0d0d379ab70e8498e667f0d3076fe08a33f90bd0
B02-S10,B02,B,B01-S10,383364110206706523,10,B02,TREATMENT,523302846518345112,15696728803483267094,141,10000.0,1000,c9c87e57845ab286fe9e297f0d0d379ab70e8498e667f0d3076fe08a33f90bd0
B02-S11,B02,B,B01-S11,7597450664324651830,11,B02,TREATMENT,7369064661370065246,5366810094079678820,141,10000.0,1000,c9c87e57845ab286fe9e297f0d0d379ab70e8498e667f0d3076fe08a33f90bd0
B02-S12,B02,B,B01-S12,7113020691504941419,12,B02,TREATMENT,8186838090085453911,15680718854683426966,141,10000.0,1000,c9c87e57845ab286fe9e297f0d0d379ab70e8498e667f0d3076fe08a33f90bd0
B02-S13,B02,B,B01-S13,17589586195462360652,13,B02,TREATMENT,5829204117060041738,4804898231906745974,141,10000.0,1000,c9c87e57845ab286fe9e297f0d0d379ab70e8498e667f0d3076fe08a33f90bd0
B02-S14,B02,B,B01-S14,9841280377429304429,14,B02,TREATMENT,3426743007640780525,8112466945008198149,141,10000.0,1000,c9c87e57845ab286fe9e297f0d0d379ab70e8498e667f0d3076fe08a33f90bd0
B02-S15,B02,B,B01-S15,15378190346746817772,15,B02,TREATMENT,5663219481463969684,7358855150582438391,141,10000.0,1000,c9c87e57845ab286fe9e297f0d0d379ab70e8498e667f0d3076fe08a33f90bd0
B02-S16,B02,B,B01-S16,17392834523920745446,16,B02,TREATMENT,6824537507448365744,18349887623301676399,141,10000.0,1000,c9c87e57845ab286fe9e297f0d0d379ab70e8498e667f0d3076fe08a33f90bd0
B02-S17,B02,B,B01-S17,6004902773991946938,17,B02,TREATMENT,4715227865861581916,2262219189337088363,141,10000.0,1000,c9c87e57845ab286fe9e297f0d0d379ab70e8498e667f0d3076fe08a33f90bd0
B02-S18,B02,B,B01-S18,1276185860986598701,18,B02,TREATMENT,9511655153168452277,10436580739198981035,141,10000.0,1000,c9c87e57845ab286fe9e297f0d0d379ab70e8498e667f0d3076fe08a33f90bd0
B02-S19,B02,B,B01-S19,18079315101168952395,19,B02,TREATMENT,6043571177915800040,12702549968641713946,141,10000.0,1000,c9c87e57845ab286fe9e297f0d0d379ab70e8498e667f0d3076fe08a33f90bd0
B02-S20,B02,B,B01-S20,7204546077592663632,20,B02,TREATMENT,569641493284683202,13765921241000322430,141,10000.0,1000,c9c87e57845ab286fe9e297f0d0d379ab70e8498e667f0d3076fe08a33f90bd0
B02-S21,B02,B,B01-S21,9956737151618003453,21,B02,TREATMENT,16877700863488327536,7386769304762975962,141,10000.0,1000,c9c87e57845ab286fe9e297f0d0d379ab70e8498e667f0d3076fe08a33f90bd0
B02-S22,B02,B,B01-S22,16387267417201747712,22,B02,TREATMENT,2806097971093939155,12452745886917361139,141,10000.0,1000,c9c87e57845ab286fe9e297f0d0d379ab70e8498e667f0d3076fe08a33f90bd0
B02-S23,B02,B,B01-S23,9291552872952191884,23,B02,TREATMENT,7757362910483186954,7789307205402291230,141,10000.0,1000,c9c87e57845ab286fe9e297f0d0d379ab70e8498e667f0d3076fe08a33f90bd0
B02-S24,B02,B,B01-S24,6774698307268965035,24,B02,TREATMENT,1576580045019179932,4935217386166152489,141,10000.0,1000,c9c87e57845ab286fe9e297f0d0d379ab70e8498e667f0d3076fe08a33f90bd0
B02-S25,B02,B,B01-S25,2397802915662912221,25,B02,TREATMENT,14619151551073477646,12920588218344506273,141,10000.0,1000,c9c87e57845ab286fe9e297f0d0d379ab70e8498e667f0d3076fe08a33f90bd0
B02-S26,B02,B,B01-S26,16512734406278341016,26,B02,TREATMENT,14322377249768527931,13254837558786523102,141,10000.0,1000,c9c87e57845ab286fe9e297f0d0d379ab70e8498e667f0d3076fe08a33f90bd0
B02-S27,B02,B,B01-S27,7759242425029944541,27,B02,TREATMENT,1149342802584957422,5649797684190372106,141,10000.0,1000,c9c87e57845ab286fe9e297f0d0d379ab70e8498e667f0d3076fe08a33f90bd0
B02-S28,B02,B,B01-S28,11711687275972324145,28,B02,TREATMENT,1080364485313091703,6989550281425801118,141,10000.0,1000,c9c87e57845ab286fe9e297f0d0d379ab70e8498e667f0d3076fe08a33f90bd0
B02-S29,B02,B,B01-S29,4354161107732199298,29,B02,TREATMENT,958257433142140251,11054401464327553918,141,10000.0,1000,c9c87e57845ab286fe9e297f0d0d379ab70e8498e667f0d3076fe08a33f90bd0
B03-S00,B03,B,B01-S00,7266343386191483739,0,B03,TREATMENT,12089769011917694374,1988348648956568175,141,10000.0,1000,b907196024331ad0456f47bc85985ceba3f2ef26c163145e59dc008d1c946dcd
B03-S01,B03,B,B01-S01,7327669731288643706,1,B03,TREATMENT,12962257606173152482,5324873478951682309,141,10000.0,1000,b907196024331ad0456f47bc85985ceba3f2ef26c163145e59dc008d1c946dcd
B03-S02,B03,B,B01-S02,14021529625252821637,2,B03,TREATMENT,10111987247277390914,7444505376397852194,141,10000.0,1000,b907196024331ad0456f47bc85985ceba3f2ef26c163145e59dc008d1c946dcd
B03-S03,B03,B,B01-S03,13015257401067502099,3,B03,TREATMENT,17270178139864731407,8641882922361671506,141,10000.0,1000,b907196024331ad0456f47bc85985ceba3f2ef26c163145e59dc008d1c946dcd
B03-S04,B03,B,B01-S04,4888788266148067928,4,B03,TREATMENT,2317428014290689691,5004527360990479258,141,10000.0,1000,b907196024331ad0456f47bc85985ceba3f2ef26c163145e59dc008d1c946dcd
B03-S05,B03,B,B01-S05,372686234733934361,5,B03,TREATMENT,4112462094266218956,12493455952218554452,141,10000.0,1000,b907196024331ad0456f47bc85985ceba3f2ef26c163145e59dc008d1c946dcd
B03-S06,B03,B,B01-S06,8946841158517248766,6,B03,TREATMENT,18344430265889267866,3607112505366798910,141,10000.0,1000,b907196024331ad0456f47bc85985ceba3f2ef26c163145e59dc008d1c946dcd
B03-S07,B03,B,B01-S07,9009703059525875822,7,B03,TREATMENT,17090463357186446524,16318870803467828902,141,10000.0,1000,b907196024331ad0456f47bc85985ceba3f2ef26c163145e59dc008d1c946dcd
B03-S08,B03,B,B01-S08,13763262471769672163,8,B03,TREATMENT,16125149457169702369,9691583463255889012,141,10000.0,1000,b907196024331ad0456f47bc85985ceba3f2ef26c163145e59dc008d1c946dcd
B03-S09,B03,B,B01-S09,11943450448932995834,9,B03,TREATMENT,17149423523499720600,14346439664770562953,141,10000.0,1000,b907196024331ad0456f47bc85985ceba3f2ef26c163145e59dc008d1c946dcd
B03-S10,B03,B,B01-S10,383364110206706523,10,B03,TREATMENT,523302846518345112,15696728803483267094,141,10000.0,1000,b907196024331ad0456f47bc85985ceba3f2ef26c163145e59dc008d1c946dcd
B03-S11,B03,B,B01-S11,7597450664324651830,11,B03,TREATMENT,7369064661370065246,5366810094079678820,141,10000.0,1000,b907196024331ad0456f47bc85985ceba3f2ef26c163145e59dc008d1c946dcd
B03-S12,B03,B,B01-S12,7113020691504941419,12,B03,TREATMENT,8186838090085453911,15680718854683426966,141,10000.0,1000,b907196024331ad0456f47bc85985ceba3f2ef26c163145e59dc008d1c946dcd
B03-S13,B03,B,B01-S13,17589586195462360652,13,B03,TREATMENT,5829204117060041738,4804898231906745974,141,10000.0,1000,b907196024331ad0456f47bc85985ceba3f2ef26c163145e59dc008d1c946dcd
B03-S14,B03,B,B01-S14,9841280377429304429,14,B03,TREATMENT,3426743007640780525,8112466945008198149,141,10000.0,1000,b907196024331ad0456f47bc85985ceba3f2ef26c163145e59dc008d1c946dcd
B03-S15,B03,B,B01-S15,15378190346746817772,15,B03,TREATMENT,5663219481463969684,7358855150582438391,141,10000.0,1000,b907196024331ad0456f47bc85985ceba3f2ef26c163145e59dc008d1c946dcd
B03-S16,B03,B,B01-S16,17392834523920745446,16,B03,TREATMENT,6824537507448365744,18349887623301676399,141,10000.0,1000,b907196024331ad0456f47bc85985ceba3f2ef26c163145e59dc008d1c946dcd
B03-S17,B03,B,B01-S17,6004902773991946938,17,B03,TREATMENT,4715227865861581916,2262219189337088363,141,10000.0,1000,b907196024331ad0456f47bc85985ceba3f2ef26c163145e59dc008d1c946dcd
B03-S18,B03,B,B01-S18,1276185860986598701,18,B03,TREATMENT,9511655153168452277,10436580739198981035,141,10000.0,1000,b907196024331ad0456f47bc85985ceba3f2ef26c163145e59dc008d1c946dcd
B03-S19,B03,B,B01-S19,18079315101168952395,19,B03,TREATMENT,6043571177915800040,12702549968641713946,141,10000.0,1000,b907196024331ad0456f47bc85985ceba3f2ef26c163145e59dc008d1c946dcd
B03-S20,B03,B,B01-S20,7204546077592663632,20,B03,TREATMENT,569641493284683202,13765921241000322430,141,10000.0,1000,b907196024331ad0456f47bc85985ceba3f2ef26c163145e59dc008d1c946dcd
B03-S21,B03,B,B01-S21,9956737151618003453,21,B03,TREATMENT,16877700863488327536,7386769304762975962,141,10000.0,1000,b907196024331ad0456f47bc85985ceba3f2ef26c163145e59dc008d1c946dcd
B03-S22,B03,B,B01-S22,16387267417201747712,22,B03,TREATMENT,2806097971093939155,12452745886917361139,141,10000.0,1000,b907196024331ad0456f47bc85985ceba3f2ef26c163145e59dc008d1c946dcd
B03-S23,B03,B,B01-S23,9291552872952191884,23,B03,TREATMENT,7757362910483186954,7789307205402291230,141,10000.0,1000,b907196024331ad0456f47bc85985ceba3f2ef26c163145e59dc008d1c946dcd
B03-S24,B03,B,B01-S24,6774698307268965035,24,B03,TREATMENT,1576580045019179932,4935217386166152489,141,10000.0,1000,b907196024331ad0456f47bc85985ceba3f2ef26c163145e59dc008d1c946dcd
B03-S25,B03,B,B01-S25,2397802915662912221,25,B03,TREATMENT,14619151551073477646,12920588218344506273,141,10000.0,1000,b907196024331ad0456f47bc85985ceba3f2ef26c163145e59dc008d1c946dcd
B03-S26,B03,B,B01-S26,16512734406278341016,26,B03,TREATMENT,14322377249768527931,13254837558786523102,141,10000.0,1000,b907196024331ad0456f47bc85985ceba3f2ef26c163145e59dc008d1c946dcd
B03-S27,B03,B,B01-S27,7759242425029944541,27,B03,TREATMENT,1149342802584957422,5649797684190372106,141,10000.0,1000,b907196024331ad0456f47bc85985ceba3f2ef26c163145e59dc008d1c946dcd
B03-S28,B03,B,B01-S28,11711687275972324145,28,B03,TREATMENT,1080364485313091703,6989550281425801118,141,10000.0,1000,b907196024331ad0456f47bc85985ceba3f2ef26c163145e59dc008d1c946dcd
B03-S29,B03,B,B01-S29,4354161107732199298,29,B03,TREATMENT,958257433142140251,11054401464327553918,141,10000.0,1000,b907196024331ad0456f47bc85985ceba3f2ef26c163145e59dc008d1c946dcd
B04-S00,B04,B,B01-S00,7266343386191483739,0,B04,TREATMENT,12089769011917694374,1988348648956568175,141,10000.0,1000,f6905ff25ca2cc7638ba9f70cdc582964485a943ba0963797d130885935c7135
B04-S01,B04,B,B01-S01,7327669731288643706,1,B04,TREATMENT,12962257606173152482,5324873478951682309,141,10000.0,1000,f6905ff25ca2cc7638ba9f70cdc582964485a943ba0963797d130885935c7135
B04-S02,B04,B,B01-S02,14021529625252821637,2,B04,TREATMENT,10111987247277390914,7444505376397852194,141,10000.0,1000,f6905ff25ca2cc7638ba9f70cdc582964485a943ba0963797d130885935c7135
B04-S03,B04,B,B01-S03,13015257401067502099,3,B04,TREATMENT,17270178139864731407,8641882922361671506,141,10000.0,1000,f6905ff25ca2cc7638ba9f70cdc582964485a943ba0963797d130885935c7135
B04-S04,B04,B,B01-S04,4888788266148067928,4,B04,TREATMENT,2317428014290689691,5004527360990479258,141,10000.0,1000,f6905ff25ca2cc7638ba9f70cdc582964485a943ba0963797d130885935c7135
B04-S05,B04,B,B01-S05,372686234733934361,5,B04,TREATMENT,4112462094266218956,12493455952218554452,141,10000.0,1000,f6905ff25ca2cc7638ba9f70cdc582964485a943ba0963797d130885935c7135
B04-S06,B04,B,B01-S06,8946841158517248766,6,B04,TREATMENT,18344430265889267866,3607112505366798910,141,10000.0,1000,f6905ff25ca2cc7638ba9f70cdc582964485a943ba0963797d130885935c7135
B04-S07,B04,B,B01-S07,9009703059525875822,7,B04,TREATMENT,17090463357186446524,16318870803467828902,141,10000.0,1000,f6905ff25ca2cc7638ba9f70cdc582964485a943ba0963797d130885935c7135
B04-S08,B04,B,B01-S08,13763262471769672163,8,B04,TREATMENT,16125149457169702369,9691583463255889012,141,10000.0,1000,f6905ff25ca2cc7638ba9f70cdc582964485a943ba0963797d130885935c7135
B04-S09,B04,B,B01-S09,11943450448932995834,9,B04,TREATMENT,17149423523499720600,14346439664770562953,141,10000.0,1000,f6905ff25ca2cc7638ba9f70cdc582964485a943ba0963797d130885935c7135
B04-S10,B04,B,B01-S10,383364110206706523,10,B04,TREATMENT,523302846518345112,15696728803483267094,141,10000.0,1000,f6905ff25ca2cc7638ba9f70cdc582964485a943ba0963797d130885935c7135
B04-S11,B04,B,B01-S11,7597450664324651830,11,B04,TREATMENT,7369064661370065246,5366810094079678820,141,10000.0,1000,f6905ff25ca2cc7638ba9f70cdc582964485a943ba0963797d130885935c7135
B04-S12,B04,B,B01-S12,7113020691504941419,12,B04,TREATMENT,8186838090085453911,15680718854683426966,141,10000.0,1000,f6905ff25ca2cc7638ba9f70cdc582964485a943ba0963797d130885935c7135
B04-S13,B04,B,B01-S13,17589586195462360652,13,B04,TREATMENT,5829204117060041738,4804898231906745974,141,10000.0,1000,f6905ff25ca2cc7638ba9f70cdc582964485a943ba0963797d130885935c7135
B04-S14,B04,B,B01-S14,9841280377429304429,14,B04,TREATMENT,3426743007640780525,8112466945008198149,141,10000.0,1000,f6905ff25ca2cc7638ba9f70cdc582964485a943ba0963797d130885935c7135
B04-S15,B04,B,B01-S15,15378190346746817772,15,B04,TREATMENT,5663219481463969684,7358855150582438391,141,10000.0,1000,f6905ff25ca2cc7638ba9f70cdc582964485a943ba0963797d130885935c7135
B04-S16,B04,B,B01-S16,17392834523920745446,16,B04,TREATMENT,6824537507448365744,18349887623301676399,141,10000.0,1000,f6905ff25ca2cc7638ba9f70cdc582964485a943ba0963797d130885935c7135
B04-S17,B04,B,B01-S17,6004902773991946938,17,B04,TREATMENT,4715227865861581916,2262219189337088363,141,10000.0,1000,f6905ff25ca2cc7638ba9f70cdc582964485a943ba0963797d130885935c7135
B04-S18,B04,B,B01-S18,1276185860986598701,18,B04,TREATMENT,9511655153168452277,10436580739198981035,141,10000.0,1000,f6905ff25ca2cc7638ba9f70cdc582964485a943ba0963797d130885935c7135
B04-S19,B04,B,B01-S19,18079315101168952395,19,B04,TREATMENT,6043571177915800040,12702549968641713946,141,10000.0,1000,f6905ff25ca2cc7638ba9f70cdc582964485a943ba0963797d130885935c7135
B04-S20,B04,B,B01-S20,7204546077592663632,20,B04,TREATMENT,569641493284683202,13765921241000322430,141,10000.0,1000,f6905ff25ca2cc7638ba9f70cdc582964485a943ba0963797d130885935c7135
B04-S21,B04,B,B01-S21,9956737151618003453,21,B04,TREATMENT,16877700863488327536,7386769304762975962,141,10000.0,1000,f6905ff25ca2cc7638ba9f70cdc582964485a943ba0963797d130885935c7135
B04-S22,B04,B,B01-S22,16387267417201747712,22,B04,TREATMENT,2806097971093939155,12452745886917361139,141,10000.0,1000,f6905ff25ca2cc7638ba9f70cdc582964485a943ba0963797d130885935c7135
B04-S23,B04,B,B01-S23,9291552872952191884,23,B04,TREATMENT,7757362910483186954,7789307205402291230,141,10000.0,1000,f6905ff25ca2cc7638ba9f70cdc582964485a943ba0963797d130885935c7135
B04-S24,B04,B,B01-S24,6774698307268965035,24,B04,TREATMENT,1576580045019179932,4935217386166152489,141,10000.0,1000,f6905ff25ca2cc7638ba9f70cdc582964485a943ba0963797d130885935c7135
B04-S25,B04,B,B01-S25,2397802915662912221,25,B04,TREATMENT,14619151551073477646,12920588218344506273,141,10000.0,1000,f6905ff25ca2cc7638ba9f70cdc582964485a943ba0963797d130885935c7135
B04-S26,B04,B,B01-S26,16512734406278341016,26,B04,TREATMENT,14322377249768527931,13254837558786523102,141,10000.0,1000,f6905ff25ca2cc7638ba9f70cdc582964485a943ba0963797d130885935c7135
B04-S27,B04,B,B01-S27,7759242425029944541,27,B04,TREATMENT,1149342802584957422,5649797684190372106,141,10000.0,1000,f6905ff25ca2cc7638ba9f70cdc582964485a943ba0963797d130885935c7135
B04-S28,B04,B,B01-S28,11711687275972324145,28,B04,TREATMENT,1080364485313091703,6989550281425801118,141,10000.0,1000,f6905ff25ca2cc7638ba9f70cdc582964485a943ba0963797d130885935c7135
B04-S29,B04,B,B01-S29,4354161107732199298,29,B04,TREATMENT,958257433142140251,11054401464327553918,141,10000.0,1000,f6905ff25ca2cc7638ba9f70cdc582964485a943ba0963797d130885935c7135
C01-S00,C01,C,C01-S00,7266343386191483739,0,C01,CONTROL,12089769011917694374,1988348648956568175,141,10000.0,1000,25a9c62438afa3a3c2973cf2ec6dcbcebb471ec3b688112d3ee1621265dbd624
C01-S01,C01,C,C01-S01,7327669731288643706,1,C01,CONTROL,12962257606173152482,5324873478951682309,141,10000.0,1000,25a9c62438afa3a3c2973cf2ec6dcbcebb471ec3b688112d3ee1621265dbd624
C01-S02,C01,C,C01-S02,14021529625252821637,2,C01,CONTROL,10111987247277390914,7444505376397852194,141,10000.0,1000,25a9c62438afa3a3c2973cf2ec6dcbcebb471ec3b688112d3ee1621265dbd624
C01-S03,C01,C,C01-S03,13015257401067502099,3,C01,CONTROL,17270178139864731407,8641882922361671506,141,10000.0,1000,25a9c62438afa3a3c2973cf2ec6dcbcebb471ec3b688112d3ee1621265dbd624
C01-S04,C01,C,C01-S04,4888788266148067928,4,C01,CONTROL,2317428014290689691,5004527360990479258,141,10000.0,1000,25a9c62438afa3a3c2973cf2ec6dcbcebb471ec3b688112d3ee1621265dbd624
C01-S05,C01,C,C01-S05,372686234733934361,5,C01,CONTROL,4112462094266218956,12493455952218554452,141,10000.0,1000,25a9c62438afa3a3c2973cf2ec6dcbcebb471ec3b688112d3ee1621265dbd624
C01-S06,C01,C,C01-S06,8946841158517248766,6,C01,CONTROL,18344430265889267866,3607112505366798910,141,10000.0,1000,25a9c62438afa3a3c2973cf2ec6dcbcebb471ec3b688112d3ee1621265dbd624
C01-S07,C01,C,C01-S07,9009703059525875822,7,C01,CONTROL,17090463357186446524,16318870803467828902,141,10000.0,1000,25a9c62438afa3a3c2973cf2ec6dcbcebb471ec3b688112d3ee1621265dbd624
C01-S08,C01,C,C01-S08,13763262471769672163,8,C01,CONTROL,16125149457169702369,9691583463255889012,141,10000.0,1000,25a9c62438afa3a3c2973cf2ec6dcbcebb471ec3b688112d3ee1621265dbd624
C01-S09,C01,C,C01-S09,11943450448932995834,9,C01,CONTROL,17149423523499720600,14346439664770562953,141,10000.0,1000,25a9c62438afa3a3c2973cf2ec6dcbcebb471ec3b688112d3ee1621265dbd624
C01-S10,C01,C,C01-S10,383364110206706523,10,C01,CONTROL,523302846518345112,15696728803483267094,141,10000.0,1000,25a9c62438afa3a3c2973cf2ec6dcbcebb471ec3b688112d3ee1621265dbd624
C01-S11,C01,C,C01-S11,7597450664324651830,11,C01,CONTROL,7369064661370065246,5366810094079678820,141,10000.0,1000,25a9c62438afa3a3c2973cf2ec6dcbcebb471ec3b688112d3ee1621265dbd624
C01-S12,C01,C,C01-S12,7113020691504941419,12,C01,CONTROL,8186838090085453911,15680718854683426966,141,10000.0,1000,25a9c62438afa3a3c2973cf2ec6dcbcebb471ec3b688112d3ee1621265dbd624
C01-S13,C01,C,C01-S13,17589586195462360652,13,C01,CONTROL,5829204117060041738,4804898231906745974,141,10000.0,1000,25a9c62438afa3a3c2973cf2ec6dcbcebb471ec3b688112d3ee1621265dbd624
C01-S14,C01,C,C01-S14,9841280377429304429,14,C01,CONTROL,3426743007640780525,8112466945008198149,141,10000.0,1000,25a9c62438afa3a3c2973cf2ec6dcbcebb471ec3b688112d3ee1621265dbd624
C01-S15,C01,C,C01-S15,15378190346746817772,15,C01,CONTROL,5663219481463969684,7358855150582438391,141,10000.0,1000,25a9c62438afa3a3c2973cf2ec6dcbcebb471ec3b688112d3ee1621265dbd624
C01-S16,C01,C,C01-S16,17392834523920745446,16,C01,CONTROL,6824537507448365744,18349887623301676399,141,10000.0,1000,25a9c62438afa3a3c2973cf2ec6dcbcebb471ec3b688112d3ee1621265dbd624
C01-S17,C01,C,C01-S17,6004902773991946938,17,C01,CONTROL,4715227865861581916,2262219189337088363,141,10000.0,1000,25a9c62438afa3a3c2973cf2ec6dcbcebb471ec3b688112d3ee1621265dbd624
C01-S18,C01,C,C01-S18,1276185860986598701,18,C01,CONTROL,9511655153168452277,10436580739198981035,141,10000.0,1000,25a9c62438afa3a3c2973cf2ec6dcbcebb471ec3b688112d3ee1621265dbd624
C01-S19,C01,C,C01-S19,18079315101168952395,19,C01,CONTROL,6043571177915800040,12702549968641713946,141,10000.0,1000,25a9c62438afa3a3c2973cf2ec6dcbcebb471ec3b688112d3ee1621265dbd624
C01-S20,C01,C,C01-S20,7204546077592663632,20,C01,CONTROL,569641493284683202,13765921241000322430,141,10000.0,1000,25a9c62438afa3a3c2973cf2ec6dcbcebb471ec3b688112d3ee1621265dbd624
C01-S21,C01,C,C01-S21,9956737151618003453,21,C01,CONTROL,16877700863488327536,7386769304762975962,141,10000.0,1000,25a9c62438afa3a3c2973cf2ec6dcbcebb471ec3b688112d3ee1621265dbd624
C01-S22,C01,C,C01-S22,16387267417201747712,22,C01,CONTROL,2806097971093939155,12452745886917361139,141,10000.0,1000,25a9c62438afa3a3c2973cf2ec6dcbcebb471ec3b688112d3ee1621265dbd624
C01-S23,C01,C,C01-S23,9291552872952191884,23,C01,CONTROL,7757362910483186954,7789307205402291230,141,10000.0,1000,25a9c62438afa3a3c2973cf2ec6dcbcebb471ec3b688112d3ee1621265dbd624
C01-S24,C01,C,C01-S24,6774698307268965035,24,C01,CONTROL,1576580045019179932,4935217386166152489,141,10000.0,1000,25a9c62438afa3a3c2973cf2ec6dcbcebb471ec3b688112d3ee1621265dbd624
C01-S25,C01,C,C01-S25,2397802915662912221,25,C01,CONTROL,14619151551073477646,12920588218344506273,141,10000.0,1000,25a9c62438afa3a3c2973cf2ec6dcbcebb471ec3b688112d3ee1621265dbd624
C01-S26,C01,C,C01-S26,16512734406278341016,26,C01,CONTROL,14322377249768527931,13254837558786523102,141,10000.0,1000,25a9c62438afa3a3c2973cf2ec6dcbcebb471ec3b688112d3ee1621265dbd624
C01-S27,C01,C,C01-S27,7759242425029944541,27,C01,CONTROL,1149342802584957422,5649797684190372106,141,10000.0,1000,25a9c62438afa3a3c2973cf2ec6dcbcebb471ec3b688112d3ee1621265dbd624
C01-S28,C01,C,C01-S28,11711687275972324145,28,C01,CONTROL,1080364485313091703,6989550281425801118,141,10000.0,1000,25a9c62438afa3a3c2973cf2ec6dcbcebb471ec3b688112d3ee1621265dbd624
C01-S29,C01,C,C01-S29,4354161107732199298,29,C01,CONTROL,958257433142140251,11054401464327553918,141,10000.0,1000,25a9c62438afa3a3c2973cf2ec6dcbcebb471ec3b688112d3ee1621265dbd624
C02-S00,C02,C,C01-S00,7266343386191483739,0,C02,TREATMENT,12089769011917694374,1988348648956568175,141,10000.0,1000,60c10b68bb6a672e5836ca587256cbd18a293f85d027cf302ca498590eb38587
C02-S01,C02,C,C01-S01,7327669731288643706,1,C02,TREATMENT,12962257606173152482,5324873478951682309,141,10000.0,1000,60c10b68bb6a672e5836ca587256cbd18a293f85d027cf302ca498590eb38587
C02-S02,C02,C,C01-S02,14021529625252821637,2,C02,TREATMENT,10111987247277390914,7444505376397852194,141,10000.0,1000,60c10b68bb6a672e5836ca587256cbd18a293f85d027cf302ca498590eb38587
C02-S03,C02,C,C01-S03,13015257401067502099,3,C02,TREATMENT,17270178139864731407,8641882922361671506,141,10000.0,1000,60c10b68bb6a672e5836ca587256cbd18a293f85d027cf302ca498590eb38587
C02-S04,C02,C,C01-S04,4888788266148067928,4,C02,TREATMENT,2317428014290689691,5004527360990479258,141,10000.0,1000,60c10b68bb6a672e5836ca587256cbd18a293f85d027cf302ca498590eb38587
C02-S05,C02,C,C01-S05,372686234733934361,5,C02,TREATMENT,4112462094266218956,12493455952218554452,141,10000.0,1000,60c10b68bb6a672e5836ca587256cbd18a293f85d027cf302ca498590eb38587
C02-S06,C02,C,C01-S06,8946841158517248766,6,C02,TREATMENT,18344430265889267866,3607112505366798910,141,10000.0,1000,60c10b68bb6a672e5836ca587256cbd18a293f85d027cf302ca498590eb38587
C02-S07,C02,C,C01-S07,9009703059525875822,7,C02,TREATMENT,17090463357186446524,16318870803467828902,141,10000.0,1000,60c10b68bb6a672e5836ca587256cbd18a293f85d027cf302ca498590eb38587
C02-S08,C02,C,C01-S08,13763262471769672163,8,C02,TREATMENT,16125149457169702369,9691583463255889012,141,10000.0,1000,60c10b68bb6a672e5836ca587256cbd18a293f85d027cf302ca498590eb38587
C02-S09,C02,C,C01-S09,11943450448932995834,9,C02,TREATMENT,17149423523499720600,14346439664770562953,141,10000.0,1000,60c10b68bb6a672e5836ca587256cbd18a293f85d027cf302ca498590eb38587
C02-S10,C02,C,C01-S10,383364110206706523,10,C02,TREATMENT,523302846518345112,15696728803483267094,141,10000.0,1000,60c10b68bb6a672e5836ca587256cbd18a293f85d027cf302ca498590eb38587
C02-S11,C02,C,C01-S11,7597450664324651830,11,C02,TREATMENT,7369064661370065246,5366810094079678820,141,10000.0,1000,60c10b68bb6a672e5836ca587256cbd18a293f85d027cf302ca498590eb38587
C02-S12,C02,C,C01-S12,7113020691504941419,12,C02,TREATMENT,8186838090085453911,15680718854683426966,141,10000.0,1000,60c10b68bb6a672e5836ca587256cbd18a293f85d027cf302ca498590eb38587
C02-S13,C02,C,C01-S13,17589586195462360652,13,C02,TREATMENT,5829204117060041738,4804898231906745974,141,10000.0,1000,60c10b68bb6a672e5836ca587256cbd18a293f85d027cf302ca498590eb38587
C02-S14,C02,C,C01-S14,9841280377429304429,14,C02,TREATMENT,3426743007640780525,8112466945008198149,141,10000.0,1000,60c10b68bb6a672e5836ca587256cbd18a293f85d027cf302ca498590eb38587
C02-S15,C02,C,C01-S15,15378190346746817772,15,C02,TREATMENT,5663219481463969684,7358855150582438391,141,10000.0,1000,60c10b68bb6a672e5836ca587256cbd18a293f85d027cf302ca498590eb38587
C02-S16,C02,C,C01-S16,17392834523920745446,16,C02,TREATMENT,6824537507448365744,18349887623301676399,141,10000.0,1000,60c10b68bb6a672e5836ca587256cbd18a293f85d027cf302ca498590eb38587
C02-S17,C02,C,C01-S17,6004902773991946938,17,C02,TREATMENT,4715227865861581916,2262219189337088363,141,10000.0,1000,60c10b68bb6a672e5836ca587256cbd18a293f85d027cf302ca498590eb38587
C02-S18,C02,C,C01-S18,1276185860986598701,18,C02,TREATMENT,9511655153168452277,10436580739198981035,141,10000.0,1000,60c10b68bb6a672e5836ca587256cbd18a293f85d027cf302ca498590eb38587
C02-S19,C02,C,C01-S19,18079315101168952395,19,C02,TREATMENT,6043571177915800040,12702549968641713946,141,10000.0,1000,60c10b68bb6a672e5836ca587256cbd18a293f85d027cf302ca498590eb38587
C02-S20,C02,C,C01-S20,7204546077592663632,20,C02,TREATMENT,569641493284683202,13765921241000322430,141,10000.0,1000,60c10b68bb6a672e5836ca587256cbd18a293f85d027cf302ca498590eb38587
C02-S21,C02,C,C01-S21,9956737151618003453,21,C02,TREATMENT,16877700863488327536,7386769304762975962,141,10000.0,1000,60c10b68bb6a672e5836ca587256cbd18a293f85d027cf302ca498590eb38587
C02-S22,C02,C,C01-S22,16387267417201747712,22,C02,TREATMENT,2806097971093939155,12452745886917361139,141,10000.0,1000,60c10b68bb6a672e5836ca587256cbd18a293f85d027cf302ca498590eb38587
C02-S23,C02,C,C01-S23,9291552872952191884,23,C02,TREATMENT,7757362910483186954,7789307205402291230,141,10000.0,1000,60c10b68bb6a672e5836ca587256cbd18a293f85d027cf302ca498590eb38587
C02-S24,C02,C,C01-S24,6774698307268965035,24,C02,TREATMENT,1576580045019179932,4935217386166152489,141,10000.0,1000,60c10b68bb6a672e5836ca587256cbd18a293f85d027cf302ca498590eb38587
C02-S25,C02,C,C01-S25,2397802915662912221,25,C02,TREATMENT,14619151551073477646,12920588218344506273,141,10000.0,1000,60c10b68bb6a672e5836ca587256cbd18a293f85d027cf302ca498590eb38587
C02-S26,C02,C,C01-S26,16512734406278341016,26,C02,TREATMENT,14322377249768527931,13254837558786523102,141,10000.0,1000,60c10b68bb6a672e5836ca587256cbd18a293f85d027cf302ca498590eb38587
C02-S27,C02,C,C01-S27,7759242425029944541,27,C02,TREATMENT,1149342802584957422,5649797684190372106,141,10000.0,1000,60c10b68bb6a672e5836ca587256cbd18a293f85d027cf302ca498590eb38587
C02-S28,C02,C,C01-S28,11711687275972324145,28,C02,TREATMENT,1080364485313091703,6989550281425801118,141,10000.0,1000,60c10b68bb6a672e5836ca587256cbd18a293f85d027cf302ca498590eb38587
C02-S29,C02,C,C01-S29,4354161107732199298,29,C02,TREATMENT,958257433142140251,11054401464327553918,141,10000.0,1000,60c10b68bb6a672e5836ca587256cbd18a293f85d027cf302ca498590eb38587
C03-S00,C03,C,C01-S00,7266343386191483739,0,C03,TREATMENT,12089769011917694374,1988348648956568175,141,10000.0,1000,16304815fb9819b4761acaecfd83905ef47561b51e3a29783dbe02db144433f0
C03-S01,C03,C,C01-S01,7327669731288643706,1,C03,TREATMENT,12962257606173152482,5324873478951682309,141,10000.0,1000,16304815fb9819b4761acaecfd83905ef47561b51e3a29783dbe02db144433f0
C03-S02,C03,C,C01-S02,14021529625252821637,2,C03,TREATMENT,10111987247277390914,7444505376397852194,141,10000.0,1000,16304815fb9819b4761acaecfd83905ef47561b51e3a29783dbe02db144433f0
C03-S03,C03,C,C01-S03,13015257401067502099,3,C03,TREATMENT,17270178139864731407,8641882922361671506,141,10000.0,1000,16304815fb9819b4761acaecfd83905ef47561b51e3a29783dbe02db144433f0
C03-S04,C03,C,C01-S04,4888788266148067928,4,C03,TREATMENT,2317428014290689691,5004527360990479258,141,10000.0,1000,16304815fb9819b4761acaecfd83905ef47561b51e3a29783dbe02db144433f0
C03-S05,C03,C,C01-S05,372686234733934361,5,C03,TREATMENT,4112462094266218956,12493455952218554452,141,10000.0,1000,16304815fb9819b4761acaecfd83905ef47561b51e3a29783dbe02db144433f0
C03-S06,C03,C,C01-S06,8946841158517248766,6,C03,TREATMENT,18344430265889267866,3607112505366798910,141,10000.0,1000,16304815fb9819b4761acaecfd83905ef47561b51e3a29783dbe02db144433f0
C03-S07,C03,C,C01-S07,9009703059525875822,7,C03,TREATMENT,17090463357186446524,16318870803467828902,141,10000.0,1000,16304815fb9819b4761acaecfd83905ef47561b51e3a29783dbe02db144433f0
C03-S08,C03,C,C01-S08,13763262471769672163,8,C03,TREATMENT,16125149457169702369,9691583463255889012,141,10000.0,1000,16304815fb9819b4761acaecfd83905ef47561b51e3a29783dbe02db144433f0
C03-S09,C03,C,C01-S09,11943450448932995834,9,C03,TREATMENT,17149423523499720600,14346439664770562953,141,10000.0,1000,16304815fb9819b4761acaecfd83905ef47561b51e3a29783dbe02db144433f0
C03-S10,C03,C,C01-S10,383364110206706523,10,C03,TREATMENT,523302846518345112,15696728803483267094,141,10000.0,1000,16304815fb9819b4761acaecfd83905ef47561b51e3a29783dbe02db144433f0
C03-S11,C03,C,C01-S11,7597450664324651830,11,C03,TREATMENT,7369064661370065246,5366810094079678820,141,10000.0,1000,16304815fb9819b4761acaecfd83905ef47561b51e3a29783dbe02db144433f0
C03-S12,C03,C,C01-S12,7113020691504941419,12,C03,TREATMENT,8186838090085453911,15680718854683426966,141,10000.0,1000,16304815fb9819b4761acaecfd83905ef47561b51e3a29783dbe02db144433f0
C03-S13,C03,C,C01-S13,17589586195462360652,13,C03,TREATMENT,5829204117060041738,4804898231906745974,141,10000.0,1000,16304815fb9819b4761acaecfd83905ef47561b51e3a29783dbe02db144433f0
C03-S14,C03,C,C01-S14,9841280377429304429,14,C03,TREATMENT,3426743007640780525,8112466945008198149,141,10000.0,1000,16304815fb9819b4761acaecfd83905ef47561b51e3a29783dbe02db144433f0
C03-S15,C03,C,C01-S15,15378190346746817772,15,C03,TREATMENT,5663219481463969684,7358855150582438391,141,10000.0,1000,16304815fb9819b4761acaecfd83905ef47561b51e3a29783dbe02db144433f0
C03-S16,C03,C,C01-S16,17392834523920745446,16,C03,TREATMENT,6824537507448365744,18349887623301676399,141,10000.0,1000,16304815fb9819b4761acaecfd83905ef47561b51e3a29783dbe02db144433f0
C03-S17,C03,C,C01-S17,6004902773991946938,17,C03,TREATMENT,4715227865861581916,2262219189337088363,141,10000.0,1000,16304815fb9819b4761acaecfd83905ef47561b51e3a29783dbe02db144433f0
C03-S18,C03,C,C01-S18,1276185860986598701,18,C03,TREATMENT,9511655153168452277,10436580739198981035,141,10000.0,1000,16304815fb9819b4761acaecfd83905ef47561b51e3a29783dbe02db144433f0
C03-S19,C03,C,C01-S19,18079315101168952395,19,C03,TREATMENT,6043571177915800040,12702549968641713946,141,10000.0,1000,16304815fb9819b4761acaecfd83905ef47561b51e3a29783dbe02db144433f0
C03-S20,C03,C,C01-S20,7204546077592663632,20,C03,TREATMENT,569641493284683202,13765921241000322430,141,10000.0,1000,16304815fb9819b4761acaecfd83905ef47561b51e3a29783dbe02db144433f0
C03-S21,C03,C,C01-S21,9956737151618003453,21,C03,TREATMENT,16877700863488327536,7386769304762975962,141,10000.0,1000,16304815fb9819b4761acaecfd83905ef47561b51e3a29783dbe02db144433f0
C03-S22,C03,C,C01-S22,16387267417201747712,22,C03,TREATMENT,2806097971093939155,12452745886917361139,141,10000.0,1000,16304815fb9819b4761acaecfd83905ef47561b51e3a29783dbe02db144433f0
C03-S23,C03,C,C01-S23,9291552872952191884,23,C03,TREATMENT,7757362910483186954,7789307205402291230,141,10000.0,1000,16304815fb9819b4761acaecfd83905ef47561b51e3a29783dbe02db144433f0
C03-S24,C03,C,C01-S24,6774698307268965035,24,C03,TREATMENT,1576580045019179932,4935217386166152489,141,10000.0,1000,16304815fb9819b4761acaecfd83905ef47561b51e3a29783dbe02db144433f0
C03-S25,C03,C,C01-S25,2397802915662912221,25,C03,TREATMENT,14619151551073477646,12920588218344506273,141,10000.0,1000,16304815fb9819b4761acaecfd83905ef47561b51e3a29783dbe02db144433f0
C03-S26,C03,C,C01-S26,16512734406278341016,26,C03,TREATMENT,14322377249768527931,13254837558786523102,141,10000.0,1000,16304815fb9819b4761acaecfd83905ef47561b51e3a29783dbe02db144433f0
C03-S27,C03,C,C01-S27,7759242425029944541,27,C03,TREATMENT,1149342802584957422,5649797684190372106,141,10000.0,1000,16304815fb9819b4761acaecfd83905ef47561b51e3a29783dbe02db144433f0
C03-S28,C03,C,C01-S28,11711687275972324145,28,C03,TREATMENT,1080364485313091703,6989550281425801118,141,10000.0,1000,16304815fb9819b4761acaecfd83905ef47561b51e3a29783dbe02db144433f0
C03-S29,C03,C,C01-S29,4354161107732199298,29,C03,TREATMENT,958257433142140251,11054401464327553918,141,10000.0,1000,16304815fb9819b4761acaecfd83905ef47561b51e3a29783dbe02db144433f0
C04-S00,C04,C,C01-S00,7266343386191483739,0,C04,TREATMENT,12089769011917694374,1988348648956568175,141,10000.0,1000,54cb02f171e26baa5848651a7b4c5d64f299be6c8d31bd541905ff61b32f6732
C04-S01,C04,C,C01-S01,7327669731288643706,1,C04,TREATMENT,12962257606173152482,5324873478951682309,141,10000.0,1000,54cb02f171e26baa5848651a7b4c5d64f299be6c8d31bd541905ff61b32f6732
C04-S02,C04,C,C01-S02,14021529625252821637,2,C04,TREATMENT,10111987247277390914,7444505376397852194,141,10000.0,1000,54cb02f171e26baa5848651a7b4c5d64f299be6c8d31bd541905ff61b32f6732
C04-S03,C04,C,C01-S03,13015257401067502099,3,C04,TREATMENT,17270178139864731407,8641882922361671506,141,10000.0,1000,54cb02f171e26baa5848651a7b4c5d64f299be6c8d31bd541905ff61b32f6732
C04-S04,C04,C,C01-S04,4888788266148067928,4,C04,TREATMENT,2317428014290689691,5004527360990479258,141,10000.0,1000,54cb02f171e26baa5848651a7b4c5d64f299be6c8d31bd541905ff61b32f6732
C04-S05,C04,C,C01-S05,372686234733934361,5,C04,TREATMENT,4112462094266218956,12493455952218554452,141,10000.0,1000,54cb02f171e26baa5848651a7b4c5d64f299be6c8d31bd541905ff61b32f6732
C04-S06,C04,C,C01-S06,8946841158517248766,6,C04,TREATMENT,18344430265889267866,3607112505366798910,141,10000.0,1000,54cb02f171e26baa5848651a7b4c5d64f299be6c8d31bd541905ff61b32f6732
C04-S07,C04,C,C01-S07,9009703059525875822,7,C04,TREATMENT,17090463357186446524,16318870803467828902,141,10000.0,1000,54cb02f171e26baa5848651a7b4c5d64f299be6c8d31bd541905ff61b32f6732
C04-S08,C04,C,C01-S08,13763262471769672163,8,C04,TREATMENT,16125149457169702369,9691583463255889012,141,10000.0,1000,54cb02f171e26baa5848651a7b4c5d64f299be6c8d31bd541905ff61b32f6732
C04-S09,C04,C,C01-S09,11943450448932995834,9,C04,TREATMENT,17149423523499720600,14346439664770562953,141,10000.0,1000,54cb02f171e26baa5848651a7b4c5d64f299be6c8d31bd541905ff61b32f6732
C04-S10,C04,C,C01-S10,383364110206706523,10,C04,TREATMENT,523302846518345112,15696728803483267094,141,10000.0,1000,54cb02f171e26baa5848651a7b4c5d64f299be6c8d31bd541905ff61b32f6732
C04-S11,C04,C,C01-S11,7597450664324651830,11,C04,TREATMENT,7369064661370065246,5366810094079678820,141,10000.0,1000,54cb02f171e26baa5848651a7b4c5d64f299be6c8d31bd541905ff61b32f6732
C04-S12,C04,C,C01-S12,7113020691504941419,12,C04,TREATMENT,8186838090085453911,15680718854683426966,141,10000.0,1000,54cb02f171e26baa5848651a7b4c5d64f299be6c8d31bd541905ff61b32f6732
C04-S13,C04,C,C01-S13,17589586195462360652,13,C04,TREATMENT,5829204117060041738,4804898231906745974,141,10000.0,1000,54cb02f171e26baa5848651a7b4c5d64f299be6c8d31bd541905ff61b32f6732
C04-S14,C04,C,C01-S14,9841280377429304429,14,C04,TREATMENT,3426743007640780525,8112466945008198149,141,10000.0,1000,54cb02f171e26baa5848651a7b4c5d64f299be6c8d31bd541905ff61b32f6732
C04-S15,C04,C,C01-S15,15378190346746817772,15,C04,TREATMENT,5663219481463969684,7358855150582438391,141,10000.0,1000,54cb02f171e26baa5848651a7b4c5d64f299be6c8d31bd541905ff61b32f6732
C04-S16,C04,C,C01-S16,17392834523920745446,16,C04,TREATMENT,6824537507448365744,18349887623301676399,141,10000.0,1000,54cb02f171e26baa5848651a7b4c5d64f299be6c8d31bd541905ff61b32f6732
C04-S17,C04,C,C01-S17,6004902773991946938,17,C04,TREATMENT,4715227865861581916,2262219189337088363,141,10000.0,1000,54cb02f171e26baa5848651a7b4c5d64f299be6c8d31bd541905ff61b32f6732
C04-S18,C04,C,C01-S18,1276185860986598701,18,C04,TREATMENT,9511655153168452277,10436580739198981035,141,10000.0,1000,54cb02f171e26baa5848651a7b4c5d64f299be6c8d31bd541905ff61b32f6732
C04-S19,C04,C,C01-S19,18079315101168952395,19,C04,TREATMENT,6043571177915800040,12702549968641713946,141,10000.0,1000,54cb02f171e26baa5848651a7b4c5d64f299be6c8d31bd541905ff61b32f6732
C04-S20,C04,C,C01-S20,7204546077592663632,20,C04,TREATMENT,569641493284683202,13765921241000322430,141,10000.0,1000,54cb02f171e26baa5848651a7b4c5d64f299be6c8d31bd541905ff61b32f6732
C04-S21,C04,C,C01-S21,9956737151618003453,21,C04,TREATMENT,16877700863488327536,7386769304762975962,141,10000.0,1000,54cb02f171e26baa5848651a7b4c5d64f299be6c8d31bd541905ff61b32f6732
C04-S22,C04,C,C01-S22,16387267417201747712,22,C04,TREATMENT,2806097971093939155,12452745886917361139,141,10000.0,1000,54cb02f171e26baa5848651a7b4c5d64f299be6c8d31bd541905ff61b32f6732
C04-S23,C04,C,C01-S23,9291552872952191884,23,C04,TREATMENT,7757362910483186954,7789307205402291230,141,10000.0,1000,54cb02f171e26baa5848651a7b4c5d64f299be6c8d31bd541905ff61b32f6732
C04-S24,C04,C,C01-S24,6774698307268965035,24,C04,TREATMENT,1576580045019179932,4935217386166152489,141,10000.0,1000,54cb02f171e26baa5848651a7b4c5d64f299be6c8d31bd541905ff61b32f6732
C04-S25,C04,C,C01-S25,2397802915662912221,25,C04,TREATMENT,14619151551073477646,12920588218344506273,141,10000.0,1000,54cb02f171e26baa5848651a7b4c5d64f299be6c8d31bd541905ff61b32f6732
C04-S26,C04,C,C01-S26,16512734406278341016,26,C04,TREATMENT,14322377249768527931,13254837558786523102,141,10000.0,1000,54cb02f171e26baa5848651a7b4c5d64f299be6c8d31bd541905ff61b32f6732
C04-S27,C04,C,C01-S27,7759242425029944541,27,C04,TREATMENT,1149342802584957422,5649797684190372106,141,10000.0,1000,54cb02f171e26baa5848651a7b4c5d64f299be6c8d31bd541905ff61b32f6732
C04-S28,C04,C,C01-S28,11711687275972324145,28,C04,TREATMENT,1080364485313091703,6989550281425801118,141,10000.0,1000,54cb02f171e26baa5848651a7b4c5d64f299be6c8d31bd541905ff61b32f6732
C04-S29,C04,C,C01-S29,4354161107732199298,29,C04,TREATMENT,958257433142140251,11054401464327553918,141,10000.0,1000,54cb02f171e26baa5848651a7b4c5d64f299be6c8d31bd541905ff61b32f6732
C05-S00,C05,C,C01-S00,7266343386191483739,0,C05,TREATMENT,12089769011917694374,1988348648956568175,141,10000.0,1000,f9ee7591fc2d3b03f8c9b86d73aaf851e652af0b5b0a2bca1093bfb95a7a6cc4
C05-S01,C05,C,C01-S01,7327669731288643706,1,C05,TREATMENT,12962257606173152482,5324873478951682309,141,10000.0,1000,f9ee7591fc2d3b03f8c9b86d73aaf851e652af0b5b0a2bca1093bfb95a7a6cc4
C05-S02,C05,C,C01-S02,14021529625252821637,2,C05,TREATMENT,10111987247277390914,7444505376397852194,141,10000.0,1000,f9ee7591fc2d3b03f8c9b86d73aaf851e652af0b5b0a2bca1093bfb95a7a6cc4
C05-S03,C05,C,C01-S03,13015257401067502099,3,C05,TREATMENT,17270178139864731407,8641882922361671506,141,10000.0,1000,f9ee7591fc2d3b03f8c9b86d73aaf851e652af0b5b0a2bca1093bfb95a7a6cc4
C05-S04,C05,C,C01-S04,4888788266148067928,4,C05,TREATMENT,2317428014290689691,5004527360990479258,141,10000.0,1000,f9ee7591fc2d3b03f8c9b86d73aaf851e652af0b5b0a2bca1093bfb95a7a6cc4
C05-S05,C05,C,C01-S05,372686234733934361,5,C05,TREATMENT,4112462094266218956,12493455952218554452,141,10000.0,1000,f9ee7591fc2d3b03f8c9b86d73aaf851e652af0b5b0a2bca1093bfb95a7a6cc4
C05-S06,C05,C,C01-S06,8946841158517248766,6,C05,TREATMENT,18344430265889267866,3607112505366798910,141,10000.0,1000,f9ee7591fc2d3b03f8c9b86d73aaf851e652af0b5b0a2bca1093bfb95a7a6cc4
C05-S07,C05,C,C01-S07,9009703059525875822,7,C05,TREATMENT,17090463357186446524,16318870803467828902,141,10000.0,1000,f9ee7591fc2d3b03f8c9b86d73aaf851e652af0b5b0a2bca1093bfb95a7a6cc4
C05-S08,C05,C,C01-S08,13763262471769672163,8,C05,TREATMENT,16125149457169702369,9691583463255889012,141,10000.0,1000,f9ee7591fc2d3b03f8c9b86d73aaf851e652af0b5b0a2bca1093bfb95a7a6cc4
C05-S09,C05,C,C01-S09,11943450448932995834,9,C05,TREATMENT,17149423523499720600,14346439664770562953,141,10000.0,1000,f9ee7591fc2d3b03f8c9b86d73aaf851e652af0b5b0a2bca1093bfb95a7a6cc4
C05-S10,C05,C,C01-S10,383364110206706523,10,C05,TREATMENT,523302846518345112,15696728803483267094,141,10000.0,1000,f9ee7591fc2d3b03f8c9b86d73aaf851e652af0b5b0a2bca1093bfb95a7a6cc4
C05-S11,C05,C,C01-S11,7597450664324651830,11,C05,TREATMENT,7369064661370065246,5366810094079678820,141,10000.0,1000,f9ee7591fc2d3b03f8c9b86d73aaf851e652af0b5b0a2bca1093bfb95a7a6cc4
C05-S12,C05,C,C01-S12,7113020691504941419,12,C05,TREATMENT,8186838090085453911,15680718854683426966,141,10000.0,1000,f9ee7591fc2d3b03f8c9b86d73aaf851e652af0b5b0a2bca1093bfb95a7a6cc4
C05-S13,C05,C,C01-S13,17589586195462360652,13,C05,TREATMENT,5829204117060041738,4804898231906745974,141,10000.0,1000,f9ee7591fc2d3b03f8c9b86d73aaf851e652af0b5b0a2bca1093bfb95a7a6cc4
C05-S14,C05,C,C01-S14,9841280377429304429,14,C05,TREATMENT,3426743007640780525,8112466945008198149,141,10000.0,1000,f9ee7591fc2d3b03f8c9b86d73aaf851e652af0b5b0a2bca1093bfb95a7a6cc4
C05-S15,C05,C,C01-S15,15378190346746817772,15,C05,TREATMENT,5663219481463969684,7358855150582438391,141,10000.0,1000,f9ee7591fc2d3b03f8c9b86d73aaf851e652af0b5b0a2bca1093bfb95a7a6cc4
C05-S16,C05,C,C01-S16,17392834523920745446,16,C05,TREATMENT,6824537507448365744,18349887623301676399,141,10000.0,1000,f9ee7591fc2d3b03f8c9b86d73aaf851e652af0b5b0a2bca1093bfb95a7a6cc4
C05-S17,C05,C,C01-S17,6004902773991946938,17,C05,TREATMENT,4715227865861581916,2262219189337088363,141,10000.0,1000,f9ee7591fc2d3b03f8c9b86d73aaf851e652af0b5b0a2bca1093bfb95a7a6cc4
C05-S18,C05,C,C01-S18,1276185860986598701,18,C05,TREATMENT,9511655153168452277,10436580739198981035,141,10000.0,1000,f9ee7591fc2d3b03f8c9b86d73aaf851e652af0b5b0a2bca1093bfb95a7a6cc4
C05-S19,C05,C,C01-S19,18079315101168952395,19,C05,TREATMENT,6043571177915800040,12702549968641713946,141,10000.0,1000,f9ee7591fc2d3b03f8c9b86d73aaf851e652af0b5b0a2bca1093bfb95a7a6cc4
C05-S20,C05,C,C01-S20,7204546077592663632,20,C05,TREATMENT,569641493284683202,13765921241000322430,141,10000.0,1000,f9ee7591fc2d3b03f8c9b86d73aaf851e652af0b5b0a2bca1093bfb95a7a6cc4
C05-S21,C05,C,C01-S21,9956737151618003453,21,C05,TREATMENT,16877700863488327536,7386769304762975962,141,10000.0,1000,f9ee7591fc2d3b03f8c9b86d73aaf851e652af0b5b0a2bca1093bfb95a7a6cc4
C05-S22,C05,C,C01-S22,16387267417201747712,22,C05,TREATMENT,2806097971093939155,12452745886917361139,141,10000.0,1000,f9ee7591fc2d3b03f8c9b86d73aaf851e652af0b5b0a2bca1093bfb95a7a6cc4
C05-S23,C05,C,C01-S23,9291552872952191884,23,C05,TREATMENT,7757362910483186954,7789307205402291230,141,10000.0,1000,f9ee7591fc2d3b03f8c9b86d73aaf851e652af0b5b0a2bca1093bfb95a7a6cc4
C05-S24,C05,C,C01-S24,6774698307268965035,24,C05,TREATMENT,1576580045019179932,4935217386166152489,141,10000.0,1000,f9ee7591fc2d3b03f8c9b86d73aaf851e652af0b5b0a2bca1093bfb95a7a6cc4
C05-S25,C05,C,C01-S25,2397802915662912221,25,C05,TREATMENT,14619151551073477646,12920588218344506273,141,10000.0,1000,f9ee7591fc2d3b03f8c9b86d73aaf851e652af0b5b0a2bca1093bfb95a7a6cc4
C05-S26,C05,C,C01-S26,16512734406278341016,26,C05,TREATMENT,14322377249768527931,13254837558786523102,141,10000.0,1000,f9ee7591fc2d3b03f8c9b86d73aaf851e652af0b5b0a2bca1093bfb95a7a6cc4
C05-S27,C05,C,C01-S27,7759242425029944541,27,C05,TREATMENT,1149342802584957422,5649797684190372106,141,10000.0,1000,f9ee7591fc2d3b03f8c9b86d73aaf851e652af0b5b0a2bca1093bfb95a7a6cc4
C05-S28,C05,C,C01-S28,11711687275972324145,28,C05,TREATMENT,1080364485313091703,6989550281425801118,141,10000.0,1000,f9ee7591fc2d3b03f8c9b86d73aaf851e652af0b5b0a2bca1093bfb95a7a6cc4
C05-S29,C05,C,C01-S29,4354161107732199298,29,C05,TREATMENT,958257433142140251,11054401464327553918,141,10000.0,1000,f9ee7591fc2d3b03f8c9b86d73aaf851e652af0b5b0a2bca1093bfb95a7a6cc4
C06-S00,C06,C,C06-S00,7266343386191483739,0,C06,CONTROL,12089769011917694374,1988348648956568175,141,10000.0,2037035976334486086268445688409378161051468393665936250636140449354381299763336706183397376,684c3f6da508dd90f69d7c10475355b3beccffa4cb4036b3cb7c73ab98d3d48a
C06-S01,C06,C,C06-S01,7327669731288643706,1,C06,CONTROL,12962257606173152482,5324873478951682309,141,10000.0,2037035976334486086268445688409378161051468393665936250636140449354381299763336706183397376,684c3f6da508dd90f69d7c10475355b3beccffa4cb4036b3cb7c73ab98d3d48a
C06-S02,C06,C,C06-S02,14021529625252821637,2,C06,CONTROL,10111987247277390914,7444505376397852194,141,10000.0,2037035976334486086268445688409378161051468393665936250636140449354381299763336706183397376,684c3f6da508dd90f69d7c10475355b3beccffa4cb4036b3cb7c73ab98d3d48a
C06-S03,C06,C,C06-S03,13015257401067502099,3,C06,CONTROL,17270178139864731407,8641882922361671506,141,10000.0,2037035976334486086268445688409378161051468393665936250636140449354381299763336706183397376,684c3f6da508dd90f69d7c10475355b3beccffa4cb4036b3cb7c73ab98d3d48a
C06-S04,C06,C,C06-S04,4888788266148067928,4,C06,CONTROL,2317428014290689691,5004527360990479258,141,10000.0,2037035976334486086268445688409378161051468393665936250636140449354381299763336706183397376,684c3f6da508dd90f69d7c10475355b3beccffa4cb4036b3cb7c73ab98d3d48a
C06-S05,C06,C,C06-S05,372686234733934361,5,C06,CONTROL,4112462094266218956,12493455952218554452,141,10000.0,2037035976334486086268445688409378161051468393665936250636140449354381299763336706183397376,684c3f6da508dd90f69d7c10475355b3beccffa4cb4036b3cb7c73ab98d3d48a
C06-S06,C06,C,C06-S06,8946841158517248766,6,C06,CONTROL,18344430265889267866,3607112505366798910,141,10000.0,2037035976334486086268445688409378161051468393665936250636140449354381299763336706183397376,684c3f6da508dd90f69d7c10475355b3beccffa4cb4036b3cb7c73ab98d3d48a
C06-S07,C06,C,C06-S07,9009703059525875822,7,C06,CONTROL,17090463357186446524,16318870803467828902,141,10000.0,2037035976334486086268445688409378161051468393665936250636140449354381299763336706183397376,684c3f6da508dd90f69d7c10475355b3beccffa4cb4036b3cb7c73ab98d3d48a
C06-S08,C06,C,C06-S08,13763262471769672163,8,C06,CONTROL,16125149457169702369,9691583463255889012,141,10000.0,2037035976334486086268445688409378161051468393665936250636140449354381299763336706183397376,684c3f6da508dd90f69d7c10475355b3beccffa4cb4036b3cb7c73ab98d3d48a
C06-S09,C06,C,C06-S09,11943450448932995834,9,C06,CONTROL,17149423523499720600,14346439664770562953,141,10000.0,2037035976334486086268445688409378161051468393665936250636140449354381299763336706183397376,684c3f6da508dd90f69d7c10475355b3beccffa4cb4036b3cb7c73ab98d3d48a
C06-S10,C06,C,C06-S10,383364110206706523,10,C06,CONTROL,523302846518345112,15696728803483267094,141,10000.0,2037035976334486086268445688409378161051468393665936250636140449354381299763336706183397376,684c3f6da508dd90f69d7c10475355b3beccffa4cb4036b3cb7c73ab98d3d48a
C06-S11,C06,C,C06-S11,7597450664324651830,11,C06,CONTROL,7369064661370065246,5366810094079678820,141,10000.0,2037035976334486086268445688409378161051468393665936250636140449354381299763336706183397376,684c3f6da508dd90f69d7c10475355b3beccffa4cb4036b3cb7c73ab98d3d48a
C06-S12,C06,C,C06-S12,7113020691504941419,12,C06,CONTROL,8186838090085453911,15680718854683426966,141,10000.0,2037035976334486086268445688409378161051468393665936250636140449354381299763336706183397376,684c3f6da508dd90f69d7c10475355b3beccffa4cb4036b3cb7c73ab98d3d48a
C06-S13,C06,C,C06-S13,17589586195462360652,13,C06,CONTROL,5829204117060041738,4804898231906745974,141,10000.0,2037035976334486086268445688409378161051468393665936250636140449354381299763336706183397376,684c3f6da508dd90f69d7c10475355b3beccffa4cb4036b3cb7c73ab98d3d48a
C06-S14,C06,C,C06-S14,9841280377429304429,14,C06,CONTROL,3426743007640780525,8112466945008198149,141,10000.0,2037035976334486086268445688409378161051468393665936250636140449354381299763336706183397376,684c3f6da508dd90f69d7c10475355b3beccffa4cb4036b3cb7c73ab98d3d48a
C06-S15,C06,C,C06-S15,15378190346746817772,15,C06,CONTROL,5663219481463969684,7358855150582438391,141,10000.0,2037035976334486086268445688409378161051468393665936250636140449354381299763336706183397376,684c3f6da508dd90f69d7c10475355b3beccffa4cb4036b3cb7c73ab98d3d48a
C06-S16,C06,C,C06-S16,17392834523920745446,16,C06,CONTROL,6824537507448365744,18349887623301676399,141,10000.0,2037035976334486086268445688409378161051468393665936250636140449354381299763336706183397376,684c3f6da508dd90f69d7c10475355b3beccffa4cb4036b3cb7c73ab98d3d48a
C06-S17,C06,C,C06-S17,6004902773991946938,17,C06,CONTROL,4715227865861581916,2262219189337088363,141,10000.0,2037035976334486086268445688409378161051468393665936250636140449354381299763336706183397376,684c3f6da508dd90f69d7c10475355b3beccffa4cb4036b3cb7c73ab98d3d48a
C06-S18,C06,C,C06-S18,1276185860986598701,18,C06,CONTROL,9511655153168452277,10436580739198981035,141,10000.0,2037035976334486086268445688409378161051468393665936250636140449354381299763336706183397376,684c3f6da508dd90f69d7c10475355b3beccffa4cb4036b3cb7c73ab98d3d48a
C06-S19,C06,C,C06-S19,18079315101168952395,19,C06,CONTROL,6043571177915800040,12702549968641713946,141,10000.0,2037035976334486086268445688409378161051468393665936250636140449354381299763336706183397376,684c3f6da508dd90f69d7c10475355b3beccffa4cb4036b3cb7c73ab98d3d48a
C06-S20,C06,C,C06-S20,7204546077592663632,20,C06,CONTROL,569641493284683202,13765921241000322430,141,10000.0,2037035976334486086268445688409378161051468393665936250636140449354381299763336706183397376,684c3f6da508dd90f69d7c10475355b3beccffa4cb4036b3cb7c73ab98d3d48a
C06-S21,C06,C,C06-S21,9956737151618003453,21,C06,CONTROL,16877700863488327536,7386769304762975962,141,10000.0,2037035976334486086268445688409378161051468393665936250636140449354381299763336706183397376,684c3f6da508dd90f69d7c10475355b3beccffa4cb4036b3cb7c73ab98d3d48a
C06-S22,C06,C,C06-S22,16387267417201747712,22,C06,CONTROL,2806097971093939155,12452745886917361139,141,10000.0,2037035976334486086268445688409378161051468393665936250636140449354381299763336706183397376,684c3f6da508dd90f69d7c10475355b3beccffa4cb4036b3cb7c73ab98d3d48a
C06-S23,C06,C,C06-S23,9291552872952191884,23,C06,CONTROL,7757362910483186954,7789307205402291230,141,10000.0,2037035976334486086268445688409378161051468393665936250636140449354381299763336706183397376,684c3f6da508dd90f69d7c10475355b3beccffa4cb4036b3cb7c73ab98d3d48a
C06-S24,C06,C,C06-S24,6774698307268965035,24,C06,CONTROL,1576580045019179932,4935217386166152489,141,10000.0,2037035976334486086268445688409378161051468393665936250636140449354381299763336706183397376,684c3f6da508dd90f69d7c10475355b3beccffa4cb4036b3cb7c73ab98d3d48a
C06-S25,C06,C,C06-S25,2397802915662912221,25,C06,CONTROL,14619151551073477646,12920588218344506273,141,10000.0,2037035976334486086268445688409378161051468393665936250636140449354381299763336706183397376,684c3f6da508dd90f69d7c10475355b3beccffa4cb4036b3cb7c73ab98d3d48a
C06-S26,C06,C,C06-S26,16512734406278341016,26,C06,CONTROL,14322377249768527931,13254837558786523102,141,10000.0,2037035976334486086268445688409378161051468393665936250636140449354381299763336706183397376,684c3f6da508dd90f69d7c10475355b3beccffa4cb4036b3cb7c73ab98d3d48a
C06-S27,C06,C,C06-S27,7759242425029944541,27,C06,CONTROL,1149342802584957422,5649797684190372106,141,10000.0,2037035976334486086268445688409378161051468393665936250636140449354381299763336706183397376,684c3f6da508dd90f69d7c10475355b3beccffa4cb4036b3cb7c73ab98d3d48a
C06-S28,C06,C,C06-S28,11711687275972324145,28,C06,CONTROL,1080364485313091703,6989550281425801118,141,10000.0,2037035976334486086268445688409378161051468393665936250636140449354381299763336706183397376,684c3f6da508dd90f69d7c10475355b3beccffa4cb4036b3cb7c73ab98d3d48a
C06-S29,C06,C,C06-S29,4354161107732199298,29,C06,CONTROL,958257433142140251,11054401464327553918,141,10000.0,2037035976334486086268445688409378161051468393665936250636140449354381299763336706183397376,684c3f6da508dd90f69d7c10475355b3beccffa4cb4036b3cb7c73ab98d3d48a
D00-S00,D00,D,D00-S00,7266343386191483739,0,D00,CONTROL,12089769011917694374,1988348648956568175,141,10000.0,1000,9aab2c2473de7cf0f572f9b5a710e53a2c0124f1afe0a5109f80dae251f9da44
D00-S01,D00,D,D00-S01,7327669731288643706,1,D00,CONTROL,12962257606173152482,5324873478951682309,141,10000.0,1000,9aab2c2473de7cf0f572f9b5a710e53a2c0124f1afe0a5109f80dae251f9da44
D00-S02,D00,D,D00-S02,14021529625252821637,2,D00,CONTROL,10111987247277390914,7444505376397852194,141,10000.0,1000,9aab2c2473de7cf0f572f9b5a710e53a2c0124f1afe0a5109f80dae251f9da44
D00-S03,D00,D,D00-S03,13015257401067502099,3,D00,CONTROL,17270178139864731407,8641882922361671506,141,10000.0,1000,9aab2c2473de7cf0f572f9b5a710e53a2c0124f1afe0a5109f80dae251f9da44
D00-S04,D00,D,D00-S04,4888788266148067928,4,D00,CONTROL,2317428014290689691,5004527360990479258,141,10000.0,1000,9aab2c2473de7cf0f572f9b5a710e53a2c0124f1afe0a5109f80dae251f9da44
D00-S05,D00,D,D00-S05,372686234733934361,5,D00,CONTROL,4112462094266218956,12493455952218554452,141,10000.0,1000,9aab2c2473de7cf0f572f9b5a710e53a2c0124f1afe0a5109f80dae251f9da44
D00-S06,D00,D,D00-S06,8946841158517248766,6,D00,CONTROL,18344430265889267866,3607112505366798910,141,10000.0,1000,9aab2c2473de7cf0f572f9b5a710e53a2c0124f1afe0a5109f80dae251f9da44
D00-S07,D00,D,D00-S07,9009703059525875822,7,D00,CONTROL,17090463357186446524,16318870803467828902,141,10000.0,1000,9aab2c2473de7cf0f572f9b5a710e53a2c0124f1afe0a5109f80dae251f9da44
D00-S08,D00,D,D00-S08,13763262471769672163,8,D00,CONTROL,16125149457169702369,9691583463255889012,141,10000.0,1000,9aab2c2473de7cf0f572f9b5a710e53a2c0124f1afe0a5109f80dae251f9da44
D00-S09,D00,D,D00-S09,11943450448932995834,9,D00,CONTROL,17149423523499720600,14346439664770562953,141,10000.0,1000,9aab2c2473de7cf0f572f9b5a710e53a2c0124f1afe0a5109f80dae251f9da44
D00-S10,D00,D,D00-S10,383364110206706523,10,D00,CONTROL,523302846518345112,15696728803483267094,141,10000.0,1000,9aab2c2473de7cf0f572f9b5a710e53a2c0124f1afe0a5109f80dae251f9da44
D00-S11,D00,D,D00-S11,7597450664324651830,11,D00,CONTROL,7369064661370065246,5366810094079678820,141,10000.0,1000,9aab2c2473de7cf0f572f9b5a710e53a2c0124f1afe0a5109f80dae251f9da44
D00-S12,D00,D,D00-S12,7113020691504941419,12,D00,CONTROL,8186838090085453911,15680718854683426966,141,10000.0,1000,9aab2c2473de7cf0f572f9b5a710e53a2c0124f1afe0a5109f80dae251f9da44
D00-S13,D00,D,D00-S13,17589586195462360652,13,D00,CONTROL,5829204117060041738,4804898231906745974,141,10000.0,1000,9aab2c2473de7cf0f572f9b5a710e53a2c0124f1afe0a5109f80dae251f9da44
D00-S14,D00,D,D00-S14,9841280377429304429,14,D00,CONTROL,3426743007640780525,8112466945008198149,141,10000.0,1000,9aab2c2473de7cf0f572f9b5a710e53a2c0124f1afe0a5109f80dae251f9da44
D00-S15,D00,D,D00-S15,15378190346746817772,15,D00,CONTROL,5663219481463969684,7358855150582438391,141,10000.0,1000,9aab2c2473de7cf0f572f9b5a710e53a2c0124f1afe0a5109f80dae251f9da44
D00-S16,D00,D,D00-S16,17392834523920745446,16,D00,CONTROL,6824537507448365744,18349887623301676399,141,10000.0,1000,9aab2c2473de7cf0f572f9b5a710e53a2c0124f1afe0a5109f80dae251f9da44
D00-S17,D00,D,D00-S17,6004902773991946938,17,D00,CONTROL,4715227865861581916,2262219189337088363,141,10000.0,1000,9aab2c2473de7cf0f572f9b5a710e53a2c0124f1afe0a5109f80dae251f9da44
D00-S18,D00,D,D00-S18,1276185860986598701,18,D00,CONTROL,9511655153168452277,10436580739198981035,141,10000.0,1000,9aab2c2473de7cf0f572f9b5a710e53a2c0124f1afe0a5109f80dae251f9da44
D00-S19,D00,D,D00-S19,18079315101168952395,19,D00,CONTROL,6043571177915800040,12702549968641713946,141,10000.0,1000,9aab2c2473de7cf0f572f9b5a710e53a2c0124f1afe0a5109f80dae251f9da44
D00-S20,D00,D,D00-S20,7204546077592663632,20,D00,CONTROL,569641493284683202,13765921241000322430,141,10000.0,1000,9aab2c2473de7cf0f572f9b5a710e53a2c0124f1afe0a5109f80dae251f9da44
D00-S21,D00,D,D00-S21,9956737151618003453,21,D00,CONTROL,16877700863488327536,7386769304762975962,141,10000.0,1000,9aab2c2473de7cf0f572f9b5a710e53a2c0124f1afe0a5109f80dae251f9da44
D00-S22,D00,D,D00-S22,16387267417201747712,22,D00,CONTROL,2806097971093939155,12452745886917361139,141,10000.0,1000,9aab2c2473de7cf0f572f9b5a710e53a2c0124f1afe0a5109f80dae251f9da44
D00-S23,D00,D,D00-S23,9291552872952191884,23,D00,CONTROL,7757362910483186954,7789307205402291230,141,10000.0,1000,9aab2c2473de7cf0f572f9b5a710e53a2c0124f1afe0a5109f80dae251f9da44
D00-S24,D00,D,D00-S24,6774698307268965035,24,D00,CONTROL,1576580045019179932,4935217386166152489,141,10000.0,1000,9aab2c2473de7cf0f572f9b5a710e53a2c0124f1afe0a5109f80dae251f9da44
D00-S25,D00,D,D00-S25,2397802915662912221,25,D00,CONTROL,14619151551073477646,12920588218344506273,141,10000.0,1000,9aab2c2473de7cf0f572f9b5a710e53a2c0124f1afe0a5109f80dae251f9da44
D00-S26,D00,D,D00-S26,16512734406278341016,26,D00,CONTROL,14322377249768527931,13254837558786523102,141,10000.0,1000,9aab2c2473de7cf0f572f9b5a710e53a2c0124f1afe0a5109f80dae251f9da44
D00-S27,D00,D,D00-S27,7759242425029944541,27,D00,CONTROL,1149342802584957422,5649797684190372106,141,10000.0,1000,9aab2c2473de7cf0f572f9b5a710e53a2c0124f1afe0a5109f80dae251f9da44
D00-S28,D00,D,D00-S28,11711687275972324145,28,D00,CONTROL,1080364485313091703,6989550281425801118,141,10000.0,1000,9aab2c2473de7cf0f572f9b5a710e53a2c0124f1afe0a5109f80dae251f9da44
D00-S29,D00,D,D00-S29,4354161107732199298,29,D00,CONTROL,958257433142140251,11054401464327553918,141,10000.0,1000,9aab2c2473de7cf0f572f9b5a710e53a2c0124f1afe0a5109f80dae251f9da44
D01-S00,D01,D,D00-S00,7266343386191483739,0,D01,TREATMENT,12089769011917694374,1988348648956568175,141,10000.0,1000,1ab18ccd366e81fba5b6f300973bb0b6e0c7cceee370a7532e3e99767fd32a07
D01-S01,D01,D,D00-S01,7327669731288643706,1,D01,TREATMENT,12962257606173152482,5324873478951682309,141,10000.0,1000,1ab18ccd366e81fba5b6f300973bb0b6e0c7cceee370a7532e3e99767fd32a07
D01-S02,D01,D,D00-S02,14021529625252821637,2,D01,TREATMENT,10111987247277390914,7444505376397852194,141,10000.0,1000,1ab18ccd366e81fba5b6f300973bb0b6e0c7cceee370a7532e3e99767fd32a07
D01-S03,D01,D,D00-S03,13015257401067502099,3,D01,TREATMENT,17270178139864731407,8641882922361671506,141,10000.0,1000,1ab18ccd366e81fba5b6f300973bb0b6e0c7cceee370a7532e3e99767fd32a07
D01-S04,D01,D,D00-S04,4888788266148067928,4,D01,TREATMENT,2317428014290689691,5004527360990479258,141,10000.0,1000,1ab18ccd366e81fba5b6f300973bb0b6e0c7cceee370a7532e3e99767fd32a07
D01-S05,D01,D,D00-S05,372686234733934361,5,D01,TREATMENT,4112462094266218956,12493455952218554452,141,10000.0,1000,1ab18ccd366e81fba5b6f300973bb0b6e0c7cceee370a7532e3e99767fd32a07
D01-S06,D01,D,D00-S06,8946841158517248766,6,D01,TREATMENT,18344430265889267866,3607112505366798910,141,10000.0,1000,1ab18ccd366e81fba5b6f300973bb0b6e0c7cceee370a7532e3e99767fd32a07
D01-S07,D01,D,D00-S07,9009703059525875822,7,D01,TREATMENT,17090463357186446524,16318870803467828902,141,10000.0,1000,1ab18ccd366e81fba5b6f300973bb0b6e0c7cceee370a7532e3e99767fd32a07
D01-S08,D01,D,D00-S08,13763262471769672163,8,D01,TREATMENT,16125149457169702369,9691583463255889012,141,10000.0,1000,1ab18ccd366e81fba5b6f300973bb0b6e0c7cceee370a7532e3e99767fd32a07
D01-S09,D01,D,D00-S09,11943450448932995834,9,D01,TREATMENT,17149423523499720600,14346439664770562953,141,10000.0,1000,1ab18ccd366e81fba5b6f300973bb0b6e0c7cceee370a7532e3e99767fd32a07
D01-S10,D01,D,D00-S10,383364110206706523,10,D01,TREATMENT,523302846518345112,15696728803483267094,141,10000.0,1000,1ab18ccd366e81fba5b6f300973bb0b6e0c7cceee370a7532e3e99767fd32a07
D01-S11,D01,D,D00-S11,7597450664324651830,11,D01,TREATMENT,7369064661370065246,5366810094079678820,141,10000.0,1000,1ab18ccd366e81fba5b6f300973bb0b6e0c7cceee370a7532e3e99767fd32a07
D01-S12,D01,D,D00-S12,7113020691504941419,12,D01,TREATMENT,8186838090085453911,15680718854683426966,141,10000.0,1000,1ab18ccd366e81fba5b6f300973bb0b6e0c7cceee370a7532e3e99767fd32a07
D01-S13,D01,D,D00-S13,17589586195462360652,13,D01,TREATMENT,5829204117060041738,4804898231906745974,141,10000.0,1000,1ab18ccd366e81fba5b6f300973bb0b6e0c7cceee370a7532e3e99767fd32a07
D01-S14,D01,D,D00-S14,9841280377429304429,14,D01,TREATMENT,3426743007640780525,8112466945008198149,141,10000.0,1000,1ab18ccd366e81fba5b6f300973bb0b6e0c7cceee370a7532e3e99767fd32a07
D01-S15,D01,D,D00-S15,15378190346746817772,15,D01,TREATMENT,5663219481463969684,7358855150582438391,141,10000.0,1000,1ab18ccd366e81fba5b6f300973bb0b6e0c7cceee370a7532e3e99767fd32a07
D01-S16,D01,D,D00-S16,17392834523920745446,16,D01,TREATMENT,6824537507448365744,18349887623301676399,141,10000.0,1000,1ab18ccd366e81fba5b6f300973bb0b6e0c7cceee370a7532e3e99767fd32a07
D01-S17,D01,D,D00-S17,6004902773991946938,17,D01,TREATMENT,4715227865861581916,2262219189337088363,141,10000.0,1000,1ab18ccd366e81fba5b6f300973bb0b6e0c7cceee370a7532e3e99767fd32a07
D01-S18,D01,D,D00-S18,1276185860986598701,18,D01,TREATMENT,9511655153168452277,10436580739198981035,141,10000.0,1000,1ab18ccd366e81fba5b6f300973bb0b6e0c7cceee370a7532e3e99767fd32a07
D01-S19,D01,D,D00-S19,18079315101168952395,19,D01,TREATMENT,6043571177915800040,12702549968641713946,141,10000.0,1000,1ab18ccd366e81fba5b6f300973bb0b6e0c7cceee370a7532e3e99767fd32a07
D01-S20,D01,D,D00-S20,7204546077592663632,20,D01,TREATMENT,569641493284683202,13765921241000322430,141,10000.0,1000,1ab18ccd366e81fba5b6f300973bb0b6e0c7cceee370a7532e3e99767fd32a07
D01-S21,D01,D,D00-S21,9956737151618003453,21,D01,TREATMENT,16877700863488327536,7386769304762975962,141,10000.0,1000,1ab18ccd366e81fba5b6f300973bb0b6e0c7cceee370a7532e3e99767fd32a07
D01-S22,D01,D,D00-S22,16387267417201747712,22,D01,TREATMENT,2806097971093939155,12452745886917361139,141,10000.0,1000,1ab18ccd366e81fba5b6f300973bb0b6e0c7cceee370a7532e3e99767fd32a07
D01-S23,D01,D,D00-S23,9291552872952191884,23,D01,TREATMENT,7757362910483186954,7789307205402291230,141,10000.0,1000,1ab18ccd366e81fba5b6f300973bb0b6e0c7cceee370a7532e3e99767fd32a07
D01-S24,D01,D,D00-S24,6774698307268965035,24,D01,TREATMENT,1576580045019179932,4935217386166152489,141,10000.0,1000,1ab18ccd366e81fba5b6f300973bb0b6e0c7cceee370a7532e3e99767fd32a07
D01-S25,D01,D,D00-S25,2397802915662912221,25,D01,TREATMENT,14619151551073477646,12920588218344506273,141,10000.0,1000,1ab18ccd366e81fba5b6f300973bb0b6e0c7cceee370a7532e3e99767fd32a07
D01-S26,D01,D,D00-S26,16512734406278341016,26,D01,TREATMENT,14322377249768527931,13254837558786523102,141,10000.0,1000,1ab18ccd366e81fba5b6f300973bb0b6e0c7cceee370a7532e3e99767fd32a07
D01-S27,D01,D,D00-S27,7759242425029944541,27,D01,TREATMENT,1149342802584957422,5649797684190372106,141,10000.0,1000,1ab18ccd366e81fba5b6f300973bb0b6e0c7cceee370a7532e3e99767fd32a07
D01-S28,D01,D,D00-S28,11711687275972324145,28,D01,TREATMENT,1080364485313091703,6989550281425801118,141,10000.0,1000,1ab18ccd366e81fba5b6f300973bb0b6e0c7cceee370a7532e3e99767fd32a07
D01-S29,D01,D,D00-S29,4354161107732199298,29,D01,TREATMENT,958257433142140251,11054401464327553918,141,10000.0,1000,1ab18ccd366e81fba5b6f300973bb0b6e0c7cceee370a7532e3e99767fd32a07
D02-S00,D02,D,D00-S00,7266343386191483739,0,D02,TREATMENT,12089769011917694374,1988348648956568175,141,10000.0,1000,5c45c3e1c9cf630780ed018e29e69f2bc6e84fd9709bf4ec8f957c2815fc5d68
D02-S01,D02,D,D00-S01,7327669731288643706,1,D02,TREATMENT,12962257606173152482,5324873478951682309,141,10000.0,1000,5c45c3e1c9cf630780ed018e29e69f2bc6e84fd9709bf4ec8f957c2815fc5d68
D02-S02,D02,D,D00-S02,14021529625252821637,2,D02,TREATMENT,10111987247277390914,7444505376397852194,141,10000.0,1000,5c45c3e1c9cf630780ed018e29e69f2bc6e84fd9709bf4ec8f957c2815fc5d68
D02-S03,D02,D,D00-S03,13015257401067502099,3,D02,TREATMENT,17270178139864731407,8641882922361671506,141,10000.0,1000,5c45c3e1c9cf630780ed018e29e69f2bc6e84fd9709bf4ec8f957c2815fc5d68
D02-S04,D02,D,D00-S04,4888788266148067928,4,D02,TREATMENT,2317428014290689691,5004527360990479258,141,10000.0,1000,5c45c3e1c9cf630780ed018e29e69f2bc6e84fd9709bf4ec8f957c2815fc5d68
D02-S05,D02,D,D00-S05,372686234733934361,5,D02,TREATMENT,4112462094266218956,12493455952218554452,141,10000.0,1000,5c45c3e1c9cf630780ed018e29e69f2bc6e84fd9709bf4ec8f957c2815fc5d68
D02-S06,D02,D,D00-S06,8946841158517248766,6,D02,TREATMENT,18344430265889267866,3607112505366798910,141,10000.0,1000,5c45c3e1c9cf630780ed018e29e69f2bc6e84fd9709bf4ec8f957c2815fc5d68
D02-S07,D02,D,D00-S07,9009703059525875822,7,D02,TREATMENT,17090463357186446524,16318870803467828902,141,10000.0,1000,5c45c3e1c9cf630780ed018e29e69f2bc6e84fd9709bf4ec8f957c2815fc5d68
D02-S08,D02,D,D00-S08,13763262471769672163,8,D02,TREATMENT,16125149457169702369,9691583463255889012,141,10000.0,1000,5c45c3e1c9cf630780ed018e29e69f2bc6e84fd9709bf4ec8f957c2815fc5d68
D02-S09,D02,D,D00-S09,11943450448932995834,9,D02,TREATMENT,17149423523499720600,14346439664770562953,141,10000.0,1000,5c45c3e1c9cf630780ed018e29e69f2bc6e84fd9709bf4ec8f957c2815fc5d68
D02-S10,D02,D,D00-S10,383364110206706523,10,D02,TREATMENT,523302846518345112,15696728803483267094,141,10000.0,1000,5c45c3e1c9cf630780ed018e29e69f2bc6e84fd9709bf4ec8f957c2815fc5d68
D02-S11,D02,D,D00-S11,7597450664324651830,11,D02,TREATMENT,7369064661370065246,5366810094079678820,141,10000.0,1000,5c45c3e1c9cf630780ed018e29e69f2bc6e84fd9709bf4ec8f957c2815fc5d68
D02-S12,D02,D,D00-S12,7113020691504941419,12,D02,TREATMENT,8186838090085453911,15680718854683426966,141,10000.0,1000,5c45c3e1c9cf630780ed018e29e69f2bc6e84fd9709bf4ec8f957c2815fc5d68
D02-S13,D02,D,D00-S13,17589586195462360652,13,D02,TREATMENT,5829204117060041738,4804898231906745974,141,10000.0,1000,5c45c3e1c9cf630780ed018e29e69f2bc6e84fd9709bf4ec8f957c2815fc5d68
D02-S14,D02,D,D00-S14,9841280377429304429,14,D02,TREATMENT,3426743007640780525,8112466945008198149,141,10000.0,1000,5c45c3e1c9cf630780ed018e29e69f2bc6e84fd9709bf4ec8f957c2815fc5d68
D02-S15,D02,D,D00-S15,15378190346746817772,15,D02,TREATMENT,5663219481463969684,7358855150582438391,141,10000.0,1000,5c45c3e1c9cf630780ed018e29e69f2bc6e84fd9709bf4ec8f957c2815fc5d68
D02-S16,D02,D,D00-S16,17392834523920745446,16,D02,TREATMENT,6824537507448365744,18349887623301676399,141,10000.0,1000,5c45c3e1c9cf630780ed018e29e69f2bc6e84fd9709bf4ec8f957c2815fc5d68
D02-S17,D02,D,D00-S17,6004902773991946938,17,D02,TREATMENT,4715227865861581916,2262219189337088363,141,10000.0,1000,5c45c3e1c9cf630780ed018e29e69f2bc6e84fd9709bf4ec8f957c2815fc5d68
D02-S18,D02,D,D00-S18,1276185860986598701,18,D02,TREATMENT,9511655153168452277,10436580739198981035,141,10000.0,1000,5c45c3e1c9cf630780ed018e29e69f2bc6e84fd9709bf4ec8f957c2815fc5d68
D02-S19,D02,D,D00-S19,18079315101168952395,19,D02,TREATMENT,6043571177915800040,12702549968641713946,141,10000.0,1000,5c45c3e1c9cf630780ed018e29e69f2bc6e84fd9709bf4ec8f957c2815fc5d68
D02-S20,D02,D,D00-S20,7204546077592663632,20,D02,TREATMENT,569641493284683202,13765921241000322430,141,10000.0,1000,5c45c3e1c9cf630780ed018e29e69f2bc6e84fd9709bf4ec8f957c2815fc5d68
D02-S21,D02,D,D00-S21,9956737151618003453,21,D02,TREATMENT,16877700863488327536,7386769304762975962,141,10000.0,1000,5c45c3e1c9cf630780ed018e29e69f2bc6e84fd9709bf4ec8f957c2815fc5d68
D02-S22,D02,D,D00-S22,16387267417201747712,22,D02,TREATMENT,2806097971093939155,12452745886917361139,141,10000.0,1000,5c45c3e1c9cf630780ed018e29e69f2bc6e84fd9709bf4ec8f957c2815fc5d68
D02-S23,D02,D,D00-S23,9291552872952191884,23,D02,TREATMENT,7757362910483186954,7789307205402291230,141,10000.0,1000,5c45c3e1c9cf630780ed018e29e69f2bc6e84fd9709bf4ec8f957c2815fc5d68
D02-S24,D02,D,D00-S24,6774698307268965035,24,D02,TREATMENT,1576580045019179932,4935217386166152489,141,10000.0,1000,5c45c3e1c9cf630780ed018e29e69f2bc6e84fd9709bf4ec8f957c2815fc5d68
D02-S25,D02,D,D00-S25,2397802915662912221,25,D02,TREATMENT,14619151551073477646,12920588218344506273,141,10000.0,1000,5c45c3e1c9cf630780ed018e29e69f2bc6e84fd9709bf4ec8f957c2815fc5d68
D02-S26,D02,D,D00-S26,16512734406278341016,26,D02,TREATMENT,14322377249768527931,13254837558786523102,141,10000.0,1000,5c45c3e1c9cf630780ed018e29e69f2bc6e84fd9709bf4ec8f957c2815fc5d68
D02-S27,D02,D,D00-S27,7759242425029944541,27,D02,TREATMENT,1149342802584957422,5649797684190372106,141,10000.0,1000,5c45c3e1c9cf630780ed018e29e69f2bc6e84fd9709bf4ec8f957c2815fc5d68
D02-S28,D02,D,D00-S28,11711687275972324145,28,D02,TREATMENT,1080364485313091703,6989550281425801118,141,10000.0,1000,5c45c3e1c9cf630780ed018e29e69f2bc6e84fd9709bf4ec8f957c2815fc5d68
D02-S29,D02,D,D00-S29,4354161107732199298,29,D02,TREATMENT,958257433142140251,11054401464327553918,141,10000.0,1000,5c45c3e1c9cf630780ed018e29e69f2bc6e84fd9709bf4ec8f957c2815fc5d68
D03-S00,D03,D,D00-S00,7266343386191483739,0,D03,TREATMENT,12089769011917694374,1988348648956568175,141,10000.0,1000,375434afde8378954f0caac7b9a6ab159e3c960c42aa6961997716c7afd4cf10
D03-S01,D03,D,D00-S01,7327669731288643706,1,D03,TREATMENT,12962257606173152482,5324873478951682309,141,10000.0,1000,375434afde8378954f0caac7b9a6ab159e3c960c42aa6961997716c7afd4cf10
D03-S02,D03,D,D00-S02,14021529625252821637,2,D03,TREATMENT,10111987247277390914,7444505376397852194,141,10000.0,1000,375434afde8378954f0caac7b9a6ab159e3c960c42aa6961997716c7afd4cf10
D03-S03,D03,D,D00-S03,13015257401067502099,3,D03,TREATMENT,17270178139864731407,8641882922361671506,141,10000.0,1000,375434afde8378954f0caac7b9a6ab159e3c960c42aa6961997716c7afd4cf10
D03-S04,D03,D,D00-S04,4888788266148067928,4,D03,TREATMENT,2317428014290689691,5004527360990479258,141,10000.0,1000,375434afde8378954f0caac7b9a6ab159e3c960c42aa6961997716c7afd4cf10
D03-S05,D03,D,D00-S05,372686234733934361,5,D03,TREATMENT,4112462094266218956,12493455952218554452,141,10000.0,1000,375434afde8378954f0caac7b9a6ab159e3c960c42aa6961997716c7afd4cf10
D03-S06,D03,D,D00-S06,8946841158517248766,6,D03,TREATMENT,18344430265889267866,3607112505366798910,141,10000.0,1000,375434afde8378954f0caac7b9a6ab159e3c960c42aa6961997716c7afd4cf10
D03-S07,D03,D,D00-S07,9009703059525875822,7,D03,TREATMENT,17090463357186446524,16318870803467828902,141,10000.0,1000,375434afde8378954f0caac7b9a6ab159e3c960c42aa6961997716c7afd4cf10
D03-S08,D03,D,D00-S08,13763262471769672163,8,D03,TREATMENT,16125149457169702369,9691583463255889012,141,10000.0,1000,375434afde8378954f0caac7b9a6ab159e3c960c42aa6961997716c7afd4cf10
D03-S09,D03,D,D00-S09,11943450448932995834,9,D03,TREATMENT,17149423523499720600,14346439664770562953,141,10000.0,1000,375434afde8378954f0caac7b9a6ab159e3c960c42aa6961997716c7afd4cf10
D03-S10,D03,D,D00-S10,383364110206706523,10,D03,TREATMENT,523302846518345112,15696728803483267094,141,10000.0,1000,375434afde8378954f0caac7b9a6ab159e3c960c42aa6961997716c7afd4cf10
D03-S11,D03,D,D00-S11,7597450664324651830,11,D03,TREATMENT,7369064661370065246,5366810094079678820,141,10000.0,1000,375434afde8378954f0caac7b9a6ab159e3c960c42aa6961997716c7afd4cf10
D03-S12,D03,D,D00-S12,7113020691504941419,12,D03,TREATMENT,8186838090085453911,15680718854683426966,141,10000.0,1000,375434afde8378954f0caac7b9a6ab159e3c960c42aa6961997716c7afd4cf10
D03-S13,D03,D,D00-S13,17589586195462360652,13,D03,TREATMENT,5829204117060041738,4804898231906745974,141,10000.0,1000,375434afde8378954f0caac7b9a6ab159e3c960c42aa6961997716c7afd4cf10
D03-S14,D03,D,D00-S14,9841280377429304429,14,D03,TREATMENT,3426743007640780525,8112466945008198149,141,10000.0,1000,375434afde8378954f0caac7b9a6ab159e3c960c42aa6961997716c7afd4cf10
D03-S15,D03,D,D00-S15,15378190346746817772,15,D03,TREATMENT,5663219481463969684,7358855150582438391,141,10000.0,1000,375434afde8378954f0caac7b9a6ab159e3c960c42aa6961997716c7afd4cf10
D03-S16,D03,D,D00-S16,17392834523920745446,16,D03,TREATMENT,6824537507448365744,18349887623301676399,141,10000.0,1000,375434afde8378954f0caac7b9a6ab159e3c960c42aa6961997716c7afd4cf10
D03-S17,D03,D,D00-S17,6004902773991946938,17,D03,TREATMENT,4715227865861581916,2262219189337088363,141,10000.0,1000,375434afde8378954f0caac7b9a6ab159e3c960c42aa6961997716c7afd4cf10
D03-S18,D03,D,D00-S18,1276185860986598701,18,D03,TREATMENT,9511655153168452277,10436580739198981035,141,10000.0,1000,375434afde8378954f0caac7b9a6ab159e3c960c42aa6961997716c7afd4cf10
D03-S19,D03,D,D00-S19,18079315101168952395,19,D03,TREATMENT,6043571177915800040,12702549968641713946,141,10000.0,1000,375434afde8378954f0caac7b9a6ab159e3c960c42aa6961997716c7afd4cf10
D03-S20,D03,D,D00-S20,7204546077592663632,20,D03,TREATMENT,569641493284683202,13765921241000322430,141,10000.0,1000,375434afde8378954f0caac7b9a6ab159e3c960c42aa6961997716c7afd4cf10
D03-S21,D03,D,D00-S21,9956737151618003453,21,D03,TREATMENT,16877700863488327536,7386769304762975962,141,10000.0,1000,375434afde8378954f0caac7b9a6ab159e3c960c42aa6961997716c7afd4cf10
D03-S22,D03,D,D00-S22,16387267417201747712,22,D03,TREATMENT,2806097971093939155,12452745886917361139,141,10000.0,1000,375434afde8378954f0caac7b9a6ab159e3c960c42aa6961997716c7afd4cf10
D03-S23,D03,D,D00-S23,9291552872952191884,23,D03,TREATMENT,7757362910483186954,7789307205402291230,141,10000.0,1000,375434afde8378954f0caac7b9a6ab159e3c960c42aa6961997716c7afd4cf10
D03-S24,D03,D,D00-S24,6774698307268965035,24,D03,TREATMENT,1576580045019179932,4935217386166152489,141,10000.0,1000,375434afde8378954f0caac7b9a6ab159e3c960c42aa6961997716c7afd4cf10
D03-S25,D03,D,D00-S25,2397802915662912221,25,D03,TREATMENT,14619151551073477646,12920588218344506273,141,10000.0,1000,375434afde8378954f0caac7b9a6ab159e3c960c42aa6961997716c7afd4cf10
D03-S26,D03,D,D00-S26,16512734406278341016,26,D03,TREATMENT,14322377249768527931,13254837558786523102,141,10000.0,1000,375434afde8378954f0caac7b9a6ab159e3c960c42aa6961997716c7afd4cf10
D03-S27,D03,D,D00-S27,7759242425029944541,27,D03,TREATMENT,1149342802584957422,5649797684190372106,141,10000.0,1000,375434afde8378954f0caac7b9a6ab159e3c960c42aa6961997716c7afd4cf10
D03-S28,D03,D,D00-S28,11711687275972324145,28,D03,TREATMENT,1080364485313091703,6989550281425801118,141,10000.0,1000,375434afde8378954f0caac7b9a6ab159e3c960c42aa6961997716c7afd4cf10
D03-S29,D03,D,D00-S29,4354161107732199298,29,D03,TREATMENT,958257433142140251,11054401464327553918,141,10000.0,1000,375434afde8378954f0caac7b9a6ab159e3c960c42aa6961997716c7afd4cf10
D04C-S00,D04C,D,D04C-S00,7266343386191483739,0,D04C,CONTROL,12089769011917694374,1988348648956568175,141,10000.0,1000,e5f42ad57ed559685fe3a9ac66ad8e81a900e5a49618e31a987bd05407b31e08
D04C-S01,D04C,D,D04C-S01,7327669731288643706,1,D04C,CONTROL,12962257606173152482,5324873478951682309,141,10000.0,1000,e5f42ad57ed559685fe3a9ac66ad8e81a900e5a49618e31a987bd05407b31e08
D04C-S02,D04C,D,D04C-S02,14021529625252821637,2,D04C,CONTROL,10111987247277390914,7444505376397852194,141,10000.0,1000,e5f42ad57ed559685fe3a9ac66ad8e81a900e5a49618e31a987bd05407b31e08
D04C-S03,D04C,D,D04C-S03,13015257401067502099,3,D04C,CONTROL,17270178139864731407,8641882922361671506,141,10000.0,1000,e5f42ad57ed559685fe3a9ac66ad8e81a900e5a49618e31a987bd05407b31e08
D04C-S04,D04C,D,D04C-S04,4888788266148067928,4,D04C,CONTROL,2317428014290689691,5004527360990479258,141,10000.0,1000,e5f42ad57ed559685fe3a9ac66ad8e81a900e5a49618e31a987bd05407b31e08
D04C-S05,D04C,D,D04C-S05,372686234733934361,5,D04C,CONTROL,4112462094266218956,12493455952218554452,141,10000.0,1000,e5f42ad57ed559685fe3a9ac66ad8e81a900e5a49618e31a987bd05407b31e08
D04C-S06,D04C,D,D04C-S06,8946841158517248766,6,D04C,CONTROL,18344430265889267866,3607112505366798910,141,10000.0,1000,e5f42ad57ed559685fe3a9ac66ad8e81a900e5a49618e31a987bd05407b31e08
D04C-S07,D04C,D,D04C-S07,9009703059525875822,7,D04C,CONTROL,17090463357186446524,16318870803467828902,141,10000.0,1000,e5f42ad57ed559685fe3a9ac66ad8e81a900e5a49618e31a987bd05407b31e08
D04C-S08,D04C,D,D04C-S08,13763262471769672163,8,D04C,CONTROL,16125149457169702369,9691583463255889012,141,10000.0,1000,e5f42ad57ed559685fe3a9ac66ad8e81a900e5a49618e31a987bd05407b31e08
D04C-S09,D04C,D,D04C-S09,11943450448932995834,9,D04C,CONTROL,17149423523499720600,14346439664770562953,141,10000.0,1000,e5f42ad57ed559685fe3a9ac66ad8e81a900e5a49618e31a987bd05407b31e08
D04C-S10,D04C,D,D04C-S10,383364110206706523,10,D04C,CONTROL,523302846518345112,15696728803483267094,141,10000.0,1000,e5f42ad57ed559685fe3a9ac66ad8e81a900e5a49618e31a987bd05407b31e08
D04C-S11,D04C,D,D04C-S11,7597450664324651830,11,D04C,CONTROL,7369064661370065246,5366810094079678820,141,10000.0,1000,e5f42ad57ed559685fe3a9ac66ad8e81a900e5a49618e31a987bd05407b31e08
D04C-S12,D04C,D,D04C-S12,7113020691504941419,12,D04C,CONTROL,8186838090085453911,15680718854683426966,141,10000.0,1000,e5f42ad57ed559685fe3a9ac66ad8e81a900e5a49618e31a987bd05407b31e08
D04C-S13,D04C,D,D04C-S13,17589586195462360652,13,D04C,CONTROL,5829204117060041738,4804898231906745974,141,10000.0,1000,e5f42ad57ed559685fe3a9ac66ad8e81a900e5a49618e31a987bd05407b31e08
D04C-S14,D04C,D,D04C-S14,9841280377429304429,14,D04C,CONTROL,3426743007640780525,8112466945008198149,141,10000.0,1000,e5f42ad57ed559685fe3a9ac66ad8e81a900e5a49618e31a987bd05407b31e08
D04C-S15,D04C,D,D04C-S15,15378190346746817772,15,D04C,CONTROL,5663219481463969684,7358855150582438391,141,10000.0,1000,e5f42ad57ed559685fe3a9ac66ad8e81a900e5a49618e31a987bd05407b31e08
D04C-S16,D04C,D,D04C-S16,17392834523920745446,16,D04C,CONTROL,6824537507448365744,18349887623301676399,141,10000.0,1000,e5f42ad57ed559685fe3a9ac66ad8e81a900e5a49618e31a987bd05407b31e08
D04C-S17,D04C,D,D04C-S17,6004902773991946938,17,D04C,CONTROL,4715227865861581916,2262219189337088363,141,10000.0,1000,e5f42ad57ed559685fe3a9ac66ad8e81a900e5a49618e31a987bd05407b31e08
D04C-S18,D04C,D,D04C-S18,1276185860986598701,18,D04C,CONTROL,9511655153168452277,10436580739198981035,141,10000.0,1000,e5f42ad57ed559685fe3a9ac66ad8e81a900e5a49618e31a987bd05407b31e08
D04C-S19,D04C,D,D04C-S19,18079315101168952395,19,D04C,CONTROL,6043571177915800040,12702549968641713946,141,10000.0,1000,e5f42ad57ed559685fe3a9ac66ad8e81a900e5a49618e31a987bd05407b31e08
D04C-S20,D04C,D,D04C-S20,7204546077592663632,20,D04C,CONTROL,569641493284683202,13765921241000322430,141,10000.0,1000,e5f42ad57ed559685fe3a9ac66ad8e81a900e5a49618e31a987bd05407b31e08
D04C-S21,D04C,D,D04C-S21,9956737151618003453,21,D04C,CONTROL,16877700863488327536,7386769304762975962,141,10000.0,1000,e5f42ad57ed559685fe3a9ac66ad8e81a900e5a49618e31a987bd05407b31e08
D04C-S22,D04C,D,D04C-S22,16387267417201747712,22,D04C,CONTROL,2806097971093939155,12452745886917361139,141,10000.0,1000,e5f42ad57ed559685fe3a9ac66ad8e81a900e5a49618e31a987bd05407b31e08
D04C-S23,D04C,D,D04C-S23,9291552872952191884,23,D04C,CONTROL,7757362910483186954,7789307205402291230,141,10000.0,1000,e5f42ad57ed559685fe3a9ac66ad8e81a900e5a49618e31a987bd05407b31e08
D04C-S24,D04C,D,D04C-S24,6774698307268965035,24,D04C,CONTROL,1576580045019179932,4935217386166152489,141,10000.0,1000,e5f42ad57ed559685fe3a9ac66ad8e81a900e5a49618e31a987bd05407b31e08
D04C-S25,D04C,D,D04C-S25,2397802915662912221,25,D04C,CONTROL,14619151551073477646,12920588218344506273,141,10000.0,1000,e5f42ad57ed559685fe3a9ac66ad8e81a900e5a49618e31a987bd05407b31e08
D04C-S26,D04C,D,D04C-S26,16512734406278341016,26,D04C,CONTROL,14322377249768527931,13254837558786523102,141,10000.0,1000,e5f42ad57ed559685fe3a9ac66ad8e81a900e5a49618e31a987bd05407b31e08
D04C-S27,D04C,D,D04C-S27,7759242425029944541,27,D04C,CONTROL,1149342802584957422,5649797684190372106,141,10000.0,1000,e5f42ad57ed559685fe3a9ac66ad8e81a900e5a49618e31a987bd05407b31e08
D04C-S28,D04C,D,D04C-S28,11711687275972324145,28,D04C,CONTROL,1080364485313091703,6989550281425801118,141,10000.0,1000,e5f42ad57ed559685fe3a9ac66ad8e81a900e5a49618e31a987bd05407b31e08
D04C-S29,D04C,D,D04C-S29,4354161107732199298,29,D04C,CONTROL,958257433142140251,11054401464327553918,141,10000.0,1000,e5f42ad57ed559685fe3a9ac66ad8e81a900e5a49618e31a987bd05407b31e08
D04-S00,D04,D,D04C-S00,7266343386191483739,0,D04,TREATMENT,12089769011917694374,1988348648956568175,141,10000.0,1000,794ce5d7ec26df7b60a9126bf8a6cd698fb57284cbe19469b853ee262414cb41
D04-S01,D04,D,D04C-S01,7327669731288643706,1,D04,TREATMENT,12962257606173152482,5324873478951682309,141,10000.0,1000,794ce5d7ec26df7b60a9126bf8a6cd698fb57284cbe19469b853ee262414cb41
D04-S02,D04,D,D04C-S02,14021529625252821637,2,D04,TREATMENT,10111987247277390914,7444505376397852194,141,10000.0,1000,794ce5d7ec26df7b60a9126bf8a6cd698fb57284cbe19469b853ee262414cb41
D04-S03,D04,D,D04C-S03,13015257401067502099,3,D04,TREATMENT,17270178139864731407,8641882922361671506,141,10000.0,1000,794ce5d7ec26df7b60a9126bf8a6cd698fb57284cbe19469b853ee262414cb41
D04-S04,D04,D,D04C-S04,4888788266148067928,4,D04,TREATMENT,2317428014290689691,5004527360990479258,141,10000.0,1000,794ce5d7ec26df7b60a9126bf8a6cd698fb57284cbe19469b853ee262414cb41
D04-S05,D04,D,D04C-S05,372686234733934361,5,D04,TREATMENT,4112462094266218956,12493455952218554452,141,10000.0,1000,794ce5d7ec26df7b60a9126bf8a6cd698fb57284cbe19469b853ee262414cb41
D04-S06,D04,D,D04C-S06,8946841158517248766,6,D04,TREATMENT,18344430265889267866,3607112505366798910,141,10000.0,1000,794ce5d7ec26df7b60a9126bf8a6cd698fb57284cbe19469b853ee262414cb41
D04-S07,D04,D,D04C-S07,9009703059525875822,7,D04,TREATMENT,17090463357186446524,16318870803467828902,141,10000.0,1000,794ce5d7ec26df7b60a9126bf8a6cd698fb57284cbe19469b853ee262414cb41
D04-S08,D04,D,D04C-S08,13763262471769672163,8,D04,TREATMENT,16125149457169702369,9691583463255889012,141,10000.0,1000,794ce5d7ec26df7b60a9126bf8a6cd698fb57284cbe19469b853ee262414cb41
D04-S09,D04,D,D04C-S09,11943450448932995834,9,D04,TREATMENT,17149423523499720600,14346439664770562953,141,10000.0,1000,794ce5d7ec26df7b60a9126bf8a6cd698fb57284cbe19469b853ee262414cb41
D04-S10,D04,D,D04C-S10,383364110206706523,10,D04,TREATMENT,523302846518345112,15696728803483267094,141,10000.0,1000,794ce5d7ec26df7b60a9126bf8a6cd698fb57284cbe19469b853ee262414cb41
D04-S11,D04,D,D04C-S11,7597450664324651830,11,D04,TREATMENT,7369064661370065246,5366810094079678820,141,10000.0,1000,794ce5d7ec26df7b60a9126bf8a6cd698fb57284cbe19469b853ee262414cb41
D04-S12,D04,D,D04C-S12,7113020691504941419,12,D04,TREATMENT,8186838090085453911,15680718854683426966,141,10000.0,1000,794ce5d7ec26df7b60a9126bf8a6cd698fb57284cbe19469b853ee262414cb41
D04-S13,D04,D,D04C-S13,17589586195462360652,13,D04,TREATMENT,5829204117060041738,4804898231906745974,141,10000.0,1000,794ce5d7ec26df7b60a9126bf8a6cd698fb57284cbe19469b853ee262414cb41
D04-S14,D04,D,D04C-S14,9841280377429304429,14,D04,TREATMENT,3426743007640780525,8112466945008198149,141,10000.0,1000,794ce5d7ec26df7b60a9126bf8a6cd698fb57284cbe19469b853ee262414cb41
D04-S15,D04,D,D04C-S15,15378190346746817772,15,D04,TREATMENT,5663219481463969684,7358855150582438391,141,10000.0,1000,794ce5d7ec26df7b60a9126bf8a6cd698fb57284cbe19469b853ee262414cb41
D04-S16,D04,D,D04C-S16,17392834523920745446,16,D04,TREATMENT,6824537507448365744,18349887623301676399,141,10000.0,1000,794ce5d7ec26df7b60a9126bf8a6cd698fb57284cbe19469b853ee262414cb41
D04-S17,D04,D,D04C-S17,6004902773991946938,17,D04,TREATMENT,4715227865861581916,2262219189337088363,141,10000.0,1000,794ce5d7ec26df7b60a9126bf8a6cd698fb57284cbe19469b853ee262414cb41
D04-S18,D04,D,D04C-S18,1276185860986598701,18,D04,TREATMENT,9511655153168452277,10436580739198981035,141,10000.0,1000,794ce5d7ec26df7b60a9126bf8a6cd698fb57284cbe19469b853ee262414cb41
D04-S19,D04,D,D04C-S19,18079315101168952395,19,D04,TREATMENT,6043571177915800040,12702549968641713946,141,10000.0,1000,794ce5d7ec26df7b60a9126bf8a6cd698fb57284cbe19469b853ee262414cb41
D04-S20,D04,D,D04C-S20,7204546077592663632,20,D04,TREATMENT,569641493284683202,13765921241000322430,141,10000.0,1000,794ce5d7ec26df7b60a9126bf8a6cd698fb57284cbe19469b853ee262414cb41
D04-S21,D04,D,D04C-S21,9956737151618003453,21,D04,TREATMENT,16877700863488327536,7386769304762975962,141,10000.0,1000,794ce5d7ec26df7b60a9126bf8a6cd698fb57284cbe19469b853ee262414cb41
D04-S22,D04,D,D04C-S22,16387267417201747712,22,D04,TREATMENT,2806097971093939155,12452745886917361139,141,10000.0,1000,794ce5d7ec26df7b60a9126bf8a6cd698fb57284cbe19469b853ee262414cb41
D04-S23,D04,D,D04C-S23,9291552872952191884,23,D04,TREATMENT,7757362910483186954,7789307205402291230,141,10000.0,1000,794ce5d7ec26df7b60a9126bf8a6cd698fb57284cbe19469b853ee262414cb41
D04-S24,D04,D,D04C-S24,6774698307268965035,24,D04,TREATMENT,1576580045019179932,4935217386166152489,141,10000.0,1000,794ce5d7ec26df7b60a9126bf8a6cd698fb57284cbe19469b853ee262414cb41
D04-S25,D04,D,D04C-S25,2397802915662912221,25,D04,TREATMENT,14619151551073477646,12920588218344506273,141,10000.0,1000,794ce5d7ec26df7b60a9126bf8a6cd698fb57284cbe19469b853ee262414cb41
D04-S26,D04,D,D04C-S26,16512734406278341016,26,D04,TREATMENT,14322377249768527931,13254837558786523102,141,10000.0,1000,794ce5d7ec26df7b60a9126bf8a6cd698fb57284cbe19469b853ee262414cb41
D04-S27,D04,D,D04C-S27,7759242425029944541,27,D04,TREATMENT,1149342802584957422,5649797684190372106,141,10000.0,1000,794ce5d7ec26df7b60a9126bf8a6cd698fb57284cbe19469b853ee262414cb41
D04-S28,D04,D,D04C-S28,11711687275972324145,28,D04,TREATMENT,1080364485313091703,6989550281425801118,141,10000.0,1000,794ce5d7ec26df7b60a9126bf8a6cd698fb57284cbe19469b853ee262414cb41
D04-S29,D04,D,D04C-S29,4354161107732199298,29,D04,TREATMENT,958257433142140251,11054401464327553918,141,10000.0,1000,794ce5d7ec26df7b60a9126bf8a6cd698fb57284cbe19469b853ee262414cb41
