tag,arm,N,seed,k_active,accepted_blocks,mean_interval_s,median_interval_s,p95_interval_s,stale_blocks
primary,E50-CONV100,100,7695027954463196593,100,11,787.9044849551786,582.7696938701106,1595.3872915705135,0
primary,E50-MT100,100,7695027954463196593,100,1,9305.26268005937,9305.26268005937,9305.26268005937,0
primary,E50-PC10,100,7695027954463196593,10,1,930.5262689055216,930.5262689055216,930.5262689055216,0
primary,E50-PC20,100,7695027954463196593,20,2,3964.0936635711028,3964.0936635711028,465.26313451590164,0
primary,E50-PC30,100,7695027954463196593,30,2,2642.729109050705,2642.729109050705,310.17542306166956,0
primary,E50-PC40,100,7695027954463196593,40,4,2401.106368895169,2446.428766179973,3731.4620961943024,0
primary,E50-PC50,100,7695027954463196593,50,5,1676.078062365656,929.1163490324471,2985.169677058956,0
primary,E50-PC60,100,7695027954463196593,60,6,1462.2453710712825,1282.0386287509157,2487.64139755749,0
primary,E50-PC80,100,7695027954463196593,80,9,1025.1411222471106,580.6977182155966,1994.234116286051,0
primary,E50-PC100,100,7695027954463196593,100,11,787.9044857220721,582.7696944508959,1595.3872930204857,0
primary,E50-CONV100,100,8525591707662220640,100,15,612.7777301418282,430.32606196669667,1921.6329909691556,0
primary,E50-MT100,100,8525591707662220640,100,0,,,,0
primary,E50-PC10,100,8525591707662220640,10,2,2702.9237098913454,2702.9237098913454,1558.4788009966658,0
primary,E50-PC20,100,8525591707662220640,20,2,1351.4618549246857,1351.4618549246857,779.2394004740543,0
primary,E50-PC30,100,8525591707662220640,30,5,1802.8115993138276,519.4929337081772,1282.4562063003295,0
primary,E50-PC40,100,8525591707662220640,40,7,1380.658773384062,961.8421546522686,1756.6351487373818,0
primary,E50-PC50,100,8525591707662220640,50,8,1164.645610288443,843.70996882812,1585.475751190389,0
primary,E50-PC60,100,8525591707662220640,60,11,855.6093282343124,717.2101039715137,1321.2297926320164,0
primary,E50-PC80,100,8525591707662220640,80,14,708.8245597874845,509.41432770190966,2402.04124101992,0
primary,E50-PC100,100,8525591707662220640,100,15,612.7777306944745,430.3260623769687,1921.6329928087632,0
primary,E50-CONV100,100,12108552042459345255,100,14,654.2332057835894,429.3032988617445,1641.2039298503728,0
primary,E50-MT100,100,12108552042459345255,100,0,,,,0
primary,E50-PC10,100,12108552042459345255,10,0,,,,0
primary,E50-PC20,100,12108552042459345255,20,2,4582.346910084486,4582.346910084486,958.6741631932467,0
primary,E50-PC30,100,12108552042459345255,30,2,3054.8979399588848,3054.8979399588848,639.1161086252683,0
primary,E50-PC40,100,12108552042459345255,40,4,2329.051389617342,2291.1734551130057,4103.009828551905,0
primary,E50-PC50,100,12108552042459345255,50,6,1411.2972696808074,589.1821236200735,3282.4078628338652,0
primary,E50-PC60,100,12108552042459345255,60,7,1377.2159520794617,662.4121516119285,2735.3398855907903,0
primary,E50-PC80,100,12108552042459345255,80,12,832.4482089658273,511.0864711876555,2051.504914312265,0
primary,E50-PC100,100,12108552042459345255,100,14,654.233206407679,429.3032992599673,1641.203931507572,0
primary,E50-CONV100,100,16218162384852915827,100,25,389.85964612345566,243.51887233431648,966.226949369096,0
primary,E50-MT100,100,16218162384852915827,100,1,3452.4086026218993,3452.4086026218993,3452.4086026218993,0
primary,E50-PC10,100,16218162384852915827,10,3,1456.5534332442187,1704.6884654833,1704.6884654833,0
primary,E50-PC20,100,16218162384852915827,20,5,1508.4162398857388,1159.865485889002,1220.9489230316528,0
primary,E50-PC30,100,16218162384852915827,30,9,1014.8455260985583,773.2436573614242,2151.019186741363,0
primary,E50-PC40,100,16218162384852915827,40,10,753.4010825237092,595.2036022974733,1613.2643900270953,0
primary,E50-PC50,100,16218162384852915827,50,12,742.3601912016193,476.16288173907446,1654.5208505464261,0
primary,E50-PC60,100,16218162384852915827,60,15,648.8570241846619,405.86478764405734,1610.3782504328258,0
primary,E50-PC80,100,16218162384852915827,80,18,546.3789492289973,304.8179107192714,1658.1524808281663,0
primary,E50-PC100,100,16218162384852915827,100,25,389.85964651529565,243.51887257993886,966.2269502165335,0
primary,E50-CONV100,100,3678478102310266571,100,18,488.6080905290503,396.6566547097817,1475.7820827938442,0
primary,E50-MT100,100,3678478102310266571,100,0,,,,0
primary,E50-PC10,100,3678478102310266571,10,1,2360.3519422236027,2360.3519422236027,2360.3519422236027,0
primary,E50-PC20,100,3678478102310266571,20,2,4279.543195903821,4279.543195903821,1180.1759710652325,0
primary,E50-PC30,100,3678478102310266571,30,8,1126.5103183380402,493.84021892488556,2047.249806534489,0
primary,E50-PC40,100,3678478102310266571,40,9,1027.931280247231,443.0970794260126,2492.3196121040946,0
primary,E50-PC50,100,3678478102310266571,50,13,737.3243069047044,354.4776635725304,1993.85568982368,0
primary,E50-PC60,100,3678478102310266571,60,14,623.9101111434584,344.3950217068958,1661.5464080162792,0
primary,E50-PC80,100,3678478102310266571,80,17,574.8609785087168,438.29309489308105,1844.7276051445235,0
primary,E50-PC100,100,3678478102310266571,100,18,488.6080910145222,396.6566551460589,1475.7820842961626,0
primary,E50-CONV100,100,876786005621288851,100,27,334.84119067269955,280.7355283518029,830.7579190301512,0
primary,E50-MT100,100,876786005621288851,100,0,,,,0
primary,E50-PC10,100,876786005621288851,10,2,4162.064672252109,4162.064672252109,2809.1462343478565,0
primary,E50-PC20,100,876786005621288851,20,4,2292.8626159250853,2504.692895648638,2669.181554726837,0
primary,E50-PC30,100,876786005621288851,30,6,1517.092991859118,1669.7952637452165,1838.3277033561271,0
primary,E50-PC40,100,876786005621288851,40,7,1306.8831935291944,1334.5907773981473,1539.354410147459,0
primary,E50-PC50,100,876786005621288851,50,12,831.9290154726323,857.8830733751845,1231.483528083124,0
primary,E50-PC60,100,876786005621288851,60,14,645.4800185724628,558.9640412107515,1026.2362734534001,0
primary,E50-PC80,100,876786005621288851,80,22,412.73737866812917,339.91614796638964,769.6772051670399,0
primary,E50-PC100,100,876786005621288851,100,27,334.8411909791598,280.73552864558536,830.7579198186405,0
primary,E50-CONV100,100,5865549906742908637,100,18,548.5444663800605,341.27575269350774,1391.2883654070838,0
primary,E50-MT100,100,5865549906742908637,100,0,,,,0
primary,E50-PC10,100,5865549906742908637,10,0,,,,0
primary,E50-PC20,100,5865549906742908637,20,5,1896.3540086867504,752.3892548393178,2669.565007707,0
primary,E50-PC30,100,5865549906742908637,30,9,1023.0836785548223,501.59283654210753,1779.710005111947,0
primary,E50-PC40,100,5865549906742908637,40,10,931.3659912953655,591.018396959517,2407.845082824726,0
primary,E50-PC50,100,5865549906742908637,50,10,745.0927930341394,472.8147175425162,1926.2760662322537,0
primary,E50-PC60,100,5865549906742908637,60,11,832.4178141525451,537.2281110367368,1691.4945083786981,0
primary,E50-PC80,100,5865549906742908637,80,12,717.2131187670889,426.59469122529293,1739.110458364473,0
primary,E50-PC100,100,5865549906742908637,100,18,548.5444668823941,341.27575307687243,1391.288366620026,0
primary,E50-CONV100,100,15633523601349685045,100,14,687.3256516270434,347.2707882593138,1608.9235245862596,0
primary,E50-MT100,100,15633523601349685045,100,0,,,,0
primary,E50-PC10,100,15633523601349685045,10,1,4981.930036067034,4981.930036067034,4981.930036067034,0
primary,E50-PC20,100,15633523601349685045,20,2,4923.663484917028,4923.663484917028,2490.9650179485,0
primary,E50-PC30,100,15633523601349685045,30,4,2404.66783398963,1758.2958828041974,1855.948420358566,0
primary,E50-PC40,100,15633523601349685045,40,5,1509.4975843485738,1245.4825088959894,1391.961315205314,0
primary,E50-PC50,100,15633523601349685045,50,5,1207.5980674855623,996.3860072485382,1113.5690520424653,0
primary,E50-PC60,100,15633523601349685045,60,6,1642.5205515128152,879.1479413624379,2452.1206507041434,0
primary,E50-PC80,100,15633523601349685045,80,9,1097.3855761834636,622.741254475019,2011.1544075494553,0
primary,E50-PC100,100,15633523601349685045,100,14,687.3256522749097,347.2707885874579,1608.923525994399,0
primary,E50-CONV100,100,14497997932990664800,100,13,755.9910069120468,590.1902580929552,1370.1099050400833,0
primary,E50-MT100,100,14497997932990664800,100,0,,,,0
primary,E50-PC10,100,14497997932990664800,10,0,,,,0
primary,E50-PC20,100,14497997932990664800,20,2,4684.718886863635,4684.718886863635,2430.3156463982027,0
primary,E50-PC30,100,14497997932990664800,30,4,2104.07136204502,1584.2576906364332,1620.2104307694606,0
primary,E50-PC40,100,14497997932990664800,40,5,1947.4977703365319,1215.157823066885,3425.2747658530584,0
primary,E50-PC50,100,14497997932990664800,50,7,1337.035998872669,972.1262585309917,2740.219812509722,0
primary,E50-PC60,100,14497997932990664800,60,8,1228.4183824082675,841.0019429731703,2283.516510564222,0
primary,E50-PC80,100,14497997932990664800,80,11,879.0779219782128,653.9240028234573,1712.637382861328,0
primary,E50-PC100,100,14497997932990664800,100,13,755.9910075983764,590.1902585943312,1370.1099062859882,0
primary,E50-CONV100,100,5634683829678867503,100,18,506.7160266116191,297.48656744229106,1296.8739323541781,0
primary,E50-MT100,100,5634683829678867503,100,0,,,,0
primary,E50-PC10,100,5634683829678867503,10,3,3129.9491626162635,2958.531527865581,2958.531527865581,0
primary,E50-PC20,100,5634683829678867503,20,4,2410.2314934371516,1634.835508530461,1790.4052531125335,0
primary,E50-PC30,100,5634683829678867503,30,9,953.4979282063713,950.1684844991671,1193.6035019516942,0
primary,E50-PC40,100,5634683829678867503,40,12,762.5252498560741,573.664111042757,2122.586369989216,0
primary,E50-PC50,100,5634683829678867503,50,13,762.6146358111467,570.1010906877049,1978.4008919286982,0
primary,E50-PC60,100,5634683829678867503,60,13,635.5121965220286,475.0842421845041,1648.667409997883,0
primary,E50-PC80,100,5634683829678867503,80,15,624.3954373270146,369.8164409733142,1621.092416837384,0
primary,E50-PC100,100,5634683829678867503,100,18,506.7160270780591,297.48656768732803,1296.8739335209334,0
primary,E50-CONV100,100,11032126464482234521,100,16,601.497927827927,553.7312568052171,947.5735518413005,0
primary,E50-MT100,100,11032126464482234521,100,0,,,,0
primary,E50-PC10,100,11032126464482234521,10,2,4014.883000754806,4014.883000754806,2800.789197850407,0
primary,E50-PC20,100,11032126464482234521,20,4,2193.2980394985007,2007.4415004496518,2614.48840189125,0
primary,E50-PC30,100,11032126464482234521,30,7,1398.193983169351,933.5963993734155,2741.694113299669,0
primary,E50-PC40,100,11032126464482234521,40,9,1049.2841474097054,943.3203502819184,2056.2705850301204,0
primary,E50-PC50,100,11032126464482234521,50,9,839.4273179574722,754.6562801999646,1645.0164680994453,0
primary,E50-PC60,100,11032126464482234521,60,11,888.3429148360974,628.8802336298138,1579.2892546279922,0
primary,E50-PC80,100,11032126464482234521,80,13,719.7219990599821,579.8592823308361,1184.4669409584676,0
primary,E50-PC100,100,11032126464482234521,100,16,601.4979284042982,553.7312573065386,947.5735526299085,0
primary,E50-CONV100,100,5708610443790281403,100,20,458.2226938123613,433.4971905774212,1044.078524882148,0
primary,E50-MT100,100,5708610443790281403,100,0,,,,0
primary,E50-PC10,100,5708610443790281403,10,2,4401.764855053589,4401.764855053589,788.9901963341318,0
primary,E50-PC20,100,5708610443790281403,20,5,1760.2572712145154,2062.24116164074,2291.2546358363566,0
primary,E50-PC30,100,5708610443790281403,30,7,1157.9189593955082,1374.827440978722,1887.6654981571025,0
primary,E50-PC40,100,5708610443790281403,40,8,1008.4357130147664,1088.3739493892367,1988.4111670684917,0
primary,E50-PC50,100,5708610443790281403,50,11,826.809363587936,824.8964646275076,1602.9079026140603,0
primary,E50-PC60,100,5708610443790281403,60,16,579.437647214487,400.8315414660018,1335.756585605349,0
primary,E50-PC80,100,5708610443790281403,80,19,513.0658535001593,515.5602905059111,1091.5925409999306,0
primary,E50-PC100,100,5708610443790281403,100,20,458.22269422869977,433.4971910364965,1044.078525847529,0
primary,E50-CONV100,100,4972874671198070758,100,19,518.0235317242732,468.6934739909562,1234.2282627092343,0
primary,E50-MT100,100,4972874671198070758,100,0,,,,0
primary,E50-PC10,100,4972874671198070758,10,2,3111.6614002769907,3111.6614002769907,1983.7441270281158,0
primary,E50-PC20,100,4972874671198070758,20,4,1368.4803309748015,1555.8307001497892,2119.789336782863,0
primary,E50-PC30,100,4972874671198070758,30,6,1372.3439533342973,1037.2204667541796,1562.3115814536898,0
primary,E50-PC40,100,4972874671198070758,40,8,1100.180966297776,1018.6037579701567,1648.587092790541,0
primary,E50-PC50,100,4972874671198070758,50,8,880.1447729945529,814.8830063635705,1318.8696741959368,0
primary,E50-PC60,100,4972874671198070758,60,9,1018.6288635932209,706.5964455792086,2057.047106425205,0
primary,E50-PC80,100,4972874671198070758,80,13,740.9402870358025,585.8668431156439,1542.7853299010953,0
primary,E50-PC100,100,4972874671198070758,100,19,518.0235322051856,468.6934743558543,1234.2282638485374,0
primary,E50-CONV100,100,15110839482730944980,100,6,1463.8905412930953,980.6203455609168,2137.167680809085,0
primary,E50-MT100,100,15110839482730944980,100,0,,,,0
primary,E50-PC10,100,15110839482730944980,10,1,8475.711888974718,8475.711888974718,8475.711888974718,0
primary,E50-PC20,100,15110839482730944980,20,2,2913.353837039938,2913.353837039938,1588.8517296549496,0
primary,E50-PC30,100,15110839482730944980,30,3,2532.234487651985,2825.2372963966245,2825.2372963966245,0
primary,E50-PC40,100,15110839482730944980,40,3,1899.1758657441883,2118.9279722711412,2118.9279722711412,0
primary,E50-PC50,100,15110839482730944980,50,3,1519.3406926233001,1695.1423778373808,1695.1423778373808,0
primary,E50-PC60,100,15110839482730944980,60,3,1266.1172438467968,1412.6186482238968,1412.6186482238968,0
primary,E50-PC80,100,15110839482730944980,80,4,1925.4227547477444,1225.775433179942,1392.086880106956,0
primary,E50-PC100,100,15110839482730944980,100,6,1463.8905426716974,980.6203464670737,2137.167682866768,0
primary,E50-CONV100,100,8623653743411919337,100,15,598.6217735863878,260.239462327303,1655.6398183000008,0
primary,E50-MT100,100,8623653743411919337,100,0,,,,0
primary,E50-PC10,100,8623653743411919337,10,4,2001.0792801347463,2173.8812443592897,2179.619180948376,0
primary,E50-PC20,100,8623653743411919337,20,6,1204.646936230196,1195.5034516067658,1558.115328127959,0
primary,E50-PC30,100,8623653743411919337,30,6,803.0979574832212,797.0023010548043,1038.7435521202667,0
primary,E50-PC40,100,8623653743411919337,40,8,1118.0624354791403,597.7517257473319,962.2628721675525,0
primary,E50-PC50,100,8623653743411919337,50,8,894.4499483818495,478.20138070730303,769.810297711447,0
primary,E50-PC60,100,8623653743411919337,60,12,735.7701851733551,378.43047861501407,2438.0863405377686,0
primary,E50-PC80,100,8623653743411919337,80,13,668.5754955509349,295.1933204729324,2069.549774857284,0
primary,E50-PC100,100,8623653743411919337,100,15,598.6217741434705,260.23946256980645,1655.639819775085,0
primary,E50-CONV100,100,1326031443968983885,100,26,382.37927758420005,276.4537214024766,693.2706945168223,0
primary,E50-MT100,100,1326031443968983885,100,0,,,,0
primary,E50-PC10,100,1326031443968983885,10,3,3320.8318077855197,3011.6445861436114,3011.6445861436114,0
primary,E50-PC20,100,1326031443968983885,20,6,1180.5392125683195,1037.7282134766594,1505.8222929838385,0
primary,E50-PC30,100,1326031443968983885,30,6,787.0261417019352,691.8188089585113,1003.8815288402329,0
primary,E50-PC40,100,1326031443968983885,40,6,590.2696062325629,518.8641066913756,752.9111464077575,0
primary,E50-PC50,100,1326031443968983885,50,10,956.5050191195788,415.09128543399436,1386.5413903383655,0
primary,E50-PC60,100,1326031443968983885,60,13,734.0262559984384,398.44200214962285,1155.4511585880964,0
primary,E50-PC80,100,1326031443968983885,80,20,496.977357887386,345.56715203300575,866.5883689890134,0
primary,E50-PC100,100,1326031443968983885,100,26,382.37927793783484,276.4537216442746,693.2706951092777,0
primary,E50-CONV100,100,8177548632312565564,100,18,549.0433809829439,277.0691908722208,1612.6023351846845,0
primary,E50-MT100,100,8177548632312565564,100,0,,,,0
primary,E50-PC10,100,8177548632312565564,10,1,9392.854155098476,9392.854155098476,9392.854155098476,0
primary,E50-PC20,100,8177548632312565564,20,3,1881.8606649845285,741.906608767963,741.906608767963,0
primary,E50-PC30,100,8177548632312565564,30,4,2284.7656130660016,1812.7778954628088,3130.9513850075464,0
primary,E50-PC40,100,8177548632312565564,40,6,1648.2547018282423,1517.6156857495203,2348.2135388321954,0
primary,E50-PC50,100,8177548632312565564,50,9,1079.8822923954067,1199.2406592932946,1878.5708309290035,0
primary,E50-PC60,100,8177548632312565564,60,9,899.9019103361874,999.3672161195932,1565.4756924123499,0
primary,E50-PC80,100,8177548632312565564,80,16,560.3545842187884,322.9538876248936,1439.7411787293117,0
primary,E50-PC100,100,8177548632312565564,100,18,549.0433814903797,277.06919113372174,1612.60233683658,0
primary,E50-CONV100,100,11117893399474783980,100,22,451.83620402043505,378.7368658745544,864.3883601114175,0
primary,E50-MT100,100,11117893399474783980,100,1,1483.951195428498,1483.951195428498,1483.951195428498,0
primary,E50-PC10,100,11117893399474783980,10,5,1256.6923545158088,325.37677306543713,607.2543841772836,0
primary,E50-PC20,100,11117893399474783980,20,8,833.4369084874162,301.2346840586461,2237.4245574252805,0
primary,E50-PC30,100,11117893399474783980,30,11,881.8271391184912,319.44695817014303,2376.148604944431,0
primary,E50-PC40,100,11117893399474783980,40,12,702.4675066755705,367.1670212964209,1782.1114537069311,0
primary,E50-PC50,100,11117893399474783980,50,14,642.0366403973004,455.9236194286864,1535.7036732092097,0
primary,E50-PC60,100,11117893399474783980,60,14,535.0305336362661,379.9363495219703,1279.7530610853837,0
primary,E50-PC80,100,11117893399474783980,80,19,522.4638863908593,387.48602615803793,1080.4854510115094,0
primary,E50-PC100,100,11117893399474783980,100,22,451.8362044361202,378.7368661507137,864.38836092801,0
primary,E50-CONV100,100,10081885022360105039,100,22,439.44879587079225,386.3830316097057,760.4016552923179,0
primary,E50-MT100,100,10081885022360105039,100,0,,,,0
primary,E50-PC10,100,10081885022360105039,10,2,4361.388748823376,4361.388748823376,1118.7609377361748,0
primary,E50-PC20,100,10081885022360105039,20,5,1863.8179557020437,1668.539492606164,1922.2515492333578,0
primary,E50-PC30,100,10081885022360105039,30,7,1247.811574309335,1112.3596616096813,2448.4409159309344,0
primary,E50-PC40,100,10081885022360105039,40,10,925.7001655715674,897.6977604646078,1836.3306869719258,0
primary,E50-PC50,100,10081885022360105039,50,11,800.0921138853395,768.900619565417,1469.06454957765,0
primary,E50-PC60,100,10081885022360105039,60,12,830.8201543093958,643.9717199558954,1267.33609323019,0
primary,E50-PC80,100,10081885022360105039,80,18,550.151294588969,448.8488802417586,1148.835581286591,0
primary,E50-PC100,100,10081885022360105039,100,22,439.448796265517,386.3830320280084,760.4016558341164,0
primary,E50-CONV100,100,4923552916831257795,100,17,570.4978249440467,377.6392836159085,1386.3539619890482,0
primary,E50-MT100,100,4923552916831257795,100,0,,,,0
primary,E50-PC10,100,4923552916831257795,10,0,,,,0
primary,E50-PC20,100,4923552916831257795,20,1,6222.627792165694,6222.627792165694,6222.627792165694,0
primary,E50-PC30,100,4923552916831257795,30,1,4148.418528208515,4148.418528208515,4148.418528208515,0
primary,E50-PC40,100,4923552916831257795,40,3,2790.3070179915303,3111.313895980001,3111.313895980001,0
primary,E50-PC50,100,4923552916831257795,50,5,1832.4520255092473,1883.182973744288,2489.0511169861534,0
primary,E50-PC60,100,4923552916831257795,60,8,1218.347546315093,1005.1892307186729,2074.2092641827726,0
primary,E50-PC80,100,4923552916831257795,80,15,663.1316951243649,472.04910509666036,1555.6569480596263,0
primary,E50-PC100,100,4923552916831257795,100,17,570.4978254799479,377.63928383821417,1386.3539633090845,0
primary,E50-CONV100,100,6572291145813621428,100,7,1350.3202204461516,1196.659507728484,2345.192546182088,0
primary,E50-MT100,100,6572291145813621428,100,0,,,,0
primary,E50-PC10,100,6572291145813621428,10,0,,,,0
primary,E50-PC20,100,6572291145813621428,20,1,7232.117899626828,7232.117899626828,7232.117899626828,0
primary,E50-PC30,100,6572291145813621428,30,1,4821.411933131577,4821.411933131577,4821.411933131577,0
primary,E50-PC40,100,6572291145813621428,40,1,3616.058949774544,3616.058949774544,3616.058949774544,0
primary,E50-PC50,100,6572291145813621428,50,3,3252.66676729814,2892.8471600144076,2892.8471600144076,0
primary,E50-PC60,100,6572291145813621428,60,5,1970.1298316258267,1058.6276190089754,2410.7059666715945,0
primary,E50-PC80,100,6572291145813621428,80,6,1480.6352091359774,1144.8975501843179,1808.0294749930779,0
primary,E50-PC100,100,6572291145813621428,100,7,1350.3202217017713,1196.6595089120697,2345.192548352245,0
primary,E50-CONV100,100,17112478889879003015,100,21,474.60644436361235,343.7124318648502,1240.0546960046224,0
primary,E50-MT100,100,17112478889879003015,100,0,,,,0
primary,E50-PC10,100,17112478889879003015,10,1,5664.71864025617,5664.71864025617,5664.71864025617,0
primary,E50-PC20,100,17112478889879003015,20,2,4908.350635715911,4908.350635715911,2832.3593201483222,0
primary,E50-PC30,100,17112478889879003015,30,3,3286.3081911586,3314.457059256646,3314.457059256646,0
primary,E50-PC40,100,17112478889879003015,40,3,2464.7311433606187,2485.842794489703,2485.842794489703,0
primary,E50-PC50,100,17112478889879003015,50,7,1398.5944475387241,1132.9437281491269,2175.7756271741664,0
primary,E50-PC60,100,17112478889879003015,60,8,1096.9160329452618,869.3559849116973,1813.1463559919277,0
primary,E50-PC80,100,17112478889879003015,80,13,768.0375830840502,595.9441472390298,1579.0507521233421,0
primary,E50-PC100,100,17112478889879003015,100,21,474.6064448067694,343.7124321110382,1240.0546971637118,0
primary,E50-CONV100,100,9839921138141735050,100,12,768.8459455726114,611.9848589755261,1872.36465053494,0
primary,E50-MT100,100,9839921138141735050,100,0,,,,0
primary,E50-PC10,100,9839921138141735050,10,3,3207.49206916655,3578.41079458331,3578.41079458331,0
primary,E50-PC20,100,9839921138141735050,20,4,1618.9890353266849,1726.9617174082555,1789.2053973371715,0
primary,E50-PC30,100,9839921138141735050,30,4,1079.326023579701,1151.307811619307,1192.803598183336,0
primary,E50-PC40,100,9839921138141735050,40,5,1583.7779403084849,894.6026986678463,1247.4064487976048,0
primary,E50-PC50,100,9839921138141735050,50,5,1267.0223521617884,715.6821588229666,997.9251589263044,0
primary,E50-PC60,100,9839921138141735050,60,7,1396.547303311828,831.6042992399326,3120.607753792394,0
primary,E50-PC80,100,9839921138141735050,80,10,999.0923430170428,764.981074446383,2340.4558155034606,0
primary,E50-PC100,100,9839921138141735050,100,12,768.8459462813034,611.9848594782156,1872.3646521583782,0
primary,E50-CONV100,100,76950829605806397,100,18,508.6720293356846,472.4963896744499,1231.2518011533448,0
primary,E50-MT100,100,76950829605806397,100,0,,,,0
primary,E50-PC10,100,76950829605806397,10,0,,,,0
primary,E50-PC20,100,76950829605806397,20,2,4336.984254544834,4336.984254544834,3222.8659085538925,0
primary,E50-PC30,100,76950829605806397,30,3,3295.606115709516,3634.068400325802,3634.068400325802,0
primary,E50-PC40,100,76950829605806397,40,6,1591.1470615057917,1409.8451294008046,2725.551300255527,0
primary,E50-PC50,100,76950829605806397,50,7,1222.9836588871217,966.6058435500436,2180.4410401846458,0
primary,E50-PC60,100,76950829605806397,60,8,1167.0492325966816,939.896752860171,2052.08633731961,0
primary,E50-PC80,100,76950829605806397,80,15,624.1010771031288,577.1123231361008,1539.0647528966128,0
primary,E50-PC100,100,76950829605806397,100,18,508.67202983265116,472.49639002376136,1231.2518024005326,0
primary,E50-CONV100,100,4559695916379544378,100,17,582.0951287039918,407.86889088132125,1489.3440045137386,0
primary,E50-MT100,100,4559695916379544378,100,0,,,,0
primary,E50-PC10,100,4559695916379544378,10,0,,,,0
primary,E50-PC20,100,4559695916379544378,20,1,7446.7200294841805,7446.7200294841805,7446.7200294841805,0
primary,E50-PC30,100,4559695916379544378,30,4,2382.905328096138,1940.386301380227,2832.2613717478807,0
primary,E50-PC40,100,4559695916379544378,40,4,1787.178996006965,1455.289725923729,2124.196028793495,0
primary,E50-PC50,100,4559695916379544378,50,7,1288.5717401343527,703.6038556511958,2412.6015500154144,0
primary,E50-PC60,100,4559695916379544378,60,8,1075.687746595802,837.5850174844704,2010.5012916546098,0
primary,E50-PC80,100,4559695916379544378,80,11,784.4858340858639,816.6251164666759,1507.8759686853898,0
primary,E50-PC100,100,4559695916379544378,100,17,582.0951292409636,407.8688912503472,1489.344005784948,0
primary,E50-CONV100,100,18018684830827566070,100,12,829.9052498051361,807.3759883439428,1569.9181229084093,0
primary,E50-MT100,100,18018684830827566070,100,0,,,,0
primary,E50-PC10,100,18018684830827566070,10,0,,,,0
primary,E50-PC20,100,18018684830827566070,20,2,4967.51553237705,4967.51553237705,2393.781176299704,0
primary,E50-PC30,100,18018684830827566070,30,2,3311.6770216347563,3311.6770216347563,1595.8541174631848,0
primary,E50-PC40,100,18018684830827566070,40,4,2245.5160217438197,2483.757766152945,3770.6249442407748,0
primary,E50-PC50,100,18018684830827566070,50,4,1796.4128174177658,1987.0062129737316,3016.4999554366636,0
primary,E50-PC60,100,18018684830827566070,60,5,1741.0459952291592,2513.749962983768,2616.5302073280595,0
primary,E50-PC80,100,18018684830827566070,80,8,1154.256588945259,1103.5858961017057,1962.397655459494,0
primary,E50-PC100,100,18018684830827566070,100,12,829.9052505661388,807.3759889810324,1569.91812436224,0
primary,E50-CONV100,100,11415035473929976970,100,23,381.26021155961223,182.83351166030386,809.632465383715,0
primary,E50-MT100,100,11415035473929976970,100,0,,,,0
primary,E50-PC10,100,11415035473929976970,10,8,1222.0479333501628,738.5440710221048,1876.1478980732763,0
primary,E50-PC20,100,11415035473929976970,20,13,720.5420809098856,436.6927454552419,1926.9304909499863,0
primary,E50-PC30,100,11415035473929976970,30,15,610.8907010859398,291.1284969891294,1284.9050094250695,0
primary,E50-PC40,100,11415035473929976970,40,16,535.2389766879324,310.7319590553657,1691.303239692615,0
primary,E50-PC50,100,11415035473929976970,50,16,428.1911813803589,248.58556719220476,1353.0425917784798,0
primary,E50-PC60,100,11415035473929976970,60,17,582.0100720968501,268.74503024628996,1349.3874435645457,0
primary,E50-PC80,100,11415035473929976970,80,20,476.66055595428486,222.6117336329778,1012.0405827737443,0
primary,E50-PC100,100,11415035473929976970,100,23,381.260211945742,182.8335118560724,809.6324661248755,0
primary,E50-CONV100,100,5972818461147421061,100,11,820.6061668758693,473.69917478518767,1761.6233689820585,0
primary,E50-MT100,100,5972818461147421061,100,0,,,,0
primary,E50-PC10,100,5972818461147421061,10,1,4609.639123227775,4609.639123227775,4609.639123227775,0
primary,E50-PC20,100,5972818461147421061,20,3,2892.425903824469,2304.8195615926443,2304.8195615926443,0
primary,E50-PC30,100,5972818461147421061,30,3,1928.2839358620404,1536.5463743573316,1536.5463743573316,0
primary,E50-PC40,100,5972818461147421061,40,4,2327.2227840064456,2132.1188451039025,3111.827909453968,0
primary,E50-PC50,100,5972818461147421061,50,5,1953.2388357057316,2319.0812693812145,2489.462327600496,0
primary,E50-PC60,100,5972818461147421061,60,7,1349.3571263448362,789.4986252468287,2074.551939600108,0
primary,E50-PC80,100,5972818461147421061,80,9,969.7449032071142,592.1239691922684,1555.9139545918756,0
primary,E50-PC100,100,5972818461147421061,100,11,820.6061676898804,473.6991753204724,1761.6233707332342,0
primary,E50-CONV100,100,11677511577610847452,100,15,623.4371217768006,622.8566605902276,1325.9508102780537,0
primary,E50-MT100,100,11677511577610847452,100,0,,,,0
primary,E50-PC10,100,11677511577610847452,10,2,4946.373317924234,4946.373317924234,2607.734506991164,0
primary,E50-PC20,100,11677511577610847452,20,2,2473.1866590449026,2473.1866590449026,1303.8672535812898,0
primary,E50-PC30,100,11677511577610847452,30,6,1662.7266199277933,1472.7168531530945,2428.3373761498774,0
primary,E50-PC40,100,11677511577610847452,40,7,1365.9764631222752,1557.1416529808223,2079.565451870996,0
primary,E50-PC50,100,11677511577610847452,50,10,995.0079749777645,883.6301119214967,1780.7148182150413,0
primary,E50-PC60,100,11677511577610847452,60,10,829.1733124956082,736.358426660746,1483.92901520442,0
primary,E50-PC80,100,11677511577610847452,80,14,695.0758151016082,552.2688198875956,1452.262987755491,0
primary,E50-PC100,100,11677511577610847452,100,15,623.437122377394,622.8566612644729,1325.9508116396532,0
primary,E50-CONV100,100,17891702655887131290,100,18,482.0238433580157,298.81294618452915,1020.5270344175152,0
primary,E50-MT100,100,17891702655887131290,100,0,,,,0
primary,E50-PC10,100,17891702655887131290,10,0,,,,0
primary,E50-PC20,100,17891702655887131290,20,3,2361.522177094387,1003.810533694496,1003.810533694496,0
primary,E50-PC30,100,17891702655887131290,30,5,1794.0441162673837,1149.247819025139,3097.9284078891083,0
primary,E50-PC40,100,17891702655887131290,40,6,1394.5045341765617,1250.6488167332209,2323.4463060094176,0
primary,E50-PC50,100,17891702655887131290,50,7,1400.9755414538297,1311.4894153071004,2041.05407080074,0
primary,E50-PC60,100,17891702655887131290,60,8,1224.772434796074,1320.9360250216016,1700.8783923899236,0
primary,E50-PC80,100,17891702655887131290,80,14,692.6723057981101,568.4327594066601,1275.658794195801,0
primary,E50-PC100,100,17891702655887131290,100,18,482.0238437759018,298.8129464590419,1020.5270354995819,0
primary,E50-CONV100,200,7695027954463196593,200,11,787.9044849551786,582.7696938701106,1595.3872915705135,0
primary,E50-MT100,200,7695027954463196593,200,0,,,,0
primary,E50-PC10,200,7695027954463196593,20,1,930.5262906627975,930.5262906627975,930.5262906627975,0
primary,E50-PC20,200,7695027954463196593,40,2,3964.093755821464,3964.093755821464,465.26314534865315,0
primary,E50-PC30,200,7695027954463196593,60,2,2642.729170581537,2642.729170581537,310.1754302835039,0
primary,E50-PC40,200,7695027954463196593,80,4,2401.1064248232265,2446.428823232104,3731.4621831659474,0
primary,E50-PC50,200,7695027954463196593,100,5,1676.0781013348255,929.1163705733501,2985.169746562854,0
primary,E50-PC60,200,7695027954463196593,120,6,1462.2454051015402,1282.0386586007037,2487.6414554774046,0
primary,E50-PC80,200,7695027954463196593,160,9,1025.1411461053403,580.6977316442461,1994.2341627179323,0
primary,E50-PC100,200,7695027954463196593,200,11,787.9045040418739,582.7697079277874,1595.3873301659908,0
primary,E50-CONV100,200,8525591707662220640,200,15,612.7777301418282,430.32606196669667,1921.6329909691556,0
primary,E50-MT100,200,8525591707662220640,200,0,,,,0
primary,E50-PC10,200,8525591707662220640,20,2,2702.9237727778054,2702.9237727778054,1558.478837282828,0
primary,E50-PC20,200,8525591707662220640,40,2,1351.4618864367455,1351.4618864367455,779.2394187089081,0
primary,E50-PC30,200,8525591707662220640,60,5,1802.8116412888062,519.4929458035646,1282.45623615984,0
primary,E50-PC40,200,8525591707662220640,80,7,1380.658805530029,961.8421771386742,1756.635189637231,0
primary,E50-PC50,200,8525591707662220640,100,8,1164.645637370547,843.7099884722736,1585.4757881051228,0
primary,E50-PC60,200,8525591707662220640,120,11,855.6093481388335,717.2101206703627,1321.2298234860673,0
primary,E50-PC80,200,8525591707662220640,160,14,708.8245762976476,509.4143395167498,2402.0412969468007,0
primary,E50-PC100,200,8525591707662220640,200,15,612.7777449862906,430.3260723962781,1921.6330375502678,0
primary,E50-CONV100,200,12108552042459345255,200,14,654.2332057835894,429.3032988617445,1641.2039298503728,0
primary,E50-MT100,200,12108552042459345255,200,0,,,,0
primary,E50-PC10,200,12108552042459345255,20,0,,,,0
primary,E50-PC20,200,12108552042459345255,40,2,4582.347016683791,4582.347016683791,958.6741854223461,0
primary,E50-PC30,200,12108552042459345255,60,2,3054.898011132156,3054.898011132156,639.1161235976226,0
primary,E50-PC40,200,12108552042459345255,80,4,2329.051443798909,2291.173508366772,4103.009923990774,0
primary,E50-PC50,200,12108552042459345255,100,6,1411.2973025095416,589.1821373380388,3282.4079391666055,0
primary,E50-PC60,200,12108552042459345255,120,7,1377.2159841190485,662.4121671266861,2735.339949277885,0
primary,E50-PC80,200,12108552042459345255,160,12,832.4482283324771,511.0864830873147,2051.504961985813,0
primary,E50-PC100,200,12108552042459345255,200,14,654.2332216336777,429.30330925546355,1641.2039696280558,0
primary,E50-CONV100,200,16218162384852915827,200,25,389.85964612345566,243.51887233431648,966.226949369096,0
primary,E50-MT100,200,16218162384852915827,200,1,6904.817223552849,6904.817223552849,6904.817223552849,0
primary,E50-PC10,200,16218162384852915827,20,3,1456.5534671572461,1704.688505265444,1704.688505265444,0
primary,E50-PC20,200,16218162384852915827,40,5,1508.4162749879365,1159.8655128942246,1220.948951459085,0
primary,E50-PC30,200,16218162384852915827,60,9,1014.845549727272,773.2436752731332,2151.0192368236812,0
primary,E50-PC40,200,16218162384852915827,80,10,753.4011000743724,595.2036161097508,1613.2644275888338,0
primary,E50-PC50,200,16218162384852915827,100,12,742.3602084936872,476.16289287149186,1654.5208890687416,0
primary,E50-PC60,200,16218162384852915827,120,15,648.8570392920417,405.8647970938333,1610.3782879273663,0
primary,E50-PC80,200,16218162384852915827,160,18,546.3789619248811,304.8179178622529,1658.152519435037,0
primary,E50-PC100,200,16218162384852915827,200,25,389.85965555204285,243.5188781580316,966.2269727132579,0
primary,E50-CONV100,200,3678478102310266571,200,18,488.6080905290503,396.6566547097817,1475.7820827938442,0
primary,E50-MT100,200,3678478102310266571,200,0,,,,0
primary,E50-PC10,200,3678478102310266571,20,1,2360.351997179829,2360.351997179829,2360.351997179829,0
primary,E50-PC20,200,3678478102310266571,40,2,4279.543295590586,4279.543295590586,1180.1759985433455,0
primary,E50-PC30,200,3678478102310266571,60,8,1126.5103445551808,493.8402303771127,2047.2498541089649,0
primary,E50-PC40,200,3678478102310266571,80,9,1027.931304160227,443.0970897426704,2492.3196702247055,0
primary,E50-PC50,200,3678478102310266571,100,13,737.3243240859925,354.4776718258566,1993.8557362467502,0
primary,E50-PC60,200,3678478102310266571,120,14,623.9101257027736,344.3950297254673,1661.546446793944,0
primary,E50-PC80,200,3678478102310266571,160,17,574.8609919148355,438.29310509788735,1844.727648187208,0
primary,E50-PC100,200,3678478102310266571,200,18,488.6081023704219,396.65666433555486,1475.782118565119,0
primary,E50-CONV100,200,876786005621288851,200,27,334.84119067269955,280.7355283518029,830.7579190301512,0
primary,E50-MT100,200,876786005621288851,200,0,,,,0
primary,E50-PC10,200,876786005621288851,20,2,4162.064769111842,4162.064769111842,2809.146299661616,0
primary,E50-PC20,200,876786005621288851,40,4,2292.8626692411235,2504.6929539196776,2669.18161678179,0
primary,E50-PC30,200,876786005621288851,60,6,1517.0930271816917,1669.7953025772808,1838.3277461580292,0
primary,E50-PC40,200,876786005621288851,80,7,1306.8832239705503,1334.5908083797376,1539.3544460801197,0
primary,E50-PC50,200,876786005621288851,100,12,831.9290348271936,857.8830933493314,1231.483556847607,0
primary,E50-PC60,200,876786005621288851,120,14,645.4800336208812,558.9640542251472,1026.2362973473253,0
primary,E50-PC80,200,876786005621288851,160,22,412.7373882695771,339.9161558806792,769.677222995711,0
primary,E50-PC100,200,876786005621288851,200,27,334.8411987820868,280.7355351819687,830.7579391612305,0
primary,E50-CONV100,200,5865549906742908637,200,18,548.5444663800605,341.27575269350774,1391.2883654070838,0
primary,E50-MT100,200,5865549906742908637,200,0,,,,0
primary,E50-PC10,200,5865549906742908637,20,0,,,,0
primary,E50-PC20,200,5865549906742908637,40,5,1896.3540528213282,752.3892723572452,2669.565069770881,0
primary,E50-PC30,200,5865549906742908637,60,9,1023.0837024059364,501.59284831249863,1779.7100465490496,0
primary,E50-PC40,200,5865549906742908637,80,10,931.3660130171289,591.0184107661228,2407.845138886738,0
primary,E50-PC50,200,5865549906742908637,100,10,745.0928104005374,472.81472859697806,1926.2761110818633,0
primary,E50-PC60,200,5865549906742908637,120,11,832.4178335588116,537.2281235450534,1691.4945477618737,0
primary,E50-PC80,200,5865549906742908637,160,12,717.2131354736558,426.59470115772456,1739.1104989480666,0
primary,E50-PC100,200,5865549906742908637,200,18,548.5444796643872,341.27576097693134,1391.2883991052554,0
primary,E50-CONV100,200,15633523601349685045,200,14,687.3256516270434,347.2707882593138,1608.9235245862596,0
primary,E50-MT100,200,15633523601349685045,200,0,,,,0
primary,E50-PC10,200,15633523601349685045,20,1,4981.930152153404,4981.930152153404,4981.930152153404,0
primary,E50-PC20,200,15633523601349685045,40,2,4923.663599555001,4923.663599555001,2490.9650760375716,0
primary,E50-PC30,200,15633523601349685045,60,4,2404.6678899776657,1758.2959237427135,1855.9484634789596,0
primary,E50-PC40,200,15633523601349685045,80,5,1509.4976194943033,1245.4825379864117,1391.9613476144386,0
primary,E50-PC50,200,15633523601349685045,100,5,1207.5980956021458,996.3860304474578,1113.569078061538,0
primary,E50-PC60,200,15633523601349685045,120,6,1642.5205897710223,879.1479618775825,2452.120707705253,0
primary,E50-PC80,200,15633523601349685045,160,9,1097.3856017441594,622.7412689743436,2011.1544544670658,0
primary,E50-PC100,200,15633523601349685045,200,14,687.3256682845123,347.27079667298597,1608.9235635468417,0
primary,E50-CONV100,200,14497997932990664800,200,13,755.9910069120468,590.1902580929552,1370.1099050400833,0
primary,E50-MT100,200,14497997932990664800,200,0,,,,0
primary,E50-PC10,200,14497997932990664800,20,0,,,,0
primary,E50-PC20,200,14497997932990664800,40,2,4684.718995938247,4684.718995938247,2430.3157028916253,0
primary,E50-PC30,200,14497997932990664800,60,4,2104.071411034249,1584.2577275228068,1620.210468584697,0
primary,E50-PC40,200,14497997932990664800,80,5,1947.4978156986024,1215.1578514512555,3425.2748455121787,0
primary,E50-PC50,200,14497997932990664800,100,7,1337.0360300160746,972.1262811650698,2740.2198764022087,0
primary,E50-PC60,200,14497997932990664800,120,8,1228.418411021083,841.001962600159,2283.5165637314835,0
primary,E50-PC80,200,14497997932990664800,160,11,879.0779424541836,653.9240181405847,1712.6374227367744,0
primary,E50-PC100,200,14497997932990664800,200,13,755.9910252142827,590.1902723357689,1370.1099381863453,0
primary,E50-CONV100,200,5634683829678867503,200,18,506.7160266116191,297.48656744229106,1296.8739323541781,0
primary,E50-MT100,200,5634683829678867503,200,0,,,,0
primary,E50-PC10,200,5634683829678867503,20,3,3129.9492354604804,2958.5315966574885,2958.5315966574885,0
primary,E50-PC20,200,5634683829678867503,40,4,2410.2315495547264,1634.8355465944414,1790.405294798654,0
primary,E50-PC30,200,5634683829678867503,60,9,953.4979504169219,950.1685067137738,1193.6035298342142,0
primary,E50-PC40,200,5634683829678867503,80,12,762.5252676176463,573.6641244911882,2122.586419409531,0
primary,E50-PC50,200,5634683829678867503,100,13,762.6146535883307,570.1011040531781,1978.4009379919335,0
primary,E50-PC60,200,5634683829678867503,120,13,635.5122113257594,475.08425333769384,1648.6674483839124,0
primary,E50-PC80,200,5634683829678867503,160,15,624.3954518954447,369.81644958377416,1621.092454673156,0
primary,E50-PC100,200,5634683829678867503,200,18,506.71603888615795,297.4865746596133,1296.8739637161327,0
primary,E50-CONV100,200,11032126464482234521,200,16,601.497927827927,553.7312568052171,947.5735518413005,0
primary,E50-MT100,200,11032126464482234521,200,0,,,,0
primary,E50-PC10,200,11032126464482234521,20,2,4014.8830941876986,4014.8830941876986,2800.7892630613624,0
primary,E50-PC20,200,11032126464482234521,40,4,2193.298090542257,2007.4415470972685,2614.4884626727785,0
primary,E50-PC30,200,11032126464482234521,60,7,1398.1940157367019,933.5964210186277,2741.694177226482,0
primary,E50-PC40,200,11032126464482234521,80,9,1049.2841718504526,943.3203723370796,2056.2706329064004,0
primary,E50-PC50,200,11032126464482234521,100,9,839.4273374611245,754.6562977706753,1645.0165063086968,0
primary,E50-PC60,200,11032126464482234521,120,11,888.3429354610417,628.8802481802999,1579.2892913069127,0
primary,E50-PC80,200,11032126464482234521,160,13,719.7220157820184,579.8592957399643,1184.4669685364875,0
primary,E50-PC100,200,11032126464482234521,200,16,601.4979424032774,553.7312701990991,947.5735747840973,0
primary,E50-CONV100,200,5708610443790281403,200,20,458.2226938123613,433.4971905774212,1044.078524882148,0
primary,E50-MT100,200,5708610443790281403,200,0,,,,0
primary,E50-PC10,200,5708610443790281403,20,2,4401.764957540163,4401.764957540163,788.9902146124685,0
primary,E50-PC20,200,5708610443790281403,40,5,1760.2573121803443,2062.241209656034,2291.254689092013,0
primary,E50-PC30,200,5708610443790281403,60,7,1157.9189863816307,1374.8274730806907,1887.6655421995126,0
primary,E50-PC40,200,5708610443790281403,80,8,1008.4357364712968,1088.3739747299173,1988.4112132730243,0
primary,E50-PC50,200,5708610443790281403,100,11,826.8093829053355,824.8964839253979,1602.907940026441,0
primary,E50-PC60,200,5708610443790281403,120,16,579.4376607399859,400.8315507985884,1335.7566167058555,0
primary,E50-PC80,200,5708610443790281403,160,19,513.0658654555648,515.5603024179617,1091.5925665073228,0
primary,E50-PC100,200,5708610443790281403,200,20,458.2227048929396,433.4972010837531,1044.0785501568764,0
primary,E50-CONV100,200,4972874671198070758,200,19,518.0235317242732,468.6934739909562,1234.2282627092343,0
primary,E50-MT100,200,4972874671198070758,200,0,,,,0
primary,E50-PC10,200,4972874671198070758,20,2,3111.661472680117,3111.661472680117,1983.744173215758,0
primary,E50-PC20,200,4972874671198070758,40,4,1368.4803628601603,1555.8307363742954,2119.7893861380544,0
primary,E50-PC30,200,4972874671198070758,60,6,1372.3439852713743,1037.2204909038505,1562.311617829091,0
primary,E50-PC40,200,4972874671198070758,80,8,1100.180991890417,1018.6037816404872,1648.5871310829275,0
primary,E50-PC50,200,4972874671198070758,100,8,880.1447934755487,814.8830252906575,1318.8697048114916,0
primary,E50-PC60,200,4972874671198070758,120,9,1018.6288873304162,706.5964620309392,2057.0471543195654,0
primary,E50-PC80,200,4972874671198070758,160,13,740.9403042871629,585.8668566646464,1542.7853658218653,0
primary,E50-PC100,200,4972874671198070758,200,19,518.0235442663608,468.6934852684746,1234.2282925851534,0
primary,E50-CONV100,200,15110839482730944980,200,6,1463.8905412930953,980.6203455609168,2137.167680809085,0
primary,E50-MT100,200,15110839482730944980,200,0,,,,0
primary,E50-PC10,200,15110839482730944980,20,1,8475.712086315263,8475.712086315263,8475.712086315263,0
primary,E50-PC20,200,15110839482730944980,40,2,2913.353904917629,2913.353904917629,1588.8517666482867,0
primary,E50-PC30,200,15110839482730944980,60,3,2532.2345466407546,2825.237362176806,2825.237362176806,0
primary,E50-PC40,200,15110839482730944980,80,3,1899.175909962822,2118.9280216062775,2118.9280216062775,0
primary,E50-PC50,200,15110839482730944980,100,3,1519.3407279676164,1695.1424173054897,1695.1424173054897,0
primary,E50-PC60,200,15110839482730944980,120,3,1266.1172733258861,1412.6186811139876,1412.6186811139876,0
primary,E50-PC80,200,15110839482730944980,160,4,1925.4227995545432,1225.775461673864,1392.0869125190043,0
primary,E50-PC100,200,15110839482730944980,200,6,1463.8905767555552,980.6203692989204,2137.1677325348073,0
primary,E50-CONV100,200,8623653743411919337,200,15,598.6217735863878,260.239462327303,1655.6398183000008,0
primary,E50-MT100,200,8623653743411919337,200,0,,,,0
primary,E50-PC10,200,8623653743411919337,20,4,2001.079326748947,2173.8812949739063,2179.61923169659,0
primary,E50-PC20,200,8623653743411919337,40,6,1204.6469642933635,1195.503479487636,1558.1153643138857,0
primary,E50-PC30,200,8623653743411919337,60,6,803.0979761970981,797.0023196573466,1038.7435762136267,0
primary,E50-PC40,200,8623653743411919337,80,8,1118.0624615225313,597.7517397565965,962.2628945719808,0
primary,E50-PC50,200,8623653743411919337,100,8,894.4499692418,478.2013918412965,769.8103157267625,0
primary,E50-PC60,200,8623653743411919337,120,12,735.7702023502261,378.43048751780805,2438.0863973956625,0
primary,E50-PC80,200,8623653743411919337,160,13,668.5755110962428,295.1933273459374,2069.5498230427443,0
primary,E50-PC100,200,8623653743411919337,200,15,598.6217880873379,260.23946862897856,1655.6398584152262,0
primary,E50-CONV100,200,1326031443968983885,200,26,382.37927758420005,276.4537214024766,693.2706945168223,0
primary,E50-MT100,200,1326031443968983885,200,0,,,,0
primary,E50-PC10,200,1326031443968983885,20,3,3320.83188510466,3011.6446563556988,3011.6446563556988,0
primary,E50-PC20,200,1326031443968983885,40,6,1180.5392400701853,1037.7282376381522,1505.8223281357684,0
primary,E50-PC30,200,1326031443968983885,60,6,787.0261600416111,691.8188251120596,1003.8815521218984,0
primary,E50-PC40,200,1326031443968983885,80,6,590.2696200217346,518.8641188180084,752.911164029609,0
primary,E50-PC50,200,1326031443968983885,100,10,956.5050414174787,415.09129509859144,1386.541422621298,0
primary,E50-PC60,200,1326031443968983885,120,13,734.0262731170568,398.44201142657363,1155.45118549054,0
primary,E50-PC80,200,1326031443968983885,160,20,496.97736946313046,345.567160078868,866.5883890740733,0
primary,E50-PC100,200,1326031443968983885,200,26,382.3792868443259,276.4537281268508,693.2707113425166,0
primary,E50-CONV100,200,8177548632312565564,200,18,549.0433809829439,277.0691908722208,1612.6023351846845,0
primary,E50-MT100,200,8177548632312565564,200,0,,,,0
primary,E50-PC10,200,8177548632312565564,20,1,9392.854373884677,9392.854373884677,9392.854373884677,0
primary,E50-PC20,200,8177548632312565564,40,3,1881.8607088000115,741.9066260418224,741.9066260418224,0
primary,E50-PC30,200,8177548632312565564,60,4,2284.76566621646,1812.7779376239469,3130.951457905689,0
primary,E50-PC40,200,8177548632312565564,80,6,1648.2547401434808,1517.615721084264,2348.2135934140297,0
primary,E50-PC50,200,8177548632312565564,100,9,1079.8823175689665,1199.240687215292,1878.5708747596618,0
primary,E50-PC60,200,8177548632312565564,120,9,899.9019313090554,999.3672393879244,1565.4757289531938,0
primary,E50-PC80,200,8177548632312565564,160,16,560.3545972885034,322.95389519013617,1439.7412122508981,0
primary,E50-PC100,200,8177548632312565564,200,18,549.043394273792,277.0691975847416,1612.6023742911311,0
primary,E50-CONV100,200,11117893399474783980,200,22,451.83620402043505,378.7368658745544,864.3883601114175,0
primary,E50-MT100,200,11117893399474783980,200,1,2967.902390785122,2967.902390785122,2967.902390785122,0
primary,E50-PC10,200,11117893399474783980,20,5,1256.692383757103,325.37678064120547,607.2543982242537,0
primary,E50-PC20,200,11117893399474783980,40,8,833.4369278579666,301.2346910264262,2237.4246094276077,0
primary,E50-PC30,200,11117893399474783980,60,11,881.8271596668152,319.4469656996199,2376.1486602684517,0
primary,E50-PC40,200,11117893399474783980,80,12,702.467523046462,367.1670298910807,1782.1114951999468,0
primary,E50-PC50,200,11117893399474783980,100,14,642.0366553524359,455.9236300898717,1535.7037089650971,0
primary,E50-PC60,200,11117893399474783980,120,14,535.0305461261925,379.9363583680528,1279.7530908819565,0
primary,E50-PC80,200,11117893399474783980,160,19,522.4638985457593,387.4860351799,1080.4854762602947,0
primary,E50-PC100,200,11117893399474783980,200,22,451.83621495625164,378.73687506064135,864.3883810536198,0
primary,E50-CONV100,200,10081885022360105039,200,22,439.44879587079225,386.3830316097057,760.4016552923179,0
primary,E50-MT100,200,10081885022360105039,200,0,,,,0
primary,E50-PC10,200,10081885022360105039,20,2,4361.388850415758,4361.388850415758,1118.7609637843577,0
primary,E50-PC20,200,10081885022360105039,40,5,1863.817999060728,1668.5395313631034,1922.2515939892644,0
primary,E50-PC30,200,10081885022360105039,60,7,1247.811603362212,1112.3596876005956,2448.440972938142,0
primary,E50-PC40,200,10081885022360105039,80,10,925.7001871247039,897.6977813657625,1836.3307297273313,0
primary,E50-PC50,200,10081885022360105039,100,11,800.0921325389646,768.9006375595523,1469.0645837819743,0
primary,E50-PC60,200,10081885022360105039,120,12,830.820173653435,643.971734903644,1267.3361228294307,0
primary,E50-PC80,200,10081885022360105039,160,18,550.1513073930785,448.8488906923359,1148.8356079432308,0
primary,E50-PC100,200,10081885022360105039,200,22,439.44880651391753,386.383040978303,760.4016736303698,0
primary,E50-CONV100,200,4923552916831257795,200,17,570.4978249440467,377.6392836159085,1386.3539619890482,0
primary,E50-MT100,200,4923552916831257795,200,0,,,,0
primary,E50-PC10,200,4923552916831257795,20,0,,,,0
primary,E50-PC20,200,4923552916831257795,40,1,6222.627937047538,6222.627937047538,6222.627937047538,0
primary,E50-PC30,200,4923552916831257795,60,1,4148.418624796411,4148.418624796411,4148.418624796411,0
primary,E50-PC40,200,4923552916831257795,80,3,2790.3070830196098,3111.3139685126953,3111.3139685126953,0
primary,E50-PC50,200,4923552916831257795,100,5,1832.452068119282,1883.1830175905584,2489.051174847118,0
primary,E50-PC60,200,4923552916831257795,120,8,1218.347574636071,1005.189254076672,2074.2093123849477,0
primary,E50-PC80,200,4923552916831257795,160,15,663.131710533512,472.04911599563724,1555.6569841883145,0
primary,E50-PC100,200,4923552916831257795,200,17,570.4978387628855,377.63929272258673,1386.3539955876531,0
primary,E50-CONV100,200,6572291145813621428,200,7,1350.3202204461516,1196.659507728484,2345.192546182088,0
primary,E50-MT100,200,6572291145813621428,200,0,,,,0
primary,E50-PC10,200,6572291145813621428,20,0,,,,0
primary,E50-PC20,200,6572291145813621428,40,1,7232.118068104468,7232.118068104468,7232.118068104468,0
primary,E50-PC30,200,6572291145813621428,60,1,4821.412045480594,4821.412045480594,4821.412045480594,0
primary,E50-PC40,200,6572291145813621428,80,1,3616.0590340592503,3616.0590340592503,3616.0590340592503,0
primary,E50-PC50,200,6572291145813621428,100,3,3252.6668429384163,2892.8472272769814,2892.8472272769814,0
primary,E50-PC60,200,6572291145813621428,120,5,1970.1298774597772,1058.6276436570704,2410.7060227084435,0
primary,E50-PC80,200,6572291145813621428,160,6,1480.6352435638157,1144.8975767951547,1808.0295169977717,0
primary,E50-PC100,200,6572291145813621428,200,7,1350.3202531675847,1196.65953677397,2345.192602955514,0
primary,E50-CONV100,200,17112478889879003015,200,21,474.60644436361235,343.7124318648502,1240.0546960046224,0
primary,E50-MT100,200,17112478889879003015,200,0,,,,0
primary,E50-PC10,200,17112478889879003015,20,1,5664.718772239951,5664.718772239951,5664.718772239951,0
primary,E50-PC20,200,17112478889879003015,40,2,4908.350749951469,4908.350749951469,2832.3593860943265,0
primary,E50-PC30,200,17112478889879003015,60,3,3286.3082677351067,3314.457136519136,3314.457136519136,0
primary,E50-PC40,200,17112478889879003015,80,3,2464.7312008388853,2485.8428524595133,2485.8428524595133,0
primary,E50-PC50,200,17112478889879003015,100,7,1398.5944800891782,1132.9437544357559,2175.775677924663,0
primary,E50-PC60,200,17112478889879003015,120,8,1096.9160584618853,869.3560051070822,1813.1463982993039,0
primary,E50-PC80,200,17112478889879003015,160,13,768.0376009310215,595.9441611144358,1579.0507887967096,0
primary,E50-PC100,200,17112478889879003015,200,21,474.6064558570618,343.7124402054897,1240.0547260359851,0
primary,E50-CONV100,200,9839921138141735050,200,12,768.8459455726114,611.9848589755261,1872.36465053494,0
primary,E50-MT100,200,9839921138141735050,200,0,,,,0
primary,E50-PC10,200,9839921138141735050,20,3,3207.4921438773854,3578.4108779914513,3578.4108779914513,0
primary,E50-PC20,200,9839921138141735050,40,4,1618.989073021711,1726.9617576172163,1789.205438995356,0
primary,E50-PC30,200,9839921138141735050,60,4,1079.3260486408888,1151.3078383793943,1192.8036259554588,0
primary,E50-PC40,200,9839921138141735050,80,5,1583.7779771469793,894.6027194969384,1247.4064778410493,0
primary,E50-PC50,200,9839921138141735050,100,5,1267.0223816986604,715.6821755780131,997.9251822528329,0
primary,E50-PC60,200,9839921138141735050,120,7,1396.5473358146185,831.6043186022291,3120.607826449705,0
primary,E50-PC80,200,9839921138141735050,160,10,999.0923662789742,764.9810922116002,2340.455869904671,0
primary,E50-PC100,200,9839921138141735050,200,12,768.8459641747454,611.9848737270986,1872.364695844538,0
primary,E50-CONV100,200,76950829605806397,200,18,508.6720293356846,472.4963896744499,1231.2518011533448,0
primary,E50-MT100,200,76950829605806397,200,0,,,,0
primary,E50-PC10,200,76950829605806397,20,0,,,,0
primary,E50-PC20,200,76950829605806397,40,2,4336.984355431344,4336.984355431344,3222.865983500314,0
primary,E50-PC30,200,76950829605806397,60,3,3295.6061924107344,3634.0684849380505,3634.0684849380505,0
primary,E50-PC40,200,76950829605806397,80,6,1591.1470985372755,1409.8451621804331,2725.5513637147133,0
primary,E50-PC50,200,76950829605806397,100,7,1222.9836873488184,966.6058660555896,2180.4410910437673,0
primary,E50-PC60,200,76950829605806397,120,8,1167.0492597576924,939.8967747438476,2052.0863850066953,0
primary,E50-PC80,200,76950829605806397,160,15,624.1010916096415,577.1123364812713,1539.0647887307566,0
primary,E50-PC100,200,76950829605806397,200,18,508.6720416557008,472.49640107081166,1231.2518309760746,0
primary,E50-CONV100,200,4559695916379544378,200,17,582.0951287039918,407.86889088132125,1489.3440045137386,0
primary,E50-MT100,200,4559695916379544378,200,0,,,,0
primary,E50-PC10,200,4559695916379544378,20,0,,,,0
primary,E50-PC20,200,4559695916379544378,40,1,7446.720202958415,7446.720202958415,7446.720202958415,0
primary,E50-PC30,200,4559695916379544378,60,4,2382.905383554533,1940.386346558366,2832.2614376916044,0
primary,E50-PC40,200,4559695916379544378,80,4,1787.1790376409117,1455.2897598532195,2124.1960782512874,0
primary,E50-PC50,200,4559695916379544378,100,7,1288.571770123141,703.6038720332496,2412.6016062799445,0
primary,E50-PC60,200,4559695916379544378,120,8,1075.687771641109,837.5850369860163,2010.5013385570135,0
primary,E50-PC80,200,4559695916379544378,160,11,784.485852367784,816.6251353884383,1507.8760038851358,0
primary,E50-PC100,200,4559695916379544378,200,17,582.0951427993205,407.86890083855764,1489.344040553213,0
primary,E50-CONV100,200,18018684830827566070,200,12,829.9052498051361,807.3759883439428,1569.9181229084093,0
primary,E50-MT100,200,18018684830827566070,200,0,,,,0
primary,E50-PC10,200,18018684830827566070,20,0,,,,0
primary,E50-PC20,200,18018684830827566070,40,2,4967.515647990147,4967.515647990147,2393.7812319424925,0
primary,E50-PC30,200,18018684830827566070,60,2,3311.6770986948595,3311.6770986948595,1595.8541546195588,0
primary,E50-PC40,200,18018684830827566070,80,4,2245.5160740492565,2483.7578240283233,3770.625032032478,0
primary,E50-PC50,200,18018684830827566070,100,4,1796.4128592667043,1987.0062592373254,3016.5000256700264,0
primary,E50-PC60,200,18018684830827566070,120,5,1741.0460357660452,2513.7500214197976,2616.530268248901,0
primary,E50-PC80,200,18018684830827566070,160,8,1154.2566157969463,1103.5859217506807,1962.397701150125,0
primary,E50-PC100,200,18018684830827566070,200,12,829.9052698965239,807.3760078709922,1569.9181609147447,0
primary,E50-CONV100,200,11415035473929976970,200,23,381.26021155961223,182.83351166030386,809.632465383715,0
primary,E50-MT100,200,11415035473929976970,200,0,,,,0
primary,E50-PC10,200,11415035473929976970,20,8,1222.0479617687688,738.5440882635605,1876.1479416639756,0
primary,E50-PC20,200,11415035473929976970,40,13,720.542097714551,436.69275562278716,1926.9305358148329,0
primary,E50-PC30,200,11415035473929976970,60,15,610.8907153093472,291.1285038592658,1284.9050393415955,0
primary,E50-PC40,200,11415035473929976970,80,16,535.238989149936,310.73196629015786,1691.303279071337,0
primary,E50-PC50,200,11415035473929976970,100,16,428.1911913212827,248.5855729800385,1353.0426232814575,0
primary,E50-PC60,200,11415035473929976970,120,17,582.0100856208361,268.745036411725,1349.3874748906476,0
primary,E50-PC80,200,11415035473929976970,160,20,476.66056704322597,222.6117387701747,1012.0406062453775,0
primary,E50-PC100,200,11415035473929976970,200,23,381.2602208026974,182.83351611299682,809.6324849756003,0
primary,E50-CONV100,200,5972818461147421061,200,11,820.6061668758693,473.69917478518767,1761.6233689820585,0
primary,E50-MT100,200,5972818461147421061,200,0,,,,0
primary,E50-PC10,200,5972818461147421061,20,1,4609.639230554299,4609.639230554299,4609.639230554299,0
primary,E50-PC20,200,5972818461147421061,40,3,2892.4259711384166,2304.8196152559067,2304.8196152559067,0
primary,E50-PC30,200,5972818461147421061,60,3,1928.2839807278085,1536.5464101328398,1536.5464101328398,0
primary,E50-PC40,200,5972818461147421061,80,4,2327.2228381913237,2132.1188947002765,3111.827981815085,0
primary,E50-PC50,200,5972818461147421061,100,5,1953.2388811280534,2319.08132328476,2489.4623854710344,0
primary,E50-PC60,200,5972818461147421061,120,7,1349.357157735784,789.4986437205489,2074.551987902035,0
primary,E50-PC80,200,5972818461147421061,160,9,969.7449257857472,592.123982886956,1555.9139909100932,0
primary,E50-PC100,200,5972818461147421061,200,11,820.6061867627346,473.69918625786795,1761.6234116574517,0
primary,E50-CONV100,200,11677511577610847452,200,15,623.4371217768006,622.8566605902276,1325.9508102780537,0
primary,E50-MT100,200,11677511577610847452,200,0,,,,0
primary,E50-PC10,200,11677511577610847452,20,2,4946.373433090962,4946.373433090962,2607.734567798987,0
primary,E50-PC20,200,11677511577610847452,40,2,2473.186716536494,2473.186716536494,1303.867283847542,0
primary,E50-PC30,200,11677511577610847452,60,6,1662.7266586564597,1472.7168874424558,2428.3374327807855,0
primary,E50-PC40,200,11677511577610847452,80,7,1365.9764949263931,1557.1416892358516,2079.5655002896524,0
primary,E50-PC50,200,11677511577610847452,100,10,995.0079981262446,883.630132449227,1780.7148595837662,0
primary,E50-PC60,200,11677511577610847452,120,10,829.1733317554174,736.3584437136537,1483.929049663062,0
primary,E50-PC80,200,11677511577610847452,160,14,695.0758312785479,552.2688327919924,1452.2630214768506,0
primary,E50-PC100,200,11677511577610847452,200,15,623.4371368806843,622.8566756747118,1325.9508424200785,0
primary,E50-CONV100,200,17891702655887131290,200,18,482.0238433580157,298.81294618452915,1020.5270344175152,0
primary,E50-MT100,200,17891702655887131290,200,0,,,,0
primary,E50-PC10,200,17891702655887131290,20,0,,,,0
primary,E50-PC20,200,17891702655887131290,40,3,2361.5222321390415,1003.810557158054,1003.810557158054,0
primary,E50-PC30,200,17891702655887131290,60,5,1794.0441580382285,1149.24784578315,3097.928480110147,0
primary,E50-PC40,200,17891702655887131290,80,6,1394.5045666449005,1250.6488458062713,2323.4463601063676,0
primary,E50-PC50,200,17891702655887131290,100,7,1400.9755740597232,1311.48944575082,2041.0541182309605,0
primary,E50-PC60,200,17891702655887131290,120,8,1224.772463289586,1320.93605577704,1700.878431899812,0
primary,E50-PC80,200,17891702655887131290,160,14,692.6723219518648,568.4327726415165,1275.6588238970467,0
primary,E50-PC100,200,17891702655887131290,200,18,482.0238550243864,298.81295341632296,1020.5270591688056,0
primary,E50-CONV100,300,7695027954463196593,300,11,787.9044849551786,582.7696938701106,1595.3872915705135,0
primary,E50-MT100,300,7695027954463196593,300,0,,,,0
primary,E50-PC10,300,7695027954463196593,30,1,930.5262906322065,930.5262906322065,930.5262906322065,0
primary,E50-PC20,300,7695027954463196593,60,2,3964.0937558367596,3964.0937558367596,465.2631452874713,0
primary,E50-PC30,300,7695027954463196593,90,2,2642.7291705509456,2642.7291705509456,310.175430222322,0
primary,E50-PC40,300,7695027954463196593,120,4,2401.1064248155785,2446.4288232015133,3731.4621831965383,0
primary,E50-PC50,300,7695027954463196593,150,5,1676.078101340944,929.1163706039409,2985.169746562854,0
primary,E50-PC60,300,7695027954463196593,180,6,1462.2454051270327,1282.0386586618854,2487.6414554774046,0
primary,E50-PC80,300,7695027954463196593,240,9,1025.1411461223354,580.6977316136552,1994.234162779114,0
primary,E50-PC100,300,7695027954463196593,300,11,787.9045040446549,582.7697079583784,1595.3873302271727,0
primary,E50-CONV100,300,8525591707662220640,300,15,612.7777301418282,430.3260619666967,1921.6329909691556,0
primary,E50-MT100,300,8525591707662220640,300,0,,,,0
primary,E50-PC10,300,8525591707662220640,30,2,2702.923772793101,2702.923772793101,1558.478837282828,0
primary,E50-PC20,300,8525591707662220640,60,2,1351.461886390859,1351.461886390859,779.2394186171354,0
primary,E50-PC30,300,8525591707662220640,90,5,1802.8116412765698,519.4929458035646,1282.456236098658,0
primary,E50-PC40,300,8525591707662220640,120,7,1380.6588054863275,961.8421770469014,1756.635189576049,0
primary,E50-PC50,300,8525591707662220640,150,8,1164.6456373590754,843.7099884722736,1585.4757881051228,0
primary,E50-PC60,300,8525591707662220640,180,11,855.6093481221476,717.2101206091808,1321.2298234554764,0
primary,E50-PC80,300,8525591707662220640,240,14,708.8245762823522,509.4143395014544,2402.041296885619,0
primary,E50-PC100,300,8525591707662220640,300,15,612.7777449862906,430.3260723962781,1921.6330375502678,0
primary,E50-CONV100,300,12108552042459345255,300,14,654.2332057835894,429.3032988617445,1641.2039298503728,0
primary,E50-MT100,300,12108552042459345255,300,0,,,,0
primary,E50-PC10,300,12108552042459345255,30,0,,,,0
primary,E50-PC20,300,12108552042459345255,60,2,4582.347016714381,4582.347016714381,958.6741854529371,0
primary,E50-PC30,300,12108552042459345255,90,2,3054.89801108627,3054.89801108627,639.1161235670318,0
primary,E50-PC40,300,12108552042459345255,120,4,2329.051443768318,2291.173508336181,4103.009923960183,0
primary,E50-PC50,300,12108552042459345255,150,6,1411.2973024993446,589.1821373380388,3282.407939197197,0
primary,E50-PC60,300,12108552042459345255,180,7,1377.2159841190485,662.4121670960951,2735.3399493390666,0
primary,E50-PC80,300,12108552042459345255,240,12,832.4482283324771,511.08648305672375,2051.504962016404,0
primary,E50-PC100,300,12108552042459345255,300,14,654.2332216227524,429.3033092860545,1641.203969597465,0
primary,E50-CONV100,300,16218162384852915827,300,25,389.85964612345566,243.51887233431648,966.2269493690961,0
primary,E50-MT100,300,16218162384852915827,300,0,,,,0
primary,E50-PC10,300,16218162384852915827,30,3,1456.5534671572461,1704.688505296035,1704.688505296035,0
primary,E50-PC20,300,16218162384852915827,60,5,1508.4162749940547,1159.8655128942246,1220.948951459085,0
primary,E50-PC30,300,16218162384852915827,90,9,1014.845549713676,773.2436752425423,2151.0192368236812,0
primary,E50-PC40,300,16218162384852915827,120,10,753.4011000713133,595.2036160944552,1613.2644275888338,0
primary,E50-PC50,300,16218162384852915827,150,12,742.3602084911379,476.16289288678735,1654.5208891299233,0
primary,E50-PC60,300,16218162384852915827,180,15,648.8570392757265,405.8647970938333,1610.3782879273663,0
primary,E50-PC80,300,16218162384852915827,240,18,546.3789619197826,304.81791781636645,1658.152519435037,0
primary,E50-PC100,300,16218162384852915827,300,25,389.85965555571374,243.51887824980443,966.2269727744397,0
primary,E50-CONV100,300,3678478102310266571,300,18,488.6080905290503,396.6566547097817,1475.7820827938444,0
primary,E50-MT100,300,3678478102310266571,300,0,,,,0
primary,E50-PC10,300,3678478102310266571,30,1,2360.351997179829,2360.351997179829,2360.351997179829,0
primary,E50-PC20,300,3678478102310266571,60,2,4279.543295605882,4279.543295605882,1180.1759986045274,0
primary,E50-PC30,300,3678478102310266571,90,8,1126.5103445360614,493.8402303312263,2047.249854078374,0
primary,E50-PC40,300,3678478102310266571,120,9,1027.931304173823,443.0970897426704,2492.3196702552964,0
primary,E50-PC50,300,3678478102310266571,150,13,737.3243240577548,354.47767176467477,1993.8557361855683,0
primary,E50-PC60,300,3678478102310266571,180,14,623.9101256787379,344.39502969487637,1661.546446824535,0
primary,E50-PC80,300,3678478102310266571,240,17,574.8609919040388,438.2931051590692,1844.7276481566169,0
primary,E50-PC100,300,3678478102310266571,300,18,488.60810236362386,396.65666428966847,1475.7821185345279,0
primary,E50-CONV100,300,876786005621288851,300,27,334.84119067269955,280.73552835180294,830.7579190301512,0
primary,E50-MT100,300,876786005621288851,300,0,,,,0
primary,E50-PC10,300,876786005621288851,30,2,4162.064769096546,4162.064769096546,2809.146299631025,0
primary,E50-PC20,300,876786005621288851,60,4,2292.8626692487715,2504.692953934973,2669.1816167511993,0
primary,E50-PC30,300,876786005621288851,90,6,1517.0930272020858,1669.7953026231671,1838.3277462192111,0
primary,E50-PC40,300,876786005621288851,120,7,1306.8832239749204,1334.5908084103285,1539.3544460495289,0
primary,E50-PC50,300,876786005621288851,150,12,831.9290348373905,857.8830933493314,1231.483556817016,0
primary,E50-PC60,300,876786005621288851,180,14,645.480033644917,558.9640542557381,1026.2362973473253,0
primary,E50-PC80,300,876786005621288851,240,22,412.7373882751391,339.9161558500882,769.6772230263019,0
primary,E50-PC100,300,876786005621288851,300,27,334.84119877755484,280.73553518196877,830.7579391000487,0
primary,E50-CONV100,300,5865549906742908637,300,18,548.5444663800605,341.2757526935078,1391.2883654070838,0
primary,E50-MT100,300,5865549906742908637,300,0,,,,0
primary,E50-PC10,300,5865549906742908637,30,0,,,,0
primary,E50-PC20,300,5865549906742908637,60,5,1896.3540528641554,752.3892724184271,2669.5650698626537,0
primary,E50-PC30,300,5865549906742908637,90,9,1023.0837024161334,501.5928482819077,1779.7100465490496,0
primary,E50-PC40,300,5865549906742908637,120,10,931.3660130110108,591.0184107814182,2407.845138825556,0
primary,E50-PC50,300,5865549906742908637,150,10,745.0928104127737,472.81472864286445,1926.2761110818633,0
primary,E50-PC60,300,5865549906742908637,180,11,832.4178335727166,537.2281236062354,1691.4945477618737,0
primary,E50-PC80,300,5865549906742908637,240,12,717.2131354813035,426.5947011883155,1739.1104988562938,0
primary,E50-PC100,300,5865549906742908637,300,18,548.5444796609881,341.27576096163585,1391.2883990746645,0
primary,E50-CONV100,300,15633523601349685045,300,14,687.3256516270434,347.27078825931386,1608.9235245862599,0
primary,E50-MT100,300,15633523601349685045,300,0,,,,0
primary,E50-PC10,300,15633523601349685045,30,1,4981.9301521228135,4981.9301521228135,4981.9301521228135,0
primary,E50-PC20,300,15633523601349685045,60,2,4923.6635995550005,4923.6635995550005,2490.9650760681625,0
primary,E50-PC30,300,15633523601349685045,90,4,2404.667889992961,1758.2959237733048,1855.9484635095507,0
primary,E50-PC40,300,15633523601349685045,120,5,1509.4976194820667,1245.4825380170025,1391.9613476144386,0
primary,E50-PC50,300,15633523601349685045,150,5,1207.5980955899095,996.3860304474578,1113.5690780921288,0
primary,E50-PC60,300,15633523601349685045,180,6,1642.520589776121,879.1479618928779,2452.1207077358445,0
primary,E50-PC80,300,15633523601349685045,240,9,1097.3856017271646,622.7412690355255,2011.1544544364747,0
primary,E50-PC100,300,15633523601349685045,300,14,687.3256682692169,347.27079664239506,1608.9235635774328,0
primary,E50-CONV100,300,14497997932990664800,300,13,755.9910069120469,590.1902580929552,1370.1099050400833,0
primary,E50-MT100,300,14497997932990664800,300,0,,,,0
primary,E50-PC10,300,14497997932990664800,30,0,,,,0
primary,E50-PC20,300,14497997932990664800,60,2,4684.718995999428,4684.718995999428,2430.3157029833983,0
primary,E50-PC30,300,14497997932990664800,90,4,2104.071411003658,1584.2577275228068,1620.210468615288,0
primary,E50-PC40,300,14497997932990664800,120,5,1947.497815716957,1215.1578514818466,3425.2748455427695,0
primary,E50-PC50,300,14497997932990664800,150,7,1337.0360300204447,972.1262812262516,2740.2198764328,0
primary,E50-PC60,300,14497997932990664800,180,8,1228.4184110096116,841.0019626154544,2283.516563670302,0
primary,E50-PC80,300,14497997932990664800,240,11,879.0779424792125,653.9240181711757,1712.6374227979563,0
primary,E50-PC100,300,14497997932990664800,300,13,755.9910252284016,590.1902723969508,1370.1099381863453,0
primary,E50-CONV100,300,5634683829678867503,300,18,506.7160266116191,297.48656744229106,1296.8739323541784,0
primary,E50-MT100,300,5634683829678867503,300,0,,,,0
primary,E50-PC10,300,5634683829678867503,30,3,3129.9492354502836,2958.5315966268977,2958.5315966268977,0
primary,E50-PC20,300,5634683829678867503,60,4,2410.231549524135,1634.8355465638504,1790.405294798654,0
primary,E50-PC30,300,5634683829678867503,90,9,953.4979504067248,950.1685066831828,1193.603529864805,0
primary,E50-PC40,300,5634683829678867503,120,12,762.525267615097,573.6641244605972,2122.5864193483494,0
primary,E50-PC50,300,5634683829678867503,150,13,762.6146535859776,570.1011040225872,1978.4009379919335,0
primary,E50-PC60,300,5634683829678867503,180,13,635.5122113281126,475.0842533682848,1648.6674483227305,0
primary,E50-PC80,300,5634683829678867503,240,15,624.3954518934053,369.81644958377416,1621.0924547037469,0
primary,E50-PC100,300,5634683829678867503,300,18,506.7160388759609,297.4865746443179,1296.8739637773144,0
primary,E50-CONV100,300,11032126464482234521,300,16,601.497927827927,553.7312568052172,947.5735518413005,0
primary,E50-MT100,300,11032126464482234521,300,0,,,,0
primary,E50-PC10,300,11032126464482234521,30,2,4014.8830941724027,4014.8830941724027,2800.7892630613624,0
primary,E50-PC20,300,11032126464482234521,60,4,2193.298090534609,2007.4415470972685,2614.4884626421876,0
primary,E50-PC30,300,11032126464482234521,90,7,1398.1940157235915,933.5964209880367,2741.6941771958914,0
primary,E50-PC40,300,11032126464482234521,120,9,1049.2841718334575,943.3203722453068,2056.2706328452186,0
primary,E50-PC50,300,11032126464482234521,150,9,839.4273374611245,754.6562978318572,1645.0165063392878,0
primary,E50-PC60,300,11032126464482234521,180,11,888.3429354805087,628.8802482108908,1579.2892913375038,0
primary,E50-PC80,300,11032126464482234521,240,13,719.7220157796652,579.8592958317371,1184.4669684753057,0
primary,E50-PC100,300,11032126464482234521,300,16,601.4979424013654,553.7312702296902,947.5735747535064,0
primary,E50-CONV100,300,5708610443790281403,300,20,458.2226938123613,433.4971905774212,1044.078524882148,0
primary,E50-MT100,300,5708610443790281403,300,0,,,,0
primary,E50-PC10,300,5708610443790281403,30,2,4401.764957540163,4401.764957540163,788.9902145818777,0
primary,E50-PC20,300,5708610443790281403,60,5,1760.2573122231715,2062.2412097172155,2291.254689122604,0
primary,E50-PC30,300,5708610443790281403,90,7,1157.9189863991112,1374.8274731112815,1887.6655422301037,0
primary,E50-PC40,300,5708610443790281403,120,8,1008.4357364865922,1088.3739746993265,1988.4112132424332,0
primary,E50-PC50,300,5708610443790281403,150,11,826.8093828942116,824.8964838948069,1602.907940057032,0
primary,E50-PC60,300,5708610443790281403,180,16,579.4376607399859,400.83155079858835,1335.7566167058555,0
primary,E50-PC80,300,5708610443790281403,240,19,513.0658654555648,515.5603024485526,1091.592566476732,0
primary,E50-PC100,300,5708610443790281403,300,20,458.22270490058736,433.4972010684576,1044.0785501568764,0
primary,E50-CONV100,300,4972874671198070758,300,19,518.0235317242732,468.69347399095625,1234.2282627092343,0
primary,E50-MT100,300,4972874671198070758,300,0,,,,0
primary,E50-PC10,300,4972874671198070758,30,2,3111.6614726648213,3111.6614726648213,1983.744173215758,0
primary,E50-PC20,300,4972874671198070758,60,4,1368.4803628525126,1555.8307363437045,2119.7893860768727,0
primary,E50-PC30,300,4972874671198070758,90,6,1372.343985266276,1037.2204909038505,1562.311617767909,0
primary,E50-PC40,300,4972874671198070758,120,8,1100.1809918827694,1018.6037816557828,1648.5871310523364,0
primary,E50-PC50,300,4972874671198070758,150,8,880.1447935023158,814.883025305953,1318.8697049032644,0
primary,E50-PC60,300,4972874671198070758,180,9,1018.6288873440121,706.5964620309392,2057.0471543195654,0
primary,E50-PC80,300,4972874671198070758,240,13,740.9403042871629,585.8668566952374,1542.7853657606836,0
primary,E50-PC100,300,4972874671198070758,300,19,518.0235442695808,468.6934853296565,1234.2282925851534,0
primary,E50-CONV100,300,15110839482730944980,300,6,1463.8905412930953,980.6203455609168,2137.1676808090847,0
primary,E50-MT100,300,15110839482730944980,300,0,,,,0
primary,E50-PC10,300,15110839482730944980,30,1,8475.712086315263,8475.712086315263,8475.712086315263,0
primary,E50-PC20,300,15110839482730944980,60,2,2913.3539049023334,2913.3539049023334,1588.8517666482867,0
primary,E50-PC30,300,15110839482730944980,90,3,2532.2345466101638,2825.2373621156244,2825.2373621156244,0
primary,E50-PC40,300,15110839482730944980,120,3,1899.1759099424282,2118.928021545096,2118.928021545096,0
primary,E50-PC50,300,15110839482730944980,150,3,1519.3407279574194,1695.142417244308,1695.142417244308,0
primary,E50-PC60,300,15110839482730944980,180,3,1266.117273305492,1412.6186810528056,1412.6186810528056,0
primary,E50-PC80,300,15110839482730944980,240,4,1925.4227995468955,1225.7754616585685,1392.0869125190043,0
primary,E50-PC100,300,15110839482730944980,300,6,1463.8905767351612,980.6203692989204,2137.1677325653986,0
primary,E50-CONV100,300,8623653743411919337,300,15,598.6217735863878,260.23946232730293,1655.639818300001,0
primary,E50-MT100,300,8623653743411919337,300,0,,,,0
primary,E50-PC10,300,8623653743411919337,30,4,2001.079326756595,2173.881295004497,2179.6192317577716,0
primary,E50-PC20,300,8623653743411919337,60,6,1204.6469642984619,1195.5034795029314,1558.1153642832946,0
primary,E50-PC30,300,8623653743411919337,90,6,803.0979762021966,797.002319672642,1038.7435761830359,0
primary,E50-PC40,300,8623653743411919337,120,8,1118.0624615034121,597.7517397565965,962.2628945719808,0
primary,E50-PC50,300,8623653743411919337,150,8,894.4499692073853,478.2013918412966,769.8103156349897,0
primary,E50-PC60,300,8623653743411919337,180,12,735.7702023349306,378.43048751780805,2438.0863973650717,0
primary,E50-PC80,300,8623653743411919337,240,13,668.5755110938898,295.1933272847556,2069.5498229815626,0
primary,E50-PC100,300,8623653743411919337,300,15,598.621788077141,260.23946862897856,1655.6398583846353,0
primary,E50-CONV100,300,1326031443968983885,300,26,382.37927758420005,276.4537214024767,693.2706945168223,0
primary,E50-MT100,300,1326031443968983885,300,0,,,,0
primary,E50-PC10,300,1326031443968983885,30,3,3320.83188510466,3011.644656325108,3011.644656325108,0
primary,E50-PC20,300,1326031443968983885,60,6,1180.5392400854807,1037.728237668743,1505.8223281663595,0
primary,E50-PC30,300,1326031443968983885,90,6,787.0261600467095,691.8188250967642,1003.8815520913074,0
primary,E50-PC40,300,1326031443968983885,120,6,590.26962003703,518.8641188333038,752.9111640601999,0
primary,E50-PC50,300,1326031443968983885,150,10,956.505041396065,415.09129509859144,1386.541422621298,0
primary,E50-PC60,300,1326031443968983885,180,13,734.0262731123505,398.44201136539175,1155.45118549054,0
primary,E50-PC80,300,1326031443968983885,240,20,496.97736946771914,345.5671601400499,866.5883891658461,0
primary,E50-PC100,300,1326031443968983885,300,26,382.3792868407962,276.4537280809644,693.2707113119257,0
primary,E50-CONV100,300,8177548632312565564,300,18,549.0433809829439,277.0691908722208,1612.6023351846845,0
primary,E50-MT100,300,8177548632312565564,300,0,,,,0
primary,E50-PC10,300,8177548632312565564,30,1,9392.854373792903,9392.854373792903,9392.854373792903,0
primary,E50-PC20,300,8177548632312565564,60,3,1881.8607088000115,741.9066261030042,741.9066261030042,0
primary,E50-PC30,300,8177548632312565564,90,4,2284.7656662623463,1812.7779376392425,3130.951457905689,0
primary,E50-PC40,300,8177548632312565564,120,6,1648.2547401536779,1517.615721084264,2348.2135934446205,0
primary,E50-PC50,300,8177548632312565564,150,9,1079.8823175859616,1199.2406872764739,1878.5708747902527,0
primary,E50-PC60,300,8177548632312565564,180,9,899.9019313158533,999.3672393879244,1565.475728922603,0
primary,E50-PC80,300,8177548632312565564,240,16,560.3545972808557,322.95389520543165,1439.74121231208,0
primary,E50-PC100,300,8177548632312565564,300,18,549.043394287388,277.0691975847416,1612.60237426054,0
primary,E50-CONV100,300,11117893399474783980,300,22,451.83620402043505,378.7368658745544,864.3883601114175,0
primary,E50-MT100,300,11117893399474783980,300,1,4451.853604496307,4451.853604496307,4451.853604496307,0
primary,E50-PC10,300,11117893399474783980,30,5,1256.6923837509848,325.37678064120547,607.2543982548445,0
primary,E50-PC20,300,11117893399474783980,60,8,833.4369278694383,301.23469107231267,2237.424609397017,0
primary,E50-PC30,300,11117893399474783980,90,11,881.8271596612532,319.4469657302108,2376.1486602684517,0
primary,E50-PC40,300,11117893399474783980,120,12,702.467523056659,367.1670299369671,1782.1114951999468,0
primary,E50-PC50,300,11117893399474783980,150,14,642.0366553633613,455.9236301051672,1535.7037090262788,0
primary,E50-PC60,300,11117893399474783980,180,14,535.0305461327476,379.9363584292347,1279.7530908207746,0
primary,E50-PC80,300,11117893399474783980,240,19,522.4638985683,387.4860352410819,1080.4854762908856,0
primary,E50-PC100,300,11117893399474783980,300,22,451.83621496181365,378.73687503005044,864.3883810536198,0
primary,E50-CONV100,300,10081885022360105039,300,22,439.4487958707923,386.38303160970577,760.4016552923179,0
primary,E50-MT100,300,10081885022360105039,300,0,,,,0
primary,E50-PC10,300,10081885022360105039,30,2,4361.388850400462,4361.388850400462,1118.7609637843577,0
primary,E50-PC20,300,10081885022360105039,60,5,1863.8179990729645,1668.5395313936945,1922.2515939892644,0
primary,E50-PC30,300,10081885022360105039,90,7,1247.8116033884328,1112.3596875700048,2448.4409729993235,0
primary,E50-PC40,300,10081885022360105039,120,10,925.7001871247039,897.6977813657625,1836.3307297273313,0
primary,E50-PC50,300,10081885022360105039,150,11,800.0921325473076,768.9006375901432,1469.0645837819743,0
primary,E50-PC60,300,10081885022360105039,180,12,830.8201736738289,643.9717349495304,1267.3361227988398,0
primary,E50-PC80,300,10081885022360105039,240,18,550.151307408374,448.84889069233594,1148.8356079738217,0
primary,E50-PC100,300,10081885022360105039,300,22,439.44880651669854,386.38304099359846,760.4016736609608,0
primary,E50-CONV100,300,4923552916831257795,300,17,570.4978249440467,377.63928361590854,1386.3539619890482,0
primary,E50-MT100,300,4923552916831257795,300,0,,,,0
primary,E50-PC10,300,4923552916831257795,30,0,,,,0
primary,E50-PC20,300,4923552916831257795,60,1,6222.627937108719,6222.627937108719,6222.627937108719,0
primary,E50-PC30,300,4923552916831257795,90,1,4148.418624735229,4148.418624735229,4148.418624735229,0
primary,E50-PC40,300,4923552916831257795,120,3,2790.3070830196098,3111.313968543286,3111.313968543286,0
primary,E50-PC50,300,4923552916831257795,150,5,1832.4520681254005,1883.1830176517403,2489.0511748165272,0
primary,E50-PC60,300,4923552916831257795,180,8,1218.3475746207755,1005.1892540919674,2074.209312354357,0
primary,E50-PC80,300,4923552916831257795,240,15,663.1317105396301,472.04911596504627,1555.6569842800873,0
primary,E50-PC100,300,4923552916831257795,300,17,570.4978387520887,377.63929275317764,1386.3539955876531,0
primary,E50-CONV100,300,6572291145813621428,300,7,1350.3202204461516,1196.659507728484,2345.192546182088,0
primary,E50-MT100,300,6572291145813621428,300,0,,,,0
primary,E50-PC10,300,6572291145813621428,30,0,,,,0
primary,E50-PC20,300,6572291145813621428,60,1,7232.118068135059,7232.118068135059,7232.118068135059,0
primary,E50-PC30,300,6572291145813621428,90,1,4821.412045388822,4821.412045388822,4821.412045388822,0
primary,E50-PC40,300,6572291145813621428,120,1,3616.0590340286594,3616.0590340286594,3616.0590340286594,0
primary,E50-PC50,300,6572291145813621428,150,3,3252.6668429486135,2892.8472272463905,2892.8472272463905,0
primary,E50-PC60,300,6572291145813621428,180,5,1970.1298774475408,1058.6276435958885,2410.7060226778526,0
primary,E50-PC80,300,6572291145813621428,240,6,1480.6352435689143,1144.8975768104501,1808.0295170283628,0
primary,E50-PC100,300,6572291145813621428,300,7,1350.320253141364,1196.6595367127882,2345.192602955514,0
primary,E50-CONV100,300,17112478889879003015,300,21,474.60644436361235,343.7124318648502,1240.0546960046224,0
primary,E50-MT100,300,17112478889879003015,300,0,,,,0
primary,E50-PC10,300,17112478889879003015,30,1,5664.718772270542,5664.718772270542,5664.718772270542,0
primary,E50-PC20,300,17112478889879003015,60,2,4908.350749997355,4908.350749997355,2832.359386155508,0
primary,E50-PC30,300,17112478889879003015,90,3,3286.3082677351067,3314.457136549727,3314.457136549727,0
primary,E50-PC40,300,17112478889879003015,120,3,2464.7312008082945,2485.8428523677408,2485.8428523677408,0
primary,E50-PC50,300,17112478889879003015,150,7,1398.594480084808,1132.9437544663467,2175.775677894072,0
primary,E50-PC60,300,17112478889879003015,180,8,1096.9160584771807,869.3560051223776,1813.1463982687128,0
primary,E50-PC80,300,17112478889879003015,240,13,768.037600923962,595.9441611144358,1579.0507887661186,0
primary,E50-PC100,300,17112478889879003015,300,21,474.60645585123495,343.71244017489875,1240.0547260359851,0
primary,E50-CONV100,300,9839921138141735050,300,12,768.8459455726114,611.9848589755261,1872.36465053494,0
primary,E50-MT100,300,9839921138141735050,300,0,,,,0
primary,E50-PC10,300,9839921138141735050,30,3,3207.4921438875826,3578.410878022042,3578.410878022042,0
primary,E50-PC20,300,9839921138141735050,60,4,1618.9890730370064,1726.9617576478072,1789.2054390565377,0
primary,E50-PC30,300,9839921138141735050,90,4,1079.3260486791273,1151.3078384252808,1192.8036260166407,0
primary,E50-PC40,300,9839921138141735050,120,5,1583.7779771592159,894.6027195581204,1247.4064778410493,0
primary,E50-PC50,300,9839921138141735050,150,5,1267.0223817108968,715.6821756086041,997.9251822222419,0
primary,E50-PC60,300,9839921138141735050,180,7,1396.5473358102481,831.6043185410472,3120.607826449705,0
primary,E50-PC80,300,9839921138141735050,240,10,999.0923662789742,764.9810922574866,2340.4558698740802,0
primary,E50-PC100,300,9839921138141735050,300,12,768.8459641925901,611.9848737882804,1872.3646958751287,0
primary,E50-CONV100,300,76950829605806397,300,18,508.6720293356846,472.4963896744499,1231.2518011533446,0
primary,E50-MT100,300,76950829605806397,300,0,,,,0
primary,E50-PC10,300,76950829605806397,30,0,,,,0
primary,E50-PC20,300,76950829605806397,60,2,4336.984355431344,4336.984355431344,3222.865983469723,0
primary,E50-PC30,300,76950829605806397,90,3,3295.6061923801435,3634.0684849380505,3634.0684849380505,0
primary,E50-PC40,300,76950829605806397,120,6,1591.14709852198,1409.8451621651375,2725.5513637147133,0
primary,E50-PC50,300,76950829605806397,150,7,1222.9836873269678,966.6058660555896,2180.4410909519947,0
primary,E50-PC60,300,76950829605806397,180,8,1167.0492597385733,939.8967747744384,2052.0863849761045,0
primary,E50-PC80,300,76950829605806397,240,15,624.1010916096415,577.1123365118623,1539.0647887307566,0
primary,E50-PC100,300,76950829605806397,300,18,508.6720416624988,472.4964010861071,1231.2518310066657,0
primary,E50-CONV100,300,4559695916379544378,300,17,582.0951287039918,407.86889088132125,1489.3440045137388,0
primary,E50-MT100,300,4559695916379544378,300,0,,,,0
primary,E50-PC10,300,4559695916379544378,30,0,,,,0
primary,E50-PC20,300,4559695916379544378,60,1,7446.720202866642,7446.720202866642,7446.720202866642,0
primary,E50-PC30,300,4559695916379544378,90,4,2382.9053835315895,1940.386346527775,2832.2614376916044,0
primary,E50-PC40,300,4559695916379544378,120,4,1787.179037633264,1455.289759868515,2124.1960782512874,0
primary,E50-PC50,300,4559695916379544378,150,7,1288.571770118771,703.6038719720677,2412.6016063105353,0
primary,E50-PC60,300,4559695916379544378,180,8,1075.6877716105182,837.5850369554253,2010.5013385876043,0
primary,E50-PC80,300,4559695916379544378,240,11,784.485852362222,816.6251354190291,1507.8760039157269,0
primary,E50-PC100,300,4559695916379544378,300,17,582.0951428047188,407.8689007467848,1489.344040583804,0
primary,E50-CONV100,300,18018684830827566070,300,12,829.9052498051361,807.3759883439428,1569.9181229084093,0
primary,E50-MT100,300,18018684830827566070,300,0,,,,0
primary,E50-PC10,300,18018684830827566070,30,0,,,,0
primary,E50-PC20,300,18018684830827566070,60,2,4967.515647974851,4967.515647974851,2393.781231911901,0
primary,E50-PC30,300,18018684830827566070,90,2,3311.6770986795636,3311.6770986795636,1595.8541546195588,0
primary,E50-PC40,300,18018684830827566070,120,4,2245.5160740263136,2483.757823982437,3770.625032032478,0
primary,E50-PC50,300,18018684830827566070,150,4,1796.4128592284655,1987.0062592067343,3016.500025608844,0
primary,E50-PC60,300,18018684830827566070,180,5,1741.0460357293362,2513.7500213892067,2616.530268187719,0
primary,E50-PC80,300,18018684830827566070,240,8,1154.256615774003,1103.5859217047941,1962.397701150125,0
primary,E50-PC100,300,18018684830827566070,300,12,829.9052699041716,807.3760079015831,1569.9181609147447,0
primary,E50-CONV100,300,11415035473929976970,300,23,381.26021155961223,182.83351166030388,809.6324653837152,0
primary,E50-MT100,300,11415035473929976970,300,0,,,,0
primary,E50-PC10,300,11415035473929976970,30,8,1222.0479617802403,738.5440883094468,1876.1479416945667,0
primary,E50-PC20,300,11415035473929976970,60,13,720.5420977098447,436.69275568396904,1926.9305357536512,0
primary,E50-PC30,300,11415035473929976970,90,15,610.8907153134261,291.128503767493,1284.9050392804138,0
primary,E50-PC40,300,11415035473929976970,120,16,535.2389891461121,310.73196629015786,1691.303279071337,0
primary,E50-PC50,300,11415035473929976970,150,16,428.1911913193708,248.58557304122039,1353.0426232202756,0
primary,E50-PC60,300,11415035473929976970,180,17,582.0100856262344,268.7450365034978,1349.3874749824204,0
primary,E50-PC80,300,11415035473929976970,240,20,476.66056704322597,222.61173875487924,1012.0406062147865,0
primary,E50-PC100,300,11415035473929976970,300,23,381.2602208013674,182.83351605181494,809.6324849756003,0
primary,E50-CONV100,300,5972818461147421061,300,11,820.6061668758693,473.6991747851877,1761.6233689820588,0
primary,E50-MT100,300,5972818461147421061,300,0,,,,0
primary,E50-PC10,300,5972818461147421061,30,1,4609.639230554299,4609.639230554299,4609.639230554299,0
primary,E50-PC20,300,5972818461147421061,60,3,2892.4259711078257,2304.8196152559067,2304.8196152559067,0
primary,E50-PC30,300,5972818461147421061,90,3,1928.2839807380055,1536.5464101328398,1536.5464101328398,0
primary,E50-PC40,300,5972818461147421061,120,4,2327.2228381913237,2132.118894715572,3111.827981845676,0
primary,E50-PC50,300,5972818461147421061,150,5,1953.2388810974624,2319.081323254169,2489.4623854404435,0
primary,E50-PC60,300,5972818461147421061,180,7,1349.3571577183036,789.4986437511398,2074.551987902035,0
primary,E50-PC80,300,5972818461147421061,240,9,969.7449257721513,592.1239828563652,1555.913990879502,0
primary,E50-PC100,300,5972818461147421061,300,11,820.6061867516107,473.6991862884589,1761.6234116268606,0
primary,E50-CONV100,300,11677511577610847452,300,15,623.4371217768007,622.8566605902276,1325.950810278054,0
primary,E50-MT100,300,11677511577610847452,300,0,,,,0
primary,E50-PC10,300,11677511577610847452,30,2,4946.373433090962,4946.373433090962,2607.734567768396,0
primary,E50-PC20,300,11677511577610847452,60,2,2473.186716536494,2473.186716536494,1303.867283878133,0
primary,E50-PC30,300,11677511577610847452,90,6,1662.726658671755,1472.7168874424558,2428.3374328113764,0
primary,E50-PC40,300,11677511577610847452,120,7,1365.9764949089126,1557.1416891746696,2079.5655003508346,0
primary,E50-PC50,300,11677511577610847452,150,10,995.0079981140083,883.6301324645224,1780.7148596143572,0
primary,E50-PC60,300,11677511577610847452,180,10,829.173331776831,736.3584437442446,1483.9290496936528,0
primary,E50-PC80,300,11677511577610847452,240,14,695.0758312807329,552.268832776697,1452.2630215686233,0
primary,E50-PC100,300,11677511577610847452,300,15,623.4371368643691,622.8566756441209,1325.9508423894877,0
primary,E50-CONV100,300,17891702655887131290,300,18,482.02384335801577,298.8129461845292,1020.5270344175153,0
primary,E50-MT100,300,17891702655887131290,300,0,,,,0
primary,E50-PC10,300,17891702655887131290,30,0,,,,0
primary,E50-PC20,300,17891702655887131290,60,3,2361.5222321390415,1003.810557188645,1003.810557188645,0
primary,E50-PC30,300,17891702655887131290,90,5,1794.0441580504648,1149.2478458443318,3097.9284801407384,0
primary,E50-PC40,300,17891702655887131290,120,6,1394.5045666550975,1250.6488458215667,2323.4463601063676,0
primary,E50-PC50,300,17891702655887131290,150,7,1400.9755740990543,1311.4894458425929,2041.0541182615514,0
primary,E50-PC60,300,17891702655887131290,180,8,1224.772463297234,1320.93605577704,1700.878431869221,0
primary,E50-PC80,300,17891702655887131290,240,14,692.6723219343842,568.4327726721076,1275.6588238970467,0
primary,E50-PC100,300,17891702655887131290,300,18,482.0238550260859,298.81295341632296,1020.5270591382148,0
primary,E50-CONV100,400,7695027954463196593,400,11,787.9044849551786,582.7696938701106,1595.3872915705135,0
primary,E50-MT100,400,7695027954463196593,400,0,,,,0
primary,E50-PC10,400,7695027954463196593,40,1,930.5263339938034,930.5263339938034,930.5263339938034,0
primary,E50-PC20,400,7695027954463196593,80,2,3964.093940436903,3964.093940436903,465.2631670141561,0
primary,E50-PC30,400,7695027954463196593,120,2,2642.7292936202575,2642.7292936202575,310.17544468128614,0
primary,E50-PC40,400,7695027954463196593,160,4,2401.106536621983,2446.428937129878,3731.4623569256914,0
primary,E50-PC50,400,7695027954463196593,200,5,1676.0781793649378,929.1164138387015,2985.169885524763,0
primary,E50-PC60,400,7695027954463196593,240,6,1462.2454731926462,1282.0387183232226,2487.641571271348,0
primary,E50-PC80,400,7695027954463196593,320,9,1025.1411938421938,580.6977586850908,1994.2342555816947,0
primary,E50-PC100,400,7695027954463196593,400,11,787.9045407273642,582.7697351110024,1595.3874045028872,0
primary,E50-CONV100,400,8525591707662220640,400,15,612.7777301418282,430.32606196669667,1921.6329909691556,0
primary,E50-MT100,400,8525591707662220640,400,0,,,,0
primary,E50-PC10,400,8525591707662220640,40,2,2702.923898642499,2702.923898642499,1558.4789098551523,0
primary,E50-PC20,400,8525591707662220640,80,2,1351.461949346149,1351.461949346149,779.2394549491839,0
primary,E50-PC30,400,8525591707662220640,120,5,1802.8117252204083,519.492969948453,1282.4562958329743,0
primary,E50-PC40,400,8525591707662220640,160,7,1380.6588698022974,961.8422218820533,1756.6352713910428,0
primary,E50-PC50,400,8525591707662220640,200,8,1164.6456915921128,843.7100277376373,1585.475861980477,0
primary,E50-PC60,400,8525591707662220640,240,11,855.6093879687331,717.2101540680607,1321.2298849647375,0
primary,E50-PC80,400,8525591707662220640,320,14,708.8246092950304,509.4143632382029,2402.041408754676,0
primary,E50-PC100,400,8525591707662220640,400,15,612.7777735148591,430.3260924348969,1921.6331269873906,0
primary,E50-CONV100,400,12108552042459345255,400,14,654.2332057835894,429.3032988617445,1641.2039298503728,0
primary,E50-MT100,400,12108552042459345255,400,0,,,,0
primary,E50-PC10,400,12108552042459345255,40,0,,,,0
primary,E50-PC20,400,12108552042459345255,80,2,4582.347230065947,4582.347230065947,958.6742300640906,0
primary,E50-PC30,400,12108552042459345255,120,2,3054.8981533639835,3054.8981533639835,639.1161533587856,0
primary,E50-PC40,400,12108552042459345255,160,4,2329.0515522079295,2291.173615011963,4103.010115006171,0
primary,E50-PC50,400,12108552042459345255,200,6,1411.2973682358397,589.1821647969127,3282.4080920156325,0
primary,E50-PC60,400,12108552042459345255,240,7,1377.2160482506636,662.4121979726556,2735.3400766979603,0
primary,E50-PC80,400,12108552042459345255,320,12,832.4482671001914,511.0865068636899,2051.505057516455,0
primary,E50-PC100,400,12108552042459345255,400,14,654.233252085675,429.3033292464563,1641.204046006683,0
primary,E50-CONV100,400,16218162384852915827,400,25,389.85964612345566,243.51887233431648,966.226949369096,0
primary,E50-MT100,400,16218162384852915827,400,0,,,,0
primary,E50-PC10,400,16218162384852915827,40,3,1456.5535349680051,1704.6885846461864,1704.6885846461864,0
primary,E50-PC20,400,16218162384852915827,80,5,1508.4163452473958,1159.8655669505565,1220.9490083139497,0
primary,E50-PC30,400,16218162384852915827,120,9,1014.8455969846993,773.2437113259833,2151.019336942431,0
primary,E50-PC40,400,16218162384852915827,160,10,753.4011351527555,595.203643803135,1613.264502712311,0
primary,E50-PC50,400,16218162384852915827,200,12,742.3602430663512,476.16291504455387,1654.5209661592587,0
primary,E50-PC60,400,16218162384852915827,240,15,648.857069491506,405.86481594749887,1610.378362916447,0
primary,E50-PC80,400,16218162384852915827,320,18,546.3789873599858,304.8179320334997,1658.1525966028926,0
primary,E50-PC100,400,16218162384852915827,400,25,389.85967371547457,243.51888954364918,966.2270177525927,0
primary,E50-CONV100,400,3678478102310266571,400,18,488.6080905290503,396.6566547097817,1475.7820827938442,0
primary,E50-MT100,400,3678478102310266571,400,0,,,,0
primary,E50-PC10,400,3678478102310266571,40,1,2360.352107092281,2360.352107092281,2360.352107092281,0
primary,E50-PC20,400,3678478102310266571,80,2,4279.543494895289,4279.543494895289,1180.1760535454582,0
primary,E50-PC30,400,3678478102310266571,120,8,1126.5103970066696,493.8402533274535,2047.2499494414628,0
primary,E50-PC40,400,3678478102310266571,160,9,1027.9313520423027,443.0971104218724,2492.3197863282676,0
primary,E50-PC50,400,3678478102310266571,200,13,737.3243584026825,354.4776882866227,1993.8558290470044,0
primary,E50-PC60,400,3678478102310266571,240,14,623.910154749297,344.395045739667,1661.5465242116143,0
primary,E50-PC80,400,3678478102310266571,320,17,574.8610186757882,438.2931255533864,1844.7277340431444,0
primary,E50-PC100,400,3678478102310266571,400,18,488.6081251179106,396.6566827833766,1475.782187240691,0
primary,E50-CONV100,400,876786005621288851,400,27,334.84119067269955,280.7355283518029,830.7579190301512,0
primary,E50-MT100,400,876786005621288851,400,0,,,,0
primary,E50-PC10,400,876786005621288851,40,2,4162.064962900137,4162.064962900137,2809.146430472681,0
primary,E50-PC20,400,876786005621288851,80,4,2292.862775987916,2504.693070530586,2669.1817410293556,0
primary,E50-PC30,400,876786005621288851,120,6,1517.093097834487,1669.795380356125,1838.3278317618337,0
primary,E50-PC40,400,876786005621288851,160,7,1306.883284813931,1334.5908705264633,1539.3545177160088,0
primary,E50-PC50,400,876786005621288851,200,12,831.929073570731,857.8831332976249,1231.4836141930273,0
primary,E50-PC60,400,876786005621288851,240,14,645.4800636914972,558.9640802768818,1026.236345181062,0
primary,E50-PC80,400,876786005621288851,320,22,412.7374074954162,339.91617168631507,769.6772588824851,0
primary,E50-PC100,400,876786005621288851,400,27,334.8412143726453,280.7355482547355,830.7579778464108,0
primary,E50-CONV100,400,5865549906742908637,400,18,548.5444663800605,341.27575269350774,1391.2883654070838,0
primary,E50-MT100,400,5865549906742908637,400,0,,,,0
primary,E50-PC10,400,5865549906742908637,40,0,,,,0
primary,E50-PC20,400,5865549906742908637,80,5,1896.3541411547249,752.3893074389865,2669.5651941280753,0
primary,E50-PC30,400,5865549906742908637,120,9,1023.0837500469827,501.5928716238488,1779.7101294232548,0
primary,E50-PC40,400,5865549906742908637,160,10,931.3660563780602,591.0184382875615,2407.8452509648755,0
primary,E50-PC50,400,5865549906742908637,200,10,745.0928451012129,472.8147506370723,1926.2762007810825,0
primary,E50-PC60,400,5865549906742908637,240,11,832.4178723254582,537.2281485616868,1691.4946265282247,0
primary,E50-PC80,400,5865549906742908637,320,12,717.2131688791419,426.5947210684743,1739.1105798858216,0
primary,E50-PC100,400,5865549906742908637,400,18,548.5445052079793,341.2757768458788,1391.2884638921685,0
primary,E50-CONV100,400,15633523601349685045,400,14,687.3256516270434,347.2707882593138,1608.9235245862596,0
primary,E50-MT100,400,15633523601349685045,400,0,,,,0
primary,E50-PC10,400,15633523601349685045,40,1,4981.930384142599,4981.930384142599,4981.930384142599,0
primary,E50-PC20,400,15633523601349685045,80,2,4923.663828853892,4923.663828853892,2490.9651920780557,0
primary,E50-PC30,400,15633523601349685045,120,4,2404.668001965209,1758.2960056426891,1855.9485499032926,0
primary,E50-PC40,400,15633523601349685045,160,5,1509.4976897765848,1245.4825960295968,1391.9614124326883,0
primary,E50-PC50,400,15633523601349685045,200,5,1207.5981518261356,996.3860768452969,1113.5691299620241,0
primary,E50-PC60,400,15633523601349685045,240,6,1642.5206662568457,879.1480028390419,2452.120821891019,0
primary,E50-PC80,400,15633523601349685045,320,9,1097.3856528349604,622.7412980188794,2011.1545480728541,0
primary,E50-PC100,400,15633523601349685045,400,14,687.3257002774967,347.2708128440422,1608.9236384681817,0
primary,E50-CONV100,400,14497997932990664800,400,13,755.9910069120468,590.1902580929552,1370.1099050400833,0
primary,E50-MT100,400,14497997932990664800,400,0,,,,0
primary,E50-PC10,400,14497997932990664800,40,0,,,,0
primary,E50-PC20,400,14497997932990664800,80,2,4684.719214133355,4684.719214133355,2430.315816107903,0
primary,E50-PC30,400,14497997932990664800,120,4,2104.0715089897635,1584.2578012955544,1620.2105440775108,0
primary,E50-PC40,400,14497997932990664800,160,5,1947.4979063952114,1215.157908036451,3425.275005013964,0
primary,E50-PC50,400,14497997932990664800,200,7,1337.0360922766652,972.1263264332263,2740.2200040036373,0
primary,E50-PC60,400,14497997932990664800,240,8,1228.4184682180357,841.0020017623638,2283.5166700201207,0
primary,E50-PC80,400,14497997932990664800,320,11,879.0779833936107,653.9240485912941,1712.6375024876672,0
primary,E50-PC100,400,14497997932990664800,400,13,755.9910604213869,590.1902998645309,1370.1100019870594,0
primary,E50-CONV100,400,5634683829678867503,400,18,506.7160266116191,297.48656744229106,1296.8739323541781,0
primary,E50-MT100,400,5634683829678867503,400,0,,,,0
primary,E50-PC10,400,5634683829678867503,40,3,3129.9493811948005,2958.5317344248483,2958.5317344248483,0
primary,E50-PC20,400,5634683829678867503,80,4,2410.2316617784045,1634.8356226994588,1790.4053781708956,0
primary,E50-PC30,400,5634683829678867503,120,9,953.4979948074322,950.1685509594417,1193.6035854157085,0
primary,E50-PC40,400,5634683829678867503,160,12,762.5253031140236,573.6641511815618,2122.586518204275,0
primary,E50-PC50,400,5634683829678867503,200,13,762.6146890897528,570.1011306005788,1978.4010301184042,0
primary,E50-PC60,400,5634683829678867503,240,13,635.5122409085129,475.0842755064142,1648.6675251100849,0
primary,E50-PC80,400,5634683829678867503,320,15,624.3954809711229,369.81646680469413,1621.092530161154,0
primary,E50-PC100,400,5634683829678867503,400,18,506.7160624794124,297.4865885124111,1296.8740241524176,0
primary,E50-CONV100,400,11032126464482234521,400,16,601.497927827927,553.7312568052171,947.5735518413005,0
primary,E50-MT100,400,11032126464482234521,400,0,,,,0
primary,E50-PC10,400,11032126464482234521,40,2,4014.8832811452567,4014.8832811452567,2800.7893934832723,0
primary,E50-PC20,400,11032126464482234521,80,4,2193.2981926641837,2007.4416405531047,2614.4885843734955,0
primary,E50-PC30,400,11032126464482234521,120,7,1398.1940808386278,933.5964644925978,2741.694304850677,0
primary,E50-PC40,400,11032126464482234521,160,9,1049.2842206911594,943.32041621797,2056.270728658961,0
primary,E50-PC50,400,11032126464482234521,200,9,839.4273765551035,754.6563329579832,1645.0165829107455,0
primary,E50-PC60,400,11032126464482234521,240,11,888.3429768360752,628.8802774648177,1579.2893648482993,0
primary,E50-PC80,400,11032126464482234521,320,13,719.7220492966856,579.8593227876527,1184.467023646641,0
primary,E50-PC100,400,11032126464482234521,400,16,601.4979704041036,553.7312960071633,947.5736189089292,0
primary,E50-CONV100,400,5708610443790281403,400,20,458.2226938123613,433.4971905774212,1044.078524882148,0
primary,E50-MT100,400,5708610443790281403,400,0,,,,0
primary,E50-PC10,400,5708610443790281403,40,2,4401.765162513312,4401.765162513312,788.9902513068012,0
primary,E50-PC20,400,5708610443790281403,80,5,1760.2573941762428,2062.2413057325075,2291.2547958327573,0
primary,E50-PC30,400,5708610443790281403,120,7,1157.9190403014338,1374.8275371469686,1887.6656301466735,0
primary,E50-PC40,400,5708610443790281403,160,8,1008.4357834245081,1088.3740253653923,1988.4113058656344,0
primary,E50-PC50,400,5708610443790281403,200,11,826.8094213983038,824.8965222917464,1602.908014713543,0
primary,E50-PC60,400,5708610443790281403,240,16,579.437687719286,400.83156944081827,1335.756678952755,0
primary,E50-PC80,400,5708610443790281403,320,19,513.0658893494705,515.5603264256085,1091.5926173385615,0
primary,E50-PC100,400,5708610443790281403,400,20,458.2227262443625,433.49722127003906,1044.0785987755714,0
primary,E50-CONV100,400,4972874671198070758,400,19,518.0235317242732,468.6934739909562,1234.2282627092343,0
primary,E50-MT100,400,4972874671198070758,400,0,,,,0
primary,E50-PC10,400,4972874671198070758,40,2,3111.661617578142,3111.661617578142,1983.7442655910422,0
primary,E50-PC20,400,4972874671198070758,80,4,1368.48042657352,1555.8308088003648,2119.789484802551,0
primary,E50-PC30,400,4972874671198070758,120,6,1372.3440491761194,1037.2205392031922,1562.3116905340066,0
primary,E50-PC40,400,4972874671198070758,160,8,1100.1810431158497,1018.6038290729209,1648.5872078512461,0
primary,E50-PC50,400,4972874671198070758,200,8,880.1448344834267,814.8830632595477,1318.8697662720328,0
primary,E50-PC60,400,4972874671198070758,240,9,1018.6289347793144,706.5964949344001,2057.0472501082854,0
primary,E50-PC80,400,4972874671198070758,320,13,740.9403387898836,585.8668839461973,1542.7854376175192,0
primary,E50-PC100,400,4972874671198070758,400,19,518.0235683838811,468.69350713960165,1234.2283500583856,0
primary,E50-CONV100,400,15110839482730944980,400,6,1463.8905412930953,980.6203455609168,2137.167680809085,0
primary,E50-MT100,400,15110839482730944980,400,0,,,,0
primary,E50-PC10,400,15110839482730944980,40,1,8475.712480996353,8475.712480996353,8475.712480996353,0
primary,E50-PC20,400,15110839482730944980,80,2,2913.3540406041816,2913.3540406041816,1588.8518406808473,0
primary,E50-PC30,400,15110839482730944980,120,3,2532.234664541816,2825.2374936912834,2825.2374936912834,0
primary,E50-PC40,400,15110839482730944980,160,3,1899.17599840009,2118.9281202765505,2118.9281202765505,0
primary,E50-PC50,400,15110839482730944980,200,3,1519.340798702135,1695.1424961958214,1695.1424961958214,0
primary,E50-PC60,400,15110839482730944980,240,3,1266.1173322687691,1412.6187468482829,1412.6187468482829,0
primary,E50-PC80,400,15110839482730944980,320,4,1925.4228891796124,1225.775518707594,1392.0869772972148,0
primary,E50-PC100,400,15110839482730944980,400,6,1463.890644907975,980.6204149626137,2137.167832054433,0
primary,E50-CONV100,400,8623653743411919337,400,15,598.6217735863878,260.239462327303,1655.6398183000008,0
primary,E50-MT100,400,8623653743411919337,400,0,,,,0
primary,E50-PC10,400,8623653743411919337,40,4,2001.0794199314626,2173.8813962260833,2179.6193332389034,0
primary,E50-PC20,400,8623653743411919337,80,6,1204.6470203967554,1195.5035351805468,1558.115436823398,0
primary,E50-PC30,400,8623653743411919337,120,6,803.0980136019086,797.0023567936014,1038.7436245380063,0
primary,E50-PC40,400,8623653743411919337,160,8,1118.062513580635,597.7517675915803,962.2629393808376,0
primary,E50-PC50,400,8623653743411919337,200,8,894.4500108641924,478.2014140633972,769.8103515279614,0
primary,E50-PC60,400,8623653743411919337,240,12,735.7702366007236,378.4305051398504,2438.0865108820185,0
primary,E50-PC80,400,8623653743411919337,320,13,668.5755422080371,295.19334104606116,2069.5499193677792,0
primary,E50-PC100,400,8623653743411919337,400,15,598.6218159628365,260.2394807473229,1655.6399355119631,0
primary,E50-CONV100,400,1326031443968983885,400,26,382.37927758420005,276.4537214024766,693.2706945168223,0
primary,E50-MT100,400,1326031443968983885,400,0,,,,0
primary,E50-PC10,400,1326031443968983885,40,3,3320.832039742941,3011.644796596328,3011.644796596328,0
primary,E50-PC20,400,1326031443968983885,80,6,1180.539295050974,1037.7282859611378,1505.8223983019695,0
primary,E50-PC30,400,1326031443968983885,120,6,787.0261967056671,691.8188573273833,1003.8815988687749,0
primary,E50-PC40,400,1326031443968983885,160,6,590.2696475312481,518.8641430024443,752.9111991356527,0
primary,E50-PC50,400,1326031443968983885,200,10,956.5050859444485,415.0913143818992,1386.5414871871626,0
primary,E50-PC60,400,1326031443968983885,240,13,734.0263072907585,398.44202993458873,1155.4512392954273,0
primary,E50-PC80,400,1326031443968983885,320,20,496.9773926077364,345.5671761935357,866.5884294736253,0
primary,E50-PC100,400,1326031443968983885,400,26,382.3793046555432,276.45374097728717,693.270743625449,0
primary,E50-CONV100,400,8177548632312565564,400,18,549.0433809829439,277.0691908722208,1612.6023351846845,0
primary,E50-MT100,400,8177548632312565564,400,0,,,,0
primary,E50-PC10,400,8177548632312565564,40,1,9392.854811227646,9392.854811227646,9392.854811227646,0
primary,E50-PC20,400,8177548632312565564,80,3,1881.8607964156818,741.9066605895409,741.9066605895409,0
primary,E50-PC30,400,8177548632312565564,120,4,2284.7657726435646,1812.7780220838822,3130.9516037478606,0
primary,E50-PC40,400,8177548632312565564,160,6,1648.2548169039692,1517.6157917308078,2348.2137028071297,0
primary,E50-PC50,400,8177548632312565564,200,9,1079.8823678651013,1199.2407431051731,1878.5709622374327,0
primary,E50-PC60,400,8177548632312565564,240,9,899.901973219102,999.3672859245868,1565.4758018513364,0
primary,E50-PC80,400,8177548632312565564,320,16,560.354623387783,322.9539102517916,1439.7412793399576,0
primary,E50-PC100,400,8177548632312565564,400,18,549.0434198508137,277.06921050972437,1612.6024493378925,0
primary,E50-CONV100,400,11117893399474783980,400,22,451.83620402043505,378.7368658745544,864.3883601114175,0
primary,E50-MT100,400,11117893399474783980,400,1,5935.804799852931,5935.804799852931,5935.804799852931,0
primary,E50-PC10,400,11117893399474783980,40,5,1256.6924422672237,325.37679579274214,607.2544265017394,0
primary,E50-PC20,400,11117893399474783980,80,8,833.436966667897,301.23470507670254,2237.424713615808,0
primary,E50-PC30,400,11117893399474783980,120,11,881.8272007300912,319.4469806209145,2376.1487709164935,0
primary,E50-PC40,400,11117893399474783980,160,12,702.4675557538304,367.1670470115707,1782.111578185978,0
primary,E50-PC50,400,11117893399474783980,200,14,642.0366852495968,455.9236513204696,1535.7037805227583,0
primary,E50-PC60,400,11117893399474783980,240,14,535.0305710503259,379.93637610610415,1279.7531504751023,0
primary,E50-PC80,400,11117893399474783980,320,19,522.4639228821251,387.48605326951053,1080.4855266202055,0
primary,E50-PC100,400,11117893399474783980,400,22,451.836236000686,378.73689269695103,864.3884213048394,0
primary,E50-CONV100,400,10081885022360105039,400,22,439.44879587079225,386.3830316097057,760.4016552923179,0
primary,E50-MT100,400,10081885022360105039,400,0,,,,0
primary,E50-PC10,400,10081885022360105039,40,2,4361.389053508747,4361.389053508747,1118.7610158807236,0
primary,E50-PC20,400,10081885022360105039,80,5,1863.8180858698695,1668.5396091064147,1922.2516835010774,0
primary,E50-PC30,400,10081885022360105039,120,7,1247.811661487632,1112.3597393988787,2448.441086998443,0
primary,E50-PC40,400,10081885022360105039,160,10,925.7002302217996,897.6978231451287,1836.3308152381426,0
primary,E50-PC50,400,10081885022360105039,200,11,800.0921698128429,768.9006734101639,1469.0646521906233,0
primary,E50-PC60,400,10081885022360105039,240,12,830.8202123491609,643.9717649368004,1267.3361818443664,0
primary,E50-PC80,400,10081885022360105039,320,18,550.1513330293392,448.84891159349064,1148.8356614859426,0
primary,E50-PC100,400,10081885022360105039,400,22,439.44882697317524,386.3830589477218,760.4017090852176,0
primary,E50-CONV100,400,4923552916831257795,400,17,570.4978249440467,377.6392836159085,1386.3539619890482,0
primary,E50-MT100,400,4923552916831257795,400,0,,,,0
primary,E50-PC10,400,4923552916831257795,40,0,,,,0
primary,E50-PC20,400,4923552916831257795,80,1,6222.62822685711,6222.62822685711,6222.62822685711,0
primary,E50-PC30,400,4923552916831257795,120,1,4148.418817926316,4148.418817926316,4148.418817926316,0
primary,E50-PC40,400,4923552916831257795,160,3,2790.3072129534057,3111.3141133945387,3111.3141133945387,0
primary,E50-PC50,400,4923552916831257795,200,5,1832.4521534586563,1883.1831053289854,2489.0512907525926,0
primary,E50-PC60,400,4923552916831257795,240,8,1218.3476313583278,1005.1893008844431,2074.209408972843,0
primary,E50-PC80,400,4923552916831257795,320,15,663.1317414068695,472.0491379312502,1555.6570566751225,0
primary,E50-PC100,400,4923552916831257795,400,17,570.4978653206631,377.6393103536726,1386.3540601447903,0
primary,E50-CONV100,400,6572291145813621428,400,7,1350.3202204461516,1196.659507728484,2345.192546182088,0
primary,E50-MT100,400,6572291145813621428,400,0,,,,0
primary,E50-PC10,400,6572291145813621428,40,0,,,,0
primary,E50-PC20,400,6572291145813621428,80,1,7232.1184049220865,7232.1184049220865,7232.1184049220865,0
primary,E50-PC30,400,6572291145813621428,120,1,4821.412269949196,4821.412269949196,4821.412269949196,0
primary,E50-PC40,400,6572291145813621428,160,1,3616.0592024451166,3616.0592024451166,3616.0592024451166,0
primary,E50-PC50,400,6572291145813621428,200,3,3252.6669943872203,2892.847361939788,2892.847361939788,0
primary,E50-PC60,400,6572291145813621428,240,5,1970.1299691919194,1058.627692907374,2410.706134965688,0
primary,E50-PC80,400,6572291145813621428,320,6,1480.63531249597,1144.8976301086013,1808.0296011907049,0
primary,E50-PC100,400,6572291145813621428,400,7,1350.3203160205492,1196.6595924518842,2345.192712162052,0
primary,E50-CONV100,400,17112478889879003015,400,21,474.60644436361235,343.7124318648502,1240.0546960046224,0
primary,E50-MT100,400,17112478889879003015,400,0,,,,0
primary,E50-PC10,400,17112478889879003015,40,1,5664.719036069855,5664.719036069855,5664.719036069855,0
primary,E50-PC20,400,17112478889879003015,80,2,4908.350978560242,4908.350978560242,2832.3595180322213,0
primary,E50-PC30,400,17112478889879003015,120,3,3286.308420765757,3314.4572909064564,3314.4572909064564,0
primary,E50-PC40,400,17112478889879003015,160,3,2464.7313155659863,2485.8429681697025,2485.8429681697025,0
primary,E50-PC50,400,17112478889879003015,200,7,1398.5945452163073,1132.9438071925592,2175.7757792421107,0
primary,E50-PC60,400,17112478889879003015,240,8,1096.9161095467541,869.356045589625,1813.1464827305103,0
primary,E50-PC80,400,17112478889879003015,320,13,768.0376366990881,595.9441888652476,1579.0508623269902,0
primary,E50-PC100,400,17112478889879003015,400,21,474.6064779554615,343.71245621084705,1240.0547837805318,0
primary,E50-CONV100,400,9839921138141735050,400,12,768.8459455726114,611.9848589755261,1872.36465053494,0
primary,E50-MT100,400,9839921138141735050,400,0,,,,0
primary,E50-PC10,400,9839921138141735050,40,3,3207.4922932684644,3578.411044670075,3578.411044670075,0
primary,E50-PC20,400,9839921138141735050,80,4,1618.9891483888196,1726.9618380121947,1789.2055223117247,0
primary,E50-PC30,400,9839921138141735050,120,4,1079.326098935338,1151.3078920142852,1192.803681545591,0
primary,E50-PC40,400,9839921138141735050,160,5,1583.7780508882095,894.6027611551228,1247.4065358820521,0
primary,E50-PC50,400,9839921138141735050,200,5,1267.0224407081637,715.6822089045606,997.9252287223443,0
primary,E50-PC60,400,9839921138141735050,240,7,1396.5474008464198,831.6043572809355,3120.6079717643274,0
primary,E50-PC80,400,9839921138141735050,320,10,999.0924128028367,764.9811278567506,2340.4559788447514,0
primary,E50-PC100,400,9839921138141735050,400,12,768.8459999883963,611.9849022707507,1872.3647830333111,0
primary,E50-CONV100,400,76950829605806397,400,18,508.6720293356846,472.4963896744499,1231.2518011533448,0
primary,E50-MT100,400,76950829605806397,400,0,,,,0
primary,E50-PC10,400,76950829605806397,40,0,,,,0
primary,E50-PC20,400,76950829605806397,80,2,4336.984557410854,4336.984557410854,3222.8661335767024,0
primary,E50-PC30,400,76950829605806397,120,3,3295.6063458590575,3634.0686541625473,3634.0686541625473,0
primary,E50-PC40,400,76950829605806397,160,6,1591.147172615539,1409.8452278085197,2725.551490633086,0
primary,E50-PC50,400,76950829605806397,200,7,1222.983744278767,966.6059110666816,2180.441192532579,0
primary,E50-PC60,400,76950829605806397,240,8,1167.0493140854499,939.8968185341439,2052.0864805185256,0
primary,E50-PC80,400,76950829605806397,320,15,624.1011206654944,577.1123633551581,1539.064860399044,0
primary,E50-PC100,400,76950829605806397,400,18,508.67206534513724,472.49642311902574,1231.2518883107045,0
primary,E50-CONV100,400,4559695916379544378,400,17,582.0951287039918,407.86889088132125,1489.3440045137386,0
primary,E50-MT100,400,4559695916379544378,400,0,,,,0
primary,E50-PC10,400,4559695916379544378,40,0,,,,0
primary,E50-PC20,400,4559695916379544378,80,1,7446.720549677451,7446.720549677451,7446.720549677451,0
primary,E50-PC30,400,4559695916379544378,120,4,2382.9054944942654,1940.3864368917011,2832.261569579052,0
primary,E50-PC40,400,4559695916379544378,160,4,1787.1791208743905,1455.2898276663147,2124.1961772127597,0
primary,E50-PC50,400,4559695916379544378,200,7,1288.571830140049,703.6039047973572,2412.601718671345,0
primary,E50-PC60,400,4559695916379544378,240,8,1075.6878217259873,837.5850759661648,2010.5014322241616,0
primary,E50-PC80,400,4559695916379544378,320,11,784.4858889065953,816.6251734613949,1507.8760741469687,0
primary,E50-PC100,400,4559695916379544378,400,17,582.0951698971395,407.8689197855465,1489.3441099061977,0
primary,E50-CONV100,400,18018684830827566070,400,12,829.9052498051361,807.3759883439428,1569.9181229084093,0
primary,E50-MT100,400,18018684830827566070,400,0,,,,0
primary,E50-PC10,400,18018684830827566070,40,0,,,,0
primary,E50-PC20,400,18018684830827566070,80,2,4967.515879308115,4967.515879308115,2393.7813434116147,0
primary,E50-PC30,400,18018684830827566070,120,2,3311.677252883894,3311.677252883894,1595.854228932307,0
primary,E50-PC40,400,18018684830827566070,160,4,2245.5161786027734,2483.757939664364,3770.6252076158844,0
primary,E50-PC50,400,18018684830827566070,200,4,1796.4129428728081,1987.0063517186259,3016.5001660908647,0
primary,E50-PC60,400,18018684830827566070,240,5,1741.0461168122852,2513.750138429515,2616.5303900446966,0
primary,E50-PC80,400,18018684830827566070,320,8,1154.2566695347355,1103.5859731174603,1962.3977925313866,0
primary,E50-PC100,400,18018684830827566070,400,12,829.905308557294,807.3760454903096,1569.9182340656405,0
primary,E50-CONV100,400,11415035473929976970,400,23,381.26021155961223,182.83351166030386,809.632465383715,0
primary,E50-MT100,400,11415035473929976970,400,0,,,,0
primary,E50-PC10,400,11415035473929976970,40,8,1222.04801867481,738.5441227005851,1876.14802902892,0
primary,E50-PC20,400,11415035473929976970,80,13,720.5421312638765,436.69277600376415,1926.9306254986398,0
primary,E50-PC30,400,11415035473929976970,120,15,610.8907437531032,291.1285173701064,1284.905099128761,0
primary,E50-PC40,400,11415035473929976970,160,16,535.2390140768109,310.731980736799,1691.3033578287816,0
primary,E50-PC50,400,11415035473929976970,200,16,428.19121125475255,248.58558460159242,1353.0426862415266,0
primary,E50-PC60,400,11415035473929976970,240,17,582.010112722792,268.745048972027,1349.3875377722834,0
primary,E50-PC80,400,11415035473929976970,320,20,476.66058924175707,222.61174913634133,1012.0406533721895,0
primary,E50-PC100,400,11415035473929976970,400,23,381.2602385485293,182.83352462684564,809.6325226770499,0
primary,E50-CONV100,400,5972818461147421061,400,11,820.6061668758693,473.69917478518767,1761.6233689820585,0
primary,E50-MT100,400,5972818461147421061,400,0,,,,0
primary,E50-PC10,400,5972818461147421061,40,1,4609.639445161461,4609.639445161461,4609.639445161461,0
primary,E50-PC20,400,5972818461147421061,80,3,2892.4261057969024,2304.819722582431,2304.819722582431,0
primary,E50-PC30,400,5972818461147421061,120,3,1928.2840705358217,1536.5464817297425,1536.5464817297425,0
primary,E50-PC40,400,5972818461147421061,160,4,2327.222946572551,2132.11899400774,3111.8281267208636,0
primary,E50-PC50,400,5972818461147421061,200,5,1953.2389720644696,2319.081431275397,2489.4625013956575,0
primary,E50-PC60,400,5972818461147421061,240,7,1349.3572205570113,789.4986805303298,2074.552084460001,0
primary,E50-PC80,400,5972818461147421061,320,9,969.7449709379147,592.1240104139906,1555.9140633629825,0
primary,E50-PC100,400,5972818461147421061,400,11,820.6062249668441,473.6992083162047,1761.6234936894323,0
primary,E50-CONV100,400,11677511577610847452,400,15,623.4371217768006,622.8566605902276,1325.9508102780537,0
primary,E50-MT100,400,11677511577610847452,400,0,,,,0
primary,E50-PC10,400,11677511577610847452,40,2,4946.373663401475,4946.373663401475,2607.734689185201,0
primary,E50-PC20,400,11677511577610847452,80,2,2473.186831703222,2473.186831703222,1303.8673446094788,0
primary,E50-PC30,400,11677511577610847452,120,6,1662.726736098497,1472.7169560211782,2428.3375459049425,0
primary,E50-PC40,400,11677511577610847452,160,7,1365.9765585149632,1557.1417617000238,2079.5655971728515,0
primary,E50-PC50,400,11677511577610847452,200,10,995.0080444553254,883.6301735964605,1780.7149425047617,0
primary,E50-PC60,400,11677511577610847452,240,10,829.1733703759858,736.358478003015,1483.9291188097777,0
primary,E50-PC80,400,11677511577610847452,320,14,695.0758636455378,552.2688585090133,1452.2630891490023,0
primary,E50-PC100,400,11677511577610847452,400,15,623.4371659117376,622.8567046787352,1325.9509041644747,0
primary,E50-CONV100,400,17891702655887131290,400,18,482.0238433580157,298.81294618452915,1020.5270344175152,0
primary,E50-MT100,400,17891702655887131290,400,0,,,,0
primary,E50-PC10,400,17891702655887131290,40,0,,,,0
primary,E50-PC20,400,17891702655887131290,80,3,2361.5223421059873,1003.8106038557381,1003.8106038557381,0
primary,E50-PC30,400,17891702655887131290,120,5,1794.0442415890948,1149.2478993450582,3097.9286244145665,0
primary,E50-PC40,400,17891702655887131290,160,6,1394.5046315968734,1250.648904067088,2323.446468300267,0
primary,E50-PC50,400,17891702655887131290,200,7,1400.975639317396,1311.4895068676913,2041.0542133208335,0
primary,E50-PC60,400,17891702655887131290,240,8,1224.7725203282328,1320.936117287917,1700.878511103134,0
primary,E50-PC80,400,17891702655887131290,320,14,692.6723542003773,568.4327991112297,1275.6588832995383,0
primary,E50-PC100,400,17891702655887131290,400,18,482.0238774780185,298.81296735382824,1020.5271066449126,0
primary,E50-CONV100,500,7695027954463196593,500,11,787.9044849551788,582.7696938701107,1595.3872915705138,0
primary,E50-MT100,500,7695027954463196593,500,0,,,,0
primary,E50-PC10,500,7695027954463196593,50,1,930.5263123099459,930.5263123099459,930.5263123099459,0
primary,E50-PC20,500,7695027954463196593,100,2,3964.093848126889,3964.093848126889,465.26315614469553,0
primary,E50-PC30,500,7695027954463196593,150,2,2642.729232094014,2642.729232094014,310.17543743192,0
primary,E50-PC40,500,7695027954463196593,200,4,2401.106480705397,2446.4288801557536,3731.462270064174,0
primary,E50-PC50,500,7695027954463196593,250,5,1676.0781403407043,929.1163922243803,2985.1698160300425,0
primary,E50-PC60,500,7695027954463196593,300,6,1462.2454391440342,1282.0386884872007,2487.6415133606106,0
primary,E50-PC80,500,7695027954463196593,400,9,1025.1411699839641,580.6977451463139,1994.2342091865225,0
primary,E50-PC100,500,7695027954463196593,500,11,787.904522381699,582.7697215515153,1595.3873673482049,0
primary,E50-CONV100,500,8525591707662220640,500,15,612.7777301418282,430.3260619666967,1921.6329909691558,0
primary,E50-MT100,500,8525591707662220640,500,0,,,,0
primary,E50-PC10,500,8525591707662220640,50,2,2702.9238357193294,2702.9238357193294,1558.4788735689901,0
primary,E50-PC20,500,8525591707662220640,100,2,1351.4619178570324,1351.4619178570324,779.2394367969256,0
primary,E50-PC30,500,8525591707662220640,150,5,1802.811683241759,519.4929578622429,1282.456265945932,0
primary,E50-PC40,500,8525591707662220640,200,7,1380.6588376392867,961.8421994415341,1756.6352304636619,0
primary,E50-PC50,500,8525591707662220640,250,8,1164.6456644847713,843.7100081164272,1585.4758250565658,0
primary,E50-PC60,500,8525591707662220640,300,11,855.6093680433546,717.2101373325025,1321.2298541932819,0
primary,E50-PC80,500,8525591707662220640,400,14,708.824592786834,509.4143513499446,2402.0413528369727,0
primary,E50-PC100,500,8525591707662220640,500,15,612.7777592487394,430.3260824155875,1921.6330822550633,0
primary,E50-CONV100,500,12108552042459345255,500,14,654.2332057835894,429.30329886174457,1641.203929850373,0
primary,E50-MT100,500,12108552042459345255,500,0,,,,0
primary,E50-PC10,500,12108552042459345255,50,0,,,,0
primary,E50-PC20,500,12108552042459345255,100,2,4582.347123393223,4582.347123393223,958.6742077615729,0
primary,E50-PC30,500,12108552042459345255,150,2,3054.898082268719,3054.898082268719,639.1161384965587,0
primary,E50-PC40,500,12108552042459345255,200,4,2329.051498008008,2291.173561712311,4103.010019539771,0
primary,E50-PC50,500,12108552042459345255,250,6,1411.2973353688667,589.1821510743587,3282.4080156094738,0
primary,E50-PC60,500,12108552042459345255,300,7,1377.216016184856,662.4121825313163,2735.3400130383975,0
primary,E50-PC80,500,12108552042459345255,400,12,832.4482477113633,511.08649495026475,2051.505009769489,0
primary,E50-PC100,500,12108552042459345255,500,14,654.2332368596763,429.30331925095993,1641.2040078219582,0
primary,E50-CONV100,500,16218162384852915827,500,25,389.8596461234557,243.5188723343165,966.2269493690961,0
primary,E50-MT100,500,16218162384852915827,500,0,,,,0
primary,E50-PC10,500,16218162384852915827,50,3,1456.553501058037,1704.6885449741699,1704.6885449741699,0
primary,E50-PC20,500,16218162384852915827,100,5,1508.4163101268434,1159.8655399361567,1220.9489798865175,0
primary,E50-PC30,500,16218162384852915827,150,9,1014.8455733519069,773.2436932949696,2151.01928686929,0
primary,E50-PC40,500,16218162384852915827,200,10,753.4011176213646,595.2036299770917,1613.2644651872815,0
primary,E50-PC50,500,16218162384852915827,250,12,742.3602257765777,476.1629039488456,1654.520927664475,0
primary,E50-PC60,500,16218162384852915827,300,15,648.857054394527,405.86480650690015,1610.3783254219068,0
primary,E50-PC80,500,16218162384852915827,400,18,546.3789746513557,304.8179249134615,1658.152558041908,0
primary,E50-PC100,500,16218162384852915827,500,25,389.8596646431196,243.51888391967,966.2269952466912,0
primary,E50-CONV100,500,3678478102310266571,500,18,488.60809052905034,396.6566547097818,1475.7820827938444,0
primary,E50-MT100,500,3678478102310266571,500,0,,,,0
primary,E50-PC10,500,3678478102310266571,50,1,2360.352052136055,2360.352052136055,2360.352052136055,0
primary,E50-PC20,500,3678478102310266571,100,2,4279.543395258997,4279.543395258997,1180.1760260581677,0
primary,E50-PC30,500,3678478102310266571,150,8,1126.5103707814988,493.8402418293399,2047.2499017568593,0
primary,E50-PC40,500,3678478102310266571,200,9,1027.9313281099323,443.09710009603737,2492.319728271898,0
primary,E50-PC50,500,3678478102310266571,250,13,737.3243412277478,354.47768007918285,1993.8557826331114,0
primary,E50-PC60,500,3678478102310266571,300,14,623.9101402122694,344.3950377073296,1661.5464855348996,0
primary,E50-PC80,500,3678478102310266571,400,17,574.8610052907233,438.2931153761119,1844.7276911197648,0
primary,E50-PC100,500,3678478102310266571,500,18,488.6081137344791,396.65667356176004,1475.7821528707843,0
primary,E50-CONV100,500,876786005621288851,500,27,334.84119067269955,280.73552835180294,830.7579190301512,0
primary,E50-MT100,500,876786005621288851,500,0,,,,0
primary,E50-PC10,500,876786005621288851,50,2,4162.064866008284,4162.064866008284,2809.146365048794,0
primary,E50-PC20,500,876786005621288851,100,4,2292.862722621403,2504.6930122457807,2669.1816789101617,0
primary,E50-PC30,500,876786005621288851,150,6,1517.0930625409746,1669.7953415194725,1838.3277889966405,0
primary,E50-PC40,500,876786005621288851,200,7,1306.8832544014178,1334.590839471455,1539.3544819026529,0
primary,E50-PC50,500,876786005621288851,250,12,831.9290542001095,857.8831133234781,1231.4835855019626,0
primary,E50-PC60,500,876786005621288851,300,14,645.4800486719217,558.9640672578975,1026.2363212779596,0
primary,E50-PC80,500,876786005621288851,400,22,412.73739788270524,339.91616377661416,769.6772409345094,0
primary,E50-PC100,500,876786005621288851,500,27,334.8412065768562,280.735541681643,830.7579584671115,0
primary,E50-CONV100,500,5865549906742908637,500,18,548.5444663800606,341.2757526935078,1391.2883654070838,0
primary,E50-MT100,500,5865549906742908637,500,0,,,,0
primary,E50-PC10,500,5865549906742908637,50,0,,,,0
primary,E50-PC20,500,5865549906742908637,100,5,1896.3540970072988,752.3892899485909,2669.5651319815984,0
primary,E50-PC30,500,5865549906742908637,150,9,1023.0837262325776,501.59285997276237,1779.710087986152,0
primary,E50-PC40,500,5865549906742908637,200,10,931.3660347021831,591.0184245360194,2407.845194912041,0
primary,E50-PC50,500,5865549906742908637,250,10,745.0928277595935,472.8147396330854,1926.2761559314729,0
primary,E50-PC60,500,5865549906742908637,300,11,832.4178529383805,537.2281360533701,1691.494587145049,0
primary,E50-PC80,500,5865549906742908637,400,12,717.213152186341,426.5947111268654,1739.1105393481146,0
primary,E50-PC100,500,5865549906742908637,500,18,548.5444924423015,341.27576893205395,1391.2884315170666,0
primary,E50-CONV100,500,15633523601349685045,500,14,687.3256516270435,347.27078825931386,1608.9235245862599,0
primary,E50-MT100,500,15633523601349685045,500,0,,,,0
primary,E50-PC10,500,15633523601349685045,50,1,4981.930268166357,4981.930268166357,4981.930268166357,0
primary,E50-PC20,500,15633523601349685045,100,2,4923.6637142113295,4923.6637142113295,2490.965134089934,0
primary,E50-PC30,500,15633523601349685045,150,4,2404.6679459657016,1758.2959646995844,1855.9485066727716,0
primary,E50-PC40,500,15633523601349685045,200,5,1509.497654625349,1245.4825670401246,1391.9613800235636,0
primary,E50-PC50,500,15633523601349685045,250,5,1207.5981237040457,996.3860536463773,1113.5691040071924,0
primary,E50-PC60,500,15633523601349685045,300,6,1642.5206280047566,879.1479823560178,2452.1207647797814,0
primary,E50-PC80,500,15633523601349685045,400,9,1097.3856272681462,622.7412835470866,2011.1545012378394,0
primary,E50-PC100,500,15633523601349685045,500,14,687.3256842731382,347.2708047585141,1608.9236009891572,0
primary,E50-CONV100,500,14497997932990664800,500,13,755.9910069120469,590.1902580929552,1370.1099050400835,0
primary,E50-MT100,500,14497997932990664800,500,0,,,,0
primary,E50-PC10,500,14497997932990664800,50,0,,,,0
primary,E50-PC20,500,14497997932990664800,100,2,4684.719105067921,4684.719105067921,2430.315759531885,0
primary,E50-PC30,500,14497997932990664800,150,4,2104.071460014301,1584.2577644091807,1620.2105063632246,0
primary,E50-PC40,500,14497997932990664800,200,5,1947.4978610680146,1215.157879762208,3425.274925318135,0
primary,E50-PC50,500,14497997932990664800,250,7,1337.0360611385038,972.1263037991481,2740.2199402212777,0
primary,E50-PC60,500,14497997932990664800,300,8,1228.4184396155445,841.0019821904386,2283.5166168620362,0
primary,E50-PC80,500,14497997932990664800,400,11,879.0779629334916,653.9240333842939,1712.6374626489298,0
primary,E50-PC100,500,14497997932990664800,500,13,755.9910428075985,590.1902861139158,1370.1099700867023,0
primary,E50-CONV100,500,5634683829678867503,500,18,506.71602661161916,297.48656744229106,1296.8739323541781,0
primary,E50-MT100,500,5634683829678867503,500,0,,,,0
primary,E50-PC10,500,5634683829678867503,50,3,3129.94930832917,2958.531665522814,2958.531665522814,0
primary,E50-PC20,500,5634683829678867503,100,4,2410.2316056539466,1634.8355846217125,1790.4053364847748,0
primary,E50-PC30,500,5634683829678867503,150,9,953.4979726029998,950.1685288182532,1193.603557643316,0
primary,E50-PC40,500,5634683829678867503,200,12,762.5252853578048,573.664137829492,2122.586468793137,0
primary,E50-PC50,500,5634683829678867503,250,13,762.6146713316293,570.101117308524,1978.400984055169,0
primary,E50-PC60,500,5634683829678867503,300,13,635.5122261040763,475.0842644174654,1648.6674866965236,0
primary,E50-PC80,500,5634683829678867503,400,15,624.3954664271656,369.81645819423414,1621.0924924355095,0
primary,E50-PC100,500,5634683829678867503,500,18,506.716050679981,297.48658157683496,1296.873993948041,0
primary,E50-CONV100,500,11032126464482234521,500,16,601.497927827927,553.7312568052173,947.5735518413006,0
primary,E50-MT100,500,11032126464482234521,500,0,,,,0
primary,E50-PC10,500,11032126464482234521,50,2,4014.8831876573004,4014.8831876573004,2800.789328272317,0
primary,E50-PC20,500,11032126464482234521,100,4,2193.29814159519,2007.4415938366583,2614.4885235277256,0
primary,E50-PC30,500,11032126464482234521,150,7,1398.1940482673438,933.5964427372581,2741.694241006459,0
primary,E50-PC40,500,11032126464482234521,200,9,1049.2841962544908,943.3203942086952,2056.2706807459717,0
primary,E50-PC50,500,11032126464482234521,250,9,839.4273570055648,754.6563153780952,1645.0165446280757,0
primary,E50-PC60,500,11032126464482234521,300,11,888.3429561460556,628.8802628042042,1579.2893280592516,0
primary,E50-PC80,500,11032126464482234521,400,13,719.7220325351163,579.8593093326381,1184.4669960410893,0
primary,E50-PC100,500,11032126464482234521,500,16,601.4979564022566,553.7312831283688,947.5735968648678,0
primary,E50-CONV100,500,5708610443790281403,500,20,458.22269381236134,433.4971905774212,1044.0785248821483,0
primary,E50-MT100,500,5708610443790281403,500,0,,,,0
primary,E50-PC10,500,5708610443790281403,50,2,4401.765060026737,4401.765060026737,788.9902329275144,0
primary,E50-PC20,500,5708610443790281403,100,5,1760.2573531975659,2062.241257744746,2291.2547424945055,0
primary,E50-PC30,500,5708610443790281403,150,7,1157.9190133625088,1374.82750514595,1887.6655862052137,0
primary,E50-PC40,500,5708610443790281403,200,8,1008.4357599599476,1088.374000070598,1988.4112595509748,0
primary,E50-PC50,500,5708610443790281403,250,11,826.8094021493167,824.8965030764516,1602.9079774021125,0
primary,E50-PC60,500,5708610443790281403,300,16,579.4376742333642,400.8315601128204,1335.756647843071,0
primary,E50-PC80,500,5708610443790281403,400,19,513.0658774071063,515.5603144401397,1091.5925919412969,0
primary,E50-PC100,500,5708610443790281403,500,20,458.22271557369857,433.4972111677188,1044.078574466224,0
primary,E50-CONV100,500,4972874671198070758,500,19,518.0235317242732,468.6934739909563,1234.2282627092343,0
primary,E50-MT100,500,4972874671198070758,500,0,,,,0
primary,E50-PC10,500,4972874671198070758,50,2,3111.661545138307,3111.661545138307,1983.7442194401092,0
primary,E50-PC20,500,4972874671198070758,100,4,1368.48039470881,1555.8307725620928,2119.789435419828,0
primary,E50-PC30,500,4972874671198070758,150,6,1372.3440172329242,1037.2205150535212,1562.311654204492,0
primary,E50-PC40,500,4972874671198070758,200,8,1100.1810175060014,1018.6038053475269,1648.5871694487323,0
primary,E50-PC50,500,4972874671198070758,250,8,880.1448139978423,814.8830442911628,1318.8697355738827,0
primary,E50-PC60,500,4972874671198070758,300,9,1018.628911075769,706.5964784826697,2057.047202213925,0
primary,E50-PC80,500,4972874671198070758,400,13,740.9403215469946,585.8668703237764,1542.7854016692172,0
primary,E50-PC100,500,4972874671198070758,500,19,518.0235563294681,468.6934962545132,1234.2283213584785,0
primary,E50-CONV100,500,15110839482730944980,500,6,1463.8905412930956,980.6203455609169,2137.167680809085,0
primary,E50-MT100,500,15110839482730944980,500,0,,,,0
primary,E50-PC10,500,15110839482730944980,50,1,8475.712283655808,8475.712283655808,8475.712283655808,0
primary,E50-PC20,500,15110839482730944980,100,2,2913.3539727219018,2913.3539727219018,1588.8518036416237,0
primary,E50-PC30,500,15110839482730944980,150,3,2532.2346055561056,2825.2374278835696,2825.2374278835696,0
primary,E50-PC40,500,15110839482730944980,200,3,1899.1759541692197,2118.928070904705,2118.928070904705,0
primary,E50-PC50,500,15110839482730944980,250,3,1519.3407633364054,1695.1424567368897,1695.1424567368897,0
primary,E50-PC60,500,15110839482730944980,300,3,1266.1173027805025,1412.6187139306603,1412.6187139306603,0
primary,E50-PC80,500,15110839482730944980,400,4,1925.4228443521645,1225.7754901677858,1392.0869448943436,0
primary,E50-PC100,500,15110839482730944980,500,6,1463.8906108271765,980.6203921307671,2137.167782349684,0
primary,E50-CONV100,500,8623653743411919337,500,15,598.6217735863879,260.239462327303,1655.639818300001,0
primary,E50-MT100,500,8623653743411919337,500,0,,,,0
primary,E50-PC10,500,8623653743411919337,50,4,2001.0793733356163,2173.8813456252324,2179.6192825182216,0
primary,E50-PC20,500,8623653743411919337,100,6,1204.6469923442946,1195.5035073501517,1558.1154005365213,0
primary,E50-PC30,500,8623653743411919337,150,6,803.097994910975,797.0023382415343,1038.7436003804053,0
primary,E50-PC40,500,8623653743411919337,200,8,1118.062487547568,597.7517536740884,962.2629169764092,0
primary,E50-PC50,500,8623653743411919337,250,8,894.4499900375096,478.20140293858094,769.8103335585323,0
primary,E50-PC60,500,8623653743411919337,300,12,735.7702194659151,378.43049632882924,2438.08645410672,0
primary,E50-PC80,500,8623653743411919337,400,13,668.5755266471983,295.1933341822334,2069.5498711547866,0
primary,E50-PC100,500,8623653743411919337,500,15,598.6218020140745,260.2394746881507,1655.6398969452403,0
primary,E50-CONV100,500,1326031443968983885,500,26,382.3792775842001,276.4537214024767,693.2706945168223,0
primary,E50-MT100,500,1326031443968983885,500,0,,,,0
primary,E50-PC10,500,1326031443968983885,50,3,3320.831962436037,3011.644726494368,3011.644726494368,0
primary,E50-PC20,500,1326031443968983885,100,6,1180.5392675720514,1037.7282618179995,1505.8223632509896,0
primary,E50-PC30,500,1326031443968983885,150,6,787.0261783751687,691.8188411921896,1003.8815755136911,0
primary,E50-PC40,500,1326031443968983885,200,6,590.2696337803152,518.8641309079321,752.9111816147514,0
primary,E50-PC50,500,1326031443968983885,250,10,956.5050636786692,415.0913047264794,1386.5414549042302,0
primary,E50-PC60,500,1326031443968983885,300,13,734.0262902017897,398.44202063010613,1155.4512123929837,0
primary,E50-PC80,500,1326031443968983885,400,20,496.97738103336854,345.5671681614394,866.5884093059698,0
primary,E50-PC100,500,1326031443968983885,500,26,382.3792957465813,276.4537345360087,693.2707274289191,0
primary,E50-CONV100,500,8177548632312565564,500,18,549.0433809829439,277.0691908722208,1612.6023351846848,0
primary,E50-MT100,500,8177548632312565564,500,0,,,,0
primary,E50-PC10,500,8177548632312565564,50,1,9392.854592487332,9392.854592487332,9392.854592487332,0
primary,E50-PC20,500,8177548632312565564,100,3,1881.8607525787852,741.9066433156817,741.9066433156817,0
primary,E50-PC30,500,8177548632312565564,150,4,2284.765719449514,1812.7779798768577,3130.9515308405407,0
primary,E50-PC40,500,8177548632312565564,200,6,1648.2547785199013,1517.6157563822983,2348.213648105991,0
primary,E50-PC50,500,8177548632312565564,250,9,1079.8823427139748,1199.2407151739985,1878.5709185169019,0
primary,E50-PC60,500,8177548632312565564,300,9,899.9019522615295,999.3672626195465,1565.4757654206196,0
primary,E50-PC80,500,8177548632312565564,400,16,560.354610332981,322.9539027370241,1439.7412457724847,0
primary,E50-PC100,500,8177548632312565564,500,18,549.043407065362,277.06920403576135,1612.6024117823913,0
primary,E50-CONV100,500,11117893399474783980,500,22,451.8362040204351,378.7368658745544,864.3883601114175,0
primary,E50-MT100,500,11117893399474783980,500,1,7419.755995209554,7419.755995209554,7419.755995209554,0
primary,E50-PC10,500,11117893399474783980,50,5,1256.692413013081,325.3767882169738,607.2544123813511,0
primary,E50-PC20,500,11117893399474783980,100,8,833.4369472698147,301.2346980676246,2237.424661540062,0
primary,E50-PC30,500,11117893399474783980,150,11,881.8271801984532,319.44697319238765,2376.148715629182,0
primary,E50-PC40,500,11117893399474783980,200,12,702.4675394020582,367.1670384857405,1782.1115367296716,0
primary,E50-PC50,500,11117893399474783980,250,14,642.0366703075715,455.9236406959934,1535.7037447576936,0
primary,E50-PC60,500,11117893399474783980,300,14,535.0305585951421,379.93636725084446,1279.7531206418203,0
primary,E50-PC80,500,11117893399474783980,400,19,522.4639107296401,387.4860442751803,1080.4855014723705,0
primary,E50-PC100,500,11117893399474783980,500,22,451.8362254780517,378.7368838604416,864.3884011792296,0
primary,E50-CONV100,500,10081885022360105039,500,22,439.4487958707923,386.38303160970577,760.4016552923179,0
primary,E50-MT100,500,10081885022360105039,500,0,,,,0
primary,E50-PC10,500,10081885022360105039,50,2,4361.388951971429,4361.388951971429,1118.7609898325406,0
primary,E50-PC20,500,10081885022360105039,100,5,1863.818042478147,1668.5395702301705,1922.2516387451708,0
primary,E50-PC30,500,10081885022360105039,150,7,1247.8116324360658,1112.3597134813826,2448.4410299820584,0
primary,E50-PC40,500,10081885022360105039,200,10,925.7002086668277,897.697802230208,1836.330772482737,0
primary,E50-PC50,500,10081885022360105039,250,11,800.0921511825782,768.9006554802695,1469.0646179862988,0
primary,E50-PC60,500,10081885022360105039,300,12,830.8201930158286,643.9717499248109,1267.336152355253,0
primary,E50-PC80,500,10081885022360105039,400,18,550.1513202135031,448.84890110620415,1148.835634709998,0
primary,E50-PC100,500,10081885022360105039,500,22,439.44881674563214,386.3830499653067,760.4016913899142,0
primary,E50-CONV100,500,4923552916831257795,500,17,570.4978249440467,377.63928361590854,1386.3539619890482,0
primary,E50-MT100,500,4923552916831257795,500,0,,,,0
primary,E50-PC10,500,4923552916831257795,50,0,,,,0
primary,E50-PC20,500,4923552916831257795,100,1,6222.62808196609,6222.62808196609,6222.62808196609,0
primary,E50-PC30,500,4923552916831257795,150,1,4148.418721310888,4148.418721310888,4148.418721310888,0
primary,E50-PC40,500,4923552916831257795,200,3,2790.3071479865075,3111.3140409719713,3111.3140409719713,0
primary,E50-PC50,500,4923552916831257795,250,5,1832.4521107807097,1883.183061473538,2489.051232781501,0
primary,E50-PC60,500,4923552916831257795,300,8,1218.3476029891692,1005.1892774897349,2074.209360660541,0
primary,E50-PC80,500,4923552916831257795,400,15,663.1317259769207,472.0491269313232,1555.657020500548,0
primary,E50-PC100,500,4923552916831257795,500,17,570.4978520350263,377.63930157025015,1386.3540278295125,0
primary,E50-CONV100,500,6572291145813621428,500,7,1350.3202204461518,1196.6595077284842,2345.1925461820883,0
primary,E50-MT100,500,6572291145813621428,500,0,,,,0
primary,E50-PC10,500,6572291145813621428,50,0,,,,0
primary,E50-PC20,500,6572291145813621428,100,1,7232.118236545398,7232.118236545398,7232.118236545398,0
primary,E50-PC30,500,6572291145813621428,150,1,4821.412157682775,4821.412157682775,4821.412157682775,0
primary,E50-PC40,500,6572291145813621428,200,1,3616.059118270538,3616.059118270538,3616.059118270538,0
primary,E50-PC50,500,6572291145813621428,250,3,3252.6669186521117,2892.847294612973,2892.847294612973,0
primary,E50-PC60,500,6572291145813621428,300,5,1970.129923323095,1058.6276682684563,2410.7060788554204,0
primary,E50-PC80,500,6572291145813621428,400,6,1480.6352780283635,1144.8976034427008,1808.029559149302,0
primary,E50-PC100,500,6572291145813621428,500,7,1350.3202845862006,1196.6595645991613,2345.192657595492,0
primary,E50-CONV100,500,17112478889879003015,500,21,474.6064443636124,343.7124318648502,1240.0546960046224,0
primary,E50-MT100,500,17112478889879003015,500,0,,,,0
primary,E50-PC10,500,17112478889879003015,50,1,5664.718904187023,5664.718904187023,5664.718904187023,0
primary,E50-PC20,500,17112478889879003015,100,2,4908.350864297153,4908.350864297153,2832.359452113749,0
primary,E50-PC30,500,17112478889879003015,150,3,3286.308344250432,3314.4572137082073,3314.4572137082073,0
primary,E50-PC40,500,17112478889879003015,200,3,2464.7312581825518,2485.8429102824875,2485.8429102824875,0
primary,E50-PC50,500,17112478889879003015,250,7,1398.5945126448764,1132.943780832512,2175.7757285650323,0
primary,E50-PC60,500,17112478889879003015,300,8,1096.916084001452,869.3560253575308,1813.1464404598435,0
primary,E50-PC80,500,17112478889879003015,400,13,768.0376188147018,595.9441750265509,1579.0508255434952,0
primary,E50-PC100,500,17112478889879003015,500,21,474.6064669125983,343.7124481898138,1240.0547549082585,0
primary,E50-CONV100,500,9839921138141735050,500,12,768.8459455726115,611.9848589755262,1872.3646505349402,0
primary,E50-MT100,500,9839921138141735050,500,0,,,,0
primary,E50-PC10,500,9839921138141735050,50,3,3207.4922185882206,3578.410961362884,3578.410961362884,0
primary,E50-PC20,500,9839921138141735050,100,4,1618.9891107167368,1726.9617978261772,1789.2054806902495,0
primary,E50-PC30,500,9839921138141735050,150,4,1079.3260738122037,1151.3078652129,1192.8036537642909,0
primary,E50-PC40,500,9839921138141735050,200,5,1583.778014029525,894.6027403260307,1247.4065068844939,0
primary,E50-PC50,500,9839921138141735050,250,5,1267.022411213507,715.6821922596414,997.925205469234,0
primary,E50-PC60,500,9839921138141735050,300,7,1396.5473683383852,831.6043378911072,3120.6078991437253,0
primary,E50-PC80,500,9839921138141735050,400,10,999.0923895445765,764.9811100502357,2340.455924342591,0
primary,E50-PC100,500,9839921138141735050,500,12,768.845982089601,611.9848880310451,1872.364739457279,0
primary,E50-CONV100,500,76950829605806397,500,18,508.67202933568467,472.4963896744499,1231.2518011533448,0
primary,E50-MT100,500,76950829605806397,500,0,,,,0
primary,E50-PC10,500,76950829605806397,50,0,,,,0
primary,E50-PC20,500,76950829605806397,100,2,4336.9844564096275,4336.9844564096275,3222.8660585201537,0
primary,E50-PC30,500,76950829605806397,150,3,3295.6062691119528,3634.06856951359,3634.06856951359,0
primary,E50-PC40,500,76950829605806397,200,6,1591.1471355626413,1409.8451949967707,2725.5514271371903,0
primary,E50-PC50,500,76950829605806397,250,7,1222.9837158000269,966.6058885978448,2180.4411417193437,0
primary,E50-PC60,500,76950829605806397,300,8,1167.0492869049374,939.8967966642333,2052.08643273049,0
primary,E50-PC80,500,76950829605806397,400,15,624.1011061381797,577.1123498998602,1539.0648245649002,0
primary,E50-PC100,500,76950829605806397,500,18,508.672053497105,472.4964121178619,1231.251859625035,0
primary,E50-CONV100,500,4559695916379544378,500,17,582.0951287039918,407.86889088132125,1489.3440045137388,0
primary,E50-MT100,500,4559695916379544378,500,0,,,,0
primary,E50-PC10,500,4559695916379544378,50,0,,,,0
primary,E50-PC20,500,4559695916379544378,100,1,7446.7203762491035,7446.7203762491035,7446.7203762491035,0
primary,E50-PC30,500,4559695916379544378,150,4,2382.9054390037504,1940.3863916997961,2832.261503635328,0
primary,E50-PC40,500,4559695916379544378,200,4,1787.1790792565039,1455.2897937827104,2124.1961277457895,0
primary,E50-PC50,500,4559695916379544378,250,7,1288.5718001381504,703.6038883785943,2412.6016625077655,0
primary,E50-PC60,500,4559695916379544378,300,8,1075.6877966772388,837.5850564692075,2010.501385422708,0
primary,E50-PC80,500,4559695916379544378,400,11,784.4858706430297,816.6251544570371,1507.8760390481727,0
primary,E50-PC100,500,4559695916379544378,500,17,582.0951563555178,407.86891024322244,1489.3440752480599,0
primary,E50-CONV100,500,18018684830827566070,500,12,829.9052498051362,807.3759883439429,1569.9181229084093,0
primary,E50-MT100,500,18018684830827566070,500,0,,,,0
primary,E50-PC10,500,18018684830827566070,50,0,,,,0
primary,E50-PC20,500,18018684830827566070,100,2,4967.515763658308,4967.515763658308,2393.781287695408,0
primary,E50-PC30,500,18018684830827566070,150,2,3311.677175773317,3311.677175773317,1595.854191775933,0
primary,E50-PC40,500,18018684830827566070,200,4,2245.516126317985,2483.757881848638,3770.625119824181,0
primary,E50-PC50,500,18018684830827566070,250,4,1796.4129010422243,1987.0063054642096,3016.5000958666797,0
primary,E50-PC60,500,18018684830827566070,300,5,1741.0460762588802,2513.7500798925357,2616.530329096324,0
primary,E50-PC80,500,18018684830827566070,400,8,1154.2566426578107,1103.5859474363647,1962.3977468407559,0
primary,E50-PC100,500,18018684830827566070,500,12,829.9052892207908,807.3760266875338,1569.9181974672495,0
primary,E50-CONV100,500,11415035473929976970,500,23,381.26021155961223,182.83351166030388,809.6324653837153,0
primary,E50-MT100,500,11415035473929976970,500,0,,,,0
primary,E50-PC10,500,11415035473929976970,50,8,1222.0479902240836,738.544105505016,1876.1479853280935,0
primary,E50-PC20,500,11415035473929976970,100,13,720.5421144796835,436.6927658637507,1926.9305806062614,0
primary,E50-PC30,500,11415035473929976970,150,15,610.890729535202,291.12851058256564,1284.9050692214125,0
primary,E50-PC40,500,11415035473929976970,200,16,535.2390016073508,310.73197354330455,1691.3033184500594,0
primary,E50-PC50,500,11415035473929976970,250,16,428.1912012805611,248.58557880458136,1353.0426547477261,0
primary,E50-PC60,500,11415035473929976970,300,17,582.0100991728937,268.7450427607056,1349.387506400295,0
primary,E50-PC80,500,11415035473929976970,400,20,476.66057813767344,222.61174394408073,1012.040629790429,0
primary,E50-PC100,500,11415035473929976970,500,23,381.2602296676331,182.8335203332121,809.6325038263251,0
primary,E50-CONV100,500,5972818461147421061,500,11,820.6061668758695,473.6991747851878,1761.623368982059,0
primary,E50-MT100,500,5972818461147421061,500,0,,,,0
primary,E50-PC10,500,5972818461147421061,50,1,4609.6393378441135,4609.6393378441135,4609.6393378441135,0
primary,E50-PC20,500,5972818461147421061,100,3,2892.426038452364,2304.8196689191686,2304.8196689191686,0
primary,E50-PC30,500,5972818461147421061,150,3,1928.2840256302857,1536.546445945057,1536.546445945057,0
primary,E50-PC40,500,5972818461147421061,200,4,2327.2228923762013,2132.1189443700687,3111.828054286329,0
primary,E50-PC50,500,5972818461147421061,250,5,1953.2389265797424,2319.081377261724,2489.4624434149914,0
primary,E50-PC60,500,5972818461147421061,300,7,1349.3571891319764,789.4986621208507,2074.552036167252,0
primary,E50-PC80,500,5972818461147421061,400,9,969.744948348065,592.1239966183529,1555.9140271181832,0
primary,E50-PC100,500,5972818461147421061,500,11,820.6062058522749,473.6991973053909,1761.6234526550875,0
primary,E50-CONV100,500,11677511577610847452,500,15,623.4371217768007,622.8566605902278,1325.950810278054,0
primary,E50-MT100,500,11677511577610847452,500,0,,,,0
primary,E50-PC10,500,11677511577610847452,50,2,4946.37354825769,4946.37354825769,2607.7346284966825,0
primary,E50-PC20,500,11677511577610847452,100,2,2473.186774119858,2473.186774119858,1303.8673142239218,0
primary,E50-PC30,500,11677511577610847452,150,6,1662.7266973728897,1472.7169217134624,2428.3374893382756,0
primary,E50-PC40,500,11677511577610847452,200,7,1365.9765267042903,1557.1417254174626,2079.565548781727,0
primary,E50-PC50,500,11677511577610847452,250,10,995.0080212930793,883.6301530320211,1780.7149010993276,0
primary,E50-PC60,500,11677511577610847452,300,10,829.1733510813029,736.3584608583344,1483.9290842318312,0
primary,E50-PC80,500,11677511577610847452,400,14,695.0758474607318,552.2688456413256,1452.263055381756,0
primary,E50-PC100,500,11677511577610847452,500,15,623.4371513962109,622.856690195078,1325.950873273922,0
primary,E50-CONV100,500,17891702655887131290,500,18,482.0238433580158,298.8129461845292,1020.5270344175154,0
primary,E50-MT100,500,17891702655887131290,500,0,,,,0
primary,E50-PC10,500,17891702655887131290,50,0,,,,0
primary,E50-PC20,500,17891702655887131290,100,3,2361.5222871102783,1003.8105805114848,1003.8105805114848,0
primary,E50-PC30,500,17891702655887131290,150,5,1794.044199809073,1149.2478725411609,3097.9285522944774,0
primary,E50-PC40,500,17891702655887131290,200,6,1394.5045991254756,1250.6488749343853,2323.4464142033175,0
primary,E50-PC50,500,17891702655887131290,250,7,1400.9756067075696,1311.4894763780853,2041.0541657713084,0
primary,E50-PC60,500,17891702655887131290,300,8,1224.772491815219,1320.9360865508331,1700.8784714831186,0
primary,E50-PC80,500,17891702655887131290,400,14,692.6723380741545,568.4327858947277,1275.6588535982924,0
primary,E50-PC100,500,17891702655887131290,500,18,482.0238662524771,298.81296039195854,1020.5270828747387,0
